"episode_id","episode","device_id","screen_sequence","start_timestamp","end_timestamp","timestamp"
13,"unlock","0adab909-eb8f-4baf-9eed-7a4cc889cb7c","3, 0",1762756126542,1762756186541,1762756126542
13,"unlock","0adab909-eb8f-4baf-9eed-7a4cc889cb7c","3, 0",1762756126542,1762756186541,1762756186541
13,"unlock","0adab909-eb8f-4baf-9eed-7a4cc889cb7c","3, 0",1762756186542,1762756246541,1762756186542
13,"unlock","0adab909-eb8f-4baf-9eed-7a4cc889cb7c","3, 0",1762756186542,1762756246541,1762756246541
13,"unlock","0adab909-eb8f-4baf-9eed-7a4cc889cb7c","3, 0",1762756246542,1762756306541,1762756246542
13,"unlock","0adab909-eb8f-4baf-9eed-7a4cc889cb7c","3, 0",1762756246542,1762756306541,1762756306541
13,"unlock","0adab909-eb8f-4baf-9eed-7a4cc889cb7c","3, 0",1762756306542,1762756366541,1762756306542
13,"unlock","0adab909-eb8f-4baf-9eed-7a4cc889cb7c","3, 0",1762756306542,1762756366541,1762756366541
13,"unlock","0adab909-eb8f-4baf-9eed-7a4cc889cb7c","3, 0",1762756366542,1762756426541,1762756366542
13,"unlock","0adab909-eb8f-4baf-9eed-7a4cc889cb7c","3, 0",1762756366542,1762756426541,1762756426541
13,"unlock","0adab909-eb8f-4baf-9eed-7a4cc889cb7c","3, 0",1762756426542,1762756486541,1762756426542
13,"unlock","0adab909-eb8f-4baf-9eed-7a4cc889cb7c","3, 0",1762756426542,1762756486541,1762756486541
13,"unlock","0adab909-eb8f-4baf-9eed-7a4cc889cb7c","3, 0",1762756486542,1762756546541,1762756486542
13,"unlock","0adab909-eb8f-4baf-9eed-7a4cc889cb7c","3, 0",1762756486542,1762756546541,1762756546541
13,"unlock","0adab909-eb8f-4baf-9eed-7a4cc889cb7c","3, 0",1762756546542,1762756606541,1762756546542
13,"unlock","0adab909-eb8f-4baf-9eed-7a4cc889cb7c","3, 0",1762756546542,1762756606541,1762756606541
13,"unlock","0adab909-eb8f-4baf-9eed-7a4cc889cb7c","3, 0",1762756606542,1762756666541,1762756606542
13,"unlock","0adab909-eb8f-4baf-9eed-7a4cc889cb7c","3, 0",1762756606542,1762756666541,1762756666541
13,"unlock","0adab909-eb8f-4baf-9eed-7a4cc889cb7c","3, 0",1762756666542,1762756726541,1762756666542
13,"unlock","0adab909-eb8f-4baf-9eed-7a4cc889cb7c","3, 0",1762756666542,1762756726541,1762756726541
13,"unlock","0adab909-eb8f-4baf-9eed-7a4cc889cb7c","3, 0",1762756726542,1762756783767,1762756726542
13,"unlock","0adab909-eb8f-4baf-9eed-7a4cc889cb7c","3, 0",1762756726542,1762756783767,1762756783767
16,"unlock","0adab909-eb8f-4baf-9eed-7a4cc889cb7c","3, 0",1762757209988,1762757247204,1762757209988
16,"unlock","0adab909-eb8f-4baf-9eed-7a4cc889cb7c","3, 0",1762757209988,1762757247204,1762757247204
25,"unlock","0adab909-eb8f-4baf-9eed-7a4cc889cb7c","3, 0",1762765356343,1762765413016,1762765356343
25,"unlock","0adab909-eb8f-4baf-9eed-7a4cc889cb7c","3, 0",1762765356343,1762765413016,1762765413016
28,"unlock","0adab909-eb8f-4baf-9eed-7a4cc889cb7c","3, 0",1762765414379,1762765474378,1762765414379
28,"unlock","0adab909-eb8f-4baf-9eed-7a4cc889cb7c","3, 0",1762765414379,1762765474378,1762765474378
28,"unlock","0adab909-eb8f-4baf-9eed-7a4cc889cb7c","3, 0",1762765474379,1762765534378,1762765474379
28,"unlock","0adab909-eb8f-4baf-9eed-7a4cc889cb7c","3, 0",1762765474379,1762765534378,1762765534378
28,"unlock","0adab909-eb8f-4baf-9eed-7a4cc889cb7c","3, 0",1762765534379,1762765546841,1762765534379
28,"unlock","0adab909-eb8f-4baf-9eed-7a4cc889cb7c","3, 0",1762765534379,1762765546841,1762765546841
35,"unlock","0adab909-eb8f-4baf-9eed-7a4cc889cb7c","3, 0",1762766274297,1762766334296,1762766274297
35,"unlock","0adab909-eb8f-4baf-9eed-7a4cc889cb7c","3, 0",1762766274297,1762766334296,1762766334296
35,"unlock","0adab909-eb8f-4baf-9eed-7a4cc889cb7c","3, 0",1762766334297,1762766374255,1762766334297
35,"unlock","0adab909-eb8f-4baf-9eed-7a4cc889cb7c","3, 0",1762766334297,1762766374255,1762766374255
40,"unlock","0adab909-eb8f-4baf-9eed-7a4cc889cb7c","3, 0",1762766902558,1762766962557,1762766902558
40,"unlock","0adab909-eb8f-4baf-9eed-7a4cc889cb7c","3, 0",1762766902558,1762766962557,1762766962557
40,"unlock","0adab909-eb8f-4baf-9eed-7a4cc889cb7c","3, 0",1762766962558,1762767006169,1762766962558
40,"unlock","0adab909-eb8f-4baf-9eed-7a4cc889cb7c","3, 0",1762766962558,1762767006169,1762767006169
43,"unlock","0adab909-eb8f-4baf-9eed-7a4cc889cb7c","3, 0",1762768402898,1762768460271,1762768402898
43,"unlock","0adab909-eb8f-4baf-9eed-7a4cc889cb7c","3, 0",1762768402898,1762768460271,1762768460271
46,"unlock","0adab909-eb8f-4baf-9eed-7a4cc889cb7c","3, 0",1762775188377,1762775209909,1762775188377
46,"unlock","0adab909-eb8f-4baf-9eed-7a4cc889cb7c","3, 0",1762775188377,1762775209909,1762775209909
55,"unlock","0adab909-eb8f-4baf-9eed-7a4cc889cb7c","3, 0",1762788431340,1762788444171,1762788431340
55,"unlock","0adab909-eb8f-4baf-9eed-7a4cc889cb7c","3, 0",1762788431340,1762788444171,1762788444171
58,"unlock","0adab909-eb8f-4baf-9eed-7a4cc889cb7c","3, 0",1762788536356,1762788596355,1762788536356
58,"unlock","0adab909-eb8f-4baf-9eed-7a4cc889cb7c","3, 0",1762788536356,1762788596355,1762788596355
58,"unlock","0adab909-eb8f-4baf-9eed-7a4cc889cb7c","3, 0",1762788596356,1762788656355,1762788596356
58,"unlock","0adab909-eb8f-4baf-9eed-7a4cc889cb7c","3, 0",1762788596356,1762788656355,1762788656355
58,"unlock","0adab909-eb8f-4baf-9eed-7a4cc889cb7c","3, 0",1762788656356,1762788716355,1762788656356
58,"unlock","0adab909-eb8f-4baf-9eed-7a4cc889cb7c","3, 0",1762788656356,1762788716355,1762788716355
58,"unlock","0adab909-eb8f-4baf-9eed-7a4cc889cb7c","3, 0",1762788716356,1762788731213,1762788716356
58,"unlock","0adab909-eb8f-4baf-9eed-7a4cc889cb7c","3, 0",1762788716356,1762788731213,1762788731213
61,"unlock","0adab909-eb8f-4baf-9eed-7a4cc889cb7c","3, 0",1762788738194,1762788798193,1762788738194
61,"unlock","0adab909-eb8f-4baf-9eed-7a4cc889cb7c","3, 0",1762788738194,1762788798193,1762788798193
61,"unlock","0adab909-eb8f-4baf-9eed-7a4cc889cb7c","3, 0",1762788798194,1762788858193,1762788798194
61,"unlock","0adab909-eb8f-4baf-9eed-7a4cc889cb7c","3, 0",1762788798194,1762788858193,1762788858193
61,"unlock","0adab909-eb8f-4baf-9eed-7a4cc889cb7c","3, 0",1762788858194,1762788918193,1762788858194
61,"unlock","0adab909-eb8f-4baf-9eed-7a4cc889cb7c","3, 0",1762788858194,1762788918193,1762788918193
61,"unlock","0adab909-eb8f-4baf-9eed-7a4cc889cb7c","3, 0",1762788918194,1762788978193,1762788918194
61,"unlock","0adab909-eb8f-4baf-9eed-7a4cc889cb7c","3, 0",1762788918194,1762788978193,1762788978193
61,"unlock","0adab909-eb8f-4baf-9eed-7a4cc889cb7c","3, 0",1762788978194,1762789038193,1762788978194
61,"unlock","0adab909-eb8f-4baf-9eed-7a4cc889cb7c","3, 0",1762788978194,1762789038193,1762789038193
61,"unlock","0adab909-eb8f-4baf-9eed-7a4cc889cb7c","3, 0",1762789038194,1762789098193,1762789038194
61,"unlock","0adab909-eb8f-4baf-9eed-7a4cc889cb7c","3, 0",1762789038194,1762789098193,1762789098193
61,"unlock","0adab909-eb8f-4baf-9eed-7a4cc889cb7c","3, 0",1762789098194,1762789158193,1762789098194
61,"unlock","0adab909-eb8f-4baf-9eed-7a4cc889cb7c","3, 0",1762789098194,1762789158193,1762789158193
61,"unlock","0adab909-eb8f-4baf-9eed-7a4cc889cb7c","3, 0",1762789158194,1762789218193,1762789158194
61,"unlock","0adab909-eb8f-4baf-9eed-7a4cc889cb7c","3, 0",1762789158194,1762789218193,1762789218193
61,"unlock","0adab909-eb8f-4baf-9eed-7a4cc889cb7c","3, 0",1762789218194,1762789278193,1762789218194
61,"unlock","0adab909-eb8f-4baf-9eed-7a4cc889cb7c","3, 0",1762789218194,1762789278193,1762789278193
61,"unlock","0adab909-eb8f-4baf-9eed-7a4cc889cb7c","3, 0",1762789278194,1762789338193,1762789278194
61,"unlock","0adab909-eb8f-4baf-9eed-7a4cc889cb7c","3, 0",1762789278194,1762789338193,1762789338193
61,"unlock","0adab909-eb8f-4baf-9eed-7a4cc889cb7c","3, 0",1762789338194,1762789398193,1762789338194
61,"unlock","0adab909-eb8f-4baf-9eed-7a4cc889cb7c","3, 0",1762789338194,1762789398193,1762789398193
61,"unlock","0adab909-eb8f-4baf-9eed-7a4cc889cb7c","3, 0",1762789398194,1762789458193,1762789398194
61,"unlock","0adab909-eb8f-4baf-9eed-7a4cc889cb7c","3, 0",1762789398194,1762789458193,1762789458193
61,"unlock","0adab909-eb8f-4baf-9eed-7a4cc889cb7c","3, 0",1762789458194,1762789518193,1762789458194
61,"unlock","0adab909-eb8f-4baf-9eed-7a4cc889cb7c","3, 0",1762789458194,1762789518193,1762789518193
61,"unlock","0adab909-eb8f-4baf-9eed-7a4cc889cb7c","3, 0",1762789518194,1762789578193,1762789518194
61,"unlock","0adab909-eb8f-4baf-9eed-7a4cc889cb7c","3, 0",1762789518194,1762789578193,1762789578193
61,"unlock","0adab909-eb8f-4baf-9eed-7a4cc889cb7c","3, 0",1762789578194,1762789638193,1762789578194
61,"unlock","0adab909-eb8f-4baf-9eed-7a4cc889cb7c","3, 0",1762789578194,1762789638193,1762789638193
61,"unlock","0adab909-eb8f-4baf-9eed-7a4cc889cb7c","3, 0",1762789638194,1762789698193,1762789638194
61,"unlock","0adab909-eb8f-4baf-9eed-7a4cc889cb7c","3, 0",1762789638194,1762789698193,1762789698193
61,"unlock","0adab909-eb8f-4baf-9eed-7a4cc889cb7c","3, 0",1762789698194,1762789758193,1762789698194
61,"unlock","0adab909-eb8f-4baf-9eed-7a4cc889cb7c","3, 0",1762789698194,1762789758193,1762789758193
61,"unlock","0adab909-eb8f-4baf-9eed-7a4cc889cb7c","3, 0",1762789758194,1762789818193,1762789758194
61,"unlock","0adab909-eb8f-4baf-9eed-7a4cc889cb7c","3, 0",1762789758194,1762789818193,1762789818193
61,"unlock","0adab909-eb8f-4baf-9eed-7a4cc889cb7c","3, 0",1762789818194,1762789878193,1762789818194
61,"unlock","0adab909-eb8f-4baf-9eed-7a4cc889cb7c","3, 0",1762789818194,1762789878193,1762789878193
61,"unlock","0adab909-eb8f-4baf-9eed-7a4cc889cb7c","3, 0",1762789878194,1762789938193,1762789878194
61,"unlock","0adab909-eb8f-4baf-9eed-7a4cc889cb7c","3, 0",1762789878194,1762789938193,1762789938193
61,"unlock","0adab909-eb8f-4baf-9eed-7a4cc889cb7c","3, 0",1762789938194,1762789998193,1762789938194
61,"unlock","0adab909-eb8f-4baf-9eed-7a4cc889cb7c","3, 0",1762789938194,1762789998193,1762789998193
61,"unlock","0adab909-eb8f-4baf-9eed-7a4cc889cb7c","3, 0",1762789998194,1762790015058,1762789998194
61,"unlock","0adab909-eb8f-4baf-9eed-7a4cc889cb7c","3, 0",1762789998194,1762790015058,1762790015058
64,"unlock","0adab909-eb8f-4baf-9eed-7a4cc889cb7c","3, 0",1762790341046,1762790401045,1762790341046
64,"unlock","0adab909-eb8f-4baf-9eed-7a4cc889cb7c","3, 0",1762790341046,1762790401045,1762790401045
64,"unlock","0adab909-eb8f-4baf-9eed-7a4cc889cb7c","3, 0",1762790401046,1762790461045,1762790401046
64,"unlock","0adab909-eb8f-4baf-9eed-7a4cc889cb7c","3, 0",1762790401046,1762790461045,1762790461045
64,"unlock","0adab909-eb8f-4baf-9eed-7a4cc889cb7c","3, 0",1762790461046,1762790478823,1762790461046
64,"unlock","0adab909-eb8f-4baf-9eed-7a4cc889cb7c","3, 0",1762790461046,1762790478823,1762790478823
67,"unlock","0adab909-eb8f-4baf-9eed-7a4cc889cb7c","3, 0",1762790515611,1762790518027,1762790515611
67,"unlock","0adab909-eb8f-4baf-9eed-7a4cc889cb7c","3, 0",1762790515611,1762790518027,1762790518027
70,"unlock","0adab909-eb8f-4baf-9eed-7a4cc889cb7c","3, 0",1762790565052,1762790625051,1762790565052
70,"unlock","0adab909-eb8f-4baf-9eed-7a4cc889cb7c","3, 0",1762790565052,1762790625051,1762790625051
70,"unlock","0adab909-eb8f-4baf-9eed-7a4cc889cb7c","3, 0",1762790625052,1762790685051,1762790625052
70,"unlock","0adab909-eb8f-4baf-9eed-7a4cc889cb7c","3, 0",1762790625052,1762790685051,1762790685051
70,"unlock","0adab909-eb8f-4baf-9eed-7a4cc889cb7c","3, 0",1762790685052,1762790745051,1762790685052
70,"unlock","0adab909-eb8f-4baf-9eed-7a4cc889cb7c","3, 0",1762790685052,1762790745051,1762790745051
70,"unlock","0adab909-eb8f-4baf-9eed-7a4cc889cb7c","3, 0",1762790745052,1762790805051,1762790745052
70,"unlock","0adab909-eb8f-4baf-9eed-7a4cc889cb7c","3, 0",1762790745052,1762790805051,1762790805051
70,"unlock","0adab909-eb8f-4baf-9eed-7a4cc889cb7c","3, 0",1762790805052,1762790865051,1762790805052
70,"unlock","0adab909-eb8f-4baf-9eed-7a4cc889cb7c","3, 0",1762790805052,1762790865051,1762790865051
70,"unlock","0adab909-eb8f-4baf-9eed-7a4cc889cb7c","3, 0",1762790865052,1762790925051,1762790865052
70,"unlock","0adab909-eb8f-4baf-9eed-7a4cc889cb7c","3, 0",1762790865052,1762790925051,1762790925051
70,"unlock","0adab909-eb8f-4baf-9eed-7a4cc889cb7c","3, 0",1762790925052,1762790932228,1762790925052
70,"unlock","0adab909-eb8f-4baf-9eed-7a4cc889cb7c","3, 0",1762790925052,1762790932228,1762790932228
73,"unlock","0adab909-eb8f-4baf-9eed-7a4cc889cb7c","3, 0",1762791028744,1762791088743,1762791028744
73,"unlock","0adab909-eb8f-4baf-9eed-7a4cc889cb7c","3, 0",1762791028744,1762791088743,1762791088743
73,"unlock","0adab909-eb8f-4baf-9eed-7a4cc889cb7c","3, 0",1762791088744,1762791148743,1762791088744
73,"unlock","0adab909-eb8f-4baf-9eed-7a4cc889cb7c","3, 0",1762791088744,1762791148743,1762791148743
73,"unlock","0adab909-eb8f-4baf-9eed-7a4cc889cb7c","3, 0",1762791148744,1762791208743,1762791148744
73,"unlock","0adab909-eb8f-4baf-9eed-7a4cc889cb7c","3, 0",1762791148744,1762791208743,1762791208743
73,"unlock","0adab909-eb8f-4baf-9eed-7a4cc889cb7c","3, 0",1762791208744,1762791268743,1762791208744
73,"unlock","0adab909-eb8f-4baf-9eed-7a4cc889cb7c","3, 0",1762791208744,1762791268743,1762791268743
73,"unlock","0adab909-eb8f-4baf-9eed-7a4cc889cb7c","3, 0",1762791268744,1762791328743,1762791268744
73,"unlock","0adab909-eb8f-4baf-9eed-7a4cc889cb7c","3, 0",1762791268744,1762791328743,1762791328743
73,"unlock","0adab909-eb8f-4baf-9eed-7a4cc889cb7c","3, 0",1762791328744,1762791388743,1762791328744
73,"unlock","0adab909-eb8f-4baf-9eed-7a4cc889cb7c","3, 0",1762791328744,1762791388743,1762791388743
73,"unlock","0adab909-eb8f-4baf-9eed-7a4cc889cb7c","3, 0",1762791388744,1762791448743,1762791388744
73,"unlock","0adab909-eb8f-4baf-9eed-7a4cc889cb7c","3, 0",1762791388744,1762791448743,1762791448743
73,"unlock","0adab909-eb8f-4baf-9eed-7a4cc889cb7c","3, 0",1762791448744,1762791508743,1762791448744
73,"unlock","0adab909-eb8f-4baf-9eed-7a4cc889cb7c","3, 0",1762791448744,1762791508743,1762791508743
73,"unlock","0adab909-eb8f-4baf-9eed-7a4cc889cb7c","3, 0",1762791508744,1762791568743,1762791508744
73,"unlock","0adab909-eb8f-4baf-9eed-7a4cc889cb7c","3, 0",1762791508744,1762791568743,1762791568743
73,"unlock","0adab909-eb8f-4baf-9eed-7a4cc889cb7c","3, 0",1762791568744,1762791628743,1762791568744
73,"unlock","0adab909-eb8f-4baf-9eed-7a4cc889cb7c","3, 0",1762791568744,1762791628743,1762791628743
73,"unlock","0adab909-eb8f-4baf-9eed-7a4cc889cb7c","3, 0",1762791628744,1762791688743,1762791628744
73,"unlock","0adab909-eb8f-4baf-9eed-7a4cc889cb7c","3, 0",1762791628744,1762791688743,1762791688743
73,"unlock","0adab909-eb8f-4baf-9eed-7a4cc889cb7c","3, 0",1762791688744,1762791748743,1762791688744
73,"unlock","0adab909-eb8f-4baf-9eed-7a4cc889cb7c","3, 0",1762791688744,1762791748743,1762791748743
73,"unlock","0adab909-eb8f-4baf-9eed-7a4cc889cb7c","3, 0",1762791748744,1762791808743,1762791748744
73,"unlock","0adab909-eb8f-4baf-9eed-7a4cc889cb7c","3, 0",1762791748744,1762791808743,1762791808743
73,"unlock","0adab909-eb8f-4baf-9eed-7a4cc889cb7c","3, 0",1762791808744,1762791868743,1762791808744
73,"unlock","0adab909-eb8f-4baf-9eed-7a4cc889cb7c","3, 0",1762791808744,1762791868743,1762791868743
73,"unlock","0adab909-eb8f-4baf-9eed-7a4cc889cb7c","3, 0",1762791868744,1762791928743,1762791868744
73,"unlock","0adab909-eb8f-4baf-9eed-7a4cc889cb7c","3, 0",1762791868744,1762791928743,1762791928743
73,"unlock","0adab909-eb8f-4baf-9eed-7a4cc889cb7c","3, 0",1762791928744,1762791988743,1762791928744
73,"unlock","0adab909-eb8f-4baf-9eed-7a4cc889cb7c","3, 0",1762791928744,1762791988743,1762791988743
73,"unlock","0adab909-eb8f-4baf-9eed-7a4cc889cb7c","3, 0",1762791988744,1762792048743,1762791988744
73,"unlock","0adab909-eb8f-4baf-9eed-7a4cc889cb7c","3, 0",1762791988744,1762792048743,1762792048743
73,"unlock","0adab909-eb8f-4baf-9eed-7a4cc889cb7c","3, 0",1762792048744,1762792108743,1762792048744
73,"unlock","0adab909-eb8f-4baf-9eed-7a4cc889cb7c","3, 0",1762792048744,1762792108743,1762792108743
73,"unlock","0adab909-eb8f-4baf-9eed-7a4cc889cb7c","3, 0",1762792108744,1762792168743,1762792108744
73,"unlock","0adab909-eb8f-4baf-9eed-7a4cc889cb7c","3, 0",1762792108744,1762792168743,1762792168743
73,"unlock","0adab909-eb8f-4baf-9eed-7a4cc889cb7c","3, 0",1762792168744,1762792228743,1762792168744
73,"unlock","0adab909-eb8f-4baf-9eed-7a4cc889cb7c","3, 0",1762792168744,1762792228743,1762792228743
73,"unlock","0adab909-eb8f-4baf-9eed-7a4cc889cb7c","3, 0",1762792228744,1762792288743,1762792228744
73,"unlock","0adab909-eb8f-4baf-9eed-7a4cc889cb7c","3, 0",1762792228744,1762792288743,1762792288743
73,"unlock","0adab909-eb8f-4baf-9eed-7a4cc889cb7c","3, 0",1762792288744,1762792348743,1762792288744
73,"unlock","0adab909-eb8f-4baf-9eed-7a4cc889cb7c","3, 0",1762792288744,1762792348743,1762792348743
73,"unlock","0adab909-eb8f-4baf-9eed-7a4cc889cb7c","3, 0",1762792348744,1762792408743,1762792348744
73,"unlock","0adab909-eb8f-4baf-9eed-7a4cc889cb7c","3, 0",1762792348744,1762792408743,1762792408743
73,"unlock","0adab909-eb8f-4baf-9eed-7a4cc889cb7c","3, 0",1762792408744,1762792468743,1762792408744
73,"unlock","0adab909-eb8f-4baf-9eed-7a4cc889cb7c","3, 0",1762792408744,1762792468743,1762792468743
73,"unlock","0adab909-eb8f-4baf-9eed-7a4cc889cb7c","3, 0",1762792468744,1762792489078,1762792468744
73,"unlock","0adab909-eb8f-4baf-9eed-7a4cc889cb7c","3, 0",1762792468744,1762792489078,1762792489078
78,"unlock","0adab909-eb8f-4baf-9eed-7a4cc889cb7c","3, 0",1762792907500,1762792915282,1762792907500
78,"unlock","0adab909-eb8f-4baf-9eed-7a4cc889cb7c","3, 0",1762792907500,1762792915282,1762792915282
81,"unlock","0adab909-eb8f-4baf-9eed-7a4cc889cb7c","3, 0",1762793044447,1762793104446,1762793044447
81,"unlock","0adab909-eb8f-4baf-9eed-7a4cc889cb7c","3, 0",1762793044447,1762793104446,1762793104446
81,"unlock","0adab909-eb8f-4baf-9eed-7a4cc889cb7c","3, 0",1762793104447,1762793164446,1762793104447
81,"unlock","0adab909-eb8f-4baf-9eed-7a4cc889cb7c","3, 0",1762793104447,1762793164446,1762793164446
81,"unlock","0adab909-eb8f-4baf-9eed-7a4cc889cb7c","3, 0",1762793164447,1762793224446,1762793164447
81,"unlock","0adab909-eb8f-4baf-9eed-7a4cc889cb7c","3, 0",1762793164447,1762793224446,1762793224446
81,"unlock","0adab909-eb8f-4baf-9eed-7a4cc889cb7c","3, 0",1762793224447,1762793284446,1762793224447
81,"unlock","0adab909-eb8f-4baf-9eed-7a4cc889cb7c","3, 0",1762793224447,1762793284446,1762793284446
81,"unlock","0adab909-eb8f-4baf-9eed-7a4cc889cb7c","3, 0",1762793284447,1762793344446,1762793284447
81,"unlock","0adab909-eb8f-4baf-9eed-7a4cc889cb7c","3, 0",1762793284447,1762793344446,1762793344446
81,"unlock","0adab909-eb8f-4baf-9eed-7a4cc889cb7c","3, 0",1762793344447,1762793404446,1762793344447
81,"unlock","0adab909-eb8f-4baf-9eed-7a4cc889cb7c","3, 0",1762793344447,1762793404446,1762793404446
81,"unlock","0adab909-eb8f-4baf-9eed-7a4cc889cb7c","3, 0",1762793404447,1762793464446,1762793404447
81,"unlock","0adab909-eb8f-4baf-9eed-7a4cc889cb7c","3, 0",1762793404447,1762793464446,1762793464446
81,"unlock","0adab909-eb8f-4baf-9eed-7a4cc889cb7c","3, 0",1762793464447,1762793524446,1762793464447
81,"unlock","0adab909-eb8f-4baf-9eed-7a4cc889cb7c","3, 0",1762793464447,1762793524446,1762793524446
81,"unlock","0adab909-eb8f-4baf-9eed-7a4cc889cb7c","3, 0",1762793524447,1762793584446,1762793524447
81,"unlock","0adab909-eb8f-4baf-9eed-7a4cc889cb7c","3, 0",1762793524447,1762793584446,1762793584446
81,"unlock","0adab909-eb8f-4baf-9eed-7a4cc889cb7c","3, 0",1762793584447,1762793644446,1762793584447
81,"unlock","0adab909-eb8f-4baf-9eed-7a4cc889cb7c","3, 0",1762793584447,1762793644446,1762793644446
81,"unlock","0adab909-eb8f-4baf-9eed-7a4cc889cb7c","3, 0",1762793644447,1762793704446,1762793644447
81,"unlock","0adab909-eb8f-4baf-9eed-7a4cc889cb7c","3, 0",1762793644447,1762793704446,1762793704446
81,"unlock","0adab909-eb8f-4baf-9eed-7a4cc889cb7c","3, 0",1762793704447,1762793764446,1762793704447
81,"unlock","0adab909-eb8f-4baf-9eed-7a4cc889cb7c","3, 0",1762793704447,1762793764446,1762793764446
81,"unlock","0adab909-eb8f-4baf-9eed-7a4cc889cb7c","3, 0",1762793764447,1762793824446,1762793764447
81,"unlock","0adab909-eb8f-4baf-9eed-7a4cc889cb7c","3, 0",1762793764447,1762793824446,1762793824446
81,"unlock","0adab909-eb8f-4baf-9eed-7a4cc889cb7c","3, 0",1762793824447,1762793884446,1762793824447
81,"unlock","0adab909-eb8f-4baf-9eed-7a4cc889cb7c","3, 0",1762793824447,1762793884446,1762793884446
81,"unlock","0adab909-eb8f-4baf-9eed-7a4cc889cb7c","3, 0",1762793884447,1762793911411,1762793884447
81,"unlock","0adab909-eb8f-4baf-9eed-7a4cc889cb7c","3, 0",1762793884447,1762793911411,1762793911411
84,"unlock","0adab909-eb8f-4baf-9eed-7a4cc889cb7c","3, 0",1762796263183,1762796323182,1762796263183
84,"unlock","0adab909-eb8f-4baf-9eed-7a4cc889cb7c","3, 0",1762796263183,1762796323182,1762796323182
84,"unlock","0adab909-eb8f-4baf-9eed-7a4cc889cb7c","3, 0",1762796323183,1762796359230,1762796323183
84,"unlock","0adab909-eb8f-4baf-9eed-7a4cc889cb7c","3, 0",1762796323183,1762796359230,1762796359230
87,"unlock","0adab909-eb8f-4baf-9eed-7a4cc889cb7c","3, 0",1762796914132,1762796974131,1762796914132
87,"unlock","0adab909-eb8f-4baf-9eed-7a4cc889cb7c","3, 0",1762796914132,1762796974131,1762796974131
87,"unlock","0adab909-eb8f-4baf-9eed-7a4cc889cb7c","3, 0",1762796974132,1762797022389,1762796974132
87,"unlock","0adab909-eb8f-4baf-9eed-7a4cc889cb7c","3, 0",1762796974132,1762797022389,1762797022389
90,"unlock","0adab909-eb8f-4baf-9eed-7a4cc889cb7c","3, 0",1762797433382,1762797493381,1762797433382
90,"unlock","0adab909-eb8f-4baf-9eed-7a4cc889cb7c","3, 0",1762797433382,1762797493381,1762797493381
90,"unlock","0adab909-eb8f-4baf-9eed-7a4cc889cb7c","3, 0",1762797493382,1762797553381,1762797493382
90,"unlock","0adab909-eb8f-4baf-9eed-7a4cc889cb7c","3, 0",1762797493382,1762797553381,1762797553381
90,"unlock","0adab909-eb8f-4baf-9eed-7a4cc889cb7c","3, 0",1762797553382,1762797613381,1762797553382
90,"unlock","0adab909-eb8f-4baf-9eed-7a4cc889cb7c","3, 0",1762797553382,1762797613381,1762797613381
90,"unlock","0adab909-eb8f-4baf-9eed-7a4cc889cb7c","3, 0",1762797613382,1762797673381,1762797613382
90,"unlock","0adab909-eb8f-4baf-9eed-7a4cc889cb7c","3, 0",1762797613382,1762797673381,1762797673381
90,"unlock","0adab909-eb8f-4baf-9eed-7a4cc889cb7c","3, 0",1762797673382,1762797733381,1762797673382
90,"unlock","0adab909-eb8f-4baf-9eed-7a4cc889cb7c","3, 0",1762797673382,1762797733381,1762797733381
90,"unlock","0adab909-eb8f-4baf-9eed-7a4cc889cb7c","3, 0",1762797733382,1762797793381,1762797733382
90,"unlock","0adab909-eb8f-4baf-9eed-7a4cc889cb7c","3, 0",1762797733382,1762797793381,1762797793381
90,"unlock","0adab909-eb8f-4baf-9eed-7a4cc889cb7c","3, 0",1762797793382,1762797853381,1762797793382
90,"unlock","0adab909-eb8f-4baf-9eed-7a4cc889cb7c","3, 0",1762797793382,1762797853381,1762797853381
90,"unlock","0adab909-eb8f-4baf-9eed-7a4cc889cb7c","3, 0",1762797853382,1762797855757,1762797853382
90,"unlock","0adab909-eb8f-4baf-9eed-7a4cc889cb7c","3, 0",1762797853382,1762797855757,1762797855757
93,"unlock","0adab909-eb8f-4baf-9eed-7a4cc889cb7c","3, 0",1762798312930,1762798318851,1762798312930
93,"unlock","0adab909-eb8f-4baf-9eed-7a4cc889cb7c","3, 0",1762798312930,1762798318851,1762798318851
96,"unlock","0adab909-eb8f-4baf-9eed-7a4cc889cb7c","3, 0",1762799019934,1762799079933,1762799019934
96,"unlock","0adab909-eb8f-4baf-9eed-7a4cc889cb7c","3, 0",1762799019934,1762799079933,1762799079933
96,"unlock","0adab909-eb8f-4baf-9eed-7a4cc889cb7c","3, 0",1762799079934,1762799139933,1762799079934
96,"unlock","0adab909-eb8f-4baf-9eed-7a4cc889cb7c","3, 0",1762799079934,1762799139933,1762799139933
96,"unlock","0adab909-eb8f-4baf-9eed-7a4cc889cb7c","3, 0",1762799139934,1762799199933,1762799139934
96,"unlock","0adab909-eb8f-4baf-9eed-7a4cc889cb7c","3, 0",1762799139934,1762799199933,1762799199933
96,"unlock","0adab909-eb8f-4baf-9eed-7a4cc889cb7c","3, 0",1762799199934,1762799259933,1762799199934
96,"unlock","0adab909-eb8f-4baf-9eed-7a4cc889cb7c","3, 0",1762799199934,1762799259933,1762799259933
96,"unlock","0adab909-eb8f-4baf-9eed-7a4cc889cb7c","3, 0",1762799259934,1762799319933,1762799259934
96,"unlock","0adab909-eb8f-4baf-9eed-7a4cc889cb7c","3, 0",1762799259934,1762799319933,1762799319933
96,"unlock","0adab909-eb8f-4baf-9eed-7a4cc889cb7c","3, 0",1762799319934,1762799379933,1762799319934
96,"unlock","0adab909-eb8f-4baf-9eed-7a4cc889cb7c","3, 0",1762799319934,1762799379933,1762799379933
96,"unlock","0adab909-eb8f-4baf-9eed-7a4cc889cb7c","3, 0",1762799379934,1762799439933,1762799379934
96,"unlock","0adab909-eb8f-4baf-9eed-7a4cc889cb7c","3, 0",1762799379934,1762799439933,1762799439933
96,"unlock","0adab909-eb8f-4baf-9eed-7a4cc889cb7c","3, 0",1762799439934,1762799499933,1762799439934
96,"unlock","0adab909-eb8f-4baf-9eed-7a4cc889cb7c","3, 0",1762799439934,1762799499933,1762799499933
96,"unlock","0adab909-eb8f-4baf-9eed-7a4cc889cb7c","3, 0",1762799499934,1762799559933,1762799499934
96,"unlock","0adab909-eb8f-4baf-9eed-7a4cc889cb7c","3, 0",1762799499934,1762799559933,1762799559933
96,"unlock","0adab909-eb8f-4baf-9eed-7a4cc889cb7c","3, 0",1762799559934,1762799619933,1762799559934
96,"unlock","0adab909-eb8f-4baf-9eed-7a4cc889cb7c","3, 0",1762799559934,1762799619933,1762799619933
96,"unlock","0adab909-eb8f-4baf-9eed-7a4cc889cb7c","3, 0",1762799619934,1762799634507,1762799619934
96,"unlock","0adab909-eb8f-4baf-9eed-7a4cc889cb7c","3, 0",1762799619934,1762799634507,1762799634507
99,"unlock","0adab909-eb8f-4baf-9eed-7a4cc889cb7c","3, 0",1762800172454,1762800192988,1762800172454
99,"unlock","0adab909-eb8f-4baf-9eed-7a4cc889cb7c","3, 0",1762800172454,1762800192988,1762800192988
104,"unlock","0adab909-eb8f-4baf-9eed-7a4cc889cb7c","3, 0",1762800870627,1762800874283,1762800870627
104,"unlock","0adab909-eb8f-4baf-9eed-7a4cc889cb7c","3, 0",1762800870627,1762800874283,1762800874283
107,"unlock","0adab909-eb8f-4baf-9eed-7a4cc889cb7c","3, 0",1762800901834,1762800961833,1762800901834
107,"unlock","0adab909-eb8f-4baf-9eed-7a4cc889cb7c","3, 0",1762800901834,1762800961833,1762800961833
107,"unlock","0adab909-eb8f-4baf-9eed-7a4cc889cb7c","3, 0",1762800961834,1762801021833,1762800961834
107,"unlock","0adab909-eb8f-4baf-9eed-7a4cc889cb7c","3, 0",1762800961834,1762801021833,1762801021833
107,"unlock","0adab909-eb8f-4baf-9eed-7a4cc889cb7c","3, 0",1762801021834,1762801080085,1762801021834
107,"unlock","0adab909-eb8f-4baf-9eed-7a4cc889cb7c","3, 0",1762801021834,1762801080085,1762801080085
112,"unlock","0adab909-eb8f-4baf-9eed-7a4cc889cb7c","3, 0",1762802165864,1762802225863,1762802165864
112,"unlock","0adab909-eb8f-4baf-9eed-7a4cc889cb7c","3, 0",1762802165864,1762802225863,1762802225863
112,"unlock","0adab909-eb8f-4baf-9eed-7a4cc889cb7c","3, 0",1762802225864,1762802285863,1762802225864
112,"unlock","0adab909-eb8f-4baf-9eed-7a4cc889cb7c","3, 0",1762802225864,1762802285863,1762802285863
112,"unlock","0adab909-eb8f-4baf-9eed-7a4cc889cb7c","3, 0",1762802285864,1762802345863,1762802285864
112,"unlock","0adab909-eb8f-4baf-9eed-7a4cc889cb7c","3, 0",1762802285864,1762802345863,1762802345863
112,"unlock","0adab909-eb8f-4baf-9eed-7a4cc889cb7c","3, 0",1762802345864,1762802405863,1762802345864
112,"unlock","0adab909-eb8f-4baf-9eed-7a4cc889cb7c","3, 0",1762802345864,1762802405863,1762802405863
112,"unlock","0adab909-eb8f-4baf-9eed-7a4cc889cb7c","3, 0",1762802405864,1762802465863,1762802405864
112,"unlock","0adab909-eb8f-4baf-9eed-7a4cc889cb7c","3, 0",1762802405864,1762802465863,1762802465863
112,"unlock","0adab909-eb8f-4baf-9eed-7a4cc889cb7c","3, 0",1762802465864,1762802525863,1762802465864
112,"unlock","0adab909-eb8f-4baf-9eed-7a4cc889cb7c","3, 0",1762802465864,1762802525863,1762802525863
112,"unlock","0adab909-eb8f-4baf-9eed-7a4cc889cb7c","3, 0",1762802525864,1762802557540,1762802525864
112,"unlock","0adab909-eb8f-4baf-9eed-7a4cc889cb7c","3, 0",1762802525864,1762802557540,1762802557540
115,"unlock","0adab909-eb8f-4baf-9eed-7a4cc889cb7c","3, 0",1762804431333,1762804486510,1762804431333
115,"unlock","0adab909-eb8f-4baf-9eed-7a4cc889cb7c","3, 0",1762804431333,1762804486510,1762804486510
118,"unlock","0adab909-eb8f-4baf-9eed-7a4cc889cb7c","3, 0",1762808099333,1762808159332,1762808099333
118,"unlock","0adab909-eb8f-4baf-9eed-7a4cc889cb7c","3, 0",1762808099333,1762808159332,1762808159332
118,"unlock","0adab909-eb8f-4baf-9eed-7a4cc889cb7c","3, 0",1762808159333,1762808219332,1762808159333
118,"unlock","0adab909-eb8f-4baf-9eed-7a4cc889cb7c","3, 0",1762808159333,1762808219332,1762808219332
118,"unlock","0adab909-eb8f-4baf-9eed-7a4cc889cb7c","3, 0",1762808219333,1762808279332,1762808219333
118,"unlock","0adab909-eb8f-4baf-9eed-7a4cc889cb7c","3, 0",1762808219333,1762808279332,1762808279332
118,"unlock","0adab909-eb8f-4baf-9eed-7a4cc889cb7c","3, 0",1762808279333,1762808339332,1762808279333
118,"unlock","0adab909-eb8f-4baf-9eed-7a4cc889cb7c","3, 0",1762808279333,1762808339332,1762808339332
118,"unlock","0adab909-eb8f-4baf-9eed-7a4cc889cb7c","3, 0",1762808339333,1762808399332,1762808339333
118,"unlock","0adab909-eb8f-4baf-9eed-7a4cc889cb7c","3, 0",1762808339333,1762808399332,1762808399332
118,"unlock","0adab909-eb8f-4baf-9eed-7a4cc889cb7c","3, 0",1762808399333,1762808459332,1762808399333
118,"unlock","0adab909-eb8f-4baf-9eed-7a4cc889cb7c","3, 0",1762808399333,1762808459332,1762808459332
118,"unlock","0adab909-eb8f-4baf-9eed-7a4cc889cb7c","3, 0",1762808459333,1762808519332,1762808459333
118,"unlock","0adab909-eb8f-4baf-9eed-7a4cc889cb7c","3, 0",1762808459333,1762808519332,1762808519332
118,"unlock","0adab909-eb8f-4baf-9eed-7a4cc889cb7c","3, 0",1762808519333,1762808579332,1762808519333
118,"unlock","0adab909-eb8f-4baf-9eed-7a4cc889cb7c","3, 0",1762808519333,1762808579332,1762808579332
118,"unlock","0adab909-eb8f-4baf-9eed-7a4cc889cb7c","3, 0",1762808579333,1762808639332,1762808579333
118,"unlock","0adab909-eb8f-4baf-9eed-7a4cc889cb7c","3, 0",1762808579333,1762808639332,1762808639332
118,"unlock","0adab909-eb8f-4baf-9eed-7a4cc889cb7c","3, 0",1762808639333,1762808699332,1762808639333
118,"unlock","0adab909-eb8f-4baf-9eed-7a4cc889cb7c","3, 0",1762808639333,1762808699332,1762808699332
118,"unlock","0adab909-eb8f-4baf-9eed-7a4cc889cb7c","3, 0",1762808699333,1762808759332,1762808699333
118,"unlock","0adab909-eb8f-4baf-9eed-7a4cc889cb7c","3, 0",1762808699333,1762808759332,1762808759332
118,"unlock","0adab909-eb8f-4baf-9eed-7a4cc889cb7c","3, 0",1762808759333,1762808819332,1762808759333
118,"unlock","0adab909-eb8f-4baf-9eed-7a4cc889cb7c","3, 0",1762808759333,1762808819332,1762808819332
118,"unlock","0adab909-eb8f-4baf-9eed-7a4cc889cb7c","3, 0",1762808819333,1762808879332,1762808819333
118,"unlock","0adab909-eb8f-4baf-9eed-7a4cc889cb7c","3, 0",1762808819333,1762808879332,1762808879332
118,"unlock","0adab909-eb8f-4baf-9eed-7a4cc889cb7c","3, 0",1762808879333,1762808939332,1762808879333
118,"unlock","0adab909-eb8f-4baf-9eed-7a4cc889cb7c","3, 0",1762808879333,1762808939332,1762808939332
118,"unlock","0adab909-eb8f-4baf-9eed-7a4cc889cb7c","3, 0",1762808939333,1762808999332,1762808939333
118,"unlock","0adab909-eb8f-4baf-9eed-7a4cc889cb7c","3, 0",1762808939333,1762808999332,1762808999332
118,"unlock","0adab909-eb8f-4baf-9eed-7a4cc889cb7c","3, 0",1762808999333,1762809059332,1762808999333
118,"unlock","0adab909-eb8f-4baf-9eed-7a4cc889cb7c","3, 0",1762808999333,1762809059332,1762809059332
118,"unlock","0adab909-eb8f-4baf-9eed-7a4cc889cb7c","3, 0",1762809059333,1762809119332,1762809059333
118,"unlock","0adab909-eb8f-4baf-9eed-7a4cc889cb7c","3, 0",1762809059333,1762809119332,1762809119332
118,"unlock","0adab909-eb8f-4baf-9eed-7a4cc889cb7c","3, 0",1762809119333,1762809179332,1762809119333
118,"unlock","0adab909-eb8f-4baf-9eed-7a4cc889cb7c","3, 0",1762809119333,1762809179332,1762809179332
118,"unlock","0adab909-eb8f-4baf-9eed-7a4cc889cb7c","3, 0",1762809179333,1762809239332,1762809179333
118,"unlock","0adab909-eb8f-4baf-9eed-7a4cc889cb7c","3, 0",1762809179333,1762809239332,1762809239332
118,"unlock","0adab909-eb8f-4baf-9eed-7a4cc889cb7c","3, 0",1762809239333,1762809299332,1762809239333
118,"unlock","0adab909-eb8f-4baf-9eed-7a4cc889cb7c","3, 0",1762809239333,1762809299332,1762809299332
118,"unlock","0adab909-eb8f-4baf-9eed-7a4cc889cb7c","3, 0",1762809299333,1762809359332,1762809299333
118,"unlock","0adab909-eb8f-4baf-9eed-7a4cc889cb7c","3, 0",1762809299333,1762809359332,1762809359332
118,"unlock","0adab909-eb8f-4baf-9eed-7a4cc889cb7c","3, 0",1762809359333,1762809419332,1762809359333
118,"unlock","0adab909-eb8f-4baf-9eed-7a4cc889cb7c","3, 0",1762809359333,1762809419332,1762809419332
118,"unlock","0adab909-eb8f-4baf-9eed-7a4cc889cb7c","3, 0",1762809419333,1762809479332,1762809419333
118,"unlock","0adab909-eb8f-4baf-9eed-7a4cc889cb7c","3, 0",1762809419333,1762809479332,1762809479332
118,"unlock","0adab909-eb8f-4baf-9eed-7a4cc889cb7c","3, 0",1762809479333,1762809539332,1762809479333
118,"unlock","0adab909-eb8f-4baf-9eed-7a4cc889cb7c","3, 0",1762809479333,1762809539332,1762809539332
118,"unlock","0adab909-eb8f-4baf-9eed-7a4cc889cb7c","3, 0",1762809539333,1762809599332,1762809539333
118,"unlock","0adab909-eb8f-4baf-9eed-7a4cc889cb7c","3, 0",1762809539333,1762809599332,1762809599332
118,"unlock","0adab909-eb8f-4baf-9eed-7a4cc889cb7c","3, 0",1762809599333,1762809659332,1762809599333
118,"unlock","0adab909-eb8f-4baf-9eed-7a4cc889cb7c","3, 0",1762809599333,1762809659332,1762809659332
118,"unlock","0adab909-eb8f-4baf-9eed-7a4cc889cb7c","3, 0",1762809659333,1762809719332,1762809659333
118,"unlock","0adab909-eb8f-4baf-9eed-7a4cc889cb7c","3, 0",1762809659333,1762809719332,1762809719332
118,"unlock","0adab909-eb8f-4baf-9eed-7a4cc889cb7c","3, 0",1762809719333,1762809779332,1762809719333
118,"unlock","0adab909-eb8f-4baf-9eed-7a4cc889cb7c","3, 0",1762809719333,1762809779332,1762809779332
118,"unlock","0adab909-eb8f-4baf-9eed-7a4cc889cb7c","3, 0",1762809779333,1762809839332,1762809779333
118,"unlock","0adab909-eb8f-4baf-9eed-7a4cc889cb7c","3, 0",1762809779333,1762809839332,1762809839332
118,"unlock","0adab909-eb8f-4baf-9eed-7a4cc889cb7c","3, 0",1762809839333,1762809899332,1762809839333
118,"unlock","0adab909-eb8f-4baf-9eed-7a4cc889cb7c","3, 0",1762809839333,1762809899332,1762809899332
118,"unlock","0adab909-eb8f-4baf-9eed-7a4cc889cb7c","3, 0",1762809899333,1762809959332,1762809899333
118,"unlock","0adab909-eb8f-4baf-9eed-7a4cc889cb7c","3, 0",1762809899333,1762809959332,1762809959332
118,"unlock","0adab909-eb8f-4baf-9eed-7a4cc889cb7c","3, 0",1762809959333,1762810019332,1762809959333
118,"unlock","0adab909-eb8f-4baf-9eed-7a4cc889cb7c","3, 0",1762809959333,1762810019332,1762810019332
118,"unlock","0adab909-eb8f-4baf-9eed-7a4cc889cb7c","3, 0",1762810019333,1762810079332,1762810019333
118,"unlock","0adab909-eb8f-4baf-9eed-7a4cc889cb7c","3, 0",1762810019333,1762810079332,1762810079332
118,"unlock","0adab909-eb8f-4baf-9eed-7a4cc889cb7c","3, 0",1762810079333,1762810139332,1762810079333
118,"unlock","0adab909-eb8f-4baf-9eed-7a4cc889cb7c","3, 0",1762810079333,1762810139332,1762810139332
118,"unlock","0adab909-eb8f-4baf-9eed-7a4cc889cb7c","3, 0",1762810139333,1762810199332,1762810139333
118,"unlock","0adab909-eb8f-4baf-9eed-7a4cc889cb7c","3, 0",1762810139333,1762810199332,1762810199332
118,"unlock","0adab909-eb8f-4baf-9eed-7a4cc889cb7c","3, 0",1762810199333,1762810259332,1762810199333
118,"unlock","0adab909-eb8f-4baf-9eed-7a4cc889cb7c","3, 0",1762810199333,1762810259332,1762810259332
118,"unlock","0adab909-eb8f-4baf-9eed-7a4cc889cb7c","3, 0",1762810259333,1762810319332,1762810259333
118,"unlock","0adab909-eb8f-4baf-9eed-7a4cc889cb7c","3, 0",1762810259333,1762810319332,1762810319332
118,"unlock","0adab909-eb8f-4baf-9eed-7a4cc889cb7c","3, 0",1762810319333,1762810379332,1762810319333
118,"unlock","0adab909-eb8f-4baf-9eed-7a4cc889cb7c","3, 0",1762810319333,1762810379332,1762810379332
118,"unlock","0adab909-eb8f-4baf-9eed-7a4cc889cb7c","3, 0",1762810379333,1762810439332,1762810379333
118,"unlock","0adab909-eb8f-4baf-9eed-7a4cc889cb7c","3, 0",1762810379333,1762810439332,1762810439332
118,"unlock","0adab909-eb8f-4baf-9eed-7a4cc889cb7c","3, 0",1762810439333,1762810499332,1762810439333
118,"unlock","0adab909-eb8f-4baf-9eed-7a4cc889cb7c","3, 0",1762810439333,1762810499332,1762810499332
118,"unlock","0adab909-eb8f-4baf-9eed-7a4cc889cb7c","3, 0",1762810499333,1762810559332,1762810499333
118,"unlock","0adab909-eb8f-4baf-9eed-7a4cc889cb7c","3, 0",1762810499333,1762810559332,1762810559332
118,"unlock","0adab909-eb8f-4baf-9eed-7a4cc889cb7c","3, 0",1762810559333,1762810619332,1762810559333
118,"unlock","0adab909-eb8f-4baf-9eed-7a4cc889cb7c","3, 0",1762810559333,1762810619332,1762810619332
118,"unlock","0adab909-eb8f-4baf-9eed-7a4cc889cb7c","3, 0",1762810619333,1762810679332,1762810619333
118,"unlock","0adab909-eb8f-4baf-9eed-7a4cc889cb7c","3, 0",1762810619333,1762810679332,1762810679332
118,"unlock","0adab909-eb8f-4baf-9eed-7a4cc889cb7c","3, 0",1762810679333,1762810739332,1762810679333
118,"unlock","0adab909-eb8f-4baf-9eed-7a4cc889cb7c","3, 0",1762810679333,1762810739332,1762810739332
118,"unlock","0adab909-eb8f-4baf-9eed-7a4cc889cb7c","3, 0",1762810739333,1762810799332,1762810739333
118,"unlock","0adab909-eb8f-4baf-9eed-7a4cc889cb7c","3, 0",1762810739333,1762810799332,1762810799332
118,"unlock","0adab909-eb8f-4baf-9eed-7a4cc889cb7c","3, 0",1762810799333,1762810859332,1762810799333
118,"unlock","0adab909-eb8f-4baf-9eed-7a4cc889cb7c","3, 0",1762810799333,1762810859332,1762810859332
118,"unlock","0adab909-eb8f-4baf-9eed-7a4cc889cb7c","3, 0",1762810859333,1762810919332,1762810859333
118,"unlock","0adab909-eb8f-4baf-9eed-7a4cc889cb7c","3, 0",1762810859333,1762810919332,1762810919332
118,"unlock","0adab909-eb8f-4baf-9eed-7a4cc889cb7c","3, 0",1762810919333,1762810979332,1762810919333
118,"unlock","0adab909-eb8f-4baf-9eed-7a4cc889cb7c","3, 0",1762810919333,1762810979332,1762810979332
118,"unlock","0adab909-eb8f-4baf-9eed-7a4cc889cb7c","3, 0",1762810979333,1762811039332,1762810979333
118,"unlock","0adab909-eb8f-4baf-9eed-7a4cc889cb7c","3, 0",1762810979333,1762811039332,1762811039332
118,"unlock","0adab909-eb8f-4baf-9eed-7a4cc889cb7c","3, 0",1762811039333,1762811099332,1762811039333
118,"unlock","0adab909-eb8f-4baf-9eed-7a4cc889cb7c","3, 0",1762811039333,1762811099332,1762811099332
118,"unlock","0adab909-eb8f-4baf-9eed-7a4cc889cb7c","3, 0",1762811099333,1762811159332,1762811099333
118,"unlock","0adab909-eb8f-4baf-9eed-7a4cc889cb7c","3, 0",1762811099333,1762811159332,1762811159332
118,"unlock","0adab909-eb8f-4baf-9eed-7a4cc889cb7c","3, 0",1762811159333,1762811219332,1762811159333
118,"unlock","0adab909-eb8f-4baf-9eed-7a4cc889cb7c","3, 0",1762811159333,1762811219332,1762811219332
118,"unlock","0adab909-eb8f-4baf-9eed-7a4cc889cb7c","3, 0",1762811219333,1762811279332,1762811219333
118,"unlock","0adab909-eb8f-4baf-9eed-7a4cc889cb7c","3, 0",1762811219333,1762811279332,1762811279332
118,"unlock","0adab909-eb8f-4baf-9eed-7a4cc889cb7c","3, 0",1762811279333,1762811339332,1762811279333
118,"unlock","0adab909-eb8f-4baf-9eed-7a4cc889cb7c","3, 0",1762811279333,1762811339332,1762811339332
118,"unlock","0adab909-eb8f-4baf-9eed-7a4cc889cb7c","3, 0",1762811339333,1762811399332,1762811339333
118,"unlock","0adab909-eb8f-4baf-9eed-7a4cc889cb7c","3, 0",1762811339333,1762811399332,1762811399332
118,"unlock","0adab909-eb8f-4baf-9eed-7a4cc889cb7c","3, 0",1762811399333,1762811459332,1762811399333
118,"unlock","0adab909-eb8f-4baf-9eed-7a4cc889cb7c","3, 0",1762811399333,1762811459332,1762811459332
118,"unlock","0adab909-eb8f-4baf-9eed-7a4cc889cb7c","3, 0",1762811459333,1762811519332,1762811459333
118,"unlock","0adab909-eb8f-4baf-9eed-7a4cc889cb7c","3, 0",1762811459333,1762811519332,1762811519332
118,"unlock","0adab909-eb8f-4baf-9eed-7a4cc889cb7c","3, 0",1762811519333,1762811579332,1762811519333
118,"unlock","0adab909-eb8f-4baf-9eed-7a4cc889cb7c","3, 0",1762811519333,1762811579332,1762811579332
118,"unlock","0adab909-eb8f-4baf-9eed-7a4cc889cb7c","3, 0",1762811579333,1762811639332,1762811579333
118,"unlock","0adab909-eb8f-4baf-9eed-7a4cc889cb7c","3, 0",1762811579333,1762811639332,1762811639332
118,"unlock","0adab909-eb8f-4baf-9eed-7a4cc889cb7c","3, 0",1762811639333,1762811699332,1762811639333
118,"unlock","0adab909-eb8f-4baf-9eed-7a4cc889cb7c","3, 0",1762811639333,1762811699332,1762811699332
118,"unlock","0adab909-eb8f-4baf-9eed-7a4cc889cb7c","3, 0",1762811699333,1762811759332,1762811699333
118,"unlock","0adab909-eb8f-4baf-9eed-7a4cc889cb7c","3, 0",1762811699333,1762811759332,1762811759332
118,"unlock","0adab909-eb8f-4baf-9eed-7a4cc889cb7c","3, 0",1762811759333,1762811819332,1762811759333
118,"unlock","0adab909-eb8f-4baf-9eed-7a4cc889cb7c","3, 0",1762811759333,1762811819332,1762811819332
118,"unlock","0adab909-eb8f-4baf-9eed-7a4cc889cb7c","3, 0",1762811819333,1762811862232,1762811819333
118,"unlock","0adab909-eb8f-4baf-9eed-7a4cc889cb7c","3, 0",1762811819333,1762811862232,1762811862232
129,"unlock","0adab909-eb8f-4baf-9eed-7a4cc889cb7c","3, 0",1762842287653,1762842347652,1762842287653
129,"unlock","0adab909-eb8f-4baf-9eed-7a4cc889cb7c","3, 0",1762842287653,1762842347652,1762842347652
129,"unlock","0adab909-eb8f-4baf-9eed-7a4cc889cb7c","3, 0",1762842347653,1762842407652,1762842347653
129,"unlock","0adab909-eb8f-4baf-9eed-7a4cc889cb7c","3, 0",1762842347653,1762842407652,1762842407652
129,"unlock","0adab909-eb8f-4baf-9eed-7a4cc889cb7c","3, 0",1762842407653,1762842467652,1762842407653
129,"unlock","0adab909-eb8f-4baf-9eed-7a4cc889cb7c","3, 0",1762842407653,1762842467652,1762842467652
129,"unlock","0adab909-eb8f-4baf-9eed-7a4cc889cb7c","3, 0",1762842467653,1762842527652,1762842467653
129,"unlock","0adab909-eb8f-4baf-9eed-7a4cc889cb7c","3, 0",1762842467653,1762842527652,1762842527652
129,"unlock","0adab909-eb8f-4baf-9eed-7a4cc889cb7c","3, 0",1762842527653,1762842587652,1762842527653
129,"unlock","0adab909-eb8f-4baf-9eed-7a4cc889cb7c","3, 0",1762842527653,1762842587652,1762842587652
129,"unlock","0adab909-eb8f-4baf-9eed-7a4cc889cb7c","3, 0",1762842587653,1762842647652,1762842587653
129,"unlock","0adab909-eb8f-4baf-9eed-7a4cc889cb7c","3, 0",1762842587653,1762842647652,1762842647652
129,"unlock","0adab909-eb8f-4baf-9eed-7a4cc889cb7c","3, 0",1762842647653,1762842707652,1762842647653
129,"unlock","0adab909-eb8f-4baf-9eed-7a4cc889cb7c","3, 0",1762842647653,1762842707652,1762842707652
129,"unlock","0adab909-eb8f-4baf-9eed-7a4cc889cb7c","3, 0",1762842707653,1762842767652,1762842707653
129,"unlock","0adab909-eb8f-4baf-9eed-7a4cc889cb7c","3, 0",1762842707653,1762842767652,1762842767652
129,"unlock","0adab909-eb8f-4baf-9eed-7a4cc889cb7c","3, 0",1762842767653,1762842827652,1762842767653
129,"unlock","0adab909-eb8f-4baf-9eed-7a4cc889cb7c","3, 0",1762842767653,1762842827652,1762842827652
129,"unlock","0adab909-eb8f-4baf-9eed-7a4cc889cb7c","3, 0",1762842827653,1762842887652,1762842827653
129,"unlock","0adab909-eb8f-4baf-9eed-7a4cc889cb7c","3, 0",1762842827653,1762842887652,1762842887652
129,"unlock","0adab909-eb8f-4baf-9eed-7a4cc889cb7c","3, 0",1762842887653,1762842947652,1762842887653
129,"unlock","0adab909-eb8f-4baf-9eed-7a4cc889cb7c","3, 0",1762842887653,1762842947652,1762842947652
129,"unlock","0adab909-eb8f-4baf-9eed-7a4cc889cb7c","3, 0",1762842947653,1762843007652,1762842947653
129,"unlock","0adab909-eb8f-4baf-9eed-7a4cc889cb7c","3, 0",1762842947653,1762843007652,1762843007652
129,"unlock","0adab909-eb8f-4baf-9eed-7a4cc889cb7c","3, 0",1762843007653,1762843067652,1762843007653
129,"unlock","0adab909-eb8f-4baf-9eed-7a4cc889cb7c","3, 0",1762843007653,1762843067652,1762843067652
129,"unlock","0adab909-eb8f-4baf-9eed-7a4cc889cb7c","3, 0",1762843067653,1762843127652,1762843067653
129,"unlock","0adab909-eb8f-4baf-9eed-7a4cc889cb7c","3, 0",1762843067653,1762843127652,1762843127652
129,"unlock","0adab909-eb8f-4baf-9eed-7a4cc889cb7c","3, 0",1762843127653,1762843187652,1762843127653
129,"unlock","0adab909-eb8f-4baf-9eed-7a4cc889cb7c","3, 0",1762843127653,1762843187652,1762843187652
129,"unlock","0adab909-eb8f-4baf-9eed-7a4cc889cb7c","3, 0",1762843187653,1762843210331,1762843187653
129,"unlock","0adab909-eb8f-4baf-9eed-7a4cc889cb7c","3, 0",1762843187653,1762843210331,1762843210331
134,"unlock","0adab909-eb8f-4baf-9eed-7a4cc889cb7c","3, 0",1762846123447,1762846138763,1762846123447
134,"unlock","0adab909-eb8f-4baf-9eed-7a4cc889cb7c","3, 0",1762846123447,1762846138763,1762846138763
137,"unlock","0adab909-eb8f-4baf-9eed-7a4cc889cb7c","3, 0",1762860145523,1762860205522,1762860145523
137,"unlock","0adab909-eb8f-4baf-9eed-7a4cc889cb7c","3, 0",1762860145523,1762860205522,1762860205522
137,"unlock","0adab909-eb8f-4baf-9eed-7a4cc889cb7c","3, 0",1762860205523,1762860265522,1762860205523
137,"unlock","0adab909-eb8f-4baf-9eed-7a4cc889cb7c","3, 0",1762860205523,1762860265522,1762860265522
137,"unlock","0adab909-eb8f-4baf-9eed-7a4cc889cb7c","3, 0",1762860265523,1762860325522,1762860265523
137,"unlock","0adab909-eb8f-4baf-9eed-7a4cc889cb7c","3, 0",1762860265523,1762860325522,1762860325522
137,"unlock","0adab909-eb8f-4baf-9eed-7a4cc889cb7c","3, 0",1762860325523,1762860385522,1762860325523
137,"unlock","0adab909-eb8f-4baf-9eed-7a4cc889cb7c","3, 0",1762860325523,1762860385522,1762860385522
137,"unlock","0adab909-eb8f-4baf-9eed-7a4cc889cb7c","3, 0",1762860385523,1762860422236,1762860385523
137,"unlock","0adab909-eb8f-4baf-9eed-7a4cc889cb7c","3, 0",1762860385523,1762860422236,1762860422236
140,"unlock","0adab909-eb8f-4baf-9eed-7a4cc889cb7c","3, 0",1762860685960,1762860745959,1762860685960
140,"unlock","0adab909-eb8f-4baf-9eed-7a4cc889cb7c","3, 0",1762860685960,1762860745959,1762860745959
140,"unlock","0adab909-eb8f-4baf-9eed-7a4cc889cb7c","3, 0",1762860745960,1762860760129,1762860745960
140,"unlock","0adab909-eb8f-4baf-9eed-7a4cc889cb7c","3, 0",1762860745960,1762860760129,1762860760129
143,"unlock","0adab909-eb8f-4baf-9eed-7a4cc889cb7c","3, 0",1762860843452,1762860871827,1762860843452
143,"unlock","0adab909-eb8f-4baf-9eed-7a4cc889cb7c","3, 0",1762860843452,1762860871827,1762860871827
146,"unlock","0adab909-eb8f-4baf-9eed-7a4cc889cb7c","3, 0",1762861032863,1762861092862,1762861032863
146,"unlock","0adab909-eb8f-4baf-9eed-7a4cc889cb7c","3, 0",1762861032863,1762861092862,1762861092862
146,"unlock","0adab909-eb8f-4baf-9eed-7a4cc889cb7c","3, 0",1762861092863,1762861152862,1762861092863
146,"unlock","0adab909-eb8f-4baf-9eed-7a4cc889cb7c","3, 0",1762861092863,1762861152862,1762861152862
146,"unlock","0adab909-eb8f-4baf-9eed-7a4cc889cb7c","3, 0",1762861152863,1762861186605,1762861152863
146,"unlock","0adab909-eb8f-4baf-9eed-7a4cc889cb7c","3, 0",1762861152863,1762861186605,1762861186605
149,"unlock","0adab909-eb8f-4baf-9eed-7a4cc889cb7c","3, 0",1762861543518,1762861603517,1762861543518
149,"unlock","0adab909-eb8f-4baf-9eed-7a4cc889cb7c","3, 0",1762861543518,1762861603517,1762861603517
149,"unlock","0adab909-eb8f-4baf-9eed-7a4cc889cb7c","3, 0",1762861603518,1762861628808,1762861603518
149,"unlock","0adab909-eb8f-4baf-9eed-7a4cc889cb7c","3, 0",1762861603518,1762861628808,1762861628808
152,"unlock","0adab909-eb8f-4baf-9eed-7a4cc889cb7c","3, 0",1762874409538,1762874469537,1762874409538
152,"unlock","0adab909-eb8f-4baf-9eed-7a4cc889cb7c","3, 0",1762874409538,1762874469537,1762874469537
152,"unlock","0adab909-eb8f-4baf-9eed-7a4cc889cb7c","3, 0",1762874469538,1762874529537,1762874469538
152,"unlock","0adab909-eb8f-4baf-9eed-7a4cc889cb7c","3, 0",1762874469538,1762874529537,1762874529537
152,"unlock","0adab909-eb8f-4baf-9eed-7a4cc889cb7c","3, 0",1762874529538,1762874589537,1762874529538
152,"unlock","0adab909-eb8f-4baf-9eed-7a4cc889cb7c","3, 0",1762874529538,1762874589537,1762874589537
152,"unlock","0adab909-eb8f-4baf-9eed-7a4cc889cb7c","3, 0",1762874589538,1762874649537,1762874589538
152,"unlock","0adab909-eb8f-4baf-9eed-7a4cc889cb7c","3, 0",1762874589538,1762874649537,1762874649537
152,"unlock","0adab909-eb8f-4baf-9eed-7a4cc889cb7c","3, 0",1762874649538,1762874709537,1762874649538
152,"unlock","0adab909-eb8f-4baf-9eed-7a4cc889cb7c","3, 0",1762874649538,1762874709537,1762874709537
152,"unlock","0adab909-eb8f-4baf-9eed-7a4cc889cb7c","3, 0",1762874709538,1762874769537,1762874709538
152,"unlock","0adab909-eb8f-4baf-9eed-7a4cc889cb7c","3, 0",1762874709538,1762874769537,1762874769537
152,"unlock","0adab909-eb8f-4baf-9eed-7a4cc889cb7c","3, 0",1762874769538,1762874829537,1762874769538
152,"unlock","0adab909-eb8f-4baf-9eed-7a4cc889cb7c","3, 0",1762874769538,1762874829537,1762874829537
152,"unlock","0adab909-eb8f-4baf-9eed-7a4cc889cb7c","3, 0",1762874829538,1762874853908,1762874829538
152,"unlock","0adab909-eb8f-4baf-9eed-7a4cc889cb7c","3, 0",1762874829538,1762874853908,1762874853908
155,"unlock","0adab909-eb8f-4baf-9eed-7a4cc889cb7c","3, 0",1762875039818,1762875051007,1762875039818
155,"unlock","0adab909-eb8f-4baf-9eed-7a4cc889cb7c","3, 0",1762875039818,1762875051007,1762875051007
158,"unlock","0adab909-eb8f-4baf-9eed-7a4cc889cb7c","3, 0",1762875081839,1762875141838,1762875081839
158,"unlock","0adab909-eb8f-4baf-9eed-7a4cc889cb7c","3, 0",1762875081839,1762875141838,1762875141838
158,"unlock","0adab909-eb8f-4baf-9eed-7a4cc889cb7c","3, 0",1762875141839,1762875201838,1762875141839
158,"unlock","0adab909-eb8f-4baf-9eed-7a4cc889cb7c","3, 0",1762875141839,1762875201838,1762875201838
158,"unlock","0adab909-eb8f-4baf-9eed-7a4cc889cb7c","3, 0",1762875201839,1762875261838,1762875201839
158,"unlock","0adab909-eb8f-4baf-9eed-7a4cc889cb7c","3, 0",1762875201839,1762875261838,1762875261838
158,"unlock","0adab909-eb8f-4baf-9eed-7a4cc889cb7c","3, 0",1762875261839,1762875321838,1762875261839
158,"unlock","0adab909-eb8f-4baf-9eed-7a4cc889cb7c","3, 0",1762875261839,1762875321838,1762875321838
158,"unlock","0adab909-eb8f-4baf-9eed-7a4cc889cb7c","3, 0",1762875321839,1762875381838,1762875321839
158,"unlock","0adab909-eb8f-4baf-9eed-7a4cc889cb7c","3, 0",1762875321839,1762875381838,1762875381838
158,"unlock","0adab909-eb8f-4baf-9eed-7a4cc889cb7c","3, 0",1762875381839,1762875441838,1762875381839
158,"unlock","0adab909-eb8f-4baf-9eed-7a4cc889cb7c","3, 0",1762875381839,1762875441838,1762875441838
158,"unlock","0adab909-eb8f-4baf-9eed-7a4cc889cb7c","3, 0",1762875441839,1762875501838,1762875441839
158,"unlock","0adab909-eb8f-4baf-9eed-7a4cc889cb7c","3, 0",1762875441839,1762875501838,1762875501838
158,"unlock","0adab909-eb8f-4baf-9eed-7a4cc889cb7c","3, 0",1762875501839,1762875561838,1762875501839
158,"unlock","0adab909-eb8f-4baf-9eed-7a4cc889cb7c","3, 0",1762875501839,1762875561838,1762875561838
158,"unlock","0adab909-eb8f-4baf-9eed-7a4cc889cb7c","3, 0",1762875561839,1762875621838,1762875561839
158,"unlock","0adab909-eb8f-4baf-9eed-7a4cc889cb7c","3, 0",1762875561839,1762875621838,1762875621838
158,"unlock","0adab909-eb8f-4baf-9eed-7a4cc889cb7c","3, 0",1762875621839,1762875681838,1762875621839
158,"unlock","0adab909-eb8f-4baf-9eed-7a4cc889cb7c","3, 0",1762875621839,1762875681838,1762875681838
158,"unlock","0adab909-eb8f-4baf-9eed-7a4cc889cb7c","3, 0",1762875681839,1762875741838,1762875681839
158,"unlock","0adab909-eb8f-4baf-9eed-7a4cc889cb7c","3, 0",1762875681839,1762875741838,1762875741838
158,"unlock","0adab909-eb8f-4baf-9eed-7a4cc889cb7c","3, 0",1762875741839,1762875801838,1762875741839
158,"unlock","0adab909-eb8f-4baf-9eed-7a4cc889cb7c","3, 0",1762875741839,1762875801838,1762875801838
158,"unlock","0adab909-eb8f-4baf-9eed-7a4cc889cb7c","3, 0",1762875801839,1762875861838,1762875801839
158,"unlock","0adab909-eb8f-4baf-9eed-7a4cc889cb7c","3, 0",1762875801839,1762875861838,1762875861838
158,"unlock","0adab909-eb8f-4baf-9eed-7a4cc889cb7c","3, 0",1762875861839,1762875921838,1762875861839
158,"unlock","0adab909-eb8f-4baf-9eed-7a4cc889cb7c","3, 0",1762875861839,1762875921838,1762875921838
158,"unlock","0adab909-eb8f-4baf-9eed-7a4cc889cb7c","3, 0",1762875921839,1762875981838,1762875921839
158,"unlock","0adab909-eb8f-4baf-9eed-7a4cc889cb7c","3, 0",1762875921839,1762875981838,1762875981838
158,"unlock","0adab909-eb8f-4baf-9eed-7a4cc889cb7c","3, 0",1762875981839,1762876041838,1762875981839
158,"unlock","0adab909-eb8f-4baf-9eed-7a4cc889cb7c","3, 0",1762875981839,1762876041838,1762876041838
158,"unlock","0adab909-eb8f-4baf-9eed-7a4cc889cb7c","3, 0",1762876041839,1762876101838,1762876041839
158,"unlock","0adab909-eb8f-4baf-9eed-7a4cc889cb7c","3, 0",1762876041839,1762876101838,1762876101838
158,"unlock","0adab909-eb8f-4baf-9eed-7a4cc889cb7c","3, 0",1762876101839,1762876161838,1762876101839
158,"unlock","0adab909-eb8f-4baf-9eed-7a4cc889cb7c","3, 0",1762876101839,1762876161838,1762876161838
158,"unlock","0adab909-eb8f-4baf-9eed-7a4cc889cb7c","3, 0",1762876161839,1762876221838,1762876161839
158,"unlock","0adab909-eb8f-4baf-9eed-7a4cc889cb7c","3, 0",1762876161839,1762876221838,1762876221838
158,"unlock","0adab909-eb8f-4baf-9eed-7a4cc889cb7c","3, 0",1762876221839,1762876281838,1762876221839
158,"unlock","0adab909-eb8f-4baf-9eed-7a4cc889cb7c","3, 0",1762876221839,1762876281838,1762876281838
158,"unlock","0adab909-eb8f-4baf-9eed-7a4cc889cb7c","3, 0",1762876281839,1762876341838,1762876281839
158,"unlock","0adab909-eb8f-4baf-9eed-7a4cc889cb7c","3, 0",1762876281839,1762876341838,1762876341838
158,"unlock","0adab909-eb8f-4baf-9eed-7a4cc889cb7c","3, 0",1762876341839,1762876401838,1762876341839
158,"unlock","0adab909-eb8f-4baf-9eed-7a4cc889cb7c","3, 0",1762876341839,1762876401838,1762876401838
158,"unlock","0adab909-eb8f-4baf-9eed-7a4cc889cb7c","3, 0",1762876401839,1762876461838,1762876401839
158,"unlock","0adab909-eb8f-4baf-9eed-7a4cc889cb7c","3, 0",1762876401839,1762876461838,1762876461838
158,"unlock","0adab909-eb8f-4baf-9eed-7a4cc889cb7c","3, 0",1762876461839,1762876521838,1762876461839
158,"unlock","0adab909-eb8f-4baf-9eed-7a4cc889cb7c","3, 0",1762876461839,1762876521838,1762876521838
158,"unlock","0adab909-eb8f-4baf-9eed-7a4cc889cb7c","3, 0",1762876521839,1762876581838,1762876521839
158,"unlock","0adab909-eb8f-4baf-9eed-7a4cc889cb7c","3, 0",1762876521839,1762876581838,1762876581838
158,"unlock","0adab909-eb8f-4baf-9eed-7a4cc889cb7c","3, 0",1762876581839,1762876641838,1762876581839
158,"unlock","0adab909-eb8f-4baf-9eed-7a4cc889cb7c","3, 0",1762876581839,1762876641838,1762876641838
158,"unlock","0adab909-eb8f-4baf-9eed-7a4cc889cb7c","3, 0",1762876641839,1762876701838,1762876641839
158,"unlock","0adab909-eb8f-4baf-9eed-7a4cc889cb7c","3, 0",1762876641839,1762876701838,1762876701838
158,"unlock","0adab909-eb8f-4baf-9eed-7a4cc889cb7c","3, 0",1762876701839,1762876761838,1762876701839
158,"unlock","0adab909-eb8f-4baf-9eed-7a4cc889cb7c","3, 0",1762876701839,1762876761838,1762876761838
158,"unlock","0adab909-eb8f-4baf-9eed-7a4cc889cb7c","3, 0",1762876761839,1762876821838,1762876761839
158,"unlock","0adab909-eb8f-4baf-9eed-7a4cc889cb7c","3, 0",1762876761839,1762876821838,1762876821838
158,"unlock","0adab909-eb8f-4baf-9eed-7a4cc889cb7c","3, 0",1762876821839,1762876881838,1762876821839
158,"unlock","0adab909-eb8f-4baf-9eed-7a4cc889cb7c","3, 0",1762876821839,1762876881838,1762876881838
158,"unlock","0adab909-eb8f-4baf-9eed-7a4cc889cb7c","3, 0",1762876881839,1762876941838,1762876881839
158,"unlock","0adab909-eb8f-4baf-9eed-7a4cc889cb7c","3, 0",1762876881839,1762876941838,1762876941838
158,"unlock","0adab909-eb8f-4baf-9eed-7a4cc889cb7c","3, 0",1762876941839,1762877001838,1762876941839
158,"unlock","0adab909-eb8f-4baf-9eed-7a4cc889cb7c","3, 0",1762876941839,1762877001838,1762877001838
158,"unlock","0adab909-eb8f-4baf-9eed-7a4cc889cb7c","3, 0",1762877001839,1762877061838,1762877001839
158,"unlock","0adab909-eb8f-4baf-9eed-7a4cc889cb7c","3, 0",1762877001839,1762877061838,1762877061838
158,"unlock","0adab909-eb8f-4baf-9eed-7a4cc889cb7c","3, 0",1762877061839,1762877121838,1762877061839
158,"unlock","0adab909-eb8f-4baf-9eed-7a4cc889cb7c","3, 0",1762877061839,1762877121838,1762877121838
158,"unlock","0adab909-eb8f-4baf-9eed-7a4cc889cb7c","3, 0",1762877121839,1762877181838,1762877121839
158,"unlock","0adab909-eb8f-4baf-9eed-7a4cc889cb7c","3, 0",1762877121839,1762877181838,1762877181838
158,"unlock","0adab909-eb8f-4baf-9eed-7a4cc889cb7c","3, 0",1762877181839,1762877241838,1762877181839
158,"unlock","0adab909-eb8f-4baf-9eed-7a4cc889cb7c","3, 0",1762877181839,1762877241838,1762877241838
158,"unlock","0adab909-eb8f-4baf-9eed-7a4cc889cb7c","3, 0",1762877241839,1762877301838,1762877241839
158,"unlock","0adab909-eb8f-4baf-9eed-7a4cc889cb7c","3, 0",1762877241839,1762877301838,1762877301838
158,"unlock","0adab909-eb8f-4baf-9eed-7a4cc889cb7c","3, 0",1762877301839,1762877361838,1762877301839
158,"unlock","0adab909-eb8f-4baf-9eed-7a4cc889cb7c","3, 0",1762877301839,1762877361838,1762877361838
158,"unlock","0adab909-eb8f-4baf-9eed-7a4cc889cb7c","3, 0",1762877361839,1762877378512,1762877361839
158,"unlock","0adab909-eb8f-4baf-9eed-7a4cc889cb7c","3, 0",1762877361839,1762877378512,1762877378512
161,"unlock","0adab909-eb8f-4baf-9eed-7a4cc889cb7c","3, 0",1762878869393,1762878929392,1762878869393
161,"unlock","0adab909-eb8f-4baf-9eed-7a4cc889cb7c","3, 0",1762878869393,1762878929392,1762878929392
161,"unlock","0adab909-eb8f-4baf-9eed-7a4cc889cb7c","3, 0",1762878929393,1762878989392,1762878929393
161,"unlock","0adab909-eb8f-4baf-9eed-7a4cc889cb7c","3, 0",1762878929393,1762878989392,1762878989392
161,"unlock","0adab909-eb8f-4baf-9eed-7a4cc889cb7c","3, 0",1762878989393,1762879049392,1762878989393
161,"unlock","0adab909-eb8f-4baf-9eed-7a4cc889cb7c","3, 0",1762878989393,1762879049392,1762879049392
161,"unlock","0adab909-eb8f-4baf-9eed-7a4cc889cb7c","3, 0",1762879049393,1762879081008,1762879049393
161,"unlock","0adab909-eb8f-4baf-9eed-7a4cc889cb7c","3, 0",1762879049393,1762879081008,1762879081008
164,"unlock","0adab909-eb8f-4baf-9eed-7a4cc889cb7c","3, 0",1762881355722,1762881415721,1762881355722
164,"unlock","0adab909-eb8f-4baf-9eed-7a4cc889cb7c","3, 0",1762881355722,1762881415721,1762881415721
164,"unlock","0adab909-eb8f-4baf-9eed-7a4cc889cb7c","3, 0",1762881415722,1762881473727,1762881415722
164,"unlock","0adab909-eb8f-4baf-9eed-7a4cc889cb7c","3, 0",1762881415722,1762881473727,1762881473727
167,"unlock","0adab909-eb8f-4baf-9eed-7a4cc889cb7c","3, 0",1762881857944,1762881917943,1762881857944
167,"unlock","0adab909-eb8f-4baf-9eed-7a4cc889cb7c","3, 0",1762881857944,1762881917943,1762881917943
167,"unlock","0adab909-eb8f-4baf-9eed-7a4cc889cb7c","3, 0",1762881917944,1762881928611,1762881917944
167,"unlock","0adab909-eb8f-4baf-9eed-7a4cc889cb7c","3, 0",1762881917944,1762881928611,1762881928611
170,"unlock","0adab909-eb8f-4baf-9eed-7a4cc889cb7c","3, 0",1762882488403,1762882537294,1762882488403
170,"unlock","0adab909-eb8f-4baf-9eed-7a4cc889cb7c","3, 0",1762882488403,1762882537294,1762882537294
173,"unlock","0adab909-eb8f-4baf-9eed-7a4cc889cb7c","3, 0",1762882941210,1762883001209,1762882941210
173,"unlock","0adab909-eb8f-4baf-9eed-7a4cc889cb7c","3, 0",1762882941210,1762883001209,1762883001209
173,"unlock","0adab909-eb8f-4baf-9eed-7a4cc889cb7c","3, 0",1762883001210,1762883023865,1762883001210
173,"unlock","0adab909-eb8f-4baf-9eed-7a4cc889cb7c","3, 0",1762883001210,1762883023865,1762883023865
176,"unlock","0adab909-eb8f-4baf-9eed-7a4cc889cb7c","3, 0",1762883522418,1762883582417,1762883522418
176,"unlock","0adab909-eb8f-4baf-9eed-7a4cc889cb7c","3, 0",1762883522418,1762883582417,1762883582417
176,"unlock","0adab909-eb8f-4baf-9eed-7a4cc889cb7c","3, 0",1762883582418,1762883642417,1762883582418
176,"unlock","0adab909-eb8f-4baf-9eed-7a4cc889cb7c","3, 0",1762883582418,1762883642417,1762883642417
176,"unlock","0adab909-eb8f-4baf-9eed-7a4cc889cb7c","3, 0",1762883642418,1762883702417,1762883642418
176,"unlock","0adab909-eb8f-4baf-9eed-7a4cc889cb7c","3, 0",1762883642418,1762883702417,1762883702417
176,"unlock","0adab909-eb8f-4baf-9eed-7a4cc889cb7c","3, 0",1762883702418,1762883762417,1762883702418
176,"unlock","0adab909-eb8f-4baf-9eed-7a4cc889cb7c","3, 0",1762883702418,1762883762417,1762883762417
176,"unlock","0adab909-eb8f-4baf-9eed-7a4cc889cb7c","3, 0",1762883762418,1762883822417,1762883762418
176,"unlock","0adab909-eb8f-4baf-9eed-7a4cc889cb7c","3, 0",1762883762418,1762883822417,1762883822417
176,"unlock","0adab909-eb8f-4baf-9eed-7a4cc889cb7c","3, 0",1762883822418,1762883882417,1762883822418
176,"unlock","0adab909-eb8f-4baf-9eed-7a4cc889cb7c","3, 0",1762883822418,1762883882417,1762883882417
176,"unlock","0adab909-eb8f-4baf-9eed-7a4cc889cb7c","3, 0",1762883882418,1762883942417,1762883882418
176,"unlock","0adab909-eb8f-4baf-9eed-7a4cc889cb7c","3, 0",1762883882418,1762883942417,1762883942417
176,"unlock","0adab909-eb8f-4baf-9eed-7a4cc889cb7c","3, 0",1762883942418,1762884002417,1762883942418
176,"unlock","0adab909-eb8f-4baf-9eed-7a4cc889cb7c","3, 0",1762883942418,1762884002417,1762884002417
176,"unlock","0adab909-eb8f-4baf-9eed-7a4cc889cb7c","3, 0",1762884002418,1762884062417,1762884002418
176,"unlock","0adab909-eb8f-4baf-9eed-7a4cc889cb7c","3, 0",1762884002418,1762884062417,1762884062417
176,"unlock","0adab909-eb8f-4baf-9eed-7a4cc889cb7c","3, 0",1762884062418,1762884122417,1762884062418
176,"unlock","0adab909-eb8f-4baf-9eed-7a4cc889cb7c","3, 0",1762884062418,1762884122417,1762884122417
176,"unlock","0adab909-eb8f-4baf-9eed-7a4cc889cb7c","3, 0",1762884122418,1762884182417,1762884122418
176,"unlock","0adab909-eb8f-4baf-9eed-7a4cc889cb7c","3, 0",1762884122418,1762884182417,1762884182417
176,"unlock","0adab909-eb8f-4baf-9eed-7a4cc889cb7c","3, 0",1762884182418,1762884242417,1762884182418
176,"unlock","0adab909-eb8f-4baf-9eed-7a4cc889cb7c","3, 0",1762884182418,1762884242417,1762884242417
176,"unlock","0adab909-eb8f-4baf-9eed-7a4cc889cb7c","3, 0",1762884242418,1762884302417,1762884242418
176,"unlock","0adab909-eb8f-4baf-9eed-7a4cc889cb7c","3, 0",1762884242418,1762884302417,1762884302417
176,"unlock","0adab909-eb8f-4baf-9eed-7a4cc889cb7c","3, 0",1762884302418,1762884362417,1762884302418
176,"unlock","0adab909-eb8f-4baf-9eed-7a4cc889cb7c","3, 0",1762884302418,1762884362417,1762884362417
176,"unlock","0adab909-eb8f-4baf-9eed-7a4cc889cb7c","3, 0",1762884362418,1762884383840,1762884362418
176,"unlock","0adab909-eb8f-4baf-9eed-7a4cc889cb7c","3, 0",1762884362418,1762884383840,1762884383840
179,"unlock","0adab909-eb8f-4baf-9eed-7a4cc889cb7c","3, 0",1762888625311,1762888628835,1762888625311
179,"unlock","0adab909-eb8f-4baf-9eed-7a4cc889cb7c","3, 0",1762888625311,1762888628835,1762888628835
182,"unlock","0adab909-eb8f-4baf-9eed-7a4cc889cb7c","3, 0",1762889417007,1762889477006,1762889417007
182,"unlock","0adab909-eb8f-4baf-9eed-7a4cc889cb7c","3, 0",1762889417007,1762889477006,1762889477006
182,"unlock","0adab909-eb8f-4baf-9eed-7a4cc889cb7c","3, 0",1762889477007,1762889537006,1762889477007
182,"unlock","0adab909-eb8f-4baf-9eed-7a4cc889cb7c","3, 0",1762889477007,1762889537006,1762889537006
182,"unlock","0adab909-eb8f-4baf-9eed-7a4cc889cb7c","3, 0",1762889537007,1762889597006,1762889537007
182,"unlock","0adab909-eb8f-4baf-9eed-7a4cc889cb7c","3, 0",1762889537007,1762889597006,1762889597006
182,"unlock","0adab909-eb8f-4baf-9eed-7a4cc889cb7c","3, 0",1762889597007,1762889657006,1762889597007
182,"unlock","0adab909-eb8f-4baf-9eed-7a4cc889cb7c","3, 0",1762889597007,1762889657006,1762889657006
182,"unlock","0adab909-eb8f-4baf-9eed-7a4cc889cb7c","3, 0",1762889657007,1762889697796,1762889657007
182,"unlock","0adab909-eb8f-4baf-9eed-7a4cc889cb7c","3, 0",1762889657007,1762889697796,1762889697796
185,"unlock","0adab909-eb8f-4baf-9eed-7a4cc889cb7c","3, 0",1762894160965,1762894175112,1762894160965
185,"unlock","0adab909-eb8f-4baf-9eed-7a4cc889cb7c","3, 0",1762894160965,1762894175112,1762894175112
188,"unlock","0adab909-eb8f-4baf-9eed-7a4cc889cb7c","3, 0",1762894317176,1762894362582,1762894317176
188,"unlock","0adab909-eb8f-4baf-9eed-7a4cc889cb7c","3, 0",1762894317176,1762894362582,1762894362582
191,"unlock","0adab909-eb8f-4baf-9eed-7a4cc889cb7c","3, 0",1762894862561,1762894922560,1762894862561
191,"unlock","0adab909-eb8f-4baf-9eed-7a4cc889cb7c","3, 0",1762894862561,1762894922560,1762894922560
191,"unlock","0adab909-eb8f-4baf-9eed-7a4cc889cb7c","3, 0",1762894922561,1762894982560,1762894922561
191,"unlock","0adab909-eb8f-4baf-9eed-7a4cc889cb7c","3, 0",1762894922561,1762894982560,1762894982560
191,"unlock","0adab909-eb8f-4baf-9eed-7a4cc889cb7c","3, 0",1762894982561,1762895042560,1762894982561
191,"unlock","0adab909-eb8f-4baf-9eed-7a4cc889cb7c","3, 0",1762894982561,1762895042560,1762895042560
191,"unlock","0adab909-eb8f-4baf-9eed-7a4cc889cb7c","3, 0",1762895042561,1762895102560,1762895042561
191,"unlock","0adab909-eb8f-4baf-9eed-7a4cc889cb7c","3, 0",1762895042561,1762895102560,1762895102560
191,"unlock","0adab909-eb8f-4baf-9eed-7a4cc889cb7c","3, 0",1762895102561,1762895162560,1762895102561
191,"unlock","0adab909-eb8f-4baf-9eed-7a4cc889cb7c","3, 0",1762895102561,1762895162560,1762895162560
191,"unlock","0adab909-eb8f-4baf-9eed-7a4cc889cb7c","3, 0",1762895162561,1762895222560,1762895162561
191,"unlock","0adab909-eb8f-4baf-9eed-7a4cc889cb7c","3, 0",1762895162561,1762895222560,1762895222560
191,"unlock","0adab909-eb8f-4baf-9eed-7a4cc889cb7c","3, 0",1762895222561,1762895282560,1762895222561
191,"unlock","0adab909-eb8f-4baf-9eed-7a4cc889cb7c","3, 0",1762895222561,1762895282560,1762895282560
191,"unlock","0adab909-eb8f-4baf-9eed-7a4cc889cb7c","3, 0",1762895282561,1762895342560,1762895282561
191,"unlock","0adab909-eb8f-4baf-9eed-7a4cc889cb7c","3, 0",1762895282561,1762895342560,1762895342560
191,"unlock","0adab909-eb8f-4baf-9eed-7a4cc889cb7c","3, 0",1762895342561,1762895402560,1762895342561
191,"unlock","0adab909-eb8f-4baf-9eed-7a4cc889cb7c","3, 0",1762895342561,1762895402560,1762895402560
191,"unlock","0adab909-eb8f-4baf-9eed-7a4cc889cb7c","3, 0",1762895402561,1762895462560,1762895402561
191,"unlock","0adab909-eb8f-4baf-9eed-7a4cc889cb7c","3, 0",1762895402561,1762895462560,1762895462560
191,"unlock","0adab909-eb8f-4baf-9eed-7a4cc889cb7c","3, 0",1762895462561,1762895522560,1762895462561
191,"unlock","0adab909-eb8f-4baf-9eed-7a4cc889cb7c","3, 0",1762895462561,1762895522560,1762895522560
191,"unlock","0adab909-eb8f-4baf-9eed-7a4cc889cb7c","3, 0",1762895522561,1762895582560,1762895522561
191,"unlock","0adab909-eb8f-4baf-9eed-7a4cc889cb7c","3, 0",1762895522561,1762895582560,1762895582560
191,"unlock","0adab909-eb8f-4baf-9eed-7a4cc889cb7c","3, 0",1762895582561,1762895642560,1762895582561
191,"unlock","0adab909-eb8f-4baf-9eed-7a4cc889cb7c","3, 0",1762895582561,1762895642560,1762895642560
191,"unlock","0adab909-eb8f-4baf-9eed-7a4cc889cb7c","3, 0",1762895642561,1762895702560,1762895642561
191,"unlock","0adab909-eb8f-4baf-9eed-7a4cc889cb7c","3, 0",1762895642561,1762895702560,1762895702560
191,"unlock","0adab909-eb8f-4baf-9eed-7a4cc889cb7c","3, 0",1762895702561,1762895762560,1762895702561
191,"unlock","0adab909-eb8f-4baf-9eed-7a4cc889cb7c","3, 0",1762895702561,1762895762560,1762895762560
191,"unlock","0adab909-eb8f-4baf-9eed-7a4cc889cb7c","3, 0",1762895762561,1762895822560,1762895762561
191,"unlock","0adab909-eb8f-4baf-9eed-7a4cc889cb7c","3, 0",1762895762561,1762895822560,1762895822560
191,"unlock","0adab909-eb8f-4baf-9eed-7a4cc889cb7c","3, 0",1762895822561,1762895882560,1762895822561
191,"unlock","0adab909-eb8f-4baf-9eed-7a4cc889cb7c","3, 0",1762895822561,1762895882560,1762895882560
191,"unlock","0adab909-eb8f-4baf-9eed-7a4cc889cb7c","3, 0",1762895882561,1762895942560,1762895882561
191,"unlock","0adab909-eb8f-4baf-9eed-7a4cc889cb7c","3, 0",1762895882561,1762895942560,1762895942560
191,"unlock","0adab909-eb8f-4baf-9eed-7a4cc889cb7c","3, 0",1762895942561,1762896002560,1762895942561
191,"unlock","0adab909-eb8f-4baf-9eed-7a4cc889cb7c","3, 0",1762895942561,1762896002560,1762896002560
191,"unlock","0adab909-eb8f-4baf-9eed-7a4cc889cb7c","3, 0",1762896002561,1762896062560,1762896002561
191,"unlock","0adab909-eb8f-4baf-9eed-7a4cc889cb7c","3, 0",1762896002561,1762896062560,1762896062560
191,"unlock","0adab909-eb8f-4baf-9eed-7a4cc889cb7c","3, 0",1762896062561,1762896122560,1762896062561
191,"unlock","0adab909-eb8f-4baf-9eed-7a4cc889cb7c","3, 0",1762896062561,1762896122560,1762896122560
191,"unlock","0adab909-eb8f-4baf-9eed-7a4cc889cb7c","3, 0",1762896122561,1762896182560,1762896122561
191,"unlock","0adab909-eb8f-4baf-9eed-7a4cc889cb7c","3, 0",1762896122561,1762896182560,1762896182560
191,"unlock","0adab909-eb8f-4baf-9eed-7a4cc889cb7c","3, 0",1762896182561,1762896242560,1762896182561
191,"unlock","0adab909-eb8f-4baf-9eed-7a4cc889cb7c","3, 0",1762896182561,1762896242560,1762896242560
191,"unlock","0adab909-eb8f-4baf-9eed-7a4cc889cb7c","3, 0",1762896242561,1762896302560,1762896242561
191,"unlock","0adab909-eb8f-4baf-9eed-7a4cc889cb7c","3, 0",1762896242561,1762896302560,1762896302560
191,"unlock","0adab909-eb8f-4baf-9eed-7a4cc889cb7c","3, 0",1762896302561,1762896362560,1762896302561
191,"unlock","0adab909-eb8f-4baf-9eed-7a4cc889cb7c","3, 0",1762896302561,1762896362560,1762896362560
191,"unlock","0adab909-eb8f-4baf-9eed-7a4cc889cb7c","3, 0",1762896362561,1762896422560,1762896362561
191,"unlock","0adab909-eb8f-4baf-9eed-7a4cc889cb7c","3, 0",1762896362561,1762896422560,1762896422560
191,"unlock","0adab909-eb8f-4baf-9eed-7a4cc889cb7c","3, 0",1762896422561,1762896482560,1762896422561
191,"unlock","0adab909-eb8f-4baf-9eed-7a4cc889cb7c","3, 0",1762896422561,1762896482560,1762896482560
191,"unlock","0adab909-eb8f-4baf-9eed-7a4cc889cb7c","3, 0",1762896482561,1762896542560,1762896482561
191,"unlock","0adab909-eb8f-4baf-9eed-7a4cc889cb7c","3, 0",1762896482561,1762896542560,1762896542560
191,"unlock","0adab909-eb8f-4baf-9eed-7a4cc889cb7c","3, 0",1762896542561,1762896602560,1762896542561
191,"unlock","0adab909-eb8f-4baf-9eed-7a4cc889cb7c","3, 0",1762896542561,1762896602560,1762896602560
191,"unlock","0adab909-eb8f-4baf-9eed-7a4cc889cb7c","3, 0",1762896602561,1762896662560,1762896602561
191,"unlock","0adab909-eb8f-4baf-9eed-7a4cc889cb7c","3, 0",1762896602561,1762896662560,1762896662560
191,"unlock","0adab909-eb8f-4baf-9eed-7a4cc889cb7c","3, 0",1762896662561,1762896722560,1762896662561
191,"unlock","0adab909-eb8f-4baf-9eed-7a4cc889cb7c","3, 0",1762896662561,1762896722560,1762896722560
191,"unlock","0adab909-eb8f-4baf-9eed-7a4cc889cb7c","3, 0",1762896722561,1762896782560,1762896722561
191,"unlock","0adab909-eb8f-4baf-9eed-7a4cc889cb7c","3, 0",1762896722561,1762896782560,1762896782560
191,"unlock","0adab909-eb8f-4baf-9eed-7a4cc889cb7c","3, 0",1762896782561,1762896842560,1762896782561
191,"unlock","0adab909-eb8f-4baf-9eed-7a4cc889cb7c","3, 0",1762896782561,1762896842560,1762896842560
191,"unlock","0adab909-eb8f-4baf-9eed-7a4cc889cb7c","3, 0",1762896842561,1762896902560,1762896842561
191,"unlock","0adab909-eb8f-4baf-9eed-7a4cc889cb7c","3, 0",1762896842561,1762896902560,1762896902560
191,"unlock","0adab909-eb8f-4baf-9eed-7a4cc889cb7c","3, 0",1762896902561,1762896962560,1762896902561
191,"unlock","0adab909-eb8f-4baf-9eed-7a4cc889cb7c","3, 0",1762896902561,1762896962560,1762896962560
191,"unlock","0adab909-eb8f-4baf-9eed-7a4cc889cb7c","3, 0",1762896962561,1762897022560,1762896962561
191,"unlock","0adab909-eb8f-4baf-9eed-7a4cc889cb7c","3, 0",1762896962561,1762897022560,1762897022560
191,"unlock","0adab909-eb8f-4baf-9eed-7a4cc889cb7c","3, 0",1762897022561,1762897082560,1762897022561
191,"unlock","0adab909-eb8f-4baf-9eed-7a4cc889cb7c","3, 0",1762897022561,1762897082560,1762897082560
191,"unlock","0adab909-eb8f-4baf-9eed-7a4cc889cb7c","3, 0",1762897082561,1762897142560,1762897082561
191,"unlock","0adab909-eb8f-4baf-9eed-7a4cc889cb7c","3, 0",1762897082561,1762897142560,1762897142560
191,"unlock","0adab909-eb8f-4baf-9eed-7a4cc889cb7c","3, 0",1762897142561,1762897202560,1762897142561
191,"unlock","0adab909-eb8f-4baf-9eed-7a4cc889cb7c","3, 0",1762897142561,1762897202560,1762897202560
191,"unlock","0adab909-eb8f-4baf-9eed-7a4cc889cb7c","3, 0",1762897202561,1762897262560,1762897202561
191,"unlock","0adab909-eb8f-4baf-9eed-7a4cc889cb7c","3, 0",1762897202561,1762897262560,1762897262560
191,"unlock","0adab909-eb8f-4baf-9eed-7a4cc889cb7c","3, 0",1762897262561,1762897322560,1762897262561
191,"unlock","0adab909-eb8f-4baf-9eed-7a4cc889cb7c","3, 0",1762897262561,1762897322560,1762897322560
191,"unlock","0adab909-eb8f-4baf-9eed-7a4cc889cb7c","3, 0",1762897322561,1762897382560,1762897322561
191,"unlock","0adab909-eb8f-4baf-9eed-7a4cc889cb7c","3, 0",1762897322561,1762897382560,1762897382560
191,"unlock","0adab909-eb8f-4baf-9eed-7a4cc889cb7c","3, 0",1762897382561,1762897442560,1762897382561
191,"unlock","0adab909-eb8f-4baf-9eed-7a4cc889cb7c","3, 0",1762897382561,1762897442560,1762897442560
191,"unlock","0adab909-eb8f-4baf-9eed-7a4cc889cb7c","3, 0",1762897442561,1762897502560,1762897442561
191,"unlock","0adab909-eb8f-4baf-9eed-7a4cc889cb7c","3, 0",1762897442561,1762897502560,1762897502560
191,"unlock","0adab909-eb8f-4baf-9eed-7a4cc889cb7c","3, 0",1762897502561,1762897562560,1762897502561
191,"unlock","0adab909-eb8f-4baf-9eed-7a4cc889cb7c","3, 0",1762897502561,1762897562560,1762897562560
191,"unlock","0adab909-eb8f-4baf-9eed-7a4cc889cb7c","3, 0",1762897562561,1762897622560,1762897562561
191,"unlock","0adab909-eb8f-4baf-9eed-7a4cc889cb7c","3, 0",1762897562561,1762897622560,1762897622560
191,"unlock","0adab909-eb8f-4baf-9eed-7a4cc889cb7c","3, 0",1762897622561,1762897682560,1762897622561
191,"unlock","0adab909-eb8f-4baf-9eed-7a4cc889cb7c","3, 0",1762897622561,1762897682560,1762897682560
191,"unlock","0adab909-eb8f-4baf-9eed-7a4cc889cb7c","3, 0",1762897682561,1762897742560,1762897682561
191,"unlock","0adab909-eb8f-4baf-9eed-7a4cc889cb7c","3, 0",1762897682561,1762897742560,1762897742560
191,"unlock","0adab909-eb8f-4baf-9eed-7a4cc889cb7c","3, 0",1762897742561,1762897802560,1762897742561
191,"unlock","0adab909-eb8f-4baf-9eed-7a4cc889cb7c","3, 0",1762897742561,1762897802560,1762897802560
191,"unlock","0adab909-eb8f-4baf-9eed-7a4cc889cb7c","3, 0",1762897802561,1762897862560,1762897802561
191,"unlock","0adab909-eb8f-4baf-9eed-7a4cc889cb7c","3, 0",1762897802561,1762897862560,1762897862560
191,"unlock","0adab909-eb8f-4baf-9eed-7a4cc889cb7c","3, 0",1762897862561,1762897922560,1762897862561
191,"unlock","0adab909-eb8f-4baf-9eed-7a4cc889cb7c","3, 0",1762897862561,1762897922560,1762897922560
191,"unlock","0adab909-eb8f-4baf-9eed-7a4cc889cb7c","3, 0",1762897922561,1762897982560,1762897922561
191,"unlock","0adab909-eb8f-4baf-9eed-7a4cc889cb7c","3, 0",1762897922561,1762897982560,1762897982560
191,"unlock","0adab909-eb8f-4baf-9eed-7a4cc889cb7c","3, 0",1762897982561,1762898042560,1762897982561
191,"unlock","0adab909-eb8f-4baf-9eed-7a4cc889cb7c","3, 0",1762897982561,1762898042560,1762898042560
191,"unlock","0adab909-eb8f-4baf-9eed-7a4cc889cb7c","3, 0",1762898042561,1762898102560,1762898042561
191,"unlock","0adab909-eb8f-4baf-9eed-7a4cc889cb7c","3, 0",1762898042561,1762898102560,1762898102560
191,"unlock","0adab909-eb8f-4baf-9eed-7a4cc889cb7c","3, 0",1762898102561,1762898162560,1762898102561
191,"unlock","0adab909-eb8f-4baf-9eed-7a4cc889cb7c","3, 0",1762898102561,1762898162560,1762898162560
191,"unlock","0adab909-eb8f-4baf-9eed-7a4cc889cb7c","3, 0",1762898162561,1762898222560,1762898162561
191,"unlock","0adab909-eb8f-4baf-9eed-7a4cc889cb7c","3, 0",1762898162561,1762898222560,1762898222560
191,"unlock","0adab909-eb8f-4baf-9eed-7a4cc889cb7c","3, 0",1762898222561,1762898282560,1762898222561
191,"unlock","0adab909-eb8f-4baf-9eed-7a4cc889cb7c","3, 0",1762898222561,1762898282560,1762898282560
191,"unlock","0adab909-eb8f-4baf-9eed-7a4cc889cb7c","3, 0",1762898282561,1762898342560,1762898282561
191,"unlock","0adab909-eb8f-4baf-9eed-7a4cc889cb7c","3, 0",1762898282561,1762898342560,1762898342560
191,"unlock","0adab909-eb8f-4baf-9eed-7a4cc889cb7c","3, 0",1762898342561,1762898402560,1762898342561
191,"unlock","0adab909-eb8f-4baf-9eed-7a4cc889cb7c","3, 0",1762898342561,1762898402560,1762898402560
191,"unlock","0adab909-eb8f-4baf-9eed-7a4cc889cb7c","3, 0",1762898402561,1762898462560,1762898402561
191,"unlock","0adab909-eb8f-4baf-9eed-7a4cc889cb7c","3, 0",1762898402561,1762898462560,1762898462560
191,"unlock","0adab909-eb8f-4baf-9eed-7a4cc889cb7c","3, 0",1762898462561,1762898482937,1762898462561
191,"unlock","0adab909-eb8f-4baf-9eed-7a4cc889cb7c","3, 0",1762898462561,1762898482937,1762898482937
198,"unlock","0adab909-eb8f-4baf-9eed-7a4cc889cb7c","3, 0",1762928927816,1762928987815,1762928927816
198,"unlock","0adab909-eb8f-4baf-9eed-7a4cc889cb7c","3, 0",1762928927816,1762928987815,1762928987815
198,"unlock","0adab909-eb8f-4baf-9eed-7a4cc889cb7c","3, 0",1762928987816,1762929047815,1762928987816
198,"unlock","0adab909-eb8f-4baf-9eed-7a4cc889cb7c","3, 0",1762928987816,1762929047815,1762929047815
198,"unlock","0adab909-eb8f-4baf-9eed-7a4cc889cb7c","3, 0",1762929047816,1762929107815,1762929047816
198,"unlock","0adab909-eb8f-4baf-9eed-7a4cc889cb7c","3, 0",1762929047816,1762929107815,1762929107815
198,"unlock","0adab909-eb8f-4baf-9eed-7a4cc889cb7c","3, 0",1762929107816,1762929167815,1762929107816
198,"unlock","0adab909-eb8f-4baf-9eed-7a4cc889cb7c","3, 0",1762929107816,1762929167815,1762929167815
198,"unlock","0adab909-eb8f-4baf-9eed-7a4cc889cb7c","3, 0",1762929167816,1762929227815,1762929167816
198,"unlock","0adab909-eb8f-4baf-9eed-7a4cc889cb7c","3, 0",1762929167816,1762929227815,1762929227815
198,"unlock","0adab909-eb8f-4baf-9eed-7a4cc889cb7c","3, 0",1762929227816,1762929287815,1762929227816
198,"unlock","0adab909-eb8f-4baf-9eed-7a4cc889cb7c","3, 0",1762929227816,1762929287815,1762929287815
198,"unlock","0adab909-eb8f-4baf-9eed-7a4cc889cb7c","3, 0",1762929287816,1762929347815,1762929287816
198,"unlock","0adab909-eb8f-4baf-9eed-7a4cc889cb7c","3, 0",1762929287816,1762929347815,1762929347815
198,"unlock","0adab909-eb8f-4baf-9eed-7a4cc889cb7c","3, 0",1762929347816,1762929407815,1762929347816
198,"unlock","0adab909-eb8f-4baf-9eed-7a4cc889cb7c","3, 0",1762929347816,1762929407815,1762929407815
198,"unlock","0adab909-eb8f-4baf-9eed-7a4cc889cb7c","3, 0",1762929407816,1762929467815,1762929407816
198,"unlock","0adab909-eb8f-4baf-9eed-7a4cc889cb7c","3, 0",1762929407816,1762929467815,1762929467815
198,"unlock","0adab909-eb8f-4baf-9eed-7a4cc889cb7c","3, 0",1762929467816,1762929505195,1762929467816
198,"unlock","0adab909-eb8f-4baf-9eed-7a4cc889cb7c","3, 0",1762929467816,1762929505195,1762929505195
207,"unlock","0adab909-eb8f-4baf-9eed-7a4cc889cb7c","3, 0",1762941467506,1762941493074,1762941467506
207,"unlock","0adab909-eb8f-4baf-9eed-7a4cc889cb7c","3, 0",1762941467506,1762941493074,1762941493074
210,"unlock","0adab909-eb8f-4baf-9eed-7a4cc889cb7c","3, 0",1762948379833,1762948403051,1762948379833
210,"unlock","0adab909-eb8f-4baf-9eed-7a4cc889cb7c","3, 0",1762948379833,1762948403051,1762948403051
217,"unlock","0adab909-eb8f-4baf-9eed-7a4cc889cb7c","3, 0",1762960225054,1762960285053,1762960225054
217,"unlock","0adab909-eb8f-4baf-9eed-7a4cc889cb7c","3, 0",1762960225054,1762960285053,1762960285053
217,"unlock","0adab909-eb8f-4baf-9eed-7a4cc889cb7c","3, 0",1762960285054,1762960345053,1762960285054
217,"unlock","0adab909-eb8f-4baf-9eed-7a4cc889cb7c","3, 0",1762960285054,1762960345053,1762960345053
217,"unlock","0adab909-eb8f-4baf-9eed-7a4cc889cb7c","3, 0",1762960345054,1762960405053,1762960345054
217,"unlock","0adab909-eb8f-4baf-9eed-7a4cc889cb7c","3, 0",1762960345054,1762960405053,1762960405053
217,"unlock","0adab909-eb8f-4baf-9eed-7a4cc889cb7c","3, 0",1762960405054,1762960465053,1762960405054
217,"unlock","0adab909-eb8f-4baf-9eed-7a4cc889cb7c","3, 0",1762960405054,1762960465053,1762960465053
217,"unlock","0adab909-eb8f-4baf-9eed-7a4cc889cb7c","3, 0",1762960465054,1762960523351,1762960465054
217,"unlock","0adab909-eb8f-4baf-9eed-7a4cc889cb7c","3, 0",1762960465054,1762960523351,1762960523351
220,"unlock","0adab909-eb8f-4baf-9eed-7a4cc889cb7c","3, 0",1762960571806,1762960585663,1762960571806
220,"unlock","0adab909-eb8f-4baf-9eed-7a4cc889cb7c","3, 0",1762960571806,1762960585663,1762960585663
223,"unlock","0adab909-eb8f-4baf-9eed-7a4cc889cb7c","3, 0",1762960651154,1762960656449,1762960651154
223,"unlock","0adab909-eb8f-4baf-9eed-7a4cc889cb7c","3, 0",1762960651154,1762960656449,1762960656449
226,"unlock","0adab909-eb8f-4baf-9eed-7a4cc889cb7c","3, 0",1762960693230,1762960717154,1762960693230
226,"unlock","0adab909-eb8f-4baf-9eed-7a4cc889cb7c","3, 0",1762960693230,1762960717154,1762960717154
229,"unlock","0adab909-eb8f-4baf-9eed-7a4cc889cb7c","3, 0",1762960820258,1762960880257,1762960820258
229,"unlock","0adab909-eb8f-4baf-9eed-7a4cc889cb7c","3, 0",1762960820258,1762960880257,1762960880257
229,"unlock","0adab909-eb8f-4baf-9eed-7a4cc889cb7c","3, 0",1762960880258,1762960915325,1762960880258
229,"unlock","0adab909-eb8f-4baf-9eed-7a4cc889cb7c","3, 0",1762960880258,1762960915325,1762960915325
232,"unlock","0adab909-eb8f-4baf-9eed-7a4cc889cb7c","3, 0",1762960935998,1762960995997,1762960935998
232,"unlock","0adab909-eb8f-4baf-9eed-7a4cc889cb7c","3, 0",1762960935998,1762960995997,1762960995997
232,"unlock","0adab909-eb8f-4baf-9eed-7a4cc889cb7c","3, 0",1762960995998,1762961055997,1762960995998
232,"unlock","0adab909-eb8f-4baf-9eed-7a4cc889cb7c","3, 0",1762960995998,1762961055997,1762961055997
232,"unlock","0adab909-eb8f-4baf-9eed-7a4cc889cb7c","3, 0",1762961055998,1762961115997,1762961055998
232,"unlock","0adab909-eb8f-4baf-9eed-7a4cc889cb7c","3, 0",1762961055998,1762961115997,1762961115997
232,"unlock","0adab909-eb8f-4baf-9eed-7a4cc889cb7c","3, 0",1762961115998,1762961175997,1762961115998
232,"unlock","0adab909-eb8f-4baf-9eed-7a4cc889cb7c","3, 0",1762961115998,1762961175997,1762961175997
232,"unlock","0adab909-eb8f-4baf-9eed-7a4cc889cb7c","3, 0",1762961175998,1762961235997,1762961175998
232,"unlock","0adab909-eb8f-4baf-9eed-7a4cc889cb7c","3, 0",1762961175998,1762961235997,1762961235997
232,"unlock","0adab909-eb8f-4baf-9eed-7a4cc889cb7c","3, 0",1762961235998,1762961295997,1762961235998
232,"unlock","0adab909-eb8f-4baf-9eed-7a4cc889cb7c","3, 0",1762961235998,1762961295997,1762961295997
232,"unlock","0adab909-eb8f-4baf-9eed-7a4cc889cb7c","3, 0",1762961295998,1762961355997,1762961295998
232,"unlock","0adab909-eb8f-4baf-9eed-7a4cc889cb7c","3, 0",1762961295998,1762961355997,1762961355997
232,"unlock","0adab909-eb8f-4baf-9eed-7a4cc889cb7c","3, 0",1762961355998,1762961415997,1762961355998
232,"unlock","0adab909-eb8f-4baf-9eed-7a4cc889cb7c","3, 0",1762961355998,1762961415997,1762961415997
232,"unlock","0adab909-eb8f-4baf-9eed-7a4cc889cb7c","3, 0",1762961415998,1762961475997,1762961415998
232,"unlock","0adab909-eb8f-4baf-9eed-7a4cc889cb7c","3, 0",1762961415998,1762961475997,1762961475997
232,"unlock","0adab909-eb8f-4baf-9eed-7a4cc889cb7c","3, 0",1762961475998,1762961535997,1762961475998
232,"unlock","0adab909-eb8f-4baf-9eed-7a4cc889cb7c","3, 0",1762961475998,1762961535997,1762961535997
232,"unlock","0adab909-eb8f-4baf-9eed-7a4cc889cb7c","3, 0",1762961535998,1762961595997,1762961535998
232,"unlock","0adab909-eb8f-4baf-9eed-7a4cc889cb7c","3, 0",1762961535998,1762961595997,1762961595997
232,"unlock","0adab909-eb8f-4baf-9eed-7a4cc889cb7c","3, 0",1762961595998,1762961655997,1762961595998
232,"unlock","0adab909-eb8f-4baf-9eed-7a4cc889cb7c","3, 0",1762961595998,1762961655997,1762961655997
232,"unlock","0adab909-eb8f-4baf-9eed-7a4cc889cb7c","3, 0",1762961655998,1762961715997,1762961655998
232,"unlock","0adab909-eb8f-4baf-9eed-7a4cc889cb7c","3, 0",1762961655998,1762961715997,1762961715997
232,"unlock","0adab909-eb8f-4baf-9eed-7a4cc889cb7c","3, 0",1762961715998,1762961775997,1762961715998
232,"unlock","0adab909-eb8f-4baf-9eed-7a4cc889cb7c","3, 0",1762961715998,1762961775997,1762961775997
232,"unlock","0adab909-eb8f-4baf-9eed-7a4cc889cb7c","3, 0",1762961775998,1762961835997,1762961775998
232,"unlock","0adab909-eb8f-4baf-9eed-7a4cc889cb7c","3, 0",1762961775998,1762961835997,1762961835997
232,"unlock","0adab909-eb8f-4baf-9eed-7a4cc889cb7c","3, 0",1762961835998,1762961895997,1762961835998
232,"unlock","0adab909-eb8f-4baf-9eed-7a4cc889cb7c","3, 0",1762961835998,1762961895997,1762961895997
232,"unlock","0adab909-eb8f-4baf-9eed-7a4cc889cb7c","3, 0",1762961895998,1762961955997,1762961895998
232,"unlock","0adab909-eb8f-4baf-9eed-7a4cc889cb7c","3, 0",1762961895998,1762961955997,1762961955997
232,"unlock","0adab909-eb8f-4baf-9eed-7a4cc889cb7c","3, 0",1762961955998,1762962015997,1762961955998
232,"unlock","0adab909-eb8f-4baf-9eed-7a4cc889cb7c","3, 0",1762961955998,1762962015997,1762962015997
232,"unlock","0adab909-eb8f-4baf-9eed-7a4cc889cb7c","3, 0",1762962015998,1762962075997,1762962015998
232,"unlock","0adab909-eb8f-4baf-9eed-7a4cc889cb7c","3, 0",1762962015998,1762962075997,1762962075997
232,"unlock","0adab909-eb8f-4baf-9eed-7a4cc889cb7c","3, 0",1762962075998,1762962106833,1762962075998
232,"unlock","0adab909-eb8f-4baf-9eed-7a4cc889cb7c","3, 0",1762962075998,1762962106833,1762962106833
239,"unlock","0adab909-eb8f-4baf-9eed-7a4cc889cb7c","3, 0",1762962569122,1762962629121,1762962569122
239,"unlock","0adab909-eb8f-4baf-9eed-7a4cc889cb7c","3, 0",1762962569122,1762962629121,1762962629121
239,"unlock","0adab909-eb8f-4baf-9eed-7a4cc889cb7c","3, 0",1762962629122,1762962657726,1762962629122
239,"unlock","0adab909-eb8f-4baf-9eed-7a4cc889cb7c","3, 0",1762962629122,1762962657726,1762962657726
242,"unlock","0adab909-eb8f-4baf-9eed-7a4cc889cb7c","3, 0",1762962766620,1762962826619,1762962766620
242,"unlock","0adab909-eb8f-4baf-9eed-7a4cc889cb7c","3, 0",1762962766620,1762962826619,1762962826619
242,"unlock","0adab909-eb8f-4baf-9eed-7a4cc889cb7c","3, 0",1762962826620,1762962886619,1762962826620
242,"unlock","0adab909-eb8f-4baf-9eed-7a4cc889cb7c","3, 0",1762962826620,1762962886619,1762962886619
242,"unlock","0adab909-eb8f-4baf-9eed-7a4cc889cb7c","3, 0",1762962886620,1762962946619,1762962886620
242,"unlock","0adab909-eb8f-4baf-9eed-7a4cc889cb7c","3, 0",1762962886620,1762962946619,1762962946619
242,"unlock","0adab909-eb8f-4baf-9eed-7a4cc889cb7c","3, 0",1762962946620,1762963006619,1762962946620
242,"unlock","0adab909-eb8f-4baf-9eed-7a4cc889cb7c","3, 0",1762962946620,1762963006619,1762963006619
242,"unlock","0adab909-eb8f-4baf-9eed-7a4cc889cb7c","3, 0",1762963006620,1762963066619,1762963006620
242,"unlock","0adab909-eb8f-4baf-9eed-7a4cc889cb7c","3, 0",1762963006620,1762963066619,1762963066619
242,"unlock","0adab909-eb8f-4baf-9eed-7a4cc889cb7c","3, 0",1762963066620,1762963069777,1762963066620
242,"unlock","0adab909-eb8f-4baf-9eed-7a4cc889cb7c","3, 0",1762963066620,1762963069777,1762963069777
245,"unlock","0adab909-eb8f-4baf-9eed-7a4cc889cb7c","3, 0",1762963205066,1762963265065,1762963205066
245,"unlock","0adab909-eb8f-4baf-9eed-7a4cc889cb7c","3, 0",1762963205066,1762963265065,1762963265065
245,"unlock","0adab909-eb8f-4baf-9eed-7a4cc889cb7c","3, 0",1762963265066,1762963325065,1762963265066
245,"unlock","0adab909-eb8f-4baf-9eed-7a4cc889cb7c","3, 0",1762963265066,1762963325065,1762963325065
245,"unlock","0adab909-eb8f-4baf-9eed-7a4cc889cb7c","3, 0",1762963325066,1762963385065,1762963325066
245,"unlock","0adab909-eb8f-4baf-9eed-7a4cc889cb7c","3, 0",1762963325066,1762963385065,1762963385065
245,"unlock","0adab909-eb8f-4baf-9eed-7a4cc889cb7c","3, 0",1762963385066,1762963445065,1762963385066
245,"unlock","0adab909-eb8f-4baf-9eed-7a4cc889cb7c","3, 0",1762963385066,1762963445065,1762963445065
245,"unlock","0adab909-eb8f-4baf-9eed-7a4cc889cb7c","3, 0",1762963445066,1762963505065,1762963445066
245,"unlock","0adab909-eb8f-4baf-9eed-7a4cc889cb7c","3, 0",1762963445066,1762963505065,1762963505065
245,"unlock","0adab909-eb8f-4baf-9eed-7a4cc889cb7c","3, 0",1762963505066,1762963565065,1762963505066
245,"unlock","0adab909-eb8f-4baf-9eed-7a4cc889cb7c","3, 0",1762963505066,1762963565065,1762963565065
245,"unlock","0adab909-eb8f-4baf-9eed-7a4cc889cb7c","3, 0",1762963565066,1762963625065,1762963565066
245,"unlock","0adab909-eb8f-4baf-9eed-7a4cc889cb7c","3, 0",1762963565066,1762963625065,1762963625065
245,"unlock","0adab909-eb8f-4baf-9eed-7a4cc889cb7c","3, 0",1762963625066,1762963685065,1762963625066
245,"unlock","0adab909-eb8f-4baf-9eed-7a4cc889cb7c","3, 0",1762963625066,1762963685065,1762963685065
245,"unlock","0adab909-eb8f-4baf-9eed-7a4cc889cb7c","3, 0",1762963685066,1762963745065,1762963685066
245,"unlock","0adab909-eb8f-4baf-9eed-7a4cc889cb7c","3, 0",1762963685066,1762963745065,1762963745065
245,"unlock","0adab909-eb8f-4baf-9eed-7a4cc889cb7c","3, 0",1762963745066,1762963749022,1762963745066
245,"unlock","0adab909-eb8f-4baf-9eed-7a4cc889cb7c","3, 0",1762963745066,1762963749022,1762963749022
248,"unlock","0adab909-eb8f-4baf-9eed-7a4cc889cb7c","3, 0",1762963794406,1762963816812,1762963794406
248,"unlock","0adab909-eb8f-4baf-9eed-7a4cc889cb7c","3, 0",1762963794406,1762963816812,1762963816812
251,"unlock","0adab909-eb8f-4baf-9eed-7a4cc889cb7c","3, 0",1762963838701,1762963898700,1762963838701
251,"unlock","0adab909-eb8f-4baf-9eed-7a4cc889cb7c","3, 0",1762963838701,1762963898700,1762963898700
251,"unlock","0adab909-eb8f-4baf-9eed-7a4cc889cb7c","3, 0",1762963898701,1762963958700,1762963898701
251,"unlock","0adab909-eb8f-4baf-9eed-7a4cc889cb7c","3, 0",1762963898701,1762963958700,1762963958700
251,"unlock","0adab909-eb8f-4baf-9eed-7a4cc889cb7c","3, 0",1762963958701,1762964018700,1762963958701
251,"unlock","0adab909-eb8f-4baf-9eed-7a4cc889cb7c","3, 0",1762963958701,1762964018700,1762964018700
251,"unlock","0adab909-eb8f-4baf-9eed-7a4cc889cb7c","3, 0",1762964018701,1762964078700,1762964018701
251,"unlock","0adab909-eb8f-4baf-9eed-7a4cc889cb7c","3, 0",1762964018701,1762964078700,1762964078700
251,"unlock","0adab909-eb8f-4baf-9eed-7a4cc889cb7c","3, 0",1762964078701,1762964088647,1762964078701
251,"unlock","0adab909-eb8f-4baf-9eed-7a4cc889cb7c","3, 0",1762964078701,1762964088647,1762964088647
258,"unlock","0adab909-eb8f-4baf-9eed-7a4cc889cb7c","3, 0",1762964246899,1762964251468,1762964246899
258,"unlock","0adab909-eb8f-4baf-9eed-7a4cc889cb7c","3, 0",1762964246899,1762964251468,1762964251468
273,"unlock","0adab909-eb8f-4baf-9eed-7a4cc889cb7c","3, 0",1762966009040,1762966062136,1762966009040
273,"unlock","0adab909-eb8f-4baf-9eed-7a4cc889cb7c","3, 0",1762966009040,1762966062136,1762966062136
276,"unlock","0adab909-eb8f-4baf-9eed-7a4cc889cb7c","3, 0",1762966067435,1762966080004,1762966067435
276,"unlock","0adab909-eb8f-4baf-9eed-7a4cc889cb7c","3, 0",1762966067435,1762966080004,1762966080004
279,"unlock","0adab909-eb8f-4baf-9eed-7a4cc889cb7c","3, 0",1762966260271,1762966320270,1762966260271
279,"unlock","0adab909-eb8f-4baf-9eed-7a4cc889cb7c","3, 0",1762966260271,1762966320270,1762966320270
279,"unlock","0adab909-eb8f-4baf-9eed-7a4cc889cb7c","3, 0",1762966320271,1762966380270,1762966320271
279,"unlock","0adab909-eb8f-4baf-9eed-7a4cc889cb7c","3, 0",1762966320271,1762966380270,1762966380270
279,"unlock","0adab909-eb8f-4baf-9eed-7a4cc889cb7c","3, 0",1762966380271,1762966440270,1762966380271
279,"unlock","0adab909-eb8f-4baf-9eed-7a4cc889cb7c","3, 0",1762966380271,1762966440270,1762966440270
279,"unlock","0adab909-eb8f-4baf-9eed-7a4cc889cb7c","3, 0",1762966440271,1762966500270,1762966440271
279,"unlock","0adab909-eb8f-4baf-9eed-7a4cc889cb7c","3, 0",1762966440271,1762966500270,1762966500270
279,"unlock","0adab909-eb8f-4baf-9eed-7a4cc889cb7c","3, 0",1762966500271,1762966560270,1762966500271
279,"unlock","0adab909-eb8f-4baf-9eed-7a4cc889cb7c","3, 0",1762966500271,1762966560270,1762966560270
279,"unlock","0adab909-eb8f-4baf-9eed-7a4cc889cb7c","3, 0",1762966560271,1762966620270,1762966560271
279,"unlock","0adab909-eb8f-4baf-9eed-7a4cc889cb7c","3, 0",1762966560271,1762966620270,1762966620270
279,"unlock","0adab909-eb8f-4baf-9eed-7a4cc889cb7c","3, 0",1762966620271,1762966680270,1762966620271
279,"unlock","0adab909-eb8f-4baf-9eed-7a4cc889cb7c","3, 0",1762966620271,1762966680270,1762966680270
279,"unlock","0adab909-eb8f-4baf-9eed-7a4cc889cb7c","3, 0",1762966680271,1762966740270,1762966680271
279,"unlock","0adab909-eb8f-4baf-9eed-7a4cc889cb7c","3, 0",1762966680271,1762966740270,1762966740270
279,"unlock","0adab909-eb8f-4baf-9eed-7a4cc889cb7c","3, 0",1762966740271,1762966781720,1762966740271
279,"unlock","0adab909-eb8f-4baf-9eed-7a4cc889cb7c","3, 0",1762966740271,1762966781720,1762966781720
282,"unlock","0adab909-eb8f-4baf-9eed-7a4cc889cb7c","3, 0",1762967206063,1762967266062,1762967206063
282,"unlock","0adab909-eb8f-4baf-9eed-7a4cc889cb7c","3, 0",1762967206063,1762967266062,1762967266062
282,"unlock","0adab909-eb8f-4baf-9eed-7a4cc889cb7c","3, 0",1762967266063,1762967303237,1762967266063
282,"unlock","0adab909-eb8f-4baf-9eed-7a4cc889cb7c","3, 0",1762967266063,1762967303237,1762967303237
285,"unlock","0adab909-eb8f-4baf-9eed-7a4cc889cb7c","3, 0",1762967725694,1762967785693,1762967725694
285,"unlock","0adab909-eb8f-4baf-9eed-7a4cc889cb7c","3, 0",1762967725694,1762967785693,1762967785693
285,"unlock","0adab909-eb8f-4baf-9eed-7a4cc889cb7c","3, 0",1762967785694,1762967845693,1762967785694
285,"unlock","0adab909-eb8f-4baf-9eed-7a4cc889cb7c","3, 0",1762967785694,1762967845693,1762967845693
285,"unlock","0adab909-eb8f-4baf-9eed-7a4cc889cb7c","3, 0",1762967845694,1762967905693,1762967845694
285,"unlock","0adab909-eb8f-4baf-9eed-7a4cc889cb7c","3, 0",1762967845694,1762967905693,1762967905693
285,"unlock","0adab909-eb8f-4baf-9eed-7a4cc889cb7c","3, 0",1762967905694,1762967965693,1762967905694
285,"unlock","0adab909-eb8f-4baf-9eed-7a4cc889cb7c","3, 0",1762967905694,1762967965693,1762967965693
285,"unlock","0adab909-eb8f-4baf-9eed-7a4cc889cb7c","3, 0",1762967965694,1762968025693,1762967965694
285,"unlock","0adab909-eb8f-4baf-9eed-7a4cc889cb7c","3, 0",1762967965694,1762968025693,1762968025693
285,"unlock","0adab909-eb8f-4baf-9eed-7a4cc889cb7c","3, 0",1762968025694,1762968085693,1762968025694
285,"unlock","0adab909-eb8f-4baf-9eed-7a4cc889cb7c","3, 0",1762968025694,1762968085693,1762968085693
285,"unlock","0adab909-eb8f-4baf-9eed-7a4cc889cb7c","3, 0",1762968085694,1762968145693,1762968085694
285,"unlock","0adab909-eb8f-4baf-9eed-7a4cc889cb7c","3, 0",1762968085694,1762968145693,1762968145693
285,"unlock","0adab909-eb8f-4baf-9eed-7a4cc889cb7c","3, 0",1762968145694,1762968205693,1762968145694
285,"unlock","0adab909-eb8f-4baf-9eed-7a4cc889cb7c","3, 0",1762968145694,1762968205693,1762968205693
285,"unlock","0adab909-eb8f-4baf-9eed-7a4cc889cb7c","3, 0",1762968205694,1762968265693,1762968205694
285,"unlock","0adab909-eb8f-4baf-9eed-7a4cc889cb7c","3, 0",1762968205694,1762968265693,1762968265693
285,"unlock","0adab909-eb8f-4baf-9eed-7a4cc889cb7c","3, 0",1762968265694,1762968325693,1762968265694
285,"unlock","0adab909-eb8f-4baf-9eed-7a4cc889cb7c","3, 0",1762968265694,1762968325693,1762968325693
285,"unlock","0adab909-eb8f-4baf-9eed-7a4cc889cb7c","3, 0",1762968325694,1762968385693,1762968325694
285,"unlock","0adab909-eb8f-4baf-9eed-7a4cc889cb7c","3, 0",1762968325694,1762968385693,1762968385693
285,"unlock","0adab909-eb8f-4baf-9eed-7a4cc889cb7c","3, 0",1762968385694,1762968445693,1762968385694
285,"unlock","0adab909-eb8f-4baf-9eed-7a4cc889cb7c","3, 0",1762968385694,1762968445693,1762968445693
285,"unlock","0adab909-eb8f-4baf-9eed-7a4cc889cb7c","3, 0",1762968445694,1762968505693,1762968445694
285,"unlock","0adab909-eb8f-4baf-9eed-7a4cc889cb7c","3, 0",1762968445694,1762968505693,1762968505693
285,"unlock","0adab909-eb8f-4baf-9eed-7a4cc889cb7c","3, 0",1762968505694,1762968565693,1762968505694
285,"unlock","0adab909-eb8f-4baf-9eed-7a4cc889cb7c","3, 0",1762968505694,1762968565693,1762968565693
285,"unlock","0adab909-eb8f-4baf-9eed-7a4cc889cb7c","3, 0",1762968565694,1762968625693,1762968565694
285,"unlock","0adab909-eb8f-4baf-9eed-7a4cc889cb7c","3, 0",1762968565694,1762968625693,1762968625693
285,"unlock","0adab909-eb8f-4baf-9eed-7a4cc889cb7c","3, 0",1762968625694,1762968685693,1762968625694
285,"unlock","0adab909-eb8f-4baf-9eed-7a4cc889cb7c","3, 0",1762968625694,1762968685693,1762968685693
285,"unlock","0adab909-eb8f-4baf-9eed-7a4cc889cb7c","3, 0",1762968685694,1762968745693,1762968685694
285,"unlock","0adab909-eb8f-4baf-9eed-7a4cc889cb7c","3, 0",1762968685694,1762968745693,1762968745693
285,"unlock","0adab909-eb8f-4baf-9eed-7a4cc889cb7c","3, 0",1762968745694,1762968805693,1762968745694
285,"unlock","0adab909-eb8f-4baf-9eed-7a4cc889cb7c","3, 0",1762968745694,1762968805693,1762968805693
285,"unlock","0adab909-eb8f-4baf-9eed-7a4cc889cb7c","3, 0",1762968805694,1762968865693,1762968805694
285,"unlock","0adab909-eb8f-4baf-9eed-7a4cc889cb7c","3, 0",1762968805694,1762968865693,1762968865693
285,"unlock","0adab909-eb8f-4baf-9eed-7a4cc889cb7c","3, 0",1762968865694,1762968925693,1762968865694
285,"unlock","0adab909-eb8f-4baf-9eed-7a4cc889cb7c","3, 0",1762968865694,1762968925693,1762968925693
285,"unlock","0adab909-eb8f-4baf-9eed-7a4cc889cb7c","3, 0",1762968925694,1762968985693,1762968925694
285,"unlock","0adab909-eb8f-4baf-9eed-7a4cc889cb7c","3, 0",1762968925694,1762968985693,1762968985693
285,"unlock","0adab909-eb8f-4baf-9eed-7a4cc889cb7c","3, 0",1762968985694,1762969045693,1762968985694
285,"unlock","0adab909-eb8f-4baf-9eed-7a4cc889cb7c","3, 0",1762968985694,1762969045693,1762969045693
285,"unlock","0adab909-eb8f-4baf-9eed-7a4cc889cb7c","3, 0",1762969045694,1762969105693,1762969045694
285,"unlock","0adab909-eb8f-4baf-9eed-7a4cc889cb7c","3, 0",1762969045694,1762969105693,1762969105693
285,"unlock","0adab909-eb8f-4baf-9eed-7a4cc889cb7c","3, 0",1762969105694,1762969165693,1762969105694
285,"unlock","0adab909-eb8f-4baf-9eed-7a4cc889cb7c","3, 0",1762969105694,1762969165693,1762969165693
285,"unlock","0adab909-eb8f-4baf-9eed-7a4cc889cb7c","3, 0",1762969165694,1762969225693,1762969165694
285,"unlock","0adab909-eb8f-4baf-9eed-7a4cc889cb7c","3, 0",1762969165694,1762969225693,1762969225693
285,"unlock","0adab909-eb8f-4baf-9eed-7a4cc889cb7c","3, 0",1762969225694,1762969285693,1762969225694
285,"unlock","0adab909-eb8f-4baf-9eed-7a4cc889cb7c","3, 0",1762969225694,1762969285693,1762969285693
285,"unlock","0adab909-eb8f-4baf-9eed-7a4cc889cb7c","3, 0",1762969285694,1762969345693,1762969285694
285,"unlock","0adab909-eb8f-4baf-9eed-7a4cc889cb7c","3, 0",1762969285694,1762969345693,1762969345693
285,"unlock","0adab909-eb8f-4baf-9eed-7a4cc889cb7c","3, 0",1762969345694,1762969405693,1762969345694
285,"unlock","0adab909-eb8f-4baf-9eed-7a4cc889cb7c","3, 0",1762969345694,1762969405693,1762969405693
285,"unlock","0adab909-eb8f-4baf-9eed-7a4cc889cb7c","3, 0",1762969405694,1762969465693,1762969405694
285,"unlock","0adab909-eb8f-4baf-9eed-7a4cc889cb7c","3, 0",1762969405694,1762969465693,1762969465693
285,"unlock","0adab909-eb8f-4baf-9eed-7a4cc889cb7c","3, 0",1762969465694,1762969525693,1762969465694
285,"unlock","0adab909-eb8f-4baf-9eed-7a4cc889cb7c","3, 0",1762969465694,1762969525693,1762969525693
285,"unlock","0adab909-eb8f-4baf-9eed-7a4cc889cb7c","3, 0",1762969525694,1762969535945,1762969525694
285,"unlock","0adab909-eb8f-4baf-9eed-7a4cc889cb7c","3, 0",1762969525694,1762969535945,1762969535945
290,"unlock","0adab909-eb8f-4baf-9eed-7a4cc889cb7c","3, 0",1762969949264,1762970009263,1762969949264
290,"unlock","0adab909-eb8f-4baf-9eed-7a4cc889cb7c","3, 0",1762969949264,1762970009263,1762970009263
290,"unlock","0adab909-eb8f-4baf-9eed-7a4cc889cb7c","3, 0",1762970009264,1762970017246,1762970009264
290,"unlock","0adab909-eb8f-4baf-9eed-7a4cc889cb7c","3, 0",1762970009264,1762970017246,1762970017246
294,"unlock","0adab909-eb8f-4baf-9eed-7a4cc889cb7c","3, 0",1762970620170,1762970680169,1762970620170
294,"unlock","0adab909-eb8f-4baf-9eed-7a4cc889cb7c","3, 0",1762970620170,1762970680169,1762970680169
294,"unlock","0adab909-eb8f-4baf-9eed-7a4cc889cb7c","3, 0",1762970680170,1762970680188,1762970680170
294,"unlock","0adab909-eb8f-4baf-9eed-7a4cc889cb7c","3, 0",1762970680170,1762970680188,1762970680188
297,"unlock","0adab909-eb8f-4baf-9eed-7a4cc889cb7c","3, 0",1762972235663,1762972295662,1762972235663
297,"unlock","0adab909-eb8f-4baf-9eed-7a4cc889cb7c","3, 0",1762972235663,1762972295662,1762972295662
297,"unlock","0adab909-eb8f-4baf-9eed-7a4cc889cb7c","3, 0",1762972295663,1762972355662,1762972295663
297,"unlock","0adab909-eb8f-4baf-9eed-7a4cc889cb7c","3, 0",1762972295663,1762972355662,1762972355662
297,"unlock","0adab909-eb8f-4baf-9eed-7a4cc889cb7c","3, 0",1762972355663,1762972415662,1762972355663
297,"unlock","0adab909-eb8f-4baf-9eed-7a4cc889cb7c","3, 0",1762972355663,1762972415662,1762972415662
297,"unlock","0adab909-eb8f-4baf-9eed-7a4cc889cb7c","3, 0",1762972415663,1762972475662,1762972415663
297,"unlock","0adab909-eb8f-4baf-9eed-7a4cc889cb7c","3, 0",1762972415663,1762972475662,1762972475662
297,"unlock","0adab909-eb8f-4baf-9eed-7a4cc889cb7c","3, 0",1762972475663,1762972535662,1762972475663
297,"unlock","0adab909-eb8f-4baf-9eed-7a4cc889cb7c","3, 0",1762972475663,1762972535662,1762972535662
297,"unlock","0adab909-eb8f-4baf-9eed-7a4cc889cb7c","3, 0",1762972535663,1762972592240,1762972535663
297,"unlock","0adab909-eb8f-4baf-9eed-7a4cc889cb7c","3, 0",1762972535663,1762972592240,1762972592240
300,"unlock","0adab909-eb8f-4baf-9eed-7a4cc889cb7c","3, 0",1762974995221,1762975010704,1762974995221
300,"unlock","0adab909-eb8f-4baf-9eed-7a4cc889cb7c","3, 0",1762974995221,1762975010704,1762975010704
303,"unlock","0adab909-eb8f-4baf-9eed-7a4cc889cb7c","3, 0",1762975480423,1762975540422,1762975480423
303,"unlock","0adab909-eb8f-4baf-9eed-7a4cc889cb7c","3, 0",1762975480423,1762975540422,1762975540422
303,"unlock","0adab909-eb8f-4baf-9eed-7a4cc889cb7c","3, 0",1762975540423,1762975600422,1762975540423
303,"unlock","0adab909-eb8f-4baf-9eed-7a4cc889cb7c","3, 0",1762975540423,1762975600422,1762975600422
303,"unlock","0adab909-eb8f-4baf-9eed-7a4cc889cb7c","3, 0",1762975600423,1762975660422,1762975600423
303,"unlock","0adab909-eb8f-4baf-9eed-7a4cc889cb7c","3, 0",1762975600423,1762975660422,1762975660422
303,"unlock","0adab909-eb8f-4baf-9eed-7a4cc889cb7c","3, 0",1762975660423,1762975720422,1762975660423
303,"unlock","0adab909-eb8f-4baf-9eed-7a4cc889cb7c","3, 0",1762975660423,1762975720422,1762975720422
303,"unlock","0adab909-eb8f-4baf-9eed-7a4cc889cb7c","3, 0",1762975720423,1762975780422,1762975720423
303,"unlock","0adab909-eb8f-4baf-9eed-7a4cc889cb7c","3, 0",1762975720423,1762975780422,1762975780422
303,"unlock","0adab909-eb8f-4baf-9eed-7a4cc889cb7c","3, 0",1762975780423,1762975840422,1762975780423
303,"unlock","0adab909-eb8f-4baf-9eed-7a4cc889cb7c","3, 0",1762975780423,1762975840422,1762975840422
303,"unlock","0adab909-eb8f-4baf-9eed-7a4cc889cb7c","3, 0",1762975840423,1762975900422,1762975840423
303,"unlock","0adab909-eb8f-4baf-9eed-7a4cc889cb7c","3, 0",1762975840423,1762975900422,1762975900422
303,"unlock","0adab909-eb8f-4baf-9eed-7a4cc889cb7c","3, 0",1762975900423,1762975960422,1762975900423
303,"unlock","0adab909-eb8f-4baf-9eed-7a4cc889cb7c","3, 0",1762975900423,1762975960422,1762975960422
303,"unlock","0adab909-eb8f-4baf-9eed-7a4cc889cb7c","3, 0",1762975960423,1762976003572,1762975960423
303,"unlock","0adab909-eb8f-4baf-9eed-7a4cc889cb7c","3, 0",1762975960423,1762976003572,1762976003572
306,"unlock","0adab909-eb8f-4baf-9eed-7a4cc889cb7c","3, 0",1762976798959,1762976858958,1762976798959
306,"unlock","0adab909-eb8f-4baf-9eed-7a4cc889cb7c","3, 0",1762976798959,1762976858958,1762976858958
306,"unlock","0adab909-eb8f-4baf-9eed-7a4cc889cb7c","3, 0",1762976858959,1762976918958,1762976858959
306,"unlock","0adab909-eb8f-4baf-9eed-7a4cc889cb7c","3, 0",1762976858959,1762976918958,1762976918958
306,"unlock","0adab909-eb8f-4baf-9eed-7a4cc889cb7c","3, 0",1762976918959,1762976967744,1762976918959
306,"unlock","0adab909-eb8f-4baf-9eed-7a4cc889cb7c","3, 0",1762976918959,1762976967744,1762976967744
309,"unlock","0adab909-eb8f-4baf-9eed-7a4cc889cb7c","3, 0",1762977120430,1762977131383,1762977120430
309,"unlock","0adab909-eb8f-4baf-9eed-7a4cc889cb7c","3, 0",1762977120430,1762977131383,1762977131383
312,"unlock","0adab909-eb8f-4baf-9eed-7a4cc889cb7c","3, 0",1762978663762,1762978723761,1762978663762
312,"unlock","0adab909-eb8f-4baf-9eed-7a4cc889cb7c","3, 0",1762978663762,1762978723761,1762978723761
312,"unlock","0adab909-eb8f-4baf-9eed-7a4cc889cb7c","3, 0",1762978723762,1762978749443,1762978723762
312,"unlock","0adab909-eb8f-4baf-9eed-7a4cc889cb7c","3, 0",1762978723762,1762978749443,1762978749443
315,"unlock","0adab909-eb8f-4baf-9eed-7a4cc889cb7c","3, 0",1762979249112,1762979309111,1762979249112
315,"unlock","0adab909-eb8f-4baf-9eed-7a4cc889cb7c","3, 0",1762979249112,1762979309111,1762979309111
315,"unlock","0adab909-eb8f-4baf-9eed-7a4cc889cb7c","3, 0",1762979309112,1762979369111,1762979309112
315,"unlock","0adab909-eb8f-4baf-9eed-7a4cc889cb7c","3, 0",1762979309112,1762979369111,1762979369111
315,"unlock","0adab909-eb8f-4baf-9eed-7a4cc889cb7c","3, 0",1762979369112,1762979429111,1762979369112
315,"unlock","0adab909-eb8f-4baf-9eed-7a4cc889cb7c","3, 0",1762979369112,1762979429111,1762979429111
315,"unlock","0adab909-eb8f-4baf-9eed-7a4cc889cb7c","3, 0",1762979429112,1762979489111,1762979429112
315,"unlock","0adab909-eb8f-4baf-9eed-7a4cc889cb7c","3, 0",1762979429112,1762979489111,1762979489111
315,"unlock","0adab909-eb8f-4baf-9eed-7a4cc889cb7c","3, 0",1762979489112,1762979549111,1762979489112
315,"unlock","0adab909-eb8f-4baf-9eed-7a4cc889cb7c","3, 0",1762979489112,1762979549111,1762979549111
315,"unlock","0adab909-eb8f-4baf-9eed-7a4cc889cb7c","3, 0",1762979549112,1762979609111,1762979549112
315,"unlock","0adab909-eb8f-4baf-9eed-7a4cc889cb7c","3, 0",1762979549112,1762979609111,1762979609111
315,"unlock","0adab909-eb8f-4baf-9eed-7a4cc889cb7c","3, 0",1762979609112,1762979669111,1762979609112
315,"unlock","0adab909-eb8f-4baf-9eed-7a4cc889cb7c","3, 0",1762979609112,1762979669111,1762979669111
315,"unlock","0adab909-eb8f-4baf-9eed-7a4cc889cb7c","3, 0",1762979669112,1762979729111,1762979669112
315,"unlock","0adab909-eb8f-4baf-9eed-7a4cc889cb7c","3, 0",1762979669112,1762979729111,1762979729111
315,"unlock","0adab909-eb8f-4baf-9eed-7a4cc889cb7c","3, 0",1762979729112,1762979789111,1762979729112
315,"unlock","0adab909-eb8f-4baf-9eed-7a4cc889cb7c","3, 0",1762979729112,1762979789111,1762979789111
315,"unlock","0adab909-eb8f-4baf-9eed-7a4cc889cb7c","3, 0",1762979789112,1762979849111,1762979789112
315,"unlock","0adab909-eb8f-4baf-9eed-7a4cc889cb7c","3, 0",1762979789112,1762979849111,1762979849111
315,"unlock","0adab909-eb8f-4baf-9eed-7a4cc889cb7c","3, 0",1762979849112,1762979909111,1762979849112
315,"unlock","0adab909-eb8f-4baf-9eed-7a4cc889cb7c","3, 0",1762979849112,1762979909111,1762979909111
315,"unlock","0adab909-eb8f-4baf-9eed-7a4cc889cb7c","3, 0",1762979909112,1762979969111,1762979909112
315,"unlock","0adab909-eb8f-4baf-9eed-7a4cc889cb7c","3, 0",1762979909112,1762979969111,1762979969111
315,"unlock","0adab909-eb8f-4baf-9eed-7a4cc889cb7c","3, 0",1762979969112,1762980029111,1762979969112
315,"unlock","0adab909-eb8f-4baf-9eed-7a4cc889cb7c","3, 0",1762979969112,1762980029111,1762980029111
315,"unlock","0adab909-eb8f-4baf-9eed-7a4cc889cb7c","3, 0",1762980029112,1762980089111,1762980029112
315,"unlock","0adab909-eb8f-4baf-9eed-7a4cc889cb7c","3, 0",1762980029112,1762980089111,1762980089111
315,"unlock","0adab909-eb8f-4baf-9eed-7a4cc889cb7c","3, 0",1762980089112,1762980149111,1762980089112
315,"unlock","0adab909-eb8f-4baf-9eed-7a4cc889cb7c","3, 0",1762980089112,1762980149111,1762980149111
315,"unlock","0adab909-eb8f-4baf-9eed-7a4cc889cb7c","3, 0",1762980149112,1762980209111,1762980149112
315,"unlock","0adab909-eb8f-4baf-9eed-7a4cc889cb7c","3, 0",1762980149112,1762980209111,1762980209111
315,"unlock","0adab909-eb8f-4baf-9eed-7a4cc889cb7c","3, 0",1762980209112,1762980269111,1762980209112
315,"unlock","0adab909-eb8f-4baf-9eed-7a4cc889cb7c","3, 0",1762980209112,1762980269111,1762980269111
315,"unlock","0adab909-eb8f-4baf-9eed-7a4cc889cb7c","3, 0",1762980269112,1762980329111,1762980269112
315,"unlock","0adab909-eb8f-4baf-9eed-7a4cc889cb7c","3, 0",1762980269112,1762980329111,1762980329111
315,"unlock","0adab909-eb8f-4baf-9eed-7a4cc889cb7c","3, 0",1762980329112,1762980389111,1762980329112
315,"unlock","0adab909-eb8f-4baf-9eed-7a4cc889cb7c","3, 0",1762980329112,1762980389111,1762980389111
315,"unlock","0adab909-eb8f-4baf-9eed-7a4cc889cb7c","3, 0",1762980389112,1762980449111,1762980389112
315,"unlock","0adab909-eb8f-4baf-9eed-7a4cc889cb7c","3, 0",1762980389112,1762980449111,1762980449111
315,"unlock","0adab909-eb8f-4baf-9eed-7a4cc889cb7c","3, 0",1762980449112,1762980509111,1762980449112
315,"unlock","0adab909-eb8f-4baf-9eed-7a4cc889cb7c","3, 0",1762980449112,1762980509111,1762980509111
315,"unlock","0adab909-eb8f-4baf-9eed-7a4cc889cb7c","3, 0",1762980509112,1762980569111,1762980509112
315,"unlock","0adab909-eb8f-4baf-9eed-7a4cc889cb7c","3, 0",1762980509112,1762980569111,1762980569111
315,"unlock","0adab909-eb8f-4baf-9eed-7a4cc889cb7c","3, 0",1762980569112,1762980629111,1762980569112
315,"unlock","0adab909-eb8f-4baf-9eed-7a4cc889cb7c","3, 0",1762980569112,1762980629111,1762980629111
315,"unlock","0adab909-eb8f-4baf-9eed-7a4cc889cb7c","3, 0",1762980629112,1762980689111,1762980629112
315,"unlock","0adab909-eb8f-4baf-9eed-7a4cc889cb7c","3, 0",1762980629112,1762980689111,1762980689111
315,"unlock","0adab909-eb8f-4baf-9eed-7a4cc889cb7c","3, 0",1762980689112,1762980749111,1762980689112
315,"unlock","0adab909-eb8f-4baf-9eed-7a4cc889cb7c","3, 0",1762980689112,1762980749111,1762980749111
315,"unlock","0adab909-eb8f-4baf-9eed-7a4cc889cb7c","3, 0",1762980749112,1762980809111,1762980749112
315,"unlock","0adab909-eb8f-4baf-9eed-7a4cc889cb7c","3, 0",1762980749112,1762980809111,1762980809111
315,"unlock","0adab909-eb8f-4baf-9eed-7a4cc889cb7c","3, 0",1762980809112,1762980869111,1762980809112
315,"unlock","0adab909-eb8f-4baf-9eed-7a4cc889cb7c","3, 0",1762980809112,1762980869111,1762980869111
315,"unlock","0adab909-eb8f-4baf-9eed-7a4cc889cb7c","3, 0",1762980869112,1762980929111,1762980869112
315,"unlock","0adab909-eb8f-4baf-9eed-7a4cc889cb7c","3, 0",1762980869112,1762980929111,1762980929111
315,"unlock","0adab909-eb8f-4baf-9eed-7a4cc889cb7c","3, 0",1762980929112,1762980989111,1762980929112
315,"unlock","0adab909-eb8f-4baf-9eed-7a4cc889cb7c","3, 0",1762980929112,1762980989111,1762980989111
315,"unlock","0adab909-eb8f-4baf-9eed-7a4cc889cb7c","3, 0",1762980989112,1762981049111,1762980989112
315,"unlock","0adab909-eb8f-4baf-9eed-7a4cc889cb7c","3, 0",1762980989112,1762981049111,1762981049111
315,"unlock","0adab909-eb8f-4baf-9eed-7a4cc889cb7c","3, 0",1762981049112,1762981109111,1762981049112
315,"unlock","0adab909-eb8f-4baf-9eed-7a4cc889cb7c","3, 0",1762981049112,1762981109111,1762981109111
315,"unlock","0adab909-eb8f-4baf-9eed-7a4cc889cb7c","3, 0",1762981109112,1762981169111,1762981109112
315,"unlock","0adab909-eb8f-4baf-9eed-7a4cc889cb7c","3, 0",1762981109112,1762981169111,1762981169111
315,"unlock","0adab909-eb8f-4baf-9eed-7a4cc889cb7c","3, 0",1762981169112,1762981229111,1762981169112
315,"unlock","0adab909-eb8f-4baf-9eed-7a4cc889cb7c","3, 0",1762981169112,1762981229111,1762981229111
315,"unlock","0adab909-eb8f-4baf-9eed-7a4cc889cb7c","3, 0",1762981229112,1762981289111,1762981229112
315,"unlock","0adab909-eb8f-4baf-9eed-7a4cc889cb7c","3, 0",1762981229112,1762981289111,1762981289111
315,"unlock","0adab909-eb8f-4baf-9eed-7a4cc889cb7c","3, 0",1762981289112,1762981349111,1762981289112
315,"unlock","0adab909-eb8f-4baf-9eed-7a4cc889cb7c","3, 0",1762981289112,1762981349111,1762981349111
315,"unlock","0adab909-eb8f-4baf-9eed-7a4cc889cb7c","3, 0",1762981349112,1762981409111,1762981349112
315,"unlock","0adab909-eb8f-4baf-9eed-7a4cc889cb7c","3, 0",1762981349112,1762981409111,1762981409111
315,"unlock","0adab909-eb8f-4baf-9eed-7a4cc889cb7c","3, 0",1762981409112,1762981469111,1762981409112
315,"unlock","0adab909-eb8f-4baf-9eed-7a4cc889cb7c","3, 0",1762981409112,1762981469111,1762981469111
315,"unlock","0adab909-eb8f-4baf-9eed-7a4cc889cb7c","3, 0",1762981469112,1762981529111,1762981469112
315,"unlock","0adab909-eb8f-4baf-9eed-7a4cc889cb7c","3, 0",1762981469112,1762981529111,1762981529111
315,"unlock","0adab909-eb8f-4baf-9eed-7a4cc889cb7c","3, 0",1762981529112,1762981589111,1762981529112
315,"unlock","0adab909-eb8f-4baf-9eed-7a4cc889cb7c","3, 0",1762981529112,1762981589111,1762981589111
315,"unlock","0adab909-eb8f-4baf-9eed-7a4cc889cb7c","3, 0",1762981589112,1762981649111,1762981589112
315,"unlock","0adab909-eb8f-4baf-9eed-7a4cc889cb7c","3, 0",1762981589112,1762981649111,1762981649111
315,"unlock","0adab909-eb8f-4baf-9eed-7a4cc889cb7c","3, 0",1762981649112,1762981709111,1762981649112
315,"unlock","0adab909-eb8f-4baf-9eed-7a4cc889cb7c","3, 0",1762981649112,1762981709111,1762981709111
315,"unlock","0adab909-eb8f-4baf-9eed-7a4cc889cb7c","3, 0",1762981709112,1762981769111,1762981709112
315,"unlock","0adab909-eb8f-4baf-9eed-7a4cc889cb7c","3, 0",1762981709112,1762981769111,1762981769111
315,"unlock","0adab909-eb8f-4baf-9eed-7a4cc889cb7c","3, 0",1762981769112,1762981829111,1762981769112
315,"unlock","0adab909-eb8f-4baf-9eed-7a4cc889cb7c","3, 0",1762981769112,1762981829111,1762981829111
315,"unlock","0adab909-eb8f-4baf-9eed-7a4cc889cb7c","3, 0",1762981829112,1762981889111,1762981829112
315,"unlock","0adab909-eb8f-4baf-9eed-7a4cc889cb7c","3, 0",1762981829112,1762981889111,1762981889111
315,"unlock","0adab909-eb8f-4baf-9eed-7a4cc889cb7c","3, 0",1762981889112,1762981949111,1762981889112
315,"unlock","0adab909-eb8f-4baf-9eed-7a4cc889cb7c","3, 0",1762981889112,1762981949111,1762981949111
315,"unlock","0adab909-eb8f-4baf-9eed-7a4cc889cb7c","3, 0",1762981949112,1762982009111,1762981949112
315,"unlock","0adab909-eb8f-4baf-9eed-7a4cc889cb7c","3, 0",1762981949112,1762982009111,1762982009111
315,"unlock","0adab909-eb8f-4baf-9eed-7a4cc889cb7c","3, 0",1762982009112,1762982069111,1762982009112
315,"unlock","0adab909-eb8f-4baf-9eed-7a4cc889cb7c","3, 0",1762982009112,1762982069111,1762982069111
315,"unlock","0adab909-eb8f-4baf-9eed-7a4cc889cb7c","3, 0",1762982069112,1762982129111,1762982069112
315,"unlock","0adab909-eb8f-4baf-9eed-7a4cc889cb7c","3, 0",1762982069112,1762982129111,1762982129111
315,"unlock","0adab909-eb8f-4baf-9eed-7a4cc889cb7c","3, 0",1762982129112,1762982189111,1762982129112
315,"unlock","0adab909-eb8f-4baf-9eed-7a4cc889cb7c","3, 0",1762982129112,1762982189111,1762982189111
315,"unlock","0adab909-eb8f-4baf-9eed-7a4cc889cb7c","3, 0",1762982189112,1762982249111,1762982189112
315,"unlock","0adab909-eb8f-4baf-9eed-7a4cc889cb7c","3, 0",1762982189112,1762982249111,1762982249111
315,"unlock","0adab909-eb8f-4baf-9eed-7a4cc889cb7c","3, 0",1762982249112,1762982309111,1762982249112
315,"unlock","0adab909-eb8f-4baf-9eed-7a4cc889cb7c","3, 0",1762982249112,1762982309111,1762982309111
315,"unlock","0adab909-eb8f-4baf-9eed-7a4cc889cb7c","3, 0",1762982309112,1762982369111,1762982309112
315,"unlock","0adab909-eb8f-4baf-9eed-7a4cc889cb7c","3, 0",1762982309112,1762982369111,1762982369111
315,"unlock","0adab909-eb8f-4baf-9eed-7a4cc889cb7c","3, 0",1762982369112,1762982429111,1762982369112
315,"unlock","0adab909-eb8f-4baf-9eed-7a4cc889cb7c","3, 0",1762982369112,1762982429111,1762982429111
315,"unlock","0adab909-eb8f-4baf-9eed-7a4cc889cb7c","3, 0",1762982429112,1762982489111,1762982429112
315,"unlock","0adab909-eb8f-4baf-9eed-7a4cc889cb7c","3, 0",1762982429112,1762982489111,1762982489111
315,"unlock","0adab909-eb8f-4baf-9eed-7a4cc889cb7c","3, 0",1762982489112,1762982549111,1762982489112
315,"unlock","0adab909-eb8f-4baf-9eed-7a4cc889cb7c","3, 0",1762982489112,1762982549111,1762982549111
315,"unlock","0adab909-eb8f-4baf-9eed-7a4cc889cb7c","3, 0",1762982549112,1762982609111,1762982549112
315,"unlock","0adab909-eb8f-4baf-9eed-7a4cc889cb7c","3, 0",1762982549112,1762982609111,1762982609111
315,"unlock","0adab909-eb8f-4baf-9eed-7a4cc889cb7c","3, 0",1762982609112,1762982669111,1762982609112
315,"unlock","0adab909-eb8f-4baf-9eed-7a4cc889cb7c","3, 0",1762982609112,1762982669111,1762982669111
315,"unlock","0adab909-eb8f-4baf-9eed-7a4cc889cb7c","3, 0",1762982669112,1762982729111,1762982669112
315,"unlock","0adab909-eb8f-4baf-9eed-7a4cc889cb7c","3, 0",1762982669112,1762982729111,1762982729111
315,"unlock","0adab909-eb8f-4baf-9eed-7a4cc889cb7c","3, 0",1762982729112,1762982789111,1762982729112
315,"unlock","0adab909-eb8f-4baf-9eed-7a4cc889cb7c","3, 0",1762982729112,1762982789111,1762982789111
315,"unlock","0adab909-eb8f-4baf-9eed-7a4cc889cb7c","3, 0",1762982789112,1762982849111,1762982789112
315,"unlock","0adab909-eb8f-4baf-9eed-7a4cc889cb7c","3, 0",1762982789112,1762982849111,1762982849111
315,"unlock","0adab909-eb8f-4baf-9eed-7a4cc889cb7c","3, 0",1762982849112,1762982909111,1762982849112
315,"unlock","0adab909-eb8f-4baf-9eed-7a4cc889cb7c","3, 0",1762982849112,1762982909111,1762982909111
315,"unlock","0adab909-eb8f-4baf-9eed-7a4cc889cb7c","3, 0",1762982909112,1762982969111,1762982909112
315,"unlock","0adab909-eb8f-4baf-9eed-7a4cc889cb7c","3, 0",1762982909112,1762982969111,1762982969111
315,"unlock","0adab909-eb8f-4baf-9eed-7a4cc889cb7c","3, 0",1762982969112,1762983029111,1762982969112
315,"unlock","0adab909-eb8f-4baf-9eed-7a4cc889cb7c","3, 0",1762982969112,1762983029111,1762983029111
315,"unlock","0adab909-eb8f-4baf-9eed-7a4cc889cb7c","3, 0",1762983029112,1762983089111,1762983029112
315,"unlock","0adab909-eb8f-4baf-9eed-7a4cc889cb7c","3, 0",1762983029112,1762983089111,1762983089111
315,"unlock","0adab909-eb8f-4baf-9eed-7a4cc889cb7c","3, 0",1762983089112,1762983149111,1762983089112
315,"unlock","0adab909-eb8f-4baf-9eed-7a4cc889cb7c","3, 0",1762983089112,1762983149111,1762983149111
315,"unlock","0adab909-eb8f-4baf-9eed-7a4cc889cb7c","3, 0",1762983149112,1762983209111,1762983149112
315,"unlock","0adab909-eb8f-4baf-9eed-7a4cc889cb7c","3, 0",1762983149112,1762983209111,1762983209111
315,"unlock","0adab909-eb8f-4baf-9eed-7a4cc889cb7c","3, 0",1762983209112,1762983269111,1762983209112
315,"unlock","0adab909-eb8f-4baf-9eed-7a4cc889cb7c","3, 0",1762983209112,1762983269111,1762983269111
315,"unlock","0adab909-eb8f-4baf-9eed-7a4cc889cb7c","3, 0",1762983269112,1762983329111,1762983269112
315,"unlock","0adab909-eb8f-4baf-9eed-7a4cc889cb7c","3, 0",1762983269112,1762983329111,1762983329111
315,"unlock","0adab909-eb8f-4baf-9eed-7a4cc889cb7c","3, 0",1762983329112,1762983389111,1762983329112
315,"unlock","0adab909-eb8f-4baf-9eed-7a4cc889cb7c","3, 0",1762983329112,1762983389111,1762983389111
315,"unlock","0adab909-eb8f-4baf-9eed-7a4cc889cb7c","3, 0",1762983389112,1762983449111,1762983389112
315,"unlock","0adab909-eb8f-4baf-9eed-7a4cc889cb7c","3, 0",1762983389112,1762983449111,1762983449111
315,"unlock","0adab909-eb8f-4baf-9eed-7a4cc889cb7c","3, 0",1762983449112,1762983509111,1762983449112
315,"unlock","0adab909-eb8f-4baf-9eed-7a4cc889cb7c","3, 0",1762983449112,1762983509111,1762983509111
315,"unlock","0adab909-eb8f-4baf-9eed-7a4cc889cb7c","3, 0",1762983509112,1762983569111,1762983509112
315,"unlock","0adab909-eb8f-4baf-9eed-7a4cc889cb7c","3, 0",1762983509112,1762983569111,1762983569111
315,"unlock","0adab909-eb8f-4baf-9eed-7a4cc889cb7c","3, 0",1762983569112,1762983629111,1762983569112
315,"unlock","0adab909-eb8f-4baf-9eed-7a4cc889cb7c","3, 0",1762983569112,1762983629111,1762983629111
315,"unlock","0adab909-eb8f-4baf-9eed-7a4cc889cb7c","3, 0",1762983629112,1762983689111,1762983629112
315,"unlock","0adab909-eb8f-4baf-9eed-7a4cc889cb7c","3, 0",1762983629112,1762983689111,1762983689111
315,"unlock","0adab909-eb8f-4baf-9eed-7a4cc889cb7c","3, 0",1762983689112,1762983749111,1762983689112
315,"unlock","0adab909-eb8f-4baf-9eed-7a4cc889cb7c","3, 0",1762983689112,1762983749111,1762983749111
315,"unlock","0adab909-eb8f-4baf-9eed-7a4cc889cb7c","3, 0",1762983749112,1762983809111,1762983749112
315,"unlock","0adab909-eb8f-4baf-9eed-7a4cc889cb7c","3, 0",1762983749112,1762983809111,1762983809111
315,"unlock","0adab909-eb8f-4baf-9eed-7a4cc889cb7c","3, 0",1762983809112,1762983869111,1762983809112
315,"unlock","0adab909-eb8f-4baf-9eed-7a4cc889cb7c","3, 0",1762983809112,1762983869111,1762983869111
315,"unlock","0adab909-eb8f-4baf-9eed-7a4cc889cb7c","3, 0",1762983869112,1762983929111,1762983869112
315,"unlock","0adab909-eb8f-4baf-9eed-7a4cc889cb7c","3, 0",1762983869112,1762983929111,1762983929111
315,"unlock","0adab909-eb8f-4baf-9eed-7a4cc889cb7c","3, 0",1762983929112,1762983989111,1762983929112
315,"unlock","0adab909-eb8f-4baf-9eed-7a4cc889cb7c","3, 0",1762983929112,1762983989111,1762983989111
315,"unlock","0adab909-eb8f-4baf-9eed-7a4cc889cb7c","3, 0",1762983989112,1762984049111,1762983989112
315,"unlock","0adab909-eb8f-4baf-9eed-7a4cc889cb7c","3, 0",1762983989112,1762984049111,1762984049111
315,"unlock","0adab909-eb8f-4baf-9eed-7a4cc889cb7c","3, 0",1762984049112,1762984109111,1762984049112
315,"unlock","0adab909-eb8f-4baf-9eed-7a4cc889cb7c","3, 0",1762984049112,1762984109111,1762984109111
315,"unlock","0adab909-eb8f-4baf-9eed-7a4cc889cb7c","3, 0",1762984109112,1762984169111,1762984109112
315,"unlock","0adab909-eb8f-4baf-9eed-7a4cc889cb7c","3, 0",1762984109112,1762984169111,1762984169111
315,"unlock","0adab909-eb8f-4baf-9eed-7a4cc889cb7c","3, 0",1762984169112,1762984229111,1762984169112
315,"unlock","0adab909-eb8f-4baf-9eed-7a4cc889cb7c","3, 0",1762984169112,1762984229111,1762984229111
315,"unlock","0adab909-eb8f-4baf-9eed-7a4cc889cb7c","3, 0",1762984229112,1762984289111,1762984229112
315,"unlock","0adab909-eb8f-4baf-9eed-7a4cc889cb7c","3, 0",1762984229112,1762984289111,1762984289111
315,"unlock","0adab909-eb8f-4baf-9eed-7a4cc889cb7c","3, 0",1762984289112,1762984349111,1762984289112
315,"unlock","0adab909-eb8f-4baf-9eed-7a4cc889cb7c","3, 0",1762984289112,1762984349111,1762984349111
315,"unlock","0adab909-eb8f-4baf-9eed-7a4cc889cb7c","3, 0",1762984349112,1762984409111,1762984349112
315,"unlock","0adab909-eb8f-4baf-9eed-7a4cc889cb7c","3, 0",1762984349112,1762984409111,1762984409111
315,"unlock","0adab909-eb8f-4baf-9eed-7a4cc889cb7c","3, 0",1762984409112,1762984469111,1762984409112
315,"unlock","0adab909-eb8f-4baf-9eed-7a4cc889cb7c","3, 0",1762984409112,1762984469111,1762984469111
315,"unlock","0adab909-eb8f-4baf-9eed-7a4cc889cb7c","3, 0",1762984469112,1762984529111,1762984469112
315,"unlock","0adab909-eb8f-4baf-9eed-7a4cc889cb7c","3, 0",1762984469112,1762984529111,1762984529111
315,"unlock","0adab909-eb8f-4baf-9eed-7a4cc889cb7c","3, 0",1762984529112,1762984589111,1762984529112
315,"unlock","0adab909-eb8f-4baf-9eed-7a4cc889cb7c","3, 0",1762984529112,1762984589111,1762984589111
315,"unlock","0adab909-eb8f-4baf-9eed-7a4cc889cb7c","3, 0",1762984589112,1762984649111,1762984589112
315,"unlock","0adab909-eb8f-4baf-9eed-7a4cc889cb7c","3, 0",1762984589112,1762984649111,1762984649111
315,"unlock","0adab909-eb8f-4baf-9eed-7a4cc889cb7c","3, 0",1762984649112,1762984709111,1762984649112
315,"unlock","0adab909-eb8f-4baf-9eed-7a4cc889cb7c","3, 0",1762984649112,1762984709111,1762984709111
315,"unlock","0adab909-eb8f-4baf-9eed-7a4cc889cb7c","3, 0",1762984709112,1762984769111,1762984709112
315,"unlock","0adab909-eb8f-4baf-9eed-7a4cc889cb7c","3, 0",1762984709112,1762984769111,1762984769111
315,"unlock","0adab909-eb8f-4baf-9eed-7a4cc889cb7c","3, 0",1762984769112,1762984829111,1762984769112
315,"unlock","0adab909-eb8f-4baf-9eed-7a4cc889cb7c","3, 0",1762984769112,1762984829111,1762984829111
315,"unlock","0adab909-eb8f-4baf-9eed-7a4cc889cb7c","3, 0",1762984829112,1762984889111,1762984829112
315,"unlock","0adab909-eb8f-4baf-9eed-7a4cc889cb7c","3, 0",1762984829112,1762984889111,1762984889111
315,"unlock","0adab909-eb8f-4baf-9eed-7a4cc889cb7c","3, 0",1762984889112,1762984949111,1762984889112
315,"unlock","0adab909-eb8f-4baf-9eed-7a4cc889cb7c","3, 0",1762984889112,1762984949111,1762984949111
315,"unlock","0adab909-eb8f-4baf-9eed-7a4cc889cb7c","3, 0",1762984949112,1762985009111,1762984949112
315,"unlock","0adab909-eb8f-4baf-9eed-7a4cc889cb7c","3, 0",1762984949112,1762985009111,1762985009111
315,"unlock","0adab909-eb8f-4baf-9eed-7a4cc889cb7c","3, 0",1762985009112,1762985069111,1762985009112
315,"unlock","0adab909-eb8f-4baf-9eed-7a4cc889cb7c","3, 0",1762985009112,1762985069111,1762985069111
315,"unlock","0adab909-eb8f-4baf-9eed-7a4cc889cb7c","3, 0",1762985069112,1762985129111,1762985069112
315,"unlock","0adab909-eb8f-4baf-9eed-7a4cc889cb7c","3, 0",1762985069112,1762985129111,1762985129111
315,"unlock","0adab909-eb8f-4baf-9eed-7a4cc889cb7c","3, 0",1762985129112,1762985189111,1762985129112
315,"unlock","0adab909-eb8f-4baf-9eed-7a4cc889cb7c","3, 0",1762985129112,1762985189111,1762985189111
315,"unlock","0adab909-eb8f-4baf-9eed-7a4cc889cb7c","3, 0",1762985189112,1762985249111,1762985189112
315,"unlock","0adab909-eb8f-4baf-9eed-7a4cc889cb7c","3, 0",1762985189112,1762985249111,1762985249111
315,"unlock","0adab909-eb8f-4baf-9eed-7a4cc889cb7c","3, 0",1762985249112,1762985309111,1762985249112
315,"unlock","0adab909-eb8f-4baf-9eed-7a4cc889cb7c","3, 0",1762985249112,1762985309111,1762985309111
315,"unlock","0adab909-eb8f-4baf-9eed-7a4cc889cb7c","3, 0",1762985309112,1762985369111,1762985309112
315,"unlock","0adab909-eb8f-4baf-9eed-7a4cc889cb7c","3, 0",1762985309112,1762985369111,1762985369111
315,"unlock","0adab909-eb8f-4baf-9eed-7a4cc889cb7c","3, 0",1762985369112,1762985429111,1762985369112
315,"unlock","0adab909-eb8f-4baf-9eed-7a4cc889cb7c","3, 0",1762985369112,1762985429111,1762985429111
315,"unlock","0adab909-eb8f-4baf-9eed-7a4cc889cb7c","3, 0",1762985429112,1762985489111,1762985429112
315,"unlock","0adab909-eb8f-4baf-9eed-7a4cc889cb7c","3, 0",1762985429112,1762985489111,1762985489111
315,"unlock","0adab909-eb8f-4baf-9eed-7a4cc889cb7c","3, 0",1762985489112,1762985531607,1762985489112
315,"unlock","0adab909-eb8f-4baf-9eed-7a4cc889cb7c","3, 0",1762985489112,1762985531607,1762985531607
322,"unlock","0adab909-eb8f-4baf-9eed-7a4cc889cb7c","3, 0",1763015117077,1763015175117,1763015117077
322,"unlock","0adab909-eb8f-4baf-9eed-7a4cc889cb7c","3, 0",1763015117077,1763015175117,1763015175117
325,"unlock","0adab909-eb8f-4baf-9eed-7a4cc889cb7c","3, 0",1763015231736,1763015291735,1763015231736
325,"unlock","0adab909-eb8f-4baf-9eed-7a4cc889cb7c","3, 0",1763015231736,1763015291735,1763015291735
325,"unlock","0adab909-eb8f-4baf-9eed-7a4cc889cb7c","3, 0",1763015291736,1763015351735,1763015291736
325,"unlock","0adab909-eb8f-4baf-9eed-7a4cc889cb7c","3, 0",1763015291736,1763015351735,1763015351735
325,"unlock","0adab909-eb8f-4baf-9eed-7a4cc889cb7c","3, 0",1763015351736,1763015411735,1763015351736
325,"unlock","0adab909-eb8f-4baf-9eed-7a4cc889cb7c","3, 0",1763015351736,1763015411735,1763015411735
325,"unlock","0adab909-eb8f-4baf-9eed-7a4cc889cb7c","3, 0",1763015411736,1763015471735,1763015411736
325,"unlock","0adab909-eb8f-4baf-9eed-7a4cc889cb7c","3, 0",1763015411736,1763015471735,1763015471735
325,"unlock","0adab909-eb8f-4baf-9eed-7a4cc889cb7c","3, 0",1763015471736,1763015531735,1763015471736
325,"unlock","0adab909-eb8f-4baf-9eed-7a4cc889cb7c","3, 0",1763015471736,1763015531735,1763015531735
325,"unlock","0adab909-eb8f-4baf-9eed-7a4cc889cb7c","3, 0",1763015531736,1763015591735,1763015531736
325,"unlock","0adab909-eb8f-4baf-9eed-7a4cc889cb7c","3, 0",1763015531736,1763015591735,1763015591735
325,"unlock","0adab909-eb8f-4baf-9eed-7a4cc889cb7c","3, 0",1763015591736,1763015651735,1763015591736
325,"unlock","0adab909-eb8f-4baf-9eed-7a4cc889cb7c","3, 0",1763015591736,1763015651735,1763015651735
325,"unlock","0adab909-eb8f-4baf-9eed-7a4cc889cb7c","3, 0",1763015651736,1763015709571,1763015651736
325,"unlock","0adab909-eb8f-4baf-9eed-7a4cc889cb7c","3, 0",1763015651736,1763015709571,1763015709571
328,"unlock","0adab909-eb8f-4baf-9eed-7a4cc889cb7c","3, 0",1763015755764,1763015815763,1763015755764
328,"unlock","0adab909-eb8f-4baf-9eed-7a4cc889cb7c","3, 0",1763015755764,1763015815763,1763015815763
328,"unlock","0adab909-eb8f-4baf-9eed-7a4cc889cb7c","3, 0",1763015815764,1763015875763,1763015815764
328,"unlock","0adab909-eb8f-4baf-9eed-7a4cc889cb7c","3, 0",1763015815764,1763015875763,1763015875763
328,"unlock","0adab909-eb8f-4baf-9eed-7a4cc889cb7c","3, 0",1763015875764,1763015935763,1763015875764
328,"unlock","0adab909-eb8f-4baf-9eed-7a4cc889cb7c","3, 0",1763015875764,1763015935763,1763015935763
328,"unlock","0adab909-eb8f-4baf-9eed-7a4cc889cb7c","3, 0",1763015935764,1763015993896,1763015935764
328,"unlock","0adab909-eb8f-4baf-9eed-7a4cc889cb7c","3, 0",1763015935764,1763015993896,1763015993896
331,"unlock","0adab909-eb8f-4baf-9eed-7a4cc889cb7c","3, 0",1763016106888,1763016166887,1763016106888
331,"unlock","0adab909-eb8f-4baf-9eed-7a4cc889cb7c","3, 0",1763016106888,1763016166887,1763016166887
331,"unlock","0adab909-eb8f-4baf-9eed-7a4cc889cb7c","3, 0",1763016166888,1763016226887,1763016166888
331,"unlock","0adab909-eb8f-4baf-9eed-7a4cc889cb7c","3, 0",1763016166888,1763016226887,1763016226887
331,"unlock","0adab909-eb8f-4baf-9eed-7a4cc889cb7c","3, 0",1763016226888,1763016286887,1763016226888
331,"unlock","0adab909-eb8f-4baf-9eed-7a4cc889cb7c","3, 0",1763016226888,1763016286887,1763016286887
331,"unlock","0adab909-eb8f-4baf-9eed-7a4cc889cb7c","3, 0",1763016286888,1763016346887,1763016286888
331,"unlock","0adab909-eb8f-4baf-9eed-7a4cc889cb7c","3, 0",1763016286888,1763016346887,1763016346887
331,"unlock","0adab909-eb8f-4baf-9eed-7a4cc889cb7c","3, 0",1763016346888,1763016406887,1763016346888
331,"unlock","0adab909-eb8f-4baf-9eed-7a4cc889cb7c","3, 0",1763016346888,1763016406887,1763016406887
331,"unlock","0adab909-eb8f-4baf-9eed-7a4cc889cb7c","3, 0",1763016406888,1763016466887,1763016406888
331,"unlock","0adab909-eb8f-4baf-9eed-7a4cc889cb7c","3, 0",1763016406888,1763016466887,1763016466887
331,"unlock","0adab909-eb8f-4baf-9eed-7a4cc889cb7c","3, 0",1763016466888,1763016526887,1763016466888
331,"unlock","0adab909-eb8f-4baf-9eed-7a4cc889cb7c","3, 0",1763016466888,1763016526887,1763016526887
331,"unlock","0adab909-eb8f-4baf-9eed-7a4cc889cb7c","3, 0",1763016526888,1763016586887,1763016526888
331,"unlock","0adab909-eb8f-4baf-9eed-7a4cc889cb7c","3, 0",1763016526888,1763016586887,1763016586887
331,"unlock","0adab909-eb8f-4baf-9eed-7a4cc889cb7c","3, 0",1763016586888,1763016646887,1763016586888
331,"unlock","0adab909-eb8f-4baf-9eed-7a4cc889cb7c","3, 0",1763016586888,1763016646887,1763016646887
331,"unlock","0adab909-eb8f-4baf-9eed-7a4cc889cb7c","3, 0",1763016646888,1763016706887,1763016646888
331,"unlock","0adab909-eb8f-4baf-9eed-7a4cc889cb7c","3, 0",1763016646888,1763016706887,1763016706887
331,"unlock","0adab909-eb8f-4baf-9eed-7a4cc889cb7c","3, 0",1763016706888,1763016766887,1763016706888
331,"unlock","0adab909-eb8f-4baf-9eed-7a4cc889cb7c","3, 0",1763016706888,1763016766887,1763016766887
331,"unlock","0adab909-eb8f-4baf-9eed-7a4cc889cb7c","3, 0",1763016766888,1763016787474,1763016766888
331,"unlock","0adab909-eb8f-4baf-9eed-7a4cc889cb7c","3, 0",1763016766888,1763016787474,1763016787474
336,"unlock","0adab909-eb8f-4baf-9eed-7a4cc889cb7c","3, 0",1763022983607,1763023041987,1763022983607
336,"unlock","0adab909-eb8f-4baf-9eed-7a4cc889cb7c","3, 0",1763022983607,1763023041987,1763023041987
339,"unlock","0adab909-eb8f-4baf-9eed-7a4cc889cb7c","3, 0",1763034051257,1763034111256,1763034051257
339,"unlock","0adab909-eb8f-4baf-9eed-7a4cc889cb7c","3, 0",1763034051257,1763034111256,1763034111256
339,"unlock","0adab909-eb8f-4baf-9eed-7a4cc889cb7c","3, 0",1763034111257,1763034169675,1763034111257
339,"unlock","0adab909-eb8f-4baf-9eed-7a4cc889cb7c","3, 0",1763034111257,1763034169675,1763034169675
342,"unlock","0adab909-eb8f-4baf-9eed-7a4cc889cb7c","3, 0",1763034193151,1763034253150,1763034193151
342,"unlock","0adab909-eb8f-4baf-9eed-7a4cc889cb7c","3, 0",1763034193151,1763034253150,1763034253150
342,"unlock","0adab909-eb8f-4baf-9eed-7a4cc889cb7c","3, 0",1763034253151,1763034290837,1763034253151
342,"unlock","0adab909-eb8f-4baf-9eed-7a4cc889cb7c","3, 0",1763034253151,1763034290837,1763034290837
345,"unlock","0adab909-eb8f-4baf-9eed-7a4cc889cb7c","3, 0",1763034296825,1763034313358,1763034296825
345,"unlock","0adab909-eb8f-4baf-9eed-7a4cc889cb7c","3, 0",1763034296825,1763034313358,1763034313358
348,"unlock","0adab909-eb8f-4baf-9eed-7a4cc889cb7c","3, 0",1763034318548,1763034378547,1763034318548
348,"unlock","0adab909-eb8f-4baf-9eed-7a4cc889cb7c","3, 0",1763034318548,1763034378547,1763034378547
348,"unlock","0adab909-eb8f-4baf-9eed-7a4cc889cb7c","3, 0",1763034378548,1763034438547,1763034378548
348,"unlock","0adab909-eb8f-4baf-9eed-7a4cc889cb7c","3, 0",1763034378548,1763034438547,1763034438547
348,"unlock","0adab909-eb8f-4baf-9eed-7a4cc889cb7c","3, 0",1763034438548,1763034498547,1763034438548
348,"unlock","0adab909-eb8f-4baf-9eed-7a4cc889cb7c","3, 0",1763034438548,1763034498547,1763034498547
348,"unlock","0adab909-eb8f-4baf-9eed-7a4cc889cb7c","3, 0",1763034498548,1763034519429,1763034498548
348,"unlock","0adab909-eb8f-4baf-9eed-7a4cc889cb7c","3, 0",1763034498548,1763034519429,1763034519429
353,"unlock","0adab909-eb8f-4baf-9eed-7a4cc889cb7c","3, 0",1763034751565,1763034757157,1763034751565
353,"unlock","0adab909-eb8f-4baf-9eed-7a4cc889cb7c","3, 0",1763034751565,1763034757157,1763034757157
366,"unlock","0adab909-eb8f-4baf-9eed-7a4cc889cb7c","3, 0",1763037928333,1763037934362,1763037928333
366,"unlock","0adab909-eb8f-4baf-9eed-7a4cc889cb7c","3, 0",1763037928333,1763037934362,1763037934362
369,"unlock","0adab909-eb8f-4baf-9eed-7a4cc889cb7c","3, 0",1763038046460,1763038106459,1763038046460
369,"unlock","0adab909-eb8f-4baf-9eed-7a4cc889cb7c","3, 0",1763038046460,1763038106459,1763038106459
369,"unlock","0adab909-eb8f-4baf-9eed-7a4cc889cb7c","3, 0",1763038106460,1763038166459,1763038106460
369,"unlock","0adab909-eb8f-4baf-9eed-7a4cc889cb7c","3, 0",1763038106460,1763038166459,1763038166459
369,"unlock","0adab909-eb8f-4baf-9eed-7a4cc889cb7c","3, 0",1763038166460,1763038226459,1763038166460
369,"unlock","0adab909-eb8f-4baf-9eed-7a4cc889cb7c","3, 0",1763038166460,1763038226459,1763038226459
369,"unlock","0adab909-eb8f-4baf-9eed-7a4cc889cb7c","3, 0",1763038226460,1763038286459,1763038226460
369,"unlock","0adab909-eb8f-4baf-9eed-7a4cc889cb7c","3, 0",1763038226460,1763038286459,1763038286459
369,"unlock","0adab909-eb8f-4baf-9eed-7a4cc889cb7c","3, 0",1763038286460,1763038346459,1763038286460
369,"unlock","0adab909-eb8f-4baf-9eed-7a4cc889cb7c","3, 0",1763038286460,1763038346459,1763038346459
369,"unlock","0adab909-eb8f-4baf-9eed-7a4cc889cb7c","3, 0",1763038346460,1763038406459,1763038346460
369,"unlock","0adab909-eb8f-4baf-9eed-7a4cc889cb7c","3, 0",1763038346460,1763038406459,1763038406459
369,"unlock","0adab909-eb8f-4baf-9eed-7a4cc889cb7c","3, 0",1763038406460,1763038454998,1763038406460
369,"unlock","0adab909-eb8f-4baf-9eed-7a4cc889cb7c","3, 0",1763038406460,1763038454998,1763038454998
374,"unlock","0adab909-eb8f-4baf-9eed-7a4cc889cb7c","3, 0",1763046994054,1763047016444,1763046994054
374,"unlock","0adab909-eb8f-4baf-9eed-7a4cc889cb7c","3, 0",1763046994054,1763047016444,1763047016444
379,"unlock","0adab909-eb8f-4baf-9eed-7a4cc889cb7c","3, 0",1763047332651,1763047392650,1763047332651
379,"unlock","0adab909-eb8f-4baf-9eed-7a4cc889cb7c","3, 0",1763047332651,1763047392650,1763047392650
379,"unlock","0adab909-eb8f-4baf-9eed-7a4cc889cb7c","3, 0",1763047392651,1763047452650,1763047392651
379,"unlock","0adab909-eb8f-4baf-9eed-7a4cc889cb7c","3, 0",1763047392651,1763047452650,1763047452650
379,"unlock","0adab909-eb8f-4baf-9eed-7a4cc889cb7c","3, 0",1763047452651,1763047512650,1763047452651
379,"unlock","0adab909-eb8f-4baf-9eed-7a4cc889cb7c","3, 0",1763047452651,1763047512650,1763047512650
379,"unlock","0adab909-eb8f-4baf-9eed-7a4cc889cb7c","3, 0",1763047512651,1763047572650,1763047512651
379,"unlock","0adab909-eb8f-4baf-9eed-7a4cc889cb7c","3, 0",1763047512651,1763047572650,1763047572650
379,"unlock","0adab909-eb8f-4baf-9eed-7a4cc889cb7c","3, 0",1763047572651,1763047632650,1763047572651
379,"unlock","0adab909-eb8f-4baf-9eed-7a4cc889cb7c","3, 0",1763047572651,1763047632650,1763047632650
379,"unlock","0adab909-eb8f-4baf-9eed-7a4cc889cb7c","3, 0",1763047632651,1763047692650,1763047632651
379,"unlock","0adab909-eb8f-4baf-9eed-7a4cc889cb7c","3, 0",1763047632651,1763047692650,1763047692650
379,"unlock","0adab909-eb8f-4baf-9eed-7a4cc889cb7c","3, 0",1763047692651,1763047752650,1763047692651
379,"unlock","0adab909-eb8f-4baf-9eed-7a4cc889cb7c","3, 0",1763047692651,1763047752650,1763047752650
379,"unlock","0adab909-eb8f-4baf-9eed-7a4cc889cb7c","3, 0",1763047752651,1763047812650,1763047752651
379,"unlock","0adab909-eb8f-4baf-9eed-7a4cc889cb7c","3, 0",1763047752651,1763047812650,1763047812650
379,"unlock","0adab909-eb8f-4baf-9eed-7a4cc889cb7c","3, 0",1763047812651,1763047872650,1763047812651
379,"unlock","0adab909-eb8f-4baf-9eed-7a4cc889cb7c","3, 0",1763047812651,1763047872650,1763047872650
379,"unlock","0adab909-eb8f-4baf-9eed-7a4cc889cb7c","3, 0",1763047872651,1763047932650,1763047872651
379,"unlock","0adab909-eb8f-4baf-9eed-7a4cc889cb7c","3, 0",1763047872651,1763047932650,1763047932650
379,"unlock","0adab909-eb8f-4baf-9eed-7a4cc889cb7c","3, 0",1763047932651,1763047992650,1763047932651
379,"unlock","0adab909-eb8f-4baf-9eed-7a4cc889cb7c","3, 0",1763047932651,1763047992650,1763047992650
379,"unlock","0adab909-eb8f-4baf-9eed-7a4cc889cb7c","3, 0",1763047992651,1763048052650,1763047992651
379,"unlock","0adab909-eb8f-4baf-9eed-7a4cc889cb7c","3, 0",1763047992651,1763048052650,1763048052650
379,"unlock","0adab909-eb8f-4baf-9eed-7a4cc889cb7c","3, 0",1763048052651,1763048112650,1763048052651
379,"unlock","0adab909-eb8f-4baf-9eed-7a4cc889cb7c","3, 0",1763048052651,1763048112650,1763048112650
379,"unlock","0adab909-eb8f-4baf-9eed-7a4cc889cb7c","3, 0",1763048112651,1763048172650,1763048112651
379,"unlock","0adab909-eb8f-4baf-9eed-7a4cc889cb7c","3, 0",1763048112651,1763048172650,1763048172650
379,"unlock","0adab909-eb8f-4baf-9eed-7a4cc889cb7c","3, 0",1763048172651,1763048232650,1763048172651
379,"unlock","0adab909-eb8f-4baf-9eed-7a4cc889cb7c","3, 0",1763048172651,1763048232650,1763048232650
379,"unlock","0adab909-eb8f-4baf-9eed-7a4cc889cb7c","3, 0",1763048232651,1763048292650,1763048232651
379,"unlock","0adab909-eb8f-4baf-9eed-7a4cc889cb7c","3, 0",1763048232651,1763048292650,1763048292650
379,"unlock","0adab909-eb8f-4baf-9eed-7a4cc889cb7c","3, 0",1763048292651,1763048352650,1763048292651
379,"unlock","0adab909-eb8f-4baf-9eed-7a4cc889cb7c","3, 0",1763048292651,1763048352650,1763048352650
379,"unlock","0adab909-eb8f-4baf-9eed-7a4cc889cb7c","3, 0",1763048352651,1763048412650,1763048352651
379,"unlock","0adab909-eb8f-4baf-9eed-7a4cc889cb7c","3, 0",1763048352651,1763048412650,1763048412650
379,"unlock","0adab909-eb8f-4baf-9eed-7a4cc889cb7c","3, 0",1763048412651,1763048472650,1763048412651
379,"unlock","0adab909-eb8f-4baf-9eed-7a4cc889cb7c","3, 0",1763048412651,1763048472650,1763048472650
379,"unlock","0adab909-eb8f-4baf-9eed-7a4cc889cb7c","3, 0",1763048472651,1763048532650,1763048472651
379,"unlock","0adab909-eb8f-4baf-9eed-7a4cc889cb7c","3, 0",1763048472651,1763048532650,1763048532650
379,"unlock","0adab909-eb8f-4baf-9eed-7a4cc889cb7c","3, 0",1763048532651,1763048566245,1763048532651
379,"unlock","0adab909-eb8f-4baf-9eed-7a4cc889cb7c","3, 0",1763048532651,1763048566245,1763048566245
382,"unlock","0adab909-eb8f-4baf-9eed-7a4cc889cb7c","3, 0",1763048634611,1763048694610,1763048634611
382,"unlock","0adab909-eb8f-4baf-9eed-7a4cc889cb7c","3, 0",1763048634611,1763048694610,1763048694610
382,"unlock","0adab909-eb8f-4baf-9eed-7a4cc889cb7c","3, 0",1763048694611,1763048754610,1763048694611
382,"unlock","0adab909-eb8f-4baf-9eed-7a4cc889cb7c","3, 0",1763048694611,1763048754610,1763048754610
382,"unlock","0adab909-eb8f-4baf-9eed-7a4cc889cb7c","3, 0",1763048754611,1763048814610,1763048754611
382,"unlock","0adab909-eb8f-4baf-9eed-7a4cc889cb7c","3, 0",1763048754611,1763048814610,1763048814610
382,"unlock","0adab909-eb8f-4baf-9eed-7a4cc889cb7c","3, 0",1763048814611,1763048874610,1763048814611
382,"unlock","0adab909-eb8f-4baf-9eed-7a4cc889cb7c","3, 0",1763048814611,1763048874610,1763048874610
382,"unlock","0adab909-eb8f-4baf-9eed-7a4cc889cb7c","3, 0",1763048874611,1763048934610,1763048874611
382,"unlock","0adab909-eb8f-4baf-9eed-7a4cc889cb7c","3, 0",1763048874611,1763048934610,1763048934610
382,"unlock","0adab909-eb8f-4baf-9eed-7a4cc889cb7c","3, 0",1763048934611,1763048994610,1763048934611
382,"unlock","0adab909-eb8f-4baf-9eed-7a4cc889cb7c","3, 0",1763048934611,1763048994610,1763048994610
382,"unlock","0adab909-eb8f-4baf-9eed-7a4cc889cb7c","3, 0",1763048994611,1763049054610,1763048994611
382,"unlock","0adab909-eb8f-4baf-9eed-7a4cc889cb7c","3, 0",1763048994611,1763049054610,1763049054610
382,"unlock","0adab909-eb8f-4baf-9eed-7a4cc889cb7c","3, 0",1763049054611,1763049114610,1763049054611
382,"unlock","0adab909-eb8f-4baf-9eed-7a4cc889cb7c","3, 0",1763049054611,1763049114610,1763049114610
382,"unlock","0adab909-eb8f-4baf-9eed-7a4cc889cb7c","3, 0",1763049114611,1763049174610,1763049114611
382,"unlock","0adab909-eb8f-4baf-9eed-7a4cc889cb7c","3, 0",1763049114611,1763049174610,1763049174610
382,"unlock","0adab909-eb8f-4baf-9eed-7a4cc889cb7c","3, 0",1763049174611,1763049234610,1763049174611
382,"unlock","0adab909-eb8f-4baf-9eed-7a4cc889cb7c","3, 0",1763049174611,1763049234610,1763049234610
382,"unlock","0adab909-eb8f-4baf-9eed-7a4cc889cb7c","3, 0",1763049234611,1763049294610,1763049234611
382,"unlock","0adab909-eb8f-4baf-9eed-7a4cc889cb7c","3, 0",1763049234611,1763049294610,1763049294610
382,"unlock","0adab909-eb8f-4baf-9eed-7a4cc889cb7c","3, 0",1763049294611,1763049354610,1763049294611
382,"unlock","0adab909-eb8f-4baf-9eed-7a4cc889cb7c","3, 0",1763049294611,1763049354610,1763049354610
382,"unlock","0adab909-eb8f-4baf-9eed-7a4cc889cb7c","3, 0",1763049354611,1763049414610,1763049354611
382,"unlock","0adab909-eb8f-4baf-9eed-7a4cc889cb7c","3, 0",1763049354611,1763049414610,1763049414610
382,"unlock","0adab909-eb8f-4baf-9eed-7a4cc889cb7c","3, 0",1763049414611,1763049444680,1763049414611
382,"unlock","0adab909-eb8f-4baf-9eed-7a4cc889cb7c","3, 0",1763049414611,1763049444680,1763049444680
385,"unlock","0adab909-eb8f-4baf-9eed-7a4cc889cb7c","3, 0",1763051495529,1763051555528,1763051495529
385,"unlock","0adab909-eb8f-4baf-9eed-7a4cc889cb7c","3, 0",1763051495529,1763051555528,1763051555528
385,"unlock","0adab909-eb8f-4baf-9eed-7a4cc889cb7c","3, 0",1763051555529,1763051615528,1763051555529
385,"unlock","0adab909-eb8f-4baf-9eed-7a4cc889cb7c","3, 0",1763051555529,1763051615528,1763051615528
385,"unlock","0adab909-eb8f-4baf-9eed-7a4cc889cb7c","3, 0",1763051615529,1763051619449,1763051615529
385,"unlock","0adab909-eb8f-4baf-9eed-7a4cc889cb7c","3, 0",1763051615529,1763051619449,1763051619449
388,"unlock","0adab909-eb8f-4baf-9eed-7a4cc889cb7c","3, 0",1763052022906,1763052082905,1763052022906
388,"unlock","0adab909-eb8f-4baf-9eed-7a4cc889cb7c","3, 0",1763052022906,1763052082905,1763052082905
388,"unlock","0adab909-eb8f-4baf-9eed-7a4cc889cb7c","3, 0",1763052082906,1763052142905,1763052082906
388,"unlock","0adab909-eb8f-4baf-9eed-7a4cc889cb7c","3, 0",1763052082906,1763052142905,1763052142905
388,"unlock","0adab909-eb8f-4baf-9eed-7a4cc889cb7c","3, 0",1763052142906,1763052154260,1763052142906
388,"unlock","0adab909-eb8f-4baf-9eed-7a4cc889cb7c","3, 0",1763052142906,1763052154260,1763052154260
391,"unlock","0adab909-eb8f-4baf-9eed-7a4cc889cb7c","3, 0",1763052676591,1763052736590,1763052676591
391,"unlock","0adab909-eb8f-4baf-9eed-7a4cc889cb7c","3, 0",1763052676591,1763052736590,1763052736590
391,"unlock","0adab909-eb8f-4baf-9eed-7a4cc889cb7c","3, 0",1763052736591,1763052796590,1763052736591
391,"unlock","0adab909-eb8f-4baf-9eed-7a4cc889cb7c","3, 0",1763052736591,1763052796590,1763052796590
391,"unlock","0adab909-eb8f-4baf-9eed-7a4cc889cb7c","3, 0",1763052796591,1763052827997,1763052796591
391,"unlock","0adab909-eb8f-4baf-9eed-7a4cc889cb7c","3, 0",1763052796591,1763052827997,1763052827997
394,"unlock","0adab909-eb8f-4baf-9eed-7a4cc889cb7c","3, 0",1763053238928,1763053298927,1763053238928
394,"unlock","0adab909-eb8f-4baf-9eed-7a4cc889cb7c","3, 0",1763053238928,1763053298927,1763053298927
394,"unlock","0adab909-eb8f-4baf-9eed-7a4cc889cb7c","3, 0",1763053298928,1763053358927,1763053298928
394,"unlock","0adab909-eb8f-4baf-9eed-7a4cc889cb7c","3, 0",1763053298928,1763053358927,1763053358927
394,"unlock","0adab909-eb8f-4baf-9eed-7a4cc889cb7c","3, 0",1763053358928,1763053418927,1763053358928
394,"unlock","0adab909-eb8f-4baf-9eed-7a4cc889cb7c","3, 0",1763053358928,1763053418927,1763053418927
394,"unlock","0adab909-eb8f-4baf-9eed-7a4cc889cb7c","3, 0",1763053418928,1763053428408,1763053418928
394,"unlock","0adab909-eb8f-4baf-9eed-7a4cc889cb7c","3, 0",1763053418928,1763053428408,1763053428408
397,"unlock","0adab909-eb8f-4baf-9eed-7a4cc889cb7c","3, 0",1763053847170,1763053907169,1763053847170
397,"unlock","0adab909-eb8f-4baf-9eed-7a4cc889cb7c","3, 0",1763053847170,1763053907169,1763053907169
397,"unlock","0adab909-eb8f-4baf-9eed-7a4cc889cb7c","3, 0",1763053907170,1763053967169,1763053907170
397,"unlock","0adab909-eb8f-4baf-9eed-7a4cc889cb7c","3, 0",1763053907170,1763053967169,1763053967169
397,"unlock","0adab909-eb8f-4baf-9eed-7a4cc889cb7c","3, 0",1763053967170,1763054022123,1763053967170
397,"unlock","0adab909-eb8f-4baf-9eed-7a4cc889cb7c","3, 0",1763053967170,1763054022123,1763054022123
400,"unlock","0adab909-eb8f-4baf-9eed-7a4cc889cb7c","3, 0",1763054549762,1763054609761,1763054549762
400,"unlock","0adab909-eb8f-4baf-9eed-7a4cc889cb7c","3, 0",1763054549762,1763054609761,1763054609761
400,"unlock","0adab909-eb8f-4baf-9eed-7a4cc889cb7c","3, 0",1763054609762,1763054651195,1763054609762
400,"unlock","0adab909-eb8f-4baf-9eed-7a4cc889cb7c","3, 0",1763054609762,1763054651195,1763054651195
403,"unlock","0adab909-eb8f-4baf-9eed-7a4cc889cb7c","3, 0",1763055110086,1763055170085,1763055110086
403,"unlock","0adab909-eb8f-4baf-9eed-7a4cc889cb7c","3, 0",1763055110086,1763055170085,1763055170085
403,"unlock","0adab909-eb8f-4baf-9eed-7a4cc889cb7c","3, 0",1763055170086,1763055222994,1763055170086
403,"unlock","0adab909-eb8f-4baf-9eed-7a4cc889cb7c","3, 0",1763055170086,1763055222994,1763055222994
406,"unlock","0adab909-eb8f-4baf-9eed-7a4cc889cb7c","3, 0",1763055877793,1763055937792,1763055877793
406,"unlock","0adab909-eb8f-4baf-9eed-7a4cc889cb7c","3, 0",1763055877793,1763055937792,1763055937792
406,"unlock","0adab909-eb8f-4baf-9eed-7a4cc889cb7c","3, 0",1763055937793,1763055997792,1763055937793
406,"unlock","0adab909-eb8f-4baf-9eed-7a4cc889cb7c","3, 0",1763055937793,1763055997792,1763055997792
406,"unlock","0adab909-eb8f-4baf-9eed-7a4cc889cb7c","3, 0",1763055997793,1763056057792,1763055997793
406,"unlock","0adab909-eb8f-4baf-9eed-7a4cc889cb7c","3, 0",1763055997793,1763056057792,1763056057792
406,"unlock","0adab909-eb8f-4baf-9eed-7a4cc889cb7c","3, 0",1763056057793,1763056117792,1763056057793
406,"unlock","0adab909-eb8f-4baf-9eed-7a4cc889cb7c","3, 0",1763056057793,1763056117792,1763056117792
406,"unlock","0adab909-eb8f-4baf-9eed-7a4cc889cb7c","3, 0",1763056117793,1763056177792,1763056117793
406,"unlock","0adab909-eb8f-4baf-9eed-7a4cc889cb7c","3, 0",1763056117793,1763056177792,1763056177792
406,"unlock","0adab909-eb8f-4baf-9eed-7a4cc889cb7c","3, 0",1763056177793,1763056237792,1763056177793
406,"unlock","0adab909-eb8f-4baf-9eed-7a4cc889cb7c","3, 0",1763056177793,1763056237792,1763056237792
406,"unlock","0adab909-eb8f-4baf-9eed-7a4cc889cb7c","3, 0",1763056237793,1763056297792,1763056237793
406,"unlock","0adab909-eb8f-4baf-9eed-7a4cc889cb7c","3, 0",1763056237793,1763056297792,1763056297792
406,"unlock","0adab909-eb8f-4baf-9eed-7a4cc889cb7c","3, 0",1763056297793,1763056357792,1763056297793
406,"unlock","0adab909-eb8f-4baf-9eed-7a4cc889cb7c","3, 0",1763056297793,1763056357792,1763056357792
406,"unlock","0adab909-eb8f-4baf-9eed-7a4cc889cb7c","3, 0",1763056357793,1763056417792,1763056357793
406,"unlock","0adab909-eb8f-4baf-9eed-7a4cc889cb7c","3, 0",1763056357793,1763056417792,1763056417792
406,"unlock","0adab909-eb8f-4baf-9eed-7a4cc889cb7c","3, 0",1763056417793,1763056477792,1763056417793
406,"unlock","0adab909-eb8f-4baf-9eed-7a4cc889cb7c","3, 0",1763056417793,1763056477792,1763056477792
406,"unlock","0adab909-eb8f-4baf-9eed-7a4cc889cb7c","3, 0",1763056477793,1763056537792,1763056477793
406,"unlock","0adab909-eb8f-4baf-9eed-7a4cc889cb7c","3, 0",1763056477793,1763056537792,1763056537792
406,"unlock","0adab909-eb8f-4baf-9eed-7a4cc889cb7c","3, 0",1763056537793,1763056597792,1763056537793
406,"unlock","0adab909-eb8f-4baf-9eed-7a4cc889cb7c","3, 0",1763056537793,1763056597792,1763056597792
406,"unlock","0adab909-eb8f-4baf-9eed-7a4cc889cb7c","3, 0",1763056597793,1763056657792,1763056597793
406,"unlock","0adab909-eb8f-4baf-9eed-7a4cc889cb7c","3, 0",1763056597793,1763056657792,1763056657792
406,"unlock","0adab909-eb8f-4baf-9eed-7a4cc889cb7c","3, 0",1763056657793,1763056717792,1763056657793
406,"unlock","0adab909-eb8f-4baf-9eed-7a4cc889cb7c","3, 0",1763056657793,1763056717792,1763056717792
406,"unlock","0adab909-eb8f-4baf-9eed-7a4cc889cb7c","3, 0",1763056717793,1763056777792,1763056717793
406,"unlock","0adab909-eb8f-4baf-9eed-7a4cc889cb7c","3, 0",1763056717793,1763056777792,1763056777792
406,"unlock","0adab909-eb8f-4baf-9eed-7a4cc889cb7c","3, 0",1763056777793,1763056837792,1763056777793
406,"unlock","0adab909-eb8f-4baf-9eed-7a4cc889cb7c","3, 0",1763056777793,1763056837792,1763056837792
406,"unlock","0adab909-eb8f-4baf-9eed-7a4cc889cb7c","3, 0",1763056837793,1763056897792,1763056837793
406,"unlock","0adab909-eb8f-4baf-9eed-7a4cc889cb7c","3, 0",1763056837793,1763056897792,1763056897792
406,"unlock","0adab909-eb8f-4baf-9eed-7a4cc889cb7c","3, 0",1763056897793,1763056957792,1763056897793
406,"unlock","0adab909-eb8f-4baf-9eed-7a4cc889cb7c","3, 0",1763056897793,1763056957792,1763056957792
406,"unlock","0adab909-eb8f-4baf-9eed-7a4cc889cb7c","3, 0",1763056957793,1763057017792,1763056957793
406,"unlock","0adab909-eb8f-4baf-9eed-7a4cc889cb7c","3, 0",1763056957793,1763057017792,1763057017792
406,"unlock","0adab909-eb8f-4baf-9eed-7a4cc889cb7c","3, 0",1763057017793,1763057077792,1763057017793
406,"unlock","0adab909-eb8f-4baf-9eed-7a4cc889cb7c","3, 0",1763057017793,1763057077792,1763057077792
406,"unlock","0adab909-eb8f-4baf-9eed-7a4cc889cb7c","3, 0",1763057077793,1763057137792,1763057077793
406,"unlock","0adab909-eb8f-4baf-9eed-7a4cc889cb7c","3, 0",1763057077793,1763057137792,1763057137792
406,"unlock","0adab909-eb8f-4baf-9eed-7a4cc889cb7c","3, 0",1763057137793,1763057197792,1763057137793
406,"unlock","0adab909-eb8f-4baf-9eed-7a4cc889cb7c","3, 0",1763057137793,1763057197792,1763057197792
406,"unlock","0adab909-eb8f-4baf-9eed-7a4cc889cb7c","3, 0",1763057197793,1763057257792,1763057197793
406,"unlock","0adab909-eb8f-4baf-9eed-7a4cc889cb7c","3, 0",1763057197793,1763057257792,1763057257792
406,"unlock","0adab909-eb8f-4baf-9eed-7a4cc889cb7c","3, 0",1763057257793,1763057317792,1763057257793
406,"unlock","0adab909-eb8f-4baf-9eed-7a4cc889cb7c","3, 0",1763057257793,1763057317792,1763057317792
406,"unlock","0adab909-eb8f-4baf-9eed-7a4cc889cb7c","3, 0",1763057317793,1763057377792,1763057317793
406,"unlock","0adab909-eb8f-4baf-9eed-7a4cc889cb7c","3, 0",1763057317793,1763057377792,1763057377792
406,"unlock","0adab909-eb8f-4baf-9eed-7a4cc889cb7c","3, 0",1763057377793,1763057437792,1763057377793
406,"unlock","0adab909-eb8f-4baf-9eed-7a4cc889cb7c","3, 0",1763057377793,1763057437792,1763057437792
406,"unlock","0adab909-eb8f-4baf-9eed-7a4cc889cb7c","3, 0",1763057437793,1763057497792,1763057437793
406,"unlock","0adab909-eb8f-4baf-9eed-7a4cc889cb7c","3, 0",1763057437793,1763057497792,1763057497792
406,"unlock","0adab909-eb8f-4baf-9eed-7a4cc889cb7c","3, 0",1763057497793,1763057557792,1763057497793
406,"unlock","0adab909-eb8f-4baf-9eed-7a4cc889cb7c","3, 0",1763057497793,1763057557792,1763057557792
406,"unlock","0adab909-eb8f-4baf-9eed-7a4cc889cb7c","3, 0",1763057557793,1763057617792,1763057557793
406,"unlock","0adab909-eb8f-4baf-9eed-7a4cc889cb7c","3, 0",1763057557793,1763057617792,1763057617792
406,"unlock","0adab909-eb8f-4baf-9eed-7a4cc889cb7c","3, 0",1763057617793,1763057677792,1763057617793
406,"unlock","0adab909-eb8f-4baf-9eed-7a4cc889cb7c","3, 0",1763057617793,1763057677792,1763057677792
406,"unlock","0adab909-eb8f-4baf-9eed-7a4cc889cb7c","3, 0",1763057677793,1763057737792,1763057677793
406,"unlock","0adab909-eb8f-4baf-9eed-7a4cc889cb7c","3, 0",1763057677793,1763057737792,1763057737792
406,"unlock","0adab909-eb8f-4baf-9eed-7a4cc889cb7c","3, 0",1763057737793,1763057797792,1763057737793
406,"unlock","0adab909-eb8f-4baf-9eed-7a4cc889cb7c","3, 0",1763057737793,1763057797792,1763057797792
406,"unlock","0adab909-eb8f-4baf-9eed-7a4cc889cb7c","3, 0",1763057797793,1763057857792,1763057797793
406,"unlock","0adab909-eb8f-4baf-9eed-7a4cc889cb7c","3, 0",1763057797793,1763057857792,1763057857792
406,"unlock","0adab909-eb8f-4baf-9eed-7a4cc889cb7c","3, 0",1763057857793,1763057917792,1763057857793
406,"unlock","0adab909-eb8f-4baf-9eed-7a4cc889cb7c","3, 0",1763057857793,1763057917792,1763057917792
406,"unlock","0adab909-eb8f-4baf-9eed-7a4cc889cb7c","3, 0",1763057917793,1763057977792,1763057917793
406,"unlock","0adab909-eb8f-4baf-9eed-7a4cc889cb7c","3, 0",1763057917793,1763057977792,1763057977792
406,"unlock","0adab909-eb8f-4baf-9eed-7a4cc889cb7c","3, 0",1763057977793,1763057985093,1763057977793
406,"unlock","0adab909-eb8f-4baf-9eed-7a4cc889cb7c","3, 0",1763057977793,1763057985093,1763057985093
409,"unlock","0adab909-eb8f-4baf-9eed-7a4cc889cb7c","3, 0",1763060452540,1763060512539,1763060452540
409,"unlock","0adab909-eb8f-4baf-9eed-7a4cc889cb7c","3, 0",1763060452540,1763060512539,1763060512539
409,"unlock","0adab909-eb8f-4baf-9eed-7a4cc889cb7c","3, 0",1763060512540,1763060572539,1763060512540
409,"unlock","0adab909-eb8f-4baf-9eed-7a4cc889cb7c","3, 0",1763060512540,1763060572539,1763060572539
409,"unlock","0adab909-eb8f-4baf-9eed-7a4cc889cb7c","3, 0",1763060572540,1763060632539,1763060572540
409,"unlock","0adab909-eb8f-4baf-9eed-7a4cc889cb7c","3, 0",1763060572540,1763060632539,1763060632539
409,"unlock","0adab909-eb8f-4baf-9eed-7a4cc889cb7c","3, 0",1763060632540,1763060692539,1763060632540
409,"unlock","0adab909-eb8f-4baf-9eed-7a4cc889cb7c","3, 0",1763060632540,1763060692539,1763060692539
409,"unlock","0adab909-eb8f-4baf-9eed-7a4cc889cb7c","3, 0",1763060692540,1763060752539,1763060692540
409,"unlock","0adab909-eb8f-4baf-9eed-7a4cc889cb7c","3, 0",1763060692540,1763060752539,1763060752539
409,"unlock","0adab909-eb8f-4baf-9eed-7a4cc889cb7c","3, 0",1763060752540,1763060812539,1763060752540
409,"unlock","0adab909-eb8f-4baf-9eed-7a4cc889cb7c","3, 0",1763060752540,1763060812539,1763060812539
409,"unlock","0adab909-eb8f-4baf-9eed-7a4cc889cb7c","3, 0",1763060812540,1763060872539,1763060812540
409,"unlock","0adab909-eb8f-4baf-9eed-7a4cc889cb7c","3, 0",1763060812540,1763060872539,1763060872539
409,"unlock","0adab909-eb8f-4baf-9eed-7a4cc889cb7c","3, 0",1763060872540,1763060932539,1763060872540
409,"unlock","0adab909-eb8f-4baf-9eed-7a4cc889cb7c","3, 0",1763060872540,1763060932539,1763060932539
409,"unlock","0adab909-eb8f-4baf-9eed-7a4cc889cb7c","3, 0",1763060932540,1763060983446,1763060932540
409,"unlock","0adab909-eb8f-4baf-9eed-7a4cc889cb7c","3, 0",1763060932540,1763060983446,1763060983446
412,"unlock","0adab909-eb8f-4baf-9eed-7a4cc889cb7c","3, 0",1763062878002,1763062938001,1763062878002
412,"unlock","0adab909-eb8f-4baf-9eed-7a4cc889cb7c","3, 0",1763062878002,1763062938001,1763062938001
412,"unlock","0adab909-eb8f-4baf-9eed-7a4cc889cb7c","3, 0",1763062938002,1763062998001,1763062938002
412,"unlock","0adab909-eb8f-4baf-9eed-7a4cc889cb7c","3, 0",1763062938002,1763062998001,1763062998001
412,"unlock","0adab909-eb8f-4baf-9eed-7a4cc889cb7c","3, 0",1763062998002,1763063058001,1763062998002
412,"unlock","0adab909-eb8f-4baf-9eed-7a4cc889cb7c","3, 0",1763062998002,1763063058001,1763063058001
412,"unlock","0adab909-eb8f-4baf-9eed-7a4cc889cb7c","3, 0",1763063058002,1763063118001,1763063058002
412,"unlock","0adab909-eb8f-4baf-9eed-7a4cc889cb7c","3, 0",1763063058002,1763063118001,1763063118001
412,"unlock","0adab909-eb8f-4baf-9eed-7a4cc889cb7c","3, 0",1763063118002,1763063178001,1763063118002
412,"unlock","0adab909-eb8f-4baf-9eed-7a4cc889cb7c","3, 0",1763063118002,1763063178001,1763063178001
412,"unlock","0adab909-eb8f-4baf-9eed-7a4cc889cb7c","3, 0",1763063178002,1763063238001,1763063178002
412,"unlock","0adab909-eb8f-4baf-9eed-7a4cc889cb7c","3, 0",1763063178002,1763063238001,1763063238001
412,"unlock","0adab909-eb8f-4baf-9eed-7a4cc889cb7c","3, 0",1763063238002,1763063298001,1763063238002
412,"unlock","0adab909-eb8f-4baf-9eed-7a4cc889cb7c","3, 0",1763063238002,1763063298001,1763063298001
412,"unlock","0adab909-eb8f-4baf-9eed-7a4cc889cb7c","3, 0",1763063298002,1763063330704,1763063298002
412,"unlock","0adab909-eb8f-4baf-9eed-7a4cc889cb7c","3, 0",1763063298002,1763063330704,1763063330704
415,"unlock","0adab909-eb8f-4baf-9eed-7a4cc889cb7c","3, 0",1763064042175,1763064102174,1763064042175
415,"unlock","0adab909-eb8f-4baf-9eed-7a4cc889cb7c","3, 0",1763064042175,1763064102174,1763064102174
415,"unlock","0adab909-eb8f-4baf-9eed-7a4cc889cb7c","3, 0",1763064102175,1763064162174,1763064102175
415,"unlock","0adab909-eb8f-4baf-9eed-7a4cc889cb7c","3, 0",1763064102175,1763064162174,1763064162174
415,"unlock","0adab909-eb8f-4baf-9eed-7a4cc889cb7c","3, 0",1763064162175,1763064222174,1763064162175
415,"unlock","0adab909-eb8f-4baf-9eed-7a4cc889cb7c","3, 0",1763064162175,1763064222174,1763064222174
415,"unlock","0adab909-eb8f-4baf-9eed-7a4cc889cb7c","3, 0",1763064222175,1763064282174,1763064222175
415,"unlock","0adab909-eb8f-4baf-9eed-7a4cc889cb7c","3, 0",1763064222175,1763064282174,1763064282174
415,"unlock","0adab909-eb8f-4baf-9eed-7a4cc889cb7c","3, 0",1763064282175,1763064311931,1763064282175
415,"unlock","0adab909-eb8f-4baf-9eed-7a4cc889cb7c","3, 0",1763064282175,1763064311931,1763064311931
418,"unlock","0adab909-eb8f-4baf-9eed-7a4cc889cb7c","3, 0",1763064924788,1763064984787,1763064924788
418,"unlock","0adab909-eb8f-4baf-9eed-7a4cc889cb7c","3, 0",1763064924788,1763064984787,1763064984787
418,"unlock","0adab909-eb8f-4baf-9eed-7a4cc889cb7c","3, 0",1763064984788,1763065044787,1763064984788
418,"unlock","0adab909-eb8f-4baf-9eed-7a4cc889cb7c","3, 0",1763064984788,1763065044787,1763065044787
418,"unlock","0adab909-eb8f-4baf-9eed-7a4cc889cb7c","3, 0",1763065044788,1763065083107,1763065044788
418,"unlock","0adab909-eb8f-4baf-9eed-7a4cc889cb7c","3, 0",1763065044788,1763065083107,1763065083107
421,"unlock","0adab909-eb8f-4baf-9eed-7a4cc889cb7c","3, 0",1763065379732,1763065439731,1763065379732
421,"unlock","0adab909-eb8f-4baf-9eed-7a4cc889cb7c","3, 0",1763065379732,1763065439731,1763065439731
421,"unlock","0adab909-eb8f-4baf-9eed-7a4cc889cb7c","3, 0",1763065439732,1763065479026,1763065439732
421,"unlock","0adab909-eb8f-4baf-9eed-7a4cc889cb7c","3, 0",1763065439732,1763065479026,1763065479026
424,"unlock","0adab909-eb8f-4baf-9eed-7a4cc889cb7c","3, 0",1763065734517,1763065794516,1763065734517
424,"unlock","0adab909-eb8f-4baf-9eed-7a4cc889cb7c","3, 0",1763065734517,1763065794516,1763065794516
424,"unlock","0adab909-eb8f-4baf-9eed-7a4cc889cb7c","3, 0",1763065794517,1763065854516,1763065794517
424,"unlock","0adab909-eb8f-4baf-9eed-7a4cc889cb7c","3, 0",1763065794517,1763065854516,1763065854516
424,"unlock","0adab909-eb8f-4baf-9eed-7a4cc889cb7c","3, 0",1763065854517,1763065914516,1763065854517
424,"unlock","0adab909-eb8f-4baf-9eed-7a4cc889cb7c","3, 0",1763065854517,1763065914516,1763065914516
424,"unlock","0adab909-eb8f-4baf-9eed-7a4cc889cb7c","3, 0",1763065914517,1763065974516,1763065914517
424,"unlock","0adab909-eb8f-4baf-9eed-7a4cc889cb7c","3, 0",1763065914517,1763065974516,1763065974516
424,"unlock","0adab909-eb8f-4baf-9eed-7a4cc889cb7c","3, 0",1763065974517,1763066034516,1763065974517
424,"unlock","0adab909-eb8f-4baf-9eed-7a4cc889cb7c","3, 0",1763065974517,1763066034516,1763066034516
424,"unlock","0adab909-eb8f-4baf-9eed-7a4cc889cb7c","3, 0",1763066034517,1763066094516,1763066034517
424,"unlock","0adab909-eb8f-4baf-9eed-7a4cc889cb7c","3, 0",1763066034517,1763066094516,1763066094516
424,"unlock","0adab909-eb8f-4baf-9eed-7a4cc889cb7c","3, 0",1763066094517,1763066154516,1763066094517
424,"unlock","0adab909-eb8f-4baf-9eed-7a4cc889cb7c","3, 0",1763066094517,1763066154516,1763066154516
424,"unlock","0adab909-eb8f-4baf-9eed-7a4cc889cb7c","3, 0",1763066154517,1763066214516,1763066154517
424,"unlock","0adab909-eb8f-4baf-9eed-7a4cc889cb7c","3, 0",1763066154517,1763066214516,1763066214516
424,"unlock","0adab909-eb8f-4baf-9eed-7a4cc889cb7c","3, 0",1763066214517,1763066274516,1763066214517
424,"unlock","0adab909-eb8f-4baf-9eed-7a4cc889cb7c","3, 0",1763066214517,1763066274516,1763066274516
424,"unlock","0adab909-eb8f-4baf-9eed-7a4cc889cb7c","3, 0",1763066274517,1763066334516,1763066274517
424,"unlock","0adab909-eb8f-4baf-9eed-7a4cc889cb7c","3, 0",1763066274517,1763066334516,1763066334516
424,"unlock","0adab909-eb8f-4baf-9eed-7a4cc889cb7c","3, 0",1763066334517,1763066394516,1763066334517
424,"unlock","0adab909-eb8f-4baf-9eed-7a4cc889cb7c","3, 0",1763066334517,1763066394516,1763066394516
424,"unlock","0adab909-eb8f-4baf-9eed-7a4cc889cb7c","3, 0",1763066394517,1763066454516,1763066394517
424,"unlock","0adab909-eb8f-4baf-9eed-7a4cc889cb7c","3, 0",1763066394517,1763066454516,1763066454516
424,"unlock","0adab909-eb8f-4baf-9eed-7a4cc889cb7c","3, 0",1763066454517,1763066514516,1763066454517
424,"unlock","0adab909-eb8f-4baf-9eed-7a4cc889cb7c","3, 0",1763066454517,1763066514516,1763066514516
424,"unlock","0adab909-eb8f-4baf-9eed-7a4cc889cb7c","3, 0",1763066514517,1763066574516,1763066514517
424,"unlock","0adab909-eb8f-4baf-9eed-7a4cc889cb7c","3, 0",1763066514517,1763066574516,1763066574516
424,"unlock","0adab909-eb8f-4baf-9eed-7a4cc889cb7c","3, 0",1763066574517,1763066634516,1763066574517
424,"unlock","0adab909-eb8f-4baf-9eed-7a4cc889cb7c","3, 0",1763066574517,1763066634516,1763066634516
424,"unlock","0adab909-eb8f-4baf-9eed-7a4cc889cb7c","3, 0",1763066634517,1763066694516,1763066634517
424,"unlock","0adab909-eb8f-4baf-9eed-7a4cc889cb7c","3, 0",1763066634517,1763066694516,1763066694516
424,"unlock","0adab909-eb8f-4baf-9eed-7a4cc889cb7c","3, 0",1763066694517,1763066754516,1763066694517
424,"unlock","0adab909-eb8f-4baf-9eed-7a4cc889cb7c","3, 0",1763066694517,1763066754516,1763066754516
424,"unlock","0adab909-eb8f-4baf-9eed-7a4cc889cb7c","3, 0",1763066754517,1763066814516,1763066754517
424,"unlock","0adab909-eb8f-4baf-9eed-7a4cc889cb7c","3, 0",1763066754517,1763066814516,1763066814516
424,"unlock","0adab909-eb8f-4baf-9eed-7a4cc889cb7c","3, 0",1763066814517,1763066874516,1763066814517
424,"unlock","0adab909-eb8f-4baf-9eed-7a4cc889cb7c","3, 0",1763066814517,1763066874516,1763066874516
424,"unlock","0adab909-eb8f-4baf-9eed-7a4cc889cb7c","3, 0",1763066874517,1763066934516,1763066874517
424,"unlock","0adab909-eb8f-4baf-9eed-7a4cc889cb7c","3, 0",1763066874517,1763066934516,1763066934516
424,"unlock","0adab909-eb8f-4baf-9eed-7a4cc889cb7c","3, 0",1763066934517,1763066994516,1763066934517
424,"unlock","0adab909-eb8f-4baf-9eed-7a4cc889cb7c","3, 0",1763066934517,1763066994516,1763066994516
424,"unlock","0adab909-eb8f-4baf-9eed-7a4cc889cb7c","3, 0",1763066994517,1763067054516,1763066994517
424,"unlock","0adab909-eb8f-4baf-9eed-7a4cc889cb7c","3, 0",1763066994517,1763067054516,1763067054516
424,"unlock","0adab909-eb8f-4baf-9eed-7a4cc889cb7c","3, 0",1763067054517,1763067114516,1763067054517
424,"unlock","0adab909-eb8f-4baf-9eed-7a4cc889cb7c","3, 0",1763067054517,1763067114516,1763067114516
424,"unlock","0adab909-eb8f-4baf-9eed-7a4cc889cb7c","3, 0",1763067114517,1763067174516,1763067114517
424,"unlock","0adab909-eb8f-4baf-9eed-7a4cc889cb7c","3, 0",1763067114517,1763067174516,1763067174516
424,"unlock","0adab909-eb8f-4baf-9eed-7a4cc889cb7c","3, 0",1763067174517,1763067234516,1763067174517
424,"unlock","0adab909-eb8f-4baf-9eed-7a4cc889cb7c","3, 0",1763067174517,1763067234516,1763067234516
424,"unlock","0adab909-eb8f-4baf-9eed-7a4cc889cb7c","3, 0",1763067234517,1763067294516,1763067234517
424,"unlock","0adab909-eb8f-4baf-9eed-7a4cc889cb7c","3, 0",1763067234517,1763067294516,1763067294516
424,"unlock","0adab909-eb8f-4baf-9eed-7a4cc889cb7c","3, 0",1763067294517,1763067354516,1763067294517
424,"unlock","0adab909-eb8f-4baf-9eed-7a4cc889cb7c","3, 0",1763067294517,1763067354516,1763067354516
424,"unlock","0adab909-eb8f-4baf-9eed-7a4cc889cb7c","3, 0",1763067354517,1763067414516,1763067354517
424,"unlock","0adab909-eb8f-4baf-9eed-7a4cc889cb7c","3, 0",1763067354517,1763067414516,1763067414516
424,"unlock","0adab909-eb8f-4baf-9eed-7a4cc889cb7c","3, 0",1763067414517,1763067474516,1763067414517
424,"unlock","0adab909-eb8f-4baf-9eed-7a4cc889cb7c","3, 0",1763067414517,1763067474516,1763067474516
424,"unlock","0adab909-eb8f-4baf-9eed-7a4cc889cb7c","3, 0",1763067474517,1763067534516,1763067474517
424,"unlock","0adab909-eb8f-4baf-9eed-7a4cc889cb7c","3, 0",1763067474517,1763067534516,1763067534516
424,"unlock","0adab909-eb8f-4baf-9eed-7a4cc889cb7c","3, 0",1763067534517,1763067594516,1763067534517
424,"unlock","0adab909-eb8f-4baf-9eed-7a4cc889cb7c","3, 0",1763067534517,1763067594516,1763067594516
424,"unlock","0adab909-eb8f-4baf-9eed-7a4cc889cb7c","3, 0",1763067594517,1763067654516,1763067594517
424,"unlock","0adab909-eb8f-4baf-9eed-7a4cc889cb7c","3, 0",1763067594517,1763067654516,1763067654516
424,"unlock","0adab909-eb8f-4baf-9eed-7a4cc889cb7c","3, 0",1763067654517,1763067714516,1763067654517
424,"unlock","0adab909-eb8f-4baf-9eed-7a4cc889cb7c","3, 0",1763067654517,1763067714516,1763067714516
424,"unlock","0adab909-eb8f-4baf-9eed-7a4cc889cb7c","3, 0",1763067714517,1763067774516,1763067714517
424,"unlock","0adab909-eb8f-4baf-9eed-7a4cc889cb7c","3, 0",1763067714517,1763067774516,1763067774516
424,"unlock","0adab909-eb8f-4baf-9eed-7a4cc889cb7c","3, 0",1763067774517,1763067834516,1763067774517
424,"unlock","0adab909-eb8f-4baf-9eed-7a4cc889cb7c","3, 0",1763067774517,1763067834516,1763067834516
424,"unlock","0adab909-eb8f-4baf-9eed-7a4cc889cb7c","3, 0",1763067834517,1763067894516,1763067834517
424,"unlock","0adab909-eb8f-4baf-9eed-7a4cc889cb7c","3, 0",1763067834517,1763067894516,1763067894516
424,"unlock","0adab909-eb8f-4baf-9eed-7a4cc889cb7c","3, 0",1763067894517,1763067954516,1763067894517
424,"unlock","0adab909-eb8f-4baf-9eed-7a4cc889cb7c","3, 0",1763067894517,1763067954516,1763067954516
424,"unlock","0adab909-eb8f-4baf-9eed-7a4cc889cb7c","3, 0",1763067954517,1763068014516,1763067954517
424,"unlock","0adab909-eb8f-4baf-9eed-7a4cc889cb7c","3, 0",1763067954517,1763068014516,1763068014516
424,"unlock","0adab909-eb8f-4baf-9eed-7a4cc889cb7c","3, 0",1763068014517,1763068074516,1763068014517
424,"unlock","0adab909-eb8f-4baf-9eed-7a4cc889cb7c","3, 0",1763068014517,1763068074516,1763068074516
424,"unlock","0adab909-eb8f-4baf-9eed-7a4cc889cb7c","3, 0",1763068074517,1763068134516,1763068074517
424,"unlock","0adab909-eb8f-4baf-9eed-7a4cc889cb7c","3, 0",1763068074517,1763068134516,1763068134516
424,"unlock","0adab909-eb8f-4baf-9eed-7a4cc889cb7c","3, 0",1763068134517,1763068194516,1763068134517
424,"unlock","0adab909-eb8f-4baf-9eed-7a4cc889cb7c","3, 0",1763068134517,1763068194516,1763068194516
424,"unlock","0adab909-eb8f-4baf-9eed-7a4cc889cb7c","3, 0",1763068194517,1763068254516,1763068194517
424,"unlock","0adab909-eb8f-4baf-9eed-7a4cc889cb7c","3, 0",1763068194517,1763068254516,1763068254516
424,"unlock","0adab909-eb8f-4baf-9eed-7a4cc889cb7c","3, 0",1763068254517,1763068314516,1763068254517
424,"unlock","0adab909-eb8f-4baf-9eed-7a4cc889cb7c","3, 0",1763068254517,1763068314516,1763068314516
424,"unlock","0adab909-eb8f-4baf-9eed-7a4cc889cb7c","3, 0",1763068314517,1763068374516,1763068314517
424,"unlock","0adab909-eb8f-4baf-9eed-7a4cc889cb7c","3, 0",1763068314517,1763068374516,1763068374516
424,"unlock","0adab909-eb8f-4baf-9eed-7a4cc889cb7c","3, 0",1763068374517,1763068434516,1763068374517
424,"unlock","0adab909-eb8f-4baf-9eed-7a4cc889cb7c","3, 0",1763068374517,1763068434516,1763068434516
424,"unlock","0adab909-eb8f-4baf-9eed-7a4cc889cb7c","3, 0",1763068434517,1763068494516,1763068434517
424,"unlock","0adab909-eb8f-4baf-9eed-7a4cc889cb7c","3, 0",1763068434517,1763068494516,1763068494516
424,"unlock","0adab909-eb8f-4baf-9eed-7a4cc889cb7c","3, 0",1763068494517,1763068554516,1763068494517
424,"unlock","0adab909-eb8f-4baf-9eed-7a4cc889cb7c","3, 0",1763068494517,1763068554516,1763068554516
424,"unlock","0adab909-eb8f-4baf-9eed-7a4cc889cb7c","3, 0",1763068554517,1763068614516,1763068554517
424,"unlock","0adab909-eb8f-4baf-9eed-7a4cc889cb7c","3, 0",1763068554517,1763068614516,1763068614516
424,"unlock","0adab909-eb8f-4baf-9eed-7a4cc889cb7c","3, 0",1763068614517,1763068674516,1763068614517
424,"unlock","0adab909-eb8f-4baf-9eed-7a4cc889cb7c","3, 0",1763068614517,1763068674516,1763068674516
424,"unlock","0adab909-eb8f-4baf-9eed-7a4cc889cb7c","3, 0",1763068674517,1763068734516,1763068674517
424,"unlock","0adab909-eb8f-4baf-9eed-7a4cc889cb7c","3, 0",1763068674517,1763068734516,1763068734516
424,"unlock","0adab909-eb8f-4baf-9eed-7a4cc889cb7c","3, 0",1763068734517,1763068794516,1763068734517
424,"unlock","0adab909-eb8f-4baf-9eed-7a4cc889cb7c","3, 0",1763068734517,1763068794516,1763068794516
424,"unlock","0adab909-eb8f-4baf-9eed-7a4cc889cb7c","3, 0",1763068794517,1763068854516,1763068794517
424,"unlock","0adab909-eb8f-4baf-9eed-7a4cc889cb7c","3, 0",1763068794517,1763068854516,1763068854516
424,"unlock","0adab909-eb8f-4baf-9eed-7a4cc889cb7c","3, 0",1763068854517,1763068914516,1763068854517
424,"unlock","0adab909-eb8f-4baf-9eed-7a4cc889cb7c","3, 0",1763068854517,1763068914516,1763068914516
424,"unlock","0adab909-eb8f-4baf-9eed-7a4cc889cb7c","3, 0",1763068914517,1763068974516,1763068914517
424,"unlock","0adab909-eb8f-4baf-9eed-7a4cc889cb7c","3, 0",1763068914517,1763068974516,1763068974516
424,"unlock","0adab909-eb8f-4baf-9eed-7a4cc889cb7c","3, 0",1763068974517,1763069034516,1763068974517
424,"unlock","0adab909-eb8f-4baf-9eed-7a4cc889cb7c","3, 0",1763068974517,1763069034516,1763069034516
424,"unlock","0adab909-eb8f-4baf-9eed-7a4cc889cb7c","3, 0",1763069034517,1763069094516,1763069034517
424,"unlock","0adab909-eb8f-4baf-9eed-7a4cc889cb7c","3, 0",1763069034517,1763069094516,1763069094516
424,"unlock","0adab909-eb8f-4baf-9eed-7a4cc889cb7c","3, 0",1763069094517,1763069154516,1763069094517
424,"unlock","0adab909-eb8f-4baf-9eed-7a4cc889cb7c","3, 0",1763069094517,1763069154516,1763069154516
424,"unlock","0adab909-eb8f-4baf-9eed-7a4cc889cb7c","3, 0",1763069154517,1763069214516,1763069154517
424,"unlock","0adab909-eb8f-4baf-9eed-7a4cc889cb7c","3, 0",1763069154517,1763069214516,1763069214516
424,"unlock","0adab909-eb8f-4baf-9eed-7a4cc889cb7c","3, 0",1763069214517,1763069274516,1763069214517
424,"unlock","0adab909-eb8f-4baf-9eed-7a4cc889cb7c","3, 0",1763069214517,1763069274516,1763069274516
424,"unlock","0adab909-eb8f-4baf-9eed-7a4cc889cb7c","3, 0",1763069274517,1763069334516,1763069274517
424,"unlock","0adab909-eb8f-4baf-9eed-7a4cc889cb7c","3, 0",1763069274517,1763069334516,1763069334516
424,"unlock","0adab909-eb8f-4baf-9eed-7a4cc889cb7c","3, 0",1763069334517,1763069394516,1763069334517
424,"unlock","0adab909-eb8f-4baf-9eed-7a4cc889cb7c","3, 0",1763069334517,1763069394516,1763069394516
424,"unlock","0adab909-eb8f-4baf-9eed-7a4cc889cb7c","3, 0",1763069394517,1763069454516,1763069394517
424,"unlock","0adab909-eb8f-4baf-9eed-7a4cc889cb7c","3, 0",1763069394517,1763069454516,1763069454516
424,"unlock","0adab909-eb8f-4baf-9eed-7a4cc889cb7c","3, 0",1763069454517,1763069514516,1763069454517
424,"unlock","0adab909-eb8f-4baf-9eed-7a4cc889cb7c","3, 0",1763069454517,1763069514516,1763069514516
424,"unlock","0adab909-eb8f-4baf-9eed-7a4cc889cb7c","3, 0",1763069514517,1763069574516,1763069514517
424,"unlock","0adab909-eb8f-4baf-9eed-7a4cc889cb7c","3, 0",1763069514517,1763069574516,1763069574516
424,"unlock","0adab909-eb8f-4baf-9eed-7a4cc889cb7c","3, 0",1763069574517,1763069634516,1763069574517
424,"unlock","0adab909-eb8f-4baf-9eed-7a4cc889cb7c","3, 0",1763069574517,1763069634516,1763069634516
424,"unlock","0adab909-eb8f-4baf-9eed-7a4cc889cb7c","3, 0",1763069634517,1763069694516,1763069634517
424,"unlock","0adab909-eb8f-4baf-9eed-7a4cc889cb7c","3, 0",1763069634517,1763069694516,1763069694516
424,"unlock","0adab909-eb8f-4baf-9eed-7a4cc889cb7c","3, 0",1763069694517,1763069754516,1763069694517
424,"unlock","0adab909-eb8f-4baf-9eed-7a4cc889cb7c","3, 0",1763069694517,1763069754516,1763069754516
424,"unlock","0adab909-eb8f-4baf-9eed-7a4cc889cb7c","3, 0",1763069754517,1763069781432,1763069754517
424,"unlock","0adab909-eb8f-4baf-9eed-7a4cc889cb7c","3, 0",1763069754517,1763069781432,1763069781432
431,"unlock","0adab909-eb8f-4baf-9eed-7a4cc889cb7c","3, 0",1763099435385,1763099445069,1763099435385
431,"unlock","0adab909-eb8f-4baf-9eed-7a4cc889cb7c","3, 0",1763099435385,1763099445069,1763099445069
436,"unlock","0adab909-eb8f-4baf-9eed-7a4cc889cb7c","3, 0",1763102040919,1763102100918,1763102040919
436,"unlock","0adab909-eb8f-4baf-9eed-7a4cc889cb7c","3, 0",1763102040919,1763102100918,1763102100918
436,"unlock","0adab909-eb8f-4baf-9eed-7a4cc889cb7c","3, 0",1763102100919,1763102160918,1763102100919
436,"unlock","0adab909-eb8f-4baf-9eed-7a4cc889cb7c","3, 0",1763102100919,1763102160918,1763102160918
436,"unlock","0adab909-eb8f-4baf-9eed-7a4cc889cb7c","3, 0",1763102160919,1763102220918,1763102160919
436,"unlock","0adab909-eb8f-4baf-9eed-7a4cc889cb7c","3, 0",1763102160919,1763102220918,1763102220918
436,"unlock","0adab909-eb8f-4baf-9eed-7a4cc889cb7c","3, 0",1763102220919,1763102280918,1763102220919
436,"unlock","0adab909-eb8f-4baf-9eed-7a4cc889cb7c","3, 0",1763102220919,1763102280918,1763102280918
436,"unlock","0adab909-eb8f-4baf-9eed-7a4cc889cb7c","3, 0",1763102280919,1763102340918,1763102280919
436,"unlock","0adab909-eb8f-4baf-9eed-7a4cc889cb7c","3, 0",1763102280919,1763102340918,1763102340918
436,"unlock","0adab909-eb8f-4baf-9eed-7a4cc889cb7c","3, 0",1763102340919,1763102400918,1763102340919
436,"unlock","0adab909-eb8f-4baf-9eed-7a4cc889cb7c","3, 0",1763102340919,1763102400918,1763102400918
436,"unlock","0adab909-eb8f-4baf-9eed-7a4cc889cb7c","3, 0",1763102400919,1763102460918,1763102400919
436,"unlock","0adab909-eb8f-4baf-9eed-7a4cc889cb7c","3, 0",1763102400919,1763102460918,1763102460918
436,"unlock","0adab909-eb8f-4baf-9eed-7a4cc889cb7c","3, 0",1763102460919,1763102520918,1763102460919
436,"unlock","0adab909-eb8f-4baf-9eed-7a4cc889cb7c","3, 0",1763102460919,1763102520918,1763102520918
436,"unlock","0adab909-eb8f-4baf-9eed-7a4cc889cb7c","3, 0",1763102520919,1763102533308,1763102520919
436,"unlock","0adab909-eb8f-4baf-9eed-7a4cc889cb7c","3, 0",1763102520919,1763102533308,1763102533308
439,"unlock","0adab909-eb8f-4baf-9eed-7a4cc889cb7c","3, 0",1763103801934,1763103807781,1763103801934
439,"unlock","0adab909-eb8f-4baf-9eed-7a4cc889cb7c","3, 0",1763103801934,1763103807781,1763103807781
442,"unlock","0adab909-eb8f-4baf-9eed-7a4cc889cb7c","3, 0",1763104380645,1763104440644,1763104380645
442,"unlock","0adab909-eb8f-4baf-9eed-7a4cc889cb7c","3, 0",1763104380645,1763104440644,1763104440644
442,"unlock","0adab909-eb8f-4baf-9eed-7a4cc889cb7c","3, 0",1763104440645,1763104463524,1763104440645
442,"unlock","0adab909-eb8f-4baf-9eed-7a4cc889cb7c","3, 0",1763104440645,1763104463524,1763104463524
445,"unlock","0adab909-eb8f-4baf-9eed-7a4cc889cb7c","3, 0",1763108933222,1763108993221,1763108933222
445,"unlock","0adab909-eb8f-4baf-9eed-7a4cc889cb7c","3, 0",1763108933222,1763108993221,1763108993221
445,"unlock","0adab909-eb8f-4baf-9eed-7a4cc889cb7c","3, 0",1763108993222,1763109053221,1763108993222
445,"unlock","0adab909-eb8f-4baf-9eed-7a4cc889cb7c","3, 0",1763108993222,1763109053221,1763109053221
445,"unlock","0adab909-eb8f-4baf-9eed-7a4cc889cb7c","3, 0",1763109053222,1763109113221,1763109053222
445,"unlock","0adab909-eb8f-4baf-9eed-7a4cc889cb7c","3, 0",1763109053222,1763109113221,1763109113221
445,"unlock","0adab909-eb8f-4baf-9eed-7a4cc889cb7c","3, 0",1763109113222,1763109173221,1763109113222
445,"unlock","0adab909-eb8f-4baf-9eed-7a4cc889cb7c","3, 0",1763109113222,1763109173221,1763109173221
445,"unlock","0adab909-eb8f-4baf-9eed-7a4cc889cb7c","3, 0",1763109173222,1763109182186,1763109173222
445,"unlock","0adab909-eb8f-4baf-9eed-7a4cc889cb7c","3, 0",1763109173222,1763109182186,1763109182186
448,"unlock","0adab909-eb8f-4baf-9eed-7a4cc889cb7c","3, 0",1763119772004,1763119832003,1763119772004
448,"unlock","0adab909-eb8f-4baf-9eed-7a4cc889cb7c","3, 0",1763119772004,1763119832003,1763119832003
448,"unlock","0adab909-eb8f-4baf-9eed-7a4cc889cb7c","3, 0",1763119832004,1763119890243,1763119832004
448,"unlock","0adab909-eb8f-4baf-9eed-7a4cc889cb7c","3, 0",1763119832004,1763119890243,1763119890243
453,"unlock","0adab909-eb8f-4baf-9eed-7a4cc889cb7c","3, 0",1763120073834,1763120088185,1763120073834
453,"unlock","0adab909-eb8f-4baf-9eed-7a4cc889cb7c","3, 0",1763120073834,1763120088185,1763120088185
458,"unlock","0adab909-eb8f-4baf-9eed-7a4cc889cb7c","3, 0",1763120698582,1763120707342,1763120698582
458,"unlock","0adab909-eb8f-4baf-9eed-7a4cc889cb7c","3, 0",1763120698582,1763120707342,1763120707342
463,"unlock","0adab909-eb8f-4baf-9eed-7a4cc889cb7c","3, 0",1763129208048,1763129268047,1763129208048
463,"unlock","0adab909-eb8f-4baf-9eed-7a4cc889cb7c","3, 0",1763129208048,1763129268047,1763129268047
463,"unlock","0adab909-eb8f-4baf-9eed-7a4cc889cb7c","3, 0",1763129268048,1763129284592,1763129268048
463,"unlock","0adab909-eb8f-4baf-9eed-7a4cc889cb7c","3, 0",1763129268048,1763129284592,1763129284592
467,"unlock","0adab909-eb8f-4baf-9eed-7a4cc889cb7c","3, 0",1763133929975,1763133989974,1763133929975
467,"unlock","0adab909-eb8f-4baf-9eed-7a4cc889cb7c","3, 0",1763133929975,1763133989974,1763133989974
467,"unlock","0adab909-eb8f-4baf-9eed-7a4cc889cb7c","3, 0",1763133989975,1763134049974,1763133989975
467,"unlock","0adab909-eb8f-4baf-9eed-7a4cc889cb7c","3, 0",1763133989975,1763134049974,1763134049974
467,"unlock","0adab909-eb8f-4baf-9eed-7a4cc889cb7c","3, 0",1763134049975,1763134109974,1763134049975
467,"unlock","0adab909-eb8f-4baf-9eed-7a4cc889cb7c","3, 0",1763134049975,1763134109974,1763134109974
467,"unlock","0adab909-eb8f-4baf-9eed-7a4cc889cb7c","3, 0",1763134109975,1763134169974,1763134109975
467,"unlock","0adab909-eb8f-4baf-9eed-7a4cc889cb7c","3, 0",1763134109975,1763134169974,1763134169974
467,"unlock","0adab909-eb8f-4baf-9eed-7a4cc889cb7c","3, 0",1763134169975,1763134215310,1763134169975
467,"unlock","0adab909-eb8f-4baf-9eed-7a4cc889cb7c","3, 0",1763134169975,1763134215310,1763134215310
474,"unlock","0adab909-eb8f-4baf-9eed-7a4cc889cb7c","3, 0",1763134816383,1763134876382,1763134816383
474,"unlock","0adab909-eb8f-4baf-9eed-7a4cc889cb7c","3, 0",1763134816383,1763134876382,1763134876382
474,"unlock","0adab909-eb8f-4baf-9eed-7a4cc889cb7c","3, 0",1763134876383,1763134936382,1763134876383
474,"unlock","0adab909-eb8f-4baf-9eed-7a4cc889cb7c","3, 0",1763134876383,1763134936382,1763134936382
474,"unlock","0adab909-eb8f-4baf-9eed-7a4cc889cb7c","3, 0",1763134936383,1763134996382,1763134936383
474,"unlock","0adab909-eb8f-4baf-9eed-7a4cc889cb7c","3, 0",1763134936383,1763134996382,1763134996382
474,"unlock","0adab909-eb8f-4baf-9eed-7a4cc889cb7c","3, 0",1763134996383,1763135056382,1763134996383
474,"unlock","0adab909-eb8f-4baf-9eed-7a4cc889cb7c","3, 0",1763134996383,1763135056382,1763135056382
474,"unlock","0adab909-eb8f-4baf-9eed-7a4cc889cb7c","3, 0",1763135056383,1763135116382,1763135056383
474,"unlock","0adab909-eb8f-4baf-9eed-7a4cc889cb7c","3, 0",1763135056383,1763135116382,1763135116382
474,"unlock","0adab909-eb8f-4baf-9eed-7a4cc889cb7c","3, 0",1763135116383,1763135176382,1763135116383
474,"unlock","0adab909-eb8f-4baf-9eed-7a4cc889cb7c","3, 0",1763135116383,1763135176382,1763135176382
474,"unlock","0adab909-eb8f-4baf-9eed-7a4cc889cb7c","3, 0",1763135176383,1763135236382,1763135176383
474,"unlock","0adab909-eb8f-4baf-9eed-7a4cc889cb7c","3, 0",1763135176383,1763135236382,1763135236382
474,"unlock","0adab909-eb8f-4baf-9eed-7a4cc889cb7c","3, 0",1763135236383,1763135296382,1763135236383
474,"unlock","0adab909-eb8f-4baf-9eed-7a4cc889cb7c","3, 0",1763135236383,1763135296382,1763135296382
474,"unlock","0adab909-eb8f-4baf-9eed-7a4cc889cb7c","3, 0",1763135296383,1763135356382,1763135296383
474,"unlock","0adab909-eb8f-4baf-9eed-7a4cc889cb7c","3, 0",1763135296383,1763135356382,1763135356382
474,"unlock","0adab909-eb8f-4baf-9eed-7a4cc889cb7c","3, 0",1763135356383,1763135416382,1763135356383
474,"unlock","0adab909-eb8f-4baf-9eed-7a4cc889cb7c","3, 0",1763135356383,1763135416382,1763135416382
474,"unlock","0adab909-eb8f-4baf-9eed-7a4cc889cb7c","3, 0",1763135416383,1763135476382,1763135416383
474,"unlock","0adab909-eb8f-4baf-9eed-7a4cc889cb7c","3, 0",1763135416383,1763135476382,1763135476382
474,"unlock","0adab909-eb8f-4baf-9eed-7a4cc889cb7c","3, 0",1763135476383,1763135536382,1763135476383
474,"unlock","0adab909-eb8f-4baf-9eed-7a4cc889cb7c","3, 0",1763135476383,1763135536382,1763135536382
474,"unlock","0adab909-eb8f-4baf-9eed-7a4cc889cb7c","3, 0",1763135536383,1763135596382,1763135536383
474,"unlock","0adab909-eb8f-4baf-9eed-7a4cc889cb7c","3, 0",1763135536383,1763135596382,1763135596382
474,"unlock","0adab909-eb8f-4baf-9eed-7a4cc889cb7c","3, 0",1763135596383,1763135656382,1763135596383
474,"unlock","0adab909-eb8f-4baf-9eed-7a4cc889cb7c","3, 0",1763135596383,1763135656382,1763135656382
474,"unlock","0adab909-eb8f-4baf-9eed-7a4cc889cb7c","3, 0",1763135656383,1763135716382,1763135656383
474,"unlock","0adab909-eb8f-4baf-9eed-7a4cc889cb7c","3, 0",1763135656383,1763135716382,1763135716382
474,"unlock","0adab909-eb8f-4baf-9eed-7a4cc889cb7c","3, 0",1763135716383,1763135776382,1763135716383
474,"unlock","0adab909-eb8f-4baf-9eed-7a4cc889cb7c","3, 0",1763135716383,1763135776382,1763135776382
474,"unlock","0adab909-eb8f-4baf-9eed-7a4cc889cb7c","3, 0",1763135776383,1763135836382,1763135776383
474,"unlock","0adab909-eb8f-4baf-9eed-7a4cc889cb7c","3, 0",1763135776383,1763135836382,1763135836382
474,"unlock","0adab909-eb8f-4baf-9eed-7a4cc889cb7c","3, 0",1763135836383,1763135896382,1763135836383
474,"unlock","0adab909-eb8f-4baf-9eed-7a4cc889cb7c","3, 0",1763135836383,1763135896382,1763135896382
474,"unlock","0adab909-eb8f-4baf-9eed-7a4cc889cb7c","3, 0",1763135896383,1763135956382,1763135896383
474,"unlock","0adab909-eb8f-4baf-9eed-7a4cc889cb7c","3, 0",1763135896383,1763135956382,1763135956382
474,"unlock","0adab909-eb8f-4baf-9eed-7a4cc889cb7c","3, 0",1763135956383,1763136016382,1763135956383
474,"unlock","0adab909-eb8f-4baf-9eed-7a4cc889cb7c","3, 0",1763135956383,1763136016382,1763136016382
474,"unlock","0adab909-eb8f-4baf-9eed-7a4cc889cb7c","3, 0",1763136016383,1763136076382,1763136016383
474,"unlock","0adab909-eb8f-4baf-9eed-7a4cc889cb7c","3, 0",1763136016383,1763136076382,1763136076382
474,"unlock","0adab909-eb8f-4baf-9eed-7a4cc889cb7c","3, 0",1763136076383,1763136136382,1763136076383
474,"unlock","0adab909-eb8f-4baf-9eed-7a4cc889cb7c","3, 0",1763136076383,1763136136382,1763136136382
474,"unlock","0adab909-eb8f-4baf-9eed-7a4cc889cb7c","3, 0",1763136136383,1763136196382,1763136136383
474,"unlock","0adab909-eb8f-4baf-9eed-7a4cc889cb7c","3, 0",1763136136383,1763136196382,1763136196382
474,"unlock","0adab909-eb8f-4baf-9eed-7a4cc889cb7c","3, 0",1763136196383,1763136256382,1763136196383
474,"unlock","0adab909-eb8f-4baf-9eed-7a4cc889cb7c","3, 0",1763136196383,1763136256382,1763136256382
474,"unlock","0adab909-eb8f-4baf-9eed-7a4cc889cb7c","3, 0",1763136256383,1763136316382,1763136256383
474,"unlock","0adab909-eb8f-4baf-9eed-7a4cc889cb7c","3, 0",1763136256383,1763136316382,1763136316382
474,"unlock","0adab909-eb8f-4baf-9eed-7a4cc889cb7c","3, 0",1763136316383,1763136376382,1763136316383
474,"unlock","0adab909-eb8f-4baf-9eed-7a4cc889cb7c","3, 0",1763136316383,1763136376382,1763136376382
474,"unlock","0adab909-eb8f-4baf-9eed-7a4cc889cb7c","3, 0",1763136376383,1763136436382,1763136376383
474,"unlock","0adab909-eb8f-4baf-9eed-7a4cc889cb7c","3, 0",1763136376383,1763136436382,1763136436382
474,"unlock","0adab909-eb8f-4baf-9eed-7a4cc889cb7c","3, 0",1763136436383,1763136496382,1763136436383
474,"unlock","0adab909-eb8f-4baf-9eed-7a4cc889cb7c","3, 0",1763136436383,1763136496382,1763136496382
474,"unlock","0adab909-eb8f-4baf-9eed-7a4cc889cb7c","3, 0",1763136496383,1763136556382,1763136496383
474,"unlock","0adab909-eb8f-4baf-9eed-7a4cc889cb7c","3, 0",1763136496383,1763136556382,1763136556382
474,"unlock","0adab909-eb8f-4baf-9eed-7a4cc889cb7c","3, 0",1763136556383,1763136616382,1763136556383
474,"unlock","0adab909-eb8f-4baf-9eed-7a4cc889cb7c","3, 0",1763136556383,1763136616382,1763136616382
474,"unlock","0adab909-eb8f-4baf-9eed-7a4cc889cb7c","3, 0",1763136616383,1763136676382,1763136616383
474,"unlock","0adab909-eb8f-4baf-9eed-7a4cc889cb7c","3, 0",1763136616383,1763136676382,1763136676382
474,"unlock","0adab909-eb8f-4baf-9eed-7a4cc889cb7c","3, 0",1763136676383,1763136731700,1763136676383
474,"unlock","0adab909-eb8f-4baf-9eed-7a4cc889cb7c","3, 0",1763136676383,1763136731700,1763136731700
478,"unlock","0adab909-eb8f-4baf-9eed-7a4cc889cb7c","3, 0",1763136799370,1763136859369,1763136799370
478,"unlock","0adab909-eb8f-4baf-9eed-7a4cc889cb7c","3, 0",1763136799370,1763136859369,1763136859369
478,"unlock","0adab909-eb8f-4baf-9eed-7a4cc889cb7c","3, 0",1763136859370,1763136919369,1763136859370
478,"unlock","0adab909-eb8f-4baf-9eed-7a4cc889cb7c","3, 0",1763136859370,1763136919369,1763136919369
478,"unlock","0adab909-eb8f-4baf-9eed-7a4cc889cb7c","3, 0",1763136919370,1763136979369,1763136919370
478,"unlock","0adab909-eb8f-4baf-9eed-7a4cc889cb7c","3, 0",1763136919370,1763136979369,1763136979369
478,"unlock","0adab909-eb8f-4baf-9eed-7a4cc889cb7c","3, 0",1763136979370,1763137039369,1763136979370
478,"unlock","0adab909-eb8f-4baf-9eed-7a4cc889cb7c","3, 0",1763136979370,1763137039369,1763137039369
478,"unlock","0adab909-eb8f-4baf-9eed-7a4cc889cb7c","3, 0",1763137039370,1763137099369,1763137039370
478,"unlock","0adab909-eb8f-4baf-9eed-7a4cc889cb7c","3, 0",1763137039370,1763137099369,1763137099369
478,"unlock","0adab909-eb8f-4baf-9eed-7a4cc889cb7c","3, 0",1763137099370,1763137159369,1763137099370
478,"unlock","0adab909-eb8f-4baf-9eed-7a4cc889cb7c","3, 0",1763137099370,1763137159369,1763137159369
478,"unlock","0adab909-eb8f-4baf-9eed-7a4cc889cb7c","3, 0",1763137159370,1763137219369,1763137159370
478,"unlock","0adab909-eb8f-4baf-9eed-7a4cc889cb7c","3, 0",1763137159370,1763137219369,1763137219369
478,"unlock","0adab909-eb8f-4baf-9eed-7a4cc889cb7c","3, 0",1763137219370,1763137279369,1763137219370
478,"unlock","0adab909-eb8f-4baf-9eed-7a4cc889cb7c","3, 0",1763137219370,1763137279369,1763137279369
478,"unlock","0adab909-eb8f-4baf-9eed-7a4cc889cb7c","3, 0",1763137279370,1763137339369,1763137279370
478,"unlock","0adab909-eb8f-4baf-9eed-7a4cc889cb7c","3, 0",1763137279370,1763137339369,1763137339369
478,"unlock","0adab909-eb8f-4baf-9eed-7a4cc889cb7c","3, 0",1763137339370,1763137399369,1763137339370
478,"unlock","0adab909-eb8f-4baf-9eed-7a4cc889cb7c","3, 0",1763137339370,1763137399369,1763137399369
478,"unlock","0adab909-eb8f-4baf-9eed-7a4cc889cb7c","3, 0",1763137399370,1763137459369,1763137399370
478,"unlock","0adab909-eb8f-4baf-9eed-7a4cc889cb7c","3, 0",1763137399370,1763137459369,1763137459369
478,"unlock","0adab909-eb8f-4baf-9eed-7a4cc889cb7c","3, 0",1763137459370,1763137519369,1763137459370
478,"unlock","0adab909-eb8f-4baf-9eed-7a4cc889cb7c","3, 0",1763137459370,1763137519369,1763137519369
478,"unlock","0adab909-eb8f-4baf-9eed-7a4cc889cb7c","3, 0",1763137519370,1763137579369,1763137519370
478,"unlock","0adab909-eb8f-4baf-9eed-7a4cc889cb7c","3, 0",1763137519370,1763137579369,1763137579369
478,"unlock","0adab909-eb8f-4baf-9eed-7a4cc889cb7c","3, 0",1763137579370,1763137639369,1763137579370
478,"unlock","0adab909-eb8f-4baf-9eed-7a4cc889cb7c","3, 0",1763137579370,1763137639369,1763137639369
478,"unlock","0adab909-eb8f-4baf-9eed-7a4cc889cb7c","3, 0",1763137639370,1763137699369,1763137639370
478,"unlock","0adab909-eb8f-4baf-9eed-7a4cc889cb7c","3, 0",1763137639370,1763137699369,1763137699369
478,"unlock","0adab909-eb8f-4baf-9eed-7a4cc889cb7c","3, 0",1763137699370,1763137759369,1763137699370
478,"unlock","0adab909-eb8f-4baf-9eed-7a4cc889cb7c","3, 0",1763137699370,1763137759369,1763137759369
478,"unlock","0adab909-eb8f-4baf-9eed-7a4cc889cb7c","3, 0",1763137759370,1763137819369,1763137759370
478,"unlock","0adab909-eb8f-4baf-9eed-7a4cc889cb7c","3, 0",1763137759370,1763137819369,1763137819369
478,"unlock","0adab909-eb8f-4baf-9eed-7a4cc889cb7c","3, 0",1763137819370,1763137879369,1763137819370
478,"unlock","0adab909-eb8f-4baf-9eed-7a4cc889cb7c","3, 0",1763137819370,1763137879369,1763137879369
478,"unlock","0adab909-eb8f-4baf-9eed-7a4cc889cb7c","3, 0",1763137879370,1763137939369,1763137879370
478,"unlock","0adab909-eb8f-4baf-9eed-7a4cc889cb7c","3, 0",1763137879370,1763137939369,1763137939369
478,"unlock","0adab909-eb8f-4baf-9eed-7a4cc889cb7c","3, 0",1763137939370,1763137999369,1763137939370
478,"unlock","0adab909-eb8f-4baf-9eed-7a4cc889cb7c","3, 0",1763137939370,1763137999369,1763137999369
478,"unlock","0adab909-eb8f-4baf-9eed-7a4cc889cb7c","3, 0",1763137999370,1763138059369,1763137999370
478,"unlock","0adab909-eb8f-4baf-9eed-7a4cc889cb7c","3, 0",1763137999370,1763138059369,1763138059369
478,"unlock","0adab909-eb8f-4baf-9eed-7a4cc889cb7c","3, 0",1763138059370,1763138119369,1763138059370
478,"unlock","0adab909-eb8f-4baf-9eed-7a4cc889cb7c","3, 0",1763138059370,1763138119369,1763138119369
478,"unlock","0adab909-eb8f-4baf-9eed-7a4cc889cb7c","3, 0",1763138119370,1763138179369,1763138119370
478,"unlock","0adab909-eb8f-4baf-9eed-7a4cc889cb7c","3, 0",1763138119370,1763138179369,1763138179369
478,"unlock","0adab909-eb8f-4baf-9eed-7a4cc889cb7c","3, 0",1763138179370,1763138239369,1763138179370
478,"unlock","0adab909-eb8f-4baf-9eed-7a4cc889cb7c","3, 0",1763138179370,1763138239369,1763138239369
478,"unlock","0adab909-eb8f-4baf-9eed-7a4cc889cb7c","3, 0",1763138239370,1763138299369,1763138239370
478,"unlock","0adab909-eb8f-4baf-9eed-7a4cc889cb7c","3, 0",1763138239370,1763138299369,1763138299369
478,"unlock","0adab909-eb8f-4baf-9eed-7a4cc889cb7c","3, 0",1763138299370,1763138359369,1763138299370
478,"unlock","0adab909-eb8f-4baf-9eed-7a4cc889cb7c","3, 0",1763138299370,1763138359369,1763138359369
478,"unlock","0adab909-eb8f-4baf-9eed-7a4cc889cb7c","3, 0",1763138359370,1763138367773,1763138359370
478,"unlock","0adab909-eb8f-4baf-9eed-7a4cc889cb7c","3, 0",1763138359370,1763138367773,1763138367773
481,"unlock","0adab909-eb8f-4baf-9eed-7a4cc889cb7c","3, 0",1763138811149,1763138871148,1763138811149
481,"unlock","0adab909-eb8f-4baf-9eed-7a4cc889cb7c","3, 0",1763138811149,1763138871148,1763138871148
481,"unlock","0adab909-eb8f-4baf-9eed-7a4cc889cb7c","3, 0",1763138871149,1763138931148,1763138871149
481,"unlock","0adab909-eb8f-4baf-9eed-7a4cc889cb7c","3, 0",1763138871149,1763138931148,1763138931148
481,"unlock","0adab909-eb8f-4baf-9eed-7a4cc889cb7c","3, 0",1763138931149,1763138991148,1763138931149
481,"unlock","0adab909-eb8f-4baf-9eed-7a4cc889cb7c","3, 0",1763138931149,1763138991148,1763138991148
481,"unlock","0adab909-eb8f-4baf-9eed-7a4cc889cb7c","3, 0",1763138991149,1763139051148,1763138991149
481,"unlock","0adab909-eb8f-4baf-9eed-7a4cc889cb7c","3, 0",1763138991149,1763139051148,1763139051148
481,"unlock","0adab909-eb8f-4baf-9eed-7a4cc889cb7c","3, 0",1763139051149,1763139053115,1763139051149
481,"unlock","0adab909-eb8f-4baf-9eed-7a4cc889cb7c","3, 0",1763139051149,1763139053115,1763139053115
484,"unlock","0adab909-eb8f-4baf-9eed-7a4cc889cb7c","3, 0",1763141211177,1763141271176,1763141211177
484,"unlock","0adab909-eb8f-4baf-9eed-7a4cc889cb7c","3, 0",1763141211177,1763141271176,1763141271176
484,"unlock","0adab909-eb8f-4baf-9eed-7a4cc889cb7c","3, 0",1763141271177,1763141331176,1763141271177
484,"unlock","0adab909-eb8f-4baf-9eed-7a4cc889cb7c","3, 0",1763141271177,1763141331176,1763141331176
484,"unlock","0adab909-eb8f-4baf-9eed-7a4cc889cb7c","3, 0",1763141331177,1763141391176,1763141331177
484,"unlock","0adab909-eb8f-4baf-9eed-7a4cc889cb7c","3, 0",1763141331177,1763141391176,1763141391176
484,"unlock","0adab909-eb8f-4baf-9eed-7a4cc889cb7c","3, 0",1763141391177,1763141451176,1763141391177
484,"unlock","0adab909-eb8f-4baf-9eed-7a4cc889cb7c","3, 0",1763141391177,1763141451176,1763141451176
484,"unlock","0adab909-eb8f-4baf-9eed-7a4cc889cb7c","3, 0",1763141451177,1763141485178,1763141451177
484,"unlock","0adab909-eb8f-4baf-9eed-7a4cc889cb7c","3, 0",1763141451177,1763141485178,1763141485178
487,"unlock","0adab909-eb8f-4baf-9eed-7a4cc889cb7c","3, 0",1763142070161,1763142130160,1763142070161
487,"unlock","0adab909-eb8f-4baf-9eed-7a4cc889cb7c","3, 0",1763142070161,1763142130160,1763142130160
487,"unlock","0adab909-eb8f-4baf-9eed-7a4cc889cb7c","3, 0",1763142130161,1763142190160,1763142130161
487,"unlock","0adab909-eb8f-4baf-9eed-7a4cc889cb7c","3, 0",1763142130161,1763142190160,1763142190160
487,"unlock","0adab909-eb8f-4baf-9eed-7a4cc889cb7c","3, 0",1763142190161,1763142193289,1763142190161
487,"unlock","0adab909-eb8f-4baf-9eed-7a4cc889cb7c","3, 0",1763142190161,1763142193289,1763142193289
490,"unlock","0adab909-eb8f-4baf-9eed-7a4cc889cb7c","3, 0",1763142685324,1763142745323,1763142685324
490,"unlock","0adab909-eb8f-4baf-9eed-7a4cc889cb7c","3, 0",1763142685324,1763142745323,1763142745323
490,"unlock","0adab909-eb8f-4baf-9eed-7a4cc889cb7c","3, 0",1763142745324,1763142805323,1763142745324
490,"unlock","0adab909-eb8f-4baf-9eed-7a4cc889cb7c","3, 0",1763142745324,1763142805323,1763142805323
490,"unlock","0adab909-eb8f-4baf-9eed-7a4cc889cb7c","3, 0",1763142805324,1763142819147,1763142805324
490,"unlock","0adab909-eb8f-4baf-9eed-7a4cc889cb7c","3, 0",1763142805324,1763142819147,1763142819147
493,"unlock","0adab909-eb8f-4baf-9eed-7a4cc889cb7c","3, 0",1763143224437,1763143284436,1763143224437
493,"unlock","0adab909-eb8f-4baf-9eed-7a4cc889cb7c","3, 0",1763143224437,1763143284436,1763143284436
493,"unlock","0adab909-eb8f-4baf-9eed-7a4cc889cb7c","3, 0",1763143284437,1763143344436,1763143284437
493,"unlock","0adab909-eb8f-4baf-9eed-7a4cc889cb7c","3, 0",1763143284437,1763143344436,1763143344436
493,"unlock","0adab909-eb8f-4baf-9eed-7a4cc889cb7c","3, 0",1763143344437,1763143404436,1763143344437
493,"unlock","0adab909-eb8f-4baf-9eed-7a4cc889cb7c","3, 0",1763143344437,1763143404436,1763143404436
493,"unlock","0adab909-eb8f-4baf-9eed-7a4cc889cb7c","3, 0",1763143404437,1763143405518,1763143404437
493,"unlock","0adab909-eb8f-4baf-9eed-7a4cc889cb7c","3, 0",1763143404437,1763143405518,1763143405518
496,"unlock","0adab909-eb8f-4baf-9eed-7a4cc889cb7c","3, 0",1763143764108,1763143824107,1763143764108
496,"unlock","0adab909-eb8f-4baf-9eed-7a4cc889cb7c","3, 0",1763143764108,1763143824107,1763143824107
496,"unlock","0adab909-eb8f-4baf-9eed-7a4cc889cb7c","3, 0",1763143824108,1763143884107,1763143824108
496,"unlock","0adab909-eb8f-4baf-9eed-7a4cc889cb7c","3, 0",1763143824108,1763143884107,1763143884107
496,"unlock","0adab909-eb8f-4baf-9eed-7a4cc889cb7c","3, 0",1763143884108,1763143944107,1763143884108
496,"unlock","0adab909-eb8f-4baf-9eed-7a4cc889cb7c","3, 0",1763143884108,1763143944107,1763143944107
496,"unlock","0adab909-eb8f-4baf-9eed-7a4cc889cb7c","3, 0",1763143944108,1763143991046,1763143944108
496,"unlock","0adab909-eb8f-4baf-9eed-7a4cc889cb7c","3, 0",1763143944108,1763143991046,1763143991046
501,"unlock","0adab909-eb8f-4baf-9eed-7a4cc889cb7c","3, 0",1763148218318,1763148278317,1763148218318
501,"unlock","0adab909-eb8f-4baf-9eed-7a4cc889cb7c","3, 0",1763148218318,1763148278317,1763148278317
501,"unlock","0adab909-eb8f-4baf-9eed-7a4cc889cb7c","3, 0",1763148278318,1763148321638,1763148278318
501,"unlock","0adab909-eb8f-4baf-9eed-7a4cc889cb7c","3, 0",1763148278318,1763148321638,1763148321638
504,"unlock","0adab909-eb8f-4baf-9eed-7a4cc889cb7c","3, 0",1763148524581,1763148584580,1763148524581
504,"unlock","0adab909-eb8f-4baf-9eed-7a4cc889cb7c","3, 0",1763148524581,1763148584580,1763148584580
504,"unlock","0adab909-eb8f-4baf-9eed-7a4cc889cb7c","3, 0",1763148584581,1763148633683,1763148584581
504,"unlock","0adab909-eb8f-4baf-9eed-7a4cc889cb7c","3, 0",1763148584581,1763148633683,1763148633683
508,"unlock","0adab909-eb8f-4baf-9eed-7a4cc889cb7c","3, 0",1763150440894,1763150500893,1763150440894
508,"unlock","0adab909-eb8f-4baf-9eed-7a4cc889cb7c","3, 0",1763150440894,1763150500893,1763150500893
508,"unlock","0adab909-eb8f-4baf-9eed-7a4cc889cb7c","3, 0",1763150500894,1763150560893,1763150500894
508,"unlock","0adab909-eb8f-4baf-9eed-7a4cc889cb7c","3, 0",1763150500894,1763150560893,1763150560893
508,"unlock","0adab909-eb8f-4baf-9eed-7a4cc889cb7c","3, 0",1763150560894,1763150588266,1763150560894
508,"unlock","0adab909-eb8f-4baf-9eed-7a4cc889cb7c","3, 0",1763150560894,1763150588266,1763150588266
511,"unlock","0adab909-eb8f-4baf-9eed-7a4cc889cb7c","3, 0",1763150603976,1763150663975,1763150603976
511,"unlock","0adab909-eb8f-4baf-9eed-7a4cc889cb7c","3, 0",1763150603976,1763150663975,1763150663975
511,"unlock","0adab909-eb8f-4baf-9eed-7a4cc889cb7c","3, 0",1763150663976,1763150723975,1763150663976
511,"unlock","0adab909-eb8f-4baf-9eed-7a4cc889cb7c","3, 0",1763150663976,1763150723975,1763150723975
511,"unlock","0adab909-eb8f-4baf-9eed-7a4cc889cb7c","3, 0",1763150723976,1763150783975,1763150723976
511,"unlock","0adab909-eb8f-4baf-9eed-7a4cc889cb7c","3, 0",1763150723976,1763150783975,1763150783975
511,"unlock","0adab909-eb8f-4baf-9eed-7a4cc889cb7c","3, 0",1763150783976,1763150843975,1763150783976
511,"unlock","0adab909-eb8f-4baf-9eed-7a4cc889cb7c","3, 0",1763150783976,1763150843975,1763150843975
511,"unlock","0adab909-eb8f-4baf-9eed-7a4cc889cb7c","3, 0",1763150843976,1763150854751,1763150843976
511,"unlock","0adab909-eb8f-4baf-9eed-7a4cc889cb7c","3, 0",1763150843976,1763150854751,1763150854751
517,"unlock","0adab909-eb8f-4baf-9eed-7a4cc889cb7c","3, 0",1763153338654,1763153398653,1763153338654
517,"unlock","0adab909-eb8f-4baf-9eed-7a4cc889cb7c","3, 0",1763153338654,1763153398653,1763153398653
517,"unlock","0adab909-eb8f-4baf-9eed-7a4cc889cb7c","3, 0",1763153398654,1763153458653,1763153398654
517,"unlock","0adab909-eb8f-4baf-9eed-7a4cc889cb7c","3, 0",1763153398654,1763153458653,1763153458653
517,"unlock","0adab909-eb8f-4baf-9eed-7a4cc889cb7c","3, 0",1763153458654,1763153518653,1763153458654
517,"unlock","0adab909-eb8f-4baf-9eed-7a4cc889cb7c","3, 0",1763153458654,1763153518653,1763153518653
517,"unlock","0adab909-eb8f-4baf-9eed-7a4cc889cb7c","3, 0",1763153518654,1763153578653,1763153518654
517,"unlock","0adab909-eb8f-4baf-9eed-7a4cc889cb7c","3, 0",1763153518654,1763153578653,1763153578653
517,"unlock","0adab909-eb8f-4baf-9eed-7a4cc889cb7c","3, 0",1763153578654,1763153638653,1763153578654
517,"unlock","0adab909-eb8f-4baf-9eed-7a4cc889cb7c","3, 0",1763153578654,1763153638653,1763153638653
517,"unlock","0adab909-eb8f-4baf-9eed-7a4cc889cb7c","3, 0",1763153638654,1763153698653,1763153638654
517,"unlock","0adab909-eb8f-4baf-9eed-7a4cc889cb7c","3, 0",1763153638654,1763153698653,1763153698653
517,"unlock","0adab909-eb8f-4baf-9eed-7a4cc889cb7c","3, 0",1763153698654,1763153758653,1763153698654
517,"unlock","0adab909-eb8f-4baf-9eed-7a4cc889cb7c","3, 0",1763153698654,1763153758653,1763153758653
517,"unlock","0adab909-eb8f-4baf-9eed-7a4cc889cb7c","3, 0",1763153758654,1763153818653,1763153758654
517,"unlock","0adab909-eb8f-4baf-9eed-7a4cc889cb7c","3, 0",1763153758654,1763153818653,1763153818653
517,"unlock","0adab909-eb8f-4baf-9eed-7a4cc889cb7c","3, 0",1763153818654,1763153878653,1763153818654
517,"unlock","0adab909-eb8f-4baf-9eed-7a4cc889cb7c","3, 0",1763153818654,1763153878653,1763153878653
517,"unlock","0adab909-eb8f-4baf-9eed-7a4cc889cb7c","3, 0",1763153878654,1763153938653,1763153878654
517,"unlock","0adab909-eb8f-4baf-9eed-7a4cc889cb7c","3, 0",1763153878654,1763153938653,1763153938653
517,"unlock","0adab909-eb8f-4baf-9eed-7a4cc889cb7c","3, 0",1763153938654,1763153998653,1763153938654
517,"unlock","0adab909-eb8f-4baf-9eed-7a4cc889cb7c","3, 0",1763153938654,1763153998653,1763153998653
517,"unlock","0adab909-eb8f-4baf-9eed-7a4cc889cb7c","3, 0",1763153998654,1763154031222,1763153998654
517,"unlock","0adab909-eb8f-4baf-9eed-7a4cc889cb7c","3, 0",1763153998654,1763154031222,1763154031222
520,"unlock","0adab909-eb8f-4baf-9eed-7a4cc889cb7c","3, 0",1763154534195,1763154589475,1763154534195
520,"unlock","0adab909-eb8f-4baf-9eed-7a4cc889cb7c","3, 0",1763154534195,1763154589475,1763154589475
523,"unlock","0adab909-eb8f-4baf-9eed-7a4cc889cb7c","3, 0",1763154705657,1763154765656,1763154705657
523,"unlock","0adab909-eb8f-4baf-9eed-7a4cc889cb7c","3, 0",1763154705657,1763154765656,1763154765656
523,"unlock","0adab909-eb8f-4baf-9eed-7a4cc889cb7c","3, 0",1763154765657,1763154825656,1763154765657
523,"unlock","0adab909-eb8f-4baf-9eed-7a4cc889cb7c","3, 0",1763154765657,1763154825656,1763154825656
523,"unlock","0adab909-eb8f-4baf-9eed-7a4cc889cb7c","3, 0",1763154825657,1763154885656,1763154825657
523,"unlock","0adab909-eb8f-4baf-9eed-7a4cc889cb7c","3, 0",1763154825657,1763154885656,1763154885656
523,"unlock","0adab909-eb8f-4baf-9eed-7a4cc889cb7c","3, 0",1763154885657,1763154945656,1763154885657
523,"unlock","0adab909-eb8f-4baf-9eed-7a4cc889cb7c","3, 0",1763154885657,1763154945656,1763154945656
523,"unlock","0adab909-eb8f-4baf-9eed-7a4cc889cb7c","3, 0",1763154945657,1763155005656,1763154945657
523,"unlock","0adab909-eb8f-4baf-9eed-7a4cc889cb7c","3, 0",1763154945657,1763155005656,1763155005656
523,"unlock","0adab909-eb8f-4baf-9eed-7a4cc889cb7c","3, 0",1763155005657,1763155036453,1763155005657
523,"unlock","0adab909-eb8f-4baf-9eed-7a4cc889cb7c","3, 0",1763155005657,1763155036453,1763155036453
526,"unlock","0adab909-eb8f-4baf-9eed-7a4cc889cb7c","3, 0",1763155810571,1763155843177,1763155810571
526,"unlock","0adab909-eb8f-4baf-9eed-7a4cc889cb7c","3, 0",1763155810571,1763155843177,1763155843177
529,"unlock","0adab909-eb8f-4baf-9eed-7a4cc889cb7c","3, 0",1763156521572,1763156573837,1763156521572
529,"unlock","0adab909-eb8f-4baf-9eed-7a4cc889cb7c","3, 0",1763156521572,1763156573837,1763156573837
532,"unlock","0adab909-eb8f-4baf-9eed-7a4cc889cb7c","3, 0",1763156737962,1763156797961,1763156737962
532,"unlock","0adab909-eb8f-4baf-9eed-7a4cc889cb7c","3, 0",1763156737962,1763156797961,1763156797961
532,"unlock","0adab909-eb8f-4baf-9eed-7a4cc889cb7c","3, 0",1763156797962,1763156857961,1763156797962
532,"unlock","0adab909-eb8f-4baf-9eed-7a4cc889cb7c","3, 0",1763156797962,1763156857961,1763156857961
532,"unlock","0adab909-eb8f-4baf-9eed-7a4cc889cb7c","3, 0",1763156857962,1763156917961,1763156857962
532,"unlock","0adab909-eb8f-4baf-9eed-7a4cc889cb7c","3, 0",1763156857962,1763156917961,1763156917961
532,"unlock","0adab909-eb8f-4baf-9eed-7a4cc889cb7c","3, 0",1763156917962,1763156926354,1763156917962
532,"unlock","0adab909-eb8f-4baf-9eed-7a4cc889cb7c","3, 0",1763156917962,1763156926354,1763156926354
535,"unlock","0adab909-eb8f-4baf-9eed-7a4cc889cb7c","3, 0",1763157367019,1763157427018,1763157367019
535,"unlock","0adab909-eb8f-4baf-9eed-7a4cc889cb7c","3, 0",1763157367019,1763157427018,1763157427018
535,"unlock","0adab909-eb8f-4baf-9eed-7a4cc889cb7c","3, 0",1763157427019,1763157487018,1763157427019
535,"unlock","0adab909-eb8f-4baf-9eed-7a4cc889cb7c","3, 0",1763157427019,1763157487018,1763157487018
535,"unlock","0adab909-eb8f-4baf-9eed-7a4cc889cb7c","3, 0",1763157487019,1763157547018,1763157487019
535,"unlock","0adab909-eb8f-4baf-9eed-7a4cc889cb7c","3, 0",1763157487019,1763157547018,1763157547018
535,"unlock","0adab909-eb8f-4baf-9eed-7a4cc889cb7c","3, 0",1763157547019,1763157559937,1763157547019
535,"unlock","0adab909-eb8f-4baf-9eed-7a4cc889cb7c","3, 0",1763157547019,1763157559937,1763157559937
538,"unlock","0adab909-eb8f-4baf-9eed-7a4cc889cb7c","3, 0",1763157863515,1763157909783,1763157863515
538,"unlock","0adab909-eb8f-4baf-9eed-7a4cc889cb7c","3, 0",1763157863515,1763157909783,1763157909783
541,"unlock","0adab909-eb8f-4baf-9eed-7a4cc889cb7c","3, 0",1763158267348,1763158327347,1763158267348
541,"unlock","0adab909-eb8f-4baf-9eed-7a4cc889cb7c","3, 0",1763158267348,1763158327347,1763158327347
541,"unlock","0adab909-eb8f-4baf-9eed-7a4cc889cb7c","3, 0",1763158327348,1763158387347,1763158327348
541,"unlock","0adab909-eb8f-4baf-9eed-7a4cc889cb7c","3, 0",1763158327348,1763158387347,1763158387347
541,"unlock","0adab909-eb8f-4baf-9eed-7a4cc889cb7c","3, 0",1763158387348,1763158447347,1763158387348
541,"unlock","0adab909-eb8f-4baf-9eed-7a4cc889cb7c","3, 0",1763158387348,1763158447347,1763158447347
541,"unlock","0adab909-eb8f-4baf-9eed-7a4cc889cb7c","3, 0",1763158447348,1763158492024,1763158447348
541,"unlock","0adab909-eb8f-4baf-9eed-7a4cc889cb7c","3, 0",1763158447348,1763158492024,1763158492024
544,"unlock","0adab909-eb8f-4baf-9eed-7a4cc889cb7c","3, 0",1763158538573,1763158598572,1763158538573
544,"unlock","0adab909-eb8f-4baf-9eed-7a4cc889cb7c","3, 0",1763158538573,1763158598572,1763158598572
544,"unlock","0adab909-eb8f-4baf-9eed-7a4cc889cb7c","3, 0",1763158598573,1763158658572,1763158598573
544,"unlock","0adab909-eb8f-4baf-9eed-7a4cc889cb7c","3, 0",1763158598573,1763158658572,1763158658572
544,"unlock","0adab909-eb8f-4baf-9eed-7a4cc889cb7c","3, 0",1763158658573,1763158718572,1763158658573
544,"unlock","0adab909-eb8f-4baf-9eed-7a4cc889cb7c","3, 0",1763158658573,1763158718572,1763158718572
544,"unlock","0adab909-eb8f-4baf-9eed-7a4cc889cb7c","3, 0",1763158718573,1763158778572,1763158718573
544,"unlock","0adab909-eb8f-4baf-9eed-7a4cc889cb7c","3, 0",1763158718573,1763158778572,1763158778572
544,"unlock","0adab909-eb8f-4baf-9eed-7a4cc889cb7c","3, 0",1763158778573,1763158838572,1763158778573
544,"unlock","0adab909-eb8f-4baf-9eed-7a4cc889cb7c","3, 0",1763158778573,1763158838572,1763158838572
544,"unlock","0adab909-eb8f-4baf-9eed-7a4cc889cb7c","3, 0",1763158838573,1763158898572,1763158838573
544,"unlock","0adab909-eb8f-4baf-9eed-7a4cc889cb7c","3, 0",1763158838573,1763158898572,1763158898572
544,"unlock","0adab909-eb8f-4baf-9eed-7a4cc889cb7c","3, 0",1763158898573,1763158958572,1763158898573
544,"unlock","0adab909-eb8f-4baf-9eed-7a4cc889cb7c","3, 0",1763158898573,1763158958572,1763158958572
544,"unlock","0adab909-eb8f-4baf-9eed-7a4cc889cb7c","3, 0",1763158958573,1763159018572,1763158958573
544,"unlock","0adab909-eb8f-4baf-9eed-7a4cc889cb7c","3, 0",1763158958573,1763159018572,1763159018572
544,"unlock","0adab909-eb8f-4baf-9eed-7a4cc889cb7c","3, 0",1763159018573,1763159078572,1763159018573
544,"unlock","0adab909-eb8f-4baf-9eed-7a4cc889cb7c","3, 0",1763159018573,1763159078572,1763159078572
544,"unlock","0adab909-eb8f-4baf-9eed-7a4cc889cb7c","3, 0",1763159078573,1763159138572,1763159078573
544,"unlock","0adab909-eb8f-4baf-9eed-7a4cc889cb7c","3, 0",1763159078573,1763159138572,1763159138572
544,"unlock","0adab909-eb8f-4baf-9eed-7a4cc889cb7c","3, 0",1763159138573,1763159198572,1763159138573
544,"unlock","0adab909-eb8f-4baf-9eed-7a4cc889cb7c","3, 0",1763159138573,1763159198572,1763159198572
544,"unlock","0adab909-eb8f-4baf-9eed-7a4cc889cb7c","3, 0",1763159198573,1763159258572,1763159198573
544,"unlock","0adab909-eb8f-4baf-9eed-7a4cc889cb7c","3, 0",1763159198573,1763159258572,1763159258572
544,"unlock","0adab909-eb8f-4baf-9eed-7a4cc889cb7c","3, 0",1763159258573,1763159318572,1763159258573
544,"unlock","0adab909-eb8f-4baf-9eed-7a4cc889cb7c","3, 0",1763159258573,1763159318572,1763159318572
544,"unlock","0adab909-eb8f-4baf-9eed-7a4cc889cb7c","3, 0",1763159318573,1763159378572,1763159318573
544,"unlock","0adab909-eb8f-4baf-9eed-7a4cc889cb7c","3, 0",1763159318573,1763159378572,1763159378572
544,"unlock","0adab909-eb8f-4baf-9eed-7a4cc889cb7c","3, 0",1763159378573,1763159387420,1763159378573
544,"unlock","0adab909-eb8f-4baf-9eed-7a4cc889cb7c","3, 0",1763159378573,1763159387420,1763159387420
547,"unlock","0adab909-eb8f-4baf-9eed-7a4cc889cb7c","3, 0",1763159491180,1763159551179,1763159491180
547,"unlock","0adab909-eb8f-4baf-9eed-7a4cc889cb7c","3, 0",1763159491180,1763159551179,1763159551179
547,"unlock","0adab909-eb8f-4baf-9eed-7a4cc889cb7c","3, 0",1763159551180,1763159611179,1763159551180
547,"unlock","0adab909-eb8f-4baf-9eed-7a4cc889cb7c","3, 0",1763159551180,1763159611179,1763159611179
547,"unlock","0adab909-eb8f-4baf-9eed-7a4cc889cb7c","3, 0",1763159611180,1763159671179,1763159611180
547,"unlock","0adab909-eb8f-4baf-9eed-7a4cc889cb7c","3, 0",1763159611180,1763159671179,1763159671179
547,"unlock","0adab909-eb8f-4baf-9eed-7a4cc889cb7c","3, 0",1763159671180,1763159731179,1763159671180
547,"unlock","0adab909-eb8f-4baf-9eed-7a4cc889cb7c","3, 0",1763159671180,1763159731179,1763159731179
547,"unlock","0adab909-eb8f-4baf-9eed-7a4cc889cb7c","3, 0",1763159731180,1763159791179,1763159731180
547,"unlock","0adab909-eb8f-4baf-9eed-7a4cc889cb7c","3, 0",1763159731180,1763159791179,1763159791179
547,"unlock","0adab909-eb8f-4baf-9eed-7a4cc889cb7c","3, 0",1763159791180,1763159851179,1763159791180
547,"unlock","0adab909-eb8f-4baf-9eed-7a4cc889cb7c","3, 0",1763159791180,1763159851179,1763159851179
547,"unlock","0adab909-eb8f-4baf-9eed-7a4cc889cb7c","3, 0",1763159851180,1763159911179,1763159851180
547,"unlock","0adab909-eb8f-4baf-9eed-7a4cc889cb7c","3, 0",1763159851180,1763159911179,1763159911179
547,"unlock","0adab909-eb8f-4baf-9eed-7a4cc889cb7c","3, 0",1763159911180,1763159971179,1763159911180
547,"unlock","0adab909-eb8f-4baf-9eed-7a4cc889cb7c","3, 0",1763159911180,1763159971179,1763159971179
547,"unlock","0adab909-eb8f-4baf-9eed-7a4cc889cb7c","3, 0",1763159971180,1763160031179,1763159971180
547,"unlock","0adab909-eb8f-4baf-9eed-7a4cc889cb7c","3, 0",1763159971180,1763160031179,1763160031179
547,"unlock","0adab909-eb8f-4baf-9eed-7a4cc889cb7c","3, 0",1763160031180,1763160091179,1763160031180
547,"unlock","0adab909-eb8f-4baf-9eed-7a4cc889cb7c","3, 0",1763160031180,1763160091179,1763160091179
547,"unlock","0adab909-eb8f-4baf-9eed-7a4cc889cb7c","3, 0",1763160091180,1763160151179,1763160091180
547,"unlock","0adab909-eb8f-4baf-9eed-7a4cc889cb7c","3, 0",1763160091180,1763160151179,1763160151179
547,"unlock","0adab909-eb8f-4baf-9eed-7a4cc889cb7c","3, 0",1763160151180,1763160211179,1763160151180
547,"unlock","0adab909-eb8f-4baf-9eed-7a4cc889cb7c","3, 0",1763160151180,1763160211179,1763160211179
547,"unlock","0adab909-eb8f-4baf-9eed-7a4cc889cb7c","3, 0",1763160211180,1763160271179,1763160211180
547,"unlock","0adab909-eb8f-4baf-9eed-7a4cc889cb7c","3, 0",1763160211180,1763160271179,1763160271179
547,"unlock","0adab909-eb8f-4baf-9eed-7a4cc889cb7c","3, 0",1763160271180,1763160331179,1763160271180
547,"unlock","0adab909-eb8f-4baf-9eed-7a4cc889cb7c","3, 0",1763160271180,1763160331179,1763160331179
547,"unlock","0adab909-eb8f-4baf-9eed-7a4cc889cb7c","3, 0",1763160331180,1763160391179,1763160331180
547,"unlock","0adab909-eb8f-4baf-9eed-7a4cc889cb7c","3, 0",1763160331180,1763160391179,1763160391179
547,"unlock","0adab909-eb8f-4baf-9eed-7a4cc889cb7c","3, 0",1763160391180,1763160451179,1763160391180
547,"unlock","0adab909-eb8f-4baf-9eed-7a4cc889cb7c","3, 0",1763160391180,1763160451179,1763160451179
547,"unlock","0adab909-eb8f-4baf-9eed-7a4cc889cb7c","3, 0",1763160451180,1763160511179,1763160451180
547,"unlock","0adab909-eb8f-4baf-9eed-7a4cc889cb7c","3, 0",1763160451180,1763160511179,1763160511179
547,"unlock","0adab909-eb8f-4baf-9eed-7a4cc889cb7c","3, 0",1763160511180,1763160571179,1763160511180
547,"unlock","0adab909-eb8f-4baf-9eed-7a4cc889cb7c","3, 0",1763160511180,1763160571179,1763160571179
547,"unlock","0adab909-eb8f-4baf-9eed-7a4cc889cb7c","3, 0",1763160571180,1763160631179,1763160571180
547,"unlock","0adab909-eb8f-4baf-9eed-7a4cc889cb7c","3, 0",1763160571180,1763160631179,1763160631179
547,"unlock","0adab909-eb8f-4baf-9eed-7a4cc889cb7c","3, 0",1763160631180,1763160691179,1763160631180
547,"unlock","0adab909-eb8f-4baf-9eed-7a4cc889cb7c","3, 0",1763160631180,1763160691179,1763160691179
547,"unlock","0adab909-eb8f-4baf-9eed-7a4cc889cb7c","3, 0",1763160691180,1763160751179,1763160691180
547,"unlock","0adab909-eb8f-4baf-9eed-7a4cc889cb7c","3, 0",1763160691180,1763160751179,1763160751179
547,"unlock","0adab909-eb8f-4baf-9eed-7a4cc889cb7c","3, 0",1763160751180,1763160811179,1763160751180
547,"unlock","0adab909-eb8f-4baf-9eed-7a4cc889cb7c","3, 0",1763160751180,1763160811179,1763160811179
547,"unlock","0adab909-eb8f-4baf-9eed-7a4cc889cb7c","3, 0",1763160811180,1763160871179,1763160811180
547,"unlock","0adab909-eb8f-4baf-9eed-7a4cc889cb7c","3, 0",1763160811180,1763160871179,1763160871179
547,"unlock","0adab909-eb8f-4baf-9eed-7a4cc889cb7c","3, 0",1763160871180,1763160931179,1763160871180
547,"unlock","0adab909-eb8f-4baf-9eed-7a4cc889cb7c","3, 0",1763160871180,1763160931179,1763160931179
547,"unlock","0adab909-eb8f-4baf-9eed-7a4cc889cb7c","3, 0",1763160931180,1763160991179,1763160931180
547,"unlock","0adab909-eb8f-4baf-9eed-7a4cc889cb7c","3, 0",1763160931180,1763160991179,1763160991179
547,"unlock","0adab909-eb8f-4baf-9eed-7a4cc889cb7c","3, 0",1763160991180,1763161051179,1763160991180
547,"unlock","0adab909-eb8f-4baf-9eed-7a4cc889cb7c","3, 0",1763160991180,1763161051179,1763161051179
547,"unlock","0adab909-eb8f-4baf-9eed-7a4cc889cb7c","3, 0",1763161051180,1763161111179,1763161051180
547,"unlock","0adab909-eb8f-4baf-9eed-7a4cc889cb7c","3, 0",1763161051180,1763161111179,1763161111179
547,"unlock","0adab909-eb8f-4baf-9eed-7a4cc889cb7c","3, 0",1763161111180,1763161171179,1763161111180
547,"unlock","0adab909-eb8f-4baf-9eed-7a4cc889cb7c","3, 0",1763161111180,1763161171179,1763161171179
547,"unlock","0adab909-eb8f-4baf-9eed-7a4cc889cb7c","3, 0",1763161171180,1763161231179,1763161171180
547,"unlock","0adab909-eb8f-4baf-9eed-7a4cc889cb7c","3, 0",1763161171180,1763161231179,1763161231179
547,"unlock","0adab909-eb8f-4baf-9eed-7a4cc889cb7c","3, 0",1763161231180,1763161291179,1763161231180
547,"unlock","0adab909-eb8f-4baf-9eed-7a4cc889cb7c","3, 0",1763161231180,1763161291179,1763161291179
547,"unlock","0adab909-eb8f-4baf-9eed-7a4cc889cb7c","3, 0",1763161291180,1763161351179,1763161291180
547,"unlock","0adab909-eb8f-4baf-9eed-7a4cc889cb7c","3, 0",1763161291180,1763161351179,1763161351179
547,"unlock","0adab909-eb8f-4baf-9eed-7a4cc889cb7c","3, 0",1763161351180,1763161411179,1763161351180
547,"unlock","0adab909-eb8f-4baf-9eed-7a4cc889cb7c","3, 0",1763161351180,1763161411179,1763161411179
547,"unlock","0adab909-eb8f-4baf-9eed-7a4cc889cb7c","3, 0",1763161411180,1763161471179,1763161411180
547,"unlock","0adab909-eb8f-4baf-9eed-7a4cc889cb7c","3, 0",1763161411180,1763161471179,1763161471179
547,"unlock","0adab909-eb8f-4baf-9eed-7a4cc889cb7c","3, 0",1763161471180,1763161531179,1763161471180
547,"unlock","0adab909-eb8f-4baf-9eed-7a4cc889cb7c","3, 0",1763161471180,1763161531179,1763161531179
547,"unlock","0adab909-eb8f-4baf-9eed-7a4cc889cb7c","3, 0",1763161531180,1763161591179,1763161531180
547,"unlock","0adab909-eb8f-4baf-9eed-7a4cc889cb7c","3, 0",1763161531180,1763161591179,1763161591179
547,"unlock","0adab909-eb8f-4baf-9eed-7a4cc889cb7c","3, 0",1763161591180,1763161651179,1763161591180
547,"unlock","0adab909-eb8f-4baf-9eed-7a4cc889cb7c","3, 0",1763161591180,1763161651179,1763161651179
547,"unlock","0adab909-eb8f-4baf-9eed-7a4cc889cb7c","3, 0",1763161651180,1763161711179,1763161651180
547,"unlock","0adab909-eb8f-4baf-9eed-7a4cc889cb7c","3, 0",1763161651180,1763161711179,1763161711179
547,"unlock","0adab909-eb8f-4baf-9eed-7a4cc889cb7c","3, 0",1763161711180,1763161771179,1763161711180
547,"unlock","0adab909-eb8f-4baf-9eed-7a4cc889cb7c","3, 0",1763161711180,1763161771179,1763161771179
547,"unlock","0adab909-eb8f-4baf-9eed-7a4cc889cb7c","3, 0",1763161771180,1763161831179,1763161771180
547,"unlock","0adab909-eb8f-4baf-9eed-7a4cc889cb7c","3, 0",1763161771180,1763161831179,1763161831179
547,"unlock","0adab909-eb8f-4baf-9eed-7a4cc889cb7c","3, 0",1763161831180,1763161891179,1763161831180
547,"unlock","0adab909-eb8f-4baf-9eed-7a4cc889cb7c","3, 0",1763161831180,1763161891179,1763161891179
547,"unlock","0adab909-eb8f-4baf-9eed-7a4cc889cb7c","3, 0",1763161891180,1763161951179,1763161891180
547,"unlock","0adab909-eb8f-4baf-9eed-7a4cc889cb7c","3, 0",1763161891180,1763161951179,1763161951179
547,"unlock","0adab909-eb8f-4baf-9eed-7a4cc889cb7c","3, 0",1763161951180,1763162011179,1763161951180
547,"unlock","0adab909-eb8f-4baf-9eed-7a4cc889cb7c","3, 0",1763161951180,1763162011179,1763162011179
547,"unlock","0adab909-eb8f-4baf-9eed-7a4cc889cb7c","3, 0",1763162011180,1763162071179,1763162011180
547,"unlock","0adab909-eb8f-4baf-9eed-7a4cc889cb7c","3, 0",1763162011180,1763162071179,1763162071179
547,"unlock","0adab909-eb8f-4baf-9eed-7a4cc889cb7c","3, 0",1763162071180,1763162131179,1763162071180
547,"unlock","0adab909-eb8f-4baf-9eed-7a4cc889cb7c","3, 0",1763162071180,1763162131179,1763162131179
547,"unlock","0adab909-eb8f-4baf-9eed-7a4cc889cb7c","3, 0",1763162131180,1763162191179,1763162131180
547,"unlock","0adab909-eb8f-4baf-9eed-7a4cc889cb7c","3, 0",1763162131180,1763162191179,1763162191179
547,"unlock","0adab909-eb8f-4baf-9eed-7a4cc889cb7c","3, 0",1763162191180,1763162251179,1763162191180
547,"unlock","0adab909-eb8f-4baf-9eed-7a4cc889cb7c","3, 0",1763162191180,1763162251179,1763162251179
547,"unlock","0adab909-eb8f-4baf-9eed-7a4cc889cb7c","3, 0",1763162251180,1763162311179,1763162251180
547,"unlock","0adab909-eb8f-4baf-9eed-7a4cc889cb7c","3, 0",1763162251180,1763162311179,1763162311179
547,"unlock","0adab909-eb8f-4baf-9eed-7a4cc889cb7c","3, 0",1763162311180,1763162371179,1763162311180
547,"unlock","0adab909-eb8f-4baf-9eed-7a4cc889cb7c","3, 0",1763162311180,1763162371179,1763162371179
547,"unlock","0adab909-eb8f-4baf-9eed-7a4cc889cb7c","3, 0",1763162371180,1763162431179,1763162371180
547,"unlock","0adab909-eb8f-4baf-9eed-7a4cc889cb7c","3, 0",1763162371180,1763162431179,1763162431179
547,"unlock","0adab909-eb8f-4baf-9eed-7a4cc889cb7c","3, 0",1763162431180,1763162491179,1763162431180
547,"unlock","0adab909-eb8f-4baf-9eed-7a4cc889cb7c","3, 0",1763162431180,1763162491179,1763162491179
547,"unlock","0adab909-eb8f-4baf-9eed-7a4cc889cb7c","3, 0",1763162491180,1763162547471,1763162491180
547,"unlock","0adab909-eb8f-4baf-9eed-7a4cc889cb7c","3, 0",1763162491180,1763162547471,1763162547471
560,"unlock","0adab909-eb8f-4baf-9eed-7a4cc889cb7c","3, 0",1763197384835,1763197444834,1763197384835
560,"unlock","0adab909-eb8f-4baf-9eed-7a4cc889cb7c","3, 0",1763197384835,1763197444834,1763197444834
560,"unlock","0adab909-eb8f-4baf-9eed-7a4cc889cb7c","3, 0",1763197444835,1763197504834,1763197444835
560,"unlock","0adab909-eb8f-4baf-9eed-7a4cc889cb7c","3, 0",1763197444835,1763197504834,1763197504834
560,"unlock","0adab909-eb8f-4baf-9eed-7a4cc889cb7c","3, 0",1763197504835,1763197564834,1763197504835
560,"unlock","0adab909-eb8f-4baf-9eed-7a4cc889cb7c","3, 0",1763197504835,1763197564834,1763197564834
560,"unlock","0adab909-eb8f-4baf-9eed-7a4cc889cb7c","3, 0",1763197564835,1763197624834,1763197564835
560,"unlock","0adab909-eb8f-4baf-9eed-7a4cc889cb7c","3, 0",1763197564835,1763197624834,1763197624834
560,"unlock","0adab909-eb8f-4baf-9eed-7a4cc889cb7c","3, 0",1763197624835,1763197684834,1763197624835
560,"unlock","0adab909-eb8f-4baf-9eed-7a4cc889cb7c","3, 0",1763197624835,1763197684834,1763197684834
560,"unlock","0adab909-eb8f-4baf-9eed-7a4cc889cb7c","3, 0",1763197684835,1763197744834,1763197684835
560,"unlock","0adab909-eb8f-4baf-9eed-7a4cc889cb7c","3, 0",1763197684835,1763197744834,1763197744834
560,"unlock","0adab909-eb8f-4baf-9eed-7a4cc889cb7c","3, 0",1763197744835,1763197804834,1763197744835
560,"unlock","0adab909-eb8f-4baf-9eed-7a4cc889cb7c","3, 0",1763197744835,1763197804834,1763197804834
560,"unlock","0adab909-eb8f-4baf-9eed-7a4cc889cb7c","3, 0",1763197804835,1763197864834,1763197804835
560,"unlock","0adab909-eb8f-4baf-9eed-7a4cc889cb7c","3, 0",1763197804835,1763197864834,1763197864834
560,"unlock","0adab909-eb8f-4baf-9eed-7a4cc889cb7c","3, 0",1763197864835,1763197924834,1763197864835
560,"unlock","0adab909-eb8f-4baf-9eed-7a4cc889cb7c","3, 0",1763197864835,1763197924834,1763197924834
560,"unlock","0adab909-eb8f-4baf-9eed-7a4cc889cb7c","3, 0",1763197924835,1763197984834,1763197924835
560,"unlock","0adab909-eb8f-4baf-9eed-7a4cc889cb7c","3, 0",1763197924835,1763197984834,1763197984834
560,"unlock","0adab909-eb8f-4baf-9eed-7a4cc889cb7c","3, 0",1763197984835,1763198044834,1763197984835
560,"unlock","0adab909-eb8f-4baf-9eed-7a4cc889cb7c","3, 0",1763197984835,1763198044834,1763198044834
560,"unlock","0adab909-eb8f-4baf-9eed-7a4cc889cb7c","3, 0",1763198044835,1763198104834,1763198044835
560,"unlock","0adab909-eb8f-4baf-9eed-7a4cc889cb7c","3, 0",1763198044835,1763198104834,1763198104834
560,"unlock","0adab909-eb8f-4baf-9eed-7a4cc889cb7c","3, 0",1763198104835,1763198164834,1763198104835
560,"unlock","0adab909-eb8f-4baf-9eed-7a4cc889cb7c","3, 0",1763198104835,1763198164834,1763198164834
560,"unlock","0adab909-eb8f-4baf-9eed-7a4cc889cb7c","3, 0",1763198164835,1763198224834,1763198164835
560,"unlock","0adab909-eb8f-4baf-9eed-7a4cc889cb7c","3, 0",1763198164835,1763198224834,1763198224834
560,"unlock","0adab909-eb8f-4baf-9eed-7a4cc889cb7c","3, 0",1763198224835,1763198284834,1763198224835
560,"unlock","0adab909-eb8f-4baf-9eed-7a4cc889cb7c","3, 0",1763198224835,1763198284834,1763198284834
560,"unlock","0adab909-eb8f-4baf-9eed-7a4cc889cb7c","3, 0",1763198284835,1763198344834,1763198284835
560,"unlock","0adab909-eb8f-4baf-9eed-7a4cc889cb7c","3, 0",1763198284835,1763198344834,1763198344834
560,"unlock","0adab909-eb8f-4baf-9eed-7a4cc889cb7c","3, 0",1763198344835,1763198404834,1763198344835
560,"unlock","0adab909-eb8f-4baf-9eed-7a4cc889cb7c","3, 0",1763198344835,1763198404834,1763198404834
560,"unlock","0adab909-eb8f-4baf-9eed-7a4cc889cb7c","3, 0",1763198404835,1763198464834,1763198404835
560,"unlock","0adab909-eb8f-4baf-9eed-7a4cc889cb7c","3, 0",1763198404835,1763198464834,1763198464834
560,"unlock","0adab909-eb8f-4baf-9eed-7a4cc889cb7c","3, 0",1763198464835,1763198524834,1763198464835
560,"unlock","0adab909-eb8f-4baf-9eed-7a4cc889cb7c","3, 0",1763198464835,1763198524834,1763198524834
560,"unlock","0adab909-eb8f-4baf-9eed-7a4cc889cb7c","3, 0",1763198524835,1763198584834,1763198524835
560,"unlock","0adab909-eb8f-4baf-9eed-7a4cc889cb7c","3, 0",1763198524835,1763198584834,1763198584834
560,"unlock","0adab909-eb8f-4baf-9eed-7a4cc889cb7c","3, 0",1763198584835,1763198644834,1763198584835
560,"unlock","0adab909-eb8f-4baf-9eed-7a4cc889cb7c","3, 0",1763198584835,1763198644834,1763198644834
560,"unlock","0adab909-eb8f-4baf-9eed-7a4cc889cb7c","3, 0",1763198644835,1763198704834,1763198644835
560,"unlock","0adab909-eb8f-4baf-9eed-7a4cc889cb7c","3, 0",1763198644835,1763198704834,1763198704834
560,"unlock","0adab909-eb8f-4baf-9eed-7a4cc889cb7c","3, 0",1763198704835,1763198764834,1763198704835
560,"unlock","0adab909-eb8f-4baf-9eed-7a4cc889cb7c","3, 0",1763198704835,1763198764834,1763198764834
560,"unlock","0adab909-eb8f-4baf-9eed-7a4cc889cb7c","3, 0",1763198764835,1763198824834,1763198764835
560,"unlock","0adab909-eb8f-4baf-9eed-7a4cc889cb7c","3, 0",1763198764835,1763198824834,1763198824834
560,"unlock","0adab909-eb8f-4baf-9eed-7a4cc889cb7c","3, 0",1763198824835,1763198884834,1763198824835
560,"unlock","0adab909-eb8f-4baf-9eed-7a4cc889cb7c","3, 0",1763198824835,1763198884834,1763198884834
560,"unlock","0adab909-eb8f-4baf-9eed-7a4cc889cb7c","3, 0",1763198884835,1763198944834,1763198884835
560,"unlock","0adab909-eb8f-4baf-9eed-7a4cc889cb7c","3, 0",1763198884835,1763198944834,1763198944834
560,"unlock","0adab909-eb8f-4baf-9eed-7a4cc889cb7c","3, 0",1763198944835,1763199004834,1763198944835
560,"unlock","0adab909-eb8f-4baf-9eed-7a4cc889cb7c","3, 0",1763198944835,1763199004834,1763199004834
560,"unlock","0adab909-eb8f-4baf-9eed-7a4cc889cb7c","3, 0",1763199004835,1763199064834,1763199004835
560,"unlock","0adab909-eb8f-4baf-9eed-7a4cc889cb7c","3, 0",1763199004835,1763199064834,1763199064834
560,"unlock","0adab909-eb8f-4baf-9eed-7a4cc889cb7c","3, 0",1763199064835,1763199124834,1763199064835
560,"unlock","0adab909-eb8f-4baf-9eed-7a4cc889cb7c","3, 0",1763199064835,1763199124834,1763199124834
560,"unlock","0adab909-eb8f-4baf-9eed-7a4cc889cb7c","3, 0",1763199124835,1763199184834,1763199124835
560,"unlock","0adab909-eb8f-4baf-9eed-7a4cc889cb7c","3, 0",1763199124835,1763199184834,1763199184834
560,"unlock","0adab909-eb8f-4baf-9eed-7a4cc889cb7c","3, 0",1763199184835,1763199244834,1763199184835
560,"unlock","0adab909-eb8f-4baf-9eed-7a4cc889cb7c","3, 0",1763199184835,1763199244834,1763199244834
560,"unlock","0adab909-eb8f-4baf-9eed-7a4cc889cb7c","3, 0",1763199244835,1763199304834,1763199244835
560,"unlock","0adab909-eb8f-4baf-9eed-7a4cc889cb7c","3, 0",1763199244835,1763199304834,1763199304834
560,"unlock","0adab909-eb8f-4baf-9eed-7a4cc889cb7c","3, 0",1763199304835,1763199364834,1763199304835
560,"unlock","0adab909-eb8f-4baf-9eed-7a4cc889cb7c","3, 0",1763199304835,1763199364834,1763199364834
560,"unlock","0adab909-eb8f-4baf-9eed-7a4cc889cb7c","3, 0",1763199364835,1763199424834,1763199364835
560,"unlock","0adab909-eb8f-4baf-9eed-7a4cc889cb7c","3, 0",1763199364835,1763199424834,1763199424834
560,"unlock","0adab909-eb8f-4baf-9eed-7a4cc889cb7c","3, 0",1763199424835,1763199484834,1763199424835
560,"unlock","0adab909-eb8f-4baf-9eed-7a4cc889cb7c","3, 0",1763199424835,1763199484834,1763199484834
560,"unlock","0adab909-eb8f-4baf-9eed-7a4cc889cb7c","3, 0",1763199484835,1763199544834,1763199484835
560,"unlock","0adab909-eb8f-4baf-9eed-7a4cc889cb7c","3, 0",1763199484835,1763199544834,1763199544834
560,"unlock","0adab909-eb8f-4baf-9eed-7a4cc889cb7c","3, 0",1763199544835,1763199604834,1763199544835
560,"unlock","0adab909-eb8f-4baf-9eed-7a4cc889cb7c","3, 0",1763199544835,1763199604834,1763199604834
560,"unlock","0adab909-eb8f-4baf-9eed-7a4cc889cb7c","3, 0",1763199604835,1763199664834,1763199604835
560,"unlock","0adab909-eb8f-4baf-9eed-7a4cc889cb7c","3, 0",1763199604835,1763199664834,1763199664834
560,"unlock","0adab909-eb8f-4baf-9eed-7a4cc889cb7c","3, 0",1763199664835,1763199724834,1763199664835
560,"unlock","0adab909-eb8f-4baf-9eed-7a4cc889cb7c","3, 0",1763199664835,1763199724834,1763199724834
560,"unlock","0adab909-eb8f-4baf-9eed-7a4cc889cb7c","3, 0",1763199724835,1763199784834,1763199724835
560,"unlock","0adab909-eb8f-4baf-9eed-7a4cc889cb7c","3, 0",1763199724835,1763199784834,1763199784834
560,"unlock","0adab909-eb8f-4baf-9eed-7a4cc889cb7c","3, 0",1763199784835,1763199844834,1763199784835
560,"unlock","0adab909-eb8f-4baf-9eed-7a4cc889cb7c","3, 0",1763199784835,1763199844834,1763199844834
560,"unlock","0adab909-eb8f-4baf-9eed-7a4cc889cb7c","3, 0",1763199844835,1763199904834,1763199844835
560,"unlock","0adab909-eb8f-4baf-9eed-7a4cc889cb7c","3, 0",1763199844835,1763199904834,1763199904834
560,"unlock","0adab909-eb8f-4baf-9eed-7a4cc889cb7c","3, 0",1763199904835,1763199964834,1763199904835
560,"unlock","0adab909-eb8f-4baf-9eed-7a4cc889cb7c","3, 0",1763199904835,1763199964834,1763199964834
560,"unlock","0adab909-eb8f-4baf-9eed-7a4cc889cb7c","3, 0",1763199964835,1763200024834,1763199964835
560,"unlock","0adab909-eb8f-4baf-9eed-7a4cc889cb7c","3, 0",1763199964835,1763200024834,1763200024834
560,"unlock","0adab909-eb8f-4baf-9eed-7a4cc889cb7c","3, 0",1763200024835,1763200084834,1763200024835
560,"unlock","0adab909-eb8f-4baf-9eed-7a4cc889cb7c","3, 0",1763200024835,1763200084834,1763200084834
560,"unlock","0adab909-eb8f-4baf-9eed-7a4cc889cb7c","3, 0",1763200084835,1763200144834,1763200084835
560,"unlock","0adab909-eb8f-4baf-9eed-7a4cc889cb7c","3, 0",1763200084835,1763200144834,1763200144834
560,"unlock","0adab909-eb8f-4baf-9eed-7a4cc889cb7c","3, 0",1763200144835,1763200204834,1763200144835
560,"unlock","0adab909-eb8f-4baf-9eed-7a4cc889cb7c","3, 0",1763200144835,1763200204834,1763200204834
560,"unlock","0adab909-eb8f-4baf-9eed-7a4cc889cb7c","3, 0",1763200204835,1763200264834,1763200204835
560,"unlock","0adab909-eb8f-4baf-9eed-7a4cc889cb7c","3, 0",1763200204835,1763200264834,1763200264834
560,"unlock","0adab909-eb8f-4baf-9eed-7a4cc889cb7c","3, 0",1763200264835,1763200324834,1763200264835
560,"unlock","0adab909-eb8f-4baf-9eed-7a4cc889cb7c","3, 0",1763200264835,1763200324834,1763200324834
560,"unlock","0adab909-eb8f-4baf-9eed-7a4cc889cb7c","3, 0",1763200324835,1763200384834,1763200324835
560,"unlock","0adab909-eb8f-4baf-9eed-7a4cc889cb7c","3, 0",1763200324835,1763200384834,1763200384834
560,"unlock","0adab909-eb8f-4baf-9eed-7a4cc889cb7c","3, 0",1763200384835,1763200392119,1763200384835
560,"unlock","0adab909-eb8f-4baf-9eed-7a4cc889cb7c","3, 0",1763200384835,1763200392119,1763200392119
563,"unlock","0adab909-eb8f-4baf-9eed-7a4cc889cb7c","3, 0",1763202119059,1763202179058,1763202119059
563,"unlock","0adab909-eb8f-4baf-9eed-7a4cc889cb7c","3, 0",1763202119059,1763202179058,1763202179058
563,"unlock","0adab909-eb8f-4baf-9eed-7a4cc889cb7c","3, 0",1763202179059,1763202239058,1763202179059
563,"unlock","0adab909-eb8f-4baf-9eed-7a4cc889cb7c","3, 0",1763202179059,1763202239058,1763202239058
563,"unlock","0adab909-eb8f-4baf-9eed-7a4cc889cb7c","3, 0",1763202239059,1763202299058,1763202239059
563,"unlock","0adab909-eb8f-4baf-9eed-7a4cc889cb7c","3, 0",1763202239059,1763202299058,1763202299058
563,"unlock","0adab909-eb8f-4baf-9eed-7a4cc889cb7c","3, 0",1763202299059,1763202359058,1763202299059
563,"unlock","0adab909-eb8f-4baf-9eed-7a4cc889cb7c","3, 0",1763202299059,1763202359058,1763202359058
563,"unlock","0adab909-eb8f-4baf-9eed-7a4cc889cb7c","3, 0",1763202359059,1763202419058,1763202359059
563,"unlock","0adab909-eb8f-4baf-9eed-7a4cc889cb7c","3, 0",1763202359059,1763202419058,1763202419058
563,"unlock","0adab909-eb8f-4baf-9eed-7a4cc889cb7c","3, 0",1763202419059,1763202479058,1763202419059
563,"unlock","0adab909-eb8f-4baf-9eed-7a4cc889cb7c","3, 0",1763202419059,1763202479058,1763202479058
563,"unlock","0adab909-eb8f-4baf-9eed-7a4cc889cb7c","3, 0",1763202479059,1763202539058,1763202479059
563,"unlock","0adab909-eb8f-4baf-9eed-7a4cc889cb7c","3, 0",1763202479059,1763202539058,1763202539058
563,"unlock","0adab909-eb8f-4baf-9eed-7a4cc889cb7c","3, 0",1763202539059,1763202599058,1763202539059
563,"unlock","0adab909-eb8f-4baf-9eed-7a4cc889cb7c","3, 0",1763202539059,1763202599058,1763202599058
563,"unlock","0adab909-eb8f-4baf-9eed-7a4cc889cb7c","3, 0",1763202599059,1763202623892,1763202599059
563,"unlock","0adab909-eb8f-4baf-9eed-7a4cc889cb7c","3, 0",1763202599059,1763202623892,1763202623892
566,"unlock","0adab909-eb8f-4baf-9eed-7a4cc889cb7c","3, 0",1763202703058,1763202763057,1763202703058
566,"unlock","0adab909-eb8f-4baf-9eed-7a4cc889cb7c","3, 0",1763202703058,1763202763057,1763202763057
566,"unlock","0adab909-eb8f-4baf-9eed-7a4cc889cb7c","3, 0",1763202763058,1763202778526,1763202763058
566,"unlock","0adab909-eb8f-4baf-9eed-7a4cc889cb7c","3, 0",1763202763058,1763202778526,1763202778526
569,"unlock","0adab909-eb8f-4baf-9eed-7a4cc889cb7c","3, 0",1763202884534,1763202944533,1763202884534
569,"unlock","0adab909-eb8f-4baf-9eed-7a4cc889cb7c","3, 0",1763202884534,1763202944533,1763202944533
569,"unlock","0adab909-eb8f-4baf-9eed-7a4cc889cb7c","3, 0",1763202944534,1763203004533,1763202944534
569,"unlock","0adab909-eb8f-4baf-9eed-7a4cc889cb7c","3, 0",1763202944534,1763203004533,1763203004533
569,"unlock","0adab909-eb8f-4baf-9eed-7a4cc889cb7c","3, 0",1763203004534,1763203029824,1763203004534
569,"unlock","0adab909-eb8f-4baf-9eed-7a4cc889cb7c","3, 0",1763203004534,1763203029824,1763203029824
572,"unlock","0adab909-eb8f-4baf-9eed-7a4cc889cb7c","3, 0",1763203275159,1763203335158,1763203275159
572,"unlock","0adab909-eb8f-4baf-9eed-7a4cc889cb7c","3, 0",1763203275159,1763203335158,1763203335158
572,"unlock","0adab909-eb8f-4baf-9eed-7a4cc889cb7c","3, 0",1763203335159,1763203395158,1763203335159
572,"unlock","0adab909-eb8f-4baf-9eed-7a4cc889cb7c","3, 0",1763203335159,1763203395158,1763203395158
572,"unlock","0adab909-eb8f-4baf-9eed-7a4cc889cb7c","3, 0",1763203395159,1763203455158,1763203395159
572,"unlock","0adab909-eb8f-4baf-9eed-7a4cc889cb7c","3, 0",1763203395159,1763203455158,1763203455158
572,"unlock","0adab909-eb8f-4baf-9eed-7a4cc889cb7c","3, 0",1763203455159,1763203515158,1763203455159
572,"unlock","0adab909-eb8f-4baf-9eed-7a4cc889cb7c","3, 0",1763203455159,1763203515158,1763203515158
572,"unlock","0adab909-eb8f-4baf-9eed-7a4cc889cb7c","3, 0",1763203515159,1763203551346,1763203515159
572,"unlock","0adab909-eb8f-4baf-9eed-7a4cc889cb7c","3, 0",1763203515159,1763203551346,1763203551346
575,"unlock","0adab909-eb8f-4baf-9eed-7a4cc889cb7c","3, 0",1763203658520,1763203718519,1763203658520
575,"unlock","0adab909-eb8f-4baf-9eed-7a4cc889cb7c","3, 0",1763203658520,1763203718519,1763203718519
575,"unlock","0adab909-eb8f-4baf-9eed-7a4cc889cb7c","3, 0",1763203718520,1763203778519,1763203718520
575,"unlock","0adab909-eb8f-4baf-9eed-7a4cc889cb7c","3, 0",1763203718520,1763203778519,1763203778519
575,"unlock","0adab909-eb8f-4baf-9eed-7a4cc889cb7c","3, 0",1763203778520,1763203838519,1763203778520
575,"unlock","0adab909-eb8f-4baf-9eed-7a4cc889cb7c","3, 0",1763203778520,1763203838519,1763203838519
575,"unlock","0adab909-eb8f-4baf-9eed-7a4cc889cb7c","3, 0",1763203838520,1763203898519,1763203838520
575,"unlock","0adab909-eb8f-4baf-9eed-7a4cc889cb7c","3, 0",1763203838520,1763203898519,1763203898519
575,"unlock","0adab909-eb8f-4baf-9eed-7a4cc889cb7c","3, 0",1763203898520,1763203958519,1763203898520
575,"unlock","0adab909-eb8f-4baf-9eed-7a4cc889cb7c","3, 0",1763203898520,1763203958519,1763203958519
575,"unlock","0adab909-eb8f-4baf-9eed-7a4cc889cb7c","3, 0",1763203958520,1763204018519,1763203958520
575,"unlock","0adab909-eb8f-4baf-9eed-7a4cc889cb7c","3, 0",1763203958520,1763204018519,1763204018519
575,"unlock","0adab909-eb8f-4baf-9eed-7a4cc889cb7c","3, 0",1763204018520,1763204078519,1763204018520
575,"unlock","0adab909-eb8f-4baf-9eed-7a4cc889cb7c","3, 0",1763204018520,1763204078519,1763204078519
575,"unlock","0adab909-eb8f-4baf-9eed-7a4cc889cb7c","3, 0",1763204078520,1763204138519,1763204078520
575,"unlock","0adab909-eb8f-4baf-9eed-7a4cc889cb7c","3, 0",1763204078520,1763204138519,1763204138519
575,"unlock","0adab909-eb8f-4baf-9eed-7a4cc889cb7c","3, 0",1763204138520,1763204198519,1763204138520
575,"unlock","0adab909-eb8f-4baf-9eed-7a4cc889cb7c","3, 0",1763204138520,1763204198519,1763204198519
575,"unlock","0adab909-eb8f-4baf-9eed-7a4cc889cb7c","3, 0",1763204198520,1763204258519,1763204198520
575,"unlock","0adab909-eb8f-4baf-9eed-7a4cc889cb7c","3, 0",1763204198520,1763204258519,1763204258519
575,"unlock","0adab909-eb8f-4baf-9eed-7a4cc889cb7c","3, 0",1763204258520,1763204318519,1763204258520
575,"unlock","0adab909-eb8f-4baf-9eed-7a4cc889cb7c","3, 0",1763204258520,1763204318519,1763204318519
575,"unlock","0adab909-eb8f-4baf-9eed-7a4cc889cb7c","3, 0",1763204318520,1763204378519,1763204318520
575,"unlock","0adab909-eb8f-4baf-9eed-7a4cc889cb7c","3, 0",1763204318520,1763204378519,1763204378519
575,"unlock","0adab909-eb8f-4baf-9eed-7a4cc889cb7c","3, 0",1763204378520,1763204438519,1763204378520
575,"unlock","0adab909-eb8f-4baf-9eed-7a4cc889cb7c","3, 0",1763204378520,1763204438519,1763204438519
575,"unlock","0adab909-eb8f-4baf-9eed-7a4cc889cb7c","3, 0",1763204438520,1763204498519,1763204438520
575,"unlock","0adab909-eb8f-4baf-9eed-7a4cc889cb7c","3, 0",1763204438520,1763204498519,1763204498519
575,"unlock","0adab909-eb8f-4baf-9eed-7a4cc889cb7c","3, 0",1763204498520,1763204558519,1763204498520
575,"unlock","0adab909-eb8f-4baf-9eed-7a4cc889cb7c","3, 0",1763204498520,1763204558519,1763204558519
575,"unlock","0adab909-eb8f-4baf-9eed-7a4cc889cb7c","3, 0",1763204558520,1763204618519,1763204558520
575,"unlock","0adab909-eb8f-4baf-9eed-7a4cc889cb7c","3, 0",1763204558520,1763204618519,1763204618519
575,"unlock","0adab909-eb8f-4baf-9eed-7a4cc889cb7c","3, 0",1763204618520,1763204642773,1763204618520
575,"unlock","0adab909-eb8f-4baf-9eed-7a4cc889cb7c","3, 0",1763204618520,1763204642773,1763204642773
578,"unlock","0adab909-eb8f-4baf-9eed-7a4cc889cb7c","3, 0",1763204675621,1763204735620,1763204675621
578,"unlock","0adab909-eb8f-4baf-9eed-7a4cc889cb7c","3, 0",1763204675621,1763204735620,1763204735620
578,"unlock","0adab909-eb8f-4baf-9eed-7a4cc889cb7c","3, 0",1763204735621,1763204795620,1763204735621
578,"unlock","0adab909-eb8f-4baf-9eed-7a4cc889cb7c","3, 0",1763204735621,1763204795620,1763204795620
578,"unlock","0adab909-eb8f-4baf-9eed-7a4cc889cb7c","3, 0",1763204795621,1763204855620,1763204795621
578,"unlock","0adab909-eb8f-4baf-9eed-7a4cc889cb7c","3, 0",1763204795621,1763204855620,1763204855620
578,"unlock","0adab909-eb8f-4baf-9eed-7a4cc889cb7c","3, 0",1763204855621,1763204900626,1763204855621
578,"unlock","0adab909-eb8f-4baf-9eed-7a4cc889cb7c","3, 0",1763204855621,1763204900626,1763204900626
581,"unlock","0adab909-eb8f-4baf-9eed-7a4cc889cb7c","3, 0",1763205382752,1763205442751,1763205382752
581,"unlock","0adab909-eb8f-4baf-9eed-7a4cc889cb7c","3, 0",1763205382752,1763205442751,1763205442751
581,"unlock","0adab909-eb8f-4baf-9eed-7a4cc889cb7c","3, 0",1763205442752,1763205502751,1763205442752
581,"unlock","0adab909-eb8f-4baf-9eed-7a4cc889cb7c","3, 0",1763205442752,1763205502751,1763205502751
581,"unlock","0adab909-eb8f-4baf-9eed-7a4cc889cb7c","3, 0",1763205502752,1763205562751,1763205502752
581,"unlock","0adab909-eb8f-4baf-9eed-7a4cc889cb7c","3, 0",1763205502752,1763205562751,1763205562751
581,"unlock","0adab909-eb8f-4baf-9eed-7a4cc889cb7c","3, 0",1763205562752,1763205622751,1763205562752
581,"unlock","0adab909-eb8f-4baf-9eed-7a4cc889cb7c","3, 0",1763205562752,1763205622751,1763205622751
581,"unlock","0adab909-eb8f-4baf-9eed-7a4cc889cb7c","3, 0",1763205622752,1763205656037,1763205622752
581,"unlock","0adab909-eb8f-4baf-9eed-7a4cc889cb7c","3, 0",1763205622752,1763205656037,1763205656037
584,"unlock","0adab909-eb8f-4baf-9eed-7a4cc889cb7c","3, 0",1763205678125,1763205738124,1763205678125
584,"unlock","0adab909-eb8f-4baf-9eed-7a4cc889cb7c","3, 0",1763205678125,1763205738124,1763205738124
584,"unlock","0adab909-eb8f-4baf-9eed-7a4cc889cb7c","3, 0",1763205738125,1763205798124,1763205738125
584,"unlock","0adab909-eb8f-4baf-9eed-7a4cc889cb7c","3, 0",1763205738125,1763205798124,1763205798124
584,"unlock","0adab909-eb8f-4baf-9eed-7a4cc889cb7c","3, 0",1763205798125,1763205858124,1763205798125
584,"unlock","0adab909-eb8f-4baf-9eed-7a4cc889cb7c","3, 0",1763205798125,1763205858124,1763205858124
584,"unlock","0adab909-eb8f-4baf-9eed-7a4cc889cb7c","3, 0",1763205858125,1763205859640,1763205858125
584,"unlock","0adab909-eb8f-4baf-9eed-7a4cc889cb7c","3, 0",1763205858125,1763205859640,1763205859640
587,"unlock","0adab909-eb8f-4baf-9eed-7a4cc889cb7c","3, 0",1763206594917,1763206619716,1763206594917
587,"unlock","0adab909-eb8f-4baf-9eed-7a4cc889cb7c","3, 0",1763206594917,1763206619716,1763206619716
590,"unlock","0adab909-eb8f-4baf-9eed-7a4cc889cb7c","3, 0",1763206901757,1763206914197,1763206901757
590,"unlock","0adab909-eb8f-4baf-9eed-7a4cc889cb7c","3, 0",1763206901757,1763206914197,1763206914197
595,"unlock","0adab909-eb8f-4baf-9eed-7a4cc889cb7c","3, 0",1763207807561,1763207867560,1763207807561
595,"unlock","0adab909-eb8f-4baf-9eed-7a4cc889cb7c","3, 0",1763207807561,1763207867560,1763207867560
595,"unlock","0adab909-eb8f-4baf-9eed-7a4cc889cb7c","3, 0",1763207867561,1763207904001,1763207867561
595,"unlock","0adab909-eb8f-4baf-9eed-7a4cc889cb7c","3, 0",1763207867561,1763207904001,1763207904001
598,"unlock","0adab909-eb8f-4baf-9eed-7a4cc889cb7c","3, 0",1763208002155,1763208062154,1763208002155
598,"unlock","0adab909-eb8f-4baf-9eed-7a4cc889cb7c","3, 0",1763208002155,1763208062154,1763208062154
598,"unlock","0adab909-eb8f-4baf-9eed-7a4cc889cb7c","3, 0",1763208062155,1763208071172,1763208062155
598,"unlock","0adab909-eb8f-4baf-9eed-7a4cc889cb7c","3, 0",1763208062155,1763208071172,1763208071172
604,"unlock","0adab909-eb8f-4baf-9eed-7a4cc889cb7c","3, 0",1763208223847,1763208257727,1763208223847
604,"unlock","0adab909-eb8f-4baf-9eed-7a4cc889cb7c","3, 0",1763208223847,1763208257727,1763208257727
607,"unlock","0adab909-eb8f-4baf-9eed-7a4cc889cb7c","3, 0",1763208336220,1763208396219,1763208336220
607,"unlock","0adab909-eb8f-4baf-9eed-7a4cc889cb7c","3, 0",1763208336220,1763208396219,1763208396219
607,"unlock","0adab909-eb8f-4baf-9eed-7a4cc889cb7c","3, 0",1763208396220,1763208449037,1763208396220
607,"unlock","0adab909-eb8f-4baf-9eed-7a4cc889cb7c","3, 0",1763208396220,1763208449037,1763208449037
610,"unlock","0adab909-eb8f-4baf-9eed-7a4cc889cb7c","3, 0",1763208464675,1763208524674,1763208464675
610,"unlock","0adab909-eb8f-4baf-9eed-7a4cc889cb7c","3, 0",1763208464675,1763208524674,1763208524674
610,"unlock","0adab909-eb8f-4baf-9eed-7a4cc889cb7c","3, 0",1763208524675,1763208584674,1763208524675
610,"unlock","0adab909-eb8f-4baf-9eed-7a4cc889cb7c","3, 0",1763208524675,1763208584674,1763208584674
610,"unlock","0adab909-eb8f-4baf-9eed-7a4cc889cb7c","3, 0",1763208584675,1763208644674,1763208584675
610,"unlock","0adab909-eb8f-4baf-9eed-7a4cc889cb7c","3, 0",1763208584675,1763208644674,1763208644674
610,"unlock","0adab909-eb8f-4baf-9eed-7a4cc889cb7c","3, 0",1763208644675,1763208704674,1763208644675
610,"unlock","0adab909-eb8f-4baf-9eed-7a4cc889cb7c","3, 0",1763208644675,1763208704674,1763208704674
610,"unlock","0adab909-eb8f-4baf-9eed-7a4cc889cb7c","3, 0",1763208704675,1763208764674,1763208704675
610,"unlock","0adab909-eb8f-4baf-9eed-7a4cc889cb7c","3, 0",1763208704675,1763208764674,1763208764674
610,"unlock","0adab909-eb8f-4baf-9eed-7a4cc889cb7c","3, 0",1763208764675,1763208824674,1763208764675
610,"unlock","0adab909-eb8f-4baf-9eed-7a4cc889cb7c","3, 0",1763208764675,1763208824674,1763208824674
610,"unlock","0adab909-eb8f-4baf-9eed-7a4cc889cb7c","3, 0",1763208824675,1763208884674,1763208824675
610,"unlock","0adab909-eb8f-4baf-9eed-7a4cc889cb7c","3, 0",1763208824675,1763208884674,1763208884674
610,"unlock","0adab909-eb8f-4baf-9eed-7a4cc889cb7c","3, 0",1763208884675,1763208944674,1763208884675
610,"unlock","0adab909-eb8f-4baf-9eed-7a4cc889cb7c","3, 0",1763208884675,1763208944674,1763208944674
610,"unlock","0adab909-eb8f-4baf-9eed-7a4cc889cb7c","3, 0",1763208944675,1763209004674,1763208944675
610,"unlock","0adab909-eb8f-4baf-9eed-7a4cc889cb7c","3, 0",1763208944675,1763209004674,1763209004674
610,"unlock","0adab909-eb8f-4baf-9eed-7a4cc889cb7c","3, 0",1763209004675,1763209033343,1763209004675
610,"unlock","0adab909-eb8f-4baf-9eed-7a4cc889cb7c","3, 0",1763209004675,1763209033343,1763209033343
613,"unlock","0adab909-eb8f-4baf-9eed-7a4cc889cb7c","3, 0",1763209159148,1763209186324,1763209159148
613,"unlock","0adab909-eb8f-4baf-9eed-7a4cc889cb7c","3, 0",1763209159148,1763209186324,1763209186324
616,"unlock","0adab909-eb8f-4baf-9eed-7a4cc889cb7c","3, 0",1763209597157,1763209657156,1763209597157
616,"unlock","0adab909-eb8f-4baf-9eed-7a4cc889cb7c","3, 0",1763209597157,1763209657156,1763209657156
616,"unlock","0adab909-eb8f-4baf-9eed-7a4cc889cb7c","3, 0",1763209657157,1763209714938,1763209657157
616,"unlock","0adab909-eb8f-4baf-9eed-7a4cc889cb7c","3, 0",1763209657157,1763209714938,1763209714938
619,"unlock","0adab909-eb8f-4baf-9eed-7a4cc889cb7c","3, 0",1763209760637,1763209820636,1763209760637
619,"unlock","0adab909-eb8f-4baf-9eed-7a4cc889cb7c","3, 0",1763209760637,1763209820636,1763209820636
619,"unlock","0adab909-eb8f-4baf-9eed-7a4cc889cb7c","3, 0",1763209820637,1763209880636,1763209820637
619,"unlock","0adab909-eb8f-4baf-9eed-7a4cc889cb7c","3, 0",1763209820637,1763209880636,1763209880636
619,"unlock","0adab909-eb8f-4baf-9eed-7a4cc889cb7c","3, 0",1763209880637,1763209940636,1763209880637
619,"unlock","0adab909-eb8f-4baf-9eed-7a4cc889cb7c","3, 0",1763209880637,1763209940636,1763209940636
619,"unlock","0adab909-eb8f-4baf-9eed-7a4cc889cb7c","3, 0",1763209940637,1763210000636,1763209940637
619,"unlock","0adab909-eb8f-4baf-9eed-7a4cc889cb7c","3, 0",1763209940637,1763210000636,1763210000636
619,"unlock","0adab909-eb8f-4baf-9eed-7a4cc889cb7c","3, 0",1763210000637,1763210060636,1763210000637
619,"unlock","0adab909-eb8f-4baf-9eed-7a4cc889cb7c","3, 0",1763210000637,1763210060636,1763210060636
619,"unlock","0adab909-eb8f-4baf-9eed-7a4cc889cb7c","3, 0",1763210060637,1763210120636,1763210060637
619,"unlock","0adab909-eb8f-4baf-9eed-7a4cc889cb7c","3, 0",1763210060637,1763210120636,1763210120636
619,"unlock","0adab909-eb8f-4baf-9eed-7a4cc889cb7c","3, 0",1763210120637,1763210180636,1763210120637
619,"unlock","0adab909-eb8f-4baf-9eed-7a4cc889cb7c","3, 0",1763210120637,1763210180636,1763210180636
619,"unlock","0adab909-eb8f-4baf-9eed-7a4cc889cb7c","3, 0",1763210180637,1763210240636,1763210180637
619,"unlock","0adab909-eb8f-4baf-9eed-7a4cc889cb7c","3, 0",1763210180637,1763210240636,1763210240636
619,"unlock","0adab909-eb8f-4baf-9eed-7a4cc889cb7c","3, 0",1763210240637,1763210250929,1763210240637
619,"unlock","0adab909-eb8f-4baf-9eed-7a4cc889cb7c","3, 0",1763210240637,1763210250929,1763210250929
622,"unlock","0adab909-eb8f-4baf-9eed-7a4cc889cb7c","3, 0",1763210362084,1763210382063,1763210362084
622,"unlock","0adab909-eb8f-4baf-9eed-7a4cc889cb7c","3, 0",1763210362084,1763210382063,1763210382063
625,"unlock","0adab909-eb8f-4baf-9eed-7a4cc889cb7c","3, 0",1763210405499,1763210465498,1763210405499
625,"unlock","0adab909-eb8f-4baf-9eed-7a4cc889cb7c","3, 0",1763210405499,1763210465498,1763210465498
625,"unlock","0adab909-eb8f-4baf-9eed-7a4cc889cb7c","3, 0",1763210465499,1763210525498,1763210465499
625,"unlock","0adab909-eb8f-4baf-9eed-7a4cc889cb7c","3, 0",1763210465499,1763210525498,1763210525498
625,"unlock","0adab909-eb8f-4baf-9eed-7a4cc889cb7c","3, 0",1763210525499,1763210585498,1763210525499
625,"unlock","0adab909-eb8f-4baf-9eed-7a4cc889cb7c","3, 0",1763210525499,1763210585498,1763210585498
625,"unlock","0adab909-eb8f-4baf-9eed-7a4cc889cb7c","3, 0",1763210585499,1763210645498,1763210585499
625,"unlock","0adab909-eb8f-4baf-9eed-7a4cc889cb7c","3, 0",1763210585499,1763210645498,1763210645498
625,"unlock","0adab909-eb8f-4baf-9eed-7a4cc889cb7c","3, 0",1763210645499,1763210705498,1763210645499
625,"unlock","0adab909-eb8f-4baf-9eed-7a4cc889cb7c","3, 0",1763210645499,1763210705498,1763210705498
625,"unlock","0adab909-eb8f-4baf-9eed-7a4cc889cb7c","3, 0",1763210705499,1763210765498,1763210705499
625,"unlock","0adab909-eb8f-4baf-9eed-7a4cc889cb7c","3, 0",1763210705499,1763210765498,1763210765498
625,"unlock","0adab909-eb8f-4baf-9eed-7a4cc889cb7c","3, 0",1763210765499,1763210811715,1763210765499
625,"unlock","0adab909-eb8f-4baf-9eed-7a4cc889cb7c","3, 0",1763210765499,1763210811715,1763210811715
628,"unlock","0adab909-eb8f-4baf-9eed-7a4cc889cb7c","3, 0",1763211140451,1763211168356,1763211140451
628,"unlock","0adab909-eb8f-4baf-9eed-7a4cc889cb7c","3, 0",1763211140451,1763211168356,1763211168356
631,"unlock","0adab909-eb8f-4baf-9eed-7a4cc889cb7c","3, 0",1763211372677,1763211378099,1763211372677
631,"unlock","0adab909-eb8f-4baf-9eed-7a4cc889cb7c","3, 0",1763211372677,1763211378099,1763211378099
634,"unlock","0adab909-eb8f-4baf-9eed-7a4cc889cb7c","3, 0",1763211504213,1763211524993,1763211504213
634,"unlock","0adab909-eb8f-4baf-9eed-7a4cc889cb7c","3, 0",1763211504213,1763211524993,1763211524993
637,"unlock","0adab909-eb8f-4baf-9eed-7a4cc889cb7c","3, 0",1763211581031,1763211587024,1763211581031
637,"unlock","0adab909-eb8f-4baf-9eed-7a4cc889cb7c","3, 0",1763211581031,1763211587024,1763211587024
640,"unlock","0adab909-eb8f-4baf-9eed-7a4cc889cb7c","3, 0",1763211978307,1763212018772,1763211978307
640,"unlock","0adab909-eb8f-4baf-9eed-7a4cc889cb7c","3, 0",1763211978307,1763212018772,1763212018772
643,"unlock","0adab909-eb8f-4baf-9eed-7a4cc889cb7c","3, 0",1763212032868,1763212042788,1763212032868
643,"unlock","0adab909-eb8f-4baf-9eed-7a4cc889cb7c","3, 0",1763212032868,1763212042788,1763212042788
646,"unlock","0adab909-eb8f-4baf-9eed-7a4cc889cb7c","3, 0",1763212070788,1763212075955,1763212070788
646,"unlock","0adab909-eb8f-4baf-9eed-7a4cc889cb7c","3, 0",1763212070788,1763212075955,1763212075955
652,"unlock","0adab909-eb8f-4baf-9eed-7a4cc889cb7c","3, 0",1763212424046,1763212431960,1763212424046
652,"unlock","0adab909-eb8f-4baf-9eed-7a4cc889cb7c","3, 0",1763212424046,1763212431960,1763212431960
655,"unlock","0adab909-eb8f-4baf-9eed-7a4cc889cb7c","3, 0",1763212440949,1763212500948,1763212440949
655,"unlock","0adab909-eb8f-4baf-9eed-7a4cc889cb7c","3, 0",1763212440949,1763212500948,1763212500948
655,"unlock","0adab909-eb8f-4baf-9eed-7a4cc889cb7c","3, 0",1763212500949,1763212509841,1763212500949
655,"unlock","0adab909-eb8f-4baf-9eed-7a4cc889cb7c","3, 0",1763212500949,1763212509841,1763212509841
658,"unlock","0adab909-eb8f-4baf-9eed-7a4cc889cb7c","3, 0",1763213776502,1763213836501,1763213776502
658,"unlock","0adab909-eb8f-4baf-9eed-7a4cc889cb7c","3, 0",1763213776502,1763213836501,1763213836501
658,"unlock","0adab909-eb8f-4baf-9eed-7a4cc889cb7c","3, 0",1763213836502,1763213896501,1763213836502
658,"unlock","0adab909-eb8f-4baf-9eed-7a4cc889cb7c","3, 0",1763213836502,1763213896501,1763213896501
658,"unlock","0adab909-eb8f-4baf-9eed-7a4cc889cb7c","3, 0",1763213896502,1763213956501,1763213896502
658,"unlock","0adab909-eb8f-4baf-9eed-7a4cc889cb7c","3, 0",1763213896502,1763213956501,1763213956501
658,"unlock","0adab909-eb8f-4baf-9eed-7a4cc889cb7c","3, 0",1763213956502,1763214016501,1763213956502
658,"unlock","0adab909-eb8f-4baf-9eed-7a4cc889cb7c","3, 0",1763213956502,1763214016501,1763214016501
658,"unlock","0adab909-eb8f-4baf-9eed-7a4cc889cb7c","3, 0",1763214016502,1763214073536,1763214016502
658,"unlock","0adab909-eb8f-4baf-9eed-7a4cc889cb7c","3, 0",1763214016502,1763214073536,1763214073536
661,"unlock","0adab909-eb8f-4baf-9eed-7a4cc889cb7c","3, 0",1763214956639,1763215016638,1763214956639
661,"unlock","0adab909-eb8f-4baf-9eed-7a4cc889cb7c","3, 0",1763214956639,1763215016638,1763215016638
661,"unlock","0adab909-eb8f-4baf-9eed-7a4cc889cb7c","3, 0",1763215016639,1763215076638,1763215016639
661,"unlock","0adab909-eb8f-4baf-9eed-7a4cc889cb7c","3, 0",1763215016639,1763215076638,1763215076638
661,"unlock","0adab909-eb8f-4baf-9eed-7a4cc889cb7c","3, 0",1763215076639,1763215136638,1763215076639
661,"unlock","0adab909-eb8f-4baf-9eed-7a4cc889cb7c","3, 0",1763215076639,1763215136638,1763215136638
661,"unlock","0adab909-eb8f-4baf-9eed-7a4cc889cb7c","3, 0",1763215136639,1763215196638,1763215136639
661,"unlock","0adab909-eb8f-4baf-9eed-7a4cc889cb7c","3, 0",1763215136639,1763215196638,1763215196638
661,"unlock","0adab909-eb8f-4baf-9eed-7a4cc889cb7c","3, 0",1763215196639,1763215256638,1763215196639
661,"unlock","0adab909-eb8f-4baf-9eed-7a4cc889cb7c","3, 0",1763215196639,1763215256638,1763215256638
661,"unlock","0adab909-eb8f-4baf-9eed-7a4cc889cb7c","3, 0",1763215256639,1763215316638,1763215256639
661,"unlock","0adab909-eb8f-4baf-9eed-7a4cc889cb7c","3, 0",1763215256639,1763215316638,1763215316638
661,"unlock","0adab909-eb8f-4baf-9eed-7a4cc889cb7c","3, 0",1763215316639,1763215344761,1763215316639
661,"unlock","0adab909-eb8f-4baf-9eed-7a4cc889cb7c","3, 0",1763215316639,1763215344761,1763215344761
664,"unlock","0adab909-eb8f-4baf-9eed-7a4cc889cb7c","3, 0",1763217276475,1763217336474,1763217276475
664,"unlock","0adab909-eb8f-4baf-9eed-7a4cc889cb7c","3, 0",1763217276475,1763217336474,1763217336474
664,"unlock","0adab909-eb8f-4baf-9eed-7a4cc889cb7c","3, 0",1763217336475,1763217343606,1763217336475
664,"unlock","0adab909-eb8f-4baf-9eed-7a4cc889cb7c","3, 0",1763217336475,1763217343606,1763217343606
667,"unlock","0adab909-eb8f-4baf-9eed-7a4cc889cb7c","3, 0",1763217873372,1763217933371,1763217873372
667,"unlock","0adab909-eb8f-4baf-9eed-7a4cc889cb7c","3, 0",1763217873372,1763217933371,1763217933371
667,"unlock","0adab909-eb8f-4baf-9eed-7a4cc889cb7c","3, 0",1763217933372,1763217993371,1763217933372
667,"unlock","0adab909-eb8f-4baf-9eed-7a4cc889cb7c","3, 0",1763217933372,1763217993371,1763217993371
667,"unlock","0adab909-eb8f-4baf-9eed-7a4cc889cb7c","3, 0",1763217993372,1763218012478,1763217993372
667,"unlock","0adab909-eb8f-4baf-9eed-7a4cc889cb7c","3, 0",1763217993372,1763218012478,1763218012478
670,"unlock","0adab909-eb8f-4baf-9eed-7a4cc889cb7c","3, 0",1763218874985,1763218934984,1763218874985
670,"unlock","0adab909-eb8f-4baf-9eed-7a4cc889cb7c","3, 0",1763218874985,1763218934984,1763218934984
670,"unlock","0adab909-eb8f-4baf-9eed-7a4cc889cb7c","3, 0",1763218934985,1763218994984,1763218934985
670,"unlock","0adab909-eb8f-4baf-9eed-7a4cc889cb7c","3, 0",1763218934985,1763218994984,1763218994984
670,"unlock","0adab909-eb8f-4baf-9eed-7a4cc889cb7c","3, 0",1763218994985,1763219054984,1763218994985
670,"unlock","0adab909-eb8f-4baf-9eed-7a4cc889cb7c","3, 0",1763218994985,1763219054984,1763219054984
670,"unlock","0adab909-eb8f-4baf-9eed-7a4cc889cb7c","3, 0",1763219054985,1763219114984,1763219054985
670,"unlock","0adab909-eb8f-4baf-9eed-7a4cc889cb7c","3, 0",1763219054985,1763219114984,1763219114984
670,"unlock","0adab909-eb8f-4baf-9eed-7a4cc889cb7c","3, 0",1763219114985,1763219174984,1763219114985
670,"unlock","0adab909-eb8f-4baf-9eed-7a4cc889cb7c","3, 0",1763219114985,1763219174984,1763219174984
670,"unlock","0adab909-eb8f-4baf-9eed-7a4cc889cb7c","3, 0",1763219174985,1763219196262,1763219174985
670,"unlock","0adab909-eb8f-4baf-9eed-7a4cc889cb7c","3, 0",1763219174985,1763219196262,1763219196262
673,"unlock","0adab909-eb8f-4baf-9eed-7a4cc889cb7c","3, 0",1763219960103,1763220020102,1763219960103
673,"unlock","0adab909-eb8f-4baf-9eed-7a4cc889cb7c","3, 0",1763219960103,1763220020102,1763220020102
673,"unlock","0adab909-eb8f-4baf-9eed-7a4cc889cb7c","3, 0",1763220020103,1763220037659,1763220020103
673,"unlock","0adab909-eb8f-4baf-9eed-7a4cc889cb7c","3, 0",1763220020103,1763220037659,1763220037659
676,"unlock","0adab909-eb8f-4baf-9eed-7a4cc889cb7c","3, 0",1763220467244,1763220502860,1763220467244
676,"unlock","0adab909-eb8f-4baf-9eed-7a4cc889cb7c","3, 0",1763220467244,1763220502860,1763220502860
679,"unlock","0adab909-eb8f-4baf-9eed-7a4cc889cb7c","3, 0",1763220570998,1763220630997,1763220570998
679,"unlock","0adab909-eb8f-4baf-9eed-7a4cc889cb7c","3, 0",1763220570998,1763220630997,1763220630997
679,"unlock","0adab909-eb8f-4baf-9eed-7a4cc889cb7c","3, 0",1763220630998,1763220683898,1763220630998
679,"unlock","0adab909-eb8f-4baf-9eed-7a4cc889cb7c","3, 0",1763220630998,1763220683898,1763220683898
682,"unlock","0adab909-eb8f-4baf-9eed-7a4cc889cb7c","3, 0",1763221353885,1763221413884,1763221353885
682,"unlock","0adab909-eb8f-4baf-9eed-7a4cc889cb7c","3, 0",1763221353885,1763221413884,1763221413884
682,"unlock","0adab909-eb8f-4baf-9eed-7a4cc889cb7c","3, 0",1763221413885,1763221425074,1763221413885
682,"unlock","0adab909-eb8f-4baf-9eed-7a4cc889cb7c","3, 0",1763221413885,1763221425074,1763221425074
687,"unlock","0adab909-eb8f-4baf-9eed-7a4cc889cb7c","3, 0",1763221521565,1763221528323,1763221521565
687,"unlock","0adab909-eb8f-4baf-9eed-7a4cc889cb7c","3, 0",1763221521565,1763221528323,1763221528323
692,"unlock","0adab909-eb8f-4baf-9eed-7a4cc889cb7c","3, 0",1763222485273,1763222525391,1763222485273
692,"unlock","0adab909-eb8f-4baf-9eed-7a4cc889cb7c","3, 0",1763222485273,1763222525391,1763222525391
695,"unlock","0adab909-eb8f-4baf-9eed-7a4cc889cb7c","3, 0",1763222732219,1763222757014,1763222732219
695,"unlock","0adab909-eb8f-4baf-9eed-7a4cc889cb7c","3, 0",1763222732219,1763222757014,1763222757014
698,"unlock","0adab909-eb8f-4baf-9eed-7a4cc889cb7c","3, 0",1763222781708,1763222841707,1763222781708
698,"unlock","0adab909-eb8f-4baf-9eed-7a4cc889cb7c","3, 0",1763222781708,1763222841707,1763222841707
698,"unlock","0adab909-eb8f-4baf-9eed-7a4cc889cb7c","3, 0",1763222841708,1763222844850,1763222841708
698,"unlock","0adab909-eb8f-4baf-9eed-7a4cc889cb7c","3, 0",1763222841708,1763222844850,1763222844850
701,"unlock","0adab909-eb8f-4baf-9eed-7a4cc889cb7c","3, 0",1763223226006,1763223268185,1763223226006
701,"unlock","0adab909-eb8f-4baf-9eed-7a4cc889cb7c","3, 0",1763223226006,1763223268185,1763223268185
704,"unlock","0adab909-eb8f-4baf-9eed-7a4cc889cb7c","3, 0",1763223363139,1763223416583,1763223363139
704,"unlock","0adab909-eb8f-4baf-9eed-7a4cc889cb7c","3, 0",1763223363139,1763223416583,1763223416583
708,"unlock","0adab909-eb8f-4baf-9eed-7a4cc889cb7c","3, 0",1763225480066,1763225540065,1763225480066
708,"unlock","0adab909-eb8f-4baf-9eed-7a4cc889cb7c","3, 0",1763225480066,1763225540065,1763225540065
708,"unlock","0adab909-eb8f-4baf-9eed-7a4cc889cb7c","3, 0",1763225540066,1763225578479,1763225540066
708,"unlock","0adab909-eb8f-4baf-9eed-7a4cc889cb7c","3, 0",1763225540066,1763225578479,1763225578479
711,"unlock","0adab909-eb8f-4baf-9eed-7a4cc889cb7c","3, 0",1763225592594,1763225652593,1763225592594
711,"unlock","0adab909-eb8f-4baf-9eed-7a4cc889cb7c","3, 0",1763225592594,1763225652593,1763225652593
711,"unlock","0adab909-eb8f-4baf-9eed-7a4cc889cb7c","3, 0",1763225652594,1763225712593,1763225652594
711,"unlock","0adab909-eb8f-4baf-9eed-7a4cc889cb7c","3, 0",1763225652594,1763225712593,1763225712593
711,"unlock","0adab909-eb8f-4baf-9eed-7a4cc889cb7c","3, 0",1763225712594,1763225730866,1763225712594
711,"unlock","0adab909-eb8f-4baf-9eed-7a4cc889cb7c","3, 0",1763225712594,1763225730866,1763225730866
714,"unlock","0adab909-eb8f-4baf-9eed-7a4cc889cb7c","3, 0",1763226102000,1763226161999,1763226102000
714,"unlock","0adab909-eb8f-4baf-9eed-7a4cc889cb7c","3, 0",1763226102000,1763226161999,1763226161999
714,"unlock","0adab909-eb8f-4baf-9eed-7a4cc889cb7c","3, 0",1763226162000,1763226207882,1763226162000
714,"unlock","0adab909-eb8f-4baf-9eed-7a4cc889cb7c","3, 0",1763226162000,1763226207882,1763226207882
717,"unlock","0adab909-eb8f-4baf-9eed-7a4cc889cb7c","3, 0",1763226647729,1763226707728,1763226647729
717,"unlock","0adab909-eb8f-4baf-9eed-7a4cc889cb7c","3, 0",1763226647729,1763226707728,1763226707728
717,"unlock","0adab909-eb8f-4baf-9eed-7a4cc889cb7c","3, 0",1763226707729,1763226719698,1763226707729
717,"unlock","0adab909-eb8f-4baf-9eed-7a4cc889cb7c","3, 0",1763226707729,1763226719698,1763226719698
720,"unlock","0adab909-eb8f-4baf-9eed-7a4cc889cb7c","3, 0",1763227198539,1763227258538,1763227198539
720,"unlock","0adab909-eb8f-4baf-9eed-7a4cc889cb7c","3, 0",1763227198539,1763227258538,1763227258538
720,"unlock","0adab909-eb8f-4baf-9eed-7a4cc889cb7c","3, 0",1763227258539,1763227269164,1763227258539
720,"unlock","0adab909-eb8f-4baf-9eed-7a4cc889cb7c","3, 0",1763227258539,1763227269164,1763227269164
723,"unlock","0adab909-eb8f-4baf-9eed-7a4cc889cb7c","3, 0",1763227295923,1763227355922,1763227295923
723,"unlock","0adab909-eb8f-4baf-9eed-7a4cc889cb7c","3, 0",1763227295923,1763227355922,1763227355922
723,"unlock","0adab909-eb8f-4baf-9eed-7a4cc889cb7c","3, 0",1763227355923,1763227415922,1763227355923
723,"unlock","0adab909-eb8f-4baf-9eed-7a4cc889cb7c","3, 0",1763227355923,1763227415922,1763227415922
723,"unlock","0adab909-eb8f-4baf-9eed-7a4cc889cb7c","3, 0",1763227415923,1763227450589,1763227415923
723,"unlock","0adab909-eb8f-4baf-9eed-7a4cc889cb7c","3, 0",1763227415923,1763227450589,1763227450589
726,"unlock","0adab909-eb8f-4baf-9eed-7a4cc889cb7c","3, 0",1763228053196,1763228113195,1763228053196
726,"unlock","0adab909-eb8f-4baf-9eed-7a4cc889cb7c","3, 0",1763228053196,1763228113195,1763228113195
726,"unlock","0adab909-eb8f-4baf-9eed-7a4cc889cb7c","3, 0",1763228113196,1763228137673,1763228113196
726,"unlock","0adab909-eb8f-4baf-9eed-7a4cc889cb7c","3, 0",1763228113196,1763228137673,1763228137673
729,"unlock","0adab909-eb8f-4baf-9eed-7a4cc889cb7c","3, 0",1763228603399,1763228663398,1763228603399
729,"unlock","0adab909-eb8f-4baf-9eed-7a4cc889cb7c","3, 0",1763228603399,1763228663398,1763228663398
729,"unlock","0adab909-eb8f-4baf-9eed-7a4cc889cb7c","3, 0",1763228663399,1763228723398,1763228663399
729,"unlock","0adab909-eb8f-4baf-9eed-7a4cc889cb7c","3, 0",1763228663399,1763228723398,1763228723398
729,"unlock","0adab909-eb8f-4baf-9eed-7a4cc889cb7c","3, 0",1763228723399,1763228783398,1763228723399
729,"unlock","0adab909-eb8f-4baf-9eed-7a4cc889cb7c","3, 0",1763228723399,1763228783398,1763228783398
729,"unlock","0adab909-eb8f-4baf-9eed-7a4cc889cb7c","3, 0",1763228783399,1763228843398,1763228783399
729,"unlock","0adab909-eb8f-4baf-9eed-7a4cc889cb7c","3, 0",1763228783399,1763228843398,1763228843398
729,"unlock","0adab909-eb8f-4baf-9eed-7a4cc889cb7c","3, 0",1763228843399,1763228903398,1763228843399
729,"unlock","0adab909-eb8f-4baf-9eed-7a4cc889cb7c","3, 0",1763228843399,1763228903398,1763228903398
729,"unlock","0adab909-eb8f-4baf-9eed-7a4cc889cb7c","3, 0",1763228903399,1763228924369,1763228903399
729,"unlock","0adab909-eb8f-4baf-9eed-7a4cc889cb7c","3, 0",1763228903399,1763228924369,1763228924369
732,"unlock","0adab909-eb8f-4baf-9eed-7a4cc889cb7c","3, 0",1763233467744,1763233489342,1763233467744
732,"unlock","0adab909-eb8f-4baf-9eed-7a4cc889cb7c","3, 0",1763233467744,1763233489342,1763233489342
735,"unlock","0adab909-eb8f-4baf-9eed-7a4cc889cb7c","3, 0",1763234846155,1763234906154,1763234846155
735,"unlock","0adab909-eb8f-4baf-9eed-7a4cc889cb7c","3, 0",1763234846155,1763234906154,1763234906154
735,"unlock","0adab909-eb8f-4baf-9eed-7a4cc889cb7c","3, 0",1763234906155,1763234966154,1763234906155
735,"unlock","0adab909-eb8f-4baf-9eed-7a4cc889cb7c","3, 0",1763234906155,1763234966154,1763234966154
735,"unlock","0adab909-eb8f-4baf-9eed-7a4cc889cb7c","3, 0",1763234966155,1763235026154,1763234966155
735,"unlock","0adab909-eb8f-4baf-9eed-7a4cc889cb7c","3, 0",1763234966155,1763235026154,1763235026154
735,"unlock","0adab909-eb8f-4baf-9eed-7a4cc889cb7c","3, 0",1763235026155,1763235086154,1763235026155
735,"unlock","0adab909-eb8f-4baf-9eed-7a4cc889cb7c","3, 0",1763235026155,1763235086154,1763235086154
735,"unlock","0adab909-eb8f-4baf-9eed-7a4cc889cb7c","3, 0",1763235086155,1763235146154,1763235086155
735,"unlock","0adab909-eb8f-4baf-9eed-7a4cc889cb7c","3, 0",1763235086155,1763235146154,1763235146154
735,"unlock","0adab909-eb8f-4baf-9eed-7a4cc889cb7c","3, 0",1763235146155,1763235206154,1763235146155
735,"unlock","0adab909-eb8f-4baf-9eed-7a4cc889cb7c","3, 0",1763235146155,1763235206154,1763235206154
735,"unlock","0adab909-eb8f-4baf-9eed-7a4cc889cb7c","3, 0",1763235206155,1763235266154,1763235206155
735,"unlock","0adab909-eb8f-4baf-9eed-7a4cc889cb7c","3, 0",1763235206155,1763235266154,1763235266154
735,"unlock","0adab909-eb8f-4baf-9eed-7a4cc889cb7c","3, 0",1763235266155,1763235326154,1763235266155
735,"unlock","0adab909-eb8f-4baf-9eed-7a4cc889cb7c","3, 0",1763235266155,1763235326154,1763235326154
735,"unlock","0adab909-eb8f-4baf-9eed-7a4cc889cb7c","3, 0",1763235326155,1763235386154,1763235326155
735,"unlock","0adab909-eb8f-4baf-9eed-7a4cc889cb7c","3, 0",1763235326155,1763235386154,1763235386154
735,"unlock","0adab909-eb8f-4baf-9eed-7a4cc889cb7c","3, 0",1763235386155,1763235446154,1763235386155
735,"unlock","0adab909-eb8f-4baf-9eed-7a4cc889cb7c","3, 0",1763235386155,1763235446154,1763235446154
735,"unlock","0adab909-eb8f-4baf-9eed-7a4cc889cb7c","3, 0",1763235446155,1763235506154,1763235446155
735,"unlock","0adab909-eb8f-4baf-9eed-7a4cc889cb7c","3, 0",1763235446155,1763235506154,1763235506154
735,"unlock","0adab909-eb8f-4baf-9eed-7a4cc889cb7c","3, 0",1763235506155,1763235566154,1763235506155
735,"unlock","0adab909-eb8f-4baf-9eed-7a4cc889cb7c","3, 0",1763235506155,1763235566154,1763235566154
735,"unlock","0adab909-eb8f-4baf-9eed-7a4cc889cb7c","3, 0",1763235566155,1763235626154,1763235566155
735,"unlock","0adab909-eb8f-4baf-9eed-7a4cc889cb7c","3, 0",1763235566155,1763235626154,1763235626154
735,"unlock","0adab909-eb8f-4baf-9eed-7a4cc889cb7c","3, 0",1763235626155,1763235686154,1763235626155
735,"unlock","0adab909-eb8f-4baf-9eed-7a4cc889cb7c","3, 0",1763235626155,1763235686154,1763235686154
735,"unlock","0adab909-eb8f-4baf-9eed-7a4cc889cb7c","3, 0",1763235686155,1763235746154,1763235686155
735,"unlock","0adab909-eb8f-4baf-9eed-7a4cc889cb7c","3, 0",1763235686155,1763235746154,1763235746154
735,"unlock","0adab909-eb8f-4baf-9eed-7a4cc889cb7c","3, 0",1763235746155,1763235806154,1763235746155
735,"unlock","0adab909-eb8f-4baf-9eed-7a4cc889cb7c","3, 0",1763235746155,1763235806154,1763235806154
735,"unlock","0adab909-eb8f-4baf-9eed-7a4cc889cb7c","3, 0",1763235806155,1763235866154,1763235806155
735,"unlock","0adab909-eb8f-4baf-9eed-7a4cc889cb7c","3, 0",1763235806155,1763235866154,1763235866154
735,"unlock","0adab909-eb8f-4baf-9eed-7a4cc889cb7c","3, 0",1763235866155,1763235871018,1763235866155
735,"unlock","0adab909-eb8f-4baf-9eed-7a4cc889cb7c","3, 0",1763235866155,1763235871018,1763235871018
738,"unlock","0adab909-eb8f-4baf-9eed-7a4cc889cb7c","3, 0",1763235885156,1763235945155,1763235885156
738,"unlock","0adab909-eb8f-4baf-9eed-7a4cc889cb7c","3, 0",1763235885156,1763235945155,1763235945155
738,"unlock","0adab909-eb8f-4baf-9eed-7a4cc889cb7c","3, 0",1763235945156,1763236005155,1763235945156
738,"unlock","0adab909-eb8f-4baf-9eed-7a4cc889cb7c","3, 0",1763235945156,1763236005155,1763236005155
738,"unlock","0adab909-eb8f-4baf-9eed-7a4cc889cb7c","3, 0",1763236005156,1763236065155,1763236005156
738,"unlock","0adab909-eb8f-4baf-9eed-7a4cc889cb7c","3, 0",1763236005156,1763236065155,1763236065155
738,"unlock","0adab909-eb8f-4baf-9eed-7a4cc889cb7c","3, 0",1763236065156,1763236125155,1763236065156
738,"unlock","0adab909-eb8f-4baf-9eed-7a4cc889cb7c","3, 0",1763236065156,1763236125155,1763236125155
738,"unlock","0adab909-eb8f-4baf-9eed-7a4cc889cb7c","3, 0",1763236125156,1763236185155,1763236125156
738,"unlock","0adab909-eb8f-4baf-9eed-7a4cc889cb7c","3, 0",1763236125156,1763236185155,1763236185155
738,"unlock","0adab909-eb8f-4baf-9eed-7a4cc889cb7c","3, 0",1763236185156,1763236245155,1763236185156
738,"unlock","0adab909-eb8f-4baf-9eed-7a4cc889cb7c","3, 0",1763236185156,1763236245155,1763236245155
738,"unlock","0adab909-eb8f-4baf-9eed-7a4cc889cb7c","3, 0",1763236245156,1763236305155,1763236245156
738,"unlock","0adab909-eb8f-4baf-9eed-7a4cc889cb7c","3, 0",1763236245156,1763236305155,1763236305155
738,"unlock","0adab909-eb8f-4baf-9eed-7a4cc889cb7c","3, 0",1763236305156,1763236365155,1763236305156
738,"unlock","0adab909-eb8f-4baf-9eed-7a4cc889cb7c","3, 0",1763236305156,1763236365155,1763236365155
738,"unlock","0adab909-eb8f-4baf-9eed-7a4cc889cb7c","3, 0",1763236365156,1763236425155,1763236365156
738,"unlock","0adab909-eb8f-4baf-9eed-7a4cc889cb7c","3, 0",1763236365156,1763236425155,1763236425155
738,"unlock","0adab909-eb8f-4baf-9eed-7a4cc889cb7c","3, 0",1763236425156,1763236485155,1763236425156
738,"unlock","0adab909-eb8f-4baf-9eed-7a4cc889cb7c","3, 0",1763236425156,1763236485155,1763236485155
738,"unlock","0adab909-eb8f-4baf-9eed-7a4cc889cb7c","3, 0",1763236485156,1763236504061,1763236485156
738,"unlock","0adab909-eb8f-4baf-9eed-7a4cc889cb7c","3, 0",1763236485156,1763236504061,1763236504061
741,"unlock","0adab909-eb8f-4baf-9eed-7a4cc889cb7c","3, 0",1763237346826,1763237406825,1763237346826
741,"unlock","0adab909-eb8f-4baf-9eed-7a4cc889cb7c","3, 0",1763237346826,1763237406825,1763237406825
741,"unlock","0adab909-eb8f-4baf-9eed-7a4cc889cb7c","3, 0",1763237406826,1763237466825,1763237406826
741,"unlock","0adab909-eb8f-4baf-9eed-7a4cc889cb7c","3, 0",1763237406826,1763237466825,1763237466825
741,"unlock","0adab909-eb8f-4baf-9eed-7a4cc889cb7c","3, 0",1763237466826,1763237473531,1763237466826
741,"unlock","0adab909-eb8f-4baf-9eed-7a4cc889cb7c","3, 0",1763237466826,1763237473531,1763237473531
744,"unlock","0adab909-eb8f-4baf-9eed-7a4cc889cb7c","3, 0",1763237886942,1763237946941,1763237886942
744,"unlock","0adab909-eb8f-4baf-9eed-7a4cc889cb7c","3, 0",1763237886942,1763237946941,1763237946941
744,"unlock","0adab909-eb8f-4baf-9eed-7a4cc889cb7c","3, 0",1763237946942,1763238006941,1763237946942
744,"unlock","0adab909-eb8f-4baf-9eed-7a4cc889cb7c","3, 0",1763237946942,1763238006941,1763238006941
744,"unlock","0adab909-eb8f-4baf-9eed-7a4cc889cb7c","3, 0",1763238006942,1763238034099,1763238006942
744,"unlock","0adab909-eb8f-4baf-9eed-7a4cc889cb7c","3, 0",1763238006942,1763238034099,1763238034099
748,"unlock","0adab909-eb8f-4baf-9eed-7a4cc889cb7c","3, 0",1763238980005,1763239040004,1763238980005
748,"unlock","0adab909-eb8f-4baf-9eed-7a4cc889cb7c","3, 0",1763238980005,1763239040004,1763239040004
748,"unlock","0adab909-eb8f-4baf-9eed-7a4cc889cb7c","3, 0",1763239040005,1763239100004,1763239040005
748,"unlock","0adab909-eb8f-4baf-9eed-7a4cc889cb7c","3, 0",1763239040005,1763239100004,1763239100004
748,"unlock","0adab909-eb8f-4baf-9eed-7a4cc889cb7c","3, 0",1763239100005,1763239160004,1763239100005
748,"unlock","0adab909-eb8f-4baf-9eed-7a4cc889cb7c","3, 0",1763239100005,1763239160004,1763239160004
748,"unlock","0adab909-eb8f-4baf-9eed-7a4cc889cb7c","3, 0",1763239160005,1763239191090,1763239160005
748,"unlock","0adab909-eb8f-4baf-9eed-7a4cc889cb7c","3, 0",1763239160005,1763239191090,1763239191090
751,"unlock","0adab909-eb8f-4baf-9eed-7a4cc889cb7c","3, 0",1763241477622,1763241537621,1763241477622
751,"unlock","0adab909-eb8f-4baf-9eed-7a4cc889cb7c","3, 0",1763241477622,1763241537621,1763241537621
751,"unlock","0adab909-eb8f-4baf-9eed-7a4cc889cb7c","3, 0",1763241537622,1763241581823,1763241537622
751,"unlock","0adab909-eb8f-4baf-9eed-7a4cc889cb7c","3, 0",1763241537622,1763241581823,1763241581823
754,"unlock","0adab909-eb8f-4baf-9eed-7a4cc889cb7c","3, 0",1763242009696,1763242069695,1763242009696
754,"unlock","0adab909-eb8f-4baf-9eed-7a4cc889cb7c","3, 0",1763242009696,1763242069695,1763242069695
754,"unlock","0adab909-eb8f-4baf-9eed-7a4cc889cb7c","3, 0",1763242069696,1763242129695,1763242069696
754,"unlock","0adab909-eb8f-4baf-9eed-7a4cc889cb7c","3, 0",1763242069696,1763242129695,1763242129695
754,"unlock","0adab909-eb8f-4baf-9eed-7a4cc889cb7c","3, 0",1763242129696,1763242189695,1763242129696
754,"unlock","0adab909-eb8f-4baf-9eed-7a4cc889cb7c","3, 0",1763242129696,1763242189695,1763242189695
754,"unlock","0adab909-eb8f-4baf-9eed-7a4cc889cb7c","3, 0",1763242189696,1763242249695,1763242189696
754,"unlock","0adab909-eb8f-4baf-9eed-7a4cc889cb7c","3, 0",1763242189696,1763242249695,1763242249695
754,"unlock","0adab909-eb8f-4baf-9eed-7a4cc889cb7c","3, 0",1763242249696,1763242309695,1763242249696
754,"unlock","0adab909-eb8f-4baf-9eed-7a4cc889cb7c","3, 0",1763242249696,1763242309695,1763242309695
754,"unlock","0adab909-eb8f-4baf-9eed-7a4cc889cb7c","3, 0",1763242309696,1763242369695,1763242309696
754,"unlock","0adab909-eb8f-4baf-9eed-7a4cc889cb7c","3, 0",1763242309696,1763242369695,1763242369695
754,"unlock","0adab909-eb8f-4baf-9eed-7a4cc889cb7c","3, 0",1763242369696,1763242415408,1763242369696
754,"unlock","0adab909-eb8f-4baf-9eed-7a4cc889cb7c","3, 0",1763242369696,1763242415408,1763242415408
757,"unlock","0adab909-eb8f-4baf-9eed-7a4cc889cb7c","3, 0",1763242527812,1763242587811,1763242527812
757,"unlock","0adab909-eb8f-4baf-9eed-7a4cc889cb7c","3, 0",1763242527812,1763242587811,1763242587811
757,"unlock","0adab909-eb8f-4baf-9eed-7a4cc889cb7c","3, 0",1763242587812,1763242647811,1763242587812
757,"unlock","0adab909-eb8f-4baf-9eed-7a4cc889cb7c","3, 0",1763242587812,1763242647811,1763242647811
757,"unlock","0adab909-eb8f-4baf-9eed-7a4cc889cb7c","3, 0",1763242647812,1763242707811,1763242647812
757,"unlock","0adab909-eb8f-4baf-9eed-7a4cc889cb7c","3, 0",1763242647812,1763242707811,1763242707811
757,"unlock","0adab909-eb8f-4baf-9eed-7a4cc889cb7c","3, 0",1763242707812,1763242767811,1763242707812
757,"unlock","0adab909-eb8f-4baf-9eed-7a4cc889cb7c","3, 0",1763242707812,1763242767811,1763242767811
757,"unlock","0adab909-eb8f-4baf-9eed-7a4cc889cb7c","3, 0",1763242767812,1763242827811,1763242767812
757,"unlock","0adab909-eb8f-4baf-9eed-7a4cc889cb7c","3, 0",1763242767812,1763242827811,1763242827811
757,"unlock","0adab909-eb8f-4baf-9eed-7a4cc889cb7c","3, 0",1763242827812,1763242887811,1763242827812
757,"unlock","0adab909-eb8f-4baf-9eed-7a4cc889cb7c","3, 0",1763242827812,1763242887811,1763242887811
757,"unlock","0adab909-eb8f-4baf-9eed-7a4cc889cb7c","3, 0",1763242887812,1763242947811,1763242887812
757,"unlock","0adab909-eb8f-4baf-9eed-7a4cc889cb7c","3, 0",1763242887812,1763242947811,1763242947811
757,"unlock","0adab909-eb8f-4baf-9eed-7a4cc889cb7c","3, 0",1763242947812,1763243007811,1763242947812
757,"unlock","0adab909-eb8f-4baf-9eed-7a4cc889cb7c","3, 0",1763242947812,1763243007811,1763243007811
757,"unlock","0adab909-eb8f-4baf-9eed-7a4cc889cb7c","3, 0",1763243007812,1763243067811,1763243007812
757,"unlock","0adab909-eb8f-4baf-9eed-7a4cc889cb7c","3, 0",1763243007812,1763243067811,1763243067811
757,"unlock","0adab909-eb8f-4baf-9eed-7a4cc889cb7c","3, 0",1763243067812,1763243127811,1763243067812
757,"unlock","0adab909-eb8f-4baf-9eed-7a4cc889cb7c","3, 0",1763243067812,1763243127811,1763243127811
757,"unlock","0adab909-eb8f-4baf-9eed-7a4cc889cb7c","3, 0",1763243127812,1763243187811,1763243127812
757,"unlock","0adab909-eb8f-4baf-9eed-7a4cc889cb7c","3, 0",1763243127812,1763243187811,1763243187811
757,"unlock","0adab909-eb8f-4baf-9eed-7a4cc889cb7c","3, 0",1763243187812,1763243247811,1763243187812
757,"unlock","0adab909-eb8f-4baf-9eed-7a4cc889cb7c","3, 0",1763243187812,1763243247811,1763243247811
757,"unlock","0adab909-eb8f-4baf-9eed-7a4cc889cb7c","3, 0",1763243247812,1763243307811,1763243247812
757,"unlock","0adab909-eb8f-4baf-9eed-7a4cc889cb7c","3, 0",1763243247812,1763243307811,1763243307811
757,"unlock","0adab909-eb8f-4baf-9eed-7a4cc889cb7c","3, 0",1763243307812,1763243367811,1763243307812
757,"unlock","0adab909-eb8f-4baf-9eed-7a4cc889cb7c","3, 0",1763243307812,1763243367811,1763243367811
757,"unlock","0adab909-eb8f-4baf-9eed-7a4cc889cb7c","3, 0",1763243367812,1763243427811,1763243367812
757,"unlock","0adab909-eb8f-4baf-9eed-7a4cc889cb7c","3, 0",1763243367812,1763243427811,1763243427811
757,"unlock","0adab909-eb8f-4baf-9eed-7a4cc889cb7c","3, 0",1763243427812,1763243487811,1763243427812
757,"unlock","0adab909-eb8f-4baf-9eed-7a4cc889cb7c","3, 0",1763243427812,1763243487811,1763243487811
757,"unlock","0adab909-eb8f-4baf-9eed-7a4cc889cb7c","3, 0",1763243487812,1763243547811,1763243487812
757,"unlock","0adab909-eb8f-4baf-9eed-7a4cc889cb7c","3, 0",1763243487812,1763243547811,1763243547811
757,"unlock","0adab909-eb8f-4baf-9eed-7a4cc889cb7c","3, 0",1763243547812,1763243607811,1763243547812
757,"unlock","0adab909-eb8f-4baf-9eed-7a4cc889cb7c","3, 0",1763243547812,1763243607811,1763243607811
757,"unlock","0adab909-eb8f-4baf-9eed-7a4cc889cb7c","3, 0",1763243607812,1763243667811,1763243607812
757,"unlock","0adab909-eb8f-4baf-9eed-7a4cc889cb7c","3, 0",1763243607812,1763243667811,1763243667811
757,"unlock","0adab909-eb8f-4baf-9eed-7a4cc889cb7c","3, 0",1763243667812,1763243727811,1763243667812
757,"unlock","0adab909-eb8f-4baf-9eed-7a4cc889cb7c","3, 0",1763243667812,1763243727811,1763243727811
757,"unlock","0adab909-eb8f-4baf-9eed-7a4cc889cb7c","3, 0",1763243727812,1763243787811,1763243727812
757,"unlock","0adab909-eb8f-4baf-9eed-7a4cc889cb7c","3, 0",1763243727812,1763243787811,1763243787811
757,"unlock","0adab909-eb8f-4baf-9eed-7a4cc889cb7c","3, 0",1763243787812,1763243847811,1763243787812
757,"unlock","0adab909-eb8f-4baf-9eed-7a4cc889cb7c","3, 0",1763243787812,1763243847811,1763243847811
757,"unlock","0adab909-eb8f-4baf-9eed-7a4cc889cb7c","3, 0",1763243847812,1763243907811,1763243847812
757,"unlock","0adab909-eb8f-4baf-9eed-7a4cc889cb7c","3, 0",1763243847812,1763243907811,1763243907811
757,"unlock","0adab909-eb8f-4baf-9eed-7a4cc889cb7c","3, 0",1763243907812,1763243967811,1763243907812
757,"unlock","0adab909-eb8f-4baf-9eed-7a4cc889cb7c","3, 0",1763243907812,1763243967811,1763243967811
757,"unlock","0adab909-eb8f-4baf-9eed-7a4cc889cb7c","3, 0",1763243967812,1763244027811,1763243967812
757,"unlock","0adab909-eb8f-4baf-9eed-7a4cc889cb7c","3, 0",1763243967812,1763244027811,1763244027811
757,"unlock","0adab909-eb8f-4baf-9eed-7a4cc889cb7c","3, 0",1763244027812,1763244087811,1763244027812
757,"unlock","0adab909-eb8f-4baf-9eed-7a4cc889cb7c","3, 0",1763244027812,1763244087811,1763244087811
757,"unlock","0adab909-eb8f-4baf-9eed-7a4cc889cb7c","3, 0",1763244087812,1763244147811,1763244087812
757,"unlock","0adab909-eb8f-4baf-9eed-7a4cc889cb7c","3, 0",1763244087812,1763244147811,1763244147811
757,"unlock","0adab909-eb8f-4baf-9eed-7a4cc889cb7c","3, 0",1763244147812,1763244207811,1763244147812
757,"unlock","0adab909-eb8f-4baf-9eed-7a4cc889cb7c","3, 0",1763244147812,1763244207811,1763244207811
757,"unlock","0adab909-eb8f-4baf-9eed-7a4cc889cb7c","3, 0",1763244207812,1763244267811,1763244207812
757,"unlock","0adab909-eb8f-4baf-9eed-7a4cc889cb7c","3, 0",1763244207812,1763244267811,1763244267811
757,"unlock","0adab909-eb8f-4baf-9eed-7a4cc889cb7c","3, 0",1763244267812,1763244327811,1763244267812
757,"unlock","0adab909-eb8f-4baf-9eed-7a4cc889cb7c","3, 0",1763244267812,1763244327811,1763244327811
757,"unlock","0adab909-eb8f-4baf-9eed-7a4cc889cb7c","3, 0",1763244327812,1763244387811,1763244327812
757,"unlock","0adab909-eb8f-4baf-9eed-7a4cc889cb7c","3, 0",1763244327812,1763244387811,1763244387811
757,"unlock","0adab909-eb8f-4baf-9eed-7a4cc889cb7c","3, 0",1763244387812,1763244447811,1763244387812
757,"unlock","0adab909-eb8f-4baf-9eed-7a4cc889cb7c","3, 0",1763244387812,1763244447811,1763244447811
757,"unlock","0adab909-eb8f-4baf-9eed-7a4cc889cb7c","3, 0",1763244447812,1763244507811,1763244447812
757,"unlock","0adab909-eb8f-4baf-9eed-7a4cc889cb7c","3, 0",1763244447812,1763244507811,1763244507811
757,"unlock","0adab909-eb8f-4baf-9eed-7a4cc889cb7c","3, 0",1763244507812,1763244567811,1763244507812
757,"unlock","0adab909-eb8f-4baf-9eed-7a4cc889cb7c","3, 0",1763244507812,1763244567811,1763244567811
757,"unlock","0adab909-eb8f-4baf-9eed-7a4cc889cb7c","3, 0",1763244567812,1763244627811,1763244567812
757,"unlock","0adab909-eb8f-4baf-9eed-7a4cc889cb7c","3, 0",1763244567812,1763244627811,1763244627811
757,"unlock","0adab909-eb8f-4baf-9eed-7a4cc889cb7c","3, 0",1763244627812,1763244687811,1763244627812
757,"unlock","0adab909-eb8f-4baf-9eed-7a4cc889cb7c","3, 0",1763244627812,1763244687811,1763244687811
757,"unlock","0adab909-eb8f-4baf-9eed-7a4cc889cb7c","3, 0",1763244687812,1763244747811,1763244687812
757,"unlock","0adab909-eb8f-4baf-9eed-7a4cc889cb7c","3, 0",1763244687812,1763244747811,1763244747811
757,"unlock","0adab909-eb8f-4baf-9eed-7a4cc889cb7c","3, 0",1763244747812,1763244807811,1763244747812
757,"unlock","0adab909-eb8f-4baf-9eed-7a4cc889cb7c","3, 0",1763244747812,1763244807811,1763244807811
757,"unlock","0adab909-eb8f-4baf-9eed-7a4cc889cb7c","3, 0",1763244807812,1763244867811,1763244807812
757,"unlock","0adab909-eb8f-4baf-9eed-7a4cc889cb7c","3, 0",1763244807812,1763244867811,1763244867811
757,"unlock","0adab909-eb8f-4baf-9eed-7a4cc889cb7c","3, 0",1763244867812,1763244927811,1763244867812
757,"unlock","0adab909-eb8f-4baf-9eed-7a4cc889cb7c","3, 0",1763244867812,1763244927811,1763244927811
757,"unlock","0adab909-eb8f-4baf-9eed-7a4cc889cb7c","3, 0",1763244927812,1763244987811,1763244927812
757,"unlock","0adab909-eb8f-4baf-9eed-7a4cc889cb7c","3, 0",1763244927812,1763244987811,1763244987811
757,"unlock","0adab909-eb8f-4baf-9eed-7a4cc889cb7c","3, 0",1763244987812,1763245047811,1763244987812
757,"unlock","0adab909-eb8f-4baf-9eed-7a4cc889cb7c","3, 0",1763244987812,1763245047811,1763245047811
757,"unlock","0adab909-eb8f-4baf-9eed-7a4cc889cb7c","3, 0",1763245047812,1763245107811,1763245047812
757,"unlock","0adab909-eb8f-4baf-9eed-7a4cc889cb7c","3, 0",1763245047812,1763245107811,1763245107811
757,"unlock","0adab909-eb8f-4baf-9eed-7a4cc889cb7c","3, 0",1763245107812,1763245167811,1763245107812
757,"unlock","0adab909-eb8f-4baf-9eed-7a4cc889cb7c","3, 0",1763245107812,1763245167811,1763245167811
757,"unlock","0adab909-eb8f-4baf-9eed-7a4cc889cb7c","3, 0",1763245167812,1763245227811,1763245167812
757,"unlock","0adab909-eb8f-4baf-9eed-7a4cc889cb7c","3, 0",1763245167812,1763245227811,1763245227811
757,"unlock","0adab909-eb8f-4baf-9eed-7a4cc889cb7c","3, 0",1763245227812,1763245287811,1763245227812
757,"unlock","0adab909-eb8f-4baf-9eed-7a4cc889cb7c","3, 0",1763245227812,1763245287811,1763245287811
757,"unlock","0adab909-eb8f-4baf-9eed-7a4cc889cb7c","3, 0",1763245287812,1763245347811,1763245287812
757,"unlock","0adab909-eb8f-4baf-9eed-7a4cc889cb7c","3, 0",1763245287812,1763245347811,1763245347811
757,"unlock","0adab909-eb8f-4baf-9eed-7a4cc889cb7c","3, 0",1763245347812,1763245407811,1763245347812
757,"unlock","0adab909-eb8f-4baf-9eed-7a4cc889cb7c","3, 0",1763245347812,1763245407811,1763245407811
757,"unlock","0adab909-eb8f-4baf-9eed-7a4cc889cb7c","3, 0",1763245407812,1763245467811,1763245407812
757,"unlock","0adab909-eb8f-4baf-9eed-7a4cc889cb7c","3, 0",1763245407812,1763245467811,1763245467811
757,"unlock","0adab909-eb8f-4baf-9eed-7a4cc889cb7c","3, 0",1763245467812,1763245527811,1763245467812
757,"unlock","0adab909-eb8f-4baf-9eed-7a4cc889cb7c","3, 0",1763245467812,1763245527811,1763245527811
757,"unlock","0adab909-eb8f-4baf-9eed-7a4cc889cb7c","3, 0",1763245527812,1763245587811,1763245527812
757,"unlock","0adab909-eb8f-4baf-9eed-7a4cc889cb7c","3, 0",1763245527812,1763245587811,1763245587811
757,"unlock","0adab909-eb8f-4baf-9eed-7a4cc889cb7c","3, 0",1763245587812,1763245647811,1763245587812
757,"unlock","0adab909-eb8f-4baf-9eed-7a4cc889cb7c","3, 0",1763245587812,1763245647811,1763245647811
757,"unlock","0adab909-eb8f-4baf-9eed-7a4cc889cb7c","3, 0",1763245647812,1763245707811,1763245647812
757,"unlock","0adab909-eb8f-4baf-9eed-7a4cc889cb7c","3, 0",1763245647812,1763245707811,1763245707811
757,"unlock","0adab909-eb8f-4baf-9eed-7a4cc889cb7c","3, 0",1763245707812,1763245767811,1763245707812
757,"unlock","0adab909-eb8f-4baf-9eed-7a4cc889cb7c","3, 0",1763245707812,1763245767811,1763245767811
757,"unlock","0adab909-eb8f-4baf-9eed-7a4cc889cb7c","3, 0",1763245767812,1763245827811,1763245767812
757,"unlock","0adab909-eb8f-4baf-9eed-7a4cc889cb7c","3, 0",1763245767812,1763245827811,1763245827811
757,"unlock","0adab909-eb8f-4baf-9eed-7a4cc889cb7c","3, 0",1763245827812,1763245887811,1763245827812
757,"unlock","0adab909-eb8f-4baf-9eed-7a4cc889cb7c","3, 0",1763245827812,1763245887811,1763245887811
757,"unlock","0adab909-eb8f-4baf-9eed-7a4cc889cb7c","3, 0",1763245887812,1763245947811,1763245887812
757,"unlock","0adab909-eb8f-4baf-9eed-7a4cc889cb7c","3, 0",1763245887812,1763245947811,1763245947811
757,"unlock","0adab909-eb8f-4baf-9eed-7a4cc889cb7c","3, 0",1763245947812,1763246007811,1763245947812
757,"unlock","0adab909-eb8f-4baf-9eed-7a4cc889cb7c","3, 0",1763245947812,1763246007811,1763246007811
757,"unlock","0adab909-eb8f-4baf-9eed-7a4cc889cb7c","3, 0",1763246007812,1763246067811,1763246007812
757,"unlock","0adab909-eb8f-4baf-9eed-7a4cc889cb7c","3, 0",1763246007812,1763246067811,1763246067811
757,"unlock","0adab909-eb8f-4baf-9eed-7a4cc889cb7c","3, 0",1763246067812,1763246127811,1763246067812
757,"unlock","0adab909-eb8f-4baf-9eed-7a4cc889cb7c","3, 0",1763246067812,1763246127811,1763246127811
757,"unlock","0adab909-eb8f-4baf-9eed-7a4cc889cb7c","3, 0",1763246127812,1763246187811,1763246127812
757,"unlock","0adab909-eb8f-4baf-9eed-7a4cc889cb7c","3, 0",1763246127812,1763246187811,1763246187811
757,"unlock","0adab909-eb8f-4baf-9eed-7a4cc889cb7c","3, 0",1763246187812,1763246247811,1763246187812
757,"unlock","0adab909-eb8f-4baf-9eed-7a4cc889cb7c","3, 0",1763246187812,1763246247811,1763246247811
757,"unlock","0adab909-eb8f-4baf-9eed-7a4cc889cb7c","3, 0",1763246247812,1763246307811,1763246247812
757,"unlock","0adab909-eb8f-4baf-9eed-7a4cc889cb7c","3, 0",1763246247812,1763246307811,1763246307811
757,"unlock","0adab909-eb8f-4baf-9eed-7a4cc889cb7c","3, 0",1763246307812,1763246367811,1763246307812
757,"unlock","0adab909-eb8f-4baf-9eed-7a4cc889cb7c","3, 0",1763246307812,1763246367811,1763246367811
757,"unlock","0adab909-eb8f-4baf-9eed-7a4cc889cb7c","3, 0",1763246367812,1763246427811,1763246367812
757,"unlock","0adab909-eb8f-4baf-9eed-7a4cc889cb7c","3, 0",1763246367812,1763246427811,1763246427811
757,"unlock","0adab909-eb8f-4baf-9eed-7a4cc889cb7c","3, 0",1763246427812,1763246487811,1763246427812
757,"unlock","0adab909-eb8f-4baf-9eed-7a4cc889cb7c","3, 0",1763246427812,1763246487811,1763246487811
757,"unlock","0adab909-eb8f-4baf-9eed-7a4cc889cb7c","3, 0",1763246487812,1763246547811,1763246487812
757,"unlock","0adab909-eb8f-4baf-9eed-7a4cc889cb7c","3, 0",1763246487812,1763246547811,1763246547811
757,"unlock","0adab909-eb8f-4baf-9eed-7a4cc889cb7c","3, 0",1763246547812,1763246607811,1763246547812
757,"unlock","0adab909-eb8f-4baf-9eed-7a4cc889cb7c","3, 0",1763246547812,1763246607811,1763246607811
757,"unlock","0adab909-eb8f-4baf-9eed-7a4cc889cb7c","3, 0",1763246607812,1763246667811,1763246607812
757,"unlock","0adab909-eb8f-4baf-9eed-7a4cc889cb7c","3, 0",1763246607812,1763246667811,1763246667811
757,"unlock","0adab909-eb8f-4baf-9eed-7a4cc889cb7c","3, 0",1763246667812,1763246727811,1763246667812
757,"unlock","0adab909-eb8f-4baf-9eed-7a4cc889cb7c","3, 0",1763246667812,1763246727811,1763246727811
757,"unlock","0adab909-eb8f-4baf-9eed-7a4cc889cb7c","3, 0",1763246727812,1763246787811,1763246727812
757,"unlock","0adab909-eb8f-4baf-9eed-7a4cc889cb7c","3, 0",1763246727812,1763246787811,1763246787811
757,"unlock","0adab909-eb8f-4baf-9eed-7a4cc889cb7c","3, 0",1763246787812,1763246847811,1763246787812
757,"unlock","0adab909-eb8f-4baf-9eed-7a4cc889cb7c","3, 0",1763246787812,1763246847811,1763246847811
757,"unlock","0adab909-eb8f-4baf-9eed-7a4cc889cb7c","3, 0",1763246847812,1763246907811,1763246847812
757,"unlock","0adab909-eb8f-4baf-9eed-7a4cc889cb7c","3, 0",1763246847812,1763246907811,1763246907811
757,"unlock","0adab909-eb8f-4baf-9eed-7a4cc889cb7c","3, 0",1763246907812,1763246967811,1763246907812
757,"unlock","0adab909-eb8f-4baf-9eed-7a4cc889cb7c","3, 0",1763246907812,1763246967811,1763246967811
757,"unlock","0adab909-eb8f-4baf-9eed-7a4cc889cb7c","3, 0",1763246967812,1763247027811,1763246967812
757,"unlock","0adab909-eb8f-4baf-9eed-7a4cc889cb7c","3, 0",1763246967812,1763247027811,1763247027811
757,"unlock","0adab909-eb8f-4baf-9eed-7a4cc889cb7c","3, 0",1763247027812,1763247087811,1763247027812
757,"unlock","0adab909-eb8f-4baf-9eed-7a4cc889cb7c","3, 0",1763247027812,1763247087811,1763247087811
757,"unlock","0adab909-eb8f-4baf-9eed-7a4cc889cb7c","3, 0",1763247087812,1763247147811,1763247087812
757,"unlock","0adab909-eb8f-4baf-9eed-7a4cc889cb7c","3, 0",1763247087812,1763247147811,1763247147811
757,"unlock","0adab909-eb8f-4baf-9eed-7a4cc889cb7c","3, 0",1763247147812,1763247207811,1763247147812
757,"unlock","0adab909-eb8f-4baf-9eed-7a4cc889cb7c","3, 0",1763247147812,1763247207811,1763247207811
757,"unlock","0adab909-eb8f-4baf-9eed-7a4cc889cb7c","3, 0",1763247207812,1763247267811,1763247207812
757,"unlock","0adab909-eb8f-4baf-9eed-7a4cc889cb7c","3, 0",1763247207812,1763247267811,1763247267811
757,"unlock","0adab909-eb8f-4baf-9eed-7a4cc889cb7c","3, 0",1763247267812,1763247327811,1763247267812
757,"unlock","0adab909-eb8f-4baf-9eed-7a4cc889cb7c","3, 0",1763247267812,1763247327811,1763247327811
757,"unlock","0adab909-eb8f-4baf-9eed-7a4cc889cb7c","3, 0",1763247327812,1763247387811,1763247327812
757,"unlock","0adab909-eb8f-4baf-9eed-7a4cc889cb7c","3, 0",1763247327812,1763247387811,1763247387811
757,"unlock","0adab909-eb8f-4baf-9eed-7a4cc889cb7c","3, 0",1763247387812,1763247447811,1763247387812
757,"unlock","0adab909-eb8f-4baf-9eed-7a4cc889cb7c","3, 0",1763247387812,1763247447811,1763247447811
757,"unlock","0adab909-eb8f-4baf-9eed-7a4cc889cb7c","3, 0",1763247447812,1763247507811,1763247447812
757,"unlock","0adab909-eb8f-4baf-9eed-7a4cc889cb7c","3, 0",1763247447812,1763247507811,1763247507811
757,"unlock","0adab909-eb8f-4baf-9eed-7a4cc889cb7c","3, 0",1763247507812,1763247567811,1763247507812
757,"unlock","0adab909-eb8f-4baf-9eed-7a4cc889cb7c","3, 0",1763247507812,1763247567811,1763247567811
757,"unlock","0adab909-eb8f-4baf-9eed-7a4cc889cb7c","3, 0",1763247567812,1763247627811,1763247567812
757,"unlock","0adab909-eb8f-4baf-9eed-7a4cc889cb7c","3, 0",1763247567812,1763247627811,1763247627811
757,"unlock","0adab909-eb8f-4baf-9eed-7a4cc889cb7c","3, 0",1763247627812,1763247674366,1763247627812
757,"unlock","0adab909-eb8f-4baf-9eed-7a4cc889cb7c","3, 0",1763247627812,1763247674366,1763247674366
766,"unlock","0adab909-eb8f-4baf-9eed-7a4cc889cb7c","3, 0",1763278981236,1763279041235,1763278981236
766,"unlock","0adab909-eb8f-4baf-9eed-7a4cc889cb7c","3, 0",1763278981236,1763279041235,1763279041235
766,"unlock","0adab909-eb8f-4baf-9eed-7a4cc889cb7c","3, 0",1763279041236,1763279101235,1763279041236
766,"unlock","0adab909-eb8f-4baf-9eed-7a4cc889cb7c","3, 0",1763279041236,1763279101235,1763279101235
766,"unlock","0adab909-eb8f-4baf-9eed-7a4cc889cb7c","3, 0",1763279101236,1763279161235,1763279101236
766,"unlock","0adab909-eb8f-4baf-9eed-7a4cc889cb7c","3, 0",1763279101236,1763279161235,1763279161235
766,"unlock","0adab909-eb8f-4baf-9eed-7a4cc889cb7c","3, 0",1763279161236,1763279221235,1763279161236
766,"unlock","0adab909-eb8f-4baf-9eed-7a4cc889cb7c","3, 0",1763279161236,1763279221235,1763279221235
766,"unlock","0adab909-eb8f-4baf-9eed-7a4cc889cb7c","3, 0",1763279221236,1763279281235,1763279221236
766,"unlock","0adab909-eb8f-4baf-9eed-7a4cc889cb7c","3, 0",1763279221236,1763279281235,1763279281235
766,"unlock","0adab909-eb8f-4baf-9eed-7a4cc889cb7c","3, 0",1763279281236,1763279341235,1763279281236
766,"unlock","0adab909-eb8f-4baf-9eed-7a4cc889cb7c","3, 0",1763279281236,1763279341235,1763279341235
766,"unlock","0adab909-eb8f-4baf-9eed-7a4cc889cb7c","3, 0",1763279341236,1763279401235,1763279341236
766,"unlock","0adab909-eb8f-4baf-9eed-7a4cc889cb7c","3, 0",1763279341236,1763279401235,1763279401235
766,"unlock","0adab909-eb8f-4baf-9eed-7a4cc889cb7c","3, 0",1763279401236,1763279461235,1763279401236
766,"unlock","0adab909-eb8f-4baf-9eed-7a4cc889cb7c","3, 0",1763279401236,1763279461235,1763279461235
766,"unlock","0adab909-eb8f-4baf-9eed-7a4cc889cb7c","3, 0",1763279461236,1763279521235,1763279461236
766,"unlock","0adab909-eb8f-4baf-9eed-7a4cc889cb7c","3, 0",1763279461236,1763279521235,1763279521235
766,"unlock","0adab909-eb8f-4baf-9eed-7a4cc889cb7c","3, 0",1763279521236,1763279581235,1763279521236
766,"unlock","0adab909-eb8f-4baf-9eed-7a4cc889cb7c","3, 0",1763279521236,1763279581235,1763279581235
766,"unlock","0adab909-eb8f-4baf-9eed-7a4cc889cb7c","3, 0",1763279581236,1763279641235,1763279581236
766,"unlock","0adab909-eb8f-4baf-9eed-7a4cc889cb7c","3, 0",1763279581236,1763279641235,1763279641235
766,"unlock","0adab909-eb8f-4baf-9eed-7a4cc889cb7c","3, 0",1763279641236,1763279701235,1763279641236
766,"unlock","0adab909-eb8f-4baf-9eed-7a4cc889cb7c","3, 0",1763279641236,1763279701235,1763279701235
766,"unlock","0adab909-eb8f-4baf-9eed-7a4cc889cb7c","3, 0",1763279701236,1763279761235,1763279701236
766,"unlock","0adab909-eb8f-4baf-9eed-7a4cc889cb7c","3, 0",1763279701236,1763279761235,1763279761235
766,"unlock","0adab909-eb8f-4baf-9eed-7a4cc889cb7c","3, 0",1763279761236,1763279821235,1763279761236
766,"unlock","0adab909-eb8f-4baf-9eed-7a4cc889cb7c","3, 0",1763279761236,1763279821235,1763279821235
766,"unlock","0adab909-eb8f-4baf-9eed-7a4cc889cb7c","3, 0",1763279821236,1763279881235,1763279821236
766,"unlock","0adab909-eb8f-4baf-9eed-7a4cc889cb7c","3, 0",1763279821236,1763279881235,1763279881235
766,"unlock","0adab909-eb8f-4baf-9eed-7a4cc889cb7c","3, 0",1763279881236,1763279941235,1763279881236
766,"unlock","0adab909-eb8f-4baf-9eed-7a4cc889cb7c","3, 0",1763279881236,1763279941235,1763279941235
766,"unlock","0adab909-eb8f-4baf-9eed-7a4cc889cb7c","3, 0",1763279941236,1763280001235,1763279941236
766,"unlock","0adab909-eb8f-4baf-9eed-7a4cc889cb7c","3, 0",1763279941236,1763280001235,1763280001235
766,"unlock","0adab909-eb8f-4baf-9eed-7a4cc889cb7c","3, 0",1763280001236,1763280061235,1763280001236
766,"unlock","0adab909-eb8f-4baf-9eed-7a4cc889cb7c","3, 0",1763280001236,1763280061235,1763280061235
766,"unlock","0adab909-eb8f-4baf-9eed-7a4cc889cb7c","3, 0",1763280061236,1763280121235,1763280061236
766,"unlock","0adab909-eb8f-4baf-9eed-7a4cc889cb7c","3, 0",1763280061236,1763280121235,1763280121235
766,"unlock","0adab909-eb8f-4baf-9eed-7a4cc889cb7c","3, 0",1763280121236,1763280181235,1763280121236
766,"unlock","0adab909-eb8f-4baf-9eed-7a4cc889cb7c","3, 0",1763280121236,1763280181235,1763280181235
766,"unlock","0adab909-eb8f-4baf-9eed-7a4cc889cb7c","3, 0",1763280181236,1763280241235,1763280181236
766,"unlock","0adab909-eb8f-4baf-9eed-7a4cc889cb7c","3, 0",1763280181236,1763280241235,1763280241235
766,"unlock","0adab909-eb8f-4baf-9eed-7a4cc889cb7c","3, 0",1763280241236,1763280301235,1763280241236
766,"unlock","0adab909-eb8f-4baf-9eed-7a4cc889cb7c","3, 0",1763280241236,1763280301235,1763280301235
766,"unlock","0adab909-eb8f-4baf-9eed-7a4cc889cb7c","3, 0",1763280301236,1763280361235,1763280301236
766,"unlock","0adab909-eb8f-4baf-9eed-7a4cc889cb7c","3, 0",1763280301236,1763280361235,1763280361235
766,"unlock","0adab909-eb8f-4baf-9eed-7a4cc889cb7c","3, 0",1763280361236,1763280421235,1763280361236
766,"unlock","0adab909-eb8f-4baf-9eed-7a4cc889cb7c","3, 0",1763280361236,1763280421235,1763280421235
766,"unlock","0adab909-eb8f-4baf-9eed-7a4cc889cb7c","3, 0",1763280421236,1763280481235,1763280421236
766,"unlock","0adab909-eb8f-4baf-9eed-7a4cc889cb7c","3, 0",1763280421236,1763280481235,1763280481235
766,"unlock","0adab909-eb8f-4baf-9eed-7a4cc889cb7c","3, 0",1763280481236,1763280541235,1763280481236
766,"unlock","0adab909-eb8f-4baf-9eed-7a4cc889cb7c","3, 0",1763280481236,1763280541235,1763280541235
766,"unlock","0adab909-eb8f-4baf-9eed-7a4cc889cb7c","3, 0",1763280541236,1763280601235,1763280541236
766,"unlock","0adab909-eb8f-4baf-9eed-7a4cc889cb7c","3, 0",1763280541236,1763280601235,1763280601235
766,"unlock","0adab909-eb8f-4baf-9eed-7a4cc889cb7c","3, 0",1763280601236,1763280661235,1763280601236
766,"unlock","0adab909-eb8f-4baf-9eed-7a4cc889cb7c","3, 0",1763280601236,1763280661235,1763280661235
766,"unlock","0adab909-eb8f-4baf-9eed-7a4cc889cb7c","3, 0",1763280661236,1763280721235,1763280661236
766,"unlock","0adab909-eb8f-4baf-9eed-7a4cc889cb7c","3, 0",1763280661236,1763280721235,1763280721235
766,"unlock","0adab909-eb8f-4baf-9eed-7a4cc889cb7c","3, 0",1763280721236,1763280781235,1763280721236
766,"unlock","0adab909-eb8f-4baf-9eed-7a4cc889cb7c","3, 0",1763280721236,1763280781235,1763280781235
766,"unlock","0adab909-eb8f-4baf-9eed-7a4cc889cb7c","3, 0",1763280781236,1763280841235,1763280781236
766,"unlock","0adab909-eb8f-4baf-9eed-7a4cc889cb7c","3, 0",1763280781236,1763280841235,1763280841235
766,"unlock","0adab909-eb8f-4baf-9eed-7a4cc889cb7c","3, 0",1763280841236,1763280901235,1763280841236
766,"unlock","0adab909-eb8f-4baf-9eed-7a4cc889cb7c","3, 0",1763280841236,1763280901235,1763280901235
766,"unlock","0adab909-eb8f-4baf-9eed-7a4cc889cb7c","3, 0",1763280901236,1763280961235,1763280901236
766,"unlock","0adab909-eb8f-4baf-9eed-7a4cc889cb7c","3, 0",1763280901236,1763280961235,1763280961235
766,"unlock","0adab909-eb8f-4baf-9eed-7a4cc889cb7c","3, 0",1763280961236,1763281021235,1763280961236
766,"unlock","0adab909-eb8f-4baf-9eed-7a4cc889cb7c","3, 0",1763280961236,1763281021235,1763281021235
766,"unlock","0adab909-eb8f-4baf-9eed-7a4cc889cb7c","3, 0",1763281021236,1763281081235,1763281021236
766,"unlock","0adab909-eb8f-4baf-9eed-7a4cc889cb7c","3, 0",1763281021236,1763281081235,1763281081235
766,"unlock","0adab909-eb8f-4baf-9eed-7a4cc889cb7c","3, 0",1763281081236,1763281141235,1763281081236
766,"unlock","0adab909-eb8f-4baf-9eed-7a4cc889cb7c","3, 0",1763281081236,1763281141235,1763281141235
766,"unlock","0adab909-eb8f-4baf-9eed-7a4cc889cb7c","3, 0",1763281141236,1763281201235,1763281141236
766,"unlock","0adab909-eb8f-4baf-9eed-7a4cc889cb7c","3, 0",1763281141236,1763281201235,1763281201235
766,"unlock","0adab909-eb8f-4baf-9eed-7a4cc889cb7c","3, 0",1763281201236,1763281261235,1763281201236
766,"unlock","0adab909-eb8f-4baf-9eed-7a4cc889cb7c","3, 0",1763281201236,1763281261235,1763281261235
766,"unlock","0adab909-eb8f-4baf-9eed-7a4cc889cb7c","3, 0",1763281261236,1763281321235,1763281261236
766,"unlock","0adab909-eb8f-4baf-9eed-7a4cc889cb7c","3, 0",1763281261236,1763281321235,1763281321235
766,"unlock","0adab909-eb8f-4baf-9eed-7a4cc889cb7c","3, 0",1763281321236,1763281381235,1763281321236
766,"unlock","0adab909-eb8f-4baf-9eed-7a4cc889cb7c","3, 0",1763281321236,1763281381235,1763281381235
766,"unlock","0adab909-eb8f-4baf-9eed-7a4cc889cb7c","3, 0",1763281381236,1763281441235,1763281381236
766,"unlock","0adab909-eb8f-4baf-9eed-7a4cc889cb7c","3, 0",1763281381236,1763281441235,1763281441235
766,"unlock","0adab909-eb8f-4baf-9eed-7a4cc889cb7c","3, 0",1763281441236,1763281501235,1763281441236
766,"unlock","0adab909-eb8f-4baf-9eed-7a4cc889cb7c","3, 0",1763281441236,1763281501235,1763281501235
766,"unlock","0adab909-eb8f-4baf-9eed-7a4cc889cb7c","3, 0",1763281501236,1763281561235,1763281501236
766,"unlock","0adab909-eb8f-4baf-9eed-7a4cc889cb7c","3, 0",1763281501236,1763281561235,1763281561235
766,"unlock","0adab909-eb8f-4baf-9eed-7a4cc889cb7c","3, 0",1763281561236,1763281621235,1763281561236
766,"unlock","0adab909-eb8f-4baf-9eed-7a4cc889cb7c","3, 0",1763281561236,1763281621235,1763281621235
766,"unlock","0adab909-eb8f-4baf-9eed-7a4cc889cb7c","3, 0",1763281621236,1763281681235,1763281621236
766,"unlock","0adab909-eb8f-4baf-9eed-7a4cc889cb7c","3, 0",1763281621236,1763281681235,1763281681235
766,"unlock","0adab909-eb8f-4baf-9eed-7a4cc889cb7c","3, 0",1763281681236,1763281741235,1763281681236
766,"unlock","0adab909-eb8f-4baf-9eed-7a4cc889cb7c","3, 0",1763281681236,1763281741235,1763281741235
766,"unlock","0adab909-eb8f-4baf-9eed-7a4cc889cb7c","3, 0",1763281741236,1763281801235,1763281741236
766,"unlock","0adab909-eb8f-4baf-9eed-7a4cc889cb7c","3, 0",1763281741236,1763281801235,1763281801235
766,"unlock","0adab909-eb8f-4baf-9eed-7a4cc889cb7c","3, 0",1763281801236,1763281861235,1763281801236
766,"unlock","0adab909-eb8f-4baf-9eed-7a4cc889cb7c","3, 0",1763281801236,1763281861235,1763281861235
766,"unlock","0adab909-eb8f-4baf-9eed-7a4cc889cb7c","3, 0",1763281861236,1763281921235,1763281861236
766,"unlock","0adab909-eb8f-4baf-9eed-7a4cc889cb7c","3, 0",1763281861236,1763281921235,1763281921235
766,"unlock","0adab909-eb8f-4baf-9eed-7a4cc889cb7c","3, 0",1763281921236,1763281981235,1763281921236
766,"unlock","0adab909-eb8f-4baf-9eed-7a4cc889cb7c","3, 0",1763281921236,1763281981235,1763281981235
766,"unlock","0adab909-eb8f-4baf-9eed-7a4cc889cb7c","3, 0",1763281981236,1763282041235,1763281981236
766,"unlock","0adab909-eb8f-4baf-9eed-7a4cc889cb7c","3, 0",1763281981236,1763282041235,1763282041235
766,"unlock","0adab909-eb8f-4baf-9eed-7a4cc889cb7c","3, 0",1763282041236,1763282101235,1763282041236
766,"unlock","0adab909-eb8f-4baf-9eed-7a4cc889cb7c","3, 0",1763282041236,1763282101235,1763282101235
766,"unlock","0adab909-eb8f-4baf-9eed-7a4cc889cb7c","3, 0",1763282101236,1763282161235,1763282101236
766,"unlock","0adab909-eb8f-4baf-9eed-7a4cc889cb7c","3, 0",1763282101236,1763282161235,1763282161235
766,"unlock","0adab909-eb8f-4baf-9eed-7a4cc889cb7c","3, 0",1763282161236,1763282221235,1763282161236
766,"unlock","0adab909-eb8f-4baf-9eed-7a4cc889cb7c","3, 0",1763282161236,1763282221235,1763282221235
766,"unlock","0adab909-eb8f-4baf-9eed-7a4cc889cb7c","3, 0",1763282221236,1763282281235,1763282221236
766,"unlock","0adab909-eb8f-4baf-9eed-7a4cc889cb7c","3, 0",1763282221236,1763282281235,1763282281235
766,"unlock","0adab909-eb8f-4baf-9eed-7a4cc889cb7c","3, 0",1763282281236,1763282341235,1763282281236
766,"unlock","0adab909-eb8f-4baf-9eed-7a4cc889cb7c","3, 0",1763282281236,1763282341235,1763282341235
766,"unlock","0adab909-eb8f-4baf-9eed-7a4cc889cb7c","3, 0",1763282341236,1763282401235,1763282341236
766,"unlock","0adab909-eb8f-4baf-9eed-7a4cc889cb7c","3, 0",1763282341236,1763282401235,1763282401235
766,"unlock","0adab909-eb8f-4baf-9eed-7a4cc889cb7c","3, 0",1763282401236,1763282461235,1763282401236
766,"unlock","0adab909-eb8f-4baf-9eed-7a4cc889cb7c","3, 0",1763282401236,1763282461235,1763282461235
766,"unlock","0adab909-eb8f-4baf-9eed-7a4cc889cb7c","3, 0",1763282461236,1763282521235,1763282461236
766,"unlock","0adab909-eb8f-4baf-9eed-7a4cc889cb7c","3, 0",1763282461236,1763282521235,1763282521235
766,"unlock","0adab909-eb8f-4baf-9eed-7a4cc889cb7c","3, 0",1763282521236,1763282581235,1763282521236
766,"unlock","0adab909-eb8f-4baf-9eed-7a4cc889cb7c","3, 0",1763282521236,1763282581235,1763282581235
766,"unlock","0adab909-eb8f-4baf-9eed-7a4cc889cb7c","3, 0",1763282581236,1763282641235,1763282581236
766,"unlock","0adab909-eb8f-4baf-9eed-7a4cc889cb7c","3, 0",1763282581236,1763282641235,1763282641235
766,"unlock","0adab909-eb8f-4baf-9eed-7a4cc889cb7c","3, 0",1763282641236,1763282701235,1763282641236
766,"unlock","0adab909-eb8f-4baf-9eed-7a4cc889cb7c","3, 0",1763282641236,1763282701235,1763282701235
766,"unlock","0adab909-eb8f-4baf-9eed-7a4cc889cb7c","3, 0",1763282701236,1763282761235,1763282701236
766,"unlock","0adab909-eb8f-4baf-9eed-7a4cc889cb7c","3, 0",1763282701236,1763282761235,1763282761235
766,"unlock","0adab909-eb8f-4baf-9eed-7a4cc889cb7c","3, 0",1763282761236,1763282821235,1763282761236
766,"unlock","0adab909-eb8f-4baf-9eed-7a4cc889cb7c","3, 0",1763282761236,1763282821235,1763282821235
766,"unlock","0adab909-eb8f-4baf-9eed-7a4cc889cb7c","3, 0",1763282821236,1763282881235,1763282821236
766,"unlock","0adab909-eb8f-4baf-9eed-7a4cc889cb7c","3, 0",1763282821236,1763282881235,1763282881235
766,"unlock","0adab909-eb8f-4baf-9eed-7a4cc889cb7c","3, 0",1763282881236,1763282941235,1763282881236
766,"unlock","0adab909-eb8f-4baf-9eed-7a4cc889cb7c","3, 0",1763282881236,1763282941235,1763282941235
766,"unlock","0adab909-eb8f-4baf-9eed-7a4cc889cb7c","3, 0",1763282941236,1763283001235,1763282941236
766,"unlock","0adab909-eb8f-4baf-9eed-7a4cc889cb7c","3, 0",1763282941236,1763283001235,1763283001235
766,"unlock","0adab909-eb8f-4baf-9eed-7a4cc889cb7c","3, 0",1763283001236,1763283061235,1763283001236
766,"unlock","0adab909-eb8f-4baf-9eed-7a4cc889cb7c","3, 0",1763283001236,1763283061235,1763283061235
766,"unlock","0adab909-eb8f-4baf-9eed-7a4cc889cb7c","3, 0",1763283061236,1763283121235,1763283061236
766,"unlock","0adab909-eb8f-4baf-9eed-7a4cc889cb7c","3, 0",1763283061236,1763283121235,1763283121235
766,"unlock","0adab909-eb8f-4baf-9eed-7a4cc889cb7c","3, 0",1763283121236,1763283181235,1763283121236
766,"unlock","0adab909-eb8f-4baf-9eed-7a4cc889cb7c","3, 0",1763283121236,1763283181235,1763283181235
766,"unlock","0adab909-eb8f-4baf-9eed-7a4cc889cb7c","3, 0",1763283181236,1763283241235,1763283181236
766,"unlock","0adab909-eb8f-4baf-9eed-7a4cc889cb7c","3, 0",1763283181236,1763283241235,1763283241235
766,"unlock","0adab909-eb8f-4baf-9eed-7a4cc889cb7c","3, 0",1763283241236,1763283301235,1763283241236
766,"unlock","0adab909-eb8f-4baf-9eed-7a4cc889cb7c","3, 0",1763283241236,1763283301235,1763283301235
766,"unlock","0adab909-eb8f-4baf-9eed-7a4cc889cb7c","3, 0",1763283301236,1763283361235,1763283301236
766,"unlock","0adab909-eb8f-4baf-9eed-7a4cc889cb7c","3, 0",1763283301236,1763283361235,1763283361235
766,"unlock","0adab909-eb8f-4baf-9eed-7a4cc889cb7c","3, 0",1763283361236,1763283421235,1763283361236
766,"unlock","0adab909-eb8f-4baf-9eed-7a4cc889cb7c","3, 0",1763283361236,1763283421235,1763283421235
766,"unlock","0adab909-eb8f-4baf-9eed-7a4cc889cb7c","3, 0",1763283421236,1763283481235,1763283421236
766,"unlock","0adab909-eb8f-4baf-9eed-7a4cc889cb7c","3, 0",1763283421236,1763283481235,1763283481235
766,"unlock","0adab909-eb8f-4baf-9eed-7a4cc889cb7c","3, 0",1763283481236,1763283541235,1763283481236
766,"unlock","0adab909-eb8f-4baf-9eed-7a4cc889cb7c","3, 0",1763283481236,1763283541235,1763283541235
766,"unlock","0adab909-eb8f-4baf-9eed-7a4cc889cb7c","3, 0",1763283541236,1763283601235,1763283541236
766,"unlock","0adab909-eb8f-4baf-9eed-7a4cc889cb7c","3, 0",1763283541236,1763283601235,1763283601235
766,"unlock","0adab909-eb8f-4baf-9eed-7a4cc889cb7c","3, 0",1763283601236,1763283661235,1763283601236
766,"unlock","0adab909-eb8f-4baf-9eed-7a4cc889cb7c","3, 0",1763283601236,1763283661235,1763283661235
766,"unlock","0adab909-eb8f-4baf-9eed-7a4cc889cb7c","3, 0",1763283661236,1763283721235,1763283661236
766,"unlock","0adab909-eb8f-4baf-9eed-7a4cc889cb7c","3, 0",1763283661236,1763283721235,1763283721235
766,"unlock","0adab909-eb8f-4baf-9eed-7a4cc889cb7c","3, 0",1763283721236,1763283781235,1763283721236
766,"unlock","0adab909-eb8f-4baf-9eed-7a4cc889cb7c","3, 0",1763283721236,1763283781235,1763283781235
766,"unlock","0adab909-eb8f-4baf-9eed-7a4cc889cb7c","3, 0",1763283781236,1763283841235,1763283781236
766,"unlock","0adab909-eb8f-4baf-9eed-7a4cc889cb7c","3, 0",1763283781236,1763283841235,1763283841235
766,"unlock","0adab909-eb8f-4baf-9eed-7a4cc889cb7c","3, 0",1763283841236,1763283901235,1763283841236
766,"unlock","0adab909-eb8f-4baf-9eed-7a4cc889cb7c","3, 0",1763283841236,1763283901235,1763283901235
766,"unlock","0adab909-eb8f-4baf-9eed-7a4cc889cb7c","3, 0",1763283901236,1763283961235,1763283901236
766,"unlock","0adab909-eb8f-4baf-9eed-7a4cc889cb7c","3, 0",1763283901236,1763283961235,1763283961235
766,"unlock","0adab909-eb8f-4baf-9eed-7a4cc889cb7c","3, 0",1763283961236,1763284021235,1763283961236
766,"unlock","0adab909-eb8f-4baf-9eed-7a4cc889cb7c","3, 0",1763283961236,1763284021235,1763284021235
766,"unlock","0adab909-eb8f-4baf-9eed-7a4cc889cb7c","3, 0",1763284021236,1763284081235,1763284021236
766,"unlock","0adab909-eb8f-4baf-9eed-7a4cc889cb7c","3, 0",1763284021236,1763284081235,1763284081235
766,"unlock","0adab909-eb8f-4baf-9eed-7a4cc889cb7c","3, 0",1763284081236,1763284141235,1763284081236
766,"unlock","0adab909-eb8f-4baf-9eed-7a4cc889cb7c","3, 0",1763284081236,1763284141235,1763284141235
766,"unlock","0adab909-eb8f-4baf-9eed-7a4cc889cb7c","3, 0",1763284141236,1763284201235,1763284141236
766,"unlock","0adab909-eb8f-4baf-9eed-7a4cc889cb7c","3, 0",1763284141236,1763284201235,1763284201235
766,"unlock","0adab909-eb8f-4baf-9eed-7a4cc889cb7c","3, 0",1763284201236,1763284261235,1763284201236
766,"unlock","0adab909-eb8f-4baf-9eed-7a4cc889cb7c","3, 0",1763284201236,1763284261235,1763284261235
766,"unlock","0adab909-eb8f-4baf-9eed-7a4cc889cb7c","3, 0",1763284261236,1763284321235,1763284261236
766,"unlock","0adab909-eb8f-4baf-9eed-7a4cc889cb7c","3, 0",1763284261236,1763284321235,1763284321235
766,"unlock","0adab909-eb8f-4baf-9eed-7a4cc889cb7c","3, 0",1763284321236,1763284381235,1763284321236
766,"unlock","0adab909-eb8f-4baf-9eed-7a4cc889cb7c","3, 0",1763284321236,1763284381235,1763284381235
766,"unlock","0adab909-eb8f-4baf-9eed-7a4cc889cb7c","3, 0",1763284381236,1763284441235,1763284381236
766,"unlock","0adab909-eb8f-4baf-9eed-7a4cc889cb7c","3, 0",1763284381236,1763284441235,1763284441235
766,"unlock","0adab909-eb8f-4baf-9eed-7a4cc889cb7c","3, 0",1763284441236,1763284501235,1763284441236
766,"unlock","0adab909-eb8f-4baf-9eed-7a4cc889cb7c","3, 0",1763284441236,1763284501235,1763284501235
766,"unlock","0adab909-eb8f-4baf-9eed-7a4cc889cb7c","3, 0",1763284501236,1763284561235,1763284501236
766,"unlock","0adab909-eb8f-4baf-9eed-7a4cc889cb7c","3, 0",1763284501236,1763284561235,1763284561235
766,"unlock","0adab909-eb8f-4baf-9eed-7a4cc889cb7c","3, 0",1763284561236,1763284621235,1763284561236
766,"unlock","0adab909-eb8f-4baf-9eed-7a4cc889cb7c","3, 0",1763284561236,1763284621235,1763284621235
766,"unlock","0adab909-eb8f-4baf-9eed-7a4cc889cb7c","3, 0",1763284621236,1763284681235,1763284621236
766,"unlock","0adab909-eb8f-4baf-9eed-7a4cc889cb7c","3, 0",1763284621236,1763284681235,1763284681235
766,"unlock","0adab909-eb8f-4baf-9eed-7a4cc889cb7c","3, 0",1763284681236,1763284741235,1763284681236
766,"unlock","0adab909-eb8f-4baf-9eed-7a4cc889cb7c","3, 0",1763284681236,1763284741235,1763284741235
766,"unlock","0adab909-eb8f-4baf-9eed-7a4cc889cb7c","3, 0",1763284741236,1763284801235,1763284741236
766,"unlock","0adab909-eb8f-4baf-9eed-7a4cc889cb7c","3, 0",1763284741236,1763284801235,1763284801235
766,"unlock","0adab909-eb8f-4baf-9eed-7a4cc889cb7c","3, 0",1763284801236,1763284861235,1763284801236
766,"unlock","0adab909-eb8f-4baf-9eed-7a4cc889cb7c","3, 0",1763284801236,1763284861235,1763284861235
766,"unlock","0adab909-eb8f-4baf-9eed-7a4cc889cb7c","3, 0",1763284861236,1763284921235,1763284861236
766,"unlock","0adab909-eb8f-4baf-9eed-7a4cc889cb7c","3, 0",1763284861236,1763284921235,1763284921235
766,"unlock","0adab909-eb8f-4baf-9eed-7a4cc889cb7c","3, 0",1763284921236,1763284981235,1763284921236
766,"unlock","0adab909-eb8f-4baf-9eed-7a4cc889cb7c","3, 0",1763284921236,1763284981235,1763284981235
766,"unlock","0adab909-eb8f-4baf-9eed-7a4cc889cb7c","3, 0",1763284981236,1763285041235,1763284981236
766,"unlock","0adab909-eb8f-4baf-9eed-7a4cc889cb7c","3, 0",1763284981236,1763285041235,1763285041235
766,"unlock","0adab909-eb8f-4baf-9eed-7a4cc889cb7c","3, 0",1763285041236,1763285101235,1763285041236
766,"unlock","0adab909-eb8f-4baf-9eed-7a4cc889cb7c","3, 0",1763285041236,1763285101235,1763285101235
766,"unlock","0adab909-eb8f-4baf-9eed-7a4cc889cb7c","3, 0",1763285101236,1763285161235,1763285101236
766,"unlock","0adab909-eb8f-4baf-9eed-7a4cc889cb7c","3, 0",1763285101236,1763285161235,1763285161235
766,"unlock","0adab909-eb8f-4baf-9eed-7a4cc889cb7c","3, 0",1763285161236,1763285221235,1763285161236
766,"unlock","0adab909-eb8f-4baf-9eed-7a4cc889cb7c","3, 0",1763285161236,1763285221235,1763285221235
766,"unlock","0adab909-eb8f-4baf-9eed-7a4cc889cb7c","3, 0",1763285221236,1763285281235,1763285221236
766,"unlock","0adab909-eb8f-4baf-9eed-7a4cc889cb7c","3, 0",1763285221236,1763285281235,1763285281235
766,"unlock","0adab909-eb8f-4baf-9eed-7a4cc889cb7c","3, 0",1763285281236,1763285341235,1763285281236
766,"unlock","0adab909-eb8f-4baf-9eed-7a4cc889cb7c","3, 0",1763285281236,1763285341235,1763285341235
766,"unlock","0adab909-eb8f-4baf-9eed-7a4cc889cb7c","3, 0",1763285341236,1763285401235,1763285341236
766,"unlock","0adab909-eb8f-4baf-9eed-7a4cc889cb7c","3, 0",1763285341236,1763285401235,1763285401235
766,"unlock","0adab909-eb8f-4baf-9eed-7a4cc889cb7c","3, 0",1763285401236,1763285461235,1763285401236
766,"unlock","0adab909-eb8f-4baf-9eed-7a4cc889cb7c","3, 0",1763285401236,1763285461235,1763285461235
766,"unlock","0adab909-eb8f-4baf-9eed-7a4cc889cb7c","3, 0",1763285461236,1763285521235,1763285461236
766,"unlock","0adab909-eb8f-4baf-9eed-7a4cc889cb7c","3, 0",1763285461236,1763285521235,1763285521235
766,"unlock","0adab909-eb8f-4baf-9eed-7a4cc889cb7c","3, 0",1763285521236,1763285581235,1763285521236
766,"unlock","0adab909-eb8f-4baf-9eed-7a4cc889cb7c","3, 0",1763285521236,1763285581235,1763285581235
766,"unlock","0adab909-eb8f-4baf-9eed-7a4cc889cb7c","3, 0",1763285581236,1763285641235,1763285581236
766,"unlock","0adab909-eb8f-4baf-9eed-7a4cc889cb7c","3, 0",1763285581236,1763285641235,1763285641235
766,"unlock","0adab909-eb8f-4baf-9eed-7a4cc889cb7c","3, 0",1763285641236,1763285701235,1763285641236
766,"unlock","0adab909-eb8f-4baf-9eed-7a4cc889cb7c","3, 0",1763285641236,1763285701235,1763285701235
766,"unlock","0adab909-eb8f-4baf-9eed-7a4cc889cb7c","3, 0",1763285701236,1763285761235,1763285701236
766,"unlock","0adab909-eb8f-4baf-9eed-7a4cc889cb7c","3, 0",1763285701236,1763285761235,1763285761235
766,"unlock","0adab909-eb8f-4baf-9eed-7a4cc889cb7c","3, 0",1763285761236,1763285821235,1763285761236
766,"unlock","0adab909-eb8f-4baf-9eed-7a4cc889cb7c","3, 0",1763285761236,1763285821235,1763285821235
766,"unlock","0adab909-eb8f-4baf-9eed-7a4cc889cb7c","3, 0",1763285821236,1763285881235,1763285821236
766,"unlock","0adab909-eb8f-4baf-9eed-7a4cc889cb7c","3, 0",1763285821236,1763285881235,1763285881235
766,"unlock","0adab909-eb8f-4baf-9eed-7a4cc889cb7c","3, 0",1763285881236,1763285937667,1763285881236
766,"unlock","0adab909-eb8f-4baf-9eed-7a4cc889cb7c","3, 0",1763285881236,1763285937667,1763285937667
769,"unlock","0adab909-eb8f-4baf-9eed-7a4cc889cb7c","3, 0",1763289121769,1763289181768,1763289121769
769,"unlock","0adab909-eb8f-4baf-9eed-7a4cc889cb7c","3, 0",1763289121769,1763289181768,1763289181768
769,"unlock","0adab909-eb8f-4baf-9eed-7a4cc889cb7c","3, 0",1763289181769,1763289241768,1763289181769
769,"unlock","0adab909-eb8f-4baf-9eed-7a4cc889cb7c","3, 0",1763289181769,1763289241768,1763289241768
769,"unlock","0adab909-eb8f-4baf-9eed-7a4cc889cb7c","3, 0",1763289241769,1763289278477,1763289241769
769,"unlock","0adab909-eb8f-4baf-9eed-7a4cc889cb7c","3, 0",1763289241769,1763289278477,1763289278477
772,"unlock","0adab909-eb8f-4baf-9eed-7a4cc889cb7c","3, 0",1763289831385,1763289891384,1763289831385
772,"unlock","0adab909-eb8f-4baf-9eed-7a4cc889cb7c","3, 0",1763289831385,1763289891384,1763289891384
772,"unlock","0adab909-eb8f-4baf-9eed-7a4cc889cb7c","3, 0",1763289891385,1763289951384,1763289891385
772,"unlock","0adab909-eb8f-4baf-9eed-7a4cc889cb7c","3, 0",1763289891385,1763289951384,1763289951384
772,"unlock","0adab909-eb8f-4baf-9eed-7a4cc889cb7c","3, 0",1763289951385,1763290006941,1763289951385
772,"unlock","0adab909-eb8f-4baf-9eed-7a4cc889cb7c","3, 0",1763289951385,1763290006941,1763290006941
775,"unlock","0adab909-eb8f-4baf-9eed-7a4cc889cb7c","3, 0",1763290458217,1763290518216,1763290458217
775,"unlock","0adab909-eb8f-4baf-9eed-7a4cc889cb7c","3, 0",1763290458217,1763290518216,1763290518216
775,"unlock","0adab909-eb8f-4baf-9eed-7a4cc889cb7c","3, 0",1763290518217,1763290578216,1763290518217
775,"unlock","0adab909-eb8f-4baf-9eed-7a4cc889cb7c","3, 0",1763290518217,1763290578216,1763290578216
775,"unlock","0adab909-eb8f-4baf-9eed-7a4cc889cb7c","3, 0",1763290578217,1763290638216,1763290578217
775,"unlock","0adab909-eb8f-4baf-9eed-7a4cc889cb7c","3, 0",1763290578217,1763290638216,1763290638216
775,"unlock","0adab909-eb8f-4baf-9eed-7a4cc889cb7c","3, 0",1763290638217,1763290698216,1763290638217
775,"unlock","0adab909-eb8f-4baf-9eed-7a4cc889cb7c","3, 0",1763290638217,1763290698216,1763290698216
775,"unlock","0adab909-eb8f-4baf-9eed-7a4cc889cb7c","3, 0",1763290698217,1763290704164,1763290698217
775,"unlock","0adab909-eb8f-4baf-9eed-7a4cc889cb7c","3, 0",1763290698217,1763290704164,1763290704164
778,"unlock","0adab909-eb8f-4baf-9eed-7a4cc889cb7c","3, 0",1763290970292,1763290984480,1763290970292
778,"unlock","0adab909-eb8f-4baf-9eed-7a4cc889cb7c","3, 0",1763290970292,1763290984480,1763290984480
781,"unlock","0adab909-eb8f-4baf-9eed-7a4cc889cb7c","3, 0",1763291134669,1763291194668,1763291134669
781,"unlock","0adab909-eb8f-4baf-9eed-7a4cc889cb7c","3, 0",1763291134669,1763291194668,1763291194668
781,"unlock","0adab909-eb8f-4baf-9eed-7a4cc889cb7c","3, 0",1763291194669,1763291254668,1763291194669
781,"unlock","0adab909-eb8f-4baf-9eed-7a4cc889cb7c","3, 0",1763291194669,1763291254668,1763291254668
781,"unlock","0adab909-eb8f-4baf-9eed-7a4cc889cb7c","3, 0",1763291254669,1763291314668,1763291254669
781,"unlock","0adab909-eb8f-4baf-9eed-7a4cc889cb7c","3, 0",1763291254669,1763291314668,1763291314668
781,"unlock","0adab909-eb8f-4baf-9eed-7a4cc889cb7c","3, 0",1763291314669,1763291332143,1763291314669
781,"unlock","0adab909-eb8f-4baf-9eed-7a4cc889cb7c","3, 0",1763291314669,1763291332143,1763291332143
784,"unlock","0adab909-eb8f-4baf-9eed-7a4cc889cb7c","3, 0",1763292294275,1763292316403,1763292294275
784,"unlock","0adab909-eb8f-4baf-9eed-7a4cc889cb7c","3, 0",1763292294275,1763292316403,1763292316403
787,"unlock","0adab909-eb8f-4baf-9eed-7a4cc889cb7c","3, 0",1763292336439,1763292396438,1763292336439
787,"unlock","0adab909-eb8f-4baf-9eed-7a4cc889cb7c","3, 0",1763292336439,1763292396438,1763292396438
787,"unlock","0adab909-eb8f-4baf-9eed-7a4cc889cb7c","3, 0",1763292396439,1763292456438,1763292396439
787,"unlock","0adab909-eb8f-4baf-9eed-7a4cc889cb7c","3, 0",1763292396439,1763292456438,1763292456438
787,"unlock","0adab909-eb8f-4baf-9eed-7a4cc889cb7c","3, 0",1763292456439,1763292516438,1763292456439
787,"unlock","0adab909-eb8f-4baf-9eed-7a4cc889cb7c","3, 0",1763292456439,1763292516438,1763292516438
787,"unlock","0adab909-eb8f-4baf-9eed-7a4cc889cb7c","3, 0",1763292516439,1763292576438,1763292516439
787,"unlock","0adab909-eb8f-4baf-9eed-7a4cc889cb7c","3, 0",1763292516439,1763292576438,1763292576438
787,"unlock","0adab909-eb8f-4baf-9eed-7a4cc889cb7c","3, 0",1763292576439,1763292636438,1763292576439
787,"unlock","0adab909-eb8f-4baf-9eed-7a4cc889cb7c","3, 0",1763292576439,1763292636438,1763292636438
787,"unlock","0adab909-eb8f-4baf-9eed-7a4cc889cb7c","3, 0",1763292636439,1763292696438,1763292636439
787,"unlock","0adab909-eb8f-4baf-9eed-7a4cc889cb7c","3, 0",1763292636439,1763292696438,1763292696438
787,"unlock","0adab909-eb8f-4baf-9eed-7a4cc889cb7c","3, 0",1763292696439,1763292756438,1763292696439
787,"unlock","0adab909-eb8f-4baf-9eed-7a4cc889cb7c","3, 0",1763292696439,1763292756438,1763292756438
787,"unlock","0adab909-eb8f-4baf-9eed-7a4cc889cb7c","3, 0",1763292756439,1763292816438,1763292756439
787,"unlock","0adab909-eb8f-4baf-9eed-7a4cc889cb7c","3, 0",1763292756439,1763292816438,1763292816438
787,"unlock","0adab909-eb8f-4baf-9eed-7a4cc889cb7c","3, 0",1763292816439,1763292876438,1763292816439
787,"unlock","0adab909-eb8f-4baf-9eed-7a4cc889cb7c","3, 0",1763292816439,1763292876438,1763292876438
787,"unlock","0adab909-eb8f-4baf-9eed-7a4cc889cb7c","3, 0",1763292876439,1763292936438,1763292876439
787,"unlock","0adab909-eb8f-4baf-9eed-7a4cc889cb7c","3, 0",1763292876439,1763292936438,1763292936438
787,"unlock","0adab909-eb8f-4baf-9eed-7a4cc889cb7c","3, 0",1763292936439,1763292996438,1763292936439
787,"unlock","0adab909-eb8f-4baf-9eed-7a4cc889cb7c","3, 0",1763292936439,1763292996438,1763292996438
787,"unlock","0adab909-eb8f-4baf-9eed-7a4cc889cb7c","3, 0",1763292996439,1763293056438,1763292996439
787,"unlock","0adab909-eb8f-4baf-9eed-7a4cc889cb7c","3, 0",1763292996439,1763293056438,1763293056438
787,"unlock","0adab909-eb8f-4baf-9eed-7a4cc889cb7c","3, 0",1763293056439,1763293116438,1763293056439
787,"unlock","0adab909-eb8f-4baf-9eed-7a4cc889cb7c","3, 0",1763293056439,1763293116438,1763293116438
787,"unlock","0adab909-eb8f-4baf-9eed-7a4cc889cb7c","3, 0",1763293116439,1763293176438,1763293116439
787,"unlock","0adab909-eb8f-4baf-9eed-7a4cc889cb7c","3, 0",1763293116439,1763293176438,1763293176438
787,"unlock","0adab909-eb8f-4baf-9eed-7a4cc889cb7c","3, 0",1763293176439,1763293199173,1763293176439
787,"unlock","0adab909-eb8f-4baf-9eed-7a4cc889cb7c","3, 0",1763293176439,1763293199173,1763293199173
790,"unlock","0adab909-eb8f-4baf-9eed-7a4cc889cb7c","3, 0",1763293637698,1763293697697,1763293637698
790,"unlock","0adab909-eb8f-4baf-9eed-7a4cc889cb7c","3, 0",1763293637698,1763293697697,1763293697697
790,"unlock","0adab909-eb8f-4baf-9eed-7a4cc889cb7c","3, 0",1763293697698,1763293757697,1763293697698
790,"unlock","0adab909-eb8f-4baf-9eed-7a4cc889cb7c","3, 0",1763293697698,1763293757697,1763293757697
790,"unlock","0adab909-eb8f-4baf-9eed-7a4cc889cb7c","3, 0",1763293757698,1763293778801,1763293757698
790,"unlock","0adab909-eb8f-4baf-9eed-7a4cc889cb7c","3, 0",1763293757698,1763293778801,1763293778801
795,"unlock","0adab909-eb8f-4baf-9eed-7a4cc889cb7c","3, 0",1763294329039,1763294389038,1763294329039
795,"unlock","0adab909-eb8f-4baf-9eed-7a4cc889cb7c","3, 0",1763294329039,1763294389038,1763294389038
795,"unlock","0adab909-eb8f-4baf-9eed-7a4cc889cb7c","3, 0",1763294389039,1763294449038,1763294389039
795,"unlock","0adab909-eb8f-4baf-9eed-7a4cc889cb7c","3, 0",1763294389039,1763294449038,1763294449038
795,"unlock","0adab909-eb8f-4baf-9eed-7a4cc889cb7c","3, 0",1763294449039,1763294509038,1763294449039
795,"unlock","0adab909-eb8f-4baf-9eed-7a4cc889cb7c","3, 0",1763294449039,1763294509038,1763294509038
795,"unlock","0adab909-eb8f-4baf-9eed-7a4cc889cb7c","3, 0",1763294509039,1763294569038,1763294509039
795,"unlock","0adab909-eb8f-4baf-9eed-7a4cc889cb7c","3, 0",1763294509039,1763294569038,1763294569038
795,"unlock","0adab909-eb8f-4baf-9eed-7a4cc889cb7c","3, 0",1763294569039,1763294629038,1763294569039
795,"unlock","0adab909-eb8f-4baf-9eed-7a4cc889cb7c","3, 0",1763294569039,1763294629038,1763294629038
795,"unlock","0adab909-eb8f-4baf-9eed-7a4cc889cb7c","3, 0",1763294629039,1763294689038,1763294629039
795,"unlock","0adab909-eb8f-4baf-9eed-7a4cc889cb7c","3, 0",1763294629039,1763294689038,1763294689038
795,"unlock","0adab909-eb8f-4baf-9eed-7a4cc889cb7c","3, 0",1763294689039,1763294749038,1763294689039
795,"unlock","0adab909-eb8f-4baf-9eed-7a4cc889cb7c","3, 0",1763294689039,1763294749038,1763294749038
795,"unlock","0adab909-eb8f-4baf-9eed-7a4cc889cb7c","3, 0",1763294749039,1763294809038,1763294749039
795,"unlock","0adab909-eb8f-4baf-9eed-7a4cc889cb7c","3, 0",1763294749039,1763294809038,1763294809038
795,"unlock","0adab909-eb8f-4baf-9eed-7a4cc889cb7c","3, 0",1763294809039,1763294869038,1763294809039
795,"unlock","0adab909-eb8f-4baf-9eed-7a4cc889cb7c","3, 0",1763294809039,1763294869038,1763294869038
795,"unlock","0adab909-eb8f-4baf-9eed-7a4cc889cb7c","3, 0",1763294869039,1763294929038,1763294869039
795,"unlock","0adab909-eb8f-4baf-9eed-7a4cc889cb7c","3, 0",1763294869039,1763294929038,1763294929038
795,"unlock","0adab909-eb8f-4baf-9eed-7a4cc889cb7c","3, 0",1763294929039,1763294989038,1763294929039
795,"unlock","0adab909-eb8f-4baf-9eed-7a4cc889cb7c","3, 0",1763294929039,1763294989038,1763294989038
795,"unlock","0adab909-eb8f-4baf-9eed-7a4cc889cb7c","3, 0",1763294989039,1763295049038,1763294989039
795,"unlock","0adab909-eb8f-4baf-9eed-7a4cc889cb7c","3, 0",1763294989039,1763295049038,1763295049038
795,"unlock","0adab909-eb8f-4baf-9eed-7a4cc889cb7c","3, 0",1763295049039,1763295107286,1763295049039
795,"unlock","0adab909-eb8f-4baf-9eed-7a4cc889cb7c","3, 0",1763295049039,1763295107286,1763295107286
798,"unlock","0adab909-eb8f-4baf-9eed-7a4cc889cb7c","3, 0",1763295128802,1763295188801,1763295128802
798,"unlock","0adab909-eb8f-4baf-9eed-7a4cc889cb7c","3, 0",1763295128802,1763295188801,1763295188801
798,"unlock","0adab909-eb8f-4baf-9eed-7a4cc889cb7c","3, 0",1763295188802,1763295199939,1763295188802
798,"unlock","0adab909-eb8f-4baf-9eed-7a4cc889cb7c","3, 0",1763295188802,1763295199939,1763295199939
801,"unlock","0adab909-eb8f-4baf-9eed-7a4cc889cb7c","3, 0",1763295326309,1763295386308,1763295326309
801,"unlock","0adab909-eb8f-4baf-9eed-7a4cc889cb7c","3, 0",1763295326309,1763295386308,1763295386308
801,"unlock","0adab909-eb8f-4baf-9eed-7a4cc889cb7c","3, 0",1763295386309,1763295389262,1763295386309
801,"unlock","0adab909-eb8f-4baf-9eed-7a4cc889cb7c","3, 0",1763295386309,1763295389262,1763295389262
