"timestamp","device_id","sensor"
1762732815000,"0adab909-eb8f-4baf-9eed-7a4cc889cb7c",4
1762733115000,"0adab909-eb8f-4baf-9eed-7a4cc889cb7c",3
1762733415000,"0adab909-eb8f-4baf-9eed-7a4cc889cb7c",4
1762733715000,"0adab909-eb8f-4baf-9eed-7a4cc889cb7c",4
1762733716000,"0adab909-eb8f-4baf-9eed-7a4cc889cb7c",3
1762733718000,"0adab909-eb8f-4baf-9eed-7a4cc889cb7c",3
1762733722000,"0adab909-eb8f-4baf-9eed-7a4cc889cb7c",3
1762733947000,"0adab909-eb8f-4baf-9eed-7a4cc889cb7c",4
1762734246000,"0adab909-eb8f-4baf-9eed-7a4cc889cb7c",4
1762734547000,"0adab909-eb8f-4baf-9eed-7a4cc889cb7c",4
1762734548000,"0adab909-eb8f-4baf-9eed-7a4cc889cb7c",3
1762734549000,"0adab909-eb8f-4baf-9eed-7a4cc889cb7c",3
1762734555000,"0adab909-eb8f-4baf-9eed-7a4cc889cb7c",3
1762734847000,"0adab909-eb8f-4baf-9eed-7a4cc889cb7c",4
1762735146000,"0adab909-eb8f-4baf-9eed-7a4cc889cb7c",3
1762735155000,"0adab909-eb8f-4baf-9eed-7a4cc889cb7c",3
1762735446000,"0adab909-eb8f-4baf-9eed-7a4cc889cb7c",4
1762735747000,"0adab909-eb8f-4baf-9eed-7a4cc889cb7c",4
1762735748000,"0adab909-eb8f-4baf-9eed-7a4cc889cb7c",3
1762735978000,"0adab909-eb8f-4baf-9eed-7a4cc889cb7c",4
1762736279000,"0adab909-eb8f-4baf-9eed-7a4cc889cb7c",3
1762736280000,"0adab909-eb8f-4baf-9eed-7a4cc889cb7c",3
1762736579000,"0adab909-eb8f-4baf-9eed-7a4cc889cb7c",4
1762736878000,"0adab909-eb8f-4baf-9eed-7a4cc889cb7c",4
1762736880000,"0adab909-eb8f-4baf-9eed-7a4cc889cb7c",3
1762737179000,"0adab909-eb8f-4baf-9eed-7a4cc889cb7c",4
1762737479000,"0adab909-eb8f-4baf-9eed-7a4cc889cb7c",4
1762737480000,"0adab909-eb8f-4baf-9eed-7a4cc889cb7c",3
1762737481000,"0adab909-eb8f-4baf-9eed-7a4cc889cb7c",3
1762737591000,"0adab909-eb8f-4baf-9eed-7a4cc889cb7c",4
1762737593000,"0adab909-eb8f-4baf-9eed-7a4cc889cb7c",4
1762737822000,"0adab909-eb8f-4baf-9eed-7a4cc889cb7c",4
1762738122000,"0adab909-eb8f-4baf-9eed-7a4cc889cb7c",3
1762738123000,"0adab909-eb8f-4baf-9eed-7a4cc889cb7c",3
1762738422000,"0adab909-eb8f-4baf-9eed-7a4cc889cb7c",4
1762738723000,"0adab909-eb8f-4baf-9eed-7a4cc889cb7c",4
1762738726000,"0adab909-eb8f-4baf-9eed-7a4cc889cb7c",3
1762738730000,"0adab909-eb8f-4baf-9eed-7a4cc889cb7c",3
1762739022000,"0adab909-eb8f-4baf-9eed-7a4cc889cb7c",4
1762739322000,"0adab909-eb8f-4baf-9eed-7a4cc889cb7c",3
1762739323000,"0adab909-eb8f-4baf-9eed-7a4cc889cb7c",3
1762739324000,"0adab909-eb8f-4baf-9eed-7a4cc889cb7c",3
1762739622000,"0adab909-eb8f-4baf-9eed-7a4cc889cb7c",4
1762739854000,"0adab909-eb8f-4baf-9eed-7a4cc889cb7c",3
1762739855000,"0adab909-eb8f-4baf-9eed-7a4cc889cb7c",3
1762740182000,"0adab909-eb8f-4baf-9eed-7a4cc889cb7c",4
1762740454000,"0adab909-eb8f-4baf-9eed-7a4cc889cb7c",4
1762740455000,"0adab909-eb8f-4baf-9eed-7a4cc889cb7c",3
1762740457000,"0adab909-eb8f-4baf-9eed-7a4cc889cb7c",3
1762740463000,"0adab909-eb8f-4baf-9eed-7a4cc889cb7c",3
1762740754000,"0adab909-eb8f-4baf-9eed-7a4cc889cb7c",4
1762741053000,"0adab909-eb8f-4baf-9eed-7a4cc889cb7c",3
1762741055000,"0adab909-eb8f-4baf-9eed-7a4cc889cb7c",3
1762741353000,"0adab909-eb8f-4baf-9eed-7a4cc889cb7c",4
1762741654000,"0adab909-eb8f-4baf-9eed-7a4cc889cb7c",3
1762741655000,"0adab909-eb8f-4baf-9eed-7a4cc889cb7c",3
1762741886000,"0adab909-eb8f-4baf-9eed-7a4cc889cb7c",4
1762742186000,"0adab909-eb8f-4baf-9eed-7a4cc889cb7c",4
1762742187000,"0adab909-eb8f-4baf-9eed-7a4cc889cb7c",3
1762742189000,"0adab909-eb8f-4baf-9eed-7a4cc889cb7c",3
1762742485000,"0adab909-eb8f-4baf-9eed-7a4cc889cb7c",4
1762742785000,"0adab909-eb8f-4baf-9eed-7a4cc889cb7c",3
1762742793000,"0adab909-eb8f-4baf-9eed-7a4cc889cb7c",3
1762743085000,"0adab909-eb8f-4baf-9eed-7a4cc889cb7c",4
1762743386000,"0adab909-eb8f-4baf-9eed-7a4cc889cb7c",3
1762743394000,"0adab909-eb8f-4baf-9eed-7a4cc889cb7c",3
1762743395000,"0adab909-eb8f-4baf-9eed-7a4cc889cb7c",3
1762743686000,"0adab909-eb8f-4baf-9eed-7a4cc889cb7c",4
1762743918000,"0adab909-eb8f-4baf-9eed-7a4cc889cb7c",4
1762743919000,"0adab909-eb8f-4baf-9eed-7a4cc889cb7c",3
1762743921000,"0adab909-eb8f-4baf-9eed-7a4cc889cb7c",3
1762744218000,"0adab909-eb8f-4baf-9eed-7a4cc889cb7c",4
1762744518000,"0adab909-eb8f-4baf-9eed-7a4cc889cb7c",4
1762744519000,"0adab909-eb8f-4baf-9eed-7a4cc889cb7c",3
1762744817000,"0adab909-eb8f-4baf-9eed-7a4cc889cb7c",4
1762745117000,"0adab909-eb8f-4baf-9eed-7a4cc889cb7c",3
1762745118000,"0adab909-eb8f-4baf-9eed-7a4cc889cb7c",3
1762745123000,"0adab909-eb8f-4baf-9eed-7a4cc889cb7c",3
1762745418000,"0adab909-eb8f-4baf-9eed-7a4cc889cb7c",4
1762745717000,"0adab909-eb8f-4baf-9eed-7a4cc889cb7c",3
1762745718000,"0adab909-eb8f-4baf-9eed-7a4cc889cb7c",3
1762745721000,"0adab909-eb8f-4baf-9eed-7a4cc889cb7c",3
1762745948000,"0adab909-eb8f-4baf-9eed-7a4cc889cb7c",4
1762746131000,"0adab909-eb8f-4baf-9eed-7a4cc889cb7c",1
1762746133000,"0adab909-eb8f-4baf-9eed-7a4cc889cb7c",1
1762746248000,"0adab909-eb8f-4baf-9eed-7a4cc889cb7c",4
1762746548000,"0adab909-eb8f-4baf-9eed-7a4cc889cb7c",3
1762746549000,"0adab909-eb8f-4baf-9eed-7a4cc889cb7c",3
1762746849000,"0adab909-eb8f-4baf-9eed-7a4cc889cb7c",4
1762747148000,"0adab909-eb8f-4baf-9eed-7a4cc889cb7c",4
1762747149000,"0adab909-eb8f-4baf-9eed-7a4cc889cb7c",3
1762747150000,"0adab909-eb8f-4baf-9eed-7a4cc889cb7c",3
1762747152000,"0adab909-eb8f-4baf-9eed-7a4cc889cb7c",3
1762747448000,"0adab909-eb8f-4baf-9eed-7a4cc889cb7c",4
1762747748000,"0adab909-eb8f-4baf-9eed-7a4cc889cb7c",3
1762747980000,"0adab909-eb8f-4baf-9eed-7a4cc889cb7c",4
1762748280000,"0adab909-eb8f-4baf-9eed-7a4cc889cb7c",4
1762748281000,"0adab909-eb8f-4baf-9eed-7a4cc889cb7c",3
1762748580000,"0adab909-eb8f-4baf-9eed-7a4cc889cb7c",4
1762748880000,"0adab909-eb8f-4baf-9eed-7a4cc889cb7c",3
1762748886000,"0adab909-eb8f-4baf-9eed-7a4cc889cb7c",3
1762749180000,"0adab909-eb8f-4baf-9eed-7a4cc889cb7c",4
1762749479000,"0adab909-eb8f-4baf-9eed-7a4cc889cb7c",4
1762749480000,"0adab909-eb8f-4baf-9eed-7a4cc889cb7c",3
1762749486000,"0adab909-eb8f-4baf-9eed-7a4cc889cb7c",3
1762749779000,"0adab909-eb8f-4baf-9eed-7a4cc889cb7c",4
1762750132000,"0adab909-eb8f-4baf-9eed-7a4cc889cb7c",3
1762750433000,"0adab909-eb8f-4baf-9eed-7a4cc889cb7c",4
1762750732000,"0adab909-eb8f-4baf-9eed-7a4cc889cb7c",3
1762751033000,"0adab909-eb8f-4baf-9eed-7a4cc889cb7c",4
1762751332000,"0adab909-eb8f-4baf-9eed-7a4cc889cb7c",3
1762751333000,"0adab909-eb8f-4baf-9eed-7a4cc889cb7c",3
1762751632000,"0adab909-eb8f-4baf-9eed-7a4cc889cb7c",4
1762751863000,"0adab909-eb8f-4baf-9eed-7a4cc889cb7c",4
1762751864000,"0adab909-eb8f-4baf-9eed-7a4cc889cb7c",3
1762751870000,"0adab909-eb8f-4baf-9eed-7a4cc889cb7c",3
1762752022000,"0adab909-eb8f-4baf-9eed-7a4cc889cb7c",4
1762752025000,"0adab909-eb8f-4baf-9eed-7a4cc889cb7c",4
1762752463000,"0adab909-eb8f-4baf-9eed-7a4cc889cb7c",3
1762752763000,"0adab909-eb8f-4baf-9eed-7a4cc889cb7c",4
1762752766000,"0adab909-eb8f-4baf-9eed-7a4cc889cb7c",4
1762753063000,"0adab909-eb8f-4baf-9eed-7a4cc889cb7c",4
1762753067000,"0adab909-eb8f-4baf-9eed-7a4cc889cb7c",3
1762753200000,"0adab909-eb8f-4baf-9eed-7a4cc889cb7c",1
1762753214000,"0adab909-eb8f-4baf-9eed-7a4cc889cb7c",1
1762753363000,"0adab909-eb8f-4baf-9eed-7a4cc889cb7c",4
1762753602000,"0adab909-eb8f-4baf-9eed-7a4cc889cb7c",1
1762753605000,"0adab909-eb8f-4baf-9eed-7a4cc889cb7c",4
1762753607000,"0adab909-eb8f-4baf-9eed-7a4cc889cb7c",1
1762754035000,"0adab909-eb8f-4baf-9eed-7a4cc889cb7c",4
1762754216000,"0adab909-eb8f-4baf-9eed-7a4cc889cb7c",1
1762754223000,"0adab909-eb8f-4baf-9eed-7a4cc889cb7c",1
1762754225000,"0adab909-eb8f-4baf-9eed-7a4cc889cb7c",1
1762754233000,"0adab909-eb8f-4baf-9eed-7a4cc889cb7c",1
1762754279000,"0adab909-eb8f-4baf-9eed-7a4cc889cb7c",3
1762754280000,"0adab909-eb8f-4baf-9eed-7a4cc889cb7c",3
1762754281000,"0adab909-eb8f-4baf-9eed-7a4cc889cb7c",3
1762754282000,"0adab909-eb8f-4baf-9eed-7a4cc889cb7c",3
1762754283000,"0adab909-eb8f-4baf-9eed-7a4cc889cb7c",3
1762754284000,"0adab909-eb8f-4baf-9eed-7a4cc889cb7c",3
1762754285000,"0adab909-eb8f-4baf-9eed-7a4cc889cb7c",3
1762754286000,"0adab909-eb8f-4baf-9eed-7a4cc889cb7c",3
1762754287000,"0adab909-eb8f-4baf-9eed-7a4cc889cb7c",3
1762754288000,"0adab909-eb8f-4baf-9eed-7a4cc889cb7c",3
1762754289000,"0adab909-eb8f-4baf-9eed-7a4cc889cb7c",3
1762754290000,"0adab909-eb8f-4baf-9eed-7a4cc889cb7c",3
1762754291000,"0adab909-eb8f-4baf-9eed-7a4cc889cb7c",3
1762754292000,"0adab909-eb8f-4baf-9eed-7a4cc889cb7c",3
1762754634000,"0adab909-eb8f-4baf-9eed-7a4cc889cb7c",4
1762754934000,"0adab909-eb8f-4baf-9eed-7a4cc889cb7c",3
1762754935000,"0adab909-eb8f-4baf-9eed-7a4cc889cb7c",3
1762754937000,"0adab909-eb8f-4baf-9eed-7a4cc889cb7c",4
1762755234000,"0adab909-eb8f-4baf-9eed-7a4cc889cb7c",4
1762755530000,"0adab909-eb8f-4baf-9eed-7a4cc889cb7c",4
1762755531000,"0adab909-eb8f-4baf-9eed-7a4cc889cb7c",3
1762755538000,"0adab909-eb8f-4baf-9eed-7a4cc889cb7c",3
1762755830000,"0adab909-eb8f-4baf-9eed-7a4cc889cb7c",4
1762755833000,"0adab909-eb8f-4baf-9eed-7a4cc889cb7c",4
1762756121000,"0adab909-eb8f-4baf-9eed-7a4cc889cb7c",1
1762756126000,"0adab909-eb8f-4baf-9eed-7a4cc889cb7c",1
1762756130000,"0adab909-eb8f-4baf-9eed-7a4cc889cb7c",4
1762756132000,"0adab909-eb8f-4baf-9eed-7a4cc889cb7c",3
1762756138000,"0adab909-eb8f-4baf-9eed-7a4cc889cb7c",3
1762756140000,"0adab909-eb8f-4baf-9eed-7a4cc889cb7c",3
1762756144000,"0adab909-eb8f-4baf-9eed-7a4cc889cb7c",3
1762756430000,"0adab909-eb8f-4baf-9eed-7a4cc889cb7c",4
1762756485000,"0adab909-eb8f-4baf-9eed-7a4cc889cb7c",4
1762756730000,"0adab909-eb8f-4baf-9eed-7a4cc889cb7c",4
1762756732000,"0adab909-eb8f-4baf-9eed-7a4cc889cb7c",3
1762756743000,"0adab909-eb8f-4baf-9eed-7a4cc889cb7c",3
1762756744000,"0adab909-eb8f-4baf-9eed-7a4cc889cb7c",3
1762756783000,"0adab909-eb8f-4baf-9eed-7a4cc889cb7c",1
1762756903000,"0adab909-eb8f-4baf-9eed-7a4cc889cb7c",4
1762757133000,"0adab909-eb8f-4baf-9eed-7a4cc889cb7c",4
1762757134000,"0adab909-eb8f-4baf-9eed-7a4cc889cb7c",3
1762757135000,"0adab909-eb8f-4baf-9eed-7a4cc889cb7c",3
1762757136000,"0adab909-eb8f-4baf-9eed-7a4cc889cb7c",3
1762757137000,"0adab909-eb8f-4baf-9eed-7a4cc889cb7c",3
1762757138000,"0adab909-eb8f-4baf-9eed-7a4cc889cb7c",3
1762757139000,"0adab909-eb8f-4baf-9eed-7a4cc889cb7c",3
1762757142000,"0adab909-eb8f-4baf-9eed-7a4cc889cb7c",3
1762757145000,"0adab909-eb8f-4baf-9eed-7a4cc889cb7c",3
1762757201000,"0adab909-eb8f-4baf-9eed-7a4cc889cb7c",4
1762757207000,"0adab909-eb8f-4baf-9eed-7a4cc889cb7c",1
1762757209000,"0adab909-eb8f-4baf-9eed-7a4cc889cb7c",1
1762757247000,"0adab909-eb8f-4baf-9eed-7a4cc889cb7c",1
1762757334000,"0adab909-eb8f-4baf-9eed-7a4cc889cb7c",2
1762757337000,"0adab909-eb8f-4baf-9eed-7a4cc889cb7c",4
1762757356000,"0adab909-eb8f-4baf-9eed-7a4cc889cb7c",1
1762757364000,"0adab909-eb8f-4baf-9eed-7a4cc889cb7c",1
1762757485000,"0adab909-eb8f-4baf-9eed-7a4cc889cb7c",4
1762757538000,"0adab909-eb8f-4baf-9eed-7a4cc889cb7c",2
1762757689000,"0adab909-eb8f-4baf-9eed-7a4cc889cb7c",3
1762757691000,"0adab909-eb8f-4baf-9eed-7a4cc889cb7c",4
1762757697000,"0adab909-eb8f-4baf-9eed-7a4cc889cb7c",3
1762757700000,"0adab909-eb8f-4baf-9eed-7a4cc889cb7c",3
1762757718000,"0adab909-eb8f-4baf-9eed-7a4cc889cb7c",2
1762757757000,"0adab909-eb8f-4baf-9eed-7a4cc889cb7c",4
1762757832000,"0adab909-eb8f-4baf-9eed-7a4cc889cb7c",1
1762757834000,"0adab909-eb8f-4baf-9eed-7a4cc889cb7c",1
1762758061000,"0adab909-eb8f-4baf-9eed-7a4cc889cb7c",4
1762758082000,"0adab909-eb8f-4baf-9eed-7a4cc889cb7c",1
1762758084000,"0adab909-eb8f-4baf-9eed-7a4cc889cb7c",1
1762758218000,"0adab909-eb8f-4baf-9eed-7a4cc889cb7c",2
1762758352000,"0adab909-eb8f-4baf-9eed-7a4cc889cb7c",4
1762758609000,"0adab909-eb8f-4baf-9eed-7a4cc889cb7c",4
1762758674000,"0adab909-eb8f-4baf-9eed-7a4cc889cb7c",4
1762758883000,"0adab909-eb8f-4baf-9eed-7a4cc889cb7c",3
1762758948000,"0adab909-eb8f-4baf-9eed-7a4cc889cb7c",4
1762759017000,"0adab909-eb8f-4baf-9eed-7a4cc889cb7c",4
1762759223000,"0adab909-eb8f-4baf-9eed-7a4cc889cb7c",4
1762759288000,"0adab909-eb8f-4baf-9eed-7a4cc889cb7c",4
1762759487000,"0adab909-eb8f-4baf-9eed-7a4cc889cb7c",3
1762759554000,"0adab909-eb8f-4baf-9eed-7a4cc889cb7c",4
1762759848000,"0adab909-eb8f-4baf-9eed-7a4cc889cb7c",4
1762759913000,"0adab909-eb8f-4baf-9eed-7a4cc889cb7c",4
1762760105000,"0adab909-eb8f-4baf-9eed-7a4cc889cb7c",3
1762760112000,"0adab909-eb8f-4baf-9eed-7a4cc889cb7c",3
1762760173000,"0adab909-eb8f-4baf-9eed-7a4cc889cb7c",4
1762760604000,"0adab909-eb8f-4baf-9eed-7a4cc889cb7c",4
1762760607000,"0adab909-eb8f-4baf-9eed-7a4cc889cb7c",4
1762761109000,"0adab909-eb8f-4baf-9eed-7a4cc889cb7c",3
1762761110000,"0adab909-eb8f-4baf-9eed-7a4cc889cb7c",3
1762761111000,"0adab909-eb8f-4baf-9eed-7a4cc889cb7c",3
1762761112000,"0adab909-eb8f-4baf-9eed-7a4cc889cb7c",3
1762761115000,"0adab909-eb8f-4baf-9eed-7a4cc889cb7c",3
1762761121000,"0adab909-eb8f-4baf-9eed-7a4cc889cb7c",3
1762761467000,"0adab909-eb8f-4baf-9eed-7a4cc889cb7c",3
1762761468000,"0adab909-eb8f-4baf-9eed-7a4cc889cb7c",3
1762761469000,"0adab909-eb8f-4baf-9eed-7a4cc889cb7c",3
1762761471000,"0adab909-eb8f-4baf-9eed-7a4cc889cb7c",3
1762761472000,"0adab909-eb8f-4baf-9eed-7a4cc889cb7c",3
1762761473000,"0adab909-eb8f-4baf-9eed-7a4cc889cb7c",3
1762761474000,"0adab909-eb8f-4baf-9eed-7a4cc889cb7c",3
1762761475000,"0adab909-eb8f-4baf-9eed-7a4cc889cb7c",3
1762761477000,"0adab909-eb8f-4baf-9eed-7a4cc889cb7c",3
1762761766000,"0adab909-eb8f-4baf-9eed-7a4cc889cb7c",4
1762762067000,"0adab909-eb8f-4baf-9eed-7a4cc889cb7c",3
1762762068000,"0adab909-eb8f-4baf-9eed-7a4cc889cb7c",3
1762762069000,"0adab909-eb8f-4baf-9eed-7a4cc889cb7c",3
1762762070000,"0adab909-eb8f-4baf-9eed-7a4cc889cb7c",3
1762762071000,"0adab909-eb8f-4baf-9eed-7a4cc889cb7c",3
1762762072000,"0adab909-eb8f-4baf-9eed-7a4cc889cb7c",3
1762762073000,"0adab909-eb8f-4baf-9eed-7a4cc889cb7c",3
1762762077000,"0adab909-eb8f-4baf-9eed-7a4cc889cb7c",3
1762762367000,"0adab909-eb8f-4baf-9eed-7a4cc889cb7c",4
1762762667000,"0adab909-eb8f-4baf-9eed-7a4cc889cb7c",4
1762762668000,"0adab909-eb8f-4baf-9eed-7a4cc889cb7c",3
1762762669000,"0adab909-eb8f-4baf-9eed-7a4cc889cb7c",3
1762762670000,"0adab909-eb8f-4baf-9eed-7a4cc889cb7c",3
1762762671000,"0adab909-eb8f-4baf-9eed-7a4cc889cb7c",3
1762762672000,"0adab909-eb8f-4baf-9eed-7a4cc889cb7c",3
1762762673000,"0adab909-eb8f-4baf-9eed-7a4cc889cb7c",3
1762762675000,"0adab909-eb8f-4baf-9eed-7a4cc889cb7c",3
1762762676000,"0adab909-eb8f-4baf-9eed-7a4cc889cb7c",3
1762762677000,"0adab909-eb8f-4baf-9eed-7a4cc889cb7c",3
1762762678000,"0adab909-eb8f-4baf-9eed-7a4cc889cb7c",3
1762762899000,"0adab909-eb8f-4baf-9eed-7a4cc889cb7c",4
1762763199000,"0adab909-eb8f-4baf-9eed-7a4cc889cb7c",3
1762763200000,"0adab909-eb8f-4baf-9eed-7a4cc889cb7c",3
1762763201000,"0adab909-eb8f-4baf-9eed-7a4cc889cb7c",3
1762763202000,"0adab909-eb8f-4baf-9eed-7a4cc889cb7c",3
1762763203000,"0adab909-eb8f-4baf-9eed-7a4cc889cb7c",3
1762763204000,"0adab909-eb8f-4baf-9eed-7a4cc889cb7c",3
1762763205000,"0adab909-eb8f-4baf-9eed-7a4cc889cb7c",3
1762763208000,"0adab909-eb8f-4baf-9eed-7a4cc889cb7c",3
1762763499000,"0adab909-eb8f-4baf-9eed-7a4cc889cb7c",4
1762763799000,"0adab909-eb8f-4baf-9eed-7a4cc889cb7c",3
1762763800000,"0adab909-eb8f-4baf-9eed-7a4cc889cb7c",3
1762763801000,"0adab909-eb8f-4baf-9eed-7a4cc889cb7c",3
1762763803000,"0adab909-eb8f-4baf-9eed-7a4cc889cb7c",3
1762763804000,"0adab909-eb8f-4baf-9eed-7a4cc889cb7c",3
1762763806000,"0adab909-eb8f-4baf-9eed-7a4cc889cb7c",3
1762763807000,"0adab909-eb8f-4baf-9eed-7a4cc889cb7c",3
1762763811000,"0adab909-eb8f-4baf-9eed-7a4cc889cb7c",3
1762764098000,"0adab909-eb8f-4baf-9eed-7a4cc889cb7c",4
1762764224000,"0adab909-eb8f-4baf-9eed-7a4cc889cb7c",4
1762764276000,"0adab909-eb8f-4baf-9eed-7a4cc889cb7c",3
1762764277000,"0adab909-eb8f-4baf-9eed-7a4cc889cb7c",3
1762764278000,"0adab909-eb8f-4baf-9eed-7a4cc889cb7c",3
1762764279000,"0adab909-eb8f-4baf-9eed-7a4cc889cb7c",3
1762764280000,"0adab909-eb8f-4baf-9eed-7a4cc889cb7c",3
1762764283000,"0adab909-eb8f-4baf-9eed-7a4cc889cb7c",3
1762764288000,"0adab909-eb8f-4baf-9eed-7a4cc889cb7c",3
1762764699000,"0adab909-eb8f-4baf-9eed-7a4cc889cb7c",4
1762764930000,"0adab909-eb8f-4baf-9eed-7a4cc889cb7c",3
1762764931000,"0adab909-eb8f-4baf-9eed-7a4cc889cb7c",3
1762764932000,"0adab909-eb8f-4baf-9eed-7a4cc889cb7c",3
1762764933000,"0adab909-eb8f-4baf-9eed-7a4cc889cb7c",3
1762764934000,"0adab909-eb8f-4baf-9eed-7a4cc889cb7c",3
1762764935000,"0adab909-eb8f-4baf-9eed-7a4cc889cb7c",3
1762764937000,"0adab909-eb8f-4baf-9eed-7a4cc889cb7c",3
1762764938000,"0adab909-eb8f-4baf-9eed-7a4cc889cb7c",3
1762764939000,"0adab909-eb8f-4baf-9eed-7a4cc889cb7c",3
1762764941000,"0adab909-eb8f-4baf-9eed-7a4cc889cb7c",3
1762765051000,"0adab909-eb8f-4baf-9eed-7a4cc889cb7c",4
1762765157000,"0adab909-eb8f-4baf-9eed-7a4cc889cb7c",4
1762765337000,"0adab909-eb8f-4baf-9eed-7a4cc889cb7c",5
1762765339000,"0adab909-eb8f-4baf-9eed-7a4cc889cb7c",1
1762765341000,"0adab909-eb8f-4baf-9eed-7a4cc889cb7c",4
1762765356000,"0adab909-eb8f-4baf-9eed-7a4cc889cb7c",1
1762765358000,"0adab909-eb8f-4baf-9eed-7a4cc889cb7c",4
1762765364000,"0adab909-eb8f-4baf-9eed-7a4cc889cb7c",4
1762765413000,"0adab909-eb8f-4baf-9eed-7a4cc889cb7c",1
1762765414000,"0adab909-eb8f-4baf-9eed-7a4cc889cb7c",1
1762765497000,"0adab909-eb8f-4baf-9eed-7a4cc889cb7c",3
1762765498000,"0adab909-eb8f-4baf-9eed-7a4cc889cb7c",3
1762765499000,"0adab909-eb8f-4baf-9eed-7a4cc889cb7c",3
1762765500000,"0adab909-eb8f-4baf-9eed-7a4cc889cb7c",3
1762765501000,"0adab909-eb8f-4baf-9eed-7a4cc889cb7c",3
1762765504000,"0adab909-eb8f-4baf-9eed-7a4cc889cb7c",3
1762765512000,"0adab909-eb8f-4baf-9eed-7a4cc889cb7c",3
1762765517000,"0adab909-eb8f-4baf-9eed-7a4cc889cb7c",3
1762765518000,"0adab909-eb8f-4baf-9eed-7a4cc889cb7c",3
1762765519000,"0adab909-eb8f-4baf-9eed-7a4cc889cb7c",3
1762765520000,"0adab909-eb8f-4baf-9eed-7a4cc889cb7c",3
1762765546000,"0adab909-eb8f-4baf-9eed-7a4cc889cb7c",1
1762765633000,"0adab909-eb8f-4baf-9eed-7a4cc889cb7c",4
1762765703000,"0adab909-eb8f-4baf-9eed-7a4cc889cb7c",4
1762765926000,"0adab909-eb8f-4baf-9eed-7a4cc889cb7c",1
1762765940000,"0adab909-eb8f-4baf-9eed-7a4cc889cb7c",1
1762765971000,"0adab909-eb8f-4baf-9eed-7a4cc889cb7c",4
1762766078000,"0adab909-eb8f-4baf-9eed-7a4cc889cb7c",1
1762766088000,"0adab909-eb8f-4baf-9eed-7a4cc889cb7c",1
1762766272000,"0adab909-eb8f-4baf-9eed-7a4cc889cb7c",1
1762766274000,"0adab909-eb8f-4baf-9eed-7a4cc889cb7c",1
1762766374000,"0adab909-eb8f-4baf-9eed-7a4cc889cb7c",1
1762766377000,"0adab909-eb8f-4baf-9eed-7a4cc889cb7c",1
1762766378000,"0adab909-eb8f-4baf-9eed-7a4cc889cb7c",1
1762766431000,"0adab909-eb8f-4baf-9eed-7a4cc889cb7c",3
1762766432000,"0adab909-eb8f-4baf-9eed-7a4cc889cb7c",3
1762766433000,"0adab909-eb8f-4baf-9eed-7a4cc889cb7c",3
1762766434000,"0adab909-eb8f-4baf-9eed-7a4cc889cb7c",3
1762766435000,"0adab909-eb8f-4baf-9eed-7a4cc889cb7c",3
1762766437000,"0adab909-eb8f-4baf-9eed-7a4cc889cb7c",3
1762766440000,"0adab909-eb8f-4baf-9eed-7a4cc889cb7c",3
1762766443000,"0adab909-eb8f-4baf-9eed-7a4cc889cb7c",3
1762766444000,"0adab909-eb8f-4baf-9eed-7a4cc889cb7c",3
1762766495000,"0adab909-eb8f-4baf-9eed-7a4cc889cb7c",4
1762766901000,"0adab909-eb8f-4baf-9eed-7a4cc889cb7c",1
1762766902000,"0adab909-eb8f-4baf-9eed-7a4cc889cb7c",1
1762766937000,"0adab909-eb8f-4baf-9eed-7a4cc889cb7c",4
1762766962000,"0adab909-eb8f-4baf-9eed-7a4cc889cb7c",4
1762766963000,"0adab909-eb8f-4baf-9eed-7a4cc889cb7c",3
1762766964000,"0adab909-eb8f-4baf-9eed-7a4cc889cb7c",3
1762766965000,"0adab909-eb8f-4baf-9eed-7a4cc889cb7c",3
1762766966000,"0adab909-eb8f-4baf-9eed-7a4cc889cb7c",3
1762766967000,"0adab909-eb8f-4baf-9eed-7a4cc889cb7c",3
1762766968000,"0adab909-eb8f-4baf-9eed-7a4cc889cb7c",3
1762766970000,"0adab909-eb8f-4baf-9eed-7a4cc889cb7c",3
1762766971000,"0adab909-eb8f-4baf-9eed-7a4cc889cb7c",3
1762766973000,"0adab909-eb8f-4baf-9eed-7a4cc889cb7c",3
1762766975000,"0adab909-eb8f-4baf-9eed-7a4cc889cb7c",3
1762766976000,"0adab909-eb8f-4baf-9eed-7a4cc889cb7c",3
1762766977000,"0adab909-eb8f-4baf-9eed-7a4cc889cb7c",3
1762767006000,"0adab909-eb8f-4baf-9eed-7a4cc889cb7c",1
1762767126000,"0adab909-eb8f-4baf-9eed-7a4cc889cb7c",4
1762767129000,"0adab909-eb8f-4baf-9eed-7a4cc889cb7c",4
1762767564000,"0adab909-eb8f-4baf-9eed-7a4cc889cb7c",3
1762767565000,"0adab909-eb8f-4baf-9eed-7a4cc889cb7c",3
1762767566000,"0adab909-eb8f-4baf-9eed-7a4cc889cb7c",3
1762767568000,"0adab909-eb8f-4baf-9eed-7a4cc889cb7c",3
1762767569000,"0adab909-eb8f-4baf-9eed-7a4cc889cb7c",3
1762767572000,"0adab909-eb8f-4baf-9eed-7a4cc889cb7c",3
1762767574000,"0adab909-eb8f-4baf-9eed-7a4cc889cb7c",3
1762767862000,"0adab909-eb8f-4baf-9eed-7a4cc889cb7c",4
1762767863000,"0adab909-eb8f-4baf-9eed-7a4cc889cb7c",3
1762767865000,"0adab909-eb8f-4baf-9eed-7a4cc889cb7c",3
1762767869000,"0adab909-eb8f-4baf-9eed-7a4cc889cb7c",3
1762768163000,"0adab909-eb8f-4baf-9eed-7a4cc889cb7c",4
1762768401000,"0adab909-eb8f-4baf-9eed-7a4cc889cb7c",1
1762768402000,"0adab909-eb8f-4baf-9eed-7a4cc889cb7c",1
1762768412000,"0adab909-eb8f-4baf-9eed-7a4cc889cb7c",4
1762768450000,"0adab909-eb8f-4baf-9eed-7a4cc889cb7c",4
1762768460000,"0adab909-eb8f-4baf-9eed-7a4cc889cb7c",1
1762768480000,"0adab909-eb8f-4baf-9eed-7a4cc889cb7c",3
1762768481000,"0adab909-eb8f-4baf-9eed-7a4cc889cb7c",3
1762768482000,"0adab909-eb8f-4baf-9eed-7a4cc889cb7c",3
1762768483000,"0adab909-eb8f-4baf-9eed-7a4cc889cb7c",4
1762768484000,"0adab909-eb8f-4baf-9eed-7a4cc889cb7c",3
1762768486000,"0adab909-eb8f-4baf-9eed-7a4cc889cb7c",3
1762768493000,"0adab909-eb8f-4baf-9eed-7a4cc889cb7c",3
1762768830000,"0adab909-eb8f-4baf-9eed-7a4cc889cb7c",4
1762769035000,"0adab909-eb8f-4baf-9eed-7a4cc889cb7c",4
1762769104000,"0adab909-eb8f-4baf-9eed-7a4cc889cb7c",3
1762769105000,"0adab909-eb8f-4baf-9eed-7a4cc889cb7c",3
1762769107000,"0adab909-eb8f-4baf-9eed-7a4cc889cb7c",3
1762769116000,"0adab909-eb8f-4baf-9eed-7a4cc889cb7c",3
1762769316000,"0adab909-eb8f-4baf-9eed-7a4cc889cb7c",4
1762769800000,"0adab909-eb8f-4baf-9eed-7a4cc889cb7c",4
1762769801000,"0adab909-eb8f-4baf-9eed-7a4cc889cb7c",3
1762769802000,"0adab909-eb8f-4baf-9eed-7a4cc889cb7c",3
1762769803000,"0adab909-eb8f-4baf-9eed-7a4cc889cb7c",3
1762769804000,"0adab909-eb8f-4baf-9eed-7a4cc889cb7c",3
1762769805000,"0adab909-eb8f-4baf-9eed-7a4cc889cb7c",3
1762769807000,"0adab909-eb8f-4baf-9eed-7a4cc889cb7c",3
1762769812000,"0adab909-eb8f-4baf-9eed-7a4cc889cb7c",3
1762770100000,"0adab909-eb8f-4baf-9eed-7a4cc889cb7c",4
1762770320000,"0adab909-eb8f-4baf-9eed-7a4cc889cb7c",3
1762770321000,"0adab909-eb8f-4baf-9eed-7a4cc889cb7c",3
1762770322000,"0adab909-eb8f-4baf-9eed-7a4cc889cb7c",3
1762770324000,"0adab909-eb8f-4baf-9eed-7a4cc889cb7c",3
1762770330000,"0adab909-eb8f-4baf-9eed-7a4cc889cb7c",3
1762770331000,"0adab909-eb8f-4baf-9eed-7a4cc889cb7c",3
1762770537000,"0adab909-eb8f-4baf-9eed-7a4cc889cb7c",4
1762770551000,"0adab909-eb8f-4baf-9eed-7a4cc889cb7c",4
1762770852000,"0adab909-eb8f-4baf-9eed-7a4cc889cb7c",4
1762771152000,"0adab909-eb8f-4baf-9eed-7a4cc889cb7c",3
1762771153000,"0adab909-eb8f-4baf-9eed-7a4cc889cb7c",3
1762771154000,"0adab909-eb8f-4baf-9eed-7a4cc889cb7c",3
1762771155000,"0adab909-eb8f-4baf-9eed-7a4cc889cb7c",4
1762771156000,"0adab909-eb8f-4baf-9eed-7a4cc889cb7c",3
1762771157000,"0adab909-eb8f-4baf-9eed-7a4cc889cb7c",3
1762771159000,"0adab909-eb8f-4baf-9eed-7a4cc889cb7c",3
1762771451000,"0adab909-eb8f-4baf-9eed-7a4cc889cb7c",4
1762771751000,"0adab909-eb8f-4baf-9eed-7a4cc889cb7c",3
1762771752000,"0adab909-eb8f-4baf-9eed-7a4cc889cb7c",3
1762771753000,"0adab909-eb8f-4baf-9eed-7a4cc889cb7c",3
1762771758000,"0adab909-eb8f-4baf-9eed-7a4cc889cb7c",3
1762771759000,"0adab909-eb8f-4baf-9eed-7a4cc889cb7c",3
1762771763000,"0adab909-eb8f-4baf-9eed-7a4cc889cb7c",3
1762772051000,"0adab909-eb8f-4baf-9eed-7a4cc889cb7c",4
1762772054000,"0adab909-eb8f-4baf-9eed-7a4cc889cb7c",4
1762772060000,"0adab909-eb8f-4baf-9eed-7a4cc889cb7c",3
1762772061000,"0adab909-eb8f-4baf-9eed-7a4cc889cb7c",3
1762772062000,"0adab909-eb8f-4baf-9eed-7a4cc889cb7c",3
1762772063000,"0adab909-eb8f-4baf-9eed-7a4cc889cb7c",3
1762772064000,"0adab909-eb8f-4baf-9eed-7a4cc889cb7c",3
1762772066000,"0adab909-eb8f-4baf-9eed-7a4cc889cb7c",3
1762772067000,"0adab909-eb8f-4baf-9eed-7a4cc889cb7c",3
1762772070000,"0adab909-eb8f-4baf-9eed-7a4cc889cb7c",3
1762772071000,"0adab909-eb8f-4baf-9eed-7a4cc889cb7c",3
1762772180000,"0adab909-eb8f-4baf-9eed-7a4cc889cb7c",4
1762772411000,"0adab909-eb8f-4baf-9eed-7a4cc889cb7c",4
1762772711000,"0adab909-eb8f-4baf-9eed-7a4cc889cb7c",3
1762772712000,"0adab909-eb8f-4baf-9eed-7a4cc889cb7c",3
1762772713000,"0adab909-eb8f-4baf-9eed-7a4cc889cb7c",3
1762772714000,"0adab909-eb8f-4baf-9eed-7a4cc889cb7c",3
1762772715000,"0adab909-eb8f-4baf-9eed-7a4cc889cb7c",3
1762772722000,"0adab909-eb8f-4baf-9eed-7a4cc889cb7c",3
1762773011000,"0adab909-eb8f-4baf-9eed-7a4cc889cb7c",4
1762773311000,"0adab909-eb8f-4baf-9eed-7a4cc889cb7c",3
1762773312000,"0adab909-eb8f-4baf-9eed-7a4cc889cb7c",3
1762773314000,"0adab909-eb8f-4baf-9eed-7a4cc889cb7c",3
1762773315000,"0adab909-eb8f-4baf-9eed-7a4cc889cb7c",3
1762773316000,"0adab909-eb8f-4baf-9eed-7a4cc889cb7c",3
1762773319000,"0adab909-eb8f-4baf-9eed-7a4cc889cb7c",3
1762773322000,"0adab909-eb8f-4baf-9eed-7a4cc889cb7c",3
1762773611000,"0adab909-eb8f-4baf-9eed-7a4cc889cb7c",4
1762773911000,"0adab909-eb8f-4baf-9eed-7a4cc889cb7c",3
1762773912000,"0adab909-eb8f-4baf-9eed-7a4cc889cb7c",3
1762773913000,"0adab909-eb8f-4baf-9eed-7a4cc889cb7c",3
1762773914000,"0adab909-eb8f-4baf-9eed-7a4cc889cb7c",3
1762773915000,"0adab909-eb8f-4baf-9eed-7a4cc889cb7c",3
1762773919000,"0adab909-eb8f-4baf-9eed-7a4cc889cb7c",3
1762773921000,"0adab909-eb8f-4baf-9eed-7a4cc889cb7c",3
1762773988000,"0adab909-eb8f-4baf-9eed-7a4cc889cb7c",4
1762774069000,"0adab909-eb8f-4baf-9eed-7a4cc889cb7c",4
1762774339000,"0adab909-eb8f-4baf-9eed-7a4cc889cb7c",4
1762774484000,"0adab909-eb8f-4baf-9eed-7a4cc889cb7c",3
1762774485000,"0adab909-eb8f-4baf-9eed-7a4cc889cb7c",3
1762774486000,"0adab909-eb8f-4baf-9eed-7a4cc889cb7c",3
1762774487000,"0adab909-eb8f-4baf-9eed-7a4cc889cb7c",3
1762774488000,"0adab909-eb8f-4baf-9eed-7a4cc889cb7c",3
1762774491000,"0adab909-eb8f-4baf-9eed-7a4cc889cb7c",3
1762774493000,"0adab909-eb8f-4baf-9eed-7a4cc889cb7c",3
1762774494000,"0adab909-eb8f-4baf-9eed-7a4cc889cb7c",3
1762774495000,"0adab909-eb8f-4baf-9eed-7a4cc889cb7c",3
1762774640000,"0adab909-eb8f-4baf-9eed-7a4cc889cb7c",4
1762774643000,"0adab909-eb8f-4baf-9eed-7a4cc889cb7c",4
1762774934000,"0adab909-eb8f-4baf-9eed-7a4cc889cb7c",4
1762775126000,"0adab909-eb8f-4baf-9eed-7a4cc889cb7c",3
1762775127000,"0adab909-eb8f-4baf-9eed-7a4cc889cb7c",3
1762775128000,"0adab909-eb8f-4baf-9eed-7a4cc889cb7c",3
1762775129000,"0adab909-eb8f-4baf-9eed-7a4cc889cb7c",3
1762775130000,"0adab909-eb8f-4baf-9eed-7a4cc889cb7c",3
1762775132000,"0adab909-eb8f-4baf-9eed-7a4cc889cb7c",3
1762775133000,"0adab909-eb8f-4baf-9eed-7a4cc889cb7c",3
1762775183000,"0adab909-eb8f-4baf-9eed-7a4cc889cb7c",1
1762775188000,"0adab909-eb8f-4baf-9eed-7a4cc889cb7c",1
1762775194000,"0adab909-eb8f-4baf-9eed-7a4cc889cb7c",4
1762775209000,"0adab909-eb8f-4baf-9eed-7a4cc889cb7c",1
1762775281000,"0adab909-eb8f-4baf-9eed-7a4cc889cb7c",4
1762775540000,"0adab909-eb8f-4baf-9eed-7a4cc889cb7c",4
1762775675000,"0adab909-eb8f-4baf-9eed-7a4cc889cb7c",3
1762775676000,"0adab909-eb8f-4baf-9eed-7a4cc889cb7c",3
1762775679000,"0adab909-eb8f-4baf-9eed-7a4cc889cb7c",3
1762775680000,"0adab909-eb8f-4baf-9eed-7a4cc889cb7c",3
1762775685000,"0adab909-eb8f-4baf-9eed-7a4cc889cb7c",3
1762775811000,"0adab909-eb8f-4baf-9eed-7a4cc889cb7c",4
1762775885000,"0adab909-eb8f-4baf-9eed-7a4cc889cb7c",4
1762775950000,"0adab909-eb8f-4baf-9eed-7a4cc889cb7c",4
1762776201000,"0adab909-eb8f-4baf-9eed-7a4cc889cb7c",4
1762776709000,"0adab909-eb8f-4baf-9eed-7a4cc889cb7c",3
1762776710000,"0adab909-eb8f-4baf-9eed-7a4cc889cb7c",3
1762776711000,"0adab909-eb8f-4baf-9eed-7a4cc889cb7c",3
1762776712000,"0adab909-eb8f-4baf-9eed-7a4cc889cb7c",3
1762776720000,"0adab909-eb8f-4baf-9eed-7a4cc889cb7c",3
1762776803000,"0adab909-eb8f-4baf-9eed-7a4cc889cb7c",4
1762776872000,"0adab909-eb8f-4baf-9eed-7a4cc889cb7c",3
1762776873000,"0adab909-eb8f-4baf-9eed-7a4cc889cb7c",3
1762776881000,"0adab909-eb8f-4baf-9eed-7a4cc889cb7c",3
1762776884000,"0adab909-eb8f-4baf-9eed-7a4cc889cb7c",3
1762777314000,"0adab909-eb8f-4baf-9eed-7a4cc889cb7c",4
1762777317000,"0adab909-eb8f-4baf-9eed-7a4cc889cb7c",4
1762777614000,"0adab909-eb8f-4baf-9eed-7a4cc889cb7c",3
1762777616000,"0adab909-eb8f-4baf-9eed-7a4cc889cb7c",3
1762777618000,"0adab909-eb8f-4baf-9eed-7a4cc889cb7c",3
1762777625000,"0adab909-eb8f-4baf-9eed-7a4cc889cb7c",3
1762777693000,"0adab909-eb8f-4baf-9eed-7a4cc889cb7c",4
1762777970000,"0adab909-eb8f-4baf-9eed-7a4cc889cb7c",4
1762777973000,"0adab909-eb8f-4baf-9eed-7a4cc889cb7c",4
1762778271000,"0adab909-eb8f-4baf-9eed-7a4cc889cb7c",3
1762778273000,"0adab909-eb8f-4baf-9eed-7a4cc889cb7c",3
1762778274000,"0adab909-eb8f-4baf-9eed-7a4cc889cb7c",3
1762778276000,"0adab909-eb8f-4baf-9eed-7a4cc889cb7c",3
1762778278000,"0adab909-eb8f-4baf-9eed-7a4cc889cb7c",3
1762778282000,"0adab909-eb8f-4baf-9eed-7a4cc889cb7c",3
1762778286000,"0adab909-eb8f-4baf-9eed-7a4cc889cb7c",3
1762778571000,"0adab909-eb8f-4baf-9eed-7a4cc889cb7c",4
1762778574000,"0adab909-eb8f-4baf-9eed-7a4cc889cb7c",4
1762778871000,"0adab909-eb8f-4baf-9eed-7a4cc889cb7c",3
1762778872000,"0adab909-eb8f-4baf-9eed-7a4cc889cb7c",3
1762778873000,"0adab909-eb8f-4baf-9eed-7a4cc889cb7c",3
1762778874000,"0adab909-eb8f-4baf-9eed-7a4cc889cb7c",3
1762778875000,"0adab909-eb8f-4baf-9eed-7a4cc889cb7c",3
1762778876000,"0adab909-eb8f-4baf-9eed-7a4cc889cb7c",3
1762778880000,"0adab909-eb8f-4baf-9eed-7a4cc889cb7c",3
1762778882000,"0adab909-eb8f-4baf-9eed-7a4cc889cb7c",3
1762779171000,"0adab909-eb8f-4baf-9eed-7a4cc889cb7c",4
1762779470000,"0adab909-eb8f-4baf-9eed-7a4cc889cb7c",3
1762779471000,"0adab909-eb8f-4baf-9eed-7a4cc889cb7c",3
1762779473000,"0adab909-eb8f-4baf-9eed-7a4cc889cb7c",3
1762779476000,"0adab909-eb8f-4baf-9eed-7a4cc889cb7c",3
1762779478000,"0adab909-eb8f-4baf-9eed-7a4cc889cb7c",3
1762779479000,"0adab909-eb8f-4baf-9eed-7a4cc889cb7c",3
1762779481000,"0adab909-eb8f-4baf-9eed-7a4cc889cb7c",3
1762779702000,"0adab909-eb8f-4baf-9eed-7a4cc889cb7c",4
1762780002000,"0adab909-eb8f-4baf-9eed-7a4cc889cb7c",3
1762780003000,"0adab909-eb8f-4baf-9eed-7a4cc889cb7c",3
1762780004000,"0adab909-eb8f-4baf-9eed-7a4cc889cb7c",3
1762780005000,"0adab909-eb8f-4baf-9eed-7a4cc889cb7c",3
1762780006000,"0adab909-eb8f-4baf-9eed-7a4cc889cb7c",3
1762780007000,"0adab909-eb8f-4baf-9eed-7a4cc889cb7c",3
1762780302000,"0adab909-eb8f-4baf-9eed-7a4cc889cb7c",4
1762780602000,"0adab909-eb8f-4baf-9eed-7a4cc889cb7c",3
1762780603000,"0adab909-eb8f-4baf-9eed-7a4cc889cb7c",3
1762780604000,"0adab909-eb8f-4baf-9eed-7a4cc889cb7c",3
1762780605000,"0adab909-eb8f-4baf-9eed-7a4cc889cb7c",3
1762780606000,"0adab909-eb8f-4baf-9eed-7a4cc889cb7c",3
1762780607000,"0adab909-eb8f-4baf-9eed-7a4cc889cb7c",3
1762780608000,"0adab909-eb8f-4baf-9eed-7a4cc889cb7c",3
1762780610000,"0adab909-eb8f-4baf-9eed-7a4cc889cb7c",3
1762780611000,"0adab909-eb8f-4baf-9eed-7a4cc889cb7c",3
1762780615000,"0adab909-eb8f-4baf-9eed-7a4cc889cb7c",3
1762780902000,"0adab909-eb8f-4baf-9eed-7a4cc889cb7c",4
1762781202000,"0adab909-eb8f-4baf-9eed-7a4cc889cb7c",3
1762781203000,"0adab909-eb8f-4baf-9eed-7a4cc889cb7c",3
1762781204000,"0adab909-eb8f-4baf-9eed-7a4cc889cb7c",3
1762781205000,"0adab909-eb8f-4baf-9eed-7a4cc889cb7c",3
1762781206000,"0adab909-eb8f-4baf-9eed-7a4cc889cb7c",3
1762781208000,"0adab909-eb8f-4baf-9eed-7a4cc889cb7c",3
1762781209000,"0adab909-eb8f-4baf-9eed-7a4cc889cb7c",3
1762781674000,"0adab909-eb8f-4baf-9eed-7a4cc889cb7c",3
1762781675000,"0adab909-eb8f-4baf-9eed-7a4cc889cb7c",3
1762781676000,"0adab909-eb8f-4baf-9eed-7a4cc889cb7c",3
1762781677000,"0adab909-eb8f-4baf-9eed-7a4cc889cb7c",3
1762781679000,"0adab909-eb8f-4baf-9eed-7a4cc889cb7c",3
1762781680000,"0adab909-eb8f-4baf-9eed-7a4cc889cb7c",3
1762781685000,"0adab909-eb8f-4baf-9eed-7a4cc889cb7c",3
1762781973000,"0adab909-eb8f-4baf-9eed-7a4cc889cb7c",4
1762782273000,"0adab909-eb8f-4baf-9eed-7a4cc889cb7c",3
1762782274000,"0adab909-eb8f-4baf-9eed-7a4cc889cb7c",3
1762782276000,"0adab909-eb8f-4baf-9eed-7a4cc889cb7c",3
1762782277000,"0adab909-eb8f-4baf-9eed-7a4cc889cb7c",3
1762782278000,"0adab909-eb8f-4baf-9eed-7a4cc889cb7c",3
1762782281000,"0adab909-eb8f-4baf-9eed-7a4cc889cb7c",3
1762782285000,"0adab909-eb8f-4baf-9eed-7a4cc889cb7c",3
1762782574000,"0adab909-eb8f-4baf-9eed-7a4cc889cb7c",4
1762782793000,"0adab909-eb8f-4baf-9eed-7a4cc889cb7c",4
1762782830000,"0adab909-eb8f-4baf-9eed-7a4cc889cb7c",4
1762783174000,"0adab909-eb8f-4baf-9eed-7a4cc889cb7c",3
1762783175000,"0adab909-eb8f-4baf-9eed-7a4cc889cb7c",3
1762783176000,"0adab909-eb8f-4baf-9eed-7a4cc889cb7c",3
1762783177000,"0adab909-eb8f-4baf-9eed-7a4cc889cb7c",3
1762783178000,"0adab909-eb8f-4baf-9eed-7a4cc889cb7c",3
1762783180000,"0adab909-eb8f-4baf-9eed-7a4cc889cb7c",3
1762783182000,"0adab909-eb8f-4baf-9eed-7a4cc889cb7c",3
1762783183000,"0adab909-eb8f-4baf-9eed-7a4cc889cb7c",3
1762783405000,"0adab909-eb8f-4baf-9eed-7a4cc889cb7c",4
1762783707000,"0adab909-eb8f-4baf-9eed-7a4cc889cb7c",3
1762783708000,"0adab909-eb8f-4baf-9eed-7a4cc889cb7c",3
1762783709000,"0adab909-eb8f-4baf-9eed-7a4cc889cb7c",3
1762783710000,"0adab909-eb8f-4baf-9eed-7a4cc889cb7c",3
1762783711000,"0adab909-eb8f-4baf-9eed-7a4cc889cb7c",3
1762783712000,"0adab909-eb8f-4baf-9eed-7a4cc889cb7c",3
1762783713000,"0adab909-eb8f-4baf-9eed-7a4cc889cb7c",3
1762783714000,"0adab909-eb8f-4baf-9eed-7a4cc889cb7c",3
1762783716000,"0adab909-eb8f-4baf-9eed-7a4cc889cb7c",3
1762783717000,"0adab909-eb8f-4baf-9eed-7a4cc889cb7c",3
1762783718000,"0adab909-eb8f-4baf-9eed-7a4cc889cb7c",3
1762783719000,"0adab909-eb8f-4baf-9eed-7a4cc889cb7c",3
1762783738000,"0adab909-eb8f-4baf-9eed-7a4cc889cb7c",4
1762783820000,"0adab909-eb8f-4baf-9eed-7a4cc889cb7c",4
1762784091000,"0adab909-eb8f-4baf-9eed-7a4cc889cb7c",3
1762784092000,"0adab909-eb8f-4baf-9eed-7a4cc889cb7c",3
1762784093000,"0adab909-eb8f-4baf-9eed-7a4cc889cb7c",3
1762784096000,"0adab909-eb8f-4baf-9eed-7a4cc889cb7c",3
1762784097000,"0adab909-eb8f-4baf-9eed-7a4cc889cb7c",3
1762784098000,"0adab909-eb8f-4baf-9eed-7a4cc889cb7c",3
1762784103000,"0adab909-eb8f-4baf-9eed-7a4cc889cb7c",3
1762784379000,"0adab909-eb8f-4baf-9eed-7a4cc889cb7c",4
1762784443000,"0adab909-eb8f-4baf-9eed-7a4cc889cb7c",4
1762784752000,"0adab909-eb8f-4baf-9eed-7a4cc889cb7c",3
1762784753000,"0adab909-eb8f-4baf-9eed-7a4cc889cb7c",3
1762784754000,"0adab909-eb8f-4baf-9eed-7a4cc889cb7c",3
1762784755000,"0adab909-eb8f-4baf-9eed-7a4cc889cb7c",3
1762784756000,"0adab909-eb8f-4baf-9eed-7a4cc889cb7c",3
1762784758000,"0adab909-eb8f-4baf-9eed-7a4cc889cb7c",3
1762784760000,"0adab909-eb8f-4baf-9eed-7a4cc889cb7c",3
1762784761000,"0adab909-eb8f-4baf-9eed-7a4cc889cb7c",3
1762784926000,"0adab909-eb8f-4baf-9eed-7a4cc889cb7c",5
1762784927000,"0adab909-eb8f-4baf-9eed-7a4cc889cb7c",1
1762784979000,"0adab909-eb8f-4baf-9eed-7a4cc889cb7c",1
1762784980000,"0adab909-eb8f-4baf-9eed-7a4cc889cb7c",4
1762785081000,"0adab909-eb8f-4baf-9eed-7a4cc889cb7c",4
1762785287000,"0adab909-eb8f-4baf-9eed-7a4cc889cb7c",3
1762785288000,"0adab909-eb8f-4baf-9eed-7a4cc889cb7c",3
1762785289000,"0adab909-eb8f-4baf-9eed-7a4cc889cb7c",3
1762785290000,"0adab909-eb8f-4baf-9eed-7a4cc889cb7c",3
1762785291000,"0adab909-eb8f-4baf-9eed-7a4cc889cb7c",3
1762785292000,"0adab909-eb8f-4baf-9eed-7a4cc889cb7c",3
1762785296000,"0adab909-eb8f-4baf-9eed-7a4cc889cb7c",3
1762785355000,"0adab909-eb8f-4baf-9eed-7a4cc889cb7c",4
1762785609000,"0adab909-eb8f-4baf-9eed-7a4cc889cb7c",4
1762785612000,"0adab909-eb8f-4baf-9eed-7a4cc889cb7c",4
1762786135000,"0adab909-eb8f-4baf-9eed-7a4cc889cb7c",3
1762786137000,"0adab909-eb8f-4baf-9eed-7a4cc889cb7c",3
1762786138000,"0adab909-eb8f-4baf-9eed-7a4cc889cb7c",3
1762786139000,"0adab909-eb8f-4baf-9eed-7a4cc889cb7c",3
1762786140000,"0adab909-eb8f-4baf-9eed-7a4cc889cb7c",3
1762786236000,"0adab909-eb8f-4baf-9eed-7a4cc889cb7c",4
1762786239000,"0adab909-eb8f-4baf-9eed-7a4cc889cb7c",4
1762786735000,"0adab909-eb8f-4baf-9eed-7a4cc889cb7c",3
1762786736000,"0adab909-eb8f-4baf-9eed-7a4cc889cb7c",3
1762786737000,"0adab909-eb8f-4baf-9eed-7a4cc889cb7c",3
1762786738000,"0adab909-eb8f-4baf-9eed-7a4cc889cb7c",3
1762786741000,"0adab909-eb8f-4baf-9eed-7a4cc889cb7c",3
1762786744000,"0adab909-eb8f-4baf-9eed-7a4cc889cb7c",3
1762786747000,"0adab909-eb8f-4baf-9eed-7a4cc889cb7c",3
1762787140000,"0adab909-eb8f-4baf-9eed-7a4cc889cb7c",3
1762787141000,"0adab909-eb8f-4baf-9eed-7a4cc889cb7c",3
1762787148000,"0adab909-eb8f-4baf-9eed-7a4cc889cb7c",3
1762787440000,"0adab909-eb8f-4baf-9eed-7a4cc889cb7c",4
1762787740000,"0adab909-eb8f-4baf-9eed-7a4cc889cb7c",3
1762787741000,"0adab909-eb8f-4baf-9eed-7a4cc889cb7c",3
1762787743000,"0adab909-eb8f-4baf-9eed-7a4cc889cb7c",3
1762787744000,"0adab909-eb8f-4baf-9eed-7a4cc889cb7c",3
1762788040000,"0adab909-eb8f-4baf-9eed-7a4cc889cb7c",4
1762788327000,"0adab909-eb8f-4baf-9eed-7a4cc889cb7c",5
1762788328000,"0adab909-eb8f-4baf-9eed-7a4cc889cb7c",1
1762788338000,"0adab909-eb8f-4baf-9eed-7a4cc889cb7c",3
1762788339000,"0adab909-eb8f-4baf-9eed-7a4cc889cb7c",1
1762788340000,"0adab909-eb8f-4baf-9eed-7a4cc889cb7c",3
1762788342000,"0adab909-eb8f-4baf-9eed-7a4cc889cb7c",3
1762788348000,"0adab909-eb8f-4baf-9eed-7a4cc889cb7c",3
1762788400000,"0adab909-eb8f-4baf-9eed-7a4cc889cb7c",1
1762788403000,"0adab909-eb8f-4baf-9eed-7a4cc889cb7c",1
1762788411000,"0adab909-eb8f-4baf-9eed-7a4cc889cb7c",4
1762788423000,"0adab909-eb8f-4baf-9eed-7a4cc889cb7c",4
1762788429000,"0adab909-eb8f-4baf-9eed-7a4cc889cb7c",1
1762788431000,"0adab909-eb8f-4baf-9eed-7a4cc889cb7c",1
1762788444000,"0adab909-eb8f-4baf-9eed-7a4cc889cb7c",1
1762788535000,"0adab909-eb8f-4baf-9eed-7a4cc889cb7c",1
1762788536000,"0adab909-eb8f-4baf-9eed-7a4cc889cb7c",1
1762788537000,"0adab909-eb8f-4baf-9eed-7a4cc889cb7c",5
1762788657000,"0adab909-eb8f-4baf-9eed-7a4cc889cb7c",5
1762788692000,"0adab909-eb8f-4baf-9eed-7a4cc889cb7c",2
1762788731000,"0adab909-eb8f-4baf-9eed-7a4cc889cb7c",1
1762788737000,"0adab909-eb8f-4baf-9eed-7a4cc889cb7c",1
1762788738000,"0adab909-eb8f-4baf-9eed-7a4cc889cb7c",1
1762788763000,"0adab909-eb8f-4baf-9eed-7a4cc889cb7c",4
1762788798000,"0adab909-eb8f-4baf-9eed-7a4cc889cb7c",5
1762788802000,"0adab909-eb8f-4baf-9eed-7a4cc889cb7c",4
1762788869000,"0adab909-eb8f-4baf-9eed-7a4cc889cb7c",3
1762788870000,"0adab909-eb8f-4baf-9eed-7a4cc889cb7c",3
1762788871000,"0adab909-eb8f-4baf-9eed-7a4cc889cb7c",3
1762788873000,"0adab909-eb8f-4baf-9eed-7a4cc889cb7c",2
1762788874000,"0adab909-eb8f-4baf-9eed-7a4cc889cb7c",3
1762788878000,"0adab909-eb8f-4baf-9eed-7a4cc889cb7c",3
1762788879000,"0adab909-eb8f-4baf-9eed-7a4cc889cb7c",3
1762788880000,"0adab909-eb8f-4baf-9eed-7a4cc889cb7c",3
1762788895000,"0adab909-eb8f-4baf-9eed-7a4cc889cb7c",3
1762788896000,"0adab909-eb8f-4baf-9eed-7a4cc889cb7c",3
1762788897000,"0adab909-eb8f-4baf-9eed-7a4cc889cb7c",3
1762789072000,"0adab909-eb8f-4baf-9eed-7a4cc889cb7c",4
1762789086000,"0adab909-eb8f-4baf-9eed-7a4cc889cb7c",2
1762789182000,"0adab909-eb8f-4baf-9eed-7a4cc889cb7c",4
1762789265000,"0adab909-eb8f-4baf-9eed-7a4cc889cb7c",2
1762789336000,"0adab909-eb8f-4baf-9eed-7a4cc889cb7c",4
1762789477000,"0adab909-eb8f-4baf-9eed-7a4cc889cb7c",3
1762789478000,"0adab909-eb8f-4baf-9eed-7a4cc889cb7c",3
1762789489000,"0adab909-eb8f-4baf-9eed-7a4cc889cb7c",3
1762789678000,"0adab909-eb8f-4baf-9eed-7a4cc889cb7c",4
1762789948000,"0adab909-eb8f-4baf-9eed-7a4cc889cb7c",4
1762789950000,"0adab909-eb8f-4baf-9eed-7a4cc889cb7c",5
1762790015000,"0adab909-eb8f-4baf-9eed-7a4cc889cb7c",1
1762790070000,"0adab909-eb8f-4baf-9eed-7a4cc889cb7c",4
1762790086000,"0adab909-eb8f-4baf-9eed-7a4cc889cb7c",3
1762790087000,"0adab909-eb8f-4baf-9eed-7a4cc889cb7c",3
1762790250000,"0adab909-eb8f-4baf-9eed-7a4cc889cb7c",4
1762790340000,"0adab909-eb8f-4baf-9eed-7a4cc889cb7c",1
1762790341000,"0adab909-eb8f-4baf-9eed-7a4cc889cb7c",1
1762790478000,"0adab909-eb8f-4baf-9eed-7a4cc889cb7c",1
1762790513000,"0adab909-eb8f-4baf-9eed-7a4cc889cb7c",1
1762790515000,"0adab909-eb8f-4baf-9eed-7a4cc889cb7c",1
1762790518000,"0adab909-eb8f-4baf-9eed-7a4cc889cb7c",1
1762790521000,"0adab909-eb8f-4baf-9eed-7a4cc889cb7c",4
1762790563000,"0adab909-eb8f-4baf-9eed-7a4cc889cb7c",1
1762790565000,"0adab909-eb8f-4baf-9eed-7a4cc889cb7c",1
1762790709000,"0adab909-eb8f-4baf-9eed-7a4cc889cb7c",3
1762790711000,"0adab909-eb8f-4baf-9eed-7a4cc889cb7c",4
1762790721000,"0adab909-eb8f-4baf-9eed-7a4cc889cb7c",3
1762790844000,"0adab909-eb8f-4baf-9eed-7a4cc889cb7c",4
1762790932000,"0adab909-eb8f-4baf-9eed-7a4cc889cb7c",1
1762791026000,"0adab909-eb8f-4baf-9eed-7a4cc889cb7c",1
1762791028000,"0adab909-eb8f-4baf-9eed-7a4cc889cb7c",1
1762791182000,"0adab909-eb8f-4baf-9eed-7a4cc889cb7c",4
1762791280000,"0adab909-eb8f-4baf-9eed-7a4cc889cb7c",3
1762791282000,"0adab909-eb8f-4baf-9eed-7a4cc889cb7c",3
1762791292000,"0adab909-eb8f-4baf-9eed-7a4cc889cb7c",3
1762791294000,"0adab909-eb8f-4baf-9eed-7a4cc889cb7c",3
1762791350000,"0adab909-eb8f-4baf-9eed-7a4cc889cb7c",4
1762791482000,"0adab909-eb8f-4baf-9eed-7a4cc889cb7c",4
1762791855000,"0adab909-eb8f-4baf-9eed-7a4cc889cb7c",4
1762792066000,"0adab909-eb8f-4baf-9eed-7a4cc889cb7c",4
1762792127000,"0adab909-eb8f-4baf-9eed-7a4cc889cb7c",4
1762792128000,"0adab909-eb8f-4baf-9eed-7a4cc889cb7c",3
1762792130000,"0adab909-eb8f-4baf-9eed-7a4cc889cb7c",3
1762792131000,"0adab909-eb8f-4baf-9eed-7a4cc889cb7c",3
1762792140000,"0adab909-eb8f-4baf-9eed-7a4cc889cb7c",3
1762792141000,"0adab909-eb8f-4baf-9eed-7a4cc889cb7c",3
1762792489000,"0adab909-eb8f-4baf-9eed-7a4cc889cb7c",1
1762792542000,"0adab909-eb8f-4baf-9eed-7a4cc889cb7c",3
1762792543000,"0adab909-eb8f-4baf-9eed-7a4cc889cb7c",3
1762792603000,"0adab909-eb8f-4baf-9eed-7a4cc889cb7c",1
1762792614000,"0adab909-eb8f-4baf-9eed-7a4cc889cb7c",1
1762792849000,"0adab909-eb8f-4baf-9eed-7a4cc889cb7c",4
1762792851000,"0adab909-eb8f-4baf-9eed-7a4cc889cb7c",4
1762792904000,"0adab909-eb8f-4baf-9eed-7a4cc889cb7c",1
1762792907000,"0adab909-eb8f-4baf-9eed-7a4cc889cb7c",1
1762792912000,"0adab909-eb8f-4baf-9eed-7a4cc889cb7c",4
1762792915000,"0adab909-eb8f-4baf-9eed-7a4cc889cb7c",1
1762792932000,"0adab909-eb8f-4baf-9eed-7a4cc889cb7c",4
1762793040000,"0adab909-eb8f-4baf-9eed-7a4cc889cb7c",1
1762793044000,"0adab909-eb8f-4baf-9eed-7a4cc889cb7c",1
1762793055000,"0adab909-eb8f-4baf-9eed-7a4cc889cb7c",2
1762793777000,"0adab909-eb8f-4baf-9eed-7a4cc889cb7c",4
1762793800000,"0adab909-eb8f-4baf-9eed-7a4cc889cb7c",4
1762793801000,"0adab909-eb8f-4baf-9eed-7a4cc889cb7c",2
1762793821000,"0adab909-eb8f-4baf-9eed-7a4cc889cb7c",4
1762793907000,"0adab909-eb8f-4baf-9eed-7a4cc889cb7c",2
1762793910000,"0adab909-eb8f-4baf-9eed-7a4cc889cb7c",4
1762793911000,"0adab909-eb8f-4baf-9eed-7a4cc889cb7c",1
1762794293000,"0adab909-eb8f-4baf-9eed-7a4cc889cb7c",3
1762794294000,"0adab909-eb8f-4baf-9eed-7a4cc889cb7c",3
1762794295000,"0adab909-eb8f-4baf-9eed-7a4cc889cb7c",3
1762794297000,"0adab909-eb8f-4baf-9eed-7a4cc889cb7c",4
1762794670000,"0adab909-eb8f-4baf-9eed-7a4cc889cb7c",3
1762794671000,"0adab909-eb8f-4baf-9eed-7a4cc889cb7c",3
1762794673000,"0adab909-eb8f-4baf-9eed-7a4cc889cb7c",3
1762794675000,"0adab909-eb8f-4baf-9eed-7a4cc889cb7c",4
1762794680000,"0adab909-eb8f-4baf-9eed-7a4cc889cb7c",4
1762794966000,"0adab909-eb8f-4baf-9eed-7a4cc889cb7c",4
1762795081000,"0adab909-eb8f-4baf-9eed-7a4cc889cb7c",4
1762795571000,"0adab909-eb8f-4baf-9eed-7a4cc889cb7c",3
1762795572000,"0adab909-eb8f-4baf-9eed-7a4cc889cb7c",3
1762795575000,"0adab909-eb8f-4baf-9eed-7a4cc889cb7c",4
1762795580000,"0adab909-eb8f-4baf-9eed-7a4cc889cb7c",3
1762795776000,"0adab909-eb8f-4baf-9eed-7a4cc889cb7c",4
1762796172000,"0adab909-eb8f-4baf-9eed-7a4cc889cb7c",3
1762796176000,"0adab909-eb8f-4baf-9eed-7a4cc889cb7c",4
1762796203000,"0adab909-eb8f-4baf-9eed-7a4cc889cb7c",4
1762796260000,"0adab909-eb8f-4baf-9eed-7a4cc889cb7c",1
1762796263000,"0adab909-eb8f-4baf-9eed-7a4cc889cb7c",1
1762796359000,"0adab909-eb8f-4baf-9eed-7a4cc889cb7c",1
1762796479000,"0adab909-eb8f-4baf-9eed-7a4cc889cb7c",3
1762796480000,"0adab909-eb8f-4baf-9eed-7a4cc889cb7c",3
1762796484000,"0adab909-eb8f-4baf-9eed-7a4cc889cb7c",4
1762796912000,"0adab909-eb8f-4baf-9eed-7a4cc889cb7c",1
1762796914000,"0adab909-eb8f-4baf-9eed-7a4cc889cb7c",1
1762796917000,"0adab909-eb8f-4baf-9eed-7a4cc889cb7c",4
1762797008000,"0adab909-eb8f-4baf-9eed-7a4cc889cb7c",4
1762797022000,"0adab909-eb8f-4baf-9eed-7a4cc889cb7c",1
1762797142000,"0adab909-eb8f-4baf-9eed-7a4cc889cb7c",3
1762797143000,"0adab909-eb8f-4baf-9eed-7a4cc889cb7c",3
1762797147000,"0adab909-eb8f-4baf-9eed-7a4cc889cb7c",4
1762797430000,"0adab909-eb8f-4baf-9eed-7a4cc889cb7c",1
1762797433000,"0adab909-eb8f-4baf-9eed-7a4cc889cb7c",1
1762797443000,"0adab909-eb8f-4baf-9eed-7a4cc889cb7c",4
1762797554000,"0adab909-eb8f-4baf-9eed-7a4cc889cb7c",4
1762797855000,"0adab909-eb8f-4baf-9eed-7a4cc889cb7c",1
1762797904000,"0adab909-eb8f-4baf-9eed-7a4cc889cb7c",3
1762797905000,"0adab909-eb8f-4baf-9eed-7a4cc889cb7c",3
1762797908000,"0adab909-eb8f-4baf-9eed-7a4cc889cb7c",4
1762798212000,"0adab909-eb8f-4baf-9eed-7a4cc889cb7c",4
1762798310000,"0adab909-eb8f-4baf-9eed-7a4cc889cb7c",1
1762798312000,"0adab909-eb8f-4baf-9eed-7a4cc889cb7c",1
1762798318000,"0adab909-eb8f-4baf-9eed-7a4cc889cb7c",1
1762798438000,"0adab909-eb8f-4baf-9eed-7a4cc889cb7c",3
1762798443000,"0adab909-eb8f-4baf-9eed-7a4cc889cb7c",3
1762798444000,"0adab909-eb8f-4baf-9eed-7a4cc889cb7c",3
1762798814000,"0adab909-eb8f-4baf-9eed-7a4cc889cb7c",4
1762799017000,"0adab909-eb8f-4baf-9eed-7a4cc889cb7c",1
1762799019000,"0adab909-eb8f-4baf-9eed-7a4cc889cb7c",1
1762799112000,"0adab909-eb8f-4baf-9eed-7a4cc889cb7c",4
1762799246000,"0adab909-eb8f-4baf-9eed-7a4cc889cb7c",4
1762799461000,"0adab909-eb8f-4baf-9eed-7a4cc889cb7c",4
1762799634000,"0adab909-eb8f-4baf-9eed-7a4cc889cb7c",1
1762799709000,"0adab909-eb8f-4baf-9eed-7a4cc889cb7c",4
1762800057000,"0adab909-eb8f-4baf-9eed-7a4cc889cb7c",4
1762800166000,"0adab909-eb8f-4baf-9eed-7a4cc889cb7c",1
1762800168000,"0adab909-eb8f-4baf-9eed-7a4cc889cb7c",4
1762800172000,"0adab909-eb8f-4baf-9eed-7a4cc889cb7c",1
1762800192000,"0adab909-eb8f-4baf-9eed-7a4cc889cb7c",1
1762800193000,"0adab909-eb8f-4baf-9eed-7a4cc889cb7c",1
1762800315000,"0adab909-eb8f-4baf-9eed-7a4cc889cb7c",3
1762800318000,"0adab909-eb8f-4baf-9eed-7a4cc889cb7c",4
1762800609000,"0adab909-eb8f-4baf-9eed-7a4cc889cb7c",4
1762800672000,"0adab909-eb8f-4baf-9eed-7a4cc889cb7c",3
1762800767000,"0adab909-eb8f-4baf-9eed-7a4cc889cb7c",1
1762800775000,"0adab909-eb8f-4baf-9eed-7a4cc889cb7c",1
1762800812000,"0adab909-eb8f-4baf-9eed-7a4cc889cb7c",4
1762800868000,"0adab909-eb8f-4baf-9eed-7a4cc889cb7c",1
1762800870000,"0adab909-eb8f-4baf-9eed-7a4cc889cb7c",1
1762800874000,"0adab909-eb8f-4baf-9eed-7a4cc889cb7c",1
1762800880000,"0adab909-eb8f-4baf-9eed-7a4cc889cb7c",4
1762800900000,"0adab909-eb8f-4baf-9eed-7a4cc889cb7c",1
1762800901000,"0adab909-eb8f-4baf-9eed-7a4cc889cb7c",1
1762801080000,"0adab909-eb8f-4baf-9eed-7a4cc889cb7c",1
1762801084000,"0adab909-eb8f-4baf-9eed-7a4cc889cb7c",1
1762801141000,"0adab909-eb8f-4baf-9eed-7a4cc889cb7c",4
1762801211000,"0adab909-eb8f-4baf-9eed-7a4cc889cb7c",4
1762801218000,"0adab909-eb8f-4baf-9eed-7a4cc889cb7c",4
1762801274000,"0adab909-eb8f-4baf-9eed-7a4cc889cb7c",4
1762801281000,"0adab909-eb8f-4baf-9eed-7a4cc889cb7c",3
1762801282000,"0adab909-eb8f-4baf-9eed-7a4cc889cb7c",3
1762801284000,"0adab909-eb8f-4baf-9eed-7a4cc889cb7c",3
1762801395000,"0adab909-eb8f-4baf-9eed-7a4cc889cb7c",4
1762801452000,"0adab909-eb8f-4baf-9eed-7a4cc889cb7c",4
1762801581000,"0adab909-eb8f-4baf-9eed-7a4cc889cb7c",4
1762801741000,"0adab909-eb8f-4baf-9eed-7a4cc889cb7c",4
1762801874000,"0adab909-eb8f-4baf-9eed-7a4cc889cb7c",3
1762801876000,"0adab909-eb8f-4baf-9eed-7a4cc889cb7c",3
1762801878000,"0adab909-eb8f-4baf-9eed-7a4cc889cb7c",3
1762802081000,"0adab909-eb8f-4baf-9eed-7a4cc889cb7c",4
1762802163000,"0adab909-eb8f-4baf-9eed-7a4cc889cb7c",1
1762802165000,"0adab909-eb8f-4baf-9eed-7a4cc889cb7c",1
1762802236000,"0adab909-eb8f-4baf-9eed-7a4cc889cb7c",4
1762802254000,"0adab909-eb8f-4baf-9eed-7a4cc889cb7c",4
1762802472000,"0adab909-eb8f-4baf-9eed-7a4cc889cb7c",4
1762802549000,"0adab909-eb8f-4baf-9eed-7a4cc889cb7c",3
1762802550000,"0adab909-eb8f-4baf-9eed-7a4cc889cb7c",3
1762802551000,"0adab909-eb8f-4baf-9eed-7a4cc889cb7c",3
1762802552000,"0adab909-eb8f-4baf-9eed-7a4cc889cb7c",3
1762802553000,"0adab909-eb8f-4baf-9eed-7a4cc889cb7c",3
1762802554000,"0adab909-eb8f-4baf-9eed-7a4cc889cb7c",3
1762802555000,"0adab909-eb8f-4baf-9eed-7a4cc889cb7c",3
1762802556000,"0adab909-eb8f-4baf-9eed-7a4cc889cb7c",3
1762802557000,"0adab909-eb8f-4baf-9eed-7a4cc889cb7c",1
1762802561000,"0adab909-eb8f-4baf-9eed-7a4cc889cb7c",3
1762802855000,"0adab909-eb8f-4baf-9eed-7a4cc889cb7c",4
1762802860000,"0adab909-eb8f-4baf-9eed-7a4cc889cb7c",4
1762802887000,"0adab909-eb8f-4baf-9eed-7a4cc889cb7c",4
1762803049000,"0adab909-eb8f-4baf-9eed-7a4cc889cb7c",4
1762803149000,"0adab909-eb8f-4baf-9eed-7a4cc889cb7c",3
1762803151000,"0adab909-eb8f-4baf-9eed-7a4cc889cb7c",3
1762803154000,"0adab909-eb8f-4baf-9eed-7a4cc889cb7c",4
1762803282000,"0adab909-eb8f-4baf-9eed-7a4cc889cb7c",4
1762803454000,"0adab909-eb8f-4baf-9eed-7a4cc889cb7c",4
1762803773000,"0adab909-eb8f-4baf-9eed-7a4cc889cb7c",3
1762803774000,"0adab909-eb8f-4baf-9eed-7a4cc889cb7c",3
1762803775000,"0adab909-eb8f-4baf-9eed-7a4cc889cb7c",3
1762803777000,"0adab909-eb8f-4baf-9eed-7a4cc889cb7c",4
1762804076000,"0adab909-eb8f-4baf-9eed-7a4cc889cb7c",4
1762804082000,"0adab909-eb8f-4baf-9eed-7a4cc889cb7c",4
1762804372000,"0adab909-eb8f-4baf-9eed-7a4cc889cb7c",3
1762804373000,"0adab909-eb8f-4baf-9eed-7a4cc889cb7c",3
1762804377000,"0adab909-eb8f-4baf-9eed-7a4cc889cb7c",3
1762804428000,"0adab909-eb8f-4baf-9eed-7a4cc889cb7c",1
1762804431000,"0adab909-eb8f-4baf-9eed-7a4cc889cb7c",1
1762804486000,"0adab909-eb8f-4baf-9eed-7a4cc889cb7c",1
1762804612000,"0adab909-eb8f-4baf-9eed-7a4cc889cb7c",4
1762804973000,"0adab909-eb8f-4baf-9eed-7a4cc889cb7c",3
1762804974000,"0adab909-eb8f-4baf-9eed-7a4cc889cb7c",3
1762804975000,"0adab909-eb8f-4baf-9eed-7a4cc889cb7c",3
1762804976000,"0adab909-eb8f-4baf-9eed-7a4cc889cb7c",3
1762804978000,"0adab909-eb8f-4baf-9eed-7a4cc889cb7c",4
1762805277000,"0adab909-eb8f-4baf-9eed-7a4cc889cb7c",4
1762805574000,"0adab909-eb8f-4baf-9eed-7a4cc889cb7c",3
1762805576000,"0adab909-eb8f-4baf-9eed-7a4cc889cb7c",3
1762805578000,"0adab909-eb8f-4baf-9eed-7a4cc889cb7c",4
1762805581000,"0adab909-eb8f-4baf-9eed-7a4cc889cb7c",3
1762805810000,"0adab909-eb8f-4baf-9eed-7a4cc889cb7c",4
1762806105000,"0adab909-eb8f-4baf-9eed-7a4cc889cb7c",3
1762806106000,"0adab909-eb8f-4baf-9eed-7a4cc889cb7c",3
1762806107000,"0adab909-eb8f-4baf-9eed-7a4cc889cb7c",3
1762806110000,"0adab909-eb8f-4baf-9eed-7a4cc889cb7c",4
1762806352000,"0adab909-eb8f-4baf-9eed-7a4cc889cb7c",4
1762806474000,"0adab909-eb8f-4baf-9eed-7a4cc889cb7c",4
1762806705000,"0adab909-eb8f-4baf-9eed-7a4cc889cb7c",3
1762806707000,"0adab909-eb8f-4baf-9eed-7a4cc889cb7c",3
1762806708000,"0adab909-eb8f-4baf-9eed-7a4cc889cb7c",3
1762806710000,"0adab909-eb8f-4baf-9eed-7a4cc889cb7c",4
1762807010000,"0adab909-eb8f-4baf-9eed-7a4cc889cb7c",4
1762807305000,"0adab909-eb8f-4baf-9eed-7a4cc889cb7c",3
1762807306000,"0adab909-eb8f-4baf-9eed-7a4cc889cb7c",3
1762807310000,"0adab909-eb8f-4baf-9eed-7a4cc889cb7c",4
1762807314000,"0adab909-eb8f-4baf-9eed-7a4cc889cb7c",3
1762807317000,"0adab909-eb8f-4baf-9eed-7a4cc889cb7c",3
1762807610000,"0adab909-eb8f-4baf-9eed-7a4cc889cb7c",4
1762807844000,"0adab909-eb8f-4baf-9eed-7a4cc889cb7c",4
1762808097000,"0adab909-eb8f-4baf-9eed-7a4cc889cb7c",1
1762808099000,"0adab909-eb8f-4baf-9eed-7a4cc889cb7c",1
1762808129000,"0adab909-eb8f-4baf-9eed-7a4cc889cb7c",4
1762808138000,"0adab909-eb8f-4baf-9eed-7a4cc889cb7c",3
1762808140000,"0adab909-eb8f-4baf-9eed-7a4cc889cb7c",3
1762808142000,"0adab909-eb8f-4baf-9eed-7a4cc889cb7c",4
1762808147000,"0adab909-eb8f-4baf-9eed-7a4cc889cb7c",3
1762808150000,"0adab909-eb8f-4baf-9eed-7a4cc889cb7c",3
1762808151000,"0adab909-eb8f-4baf-9eed-7a4cc889cb7c",3
1762808230000,"0adab909-eb8f-4baf-9eed-7a4cc889cb7c",4
1762808500000,"0adab909-eb8f-4baf-9eed-7a4cc889cb7c",3
1762808512000,"0adab909-eb8f-4baf-9eed-7a4cc889cb7c",3
1762808741000,"0adab909-eb8f-4baf-9eed-7a4cc889cb7c",4
1762808745000,"0adab909-eb8f-4baf-9eed-7a4cc889cb7c",4
1762809042000,"0adab909-eb8f-4baf-9eed-7a4cc889cb7c",4
1762809159000,"0adab909-eb8f-4baf-9eed-7a4cc889cb7c",3
1762809160000,"0adab909-eb8f-4baf-9eed-7a4cc889cb7c",3
1762809162000,"0adab909-eb8f-4baf-9eed-7a4cc889cb7c",4
1762809172000,"0adab909-eb8f-4baf-9eed-7a4cc889cb7c",3
1762809173000,"0adab909-eb8f-4baf-9eed-7a4cc889cb7c",3
1762809174000,"0adab909-eb8f-4baf-9eed-7a4cc889cb7c",3
1762809175000,"0adab909-eb8f-4baf-9eed-7a4cc889cb7c",3
1762809552000,"0adab909-eb8f-4baf-9eed-7a4cc889cb7c",4
1762809655000,"0adab909-eb8f-4baf-9eed-7a4cc889cb7c",4
1762809951000,"0adab909-eb8f-4baf-9eed-7a4cc889cb7c",3
1762809952000,"0adab909-eb8f-4baf-9eed-7a4cc889cb7c",3
1762809954000,"0adab909-eb8f-4baf-9eed-7a4cc889cb7c",3
1762809955000,"0adab909-eb8f-4baf-9eed-7a4cc889cb7c",4
1762809964000,"0adab909-eb8f-4baf-9eed-7a4cc889cb7c",3
1762810255000,"0adab909-eb8f-4baf-9eed-7a4cc889cb7c",4
1762810258000,"0adab909-eb8f-4baf-9eed-7a4cc889cb7c",4
1762810552000,"0adab909-eb8f-4baf-9eed-7a4cc889cb7c",3
1762810555000,"0adab909-eb8f-4baf-9eed-7a4cc889cb7c",4
1762810556000,"0adab909-eb8f-4baf-9eed-7a4cc889cb7c",3
1762810564000,"0adab909-eb8f-4baf-9eed-7a4cc889cb7c",3
1762810565000,"0adab909-eb8f-4baf-9eed-7a4cc889cb7c",3
1762810855000,"0adab909-eb8f-4baf-9eed-7a4cc889cb7c",4
1762810943000,"0adab909-eb8f-4baf-9eed-7a4cc889cb7c",4
1762811152000,"0adab909-eb8f-4baf-9eed-7a4cc889cb7c",3
1762811155000,"0adab909-eb8f-4baf-9eed-7a4cc889cb7c",4
1762811164000,"0adab909-eb8f-4baf-9eed-7a4cc889cb7c",3
1762811455000,"0adab909-eb8f-4baf-9eed-7a4cc889cb7c",4
1762811753000,"0adab909-eb8f-4baf-9eed-7a4cc889cb7c",3
1762811755000,"0adab909-eb8f-4baf-9eed-7a4cc889cb7c",4
1762811760000,"0adab909-eb8f-4baf-9eed-7a4cc889cb7c",3
1762811764000,"0adab909-eb8f-4baf-9eed-7a4cc889cb7c",3
1762811765000,"0adab909-eb8f-4baf-9eed-7a4cc889cb7c",3
1762811862000,"0adab909-eb8f-4baf-9eed-7a4cc889cb7c",1
1762811863000,"0adab909-eb8f-4baf-9eed-7a4cc889cb7c",4
1762812353000,"0adab909-eb8f-4baf-9eed-7a4cc889cb7c",4
1762812355000,"0adab909-eb8f-4baf-9eed-7a4cc889cb7c",3
1762812356000,"0adab909-eb8f-4baf-9eed-7a4cc889cb7c",4
1762812357000,"0adab909-eb8f-4baf-9eed-7a4cc889cb7c",3
1762812653000,"0adab909-eb8f-4baf-9eed-7a4cc889cb7c",4
1762812952000,"0adab909-eb8f-4baf-9eed-7a4cc889cb7c",4
1762812953000,"0adab909-eb8f-4baf-9eed-7a4cc889cb7c",3
1762813017000,"0adab909-eb8f-4baf-9eed-7a4cc889cb7c",4
1762813246000,"0adab909-eb8f-4baf-9eed-7a4cc889cb7c",4
1762813546000,"0adab909-eb8f-4baf-9eed-7a4cc889cb7c",4
1762813547000,"0adab909-eb8f-4baf-9eed-7a4cc889cb7c",3
1762813552000,"0adab909-eb8f-4baf-9eed-7a4cc889cb7c",3
1762813723000,"0adab909-eb8f-4baf-9eed-7a4cc889cb7c",4
1762813726000,"0adab909-eb8f-4baf-9eed-7a4cc889cb7c",4
1762814146000,"0adab909-eb8f-4baf-9eed-7a4cc889cb7c",3
1762814148000,"0adab909-eb8f-4baf-9eed-7a4cc889cb7c",3
1762814149000,"0adab909-eb8f-4baf-9eed-7a4cc889cb7c",3
1762814336000,"0adab909-eb8f-4baf-9eed-7a4cc889cb7c",4
1762814338000,"0adab909-eb8f-4baf-9eed-7a4cc889cb7c",4
1762814744000,"0adab909-eb8f-4baf-9eed-7a4cc889cb7c",3
1762814745000,"0adab909-eb8f-4baf-9eed-7a4cc889cb7c",3
1762814747000,"0adab909-eb8f-4baf-9eed-7a4cc889cb7c",3
1762814751000,"0adab909-eb8f-4baf-9eed-7a4cc889cb7c",3
1762814950000,"0adab909-eb8f-4baf-9eed-7a4cc889cb7c",4
1762814952000,"0adab909-eb8f-4baf-9eed-7a4cc889cb7c",4
1762815180000,"0adab909-eb8f-4baf-9eed-7a4cc889cb7c",4
1762815183000,"0adab909-eb8f-4baf-9eed-7a4cc889cb7c",3
1762815191000,"0adab909-eb8f-4baf-9eed-7a4cc889cb7c",3
1762815482000,"0adab909-eb8f-4baf-9eed-7a4cc889cb7c",4
1762815584000,"0adab909-eb8f-4baf-9eed-7a4cc889cb7c",4
1762815586000,"0adab909-eb8f-4baf-9eed-7a4cc889cb7c",4
1762816080000,"0adab909-eb8f-4baf-9eed-7a4cc889cb7c",4
1762816081000,"0adab909-eb8f-4baf-9eed-7a4cc889cb7c",3
1762816085000,"0adab909-eb8f-4baf-9eed-7a4cc889cb7c",3
1762816086000,"0adab909-eb8f-4baf-9eed-7a4cc889cb7c",3
1762816382000,"0adab909-eb8f-4baf-9eed-7a4cc889cb7c",3
1762816384000,"0adab909-eb8f-4baf-9eed-7a4cc889cb7c",3
1762816682000,"0adab909-eb8f-4baf-9eed-7a4cc889cb7c",4
1762816980000,"0adab909-eb8f-4baf-9eed-7a4cc889cb7c",4
1762816981000,"0adab909-eb8f-4baf-9eed-7a4cc889cb7c",3
1762816982000,"0adab909-eb8f-4baf-9eed-7a4cc889cb7c",3
1762816985000,"0adab909-eb8f-4baf-9eed-7a4cc889cb7c",3
1762817213000,"0adab909-eb8f-4baf-9eed-7a4cc889cb7c",4
1762817513000,"0adab909-eb8f-4baf-9eed-7a4cc889cb7c",4
1762817514000,"0adab909-eb8f-4baf-9eed-7a4cc889cb7c",3
1762817516000,"0adab909-eb8f-4baf-9eed-7a4cc889cb7c",3
1762817519000,"0adab909-eb8f-4baf-9eed-7a4cc889cb7c",3
1762817811000,"0adab909-eb8f-4baf-9eed-7a4cc889cb7c",4
1762818113000,"0adab909-eb8f-4baf-9eed-7a4cc889cb7c",3
1762818115000,"0adab909-eb8f-4baf-9eed-7a4cc889cb7c",3
1762818118000,"0adab909-eb8f-4baf-9eed-7a4cc889cb7c",3
1762818413000,"0adab909-eb8f-4baf-9eed-7a4cc889cb7c",4
1762818712000,"0adab909-eb8f-4baf-9eed-7a4cc889cb7c",4
1762818713000,"0adab909-eb8f-4baf-9eed-7a4cc889cb7c",3
1762818715000,"0adab909-eb8f-4baf-9eed-7a4cc889cb7c",3
1762819012000,"0adab909-eb8f-4baf-9eed-7a4cc889cb7c",4
1762819200000,"0adab909-eb8f-4baf-9eed-7a4cc889cb7c",4
1762819202000,"0adab909-eb8f-4baf-9eed-7a4cc889cb7c",4
1762819544000,"0adab909-eb8f-4baf-9eed-7a4cc889cb7c",3
1762819549000,"0adab909-eb8f-4baf-9eed-7a4cc889cb7c",3
1762819550000,"0adab909-eb8f-4baf-9eed-7a4cc889cb7c",3
1762819844000,"0adab909-eb8f-4baf-9eed-7a4cc889cb7c",4
1762820144000,"0adab909-eb8f-4baf-9eed-7a4cc889cb7c",3
1762820155000,"0adab909-eb8f-4baf-9eed-7a4cc889cb7c",3
1762820444000,"0adab909-eb8f-4baf-9eed-7a4cc889cb7c",4
1762820744000,"0adab909-eb8f-4baf-9eed-7a4cc889cb7c",3
1762820745000,"0adab909-eb8f-4baf-9eed-7a4cc889cb7c",3
1762820746000,"0adab909-eb8f-4baf-9eed-7a4cc889cb7c",3
1762821081000,"0adab909-eb8f-4baf-9eed-7a4cc889cb7c",3
1762821082000,"0adab909-eb8f-4baf-9eed-7a4cc889cb7c",3
1762821091000,"0adab909-eb8f-4baf-9eed-7a4cc889cb7c",3
1762821381000,"0adab909-eb8f-4baf-9eed-7a4cc889cb7c",4
1762821681000,"0adab909-eb8f-4baf-9eed-7a4cc889cb7c",3
1762821686000,"0adab909-eb8f-4baf-9eed-7a4cc889cb7c",3
1762821690000,"0adab909-eb8f-4baf-9eed-7a4cc889cb7c",3
1762821981000,"0adab909-eb8f-4baf-9eed-7a4cc889cb7c",4
1762822281000,"0adab909-eb8f-4baf-9eed-7a4cc889cb7c",3
1762822581000,"0adab909-eb8f-4baf-9eed-7a4cc889cb7c",4
1762823007000,"0adab909-eb8f-4baf-9eed-7a4cc889cb7c",4
1762823009000,"0adab909-eb8f-4baf-9eed-7a4cc889cb7c",3
1762823013000,"0adab909-eb8f-4baf-9eed-7a4cc889cb7c",3
1762823307000,"0adab909-eb8f-4baf-9eed-7a4cc889cb7c",4
1762823607000,"0adab909-eb8f-4baf-9eed-7a4cc889cb7c",3
1762823608000,"0adab909-eb8f-4baf-9eed-7a4cc889cb7c",3
1762823609000,"0adab909-eb8f-4baf-9eed-7a4cc889cb7c",3
1762823616000,"0adab909-eb8f-4baf-9eed-7a4cc889cb7c",3
1762823907000,"0adab909-eb8f-4baf-9eed-7a4cc889cb7c",4
1762824207000,"0adab909-eb8f-4baf-9eed-7a4cc889cb7c",4
1762824208000,"0adab909-eb8f-4baf-9eed-7a4cc889cb7c",3
1762824209000,"0adab909-eb8f-4baf-9eed-7a4cc889cb7c",3
1762824216000,"0adab909-eb8f-4baf-9eed-7a4cc889cb7c",3
1762824507000,"0adab909-eb8f-4baf-9eed-7a4cc889cb7c",4
1762824807000,"0adab909-eb8f-4baf-9eed-7a4cc889cb7c",4
1762824808000,"0adab909-eb8f-4baf-9eed-7a4cc889cb7c",3
1762824811000,"0adab909-eb8f-4baf-9eed-7a4cc889cb7c",3
1762824815000,"0adab909-eb8f-4baf-9eed-7a4cc889cb7c",3
1762825039000,"0adab909-eb8f-4baf-9eed-7a4cc889cb7c",4
1762825339000,"0adab909-eb8f-4baf-9eed-7a4cc889cb7c",4
1762825341000,"0adab909-eb8f-4baf-9eed-7a4cc889cb7c",3
1762825344000,"0adab909-eb8f-4baf-9eed-7a4cc889cb7c",3
1762825639000,"0adab909-eb8f-4baf-9eed-7a4cc889cb7c",4
1762825939000,"0adab909-eb8f-4baf-9eed-7a4cc889cb7c",3
1762825941000,"0adab909-eb8f-4baf-9eed-7a4cc889cb7c",3
1762826239000,"0adab909-eb8f-4baf-9eed-7a4cc889cb7c",4
1762826433000,"0adab909-eb8f-4baf-9eed-7a4cc889cb7c",4
1762826539000,"0adab909-eb8f-4baf-9eed-7a4cc889cb7c",4
1762826540000,"0adab909-eb8f-4baf-9eed-7a4cc889cb7c",3
1762826542000,"0adab909-eb8f-4baf-9eed-7a4cc889cb7c",3
1762826544000,"0adab909-eb8f-4baf-9eed-7a4cc889cb7c",3
1762826839000,"0adab909-eb8f-4baf-9eed-7a4cc889cb7c",4
1762827115000,"0adab909-eb8f-4baf-9eed-7a4cc889cb7c",3
1762827123000,"0adab909-eb8f-4baf-9eed-7a4cc889cb7c",3
1762827415000,"0adab909-eb8f-4baf-9eed-7a4cc889cb7c",4
1762827715000,"0adab909-eb8f-4baf-9eed-7a4cc889cb7c",3
1762827719000,"0adab909-eb8f-4baf-9eed-7a4cc889cb7c",3
1762828015000,"0adab909-eb8f-4baf-9eed-7a4cc889cb7c",4
1762828315000,"0adab909-eb8f-4baf-9eed-7a4cc889cb7c",4
1762828316000,"0adab909-eb8f-4baf-9eed-7a4cc889cb7c",3
1762828317000,"0adab909-eb8f-4baf-9eed-7a4cc889cb7c",3
1762828615000,"0adab909-eb8f-4baf-9eed-7a4cc889cb7c",4
1762828873000,"0adab909-eb8f-4baf-9eed-7a4cc889cb7c",3
1762828878000,"0adab909-eb8f-4baf-9eed-7a4cc889cb7c",3
1762829173000,"0adab909-eb8f-4baf-9eed-7a4cc889cb7c",4
1762829474000,"0adab909-eb8f-4baf-9eed-7a4cc889cb7c",4
1762829478000,"0adab909-eb8f-4baf-9eed-7a4cc889cb7c",3
1762829773000,"0adab909-eb8f-4baf-9eed-7a4cc889cb7c",4
1762830073000,"0adab909-eb8f-4baf-9eed-7a4cc889cb7c",3
1762830076000,"0adab909-eb8f-4baf-9eed-7a4cc889cb7c",3
1762830078000,"0adab909-eb8f-4baf-9eed-7a4cc889cb7c",3
1762830373000,"0adab909-eb8f-4baf-9eed-7a4cc889cb7c",4
1762830673000,"0adab909-eb8f-4baf-9eed-7a4cc889cb7c",4
1762830675000,"0adab909-eb8f-4baf-9eed-7a4cc889cb7c",3
1762830905000,"0adab909-eb8f-4baf-9eed-7a4cc889cb7c",4
1762831203000,"0adab909-eb8f-4baf-9eed-7a4cc889cb7c",4
1762831505000,"0adab909-eb8f-4baf-9eed-7a4cc889cb7c",4
1762831507000,"0adab909-eb8f-4baf-9eed-7a4cc889cb7c",3
1762831508000,"0adab909-eb8f-4baf-9eed-7a4cc889cb7c",3
1762831511000,"0adab909-eb8f-4baf-9eed-7a4cc889cb7c",3
1762831805000,"0adab909-eb8f-4baf-9eed-7a4cc889cb7c",4
1762832103000,"0adab909-eb8f-4baf-9eed-7a4cc889cb7c",4
1762832104000,"0adab909-eb8f-4baf-9eed-7a4cc889cb7c",3
1762832105000,"0adab909-eb8f-4baf-9eed-7a4cc889cb7c",3
1762832405000,"0adab909-eb8f-4baf-9eed-7a4cc889cb7c",4
1762832705000,"0adab909-eb8f-4baf-9eed-7a4cc889cb7c",3
1762832707000,"0adab909-eb8f-4baf-9eed-7a4cc889cb7c",3
1762832708000,"0adab909-eb8f-4baf-9eed-7a4cc889cb7c",3
1762832937000,"0adab909-eb8f-4baf-9eed-7a4cc889cb7c",4
1762833237000,"0adab909-eb8f-4baf-9eed-7a4cc889cb7c",4
1762833238000,"0adab909-eb8f-4baf-9eed-7a4cc889cb7c",3
1762833242000,"0adab909-eb8f-4baf-9eed-7a4cc889cb7c",3
1762833537000,"0adab909-eb8f-4baf-9eed-7a4cc889cb7c",4
1762833836000,"0adab909-eb8f-4baf-9eed-7a4cc889cb7c",4
1762833837000,"0adab909-eb8f-4baf-9eed-7a4cc889cb7c",3
1762833839000,"0adab909-eb8f-4baf-9eed-7a4cc889cb7c",3
1762833845000,"0adab909-eb8f-4baf-9eed-7a4cc889cb7c",3
1762834136000,"0adab909-eb8f-4baf-9eed-7a4cc889cb7c",4
1762834435000,"0adab909-eb8f-4baf-9eed-7a4cc889cb7c",3
1762834436000,"0adab909-eb8f-4baf-9eed-7a4cc889cb7c",3
1762834438000,"0adab909-eb8f-4baf-9eed-7a4cc889cb7c",3
1762834442000,"0adab909-eb8f-4baf-9eed-7a4cc889cb7c",3
1762834736000,"0adab909-eb8f-4baf-9eed-7a4cc889cb7c",4
1762834968000,"0adab909-eb8f-4baf-9eed-7a4cc889cb7c",4
1762834971000,"0adab909-eb8f-4baf-9eed-7a4cc889cb7c",3
1762834973000,"0adab909-eb8f-4baf-9eed-7a4cc889cb7c",3
1762834979000,"0adab909-eb8f-4baf-9eed-7a4cc889cb7c",3
1762835269000,"0adab909-eb8f-4baf-9eed-7a4cc889cb7c",4
1762835569000,"0adab909-eb8f-4baf-9eed-7a4cc889cb7c",4
1762835571000,"0adab909-eb8f-4baf-9eed-7a4cc889cb7c",3
1762835574000,"0adab909-eb8f-4baf-9eed-7a4cc889cb7c",3
1762835577000,"0adab909-eb8f-4baf-9eed-7a4cc889cb7c",3
1762835869000,"0adab909-eb8f-4baf-9eed-7a4cc889cb7c",4
1762836168000,"0adab909-eb8f-4baf-9eed-7a4cc889cb7c",4
1762836178000,"0adab909-eb8f-4baf-9eed-7a4cc889cb7c",3
1762836468000,"0adab909-eb8f-4baf-9eed-7a4cc889cb7c",4
1762836767000,"0adab909-eb8f-4baf-9eed-7a4cc889cb7c",4
1762836768000,"0adab909-eb8f-4baf-9eed-7a4cc889cb7c",3
1762836769000,"0adab909-eb8f-4baf-9eed-7a4cc889cb7c",3
1762836771000,"0adab909-eb8f-4baf-9eed-7a4cc889cb7c",3
1762836998000,"0adab909-eb8f-4baf-9eed-7a4cc889cb7c",4
1762837298000,"0adab909-eb8f-4baf-9eed-7a4cc889cb7c",4
1762837299000,"0adab909-eb8f-4baf-9eed-7a4cc889cb7c",3
1762837300000,"0adab909-eb8f-4baf-9eed-7a4cc889cb7c",3
1762837301000,"0adab909-eb8f-4baf-9eed-7a4cc889cb7c",3
1762837304000,"0adab909-eb8f-4baf-9eed-7a4cc889cb7c",3
1762837599000,"0adab909-eb8f-4baf-9eed-7a4cc889cb7c",4
1762837898000,"0adab909-eb8f-4baf-9eed-7a4cc889cb7c",4
1762837899000,"0adab909-eb8f-4baf-9eed-7a4cc889cb7c",3
1762837902000,"0adab909-eb8f-4baf-9eed-7a4cc889cb7c",3
1762838199000,"0adab909-eb8f-4baf-9eed-7a4cc889cb7c",4
1762838499000,"0adab909-eb8f-4baf-9eed-7a4cc889cb7c",4
1762838500000,"0adab909-eb8f-4baf-9eed-7a4cc889cb7c",3
1762838510000,"0adab909-eb8f-4baf-9eed-7a4cc889cb7c",3
1762838799000,"0adab909-eb8f-4baf-9eed-7a4cc889cb7c",4
1762839122000,"0adab909-eb8f-4baf-9eed-7a4cc889cb7c",4
1762839123000,"0adab909-eb8f-4baf-9eed-7a4cc889cb7c",3
1762839124000,"0adab909-eb8f-4baf-9eed-7a4cc889cb7c",3
1762839126000,"0adab909-eb8f-4baf-9eed-7a4cc889cb7c",3
1762839197000,"0adab909-eb8f-4baf-9eed-7a4cc889cb7c",1
1762839200000,"0adab909-eb8f-4baf-9eed-7a4cc889cb7c",1
1762839242000,"0adab909-eb8f-4baf-9eed-7a4cc889cb7c",4
1762839601000,"0adab909-eb8f-4baf-9eed-7a4cc889cb7c",1
1762839615000,"0adab909-eb8f-4baf-9eed-7a4cc889cb7c",1
1762839755000,"0adab909-eb8f-4baf-9eed-7a4cc889cb7c",4
1762839756000,"0adab909-eb8f-4baf-9eed-7a4cc889cb7c",3
1762839757000,"0adab909-eb8f-4baf-9eed-7a4cc889cb7c",3
1762839758000,"0adab909-eb8f-4baf-9eed-7a4cc889cb7c",3
1762839768000,"0adab909-eb8f-4baf-9eed-7a4cc889cb7c",3
1762840055000,"0adab909-eb8f-4baf-9eed-7a4cc889cb7c",4
1762840200000,"0adab909-eb8f-4baf-9eed-7a4cc889cb7c",1
1762840213000,"0adab909-eb8f-4baf-9eed-7a4cc889cb7c",1
1762840354000,"0adab909-eb8f-4baf-9eed-7a4cc889cb7c",4
1762840355000,"0adab909-eb8f-4baf-9eed-7a4cc889cb7c",3
1762840356000,"0adab909-eb8f-4baf-9eed-7a4cc889cb7c",3
1762840357000,"0adab909-eb8f-4baf-9eed-7a4cc889cb7c",3
1762840358000,"0adab909-eb8f-4baf-9eed-7a4cc889cb7c",3
1762840359000,"0adab909-eb8f-4baf-9eed-7a4cc889cb7c",3
1762840360000,"0adab909-eb8f-4baf-9eed-7a4cc889cb7c",3
1762840361000,"0adab909-eb8f-4baf-9eed-7a4cc889cb7c",3
1762840362000,"0adab909-eb8f-4baf-9eed-7a4cc889cb7c",3
1762840363000,"0adab909-eb8f-4baf-9eed-7a4cc889cb7c",3
1762840364000,"0adab909-eb8f-4baf-9eed-7a4cc889cb7c",3
1762840366000,"0adab909-eb8f-4baf-9eed-7a4cc889cb7c",3
1762840443000,"0adab909-eb8f-4baf-9eed-7a4cc889cb7c",4
1762840851000,"0adab909-eb8f-4baf-9eed-7a4cc889cb7c",4
1762841151000,"0adab909-eb8f-4baf-9eed-7a4cc889cb7c",4
1762841152000,"0adab909-eb8f-4baf-9eed-7a4cc889cb7c",3
1762841154000,"0adab909-eb8f-4baf-9eed-7a4cc889cb7c",4
1762841451000,"0adab909-eb8f-4baf-9eed-7a4cc889cb7c",4
1762841751000,"0adab909-eb8f-4baf-9eed-7a4cc889cb7c",3
1762841752000,"0adab909-eb8f-4baf-9eed-7a4cc889cb7c",3
1762841753000,"0adab909-eb8f-4baf-9eed-7a4cc889cb7c",3
1762841763000,"0adab909-eb8f-4baf-9eed-7a4cc889cb7c",3
1762841943000,"0adab909-eb8f-4baf-9eed-7a4cc889cb7c",4
1762842008000,"0adab909-eb8f-4baf-9eed-7a4cc889cb7c",1
1762842009000,"0adab909-eb8f-4baf-9eed-7a4cc889cb7c",1
1762842051000,"0adab909-eb8f-4baf-9eed-7a4cc889cb7c",4
1762842284000,"0adab909-eb8f-4baf-9eed-7a4cc889cb7c",1
1762842287000,"0adab909-eb8f-4baf-9eed-7a4cc889cb7c",1
1762842304000,"0adab909-eb8f-4baf-9eed-7a4cc889cb7c",4
1762842319000,"0adab909-eb8f-4baf-9eed-7a4cc889cb7c",3
1762842320000,"0adab909-eb8f-4baf-9eed-7a4cc889cb7c",3
1762842323000,"0adab909-eb8f-4baf-9eed-7a4cc889cb7c",4
1762842328000,"0adab909-eb8f-4baf-9eed-7a4cc889cb7c",3
1762842332000,"0adab909-eb8f-4baf-9eed-7a4cc889cb7c",3
1762842334000,"0adab909-eb8f-4baf-9eed-7a4cc889cb7c",3
1762842565000,"0adab909-eb8f-4baf-9eed-7a4cc889cb7c",4
1762842654000,"0adab909-eb8f-4baf-9eed-7a4cc889cb7c",4
1762842951000,"0adab909-eb8f-4baf-9eed-7a4cc889cb7c",3
1762842952000,"0adab909-eb8f-4baf-9eed-7a4cc889cb7c",3
1762842953000,"0adab909-eb8f-4baf-9eed-7a4cc889cb7c",3
1762842954000,"0adab909-eb8f-4baf-9eed-7a4cc889cb7c",4
1762842964000,"0adab909-eb8f-4baf-9eed-7a4cc889cb7c",3
1762842966000,"0adab909-eb8f-4baf-9eed-7a4cc889cb7c",3
1762843194000,"0adab909-eb8f-4baf-9eed-7a4cc889cb7c",4
1762843210000,"0adab909-eb8f-4baf-9eed-7a4cc889cb7c",1
1762843257000,"0adab909-eb8f-4baf-9eed-7a4cc889cb7c",4
1762843331000,"0adab909-eb8f-4baf-9eed-7a4cc889cb7c",3
1762843332000,"0adab909-eb8f-4baf-9eed-7a4cc889cb7c",3
1762843337000,"0adab909-eb8f-4baf-9eed-7a4cc889cb7c",4
1762843340000,"0adab909-eb8f-4baf-9eed-7a4cc889cb7c",3
1762843342000,"0adab909-eb8f-4baf-9eed-7a4cc889cb7c",3
1762843344000,"0adab909-eb8f-4baf-9eed-7a4cc889cb7c",3
1762843550000,"0adab909-eb8f-4baf-9eed-7a4cc889cb7c",4
1762843633000,"0adab909-eb8f-4baf-9eed-7a4cc889cb7c",2
1762843687000,"0adab909-eb8f-4baf-9eed-7a4cc889cb7c",4
1762843918000,"0adab909-eb8f-4baf-9eed-7a4cc889cb7c",3
1762843919000,"0adab909-eb8f-4baf-9eed-7a4cc889cb7c",3
1762843920000,"0adab909-eb8f-4baf-9eed-7a4cc889cb7c",3
1762843921000,"0adab909-eb8f-4baf-9eed-7a4cc889cb7c",3
1762843922000,"0adab909-eb8f-4baf-9eed-7a4cc889cb7c",3
1762843923000,"0adab909-eb8f-4baf-9eed-7a4cc889cb7c",3
1762843924000,"0adab909-eb8f-4baf-9eed-7a4cc889cb7c",3
1762843927000,"0adab909-eb8f-4baf-9eed-7a4cc889cb7c",3
1762843928000,"0adab909-eb8f-4baf-9eed-7a4cc889cb7c",3
1762843936000,"0adab909-eb8f-4baf-9eed-7a4cc889cb7c",4
1762843989000,"0adab909-eb8f-4baf-9eed-7a4cc889cb7c",4
1762843992000,"0adab909-eb8f-4baf-9eed-7a4cc889cb7c",2
1762844151000,"0adab909-eb8f-4baf-9eed-7a4cc889cb7c",4
1762844156000,"0adab909-eb8f-4baf-9eed-7a4cc889cb7c",4
1762844219000,"0adab909-eb8f-4baf-9eed-7a4cc889cb7c",2
1762844290000,"0adab909-eb8f-4baf-9eed-7a4cc889cb7c",4
1762844307000,"0adab909-eb8f-4baf-9eed-7a4cc889cb7c",4
1762844427000,"0adab909-eb8f-4baf-9eed-7a4cc889cb7c",4
1762844532000,"0adab909-eb8f-4baf-9eed-7a4cc889cb7c",3
1762844534000,"0adab909-eb8f-4baf-9eed-7a4cc889cb7c",3
1762844535000,"0adab909-eb8f-4baf-9eed-7a4cc889cb7c",3
1762844536000,"0adab909-eb8f-4baf-9eed-7a4cc889cb7c",3
1762844539000,"0adab909-eb8f-4baf-9eed-7a4cc889cb7c",3
1762844604000,"0adab909-eb8f-4baf-9eed-7a4cc889cb7c",1
1762844607000,"0adab909-eb8f-4baf-9eed-7a4cc889cb7c",4
1762844610000,"0adab909-eb8f-4baf-9eed-7a4cc889cb7c",1
1762844914000,"0adab909-eb8f-4baf-9eed-7a4cc889cb7c",4
1762844985000,"0adab909-eb8f-4baf-9eed-7a4cc889cb7c",4
1762845075000,"0adab909-eb8f-4baf-9eed-7a4cc889cb7c",3
1762845076000,"0adab909-eb8f-4baf-9eed-7a4cc889cb7c",3
1762845079000,"0adab909-eb8f-4baf-9eed-7a4cc889cb7c",3
1762845082000,"0adab909-eb8f-4baf-9eed-7a4cc889cb7c",3
1762845143000,"0adab909-eb8f-4baf-9eed-7a4cc889cb7c",4
1762845453000,"0adab909-eb8f-4baf-9eed-7a4cc889cb7c",4
1762845591000,"0adab909-eb8f-4baf-9eed-7a4cc889cb7c",4
1762845761000,"0adab909-eb8f-4baf-9eed-7a4cc889cb7c",3
1762845762000,"0adab909-eb8f-4baf-9eed-7a4cc889cb7c",3
1762845766000,"0adab909-eb8f-4baf-9eed-7a4cc889cb7c",3
1762845767000,"0adab909-eb8f-4baf-9eed-7a4cc889cb7c",3
1762845768000,"0adab909-eb8f-4baf-9eed-7a4cc889cb7c",3
1762846119000,"0adab909-eb8f-4baf-9eed-7a4cc889cb7c",1
1762846122000,"0adab909-eb8f-4baf-9eed-7a4cc889cb7c",4
1762846123000,"0adab909-eb8f-4baf-9eed-7a4cc889cb7c",1
1762846130000,"0adab909-eb8f-4baf-9eed-7a4cc889cb7c",4
1762846138000,"0adab909-eb8f-4baf-9eed-7a4cc889cb7c",1
1762846258000,"0adab909-eb8f-4baf-9eed-7a4cc889cb7c",4
1762846261000,"0adab909-eb8f-4baf-9eed-7a4cc889cb7c",4
1762846650000,"0adab909-eb8f-4baf-9eed-7a4cc889cb7c",3
1762846651000,"0adab909-eb8f-4baf-9eed-7a4cc889cb7c",3
1762846652000,"0adab909-eb8f-4baf-9eed-7a4cc889cb7c",3
1762846655000,"0adab909-eb8f-4baf-9eed-7a4cc889cb7c",3
1762846657000,"0adab909-eb8f-4baf-9eed-7a4cc889cb7c",3
1762846951000,"0adab909-eb8f-4baf-9eed-7a4cc889cb7c",3
1762846952000,"0adab909-eb8f-4baf-9eed-7a4cc889cb7c",3
1762846953000,"0adab909-eb8f-4baf-9eed-7a4cc889cb7c",3
1762846954000,"0adab909-eb8f-4baf-9eed-7a4cc889cb7c",3
1762846955000,"0adab909-eb8f-4baf-9eed-7a4cc889cb7c",3
1762846958000,"0adab909-eb8f-4baf-9eed-7a4cc889cb7c",3
1762847252000,"0adab909-eb8f-4baf-9eed-7a4cc889cb7c",4
1762847551000,"0adab909-eb8f-4baf-9eed-7a4cc889cb7c",3
1762847552000,"0adab909-eb8f-4baf-9eed-7a4cc889cb7c",3
1762847553000,"0adab909-eb8f-4baf-9eed-7a4cc889cb7c",3
1762847554000,"0adab909-eb8f-4baf-9eed-7a4cc889cb7c",3
1762847555000,"0adab909-eb8f-4baf-9eed-7a4cc889cb7c",3
1762847557000,"0adab909-eb8f-4baf-9eed-7a4cc889cb7c",3
1762847560000,"0adab909-eb8f-4baf-9eed-7a4cc889cb7c",3
1762847562000,"0adab909-eb8f-4baf-9eed-7a4cc889cb7c",3
1762847780000,"0adab909-eb8f-4baf-9eed-7a4cc889cb7c",4
1762847783000,"0adab909-eb8f-4baf-9eed-7a4cc889cb7c",4
1762847999000,"0adab909-eb8f-4baf-9eed-7a4cc889cb7c",4
1762848369000,"0adab909-eb8f-4baf-9eed-7a4cc889cb7c",4
1762848370000,"0adab909-eb8f-4baf-9eed-7a4cc889cb7c",3
1762848371000,"0adab909-eb8f-4baf-9eed-7a4cc889cb7c",3
1762848372000,"0adab909-eb8f-4baf-9eed-7a4cc889cb7c",3
1762848374000,"0adab909-eb8f-4baf-9eed-7a4cc889cb7c",3
1762848375000,"0adab909-eb8f-4baf-9eed-7a4cc889cb7c",3
1762848376000,"0adab909-eb8f-4baf-9eed-7a4cc889cb7c",3
1762848433000,"0adab909-eb8f-4baf-9eed-7a4cc889cb7c",4
1762848669000,"0adab909-eb8f-4baf-9eed-7a4cc889cb7c",4
1762848670000,"0adab909-eb8f-4baf-9eed-7a4cc889cb7c",3
1762848671000,"0adab909-eb8f-4baf-9eed-7a4cc889cb7c",3
1762848672000,"0adab909-eb8f-4baf-9eed-7a4cc889cb7c",3
1762848677000,"0adab909-eb8f-4baf-9eed-7a4cc889cb7c",3
1762848680000,"0adab909-eb8f-4baf-9eed-7a4cc889cb7c",3
1762848968000,"0adab909-eb8f-4baf-9eed-7a4cc889cb7c",4
1762849268000,"0adab909-eb8f-4baf-9eed-7a4cc889cb7c",4
1762849271000,"0adab909-eb8f-4baf-9eed-7a4cc889cb7c",4
1762849568000,"0adab909-eb8f-4baf-9eed-7a4cc889cb7c",3
1762849569000,"0adab909-eb8f-4baf-9eed-7a4cc889cb7c",3
1762849570000,"0adab909-eb8f-4baf-9eed-7a4cc889cb7c",3
1762849571000,"0adab909-eb8f-4baf-9eed-7a4cc889cb7c",3
1762849572000,"0adab909-eb8f-4baf-9eed-7a4cc889cb7c",3
1762849579000,"0adab909-eb8f-4baf-9eed-7a4cc889cb7c",3
1762849860000,"0adab909-eb8f-4baf-9eed-7a4cc889cb7c",4
1762850091000,"0adab909-eb8f-4baf-9eed-7a4cc889cb7c",3
1762850092000,"0adab909-eb8f-4baf-9eed-7a4cc889cb7c",3
1762850093000,"0adab909-eb8f-4baf-9eed-7a4cc889cb7c",3
1762850094000,"0adab909-eb8f-4baf-9eed-7a4cc889cb7c",3
1762850096000,"0adab909-eb8f-4baf-9eed-7a4cc889cb7c",3
1762850097000,"0adab909-eb8f-4baf-9eed-7a4cc889cb7c",3
1762850098000,"0adab909-eb8f-4baf-9eed-7a4cc889cb7c",3
1762850099000,"0adab909-eb8f-4baf-9eed-7a4cc889cb7c",3
1762850101000,"0adab909-eb8f-4baf-9eed-7a4cc889cb7c",3
1762850102000,"0adab909-eb8f-4baf-9eed-7a4cc889cb7c",3
1762850391000,"0adab909-eb8f-4baf-9eed-7a4cc889cb7c",4
1762850692000,"0adab909-eb8f-4baf-9eed-7a4cc889cb7c",3
1762850693000,"0adab909-eb8f-4baf-9eed-7a4cc889cb7c",3
1762850694000,"0adab909-eb8f-4baf-9eed-7a4cc889cb7c",3
1762850695000,"0adab909-eb8f-4baf-9eed-7a4cc889cb7c",3
1762850697000,"0adab909-eb8f-4baf-9eed-7a4cc889cb7c",3
1762850698000,"0adab909-eb8f-4baf-9eed-7a4cc889cb7c",3
1762850704000,"0adab909-eb8f-4baf-9eed-7a4cc889cb7c",3
1762850705000,"0adab909-eb8f-4baf-9eed-7a4cc889cb7c",3
1762850991000,"0adab909-eb8f-4baf-9eed-7a4cc889cb7c",4
1762851292000,"0adab909-eb8f-4baf-9eed-7a4cc889cb7c",4
1762851293000,"0adab909-eb8f-4baf-9eed-7a4cc889cb7c",3
1762851294000,"0adab909-eb8f-4baf-9eed-7a4cc889cb7c",3
1762851295000,"0adab909-eb8f-4baf-9eed-7a4cc889cb7c",3
1762851296000,"0adab909-eb8f-4baf-9eed-7a4cc889cb7c",3
1762851297000,"0adab909-eb8f-4baf-9eed-7a4cc889cb7c",3
1762851301000,"0adab909-eb8f-4baf-9eed-7a4cc889cb7c",3
1762851303000,"0adab909-eb8f-4baf-9eed-7a4cc889cb7c",3
1762851305000,"0adab909-eb8f-4baf-9eed-7a4cc889cb7c",3
1762851592000,"0adab909-eb8f-4baf-9eed-7a4cc889cb7c",4
1762851999000,"0adab909-eb8f-4baf-9eed-7a4cc889cb7c",3
1762852000000,"0adab909-eb8f-4baf-9eed-7a4cc889cb7c",3
1762852001000,"0adab909-eb8f-4baf-9eed-7a4cc889cb7c",3
1762852002000,"0adab909-eb8f-4baf-9eed-7a4cc889cb7c",3
1762852003000,"0adab909-eb8f-4baf-9eed-7a4cc889cb7c",3
1762852005000,"0adab909-eb8f-4baf-9eed-7a4cc889cb7c",3
1762852010000,"0adab909-eb8f-4baf-9eed-7a4cc889cb7c",3
1762852297000,"0adab909-eb8f-4baf-9eed-7a4cc889cb7c",3
1762852298000,"0adab909-eb8f-4baf-9eed-7a4cc889cb7c",3
1762852299000,"0adab909-eb8f-4baf-9eed-7a4cc889cb7c",3
1762852300000,"0adab909-eb8f-4baf-9eed-7a4cc889cb7c",3
1762852301000,"0adab909-eb8f-4baf-9eed-7a4cc889cb7c",3
1762852302000,"0adab909-eb8f-4baf-9eed-7a4cc889cb7c",3
1762852303000,"0adab909-eb8f-4baf-9eed-7a4cc889cb7c",3
1762852307000,"0adab909-eb8f-4baf-9eed-7a4cc889cb7c",3
1762852597000,"0adab909-eb8f-4baf-9eed-7a4cc889cb7c",4
1762852898000,"0adab909-eb8f-4baf-9eed-7a4cc889cb7c",3
1762852899000,"0adab909-eb8f-4baf-9eed-7a4cc889cb7c",3
1762852900000,"0adab909-eb8f-4baf-9eed-7a4cc889cb7c",3
1762852901000,"0adab909-eb8f-4baf-9eed-7a4cc889cb7c",3
1762852902000,"0adab909-eb8f-4baf-9eed-7a4cc889cb7c",3
1762852903000,"0adab909-eb8f-4baf-9eed-7a4cc889cb7c",3
1762852904000,"0adab909-eb8f-4baf-9eed-7a4cc889cb7c",3
1762852911000,"0adab909-eb8f-4baf-9eed-7a4cc889cb7c",3
1762853198000,"0adab909-eb8f-4baf-9eed-7a4cc889cb7c",4
1762853483000,"0adab909-eb8f-4baf-9eed-7a4cc889cb7c",4
1762853497000,"0adab909-eb8f-4baf-9eed-7a4cc889cb7c",3
1762853498000,"0adab909-eb8f-4baf-9eed-7a4cc889cb7c",3
1762853499000,"0adab909-eb8f-4baf-9eed-7a4cc889cb7c",3
1762853500000,"0adab909-eb8f-4baf-9eed-7a4cc889cb7c",3
1762853501000,"0adab909-eb8f-4baf-9eed-7a4cc889cb7c",3
1762853502000,"0adab909-eb8f-4baf-9eed-7a4cc889cb7c",3
1762853503000,"0adab909-eb8f-4baf-9eed-7a4cc889cb7c",3
1762853505000,"0adab909-eb8f-4baf-9eed-7a4cc889cb7c",3
1762853507000,"0adab909-eb8f-4baf-9eed-7a4cc889cb7c",3
1762853509000,"0adab909-eb8f-4baf-9eed-7a4cc889cb7c",3
1762853798000,"0adab909-eb8f-4baf-9eed-7a4cc889cb7c",4
1762854030000,"0adab909-eb8f-4baf-9eed-7a4cc889cb7c",4
1762854330000,"0adab909-eb8f-4baf-9eed-7a4cc889cb7c",3
1762854331000,"0adab909-eb8f-4baf-9eed-7a4cc889cb7c",3
1762854332000,"0adab909-eb8f-4baf-9eed-7a4cc889cb7c",3
1762854333000,"0adab909-eb8f-4baf-9eed-7a4cc889cb7c",3
1762854334000,"0adab909-eb8f-4baf-9eed-7a4cc889cb7c",3
1762854335000,"0adab909-eb8f-4baf-9eed-7a4cc889cb7c",3
1762854336000,"0adab909-eb8f-4baf-9eed-7a4cc889cb7c",3
1762854337000,"0adab909-eb8f-4baf-9eed-7a4cc889cb7c",3
1762854338000,"0adab909-eb8f-4baf-9eed-7a4cc889cb7c",3
1762854339000,"0adab909-eb8f-4baf-9eed-7a4cc889cb7c",3
1762854341000,"0adab909-eb8f-4baf-9eed-7a4cc889cb7c",3
1762854500000,"0adab909-eb8f-4baf-9eed-7a4cc889cb7c",2
1762854630000,"0adab909-eb8f-4baf-9eed-7a4cc889cb7c",4
1762854930000,"0adab909-eb8f-4baf-9eed-7a4cc889cb7c",3
1762854931000,"0adab909-eb8f-4baf-9eed-7a4cc889cb7c",3
1762854932000,"0adab909-eb8f-4baf-9eed-7a4cc889cb7c",3
1762854933000,"0adab909-eb8f-4baf-9eed-7a4cc889cb7c",3
1762854934000,"0adab909-eb8f-4baf-9eed-7a4cc889cb7c",3
1762854935000,"0adab909-eb8f-4baf-9eed-7a4cc889cb7c",3
1762854936000,"0adab909-eb8f-4baf-9eed-7a4cc889cb7c",3
1762854938000,"0adab909-eb8f-4baf-9eed-7a4cc889cb7c",3
1762854939000,"0adab909-eb8f-4baf-9eed-7a4cc889cb7c",3
1762854942000,"0adab909-eb8f-4baf-9eed-7a4cc889cb7c",3
1762855229000,"0adab909-eb8f-4baf-9eed-7a4cc889cb7c",4
1762855530000,"0adab909-eb8f-4baf-9eed-7a4cc889cb7c",3
1762855531000,"0adab909-eb8f-4baf-9eed-7a4cc889cb7c",3
1762855532000,"0adab909-eb8f-4baf-9eed-7a4cc889cb7c",3
1762855534000,"0adab909-eb8f-4baf-9eed-7a4cc889cb7c",3
1762855535000,"0adab909-eb8f-4baf-9eed-7a4cc889cb7c",3
1762855536000,"0adab909-eb8f-4baf-9eed-7a4cc889cb7c",3
1762855540000,"0adab909-eb8f-4baf-9eed-7a4cc889cb7c",3
1762855869000,"0adab909-eb8f-4baf-9eed-7a4cc889cb7c",4
1762856169000,"0adab909-eb8f-4baf-9eed-7a4cc889cb7c",3
1762856170000,"0adab909-eb8f-4baf-9eed-7a4cc889cb7c",3
1762856171000,"0adab909-eb8f-4baf-9eed-7a4cc889cb7c",3
1762856172000,"0adab909-eb8f-4baf-9eed-7a4cc889cb7c",3
1762856173000,"0adab909-eb8f-4baf-9eed-7a4cc889cb7c",3
1762856174000,"0adab909-eb8f-4baf-9eed-7a4cc889cb7c",3
1762856177000,"0adab909-eb8f-4baf-9eed-7a4cc889cb7c",3
1762856178000,"0adab909-eb8f-4baf-9eed-7a4cc889cb7c",3
1762856469000,"0adab909-eb8f-4baf-9eed-7a4cc889cb7c",4
1762856482000,"0adab909-eb8f-4baf-9eed-7a4cc889cb7c",4
1762856559000,"0adab909-eb8f-4baf-9eed-7a4cc889cb7c",3
1762856560000,"0adab909-eb8f-4baf-9eed-7a4cc889cb7c",3
1762856900000,"0adab909-eb8f-4baf-9eed-7a4cc889cb7c",4
1762857104000,"0adab909-eb8f-4baf-9eed-7a4cc889cb7c",3
1762857106000,"0adab909-eb8f-4baf-9eed-7a4cc889cb7c",3
1762857107000,"0adab909-eb8f-4baf-9eed-7a4cc889cb7c",3
1762857108000,"0adab909-eb8f-4baf-9eed-7a4cc889cb7c",3
1762857116000,"0adab909-eb8f-4baf-9eed-7a4cc889cb7c",3
1762857122000,"0adab909-eb8f-4baf-9eed-7a4cc889cb7c",3
1762857172000,"0adab909-eb8f-4baf-9eed-7a4cc889cb7c",4
1762857446000,"0adab909-eb8f-4baf-9eed-7a4cc889cb7c",4
1762857515000,"0adab909-eb8f-4baf-9eed-7a4cc889cb7c",4
1762857724000,"0adab909-eb8f-4baf-9eed-7a4cc889cb7c",3
1762857725000,"0adab909-eb8f-4baf-9eed-7a4cc889cb7c",3
1762857726000,"0adab909-eb8f-4baf-9eed-7a4cc889cb7c",3
1762857727000,"0adab909-eb8f-4baf-9eed-7a4cc889cb7c",3
1762857728000,"0adab909-eb8f-4baf-9eed-7a4cc889cb7c",3
1762857729000,"0adab909-eb8f-4baf-9eed-7a4cc889cb7c",3
1762857730000,"0adab909-eb8f-4baf-9eed-7a4cc889cb7c",3
1762857733000,"0adab909-eb8f-4baf-9eed-7a4cc889cb7c",3
1762857792000,"0adab909-eb8f-4baf-9eed-7a4cc889cb7c",4
1762858112000,"0adab909-eb8f-4baf-9eed-7a4cc889cb7c",4
1762858305000,"0adab909-eb8f-4baf-9eed-7a4cc889cb7c",3
1762858306000,"0adab909-eb8f-4baf-9eed-7a4cc889cb7c",3
1762858307000,"0adab909-eb8f-4baf-9eed-7a4cc889cb7c",3
1762858308000,"0adab909-eb8f-4baf-9eed-7a4cc889cb7c",3
1762858310000,"0adab909-eb8f-4baf-9eed-7a4cc889cb7c",3
1762858314000,"0adab909-eb8f-4baf-9eed-7a4cc889cb7c",3
1762858315000,"0adab909-eb8f-4baf-9eed-7a4cc889cb7c",3
1762858316000,"0adab909-eb8f-4baf-9eed-7a4cc889cb7c",3
1762858369000,"0adab909-eb8f-4baf-9eed-7a4cc889cb7c",4
1762858372000,"0adab909-eb8f-4baf-9eed-7a4cc889cb7c",4
1762858699000,"0adab909-eb8f-4baf-9eed-7a4cc889cb7c",4
1762858964000,"0adab909-eb8f-4baf-9eed-7a4cc889cb7c",4
1762858965000,"0adab909-eb8f-4baf-9eed-7a4cc889cb7c",3
1762858966000,"0adab909-eb8f-4baf-9eed-7a4cc889cb7c",3
1762858967000,"0adab909-eb8f-4baf-9eed-7a4cc889cb7c",3
1762858969000,"0adab909-eb8f-4baf-9eed-7a4cc889cb7c",3
1762858971000,"0adab909-eb8f-4baf-9eed-7a4cc889cb7c",3
1762858972000,"0adab909-eb8f-4baf-9eed-7a4cc889cb7c",3
1762858974000,"0adab909-eb8f-4baf-9eed-7a4cc889cb7c",3
1762858975000,"0adab909-eb8f-4baf-9eed-7a4cc889cb7c",3
1762858976000,"0adab909-eb8f-4baf-9eed-7a4cc889cb7c",3
1762859477000,"0adab909-eb8f-4baf-9eed-7a4cc889cb7c",3
1762859478000,"0adab909-eb8f-4baf-9eed-7a4cc889cb7c",3
1762859479000,"0adab909-eb8f-4baf-9eed-7a4cc889cb7c",3
1762859480000,"0adab909-eb8f-4baf-9eed-7a4cc889cb7c",3
1762859481000,"0adab909-eb8f-4baf-9eed-7a4cc889cb7c",3
1762859482000,"0adab909-eb8f-4baf-9eed-7a4cc889cb7c",3
1762859484000,"0adab909-eb8f-4baf-9eed-7a4cc889cb7c",3
1762859485000,"0adab909-eb8f-4baf-9eed-7a4cc889cb7c",3
1762859708000,"0adab909-eb8f-4baf-9eed-7a4cc889cb7c",4
1762860009000,"0adab909-eb8f-4baf-9eed-7a4cc889cb7c",4
1762860131000,"0adab909-eb8f-4baf-9eed-7a4cc889cb7c",4
1762860144000,"0adab909-eb8f-4baf-9eed-7a4cc889cb7c",1
1762860145000,"0adab909-eb8f-4baf-9eed-7a4cc889cb7c",1
1762860147000,"0adab909-eb8f-4baf-9eed-7a4cc889cb7c",4
1762860155000,"0adab909-eb8f-4baf-9eed-7a4cc889cb7c",4
1762860275000,"0adab909-eb8f-4baf-9eed-7a4cc889cb7c",3
1762860276000,"0adab909-eb8f-4baf-9eed-7a4cc889cb7c",3
1762860277000,"0adab909-eb8f-4baf-9eed-7a4cc889cb7c",3
1762860278000,"0adab909-eb8f-4baf-9eed-7a4cc889cb7c",3
1762860279000,"0adab909-eb8f-4baf-9eed-7a4cc889cb7c",3
1762860280000,"0adab909-eb8f-4baf-9eed-7a4cc889cb7c",3
1762860282000,"0adab909-eb8f-4baf-9eed-7a4cc889cb7c",3
1762860283000,"0adab909-eb8f-4baf-9eed-7a4cc889cb7c",4
1762860288000,"0adab909-eb8f-4baf-9eed-7a4cc889cb7c",3
1762860289000,"0adab909-eb8f-4baf-9eed-7a4cc889cb7c",3
1762860290000,"0adab909-eb8f-4baf-9eed-7a4cc889cb7c",3
1762860291000,"0adab909-eb8f-4baf-9eed-7a4cc889cb7c",3
1762860403000,"0adab909-eb8f-4baf-9eed-7a4cc889cb7c",4
1762860411000,"0adab909-eb8f-4baf-9eed-7a4cc889cb7c",4
1762860422000,"0adab909-eb8f-4baf-9eed-7a4cc889cb7c",1
1762860684000,"0adab909-eb8f-4baf-9eed-7a4cc889cb7c",1
1762860685000,"0adab909-eb8f-4baf-9eed-7a4cc889cb7c",1
1762860687000,"0adab909-eb8f-4baf-9eed-7a4cc889cb7c",4
1762860695000,"0adab909-eb8f-4baf-9eed-7a4cc889cb7c",4
1762860748000,"0adab909-eb8f-4baf-9eed-7a4cc889cb7c",4
1762860760000,"0adab909-eb8f-4baf-9eed-7a4cc889cb7c",1
1762860839000,"0adab909-eb8f-4baf-9eed-7a4cc889cb7c",3
1762860840000,"0adab909-eb8f-4baf-9eed-7a4cc889cb7c",3
1762860841000,"0adab909-eb8f-4baf-9eed-7a4cc889cb7c",1
1762860843000,"0adab909-eb8f-4baf-9eed-7a4cc889cb7c",1
1762860844000,"0adab909-eb8f-4baf-9eed-7a4cc889cb7c",3
1762860846000,"0adab909-eb8f-4baf-9eed-7a4cc889cb7c",3
1762860847000,"0adab909-eb8f-4baf-9eed-7a4cc889cb7c",3
1762860852000,"0adab909-eb8f-4baf-9eed-7a4cc889cb7c",3
1762860853000,"0adab909-eb8f-4baf-9eed-7a4cc889cb7c",3
1762860854000,"0adab909-eb8f-4baf-9eed-7a4cc889cb7c",3
1762860871000,"0adab909-eb8f-4baf-9eed-7a4cc889cb7c",1
1762861007000,"0adab909-eb8f-4baf-9eed-7a4cc889cb7c",4
1762861027000,"0adab909-eb8f-4baf-9eed-7a4cc889cb7c",1
1762861030000,"0adab909-eb8f-4baf-9eed-7a4cc889cb7c",4
1762861032000,"0adab909-eb8f-4baf-9eed-7a4cc889cb7c",1
1762861038000,"0adab909-eb8f-4baf-9eed-7a4cc889cb7c",4
1762861166000,"0adab909-eb8f-4baf-9eed-7a4cc889cb7c",4
1762861186000,"0adab909-eb8f-4baf-9eed-7a4cc889cb7c",1
1762861324000,"0adab909-eb8f-4baf-9eed-7a4cc889cb7c",4
1762861325000,"0adab909-eb8f-4baf-9eed-7a4cc889cb7c",3
1762861326000,"0adab909-eb8f-4baf-9eed-7a4cc889cb7c",3
1762861327000,"0adab909-eb8f-4baf-9eed-7a4cc889cb7c",3
1762861328000,"0adab909-eb8f-4baf-9eed-7a4cc889cb7c",3
1762861330000,"0adab909-eb8f-4baf-9eed-7a4cc889cb7c",3
1762861335000,"0adab909-eb8f-4baf-9eed-7a4cc889cb7c",3
1762861337000,"0adab909-eb8f-4baf-9eed-7a4cc889cb7c",3
1762861395000,"0adab909-eb8f-4baf-9eed-7a4cc889cb7c",4
1762861541000,"0adab909-eb8f-4baf-9eed-7a4cc889cb7c",1
1762861543000,"0adab909-eb8f-4baf-9eed-7a4cc889cb7c",1
1762861544000,"0adab909-eb8f-4baf-9eed-7a4cc889cb7c",4
1762861552000,"0adab909-eb8f-4baf-9eed-7a4cc889cb7c",4
1762861628000,"0adab909-eb8f-4baf-9eed-7a4cc889cb7c",1
1762861730000,"0adab909-eb8f-4baf-9eed-7a4cc889cb7c",4
1762861996000,"0adab909-eb8f-4baf-9eed-7a4cc889cb7c",3
1762861997000,"0adab909-eb8f-4baf-9eed-7a4cc889cb7c",3
1762861998000,"0adab909-eb8f-4baf-9eed-7a4cc889cb7c",3
1762861999000,"0adab909-eb8f-4baf-9eed-7a4cc889cb7c",3
1762862001000,"0adab909-eb8f-4baf-9eed-7a4cc889cb7c",3
1762862002000,"0adab909-eb8f-4baf-9eed-7a4cc889cb7c",3
1762862003000,"0adab909-eb8f-4baf-9eed-7a4cc889cb7c",3
1762862004000,"0adab909-eb8f-4baf-9eed-7a4cc889cb7c",3
1762862301000,"0adab909-eb8f-4baf-9eed-7a4cc889cb7c",4
1762862523000,"0adab909-eb8f-4baf-9eed-7a4cc889cb7c",3
1762862524000,"0adab909-eb8f-4baf-9eed-7a4cc889cb7c",3
1762862525000,"0adab909-eb8f-4baf-9eed-7a4cc889cb7c",3
1762862526000,"0adab909-eb8f-4baf-9eed-7a4cc889cb7c",3
1762862527000,"0adab909-eb8f-4baf-9eed-7a4cc889cb7c",3
1762862528000,"0adab909-eb8f-4baf-9eed-7a4cc889cb7c",3
1762862529000,"0adab909-eb8f-4baf-9eed-7a4cc889cb7c",3
1762862530000,"0adab909-eb8f-4baf-9eed-7a4cc889cb7c",3
1762862531000,"0adab909-eb8f-4baf-9eed-7a4cc889cb7c",3
1762862532000,"0adab909-eb8f-4baf-9eed-7a4cc889cb7c",3
1762862660000,"0adab909-eb8f-4baf-9eed-7a4cc889cb7c",4
1762862862000,"0adab909-eb8f-4baf-9eed-7a4cc889cb7c",4
1762863198000,"0adab909-eb8f-4baf-9eed-7a4cc889cb7c",3
1762863199000,"0adab909-eb8f-4baf-9eed-7a4cc889cb7c",3
1762863200000,"0adab909-eb8f-4baf-9eed-7a4cc889cb7c",3
1762863201000,"0adab909-eb8f-4baf-9eed-7a4cc889cb7c",3
1762863202000,"0adab909-eb8f-4baf-9eed-7a4cc889cb7c",3
1762863203000,"0adab909-eb8f-4baf-9eed-7a4cc889cb7c",3
1762863206000,"0adab909-eb8f-4baf-9eed-7a4cc889cb7c",3
1762863208000,"0adab909-eb8f-4baf-9eed-7a4cc889cb7c",3
1762863270000,"0adab909-eb8f-4baf-9eed-7a4cc889cb7c",4
1762863473000,"0adab909-eb8f-4baf-9eed-7a4cc889cb7c",4
1762863963000,"0adab909-eb8f-4baf-9eed-7a4cc889cb7c",4
1762863964000,"0adab909-eb8f-4baf-9eed-7a4cc889cb7c",3
1762863965000,"0adab909-eb8f-4baf-9eed-7a4cc889cb7c",3
1762863966000,"0adab909-eb8f-4baf-9eed-7a4cc889cb7c",3
1762863967000,"0adab909-eb8f-4baf-9eed-7a4cc889cb7c",3
1762863969000,"0adab909-eb8f-4baf-9eed-7a4cc889cb7c",3
1762863970000,"0adab909-eb8f-4baf-9eed-7a4cc889cb7c",3
1762863971000,"0adab909-eb8f-4baf-9eed-7a4cc889cb7c",3
1762863974000,"0adab909-eb8f-4baf-9eed-7a4cc889cb7c",3
1762864162000,"0adab909-eb8f-4baf-9eed-7a4cc889cb7c",4
1762864564000,"0adab909-eb8f-4baf-9eed-7a4cc889cb7c",4
1762864565000,"0adab909-eb8f-4baf-9eed-7a4cc889cb7c",3
1762864566000,"0adab909-eb8f-4baf-9eed-7a4cc889cb7c",3
1762864567000,"0adab909-eb8f-4baf-9eed-7a4cc889cb7c",3
1762864569000,"0adab909-eb8f-4baf-9eed-7a4cc889cb7c",3
1762864571000,"0adab909-eb8f-4baf-9eed-7a4cc889cb7c",3
1762864573000,"0adab909-eb8f-4baf-9eed-7a4cc889cb7c",3
1762864864000,"0adab909-eb8f-4baf-9eed-7a4cc889cb7c",4
1762865120000,"0adab909-eb8f-4baf-9eed-7a4cc889cb7c",3
1762865121000,"0adab909-eb8f-4baf-9eed-7a4cc889cb7c",3
1762865122000,"0adab909-eb8f-4baf-9eed-7a4cc889cb7c",3
1762865123000,"0adab909-eb8f-4baf-9eed-7a4cc889cb7c",3
1762865124000,"0adab909-eb8f-4baf-9eed-7a4cc889cb7c",3
1762865125000,"0adab909-eb8f-4baf-9eed-7a4cc889cb7c",3
1762865126000,"0adab909-eb8f-4baf-9eed-7a4cc889cb7c",3
1762865127000,"0adab909-eb8f-4baf-9eed-7a4cc889cb7c",3
1762865131000,"0adab909-eb8f-4baf-9eed-7a4cc889cb7c",3
1762865420000,"0adab909-eb8f-4baf-9eed-7a4cc889cb7c",4
1762865721000,"0adab909-eb8f-4baf-9eed-7a4cc889cb7c",3
1762865722000,"0adab909-eb8f-4baf-9eed-7a4cc889cb7c",3
1762865723000,"0adab909-eb8f-4baf-9eed-7a4cc889cb7c",3
1762865724000,"0adab909-eb8f-4baf-9eed-7a4cc889cb7c",3
1762865725000,"0adab909-eb8f-4baf-9eed-7a4cc889cb7c",3
1762865729000,"0adab909-eb8f-4baf-9eed-7a4cc889cb7c",3
1762865730000,"0adab909-eb8f-4baf-9eed-7a4cc889cb7c",3
1762866021000,"0adab909-eb8f-4baf-9eed-7a4cc889cb7c",4
1762866320000,"0adab909-eb8f-4baf-9eed-7a4cc889cb7c",3
1762866321000,"0adab909-eb8f-4baf-9eed-7a4cc889cb7c",3
1762866322000,"0adab909-eb8f-4baf-9eed-7a4cc889cb7c",3
1762866326000,"0adab909-eb8f-4baf-9eed-7a4cc889cb7c",3
1762866620000,"0adab909-eb8f-4baf-9eed-7a4cc889cb7c",4
1762867005000,"0adab909-eb8f-4baf-9eed-7a4cc889cb7c",3
1762867006000,"0adab909-eb8f-4baf-9eed-7a4cc889cb7c",3
1762867007000,"0adab909-eb8f-4baf-9eed-7a4cc889cb7c",3
1762867009000,"0adab909-eb8f-4baf-9eed-7a4cc889cb7c",3
1762867011000,"0adab909-eb8f-4baf-9eed-7a4cc889cb7c",3
1762867014000,"0adab909-eb8f-4baf-9eed-7a4cc889cb7c",3
1762867304000,"0adab909-eb8f-4baf-9eed-7a4cc889cb7c",4
1762867305000,"0adab909-eb8f-4baf-9eed-7a4cc889cb7c",3
1762867306000,"0adab909-eb8f-4baf-9eed-7a4cc889cb7c",3
1762867308000,"0adab909-eb8f-4baf-9eed-7a4cc889cb7c",3
1762867309000,"0adab909-eb8f-4baf-9eed-7a4cc889cb7c",3
1762867311000,"0adab909-eb8f-4baf-9eed-7a4cc889cb7c",3
1762867313000,"0adab909-eb8f-4baf-9eed-7a4cc889cb7c",3
1762867315000,"0adab909-eb8f-4baf-9eed-7a4cc889cb7c",3
1762867604000,"0adab909-eb8f-4baf-9eed-7a4cc889cb7c",4
1762867783000,"0adab909-eb8f-4baf-9eed-7a4cc889cb7c",4
1762867905000,"0adab909-eb8f-4baf-9eed-7a4cc889cb7c",4
1762867906000,"0adab909-eb8f-4baf-9eed-7a4cc889cb7c",3
1762867907000,"0adab909-eb8f-4baf-9eed-7a4cc889cb7c",3
1762867908000,"0adab909-eb8f-4baf-9eed-7a4cc889cb7c",3
1762867909000,"0adab909-eb8f-4baf-9eed-7a4cc889cb7c",3
1762867910000,"0adab909-eb8f-4baf-9eed-7a4cc889cb7c",3
1762868204000,"0adab909-eb8f-4baf-9eed-7a4cc889cb7c",4
1762868504000,"0adab909-eb8f-4baf-9eed-7a4cc889cb7c",3
1762868505000,"0adab909-eb8f-4baf-9eed-7a4cc889cb7c",3
1762868555000,"0adab909-eb8f-4baf-9eed-7a4cc889cb7c",4
1762868638000,"0adab909-eb8f-4baf-9eed-7a4cc889cb7c",4
1762868910000,"0adab909-eb8f-4baf-9eed-7a4cc889cb7c",4
1762869123000,"0adab909-eb8f-4baf-9eed-7a4cc889cb7c",3
1762869124000,"0adab909-eb8f-4baf-9eed-7a4cc889cb7c",3
1762869125000,"0adab909-eb8f-4baf-9eed-7a4cc889cb7c",3
1762869128000,"0adab909-eb8f-4baf-9eed-7a4cc889cb7c",3
1762869190000,"0adab909-eb8f-4baf-9eed-7a4cc889cb7c",4
1762869192000,"0adab909-eb8f-4baf-9eed-7a4cc889cb7c",4
1762869570000,"0adab909-eb8f-4baf-9eed-7a4cc889cb7c",4
1762869985000,"0adab909-eb8f-4baf-9eed-7a4cc889cb7c",3
1762869986000,"0adab909-eb8f-4baf-9eed-7a4cc889cb7c",3
1762869988000,"0adab909-eb8f-4baf-9eed-7a4cc889cb7c",3
1762869990000,"0adab909-eb8f-4baf-9eed-7a4cc889cb7c",3
1762870285000,"0adab909-eb8f-4baf-9eed-7a4cc889cb7c",4
1762870286000,"0adab909-eb8f-4baf-9eed-7a4cc889cb7c",3
1762870287000,"0adab909-eb8f-4baf-9eed-7a4cc889cb7c",3
1762870288000,"0adab909-eb8f-4baf-9eed-7a4cc889cb7c",3
1762870291000,"0adab909-eb8f-4baf-9eed-7a4cc889cb7c",3
1762870293000,"0adab909-eb8f-4baf-9eed-7a4cc889cb7c",3
1762870633000,"0adab909-eb8f-4baf-9eed-7a4cc889cb7c",4
1762870636000,"0adab909-eb8f-4baf-9eed-7a4cc889cb7c",4
1762870933000,"0adab909-eb8f-4baf-9eed-7a4cc889cb7c",4
1762870934000,"0adab909-eb8f-4baf-9eed-7a4cc889cb7c",3
1762870935000,"0adab909-eb8f-4baf-9eed-7a4cc889cb7c",3
1762870938000,"0adab909-eb8f-4baf-9eed-7a4cc889cb7c",3
1762870939000,"0adab909-eb8f-4baf-9eed-7a4cc889cb7c",3
1762870946000,"0adab909-eb8f-4baf-9eed-7a4cc889cb7c",3
1762871051000,"0adab909-eb8f-4baf-9eed-7a4cc889cb7c",4
1762871533000,"0adab909-eb8f-4baf-9eed-7a4cc889cb7c",4
1762871534000,"0adab909-eb8f-4baf-9eed-7a4cc889cb7c",3
1762871535000,"0adab909-eb8f-4baf-9eed-7a4cc889cb7c",3
1762871537000,"0adab909-eb8f-4baf-9eed-7a4cc889cb7c",3
1762871539000,"0adab909-eb8f-4baf-9eed-7a4cc889cb7c",3
1762871546000,"0adab909-eb8f-4baf-9eed-7a4cc889cb7c",3
1762871833000,"0adab909-eb8f-4baf-9eed-7a4cc889cb7c",4
1762872133000,"0adab909-eb8f-4baf-9eed-7a4cc889cb7c",3
1762872134000,"0adab909-eb8f-4baf-9eed-7a4cc889cb7c",3
1762872135000,"0adab909-eb8f-4baf-9eed-7a4cc889cb7c",3
1762872136000,"0adab909-eb8f-4baf-9eed-7a4cc889cb7c",3
1762872138000,"0adab909-eb8f-4baf-9eed-7a4cc889cb7c",3
1762872433000,"0adab909-eb8f-4baf-9eed-7a4cc889cb7c",4
1762872665000,"0adab909-eb8f-4baf-9eed-7a4cc889cb7c",4
1762872964000,"0adab909-eb8f-4baf-9eed-7a4cc889cb7c",3
1762872965000,"0adab909-eb8f-4baf-9eed-7a4cc889cb7c",3
1762872966000,"0adab909-eb8f-4baf-9eed-7a4cc889cb7c",3
1762872967000,"0adab909-eb8f-4baf-9eed-7a4cc889cb7c",3
1762872970000,"0adab909-eb8f-4baf-9eed-7a4cc889cb7c",3
1762873264000,"0adab909-eb8f-4baf-9eed-7a4cc889cb7c",4
1762873564000,"0adab909-eb8f-4baf-9eed-7a4cc889cb7c",4
1762873565000,"0adab909-eb8f-4baf-9eed-7a4cc889cb7c",3
1762873566000,"0adab909-eb8f-4baf-9eed-7a4cc889cb7c",3
1762873568000,"0adab909-eb8f-4baf-9eed-7a4cc889cb7c",3
1762873864000,"0adab909-eb8f-4baf-9eed-7a4cc889cb7c",4
1762874164000,"0adab909-eb8f-4baf-9eed-7a4cc889cb7c",3
1762874165000,"0adab909-eb8f-4baf-9eed-7a4cc889cb7c",3
1762874166000,"0adab909-eb8f-4baf-9eed-7a4cc889cb7c",3
1762874167000,"0adab909-eb8f-4baf-9eed-7a4cc889cb7c",3
1762874168000,"0adab909-eb8f-4baf-9eed-7a4cc889cb7c",3
1762874169000,"0adab909-eb8f-4baf-9eed-7a4cc889cb7c",3
1762874171000,"0adab909-eb8f-4baf-9eed-7a4cc889cb7c",3
1762874172000,"0adab909-eb8f-4baf-9eed-7a4cc889cb7c",3
1762874389000,"0adab909-eb8f-4baf-9eed-7a4cc889cb7c",1
1762874393000,"0adab909-eb8f-4baf-9eed-7a4cc889cb7c",4
1762874400000,"0adab909-eb8f-4baf-9eed-7a4cc889cb7c",4
1762874409000,"0adab909-eb8f-4baf-9eed-7a4cc889cb7c",1
1762874476000,"0adab909-eb8f-4baf-9eed-7a4cc889cb7c",3
1762874477000,"0adab909-eb8f-4baf-9eed-7a4cc889cb7c",3
1762874482000,"0adab909-eb8f-4baf-9eed-7a4cc889cb7c",3
1762874485000,"0adab909-eb8f-4baf-9eed-7a4cc889cb7c",3
1762874489000,"0adab909-eb8f-4baf-9eed-7a4cc889cb7c",3
1762874490000,"0adab909-eb8f-4baf-9eed-7a4cc889cb7c",3
1762874491000,"0adab909-eb8f-4baf-9eed-7a4cc889cb7c",3
1762874492000,"0adab909-eb8f-4baf-9eed-7a4cc889cb7c",3
1762874528000,"0adab909-eb8f-4baf-9eed-7a4cc889cb7c",4
1762874656000,"0adab909-eb8f-4baf-9eed-7a4cc889cb7c",4
1762874748000,"0adab909-eb8f-4baf-9eed-7a4cc889cb7c",4
1762874784000,"0adab909-eb8f-4baf-9eed-7a4cc889cb7c",4
1762874853000,"0adab909-eb8f-4baf-9eed-7a4cc889cb7c",1
1762875038000,"0adab909-eb8f-4baf-9eed-7a4cc889cb7c",1
1762875039000,"0adab909-eb8f-4baf-9eed-7a4cc889cb7c",1
1762875042000,"0adab909-eb8f-4baf-9eed-7a4cc889cb7c",4
1762875050000,"0adab909-eb8f-4baf-9eed-7a4cc889cb7c",4
1762875051000,"0adab909-eb8f-4baf-9eed-7a4cc889cb7c",1
1762875054000,"0adab909-eb8f-4baf-9eed-7a4cc889cb7c",4
1762875079000,"0adab909-eb8f-4baf-9eed-7a4cc889cb7c",1
1762875081000,"0adab909-eb8f-4baf-9eed-7a4cc889cb7c",1
1762875082000,"0adab909-eb8f-4baf-9eed-7a4cc889cb7c",4
1762875090000,"0adab909-eb8f-4baf-9eed-7a4cc889cb7c",4
1762875119000,"0adab909-eb8f-4baf-9eed-7a4cc889cb7c",3
1762875120000,"0adab909-eb8f-4baf-9eed-7a4cc889cb7c",3
1762875121000,"0adab909-eb8f-4baf-9eed-7a4cc889cb7c",3
1762875124000,"0adab909-eb8f-4baf-9eed-7a4cc889cb7c",3
1762875125000,"0adab909-eb8f-4baf-9eed-7a4cc889cb7c",3
1762875126000,"0adab909-eb8f-4baf-9eed-7a4cc889cb7c",3
1762875127000,"0adab909-eb8f-4baf-9eed-7a4cc889cb7c",3
1762875128000,"0adab909-eb8f-4baf-9eed-7a4cc889cb7c",3
1762875132000,"0adab909-eb8f-4baf-9eed-7a4cc889cb7c",3
1762875133000,"0adab909-eb8f-4baf-9eed-7a4cc889cb7c",3
1762875134000,"0adab909-eb8f-4baf-9eed-7a4cc889cb7c",3
1762875151000,"0adab909-eb8f-4baf-9eed-7a4cc889cb7c",2
1762875201000,"0adab909-eb8f-4baf-9eed-7a4cc889cb7c",4
1762875205000,"0adab909-eb8f-4baf-9eed-7a4cc889cb7c",4
1762875215000,"0adab909-eb8f-4baf-9eed-7a4cc889cb7c",4
1762875235000,"0adab909-eb8f-4baf-9eed-7a4cc889cb7c",4
1762875275000,"0adab909-eb8f-4baf-9eed-7a4cc889cb7c",4
1762875335000,"0adab909-eb8f-4baf-9eed-7a4cc889cb7c",4
1762875343000,"0adab909-eb8f-4baf-9eed-7a4cc889cb7c",2
1762875346000,"0adab909-eb8f-4baf-9eed-7a4cc889cb7c",4
1762875355000,"0adab909-eb8f-4baf-9eed-7a4cc889cb7c",4
1762875480000,"0adab909-eb8f-4baf-9eed-7a4cc889cb7c",4
1762875510000,"0adab909-eb8f-4baf-9eed-7a4cc889cb7c",2
1762875515000,"0adab909-eb8f-4baf-9eed-7a4cc889cb7c",4
1762875540000,"0adab909-eb8f-4baf-9eed-7a4cc889cb7c",4
1762875600000,"0adab909-eb8f-4baf-9eed-7a4cc889cb7c",4
1762875618000,"0adab909-eb8f-4baf-9eed-7a4cc889cb7c",4
1762875695000,"0adab909-eb8f-4baf-9eed-7a4cc889cb7c",3
1762875696000,"0adab909-eb8f-4baf-9eed-7a4cc889cb7c",3
1762875697000,"0adab909-eb8f-4baf-9eed-7a4cc889cb7c",3
1762875698000,"0adab909-eb8f-4baf-9eed-7a4cc889cb7c",3
1762875699000,"0adab909-eb8f-4baf-9eed-7a4cc889cb7c",3
1762875700000,"0adab909-eb8f-4baf-9eed-7a4cc889cb7c",3
1762875702000,"0adab909-eb8f-4baf-9eed-7a4cc889cb7c",3
1762875703000,"0adab909-eb8f-4baf-9eed-7a4cc889cb7c",3
1762875705000,"0adab909-eb8f-4baf-9eed-7a4cc889cb7c",3
1762875707000,"0adab909-eb8f-4baf-9eed-7a4cc889cb7c",3
1762875708000,"0adab909-eb8f-4baf-9eed-7a4cc889cb7c",3
1762875709000,"0adab909-eb8f-4baf-9eed-7a4cc889cb7c",3
1762875710000,"0adab909-eb8f-4baf-9eed-7a4cc889cb7c",3
1762875712000,"0adab909-eb8f-4baf-9eed-7a4cc889cb7c",3
1762875766000,"0adab909-eb8f-4baf-9eed-7a4cc889cb7c",4
1762875898000,"0adab909-eb8f-4baf-9eed-7a4cc889cb7c",4
1762876228000,"0adab909-eb8f-4baf-9eed-7a4cc889cb7c",4
1762876326000,"0adab909-eb8f-4baf-9eed-7a4cc889cb7c",3
1762876327000,"0adab909-eb8f-4baf-9eed-7a4cc889cb7c",3
1762876328000,"0adab909-eb8f-4baf-9eed-7a4cc889cb7c",3
1762876329000,"0adab909-eb8f-4baf-9eed-7a4cc889cb7c",3
1762876330000,"0adab909-eb8f-4baf-9eed-7a4cc889cb7c",3
1762876331000,"0adab909-eb8f-4baf-9eed-7a4cc889cb7c",3
1762876332000,"0adab909-eb8f-4baf-9eed-7a4cc889cb7c",3
1762876333000,"0adab909-eb8f-4baf-9eed-7a4cc889cb7c",3
1762876335000,"0adab909-eb8f-4baf-9eed-7a4cc889cb7c",3
1762876336000,"0adab909-eb8f-4baf-9eed-7a4cc889cb7c",3
1762876337000,"0adab909-eb8f-4baf-9eed-7a4cc889cb7c",3
1762876338000,"0adab909-eb8f-4baf-9eed-7a4cc889cb7c",3
1762876346000,"0adab909-eb8f-4baf-9eed-7a4cc889cb7c",3
1762876347000,"0adab909-eb8f-4baf-9eed-7a4cc889cb7c",3
1762876348000,"0adab909-eb8f-4baf-9eed-7a4cc889cb7c",3
1762876349000,"0adab909-eb8f-4baf-9eed-7a4cc889cb7c",3
1762876456000,"0adab909-eb8f-4baf-9eed-7a4cc889cb7c",2
1762876520000,"0adab909-eb8f-4baf-9eed-7a4cc889cb7c",4
1762876528000,"0adab909-eb8f-4baf-9eed-7a4cc889cb7c",4
1762876529000,"0adab909-eb8f-4baf-9eed-7a4cc889cb7c",4
1762876550000,"0adab909-eb8f-4baf-9eed-7a4cc889cb7c",4
1762876590000,"0adab909-eb8f-4baf-9eed-7a4cc889cb7c",4
1762876630000,"0adab909-eb8f-4baf-9eed-7a4cc889cb7c",2
1762876650000,"0adab909-eb8f-4baf-9eed-7a4cc889cb7c",4
1762876778000,"0adab909-eb8f-4baf-9eed-7a4cc889cb7c",4
1762876821000,"0adab909-eb8f-4baf-9eed-7a4cc889cb7c",2
1762876830000,"0adab909-eb8f-4baf-9eed-7a4cc889cb7c",4
1762876897000,"0adab909-eb8f-4baf-9eed-7a4cc889cb7c",3
1762876905000,"0adab909-eb8f-4baf-9eed-7a4cc889cb7c",3
1762876906000,"0adab909-eb8f-4baf-9eed-7a4cc889cb7c",4
1762876910000,"0adab909-eb8f-4baf-9eed-7a4cc889cb7c",3
1762876912000,"0adab909-eb8f-4baf-9eed-7a4cc889cb7c",3
1762877034000,"0adab909-eb8f-4baf-9eed-7a4cc889cb7c",4
1762877037000,"0adab909-eb8f-4baf-9eed-7a4cc889cb7c",4
1762877204000,"0adab909-eb8f-4baf-9eed-7a4cc889cb7c",4
1762877378000,"0adab909-eb8f-4baf-9eed-7a4cc889cb7c",1
1762877420000,"0adab909-eb8f-4baf-9eed-7a4cc889cb7c",4
1762877483000,"0adab909-eb8f-4baf-9eed-7a4cc889cb7c",3
1762877484000,"0adab909-eb8f-4baf-9eed-7a4cc889cb7c",3
1762877486000,"0adab909-eb8f-4baf-9eed-7a4cc889cb7c",3
1762877487000,"0adab909-eb8f-4baf-9eed-7a4cc889cb7c",3
1762877488000,"0adab909-eb8f-4baf-9eed-7a4cc889cb7c",3
1762877489000,"0adab909-eb8f-4baf-9eed-7a4cc889cb7c",3
1762877490000,"0adab909-eb8f-4baf-9eed-7a4cc889cb7c",3
1762877491000,"0adab909-eb8f-4baf-9eed-7a4cc889cb7c",3
1762877492000,"0adab909-eb8f-4baf-9eed-7a4cc889cb7c",3
1762877493000,"0adab909-eb8f-4baf-9eed-7a4cc889cb7c",3
1762877494000,"0adab909-eb8f-4baf-9eed-7a4cc889cb7c",3
1762877623000,"0adab909-eb8f-4baf-9eed-7a4cc889cb7c",4
1762877758000,"0adab909-eb8f-4baf-9eed-7a4cc889cb7c",4
1762878233000,"0adab909-eb8f-4baf-9eed-7a4cc889cb7c",3
1762878237000,"0adab909-eb8f-4baf-9eed-7a4cc889cb7c",4
1762878242000,"0adab909-eb8f-4baf-9eed-7a4cc889cb7c",4
1762878536000,"0adab909-eb8f-4baf-9eed-7a4cc889cb7c",4
1762878831000,"0adab909-eb8f-4baf-9eed-7a4cc889cb7c",3
1762878832000,"0adab909-eb8f-4baf-9eed-7a4cc889cb7c",3
1762878833000,"0adab909-eb8f-4baf-9eed-7a4cc889cb7c",3
1762878836000,"0adab909-eb8f-4baf-9eed-7a4cc889cb7c",4
1762878866000,"0adab909-eb8f-4baf-9eed-7a4cc889cb7c",1
1762878869000,"0adab909-eb8f-4baf-9eed-7a4cc889cb7c",1
1762878899000,"0adab909-eb8f-4baf-9eed-7a4cc889cb7c",4
1762879081000,"0adab909-eb8f-4baf-9eed-7a4cc889cb7c",1
1762879136000,"0adab909-eb8f-4baf-9eed-7a4cc889cb7c",4
1762879433000,"0adab909-eb8f-4baf-9eed-7a4cc889cb7c",3
1762879437000,"0adab909-eb8f-4baf-9eed-7a4cc889cb7c",4
1762879573000,"0adab909-eb8f-4baf-9eed-7a4cc889cb7c",4
1762879649000,"0adab909-eb8f-4baf-9eed-7a4cc889cb7c",4
1762880015000,"0adab909-eb8f-4baf-9eed-7a4cc889cb7c",3
1762880018000,"0adab909-eb8f-4baf-9eed-7a4cc889cb7c",3
1762880019000,"0adab909-eb8f-4baf-9eed-7a4cc889cb7c",4
1762880320000,"0adab909-eb8f-4baf-9eed-7a4cc889cb7c",4
1762880616000,"0adab909-eb8f-4baf-9eed-7a4cc889cb7c",3
1762880620000,"0adab909-eb8f-4baf-9eed-7a4cc889cb7c",4
1762880919000,"0adab909-eb8f-4baf-9eed-7a4cc889cb7c",4
1762881217000,"0adab909-eb8f-4baf-9eed-7a4cc889cb7c",3
1762881220000,"0adab909-eb8f-4baf-9eed-7a4cc889cb7c",3
1762881221000,"0adab909-eb8f-4baf-9eed-7a4cc889cb7c",3
1762881352000,"0adab909-eb8f-4baf-9eed-7a4cc889cb7c",1
1762881355000,"0adab909-eb8f-4baf-9eed-7a4cc889cb7c",1
1762881473000,"0adab909-eb8f-4baf-9eed-7a4cc889cb7c",1
1762881520000,"0adab909-eb8f-4baf-9eed-7a4cc889cb7c",4
1762881598000,"0adab909-eb8f-4baf-9eed-7a4cc889cb7c",4
1762881827000,"0adab909-eb8f-4baf-9eed-7a4cc889cb7c",3
1762881829000,"0adab909-eb8f-4baf-9eed-7a4cc889cb7c",3
1762881830000,"0adab909-eb8f-4baf-9eed-7a4cc889cb7c",4
1762881856000,"0adab909-eb8f-4baf-9eed-7a4cc889cb7c",1
1762881857000,"0adab909-eb8f-4baf-9eed-7a4cc889cb7c",1
1762881928000,"0adab909-eb8f-4baf-9eed-7a4cc889cb7c",1
1762882053000,"0adab909-eb8f-4baf-9eed-7a4cc889cb7c",4
1762882425000,"0adab909-eb8f-4baf-9eed-7a4cc889cb7c",3
1762882429000,"0adab909-eb8f-4baf-9eed-7a4cc889cb7c",4
1762882430000,"0adab909-eb8f-4baf-9eed-7a4cc889cb7c",3
1762882453000,"0adab909-eb8f-4baf-9eed-7a4cc889cb7c",4
1762882486000,"0adab909-eb8f-4baf-9eed-7a4cc889cb7c",1
1762882488000,"0adab909-eb8f-4baf-9eed-7a4cc889cb7c",1
1762882537000,"0adab909-eb8f-4baf-9eed-7a4cc889cb7c",1
1762882659000,"0adab909-eb8f-4baf-9eed-7a4cc889cb7c",4
1762882939000,"0adab909-eb8f-4baf-9eed-7a4cc889cb7c",1
1762882941000,"0adab909-eb8f-4baf-9eed-7a4cc889cb7c",1
1762883023000,"0adab909-eb8f-4baf-9eed-7a4cc889cb7c",1
1762883026000,"0adab909-eb8f-4baf-9eed-7a4cc889cb7c",3
1762883027000,"0adab909-eb8f-4baf-9eed-7a4cc889cb7c",3
1762883029000,"0adab909-eb8f-4baf-9eed-7a4cc889cb7c",4
1762883148000,"0adab909-eb8f-4baf-9eed-7a4cc889cb7c",4
1762883520000,"0adab909-eb8f-4baf-9eed-7a4cc889cb7c",1
1762883522000,"0adab909-eb8f-4baf-9eed-7a4cc889cb7c",1
1762883616000,"0adab909-eb8f-4baf-9eed-7a4cc889cb7c",3
1762883617000,"0adab909-eb8f-4baf-9eed-7a4cc889cb7c",3
1762883618000,"0adab909-eb8f-4baf-9eed-7a4cc889cb7c",4
1762883619000,"0adab909-eb8f-4baf-9eed-7a4cc889cb7c",3
1762883622000,"0adab909-eb8f-4baf-9eed-7a4cc889cb7c",3
1762883627000,"0adab909-eb8f-4baf-9eed-7a4cc889cb7c",3
1762883628000,"0adab909-eb8f-4baf-9eed-7a4cc889cb7c",3
1762883630000,"0adab909-eb8f-4baf-9eed-7a4cc889cb7c",3
1762883918000,"0adab909-eb8f-4baf-9eed-7a4cc889cb7c",4
1762883922000,"0adab909-eb8f-4baf-9eed-7a4cc889cb7c",4
1762884215000,"0adab909-eb8f-4baf-9eed-7a4cc889cb7c",3
1762884216000,"0adab909-eb8f-4baf-9eed-7a4cc889cb7c",3
1762884218000,"0adab909-eb8f-4baf-9eed-7a4cc889cb7c",3
1762884227000,"0adab909-eb8f-4baf-9eed-7a4cc889cb7c",3
1762884228000,"0adab909-eb8f-4baf-9eed-7a4cc889cb7c",3
1762884230000,"0adab909-eb8f-4baf-9eed-7a4cc889cb7c",3
1762884383000,"0adab909-eb8f-4baf-9eed-7a4cc889cb7c",1
1762884498000,"0adab909-eb8f-4baf-9eed-7a4cc889cb7c",4
1762884566000,"0adab909-eb8f-4baf-9eed-7a4cc889cb7c",4
1762884635000,"0adab909-eb8f-4baf-9eed-7a4cc889cb7c",4
1762884733000,"0adab909-eb8f-4baf-9eed-7a4cc889cb7c",3
1762884735000,"0adab909-eb8f-4baf-9eed-7a4cc889cb7c",3
1762884736000,"0adab909-eb8f-4baf-9eed-7a4cc889cb7c",3
1762884737000,"0adab909-eb8f-4baf-9eed-7a4cc889cb7c",3
1762885033000,"0adab909-eb8f-4baf-9eed-7a4cc889cb7c",4
1762885171000,"0adab909-eb8f-4baf-9eed-7a4cc889cb7c",4
1762885239000,"0adab909-eb8f-4baf-9eed-7a4cc889cb7c",4
1762885337000,"0adab909-eb8f-4baf-9eed-7a4cc889cb7c",3
1762885338000,"0adab909-eb8f-4baf-9eed-7a4cc889cb7c",3
1762885339000,"0adab909-eb8f-4baf-9eed-7a4cc889cb7c",3
1762885478000,"0adab909-eb8f-4baf-9eed-7a4cc889cb7c",4
1762885791000,"0adab909-eb8f-4baf-9eed-7a4cc889cb7c",4
1762885930000,"0adab909-eb8f-4baf-9eed-7a4cc889cb7c",3
1762885932000,"0adab909-eb8f-4baf-9eed-7a4cc889cb7c",3
1762885934000,"0adab909-eb8f-4baf-9eed-7a4cc889cb7c",3
1762885937000,"0adab909-eb8f-4baf-9eed-7a4cc889cb7c",3
1762885938000,"0adab909-eb8f-4baf-9eed-7a4cc889cb7c",3
1762886113000,"0adab909-eb8f-4baf-9eed-7a4cc889cb7c",4
1762886456000,"0adab909-eb8f-4baf-9eed-7a4cc889cb7c",4
1762886523000,"0adab909-eb8f-4baf-9eed-7a4cc889cb7c",3
1762886527000,"0adab909-eb8f-4baf-9eed-7a4cc889cb7c",3
1762886531000,"0adab909-eb8f-4baf-9eed-7a4cc889cb7c",3
1762886730000,"0adab909-eb8f-4baf-9eed-7a4cc889cb7c",4
1762887185000,"0adab909-eb8f-4baf-9eed-7a4cc889cb7c",3
1762887186000,"0adab909-eb8f-4baf-9eed-7a4cc889cb7c",4
1762887194000,"0adab909-eb8f-4baf-9eed-7a4cc889cb7c",3
1762887418000,"0adab909-eb8f-4baf-9eed-7a4cc889cb7c",4
1762887538000,"0adab909-eb8f-4baf-9eed-7a4cc889cb7c",4
1762887712000,"0adab909-eb8f-4baf-9eed-7a4cc889cb7c",3
1762887713000,"0adab909-eb8f-4baf-9eed-7a4cc889cb7c",3
1762887718000,"0adab909-eb8f-4baf-9eed-7a4cc889cb7c",3
1762887795000,"0adab909-eb8f-4baf-9eed-7a4cc889cb7c",4
1762888153000,"0adab909-eb8f-4baf-9eed-7a4cc889cb7c",4
1762888375000,"0adab909-eb8f-4baf-9eed-7a4cc889cb7c",3
1762888535000,"0adab909-eb8f-4baf-9eed-7a4cc889cb7c",4
1762888620000,"0adab909-eb8f-4baf-9eed-7a4cc889cb7c",4
1762888622000,"0adab909-eb8f-4baf-9eed-7a4cc889cb7c",1
1762888625000,"0adab909-eb8f-4baf-9eed-7a4cc889cb7c",1
1762888628000,"0adab909-eb8f-4baf-9eed-7a4cc889cb7c",1
1762888702000,"0adab909-eb8f-4baf-9eed-7a4cc889cb7c",4
1762888882000,"0adab909-eb8f-4baf-9eed-7a4cc889cb7c",3
1762888885000,"0adab909-eb8f-4baf-9eed-7a4cc889cb7c",3
1762888893000,"0adab909-eb8f-4baf-9eed-7a4cc889cb7c",3
1762889042000,"0adab909-eb8f-4baf-9eed-7a4cc889cb7c",4
1762889111000,"0adab909-eb8f-4baf-9eed-7a4cc889cb7c",4
1762889180000,"0adab909-eb8f-4baf-9eed-7a4cc889cb7c",4
1762889415000,"0adab909-eb8f-4baf-9eed-7a4cc889cb7c",1
1762889417000,"0adab909-eb8f-4baf-9eed-7a4cc889cb7c",1
1762889542000,"0adab909-eb8f-4baf-9eed-7a4cc889cb7c",3
1762889543000,"0adab909-eb8f-4baf-9eed-7a4cc889cb7c",3
1762889546000,"0adab909-eb8f-4baf-9eed-7a4cc889cb7c",4
1762889550000,"0adab909-eb8f-4baf-9eed-7a4cc889cb7c",3
1762889555000,"0adab909-eb8f-4baf-9eed-7a4cc889cb7c",3
1762889557000,"0adab909-eb8f-4baf-9eed-7a4cc889cb7c",3
1762889697000,"0adab909-eb8f-4baf-9eed-7a4cc889cb7c",1
1762889822000,"0adab909-eb8f-4baf-9eed-7a4cc889cb7c",4
1762889828000,"0adab909-eb8f-4baf-9eed-7a4cc889cb7c",4
1762890169000,"0adab909-eb8f-4baf-9eed-7a4cc889cb7c",3
1762890173000,"0adab909-eb8f-4baf-9eed-7a4cc889cb7c",3
1762890174000,"0adab909-eb8f-4baf-9eed-7a4cc889cb7c",4
1762890474000,"0adab909-eb8f-4baf-9eed-7a4cc889cb7c",4
1762890769000,"0adab909-eb8f-4baf-9eed-7a4cc889cb7c",3
1762890774000,"0adab909-eb8f-4baf-9eed-7a4cc889cb7c",4
1762890775000,"0adab909-eb8f-4baf-9eed-7a4cc889cb7c",3
1762891074000,"0adab909-eb8f-4baf-9eed-7a4cc889cb7c",4
1762891229000,"0adab909-eb8f-4baf-9eed-7a4cc889cb7c",4
1762891303000,"0adab909-eb8f-4baf-9eed-7a4cc889cb7c",3
1762891305000,"0adab909-eb8f-4baf-9eed-7a4cc889cb7c",4
1762891564000,"0adab909-eb8f-4baf-9eed-7a4cc889cb7c",4
1762891685000,"0adab909-eb8f-4baf-9eed-7a4cc889cb7c",4
1762892202000,"0adab909-eb8f-4baf-9eed-7a4cc889cb7c",3
1762892203000,"0adab909-eb8f-4baf-9eed-7a4cc889cb7c",3
1762892207000,"0adab909-eb8f-4baf-9eed-7a4cc889cb7c",4
1762892210000,"0adab909-eb8f-4baf-9eed-7a4cc889cb7c",3
1762892501000,"0adab909-eb8f-4baf-9eed-7a4cc889cb7c",3
1762892504000,"0adab909-eb8f-4baf-9eed-7a4cc889cb7c",3
1762892505000,"0adab909-eb8f-4baf-9eed-7a4cc889cb7c",3
1762892506000,"0adab909-eb8f-4baf-9eed-7a4cc889cb7c",4
1762892807000,"0adab909-eb8f-4baf-9eed-7a4cc889cb7c",4
1762893102000,"0adab909-eb8f-4baf-9eed-7a4cc889cb7c",3
1762893104000,"0adab909-eb8f-4baf-9eed-7a4cc889cb7c",3
1762893106000,"0adab909-eb8f-4baf-9eed-7a4cc889cb7c",4
1762893114000,"0adab909-eb8f-4baf-9eed-7a4cc889cb7c",3
1762893338000,"0adab909-eb8f-4baf-9eed-7a4cc889cb7c",4
1762893639000,"0adab909-eb8f-4baf-9eed-7a4cc889cb7c",4
1762893644000,"0adab909-eb8f-4baf-9eed-7a4cc889cb7c",4
1762893934000,"0adab909-eb8f-4baf-9eed-7a4cc889cb7c",3
1762893936000,"0adab909-eb8f-4baf-9eed-7a4cc889cb7c",3
1762893939000,"0adab909-eb8f-4baf-9eed-7a4cc889cb7c",4
1762894158000,"0adab909-eb8f-4baf-9eed-7a4cc889cb7c",1
1762894160000,"0adab909-eb8f-4baf-9eed-7a4cc889cb7c",1
1762894175000,"0adab909-eb8f-4baf-9eed-7a4cc889cb7c",1
1762894238000,"0adab909-eb8f-4baf-9eed-7a4cc889cb7c",4
1762894296000,"0adab909-eb8f-4baf-9eed-7a4cc889cb7c",3
1762894297000,"0adab909-eb8f-4baf-9eed-7a4cc889cb7c",3
1762894298000,"0adab909-eb8f-4baf-9eed-7a4cc889cb7c",3
1762894301000,"0adab909-eb8f-4baf-9eed-7a4cc889cb7c",4
1762894315000,"0adab909-eb8f-4baf-9eed-7a4cc889cb7c",1
1762894317000,"0adab909-eb8f-4baf-9eed-7a4cc889cb7c",1
1762894362000,"0adab909-eb8f-4baf-9eed-7a4cc889cb7c",1
1762894487000,"0adab909-eb8f-4baf-9eed-7a4cc889cb7c",4
1762894829000,"0adab909-eb8f-4baf-9eed-7a4cc889cb7c",1
1762894838000,"0adab909-eb8f-4baf-9eed-7a4cc889cb7c",4
1762894862000,"0adab909-eb8f-4baf-9eed-7a4cc889cb7c",1
1762895153000,"0adab909-eb8f-4baf-9eed-7a4cc889cb7c",3
1762895154000,"0adab909-eb8f-4baf-9eed-7a4cc889cb7c",4
1762895160000,"0adab909-eb8f-4baf-9eed-7a4cc889cb7c",3
1762895161000,"0adab909-eb8f-4baf-9eed-7a4cc889cb7c",3
1762895164000,"0adab909-eb8f-4baf-9eed-7a4cc889cb7c",3
1762895165000,"0adab909-eb8f-4baf-9eed-7a4cc889cb7c",3
1762895454000,"0adab909-eb8f-4baf-9eed-7a4cc889cb7c",4
1762895751000,"0adab909-eb8f-4baf-9eed-7a4cc889cb7c",3
1762895753000,"0adab909-eb8f-4baf-9eed-7a4cc889cb7c",3
1762895754000,"0adab909-eb8f-4baf-9eed-7a4cc889cb7c",4
1762895764000,"0adab909-eb8f-4baf-9eed-7a4cc889cb7c",3
1762895765000,"0adab909-eb8f-4baf-9eed-7a4cc889cb7c",3
1762896046000,"0adab909-eb8f-4baf-9eed-7a4cc889cb7c",4
1762896054000,"0adab909-eb8f-4baf-9eed-7a4cc889cb7c",4
1762896352000,"0adab909-eb8f-4baf-9eed-7a4cc889cb7c",3
1762896353000,"0adab909-eb8f-4baf-9eed-7a4cc889cb7c",3
1762896355000,"0adab909-eb8f-4baf-9eed-7a4cc889cb7c",4
1762896364000,"0adab909-eb8f-4baf-9eed-7a4cc889cb7c",3
1762896365000,"0adab909-eb8f-4baf-9eed-7a4cc889cb7c",3
1762896655000,"0adab909-eb8f-4baf-9eed-7a4cc889cb7c",4
1762896658000,"0adab909-eb8f-4baf-9eed-7a4cc889cb7c",4
1762896951000,"0adab909-eb8f-4baf-9eed-7a4cc889cb7c",3
1762896954000,"0adab909-eb8f-4baf-9eed-7a4cc889cb7c",3
1762896955000,"0adab909-eb8f-4baf-9eed-7a4cc889cb7c",4
1762896964000,"0adab909-eb8f-4baf-9eed-7a4cc889cb7c",3
1762896965000,"0adab909-eb8f-4baf-9eed-7a4cc889cb7c",3
1762897255000,"0adab909-eb8f-4baf-9eed-7a4cc889cb7c",4
1762897258000,"0adab909-eb8f-4baf-9eed-7a4cc889cb7c",4
1762897551000,"0adab909-eb8f-4baf-9eed-7a4cc889cb7c",3
1762897554000,"0adab909-eb8f-4baf-9eed-7a4cc889cb7c",3
1762897555000,"0adab909-eb8f-4baf-9eed-7a4cc889cb7c",3
1762897564000,"0adab909-eb8f-4baf-9eed-7a4cc889cb7c",3
1762897855000,"0adab909-eb8f-4baf-9eed-7a4cc889cb7c",4
1762898080000,"0adab909-eb8f-4baf-9eed-7a4cc889cb7c",4
1762898154000,"0adab909-eb8f-4baf-9eed-7a4cc889cb7c",3
1762898155000,"0adab909-eb8f-4baf-9eed-7a4cc889cb7c",4
1762898160000,"0adab909-eb8f-4baf-9eed-7a4cc889cb7c",3
1762898164000,"0adab909-eb8f-4baf-9eed-7a4cc889cb7c",3
1762898165000,"0adab909-eb8f-4baf-9eed-7a4cc889cb7c",3
1762898455000,"0adab909-eb8f-4baf-9eed-7a4cc889cb7c",4
1762898482000,"0adab909-eb8f-4baf-9eed-7a4cc889cb7c",1
1762898484000,"0adab909-eb8f-4baf-9eed-7a4cc889cb7c",4
1762898499000,"0adab909-eb8f-4baf-9eed-7a4cc889cb7c",3
1762898510000,"0adab909-eb8f-4baf-9eed-7a4cc889cb7c",3
1762898624000,"0adab909-eb8f-4baf-9eed-7a4cc889cb7c",4
1762898856000,"0adab909-eb8f-4baf-9eed-7a4cc889cb7c",4
1762898859000,"0adab909-eb8f-4baf-9eed-7a4cc889cb7c",4
1762899157000,"0adab909-eb8f-4baf-9eed-7a4cc889cb7c",3
1762899160000,"0adab909-eb8f-4baf-9eed-7a4cc889cb7c",3
1762899164000,"0adab909-eb8f-4baf-9eed-7a4cc889cb7c",3
1762899457000,"0adab909-eb8f-4baf-9eed-7a4cc889cb7c",4
1762899460000,"0adab909-eb8f-4baf-9eed-7a4cc889cb7c",4
1762899757000,"0adab909-eb8f-4baf-9eed-7a4cc889cb7c",3
1762899759000,"0adab909-eb8f-4baf-9eed-7a4cc889cb7c",3
1762899760000,"0adab909-eb8f-4baf-9eed-7a4cc889cb7c",3
1762900057000,"0adab909-eb8f-4baf-9eed-7a4cc889cb7c",4
1762900344000,"0adab909-eb8f-4baf-9eed-7a4cc889cb7c",4
1762900345000,"0adab909-eb8f-4baf-9eed-7a4cc889cb7c",3
1762900347000,"0adab909-eb8f-4baf-9eed-7a4cc889cb7c",4
1762900576000,"0adab909-eb8f-4baf-9eed-7a4cc889cb7c",4
1762900876000,"0adab909-eb8f-4baf-9eed-7a4cc889cb7c",3
1762900886000,"0adab909-eb8f-4baf-9eed-7a4cc889cb7c",3
1762901139000,"0adab909-eb8f-4baf-9eed-7a4cc889cb7c",4
1762901142000,"0adab909-eb8f-4baf-9eed-7a4cc889cb7c",4
1762901358000,"0adab909-eb8f-4baf-9eed-7a4cc889cb7c",4
1762901597000,"0adab909-eb8f-4baf-9eed-7a4cc889cb7c",3
1762901598000,"0adab909-eb8f-4baf-9eed-7a4cc889cb7c",3
1762901605000,"0adab909-eb8f-4baf-9eed-7a4cc889cb7c",3
1762902014000,"0adab909-eb8f-4baf-9eed-7a4cc889cb7c",4
1762902076000,"0adab909-eb8f-4baf-9eed-7a4cc889cb7c",3
1762902078000,"0adab909-eb8f-4baf-9eed-7a4cc889cb7c",3
1762902205000,"0adab909-eb8f-4baf-9eed-7a4cc889cb7c",4
1762902677000,"0adab909-eb8f-4baf-9eed-7a4cc889cb7c",3
1762902978000,"0adab909-eb8f-4baf-9eed-7a4cc889cb7c",4
1762903277000,"0adab909-eb8f-4baf-9eed-7a4cc889cb7c",4
1762903278000,"0adab909-eb8f-4baf-9eed-7a4cc889cb7c",3
1762903280000,"0adab909-eb8f-4baf-9eed-7a4cc889cb7c",3
1762903577000,"0adab909-eb8f-4baf-9eed-7a4cc889cb7c",4
1762903877000,"0adab909-eb8f-4baf-9eed-7a4cc889cb7c",3
1762903879000,"0adab909-eb8f-4baf-9eed-7a4cc889cb7c",3
1762904205000,"0adab909-eb8f-4baf-9eed-7a4cc889cb7c",4
1762904505000,"0adab909-eb8f-4baf-9eed-7a4cc889cb7c",4
1762904507000,"0adab909-eb8f-4baf-9eed-7a4cc889cb7c",3
1762904805000,"0adab909-eb8f-4baf-9eed-7a4cc889cb7c",4
1762905105000,"0adab909-eb8f-4baf-9eed-7a4cc889cb7c",4
1762905106000,"0adab909-eb8f-4baf-9eed-7a4cc889cb7c",3
1762905114000,"0adab909-eb8f-4baf-9eed-7a4cc889cb7c",3
1762905406000,"0adab909-eb8f-4baf-9eed-7a4cc889cb7c",4
1762905706000,"0adab909-eb8f-4baf-9eed-7a4cc889cb7c",4
1762905707000,"0adab909-eb8f-4baf-9eed-7a4cc889cb7c",3
1762905710000,"0adab909-eb8f-4baf-9eed-7a4cc889cb7c",3
1762905827000,"0adab909-eb8f-4baf-9eed-7a4cc889cb7c",4
1762906049000,"0adab909-eb8f-4baf-9eed-7a4cc889cb7c",4
1762906348000,"0adab909-eb8f-4baf-9eed-7a4cc889cb7c",3
1762906349000,"0adab909-eb8f-4baf-9eed-7a4cc889cb7c",3
1762906648000,"0adab909-eb8f-4baf-9eed-7a4cc889cb7c",4
1762906948000,"0adab909-eb8f-4baf-9eed-7a4cc889cb7c",4
1762906949000,"0adab909-eb8f-4baf-9eed-7a4cc889cb7c",3
1762906958000,"0adab909-eb8f-4baf-9eed-7a4cc889cb7c",3
1762907249000,"0adab909-eb8f-4baf-9eed-7a4cc889cb7c",4
1762907549000,"0adab909-eb8f-4baf-9eed-7a4cc889cb7c",3
1762907551000,"0adab909-eb8f-4baf-9eed-7a4cc889cb7c",3
1762907848000,"0adab909-eb8f-4baf-9eed-7a4cc889cb7c",4
1762908121000,"0adab909-eb8f-4baf-9eed-7a4cc889cb7c",4
1762908122000,"0adab909-eb8f-4baf-9eed-7a4cc889cb7c",3
1762908124000,"0adab909-eb8f-4baf-9eed-7a4cc889cb7c",3
1762908126000,"0adab909-eb8f-4baf-9eed-7a4cc889cb7c",3
1762908420000,"0adab909-eb8f-4baf-9eed-7a4cc889cb7c",4
1762908721000,"0adab909-eb8f-4baf-9eed-7a4cc889cb7c",3
1762908723000,"0adab909-eb8f-4baf-9eed-7a4cc889cb7c",3
1762908725000,"0adab909-eb8f-4baf-9eed-7a4cc889cb7c",3
1762909021000,"0adab909-eb8f-4baf-9eed-7a4cc889cb7c",4
1762909321000,"0adab909-eb8f-4baf-9eed-7a4cc889cb7c",4
1762909322000,"0adab909-eb8f-4baf-9eed-7a4cc889cb7c",3
1762909325000,"0adab909-eb8f-4baf-9eed-7a4cc889cb7c",3
1762909330000,"0adab909-eb8f-4baf-9eed-7a4cc889cb7c",3
1762909331000,"0adab909-eb8f-4baf-9eed-7a4cc889cb7c",3
1762909621000,"0adab909-eb8f-4baf-9eed-7a4cc889cb7c",4
1762910007000,"0adab909-eb8f-4baf-9eed-7a4cc889cb7c",3
1762910008000,"0adab909-eb8f-4baf-9eed-7a4cc889cb7c",3
1762910019000,"0adab909-eb8f-4baf-9eed-7a4cc889cb7c",3
1762910307000,"0adab909-eb8f-4baf-9eed-7a4cc889cb7c",4
1762910606000,"0adab909-eb8f-4baf-9eed-7a4cc889cb7c",3
1762910607000,"0adab909-eb8f-4baf-9eed-7a4cc889cb7c",3
1762910906000,"0adab909-eb8f-4baf-9eed-7a4cc889cb7c",4
1762911206000,"0adab909-eb8f-4baf-9eed-7a4cc889cb7c",4
1762911207000,"0adab909-eb8f-4baf-9eed-7a4cc889cb7c",3
1762911210000,"0adab909-eb8f-4baf-9eed-7a4cc889cb7c",3
1762911506000,"0adab909-eb8f-4baf-9eed-7a4cc889cb7c",4
1762911739000,"0adab909-eb8f-4baf-9eed-7a4cc889cb7c",4
1762911740000,"0adab909-eb8f-4baf-9eed-7a4cc889cb7c",3
1762911746000,"0adab909-eb8f-4baf-9eed-7a4cc889cb7c",3
1762912038000,"0adab909-eb8f-4baf-9eed-7a4cc889cb7c",4
1762912339000,"0adab909-eb8f-4baf-9eed-7a4cc889cb7c",4
1762912340000,"0adab909-eb8f-4baf-9eed-7a4cc889cb7c",3
1762912350000,"0adab909-eb8f-4baf-9eed-7a4cc889cb7c",3
1762912638000,"0adab909-eb8f-4baf-9eed-7a4cc889cb7c",4
1762912938000,"0adab909-eb8f-4baf-9eed-7a4cc889cb7c",4
1762912939000,"0adab909-eb8f-4baf-9eed-7a4cc889cb7c",3
1762913048000,"0adab909-eb8f-4baf-9eed-7a4cc889cb7c",4
1762913051000,"0adab909-eb8f-4baf-9eed-7a4cc889cb7c",4
1762913539000,"0adab909-eb8f-4baf-9eed-7a4cc889cb7c",3
1762913551000,"0adab909-eb8f-4baf-9eed-7a4cc889cb7c",3
1762913771000,"0adab909-eb8f-4baf-9eed-7a4cc889cb7c",4
1762914070000,"0adab909-eb8f-4baf-9eed-7a4cc889cb7c",3
1762914371000,"0adab909-eb8f-4baf-9eed-7a4cc889cb7c",4
1762914671000,"0adab909-eb8f-4baf-9eed-7a4cc889cb7c",4
1762914672000,"0adab909-eb8f-4baf-9eed-7a4cc889cb7c",3
1762914681000,"0adab909-eb8f-4baf-9eed-7a4cc889cb7c",3
1762914971000,"0adab909-eb8f-4baf-9eed-7a4cc889cb7c",4
1762915271000,"0adab909-eb8f-4baf-9eed-7a4cc889cb7c",4
1762915272000,"0adab909-eb8f-4baf-9eed-7a4cc889cb7c",3
1762915571000,"0adab909-eb8f-4baf-9eed-7a4cc889cb7c",4
1762915803000,"0adab909-eb8f-4baf-9eed-7a4cc889cb7c",4
1762916102000,"0adab909-eb8f-4baf-9eed-7a4cc889cb7c",4
1762916103000,"0adab909-eb8f-4baf-9eed-7a4cc889cb7c",3
1762916403000,"0adab909-eb8f-4baf-9eed-7a4cc889cb7c",4
1762916703000,"0adab909-eb8f-4baf-9eed-7a4cc889cb7c",3
1762916712000,"0adab909-eb8f-4baf-9eed-7a4cc889cb7c",3
1762917003000,"0adab909-eb8f-4baf-9eed-7a4cc889cb7c",4
1762917303000,"0adab909-eb8f-4baf-9eed-7a4cc889cb7c",4
1762917305000,"0adab909-eb8f-4baf-9eed-7a4cc889cb7c",3
1762917603000,"0adab909-eb8f-4baf-9eed-7a4cc889cb7c",4
1762918114000,"0adab909-eb8f-4baf-9eed-7a4cc889cb7c",4
1762918115000,"0adab909-eb8f-4baf-9eed-7a4cc889cb7c",3
1762918121000,"0adab909-eb8f-4baf-9eed-7a4cc889cb7c",3
1762918414000,"0adab909-eb8f-4baf-9eed-7a4cc889cb7c",4
1762918416000,"0adab909-eb8f-4baf-9eed-7a4cc889cb7c",3
1762918418000,"0adab909-eb8f-4baf-9eed-7a4cc889cb7c",3
1762918714000,"0adab909-eb8f-4baf-9eed-7a4cc889cb7c",4
1762919014000,"0adab909-eb8f-4baf-9eed-7a4cc889cb7c",4
1762919015000,"0adab909-eb8f-4baf-9eed-7a4cc889cb7c",3
1762919314000,"0adab909-eb8f-4baf-9eed-7a4cc889cb7c",4
1762919614000,"0adab909-eb8f-4baf-9eed-7a4cc889cb7c",4
1762919615000,"0adab909-eb8f-4baf-9eed-7a4cc889cb7c",3
1762919618000,"0adab909-eb8f-4baf-9eed-7a4cc889cb7c",3
1762919846000,"0adab909-eb8f-4baf-9eed-7a4cc889cb7c",4
1762920146000,"0adab909-eb8f-4baf-9eed-7a4cc889cb7c",3
1762920446000,"0adab909-eb8f-4baf-9eed-7a4cc889cb7c",4
1762920746000,"0adab909-eb8f-4baf-9eed-7a4cc889cb7c",4
1762920747000,"0adab909-eb8f-4baf-9eed-7a4cc889cb7c",3
1762920757000,"0adab909-eb8f-4baf-9eed-7a4cc889cb7c",3
1762921045000,"0adab909-eb8f-4baf-9eed-7a4cc889cb7c",4
1762921346000,"0adab909-eb8f-4baf-9eed-7a4cc889cb7c",4
1762921347000,"0adab909-eb8f-4baf-9eed-7a4cc889cb7c",3
1762921578000,"0adab909-eb8f-4baf-9eed-7a4cc889cb7c",4
1762921878000,"0adab909-eb8f-4baf-9eed-7a4cc889cb7c",4
1762921880000,"0adab909-eb8f-4baf-9eed-7a4cc889cb7c",3
1762921882000,"0adab909-eb8f-4baf-9eed-7a4cc889cb7c",3
1762922178000,"0adab909-eb8f-4baf-9eed-7a4cc889cb7c",4
1762922478000,"0adab909-eb8f-4baf-9eed-7a4cc889cb7c",3
1762922484000,"0adab909-eb8f-4baf-9eed-7a4cc889cb7c",3
1762922778000,"0adab909-eb8f-4baf-9eed-7a4cc889cb7c",4
1762923078000,"0adab909-eb8f-4baf-9eed-7a4cc889cb7c",4
1762923079000,"0adab909-eb8f-4baf-9eed-7a4cc889cb7c",3
1762923081000,"0adab909-eb8f-4baf-9eed-7a4cc889cb7c",3
1762923378000,"0adab909-eb8f-4baf-9eed-7a4cc889cb7c",4
1762923609000,"0adab909-eb8f-4baf-9eed-7a4cc889cb7c",4
1762923910000,"0adab909-eb8f-4baf-9eed-7a4cc889cb7c",3
1762923915000,"0adab909-eb8f-4baf-9eed-7a4cc889cb7c",3
1762924209000,"0adab909-eb8f-4baf-9eed-7a4cc889cb7c",4
1762924510000,"0adab909-eb8f-4baf-9eed-7a4cc889cb7c",3
1762924517000,"0adab909-eb8f-4baf-9eed-7a4cc889cb7c",3
1762924808000,"0adab909-eb8f-4baf-9eed-7a4cc889cb7c",4
1762925110000,"0adab909-eb8f-4baf-9eed-7a4cc889cb7c",3
1762925115000,"0adab909-eb8f-4baf-9eed-7a4cc889cb7c",3
1762925410000,"0adab909-eb8f-4baf-9eed-7a4cc889cb7c",4
1762925642000,"0adab909-eb8f-4baf-9eed-7a4cc889cb7c",3
1762925723000,"0adab909-eb8f-4baf-9eed-7a4cc889cb7c",4
1762925725000,"0adab909-eb8f-4baf-9eed-7a4cc889cb7c",4
1762926001000,"0adab909-eb8f-4baf-9eed-7a4cc889cb7c",1
1762926016000,"0adab909-eb8f-4baf-9eed-7a4cc889cb7c",1
1762926242000,"0adab909-eb8f-4baf-9eed-7a4cc889cb7c",4
1762926243000,"0adab909-eb8f-4baf-9eed-7a4cc889cb7c",3
1762926538000,"0adab909-eb8f-4baf-9eed-7a4cc889cb7c",1
1762926541000,"0adab909-eb8f-4baf-9eed-7a4cc889cb7c",4
1762926543000,"0adab909-eb8f-4baf-9eed-7a4cc889cb7c",4
1762926544000,"0adab909-eb8f-4baf-9eed-7a4cc889cb7c",1
1762926661000,"0adab909-eb8f-4baf-9eed-7a4cc889cb7c",4
1762927119000,"0adab909-eb8f-4baf-9eed-7a4cc889cb7c",3
1762927120000,"0adab909-eb8f-4baf-9eed-7a4cc889cb7c",3
1762927121000,"0adab909-eb8f-4baf-9eed-7a4cc889cb7c",3
1762927123000,"0adab909-eb8f-4baf-9eed-7a4cc889cb7c",3
1762927124000,"0adab909-eb8f-4baf-9eed-7a4cc889cb7c",3
1762927125000,"0adab909-eb8f-4baf-9eed-7a4cc889cb7c",3
1762927126000,"0adab909-eb8f-4baf-9eed-7a4cc889cb7c",3
1762927127000,"0adab909-eb8f-4baf-9eed-7a4cc889cb7c",3
1762927128000,"0adab909-eb8f-4baf-9eed-7a4cc889cb7c",3
1762927129000,"0adab909-eb8f-4baf-9eed-7a4cc889cb7c",3
1762927130000,"0adab909-eb8f-4baf-9eed-7a4cc889cb7c",3
1762927131000,"0adab909-eb8f-4baf-9eed-7a4cc889cb7c",3
1762927323000,"0adab909-eb8f-4baf-9eed-7a4cc889cb7c",4
1762927431000,"0adab909-eb8f-4baf-9eed-7a4cc889cb7c",4
1762927432000,"0adab909-eb8f-4baf-9eed-7a4cc889cb7c",3
1762927561000,"0adab909-eb8f-4baf-9eed-7a4cc889cb7c",4
1762927982000,"0adab909-eb8f-4baf-9eed-7a4cc889cb7c",4
1762928031000,"0adab909-eb8f-4baf-9eed-7a4cc889cb7c",4
1762928032000,"0adab909-eb8f-4baf-9eed-7a4cc889cb7c",3
1762928040000,"0adab909-eb8f-4baf-9eed-7a4cc889cb7c",3
1762928331000,"0adab909-eb8f-4baf-9eed-7a4cc889cb7c",4
1762928633000,"0adab909-eb8f-4baf-9eed-7a4cc889cb7c",3
1762928635000,"0adab909-eb8f-4baf-9eed-7a4cc889cb7c",4
1762928643000,"0adab909-eb8f-4baf-9eed-7a4cc889cb7c",3
1762928924000,"0adab909-eb8f-4baf-9eed-7a4cc889cb7c",1
1762928927000,"0adab909-eb8f-4baf-9eed-7a4cc889cb7c",1
1762928931000,"0adab909-eb8f-4baf-9eed-7a4cc889cb7c",4
1762928940000,"0adab909-eb8f-4baf-9eed-7a4cc889cb7c",4
1762929022000,"0adab909-eb8f-4baf-9eed-7a4cc889cb7c",4
1762929266000,"0adab909-eb8f-4baf-9eed-7a4cc889cb7c",4
1762929505000,"0adab909-eb8f-4baf-9eed-7a4cc889cb7c",1
1762929519000,"0adab909-eb8f-4baf-9eed-7a4cc889cb7c",3
1762929525000,"0adab909-eb8f-4baf-9eed-7a4cc889cb7c",4
1762929527000,"0adab909-eb8f-4baf-9eed-7a4cc889cb7c",3
1762929631000,"0adab909-eb8f-4baf-9eed-7a4cc889cb7c",4
1762929698000,"0adab909-eb8f-4baf-9eed-7a4cc889cb7c",3
1762929702000,"0adab909-eb8f-4baf-9eed-7a4cc889cb7c",3
1762929707000,"0adab909-eb8f-4baf-9eed-7a4cc889cb7c",3
1762929709000,"0adab909-eb8f-4baf-9eed-7a4cc889cb7c",3
1762929933000,"0adab909-eb8f-4baf-9eed-7a4cc889cb7c",4
1762929942000,"0adab909-eb8f-4baf-9eed-7a4cc889cb7c",2
1762929945000,"0adab909-eb8f-4baf-9eed-7a4cc889cb7c",4
1762930088000,"0adab909-eb8f-4baf-9eed-7a4cc889cb7c",4
1762930236000,"0adab909-eb8f-4baf-9eed-7a4cc889cb7c",2
1762930244000,"0adab909-eb8f-4baf-9eed-7a4cc889cb7c",4
1762930311000,"0adab909-eb8f-4baf-9eed-7a4cc889cb7c",3
1762930312000,"0adab909-eb8f-4baf-9eed-7a4cc889cb7c",3
1762930313000,"0adab909-eb8f-4baf-9eed-7a4cc889cb7c",3
1762930314000,"0adab909-eb8f-4baf-9eed-7a4cc889cb7c",3
1762930317000,"0adab909-eb8f-4baf-9eed-7a4cc889cb7c",3
1762930318000,"0adab909-eb8f-4baf-9eed-7a4cc889cb7c",3
1762930323000,"0adab909-eb8f-4baf-9eed-7a4cc889cb7c",3
1762930382000,"0adab909-eb8f-4baf-9eed-7a4cc889cb7c",4
1762930518000,"0adab909-eb8f-4baf-9eed-7a4cc889cb7c",4
1762930576000,"0adab909-eb8f-4baf-9eed-7a4cc889cb7c",2
1762930579000,"0adab909-eb8f-4baf-9eed-7a4cc889cb7c",4
1762930583000,"0adab909-eb8f-4baf-9eed-7a4cc889cb7c",4
1762930664000,"0adab909-eb8f-4baf-9eed-7a4cc889cb7c",1
1762930666000,"0adab909-eb8f-4baf-9eed-7a4cc889cb7c",1
1762930846000,"0adab909-eb8f-4baf-9eed-7a4cc889cb7c",4
1762930957000,"0adab909-eb8f-4baf-9eed-7a4cc889cb7c",3
1762930958000,"0adab909-eb8f-4baf-9eed-7a4cc889cb7c",3
1762930966000,"0adab909-eb8f-4baf-9eed-7a4cc889cb7c",3
1762931095000,"0adab909-eb8f-4baf-9eed-7a4cc889cb7c",4
1762931327000,"0adab909-eb8f-4baf-9eed-7a4cc889cb7c",4
1762931394000,"0adab909-eb8f-4baf-9eed-7a4cc889cb7c",4
1762931559000,"0adab909-eb8f-4baf-9eed-7a4cc889cb7c",3
1762931560000,"0adab909-eb8f-4baf-9eed-7a4cc889cb7c",3
1762931561000,"0adab909-eb8f-4baf-9eed-7a4cc889cb7c",3
1762931563000,"0adab909-eb8f-4baf-9eed-7a4cc889cb7c",3
1762931565000,"0adab909-eb8f-4baf-9eed-7a4cc889cb7c",3
1762931566000,"0adab909-eb8f-4baf-9eed-7a4cc889cb7c",3
1762931908000,"0adab909-eb8f-4baf-9eed-7a4cc889cb7c",4
1762932209000,"0adab909-eb8f-4baf-9eed-7a4cc889cb7c",3
1762932210000,"0adab909-eb8f-4baf-9eed-7a4cc889cb7c",3
1762932211000,"0adab909-eb8f-4baf-9eed-7a4cc889cb7c",3
1762932212000,"0adab909-eb8f-4baf-9eed-7a4cc889cb7c",3
1762932213000,"0adab909-eb8f-4baf-9eed-7a4cc889cb7c",3
1762932509000,"0adab909-eb8f-4baf-9eed-7a4cc889cb7c",4
1762932672000,"0adab909-eb8f-4baf-9eed-7a4cc889cb7c",1
1762932674000,"0adab909-eb8f-4baf-9eed-7a4cc889cb7c",1
1762932904000,"0adab909-eb8f-4baf-9eed-7a4cc889cb7c",3
1762932905000,"0adab909-eb8f-4baf-9eed-7a4cc889cb7c",3
1762932907000,"0adab909-eb8f-4baf-9eed-7a4cc889cb7c",4
1762932909000,"0adab909-eb8f-4baf-9eed-7a4cc889cb7c",3
1762932910000,"0adab909-eb8f-4baf-9eed-7a4cc889cb7c",3
1762933043000,"0adab909-eb8f-4baf-9eed-7a4cc889cb7c",4
1762933287000,"0adab909-eb8f-4baf-9eed-7a4cc889cb7c",3
1762933288000,"0adab909-eb8f-4baf-9eed-7a4cc889cb7c",3
1762933289000,"0adab909-eb8f-4baf-9eed-7a4cc889cb7c",3
1762933291000,"0adab909-eb8f-4baf-9eed-7a4cc889cb7c",3
1762933298000,"0adab909-eb8f-4baf-9eed-7a4cc889cb7c",3
1762933561000,"0adab909-eb8f-4baf-9eed-7a4cc889cb7c",4
1762933677000,"0adab909-eb8f-4baf-9eed-7a4cc889cb7c",4
1762933951000,"0adab909-eb8f-4baf-9eed-7a4cc889cb7c",4
1762933952000,"0adab909-eb8f-4baf-9eed-7a4cc889cb7c",3
1762933953000,"0adab909-eb8f-4baf-9eed-7a4cc889cb7c",3
1762933954000,"0adab909-eb8f-4baf-9eed-7a4cc889cb7c",3
1762933957000,"0adab909-eb8f-4baf-9eed-7a4cc889cb7c",3
1762933959000,"0adab909-eb8f-4baf-9eed-7a4cc889cb7c",3
1762933961000,"0adab909-eb8f-4baf-9eed-7a4cc889cb7c",3
1762933962000,"0adab909-eb8f-4baf-9eed-7a4cc889cb7c",3
1762933963000,"0adab909-eb8f-4baf-9eed-7a4cc889cb7c",3
1762934222000,"0adab909-eb8f-4baf-9eed-7a4cc889cb7c",4
1762934279000,"0adab909-eb8f-4baf-9eed-7a4cc889cb7c",4
1762934581000,"0adab909-eb8f-4baf-9eed-7a4cc889cb7c",3
1762934582000,"0adab909-eb8f-4baf-9eed-7a4cc889cb7c",3
1762934583000,"0adab909-eb8f-4baf-9eed-7a4cc889cb7c",3
1762934586000,"0adab909-eb8f-4baf-9eed-7a4cc889cb7c",3
1762934588000,"0adab909-eb8f-4baf-9eed-7a4cc889cb7c",3
1762934589000,"0adab909-eb8f-4baf-9eed-7a4cc889cb7c",3
1762934590000,"0adab909-eb8f-4baf-9eed-7a4cc889cb7c",3
1762934591000,"0adab909-eb8f-4baf-9eed-7a4cc889cb7c",3
1762934592000,"0adab909-eb8f-4baf-9eed-7a4cc889cb7c",3
1762934593000,"0adab909-eb8f-4baf-9eed-7a4cc889cb7c",3
1762934821000,"0adab909-eb8f-4baf-9eed-7a4cc889cb7c",4
1762934824000,"0adab909-eb8f-4baf-9eed-7a4cc889cb7c",4
1762935147000,"0adab909-eb8f-4baf-9eed-7a4cc889cb7c",3
1762935148000,"0adab909-eb8f-4baf-9eed-7a4cc889cb7c",3
1762935149000,"0adab909-eb8f-4baf-9eed-7a4cc889cb7c",3
1762935150000,"0adab909-eb8f-4baf-9eed-7a4cc889cb7c",3
1762935151000,"0adab909-eb8f-4baf-9eed-7a4cc889cb7c",3
1762935153000,"0adab909-eb8f-4baf-9eed-7a4cc889cb7c",3
1762935472000,"0adab909-eb8f-4baf-9eed-7a4cc889cb7c",4
1762935880000,"0adab909-eb8f-4baf-9eed-7a4cc889cb7c",4
1762935881000,"0adab909-eb8f-4baf-9eed-7a4cc889cb7c",3
1762935882000,"0adab909-eb8f-4baf-9eed-7a4cc889cb7c",3
1762935883000,"0adab909-eb8f-4baf-9eed-7a4cc889cb7c",3
1762935884000,"0adab909-eb8f-4baf-9eed-7a4cc889cb7c",3
1762935885000,"0adab909-eb8f-4baf-9eed-7a4cc889cb7c",3
1762935886000,"0adab909-eb8f-4baf-9eed-7a4cc889cb7c",3
1762935889000,"0adab909-eb8f-4baf-9eed-7a4cc889cb7c",3
1762935891000,"0adab909-eb8f-4baf-9eed-7a4cc889cb7c",3
1762935892000,"0adab909-eb8f-4baf-9eed-7a4cc889cb7c",3
1762936180000,"0adab909-eb8f-4baf-9eed-7a4cc889cb7c",4
1762936670000,"0adab909-eb8f-4baf-9eed-7a4cc889cb7c",3
1762936671000,"0adab909-eb8f-4baf-9eed-7a4cc889cb7c",3
1762936672000,"0adab909-eb8f-4baf-9eed-7a4cc889cb7c",3
1762936673000,"0adab909-eb8f-4baf-9eed-7a4cc889cb7c",3
1762936674000,"0adab909-eb8f-4baf-9eed-7a4cc889cb7c",3
1762936675000,"0adab909-eb8f-4baf-9eed-7a4cc889cb7c",3
1762936679000,"0adab909-eb8f-4baf-9eed-7a4cc889cb7c",3
1762936682000,"0adab909-eb8f-4baf-9eed-7a4cc889cb7c",3
1762936792000,"0adab909-eb8f-4baf-9eed-7a4cc889cb7c",4
1762937269000,"0adab909-eb8f-4baf-9eed-7a4cc889cb7c",3
1762937270000,"0adab909-eb8f-4baf-9eed-7a4cc889cb7c",3
1762937271000,"0adab909-eb8f-4baf-9eed-7a4cc889cb7c",3
1762937272000,"0adab909-eb8f-4baf-9eed-7a4cc889cb7c",3
1762937273000,"0adab909-eb8f-4baf-9eed-7a4cc889cb7c",3
1762937276000,"0adab909-eb8f-4baf-9eed-7a4cc889cb7c",3
1762937277000,"0adab909-eb8f-4baf-9eed-7a4cc889cb7c",3
1762937279000,"0adab909-eb8f-4baf-9eed-7a4cc889cb7c",3
1762937280000,"0adab909-eb8f-4baf-9eed-7a4cc889cb7c",3
1762937281000,"0adab909-eb8f-4baf-9eed-7a4cc889cb7c",3
1762937570000,"0adab909-eb8f-4baf-9eed-7a4cc889cb7c",3
1762937571000,"0adab909-eb8f-4baf-9eed-7a4cc889cb7c",3
1762937572000,"0adab909-eb8f-4baf-9eed-7a4cc889cb7c",3
1762937573000,"0adab909-eb8f-4baf-9eed-7a4cc889cb7c",3
1762937574000,"0adab909-eb8f-4baf-9eed-7a4cc889cb7c",3
1762937575000,"0adab909-eb8f-4baf-9eed-7a4cc889cb7c",3
1762937577000,"0adab909-eb8f-4baf-9eed-7a4cc889cb7c",3
1762937578000,"0adab909-eb8f-4baf-9eed-7a4cc889cb7c",3
1762937870000,"0adab909-eb8f-4baf-9eed-7a4cc889cb7c",4
1762938114000,"0adab909-eb8f-4baf-9eed-7a4cc889cb7c",3
1762938115000,"0adab909-eb8f-4baf-9eed-7a4cc889cb7c",3
1762938116000,"0adab909-eb8f-4baf-9eed-7a4cc889cb7c",3
1762938120000,"0adab909-eb8f-4baf-9eed-7a4cc889cb7c",3
1762938123000,"0adab909-eb8f-4baf-9eed-7a4cc889cb7c",3
1762938527000,"0adab909-eb8f-4baf-9eed-7a4cc889cb7c",4
1762938765000,"0adab909-eb8f-4baf-9eed-7a4cc889cb7c",4
1762938827000,"0adab909-eb8f-4baf-9eed-7a4cc889cb7c",3
1762938828000,"0adab909-eb8f-4baf-9eed-7a4cc889cb7c",3
1762938829000,"0adab909-eb8f-4baf-9eed-7a4cc889cb7c",3
1762938830000,"0adab909-eb8f-4baf-9eed-7a4cc889cb7c",3
1762938831000,"0adab909-eb8f-4baf-9eed-7a4cc889cb7c",3
1762938832000,"0adab909-eb8f-4baf-9eed-7a4cc889cb7c",3
1762938835000,"0adab909-eb8f-4baf-9eed-7a4cc889cb7c",3
1762939127000,"0adab909-eb8f-4baf-9eed-7a4cc889cb7c",4
1762939427000,"0adab909-eb8f-4baf-9eed-7a4cc889cb7c",3
1762939428000,"0adab909-eb8f-4baf-9eed-7a4cc889cb7c",3
1762939429000,"0adab909-eb8f-4baf-9eed-7a4cc889cb7c",3
1762939430000,"0adab909-eb8f-4baf-9eed-7a4cc889cb7c",3
1762939431000,"0adab909-eb8f-4baf-9eed-7a4cc889cb7c",3
1762939433000,"0adab909-eb8f-4baf-9eed-7a4cc889cb7c",3
1762939434000,"0adab909-eb8f-4baf-9eed-7a4cc889cb7c",3
1762939727000,"0adab909-eb8f-4baf-9eed-7a4cc889cb7c",4
1762939883000,"0adab909-eb8f-4baf-9eed-7a4cc889cb7c",4
1762939994000,"0adab909-eb8f-4baf-9eed-7a4cc889cb7c",3
1762939995000,"0adab909-eb8f-4baf-9eed-7a4cc889cb7c",3
1762939996000,"0adab909-eb8f-4baf-9eed-7a4cc889cb7c",3
1762939997000,"0adab909-eb8f-4baf-9eed-7a4cc889cb7c",3
1762939998000,"0adab909-eb8f-4baf-9eed-7a4cc889cb7c",3
1762939999000,"0adab909-eb8f-4baf-9eed-7a4cc889cb7c",3
1762940001000,"0adab909-eb8f-4baf-9eed-7a4cc889cb7c",3
1762940002000,"0adab909-eb8f-4baf-9eed-7a4cc889cb7c",3
1762940003000,"0adab909-eb8f-4baf-9eed-7a4cc889cb7c",3
1762940006000,"0adab909-eb8f-4baf-9eed-7a4cc889cb7c",3
1762940132000,"0adab909-eb8f-4baf-9eed-7a4cc889cb7c",4
1762940234000,"0adab909-eb8f-4baf-9eed-7a4cc889cb7c",4
1762940534000,"0adab909-eb8f-4baf-9eed-7a4cc889cb7c",3
1762940535000,"0adab909-eb8f-4baf-9eed-7a4cc889cb7c",3
1762940536000,"0adab909-eb8f-4baf-9eed-7a4cc889cb7c",3
1762940537000,"0adab909-eb8f-4baf-9eed-7a4cc889cb7c",3
1762940543000,"0adab909-eb8f-4baf-9eed-7a4cc889cb7c",3
1762940818000,"0adab909-eb8f-4baf-9eed-7a4cc889cb7c",4
1762940820000,"0adab909-eb8f-4baf-9eed-7a4cc889cb7c",5
1762940821000,"0adab909-eb8f-4baf-9eed-7a4cc889cb7c",1
1762940824000,"0adab909-eb8f-4baf-9eed-7a4cc889cb7c",4
1762940830000,"0adab909-eb8f-4baf-9eed-7a4cc889cb7c",1
1762940831000,"0adab909-eb8f-4baf-9eed-7a4cc889cb7c",4
1762941152000,"0adab909-eb8f-4baf-9eed-7a4cc889cb7c",4
1762941187000,"0adab909-eb8f-4baf-9eed-7a4cc889cb7c",3
1762941188000,"0adab909-eb8f-4baf-9eed-7a4cc889cb7c",3
1762941189000,"0adab909-eb8f-4baf-9eed-7a4cc889cb7c",3
1762941191000,"0adab909-eb8f-4baf-9eed-7a4cc889cb7c",3
1762941192000,"0adab909-eb8f-4baf-9eed-7a4cc889cb7c",3
1762941193000,"0adab909-eb8f-4baf-9eed-7a4cc889cb7c",3
1762941195000,"0adab909-eb8f-4baf-9eed-7a4cc889cb7c",3
1762941197000,"0adab909-eb8f-4baf-9eed-7a4cc889cb7c",3
1762941199000,"0adab909-eb8f-4baf-9eed-7a4cc889cb7c",3
1762941425000,"0adab909-eb8f-4baf-9eed-7a4cc889cb7c",4
1762941462000,"0adab909-eb8f-4baf-9eed-7a4cc889cb7c",1
1762941465000,"0adab909-eb8f-4baf-9eed-7a4cc889cb7c",4
1762941467000,"0adab909-eb8f-4baf-9eed-7a4cc889cb7c",1
1762941473000,"0adab909-eb8f-4baf-9eed-7a4cc889cb7c",4
1762941493000,"0adab909-eb8f-4baf-9eed-7a4cc889cb7c",1
1762941717000,"0adab909-eb8f-4baf-9eed-7a4cc889cb7c",3
1762941718000,"0adab909-eb8f-4baf-9eed-7a4cc889cb7c",3
1762941719000,"0adab909-eb8f-4baf-9eed-7a4cc889cb7c",3
1762941720000,"0adab909-eb8f-4baf-9eed-7a4cc889cb7c",3
1762941721000,"0adab909-eb8f-4baf-9eed-7a4cc889cb7c",3
1762941722000,"0adab909-eb8f-4baf-9eed-7a4cc889cb7c",3
1762941726000,"0adab909-eb8f-4baf-9eed-7a4cc889cb7c",3
1762941861000,"0adab909-eb8f-4baf-9eed-7a4cc889cb7c",4
1762941978000,"0adab909-eb8f-4baf-9eed-7a4cc889cb7c",4
1762942277000,"0adab909-eb8f-4baf-9eed-7a4cc889cb7c",3
1762942278000,"0adab909-eb8f-4baf-9eed-7a4cc889cb7c",3
1762942279000,"0adab909-eb8f-4baf-9eed-7a4cc889cb7c",3
1762942280000,"0adab909-eb8f-4baf-9eed-7a4cc889cb7c",3
1762942282000,"0adab909-eb8f-4baf-9eed-7a4cc889cb7c",3
1762942289000,"0adab909-eb8f-4baf-9eed-7a4cc889cb7c",3
1762942465000,"0adab909-eb8f-4baf-9eed-7a4cc889cb7c",4
1762942598000,"0adab909-eb8f-4baf-9eed-7a4cc889cb7c",4
1762942903000,"0adab909-eb8f-4baf-9eed-7a4cc889cb7c",4
1762942904000,"0adab909-eb8f-4baf-9eed-7a4cc889cb7c",3
1762942905000,"0adab909-eb8f-4baf-9eed-7a4cc889cb7c",3
1762942906000,"0adab909-eb8f-4baf-9eed-7a4cc889cb7c",3
1762942907000,"0adab909-eb8f-4baf-9eed-7a4cc889cb7c",3
1762942908000,"0adab909-eb8f-4baf-9eed-7a4cc889cb7c",3
1762942909000,"0adab909-eb8f-4baf-9eed-7a4cc889cb7c",3
1762942910000,"0adab909-eb8f-4baf-9eed-7a4cc889cb7c",3
1762942913000,"0adab909-eb8f-4baf-9eed-7a4cc889cb7c",3
1762942914000,"0adab909-eb8f-4baf-9eed-7a4cc889cb7c",3
1762942915000,"0adab909-eb8f-4baf-9eed-7a4cc889cb7c",3
1762943101000,"0adab909-eb8f-4baf-9eed-7a4cc889cb7c",4
1762943167000,"0adab909-eb8f-4baf-9eed-7a4cc889cb7c",4
1762943473000,"0adab909-eb8f-4baf-9eed-7a4cc889cb7c",4
1762943474000,"0adab909-eb8f-4baf-9eed-7a4cc889cb7c",3
1762943475000,"0adab909-eb8f-4baf-9eed-7a4cc889cb7c",3
1762943476000,"0adab909-eb8f-4baf-9eed-7a4cc889cb7c",3
1762943478000,"0adab909-eb8f-4baf-9eed-7a4cc889cb7c",3
1762943479000,"0adab909-eb8f-4baf-9eed-7a4cc889cb7c",3
1762943480000,"0adab909-eb8f-4baf-9eed-7a4cc889cb7c",3
1762943763000,"0adab909-eb8f-4baf-9eed-7a4cc889cb7c",4
1762943765000,"0adab909-eb8f-4baf-9eed-7a4cc889cb7c",4
1762944037000,"0adab909-eb8f-4baf-9eed-7a4cc889cb7c",4
1762944106000,"0adab909-eb8f-4baf-9eed-7a4cc889cb7c",3
1762944107000,"0adab909-eb8f-4baf-9eed-7a4cc889cb7c",3
1762944108000,"0adab909-eb8f-4baf-9eed-7a4cc889cb7c",3
1762944114000,"0adab909-eb8f-4baf-9eed-7a4cc889cb7c",3
1762944115000,"0adab909-eb8f-4baf-9eed-7a4cc889cb7c",3
1762944117000,"0adab909-eb8f-4baf-9eed-7a4cc889cb7c",3
1762944300000,"0adab909-eb8f-4baf-9eed-7a4cc889cb7c",4
1762944371000,"0adab909-eb8f-4baf-9eed-7a4cc889cb7c",4
1762944644000,"0adab909-eb8f-4baf-9eed-7a4cc889cb7c",4
1762944713000,"0adab909-eb8f-4baf-9eed-7a4cc889cb7c",3
1762944714000,"0adab909-eb8f-4baf-9eed-7a4cc889cb7c",3
1762944715000,"0adab909-eb8f-4baf-9eed-7a4cc889cb7c",3
1762944716000,"0adab909-eb8f-4baf-9eed-7a4cc889cb7c",3
1762944718000,"0adab909-eb8f-4baf-9eed-7a4cc889cb7c",3
1762944720000,"0adab909-eb8f-4baf-9eed-7a4cc889cb7c",3
1762944721000,"0adab909-eb8f-4baf-9eed-7a4cc889cb7c",3
1762944725000,"0adab909-eb8f-4baf-9eed-7a4cc889cb7c",3
1762944918000,"0adab909-eb8f-4baf-9eed-7a4cc889cb7c",4
1762945168000,"0adab909-eb8f-4baf-9eed-7a4cc889cb7c",4
1762945425000,"0adab909-eb8f-4baf-9eed-7a4cc889cb7c",3
1762945426000,"0adab909-eb8f-4baf-9eed-7a4cc889cb7c",3
1762945427000,"0adab909-eb8f-4baf-9eed-7a4cc889cb7c",3
1762945428000,"0adab909-eb8f-4baf-9eed-7a4cc889cb7c",3
1762945430000,"0adab909-eb8f-4baf-9eed-7a4cc889cb7c",3
1762945432000,"0adab909-eb8f-4baf-9eed-7a4cc889cb7c",3
1762945433000,"0adab909-eb8f-4baf-9eed-7a4cc889cb7c",3
1762945805000,"0adab909-eb8f-4baf-9eed-7a4cc889cb7c",4
1762945850000,"0adab909-eb8f-4baf-9eed-7a4cc889cb7c",4
1762945916000,"0adab909-eb8f-4baf-9eed-7a4cc889cb7c",3
1762945917000,"0adab909-eb8f-4baf-9eed-7a4cc889cb7c",3
1762945919000,"0adab909-eb8f-4baf-9eed-7a4cc889cb7c",3
1762945921000,"0adab909-eb8f-4baf-9eed-7a4cc889cb7c",3
1762945922000,"0adab909-eb8f-4baf-9eed-7a4cc889cb7c",3
1762945923000,"0adab909-eb8f-4baf-9eed-7a4cc889cb7c",3
1762945924000,"0adab909-eb8f-4baf-9eed-7a4cc889cb7c",3
1762945928000,"0adab909-eb8f-4baf-9eed-7a4cc889cb7c",3
1762945983000,"0adab909-eb8f-4baf-9eed-7a4cc889cb7c",4
1762946235000,"0adab909-eb8f-4baf-9eed-7a4cc889cb7c",4
1762946459000,"0adab909-eb8f-4baf-9eed-7a4cc889cb7c",4
1762946525000,"0adab909-eb8f-4baf-9eed-7a4cc889cb7c",4
1762946526000,"0adab909-eb8f-4baf-9eed-7a4cc889cb7c",3
1762946527000,"0adab909-eb8f-4baf-9eed-7a4cc889cb7c",3
1762946528000,"0adab909-eb8f-4baf-9eed-7a4cc889cb7c",3
1762946530000,"0adab909-eb8f-4baf-9eed-7a4cc889cb7c",3
1762946531000,"0adab909-eb8f-4baf-9eed-7a4cc889cb7c",3
1762946533000,"0adab909-eb8f-4baf-9eed-7a4cc889cb7c",3
1762946534000,"0adab909-eb8f-4baf-9eed-7a4cc889cb7c",3
1762946536000,"0adab909-eb8f-4baf-9eed-7a4cc889cb7c",3
1762947050000,"0adab909-eb8f-4baf-9eed-7a4cc889cb7c",4
1762947100000,"0adab909-eb8f-4baf-9eed-7a4cc889cb7c",4
1762947199000,"0adab909-eb8f-4baf-9eed-7a4cc889cb7c",4
1762947200000,"0adab909-eb8f-4baf-9eed-7a4cc889cb7c",3
1762947201000,"0adab909-eb8f-4baf-9eed-7a4cc889cb7c",3
1762947202000,"0adab909-eb8f-4baf-9eed-7a4cc889cb7c",3
1762947205000,"0adab909-eb8f-4baf-9eed-7a4cc889cb7c",3
1762947209000,"0adab909-eb8f-4baf-9eed-7a4cc889cb7c",3
1762947472000,"0adab909-eb8f-4baf-9eed-7a4cc889cb7c",4
1762947675000,"0adab909-eb8f-4baf-9eed-7a4cc889cb7c",3
1762947676000,"0adab909-eb8f-4baf-9eed-7a4cc889cb7c",3
1762947677000,"0adab909-eb8f-4baf-9eed-7a4cc889cb7c",3
1762947678000,"0adab909-eb8f-4baf-9eed-7a4cc889cb7c",3
1762947684000,"0adab909-eb8f-4baf-9eed-7a4cc889cb7c",3
1762947687000,"0adab909-eb8f-4baf-9eed-7a4cc889cb7c",3
1762947743000,"0adab909-eb8f-4baf-9eed-7a4cc889cb7c",4
1762947746000,"0adab909-eb8f-4baf-9eed-7a4cc889cb7c",4
1762948064000,"0adab909-eb8f-4baf-9eed-7a4cc889cb7c",4
1762948376000,"0adab909-eb8f-4baf-9eed-7a4cc889cb7c",1
1762948379000,"0adab909-eb8f-4baf-9eed-7a4cc889cb7c",1
1762948388000,"0adab909-eb8f-4baf-9eed-7a4cc889cb7c",4
1762948403000,"0adab909-eb8f-4baf-9eed-7a4cc889cb7c",1
1762948411000,"0adab909-eb8f-4baf-9eed-7a4cc889cb7c",4
1762948414000,"0adab909-eb8f-4baf-9eed-7a4cc889cb7c",4
1762948523000,"0adab909-eb8f-4baf-9eed-7a4cc889cb7c",4
1762948524000,"0adab909-eb8f-4baf-9eed-7a4cc889cb7c",3
1762948525000,"0adab909-eb8f-4baf-9eed-7a4cc889cb7c",3
1762948527000,"0adab909-eb8f-4baf-9eed-7a4cc889cb7c",3
1762948528000,"0adab909-eb8f-4baf-9eed-7a4cc889cb7c",3
1762948531000,"0adab909-eb8f-4baf-9eed-7a4cc889cb7c",3
1762948532000,"0adab909-eb8f-4baf-9eed-7a4cc889cb7c",3
1762948533000,"0adab909-eb8f-4baf-9eed-7a4cc889cb7c",3
1762948534000,"0adab909-eb8f-4baf-9eed-7a4cc889cb7c",3
1762948844000,"0adab909-eb8f-4baf-9eed-7a4cc889cb7c",4
1762949143000,"0adab909-eb8f-4baf-9eed-7a4cc889cb7c",3
1762949144000,"0adab909-eb8f-4baf-9eed-7a4cc889cb7c",3
1762949145000,"0adab909-eb8f-4baf-9eed-7a4cc889cb7c",3
1762949146000,"0adab909-eb8f-4baf-9eed-7a4cc889cb7c",3
1762949147000,"0adab909-eb8f-4baf-9eed-7a4cc889cb7c",3
1762949148000,"0adab909-eb8f-4baf-9eed-7a4cc889cb7c",3
1762949149000,"0adab909-eb8f-4baf-9eed-7a4cc889cb7c",3
1762949151000,"0adab909-eb8f-4baf-9eed-7a4cc889cb7c",3
1762949152000,"0adab909-eb8f-4baf-9eed-7a4cc889cb7c",3
1762949153000,"0adab909-eb8f-4baf-9eed-7a4cc889cb7c",3
1762949154000,"0adab909-eb8f-4baf-9eed-7a4cc889cb7c",3
1762949156000,"0adab909-eb8f-4baf-9eed-7a4cc889cb7c",3
1762949244000,"0adab909-eb8f-4baf-9eed-7a4cc889cb7c",4
1762949293000,"0adab909-eb8f-4baf-9eed-7a4cc889cb7c",2
1762949351000,"0adab909-eb8f-4baf-9eed-7a4cc889cb7c",4
1762949468000,"0adab909-eb8f-4baf-9eed-7a4cc889cb7c",4
1762949475000,"0adab909-eb8f-4baf-9eed-7a4cc889cb7c",2
1762949517000,"0adab909-eb8f-4baf-9eed-7a4cc889cb7c",3
1762949596000,"0adab909-eb8f-4baf-9eed-7a4cc889cb7c",4
1762949663000,"0adab909-eb8f-4baf-9eed-7a4cc889cb7c",2
1762949819000,"0adab909-eb8f-4baf-9eed-7a4cc889cb7c",4
1762949843000,"0adab909-eb8f-4baf-9eed-7a4cc889cb7c",2
1762949898000,"0adab909-eb8f-4baf-9eed-7a4cc889cb7c",4
1762950044000,"0adab909-eb8f-4baf-9eed-7a4cc889cb7c",2
1762950098000,"0adab909-eb8f-4baf-9eed-7a4cc889cb7c",2
1762950132000,"0adab909-eb8f-4baf-9eed-7a4cc889cb7c",3
1762950133000,"0adab909-eb8f-4baf-9eed-7a4cc889cb7c",3
1762950134000,"0adab909-eb8f-4baf-9eed-7a4cc889cb7c",3
1762950145000,"0adab909-eb8f-4baf-9eed-7a4cc889cb7c",3
1762950197000,"0adab909-eb8f-4baf-9eed-7a4cc889cb7c",4
1762950244000,"0adab909-eb8f-4baf-9eed-7a4cc889cb7c",2
1762950548000,"0adab909-eb8f-4baf-9eed-7a4cc889cb7c",4
1762950698000,"0adab909-eb8f-4baf-9eed-7a4cc889cb7c",3
1762950699000,"0adab909-eb8f-4baf-9eed-7a4cc889cb7c",3
1762950700000,"0adab909-eb8f-4baf-9eed-7a4cc889cb7c",3
1762950701000,"0adab909-eb8f-4baf-9eed-7a4cc889cb7c",3
1762950704000,"0adab909-eb8f-4baf-9eed-7a4cc889cb7c",3
1762950706000,"0adab909-eb8f-4baf-9eed-7a4cc889cb7c",3
1762950712000,"0adab909-eb8f-4baf-9eed-7a4cc889cb7c",3
1762950846000,"0adab909-eb8f-4baf-9eed-7a4cc889cb7c",4
1762951110000,"0adab909-eb8f-4baf-9eed-7a4cc889cb7c",4
1762951302000,"0adab909-eb8f-4baf-9eed-7a4cc889cb7c",3
1762951303000,"0adab909-eb8f-4baf-9eed-7a4cc889cb7c",3
1762951304000,"0adab909-eb8f-4baf-9eed-7a4cc889cb7c",3
1762951305000,"0adab909-eb8f-4baf-9eed-7a4cc889cb7c",3
1762951307000,"0adab909-eb8f-4baf-9eed-7a4cc889cb7c",3
1762951309000,"0adab909-eb8f-4baf-9eed-7a4cc889cb7c",3
1762951365000,"0adab909-eb8f-4baf-9eed-7a4cc889cb7c",4
1762951877000,"0adab909-eb8f-4baf-9eed-7a4cc889cb7c",3
1762951878000,"0adab909-eb8f-4baf-9eed-7a4cc889cb7c",3
1762951879000,"0adab909-eb8f-4baf-9eed-7a4cc889cb7c",3
1762951880000,"0adab909-eb8f-4baf-9eed-7a4cc889cb7c",4
1762951881000,"0adab909-eb8f-4baf-9eed-7a4cc889cb7c",3
1762951888000,"0adab909-eb8f-4baf-9eed-7a4cc889cb7c",3
1762952177000,"0adab909-eb8f-4baf-9eed-7a4cc889cb7c",4
1762952477000,"0adab909-eb8f-4baf-9eed-7a4cc889cb7c",4
1762952478000,"0adab909-eb8f-4baf-9eed-7a4cc889cb7c",3
1762952480000,"0adab909-eb8f-4baf-9eed-7a4cc889cb7c",3
1762952487000,"0adab909-eb8f-4baf-9eed-7a4cc889cb7c",3
1762952777000,"0adab909-eb8f-4baf-9eed-7a4cc889cb7c",4
1762952970000,"0adab909-eb8f-4baf-9eed-7a4cc889cb7c",4
1762953201000,"0adab909-eb8f-4baf-9eed-7a4cc889cb7c",3
1762953202000,"0adab909-eb8f-4baf-9eed-7a4cc889cb7c",3
1762953203000,"0adab909-eb8f-4baf-9eed-7a4cc889cb7c",3
1762953212000,"0adab909-eb8f-4baf-9eed-7a4cc889cb7c",3
1762953340000,"0adab909-eb8f-4baf-9eed-7a4cc889cb7c",4
1762953801000,"0adab909-eb8f-4baf-9eed-7a4cc889cb7c",4
1762953802000,"0adab909-eb8f-4baf-9eed-7a4cc889cb7c",3
1762953803000,"0adab909-eb8f-4baf-9eed-7a4cc889cb7c",3
1762953804000,"0adab909-eb8f-4baf-9eed-7a4cc889cb7c",3
1762953805000,"0adab909-eb8f-4baf-9eed-7a4cc889cb7c",3
1762953809000,"0adab909-eb8f-4baf-9eed-7a4cc889cb7c",3
1762954000000,"0adab909-eb8f-4baf-9eed-7a4cc889cb7c",4
1762954401000,"0adab909-eb8f-4baf-9eed-7a4cc889cb7c",3
1762954402000,"0adab909-eb8f-4baf-9eed-7a4cc889cb7c",3
1762954403000,"0adab909-eb8f-4baf-9eed-7a4cc889cb7c",3
1762954407000,"0adab909-eb8f-4baf-9eed-7a4cc889cb7c",3
1762954410000,"0adab909-eb8f-4baf-9eed-7a4cc889cb7c",3
1762954412000,"0adab909-eb8f-4baf-9eed-7a4cc889cb7c",3
1762954701000,"0adab909-eb8f-4baf-9eed-7a4cc889cb7c",4
1762954840000,"0adab909-eb8f-4baf-9eed-7a4cc889cb7c",4
1762955071000,"0adab909-eb8f-4baf-9eed-7a4cc889cb7c",3
1762955072000,"0adab909-eb8f-4baf-9eed-7a4cc889cb7c",3
1762955371000,"0adab909-eb8f-4baf-9eed-7a4cc889cb7c",4
1762955671000,"0adab909-eb8f-4baf-9eed-7a4cc889cb7c",3
1762955672000,"0adab909-eb8f-4baf-9eed-7a4cc889cb7c",3
1762955673000,"0adab909-eb8f-4baf-9eed-7a4cc889cb7c",3
1762955674000,"0adab909-eb8f-4baf-9eed-7a4cc889cb7c",3
1762955676000,"0adab909-eb8f-4baf-9eed-7a4cc889cb7c",3
1762955971000,"0adab909-eb8f-4baf-9eed-7a4cc889cb7c",4
1762956271000,"0adab909-eb8f-4baf-9eed-7a4cc889cb7c",3
1762956272000,"0adab909-eb8f-4baf-9eed-7a4cc889cb7c",3
1762956273000,"0adab909-eb8f-4baf-9eed-7a4cc889cb7c",3
1762956276000,"0adab909-eb8f-4baf-9eed-7a4cc889cb7c",3
1762956279000,"0adab909-eb8f-4baf-9eed-7a4cc889cb7c",3
1762956283000,"0adab909-eb8f-4baf-9eed-7a4cc889cb7c",3
1762956571000,"0adab909-eb8f-4baf-9eed-7a4cc889cb7c",4
1762956700000,"0adab909-eb8f-4baf-9eed-7a4cc889cb7c",3
1762956702000,"0adab909-eb8f-4baf-9eed-7a4cc889cb7c",3
1762956705000,"0adab909-eb8f-4baf-9eed-7a4cc889cb7c",3
1762956930000,"0adab909-eb8f-4baf-9eed-7a4cc889cb7c",4
1762957069000,"0adab909-eb8f-4baf-9eed-7a4cc889cb7c",4
1762957530000,"0adab909-eb8f-4baf-9eed-7a4cc889cb7c",4
1762957531000,"0adab909-eb8f-4baf-9eed-7a4cc889cb7c",3
1762957532000,"0adab909-eb8f-4baf-9eed-7a4cc889cb7c",3
1762957533000,"0adab909-eb8f-4baf-9eed-7a4cc889cb7c",3
1762957534000,"0adab909-eb8f-4baf-9eed-7a4cc889cb7c",3
1762957537000,"0adab909-eb8f-4baf-9eed-7a4cc889cb7c",3
1762957729000,"0adab909-eb8f-4baf-9eed-7a4cc889cb7c",4
1762958131000,"0adab909-eb8f-4baf-9eed-7a4cc889cb7c",4
1762958133000,"0adab909-eb8f-4baf-9eed-7a4cc889cb7c",3
1762958134000,"0adab909-eb8f-4baf-9eed-7a4cc889cb7c",3
1762958135000,"0adab909-eb8f-4baf-9eed-7a4cc889cb7c",3
1762958136000,"0adab909-eb8f-4baf-9eed-7a4cc889cb7c",3
1762958137000,"0adab909-eb8f-4baf-9eed-7a4cc889cb7c",3
1762958142000,"0adab909-eb8f-4baf-9eed-7a4cc889cb7c",3
1762958430000,"0adab909-eb8f-4baf-9eed-7a4cc889cb7c",4
1762958570000,"0adab909-eb8f-4baf-9eed-7a4cc889cb7c",4
1762958571000,"0adab909-eb8f-4baf-9eed-7a4cc889cb7c",3
1762958572000,"0adab909-eb8f-4baf-9eed-7a4cc889cb7c",3
1762958574000,"0adab909-eb8f-4baf-9eed-7a4cc889cb7c",3
1762958577000,"0adab909-eb8f-4baf-9eed-7a4cc889cb7c",3
1762958582000,"0adab909-eb8f-4baf-9eed-7a4cc889cb7c",3
1762958802000,"0adab909-eb8f-4baf-9eed-7a4cc889cb7c",4
1762959102000,"0adab909-eb8f-4baf-9eed-7a4cc889cb7c",3
1762959103000,"0adab909-eb8f-4baf-9eed-7a4cc889cb7c",3
1762959104000,"0adab909-eb8f-4baf-9eed-7a4cc889cb7c",3
1762959105000,"0adab909-eb8f-4baf-9eed-7a4cc889cb7c",3
1762959109000,"0adab909-eb8f-4baf-9eed-7a4cc889cb7c",3
1762959112000,"0adab909-eb8f-4baf-9eed-7a4cc889cb7c",3
1762959402000,"0adab909-eb8f-4baf-9eed-7a4cc889cb7c",4
1762959405000,"0adab909-eb8f-4baf-9eed-7a4cc889cb7c",4
1762959702000,"0adab909-eb8f-4baf-9eed-7a4cc889cb7c",3
1762959703000,"0adab909-eb8f-4baf-9eed-7a4cc889cb7c",3
1762959706000,"0adab909-eb8f-4baf-9eed-7a4cc889cb7c",3
1762959710000,"0adab909-eb8f-4baf-9eed-7a4cc889cb7c",3
1762960002000,"0adab909-eb8f-4baf-9eed-7a4cc889cb7c",4
1762960170000,"0adab909-eb8f-4baf-9eed-7a4cc889cb7c",4
1762960171000,"0adab909-eb8f-4baf-9eed-7a4cc889cb7c",1
1762960176000,"0adab909-eb8f-4baf-9eed-7a4cc889cb7c",1
1762960184000,"0adab909-eb8f-4baf-9eed-7a4cc889cb7c",1
1762960187000,"0adab909-eb8f-4baf-9eed-7a4cc889cb7c",1
1762960223000,"0adab909-eb8f-4baf-9eed-7a4cc889cb7c",1
1762960225000,"0adab909-eb8f-4baf-9eed-7a4cc889cb7c",1
1762960258000,"0adab909-eb8f-4baf-9eed-7a4cc889cb7c",2
1762960265000,"0adab909-eb8f-4baf-9eed-7a4cc889cb7c",4
1762960272000,"0adab909-eb8f-4baf-9eed-7a4cc889cb7c",4
1762960278000,"0adab909-eb8f-4baf-9eed-7a4cc889cb7c",4
1762960286000,"0adab909-eb8f-4baf-9eed-7a4cc889cb7c",4
1762960289000,"0adab909-eb8f-4baf-9eed-7a4cc889cb7c",3
1762960290000,"0adab909-eb8f-4baf-9eed-7a4cc889cb7c",3
1762960291000,"0adab909-eb8f-4baf-9eed-7a4cc889cb7c",3
1762960292000,"0adab909-eb8f-4baf-9eed-7a4cc889cb7c",3
1762960293000,"0adab909-eb8f-4baf-9eed-7a4cc889cb7c",3
1762960294000,"0adab909-eb8f-4baf-9eed-7a4cc889cb7c",3
1762960295000,"0adab909-eb8f-4baf-9eed-7a4cc889cb7c",3
1762960296000,"0adab909-eb8f-4baf-9eed-7a4cc889cb7c",3
1762960297000,"0adab909-eb8f-4baf-9eed-7a4cc889cb7c",3
1762960298000,"0adab909-eb8f-4baf-9eed-7a4cc889cb7c",3
1762960299000,"0adab909-eb8f-4baf-9eed-7a4cc889cb7c",3
1762960300000,"0adab909-eb8f-4baf-9eed-7a4cc889cb7c",3
1762960301000,"0adab909-eb8f-4baf-9eed-7a4cc889cb7c",3
1762960302000,"0adab909-eb8f-4baf-9eed-7a4cc889cb7c",3
1762960303000,"0adab909-eb8f-4baf-9eed-7a4cc889cb7c",4
1762960304000,"0adab909-eb8f-4baf-9eed-7a4cc889cb7c",3
1762960305000,"0adab909-eb8f-4baf-9eed-7a4cc889cb7c",3
1762960306000,"0adab909-eb8f-4baf-9eed-7a4cc889cb7c",3
1762960307000,"0adab909-eb8f-4baf-9eed-7a4cc889cb7c",3
1762960312000,"0adab909-eb8f-4baf-9eed-7a4cc889cb7c",4
1762960320000,"0adab909-eb8f-4baf-9eed-7a4cc889cb7c",4
1762960327000,"0adab909-eb8f-4baf-9eed-7a4cc889cb7c",4
1762960341000,"0adab909-eb8f-4baf-9eed-7a4cc889cb7c",4
1762960382000,"0adab909-eb8f-4baf-9eed-7a4cc889cb7c",4
1762960389000,"0adab909-eb8f-4baf-9eed-7a4cc889cb7c",4
1762960396000,"0adab909-eb8f-4baf-9eed-7a4cc889cb7c",4
1762960403000,"0adab909-eb8f-4baf-9eed-7a4cc889cb7c",4
1762960409000,"0adab909-eb8f-4baf-9eed-7a4cc889cb7c",4
1762960412000,"0adab909-eb8f-4baf-9eed-7a4cc889cb7c",4
1762960416000,"0adab909-eb8f-4baf-9eed-7a4cc889cb7c",4
1762960423000,"0adab909-eb8f-4baf-9eed-7a4cc889cb7c",4
1762960427000,"0adab909-eb8f-4baf-9eed-7a4cc889cb7c",2
1762960430000,"0adab909-eb8f-4baf-9eed-7a4cc889cb7c",4
1762960437000,"0adab909-eb8f-4baf-9eed-7a4cc889cb7c",4
1762960444000,"0adab909-eb8f-4baf-9eed-7a4cc889cb7c",4
1762960451000,"0adab909-eb8f-4baf-9eed-7a4cc889cb7c",4
1762960460000,"0adab909-eb8f-4baf-9eed-7a4cc889cb7c",4
1762960467000,"0adab909-eb8f-4baf-9eed-7a4cc889cb7c",4
1762960496000,"0adab909-eb8f-4baf-9eed-7a4cc889cb7c",4
1762960503000,"0adab909-eb8f-4baf-9eed-7a4cc889cb7c",4
1762960506000,"0adab909-eb8f-4baf-9eed-7a4cc889cb7c",4
1762960523000,"0adab909-eb8f-4baf-9eed-7a4cc889cb7c",1
1762960525000,"0adab909-eb8f-4baf-9eed-7a4cc889cb7c",4
1762960531000,"0adab909-eb8f-4baf-9eed-7a4cc889cb7c",4
1762960536000,"0adab909-eb8f-4baf-9eed-7a4cc889cb7c",4
1762960541000,"0adab909-eb8f-4baf-9eed-7a4cc889cb7c",4
1762960546000,"0adab909-eb8f-4baf-9eed-7a4cc889cb7c",4
1762960551000,"0adab909-eb8f-4baf-9eed-7a4cc889cb7c",4
1762960556000,"0adab909-eb8f-4baf-9eed-7a4cc889cb7c",4
1762960561000,"0adab909-eb8f-4baf-9eed-7a4cc889cb7c",4
1762960566000,"0adab909-eb8f-4baf-9eed-7a4cc889cb7c",4
1762960570000,"0adab909-eb8f-4baf-9eed-7a4cc889cb7c",1
1762960571000,"0adab909-eb8f-4baf-9eed-7a4cc889cb7c",1
1762960572000,"0adab909-eb8f-4baf-9eed-7a4cc889cb7c",4
1762960574000,"0adab909-eb8f-4baf-9eed-7a4cc889cb7c",4
1762960581000,"0adab909-eb8f-4baf-9eed-7a4cc889cb7c",4
1762960585000,"0adab909-eb8f-4baf-9eed-7a4cc889cb7c",1
1762960590000,"0adab909-eb8f-4baf-9eed-7a4cc889cb7c",2
1762960597000,"0adab909-eb8f-4baf-9eed-7a4cc889cb7c",4
1762960604000,"0adab909-eb8f-4baf-9eed-7a4cc889cb7c",4
1762960614000,"0adab909-eb8f-4baf-9eed-7a4cc889cb7c",4
1762960644000,"0adab909-eb8f-4baf-9eed-7a4cc889cb7c",4
1762960650000,"0adab909-eb8f-4baf-9eed-7a4cc889cb7c",1
1762960651000,"0adab909-eb8f-4baf-9eed-7a4cc889cb7c",1
1762960652000,"0adab909-eb8f-4baf-9eed-7a4cc889cb7c",4
1762960656000,"0adab909-eb8f-4baf-9eed-7a4cc889cb7c",1
1762960687000,"0adab909-eb8f-4baf-9eed-7a4cc889cb7c",4
1762960689000,"0adab909-eb8f-4baf-9eed-7a4cc889cb7c",4
1762960691000,"0adab909-eb8f-4baf-9eed-7a4cc889cb7c",1
1762960693000,"0adab909-eb8f-4baf-9eed-7a4cc889cb7c",1
1762960694000,"0adab909-eb8f-4baf-9eed-7a4cc889cb7c",4
1762960702000,"0adab909-eb8f-4baf-9eed-7a4cc889cb7c",4
1762960709000,"0adab909-eb8f-4baf-9eed-7a4cc889cb7c",4
1762960716000,"0adab909-eb8f-4baf-9eed-7a4cc889cb7c",4
1762960717000,"0adab909-eb8f-4baf-9eed-7a4cc889cb7c",1
1762960728000,"0adab909-eb8f-4baf-9eed-7a4cc889cb7c",4
1762960740000,"0adab909-eb8f-4baf-9eed-7a4cc889cb7c",4
1762960748000,"0adab909-eb8f-4baf-9eed-7a4cc889cb7c",4
1762960752000,"0adab909-eb8f-4baf-9eed-7a4cc889cb7c",2
1762960754000,"0adab909-eb8f-4baf-9eed-7a4cc889cb7c",4
1762960760000,"0adab909-eb8f-4baf-9eed-7a4cc889cb7c",4
1762960767000,"0adab909-eb8f-4baf-9eed-7a4cc889cb7c",4
1762960773000,"0adab909-eb8f-4baf-9eed-7a4cc889cb7c",4
1762960780000,"0adab909-eb8f-4baf-9eed-7a4cc889cb7c",4
1762960786000,"0adab909-eb8f-4baf-9eed-7a4cc889cb7c",4
1762960793000,"0adab909-eb8f-4baf-9eed-7a4cc889cb7c",4
1762960799000,"0adab909-eb8f-4baf-9eed-7a4cc889cb7c",4
1762960806000,"0adab909-eb8f-4baf-9eed-7a4cc889cb7c",4
1762960812000,"0adab909-eb8f-4baf-9eed-7a4cc889cb7c",4
1762960818000,"0adab909-eb8f-4baf-9eed-7a4cc889cb7c",1
1762960820000,"0adab909-eb8f-4baf-9eed-7a4cc889cb7c",1
1762960821000,"0adab909-eb8f-4baf-9eed-7a4cc889cb7c",4
1762960829000,"0adab909-eb8f-4baf-9eed-7a4cc889cb7c",4
1762960835000,"0adab909-eb8f-4baf-9eed-7a4cc889cb7c",4
1762960842000,"0adab909-eb8f-4baf-9eed-7a4cc889cb7c",4
1762960848000,"0adab909-eb8f-4baf-9eed-7a4cc889cb7c",4
1762960854000,"0adab909-eb8f-4baf-9eed-7a4cc889cb7c",4
1762960861000,"0adab909-eb8f-4baf-9eed-7a4cc889cb7c",4
1762960867000,"0adab909-eb8f-4baf-9eed-7a4cc889cb7c",4
1762960873000,"0adab909-eb8f-4baf-9eed-7a4cc889cb7c",4
1762960880000,"0adab909-eb8f-4baf-9eed-7a4cc889cb7c",4
1762960886000,"0adab909-eb8f-4baf-9eed-7a4cc889cb7c",4
1762960892000,"0adab909-eb8f-4baf-9eed-7a4cc889cb7c",4
1762960899000,"0adab909-eb8f-4baf-9eed-7a4cc889cb7c",4
1762960905000,"0adab909-eb8f-4baf-9eed-7a4cc889cb7c",4
1762960912000,"0adab909-eb8f-4baf-9eed-7a4cc889cb7c",4
1762960915000,"0adab909-eb8f-4baf-9eed-7a4cc889cb7c",1
1762960918000,"0adab909-eb8f-4baf-9eed-7a4cc889cb7c",4
1762960925000,"0adab909-eb8f-4baf-9eed-7a4cc889cb7c",4
1762960932000,"0adab909-eb8f-4baf-9eed-7a4cc889cb7c",1
1762960935000,"0adab909-eb8f-4baf-9eed-7a4cc889cb7c",1
1762960943000,"0adab909-eb8f-4baf-9eed-7a4cc889cb7c",4
1762960949000,"0adab909-eb8f-4baf-9eed-7a4cc889cb7c",4
1762960960000,"0adab909-eb8f-4baf-9eed-7a4cc889cb7c",4
1762960965000,"0adab909-eb8f-4baf-9eed-7a4cc889cb7c",4
1762960969000,"0adab909-eb8f-4baf-9eed-7a4cc889cb7c",3
1762960970000,"0adab909-eb8f-4baf-9eed-7a4cc889cb7c",3
1762960971000,"0adab909-eb8f-4baf-9eed-7a4cc889cb7c",3
1762960972000,"0adab909-eb8f-4baf-9eed-7a4cc889cb7c",3
1762960973000,"0adab909-eb8f-4baf-9eed-7a4cc889cb7c",3
1762960974000,"0adab909-eb8f-4baf-9eed-7a4cc889cb7c",3
1762960975000,"0adab909-eb8f-4baf-9eed-7a4cc889cb7c",3
1762960976000,"0adab909-eb8f-4baf-9eed-7a4cc889cb7c",3
1762960979000,"0adab909-eb8f-4baf-9eed-7a4cc889cb7c",3
1762960980000,"0adab909-eb8f-4baf-9eed-7a4cc889cb7c",4
1762960981000,"0adab909-eb8f-4baf-9eed-7a4cc889cb7c",3
1762960982000,"0adab909-eb8f-4baf-9eed-7a4cc889cb7c",3
1762960983000,"0adab909-eb8f-4baf-9eed-7a4cc889cb7c",3
1762960984000,"0adab909-eb8f-4baf-9eed-7a4cc889cb7c",3
1762960985000,"0adab909-eb8f-4baf-9eed-7a4cc889cb7c",3
1762960986000,"0adab909-eb8f-4baf-9eed-7a4cc889cb7c",4
1762960987000,"0adab909-eb8f-4baf-9eed-7a4cc889cb7c",2
1762961000000,"0adab909-eb8f-4baf-9eed-7a4cc889cb7c",4
1762961008000,"0adab909-eb8f-4baf-9eed-7a4cc889cb7c",4
1762961013000,"0adab909-eb8f-4baf-9eed-7a4cc889cb7c",4
1762961024000,"0adab909-eb8f-4baf-9eed-7a4cc889cb7c",4
1762961031000,"0adab909-eb8f-4baf-9eed-7a4cc889cb7c",4
1762961037000,"0adab909-eb8f-4baf-9eed-7a4cc889cb7c",4
1762961044000,"0adab909-eb8f-4baf-9eed-7a4cc889cb7c",4
1762961051000,"0adab909-eb8f-4baf-9eed-7a4cc889cb7c",4
1762961058000,"0adab909-eb8f-4baf-9eed-7a4cc889cb7c",4
1762961064000,"0adab909-eb8f-4baf-9eed-7a4cc889cb7c",4
1762961071000,"0adab909-eb8f-4baf-9eed-7a4cc889cb7c",4
1762961077000,"0adab909-eb8f-4baf-9eed-7a4cc889cb7c",4
1762961139000,"0adab909-eb8f-4baf-9eed-7a4cc889cb7c",4
1762961146000,"0adab909-eb8f-4baf-9eed-7a4cc889cb7c",4
1762961149000,"0adab909-eb8f-4baf-9eed-7a4cc889cb7c",2
1762961205000,"0adab909-eb8f-4baf-9eed-7a4cc889cb7c",4
1762961211000,"0adab909-eb8f-4baf-9eed-7a4cc889cb7c",4
1762961218000,"0adab909-eb8f-4baf-9eed-7a4cc889cb7c",4
1762961224000,"0adab909-eb8f-4baf-9eed-7a4cc889cb7c",4
1762961230000,"0adab909-eb8f-4baf-9eed-7a4cc889cb7c",4
1762961236000,"0adab909-eb8f-4baf-9eed-7a4cc889cb7c",4
1762961243000,"0adab909-eb8f-4baf-9eed-7a4cc889cb7c",4
1762961252000,"0adab909-eb8f-4baf-9eed-7a4cc889cb7c",4
1762961258000,"0adab909-eb8f-4baf-9eed-7a4cc889cb7c",4
1762961265000,"0adab909-eb8f-4baf-9eed-7a4cc889cb7c",4
1762961296000,"0adab909-eb8f-4baf-9eed-7a4cc889cb7c",2
1762961301000,"0adab909-eb8f-4baf-9eed-7a4cc889cb7c",4
1762961303000,"0adab909-eb8f-4baf-9eed-7a4cc889cb7c",4
1762961310000,"0adab909-eb8f-4baf-9eed-7a4cc889cb7c",4
1762961311000,"0adab909-eb8f-4baf-9eed-7a4cc889cb7c",2
1762961317000,"0adab909-eb8f-4baf-9eed-7a4cc889cb7c",4
1762961324000,"0adab909-eb8f-4baf-9eed-7a4cc889cb7c",4
1762961331000,"0adab909-eb8f-4baf-9eed-7a4cc889cb7c",4
1762961338000,"0adab909-eb8f-4baf-9eed-7a4cc889cb7c",4
1762961344000,"0adab909-eb8f-4baf-9eed-7a4cc889cb7c",4
1762961350000,"0adab909-eb8f-4baf-9eed-7a4cc889cb7c",4
1762961357000,"0adab909-eb8f-4baf-9eed-7a4cc889cb7c",4
1762961364000,"0adab909-eb8f-4baf-9eed-7a4cc889cb7c",4
1762961371000,"0adab909-eb8f-4baf-9eed-7a4cc889cb7c",4
1762961378000,"0adab909-eb8f-4baf-9eed-7a4cc889cb7c",4
1762961385000,"0adab909-eb8f-4baf-9eed-7a4cc889cb7c",4
1762961392000,"0adab909-eb8f-4baf-9eed-7a4cc889cb7c",4
1762961548000,"0adab909-eb8f-4baf-9eed-7a4cc889cb7c",3
1762961549000,"0adab909-eb8f-4baf-9eed-7a4cc889cb7c",3
1762961550000,"0adab909-eb8f-4baf-9eed-7a4cc889cb7c",3
1762961551000,"0adab909-eb8f-4baf-9eed-7a4cc889cb7c",3
1762961552000,"0adab909-eb8f-4baf-9eed-7a4cc889cb7c",3
1762961555000,"0adab909-eb8f-4baf-9eed-7a4cc889cb7c",3
1762961558000,"0adab909-eb8f-4baf-9eed-7a4cc889cb7c",3
1762961560000,"0adab909-eb8f-4baf-9eed-7a4cc889cb7c",3
1762961561000,"0adab909-eb8f-4baf-9eed-7a4cc889cb7c",3
1762961562000,"0adab909-eb8f-4baf-9eed-7a4cc889cb7c",3
1762961563000,"0adab909-eb8f-4baf-9eed-7a4cc889cb7c",3
1762961564000,"0adab909-eb8f-4baf-9eed-7a4cc889cb7c",3
1762961654000,"0adab909-eb8f-4baf-9eed-7a4cc889cb7c",2
1762961684000,"0adab909-eb8f-4baf-9eed-7a4cc889cb7c",4
1762961827000,"0adab909-eb8f-4baf-9eed-7a4cc889cb7c",2
1762961893000,"0adab909-eb8f-4baf-9eed-7a4cc889cb7c",4
1762962025000,"0adab909-eb8f-4baf-9eed-7a4cc889cb7c",2
1762962044000,"0adab909-eb8f-4baf-9eed-7a4cc889cb7c",4
1762962052000,"0adab909-eb8f-4baf-9eed-7a4cc889cb7c",4
1762962066000,"0adab909-eb8f-4baf-9eed-7a4cc889cb7c",2
1762962084000,"0adab909-eb8f-4baf-9eed-7a4cc889cb7c",4
1762962104000,"0adab909-eb8f-4baf-9eed-7a4cc889cb7c",4
1762962106000,"0adab909-eb8f-4baf-9eed-7a4cc889cb7c",1
1762962130000,"0adab909-eb8f-4baf-9eed-7a4cc889cb7c",4
1762962148000,"0adab909-eb8f-4baf-9eed-7a4cc889cb7c",3
1762962149000,"0adab909-eb8f-4baf-9eed-7a4cc889cb7c",3
1762962150000,"0adab909-eb8f-4baf-9eed-7a4cc889cb7c",3
1762962152000,"0adab909-eb8f-4baf-9eed-7a4cc889cb7c",3
1762962153000,"0adab909-eb8f-4baf-9eed-7a4cc889cb7c",3
1762962155000,"0adab909-eb8f-4baf-9eed-7a4cc889cb7c",3
1762962156000,"0adab909-eb8f-4baf-9eed-7a4cc889cb7c",3
1762962157000,"0adab909-eb8f-4baf-9eed-7a4cc889cb7c",3
1762962160000,"0adab909-eb8f-4baf-9eed-7a4cc889cb7c",3
1762962215000,"0adab909-eb8f-4baf-9eed-7a4cc889cb7c",1
1762962217000,"0adab909-eb8f-4baf-9eed-7a4cc889cb7c",2
1762962218000,"0adab909-eb8f-4baf-9eed-7a4cc889cb7c",1
1762962220000,"0adab909-eb8f-4baf-9eed-7a4cc889cb7c",1
1762962224000,"0adab909-eb8f-4baf-9eed-7a4cc889cb7c",1
1762962229000,"0adab909-eb8f-4baf-9eed-7a4cc889cb7c",4
1762962546000,"0adab909-eb8f-4baf-9eed-7a4cc889cb7c",4
1762962552000,"0adab909-eb8f-4baf-9eed-7a4cc889cb7c",4
1762962568000,"0adab909-eb8f-4baf-9eed-7a4cc889cb7c",1
1762962569000,"0adab909-eb8f-4baf-9eed-7a4cc889cb7c",1
1762962617000,"0adab909-eb8f-4baf-9eed-7a4cc889cb7c",4
1762962657000,"0adab909-eb8f-4baf-9eed-7a4cc889cb7c",1
1762962677000,"0adab909-eb8f-4baf-9eed-7a4cc889cb7c",3
1762962764000,"0adab909-eb8f-4baf-9eed-7a4cc889cb7c",1
1762962766000,"0adab909-eb8f-4baf-9eed-7a4cc889cb7c",1
1762962821000,"0adab909-eb8f-4baf-9eed-7a4cc889cb7c",5
1762962849000,"0adab909-eb8f-4baf-9eed-7a4cc889cb7c",4
1762962884000,"0adab909-eb8f-4baf-9eed-7a4cc889cb7c",4
1762962914000,"0adab909-eb8f-4baf-9eed-7a4cc889cb7c",4
1762963051000,"0adab909-eb8f-4baf-9eed-7a4cc889cb7c",4
1762963069000,"0adab909-eb8f-4baf-9eed-7a4cc889cb7c",1
1762963137000,"0adab909-eb8f-4baf-9eed-7a4cc889cb7c",4
1762963202000,"0adab909-eb8f-4baf-9eed-7a4cc889cb7c",1
1762963205000,"0adab909-eb8f-4baf-9eed-7a4cc889cb7c",1
1762963213000,"0adab909-eb8f-4baf-9eed-7a4cc889cb7c",4
1762963649000,"0adab909-eb8f-4baf-9eed-7a4cc889cb7c",3
1762963650000,"0adab909-eb8f-4baf-9eed-7a4cc889cb7c",4
1762963660000,"0adab909-eb8f-4baf-9eed-7a4cc889cb7c",3
1762963749000,"0adab909-eb8f-4baf-9eed-7a4cc889cb7c",1
1762963792000,"0adab909-eb8f-4baf-9eed-7a4cc889cb7c",1
1762963794000,"0adab909-eb8f-4baf-9eed-7a4cc889cb7c",1
1762963816000,"0adab909-eb8f-4baf-9eed-7a4cc889cb7c",1
1762963836000,"0adab909-eb8f-4baf-9eed-7a4cc889cb7c",1
1762963838000,"0adab909-eb8f-4baf-9eed-7a4cc889cb7c",1
1762963841000,"0adab909-eb8f-4baf-9eed-7a4cc889cb7c",4
1762963950000,"0adab909-eb8f-4baf-9eed-7a4cc889cb7c",3
1762963960000,"0adab909-eb8f-4baf-9eed-7a4cc889cb7c",3
1762963962000,"0adab909-eb8f-4baf-9eed-7a4cc889cb7c",3
1762964088000,"0adab909-eb8f-4baf-9eed-7a4cc889cb7c",1
1762964120000,"0adab909-eb8f-4baf-9eed-7a4cc889cb7c",4
1762964209000,"0adab909-eb8f-4baf-9eed-7a4cc889cb7c",1
1762964216000,"0adab909-eb8f-4baf-9eed-7a4cc889cb7c",1
1762964228000,"0adab909-eb8f-4baf-9eed-7a4cc889cb7c",1
1762964233000,"0adab909-eb8f-4baf-9eed-7a4cc889cb7c",1
1762964240000,"0adab909-eb8f-4baf-9eed-7a4cc889cb7c",1
1762964246000,"0adab909-eb8f-4baf-9eed-7a4cc889cb7c",1
1762964251000,"0adab909-eb8f-4baf-9eed-7a4cc889cb7c",1
1762964252000,"0adab909-eb8f-4baf-9eed-7a4cc889cb7c",1
1762964253000,"0adab909-eb8f-4baf-9eed-7a4cc889cb7c",1
1762964287000,"0adab909-eb8f-4baf-9eed-7a4cc889cb7c",1
1762964289000,"0adab909-eb8f-4baf-9eed-7a4cc889cb7c",1
1762964340000,"0adab909-eb8f-4baf-9eed-7a4cc889cb7c",1
1762964342000,"0adab909-eb8f-4baf-9eed-7a4cc889cb7c",1
1762964376000,"0adab909-eb8f-4baf-9eed-7a4cc889cb7c",4
1762964509000,"0adab909-eb8f-4baf-9eed-7a4cc889cb7c",4
1762964778000,"0adab909-eb8f-4baf-9eed-7a4cc889cb7c",3
1762964781000,"0adab909-eb8f-4baf-9eed-7a4cc889cb7c",4
1762964787000,"0adab909-eb8f-4baf-9eed-7a4cc889cb7c",3
1762965028000,"0adab909-eb8f-4baf-9eed-7a4cc889cb7c",1
1762965030000,"0adab909-eb8f-4baf-9eed-7a4cc889cb7c",1
1762965171000,"0adab909-eb8f-4baf-9eed-7a4cc889cb7c",3
1762965172000,"0adab909-eb8f-4baf-9eed-7a4cc889cb7c",3
1762965173000,"0adab909-eb8f-4baf-9eed-7a4cc889cb7c",3
1762965176000,"0adab909-eb8f-4baf-9eed-7a4cc889cb7c",4
1762965181000,"0adab909-eb8f-4baf-9eed-7a4cc889cb7c",4
1762965454000,"0adab909-eb8f-4baf-9eed-7a4cc889cb7c",1
1762965476000,"0adab909-eb8f-4baf-9eed-7a4cc889cb7c",4
1762965576000,"0adab909-eb8f-4baf-9eed-7a4cc889cb7c",1
1762965658000,"0adab909-eb8f-4baf-9eed-7a4cc889cb7c",1
1762965660000,"0adab909-eb8f-4baf-9eed-7a4cc889cb7c",1
1762965772000,"0adab909-eb8f-4baf-9eed-7a4cc889cb7c",3
1762965776000,"0adab909-eb8f-4baf-9eed-7a4cc889cb7c",3
1762965965000,"0adab909-eb8f-4baf-9eed-7a4cc889cb7c",4
1762966006000,"0adab909-eb8f-4baf-9eed-7a4cc889cb7c",1
1762966009000,"0adab909-eb8f-4baf-9eed-7a4cc889cb7c",1
1762966062000,"0adab909-eb8f-4baf-9eed-7a4cc889cb7c",1
1762966065000,"0adab909-eb8f-4baf-9eed-7a4cc889cb7c",1
1762966067000,"0adab909-eb8f-4baf-9eed-7a4cc889cb7c",1
1762966080000,"0adab909-eb8f-4baf-9eed-7a4cc889cb7c",1
1762966196000,"0adab909-eb8f-4baf-9eed-7a4cc889cb7c",4
1762966258000,"0adab909-eb8f-4baf-9eed-7a4cc889cb7c",1
1762966260000,"0adab909-eb8f-4baf-9eed-7a4cc889cb7c",1
1762966491000,"0adab909-eb8f-4baf-9eed-7a4cc889cb7c",3
1762966492000,"0adab909-eb8f-4baf-9eed-7a4cc889cb7c",3
1762966494000,"0adab909-eb8f-4baf-9eed-7a4cc889cb7c",4
1762966498000,"0adab909-eb8f-4baf-9eed-7a4cc889cb7c",3
1762966503000,"0adab909-eb8f-4baf-9eed-7a4cc889cb7c",3
1762966504000,"0adab909-eb8f-4baf-9eed-7a4cc889cb7c",3
1762966612000,"0adab909-eb8f-4baf-9eed-7a4cc889cb7c",4
1762966781000,"0adab909-eb8f-4baf-9eed-7a4cc889cb7c",1
1762966796000,"0adab909-eb8f-4baf-9eed-7a4cc889cb7c",4
1762966902000,"0adab909-eb8f-4baf-9eed-7a4cc889cb7c",3
1762966903000,"0adab909-eb8f-4baf-9eed-7a4cc889cb7c",3
1762966905000,"0adab909-eb8f-4baf-9eed-7a4cc889cb7c",3
1762966906000,"0adab909-eb8f-4baf-9eed-7a4cc889cb7c",4
1762967203000,"0adab909-eb8f-4baf-9eed-7a4cc889cb7c",1
1762967206000,"0adab909-eb8f-4baf-9eed-7a4cc889cb7c",1
1762967210000,"0adab909-eb8f-4baf-9eed-7a4cc889cb7c",4
1762967236000,"0adab909-eb8f-4baf-9eed-7a4cc889cb7c",4
1762967303000,"0adab909-eb8f-4baf-9eed-7a4cc889cb7c",1
1762967691000,"0adab909-eb8f-4baf-9eed-7a4cc889cb7c",3
1762967692000,"0adab909-eb8f-4baf-9eed-7a4cc889cb7c",3
1762967696000,"0adab909-eb8f-4baf-9eed-7a4cc889cb7c",4
1762967723000,"0adab909-eb8f-4baf-9eed-7a4cc889cb7c",1
1762967724000,"0adab909-eb8f-4baf-9eed-7a4cc889cb7c",3
1762967725000,"0adab909-eb8f-4baf-9eed-7a4cc889cb7c",1
1762967966000,"0adab909-eb8f-4baf-9eed-7a4cc889cb7c",4
1762967973000,"0adab909-eb8f-4baf-9eed-7a4cc889cb7c",4
1762967978000,"0adab909-eb8f-4baf-9eed-7a4cc889cb7c",4
1762967988000,"0adab909-eb8f-4baf-9eed-7a4cc889cb7c",4
1762967996000,"0adab909-eb8f-4baf-9eed-7a4cc889cb7c",4
1762968077000,"0adab909-eb8f-4baf-9eed-7a4cc889cb7c",4
1762968088000,"0adab909-eb8f-4baf-9eed-7a4cc889cb7c",3
1762968090000,"0adab909-eb8f-4baf-9eed-7a4cc889cb7c",4
1762968092000,"0adab909-eb8f-4baf-9eed-7a4cc889cb7c",3
1762968095000,"0adab909-eb8f-4baf-9eed-7a4cc889cb7c",3
1762968100000,"0adab909-eb8f-4baf-9eed-7a4cc889cb7c",3
1762968240000,"0adab909-eb8f-4baf-9eed-7a4cc889cb7c",4
1762968242000,"0adab909-eb8f-4baf-9eed-7a4cc889cb7c",4
1762968250000,"0adab909-eb8f-4baf-9eed-7a4cc889cb7c",4
1762968313000,"0adab909-eb8f-4baf-9eed-7a4cc889cb7c",4
1762968444000,"0adab909-eb8f-4baf-9eed-7a4cc889cb7c",4
1762968530000,"0adab909-eb8f-4baf-9eed-7a4cc889cb7c",4
1762968532000,"0adab909-eb8f-4baf-9eed-7a4cc889cb7c",4
1762968540000,"0adab909-eb8f-4baf-9eed-7a4cc889cb7c",4
1762968545000,"0adab909-eb8f-4baf-9eed-7a4cc889cb7c",3
1762968596000,"0adab909-eb8f-4baf-9eed-7a4cc889cb7c",4
1762968601000,"0adab909-eb8f-4baf-9eed-7a4cc889cb7c",4
1762968760000,"0adab909-eb8f-4baf-9eed-7a4cc889cb7c",3
1762968761000,"0adab909-eb8f-4baf-9eed-7a4cc889cb7c",3
1762968763000,"0adab909-eb8f-4baf-9eed-7a4cc889cb7c",4
1762968773000,"0adab909-eb8f-4baf-9eed-7a4cc889cb7c",3
1762968774000,"0adab909-eb8f-4baf-9eed-7a4cc889cb7c",3
1762968800000,"0adab909-eb8f-4baf-9eed-7a4cc889cb7c",4
1762968802000,"0adab909-eb8f-4baf-9eed-7a4cc889cb7c",4
1762968810000,"0adab909-eb8f-4baf-9eed-7a4cc889cb7c",4
1762968971000,"0adab909-eb8f-4baf-9eed-7a4cc889cb7c",4
1762968976000,"0adab909-eb8f-4baf-9eed-7a4cc889cb7c",4
1762969002000,"0adab909-eb8f-4baf-9eed-7a4cc889cb7c",4
1762969152000,"0adab909-eb8f-4baf-9eed-7a4cc889cb7c",4
1762969155000,"0adab909-eb8f-4baf-9eed-7a4cc889cb7c",4
1762969163000,"0adab909-eb8f-4baf-9eed-7a4cc889cb7c",4
1762969278000,"0adab909-eb8f-4baf-9eed-7a4cc889cb7c",4
1762969283000,"0adab909-eb8f-4baf-9eed-7a4cc889cb7c",4
1762969311000,"0adab909-eb8f-4baf-9eed-7a4cc889cb7c",4
1762969358000,"0adab909-eb8f-4baf-9eed-7a4cc889cb7c",4
1762969360000,"0adab909-eb8f-4baf-9eed-7a4cc889cb7c",3
1762969363000,"0adab909-eb8f-4baf-9eed-7a4cc889cb7c",3
1762969365000,"0adab909-eb8f-4baf-9eed-7a4cc889cb7c",3
1762969373000,"0adab909-eb8f-4baf-9eed-7a4cc889cb7c",3
1762969374000,"0adab909-eb8f-4baf-9eed-7a4cc889cb7c",3
1762969375000,"0adab909-eb8f-4baf-9eed-7a4cc889cb7c",3
1762969535000,"0adab909-eb8f-4baf-9eed-7a4cc889cb7c",1
1762969569000,"0adab909-eb8f-4baf-9eed-7a4cc889cb7c",1
1762969572000,"0adab909-eb8f-4baf-9eed-7a4cc889cb7c",1
1762969662000,"0adab909-eb8f-4baf-9eed-7a4cc889cb7c",4
1762969947000,"0adab909-eb8f-4baf-9eed-7a4cc889cb7c",1
1762969949000,"0adab909-eb8f-4baf-9eed-7a4cc889cb7c",1
1762969956000,"0adab909-eb8f-4baf-9eed-7a4cc889cb7c",4
1762969961000,"0adab909-eb8f-4baf-9eed-7a4cc889cb7c",4
1762969965000,"0adab909-eb8f-4baf-9eed-7a4cc889cb7c",4
1762970017000,"0adab909-eb8f-4baf-9eed-7a4cc889cb7c",1
1762970097000,"0adab909-eb8f-4baf-9eed-7a4cc889cb7c",3
1762970101000,"0adab909-eb8f-4baf-9eed-7a4cc889cb7c",4
1762970245000,"0adab909-eb8f-4baf-9eed-7a4cc889cb7c",4
1762970481000,"0adab909-eb8f-4baf-9eed-7a4cc889cb7c",3
1762970483000,"0adab909-eb8f-4baf-9eed-7a4cc889cb7c",3
1762970486000,"0adab909-eb8f-4baf-9eed-7a4cc889cb7c",3
1762970491000,"0adab909-eb8f-4baf-9eed-7a4cc889cb7c",3
1762970618000,"0adab909-eb8f-4baf-9eed-7a4cc889cb7c",1
1762970620000,"0adab909-eb8f-4baf-9eed-7a4cc889cb7c",1
1762970648000,"0adab909-eb8f-4baf-9eed-7a4cc889cb7c",4
1762970680000,"0adab909-eb8f-4baf-9eed-7a4cc889cb7c",1
1762970803000,"0adab909-eb8f-4baf-9eed-7a4cc889cb7c",4
1762971303000,"0adab909-eb8f-4baf-9eed-7a4cc889cb7c",3
1762971306000,"0adab909-eb8f-4baf-9eed-7a4cc889cb7c",3
1762971309000,"0adab909-eb8f-4baf-9eed-7a4cc889cb7c",3
1762971769000,"0adab909-eb8f-4baf-9eed-7a4cc889cb7c",3
1762971770000,"0adab909-eb8f-4baf-9eed-7a4cc889cb7c",3
1762971773000,"0adab909-eb8f-4baf-9eed-7a4cc889cb7c",3
1762971774000,"0adab909-eb8f-4baf-9eed-7a4cc889cb7c",4
1762972073000,"0adab909-eb8f-4baf-9eed-7a4cc889cb7c",4
1762972233000,"0adab909-eb8f-4baf-9eed-7a4cc889cb7c",1
1762972235000,"0adab909-eb8f-4baf-9eed-7a4cc889cb7c",1
1762972368000,"0adab909-eb8f-4baf-9eed-7a4cc889cb7c",3
1762972371000,"0adab909-eb8f-4baf-9eed-7a4cc889cb7c",4
1762972375000,"0adab909-eb8f-4baf-9eed-7a4cc889cb7c",3
1762972376000,"0adab909-eb8f-4baf-9eed-7a4cc889cb7c",3
1762972380000,"0adab909-eb8f-4baf-9eed-7a4cc889cb7c",3
1762972592000,"0adab909-eb8f-4baf-9eed-7a4cc889cb7c",1
1762972673000,"0adab909-eb8f-4baf-9eed-7a4cc889cb7c",4
1762972775000,"0adab909-eb8f-4baf-9eed-7a4cc889cb7c",4
1762972835000,"0adab909-eb8f-4baf-9eed-7a4cc889cb7c",4
1762972900000,"0adab909-eb8f-4baf-9eed-7a4cc889cb7c",3
1762972903000,"0adab909-eb8f-4baf-9eed-7a4cc889cb7c",3
1762973109000,"0adab909-eb8f-4baf-9eed-7a4cc889cb7c",4
1762973343000,"0adab909-eb8f-4baf-9eed-7a4cc889cb7c",4
1762973412000,"0adab909-eb8f-4baf-9eed-7a4cc889cb7c",4
1762973478000,"0adab909-eb8f-4baf-9eed-7a4cc889cb7c",3
1762973479000,"0adab909-eb8f-4baf-9eed-7a4cc889cb7c",3
1762973663000,"0adab909-eb8f-4baf-9eed-7a4cc889cb7c",4
1762973996000,"0adab909-eb8f-4baf-9eed-7a4cc889cb7c",4
1762974129000,"0adab909-eb8f-4baf-9eed-7a4cc889cb7c",3
1762974132000,"0adab909-eb8f-4baf-9eed-7a4cc889cb7c",4
1762974139000,"0adab909-eb8f-4baf-9eed-7a4cc889cb7c",3
1762974209000,"0adab909-eb8f-4baf-9eed-7a4cc889cb7c",4
1762974521000,"0adab909-eb8f-4baf-9eed-7a4cc889cb7c",4
1762974956000,"0adab909-eb8f-4baf-9eed-7a4cc889cb7c",3
1762974960000,"0adab909-eb8f-4baf-9eed-7a4cc889cb7c",4
1762974961000,"0adab909-eb8f-4baf-9eed-7a4cc889cb7c",3
1762974991000,"0adab909-eb8f-4baf-9eed-7a4cc889cb7c",1
1762974995000,"0adab909-eb8f-4baf-9eed-7a4cc889cb7c",1
1762975010000,"0adab909-eb8f-4baf-9eed-7a4cc889cb7c",1
1762975136000,"0adab909-eb8f-4baf-9eed-7a4cc889cb7c",4
1762975314000,"0adab909-eb8f-4baf-9eed-7a4cc889cb7c",3
1762975316000,"0adab909-eb8f-4baf-9eed-7a4cc889cb7c",3
1762975321000,"0adab909-eb8f-4baf-9eed-7a4cc889cb7c",3
1762975477000,"0adab909-eb8f-4baf-9eed-7a4cc889cb7c",1
1762975480000,"0adab909-eb8f-4baf-9eed-7a4cc889cb7c",1
1762975591000,"0adab909-eb8f-4baf-9eed-7a4cc889cb7c",4
1762975595000,"0adab909-eb8f-4baf-9eed-7a4cc889cb7c",4
1762975889000,"0adab909-eb8f-4baf-9eed-7a4cc889cb7c",3
1762975891000,"0adab909-eb8f-4baf-9eed-7a4cc889cb7c",3
1762975901000,"0adab909-eb8f-4baf-9eed-7a4cc889cb7c",3
1762976003000,"0adab909-eb8f-4baf-9eed-7a4cc889cb7c",1
1762976128000,"0adab909-eb8f-4baf-9eed-7a4cc889cb7c",4
1762976264000,"0adab909-eb8f-4baf-9eed-7a4cc889cb7c",4
1762976332000,"0adab909-eb8f-4baf-9eed-7a4cc889cb7c",4
1762976532000,"0adab909-eb8f-4baf-9eed-7a4cc889cb7c",3
1762976603000,"0adab909-eb8f-4baf-9eed-7a4cc889cb7c",4
1762976798000,"0adab909-eb8f-4baf-9eed-7a4cc889cb7c",1
1762976942000,"0adab909-eb8f-4baf-9eed-7a4cc889cb7c",4
1762976967000,"0adab909-eb8f-4baf-9eed-7a4cc889cb7c",1
1762977059000,"0adab909-eb8f-4baf-9eed-7a4cc889cb7c",4
1762977116000,"0adab909-eb8f-4baf-9eed-7a4cc889cb7c",1
1762977120000,"0adab909-eb8f-4baf-9eed-7a4cc889cb7c",1
1762977131000,"0adab909-eb8f-4baf-9eed-7a4cc889cb7c",1
1762977412000,"0adab909-eb8f-4baf-9eed-7a4cc889cb7c",3
1762977413000,"0adab909-eb8f-4baf-9eed-7a4cc889cb7c",3
1762977416000,"0adab909-eb8f-4baf-9eed-7a4cc889cb7c",4
1762977666000,"0adab909-eb8f-4baf-9eed-7a4cc889cb7c",4
1762977711000,"0adab909-eb8f-4baf-9eed-7a4cc889cb7c",3
1762977712000,"0adab909-eb8f-4baf-9eed-7a4cc889cb7c",3
1762977713000,"0adab909-eb8f-4baf-9eed-7a4cc889cb7c",3
1762977716000,"0adab909-eb8f-4baf-9eed-7a4cc889cb7c",4
1762978016000,"0adab909-eb8f-4baf-9eed-7a4cc889cb7c",4
1762978266000,"0adab909-eb8f-4baf-9eed-7a4cc889cb7c",4
1762978271000,"0adab909-eb8f-4baf-9eed-7a4cc889cb7c",4
1762978288000,"0adab909-eb8f-4baf-9eed-7a4cc889cb7c",3
1762978292000,"0adab909-eb8f-4baf-9eed-7a4cc889cb7c",3
1762978616000,"0adab909-eb8f-4baf-9eed-7a4cc889cb7c",4
1762978657000,"0adab909-eb8f-4baf-9eed-7a4cc889cb7c",1
1762978663000,"0adab909-eb8f-4baf-9eed-7a4cc889cb7c",1
1762978749000,"0adab909-eb8f-4baf-9eed-7a4cc889cb7c",1
1762978874000,"0adab909-eb8f-4baf-9eed-7a4cc889cb7c",4
1762979189000,"0adab909-eb8f-4baf-9eed-7a4cc889cb7c",3
1762979191000,"0adab909-eb8f-4baf-9eed-7a4cc889cb7c",3
1762979195000,"0adab909-eb8f-4baf-9eed-7a4cc889cb7c",4
1762979200000,"0adab909-eb8f-4baf-9eed-7a4cc889cb7c",3
1762979246000,"0adab909-eb8f-4baf-9eed-7a4cc889cb7c",1
1762979249000,"0adab909-eb8f-4baf-9eed-7a4cc889cb7c",1
1762979490000,"0adab909-eb8f-4baf-9eed-7a4cc889cb7c",3
1762979493000,"0adab909-eb8f-4baf-9eed-7a4cc889cb7c",4
1762979495000,"0adab909-eb8f-4baf-9eed-7a4cc889cb7c",3
1762979498000,"0adab909-eb8f-4baf-9eed-7a4cc889cb7c",4
1762979502000,"0adab909-eb8f-4baf-9eed-7a4cc889cb7c",3
1762979503000,"0adab909-eb8f-4baf-9eed-7a4cc889cb7c",3
1762979504000,"0adab909-eb8f-4baf-9eed-7a4cc889cb7c",3
1762979601000,"0adab909-eb8f-4baf-9eed-7a4cc889cb7c",4
1762979898000,"0adab909-eb8f-4baf-9eed-7a4cc889cb7c",4
1762980248000,"0adab909-eb8f-4baf-9eed-7a4cc889cb7c",3
1762980249000,"0adab909-eb8f-4baf-9eed-7a4cc889cb7c",3
1762980250000,"0adab909-eb8f-4baf-9eed-7a4cc889cb7c",3
1762980253000,"0adab909-eb8f-4baf-9eed-7a4cc889cb7c",4
1762980261000,"0adab909-eb8f-4baf-9eed-7a4cc889cb7c",3
1762980262000,"0adab909-eb8f-4baf-9eed-7a4cc889cb7c",3
1762980712000,"0adab909-eb8f-4baf-9eed-7a4cc889cb7c",3
1762980714000,"0adab909-eb8f-4baf-9eed-7a4cc889cb7c",4
1762980716000,"0adab909-eb8f-4baf-9eed-7a4cc889cb7c",3
1762980722000,"0adab909-eb8f-4baf-9eed-7a4cc889cb7c",3
1762980724000,"0adab909-eb8f-4baf-9eed-7a4cc889cb7c",3
1762980725000,"0adab909-eb8f-4baf-9eed-7a4cc889cb7c",3
1762980726000,"0adab909-eb8f-4baf-9eed-7a4cc889cb7c",3
1762981007000,"0adab909-eb8f-4baf-9eed-7a4cc889cb7c",4
1762981014000,"0adab909-eb8f-4baf-9eed-7a4cc889cb7c",4
1762981312000,"0adab909-eb8f-4baf-9eed-7a4cc889cb7c",3
1762981314000,"0adab909-eb8f-4baf-9eed-7a4cc889cb7c",4
1762981317000,"0adab909-eb8f-4baf-9eed-7a4cc889cb7c",3
1762981324000,"0adab909-eb8f-4baf-9eed-7a4cc889cb7c",3
1762981614000,"0adab909-eb8f-4baf-9eed-7a4cc889cb7c",4
1762981911000,"0adab909-eb8f-4baf-9eed-7a4cc889cb7c",3
1762981912000,"0adab909-eb8f-4baf-9eed-7a4cc889cb7c",3
1762981914000,"0adab909-eb8f-4baf-9eed-7a4cc889cb7c",4
1762981917000,"0adab909-eb8f-4baf-9eed-7a4cc889cb7c",3
1762981924000,"0adab909-eb8f-4baf-9eed-7a4cc889cb7c",3
1762981925000,"0adab909-eb8f-4baf-9eed-7a4cc889cb7c",3
1762981926000,"0adab909-eb8f-4baf-9eed-7a4cc889cb7c",3
1762982214000,"0adab909-eb8f-4baf-9eed-7a4cc889cb7c",4
1762982439000,"0adab909-eb8f-4baf-9eed-7a4cc889cb7c",4
1762982511000,"0adab909-eb8f-4baf-9eed-7a4cc889cb7c",3
1762982514000,"0adab909-eb8f-4baf-9eed-7a4cc889cb7c",3
1762982524000,"0adab909-eb8f-4baf-9eed-7a4cc889cb7c",3
1762982526000,"0adab909-eb8f-4baf-9eed-7a4cc889cb7c",3
1762982816000,"0adab909-eb8f-4baf-9eed-7a4cc889cb7c",4
1762983112000,"0adab909-eb8f-4baf-9eed-7a4cc889cb7c",3
1762983115000,"0adab909-eb8f-4baf-9eed-7a4cc889cb7c",3
1762983116000,"0adab909-eb8f-4baf-9eed-7a4cc889cb7c",4
1762983117000,"0adab909-eb8f-4baf-9eed-7a4cc889cb7c",3
1762983121000,"0adab909-eb8f-4baf-9eed-7a4cc889cb7c",4
1762983123000,"0adab909-eb8f-4baf-9eed-7a4cc889cb7c",3
1762983124000,"0adab909-eb8f-4baf-9eed-7a4cc889cb7c",3
1762983125000,"0adab909-eb8f-4baf-9eed-7a4cc889cb7c",3
1762983415000,"0adab909-eb8f-4baf-9eed-7a4cc889cb7c",4
1762983711000,"0adab909-eb8f-4baf-9eed-7a4cc889cb7c",3
1762983713000,"0adab909-eb8f-4baf-9eed-7a4cc889cb7c",3
1762983714000,"0adab909-eb8f-4baf-9eed-7a4cc889cb7c",4
1762983724000,"0adab909-eb8f-4baf-9eed-7a4cc889cb7c",3
1762983793000,"0adab909-eb8f-4baf-9eed-7a4cc889cb7c",4
1762984014000,"0adab909-eb8f-4baf-9eed-7a4cc889cb7c",4
1762984289000,"0adab909-eb8f-4baf-9eed-7a4cc889cb7c",3
1762984292000,"0adab909-eb8f-4baf-9eed-7a4cc889cb7c",3
1762984294000,"0adab909-eb8f-4baf-9eed-7a4cc889cb7c",3
1762984302000,"0adab909-eb8f-4baf-9eed-7a4cc889cb7c",3
1762984303000,"0adab909-eb8f-4baf-9eed-7a4cc889cb7c",3
1762984510000,"0adab909-eb8f-4baf-9eed-7a4cc889cb7c",4
1762984515000,"0adab909-eb8f-4baf-9eed-7a4cc889cb7c",4
1762984713000,"0adab909-eb8f-4baf-9eed-7a4cc889cb7c",4
1762984911000,"0adab909-eb8f-4baf-9eed-7a4cc889cb7c",3
1762984913000,"0adab909-eb8f-4baf-9eed-7a4cc889cb7c",3
1762984916000,"0adab909-eb8f-4baf-9eed-7a4cc889cb7c",3
1762984924000,"0adab909-eb8f-4baf-9eed-7a4cc889cb7c",3
1762984925000,"0adab909-eb8f-4baf-9eed-7a4cc889cb7c",3
1762985169000,"0adab909-eb8f-4baf-9eed-7a4cc889cb7c",4
1762985172000,"0adab909-eb8f-4baf-9eed-7a4cc889cb7c",4
1762985511000,"0adab909-eb8f-4baf-9eed-7a4cc889cb7c",3
1762985515000,"0adab909-eb8f-4baf-9eed-7a4cc889cb7c",4
1762985524000,"0adab909-eb8f-4baf-9eed-7a4cc889cb7c",3
1762985526000,"0adab909-eb8f-4baf-9eed-7a4cc889cb7c",3
1762985531000,"0adab909-eb8f-4baf-9eed-7a4cc889cb7c",1
1762985532000,"0adab909-eb8f-4baf-9eed-7a4cc889cb7c",4
1762985652000,"0adab909-eb8f-4baf-9eed-7a4cc889cb7c",4
1762985943000,"0adab909-eb8f-4baf-9eed-7a4cc889cb7c",4
1762986172000,"0adab909-eb8f-4baf-9eed-7a4cc889cb7c",4
1762986175000,"0adab909-eb8f-4baf-9eed-7a4cc889cb7c",3
1762986472000,"0adab909-eb8f-4baf-9eed-7a4cc889cb7c",4
1762986772000,"0adab909-eb8f-4baf-9eed-7a4cc889cb7c",3
1762986774000,"0adab909-eb8f-4baf-9eed-7a4cc889cb7c",3
1762986775000,"0adab909-eb8f-4baf-9eed-7a4cc889cb7c",4
1762986777000,"0adab909-eb8f-4baf-9eed-7a4cc889cb7c",3
1762987072000,"0adab909-eb8f-4baf-9eed-7a4cc889cb7c",4
1762987367000,"0adab909-eb8f-4baf-9eed-7a4cc889cb7c",3
1762987373000,"0adab909-eb8f-4baf-9eed-7a4cc889cb7c",3
1762987650000,"0adab909-eb8f-4baf-9eed-7a4cc889cb7c",4
1762987653000,"0adab909-eb8f-4baf-9eed-7a4cc889cb7c",4
1762987972000,"0adab909-eb8f-4baf-9eed-7a4cc889cb7c",4
1762987973000,"0adab909-eb8f-4baf-9eed-7a4cc889cb7c",3
1762987978000,"0adab909-eb8f-4baf-9eed-7a4cc889cb7c",3
1762988154000,"0adab909-eb8f-4baf-9eed-7a4cc889cb7c",4
1762988504000,"0adab909-eb8f-4baf-9eed-7a4cc889cb7c",3
1762988507000,"0adab909-eb8f-4baf-9eed-7a4cc889cb7c",4
1762988671000,"0adab909-eb8f-4baf-9eed-7a4cc889cb7c",4
1762989104000,"0adab909-eb8f-4baf-9eed-7a4cc889cb7c",3
1762989108000,"0adab909-eb8f-4baf-9eed-7a4cc889cb7c",3
1762989228000,"0adab909-eb8f-4baf-9eed-7a4cc889cb7c",4
1762989231000,"0adab909-eb8f-4baf-9eed-7a4cc889cb7c",4
1762989704000,"0adab909-eb8f-4baf-9eed-7a4cc889cb7c",4
1762989705000,"0adab909-eb8f-4baf-9eed-7a4cc889cb7c",3
1762989714000,"0adab909-eb8f-4baf-9eed-7a4cc889cb7c",3
1762990004000,"0adab909-eb8f-4baf-9eed-7a4cc889cb7c",4
1762990236000,"0adab909-eb8f-4baf-9eed-7a4cc889cb7c",4
1762990536000,"0adab909-eb8f-4baf-9eed-7a4cc889cb7c",4
1762990537000,"0adab909-eb8f-4baf-9eed-7a4cc889cb7c",3
1762990538000,"0adab909-eb8f-4baf-9eed-7a4cc889cb7c",3
1762990836000,"0adab909-eb8f-4baf-9eed-7a4cc889cb7c",4
1762991136000,"0adab909-eb8f-4baf-9eed-7a4cc889cb7c",4
1762991137000,"0adab909-eb8f-4baf-9eed-7a4cc889cb7c",3
1762991138000,"0adab909-eb8f-4baf-9eed-7a4cc889cb7c",3
1762991436000,"0adab909-eb8f-4baf-9eed-7a4cc889cb7c",4
1762991736000,"0adab909-eb8f-4baf-9eed-7a4cc889cb7c",3
1762991744000,"0adab909-eb8f-4baf-9eed-7a4cc889cb7c",3
1762992036000,"0adab909-eb8f-4baf-9eed-7a4cc889cb7c",4
1762992292000,"0adab909-eb8f-4baf-9eed-7a4cc889cb7c",3
1762992293000,"0adab909-eb8f-4baf-9eed-7a4cc889cb7c",3
1762992297000,"0adab909-eb8f-4baf-9eed-7a4cc889cb7c",3
1762992592000,"0adab909-eb8f-4baf-9eed-7a4cc889cb7c",4
1762992848000,"0adab909-eb8f-4baf-9eed-7a4cc889cb7c",4
1762992892000,"0adab909-eb8f-4baf-9eed-7a4cc889cb7c",3
1762992901000,"0adab909-eb8f-4baf-9eed-7a4cc889cb7c",3
1762993192000,"0adab909-eb8f-4baf-9eed-7a4cc889cb7c",4
1762993493000,"0adab909-eb8f-4baf-9eed-7a4cc889cb7c",4
1762993494000,"0adab909-eb8f-4baf-9eed-7a4cc889cb7c",3
1762993497000,"0adab909-eb8f-4baf-9eed-7a4cc889cb7c",3
1762993498000,"0adab909-eb8f-4baf-9eed-7a4cc889cb7c",3
1762993792000,"0adab909-eb8f-4baf-9eed-7a4cc889cb7c",4
1762994092000,"0adab909-eb8f-4baf-9eed-7a4cc889cb7c",4
1762994093000,"0adab909-eb8f-4baf-9eed-7a4cc889cb7c",3
1762994097000,"0adab909-eb8f-4baf-9eed-7a4cc889cb7c",3
1762994323000,"0adab909-eb8f-4baf-9eed-7a4cc889cb7c",4
1762994624000,"0adab909-eb8f-4baf-9eed-7a4cc889cb7c",3
1762994626000,"0adab909-eb8f-4baf-9eed-7a4cc889cb7c",3
1762994924000,"0adab909-eb8f-4baf-9eed-7a4cc889cb7c",4
1762995224000,"0adab909-eb8f-4baf-9eed-7a4cc889cb7c",3
1762995226000,"0adab909-eb8f-4baf-9eed-7a4cc889cb7c",3
1762995231000,"0adab909-eb8f-4baf-9eed-7a4cc889cb7c",3
1762995524000,"0adab909-eb8f-4baf-9eed-7a4cc889cb7c",4
1762995823000,"0adab909-eb8f-4baf-9eed-7a4cc889cb7c",3
1762995824000,"0adab909-eb8f-4baf-9eed-7a4cc889cb7c",3
1762995828000,"0adab909-eb8f-4baf-9eed-7a4cc889cb7c",3
1762996123000,"0adab909-eb8f-4baf-9eed-7a4cc889cb7c",4
1762996354000,"0adab909-eb8f-4baf-9eed-7a4cc889cb7c",3
1762996366000,"0adab909-eb8f-4baf-9eed-7a4cc889cb7c",3
1762996654000,"0adab909-eb8f-4baf-9eed-7a4cc889cb7c",4
1762996954000,"0adab909-eb8f-4baf-9eed-7a4cc889cb7c",3
1762996955000,"0adab909-eb8f-4baf-9eed-7a4cc889cb7c",3
1762997254000,"0adab909-eb8f-4baf-9eed-7a4cc889cb7c",4
1762997555000,"0adab909-eb8f-4baf-9eed-7a4cc889cb7c",3
1762997558000,"0adab909-eb8f-4baf-9eed-7a4cc889cb7c",3
1762997855000,"0adab909-eb8f-4baf-9eed-7a4cc889cb7c",4
1762998154000,"0adab909-eb8f-4baf-9eed-7a4cc889cb7c",3
1762998155000,"0adab909-eb8f-4baf-9eed-7a4cc889cb7c",3
1762998385000,"0adab909-eb8f-4baf-9eed-7a4cc889cb7c",4
1762998686000,"0adab909-eb8f-4baf-9eed-7a4cc889cb7c",3
1762998687000,"0adab909-eb8f-4baf-9eed-7a4cc889cb7c",3
1762998690000,"0adab909-eb8f-4baf-9eed-7a4cc889cb7c",3
1762998986000,"0adab909-eb8f-4baf-9eed-7a4cc889cb7c",4
1762999286000,"0adab909-eb8f-4baf-9eed-7a4cc889cb7c",3
1762999287000,"0adab909-eb8f-4baf-9eed-7a4cc889cb7c",3
1762999293000,"0adab909-eb8f-4baf-9eed-7a4cc889cb7c",3
1762999586000,"0adab909-eb8f-4baf-9eed-7a4cc889cb7c",4
1762999886000,"0adab909-eb8f-4baf-9eed-7a4cc889cb7c",4
1762999887000,"0adab909-eb8f-4baf-9eed-7a4cc889cb7c",3
1762999888000,"0adab909-eb8f-4baf-9eed-7a4cc889cb7c",3
1762999897000,"0adab909-eb8f-4baf-9eed-7a4cc889cb7c",3
1763000070000,"0adab909-eb8f-4baf-9eed-7a4cc889cb7c",4
1763000073000,"0adab909-eb8f-4baf-9eed-7a4cc889cb7c",4
1763000510000,"0adab909-eb8f-4baf-9eed-7a4cc889cb7c",3
1763000513000,"0adab909-eb8f-4baf-9eed-7a4cc889cb7c",3
1763000514000,"0adab909-eb8f-4baf-9eed-7a4cc889cb7c",3
1763000810000,"0adab909-eb8f-4baf-9eed-7a4cc889cb7c",4
1763001110000,"0adab909-eb8f-4baf-9eed-7a4cc889cb7c",3
1763001117000,"0adab909-eb8f-4baf-9eed-7a4cc889cb7c",3
1763001410000,"0adab909-eb8f-4baf-9eed-7a4cc889cb7c",4
1763001710000,"0adab909-eb8f-4baf-9eed-7a4cc889cb7c",4
1763001711000,"0adab909-eb8f-4baf-9eed-7a4cc889cb7c",3
1763001721000,"0adab909-eb8f-4baf-9eed-7a4cc889cb7c",3
1763001722000,"0adab909-eb8f-4baf-9eed-7a4cc889cb7c",3
1763001942000,"0adab909-eb8f-4baf-9eed-7a4cc889cb7c",4
1763002242000,"0adab909-eb8f-4baf-9eed-7a4cc889cb7c",4
1763002542000,"0adab909-eb8f-4baf-9eed-7a4cc889cb7c",3
1763002543000,"0adab909-eb8f-4baf-9eed-7a4cc889cb7c",3
1763002631000,"0adab909-eb8f-4baf-9eed-7a4cc889cb7c",4
1763003142000,"0adab909-eb8f-4baf-9eed-7a4cc889cb7c",3
1763003143000,"0adab909-eb8f-4baf-9eed-7a4cc889cb7c",3
1763003148000,"0adab909-eb8f-4baf-9eed-7a4cc889cb7c",3
1763003442000,"0adab909-eb8f-4baf-9eed-7a4cc889cb7c",4
1763003742000,"0adab909-eb8f-4baf-9eed-7a4cc889cb7c",4
1763003743000,"0adab909-eb8f-4baf-9eed-7a4cc889cb7c",3
1763003745000,"0adab909-eb8f-4baf-9eed-7a4cc889cb7c",3
1763003749000,"0adab909-eb8f-4baf-9eed-7a4cc889cb7c",3
1763003974000,"0adab909-eb8f-4baf-9eed-7a4cc889cb7c",4
1763004274000,"0adab909-eb8f-4baf-9eed-7a4cc889cb7c",4
1763004275000,"0adab909-eb8f-4baf-9eed-7a4cc889cb7c",3
1763004276000,"0adab909-eb8f-4baf-9eed-7a4cc889cb7c",3
1763004574000,"0adab909-eb8f-4baf-9eed-7a4cc889cb7c",4
1763004874000,"0adab909-eb8f-4baf-9eed-7a4cc889cb7c",3
1763004876000,"0adab909-eb8f-4baf-9eed-7a4cc889cb7c",3
1763005174000,"0adab909-eb8f-4baf-9eed-7a4cc889cb7c",4
1763005474000,"0adab909-eb8f-4baf-9eed-7a4cc889cb7c",3
1763005479000,"0adab909-eb8f-4baf-9eed-7a4cc889cb7c",3
1763005480000,"0adab909-eb8f-4baf-9eed-7a4cc889cb7c",3
1763005761000,"0adab909-eb8f-4baf-9eed-7a4cc889cb7c",4
1763005993000,"0adab909-eb8f-4baf-9eed-7a4cc889cb7c",4
1763005994000,"0adab909-eb8f-4baf-9eed-7a4cc889cb7c",3
1763005999000,"0adab909-eb8f-4baf-9eed-7a4cc889cb7c",3
1763006004000,"0adab909-eb8f-4baf-9eed-7a4cc889cb7c",3
1763006293000,"0adab909-eb8f-4baf-9eed-7a4cc889cb7c",4
1763006593000,"0adab909-eb8f-4baf-9eed-7a4cc889cb7c",3
1763006594000,"0adab909-eb8f-4baf-9eed-7a4cc889cb7c",3
1763006893000,"0adab909-eb8f-4baf-9eed-7a4cc889cb7c",4
1763007193000,"0adab909-eb8f-4baf-9eed-7a4cc889cb7c",4
1763007194000,"0adab909-eb8f-4baf-9eed-7a4cc889cb7c",3
1763007196000,"0adab909-eb8f-4baf-9eed-7a4cc889cb7c",3
1763007198000,"0adab909-eb8f-4baf-9eed-7a4cc889cb7c",3
1763007493000,"0adab909-eb8f-4baf-9eed-7a4cc889cb7c",4
1763007793000,"0adab909-eb8f-4baf-9eed-7a4cc889cb7c",3
1763007802000,"0adab909-eb8f-4baf-9eed-7a4cc889cb7c",3
1763008025000,"0adab909-eb8f-4baf-9eed-7a4cc889cb7c",4
1763008325000,"0adab909-eb8f-4baf-9eed-7a4cc889cb7c",3
1763008332000,"0adab909-eb8f-4baf-9eed-7a4cc889cb7c",3
1763008624000,"0adab909-eb8f-4baf-9eed-7a4cc889cb7c",4
1763008925000,"0adab909-eb8f-4baf-9eed-7a4cc889cb7c",4
1763008926000,"0adab909-eb8f-4baf-9eed-7a4cc889cb7c",3
1763008930000,"0adab909-eb8f-4baf-9eed-7a4cc889cb7c",3
1763009095000,"0adab909-eb8f-4baf-9eed-7a4cc889cb7c",4
1763009524000,"0adab909-eb8f-4baf-9eed-7a4cc889cb7c",4
1763009525000,"0adab909-eb8f-4baf-9eed-7a4cc889cb7c",3
1763009526000,"0adab909-eb8f-4baf-9eed-7a4cc889cb7c",3
1763009528000,"0adab909-eb8f-4baf-9eed-7a4cc889cb7c",3
1763009825000,"0adab909-eb8f-4baf-9eed-7a4cc889cb7c",4
1763010057000,"0adab909-eb8f-4baf-9eed-7a4cc889cb7c",4
1763010357000,"0adab909-eb8f-4baf-9eed-7a4cc889cb7c",3
1763010359000,"0adab909-eb8f-4baf-9eed-7a4cc889cb7c",3
1763010364000,"0adab909-eb8f-4baf-9eed-7a4cc889cb7c",3
1763010657000,"0adab909-eb8f-4baf-9eed-7a4cc889cb7c",4
1763010957000,"0adab909-eb8f-4baf-9eed-7a4cc889cb7c",3
1763010958000,"0adab909-eb8f-4baf-9eed-7a4cc889cb7c",3
1763011257000,"0adab909-eb8f-4baf-9eed-7a4cc889cb7c",4
1763011557000,"0adab909-eb8f-4baf-9eed-7a4cc889cb7c",3
1763011561000,"0adab909-eb8f-4baf-9eed-7a4cc889cb7c",3
1763011789000,"0adab909-eb8f-4baf-9eed-7a4cc889cb7c",4
1763012089000,"0adab909-eb8f-4baf-9eed-7a4cc889cb7c",4
1763012090000,"0adab909-eb8f-4baf-9eed-7a4cc889cb7c",3
1763012097000,"0adab909-eb8f-4baf-9eed-7a4cc889cb7c",3
1763012289000,"0adab909-eb8f-4baf-9eed-7a4cc889cb7c",4
1763012389000,"0adab909-eb8f-4baf-9eed-7a4cc889cb7c",4
1763012400000,"0adab909-eb8f-4baf-9eed-7a4cc889cb7c",1
1763012413000,"0adab909-eb8f-4baf-9eed-7a4cc889cb7c",1
1763012689000,"0adab909-eb8f-4baf-9eed-7a4cc889cb7c",3
1763012691000,"0adab909-eb8f-4baf-9eed-7a4cc889cb7c",3
1763012694000,"0adab909-eb8f-4baf-9eed-7a4cc889cb7c",3
1763012989000,"0adab909-eb8f-4baf-9eed-7a4cc889cb7c",4
1763012992000,"0adab909-eb8f-4baf-9eed-7a4cc889cb7c",4
1763013001000,"0adab909-eb8f-4baf-9eed-7a4cc889cb7c",1
1763013014000,"0adab909-eb8f-4baf-9eed-7a4cc889cb7c",1
1763013091000,"0adab909-eb8f-4baf-9eed-7a4cc889cb7c",3
1763013092000,"0adab909-eb8f-4baf-9eed-7a4cc889cb7c",3
1763013093000,"0adab909-eb8f-4baf-9eed-7a4cc889cb7c",3
1763013094000,"0adab909-eb8f-4baf-9eed-7a4cc889cb7c",3
1763013095000,"0adab909-eb8f-4baf-9eed-7a4cc889cb7c",3
1763013096000,"0adab909-eb8f-4baf-9eed-7a4cc889cb7c",3
1763013097000,"0adab909-eb8f-4baf-9eed-7a4cc889cb7c",3
1763013100000,"0adab909-eb8f-4baf-9eed-7a4cc889cb7c",3
1763013101000,"0adab909-eb8f-4baf-9eed-7a4cc889cb7c",3
1763013102000,"0adab909-eb8f-4baf-9eed-7a4cc889cb7c",3
1763013103000,"0adab909-eb8f-4baf-9eed-7a4cc889cb7c",3
1763013590000,"0adab909-eb8f-4baf-9eed-7a4cc889cb7c",4
1763013593000,"0adab909-eb8f-4baf-9eed-7a4cc889cb7c",4
1763013890000,"0adab909-eb8f-4baf-9eed-7a4cc889cb7c",4
1763013891000,"0adab909-eb8f-4baf-9eed-7a4cc889cb7c",3
1763013892000,"0adab909-eb8f-4baf-9eed-7a4cc889cb7c",3
1763013894000,"0adab909-eb8f-4baf-9eed-7a4cc889cb7c",3
1763014190000,"0adab909-eb8f-4baf-9eed-7a4cc889cb7c",4
1763014390000,"0adab909-eb8f-4baf-9eed-7a4cc889cb7c",4
1763014490000,"0adab909-eb8f-4baf-9eed-7a4cc889cb7c",4
1763014491000,"0adab909-eb8f-4baf-9eed-7a4cc889cb7c",3
1763014493000,"0adab909-eb8f-4baf-9eed-7a4cc889cb7c",3
1763014497000,"0adab909-eb8f-4baf-9eed-7a4cc889cb7c",3
1763014790000,"0adab909-eb8f-4baf-9eed-7a4cc889cb7c",4
1763015092000,"0adab909-eb8f-4baf-9eed-7a4cc889cb7c",3
1763015093000,"0adab909-eb8f-4baf-9eed-7a4cc889cb7c",3
1763015095000,"0adab909-eb8f-4baf-9eed-7a4cc889cb7c",4
1763015104000,"0adab909-eb8f-4baf-9eed-7a4cc889cb7c",3
1763015114000,"0adab909-eb8f-4baf-9eed-7a4cc889cb7c",1
1763015117000,"0adab909-eb8f-4baf-9eed-7a4cc889cb7c",1
1763015125000,"0adab909-eb8f-4baf-9eed-7a4cc889cb7c",4
1763015175000,"0adab909-eb8f-4baf-9eed-7a4cc889cb7c",1
1763015229000,"0adab909-eb8f-4baf-9eed-7a4cc889cb7c",1
1763015231000,"0adab909-eb8f-4baf-9eed-7a4cc889cb7c",1
1763015395000,"0adab909-eb8f-4baf-9eed-7a4cc889cb7c",4
1763015504000,"0adab909-eb8f-4baf-9eed-7a4cc889cb7c",3
1763015505000,"0adab909-eb8f-4baf-9eed-7a4cc889cb7c",3
1763015508000,"0adab909-eb8f-4baf-9eed-7a4cc889cb7c",4
1763015517000,"0adab909-eb8f-4baf-9eed-7a4cc889cb7c",3
1763015518000,"0adab909-eb8f-4baf-9eed-7a4cc889cb7c",3
1763015709000,"0adab909-eb8f-4baf-9eed-7a4cc889cb7c",1
1763015754000,"0adab909-eb8f-4baf-9eed-7a4cc889cb7c",1
1763015755000,"0adab909-eb8f-4baf-9eed-7a4cc889cb7c",1
1763015759000,"0adab909-eb8f-4baf-9eed-7a4cc889cb7c",4
1763015965000,"0adab909-eb8f-4baf-9eed-7a4cc889cb7c",4
1763015993000,"0adab909-eb8f-4baf-9eed-7a4cc889cb7c",1
1763016104000,"0adab909-eb8f-4baf-9eed-7a4cc889cb7c",1
1763016106000,"0adab909-eb8f-4baf-9eed-7a4cc889cb7c",1
1763016162000,"0adab909-eb8f-4baf-9eed-7a4cc889cb7c",4
1763016172000,"0adab909-eb8f-4baf-9eed-7a4cc889cb7c",4
1763016179000,"0adab909-eb8f-4baf-9eed-7a4cc889cb7c",4
1763016184000,"0adab909-eb8f-4baf-9eed-7a4cc889cb7c",3
1763016185000,"0adab909-eb8f-4baf-9eed-7a4cc889cb7c",3
1763016186000,"0adab909-eb8f-4baf-9eed-7a4cc889cb7c",3
1763016188000,"0adab909-eb8f-4baf-9eed-7a4cc889cb7c",3
1763016189000,"0adab909-eb8f-4baf-9eed-7a4cc889cb7c",3
1763016190000,"0adab909-eb8f-4baf-9eed-7a4cc889cb7c",3
1763016191000,"0adab909-eb8f-4baf-9eed-7a4cc889cb7c",3
1763016192000,"0adab909-eb8f-4baf-9eed-7a4cc889cb7c",3
1763016222000,"0adab909-eb8f-4baf-9eed-7a4cc889cb7c",4
1763016232000,"0adab909-eb8f-4baf-9eed-7a4cc889cb7c",4
1763016282000,"0adab909-eb8f-4baf-9eed-7a4cc889cb7c",4
1763016285000,"0adab909-eb8f-4baf-9eed-7a4cc889cb7c",4
1763016293000,"0adab909-eb8f-4baf-9eed-7a4cc889cb7c",4
1763016325000,"0adab909-eb8f-4baf-9eed-7a4cc889cb7c",4
1763016345000,"0adab909-eb8f-4baf-9eed-7a4cc889cb7c",4
1763016365000,"0adab909-eb8f-4baf-9eed-7a4cc889cb7c",2
1763016368000,"0adab909-eb8f-4baf-9eed-7a4cc889cb7c",4
1763016385000,"0adab909-eb8f-4baf-9eed-7a4cc889cb7c",4
1763016405000,"0adab909-eb8f-4baf-9eed-7a4cc889cb7c",4
1763016445000,"0adab909-eb8f-4baf-9eed-7a4cc889cb7c",4
1763016545000,"0adab909-eb8f-4baf-9eed-7a4cc889cb7c",2
1763016573000,"0adab909-eb8f-4baf-9eed-7a4cc889cb7c",4
1763016701000,"0adab909-eb8f-4baf-9eed-7a4cc889cb7c",4
1763016707000,"0adab909-eb8f-4baf-9eed-7a4cc889cb7c",4
1763016708000,"0adab909-eb8f-4baf-9eed-7a4cc889cb7c",3
1763016710000,"0adab909-eb8f-4baf-9eed-7a4cc889cb7c",3
1763016712000,"0adab909-eb8f-4baf-9eed-7a4cc889cb7c",3
1763016714000,"0adab909-eb8f-4baf-9eed-7a4cc889cb7c",3
1763016715000,"0adab909-eb8f-4baf-9eed-7a4cc889cb7c",3
1763016719000,"0adab909-eb8f-4baf-9eed-7a4cc889cb7c",3
1763016720000,"0adab909-eb8f-4baf-9eed-7a4cc889cb7c",3
1763016722000,"0adab909-eb8f-4baf-9eed-7a4cc889cb7c",3
1763016725000,"0adab909-eb8f-4baf-9eed-7a4cc889cb7c",2
1763016787000,"0adab909-eb8f-4baf-9eed-7a4cc889cb7c",1
1763016789000,"0adab909-eb8f-4baf-9eed-7a4cc889cb7c",1
1763016877000,"0adab909-eb8f-4baf-9eed-7a4cc889cb7c",4
1763017060000,"0adab909-eb8f-4baf-9eed-7a4cc889cb7c",2
1763017077000,"0adab909-eb8f-4baf-9eed-7a4cc889cb7c",4
1763017408000,"0adab909-eb8f-4baf-9eed-7a4cc889cb7c",4
1763017409000,"0adab909-eb8f-4baf-9eed-7a4cc889cb7c",3
1763017412000,"0adab909-eb8f-4baf-9eed-7a4cc889cb7c",3
1763017415000,"0adab909-eb8f-4baf-9eed-7a4cc889cb7c",3
1763017419000,"0adab909-eb8f-4baf-9eed-7a4cc889cb7c",3
1763017585000,"0adab909-eb8f-4baf-9eed-7a4cc889cb7c",4
1763017843000,"0adab909-eb8f-4baf-9eed-7a4cc889cb7c",4
1763017908000,"0adab909-eb8f-4baf-9eed-7a4cc889cb7c",3
1763017910000,"0adab909-eb8f-4baf-9eed-7a4cc889cb7c",3
1763017912000,"0adab909-eb8f-4baf-9eed-7a4cc889cb7c",3
1763017913000,"0adab909-eb8f-4baf-9eed-7a4cc889cb7c",3
1763018179000,"0adab909-eb8f-4baf-9eed-7a4cc889cb7c",4
1763018475000,"0adab909-eb8f-4baf-9eed-7a4cc889cb7c",3
1763018476000,"0adab909-eb8f-4baf-9eed-7a4cc889cb7c",3
1763018477000,"0adab909-eb8f-4baf-9eed-7a4cc889cb7c",3
1763018478000,"0adab909-eb8f-4baf-9eed-7a4cc889cb7c",3
1763018482000,"0adab909-eb8f-4baf-9eed-7a4cc889cb7c",3
1763018797000,"0adab909-eb8f-4baf-9eed-7a4cc889cb7c",4
1763018890000,"0adab909-eb8f-4baf-9eed-7a4cc889cb7c",4
1763019083000,"0adab909-eb8f-4baf-9eed-7a4cc889cb7c",3
1763019084000,"0adab909-eb8f-4baf-9eed-7a4cc889cb7c",3
1763019085000,"0adab909-eb8f-4baf-9eed-7a4cc889cb7c",3
1763019086000,"0adab909-eb8f-4baf-9eed-7a4cc889cb7c",3
1763019089000,"0adab909-eb8f-4baf-9eed-7a4cc889cb7c",3
1763019092000,"0adab909-eb8f-4baf-9eed-7a4cc889cb7c",3
1763019362000,"0adab909-eb8f-4baf-9eed-7a4cc889cb7c",4
1763019496000,"0adab909-eb8f-4baf-9eed-7a4cc889cb7c",4
1763019695000,"0adab909-eb8f-4baf-9eed-7a4cc889cb7c",3
1763019696000,"0adab909-eb8f-4baf-9eed-7a4cc889cb7c",3
1763019697000,"0adab909-eb8f-4baf-9eed-7a4cc889cb7c",3
1763019698000,"0adab909-eb8f-4baf-9eed-7a4cc889cb7c",3
1763019699000,"0adab909-eb8f-4baf-9eed-7a4cc889cb7c",3
1763019700000,"0adab909-eb8f-4baf-9eed-7a4cc889cb7c",3
1763019706000,"0adab909-eb8f-4baf-9eed-7a4cc889cb7c",3
1763019888000,"0adab909-eb8f-4baf-9eed-7a4cc889cb7c",4
1763020104000,"0adab909-eb8f-4baf-9eed-7a4cc889cb7c",4
1763020548000,"0adab909-eb8f-4baf-9eed-7a4cc889cb7c",3
1763020549000,"0adab909-eb8f-4baf-9eed-7a4cc889cb7c",3
1763020550000,"0adab909-eb8f-4baf-9eed-7a4cc889cb7c",3
1763020551000,"0adab909-eb8f-4baf-9eed-7a4cc889cb7c",4
1763020552000,"0adab909-eb8f-4baf-9eed-7a4cc889cb7c",3
1763020553000,"0adab909-eb8f-4baf-9eed-7a4cc889cb7c",3
1763020554000,"0adab909-eb8f-4baf-9eed-7a4cc889cb7c",3
1763020555000,"0adab909-eb8f-4baf-9eed-7a4cc889cb7c",3
1763020556000,"0adab909-eb8f-4baf-9eed-7a4cc889cb7c",3
1763020559000,"0adab909-eb8f-4baf-9eed-7a4cc889cb7c",3
1763021019000,"0adab909-eb8f-4baf-9eed-7a4cc889cb7c",4
1763021020000,"0adab909-eb8f-4baf-9eed-7a4cc889cb7c",3
1763021021000,"0adab909-eb8f-4baf-9eed-7a4cc889cb7c",3
1763021022000,"0adab909-eb8f-4baf-9eed-7a4cc889cb7c",3
1763021023000,"0adab909-eb8f-4baf-9eed-7a4cc889cb7c",3
1763021024000,"0adab909-eb8f-4baf-9eed-7a4cc889cb7c",3
1763021028000,"0adab909-eb8f-4baf-9eed-7a4cc889cb7c",3
1763021320000,"0adab909-eb8f-4baf-9eed-7a4cc889cb7c",4
1763021323000,"0adab909-eb8f-4baf-9eed-7a4cc889cb7c",4
1763021620000,"0adab909-eb8f-4baf-9eed-7a4cc889cb7c",3
1763021621000,"0adab909-eb8f-4baf-9eed-7a4cc889cb7c",3
1763021622000,"0adab909-eb8f-4baf-9eed-7a4cc889cb7c",3
1763021623000,"0adab909-eb8f-4baf-9eed-7a4cc889cb7c",3
1763021625000,"0adab909-eb8f-4baf-9eed-7a4cc889cb7c",3
1763021629000,"0adab909-eb8f-4baf-9eed-7a4cc889cb7c",3
1763021630000,"0adab909-eb8f-4baf-9eed-7a4cc889cb7c",3
1763021919000,"0adab909-eb8f-4baf-9eed-7a4cc889cb7c",4
1763022221000,"0adab909-eb8f-4baf-9eed-7a4cc889cb7c",3
1763022222000,"0adab909-eb8f-4baf-9eed-7a4cc889cb7c",3
1763022223000,"0adab909-eb8f-4baf-9eed-7a4cc889cb7c",3
1763022224000,"0adab909-eb8f-4baf-9eed-7a4cc889cb7c",3
1763022225000,"0adab909-eb8f-4baf-9eed-7a4cc889cb7c",3
1763022226000,"0adab909-eb8f-4baf-9eed-7a4cc889cb7c",3
1763022227000,"0adab909-eb8f-4baf-9eed-7a4cc889cb7c",3
1763022230000,"0adab909-eb8f-4baf-9eed-7a4cc889cb7c",3
1763022231000,"0adab909-eb8f-4baf-9eed-7a4cc889cb7c",3
1763022233000,"0adab909-eb8f-4baf-9eed-7a4cc889cb7c",3
1763022521000,"0adab909-eb8f-4baf-9eed-7a4cc889cb7c",4
1763022822000,"0adab909-eb8f-4baf-9eed-7a4cc889cb7c",4
1763022823000,"0adab909-eb8f-4baf-9eed-7a4cc889cb7c",3
1763022824000,"0adab909-eb8f-4baf-9eed-7a4cc889cb7c",3
1763022825000,"0adab909-eb8f-4baf-9eed-7a4cc889cb7c",3
1763022828000,"0adab909-eb8f-4baf-9eed-7a4cc889cb7c",3
1763022831000,"0adab909-eb8f-4baf-9eed-7a4cc889cb7c",3
1763022833000,"0adab909-eb8f-4baf-9eed-7a4cc889cb7c",3
1763022834000,"0adab909-eb8f-4baf-9eed-7a4cc889cb7c",3
1763022982000,"0adab909-eb8f-4baf-9eed-7a4cc889cb7c",1
1763022983000,"0adab909-eb8f-4baf-9eed-7a4cc889cb7c",1
1763022985000,"0adab909-eb8f-4baf-9eed-7a4cc889cb7c",4
1763022993000,"0adab909-eb8f-4baf-9eed-7a4cc889cb7c",4
1763022998000,"0adab909-eb8f-4baf-9eed-7a4cc889cb7c",4
1763023041000,"0adab909-eb8f-4baf-9eed-7a4cc889cb7c",1
1763023042000,"0adab909-eb8f-4baf-9eed-7a4cc889cb7c",1
1763023046000,"0adab909-eb8f-4baf-9eed-7a4cc889cb7c",4
1763023423000,"0adab909-eb8f-4baf-9eed-7a4cc889cb7c",3
1763023424000,"0adab909-eb8f-4baf-9eed-7a4cc889cb7c",3
1763023425000,"0adab909-eb8f-4baf-9eed-7a4cc889cb7c",3
1763023426000,"0adab909-eb8f-4baf-9eed-7a4cc889cb7c",3
1763023427000,"0adab909-eb8f-4baf-9eed-7a4cc889cb7c",3
1763023429000,"0adab909-eb8f-4baf-9eed-7a4cc889cb7c",3
1763023430000,"0adab909-eb8f-4baf-9eed-7a4cc889cb7c",3
1763023431000,"0adab909-eb8f-4baf-9eed-7a4cc889cb7c",3
1763023435000,"0adab909-eb8f-4baf-9eed-7a4cc889cb7c",3
1763023645000,"0adab909-eb8f-4baf-9eed-7a4cc889cb7c",4
1763024022000,"0adab909-eb8f-4baf-9eed-7a4cc889cb7c",3
1763024023000,"0adab909-eb8f-4baf-9eed-7a4cc889cb7c",3
1763024024000,"0adab909-eb8f-4baf-9eed-7a4cc889cb7c",3
1763024025000,"0adab909-eb8f-4baf-9eed-7a4cc889cb7c",3
1763024027000,"0adab909-eb8f-4baf-9eed-7a4cc889cb7c",3
1763024029000,"0adab909-eb8f-4baf-9eed-7a4cc889cb7c",3
1763024030000,"0adab909-eb8f-4baf-9eed-7a4cc889cb7c",3
1763024323000,"0adab909-eb8f-4baf-9eed-7a4cc889cb7c",4
1763024326000,"0adab909-eb8f-4baf-9eed-7a4cc889cb7c",4
1763024645000,"0adab909-eb8f-4baf-9eed-7a4cc889cb7c",4
1763024646000,"0adab909-eb8f-4baf-9eed-7a4cc889cb7c",3
1763024647000,"0adab909-eb8f-4baf-9eed-7a4cc889cb7c",3
1763024648000,"0adab909-eb8f-4baf-9eed-7a4cc889cb7c",3
1763024649000,"0adab909-eb8f-4baf-9eed-7a4cc889cb7c",3
1763024650000,"0adab909-eb8f-4baf-9eed-7a4cc889cb7c",3
1763024652000,"0adab909-eb8f-4baf-9eed-7a4cc889cb7c",3
1763024653000,"0adab909-eb8f-4baf-9eed-7a4cc889cb7c",3
1763024657000,"0adab909-eb8f-4baf-9eed-7a4cc889cb7c",3
1763024764000,"0adab909-eb8f-4baf-9eed-7a4cc889cb7c",4
1763024949000,"0adab909-eb8f-4baf-9eed-7a4cc889cb7c",4
1763025071000,"0adab909-eb8f-4baf-9eed-7a4cc889cb7c",3
1763025072000,"0adab909-eb8f-4baf-9eed-7a4cc889cb7c",3
1763025073000,"0adab909-eb8f-4baf-9eed-7a4cc889cb7c",3
1763025074000,"0adab909-eb8f-4baf-9eed-7a4cc889cb7c",3
1763025075000,"0adab909-eb8f-4baf-9eed-7a4cc889cb7c",3
1763025076000,"0adab909-eb8f-4baf-9eed-7a4cc889cb7c",3
1763025083000,"0adab909-eb8f-4baf-9eed-7a4cc889cb7c",3
1763025324000,"0adab909-eb8f-4baf-9eed-7a4cc889cb7c",4
1763025587000,"0adab909-eb8f-4baf-9eed-7a4cc889cb7c",4
1763025648000,"0adab909-eb8f-4baf-9eed-7a4cc889cb7c",4
1763025713000,"0adab909-eb8f-4baf-9eed-7a4cc889cb7c",3
1763025714000,"0adab909-eb8f-4baf-9eed-7a4cc889cb7c",3
1763025715000,"0adab909-eb8f-4baf-9eed-7a4cc889cb7c",3
1763025718000,"0adab909-eb8f-4baf-9eed-7a4cc889cb7c",3
1763025719000,"0adab909-eb8f-4baf-9eed-7a4cc889cb7c",3
1763025720000,"0adab909-eb8f-4baf-9eed-7a4cc889cb7c",3
1763025721000,"0adab909-eb8f-4baf-9eed-7a4cc889cb7c",3
1763025722000,"0adab909-eb8f-4baf-9eed-7a4cc889cb7c",3
1763025724000,"0adab909-eb8f-4baf-9eed-7a4cc889cb7c",3
1763026147000,"0adab909-eb8f-4baf-9eed-7a4cc889cb7c",4
1763026447000,"0adab909-eb8f-4baf-9eed-7a4cc889cb7c",4
1763026448000,"0adab909-eb8f-4baf-9eed-7a4cc889cb7c",3
1763026449000,"0adab909-eb8f-4baf-9eed-7a4cc889cb7c",3
1763026450000,"0adab909-eb8f-4baf-9eed-7a4cc889cb7c",3
1763026451000,"0adab909-eb8f-4baf-9eed-7a4cc889cb7c",3
1763026454000,"0adab909-eb8f-4baf-9eed-7a4cc889cb7c",3
1763026455000,"0adab909-eb8f-4baf-9eed-7a4cc889cb7c",3
1763026456000,"0adab909-eb8f-4baf-9eed-7a4cc889cb7c",3
1763026640000,"0adab909-eb8f-4baf-9eed-7a4cc889cb7c",4
1763026978000,"0adab909-eb8f-4baf-9eed-7a4cc889cb7c",3
1763026979000,"0adab909-eb8f-4baf-9eed-7a4cc889cb7c",3
1763026980000,"0adab909-eb8f-4baf-9eed-7a4cc889cb7c",3
1763026981000,"0adab909-eb8f-4baf-9eed-7a4cc889cb7c",3
1763026982000,"0adab909-eb8f-4baf-9eed-7a4cc889cb7c",3
1763026983000,"0adab909-eb8f-4baf-9eed-7a4cc889cb7c",3
1763026986000,"0adab909-eb8f-4baf-9eed-7a4cc889cb7c",3
1763026987000,"0adab909-eb8f-4baf-9eed-7a4cc889cb7c",3
1763026990000,"0adab909-eb8f-4baf-9eed-7a4cc889cb7c",3
1763027064000,"0adab909-eb8f-4baf-9eed-7a4cc889cb7c",4
1763027067000,"0adab909-eb8f-4baf-9eed-7a4cc889cb7c",4
1763027434000,"0adab909-eb8f-4baf-9eed-7a4cc889cb7c",4
1763027774000,"0adab909-eb8f-4baf-9eed-7a4cc889cb7c",3
1763027775000,"0adab909-eb8f-4baf-9eed-7a4cc889cb7c",3
1763027776000,"0adab909-eb8f-4baf-9eed-7a4cc889cb7c",3
1763027777000,"0adab909-eb8f-4baf-9eed-7a4cc889cb7c",3
1763027778000,"0adab909-eb8f-4baf-9eed-7a4cc889cb7c",3
1763027779000,"0adab909-eb8f-4baf-9eed-7a4cc889cb7c",3
1763027780000,"0adab909-eb8f-4baf-9eed-7a4cc889cb7c",3
1763027785000,"0adab909-eb8f-4baf-9eed-7a4cc889cb7c",3
1763028094000,"0adab909-eb8f-4baf-9eed-7a4cc889cb7c",3
1763028095000,"0adab909-eb8f-4baf-9eed-7a4cc889cb7c",3
1763028096000,"0adab909-eb8f-4baf-9eed-7a4cc889cb7c",3
1763028098000,"0adab909-eb8f-4baf-9eed-7a4cc889cb7c",3
1763028099000,"0adab909-eb8f-4baf-9eed-7a4cc889cb7c",3
1763028101000,"0adab909-eb8f-4baf-9eed-7a4cc889cb7c",3
1763028102000,"0adab909-eb8f-4baf-9eed-7a4cc889cb7c",3
1763028540000,"0adab909-eb8f-4baf-9eed-7a4cc889cb7c",4
1763028543000,"0adab909-eb8f-4baf-9eed-7a4cc889cb7c",4
1763028841000,"0adab909-eb8f-4baf-9eed-7a4cc889cb7c",3
1763028842000,"0adab909-eb8f-4baf-9eed-7a4cc889cb7c",3
1763028844000,"0adab909-eb8f-4baf-9eed-7a4cc889cb7c",3
1763028846000,"0adab909-eb8f-4baf-9eed-7a4cc889cb7c",3
1763028935000,"0adab909-eb8f-4baf-9eed-7a4cc889cb7c",4
1763029163000,"0adab909-eb8f-4baf-9eed-7a4cc889cb7c",4
1763029441000,"0adab909-eb8f-4baf-9eed-7a4cc889cb7c",3
1763029442000,"0adab909-eb8f-4baf-9eed-7a4cc889cb7c",3
1763029443000,"0adab909-eb8f-4baf-9eed-7a4cc889cb7c",3
1763029444000,"0adab909-eb8f-4baf-9eed-7a4cc889cb7c",3
1763029445000,"0adab909-eb8f-4baf-9eed-7a4cc889cb7c",3
1763029446000,"0adab909-eb8f-4baf-9eed-7a4cc889cb7c",3
1763029447000,"0adab909-eb8f-4baf-9eed-7a4cc889cb7c",3
1763029448000,"0adab909-eb8f-4baf-9eed-7a4cc889cb7c",3
1763029450000,"0adab909-eb8f-4baf-9eed-7a4cc889cb7c",3
1763029453000,"0adab909-eb8f-4baf-9eed-7a4cc889cb7c",3
1763029740000,"0adab909-eb8f-4baf-9eed-7a4cc889cb7c",4
1763030041000,"0adab909-eb8f-4baf-9eed-7a4cc889cb7c",4
1763030042000,"0adab909-eb8f-4baf-9eed-7a4cc889cb7c",3
1763030043000,"0adab909-eb8f-4baf-9eed-7a4cc889cb7c",3
1763030044000,"0adab909-eb8f-4baf-9eed-7a4cc889cb7c",4
1763030050000,"0adab909-eb8f-4baf-9eed-7a4cc889cb7c",3
1763030051000,"0adab909-eb8f-4baf-9eed-7a4cc889cb7c",3
1763030342000,"0adab909-eb8f-4baf-9eed-7a4cc889cb7c",4
1763030586000,"0adab909-eb8f-4baf-9eed-7a4cc889cb7c",3
1763030587000,"0adab909-eb8f-4baf-9eed-7a4cc889cb7c",3
1763030589000,"0adab909-eb8f-4baf-9eed-7a4cc889cb7c",3
1763030590000,"0adab909-eb8f-4baf-9eed-7a4cc889cb7c",3
1763030594000,"0adab909-eb8f-4baf-9eed-7a4cc889cb7c",3
1763030597000,"0adab909-eb8f-4baf-9eed-7a4cc889cb7c",3
1763030795000,"0adab909-eb8f-4baf-9eed-7a4cc889cb7c",4
1763030798000,"0adab909-eb8f-4baf-9eed-7a4cc889cb7c",4
1763031186000,"0adab909-eb8f-4baf-9eed-7a4cc889cb7c",3
1763031187000,"0adab909-eb8f-4baf-9eed-7a4cc889cb7c",3
1763031190000,"0adab909-eb8f-4baf-9eed-7a4cc889cb7c",3
1763031194000,"0adab909-eb8f-4baf-9eed-7a4cc889cb7c",3
1763031488000,"0adab909-eb8f-4baf-9eed-7a4cc889cb7c",4
1763031787000,"0adab909-eb8f-4baf-9eed-7a4cc889cb7c",3
1763031788000,"0adab909-eb8f-4baf-9eed-7a4cc889cb7c",3
1763031789000,"0adab909-eb8f-4baf-9eed-7a4cc889cb7c",3
1763031790000,"0adab909-eb8f-4baf-9eed-7a4cc889cb7c",3
1763031792000,"0adab909-eb8f-4baf-9eed-7a4cc889cb7c",3
1763031793000,"0adab909-eb8f-4baf-9eed-7a4cc889cb7c",3
1763031794000,"0adab909-eb8f-4baf-9eed-7a4cc889cb7c",3
1763031796000,"0adab909-eb8f-4baf-9eed-7a4cc889cb7c",3
1763031797000,"0adab909-eb8f-4baf-9eed-7a4cc889cb7c",3
1763031798000,"0adab909-eb8f-4baf-9eed-7a4cc889cb7c",3
1763032087000,"0adab909-eb8f-4baf-9eed-7a4cc889cb7c",4
1763032387000,"0adab909-eb8f-4baf-9eed-7a4cc889cb7c",3
1763032388000,"0adab909-eb8f-4baf-9eed-7a4cc889cb7c",3
1763032390000,"0adab909-eb8f-4baf-9eed-7a4cc889cb7c",3
1763032392000,"0adab909-eb8f-4baf-9eed-7a4cc889cb7c",3
1763032393000,"0adab909-eb8f-4baf-9eed-7a4cc889cb7c",3
1763032394000,"0adab909-eb8f-4baf-9eed-7a4cc889cb7c",3
1763032395000,"0adab909-eb8f-4baf-9eed-7a4cc889cb7c",3
1763032397000,"0adab909-eb8f-4baf-9eed-7a4cc889cb7c",3
1763032398000,"0adab909-eb8f-4baf-9eed-7a4cc889cb7c",3
1763032617000,"0adab909-eb8f-4baf-9eed-7a4cc889cb7c",4
1763032919000,"0adab909-eb8f-4baf-9eed-7a4cc889cb7c",3
1763032920000,"0adab909-eb8f-4baf-9eed-7a4cc889cb7c",3
1763032921000,"0adab909-eb8f-4baf-9eed-7a4cc889cb7c",3
1763032922000,"0adab909-eb8f-4baf-9eed-7a4cc889cb7c",3
1763032924000,"0adab909-eb8f-4baf-9eed-7a4cc889cb7c",3
1763032928000,"0adab909-eb8f-4baf-9eed-7a4cc889cb7c",3
1763032929000,"0adab909-eb8f-4baf-9eed-7a4cc889cb7c",3
1763033217000,"0adab909-eb8f-4baf-9eed-7a4cc889cb7c",4
1763033517000,"0adab909-eb8f-4baf-9eed-7a4cc889cb7c",4
1763033518000,"0adab909-eb8f-4baf-9eed-7a4cc889cb7c",3
1763033519000,"0adab909-eb8f-4baf-9eed-7a4cc889cb7c",3
1763033520000,"0adab909-eb8f-4baf-9eed-7a4cc889cb7c",3
1763033521000,"0adab909-eb8f-4baf-9eed-7a4cc889cb7c",3
1763033524000,"0adab909-eb8f-4baf-9eed-7a4cc889cb7c",3
1763033526000,"0adab909-eb8f-4baf-9eed-7a4cc889cb7c",3
1763033528000,"0adab909-eb8f-4baf-9eed-7a4cc889cb7c",3
1763033529000,"0adab909-eb8f-4baf-9eed-7a4cc889cb7c",3
1763033635000,"0adab909-eb8f-4baf-9eed-7a4cc889cb7c",4
1763033747000,"0adab909-eb8f-4baf-9eed-7a4cc889cb7c",4
1763033987000,"0adab909-eb8f-4baf-9eed-7a4cc889cb7c",4
1763034044000,"0adab909-eb8f-4baf-9eed-7a4cc889cb7c",1
1763034047000,"0adab909-eb8f-4baf-9eed-7a4cc889cb7c",4
1763034051000,"0adab909-eb8f-4baf-9eed-7a4cc889cb7c",1
1763034055000,"0adab909-eb8f-4baf-9eed-7a4cc889cb7c",4
1763034119000,"0adab909-eb8f-4baf-9eed-7a4cc889cb7c",3
1763034120000,"0adab909-eb8f-4baf-9eed-7a4cc889cb7c",3
1763034121000,"0adab909-eb8f-4baf-9eed-7a4cc889cb7c",3
1763034122000,"0adab909-eb8f-4baf-9eed-7a4cc889cb7c",3
1763034123000,"0adab909-eb8f-4baf-9eed-7a4cc889cb7c",3
1763034124000,"0adab909-eb8f-4baf-9eed-7a4cc889cb7c",3
1763034125000,"0adab909-eb8f-4baf-9eed-7a4cc889cb7c",3
1763034126000,"0adab909-eb8f-4baf-9eed-7a4cc889cb7c",3
1763034128000,"0adab909-eb8f-4baf-9eed-7a4cc889cb7c",3
1763034132000,"0adab909-eb8f-4baf-9eed-7a4cc889cb7c",3
1763034133000,"0adab909-eb8f-4baf-9eed-7a4cc889cb7c",3
1763034134000,"0adab909-eb8f-4baf-9eed-7a4cc889cb7c",3
1763034169000,"0adab909-eb8f-4baf-9eed-7a4cc889cb7c",1
1763034191000,"0adab909-eb8f-4baf-9eed-7a4cc889cb7c",1
1763034193000,"0adab909-eb8f-4baf-9eed-7a4cc889cb7c",1
1763034194000,"0adab909-eb8f-4baf-9eed-7a4cc889cb7c",4
1763034202000,"0adab909-eb8f-4baf-9eed-7a4cc889cb7c",4
1763034262000,"0adab909-eb8f-4baf-9eed-7a4cc889cb7c",4
1763034265000,"0adab909-eb8f-4baf-9eed-7a4cc889cb7c",4
1763034290000,"0adab909-eb8f-4baf-9eed-7a4cc889cb7c",1
1763034294000,"0adab909-eb8f-4baf-9eed-7a4cc889cb7c",1
1763034296000,"0adab909-eb8f-4baf-9eed-7a4cc889cb7c",1
1763034297000,"0adab909-eb8f-4baf-9eed-7a4cc889cb7c",4
1763034305000,"0adab909-eb8f-4baf-9eed-7a4cc889cb7c",4
1763034313000,"0adab909-eb8f-4baf-9eed-7a4cc889cb7c",1
1763034316000,"0adab909-eb8f-4baf-9eed-7a4cc889cb7c",1
1763034318000,"0adab909-eb8f-4baf-9eed-7a4cc889cb7c",1
1763034319000,"0adab909-eb8f-4baf-9eed-7a4cc889cb7c",4
1763034327000,"0adab909-eb8f-4baf-9eed-7a4cc889cb7c",4
1763034457000,"0adab909-eb8f-4baf-9eed-7a4cc889cb7c",4
1763034519000,"0adab909-eb8f-4baf-9eed-7a4cc889cb7c",1
1763034532000,"0adab909-eb8f-4baf-9eed-7a4cc889cb7c",4
1763034555000,"0adab909-eb8f-4baf-9eed-7a4cc889cb7c",1
1763034557000,"0adab909-eb8f-4baf-9eed-7a4cc889cb7c",1
1763034750000,"0adab909-eb8f-4baf-9eed-7a4cc889cb7c",1
1763034751000,"0adab909-eb8f-4baf-9eed-7a4cc889cb7c",1
1763034753000,"0adab909-eb8f-4baf-9eed-7a4cc889cb7c",4
1763034757000,"0adab909-eb8f-4baf-9eed-7a4cc889cb7c",1
1763034877000,"0adab909-eb8f-4baf-9eed-7a4cc889cb7c",3
1763034878000,"0adab909-eb8f-4baf-9eed-7a4cc889cb7c",3
1763034879000,"0adab909-eb8f-4baf-9eed-7a4cc889cb7c",3
1763034880000,"0adab909-eb8f-4baf-9eed-7a4cc889cb7c",3
1763034881000,"0adab909-eb8f-4baf-9eed-7a4cc889cb7c",3
1763034882000,"0adab909-eb8f-4baf-9eed-7a4cc889cb7c",3
1763034884000,"0adab909-eb8f-4baf-9eed-7a4cc889cb7c",3
1763034885000,"0adab909-eb8f-4baf-9eed-7a4cc889cb7c",3
1763034886000,"0adab909-eb8f-4baf-9eed-7a4cc889cb7c",3
1763035324000,"0adab909-eb8f-4baf-9eed-7a4cc889cb7c",4
1763035325000,"0adab909-eb8f-4baf-9eed-7a4cc889cb7c",3
1763035326000,"0adab909-eb8f-4baf-9eed-7a4cc889cb7c",3
1763035327000,"0adab909-eb8f-4baf-9eed-7a4cc889cb7c",3
1763035328000,"0adab909-eb8f-4baf-9eed-7a4cc889cb7c",3
1763035329000,"0adab909-eb8f-4baf-9eed-7a4cc889cb7c",3
1763035331000,"0adab909-eb8f-4baf-9eed-7a4cc889cb7c",3
1763035332000,"0adab909-eb8f-4baf-9eed-7a4cc889cb7c",3
1763035333000,"0adab909-eb8f-4baf-9eed-7a4cc889cb7c",3
1763035624000,"0adab909-eb8f-4baf-9eed-7a4cc889cb7c",4
1763035627000,"0adab909-eb8f-4baf-9eed-7a4cc889cb7c",4
1763035726000,"0adab909-eb8f-4baf-9eed-7a4cc889cb7c",4
1763035830000,"0adab909-eb8f-4baf-9eed-7a4cc889cb7c",1
1763035832000,"0adab909-eb8f-4baf-9eed-7a4cc889cb7c",1
1763036046000,"0adab909-eb8f-4baf-9eed-7a4cc889cb7c",1
1763036048000,"0adab909-eb8f-4baf-9eed-7a4cc889cb7c",1
1763036054000,"0adab909-eb8f-4baf-9eed-7a4cc889cb7c",1
1763036056000,"0adab909-eb8f-4baf-9eed-7a4cc889cb7c",1
1763036059000,"0adab909-eb8f-4baf-9eed-7a4cc889cb7c",4
1763036062000,"0adab909-eb8f-4baf-9eed-7a4cc889cb7c",1
1763036279000,"0adab909-eb8f-4baf-9eed-7a4cc889cb7c",3
1763036280000,"0adab909-eb8f-4baf-9eed-7a4cc889cb7c",3
1763036281000,"0adab909-eb8f-4baf-9eed-7a4cc889cb7c",3
1763036282000,"0adab909-eb8f-4baf-9eed-7a4cc889cb7c",3
1763036283000,"0adab909-eb8f-4baf-9eed-7a4cc889cb7c",3
1763036284000,"0adab909-eb8f-4baf-9eed-7a4cc889cb7c",3
1763036285000,"0adab909-eb8f-4baf-9eed-7a4cc889cb7c",3
1763036287000,"0adab909-eb8f-4baf-9eed-7a4cc889cb7c",3
1763036290000,"0adab909-eb8f-4baf-9eed-7a4cc889cb7c",3
1763036578000,"0adab909-eb8f-4baf-9eed-7a4cc889cb7c",3
1763036579000,"0adab909-eb8f-4baf-9eed-7a4cc889cb7c",3
1763036580000,"0adab909-eb8f-4baf-9eed-7a4cc889cb7c",3
1763036581000,"0adab909-eb8f-4baf-9eed-7a4cc889cb7c",3
1763036582000,"0adab909-eb8f-4baf-9eed-7a4cc889cb7c",3
1763036583000,"0adab909-eb8f-4baf-9eed-7a4cc889cb7c",3
1763036588000,"0adab909-eb8f-4baf-9eed-7a4cc889cb7c",3
1763036879000,"0adab909-eb8f-4baf-9eed-7a4cc889cb7c",4
1763036933000,"0adab909-eb8f-4baf-9eed-7a4cc889cb7c",1
1763036935000,"0adab909-eb8f-4baf-9eed-7a4cc889cb7c",1
1763036938000,"0adab909-eb8f-4baf-9eed-7a4cc889cb7c",4
1763036943000,"0adab909-eb8f-4baf-9eed-7a4cc889cb7c",4
1763036948000,"0adab909-eb8f-4baf-9eed-7a4cc889cb7c",4
1763036953000,"0adab909-eb8f-4baf-9eed-7a4cc889cb7c",4
1763036958000,"0adab909-eb8f-4baf-9eed-7a4cc889cb7c",4
1763036964000,"0adab909-eb8f-4baf-9eed-7a4cc889cb7c",4
1763036969000,"0adab909-eb8f-4baf-9eed-7a4cc889cb7c",4
1763036974000,"0adab909-eb8f-4baf-9eed-7a4cc889cb7c",4
1763036979000,"0adab909-eb8f-4baf-9eed-7a4cc889cb7c",4
1763036985000,"0adab909-eb8f-4baf-9eed-7a4cc889cb7c",4
1763036990000,"0adab909-eb8f-4baf-9eed-7a4cc889cb7c",4
1763036995000,"0adab909-eb8f-4baf-9eed-7a4cc889cb7c",4
1763037000000,"0adab909-eb8f-4baf-9eed-7a4cc889cb7c",4
1763037006000,"0adab909-eb8f-4baf-9eed-7a4cc889cb7c",4
1763037011000,"0adab909-eb8f-4baf-9eed-7a4cc889cb7c",4
1763037016000,"0adab909-eb8f-4baf-9eed-7a4cc889cb7c",4
1763037021000,"0adab909-eb8f-4baf-9eed-7a4cc889cb7c",4
1763037027000,"0adab909-eb8f-4baf-9eed-7a4cc889cb7c",4
1763037032000,"0adab909-eb8f-4baf-9eed-7a4cc889cb7c",4
1763037037000,"0adab909-eb8f-4baf-9eed-7a4cc889cb7c",4
1763037042000,"0adab909-eb8f-4baf-9eed-7a4cc889cb7c",4
1763037047000,"0adab909-eb8f-4baf-9eed-7a4cc889cb7c",4
1763037053000,"0adab909-eb8f-4baf-9eed-7a4cc889cb7c",4
1763037058000,"0adab909-eb8f-4baf-9eed-7a4cc889cb7c",4
1763037063000,"0adab909-eb8f-4baf-9eed-7a4cc889cb7c",4
1763037068000,"0adab909-eb8f-4baf-9eed-7a4cc889cb7c",4
1763037074000,"0adab909-eb8f-4baf-9eed-7a4cc889cb7c",4
1763037079000,"0adab909-eb8f-4baf-9eed-7a4cc889cb7c",4
1763037084000,"0adab909-eb8f-4baf-9eed-7a4cc889cb7c",4
1763037089000,"0adab909-eb8f-4baf-9eed-7a4cc889cb7c",4
1763037095000,"0adab909-eb8f-4baf-9eed-7a4cc889cb7c",4
1763037100000,"0adab909-eb8f-4baf-9eed-7a4cc889cb7c",4
1763037105000,"0adab909-eb8f-4baf-9eed-7a4cc889cb7c",4
1763037110000,"0adab909-eb8f-4baf-9eed-7a4cc889cb7c",4
1763037115000,"0adab909-eb8f-4baf-9eed-7a4cc889cb7c",4
1763037121000,"0adab909-eb8f-4baf-9eed-7a4cc889cb7c",4
1763037126000,"0adab909-eb8f-4baf-9eed-7a4cc889cb7c",4
1763037131000,"0adab909-eb8f-4baf-9eed-7a4cc889cb7c",4
1763037136000,"0adab909-eb8f-4baf-9eed-7a4cc889cb7c",4
1763037142000,"0adab909-eb8f-4baf-9eed-7a4cc889cb7c",4
1763037147000,"0adab909-eb8f-4baf-9eed-7a4cc889cb7c",4
1763037152000,"0adab909-eb8f-4baf-9eed-7a4cc889cb7c",4
1763037157000,"0adab909-eb8f-4baf-9eed-7a4cc889cb7c",4
1763037162000,"0adab909-eb8f-4baf-9eed-7a4cc889cb7c",4
1763037168000,"0adab909-eb8f-4baf-9eed-7a4cc889cb7c",4
1763037173000,"0adab909-eb8f-4baf-9eed-7a4cc889cb7c",4
1763037174000,"0adab909-eb8f-4baf-9eed-7a4cc889cb7c",3
1763037175000,"0adab909-eb8f-4baf-9eed-7a4cc889cb7c",3
1763037176000,"0adab909-eb8f-4baf-9eed-7a4cc889cb7c",3
1763037177000,"0adab909-eb8f-4baf-9eed-7a4cc889cb7c",3
1763037178000,"0adab909-eb8f-4baf-9eed-7a4cc889cb7c",3
1763037180000,"0adab909-eb8f-4baf-9eed-7a4cc889cb7c",3
1763037183000,"0adab909-eb8f-4baf-9eed-7a4cc889cb7c",4
1763037189000,"0adab909-eb8f-4baf-9eed-7a4cc889cb7c",4
1763037194000,"0adab909-eb8f-4baf-9eed-7a4cc889cb7c",4
1763037199000,"0adab909-eb8f-4baf-9eed-7a4cc889cb7c",4
1763037204000,"0adab909-eb8f-4baf-9eed-7a4cc889cb7c",4
1763037209000,"0adab909-eb8f-4baf-9eed-7a4cc889cb7c",4
1763037215000,"0adab909-eb8f-4baf-9eed-7a4cc889cb7c",4
1763037220000,"0adab909-eb8f-4baf-9eed-7a4cc889cb7c",4
1763037225000,"0adab909-eb8f-4baf-9eed-7a4cc889cb7c",4
1763037230000,"0adab909-eb8f-4baf-9eed-7a4cc889cb7c",4
1763037236000,"0adab909-eb8f-4baf-9eed-7a4cc889cb7c",4
1763037270000,"0adab909-eb8f-4baf-9eed-7a4cc889cb7c",4
1763037618000,"0adab909-eb8f-4baf-9eed-7a4cc889cb7c",4
1763037834000,"0adab909-eb8f-4baf-9eed-7a4cc889cb7c",3
1763037835000,"0adab909-eb8f-4baf-9eed-7a4cc889cb7c",3
1763037836000,"0adab909-eb8f-4baf-9eed-7a4cc889cb7c",3
1763037837000,"0adab909-eb8f-4baf-9eed-7a4cc889cb7c",3
1763037838000,"0adab909-eb8f-4baf-9eed-7a4cc889cb7c",3
1763037839000,"0adab909-eb8f-4baf-9eed-7a4cc889cb7c",3
1763037842000,"0adab909-eb8f-4baf-9eed-7a4cc889cb7c",3
1763037927000,"0adab909-eb8f-4baf-9eed-7a4cc889cb7c",1
1763037928000,"0adab909-eb8f-4baf-9eed-7a4cc889cb7c",1
1763037930000,"0adab909-eb8f-4baf-9eed-7a4cc889cb7c",4
1763037934000,"0adab909-eb8f-4baf-9eed-7a4cc889cb7c",1
1763038045000,"0adab909-eb8f-4baf-9eed-7a4cc889cb7c",1
1763038046000,"0adab909-eb8f-4baf-9eed-7a4cc889cb7c",1
1763038048000,"0adab909-eb8f-4baf-9eed-7a4cc889cb7c",4
1763038056000,"0adab909-eb8f-4baf-9eed-7a4cc889cb7c",4
1763038064000,"0adab909-eb8f-4baf-9eed-7a4cc889cb7c",4
1763038186000,"0adab909-eb8f-4baf-9eed-7a4cc889cb7c",4
1763038187000,"0adab909-eb8f-4baf-9eed-7a4cc889cb7c",4
1763038313000,"0adab909-eb8f-4baf-9eed-7a4cc889cb7c",4
1763038322000,"0adab909-eb8f-4baf-9eed-7a4cc889cb7c",3
1763038323000,"0adab909-eb8f-4baf-9eed-7a4cc889cb7c",3
1763038324000,"0adab909-eb8f-4baf-9eed-7a4cc889cb7c",3
1763038325000,"0adab909-eb8f-4baf-9eed-7a4cc889cb7c",3
1763038329000,"0adab909-eb8f-4baf-9eed-7a4cc889cb7c",3
1763038335000,"0adab909-eb8f-4baf-9eed-7a4cc889cb7c",3
1763038336000,"0adab909-eb8f-4baf-9eed-7a4cc889cb7c",3
1763038337000,"0adab909-eb8f-4baf-9eed-7a4cc889cb7c",3
1763038338000,"0adab909-eb8f-4baf-9eed-7a4cc889cb7c",3
1763038440000,"0adab909-eb8f-4baf-9eed-7a4cc889cb7c",4
1763038454000,"0adab909-eb8f-4baf-9eed-7a4cc889cb7c",1
1763038455000,"0adab909-eb8f-4baf-9eed-7a4cc889cb7c",1
1763038457000,"0adab909-eb8f-4baf-9eed-7a4cc889cb7c",4
1763038460000,"0adab909-eb8f-4baf-9eed-7a4cc889cb7c",4
1763038784000,"0adab909-eb8f-4baf-9eed-7a4cc889cb7c",4
1763038919000,"0adab909-eb8f-4baf-9eed-7a4cc889cb7c",3
1763038920000,"0adab909-eb8f-4baf-9eed-7a4cc889cb7c",3
1763038921000,"0adab909-eb8f-4baf-9eed-7a4cc889cb7c",3
1763038922000,"0adab909-eb8f-4baf-9eed-7a4cc889cb7c",3
1763038923000,"0adab909-eb8f-4baf-9eed-7a4cc889cb7c",3
1763038924000,"0adab909-eb8f-4baf-9eed-7a4cc889cb7c",3
1763038925000,"0adab909-eb8f-4baf-9eed-7a4cc889cb7c",3
1763038927000,"0adab909-eb8f-4baf-9eed-7a4cc889cb7c",3
1763039106000,"0adab909-eb8f-4baf-9eed-7a4cc889cb7c",4
1763039109000,"0adab909-eb8f-4baf-9eed-7a4cc889cb7c",4
1763039360000,"0adab909-eb8f-4baf-9eed-7a4cc889cb7c",4
1763039498000,"0adab909-eb8f-4baf-9eed-7a4cc889cb7c",3
1763039499000,"0adab909-eb8f-4baf-9eed-7a4cc889cb7c",3
1763039500000,"0adab909-eb8f-4baf-9eed-7a4cc889cb7c",3
1763039501000,"0adab909-eb8f-4baf-9eed-7a4cc889cb7c",3
1763039505000,"0adab909-eb8f-4baf-9eed-7a4cc889cb7c",3
1763039701000,"0adab909-eb8f-4baf-9eed-7a4cc889cb7c",4
1763039768000,"0adab909-eb8f-4baf-9eed-7a4cc889cb7c",4
1763039771000,"0adab909-eb8f-4baf-9eed-7a4cc889cb7c",4
1763040044000,"0adab909-eb8f-4baf-9eed-7a4cc889cb7c",4
1763040112000,"0adab909-eb8f-4baf-9eed-7a4cc889cb7c",3
1763040113000,"0adab909-eb8f-4baf-9eed-7a4cc889cb7c",3
1763040114000,"0adab909-eb8f-4baf-9eed-7a4cc889cb7c",3
1763040115000,"0adab909-eb8f-4baf-9eed-7a4cc889cb7c",3
1763040116000,"0adab909-eb8f-4baf-9eed-7a4cc889cb7c",3
1763040118000,"0adab909-eb8f-4baf-9eed-7a4cc889cb7c",3
1763040122000,"0adab909-eb8f-4baf-9eed-7a4cc889cb7c",3
1763040315000,"0adab909-eb8f-4baf-9eed-7a4cc889cb7c",4
1763040385000,"0adab909-eb8f-4baf-9eed-7a4cc889cb7c",4
1763040653000,"0adab909-eb8f-4baf-9eed-7a4cc889cb7c",4
1763040721000,"0adab909-eb8f-4baf-9eed-7a4cc889cb7c",3
1763040722000,"0adab909-eb8f-4baf-9eed-7a4cc889cb7c",3
1763040724000,"0adab909-eb8f-4baf-9eed-7a4cc889cb7c",3
1763040725000,"0adab909-eb8f-4baf-9eed-7a4cc889cb7c",3
1763040726000,"0adab909-eb8f-4baf-9eed-7a4cc889cb7c",3
1763040728000,"0adab909-eb8f-4baf-9eed-7a4cc889cb7c",3
1763040793000,"0adab909-eb8f-4baf-9eed-7a4cc889cb7c",1
1763040795000,"0adab909-eb8f-4baf-9eed-7a4cc889cb7c",1
1763040796000,"0adab909-eb8f-4baf-9eed-7a4cc889cb7c",1
1763040923000,"0adab909-eb8f-4baf-9eed-7a4cc889cb7c",4
1763041263000,"0adab909-eb8f-4baf-9eed-7a4cc889cb7c",4
1763041293000,"0adab909-eb8f-4baf-9eed-7a4cc889cb7c",3
1763041294000,"0adab909-eb8f-4baf-9eed-7a4cc889cb7c",3
1763041295000,"0adab909-eb8f-4baf-9eed-7a4cc889cb7c",3
1763041299000,"0adab909-eb8f-4baf-9eed-7a4cc889cb7c",3
1763041301000,"0adab909-eb8f-4baf-9eed-7a4cc889cb7c",3
1763041850000,"0adab909-eb8f-4baf-9eed-7a4cc889cb7c",4
1763041953000,"0adab909-eb8f-4baf-9eed-7a4cc889cb7c",4
1763041954000,"0adab909-eb8f-4baf-9eed-7a4cc889cb7c",3
1763041955000,"0adab909-eb8f-4baf-9eed-7a4cc889cb7c",3
1763041956000,"0adab909-eb8f-4baf-9eed-7a4cc889cb7c",4
1763041957000,"0adab909-eb8f-4baf-9eed-7a4cc889cb7c",3
1763041959000,"0adab909-eb8f-4baf-9eed-7a4cc889cb7c",3
1763041963000,"0adab909-eb8f-4baf-9eed-7a4cc889cb7c",3
1763041964000,"0adab909-eb8f-4baf-9eed-7a4cc889cb7c",3
1763041965000,"0adab909-eb8f-4baf-9eed-7a4cc889cb7c",3
1763042451000,"0adab909-eb8f-4baf-9eed-7a4cc889cb7c",4
1763042518000,"0adab909-eb8f-4baf-9eed-7a4cc889cb7c",3
1763042519000,"0adab909-eb8f-4baf-9eed-7a4cc889cb7c",3
1763042520000,"0adab909-eb8f-4baf-9eed-7a4cc889cb7c",3
1763042522000,"0adab909-eb8f-4baf-9eed-7a4cc889cb7c",3
1763042586000,"0adab909-eb8f-4baf-9eed-7a4cc889cb7c",4
1763042589000,"0adab909-eb8f-4baf-9eed-7a4cc889cb7c",4
1763042895000,"0adab909-eb8f-4baf-9eed-7a4cc889cb7c",4
1763043098000,"0adab909-eb8f-4baf-9eed-7a4cc889cb7c",3
1763043099000,"0adab909-eb8f-4baf-9eed-7a4cc889cb7c",3
1763043101000,"0adab909-eb8f-4baf-9eed-7a4cc889cb7c",3
1763043102000,"0adab909-eb8f-4baf-9eed-7a4cc889cb7c",3
1763043107000,"0adab909-eb8f-4baf-9eed-7a4cc889cb7c",3
1763043165000,"0adab909-eb8f-4baf-9eed-7a4cc889cb7c",4
1763043236000,"0adab909-eb8f-4baf-9eed-7a4cc889cb7c",4
1763043659000,"0adab909-eb8f-4baf-9eed-7a4cc889cb7c",4
1763043959000,"0adab909-eb8f-4baf-9eed-7a4cc889cb7c",4
1763043960000,"0adab909-eb8f-4baf-9eed-7a4cc889cb7c",3
1763043962000,"0adab909-eb8f-4baf-9eed-7a4cc889cb7c",3
1763043969000,"0adab909-eb8f-4baf-9eed-7a4cc889cb7c",3
1763044259000,"0adab909-eb8f-4baf-9eed-7a4cc889cb7c",4
1763044559000,"0adab909-eb8f-4baf-9eed-7a4cc889cb7c",4
1763044560000,"0adab909-eb8f-4baf-9eed-7a4cc889cb7c",3
1763044561000,"0adab909-eb8f-4baf-9eed-7a4cc889cb7c",3
1763044567000,"0adab909-eb8f-4baf-9eed-7a4cc889cb7c",3
1763044859000,"0adab909-eb8f-4baf-9eed-7a4cc889cb7c",4
1763044862000,"0adab909-eb8f-4baf-9eed-7a4cc889cb7c",4
1763045159000,"0adab909-eb8f-4baf-9eed-7a4cc889cb7c",4
1763045160000,"0adab909-eb8f-4baf-9eed-7a4cc889cb7c",3
1763045164000,"0adab909-eb8f-4baf-9eed-7a4cc889cb7c",3
1763045661000,"0adab909-eb8f-4baf-9eed-7a4cc889cb7c",3
1763045666000,"0adab909-eb8f-4baf-9eed-7a4cc889cb7c",3
1763045667000,"0adab909-eb8f-4baf-9eed-7a4cc889cb7c",3
1763045961000,"0adab909-eb8f-4baf-9eed-7a4cc889cb7c",4
1763046261000,"0adab909-eb8f-4baf-9eed-7a4cc889cb7c",3
1763046262000,"0adab909-eb8f-4baf-9eed-7a4cc889cb7c",3
1763046263000,"0adab909-eb8f-4baf-9eed-7a4cc889cb7c",3
1763046264000,"0adab909-eb8f-4baf-9eed-7a4cc889cb7c",3
1763046266000,"0adab909-eb8f-4baf-9eed-7a4cc889cb7c",3
1763046269000,"0adab909-eb8f-4baf-9eed-7a4cc889cb7c",3
1763046528000,"0adab909-eb8f-4baf-9eed-7a4cc889cb7c",4
1763046561000,"0adab909-eb8f-4baf-9eed-7a4cc889cb7c",4
1763046672000,"0adab909-eb8f-4baf-9eed-7a4cc889cb7c",3
1763046673000,"0adab909-eb8f-4baf-9eed-7a4cc889cb7c",3
1763046674000,"0adab909-eb8f-4baf-9eed-7a4cc889cb7c",3
1763046675000,"0adab909-eb8f-4baf-9eed-7a4cc889cb7c",3
1763046677000,"0adab909-eb8f-4baf-9eed-7a4cc889cb7c",3
1763046678000,"0adab909-eb8f-4baf-9eed-7a4cc889cb7c",3
1763046679000,"0adab909-eb8f-4baf-9eed-7a4cc889cb7c",3
1763046680000,"0adab909-eb8f-4baf-9eed-7a4cc889cb7c",3
1763046962000,"0adab909-eb8f-4baf-9eed-7a4cc889cb7c",4
1763046991000,"0adab909-eb8f-4baf-9eed-7a4cc889cb7c",1
1763046994000,"0adab909-eb8f-4baf-9eed-7a4cc889cb7c",1
1763047002000,"0adab909-eb8f-4baf-9eed-7a4cc889cb7c",4
1763047016000,"0adab909-eb8f-4baf-9eed-7a4cc889cb7c",1
1763047155000,"0adab909-eb8f-4baf-9eed-7a4cc889cb7c",4
1763047160000,"0adab909-eb8f-4baf-9eed-7a4cc889cb7c",4
1763047165000,"0adab909-eb8f-4baf-9eed-7a4cc889cb7c",4
1763047171000,"0adab909-eb8f-4baf-9eed-7a4cc889cb7c",4
1763047176000,"0adab909-eb8f-4baf-9eed-7a4cc889cb7c",4
1763047181000,"0adab909-eb8f-4baf-9eed-7a4cc889cb7c",4
1763047186000,"0adab909-eb8f-4baf-9eed-7a4cc889cb7c",4
1763047192000,"0adab909-eb8f-4baf-9eed-7a4cc889cb7c",4
1763047197000,"0adab909-eb8f-4baf-9eed-7a4cc889cb7c",4
1763047202000,"0adab909-eb8f-4baf-9eed-7a4cc889cb7c",4
1763047207000,"0adab909-eb8f-4baf-9eed-7a4cc889cb7c",4
1763047213000,"0adab909-eb8f-4baf-9eed-7a4cc889cb7c",4
1763047218000,"0adab909-eb8f-4baf-9eed-7a4cc889cb7c",4
1763047223000,"0adab909-eb8f-4baf-9eed-7a4cc889cb7c",4
1763047228000,"0adab909-eb8f-4baf-9eed-7a4cc889cb7c",4
1763047234000,"0adab909-eb8f-4baf-9eed-7a4cc889cb7c",4
1763047239000,"0adab909-eb8f-4baf-9eed-7a4cc889cb7c",4
1763047244000,"0adab909-eb8f-4baf-9eed-7a4cc889cb7c",4
1763047249000,"0adab909-eb8f-4baf-9eed-7a4cc889cb7c",4
1763047255000,"0adab909-eb8f-4baf-9eed-7a4cc889cb7c",4
1763047260000,"0adab909-eb8f-4baf-9eed-7a4cc889cb7c",4
1763047265000,"0adab909-eb8f-4baf-9eed-7a4cc889cb7c",4
1763047271000,"0adab909-eb8f-4baf-9eed-7a4cc889cb7c",4
1763047276000,"0adab909-eb8f-4baf-9eed-7a4cc889cb7c",4
1763047281000,"0adab909-eb8f-4baf-9eed-7a4cc889cb7c",4
1763047286000,"0adab909-eb8f-4baf-9eed-7a4cc889cb7c",4
1763047291000,"0adab909-eb8f-4baf-9eed-7a4cc889cb7c",4
1763047297000,"0adab909-eb8f-4baf-9eed-7a4cc889cb7c",4
1763047302000,"0adab909-eb8f-4baf-9eed-7a4cc889cb7c",4
1763047307000,"0adab909-eb8f-4baf-9eed-7a4cc889cb7c",4
1763047312000,"0adab909-eb8f-4baf-9eed-7a4cc889cb7c",4
1763047314000,"0adab909-eb8f-4baf-9eed-7a4cc889cb7c",1
1763047317000,"0adab909-eb8f-4baf-9eed-7a4cc889cb7c",1
1763047331000,"0adab909-eb8f-4baf-9eed-7a4cc889cb7c",1
1763047332000,"0adab909-eb8f-4baf-9eed-7a4cc889cb7c",1
1763047334000,"0adab909-eb8f-4baf-9eed-7a4cc889cb7c",4
1763047342000,"0adab909-eb8f-4baf-9eed-7a4cc889cb7c",4
1763047357000,"0adab909-eb8f-4baf-9eed-7a4cc889cb7c",3
1763047358000,"0adab909-eb8f-4baf-9eed-7a4cc889cb7c",3
1763047359000,"0adab909-eb8f-4baf-9eed-7a4cc889cb7c",3
1763047360000,"0adab909-eb8f-4baf-9eed-7a4cc889cb7c",3
1763047361000,"0adab909-eb8f-4baf-9eed-7a4cc889cb7c",3
1763047362000,"0adab909-eb8f-4baf-9eed-7a4cc889cb7c",3
1763047364000,"0adab909-eb8f-4baf-9eed-7a4cc889cb7c",3
1763047365000,"0adab909-eb8f-4baf-9eed-7a4cc889cb7c",3
1763047367000,"0adab909-eb8f-4baf-9eed-7a4cc889cb7c",3
1763047368000,"0adab909-eb8f-4baf-9eed-7a4cc889cb7c",3
1763047377000,"0adab909-eb8f-4baf-9eed-7a4cc889cb7c",3
1763047378000,"0adab909-eb8f-4baf-9eed-7a4cc889cb7c",3
1763047379000,"0adab909-eb8f-4baf-9eed-7a4cc889cb7c",3
1763047471000,"0adab909-eb8f-4baf-9eed-7a4cc889cb7c",4
1763047473000,"0adab909-eb8f-4baf-9eed-7a4cc889cb7c",4
1763047478000,"0adab909-eb8f-4baf-9eed-7a4cc889cb7c",4
1763047482000,"0adab909-eb8f-4baf-9eed-7a4cc889cb7c",4
1763047486000,"0adab909-eb8f-4baf-9eed-7a4cc889cb7c",4
1763047496000,"0adab909-eb8f-4baf-9eed-7a4cc889cb7c",4
1763047516000,"0adab909-eb8f-4baf-9eed-7a4cc889cb7c",4
1763047540000,"0adab909-eb8f-4baf-9eed-7a4cc889cb7c",2
1763047556000,"0adab909-eb8f-4baf-9eed-7a4cc889cb7c",4
1763047636000,"0adab909-eb8f-4baf-9eed-7a4cc889cb7c",4
1763047670000,"0adab909-eb8f-4baf-9eed-7a4cc889cb7c",4
1763047733000,"0adab909-eb8f-4baf-9eed-7a4cc889cb7c",2
1763047736000,"0adab909-eb8f-4baf-9eed-7a4cc889cb7c",4
1763047796000,"0adab909-eb8f-4baf-9eed-7a4cc889cb7c",4
1763047911000,"0adab909-eb8f-4baf-9eed-7a4cc889cb7c",2
1763047919000,"0adab909-eb8f-4baf-9eed-7a4cc889cb7c",3
1763047921000,"0adab909-eb8f-4baf-9eed-7a4cc889cb7c",3
1763047922000,"0adab909-eb8f-4baf-9eed-7a4cc889cb7c",3
1763047923000,"0adab909-eb8f-4baf-9eed-7a4cc889cb7c",3
1763047924000,"0adab909-eb8f-4baf-9eed-7a4cc889cb7c",3
1763047925000,"0adab909-eb8f-4baf-9eed-7a4cc889cb7c",3
1763047926000,"0adab909-eb8f-4baf-9eed-7a4cc889cb7c",3
1763047927000,"0adab909-eb8f-4baf-9eed-7a4cc889cb7c",3
1763047929000,"0adab909-eb8f-4baf-9eed-7a4cc889cb7c",3
1763047931000,"0adab909-eb8f-4baf-9eed-7a4cc889cb7c",3
1763047945000,"0adab909-eb8f-4baf-9eed-7a4cc889cb7c",3
1763047946000,"0adab909-eb8f-4baf-9eed-7a4cc889cb7c",3
1763047947000,"0adab909-eb8f-4baf-9eed-7a4cc889cb7c",3
1763047948000,"0adab909-eb8f-4baf-9eed-7a4cc889cb7c",3
1763047956000,"0adab909-eb8f-4baf-9eed-7a4cc889cb7c",4
1763047989000,"0adab909-eb8f-4baf-9eed-7a4cc889cb7c",4
1763048116000,"0adab909-eb8f-4baf-9eed-7a4cc889cb7c",4
1763048146000,"0adab909-eb8f-4baf-9eed-7a4cc889cb7c",2
1763048149000,"0adab909-eb8f-4baf-9eed-7a4cc889cb7c",4
1763048222000,"0adab909-eb8f-4baf-9eed-7a4cc889cb7c",4
1763048276000,"0adab909-eb8f-4baf-9eed-7a4cc889cb7c",4
1763048521000,"0adab909-eb8f-4baf-9eed-7a4cc889cb7c",3
1763048525000,"0adab909-eb8f-4baf-9eed-7a4cc889cb7c",4
1763048533000,"0adab909-eb8f-4baf-9eed-7a4cc889cb7c",3
1763048566000,"0adab909-eb8f-4baf-9eed-7a4cc889cb7c",1
1763048633000,"0adab909-eb8f-4baf-9eed-7a4cc889cb7c",1
1763048634000,"0adab909-eb8f-4baf-9eed-7a4cc889cb7c",1
1763048794000,"0adab909-eb8f-4baf-9eed-7a4cc889cb7c",4
1763048978000,"0adab909-eb8f-4baf-9eed-7a4cc889cb7c",4
1763049074000,"0adab909-eb8f-4baf-9eed-7a4cc889cb7c",3
1763049077000,"0adab909-eb8f-4baf-9eed-7a4cc889cb7c",4
1763049088000,"0adab909-eb8f-4baf-9eed-7a4cc889cb7c",3
1763049416000,"0adab909-eb8f-4baf-9eed-7a4cc889cb7c",4
1763049444000,"0adab909-eb8f-4baf-9eed-7a4cc889cb7c",1
1763049620000,"0adab909-eb8f-4baf-9eed-7a4cc889cb7c",4
1763049683000,"0adab909-eb8f-4baf-9eed-7a4cc889cb7c",3
1763049688000,"0adab909-eb8f-4baf-9eed-7a4cc889cb7c",4
1763050196000,"0adab909-eb8f-4baf-9eed-7a4cc889cb7c",4
1763050492000,"0adab909-eb8f-4baf-9eed-7a4cc889cb7c",3
1763050496000,"0adab909-eb8f-4baf-9eed-7a4cc889cb7c",4
1763050500000,"0adab909-eb8f-4baf-9eed-7a4cc889cb7c",4
1763050797000,"0adab909-eb8f-4baf-9eed-7a4cc889cb7c",4
1763051092000,"0adab909-eb8f-4baf-9eed-7a4cc889cb7c",3
1763051096000,"0adab909-eb8f-4baf-9eed-7a4cc889cb7c",4
1763051310000,"0adab909-eb8f-4baf-9eed-7a4cc889cb7c",4
1763051315000,"0adab909-eb8f-4baf-9eed-7a4cc889cb7c",4
1763051491000,"0adab909-eb8f-4baf-9eed-7a4cc889cb7c",1
1763051495000,"0adab909-eb8f-4baf-9eed-7a4cc889cb7c",1
1763051605000,"0adab909-eb8f-4baf-9eed-7a4cc889cb7c",3
1763051608000,"0adab909-eb8f-4baf-9eed-7a4cc889cb7c",4
1763051616000,"0adab909-eb8f-4baf-9eed-7a4cc889cb7c",3
1763051617000,"0adab909-eb8f-4baf-9eed-7a4cc889cb7c",3
1763051619000,"0adab909-eb8f-4baf-9eed-7a4cc889cb7c",1
1763051713000,"0adab909-eb8f-4baf-9eed-7a4cc889cb7c",4
1763051941000,"0adab909-eb8f-4baf-9eed-7a4cc889cb7c",4
1763052009000,"0adab909-eb8f-4baf-9eed-7a4cc889cb7c",4
1763052020000,"0adab909-eb8f-4baf-9eed-7a4cc889cb7c",1
1763052022000,"0adab909-eb8f-4baf-9eed-7a4cc889cb7c",1
1763052072000,"0adab909-eb8f-4baf-9eed-7a4cc889cb7c",3
1763052086000,"0adab909-eb8f-4baf-9eed-7a4cc889cb7c",3
1763052087000,"0adab909-eb8f-4baf-9eed-7a4cc889cb7c",3
1763052154000,"0adab909-eb8f-4baf-9eed-7a4cc889cb7c",1
1763052529000,"0adab909-eb8f-4baf-9eed-7a4cc889cb7c",4
1763052674000,"0adab909-eb8f-4baf-9eed-7a4cc889cb7c",1
1763052676000,"0adab909-eb8f-4baf-9eed-7a4cc889cb7c",1
1763052680000,"0adab909-eb8f-4baf-9eed-7a4cc889cb7c",4
1763052822000,"0adab909-eb8f-4baf-9eed-7a4cc889cb7c",3
1763052826000,"0adab909-eb8f-4baf-9eed-7a4cc889cb7c",4
1763052827000,"0adab909-eb8f-4baf-9eed-7a4cc889cb7c",1
1763052828000,"0adab909-eb8f-4baf-9eed-7a4cc889cb7c",1
1763052953000,"0adab909-eb8f-4baf-9eed-7a4cc889cb7c",4
1763053177000,"0adab909-eb8f-4baf-9eed-7a4cc889cb7c",4
1763053236000,"0adab909-eb8f-4baf-9eed-7a4cc889cb7c",1
1763053238000,"0adab909-eb8f-4baf-9eed-7a4cc889cb7c",1
1763053428000,"0adab909-eb8f-4baf-9eed-7a4cc889cb7c",1
1763053479000,"0adab909-eb8f-4baf-9eed-7a4cc889cb7c",3
1763053484000,"0adab909-eb8f-4baf-9eed-7a4cc889cb7c",4
1763053783000,"0adab909-eb8f-4baf-9eed-7a4cc889cb7c",4
1763053844000,"0adab909-eb8f-4baf-9eed-7a4cc889cb7c",1
1763053847000,"0adab909-eb8f-4baf-9eed-7a4cc889cb7c",1
1763054022000,"0adab909-eb8f-4baf-9eed-7a4cc889cb7c",1
1763054079000,"0adab909-eb8f-4baf-9eed-7a4cc889cb7c",3
1763054083000,"0adab909-eb8f-4baf-9eed-7a4cc889cb7c",4
1763054147000,"0adab909-eb8f-4baf-9eed-7a4cc889cb7c",4
1763054383000,"0adab909-eb8f-4baf-9eed-7a4cc889cb7c",4
1763054547000,"0adab909-eb8f-4baf-9eed-7a4cc889cb7c",1
1763054549000,"0adab909-eb8f-4baf-9eed-7a4cc889cb7c",1
1763054651000,"0adab909-eb8f-4baf-9eed-7a4cc889cb7c",1
1763054679000,"0adab909-eb8f-4baf-9eed-7a4cc889cb7c",3
1763054682000,"0adab909-eb8f-4baf-9eed-7a4cc889cb7c",3
1763054683000,"0adab909-eb8f-4baf-9eed-7a4cc889cb7c",4
1763054776000,"0adab909-eb8f-4baf-9eed-7a4cc889cb7c",4
1763054780000,"0adab909-eb8f-4baf-9eed-7a4cc889cb7c",4
1763055007000,"0adab909-eb8f-4baf-9eed-7a4cc889cb7c",4
1763055107000,"0adab909-eb8f-4baf-9eed-7a4cc889cb7c",1
1763055110000,"0adab909-eb8f-4baf-9eed-7a4cc889cb7c",1
1763055222000,"0adab909-eb8f-4baf-9eed-7a4cc889cb7c",1
1763055223000,"0adab909-eb8f-4baf-9eed-7a4cc889cb7c",1
1763055304000,"0adab909-eb8f-4baf-9eed-7a4cc889cb7c",3
1763055307000,"0adab909-eb8f-4baf-9eed-7a4cc889cb7c",4
1763055545000,"0adab909-eb8f-4baf-9eed-7a4cc889cb7c",4
1763055607000,"0adab909-eb8f-4baf-9eed-7a4cc889cb7c",4
1763055875000,"0adab909-eb8f-4baf-9eed-7a4cc889cb7c",1
1763055877000,"0adab909-eb8f-4baf-9eed-7a4cc889cb7c",1
1763055902000,"0adab909-eb8f-4baf-9eed-7a4cc889cb7c",3
1763055904000,"0adab909-eb8f-4baf-9eed-7a4cc889cb7c",3
1763055905000,"0adab909-eb8f-4baf-9eed-7a4cc889cb7c",4
1763055915000,"0adab909-eb8f-4baf-9eed-7a4cc889cb7c",3
1763055916000,"0adab909-eb8f-4baf-9eed-7a4cc889cb7c",3
1763056206000,"0adab909-eb8f-4baf-9eed-7a4cc889cb7c",4
1763056289000,"0adab909-eb8f-4baf-9eed-7a4cc889cb7c",3
1763056290000,"0adab909-eb8f-4baf-9eed-7a4cc889cb7c",3
1763056292000,"0adab909-eb8f-4baf-9eed-7a4cc889cb7c",4
1763056302000,"0adab909-eb8f-4baf-9eed-7a4cc889cb7c",3
1763056303000,"0adab909-eb8f-4baf-9eed-7a4cc889cb7c",3
1763056585000,"0adab909-eb8f-4baf-9eed-7a4cc889cb7c",4
1763056855000,"0adab909-eb8f-4baf-9eed-7a4cc889cb7c",4
1763056920000,"0adab909-eb8f-4baf-9eed-7a4cc889cb7c",3
1763056921000,"0adab909-eb8f-4baf-9eed-7a4cc889cb7c",3
1763056922000,"0adab909-eb8f-4baf-9eed-7a4cc889cb7c",3
1763056923000,"0adab909-eb8f-4baf-9eed-7a4cc889cb7c",4
1763056927000,"0adab909-eb8f-4baf-9eed-7a4cc889cb7c",3
1763056929000,"0adab909-eb8f-4baf-9eed-7a4cc889cb7c",3
1763056932000,"0adab909-eb8f-4baf-9eed-7a4cc889cb7c",3
1763056933000,"0adab909-eb8f-4baf-9eed-7a4cc889cb7c",3
1763057193000,"0adab909-eb8f-4baf-9eed-7a4cc889cb7c",4
1763057515000,"0adab909-eb8f-4baf-9eed-7a4cc889cb7c",4
1763057692000,"0adab909-eb8f-4baf-9eed-7a4cc889cb7c",3
1763057693000,"0adab909-eb8f-4baf-9eed-7a4cc889cb7c",3
1763057695000,"0adab909-eb8f-4baf-9eed-7a4cc889cb7c",4
1763057698000,"0adab909-eb8f-4baf-9eed-7a4cc889cb7c",3
1763057704000,"0adab909-eb8f-4baf-9eed-7a4cc889cb7c",3
1763057705000,"0adab909-eb8f-4baf-9eed-7a4cc889cb7c",3
1763057985000,"0adab909-eb8f-4baf-9eed-7a4cc889cb7c",1
1763057997000,"0adab909-eb8f-4baf-9eed-7a4cc889cb7c",4
1763058107000,"0adab909-eb8f-4baf-9eed-7a4cc889cb7c",3
1763058109000,"0adab909-eb8f-4baf-9eed-7a4cc889cb7c",3
1763058112000,"0adab909-eb8f-4baf-9eed-7a4cc889cb7c",4
1763058179000,"0adab909-eb8f-4baf-9eed-7a4cc889cb7c",4
1763058320000,"0adab909-eb8f-4baf-9eed-7a4cc889cb7c",4
1763058385000,"0adab909-eb8f-4baf-9eed-7a4cc889cb7c",4
1763058732000,"0adab909-eb8f-4baf-9eed-7a4cc889cb7c",3
1763058733000,"0adab909-eb8f-4baf-9eed-7a4cc889cb7c",3
1763058736000,"0adab909-eb8f-4baf-9eed-7a4cc889cb7c",4
1763059024000,"0adab909-eb8f-4baf-9eed-7a4cc889cb7c",4
1763059029000,"0adab909-eb8f-4baf-9eed-7a4cc889cb7c",4
1763059340000,"0adab909-eb8f-4baf-9eed-7a4cc889cb7c",3
1763059344000,"0adab909-eb8f-4baf-9eed-7a4cc889cb7c",4
1763059612000,"0adab909-eb8f-4baf-9eed-7a4cc889cb7c",4
1763059681000,"0adab909-eb8f-4baf-9eed-7a4cc889cb7c",4
1763059971000,"0adab909-eb8f-4baf-9eed-7a4cc889cb7c",3
1763060207000,"0adab909-eb8f-4baf-9eed-7a4cc889cb7c",4
1763060274000,"0adab909-eb8f-4baf-9eed-7a4cc889cb7c",4
1763060342000,"0adab909-eb8f-4baf-9eed-7a4cc889cb7c",4
1763060450000,"0adab909-eb8f-4baf-9eed-7a4cc889cb7c",1
1763060452000,"0adab909-eb8f-4baf-9eed-7a4cc889cb7c",1
1763060474000,"0adab909-eb8f-4baf-9eed-7a4cc889cb7c",3
1763060485000,"0adab909-eb8f-4baf-9eed-7a4cc889cb7c",3
1763060543000,"0adab909-eb8f-4baf-9eed-7a4cc889cb7c",4
1763060814000,"0adab909-eb8f-4baf-9eed-7a4cc889cb7c",4
1763060949000,"0adab909-eb8f-4baf-9eed-7a4cc889cb7c",4
1763060983000,"0adab909-eb8f-4baf-9eed-7a4cc889cb7c",1
1763061082000,"0adab909-eb8f-4baf-9eed-7a4cc889cb7c",3
1763061083000,"0adab909-eb8f-4baf-9eed-7a4cc889cb7c",3
1763061338000,"0adab909-eb8f-4baf-9eed-7a4cc889cb7c",4
1763061638000,"0adab909-eb8f-4baf-9eed-7a4cc889cb7c",4
1763061933000,"0adab909-eb8f-4baf-9eed-7a4cc889cb7c",3
1763061934000,"0adab909-eb8f-4baf-9eed-7a4cc889cb7c",3
1763061938000,"0adab909-eb8f-4baf-9eed-7a4cc889cb7c",4
1763062256000,"0adab909-eb8f-4baf-9eed-7a4cc889cb7c",4
1763062261000,"0adab909-eb8f-4baf-9eed-7a4cc889cb7c",4
1763062552000,"0adab909-eb8f-4baf-9eed-7a4cc889cb7c",3
1763062553000,"0adab909-eb8f-4baf-9eed-7a4cc889cb7c",3
1763062554000,"0adab909-eb8f-4baf-9eed-7a4cc889cb7c",3
1763062556000,"0adab909-eb8f-4baf-9eed-7a4cc889cb7c",4
1763062857000,"0adab909-eb8f-4baf-9eed-7a4cc889cb7c",4
1763062866000,"0adab909-eb8f-4baf-9eed-7a4cc889cb7c",4
1763062875000,"0adab909-eb8f-4baf-9eed-7a4cc889cb7c",1
1763062878000,"0adab909-eb8f-4baf-9eed-7a4cc889cb7c",1
1763063152000,"0adab909-eb8f-4baf-9eed-7a4cc889cb7c",3
1763063155000,"0adab909-eb8f-4baf-9eed-7a4cc889cb7c",4
1763063156000,"0adab909-eb8f-4baf-9eed-7a4cc889cb7c",3
1763063164000,"0adab909-eb8f-4baf-9eed-7a4cc889cb7c",3
1763063330000,"0adab909-eb8f-4baf-9eed-7a4cc889cb7c",1
1763063455000,"0adab909-eb8f-4baf-9eed-7a4cc889cb7c",4
1763063705000,"0adab909-eb8f-4baf-9eed-7a4cc889cb7c",4
1763063751000,"0adab909-eb8f-4baf-9eed-7a4cc889cb7c",3
1763063753000,"0adab909-eb8f-4baf-9eed-7a4cc889cb7c",3
1763063754000,"0adab909-eb8f-4baf-9eed-7a4cc889cb7c",3
1763063756000,"0adab909-eb8f-4baf-9eed-7a4cc889cb7c",4
1763064004000,"0adab909-eb8f-4baf-9eed-7a4cc889cb7c",4
1763064039000,"0adab909-eb8f-4baf-9eed-7a4cc889cb7c",1
1763064042000,"0adab909-eb8f-4baf-9eed-7a4cc889cb7c",1
1763064230000,"0adab909-eb8f-4baf-9eed-7a4cc889cb7c",3
1763064231000,"0adab909-eb8f-4baf-9eed-7a4cc889cb7c",3
1763064233000,"0adab909-eb8f-4baf-9eed-7a4cc889cb7c",4
1763064237000,"0adab909-eb8f-4baf-9eed-7a4cc889cb7c",3
1763064244000,"0adab909-eb8f-4baf-9eed-7a4cc889cb7c",3
1763064245000,"0adab909-eb8f-4baf-9eed-7a4cc889cb7c",3
1763064311000,"0adab909-eb8f-4baf-9eed-7a4cc889cb7c",1
1763064436000,"0adab909-eb8f-4baf-9eed-7a4cc889cb7c",4
1763064441000,"0adab909-eb8f-4baf-9eed-7a4cc889cb7c",4
1763064833000,"0adab909-eb8f-4baf-9eed-7a4cc889cb7c",3
1763064834000,"0adab909-eb8f-4baf-9eed-7a4cc889cb7c",3
1763064835000,"0adab909-eb8f-4baf-9eed-7a4cc889cb7c",3
1763064836000,"0adab909-eb8f-4baf-9eed-7a4cc889cb7c",4
1763064922000,"0adab909-eb8f-4baf-9eed-7a4cc889cb7c",1
1763064924000,"0adab909-eb8f-4baf-9eed-7a4cc889cb7c",1
1763065063000,"0adab909-eb8f-4baf-9eed-7a4cc889cb7c",4
1763065083000,"0adab909-eb8f-4baf-9eed-7a4cc889cb7c",1
1763065377000,"0adab909-eb8f-4baf-9eed-7a4cc889cb7c",1
1763065379000,"0adab909-eb8f-4baf-9eed-7a4cc889cb7c",1
1763065430000,"0adab909-eb8f-4baf-9eed-7a4cc889cb7c",3
1763065432000,"0adab909-eb8f-4baf-9eed-7a4cc889cb7c",3
1763065433000,"0adab909-eb8f-4baf-9eed-7a4cc889cb7c",4
1763065443000,"0adab909-eb8f-4baf-9eed-7a4cc889cb7c",3
1763065444000,"0adab909-eb8f-4baf-9eed-7a4cc889cb7c",3
1763065479000,"0adab909-eb8f-4baf-9eed-7a4cc889cb7c",1
1763065605000,"0adab909-eb8f-4baf-9eed-7a4cc889cb7c",4
1763065732000,"0adab909-eb8f-4baf-9eed-7a4cc889cb7c",1
1763065734000,"0adab909-eb8f-4baf-9eed-7a4cc889cb7c",1
1763065741000,"0adab909-eb8f-4baf-9eed-7a4cc889cb7c",4
1763066031000,"0adab909-eb8f-4baf-9eed-7a4cc889cb7c",3
1763066033000,"0adab909-eb8f-4baf-9eed-7a4cc889cb7c",3
1763066034000,"0adab909-eb8f-4baf-9eed-7a4cc889cb7c",3
1763066045000,"0adab909-eb8f-4baf-9eed-7a4cc889cb7c",3
1763066047000,"0adab909-eb8f-4baf-9eed-7a4cc889cb7c",3
1763066282000,"0adab909-eb8f-4baf-9eed-7a4cc889cb7c",4
1763066500000,"0adab909-eb8f-4baf-9eed-7a4cc889cb7c",4
1763066632000,"0adab909-eb8f-4baf-9eed-7a4cc889cb7c",3
1763066634000,"0adab909-eb8f-4baf-9eed-7a4cc889cb7c",4
1763066638000,"0adab909-eb8f-4baf-9eed-7a4cc889cb7c",3
1763066644000,"0adab909-eb8f-4baf-9eed-7a4cc889cb7c",3
1763066934000,"0adab909-eb8f-4baf-9eed-7a4cc889cb7c",4
1763067231000,"0adab909-eb8f-4baf-9eed-7a4cc889cb7c",3
1763067232000,"0adab909-eb8f-4baf-9eed-7a4cc889cb7c",3
1763067234000,"0adab909-eb8f-4baf-9eed-7a4cc889cb7c",4
1763067238000,"0adab909-eb8f-4baf-9eed-7a4cc889cb7c",4
1763067244000,"0adab909-eb8f-4baf-9eed-7a4cc889cb7c",3
1763067246000,"0adab909-eb8f-4baf-9eed-7a4cc889cb7c",3
1763067534000,"0adab909-eb8f-4baf-9eed-7a4cc889cb7c",4
1763067706000,"0adab909-eb8f-4baf-9eed-7a4cc889cb7c",3
1763067707000,"0adab909-eb8f-4baf-9eed-7a4cc889cb7c",3
1763067710000,"0adab909-eb8f-4baf-9eed-7a4cc889cb7c",4
1763067715000,"0adab909-eb8f-4baf-9eed-7a4cc889cb7c",3
1763067719000,"0adab909-eb8f-4baf-9eed-7a4cc889cb7c",3
1763067720000,"0adab909-eb8f-4baf-9eed-7a4cc889cb7c",3
1763067845000,"0adab909-eb8f-4baf-9eed-7a4cc889cb7c",4
1763067934000,"0adab909-eb8f-4baf-9eed-7a4cc889cb7c",4
1763068431000,"0adab909-eb8f-4baf-9eed-7a4cc889cb7c",3
1763068434000,"0adab909-eb8f-4baf-9eed-7a4cc889cb7c",4
1763068444000,"0adab909-eb8f-4baf-9eed-7a4cc889cb7c",3
1763068594000,"0adab909-eb8f-4baf-9eed-7a4cc889cb7c",4
1763069031000,"0adab909-eb8f-4baf-9eed-7a4cc889cb7c",3
1763069032000,"0adab909-eb8f-4baf-9eed-7a4cc889cb7c",3
1763069033000,"0adab909-eb8f-4baf-9eed-7a4cc889cb7c",3
1763069035000,"0adab909-eb8f-4baf-9eed-7a4cc889cb7c",4
1763069045000,"0adab909-eb8f-4baf-9eed-7a4cc889cb7c",3
1763069257000,"0adab909-eb8f-4baf-9eed-7a4cc889cb7c",4
1763069334000,"0adab909-eb8f-4baf-9eed-7a4cc889cb7c",4
1763069633000,"0adab909-eb8f-4baf-9eed-7a4cc889cb7c",3
1763069636000,"0adab909-eb8f-4baf-9eed-7a4cc889cb7c",3
1763069644000,"0adab909-eb8f-4baf-9eed-7a4cc889cb7c",3
1763069645000,"0adab909-eb8f-4baf-9eed-7a4cc889cb7c",3
1763069781000,"0adab909-eb8f-4baf-9eed-7a4cc889cb7c",1
1763069782000,"0adab909-eb8f-4baf-9eed-7a4cc889cb7c",4
1763069798000,"0adab909-eb8f-4baf-9eed-7a4cc889cb7c",4
1763069904000,"0adab909-eb8f-4baf-9eed-7a4cc889cb7c",4
1763070231000,"0adab909-eb8f-4baf-9eed-7a4cc889cb7c",4
1763070232000,"0adab909-eb8f-4baf-9eed-7a4cc889cb7c",3
1763070233000,"0adab909-eb8f-4baf-9eed-7a4cc889cb7c",3
1763070241000,"0adab909-eb8f-4baf-9eed-7a4cc889cb7c",3
1763070531000,"0adab909-eb8f-4baf-9eed-7a4cc889cb7c",4
1763070534000,"0adab909-eb8f-4baf-9eed-7a4cc889cb7c",4
1763070832000,"0adab909-eb8f-4baf-9eed-7a4cc889cb7c",4
1763070833000,"0adab909-eb8f-4baf-9eed-7a4cc889cb7c",3
1763070835000,"0adab909-eb8f-4baf-9eed-7a4cc889cb7c",3
1763070837000,"0adab909-eb8f-4baf-9eed-7a4cc889cb7c",3
1763071131000,"0adab909-eb8f-4baf-9eed-7a4cc889cb7c",4
1763071432000,"0adab909-eb8f-4baf-9eed-7a4cc889cb7c",4
1763071433000,"0adab909-eb8f-4baf-9eed-7a4cc889cb7c",3
1763071435000,"0adab909-eb8f-4baf-9eed-7a4cc889cb7c",3
1763071444000,"0adab909-eb8f-4baf-9eed-7a4cc889cb7c",3
1763071642000,"0adab909-eb8f-4baf-9eed-7a4cc889cb7c",4
1763071964000,"0adab909-eb8f-4baf-9eed-7a4cc889cb7c",4
1763071966000,"0adab909-eb8f-4baf-9eed-7a4cc889cb7c",3
1763071969000,"0adab909-eb8f-4baf-9eed-7a4cc889cb7c",3
1763071971000,"0adab909-eb8f-4baf-9eed-7a4cc889cb7c",3
1763072152000,"0adab909-eb8f-4baf-9eed-7a4cc889cb7c",4
1763072155000,"0adab909-eb8f-4baf-9eed-7a4cc889cb7c",4
1763072564000,"0adab909-eb8f-4baf-9eed-7a4cc889cb7c",4
1763072565000,"0adab909-eb8f-4baf-9eed-7a4cc889cb7c",3
1763072864000,"0adab909-eb8f-4baf-9eed-7a4cc889cb7c",4
1763072867000,"0adab909-eb8f-4baf-9eed-7a4cc889cb7c",4
1763073164000,"0adab909-eb8f-4baf-9eed-7a4cc889cb7c",4
1763073165000,"0adab909-eb8f-4baf-9eed-7a4cc889cb7c",3
1763073177000,"0adab909-eb8f-4baf-9eed-7a4cc889cb7c",3
1763073503000,"0adab909-eb8f-4baf-9eed-7a4cc889cb7c",4
1763073506000,"0adab909-eb8f-4baf-9eed-7a4cc889cb7c",4
1763073975000,"0adab909-eb8f-4baf-9eed-7a4cc889cb7c",3
1763074275000,"0adab909-eb8f-4baf-9eed-7a4cc889cb7c",4
1763074276000,"0adab909-eb8f-4baf-9eed-7a4cc889cb7c",3
1763074278000,"0adab909-eb8f-4baf-9eed-7a4cc889cb7c",3
1763074575000,"0adab909-eb8f-4baf-9eed-7a4cc889cb7c",4
1763074875000,"0adab909-eb8f-4baf-9eed-7a4cc889cb7c",4
1763074876000,"0adab909-eb8f-4baf-9eed-7a4cc889cb7c",3
1763074878000,"0adab909-eb8f-4baf-9eed-7a4cc889cb7c",3
1763075175000,"0adab909-eb8f-4baf-9eed-7a4cc889cb7c",4
1763075407000,"0adab909-eb8f-4baf-9eed-7a4cc889cb7c",4
1763075707000,"0adab909-eb8f-4baf-9eed-7a4cc889cb7c",4
1763075708000,"0adab909-eb8f-4baf-9eed-7a4cc889cb7c",3
1763075711000,"0adab909-eb8f-4baf-9eed-7a4cc889cb7c",3
1763076090000,"0adab909-eb8f-4baf-9eed-7a4cc889cb7c",4
1763076307000,"0adab909-eb8f-4baf-9eed-7a4cc889cb7c",4
1763076308000,"0adab909-eb8f-4baf-9eed-7a4cc889cb7c",3
1763076314000,"0adab909-eb8f-4baf-9eed-7a4cc889cb7c",3
1763076607000,"0adab909-eb8f-4baf-9eed-7a4cc889cb7c",4
1763076907000,"0adab909-eb8f-4baf-9eed-7a4cc889cb7c",3
1763076908000,"0adab909-eb8f-4baf-9eed-7a4cc889cb7c",3
1763076909000,"0adab909-eb8f-4baf-9eed-7a4cc889cb7c",3
1763077126000,"0adab909-eb8f-4baf-9eed-7a4cc889cb7c",4
1763077347000,"0adab909-eb8f-4baf-9eed-7a4cc889cb7c",4
1763077349000,"0adab909-eb8f-4baf-9eed-7a4cc889cb7c",3
1763077351000,"0adab909-eb8f-4baf-9eed-7a4cc889cb7c",3
1763077353000,"0adab909-eb8f-4baf-9eed-7a4cc889cb7c",3
1763077647000,"0adab909-eb8f-4baf-9eed-7a4cc889cb7c",4
1763077947000,"0adab909-eb8f-4baf-9eed-7a4cc889cb7c",4
1763077948000,"0adab909-eb8f-4baf-9eed-7a4cc889cb7c",3
1763077960000,"0adab909-eb8f-4baf-9eed-7a4cc889cb7c",3
1763078247000,"0adab909-eb8f-4baf-9eed-7a4cc889cb7c",4
1763078547000,"0adab909-eb8f-4baf-9eed-7a4cc889cb7c",4
1763078548000,"0adab909-eb8f-4baf-9eed-7a4cc889cb7c",3
1763078549000,"0adab909-eb8f-4baf-9eed-7a4cc889cb7c",3
1763078847000,"0adab909-eb8f-4baf-9eed-7a4cc889cb7c",4
1763079351000,"0adab909-eb8f-4baf-9eed-7a4cc889cb7c",4
1763079352000,"0adab909-eb8f-4baf-9eed-7a4cc889cb7c",3
1763079652000,"0adab909-eb8f-4baf-9eed-7a4cc889cb7c",4
1763079952000,"0adab909-eb8f-4baf-9eed-7a4cc889cb7c",3
1763079957000,"0adab909-eb8f-4baf-9eed-7a4cc889cb7c",3
1763080252000,"0adab909-eb8f-4baf-9eed-7a4cc889cb7c",4
1763080552000,"0adab909-eb8f-4baf-9eed-7a4cc889cb7c",4
1763080553000,"0adab909-eb8f-4baf-9eed-7a4cc889cb7c",3
1763080556000,"0adab909-eb8f-4baf-9eed-7a4cc889cb7c",3
1763080852000,"0adab909-eb8f-4baf-9eed-7a4cc889cb7c",4
1763081084000,"0adab909-eb8f-4baf-9eed-7a4cc889cb7c",4
1763081085000,"0adab909-eb8f-4baf-9eed-7a4cc889cb7c",3
1763081095000,"0adab909-eb8f-4baf-9eed-7a4cc889cb7c",3
1763081384000,"0adab909-eb8f-4baf-9eed-7a4cc889cb7c",4
1763081684000,"0adab909-eb8f-4baf-9eed-7a4cc889cb7c",4
1763081685000,"0adab909-eb8f-4baf-9eed-7a4cc889cb7c",3
1763081984000,"0adab909-eb8f-4baf-9eed-7a4cc889cb7c",4
1763082284000,"0adab909-eb8f-4baf-9eed-7a4cc889cb7c",4
1763082285000,"0adab909-eb8f-4baf-9eed-7a4cc889cb7c",3
1763082286000,"0adab909-eb8f-4baf-9eed-7a4cc889cb7c",3
1763082287000,"0adab909-eb8f-4baf-9eed-7a4cc889cb7c",3
1763082583000,"0adab909-eb8f-4baf-9eed-7a4cc889cb7c",4
1763083022000,"0adab909-eb8f-4baf-9eed-7a4cc889cb7c",4
1763083023000,"0adab909-eb8f-4baf-9eed-7a4cc889cb7c",3
1763083028000,"0adab909-eb8f-4baf-9eed-7a4cc889cb7c",3
1763083322000,"0adab909-eb8f-4baf-9eed-7a4cc889cb7c",4
1763083323000,"0adab909-eb8f-4baf-9eed-7a4cc889cb7c",3
1763083327000,"0adab909-eb8f-4baf-9eed-7a4cc889cb7c",3
1763083622000,"0adab909-eb8f-4baf-9eed-7a4cc889cb7c",4
1763083922000,"0adab909-eb8f-4baf-9eed-7a4cc889cb7c",3
1763083927000,"0adab909-eb8f-4baf-9eed-7a4cc889cb7c",3
1763084222000,"0adab909-eb8f-4baf-9eed-7a4cc889cb7c",4
1763084346000,"0adab909-eb8f-4baf-9eed-7a4cc889cb7c",4
1763084349000,"0adab909-eb8f-4baf-9eed-7a4cc889cb7c",4
1763084822000,"0adab909-eb8f-4baf-9eed-7a4cc889cb7c",4
1763084823000,"0adab909-eb8f-4baf-9eed-7a4cc889cb7c",3
1763084827000,"0adab909-eb8f-4baf-9eed-7a4cc889cb7c",3
1763084832000,"0adab909-eb8f-4baf-9eed-7a4cc889cb7c",3
1763085054000,"0adab909-eb8f-4baf-9eed-7a4cc889cb7c",4
1763085354000,"0adab909-eb8f-4baf-9eed-7a4cc889cb7c",3
1763085355000,"0adab909-eb8f-4baf-9eed-7a4cc889cb7c",3
1763085360000,"0adab909-eb8f-4baf-9eed-7a4cc889cb7c",3
1763085654000,"0adab909-eb8f-4baf-9eed-7a4cc889cb7c",4
1763085954000,"0adab909-eb8f-4baf-9eed-7a4cc889cb7c",3
1763085955000,"0adab909-eb8f-4baf-9eed-7a4cc889cb7c",3
1763085956000,"0adab909-eb8f-4baf-9eed-7a4cc889cb7c",3
1763086254000,"0adab909-eb8f-4baf-9eed-7a4cc889cb7c",4
1763086554000,"0adab909-eb8f-4baf-9eed-7a4cc889cb7c",3
1763086555000,"0adab909-eb8f-4baf-9eed-7a4cc889cb7c",3
1763086556000,"0adab909-eb8f-4baf-9eed-7a4cc889cb7c",3
1763086854000,"0adab909-eb8f-4baf-9eed-7a4cc889cb7c",4
1763087086000,"0adab909-eb8f-4baf-9eed-7a4cc889cb7c",4
1763087088000,"0adab909-eb8f-4baf-9eed-7a4cc889cb7c",3
1763087092000,"0adab909-eb8f-4baf-9eed-7a4cc889cb7c",3
1763087093000,"0adab909-eb8f-4baf-9eed-7a4cc889cb7c",3
1763087386000,"0adab909-eb8f-4baf-9eed-7a4cc889cb7c",4
1763087686000,"0adab909-eb8f-4baf-9eed-7a4cc889cb7c",4
1763087687000,"0adab909-eb8f-4baf-9eed-7a4cc889cb7c",3
1763087691000,"0adab909-eb8f-4baf-9eed-7a4cc889cb7c",3
1763087693000,"0adab909-eb8f-4baf-9eed-7a4cc889cb7c",3
1763087986000,"0adab909-eb8f-4baf-9eed-7a4cc889cb7c",4
1763088286000,"0adab909-eb8f-4baf-9eed-7a4cc889cb7c",4
1763088288000,"0adab909-eb8f-4baf-9eed-7a4cc889cb7c",3
1763088289000,"0adab909-eb8f-4baf-9eed-7a4cc889cb7c",3
1763088295000,"0adab909-eb8f-4baf-9eed-7a4cc889cb7c",3
1763088586000,"0adab909-eb8f-4baf-9eed-7a4cc889cb7c",4
1763089024000,"0adab909-eb8f-4baf-9eed-7a4cc889cb7c",4
1763089025000,"0adab909-eb8f-4baf-9eed-7a4cc889cb7c",3
1763089026000,"0adab909-eb8f-4baf-9eed-7a4cc889cb7c",3
1763089324000,"0adab909-eb8f-4baf-9eed-7a4cc889cb7c",4
1763089325000,"0adab909-eb8f-4baf-9eed-7a4cc889cb7c",3
1763089331000,"0adab909-eb8f-4baf-9eed-7a4cc889cb7c",3
1763089625000,"0adab909-eb8f-4baf-9eed-7a4cc889cb7c",4
1763089925000,"0adab909-eb8f-4baf-9eed-7a4cc889cb7c",4
1763089926000,"0adab909-eb8f-4baf-9eed-7a4cc889cb7c",3
1763090225000,"0adab909-eb8f-4baf-9eed-7a4cc889cb7c",4
1763090525000,"0adab909-eb8f-4baf-9eed-7a4cc889cb7c",4
1763090526000,"0adab909-eb8f-4baf-9eed-7a4cc889cb7c",3
1763090527000,"0adab909-eb8f-4baf-9eed-7a4cc889cb7c",3
1763090531000,"0adab909-eb8f-4baf-9eed-7a4cc889cb7c",3
1763090825000,"0adab909-eb8f-4baf-9eed-7a4cc889cb7c",4
1763091084000,"0adab909-eb8f-4baf-9eed-7a4cc889cb7c",3
1763091085000,"0adab909-eb8f-4baf-9eed-7a4cc889cb7c",3
1763091086000,"0adab909-eb8f-4baf-9eed-7a4cc889cb7c",3
1763091384000,"0adab909-eb8f-4baf-9eed-7a4cc889cb7c",4
1763091684000,"0adab909-eb8f-4baf-9eed-7a4cc889cb7c",4
1763091685000,"0adab909-eb8f-4baf-9eed-7a4cc889cb7c",3
1763091686000,"0adab909-eb8f-4baf-9eed-7a4cc889cb7c",3
1763091984000,"0adab909-eb8f-4baf-9eed-7a4cc889cb7c",4
1763092284000,"0adab909-eb8f-4baf-9eed-7a4cc889cb7c",4
1763092285000,"0adab909-eb8f-4baf-9eed-7a4cc889cb7c",3
1763092286000,"0adab909-eb8f-4baf-9eed-7a4cc889cb7c",3
1763092584000,"0adab909-eb8f-4baf-9eed-7a4cc889cb7c",4
1763092884000,"0adab909-eb8f-4baf-9eed-7a4cc889cb7c",3
1763092894000,"0adab909-eb8f-4baf-9eed-7a4cc889cb7c",3
1763093116000,"0adab909-eb8f-4baf-9eed-7a4cc889cb7c",4
1763093416000,"0adab909-eb8f-4baf-9eed-7a4cc889cb7c",4
1763093715000,"0adab909-eb8f-4baf-9eed-7a4cc889cb7c",3
1763093719000,"0adab909-eb8f-4baf-9eed-7a4cc889cb7c",3
1763094016000,"0adab909-eb8f-4baf-9eed-7a4cc889cb7c",4
1763094316000,"0adab909-eb8f-4baf-9eed-7a4cc889cb7c",4
1763094317000,"0adab909-eb8f-4baf-9eed-7a4cc889cb7c",3
1763094325000,"0adab909-eb8f-4baf-9eed-7a4cc889cb7c",3
1763094615000,"0adab909-eb8f-4baf-9eed-7a4cc889cb7c",4
1763095028000,"0adab909-eb8f-4baf-9eed-7a4cc889cb7c",3
1763095030000,"0adab909-eb8f-4baf-9eed-7a4cc889cb7c",3
1763095328000,"0adab909-eb8f-4baf-9eed-7a4cc889cb7c",3
1763095335000,"0adab909-eb8f-4baf-9eed-7a4cc889cb7c",3
1763095628000,"0adab909-eb8f-4baf-9eed-7a4cc889cb7c",4
1763095928000,"0adab909-eb8f-4baf-9eed-7a4cc889cb7c",4
1763095930000,"0adab909-eb8f-4baf-9eed-7a4cc889cb7c",3
1763095931000,"0adab909-eb8f-4baf-9eed-7a4cc889cb7c",3
1763096228000,"0adab909-eb8f-4baf-9eed-7a4cc889cb7c",4
1763096528000,"0adab909-eb8f-4baf-9eed-7a4cc889cb7c",4
1763096529000,"0adab909-eb8f-4baf-9eed-7a4cc889cb7c",3
1763096538000,"0adab909-eb8f-4baf-9eed-7a4cc889cb7c",3
1763096540000,"0adab909-eb8f-4baf-9eed-7a4cc889cb7c",3
1763096828000,"0adab909-eb8f-4baf-9eed-7a4cc889cb7c",4
1763097059000,"0adab909-eb8f-4baf-9eed-7a4cc889cb7c",4
1763097359000,"0adab909-eb8f-4baf-9eed-7a4cc889cb7c",4
1763097360000,"0adab909-eb8f-4baf-9eed-7a4cc889cb7c",3
1763097363000,"0adab909-eb8f-4baf-9eed-7a4cc889cb7c",3
1763097660000,"0adab909-eb8f-4baf-9eed-7a4cc889cb7c",4
1763097959000,"0adab909-eb8f-4baf-9eed-7a4cc889cb7c",3
1763097964000,"0adab909-eb8f-4baf-9eed-7a4cc889cb7c",3
1763098260000,"0adab909-eb8f-4baf-9eed-7a4cc889cb7c",4
1763098560000,"0adab909-eb8f-4baf-9eed-7a4cc889cb7c",4
1763098561000,"0adab909-eb8f-4baf-9eed-7a4cc889cb7c",3
1763098562000,"0adab909-eb8f-4baf-9eed-7a4cc889cb7c",3
1763098564000,"0adab909-eb8f-4baf-9eed-7a4cc889cb7c",3
1763098605000,"0adab909-eb8f-4baf-9eed-7a4cc889cb7c",4
1763098608000,"0adab909-eb8f-4baf-9eed-7a4cc889cb7c",4
1763098725000,"0adab909-eb8f-4baf-9eed-7a4cc889cb7c",4
1763098801000,"0adab909-eb8f-4baf-9eed-7a4cc889cb7c",1
1763098815000,"0adab909-eb8f-4baf-9eed-7a4cc889cb7c",1
1763098957000,"0adab909-eb8f-4baf-9eed-7a4cc889cb7c",3
1763098961000,"0adab909-eb8f-4baf-9eed-7a4cc889cb7c",3
1763098967000,"0adab909-eb8f-4baf-9eed-7a4cc889cb7c",3
1763099257000,"0adab909-eb8f-4baf-9eed-7a4cc889cb7c",4
1763099260000,"0adab909-eb8f-4baf-9eed-7a4cc889cb7c",4
1763099401000,"0adab909-eb8f-4baf-9eed-7a4cc889cb7c",1
1763099413000,"0adab909-eb8f-4baf-9eed-7a4cc889cb7c",1
1763099432000,"0adab909-eb8f-4baf-9eed-7a4cc889cb7c",1
1763099435000,"0adab909-eb8f-4baf-9eed-7a4cc889cb7c",1
1763099445000,"0adab909-eb8f-4baf-9eed-7a4cc889cb7c",1
1763099557000,"0adab909-eb8f-4baf-9eed-7a4cc889cb7c",4
1763099558000,"0adab909-eb8f-4baf-9eed-7a4cc889cb7c",3
1763099569000,"0adab909-eb8f-4baf-9eed-7a4cc889cb7c",3
1763099857000,"0adab909-eb8f-4baf-9eed-7a4cc889cb7c",4
1763100002000,"0adab909-eb8f-4baf-9eed-7a4cc889cb7c",1
1763100004000,"0adab909-eb8f-4baf-9eed-7a4cc889cb7c",4
1763100013000,"0adab909-eb8f-4baf-9eed-7a4cc889cb7c",1
1763100156000,"0adab909-eb8f-4baf-9eed-7a4cc889cb7c",4
1763100157000,"0adab909-eb8f-4baf-9eed-7a4cc889cb7c",3
1763100158000,"0adab909-eb8f-4baf-9eed-7a4cc889cb7c",3
1763100159000,"0adab909-eb8f-4baf-9eed-7a4cc889cb7c",3
1763100160000,"0adab909-eb8f-4baf-9eed-7a4cc889cb7c",3
1763100161000,"0adab909-eb8f-4baf-9eed-7a4cc889cb7c",3
1763100162000,"0adab909-eb8f-4baf-9eed-7a4cc889cb7c",3
1763100163000,"0adab909-eb8f-4baf-9eed-7a4cc889cb7c",3
1763100164000,"0adab909-eb8f-4baf-9eed-7a4cc889cb7c",3
1763100165000,"0adab909-eb8f-4baf-9eed-7a4cc889cb7c",3
1763100166000,"0adab909-eb8f-4baf-9eed-7a4cc889cb7c",3
1763100167000,"0adab909-eb8f-4baf-9eed-7a4cc889cb7c",3
1763100168000,"0adab909-eb8f-4baf-9eed-7a4cc889cb7c",3
1763100456000,"0adab909-eb8f-4baf-9eed-7a4cc889cb7c",4
1763100771000,"0adab909-eb8f-4baf-9eed-7a4cc889cb7c",3
1763100773000,"0adab909-eb8f-4baf-9eed-7a4cc889cb7c",3
1763100774000,"0adab909-eb8f-4baf-9eed-7a4cc889cb7c",4
1763100779000,"0adab909-eb8f-4baf-9eed-7a4cc889cb7c",3
1763101071000,"0adab909-eb8f-4baf-9eed-7a4cc889cb7c",4
1763101371000,"0adab909-eb8f-4baf-9eed-7a4cc889cb7c",3
1763101373000,"0adab909-eb8f-4baf-9eed-7a4cc889cb7c",3
1763101375000,"0adab909-eb8f-4baf-9eed-7a4cc889cb7c",3
1763101597000,"0adab909-eb8f-4baf-9eed-7a4cc889cb7c",4
1763101600000,"0adab909-eb8f-4baf-9eed-7a4cc889cb7c",4
1763101869000,"0adab909-eb8f-4baf-9eed-7a4cc889cb7c",4
1763102038000,"0adab909-eb8f-4baf-9eed-7a4cc889cb7c",1
1763102040000,"0adab909-eb8f-4baf-9eed-7a4cc889cb7c",1
1763102046000,"0adab909-eb8f-4baf-9eed-7a4cc889cb7c",4
1763102061000,"0adab909-eb8f-4baf-9eed-7a4cc889cb7c",3
1763102065000,"0adab909-eb8f-4baf-9eed-7a4cc889cb7c",4
1763102074000,"0adab909-eb8f-4baf-9eed-7a4cc889cb7c",3
1763102075000,"0adab909-eb8f-4baf-9eed-7a4cc889cb7c",3
1763102218000,"0adab909-eb8f-4baf-9eed-7a4cc889cb7c",4
1763102533000,"0adab909-eb8f-4baf-9eed-7a4cc889cb7c",1
1763102571000,"0adab909-eb8f-4baf-9eed-7a4cc889cb7c",3
1763102576000,"0adab909-eb8f-4baf-9eed-7a4cc889cb7c",4
1763102654000,"0adab909-eb8f-4baf-9eed-7a4cc889cb7c",4
1763102926000,"0adab909-eb8f-4baf-9eed-7a4cc889cb7c",2
1763102929000,"0adab909-eb8f-4baf-9eed-7a4cc889cb7c",4
1763102995000,"0adab909-eb8f-4baf-9eed-7a4cc889cb7c",4
1763103132000,"0adab909-eb8f-4baf-9eed-7a4cc889cb7c",3
1763103134000,"0adab909-eb8f-4baf-9eed-7a4cc889cb7c",3
1763103143000,"0adab909-eb8f-4baf-9eed-7a4cc889cb7c",3
1763103220000,"0adab909-eb8f-4baf-9eed-7a4cc889cb7c",2
1763103299000,"0adab909-eb8f-4baf-9eed-7a4cc889cb7c",4
1763103367000,"0adab909-eb8f-4baf-9eed-7a4cc889cb7c",4
1763103469000,"0adab909-eb8f-4baf-9eed-7a4cc889cb7c",4
1763103481000,"0adab909-eb8f-4baf-9eed-7a4cc889cb7c",4
1763103522000,"0adab909-eb8f-4baf-9eed-7a4cc889cb7c",2
1763103656000,"0adab909-eb8f-4baf-9eed-7a4cc889cb7c",4
1763103733000,"0adab909-eb8f-4baf-9eed-7a4cc889cb7c",3
1763103734000,"0adab909-eb8f-4baf-9eed-7a4cc889cb7c",3
1763103748000,"0adab909-eb8f-4baf-9eed-7a4cc889cb7c",4
1763103798000,"0adab909-eb8f-4baf-9eed-7a4cc889cb7c",1
1763103801000,"0adab909-eb8f-4baf-9eed-7a4cc889cb7c",1
1763103802000,"0adab909-eb8f-4baf-9eed-7a4cc889cb7c",4
1763103807000,"0adab909-eb8f-4baf-9eed-7a4cc889cb7c",1
1763103904000,"0adab909-eb8f-4baf-9eed-7a4cc889cb7c",4
1763104286000,"0adab909-eb8f-4baf-9eed-7a4cc889cb7c",4
1763104379000,"0adab909-eb8f-4baf-9eed-7a4cc889cb7c",1
1763104380000,"0adab909-eb8f-4baf-9eed-7a4cc889cb7c",1
1763104382000,"0adab909-eb8f-4baf-9eed-7a4cc889cb7c",4
1763104390000,"0adab909-eb8f-4baf-9eed-7a4cc889cb7c",4
1763104405000,"0adab909-eb8f-4baf-9eed-7a4cc889cb7c",4
1763104409000,"0adab909-eb8f-4baf-9eed-7a4cc889cb7c",4
1763104444000,"0adab909-eb8f-4baf-9eed-7a4cc889cb7c",4
1763104447000,"0adab909-eb8f-4baf-9eed-7a4cc889cb7c",3
1763104449000,"0adab909-eb8f-4baf-9eed-7a4cc889cb7c",3
1763104452000,"0adab909-eb8f-4baf-9eed-7a4cc889cb7c",3
1763104457000,"0adab909-eb8f-4baf-9eed-7a4cc889cb7c",3
1763104458000,"0adab909-eb8f-4baf-9eed-7a4cc889cb7c",3
1763104459000,"0adab909-eb8f-4baf-9eed-7a4cc889cb7c",3
1763104463000,"0adab909-eb8f-4baf-9eed-7a4cc889cb7c",1
1763104644000,"0adab909-eb8f-4baf-9eed-7a4cc889cb7c",4
1763104971000,"0adab909-eb8f-4baf-9eed-7a4cc889cb7c",4
1763104972000,"0adab909-eb8f-4baf-9eed-7a4cc889cb7c",3
1763104974000,"0adab909-eb8f-4baf-9eed-7a4cc889cb7c",3
1763104978000,"0adab909-eb8f-4baf-9eed-7a4cc889cb7c",3
1763105038000,"0adab909-eb8f-4baf-9eed-7a4cc889cb7c",4
1763105247000,"0adab909-eb8f-4baf-9eed-7a4cc889cb7c",4
1763105503000,"0adab909-eb8f-4baf-9eed-7a4cc889cb7c",3
1763105504000,"0adab909-eb8f-4baf-9eed-7a4cc889cb7c",3
1763105505000,"0adab909-eb8f-4baf-9eed-7a4cc889cb7c",3
1763105507000,"0adab909-eb8f-4baf-9eed-7a4cc889cb7c",3
1763105508000,"0adab909-eb8f-4baf-9eed-7a4cc889cb7c",3
1763105646000,"0adab909-eb8f-4baf-9eed-7a4cc889cb7c",4
1763106016000,"0adab909-eb8f-4baf-9eed-7a4cc889cb7c",4
1763106248000,"0adab909-eb8f-4baf-9eed-7a4cc889cb7c",3
1763106250000,"0adab909-eb8f-4baf-9eed-7a4cc889cb7c",3
1763106258000,"0adab909-eb8f-4baf-9eed-7a4cc889cb7c",3
1763106323000,"0adab909-eb8f-4baf-9eed-7a4cc889cb7c",4
1763106847000,"0adab909-eb8f-4baf-9eed-7a4cc889cb7c",4
1763106850000,"0adab909-eb8f-4baf-9eed-7a4cc889cb7c",3
1763106852000,"0adab909-eb8f-4baf-9eed-7a4cc889cb7c",3
1763106853000,"0adab909-eb8f-4baf-9eed-7a4cc889cb7c",3
1763106859000,"0adab909-eb8f-4baf-9eed-7a4cc889cb7c",3
1763106916000,"0adab909-eb8f-4baf-9eed-7a4cc889cb7c",4
1763107022000,"0adab909-eb8f-4baf-9eed-7a4cc889cb7c",4
1763107449000,"0adab909-eb8f-4baf-9eed-7a4cc889cb7c",4
1763107450000,"0adab909-eb8f-4baf-9eed-7a4cc889cb7c",3
1763107451000,"0adab909-eb8f-4baf-9eed-7a4cc889cb7c",3
1763107452000,"0adab909-eb8f-4baf-9eed-7a4cc889cb7c",3
1763107453000,"0adab909-eb8f-4baf-9eed-7a4cc889cb7c",3
1763107748000,"0adab909-eb8f-4baf-9eed-7a4cc889cb7c",4
1763107751000,"0adab909-eb8f-4baf-9eed-7a4cc889cb7c",4
1763108156000,"0adab909-eb8f-4baf-9eed-7a4cc889cb7c",3
1763108158000,"0adab909-eb8f-4baf-9eed-7a4cc889cb7c",3
1763108160000,"0adab909-eb8f-4baf-9eed-7a4cc889cb7c",3
1763108161000,"0adab909-eb8f-4baf-9eed-7a4cc889cb7c",3
1763108168000,"0adab909-eb8f-4baf-9eed-7a4cc889cb7c",3
1763108515000,"0adab909-eb8f-4baf-9eed-7a4cc889cb7c",3
1763108517000,"0adab909-eb8f-4baf-9eed-7a4cc889cb7c",3
1763108518000,"0adab909-eb8f-4baf-9eed-7a4cc889cb7c",3
1763108519000,"0adab909-eb8f-4baf-9eed-7a4cc889cb7c",3
1763108521000,"0adab909-eb8f-4baf-9eed-7a4cc889cb7c",3
1763108526000,"0adab909-eb8f-4baf-9eed-7a4cc889cb7c",3
1763108815000,"0adab909-eb8f-4baf-9eed-7a4cc889cb7c",4
1763108915000,"0adab909-eb8f-4baf-9eed-7a4cc889cb7c",4
1763108931000,"0adab909-eb8f-4baf-9eed-7a4cc889cb7c",1
1763108933000,"0adab909-eb8f-4baf-9eed-7a4cc889cb7c",1
1763108934000,"0adab909-eb8f-4baf-9eed-7a4cc889cb7c",4
1763108942000,"0adab909-eb8f-4baf-9eed-7a4cc889cb7c",4
1763109070000,"0adab909-eb8f-4baf-9eed-7a4cc889cb7c",4
1763109114000,"0adab909-eb8f-4baf-9eed-7a4cc889cb7c",3
1763109115000,"0adab909-eb8f-4baf-9eed-7a4cc889cb7c",3
1763109117000,"0adab909-eb8f-4baf-9eed-7a4cc889cb7c",3
1763109118000,"0adab909-eb8f-4baf-9eed-7a4cc889cb7c",3
1763109127000,"0adab909-eb8f-4baf-9eed-7a4cc889cb7c",3
1763109128000,"0adab909-eb8f-4baf-9eed-7a4cc889cb7c",3
1763109129000,"0adab909-eb8f-4baf-9eed-7a4cc889cb7c",3
1763109182000,"0adab909-eb8f-4baf-9eed-7a4cc889cb7c",1
1763109262000,"0adab909-eb8f-4baf-9eed-7a4cc889cb7c",4
1763109539000,"0adab909-eb8f-4baf-9eed-7a4cc889cb7c",4
1763109542000,"0adab909-eb8f-4baf-9eed-7a4cc889cb7c",4
1763109782000,"0adab909-eb8f-4baf-9eed-7a4cc889cb7c",3
1763109783000,"0adab909-eb8f-4baf-9eed-7a4cc889cb7c",3
1763109792000,"0adab909-eb8f-4baf-9eed-7a4cc889cb7c",3
1763109845000,"0adab909-eb8f-4baf-9eed-7a4cc889cb7c",4
1763110100000,"0adab909-eb8f-4baf-9eed-7a4cc889cb7c",4
1763110168000,"0adab909-eb8f-4baf-9eed-7a4cc889cb7c",4
1763110293000,"0adab909-eb8f-4baf-9eed-7a4cc889cb7c",3
1763110298000,"0adab909-eb8f-4baf-9eed-7a4cc889cb7c",3
1763110305000,"0adab909-eb8f-4baf-9eed-7a4cc889cb7c",3
1763110612000,"0adab909-eb8f-4baf-9eed-7a4cc889cb7c",4
1763110912000,"0adab909-eb8f-4baf-9eed-7a4cc889cb7c",3
1763110913000,"0adab909-eb8f-4baf-9eed-7a4cc889cb7c",3
1763110914000,"0adab909-eb8f-4baf-9eed-7a4cc889cb7c",3
1763110915000,"0adab909-eb8f-4baf-9eed-7a4cc889cb7c",4
1763110918000,"0adab909-eb8f-4baf-9eed-7a4cc889cb7c",3
1763111212000,"0adab909-eb8f-4baf-9eed-7a4cc889cb7c",4
1763111512000,"0adab909-eb8f-4baf-9eed-7a4cc889cb7c",3
1763111513000,"0adab909-eb8f-4baf-9eed-7a4cc889cb7c",3
1763111514000,"0adab909-eb8f-4baf-9eed-7a4cc889cb7c",3
1763111516000,"0adab909-eb8f-4baf-9eed-7a4cc889cb7c",3
1763111519000,"0adab909-eb8f-4baf-9eed-7a4cc889cb7c",3
1763111520000,"0adab909-eb8f-4baf-9eed-7a4cc889cb7c",3
1763111523000,"0adab909-eb8f-4baf-9eed-7a4cc889cb7c",3
1763111769000,"0adab909-eb8f-4baf-9eed-7a4cc889cb7c",4
1763111772000,"0adab909-eb8f-4baf-9eed-7a4cc889cb7c",4
1763111999000,"0adab909-eb8f-4baf-9eed-7a4cc889cb7c",4
1763112299000,"0adab909-eb8f-4baf-9eed-7a4cc889cb7c",3
1763112300000,"0adab909-eb8f-4baf-9eed-7a4cc889cb7c",3
1763112301000,"0adab909-eb8f-4baf-9eed-7a4cc889cb7c",3
1763112304000,"0adab909-eb8f-4baf-9eed-7a4cc889cb7c",3
1763112306000,"0adab909-eb8f-4baf-9eed-7a4cc889cb7c",3
1763112308000,"0adab909-eb8f-4baf-9eed-7a4cc889cb7c",3
1763112309000,"0adab909-eb8f-4baf-9eed-7a4cc889cb7c",3
1763112599000,"0adab909-eb8f-4baf-9eed-7a4cc889cb7c",4
1763112899000,"0adab909-eb8f-4baf-9eed-7a4cc889cb7c",4
1763112900000,"0adab909-eb8f-4baf-9eed-7a4cc889cb7c",3
1763112901000,"0adab909-eb8f-4baf-9eed-7a4cc889cb7c",3
1763112902000,"0adab909-eb8f-4baf-9eed-7a4cc889cb7c",3
1763112903000,"0adab909-eb8f-4baf-9eed-7a4cc889cb7c",3
1763112905000,"0adab909-eb8f-4baf-9eed-7a4cc889cb7c",3
1763112909000,"0adab909-eb8f-4baf-9eed-7a4cc889cb7c",3
1763112910000,"0adab909-eb8f-4baf-9eed-7a4cc889cb7c",3
1763113199000,"0adab909-eb8f-4baf-9eed-7a4cc889cb7c",4
1763113499000,"0adab909-eb8f-4baf-9eed-7a4cc889cb7c",4
1763113500000,"0adab909-eb8f-4baf-9eed-7a4cc889cb7c",3
1763113501000,"0adab909-eb8f-4baf-9eed-7a4cc889cb7c",3
1763113503000,"0adab909-eb8f-4baf-9eed-7a4cc889cb7c",3
1763113504000,"0adab909-eb8f-4baf-9eed-7a4cc889cb7c",3
1763113505000,"0adab909-eb8f-4baf-9eed-7a4cc889cb7c",3
1763113506000,"0adab909-eb8f-4baf-9eed-7a4cc889cb7c",3
1763113509000,"0adab909-eb8f-4baf-9eed-7a4cc889cb7c",3
1763113510000,"0adab909-eb8f-4baf-9eed-7a4cc889cb7c",3
1763113924000,"0adab909-eb8f-4baf-9eed-7a4cc889cb7c",4
1763113925000,"0adab909-eb8f-4baf-9eed-7a4cc889cb7c",3
1763113926000,"0adab909-eb8f-4baf-9eed-7a4cc889cb7c",3
1763113927000,"0adab909-eb8f-4baf-9eed-7a4cc889cb7c",3
1763113928000,"0adab909-eb8f-4baf-9eed-7a4cc889cb7c",3
1763113929000,"0adab909-eb8f-4baf-9eed-7a4cc889cb7c",3
1763113931000,"0adab909-eb8f-4baf-9eed-7a4cc889cb7c",3
1763113933000,"0adab909-eb8f-4baf-9eed-7a4cc889cb7c",3
1763113935000,"0adab909-eb8f-4baf-9eed-7a4cc889cb7c",3
1763114224000,"0adab909-eb8f-4baf-9eed-7a4cc889cb7c",4
1763114524000,"0adab909-eb8f-4baf-9eed-7a4cc889cb7c",4
1763114525000,"0adab909-eb8f-4baf-9eed-7a4cc889cb7c",3
1763114526000,"0adab909-eb8f-4baf-9eed-7a4cc889cb7c",3
1763114527000,"0adab909-eb8f-4baf-9eed-7a4cc889cb7c",3
1763114528000,"0adab909-eb8f-4baf-9eed-7a4cc889cb7c",3
1763114529000,"0adab909-eb8f-4baf-9eed-7a4cc889cb7c",3
1763114531000,"0adab909-eb8f-4baf-9eed-7a4cc889cb7c",3
1763114532000,"0adab909-eb8f-4baf-9eed-7a4cc889cb7c",3
1763114533000,"0adab909-eb8f-4baf-9eed-7a4cc889cb7c",3
1763114824000,"0adab909-eb8f-4baf-9eed-7a4cc889cb7c",4
1763114947000,"0adab909-eb8f-4baf-9eed-7a4cc889cb7c",4
1763115025000,"0adab909-eb8f-4baf-9eed-7a4cc889cb7c",4
1763115093000,"0adab909-eb8f-4baf-9eed-7a4cc889cb7c",3
1763115095000,"0adab909-eb8f-4baf-9eed-7a4cc889cb7c",3
1763115096000,"0adab909-eb8f-4baf-9eed-7a4cc889cb7c",3
1763115099000,"0adab909-eb8f-4baf-9eed-7a4cc889cb7c",3
1763115101000,"0adab909-eb8f-4baf-9eed-7a4cc889cb7c",3
1763115102000,"0adab909-eb8f-4baf-9eed-7a4cc889cb7c",3
1763115229000,"0adab909-eb8f-4baf-9eed-7a4cc889cb7c",4
1763115561000,"0adab909-eb8f-4baf-9eed-7a4cc889cb7c",4
1763115564000,"0adab909-eb8f-4baf-9eed-7a4cc889cb7c",4
1763115696000,"0adab909-eb8f-4baf-9eed-7a4cc889cb7c",3
1763115697000,"0adab909-eb8f-4baf-9eed-7a4cc889cb7c",3
1763115698000,"0adab909-eb8f-4baf-9eed-7a4cc889cb7c",3
1763115700000,"0adab909-eb8f-4baf-9eed-7a4cc889cb7c",3
1763115701000,"0adab909-eb8f-4baf-9eed-7a4cc889cb7c",3
1763115703000,"0adab909-eb8f-4baf-9eed-7a4cc889cb7c",3
1763115831000,"0adab909-eb8f-4baf-9eed-7a4cc889cb7c",4
1763116324000,"0adab909-eb8f-4baf-9eed-7a4cc889cb7c",4
1763116325000,"0adab909-eb8f-4baf-9eed-7a4cc889cb7c",3
1763116326000,"0adab909-eb8f-4baf-9eed-7a4cc889cb7c",3
1763116327000,"0adab909-eb8f-4baf-9eed-7a4cc889cb7c",3
1763116328000,"0adab909-eb8f-4baf-9eed-7a4cc889cb7c",3
1763116330000,"0adab909-eb8f-4baf-9eed-7a4cc889cb7c",3
1763116331000,"0adab909-eb8f-4baf-9eed-7a4cc889cb7c",3
1763116624000,"0adab909-eb8f-4baf-9eed-7a4cc889cb7c",4
1763116924000,"0adab909-eb8f-4baf-9eed-7a4cc889cb7c",3
1763116925000,"0adab909-eb8f-4baf-9eed-7a4cc889cb7c",3
1763116926000,"0adab909-eb8f-4baf-9eed-7a4cc889cb7c",3
1763116927000,"0adab909-eb8f-4baf-9eed-7a4cc889cb7c",3
1763116929000,"0adab909-eb8f-4baf-9eed-7a4cc889cb7c",3
1763116930000,"0adab909-eb8f-4baf-9eed-7a4cc889cb7c",3
1763116932000,"0adab909-eb8f-4baf-9eed-7a4cc889cb7c",3
1763116935000,"0adab909-eb8f-4baf-9eed-7a4cc889cb7c",3
1763116986000,"0adab909-eb8f-4baf-9eed-7a4cc889cb7c",4
1763117225000,"0adab909-eb8f-4baf-9eed-7a4cc889cb7c",4
1763117421000,"0adab909-eb8f-4baf-9eed-7a4cc889cb7c",4
1763117435000,"0adab909-eb8f-4baf-9eed-7a4cc889cb7c",4
1763117642000,"0adab909-eb8f-4baf-9eed-7a4cc889cb7c",3
1763117643000,"0adab909-eb8f-4baf-9eed-7a4cc889cb7c",3
1763117644000,"0adab909-eb8f-4baf-9eed-7a4cc889cb7c",3
1763117645000,"0adab909-eb8f-4baf-9eed-7a4cc889cb7c",3
1763117646000,"0adab909-eb8f-4baf-9eed-7a4cc889cb7c",3
1763117647000,"0adab909-eb8f-4baf-9eed-7a4cc889cb7c",3
1763117648000,"0adab909-eb8f-4baf-9eed-7a4cc889cb7c",3
1763117649000,"0adab909-eb8f-4baf-9eed-7a4cc889cb7c",3
1763117651000,"0adab909-eb8f-4baf-9eed-7a4cc889cb7c",3
1763117654000,"0adab909-eb8f-4baf-9eed-7a4cc889cb7c",3
1763117790000,"0adab909-eb8f-4baf-9eed-7a4cc889cb7c",4
1763118254000,"0adab909-eb8f-4baf-9eed-7a4cc889cb7c",4
1763118256000,"0adab909-eb8f-4baf-9eed-7a4cc889cb7c",3
1763118257000,"0adab909-eb8f-4baf-9eed-7a4cc889cb7c",3
1763118258000,"0adab909-eb8f-4baf-9eed-7a4cc889cb7c",3
1763118260000,"0adab909-eb8f-4baf-9eed-7a4cc889cb7c",3
1763118261000,"0adab909-eb8f-4baf-9eed-7a4cc889cb7c",3
1763118262000,"0adab909-eb8f-4baf-9eed-7a4cc889cb7c",3
1763118263000,"0adab909-eb8f-4baf-9eed-7a4cc889cb7c",3
1763118264000,"0adab909-eb8f-4baf-9eed-7a4cc889cb7c",3
1763118265000,"0adab909-eb8f-4baf-9eed-7a4cc889cb7c",3
1763118266000,"0adab909-eb8f-4baf-9eed-7a4cc889cb7c",3
1763118390000,"0adab909-eb8f-4baf-9eed-7a4cc889cb7c",4
1763118683000,"0adab909-eb8f-4baf-9eed-7a4cc889cb7c",3
1763118685000,"0adab909-eb8f-4baf-9eed-7a4cc889cb7c",3
1763118686000,"0adab909-eb8f-4baf-9eed-7a4cc889cb7c",3
1763118691000,"0adab909-eb8f-4baf-9eed-7a4cc889cb7c",3
1763118970000,"0adab909-eb8f-4baf-9eed-7a4cc889cb7c",4
1763119267000,"0adab909-eb8f-4baf-9eed-7a4cc889cb7c",4
1763119335000,"0adab909-eb8f-4baf-9eed-7a4cc889cb7c",3
1763119336000,"0adab909-eb8f-4baf-9eed-7a4cc889cb7c",3
1763119338000,"0adab909-eb8f-4baf-9eed-7a4cc889cb7c",4
1763119341000,"0adab909-eb8f-4baf-9eed-7a4cc889cb7c",3
1763119507000,"0adab909-eb8f-4baf-9eed-7a4cc889cb7c",4
1763119770000,"0adab909-eb8f-4baf-9eed-7a4cc889cb7c",1
1763119772000,"0adab909-eb8f-4baf-9eed-7a4cc889cb7c",1
1763119773000,"0adab909-eb8f-4baf-9eed-7a4cc889cb7c",4
1763119781000,"0adab909-eb8f-4baf-9eed-7a4cc889cb7c",4
1763119875000,"0adab909-eb8f-4baf-9eed-7a4cc889cb7c",4
1763119876000,"0adab909-eb8f-4baf-9eed-7a4cc889cb7c",3
1763119877000,"0adab909-eb8f-4baf-9eed-7a4cc889cb7c",3
1763119878000,"0adab909-eb8f-4baf-9eed-7a4cc889cb7c",3
1763119880000,"0adab909-eb8f-4baf-9eed-7a4cc889cb7c",3
1763119881000,"0adab909-eb8f-4baf-9eed-7a4cc889cb7c",3
1763119882000,"0adab909-eb8f-4baf-9eed-7a4cc889cb7c",3
1763119886000,"0adab909-eb8f-4baf-9eed-7a4cc889cb7c",3
1763119887000,"0adab909-eb8f-4baf-9eed-7a4cc889cb7c",3
1763119888000,"0adab909-eb8f-4baf-9eed-7a4cc889cb7c",3
1763119889000,"0adab909-eb8f-4baf-9eed-7a4cc889cb7c",3
1763119890000,"0adab909-eb8f-4baf-9eed-7a4cc889cb7c",1
1763119903000,"0adab909-eb8f-4baf-9eed-7a4cc889cb7c",1
1763119905000,"0adab909-eb8f-4baf-9eed-7a4cc889cb7c",1
1763119976000,"0adab909-eb8f-4baf-9eed-7a4cc889cb7c",4
1763120071000,"0adab909-eb8f-4baf-9eed-7a4cc889cb7c",1
1763120073000,"0adab909-eb8f-4baf-9eed-7a4cc889cb7c",1
1763120074000,"0adab909-eb8f-4baf-9eed-7a4cc889cb7c",4
1763120081000,"0adab909-eb8f-4baf-9eed-7a4cc889cb7c",4
1763120088000,"0adab909-eb8f-4baf-9eed-7a4cc889cb7c",1
1763120156000,"0adab909-eb8f-4baf-9eed-7a4cc889cb7c",4
1763120510000,"0adab909-eb8f-4baf-9eed-7a4cc889cb7c",1
1763120512000,"0adab909-eb8f-4baf-9eed-7a4cc889cb7c",1
1763120629000,"0adab909-eb8f-4baf-9eed-7a4cc889cb7c",3
1763120630000,"0adab909-eb8f-4baf-9eed-7a4cc889cb7c",3
1763120631000,"0adab909-eb8f-4baf-9eed-7a4cc889cb7c",3
1763120632000,"0adab909-eb8f-4baf-9eed-7a4cc889cb7c",3
1763120633000,"0adab909-eb8f-4baf-9eed-7a4cc889cb7c",3
1763120635000,"0adab909-eb8f-4baf-9eed-7a4cc889cb7c",3
1763120636000,"0adab909-eb8f-4baf-9eed-7a4cc889cb7c",3
1763120697000,"0adab909-eb8f-4baf-9eed-7a4cc889cb7c",3
1763120698000,"0adab909-eb8f-4baf-9eed-7a4cc889cb7c",1
1763120699000,"0adab909-eb8f-4baf-9eed-7a4cc889cb7c",3
1763120700000,"0adab909-eb8f-4baf-9eed-7a4cc889cb7c",4
1763120707000,"0adab909-eb8f-4baf-9eed-7a4cc889cb7c",1
1763120775000,"0adab909-eb8f-4baf-9eed-7a4cc889cb7c",4
1763121137000,"0adab909-eb8f-4baf-9eed-7a4cc889cb7c",4
1763121204000,"0adab909-eb8f-4baf-9eed-7a4cc889cb7c",4
1763121205000,"0adab909-eb8f-4baf-9eed-7a4cc889cb7c",3
1763121206000,"0adab909-eb8f-4baf-9eed-7a4cc889cb7c",3
1763121207000,"0adab909-eb8f-4baf-9eed-7a4cc889cb7c",3
1763121208000,"0adab909-eb8f-4baf-9eed-7a4cc889cb7c",3
1763121212000,"0adab909-eb8f-4baf-9eed-7a4cc889cb7c",3
1763121213000,"0adab909-eb8f-4baf-9eed-7a4cc889cb7c",3
1763121214000,"0adab909-eb8f-4baf-9eed-7a4cc889cb7c",3
1763121275000,"0adab909-eb8f-4baf-9eed-7a4cc889cb7c",4
1763121475000,"0adab909-eb8f-4baf-9eed-7a4cc889cb7c",4
1763121687000,"0adab909-eb8f-4baf-9eed-7a4cc889cb7c",3
1763121688000,"0adab909-eb8f-4baf-9eed-7a4cc889cb7c",3
1763121689000,"0adab909-eb8f-4baf-9eed-7a4cc889cb7c",3
1763121690000,"0adab909-eb8f-4baf-9eed-7a4cc889cb7c",3
1763121691000,"0adab909-eb8f-4baf-9eed-7a4cc889cb7c",3
1763121693000,"0adab909-eb8f-4baf-9eed-7a4cc889cb7c",3
1763121963000,"0adab909-eb8f-4baf-9eed-7a4cc889cb7c",2
1763121967000,"0adab909-eb8f-4baf-9eed-7a4cc889cb7c",4
1763121970000,"0adab909-eb8f-4baf-9eed-7a4cc889cb7c",4
1763122268000,"0adab909-eb8f-4baf-9eed-7a4cc889cb7c",4
1763122568000,"0adab909-eb8f-4baf-9eed-7a4cc889cb7c",3
1763122569000,"0adab909-eb8f-4baf-9eed-7a4cc889cb7c",3
1763122570000,"0adab909-eb8f-4baf-9eed-7a4cc889cb7c",3
1763122571000,"0adab909-eb8f-4baf-9eed-7a4cc889cb7c",3
1763122572000,"0adab909-eb8f-4baf-9eed-7a4cc889cb7c",3
1763122573000,"0adab909-eb8f-4baf-9eed-7a4cc889cb7c",3
1763122576000,"0adab909-eb8f-4baf-9eed-7a4cc889cb7c",3
1763122577000,"0adab909-eb8f-4baf-9eed-7a4cc889cb7c",3
1763122869000,"0adab909-eb8f-4baf-9eed-7a4cc889cb7c",4
1763123102000,"0adab909-eb8f-4baf-9eed-7a4cc889cb7c",3
1763123103000,"0adab909-eb8f-4baf-9eed-7a4cc889cb7c",3
1763123104000,"0adab909-eb8f-4baf-9eed-7a4cc889cb7c",3
1763123108000,"0adab909-eb8f-4baf-9eed-7a4cc889cb7c",3
1763123110000,"0adab909-eb8f-4baf-9eed-7a4cc889cb7c",3
1763123111000,"0adab909-eb8f-4baf-9eed-7a4cc889cb7c",3
1763123113000,"0adab909-eb8f-4baf-9eed-7a4cc889cb7c",3
1763123200000,"0adab909-eb8f-4baf-9eed-7a4cc889cb7c",4
1763123203000,"0adab909-eb8f-4baf-9eed-7a4cc889cb7c",4
1763123702000,"0adab909-eb8f-4baf-9eed-7a4cc889cb7c",3
1763123703000,"0adab909-eb8f-4baf-9eed-7a4cc889cb7c",3
1763123705000,"0adab909-eb8f-4baf-9eed-7a4cc889cb7c",3
1763123706000,"0adab909-eb8f-4baf-9eed-7a4cc889cb7c",3
1763123710000,"0adab909-eb8f-4baf-9eed-7a4cc889cb7c",3
1763124002000,"0adab909-eb8f-4baf-9eed-7a4cc889cb7c",4
1763124302000,"0adab909-eb8f-4baf-9eed-7a4cc889cb7c",3
1763124304000,"0adab909-eb8f-4baf-9eed-7a4cc889cb7c",3
1763124307000,"0adab909-eb8f-4baf-9eed-7a4cc889cb7c",3
1763124309000,"0adab909-eb8f-4baf-9eed-7a4cc889cb7c",3
1763124313000,"0adab909-eb8f-4baf-9eed-7a4cc889cb7c",3
1763124601000,"0adab909-eb8f-4baf-9eed-7a4cc889cb7c",4
1763124901000,"0adab909-eb8f-4baf-9eed-7a4cc889cb7c",4
1763124902000,"0adab909-eb8f-4baf-9eed-7a4cc889cb7c",3
1763124904000,"0adab909-eb8f-4baf-9eed-7a4cc889cb7c",3
1763124909000,"0adab909-eb8f-4baf-9eed-7a4cc889cb7c",3
1763125133000,"0adab909-eb8f-4baf-9eed-7a4cc889cb7c",4
1763125434000,"0adab909-eb8f-4baf-9eed-7a4cc889cb7c",3
1763125435000,"0adab909-eb8f-4baf-9eed-7a4cc889cb7c",3
1763125436000,"0adab909-eb8f-4baf-9eed-7a4cc889cb7c",3
1763125437000,"0adab909-eb8f-4baf-9eed-7a4cc889cb7c",3
1763125440000,"0adab909-eb8f-4baf-9eed-7a4cc889cb7c",3
1763125445000,"0adab909-eb8f-4baf-9eed-7a4cc889cb7c",3
1763125446000,"0adab909-eb8f-4baf-9eed-7a4cc889cb7c",3
1763125733000,"0adab909-eb8f-4baf-9eed-7a4cc889cb7c",4
1763126032000,"0adab909-eb8f-4baf-9eed-7a4cc889cb7c",3
1763126033000,"0adab909-eb8f-4baf-9eed-7a4cc889cb7c",3
1763126037000,"0adab909-eb8f-4baf-9eed-7a4cc889cb7c",3
1763126038000,"0adab909-eb8f-4baf-9eed-7a4cc889cb7c",3
1763126334000,"0adab909-eb8f-4baf-9eed-7a4cc889cb7c",4
1763126633000,"0adab909-eb8f-4baf-9eed-7a4cc889cb7c",3
1763126634000,"0adab909-eb8f-4baf-9eed-7a4cc889cb7c",3
1763126639000,"0adab909-eb8f-4baf-9eed-7a4cc889cb7c",3
1763126640000,"0adab909-eb8f-4baf-9eed-7a4cc889cb7c",3
1763126816000,"0adab909-eb8f-4baf-9eed-7a4cc889cb7c",4
1763126819000,"0adab909-eb8f-4baf-9eed-7a4cc889cb7c",4
1763127305000,"0adab909-eb8f-4baf-9eed-7a4cc889cb7c",3
1763127306000,"0adab909-eb8f-4baf-9eed-7a4cc889cb7c",3
1763127308000,"0adab909-eb8f-4baf-9eed-7a4cc889cb7c",3
1763127309000,"0adab909-eb8f-4baf-9eed-7a4cc889cb7c",3
1763127311000,"0adab909-eb8f-4baf-9eed-7a4cc889cb7c",3
1763127314000,"0adab909-eb8f-4baf-9eed-7a4cc889cb7c",3
1763127605000,"0adab909-eb8f-4baf-9eed-7a4cc889cb7c",4
1763127905000,"0adab909-eb8f-4baf-9eed-7a4cc889cb7c",3
1763127906000,"0adab909-eb8f-4baf-9eed-7a4cc889cb7c",3
1763127911000,"0adab909-eb8f-4baf-9eed-7a4cc889cb7c",3
1763127912000,"0adab909-eb8f-4baf-9eed-7a4cc889cb7c",3
1763128206000,"0adab909-eb8f-4baf-9eed-7a4cc889cb7c",4
1763128506000,"0adab909-eb8f-4baf-9eed-7a4cc889cb7c",3
1763128508000,"0adab909-eb8f-4baf-9eed-7a4cc889cb7c",3
1763128510000,"0adab909-eb8f-4baf-9eed-7a4cc889cb7c",3
1763128511000,"0adab909-eb8f-4baf-9eed-7a4cc889cb7c",3
1763128806000,"0adab909-eb8f-4baf-9eed-7a4cc889cb7c",4
1763129202000,"0adab909-eb8f-4baf-9eed-7a4cc889cb7c",3
1763129203000,"0adab909-eb8f-4baf-9eed-7a4cc889cb7c",3
1763129205000,"0adab909-eb8f-4baf-9eed-7a4cc889cb7c",1
1763129206000,"0adab909-eb8f-4baf-9eed-7a4cc889cb7c",1
1763129207000,"0adab909-eb8f-4baf-9eed-7a4cc889cb7c",1
1763129208000,"0adab909-eb8f-4baf-9eed-7a4cc889cb7c",1
1763129209000,"0adab909-eb8f-4baf-9eed-7a4cc889cb7c",3
1763129211000,"0adab909-eb8f-4baf-9eed-7a4cc889cb7c",4
1763129213000,"0adab909-eb8f-4baf-9eed-7a4cc889cb7c",3
1763129215000,"0adab909-eb8f-4baf-9eed-7a4cc889cb7c",3
1763129217000,"0adab909-eb8f-4baf-9eed-7a4cc889cb7c",3
1763129218000,"0adab909-eb8f-4baf-9eed-7a4cc889cb7c",4
1763129284000,"0adab909-eb8f-4baf-9eed-7a4cc889cb7c",1
1763129404000,"0adab909-eb8f-4baf-9eed-7a4cc889cb7c",4
1763129803000,"0adab909-eb8f-4baf-9eed-7a4cc889cb7c",3
1763129804000,"0adab909-eb8f-4baf-9eed-7a4cc889cb7c",3
1763129805000,"0adab909-eb8f-4baf-9eed-7a4cc889cb7c",3
1763129807000,"0adab909-eb8f-4baf-9eed-7a4cc889cb7c",3
1763129815000,"0adab909-eb8f-4baf-9eed-7a4cc889cb7c",3
1763130103000,"0adab909-eb8f-4baf-9eed-7a4cc889cb7c",3
1763130104000,"0adab909-eb8f-4baf-9eed-7a4cc889cb7c",3
1763130105000,"0adab909-eb8f-4baf-9eed-7a4cc889cb7c",3
1763130106000,"0adab909-eb8f-4baf-9eed-7a4cc889cb7c",4
1763130107000,"0adab909-eb8f-4baf-9eed-7a4cc889cb7c",3
1763130111000,"0adab909-eb8f-4baf-9eed-7a4cc889cb7c",3
1763130112000,"0adab909-eb8f-4baf-9eed-7a4cc889cb7c",3
1763130402000,"0adab909-eb8f-4baf-9eed-7a4cc889cb7c",4
1763130701000,"0adab909-eb8f-4baf-9eed-7a4cc889cb7c",4
1763130702000,"0adab909-eb8f-4baf-9eed-7a4cc889cb7c",3
1763130703000,"0adab909-eb8f-4baf-9eed-7a4cc889cb7c",3
1763130704000,"0adab909-eb8f-4baf-9eed-7a4cc889cb7c",3
1763130705000,"0adab909-eb8f-4baf-9eed-7a4cc889cb7c",3
1763130709000,"0adab909-eb8f-4baf-9eed-7a4cc889cb7c",3
1763130748000,"0adab909-eb8f-4baf-9eed-7a4cc889cb7c",4
1763130754000,"0adab909-eb8f-4baf-9eed-7a4cc889cb7c",4
1763130759000,"0adab909-eb8f-4baf-9eed-7a4cc889cb7c",4
1763130764000,"0adab909-eb8f-4baf-9eed-7a4cc889cb7c",4
1763130769000,"0adab909-eb8f-4baf-9eed-7a4cc889cb7c",4
1763130774000,"0adab909-eb8f-4baf-9eed-7a4cc889cb7c",4
1763130780000,"0adab909-eb8f-4baf-9eed-7a4cc889cb7c",4
1763130785000,"0adab909-eb8f-4baf-9eed-7a4cc889cb7c",4
1763130790000,"0adab909-eb8f-4baf-9eed-7a4cc889cb7c",4
1763130795000,"0adab909-eb8f-4baf-9eed-7a4cc889cb7c",4
1763130799000,"0adab909-eb8f-4baf-9eed-7a4cc889cb7c",4
1763130800000,"0adab909-eb8f-4baf-9eed-7a4cc889cb7c",4
1763130803000,"0adab909-eb8f-4baf-9eed-7a4cc889cb7c",4
1763130806000,"0adab909-eb8f-4baf-9eed-7a4cc889cb7c",4
1763130811000,"0adab909-eb8f-4baf-9eed-7a4cc889cb7c",4
1763130816000,"0adab909-eb8f-4baf-9eed-7a4cc889cb7c",4
1763130821000,"0adab909-eb8f-4baf-9eed-7a4cc889cb7c",4
1763130827000,"0adab909-eb8f-4baf-9eed-7a4cc889cb7c",4
1763130832000,"0adab909-eb8f-4baf-9eed-7a4cc889cb7c",4
1763130837000,"0adab909-eb8f-4baf-9eed-7a4cc889cb7c",4
1763130842000,"0adab909-eb8f-4baf-9eed-7a4cc889cb7c",4
1763130847000,"0adab909-eb8f-4baf-9eed-7a4cc889cb7c",4
1763130853000,"0adab909-eb8f-4baf-9eed-7a4cc889cb7c",4
1763130858000,"0adab909-eb8f-4baf-9eed-7a4cc889cb7c",4
1763130863000,"0adab909-eb8f-4baf-9eed-7a4cc889cb7c",4
1763130868000,"0adab909-eb8f-4baf-9eed-7a4cc889cb7c",4
1763130874000,"0adab909-eb8f-4baf-9eed-7a4cc889cb7c",4
1763130879000,"0adab909-eb8f-4baf-9eed-7a4cc889cb7c",4
1763130884000,"0adab909-eb8f-4baf-9eed-7a4cc889cb7c",4
1763130889000,"0adab909-eb8f-4baf-9eed-7a4cc889cb7c",4
1763130894000,"0adab909-eb8f-4baf-9eed-7a4cc889cb7c",4
1763130900000,"0adab909-eb8f-4baf-9eed-7a4cc889cb7c",4
1763130905000,"0adab909-eb8f-4baf-9eed-7a4cc889cb7c",4
1763130910000,"0adab909-eb8f-4baf-9eed-7a4cc889cb7c",4
1763130915000,"0adab909-eb8f-4baf-9eed-7a4cc889cb7c",4
1763130920000,"0adab909-eb8f-4baf-9eed-7a4cc889cb7c",4
1763130926000,"0adab909-eb8f-4baf-9eed-7a4cc889cb7c",4
1763130931000,"0adab909-eb8f-4baf-9eed-7a4cc889cb7c",4
1763130936000,"0adab909-eb8f-4baf-9eed-7a4cc889cb7c",4
1763130941000,"0adab909-eb8f-4baf-9eed-7a4cc889cb7c",4
1763130947000,"0adab909-eb8f-4baf-9eed-7a4cc889cb7c",4
1763130952000,"0adab909-eb8f-4baf-9eed-7a4cc889cb7c",4
1763130957000,"0adab909-eb8f-4baf-9eed-7a4cc889cb7c",4
1763130962000,"0adab909-eb8f-4baf-9eed-7a4cc889cb7c",4
1763130967000,"0adab909-eb8f-4baf-9eed-7a4cc889cb7c",4
1763130973000,"0adab909-eb8f-4baf-9eed-7a4cc889cb7c",4
1763130978000,"0adab909-eb8f-4baf-9eed-7a4cc889cb7c",4
1763131080000,"0adab909-eb8f-4baf-9eed-7a4cc889cb7c",4
1763131270000,"0adab909-eb8f-4baf-9eed-7a4cc889cb7c",3
1763131271000,"0adab909-eb8f-4baf-9eed-7a4cc889cb7c",3
1763131272000,"0adab909-eb8f-4baf-9eed-7a4cc889cb7c",3
1763131273000,"0adab909-eb8f-4baf-9eed-7a4cc889cb7c",3
1763131275000,"0adab909-eb8f-4baf-9eed-7a4cc889cb7c",3
1763131281000,"0adab909-eb8f-4baf-9eed-7a4cc889cb7c",3
1763131282000,"0adab909-eb8f-4baf-9eed-7a4cc889cb7c",3
1763131334000,"0adab909-eb8f-4baf-9eed-7a4cc889cb7c",4
1763131509000,"0adab909-eb8f-4baf-9eed-7a4cc889cb7c",4
1763131713000,"0adab909-eb8f-4baf-9eed-7a4cc889cb7c",4
1763131934000,"0adab909-eb8f-4baf-9eed-7a4cc889cb7c",3
1763131936000,"0adab909-eb8f-4baf-9eed-7a4cc889cb7c",3
1763132122000,"0adab909-eb8f-4baf-9eed-7a4cc889cb7c",4
1763132239000,"0adab909-eb8f-4baf-9eed-7a4cc889cb7c",4
1763132511000,"0adab909-eb8f-4baf-9eed-7a4cc889cb7c",3
1763132516000,"0adab909-eb8f-4baf-9eed-7a4cc889cb7c",3
1763132521000,"0adab909-eb8f-4baf-9eed-7a4cc889cb7c",3
1763132640000,"0adab909-eb8f-4baf-9eed-7a4cc889cb7c",4
1763132837000,"0adab909-eb8f-4baf-9eed-7a4cc889cb7c",4
1763132898000,"0adab909-eb8f-4baf-9eed-7a4cc889cb7c",4
1763133146000,"0adab909-eb8f-4baf-9eed-7a4cc889cb7c",3
1763133148000,"0adab909-eb8f-4baf-9eed-7a4cc889cb7c",3
1763133213000,"0adab909-eb8f-4baf-9eed-7a4cc889cb7c",4
1763133484000,"0adab909-eb8f-4baf-9eed-7a4cc889cb7c",4
1763133487000,"0adab909-eb8f-4baf-9eed-7a4cc889cb7c",4
1763133825000,"0adab909-eb8f-4baf-9eed-7a4cc889cb7c",3
1763133826000,"0adab909-eb8f-4baf-9eed-7a4cc889cb7c",3
1763133831000,"0adab909-eb8f-4baf-9eed-7a4cc889cb7c",3
1763133832000,"0adab909-eb8f-4baf-9eed-7a4cc889cb7c",3
1763133834000,"0adab909-eb8f-4baf-9eed-7a4cc889cb7c",3
1763133835000,"0adab909-eb8f-4baf-9eed-7a4cc889cb7c",3
1763133836000,"0adab909-eb8f-4baf-9eed-7a4cc889cb7c",3
1763133837000,"0adab909-eb8f-4baf-9eed-7a4cc889cb7c",3
1763133928000,"0adab909-eb8f-4baf-9eed-7a4cc889cb7c",1
1763133929000,"0adab909-eb8f-4baf-9eed-7a4cc889cb7c",1
1763133931000,"0adab909-eb8f-4baf-9eed-7a4cc889cb7c",4
1763133939000,"0adab909-eb8f-4baf-9eed-7a4cc889cb7c",4
1763134049000,"0adab909-eb8f-4baf-9eed-7a4cc889cb7c",2
1763134067000,"0adab909-eb8f-4baf-9eed-7a4cc889cb7c",4
1763134071000,"0adab909-eb8f-4baf-9eed-7a4cc889cb7c",4
1763134076000,"0adab909-eb8f-4baf-9eed-7a4cc889cb7c",4
1763134086000,"0adab909-eb8f-4baf-9eed-7a4cc889cb7c",4
1763134088000,"0adab909-eb8f-4baf-9eed-7a4cc889cb7c",4
1763134106000,"0adab909-eb8f-4baf-9eed-7a4cc889cb7c",4
1763134147000,"0adab909-eb8f-4baf-9eed-7a4cc889cb7c",4
1763134215000,"0adab909-eb8f-4baf-9eed-7a4cc889cb7c",1
1763134217000,"0adab909-eb8f-4baf-9eed-7a4cc889cb7c",2
1763134218000,"0adab909-eb8f-4baf-9eed-7a4cc889cb7c",4
1763134221000,"0adab909-eb8f-4baf-9eed-7a4cc889cb7c",4
1763134224000,"0adab909-eb8f-4baf-9eed-7a4cc889cb7c",4
1763134229000,"0adab909-eb8f-4baf-9eed-7a4cc889cb7c",4
1763134234000,"0adab909-eb8f-4baf-9eed-7a4cc889cb7c",4
1763134239000,"0adab909-eb8f-4baf-9eed-7a4cc889cb7c",4
1763134244000,"0adab909-eb8f-4baf-9eed-7a4cc889cb7c",4
1763134250000,"0adab909-eb8f-4baf-9eed-7a4cc889cb7c",4
1763134255000,"0adab909-eb8f-4baf-9eed-7a4cc889cb7c",4
1763134260000,"0adab909-eb8f-4baf-9eed-7a4cc889cb7c",4
1763134265000,"0adab909-eb8f-4baf-9eed-7a4cc889cb7c",4
1763134271000,"0adab909-eb8f-4baf-9eed-7a4cc889cb7c",4
1763134276000,"0adab909-eb8f-4baf-9eed-7a4cc889cb7c",4
1763134281000,"0adab909-eb8f-4baf-9eed-7a4cc889cb7c",4
1763134286000,"0adab909-eb8f-4baf-9eed-7a4cc889cb7c",4
1763134292000,"0adab909-eb8f-4baf-9eed-7a4cc889cb7c",4
1763134297000,"0adab909-eb8f-4baf-9eed-7a4cc889cb7c",4
1763134302000,"0adab909-eb8f-4baf-9eed-7a4cc889cb7c",4
1763134308000,"0adab909-eb8f-4baf-9eed-7a4cc889cb7c",4
1763134313000,"0adab909-eb8f-4baf-9eed-7a4cc889cb7c",4
1763134318000,"0adab909-eb8f-4baf-9eed-7a4cc889cb7c",4
1763134323000,"0adab909-eb8f-4baf-9eed-7a4cc889cb7c",4
1763134326000,"0adab909-eb8f-4baf-9eed-7a4cc889cb7c",4
1763134327000,"0adab909-eb8f-4baf-9eed-7a4cc889cb7c",1
1763134329000,"0adab909-eb8f-4baf-9eed-7a4cc889cb7c",4
1763134332000,"0adab909-eb8f-4baf-9eed-7a4cc889cb7c",4
1763134335000,"0adab909-eb8f-4baf-9eed-7a4cc889cb7c",3
1763134337000,"0adab909-eb8f-4baf-9eed-7a4cc889cb7c",1
1763134344000,"0adab909-eb8f-4baf-9eed-7a4cc889cb7c",3
1763134385000,"0adab909-eb8f-4baf-9eed-7a4cc889cb7c",4
1763134388000,"0adab909-eb8f-4baf-9eed-7a4cc889cb7c",2
1763134397000,"0adab909-eb8f-4baf-9eed-7a4cc889cb7c",4
1763134445000,"0adab909-eb8f-4baf-9eed-7a4cc889cb7c",4
1763134601000,"0adab909-eb8f-4baf-9eed-7a4cc889cb7c",4
1763134630000,"0adab909-eb8f-4baf-9eed-7a4cc889cb7c",1
1763134658000,"0adab909-eb8f-4baf-9eed-7a4cc889cb7c",1
1763134733000,"0adab909-eb8f-4baf-9eed-7a4cc889cb7c",4
1763134815000,"0adab909-eb8f-4baf-9eed-7a4cc889cb7c",1
1763134816000,"0adab909-eb8f-4baf-9eed-7a4cc889cb7c",1
1763134882000,"0adab909-eb8f-4baf-9eed-7a4cc889cb7c",3
1763134883000,"0adab909-eb8f-4baf-9eed-7a4cc889cb7c",3
1763134884000,"0adab909-eb8f-4baf-9eed-7a4cc889cb7c",3
1763134885000,"0adab909-eb8f-4baf-9eed-7a4cc889cb7c",3
1763134886000,"0adab909-eb8f-4baf-9eed-7a4cc889cb7c",3
1763134887000,"0adab909-eb8f-4baf-9eed-7a4cc889cb7c",3
1763134888000,"0adab909-eb8f-4baf-9eed-7a4cc889cb7c",3
1763134889000,"0adab909-eb8f-4baf-9eed-7a4cc889cb7c",3
1763134890000,"0adab909-eb8f-4baf-9eed-7a4cc889cb7c",3
1763134891000,"0adab909-eb8f-4baf-9eed-7a4cc889cb7c",3
1763134892000,"0adab909-eb8f-4baf-9eed-7a4cc889cb7c",3
1763134894000,"0adab909-eb8f-4baf-9eed-7a4cc889cb7c",3
1763134895000,"0adab909-eb8f-4baf-9eed-7a4cc889cb7c",3
1763134896000,"0adab909-eb8f-4baf-9eed-7a4cc889cb7c",3
1763134897000,"0adab909-eb8f-4baf-9eed-7a4cc889cb7c",3
1763134898000,"0adab909-eb8f-4baf-9eed-7a4cc889cb7c",3
1763134995000,"0adab909-eb8f-4baf-9eed-7a4cc889cb7c",4
1763135001000,"0adab909-eb8f-4baf-9eed-7a4cc889cb7c",2
1763135010000,"0adab909-eb8f-4baf-9eed-7a4cc889cb7c",4
1763135018000,"0adab909-eb8f-4baf-9eed-7a4cc889cb7c",4
1763135075000,"0adab909-eb8f-4baf-9eed-7a4cc889cb7c",4
1763135094000,"0adab909-eb8f-4baf-9eed-7a4cc889cb7c",4
1763135114000,"0adab909-eb8f-4baf-9eed-7a4cc889cb7c",4
1763135154000,"0adab909-eb8f-4baf-9eed-7a4cc889cb7c",4
1763135214000,"0adab909-eb8f-4baf-9eed-7a4cc889cb7c",2
1763135343000,"0adab909-eb8f-4baf-9eed-7a4cc889cb7c",4
1763135345000,"0adab909-eb8f-4baf-9eed-7a4cc889cb7c",4
1763135397000,"0adab909-eb8f-4baf-9eed-7a4cc889cb7c",2
1763135400000,"0adab909-eb8f-4baf-9eed-7a4cc889cb7c",4
1763135471000,"0adab909-eb8f-4baf-9eed-7a4cc889cb7c",4
1763135510000,"0adab909-eb8f-4baf-9eed-7a4cc889cb7c",3
1763135512000,"0adab909-eb8f-4baf-9eed-7a4cc889cb7c",3
1763135515000,"0adab909-eb8f-4baf-9eed-7a4cc889cb7c",3
1763135518000,"0adab909-eb8f-4baf-9eed-7a4cc889cb7c",3
1763135523000,"0adab909-eb8f-4baf-9eed-7a4cc889cb7c",3
1763135530000,"0adab909-eb8f-4baf-9eed-7a4cc889cb7c",3
1763135531000,"0adab909-eb8f-4baf-9eed-7a4cc889cb7c",3
1763135599000,"0adab909-eb8f-4baf-9eed-7a4cc889cb7c",4
1763135602000,"0adab909-eb8f-4baf-9eed-7a4cc889cb7c",4
1763135606000,"0adab909-eb8f-4baf-9eed-7a4cc889cb7c",4
1763135622000,"0adab909-eb8f-4baf-9eed-7a4cc889cb7c",4
1763135910000,"0adab909-eb8f-4baf-9eed-7a4cc889cb7c",4
1763136109000,"0adab909-eb8f-4baf-9eed-7a4cc889cb7c",3
1763136122000,"0adab909-eb8f-4baf-9eed-7a4cc889cb7c",3
1763136178000,"0adab909-eb8f-4baf-9eed-7a4cc889cb7c",4
1763136246000,"0adab909-eb8f-4baf-9eed-7a4cc889cb7c",4
1763136516000,"0adab909-eb8f-4baf-9eed-7a4cc889cb7c",4
1763136722000,"0adab909-eb8f-4baf-9eed-7a4cc889cb7c",3
1763136728000,"0adab909-eb8f-4baf-9eed-7a4cc889cb7c",3
1763136729000,"0adab909-eb8f-4baf-9eed-7a4cc889cb7c",3
1763136731000,"0adab909-eb8f-4baf-9eed-7a4cc889cb7c",1
1763136789000,"0adab909-eb8f-4baf-9eed-7a4cc889cb7c",4
1763136797000,"0adab909-eb8f-4baf-9eed-7a4cc889cb7c",1
1763136799000,"0adab909-eb8f-4baf-9eed-7a4cc889cb7c",1
1763136855000,"0adab909-eb8f-4baf-9eed-7a4cc889cb7c",4
1763137125000,"0adab909-eb8f-4baf-9eed-7a4cc889cb7c",4
1763137327000,"0adab909-eb8f-4baf-9eed-7a4cc889cb7c",3
1763137338000,"0adab909-eb8f-4baf-9eed-7a4cc889cb7c",3
1763137339000,"0adab909-eb8f-4baf-9eed-7a4cc889cb7c",3
1763137396000,"0adab909-eb8f-4baf-9eed-7a4cc889cb7c",4
1763137786000,"0adab909-eb8f-4baf-9eed-7a4cc889cb7c",4
1763138045000,"0adab909-eb8f-4baf-9eed-7a4cc889cb7c",4
1763138112000,"0adab909-eb8f-4baf-9eed-7a4cc889cb7c",3
1763138115000,"0adab909-eb8f-4baf-9eed-7a4cc889cb7c",4
1763138122000,"0adab909-eb8f-4baf-9eed-7a4cc889cb7c",3
1763138125000,"0adab909-eb8f-4baf-9eed-7a4cc889cb7c",3
1763138126000,"0adab909-eb8f-4baf-9eed-7a4cc889cb7c",3
1763138340000,"0adab909-eb8f-4baf-9eed-7a4cc889cb7c",4
1763138367000,"0adab909-eb8f-4baf-9eed-7a4cc889cb7c",1
1763138475000,"0adab909-eb8f-4baf-9eed-7a4cc889cb7c",3
1763138614000,"0adab909-eb8f-4baf-9eed-7a4cc889cb7c",4
1763138809000,"0adab909-eb8f-4baf-9eed-7a4cc889cb7c",1
1763138811000,"0adab909-eb8f-4baf-9eed-7a4cc889cb7c",1
1763138820000,"0adab909-eb8f-4baf-9eed-7a4cc889cb7c",4
1763139000000,"0adab909-eb8f-4baf-9eed-7a4cc889cb7c",4
1763139053000,"0adab909-eb8f-4baf-9eed-7a4cc889cb7c",1
1763139173000,"0adab909-eb8f-4baf-9eed-7a4cc889cb7c",3
1763139417000,"0adab909-eb8f-4baf-9eed-7a4cc889cb7c",4
1763139549000,"0adab909-eb8f-4baf-9eed-7a4cc889cb7c",4
1763139712000,"0adab909-eb8f-4baf-9eed-7a4cc889cb7c",3
1763139716000,"0adab909-eb8f-4baf-9eed-7a4cc889cb7c",4
1763140016000,"0adab909-eb8f-4baf-9eed-7a4cc889cb7c",4
1763140247000,"0adab909-eb8f-4baf-9eed-7a4cc889cb7c",4
1763140543000,"0adab909-eb8f-4baf-9eed-7a4cc889cb7c",3
1763140548000,"0adab909-eb8f-4baf-9eed-7a4cc889cb7c",4
1763140847000,"0adab909-eb8f-4baf-9eed-7a4cc889cb7c",4
1763140914000,"0adab909-eb8f-4baf-9eed-7a4cc889cb7c",3
1763140919000,"0adab909-eb8f-4baf-9eed-7a4cc889cb7c",4
1763140921000,"0adab909-eb8f-4baf-9eed-7a4cc889cb7c",3
1763141146000,"0adab909-eb8f-4baf-9eed-7a4cc889cb7c",4
1763141209000,"0adab909-eb8f-4baf-9eed-7a4cc889cb7c",1
1763141211000,"0adab909-eb8f-4baf-9eed-7a4cc889cb7c",1
1763141445000,"0adab909-eb8f-4baf-9eed-7a4cc889cb7c",4
1763141485000,"0adab909-eb8f-4baf-9eed-7a4cc889cb7c",1
1763141528000,"0adab909-eb8f-4baf-9eed-7a4cc889cb7c",4
1763141606000,"0adab909-eb8f-4baf-9eed-7a4cc889cb7c",3
1763141608000,"0adab909-eb8f-4baf-9eed-7a4cc889cb7c",3
1763141611000,"0adab909-eb8f-4baf-9eed-7a4cc889cb7c",4
1763142064000,"0adab909-eb8f-4baf-9eed-7a4cc889cb7c",4
1763142067000,"0adab909-eb8f-4baf-9eed-7a4cc889cb7c",1
1763142070000,"0adab909-eb8f-4baf-9eed-7a4cc889cb7c",1
1763142188000,"0adab909-eb8f-4baf-9eed-7a4cc889cb7c",4
1763142193000,"0adab909-eb8f-4baf-9eed-7a4cc889cb7c",1
1763142315000,"0adab909-eb8f-4baf-9eed-7a4cc889cb7c",3
1763142320000,"0adab909-eb8f-4baf-9eed-7a4cc889cb7c",4
1763142662000,"0adab909-eb8f-4baf-9eed-7a4cc889cb7c",4
1763142683000,"0adab909-eb8f-4baf-9eed-7a4cc889cb7c",1
1763142685000,"0adab909-eb8f-4baf-9eed-7a4cc889cb7c",1
1763142807000,"0adab909-eb8f-4baf-9eed-7a4cc889cb7c",4
1763142819000,"0adab909-eb8f-4baf-9eed-7a4cc889cb7c",1
1763142940000,"0adab909-eb8f-4baf-9eed-7a4cc889cb7c",3
1763142941000,"0adab909-eb8f-4baf-9eed-7a4cc889cb7c",3
1763142945000,"0adab909-eb8f-4baf-9eed-7a4cc889cb7c",4
1763143222000,"0adab909-eb8f-4baf-9eed-7a4cc889cb7c",1
1763143224000,"0adab909-eb8f-4baf-9eed-7a4cc889cb7c",1
1763143261000,"0adab909-eb8f-4baf-9eed-7a4cc889cb7c",4
1763143405000,"0adab909-eb8f-4baf-9eed-7a4cc889cb7c",1
1763143527000,"0adab909-eb8f-4baf-9eed-7a4cc889cb7c",3
1763143528000,"0adab909-eb8f-4baf-9eed-7a4cc889cb7c",3
1763143530000,"0adab909-eb8f-4baf-9eed-7a4cc889cb7c",4
1763143535000,"0adab909-eb8f-4baf-9eed-7a4cc889cb7c",4
1763143656000,"0adab909-eb8f-4baf-9eed-7a4cc889cb7c",4
1763143726000,"0adab909-eb8f-4baf-9eed-7a4cc889cb7c",4
1763143762000,"0adab909-eb8f-4baf-9eed-7a4cc889cb7c",1
1763143764000,"0adab909-eb8f-4baf-9eed-7a4cc889cb7c",1
1763143894000,"0adab909-eb8f-4baf-9eed-7a4cc889cb7c",3
1763143907000,"0adab909-eb8f-4baf-9eed-7a4cc889cb7c",3
1763143908000,"0adab909-eb8f-4baf-9eed-7a4cc889cb7c",3
1763143967000,"0adab909-eb8f-4baf-9eed-7a4cc889cb7c",4
1763143991000,"0adab909-eb8f-4baf-9eed-7a4cc889cb7c",1
1763144171000,"0adab909-eb8f-4baf-9eed-7a4cc889cb7c",4
1763144308000,"0adab909-eb8f-4baf-9eed-7a4cc889cb7c",4
1763144499000,"0adab909-eb8f-4baf-9eed-7a4cc889cb7c",3
1763144573000,"0adab909-eb8f-4baf-9eed-7a4cc889cb7c",4
1763145017000,"0adab909-eb8f-4baf-9eed-7a4cc889cb7c",4
1763145073000,"0adab909-eb8f-4baf-9eed-7a4cc889cb7c",3
1763145077000,"0adab909-eb8f-4baf-9eed-7a4cc889cb7c",4
1763145079000,"0adab909-eb8f-4baf-9eed-7a4cc889cb7c",3
1763145264000,"0adab909-eb8f-4baf-9eed-7a4cc889cb7c",4
1763145318000,"0adab909-eb8f-4baf-9eed-7a4cc889cb7c",4
1763145470000,"0adab909-eb8f-4baf-9eed-7a4cc889cb7c",4
1763145503000,"0adab909-eb8f-4baf-9eed-7a4cc889cb7c",4
1763145539000,"0adab909-eb8f-4baf-9eed-7a4cc889cb7c",4
1763145674000,"0adab909-eb8f-4baf-9eed-7a4cc889cb7c",3
1763145813000,"0adab909-eb8f-4baf-9eed-7a4cc889cb7c",4
1763146112000,"0adab909-eb8f-4baf-9eed-7a4cc889cb7c",4
1763146345000,"0adab909-eb8f-4baf-9eed-7a4cc889cb7c",3
1763146346000,"0adab909-eb8f-4baf-9eed-7a4cc889cb7c",3
1763146480000,"0adab909-eb8f-4baf-9eed-7a4cc889cb7c",4
1763146687000,"0adab909-eb8f-4baf-9eed-7a4cc889cb7c",4
1763146756000,"0adab909-eb8f-4baf-9eed-7a4cc889cb7c",4
1763146910000,"0adab909-eb8f-4baf-9eed-7a4cc889cb7c",3
1763146980000,"0adab909-eb8f-4baf-9eed-7a4cc889cb7c",4
1763147314000,"0adab909-eb8f-4baf-9eed-7a4cc889cb7c",4
1763147458000,"0adab909-eb8f-4baf-9eed-7a4cc889cb7c",4
1763147535000,"0adab909-eb8f-4baf-9eed-7a4cc889cb7c",3
1763147536000,"0adab909-eb8f-4baf-9eed-7a4cc889cb7c",3
1763147607000,"0adab909-eb8f-4baf-9eed-7a4cc889cb7c",4
1763147947000,"0adab909-eb8f-4baf-9eed-7a4cc889cb7c",1
1763147948000,"0adab909-eb8f-4baf-9eed-7a4cc889cb7c",1
1763147965000,"0adab909-eb8f-4baf-9eed-7a4cc889cb7c",4
1763148096000,"0adab909-eb8f-4baf-9eed-7a4cc889cb7c",3
1763148101000,"0adab909-eb8f-4baf-9eed-7a4cc889cb7c",3
1763148169000,"0adab909-eb8f-4baf-9eed-7a4cc889cb7c",4
1763148215000,"0adab909-eb8f-4baf-9eed-7a4cc889cb7c",1
1763148218000,"0adab909-eb8f-4baf-9eed-7a4cc889cb7c",1
1763148321000,"0adab909-eb8f-4baf-9eed-7a4cc889cb7c",1
1763148522000,"0adab909-eb8f-4baf-9eed-7a4cc889cb7c",1
1763148524000,"0adab909-eb8f-4baf-9eed-7a4cc889cb7c",1
1763148633000,"0adab909-eb8f-4baf-9eed-7a4cc889cb7c",1
1763148674000,"0adab909-eb8f-4baf-9eed-7a4cc889cb7c",3
1763148676000,"0adab909-eb8f-4baf-9eed-7a4cc889cb7c",3
1763148677000,"0adab909-eb8f-4baf-9eed-7a4cc889cb7c",4
1763148759000,"0adab909-eb8f-4baf-9eed-7a4cc889cb7c",4
1763148764000,"0adab909-eb8f-4baf-9eed-7a4cc889cb7c",4
1763149274000,"0adab909-eb8f-4baf-9eed-7a4cc889cb7c",3
1763149278000,"0adab909-eb8f-4baf-9eed-7a4cc889cb7c",4
1763149334000,"0adab909-eb8f-4baf-9eed-7a4cc889cb7c",4
1763149397000,"0adab909-eb8f-4baf-9eed-7a4cc889cb7c",4
1763149809000,"0adab909-eb8f-4baf-9eed-7a4cc889cb7c",4
1763150106000,"0adab909-eb8f-4baf-9eed-7a4cc889cb7c",3
1763150107000,"0adab909-eb8f-4baf-9eed-7a4cc889cb7c",3
1763150110000,"0adab909-eb8f-4baf-9eed-7a4cc889cb7c",4
1763150409000,"0adab909-eb8f-4baf-9eed-7a4cc889cb7c",4
1763150438000,"0adab909-eb8f-4baf-9eed-7a4cc889cb7c",1
1763150440000,"0adab909-eb8f-4baf-9eed-7a4cc889cb7c",1
1763150588000,"0adab909-eb8f-4baf-9eed-7a4cc889cb7c",1
1763150601000,"0adab909-eb8f-4baf-9eed-7a4cc889cb7c",1
1763150603000,"0adab909-eb8f-4baf-9eed-7a4cc889cb7c",1
1763150705000,"0adab909-eb8f-4baf-9eed-7a4cc889cb7c",3
1763150708000,"0adab909-eb8f-4baf-9eed-7a4cc889cb7c",4
1763150715000,"0adab909-eb8f-4baf-9eed-7a4cc889cb7c",3
1763150717000,"0adab909-eb8f-4baf-9eed-7a4cc889cb7c",3
1763150719000,"0adab909-eb8f-4baf-9eed-7a4cc889cb7c",3
1763150819000,"0adab909-eb8f-4baf-9eed-7a4cc889cb7c",4
1763150854000,"0adab909-eb8f-4baf-9eed-7a4cc889cb7c",1
1763150980000,"0adab909-eb8f-4baf-9eed-7a4cc889cb7c",4
1763151371000,"0adab909-eb8f-4baf-9eed-7a4cc889cb7c",3
1763151372000,"0adab909-eb8f-4baf-9eed-7a4cc889cb7c",3
1763151375000,"0adab909-eb8f-4baf-9eed-7a4cc889cb7c",4
1763151610000,"0adab909-eb8f-4baf-9eed-7a4cc889cb7c",4
1763151670000,"0adab909-eb8f-4baf-9eed-7a4cc889cb7c",3
1763151673000,"0adab909-eb8f-4baf-9eed-7a4cc889cb7c",3
1763151675000,"0adab909-eb8f-4baf-9eed-7a4cc889cb7c",4
1763151974000,"0adab909-eb8f-4baf-9eed-7a4cc889cb7c",4
1763152034000,"0adab909-eb8f-4baf-9eed-7a4cc889cb7c",1
1763152040000,"0adab909-eb8f-4baf-9eed-7a4cc889cb7c",1
1763152251000,"0adab909-eb8f-4baf-9eed-7a4cc889cb7c",4
1763152270000,"0adab909-eb8f-4baf-9eed-7a4cc889cb7c",3
1763152271000,"0adab909-eb8f-4baf-9eed-7a4cc889cb7c",3
1763152274000,"0adab909-eb8f-4baf-9eed-7a4cc889cb7c",4
1763152276000,"0adab909-eb8f-4baf-9eed-7a4cc889cb7c",3
1763152277000,"0adab909-eb8f-4baf-9eed-7a4cc889cb7c",3
1763152574000,"0adab909-eb8f-4baf-9eed-7a4cc889cb7c",4
1763152872000,"0adab909-eb8f-4baf-9eed-7a4cc889cb7c",3
1763152875000,"0adab909-eb8f-4baf-9eed-7a4cc889cb7c",4
1763152879000,"0adab909-eb8f-4baf-9eed-7a4cc889cb7c",3
1763152880000,"0adab909-eb8f-4baf-9eed-7a4cc889cb7c",4
1763153176000,"0adab909-eb8f-4baf-9eed-7a4cc889cb7c",4
1763153336000,"0adab909-eb8f-4baf-9eed-7a4cc889cb7c",1
1763153338000,"0adab909-eb8f-4baf-9eed-7a4cc889cb7c",1
1763153408000,"0adab909-eb8f-4baf-9eed-7a4cc889cb7c",4
1763153703000,"0adab909-eb8f-4baf-9eed-7a4cc889cb7c",3
1763153704000,"0adab909-eb8f-4baf-9eed-7a4cc889cb7c",3
1763153705000,"0adab909-eb8f-4baf-9eed-7a4cc889cb7c",3
1763153706000,"0adab909-eb8f-4baf-9eed-7a4cc889cb7c",3
1763153707000,"0adab909-eb8f-4baf-9eed-7a4cc889cb7c",3
1763153708000,"0adab909-eb8f-4baf-9eed-7a4cc889cb7c",3
1763153709000,"0adab909-eb8f-4baf-9eed-7a4cc889cb7c",3
1763153710000,"0adab909-eb8f-4baf-9eed-7a4cc889cb7c",3
1763153711000,"0adab909-eb8f-4baf-9eed-7a4cc889cb7c",3
1763153712000,"0adab909-eb8f-4baf-9eed-7a4cc889cb7c",3
1763153713000,"0adab909-eb8f-4baf-9eed-7a4cc889cb7c",3
1763153714000,"0adab909-eb8f-4baf-9eed-7a4cc889cb7c",3
1763153715000,"0adab909-eb8f-4baf-9eed-7a4cc889cb7c",3
1763153716000,"0adab909-eb8f-4baf-9eed-7a4cc889cb7c",3
1763153962000,"0adab909-eb8f-4baf-9eed-7a4cc889cb7c",4
1763154031000,"0adab909-eb8f-4baf-9eed-7a4cc889cb7c",1
1763154303000,"0adab909-eb8f-4baf-9eed-7a4cc889cb7c",3
1763154306000,"0adab909-eb8f-4baf-9eed-7a4cc889cb7c",3
1763154308000,"0adab909-eb8f-4baf-9eed-7a4cc889cb7c",4
1763154366000,"0adab909-eb8f-4baf-9eed-7a4cc889cb7c",4
1763154531000,"0adab909-eb8f-4baf-9eed-7a4cc889cb7c",1
1763154534000,"0adab909-eb8f-4baf-9eed-7a4cc889cb7c",1
1763154589000,"0adab909-eb8f-4baf-9eed-7a4cc889cb7c",1
1763154608000,"0adab909-eb8f-4baf-9eed-7a4cc889cb7c",4
1763154703000,"0adab909-eb8f-4baf-9eed-7a4cc889cb7c",1
1763154705000,"0adab909-eb8f-4baf-9eed-7a4cc889cb7c",1
1763154905000,"0adab909-eb8f-4baf-9eed-7a4cc889cb7c",3
1763154906000,"0adab909-eb8f-4baf-9eed-7a4cc889cb7c",3
1763154916000,"0adab909-eb8f-4baf-9eed-7a4cc889cb7c",3
1763154917000,"0adab909-eb8f-4baf-9eed-7a4cc889cb7c",3
1763154918000,"0adab909-eb8f-4baf-9eed-7a4cc889cb7c",3
1763155036000,"0adab909-eb8f-4baf-9eed-7a4cc889cb7c",1
1763155161000,"0adab909-eb8f-4baf-9eed-7a4cc889cb7c",4
1763155166000,"0adab909-eb8f-4baf-9eed-7a4cc889cb7c",4
1763155491000,"0adab909-eb8f-4baf-9eed-7a4cc889cb7c",3
1763155492000,"0adab909-eb8f-4baf-9eed-7a4cc889cb7c",3
1763155497000,"0adab909-eb8f-4baf-9eed-7a4cc889cb7c",4
1763155730000,"0adab909-eb8f-4baf-9eed-7a4cc889cb7c",4
1763155808000,"0adab909-eb8f-4baf-9eed-7a4cc889cb7c",1
1763155810000,"0adab909-eb8f-4baf-9eed-7a4cc889cb7c",1
1763155840000,"0adab909-eb8f-4baf-9eed-7a4cc889cb7c",4
1763155843000,"0adab909-eb8f-4baf-9eed-7a4cc889cb7c",1
1763155963000,"0adab909-eb8f-4baf-9eed-7a4cc889cb7c",3
1763155966000,"0adab909-eb8f-4baf-9eed-7a4cc889cb7c",3
1763155968000,"0adab909-eb8f-4baf-9eed-7a4cc889cb7c",3
1763156360000,"0adab909-eb8f-4baf-9eed-7a4cc889cb7c",4
1763156519000,"0adab909-eb8f-4baf-9eed-7a4cc889cb7c",1
1763156521000,"0adab909-eb8f-4baf-9eed-7a4cc889cb7c",1
1763156551000,"0adab909-eb8f-4baf-9eed-7a4cc889cb7c",4
1763156573000,"0adab909-eb8f-4baf-9eed-7a4cc889cb7c",1
1763156692000,"0adab909-eb8f-4baf-9eed-7a4cc889cb7c",3
1763156696000,"0adab909-eb8f-4baf-9eed-7a4cc889cb7c",4
1763156735000,"0adab909-eb8f-4baf-9eed-7a4cc889cb7c",1
1763156737000,"0adab909-eb8f-4baf-9eed-7a4cc889cb7c",1
1763156766000,"0adab909-eb8f-4baf-9eed-7a4cc889cb7c",2
1763156926000,"0adab909-eb8f-4baf-9eed-7a4cc889cb7c",1
1763156971000,"0adab909-eb8f-4baf-9eed-7a4cc889cb7c",4
1763157051000,"0adab909-eb8f-4baf-9eed-7a4cc889cb7c",4
1763157364000,"0adab909-eb8f-4baf-9eed-7a4cc889cb7c",1
1763157367000,"0adab909-eb8f-4baf-9eed-7a4cc889cb7c",1
1763157377000,"0adab909-eb8f-4baf-9eed-7a4cc889cb7c",4
1763157519000,"0adab909-eb8f-4baf-9eed-7a4cc889cb7c",3
1763157520000,"0adab909-eb8f-4baf-9eed-7a4cc889cb7c",3
1763157521000,"0adab909-eb8f-4baf-9eed-7a4cc889cb7c",3
1763157523000,"0adab909-eb8f-4baf-9eed-7a4cc889cb7c",4
1763157532000,"0adab909-eb8f-4baf-9eed-7a4cc889cb7c",3
1763157533000,"0adab909-eb8f-4baf-9eed-7a4cc889cb7c",3
1763157534000,"0adab909-eb8f-4baf-9eed-7a4cc889cb7c",3
1763157559000,"0adab909-eb8f-4baf-9eed-7a4cc889cb7c",1
1763157681000,"0adab909-eb8f-4baf-9eed-7a4cc889cb7c",3
1763157682000,"0adab909-eb8f-4baf-9eed-7a4cc889cb7c",3
1763157685000,"0adab909-eb8f-4baf-9eed-7a4cc889cb7c",4
1763157861000,"0adab909-eb8f-4baf-9eed-7a4cc889cb7c",1
1763157863000,"0adab909-eb8f-4baf-9eed-7a4cc889cb7c",1
1763157909000,"0adab909-eb8f-4baf-9eed-7a4cc889cb7c",1
1763158035000,"0adab909-eb8f-4baf-9eed-7a4cc889cb7c",4
1763158264000,"0adab909-eb8f-4baf-9eed-7a4cc889cb7c",1
1763158267000,"0adab909-eb8f-4baf-9eed-7a4cc889cb7c",1
1763158472000,"0adab909-eb8f-4baf-9eed-7a4cc889cb7c",3
1763158474000,"0adab909-eb8f-4baf-9eed-7a4cc889cb7c",3
1763158483000,"0adab909-eb8f-4baf-9eed-7a4cc889cb7c",3
1763158492000,"0adab909-eb8f-4baf-9eed-7a4cc889cb7c",1
1763158537000,"0adab909-eb8f-4baf-9eed-7a4cc889cb7c",1
1763158538000,"0adab909-eb8f-4baf-9eed-7a4cc889cb7c",1
1763158591000,"0adab909-eb8f-4baf-9eed-7a4cc889cb7c",4
1763158661000,"0adab909-eb8f-4baf-9eed-7a4cc889cb7c",4
1763158865000,"0adab909-eb8f-4baf-9eed-7a4cc889cb7c",4
1763158871000,"0adab909-eb8f-4baf-9eed-7a4cc889cb7c",3
1763158883000,"0adab909-eb8f-4baf-9eed-7a4cc889cb7c",3
1763159143000,"0adab909-eb8f-4baf-9eed-7a4cc889cb7c",4
1763159387000,"0adab909-eb8f-4baf-9eed-7a4cc889cb7c",1
1763159489000,"0adab909-eb8f-4baf-9eed-7a4cc889cb7c",1
1763159491000,"0adab909-eb8f-4baf-9eed-7a4cc889cb7c",1
1763159519000,"0adab909-eb8f-4baf-9eed-7a4cc889cb7c",4
1763159538000,"0adab909-eb8f-4baf-9eed-7a4cc889cb7c",3
1763159539000,"0adab909-eb8f-4baf-9eed-7a4cc889cb7c",3
1763159540000,"0adab909-eb8f-4baf-9eed-7a4cc889cb7c",3
1763159541000,"0adab909-eb8f-4baf-9eed-7a4cc889cb7c",3
1763159542000,"0adab909-eb8f-4baf-9eed-7a4cc889cb7c",3
1763159543000,"0adab909-eb8f-4baf-9eed-7a4cc889cb7c",3
1763159544000,"0adab909-eb8f-4baf-9eed-7a4cc889cb7c",3
1763159545000,"0adab909-eb8f-4baf-9eed-7a4cc889cb7c",3
1763159546000,"0adab909-eb8f-4baf-9eed-7a4cc889cb7c",3
1763159547000,"0adab909-eb8f-4baf-9eed-7a4cc889cb7c",3
1763159548000,"0adab909-eb8f-4baf-9eed-7a4cc889cb7c",3
1763159549000,"0adab909-eb8f-4baf-9eed-7a4cc889cb7c",3
1763159550000,"0adab909-eb8f-4baf-9eed-7a4cc889cb7c",3
1763159551000,"0adab909-eb8f-4baf-9eed-7a4cc889cb7c",3
1763159552000,"0adab909-eb8f-4baf-9eed-7a4cc889cb7c",3
1763159553000,"0adab909-eb8f-4baf-9eed-7a4cc889cb7c",3
1763159803000,"0adab909-eb8f-4baf-9eed-7a4cc889cb7c",4
1763160078000,"0adab909-eb8f-4baf-9eed-7a4cc889cb7c",3
1763160079000,"0adab909-eb8f-4baf-9eed-7a4cc889cb7c",3
1763160080000,"0adab909-eb8f-4baf-9eed-7a4cc889cb7c",3
1763160081000,"0adab909-eb8f-4baf-9eed-7a4cc889cb7c",3
1763160082000,"0adab909-eb8f-4baf-9eed-7a4cc889cb7c",3
1763160083000,"0adab909-eb8f-4baf-9eed-7a4cc889cb7c",3
1763160084000,"0adab909-eb8f-4baf-9eed-7a4cc889cb7c",3
1763160085000,"0adab909-eb8f-4baf-9eed-7a4cc889cb7c",3
1763160087000,"0adab909-eb8f-4baf-9eed-7a4cc889cb7c",3
1763160088000,"0adab909-eb8f-4baf-9eed-7a4cc889cb7c",3
1763160089000,"0adab909-eb8f-4baf-9eed-7a4cc889cb7c",3
1763160090000,"0adab909-eb8f-4baf-9eed-7a4cc889cb7c",3
1763160091000,"0adab909-eb8f-4baf-9eed-7a4cc889cb7c",3
1763160093000,"0adab909-eb8f-4baf-9eed-7a4cc889cb7c",3
1763160151000,"0adab909-eb8f-4baf-9eed-7a4cc889cb7c",4
1763160427000,"0adab909-eb8f-4baf-9eed-7a4cc889cb7c",4
1763160831000,"0adab909-eb8f-4baf-9eed-7a4cc889cb7c",3
1763160833000,"0adab909-eb8f-4baf-9eed-7a4cc889cb7c",3
1763160835000,"0adab909-eb8f-4baf-9eed-7a4cc889cb7c",4
1763160836000,"0adab909-eb8f-4baf-9eed-7a4cc889cb7c",3
1763160844000,"0adab909-eb8f-4baf-9eed-7a4cc889cb7c",3
1763160845000,"0adab909-eb8f-4baf-9eed-7a4cc889cb7c",3
1763160846000,"0adab909-eb8f-4baf-9eed-7a4cc889cb7c",3
1763161134000,"0adab909-eb8f-4baf-9eed-7a4cc889cb7c",4
1763161431000,"0adab909-eb8f-4baf-9eed-7a4cc889cb7c",3
1763161435000,"0adab909-eb8f-4baf-9eed-7a4cc889cb7c",4
1763161444000,"0adab909-eb8f-4baf-9eed-7a4cc889cb7c",3
1763161447000,"0adab909-eb8f-4baf-9eed-7a4cc889cb7c",3
1763161619000,"0adab909-eb8f-4baf-9eed-7a4cc889cb7c",4
1763161735000,"0adab909-eb8f-4baf-9eed-7a4cc889cb7c",4
1763162031000,"0adab909-eb8f-4baf-9eed-7a4cc889cb7c",3
1763162033000,"0adab909-eb8f-4baf-9eed-7a4cc889cb7c",3
1763162034000,"0adab909-eb8f-4baf-9eed-7a4cc889cb7c",4
1763162044000,"0adab909-eb8f-4baf-9eed-7a4cc889cb7c",3
1763162045000,"0adab909-eb8f-4baf-9eed-7a4cc889cb7c",3
1763162335000,"0adab909-eb8f-4baf-9eed-7a4cc889cb7c",4
1763162547000,"0adab909-eb8f-4baf-9eed-7a4cc889cb7c",1
1763162548000,"0adab909-eb8f-4baf-9eed-7a4cc889cb7c",4
1763162563000,"0adab909-eb8f-4baf-9eed-7a4cc889cb7c",3
1763162931000,"0adab909-eb8f-4baf-9eed-7a4cc889cb7c",4
1763163192000,"0adab909-eb8f-4baf-9eed-7a4cc889cb7c",4
1763163232000,"0adab909-eb8f-4baf-9eed-7a4cc889cb7c",4
1763163233000,"0adab909-eb8f-4baf-9eed-7a4cc889cb7c",3
1763163531000,"0adab909-eb8f-4baf-9eed-7a4cc889cb7c",4
1763163831000,"0adab909-eb8f-4baf-9eed-7a4cc889cb7c",3
1763163832000,"0adab909-eb8f-4baf-9eed-7a4cc889cb7c",3
1763163834000,"0adab909-eb8f-4baf-9eed-7a4cc889cb7c",4
1763164132000,"0adab909-eb8f-4baf-9eed-7a4cc889cb7c",4
1763164364000,"0adab909-eb8f-4baf-9eed-7a4cc889cb7c",3
1763164366000,"0adab909-eb8f-4baf-9eed-7a4cc889cb7c",3
1763164665000,"0adab909-eb8f-4baf-9eed-7a4cc889cb7c",4
1763164668000,"0adab909-eb8f-4baf-9eed-7a4cc889cb7c",4
1763164964000,"0adab909-eb8f-4baf-9eed-7a4cc889cb7c",4
1763164966000,"0adab909-eb8f-4baf-9eed-7a4cc889cb7c",3
1763165152000,"0adab909-eb8f-4baf-9eed-7a4cc889cb7c",4
1763165564000,"0adab909-eb8f-4baf-9eed-7a4cc889cb7c",4
1763165565000,"0adab909-eb8f-4baf-9eed-7a4cc889cb7c",3
1763165567000,"0adab909-eb8f-4baf-9eed-7a4cc889cb7c",4
1763165570000,"0adab909-eb8f-4baf-9eed-7a4cc889cb7c",3
1763165687000,"0adab909-eb8f-4baf-9eed-7a4cc889cb7c",4
1763166225000,"0adab909-eb8f-4baf-9eed-7a4cc889cb7c",4
1763166228000,"0adab909-eb8f-4baf-9eed-7a4cc889cb7c",3
1763166229000,"0adab909-eb8f-4baf-9eed-7a4cc889cb7c",3
1763166681000,"0adab909-eb8f-4baf-9eed-7a4cc889cb7c",4
1763166682000,"0adab909-eb8f-4baf-9eed-7a4cc889cb7c",3
1763166684000,"0adab909-eb8f-4baf-9eed-7a4cc889cb7c",3
1763166980000,"0adab909-eb8f-4baf-9eed-7a4cc889cb7c",4
1763167281000,"0adab909-eb8f-4baf-9eed-7a4cc889cb7c",4
1763167283000,"0adab909-eb8f-4baf-9eed-7a4cc889cb7c",3
1763167287000,"0adab909-eb8f-4baf-9eed-7a4cc889cb7c",3
1763167581000,"0adab909-eb8f-4baf-9eed-7a4cc889cb7c",4
1763167881000,"0adab909-eb8f-4baf-9eed-7a4cc889cb7c",4
1763167882000,"0adab909-eb8f-4baf-9eed-7a4cc889cb7c",3
1763168325000,"0adab909-eb8f-4baf-9eed-7a4cc889cb7c",4
1763168556000,"0adab909-eb8f-4baf-9eed-7a4cc889cb7c",4
1763168557000,"0adab909-eb8f-4baf-9eed-7a4cc889cb7c",3
1763168856000,"0adab909-eb8f-4baf-9eed-7a4cc889cb7c",4
1763169156000,"0adab909-eb8f-4baf-9eed-7a4cc889cb7c",4
1763169157000,"0adab909-eb8f-4baf-9eed-7a4cc889cb7c",3
1763169158000,"0adab909-eb8f-4baf-9eed-7a4cc889cb7c",3
1763169161000,"0adab909-eb8f-4baf-9eed-7a4cc889cb7c",3
1763169456000,"0adab909-eb8f-4baf-9eed-7a4cc889cb7c",4
1763169756000,"0adab909-eb8f-4baf-9eed-7a4cc889cb7c",3
1763169757000,"0adab909-eb8f-4baf-9eed-7a4cc889cb7c",3
1763169765000,"0adab909-eb8f-4baf-9eed-7a4cc889cb7c",3
1763169845000,"0adab909-eb8f-4baf-9eed-7a4cc889cb7c",4
1763170056000,"0adab909-eb8f-4baf-9eed-7a4cc889cb7c",4
1763170429000,"0adab909-eb8f-4baf-9eed-7a4cc889cb7c",4
1763170430000,"0adab909-eb8f-4baf-9eed-7a4cc889cb7c",3
1763170431000,"0adab909-eb8f-4baf-9eed-7a4cc889cb7c",3
1763170729000,"0adab909-eb8f-4baf-9eed-7a4cc889cb7c",4
1763171028000,"0adab909-eb8f-4baf-9eed-7a4cc889cb7c",4
1763171031000,"0adab909-eb8f-4baf-9eed-7a4cc889cb7c",3
1763171034000,"0adab909-eb8f-4baf-9eed-7a4cc889cb7c",3
1763171040000,"0adab909-eb8f-4baf-9eed-7a4cc889cb7c",3
1763171328000,"0adab909-eb8f-4baf-9eed-7a4cc889cb7c",4
1763171629000,"0adab909-eb8f-4baf-9eed-7a4cc889cb7c",3
1763171928000,"0adab909-eb8f-4baf-9eed-7a4cc889cb7c",4
1763172263000,"0adab909-eb8f-4baf-9eed-7a4cc889cb7c",3
1763172273000,"0adab909-eb8f-4baf-9eed-7a4cc889cb7c",3
1763172563000,"0adab909-eb8f-4baf-9eed-7a4cc889cb7c",4
1763172864000,"0adab909-eb8f-4baf-9eed-7a4cc889cb7c",4
1763172866000,"0adab909-eb8f-4baf-9eed-7a4cc889cb7c",3
1763173164000,"0adab909-eb8f-4baf-9eed-7a4cc889cb7c",4
1763173463000,"0adab909-eb8f-4baf-9eed-7a4cc889cb7c",4
1763173764000,"0adab909-eb8f-4baf-9eed-7a4cc889cb7c",4
1763173996000,"0adab909-eb8f-4baf-9eed-7a4cc889cb7c",4
1763173997000,"0adab909-eb8f-4baf-9eed-7a4cc889cb7c",3
1763174296000,"0adab909-eb8f-4baf-9eed-7a4cc889cb7c",4
1763174596000,"0adab909-eb8f-4baf-9eed-7a4cc889cb7c",4
1763174597000,"0adab909-eb8f-4baf-9eed-7a4cc889cb7c",3
1763174601000,"0adab909-eb8f-4baf-9eed-7a4cc889cb7c",3
1763174602000,"0adab909-eb8f-4baf-9eed-7a4cc889cb7c",3
1763174896000,"0adab909-eb8f-4baf-9eed-7a4cc889cb7c",4
1763175196000,"0adab909-eb8f-4baf-9eed-7a4cc889cb7c",4
1763175198000,"0adab909-eb8f-4baf-9eed-7a4cc889cb7c",3
1763175496000,"0adab909-eb8f-4baf-9eed-7a4cc889cb7c",4
1763175796000,"0adab909-eb8f-4baf-9eed-7a4cc889cb7c",4
1763175797000,"0adab909-eb8f-4baf-9eed-7a4cc889cb7c",3
1763175798000,"0adab909-eb8f-4baf-9eed-7a4cc889cb7c",3
1763176028000,"0adab909-eb8f-4baf-9eed-7a4cc889cb7c",4
1763176328000,"0adab909-eb8f-4baf-9eed-7a4cc889cb7c",3
1763176329000,"0adab909-eb8f-4baf-9eed-7a4cc889cb7c",3
1763176628000,"0adab909-eb8f-4baf-9eed-7a4cc889cb7c",4
1763176928000,"0adab909-eb8f-4baf-9eed-7a4cc889cb7c",4
1763176929000,"0adab909-eb8f-4baf-9eed-7a4cc889cb7c",3
1763176932000,"0adab909-eb8f-4baf-9eed-7a4cc889cb7c",3
1763177080000,"0adab909-eb8f-4baf-9eed-7a4cc889cb7c",4
1763177083000,"0adab909-eb8f-4baf-9eed-7a4cc889cb7c",4
1763177528000,"0adab909-eb8f-4baf-9eed-7a4cc889cb7c",4
1763177529000,"0adab909-eb8f-4baf-9eed-7a4cc889cb7c",3
1763177530000,"0adab909-eb8f-4baf-9eed-7a4cc889cb7c",3
1763177828000,"0adab909-eb8f-4baf-9eed-7a4cc889cb7c",4
1763178060000,"0adab909-eb8f-4baf-9eed-7a4cc889cb7c",4
1763178360000,"0adab909-eb8f-4baf-9eed-7a4cc889cb7c",3
1763178361000,"0adab909-eb8f-4baf-9eed-7a4cc889cb7c",3
1763178660000,"0adab909-eb8f-4baf-9eed-7a4cc889cb7c",4
1763178960000,"0adab909-eb8f-4baf-9eed-7a4cc889cb7c",4
1763178961000,"0adab909-eb8f-4baf-9eed-7a4cc889cb7c",3
1763178962000,"0adab909-eb8f-4baf-9eed-7a4cc889cb7c",3
1763179260000,"0adab909-eb8f-4baf-9eed-7a4cc889cb7c",4
1763179560000,"0adab909-eb8f-4baf-9eed-7a4cc889cb7c",4
1763179562000,"0adab909-eb8f-4baf-9eed-7a4cc889cb7c",3
1763179564000,"0adab909-eb8f-4baf-9eed-7a4cc889cb7c",3
1763179571000,"0adab909-eb8f-4baf-9eed-7a4cc889cb7c",3
1763179885000,"0adab909-eb8f-4baf-9eed-7a4cc889cb7c",4
1763180191000,"0adab909-eb8f-4baf-9eed-7a4cc889cb7c",4
1763180192000,"0adab909-eb8f-4baf-9eed-7a4cc889cb7c",3
1763180195000,"0adab909-eb8f-4baf-9eed-7a4cc889cb7c",3
1763180492000,"0adab909-eb8f-4baf-9eed-7a4cc889cb7c",4
1763180494000,"0adab909-eb8f-4baf-9eed-7a4cc889cb7c",3
1763180792000,"0adab909-eb8f-4baf-9eed-7a4cc889cb7c",4
1763181091000,"0adab909-eb8f-4baf-9eed-7a4cc889cb7c",4
1763181092000,"0adab909-eb8f-4baf-9eed-7a4cc889cb7c",3
1763181098000,"0adab909-eb8f-4baf-9eed-7a4cc889cb7c",3
1763181104000,"0adab909-eb8f-4baf-9eed-7a4cc889cb7c",3
1763181392000,"0adab909-eb8f-4baf-9eed-7a4cc889cb7c",4
1763181692000,"0adab909-eb8f-4baf-9eed-7a4cc889cb7c",4
1763181693000,"0adab909-eb8f-4baf-9eed-7a4cc889cb7c",3
1763181697000,"0adab909-eb8f-4baf-9eed-7a4cc889cb7c",3
1763181924000,"0adab909-eb8f-4baf-9eed-7a4cc889cb7c",4
1763182224000,"0adab909-eb8f-4baf-9eed-7a4cc889cb7c",4
1763182523000,"0adab909-eb8f-4baf-9eed-7a4cc889cb7c",4
1763182527000,"0adab909-eb8f-4baf-9eed-7a4cc889cb7c",3
1763182528000,"0adab909-eb8f-4baf-9eed-7a4cc889cb7c",3
1763182824000,"0adab909-eb8f-4baf-9eed-7a4cc889cb7c",4
1763183124000,"0adab909-eb8f-4baf-9eed-7a4cc889cb7c",4
1763183128000,"0adab909-eb8f-4baf-9eed-7a4cc889cb7c",3
1763183129000,"0adab909-eb8f-4baf-9eed-7a4cc889cb7c",3
1763183424000,"0adab909-eb8f-4baf-9eed-7a4cc889cb7c",4
1763183724000,"0adab909-eb8f-4baf-9eed-7a4cc889cb7c",4
1763183725000,"0adab909-eb8f-4baf-9eed-7a4cc889cb7c",3
1763183731000,"0adab909-eb8f-4baf-9eed-7a4cc889cb7c",3
1763183956000,"0adab909-eb8f-4baf-9eed-7a4cc889cb7c",4
1763184256000,"0adab909-eb8f-4baf-9eed-7a4cc889cb7c",4
1763184257000,"0adab909-eb8f-4baf-9eed-7a4cc889cb7c",3
1763184556000,"0adab909-eb8f-4baf-9eed-7a4cc889cb7c",4
1763184569000,"0adab909-eb8f-4baf-9eed-7a4cc889cb7c",4
1763184572000,"0adab909-eb8f-4baf-9eed-7a4cc889cb7c",4
1763184690000,"0adab909-eb8f-4baf-9eed-7a4cc889cb7c",4
1763184691000,"0adab909-eb8f-4baf-9eed-7a4cc889cb7c",3
1763184693000,"0adab909-eb8f-4baf-9eed-7a4cc889cb7c",3
1763184697000,"0adab909-eb8f-4baf-9eed-7a4cc889cb7c",3
1763185156000,"0adab909-eb8f-4baf-9eed-7a4cc889cb7c",4
1763185202000,"0adab909-eb8f-4baf-9eed-7a4cc889cb7c",1
1763185216000,"0adab909-eb8f-4baf-9eed-7a4cc889cb7c",1
1763185218000,"0adab909-eb8f-4baf-9eed-7a4cc889cb7c",1
1763185456000,"0adab909-eb8f-4baf-9eed-7a4cc889cb7c",4
1763185457000,"0adab909-eb8f-4baf-9eed-7a4cc889cb7c",3
1763185459000,"0adab909-eb8f-4baf-9eed-7a4cc889cb7c",4
1763185502000,"0adab909-eb8f-4baf-9eed-7a4cc889cb7c",1
1763185511000,"0adab909-eb8f-4baf-9eed-7a4cc889cb7c",1
1763185733000,"0adab909-eb8f-4baf-9eed-7a4cc889cb7c",4
1763185817000,"0adab909-eb8f-4baf-9eed-7a4cc889cb7c",4
1763186320000,"0adab909-eb8f-4baf-9eed-7a4cc889cb7c",3
1763186321000,"0adab909-eb8f-4baf-9eed-7a4cc889cb7c",3
1763186323000,"0adab909-eb8f-4baf-9eed-7a4cc889cb7c",4
1763186402000,"0adab909-eb8f-4baf-9eed-7a4cc889cb7c",1
1763186403000,"0adab909-eb8f-4baf-9eed-7a4cc889cb7c",3
1763186413000,"0adab909-eb8f-4baf-9eed-7a4cc889cb7c",1
1763186633000,"0adab909-eb8f-4baf-9eed-7a4cc889cb7c",4
1763186634000,"0adab909-eb8f-4baf-9eed-7a4cc889cb7c",3
1763186933000,"0adab909-eb8f-4baf-9eed-7a4cc889cb7c",4
1763186936000,"0adab909-eb8f-4baf-9eed-7a4cc889cb7c",4
1763187061000,"0adab909-eb8f-4baf-9eed-7a4cc889cb7c",4
1763187520000,"0adab909-eb8f-4baf-9eed-7a4cc889cb7c",4
1763187521000,"0adab909-eb8f-4baf-9eed-7a4cc889cb7c",3
1763187522000,"0adab909-eb8f-4baf-9eed-7a4cc889cb7c",3
1763187654000,"0adab909-eb8f-4baf-9eed-7a4cc889cb7c",4
1763187657000,"0adab909-eb8f-4baf-9eed-7a4cc889cb7c",4
1763188052000,"0adab909-eb8f-4baf-9eed-7a4cc889cb7c",4
1763188053000,"0adab909-eb8f-4baf-9eed-7a4cc889cb7c",3
1763188058000,"0adab909-eb8f-4baf-9eed-7a4cc889cb7c",3
1763188059000,"0adab909-eb8f-4baf-9eed-7a4cc889cb7c",3
1763188352000,"0adab909-eb8f-4baf-9eed-7a4cc889cb7c",3
1763188353000,"0adab909-eb8f-4baf-9eed-7a4cc889cb7c",3
1763188355000,"0adab909-eb8f-4baf-9eed-7a4cc889cb7c",4
1763188652000,"0adab909-eb8f-4baf-9eed-7a4cc889cb7c",4
1763188922000,"0adab909-eb8f-4baf-9eed-7a4cc889cb7c",4
1763188924000,"0adab909-eb8f-4baf-9eed-7a4cc889cb7c",3
1763188931000,"0adab909-eb8f-4baf-9eed-7a4cc889cb7c",3
1763189252000,"0adab909-eb8f-4baf-9eed-7a4cc889cb7c",4
1763189552000,"0adab909-eb8f-4baf-9eed-7a4cc889cb7c",4
1763189553000,"0adab909-eb8f-4baf-9eed-7a4cc889cb7c",3
1763189784000,"0adab909-eb8f-4baf-9eed-7a4cc889cb7c",4
1763190084000,"0adab909-eb8f-4baf-9eed-7a4cc889cb7c",4
1763190085000,"0adab909-eb8f-4baf-9eed-7a4cc889cb7c",3
1763190087000,"0adab909-eb8f-4baf-9eed-7a4cc889cb7c",3
1763190243000,"0adab909-eb8f-4baf-9eed-7a4cc889cb7c",4
1763190684000,"0adab909-eb8f-4baf-9eed-7a4cc889cb7c",4
1763190687000,"0adab909-eb8f-4baf-9eed-7a4cc889cb7c",3
1763190984000,"0adab909-eb8f-4baf-9eed-7a4cc889cb7c",4
1763191284000,"0adab909-eb8f-4baf-9eed-7a4cc889cb7c",4
1763191286000,"0adab909-eb8f-4baf-9eed-7a4cc889cb7c",3
1763191564000,"0adab909-eb8f-4baf-9eed-7a4cc889cb7c",4
1763191921000,"0adab909-eb8f-4baf-9eed-7a4cc889cb7c",4
1763191922000,"0adab909-eb8f-4baf-9eed-7a4cc889cb7c",3
1763192221000,"0adab909-eb8f-4baf-9eed-7a4cc889cb7c",4
1763192521000,"0adab909-eb8f-4baf-9eed-7a4cc889cb7c",3
1763192522000,"0adab909-eb8f-4baf-9eed-7a4cc889cb7c",3
1763192541000,"0adab909-eb8f-4baf-9eed-7a4cc889cb7c",4
1763192820000,"0adab909-eb8f-4baf-9eed-7a4cc889cb7c",4
1763193121000,"0adab909-eb8f-4baf-9eed-7a4cc889cb7c",4
1763193122000,"0adab909-eb8f-4baf-9eed-7a4cc889cb7c",3
1763193421000,"0adab909-eb8f-4baf-9eed-7a4cc889cb7c",4
1763193653000,"0adab909-eb8f-4baf-9eed-7a4cc889cb7c",4
1763193952000,"0adab909-eb8f-4baf-9eed-7a4cc889cb7c",4
1763193953000,"0adab909-eb8f-4baf-9eed-7a4cc889cb7c",3
1763194253000,"0adab909-eb8f-4baf-9eed-7a4cc889cb7c",4
1763194553000,"0adab909-eb8f-4baf-9eed-7a4cc889cb7c",4
1763194555000,"0adab909-eb8f-4baf-9eed-7a4cc889cb7c",3
1763194852000,"0adab909-eb8f-4baf-9eed-7a4cc889cb7c",4
1763195153000,"0adab909-eb8f-4baf-9eed-7a4cc889cb7c",4
1763195154000,"0adab909-eb8f-4baf-9eed-7a4cc889cb7c",3
1763195453000,"0adab909-eb8f-4baf-9eed-7a4cc889cb7c",4
1763195685000,"0adab909-eb8f-4baf-9eed-7a4cc889cb7c",4
1763195686000,"0adab909-eb8f-4baf-9eed-7a4cc889cb7c",3
1763195985000,"0adab909-eb8f-4baf-9eed-7a4cc889cb7c",4
1763196285000,"0adab909-eb8f-4baf-9eed-7a4cc889cb7c",4
1763196286000,"0adab909-eb8f-4baf-9eed-7a4cc889cb7c",3
1763196585000,"0adab909-eb8f-4baf-9eed-7a4cc889cb7c",4
1763196885000,"0adab909-eb8f-4baf-9eed-7a4cc889cb7c",3
1763197184000,"0adab909-eb8f-4baf-9eed-7a4cc889cb7c",4
1763197369000,"0adab909-eb8f-4baf-9eed-7a4cc889cb7c",1
1763197380000,"0adab909-eb8f-4baf-9eed-7a4cc889cb7c",1
1763197382000,"0adab909-eb8f-4baf-9eed-7a4cc889cb7c",1
1763197384000,"0adab909-eb8f-4baf-9eed-7a4cc889cb7c",1
1763197387000,"0adab909-eb8f-4baf-9eed-7a4cc889cb7c",4
1763197392000,"0adab909-eb8f-4baf-9eed-7a4cc889cb7c",4
1763197408000,"0adab909-eb8f-4baf-9eed-7a4cc889cb7c",3
1763197413000,"0adab909-eb8f-4baf-9eed-7a4cc889cb7c",3
1763197420000,"0adab909-eb8f-4baf-9eed-7a4cc889cb7c",3
1763197679000,"0adab909-eb8f-4baf-9eed-7a4cc889cb7c",4
1763197882000,"0adab909-eb8f-4baf-9eed-7a4cc889cb7c",3
1763197893000,"0adab909-eb8f-4baf-9eed-7a4cc889cb7c",3
1763198017000,"0adab909-eb8f-4baf-9eed-7a4cc889cb7c",4
1763198021000,"0adab909-eb8f-4baf-9eed-7a4cc889cb7c",4
1763198500000,"0adab909-eb8f-4baf-9eed-7a4cc889cb7c",3
1763198504000,"0adab909-eb8f-4baf-9eed-7a4cc889cb7c",4
1763198506000,"0adab909-eb8f-4baf-9eed-7a4cc889cb7c",3
1763198513000,"0adab909-eb8f-4baf-9eed-7a4cc889cb7c",3
1763198514000,"0adab909-eb8f-4baf-9eed-7a4cc889cb7c",3
1763198804000,"0adab909-eb8f-4baf-9eed-7a4cc889cb7c",4
1763199101000,"0adab909-eb8f-4baf-9eed-7a4cc889cb7c",3
1763199102000,"0adab909-eb8f-4baf-9eed-7a4cc889cb7c",3
1763199104000,"0adab909-eb8f-4baf-9eed-7a4cc889cb7c",4
1763199114000,"0adab909-eb8f-4baf-9eed-7a4cc889cb7c",3
1763199115000,"0adab909-eb8f-4baf-9eed-7a4cc889cb7c",3
1763199414000,"0adab909-eb8f-4baf-9eed-7a4cc889cb7c",4
1763199418000,"0adab909-eb8f-4baf-9eed-7a4cc889cb7c",4
1763199711000,"0adab909-eb8f-4baf-9eed-7a4cc889cb7c",3
1763199714000,"0adab909-eb8f-4baf-9eed-7a4cc889cb7c",4
1763199724000,"0adab909-eb8f-4baf-9eed-7a4cc889cb7c",3
1763200014000,"0adab909-eb8f-4baf-9eed-7a4cc889cb7c",4
1763200278000,"0adab909-eb8f-4baf-9eed-7a4cc889cb7c",4
1763200311000,"0adab909-eb8f-4baf-9eed-7a4cc889cb7c",3
1763200314000,"0adab909-eb8f-4baf-9eed-7a4cc889cb7c",4
1763200318000,"0adab909-eb8f-4baf-9eed-7a4cc889cb7c",3
1763200324000,"0adab909-eb8f-4baf-9eed-7a4cc889cb7c",3
1763200325000,"0adab909-eb8f-4baf-9eed-7a4cc889cb7c",3
1763200392000,"0adab909-eb8f-4baf-9eed-7a4cc889cb7c",1
1763200519000,"0adab909-eb8f-4baf-9eed-7a4cc889cb7c",4
1763200915000,"0adab909-eb8f-4baf-9eed-7a4cc889cb7c",3
1763200916000,"0adab909-eb8f-4baf-9eed-7a4cc889cb7c",3
1763200917000,"0adab909-eb8f-4baf-9eed-7a4cc889cb7c",4
1763200922000,"0adab909-eb8f-4baf-9eed-7a4cc889cb7c",4
1763201049000,"0adab909-eb8f-4baf-9eed-7a4cc889cb7c",4
1763201521000,"0adab909-eb8f-4baf-9eed-7a4cc889cb7c",3
1763201522000,"0adab909-eb8f-4baf-9eed-7a4cc889cb7c",3
1763201524000,"0adab909-eb8f-4baf-9eed-7a4cc889cb7c",3
1763201526000,"0adab909-eb8f-4baf-9eed-7a4cc889cb7c",4
1763201531000,"0adab909-eb8f-4baf-9eed-7a4cc889cb7c",4
1763201827000,"0adab909-eb8f-4baf-9eed-7a4cc889cb7c",4
1763202118000,"0adab909-eb8f-4baf-9eed-7a4cc889cb7c",1
1763202119000,"0adab909-eb8f-4baf-9eed-7a4cc889cb7c",1
1763202121000,"0adab909-eb8f-4baf-9eed-7a4cc889cb7c",3
1763202123000,"0adab909-eb8f-4baf-9eed-7a4cc889cb7c",4
1763202127000,"0adab909-eb8f-4baf-9eed-7a4cc889cb7c",3
1763202132000,"0adab909-eb8f-4baf-9eed-7a4cc889cb7c",3
1763202134000,"0adab909-eb8f-4baf-9eed-7a4cc889cb7c",3
1763202149000,"0adab909-eb8f-4baf-9eed-7a4cc889cb7c",4
1763202423000,"0adab909-eb8f-4baf-9eed-7a4cc889cb7c",4
1763202623000,"0adab909-eb8f-4baf-9eed-7a4cc889cb7c",1
1763202701000,"0adab909-eb8f-4baf-9eed-7a4cc889cb7c",1
1763202703000,"0adab909-eb8f-4baf-9eed-7a4cc889cb7c",1
1763202719000,"0adab909-eb8f-4baf-9eed-7a4cc889cb7c",3
1763202724000,"0adab909-eb8f-4baf-9eed-7a4cc889cb7c",4
1763202732000,"0adab909-eb8f-4baf-9eed-7a4cc889cb7c",3
1763202733000,"0adab909-eb8f-4baf-9eed-7a4cc889cb7c",3
1763202777000,"0adab909-eb8f-4baf-9eed-7a4cc889cb7c",4
1763202778000,"0adab909-eb8f-4baf-9eed-7a4cc889cb7c",1
1763202844000,"0adab909-eb8f-4baf-9eed-7a4cc889cb7c",4
1763202882000,"0adab909-eb8f-4baf-9eed-7a4cc889cb7c",1
1763202884000,"0adab909-eb8f-4baf-9eed-7a4cc889cb7c",1
1763202911000,"0adab909-eb8f-4baf-9eed-7a4cc889cb7c",4
1763203029000,"0adab909-eb8f-4baf-9eed-7a4cc889cb7c",1
1763203182000,"0adab909-eb8f-4baf-9eed-7a4cc889cb7c",4
1763203273000,"0adab909-eb8f-4baf-9eed-7a4cc889cb7c",1
1763203275000,"0adab909-eb8f-4baf-9eed-7a4cc889cb7c",1
1763203312000,"0adab909-eb8f-4baf-9eed-7a4cc889cb7c",3
1763203325000,"0adab909-eb8f-4baf-9eed-7a4cc889cb7c",3
1763203380000,"0adab909-eb8f-4baf-9eed-7a4cc889cb7c",4
1763203451000,"0adab909-eb8f-4baf-9eed-7a4cc889cb7c",4
1763203551000,"0adab909-eb8f-4baf-9eed-7a4cc889cb7c",1
1763203654000,"0adab909-eb8f-4baf-9eed-7a4cc889cb7c",1
1763203658000,"0adab909-eb8f-4baf-9eed-7a4cc889cb7c",1
1763203780000,"0adab909-eb8f-4baf-9eed-7a4cc889cb7c",4
1763203931000,"0adab909-eb8f-4baf-9eed-7a4cc889cb7c",3
1763203942000,"0adab909-eb8f-4baf-9eed-7a4cc889cb7c",3
1763203944000,"0adab909-eb8f-4baf-9eed-7a4cc889cb7c",3
1763204013000,"0adab909-eb8f-4baf-9eed-7a4cc889cb7c",4
1763204080000,"0adab909-eb8f-4baf-9eed-7a4cc889cb7c",4
1763204570000,"0adab909-eb8f-4baf-9eed-7a4cc889cb7c",3
1763204574000,"0adab909-eb8f-4baf-9eed-7a4cc889cb7c",4
1763204583000,"0adab909-eb8f-4baf-9eed-7a4cc889cb7c",3
1763204640000,"0adab909-eb8f-4baf-9eed-7a4cc889cb7c",4
1763204642000,"0adab909-eb8f-4baf-9eed-7a4cc889cb7c",1
1763204674000,"0adab909-eb8f-4baf-9eed-7a4cc889cb7c",1
1763204675000,"0adab909-eb8f-4baf-9eed-7a4cc889cb7c",1
1763204755000,"0adab909-eb8f-4baf-9eed-7a4cc889cb7c",4
1763204900000,"0adab909-eb8f-4baf-9eed-7a4cc889cb7c",1
1763204959000,"0adab909-eb8f-4baf-9eed-7a4cc889cb7c",4
1763205090000,"0adab909-eb8f-4baf-9eed-7a4cc889cb7c",3
1763205093000,"0adab909-eb8f-4baf-9eed-7a4cc889cb7c",3
1763205298000,"0adab909-eb8f-4baf-9eed-7a4cc889cb7c",4
1763205303000,"0adab909-eb8f-4baf-9eed-7a4cc889cb7c",4
1763205380000,"0adab909-eb8f-4baf-9eed-7a4cc889cb7c",1
1763205382000,"0adab909-eb8f-4baf-9eed-7a4cc889cb7c",1
1763205448000,"0adab909-eb8f-4baf-9eed-7a4cc889cb7c",5
1763205656000,"0adab909-eb8f-4baf-9eed-7a4cc889cb7c",1
1763205676000,"0adab909-eb8f-4baf-9eed-7a4cc889cb7c",1
1763205678000,"0adab909-eb8f-4baf-9eed-7a4cc889cb7c",1
1763205682000,"0adab909-eb8f-4baf-9eed-7a4cc889cb7c",3
1763205685000,"0adab909-eb8f-4baf-9eed-7a4cc889cb7c",4
1763205693000,"0adab909-eb8f-4baf-9eed-7a4cc889cb7c",3
1763205859000,"0adab909-eb8f-4baf-9eed-7a4cc889cb7c",1
1763205985000,"0adab909-eb8f-4baf-9eed-7a4cc889cb7c",4
1763206371000,"0adab909-eb8f-4baf-9eed-7a4cc889cb7c",3
1763206376000,"0adab909-eb8f-4baf-9eed-7a4cc889cb7c",4
1763206592000,"0adab909-eb8f-4baf-9eed-7a4cc889cb7c",1
1763206594000,"0adab909-eb8f-4baf-9eed-7a4cc889cb7c",1
1763206619000,"0adab909-eb8f-4baf-9eed-7a4cc889cb7c",1
1763206746000,"0adab909-eb8f-4baf-9eed-7a4cc889cb7c",4
1763206900000,"0adab909-eb8f-4baf-9eed-7a4cc889cb7c",1
1763206901000,"0adab909-eb8f-4baf-9eed-7a4cc889cb7c",1
1763206914000,"0adab909-eb8f-4baf-9eed-7a4cc889cb7c",1
1763206963000,"0adab909-eb8f-4baf-9eed-7a4cc889cb7c",3
1763206965000,"0adab909-eb8f-4baf-9eed-7a4cc889cb7c",4
1763206969000,"0adab909-eb8f-4baf-9eed-7a4cc889cb7c",3
1763207350000,"0adab909-eb8f-4baf-9eed-7a4cc889cb7c",4
1763207609000,"0adab909-eb8f-4baf-9eed-7a4cc889cb7c",1
1763207611000,"0adab909-eb8f-4baf-9eed-7a4cc889cb7c",1
1763207650000,"0adab909-eb8f-4baf-9eed-7a4cc889cb7c",3
1763207651000,"0adab909-eb8f-4baf-9eed-7a4cc889cb7c",4
1763207798000,"0adab909-eb8f-4baf-9eed-7a4cc889cb7c",4
1763207805000,"0adab909-eb8f-4baf-9eed-7a4cc889cb7c",1
1763207807000,"0adab909-eb8f-4baf-9eed-7a4cc889cb7c",1
1763207824000,"0adab909-eb8f-4baf-9eed-7a4cc889cb7c",4
1763207831000,"0adab909-eb8f-4baf-9eed-7a4cc889cb7c",4
1763207838000,"0adab909-eb8f-4baf-9eed-7a4cc889cb7c",4
1763207847000,"0adab909-eb8f-4baf-9eed-7a4cc889cb7c",4
1763207856000,"0adab909-eb8f-4baf-9eed-7a4cc889cb7c",4
1763207866000,"0adab909-eb8f-4baf-9eed-7a4cc889cb7c",4
1763207875000,"0adab909-eb8f-4baf-9eed-7a4cc889cb7c",4
1763207904000,"0adab909-eb8f-4baf-9eed-7a4cc889cb7c",1
1763207963000,"0adab909-eb8f-4baf-9eed-7a4cc889cb7c",4
1763207999000,"0adab909-eb8f-4baf-9eed-7a4cc889cb7c",1
1763208002000,"0adab909-eb8f-4baf-9eed-7a4cc889cb7c",1
1763208040000,"0adab909-eb8f-4baf-9eed-7a4cc889cb7c",4
1763208050000,"0adab909-eb8f-4baf-9eed-7a4cc889cb7c",4
1763208053000,"0adab909-eb8f-4baf-9eed-7a4cc889cb7c",4
1763208070000,"0adab909-eb8f-4baf-9eed-7a4cc889cb7c",4
1763208071000,"0adab909-eb8f-4baf-9eed-7a4cc889cb7c",1
1763208092000,"0adab909-eb8f-4baf-9eed-7a4cc889cb7c",3
1763208093000,"0adab909-eb8f-4baf-9eed-7a4cc889cb7c",3
1763208095000,"0adab909-eb8f-4baf-9eed-7a4cc889cb7c",3
1763208097000,"0adab909-eb8f-4baf-9eed-7a4cc889cb7c",3
1763208101000,"0adab909-eb8f-4baf-9eed-7a4cc889cb7c",3
1763208102000,"0adab909-eb8f-4baf-9eed-7a4cc889cb7c",3
1763208104000,"0adab909-eb8f-4baf-9eed-7a4cc889cb7c",3
1763208158000,"0adab909-eb8f-4baf-9eed-7a4cc889cb7c",4
1763208201000,"0adab909-eb8f-4baf-9eed-7a4cc889cb7c",1
1763208203000,"0adab909-eb8f-4baf-9eed-7a4cc889cb7c",1
1763208204000,"0adab909-eb8f-4baf-9eed-7a4cc889cb7c",2
1763208207000,"0adab909-eb8f-4baf-9eed-7a4cc889cb7c",4
1763208222000,"0adab909-eb8f-4baf-9eed-7a4cc889cb7c",1
1763208223000,"0adab909-eb8f-4baf-9eed-7a4cc889cb7c",1
1763208225000,"0adab909-eb8f-4baf-9eed-7a4cc889cb7c",4
1763208234000,"0adab909-eb8f-4baf-9eed-7a4cc889cb7c",4
1763208257000,"0adab909-eb8f-4baf-9eed-7a4cc889cb7c",1
1763208335000,"0adab909-eb8f-4baf-9eed-7a4cc889cb7c",1
1763208336000,"0adab909-eb8f-4baf-9eed-7a4cc889cb7c",1
1763208337000,"0adab909-eb8f-4baf-9eed-7a4cc889cb7c",4
1763208345000,"0adab909-eb8f-4baf-9eed-7a4cc889cb7c",4
1763208373000,"0adab909-eb8f-4baf-9eed-7a4cc889cb7c",4
1763208417000,"0adab909-eb8f-4baf-9eed-7a4cc889cb7c",2
1763208427000,"0adab909-eb8f-4baf-9eed-7a4cc889cb7c",4
1763208432000,"0adab909-eb8f-4baf-9eed-7a4cc889cb7c",4
1763208449000,"0adab909-eb8f-4baf-9eed-7a4cc889cb7c",1
1763208463000,"0adab909-eb8f-4baf-9eed-7a4cc889cb7c",1
1763208464000,"0adab909-eb8f-4baf-9eed-7a4cc889cb7c",1
1763208466000,"0adab909-eb8f-4baf-9eed-7a4cc889cb7c",4
1763208474000,"0adab909-eb8f-4baf-9eed-7a4cc889cb7c",4
1763208580000,"0adab909-eb8f-4baf-9eed-7a4cc889cb7c",2
1763208707000,"0adab909-eb8f-4baf-9eed-7a4cc889cb7c",3
1763208708000,"0adab909-eb8f-4baf-9eed-7a4cc889cb7c",3
1763208709000,"0adab909-eb8f-4baf-9eed-7a4cc889cb7c",3
1763208710000,"0adab909-eb8f-4baf-9eed-7a4cc889cb7c",3
1763208715000,"0adab909-eb8f-4baf-9eed-7a4cc889cb7c",3
1763208717000,"0adab909-eb8f-4baf-9eed-7a4cc889cb7c",3
1763208718000,"0adab909-eb8f-4baf-9eed-7a4cc889cb7c",3
1763208720000,"0adab909-eb8f-4baf-9eed-7a4cc889cb7c",3
1763208727000,"0adab909-eb8f-4baf-9eed-7a4cc889cb7c",3
1763208728000,"0adab909-eb8f-4baf-9eed-7a4cc889cb7c",3
1763208729000,"0adab909-eb8f-4baf-9eed-7a4cc889cb7c",3
1763208766000,"0adab909-eb8f-4baf-9eed-7a4cc889cb7c",2
1763208952000,"0adab909-eb8f-4baf-9eed-7a4cc889cb7c",2
1763208960000,"0adab909-eb8f-4baf-9eed-7a4cc889cb7c",4
1763209020000,"0adab909-eb8f-4baf-9eed-7a4cc889cb7c",2
1763209033000,"0adab909-eb8f-4baf-9eed-7a4cc889cb7c",1
1763209144000,"0adab909-eb8f-4baf-9eed-7a4cc889cb7c",2
1763209158000,"0adab909-eb8f-4baf-9eed-7a4cc889cb7c",1
1763209159000,"0adab909-eb8f-4baf-9eed-7a4cc889cb7c",1
1763209186000,"0adab909-eb8f-4baf-9eed-7a4cc889cb7c",1
1763209279000,"0adab909-eb8f-4baf-9eed-7a4cc889cb7c",3
1763209280000,"0adab909-eb8f-4baf-9eed-7a4cc889cb7c",3
1763209281000,"0adab909-eb8f-4baf-9eed-7a4cc889cb7c",3
1763209282000,"0adab909-eb8f-4baf-9eed-7a4cc889cb7c",3
1763209283000,"0adab909-eb8f-4baf-9eed-7a4cc889cb7c",3
1763209284000,"0adab909-eb8f-4baf-9eed-7a4cc889cb7c",3
1763209286000,"0adab909-eb8f-4baf-9eed-7a4cc889cb7c",3
1763209287000,"0adab909-eb8f-4baf-9eed-7a4cc889cb7c",3
1763209288000,"0adab909-eb8f-4baf-9eed-7a4cc889cb7c",3
1763209289000,"0adab909-eb8f-4baf-9eed-7a4cc889cb7c",3
1763209290000,"0adab909-eb8f-4baf-9eed-7a4cc889cb7c",3
1763209291000,"0adab909-eb8f-4baf-9eed-7a4cc889cb7c",3
1763209292000,"0adab909-eb8f-4baf-9eed-7a4cc889cb7c",3
1763209297000,"0adab909-eb8f-4baf-9eed-7a4cc889cb7c",3
1763209298000,"0adab909-eb8f-4baf-9eed-7a4cc889cb7c",3
1763209361000,"0adab909-eb8f-4baf-9eed-7a4cc889cb7c",2
1763209595000,"0adab909-eb8f-4baf-9eed-7a4cc889cb7c",4
1763209596000,"0adab909-eb8f-4baf-9eed-7a4cc889cb7c",1
1763209597000,"0adab909-eb8f-4baf-9eed-7a4cc889cb7c",1
1763209607000,"0adab909-eb8f-4baf-9eed-7a4cc889cb7c",4
1763209614000,"0adab909-eb8f-4baf-9eed-7a4cc889cb7c",4
1763209621000,"0adab909-eb8f-4baf-9eed-7a4cc889cb7c",2
1763209627000,"0adab909-eb8f-4baf-9eed-7a4cc889cb7c",4
1763209634000,"0adab909-eb8f-4baf-9eed-7a4cc889cb7c",4
1763209642000,"0adab909-eb8f-4baf-9eed-7a4cc889cb7c",4
1763209649000,"0adab909-eb8f-4baf-9eed-7a4cc889cb7c",4
1763209656000,"0adab909-eb8f-4baf-9eed-7a4cc889cb7c",4
1763209663000,"0adab909-eb8f-4baf-9eed-7a4cc889cb7c",4
1763209670000,"0adab909-eb8f-4baf-9eed-7a4cc889cb7c",4
1763209677000,"0adab909-eb8f-4baf-9eed-7a4cc889cb7c",4
1763209684000,"0adab909-eb8f-4baf-9eed-7a4cc889cb7c",4
1763209691000,"0adab909-eb8f-4baf-9eed-7a4cc889cb7c",4
1763209703000,"0adab909-eb8f-4baf-9eed-7a4cc889cb7c",4
1763209710000,"0adab909-eb8f-4baf-9eed-7a4cc889cb7c",4
1763209714000,"0adab909-eb8f-4baf-9eed-7a4cc889cb7c",1
1763209759000,"0adab909-eb8f-4baf-9eed-7a4cc889cb7c",1
1763209760000,"0adab909-eb8f-4baf-9eed-7a4cc889cb7c",1
1763209846000,"0adab909-eb8f-4baf-9eed-7a4cc889cb7c",4
1763209851000,"0adab909-eb8f-4baf-9eed-7a4cc889cb7c",2
1763209914000,"0adab909-eb8f-4baf-9eed-7a4cc889cb7c",3
1763209915000,"0adab909-eb8f-4baf-9eed-7a4cc889cb7c",3
1763209916000,"0adab909-eb8f-4baf-9eed-7a4cc889cb7c",3
1763209917000,"0adab909-eb8f-4baf-9eed-7a4cc889cb7c",3
1763209919000,"0adab909-eb8f-4baf-9eed-7a4cc889cb7c",3
1763209922000,"0adab909-eb8f-4baf-9eed-7a4cc889cb7c",3
1763209924000,"0adab909-eb8f-4baf-9eed-7a4cc889cb7c",3
1763209925000,"0adab909-eb8f-4baf-9eed-7a4cc889cb7c",3
1763209926000,"0adab909-eb8f-4baf-9eed-7a4cc889cb7c",3
1763209928000,"0adab909-eb8f-4baf-9eed-7a4cc889cb7c",3
1763209935000,"0adab909-eb8f-4baf-9eed-7a4cc889cb7c",3
1763209936000,"0adab909-eb8f-4baf-9eed-7a4cc889cb7c",3
1763209937000,"0adab909-eb8f-4baf-9eed-7a4cc889cb7c",3
1763209938000,"0adab909-eb8f-4baf-9eed-7a4cc889cb7c",3
1763210144000,"0adab909-eb8f-4baf-9eed-7a4cc889cb7c",4
1763210250000,"0adab909-eb8f-4baf-9eed-7a4cc889cb7c",1
1763210361000,"0adab909-eb8f-4baf-9eed-7a4cc889cb7c",1
1763210362000,"0adab909-eb8f-4baf-9eed-7a4cc889cb7c",1
1763210382000,"0adab909-eb8f-4baf-9eed-7a4cc889cb7c",1
1763210400000,"0adab909-eb8f-4baf-9eed-7a4cc889cb7c",1
1763210405000,"0adab909-eb8f-4baf-9eed-7a4cc889cb7c",1
1763210434000,"0adab909-eb8f-4baf-9eed-7a4cc889cb7c",4
1763210437000,"0adab909-eb8f-4baf-9eed-7a4cc889cb7c",4
1763210497000,"0adab909-eb8f-4baf-9eed-7a4cc889cb7c",2
1763210522000,"0adab909-eb8f-4baf-9eed-7a4cc889cb7c",3
1763210523000,"0adab909-eb8f-4baf-9eed-7a4cc889cb7c",3
1763210524000,"0adab909-eb8f-4baf-9eed-7a4cc889cb7c",3
1763210525000,"0adab909-eb8f-4baf-9eed-7a4cc889cb7c",3
1763210526000,"0adab909-eb8f-4baf-9eed-7a4cc889cb7c",3
1763210527000,"0adab909-eb8f-4baf-9eed-7a4cc889cb7c",3
1763210528000,"0adab909-eb8f-4baf-9eed-7a4cc889cb7c",3
1763210529000,"0adab909-eb8f-4baf-9eed-7a4cc889cb7c",3
1763210530000,"0adab909-eb8f-4baf-9eed-7a4cc889cb7c",3
1763210531000,"0adab909-eb8f-4baf-9eed-7a4cc889cb7c",3
1763210533000,"0adab909-eb8f-4baf-9eed-7a4cc889cb7c",3
1763210535000,"0adab909-eb8f-4baf-9eed-7a4cc889cb7c",3
1763210536000,"0adab909-eb8f-4baf-9eed-7a4cc889cb7c",3
1763210543000,"0adab909-eb8f-4baf-9eed-7a4cc889cb7c",3
1763210544000,"0adab909-eb8f-4baf-9eed-7a4cc889cb7c",3
1763210545000,"0adab909-eb8f-4baf-9eed-7a4cc889cb7c",3
1763210588000,"0adab909-eb8f-4baf-9eed-7a4cc889cb7c",4
1763210599000,"0adab909-eb8f-4baf-9eed-7a4cc889cb7c",4
1763210606000,"0adab909-eb8f-4baf-9eed-7a4cc889cb7c",4
1763210612000,"0adab909-eb8f-4baf-9eed-7a4cc889cb7c",4
1763210660000,"0adab909-eb8f-4baf-9eed-7a4cc889cb7c",2
1763210675000,"0adab909-eb8f-4baf-9eed-7a4cc889cb7c",4
1763210682000,"0adab909-eb8f-4baf-9eed-7a4cc889cb7c",4
1763210745000,"0adab909-eb8f-4baf-9eed-7a4cc889cb7c",4
1763210764000,"0adab909-eb8f-4baf-9eed-7a4cc889cb7c",4
1763210798000,"0adab909-eb8f-4baf-9eed-7a4cc889cb7c",4
1763210805000,"0adab909-eb8f-4baf-9eed-7a4cc889cb7c",4
1763210811000,"0adab909-eb8f-4baf-9eed-7a4cc889cb7c",1
1763210964000,"0adab909-eb8f-4baf-9eed-7a4cc889cb7c",2
1763211010000,"0adab909-eb8f-4baf-9eed-7a4cc889cb7c",4
1763211074000,"0adab909-eb8f-4baf-9eed-7a4cc889cb7c",3
1763211075000,"0adab909-eb8f-4baf-9eed-7a4cc889cb7c",3
1763211078000,"0adab909-eb8f-4baf-9eed-7a4cc889cb7c",3
1763211080000,"0adab909-eb8f-4baf-9eed-7a4cc889cb7c",3
1763211083000,"0adab909-eb8f-4baf-9eed-7a4cc889cb7c",3
1763211084000,"0adab909-eb8f-4baf-9eed-7a4cc889cb7c",3
1763211085000,"0adab909-eb8f-4baf-9eed-7a4cc889cb7c",3
1763211105000,"0adab909-eb8f-4baf-9eed-7a4cc889cb7c",2
1763211138000,"0adab909-eb8f-4baf-9eed-7a4cc889cb7c",1
1763211140000,"0adab909-eb8f-4baf-9eed-7a4cc889cb7c",1
1763211143000,"0adab909-eb8f-4baf-9eed-7a4cc889cb7c",2
1763211150000,"0adab909-eb8f-4baf-9eed-7a4cc889cb7c",4
1763211157000,"0adab909-eb8f-4baf-9eed-7a4cc889cb7c",4
1763211164000,"0adab909-eb8f-4baf-9eed-7a4cc889cb7c",4
1763211168000,"0adab909-eb8f-4baf-9eed-7a4cc889cb7c",1
1763211309000,"0adab909-eb8f-4baf-9eed-7a4cc889cb7c",4
1763211370000,"0adab909-eb8f-4baf-9eed-7a4cc889cb7c",1
1763211372000,"0adab909-eb8f-4baf-9eed-7a4cc889cb7c",1
1763211374000,"0adab909-eb8f-4baf-9eed-7a4cc889cb7c",2
1763211378000,"0adab909-eb8f-4baf-9eed-7a4cc889cb7c",1
1763211381000,"0adab909-eb8f-4baf-9eed-7a4cc889cb7c",4
1763211388000,"0adab909-eb8f-4baf-9eed-7a4cc889cb7c",4
1763211394000,"0adab909-eb8f-4baf-9eed-7a4cc889cb7c",4
1763211406000,"0adab909-eb8f-4baf-9eed-7a4cc889cb7c",4
1763211418000,"0adab909-eb8f-4baf-9eed-7a4cc889cb7c",4
1763211423000,"0adab909-eb8f-4baf-9eed-7a4cc889cb7c",4
1763211502000,"0adab909-eb8f-4baf-9eed-7a4cc889cb7c",1
1763211504000,"0adab909-eb8f-4baf-9eed-7a4cc889cb7c",1
1763211524000,"0adab909-eb8f-4baf-9eed-7a4cc889cb7c",1
1763211525000,"0adab909-eb8f-4baf-9eed-7a4cc889cb7c",1
1763211579000,"0adab909-eb8f-4baf-9eed-7a4cc889cb7c",1
1763211581000,"0adab909-eb8f-4baf-9eed-7a4cc889cb7c",1
1763211582000,"0adab909-eb8f-4baf-9eed-7a4cc889cb7c",4
1763211585000,"0adab909-eb8f-4baf-9eed-7a4cc889cb7c",4
1763211587000,"0adab909-eb8f-4baf-9eed-7a4cc889cb7c",1
1763211647000,"0adab909-eb8f-4baf-9eed-7a4cc889cb7c",4
1763211707000,"0adab909-eb8f-4baf-9eed-7a4cc889cb7c",3
1763211709000,"0adab909-eb8f-4baf-9eed-7a4cc889cb7c",3
1763211711000,"0adab909-eb8f-4baf-9eed-7a4cc889cb7c",3
1763211712000,"0adab909-eb8f-4baf-9eed-7a4cc889cb7c",3
1763211713000,"0adab909-eb8f-4baf-9eed-7a4cc889cb7c",3
1763211714000,"0adab909-eb8f-4baf-9eed-7a4cc889cb7c",3
1763211717000,"0adab909-eb8f-4baf-9eed-7a4cc889cb7c",3
1763211977000,"0adab909-eb8f-4baf-9eed-7a4cc889cb7c",1
1763211978000,"0adab909-eb8f-4baf-9eed-7a4cc889cb7c",1
1763211980000,"0adab909-eb8f-4baf-9eed-7a4cc889cb7c",4
1763211982000,"0adab909-eb8f-4baf-9eed-7a4cc889cb7c",4
1763211990000,"0adab909-eb8f-4baf-9eed-7a4cc889cb7c",4
1763211995000,"0adab909-eb8f-4baf-9eed-7a4cc889cb7c",4
1763212001000,"0adab909-eb8f-4baf-9eed-7a4cc889cb7c",4
1763212007000,"0adab909-eb8f-4baf-9eed-7a4cc889cb7c",4
1763212010000,"0adab909-eb8f-4baf-9eed-7a4cc889cb7c",4
1763212018000,"0adab909-eb8f-4baf-9eed-7a4cc889cb7c",1
1763212031000,"0adab909-eb8f-4baf-9eed-7a4cc889cb7c",1
1763212032000,"0adab909-eb8f-4baf-9eed-7a4cc889cb7c",1
1763212034000,"0adab909-eb8f-4baf-9eed-7a4cc889cb7c",2
1763212040000,"0adab909-eb8f-4baf-9eed-7a4cc889cb7c",4
1763212042000,"0adab909-eb8f-4baf-9eed-7a4cc889cb7c",1
1763212047000,"0adab909-eb8f-4baf-9eed-7a4cc889cb7c",4
1763212053000,"0adab909-eb8f-4baf-9eed-7a4cc889cb7c",4
1763212060000,"0adab909-eb8f-4baf-9eed-7a4cc889cb7c",4
1763212066000,"0adab909-eb8f-4baf-9eed-7a4cc889cb7c",4
1763212069000,"0adab909-eb8f-4baf-9eed-7a4cc889cb7c",1
1763212070000,"0adab909-eb8f-4baf-9eed-7a4cc889cb7c",1
1763212072000,"0adab909-eb8f-4baf-9eed-7a4cc889cb7c",4
1763212075000,"0adab909-eb8f-4baf-9eed-7a4cc889cb7c",1
1763212076000,"0adab909-eb8f-4baf-9eed-7a4cc889cb7c",1
1763212085000,"0adab909-eb8f-4baf-9eed-7a4cc889cb7c",4
1763212091000,"0adab909-eb8f-4baf-9eed-7a4cc889cb7c",4
1763212098000,"0adab909-eb8f-4baf-9eed-7a4cc889cb7c",4
1763212104000,"0adab909-eb8f-4baf-9eed-7a4cc889cb7c",4
1763212111000,"0adab909-eb8f-4baf-9eed-7a4cc889cb7c",4
1763212118000,"0adab909-eb8f-4baf-9eed-7a4cc889cb7c",4
1763212124000,"0adab909-eb8f-4baf-9eed-7a4cc889cb7c",4
1763212131000,"0adab909-eb8f-4baf-9eed-7a4cc889cb7c",4
1763212137000,"0adab909-eb8f-4baf-9eed-7a4cc889cb7c",4
1763212143000,"0adab909-eb8f-4baf-9eed-7a4cc889cb7c",4
1763212149000,"0adab909-eb8f-4baf-9eed-7a4cc889cb7c",4
1763212155000,"0adab909-eb8f-4baf-9eed-7a4cc889cb7c",4
1763212160000,"0adab909-eb8f-4baf-9eed-7a4cc889cb7c",4
1763212166000,"0adab909-eb8f-4baf-9eed-7a4cc889cb7c",4
1763212172000,"0adab909-eb8f-4baf-9eed-7a4cc889cb7c",4
1763212180000,"0adab909-eb8f-4baf-9eed-7a4cc889cb7c",4
1763212186000,"0adab909-eb8f-4baf-9eed-7a4cc889cb7c",4
1763212193000,"0adab909-eb8f-4baf-9eed-7a4cc889cb7c",4
1763212196000,"0adab909-eb8f-4baf-9eed-7a4cc889cb7c",2
1763212199000,"0adab909-eb8f-4baf-9eed-7a4cc889cb7c",4
1763212205000,"0adab909-eb8f-4baf-9eed-7a4cc889cb7c",4
1763212212000,"0adab909-eb8f-4baf-9eed-7a4cc889cb7c",4
1763212218000,"0adab909-eb8f-4baf-9eed-7a4cc889cb7c",4
1763212224000,"0adab909-eb8f-4baf-9eed-7a4cc889cb7c",4
1763212230000,"0adab909-eb8f-4baf-9eed-7a4cc889cb7c",4
1763212237000,"0adab909-eb8f-4baf-9eed-7a4cc889cb7c",4
1763212243000,"0adab909-eb8f-4baf-9eed-7a4cc889cb7c",4
1763212250000,"0adab909-eb8f-4baf-9eed-7a4cc889cb7c",4
1763212256000,"0adab909-eb8f-4baf-9eed-7a4cc889cb7c",4
1763212262000,"0adab909-eb8f-4baf-9eed-7a4cc889cb7c",4
1763212269000,"0adab909-eb8f-4baf-9eed-7a4cc889cb7c",4
1763212274000,"0adab909-eb8f-4baf-9eed-7a4cc889cb7c",3
1763212275000,"0adab909-eb8f-4baf-9eed-7a4cc889cb7c",3
1763212276000,"0adab909-eb8f-4baf-9eed-7a4cc889cb7c",3
1763212277000,"0adab909-eb8f-4baf-9eed-7a4cc889cb7c",3
1763212280000,"0adab909-eb8f-4baf-9eed-7a4cc889cb7c",3
1763212281000,"0adab909-eb8f-4baf-9eed-7a4cc889cb7c",3
1763212287000,"0adab909-eb8f-4baf-9eed-7a4cc889cb7c",4
1763212294000,"0adab909-eb8f-4baf-9eed-7a4cc889cb7c",4
1763212301000,"0adab909-eb8f-4baf-9eed-7a4cc889cb7c",4
1763212308000,"0adab909-eb8f-4baf-9eed-7a4cc889cb7c",4
1763212314000,"0adab909-eb8f-4baf-9eed-7a4cc889cb7c",4
1763212320000,"0adab909-eb8f-4baf-9eed-7a4cc889cb7c",4
1763212327000,"0adab909-eb8f-4baf-9eed-7a4cc889cb7c",4
1763212333000,"0adab909-eb8f-4baf-9eed-7a4cc889cb7c",4
1763212339000,"0adab909-eb8f-4baf-9eed-7a4cc889cb7c",4
1763212346000,"0adab909-eb8f-4baf-9eed-7a4cc889cb7c",4
1763212353000,"0adab909-eb8f-4baf-9eed-7a4cc889cb7c",4
1763212359000,"0adab909-eb8f-4baf-9eed-7a4cc889cb7c",2
1763212362000,"0adab909-eb8f-4baf-9eed-7a4cc889cb7c",1
1763212365000,"0adab909-eb8f-4baf-9eed-7a4cc889cb7c",1
1763212372000,"0adab909-eb8f-4baf-9eed-7a4cc889cb7c",4
1763212378000,"0adab909-eb8f-4baf-9eed-7a4cc889cb7c",4
1763212385000,"0adab909-eb8f-4baf-9eed-7a4cc889cb7c",4
1763212422000,"0adab909-eb8f-4baf-9eed-7a4cc889cb7c",1
1763212424000,"0adab909-eb8f-4baf-9eed-7a4cc889cb7c",1
1763212425000,"0adab909-eb8f-4baf-9eed-7a4cc889cb7c",4
1763212431000,"0adab909-eb8f-4baf-9eed-7a4cc889cb7c",1
1763212435000,"0adab909-eb8f-4baf-9eed-7a4cc889cb7c",1
1763212438000,"0adab909-eb8f-4baf-9eed-7a4cc889cb7c",4
1763212440000,"0adab909-eb8f-4baf-9eed-7a4cc889cb7c",1
1763212448000,"0adab909-eb8f-4baf-9eed-7a4cc889cb7c",4
1763212468000,"0adab909-eb8f-4baf-9eed-7a4cc889cb7c",4
1763212508000,"0adab909-eb8f-4baf-9eed-7a4cc889cb7c",4
1763212509000,"0adab909-eb8f-4baf-9eed-7a4cc889cb7c",1
1763212531000,"0adab909-eb8f-4baf-9eed-7a4cc889cb7c",4
1763212840000,"0adab909-eb8f-4baf-9eed-7a4cc889cb7c",4
1763212903000,"0adab909-eb8f-4baf-9eed-7a4cc889cb7c",3
1763213113000,"0adab909-eb8f-4baf-9eed-7a4cc889cb7c",4
1763213344000,"0adab909-eb8f-4baf-9eed-7a4cc889cb7c",4
1763213496000,"0adab909-eb8f-4baf-9eed-7a4cc889cb7c",3
1763213501000,"0adab909-eb8f-4baf-9eed-7a4cc889cb7c",4
1763213502000,"0adab909-eb8f-4baf-9eed-7a4cc889cb7c",3
1763213774000,"0adab909-eb8f-4baf-9eed-7a4cc889cb7c",1
1763213776000,"0adab909-eb8f-4baf-9eed-7a4cc889cb7c",1
1763213806000,"0adab909-eb8f-4baf-9eed-7a4cc889cb7c",4
1763214009000,"0adab909-eb8f-4baf-9eed-7a4cc889cb7c",4
1763214073000,"0adab909-eb8f-4baf-9eed-7a4cc889cb7c",1
1763214198000,"0adab909-eb8f-4baf-9eed-7a4cc889cb7c",3
1763214200000,"0adab909-eb8f-4baf-9eed-7a4cc889cb7c",4
1763214205000,"0adab909-eb8f-4baf-9eed-7a4cc889cb7c",3
1763214324000,"0adab909-eb8f-4baf-9eed-7a4cc889cb7c",1
1763214560000,"0adab909-eb8f-4baf-9eed-7a4cc889cb7c",4
1763214611000,"0adab909-eb8f-4baf-9eed-7a4cc889cb7c",4
1763214907000,"0adab909-eb8f-4baf-9eed-7a4cc889cb7c",3
1763214911000,"0adab909-eb8f-4baf-9eed-7a4cc889cb7c",4
1763214913000,"0adab909-eb8f-4baf-9eed-7a4cc889cb7c",3
1763214919000,"0adab909-eb8f-4baf-9eed-7a4cc889cb7c",3
1763214921000,"0adab909-eb8f-4baf-9eed-7a4cc889cb7c",3
1763214956000,"0adab909-eb8f-4baf-9eed-7a4cc889cb7c",1
1763215175000,"0adab909-eb8f-4baf-9eed-7a4cc889cb7c",4
1763215211000,"0adab909-eb8f-4baf-9eed-7a4cc889cb7c",4
1763215344000,"0adab909-eb8f-4baf-9eed-7a4cc889cb7c",1
1763215466000,"0adab909-eb8f-4baf-9eed-7a4cc889cb7c",3
1763215469000,"0adab909-eb8f-4baf-9eed-7a4cc889cb7c",3
1763215471000,"0adab909-eb8f-4baf-9eed-7a4cc889cb7c",4
1763215813000,"0adab909-eb8f-4baf-9eed-7a4cc889cb7c",4
1763215818000,"0adab909-eb8f-4baf-9eed-7a4cc889cb7c",4
1763216041000,"0adab909-eb8f-4baf-9eed-7a4cc889cb7c",3
1763216044000,"0adab909-eb8f-4baf-9eed-7a4cc889cb7c",4
1763216045000,"0adab909-eb8f-4baf-9eed-7a4cc889cb7c",3
1763216345000,"0adab909-eb8f-4baf-9eed-7a4cc889cb7c",4
1763216640000,"0adab909-eb8f-4baf-9eed-7a4cc889cb7c",3
1763216644000,"0adab909-eb8f-4baf-9eed-7a4cc889cb7c",4
1763216648000,"0adab909-eb8f-4baf-9eed-7a4cc889cb7c",3
1763216649000,"0adab909-eb8f-4baf-9eed-7a4cc889cb7c",4
1763216945000,"0adab909-eb8f-4baf-9eed-7a4cc889cb7c",4
1763217206000,"0adab909-eb8f-4baf-9eed-7a4cc889cb7c",3
1763217210000,"0adab909-eb8f-4baf-9eed-7a4cc889cb7c",4
1763217215000,"0adab909-eb8f-4baf-9eed-7a4cc889cb7c",3
1763217275000,"0adab909-eb8f-4baf-9eed-7a4cc889cb7c",1
1763217276000,"0adab909-eb8f-4baf-9eed-7a4cc889cb7c",1
1763217306000,"0adab909-eb8f-4baf-9eed-7a4cc889cb7c",4
1763217343000,"0adab909-eb8f-4baf-9eed-7a4cc889cb7c",1
1763217469000,"0adab909-eb8f-4baf-9eed-7a4cc889cb7c",4
1763217841000,"0adab909-eb8f-4baf-9eed-7a4cc889cb7c",3
1763217845000,"0adab909-eb8f-4baf-9eed-7a4cc889cb7c",4
1763217871000,"0adab909-eb8f-4baf-9eed-7a4cc889cb7c",1
1763217872000,"0adab909-eb8f-4baf-9eed-7a4cc889cb7c",3
1763217873000,"0adab909-eb8f-4baf-9eed-7a4cc889cb7c",1
1763217941000,"0adab909-eb8f-4baf-9eed-7a4cc889cb7c",4
1763218012000,"0adab909-eb8f-4baf-9eed-7a4cc889cb7c",1
1763218077000,"0adab909-eb8f-4baf-9eed-7a4cc889cb7c",4
1763218373000,"0adab909-eb8f-4baf-9eed-7a4cc889cb7c",3
1763218376000,"0adab909-eb8f-4baf-9eed-7a4cc889cb7c",4
1763218676000,"0adab909-eb8f-4baf-9eed-7a4cc889cb7c",4
1763218872000,"0adab909-eb8f-4baf-9eed-7a4cc889cb7c",1
1763218874000,"0adab909-eb8f-4baf-9eed-7a4cc889cb7c",1
1763218971000,"0adab909-eb8f-4baf-9eed-7a4cc889cb7c",3
1763218976000,"0adab909-eb8f-4baf-9eed-7a4cc889cb7c",4
1763218984000,"0adab909-eb8f-4baf-9eed-7a4cc889cb7c",3
1763218985000,"0adab909-eb8f-4baf-9eed-7a4cc889cb7c",3
1763219196000,"0adab909-eb8f-4baf-9eed-7a4cc889cb7c",1
1763219276000,"0adab909-eb8f-4baf-9eed-7a4cc889cb7c",4
1763219573000,"0adab909-eb8f-4baf-9eed-7a4cc889cb7c",3
1763219578000,"0adab909-eb8f-4baf-9eed-7a4cc889cb7c",4
1763219868000,"0adab909-eb8f-4baf-9eed-7a4cc889cb7c",4
1763219958000,"0adab909-eb8f-4baf-9eed-7a4cc889cb7c",1
1763219960000,"0adab909-eb8f-4baf-9eed-7a4cc889cb7c",1
1763220037000,"0adab909-eb8f-4baf-9eed-7a4cc889cb7c",1
1763220107000,"0adab909-eb8f-4baf-9eed-7a4cc889cb7c",3
1763220109000,"0adab909-eb8f-4baf-9eed-7a4cc889cb7c",4
1763220110000,"0adab909-eb8f-4baf-9eed-7a4cc889cb7c",3
1763220347000,"0adab909-eb8f-4baf-9eed-7a4cc889cb7c",4
1763220465000,"0adab909-eb8f-4baf-9eed-7a4cc889cb7c",1
1763220467000,"0adab909-eb8f-4baf-9eed-7a4cc889cb7c",1
1763220502000,"0adab909-eb8f-4baf-9eed-7a4cc889cb7c",1
1763220568000,"0adab909-eb8f-4baf-9eed-7a4cc889cb7c",1
1763220570000,"0adab909-eb8f-4baf-9eed-7a4cc889cb7c",1
1763220683000,"0adab909-eb8f-4baf-9eed-7a4cc889cb7c",1
1763220762000,"0adab909-eb8f-4baf-9eed-7a4cc889cb7c",3
1763220764000,"0adab909-eb8f-4baf-9eed-7a4cc889cb7c",3
1763220766000,"0adab909-eb8f-4baf-9eed-7a4cc889cb7c",4
1763221025000,"0adab909-eb8f-4baf-9eed-7a4cc889cb7c",4
1763221066000,"0adab909-eb8f-4baf-9eed-7a4cc889cb7c",4
1763221351000,"0adab909-eb8f-4baf-9eed-7a4cc889cb7c",1
1763221353000,"0adab909-eb8f-4baf-9eed-7a4cc889cb7c",1
1763221361000,"0adab909-eb8f-4baf-9eed-7a4cc889cb7c",3
1763221366000,"0adab909-eb8f-4baf-9eed-7a4cc889cb7c",4
1763221374000,"0adab909-eb8f-4baf-9eed-7a4cc889cb7c",3
1763221425000,"0adab909-eb8f-4baf-9eed-7a4cc889cb7c",1
1763221495000,"0adab909-eb8f-4baf-9eed-7a4cc889cb7c",1
1763221500000,"0adab909-eb8f-4baf-9eed-7a4cc889cb7c",1
1763221518000,"0adab909-eb8f-4baf-9eed-7a4cc889cb7c",1
1763221521000,"0adab909-eb8f-4baf-9eed-7a4cc889cb7c",1
1763221528000,"0adab909-eb8f-4baf-9eed-7a4cc889cb7c",1
1763221655000,"0adab909-eb8f-4baf-9eed-7a4cc889cb7c",4
1763221672000,"0adab909-eb8f-4baf-9eed-7a4cc889cb7c",1
1763221674000,"0adab909-eb8f-4baf-9eed-7a4cc889cb7c",1
1763222015000,"0adab909-eb8f-4baf-9eed-7a4cc889cb7c",3
1763222020000,"0adab909-eb8f-4baf-9eed-7a4cc889cb7c",4
1763222320000,"0adab909-eb8f-4baf-9eed-7a4cc889cb7c",4
1763222483000,"0adab909-eb8f-4baf-9eed-7a4cc889cb7c",1
1763222485000,"0adab909-eb8f-4baf-9eed-7a4cc889cb7c",1
1763222525000,"0adab909-eb8f-4baf-9eed-7a4cc889cb7c",1
1763222615000,"0adab909-eb8f-4baf-9eed-7a4cc889cb7c",3
1763222618000,"0adab909-eb8f-4baf-9eed-7a4cc889cb7c",4
1763222729000,"0adab909-eb8f-4baf-9eed-7a4cc889cb7c",1
1763222732000,"0adab909-eb8f-4baf-9eed-7a4cc889cb7c",1
1763222757000,"0adab909-eb8f-4baf-9eed-7a4cc889cb7c",1
1763222777000,"0adab909-eb8f-4baf-9eed-7a4cc889cb7c",1
1763222781000,"0adab909-eb8f-4baf-9eed-7a4cc889cb7c",1
1763222844000,"0adab909-eb8f-4baf-9eed-7a4cc889cb7c",1
1763222918000,"0adab909-eb8f-4baf-9eed-7a4cc889cb7c",4
1763223214000,"0adab909-eb8f-4baf-9eed-7a4cc889cb7c",3
1763223219000,"0adab909-eb8f-4baf-9eed-7a4cc889cb7c",4
1763223224000,"0adab909-eb8f-4baf-9eed-7a4cc889cb7c",1
1763223226000,"0adab909-eb8f-4baf-9eed-7a4cc889cb7c",1
1763223268000,"0adab909-eb8f-4baf-9eed-7a4cc889cb7c",1
1763223361000,"0adab909-eb8f-4baf-9eed-7a4cc889cb7c",1
1763223363000,"0adab909-eb8f-4baf-9eed-7a4cc889cb7c",1
1763223371000,"0adab909-eb8f-4baf-9eed-7a4cc889cb7c",4
1763223416000,"0adab909-eb8f-4baf-9eed-7a4cc889cb7c",1
1763223710000,"0adab909-eb8f-4baf-9eed-7a4cc889cb7c",3
1763223714000,"0adab909-eb8f-4baf-9eed-7a4cc889cb7c",4
1763223851000,"0adab909-eb8f-4baf-9eed-7a4cc889cb7c",4
1763224005000,"0adab909-eb8f-4baf-9eed-7a4cc889cb7c",4
1763224301000,"0adab909-eb8f-4baf-9eed-7a4cc889cb7c",3
1763224305000,"0adab909-eb8f-4baf-9eed-7a4cc889cb7c",4
1763224798000,"0adab909-eb8f-4baf-9eed-7a4cc889cb7c",4
1763225094000,"0adab909-eb8f-4baf-9eed-7a4cc889cb7c",3
1763225098000,"0adab909-eb8f-4baf-9eed-7a4cc889cb7c",4
1763225282000,"0adab909-eb8f-4baf-9eed-7a4cc889cb7c",4
1763225478000,"0adab909-eb8f-4baf-9eed-7a4cc889cb7c",1
1763225480000,"0adab909-eb8f-4baf-9eed-7a4cc889cb7c",1
1763225509000,"0adab909-eb8f-4baf-9eed-7a4cc889cb7c",4
1763225578000,"0adab909-eb8f-4baf-9eed-7a4cc889cb7c",1
1763225590000,"0adab909-eb8f-4baf-9eed-7a4cc889cb7c",1
1763225592000,"0adab909-eb8f-4baf-9eed-7a4cc889cb7c",1
1763225627000,"0adab909-eb8f-4baf-9eed-7a4cc889cb7c",3
1763225628000,"0adab909-eb8f-4baf-9eed-7a4cc889cb7c",3
1763225629000,"0adab909-eb8f-4baf-9eed-7a4cc889cb7c",3
1763225630000,"0adab909-eb8f-4baf-9eed-7a4cc889cb7c",3
1763225631000,"0adab909-eb8f-4baf-9eed-7a4cc889cb7c",3
1763225632000,"0adab909-eb8f-4baf-9eed-7a4cc889cb7c",3
1763225633000,"0adab909-eb8f-4baf-9eed-7a4cc889cb7c",3
1763225634000,"0adab909-eb8f-4baf-9eed-7a4cc889cb7c",3
1763225635000,"0adab909-eb8f-4baf-9eed-7a4cc889cb7c",3
1763225636000,"0adab909-eb8f-4baf-9eed-7a4cc889cb7c",3
1763225637000,"0adab909-eb8f-4baf-9eed-7a4cc889cb7c",3
1763225638000,"0adab909-eb8f-4baf-9eed-7a4cc889cb7c",3
1763225639000,"0adab909-eb8f-4baf-9eed-7a4cc889cb7c",3
1763225640000,"0adab909-eb8f-4baf-9eed-7a4cc889cb7c",3
1763225730000,"0adab909-eb8f-4baf-9eed-7a4cc889cb7c",1
1763226003000,"0adab909-eb8f-4baf-9eed-7a4cc889cb7c",4
1763226099000,"0adab909-eb8f-4baf-9eed-7a4cc889cb7c",1
1763226102000,"0adab909-eb8f-4baf-9eed-7a4cc889cb7c",1
1763226129000,"0adab909-eb8f-4baf-9eed-7a4cc889cb7c",3
1763226131000,"0adab909-eb8f-4baf-9eed-7a4cc889cb7c",3
1763226132000,"0adab909-eb8f-4baf-9eed-7a4cc889cb7c",4
1763226133000,"0adab909-eb8f-4baf-9eed-7a4cc889cb7c",3
1763226134000,"0adab909-eb8f-4baf-9eed-7a4cc889cb7c",3
1763226136000,"0adab909-eb8f-4baf-9eed-7a4cc889cb7c",3
1763226138000,"0adab909-eb8f-4baf-9eed-7a4cc889cb7c",3
1763226140000,"0adab909-eb8f-4baf-9eed-7a4cc889cb7c",3
1763226141000,"0adab909-eb8f-4baf-9eed-7a4cc889cb7c",3
1763226143000,"0adab909-eb8f-4baf-9eed-7a4cc889cb7c",3
1763226207000,"0adab909-eb8f-4baf-9eed-7a4cc889cb7c",1
1763226634000,"0adab909-eb8f-4baf-9eed-7a4cc889cb7c",4
1763226645000,"0adab909-eb8f-4baf-9eed-7a4cc889cb7c",1
1763226647000,"0adab909-eb8f-4baf-9eed-7a4cc889cb7c",1
1763226719000,"0adab909-eb8f-4baf-9eed-7a4cc889cb7c",1
1763226948000,"0adab909-eb8f-4baf-9eed-7a4cc889cb7c",3
1763226953000,"0adab909-eb8f-4baf-9eed-7a4cc889cb7c",4
1763226958000,"0adab909-eb8f-4baf-9eed-7a4cc889cb7c",4
1763227195000,"0adab909-eb8f-4baf-9eed-7a4cc889cb7c",1
1763227198000,"0adab909-eb8f-4baf-9eed-7a4cc889cb7c",1
1763227254000,"0adab909-eb8f-4baf-9eed-7a4cc889cb7c",4
1763227269000,"0adab909-eb8f-4baf-9eed-7a4cc889cb7c",1
1763227294000,"0adab909-eb8f-4baf-9eed-7a4cc889cb7c",1
1763227295000,"0adab909-eb8f-4baf-9eed-7a4cc889cb7c",1
1763227450000,"0adab909-eb8f-4baf-9eed-7a4cc889cb7c",1
1763227552000,"0adab909-eb8f-4baf-9eed-7a4cc889cb7c",3
1763227556000,"0adab909-eb8f-4baf-9eed-7a4cc889cb7c",4
1763227561000,"0adab909-eb8f-4baf-9eed-7a4cc889cb7c",3
1763227660000,"0adab909-eb8f-4baf-9eed-7a4cc889cb7c",4
1763228051000,"0adab909-eb8f-4baf-9eed-7a4cc889cb7c",1
1763228053000,"0adab909-eb8f-4baf-9eed-7a4cc889cb7c",1
1763228137000,"0adab909-eb8f-4baf-9eed-7a4cc889cb7c",1
1763228155000,"0adab909-eb8f-4baf-9eed-7a4cc889cb7c",3
1763228156000,"0adab909-eb8f-4baf-9eed-7a4cc889cb7c",4
1763228262000,"0adab909-eb8f-4baf-9eed-7a4cc889cb7c",4
1763228601000,"0adab909-eb8f-4baf-9eed-7a4cc889cb7c",1
1763228603000,"0adab909-eb8f-4baf-9eed-7a4cc889cb7c",1
1763228752000,"0adab909-eb8f-4baf-9eed-7a4cc889cb7c",3
1763228754000,"0adab909-eb8f-4baf-9eed-7a4cc889cb7c",3
1763228756000,"0adab909-eb8f-4baf-9eed-7a4cc889cb7c",4
1763228764000,"0adab909-eb8f-4baf-9eed-7a4cc889cb7c",3
1763228766000,"0adab909-eb8f-4baf-9eed-7a4cc889cb7c",3
1763228924000,"0adab909-eb8f-4baf-9eed-7a4cc889cb7c",1
1763228944000,"0adab909-eb8f-4baf-9eed-7a4cc889cb7c",4
1763229049000,"0adab909-eb8f-4baf-9eed-7a4cc889cb7c",4
1763229357000,"0adab909-eb8f-4baf-9eed-7a4cc889cb7c",4
1763229361000,"0adab909-eb8f-4baf-9eed-7a4cc889cb7c",3
1763229574000,"0adab909-eb8f-4baf-9eed-7a4cc889cb7c",4
1763229713000,"0adab909-eb8f-4baf-9eed-7a4cc889cb7c",3
1763229811000,"0adab909-eb8f-4baf-9eed-7a4cc889cb7c",4
1763230110000,"0adab909-eb8f-4baf-9eed-7a4cc889cb7c",4
1763230210000,"0adab909-eb8f-4baf-9eed-7a4cc889cb7c",4
1763230275000,"0adab909-eb8f-4baf-9eed-7a4cc889cb7c",3
1763230346000,"0adab909-eb8f-4baf-9eed-7a4cc889cb7c",4
1763230746000,"0adab909-eb8f-4baf-9eed-7a4cc889cb7c",4
1763230863000,"0adab909-eb8f-4baf-9eed-7a4cc889cb7c",4
1763230928000,"0adab909-eb8f-4baf-9eed-7a4cc889cb7c",3
1763231046000,"0adab909-eb8f-4baf-9eed-7a4cc889cb7c",4
1763231364000,"0adab909-eb8f-4baf-9eed-7a4cc889cb7c",4
1763231515000,"0adab909-eb8f-4baf-9eed-7a4cc889cb7c",3
1763231518000,"0adab909-eb8f-4baf-9eed-7a4cc889cb7c",4
1763231663000,"0adab909-eb8f-4baf-9eed-7a4cc889cb7c",4
1763231942000,"0adab909-eb8f-4baf-9eed-7a4cc889cb7c",4
1763232076000,"0adab909-eb8f-4baf-9eed-7a4cc889cb7c",3
1763232149000,"0adab909-eb8f-4baf-9eed-7a4cc889cb7c",4
1763232218000,"0adab909-eb8f-4baf-9eed-7a4cc889cb7c",4
1763232593000,"0adab909-eb8f-4baf-9eed-7a4cc889cb7c",4
1763232737000,"0adab909-eb8f-4baf-9eed-7a4cc889cb7c",3
1763232887000,"0adab909-eb8f-4baf-9eed-7a4cc889cb7c",4
1763233165000,"0adab909-eb8f-4baf-9eed-7a4cc889cb7c",4
1763233312000,"0adab909-eb8f-4baf-9eed-7a4cc889cb7c",3
1763233313000,"0adab909-eb8f-4baf-9eed-7a4cc889cb7c",3
1763233450000,"0adab909-eb8f-4baf-9eed-7a4cc889cb7c",4
1763233465000,"0adab909-eb8f-4baf-9eed-7a4cc889cb7c",1
1763233467000,"0adab909-eb8f-4baf-9eed-7a4cc889cb7c",1
1763233487000,"0adab909-eb8f-4baf-9eed-7a4cc889cb7c",4
1763233489000,"0adab909-eb8f-4baf-9eed-7a4cc889cb7c",1
1763233952000,"0adab909-eb8f-4baf-9eed-7a4cc889cb7c",3
1763233953000,"0adab909-eb8f-4baf-9eed-7a4cc889cb7c",3
1763233957000,"0adab909-eb8f-4baf-9eed-7a4cc889cb7c",4
1763234257000,"0adab909-eb8f-4baf-9eed-7a4cc889cb7c",4
1763234484000,"0adab909-eb8f-4baf-9eed-7a4cc889cb7c",3
1763234488000,"0adab909-eb8f-4baf-9eed-7a4cc889cb7c",4
1763234789000,"0adab909-eb8f-4baf-9eed-7a4cc889cb7c",4
1763234843000,"0adab909-eb8f-4baf-9eed-7a4cc889cb7c",1
1763234846000,"0adab909-eb8f-4baf-9eed-7a4cc889cb7c",1
1763234877000,"0adab909-eb8f-4baf-9eed-7a4cc889cb7c",4
1763234899000,"0adab909-eb8f-4baf-9eed-7a4cc889cb7c",4
1763234904000,"0adab909-eb8f-4baf-9eed-7a4cc889cb7c",4
1763234921000,"0adab909-eb8f-4baf-9eed-7a4cc889cb7c",4
1763235072000,"0adab909-eb8f-4baf-9eed-7a4cc889cb7c",4
1763235075000,"0adab909-eb8f-4baf-9eed-7a4cc889cb7c",4
1763235076000,"0adab909-eb8f-4baf-9eed-7a4cc889cb7c",3
1763235079000,"0adab909-eb8f-4baf-9eed-7a4cc889cb7c",3
1763235082000,"0adab909-eb8f-4baf-9eed-7a4cc889cb7c",3
1763235088000,"0adab909-eb8f-4baf-9eed-7a4cc889cb7c",3
1763235089000,"0adab909-eb8f-4baf-9eed-7a4cc889cb7c",3
1763235388000,"0adab909-eb8f-4baf-9eed-7a4cc889cb7c",4
1763235560000,"0adab909-eb8f-4baf-9eed-7a4cc889cb7c",4
1763235565000,"0adab909-eb8f-4baf-9eed-7a4cc889cb7c",4
1763235581000,"0adab909-eb8f-4baf-9eed-7a4cc889cb7c",4
1763235623000,"0adab909-eb8f-4baf-9eed-7a4cc889cb7c",4
1763235662000,"0adab909-eb8f-4baf-9eed-7a4cc889cb7c",4
1763235684000,"0adab909-eb8f-4baf-9eed-7a4cc889cb7c",3
1763235686000,"0adab909-eb8f-4baf-9eed-7a4cc889cb7c",3
1763235688000,"0adab909-eb8f-4baf-9eed-7a4cc889cb7c",4
1763235696000,"0adab909-eb8f-4baf-9eed-7a4cc889cb7c",3
1763235697000,"0adab909-eb8f-4baf-9eed-7a4cc889cb7c",3
1763235698000,"0adab909-eb8f-4baf-9eed-7a4cc889cb7c",4
1763235703000,"0adab909-eb8f-4baf-9eed-7a4cc889cb7c",4
1763235708000,"0adab909-eb8f-4baf-9eed-7a4cc889cb7c",4
1763235863000,"0adab909-eb8f-4baf-9eed-7a4cc889cb7c",4
1763235866000,"0adab909-eb8f-4baf-9eed-7a4cc889cb7c",4
1763235871000,"0adab909-eb8f-4baf-9eed-7a4cc889cb7c",1
1763235872000,"0adab909-eb8f-4baf-9eed-7a4cc889cb7c",4
1763235877000,"0adab909-eb8f-4baf-9eed-7a4cc889cb7c",4
1763235883000,"0adab909-eb8f-4baf-9eed-7a4cc889cb7c",1
1763235885000,"0adab909-eb8f-4baf-9eed-7a4cc889cb7c",1
1763235949000,"0adab909-eb8f-4baf-9eed-7a4cc889cb7c",4
1763235954000,"0adab909-eb8f-4baf-9eed-7a4cc889cb7c",4
1763235983000,"0adab909-eb8f-4baf-9eed-7a4cc889cb7c",4
1763236009000,"0adab909-eb8f-4baf-9eed-7a4cc889cb7c",4
1763236017000,"0adab909-eb8f-4baf-9eed-7a4cc889cb7c",4
1763236029000,"0adab909-eb8f-4baf-9eed-7a4cc889cb7c",4
1763236046000,"0adab909-eb8f-4baf-9eed-7a4cc889cb7c",4
1763236054000,"0adab909-eb8f-4baf-9eed-7a4cc889cb7c",4
1763236059000,"0adab909-eb8f-4baf-9eed-7a4cc889cb7c",4
1763236065000,"0adab909-eb8f-4baf-9eed-7a4cc889cb7c",4
1763236089000,"0adab909-eb8f-4baf-9eed-7a4cc889cb7c",4
1763236090000,"0adab909-eb8f-4baf-9eed-7a4cc889cb7c",4
1763236093000,"0adab909-eb8f-4baf-9eed-7a4cc889cb7c",4
1763236098000,"0adab909-eb8f-4baf-9eed-7a4cc889cb7c",4
1763236100000,"0adab909-eb8f-4baf-9eed-7a4cc889cb7c",4
1763236106000,"0adab909-eb8f-4baf-9eed-7a4cc889cb7c",4
1763236112000,"0adab909-eb8f-4baf-9eed-7a4cc889cb7c",4
1763236143000,"0adab909-eb8f-4baf-9eed-7a4cc889cb7c",4
1763236210000,"0adab909-eb8f-4baf-9eed-7a4cc889cb7c",4
1763236215000,"0adab909-eb8f-4baf-9eed-7a4cc889cb7c",4
1763236240000,"0adab909-eb8f-4baf-9eed-7a4cc889cb7c",4
1763236245000,"0adab909-eb8f-4baf-9eed-7a4cc889cb7c",4
1763236251000,"0adab909-eb8f-4baf-9eed-7a4cc889cb7c",4
1763236285000,"0adab909-eb8f-4baf-9eed-7a4cc889cb7c",3
1763236286000,"0adab909-eb8f-4baf-9eed-7a4cc889cb7c",3
1763236298000,"0adab909-eb8f-4baf-9eed-7a4cc889cb7c",3
1763236299000,"0adab909-eb8f-4baf-9eed-7a4cc889cb7c",3
1763236300000,"0adab909-eb8f-4baf-9eed-7a4cc889cb7c",3
1763236305000,"0adab909-eb8f-4baf-9eed-7a4cc889cb7c",4
1763236397000,"0adab909-eb8f-4baf-9eed-7a4cc889cb7c",4
1763236402000,"0adab909-eb8f-4baf-9eed-7a4cc889cb7c",4
1763236409000,"0adab909-eb8f-4baf-9eed-7a4cc889cb7c",4
1763236414000,"0adab909-eb8f-4baf-9eed-7a4cc889cb7c",4
1763236504000,"0adab909-eb8f-4baf-9eed-7a4cc889cb7c",1
1763236603000,"0adab909-eb8f-4baf-9eed-7a4cc889cb7c",4
1763236761000,"0adab909-eb8f-4baf-9eed-7a4cc889cb7c",4
1763236875000,"0adab909-eb8f-4baf-9eed-7a4cc889cb7c",4
1763236880000,"0adab909-eb8f-4baf-9eed-7a4cc889cb7c",3
1763236881000,"0adab909-eb8f-4baf-9eed-7a4cc889cb7c",3
1763236891000,"0adab909-eb8f-4baf-9eed-7a4cc889cb7c",3
1763237021000,"0adab909-eb8f-4baf-9eed-7a4cc889cb7c",4
1763237297000,"0adab909-eb8f-4baf-9eed-7a4cc889cb7c",4
1763237344000,"0adab909-eb8f-4baf-9eed-7a4cc889cb7c",1
1763237346000,"0adab909-eb8f-4baf-9eed-7a4cc889cb7c",1
1763237473000,"0adab909-eb8f-4baf-9eed-7a4cc889cb7c",1
1763237533000,"0adab909-eb8f-4baf-9eed-7a4cc889cb7c",3
1763237535000,"0adab909-eb8f-4baf-9eed-7a4cc889cb7c",4
1763237598000,"0adab909-eb8f-4baf-9eed-7a4cc889cb7c",4
1763237884000,"0adab909-eb8f-4baf-9eed-7a4cc889cb7c",1
1763237886000,"0adab909-eb8f-4baf-9eed-7a4cc889cb7c",1
1763238034000,"0adab909-eb8f-4baf-9eed-7a4cc889cb7c",1
1763238116000,"0adab909-eb8f-4baf-9eed-7a4cc889cb7c",3
1763238121000,"0adab909-eb8f-4baf-9eed-7a4cc889cb7c",4
1763238305000,"0adab909-eb8f-4baf-9eed-7a4cc889cb7c",4
1763238422000,"0adab909-eb8f-4baf-9eed-7a4cc889cb7c",4
1763238541000,"0adab909-eb8f-4baf-9eed-7a4cc889cb7c",4
1763238978000,"0adab909-eb8f-4baf-9eed-7a4cc889cb7c",1
1763238980000,"0adab909-eb8f-4baf-9eed-7a4cc889cb7c",1
1763239010000,"0adab909-eb8f-4baf-9eed-7a4cc889cb7c",4
1763239019000,"0adab909-eb8f-4baf-9eed-7a4cc889cb7c",4
1763239029000,"0adab909-eb8f-4baf-9eed-7a4cc889cb7c",3
1763239030000,"0adab909-eb8f-4baf-9eed-7a4cc889cb7c",3
1763239191000,"0adab909-eb8f-4baf-9eed-7a4cc889cb7c",1
1763239316000,"0adab909-eb8f-4baf-9eed-7a4cc889cb7c",4
1763239621000,"0adab909-eb8f-4baf-9eed-7a4cc889cb7c",4
1763240083000,"0adab909-eb8f-4baf-9eed-7a4cc889cb7c",4
1763240090000,"0adab909-eb8f-4baf-9eed-7a4cc889cb7c",3
1763240383000,"0adab909-eb8f-4baf-9eed-7a4cc889cb7c",4
1763240680000,"0adab909-eb8f-4baf-9eed-7a4cc889cb7c",3
1763240683000,"0adab909-eb8f-4baf-9eed-7a4cc889cb7c",4
1763240983000,"0adab909-eb8f-4baf-9eed-7a4cc889cb7c",4
1763241142000,"0adab909-eb8f-4baf-9eed-7a4cc889cb7c",4
1763241283000,"0adab909-eb8f-4baf-9eed-7a4cc889cb7c",4
1763241286000,"0adab909-eb8f-4baf-9eed-7a4cc889cb7c",3
1763241475000,"0adab909-eb8f-4baf-9eed-7a4cc889cb7c",1
1763241477000,"0adab909-eb8f-4baf-9eed-7a4cc889cb7c",1
1763241581000,"0adab909-eb8f-4baf-9eed-7a4cc889cb7c",1
1763241706000,"0adab909-eb8f-4baf-9eed-7a4cc889cb7c",3
1763241709000,"0adab909-eb8f-4baf-9eed-7a4cc889cb7c",4
1763241935000,"0adab909-eb8f-4baf-9eed-7a4cc889cb7c",4
1763242007000,"0adab909-eb8f-4baf-9eed-7a4cc889cb7c",1
1763242009000,"0adab909-eb8f-4baf-9eed-7a4cc889cb7c",1
1763242150000,"0adab909-eb8f-4baf-9eed-7a4cc889cb7c",4
1763242415000,"0adab909-eb8f-4baf-9eed-7a4cc889cb7c",1
1763242451000,"0adab909-eb8f-4baf-9eed-7a4cc889cb7c",4
1763242483000,"0adab909-eb8f-4baf-9eed-7a4cc889cb7c",1
1763242527000,"0adab909-eb8f-4baf-9eed-7a4cc889cb7c",1
1763242557000,"0adab909-eb8f-4baf-9eed-7a4cc889cb7c",4
1763242577000,"0adab909-eb8f-4baf-9eed-7a4cc889cb7c",4
1763242869000,"0adab909-eb8f-4baf-9eed-7a4cc889cb7c",4
1763242937000,"0adab909-eb8f-4baf-9eed-7a4cc889cb7c",3
1763242938000,"0adab909-eb8f-4baf-9eed-7a4cc889cb7c",3
1763242946000,"0adab909-eb8f-4baf-9eed-7a4cc889cb7c",3
1763243242000,"0adab909-eb8f-4baf-9eed-7a4cc889cb7c",4
1763243350000,"0adab909-eb8f-4baf-9eed-7a4cc889cb7c",4
1763243461000,"0adab909-eb8f-4baf-9eed-7a4cc889cb7c",4
1763243924000,"0adab909-eb8f-4baf-9eed-7a4cc889cb7c",4
1763243927000,"0adab909-eb8f-4baf-9eed-7a4cc889cb7c",3
1763243928000,"0adab909-eb8f-4baf-9eed-7a4cc889cb7c",3
1763243933000,"0adab909-eb8f-4baf-9eed-7a4cc889cb7c",3
1763243934000,"0adab909-eb8f-4baf-9eed-7a4cc889cb7c",3
1763243935000,"0adab909-eb8f-4baf-9eed-7a4cc889cb7c",3
1763244231000,"0adab909-eb8f-4baf-9eed-7a4cc889cb7c",3
1763244235000,"0adab909-eb8f-4baf-9eed-7a4cc889cb7c",4
1763244244000,"0adab909-eb8f-4baf-9eed-7a4cc889cb7c",3
1763244245000,"0adab909-eb8f-4baf-9eed-7a4cc889cb7c",3
1763244247000,"0adab909-eb8f-4baf-9eed-7a4cc889cb7c",3
1763244535000,"0adab909-eb8f-4baf-9eed-7a4cc889cb7c",4
1763244538000,"0adab909-eb8f-4baf-9eed-7a4cc889cb7c",4
1763244833000,"0adab909-eb8f-4baf-9eed-7a4cc889cb7c",3
1763244834000,"0adab909-eb8f-4baf-9eed-7a4cc889cb7c",3
1763244835000,"0adab909-eb8f-4baf-9eed-7a4cc889cb7c",4
1763244845000,"0adab909-eb8f-4baf-9eed-7a4cc889cb7c",3
1763245135000,"0adab909-eb8f-4baf-9eed-7a4cc889cb7c",4
1763245432000,"0adab909-eb8f-4baf-9eed-7a4cc889cb7c",3
1763245433000,"0adab909-eb8f-4baf-9eed-7a4cc889cb7c",3
1763245435000,"0adab909-eb8f-4baf-9eed-7a4cc889cb7c",4
1763245438000,"0adab909-eb8f-4baf-9eed-7a4cc889cb7c",4
1763245444000,"0adab909-eb8f-4baf-9eed-7a4cc889cb7c",3
1763245445000,"0adab909-eb8f-4baf-9eed-7a4cc889cb7c",3
1763245735000,"0adab909-eb8f-4baf-9eed-7a4cc889cb7c",4
1763246032000,"0adab909-eb8f-4baf-9eed-7a4cc889cb7c",3
1763246033000,"0adab909-eb8f-4baf-9eed-7a4cc889cb7c",3
1763246035000,"0adab909-eb8f-4baf-9eed-7a4cc889cb7c",4
1763246042000,"0adab909-eb8f-4baf-9eed-7a4cc889cb7c",3
1763246044000,"0adab909-eb8f-4baf-9eed-7a4cc889cb7c",3
1763246335000,"0adab909-eb8f-4baf-9eed-7a4cc889cb7c",4
1763246339000,"0adab909-eb8f-4baf-9eed-7a4cc889cb7c",4
1763246633000,"0adab909-eb8f-4baf-9eed-7a4cc889cb7c",3
1763246635000,"0adab909-eb8f-4baf-9eed-7a4cc889cb7c",4
1763246644000,"0adab909-eb8f-4baf-9eed-7a4cc889cb7c",3
1763246646000,"0adab909-eb8f-4baf-9eed-7a4cc889cb7c",3
1763246935000,"0adab909-eb8f-4baf-9eed-7a4cc889cb7c",4
1763247232000,"0adab909-eb8f-4baf-9eed-7a4cc889cb7c",3
1763247235000,"0adab909-eb8f-4baf-9eed-7a4cc889cb7c",4
1763247237000,"0adab909-eb8f-4baf-9eed-7a4cc889cb7c",3
1763247239000,"0adab909-eb8f-4baf-9eed-7a4cc889cb7c",4
1763247244000,"0adab909-eb8f-4baf-9eed-7a4cc889cb7c",3
1763247245000,"0adab909-eb8f-4baf-9eed-7a4cc889cb7c",3
1763247535000,"0adab909-eb8f-4baf-9eed-7a4cc889cb7c",4
1763247664000,"0adab909-eb8f-4baf-9eed-7a4cc889cb7c",4
1763247674000,"0adab909-eb8f-4baf-9eed-7a4cc889cb7c",1
1763247679000,"0adab909-eb8f-4baf-9eed-7a4cc889cb7c",3
1763247680000,"0adab909-eb8f-4baf-9eed-7a4cc889cb7c",3
1763247681000,"0adab909-eb8f-4baf-9eed-7a4cc889cb7c",3
1763247682000,"0adab909-eb8f-4baf-9eed-7a4cc889cb7c",3
1763247683000,"0adab909-eb8f-4baf-9eed-7a4cc889cb7c",3
1763247684000,"0adab909-eb8f-4baf-9eed-7a4cc889cb7c",3
1763247685000,"0adab909-eb8f-4baf-9eed-7a4cc889cb7c",3
1763247686000,"0adab909-eb8f-4baf-9eed-7a4cc889cb7c",3
1763247687000,"0adab909-eb8f-4baf-9eed-7a4cc889cb7c",3
1763247688000,"0adab909-eb8f-4baf-9eed-7a4cc889cb7c",3
1763247689000,"0adab909-eb8f-4baf-9eed-7a4cc889cb7c",3
1763247690000,"0adab909-eb8f-4baf-9eed-7a4cc889cb7c",3
1763247691000,"0adab909-eb8f-4baf-9eed-7a4cc889cb7c",3
1763248131000,"0adab909-eb8f-4baf-9eed-7a4cc889cb7c",4
1763248134000,"0adab909-eb8f-4baf-9eed-7a4cc889cb7c",4
1763248431000,"0adab909-eb8f-4baf-9eed-7a4cc889cb7c",4
1763248435000,"0adab909-eb8f-4baf-9eed-7a4cc889cb7c",3
1763248620000,"0adab909-eb8f-4baf-9eed-7a4cc889cb7c",4
1763248796000,"0adab909-eb8f-4baf-9eed-7a4cc889cb7c",4
1763249031000,"0adab909-eb8f-4baf-9eed-7a4cc889cb7c",4
1763249033000,"0adab909-eb8f-4baf-9eed-7a4cc889cb7c",3
1763249331000,"0adab909-eb8f-4baf-9eed-7a4cc889cb7c",4
1763249523000,"0adab909-eb8f-4baf-9eed-7a4cc889cb7c",4
1763249631000,"0adab909-eb8f-4baf-9eed-7a4cc889cb7c",4
1763249636000,"0adab909-eb8f-4baf-9eed-7a4cc889cb7c",3
1763249931000,"0adab909-eb8f-4baf-9eed-7a4cc889cb7c",4
1763250087000,"0adab909-eb8f-4baf-9eed-7a4cc889cb7c",4
1763250089000,"0adab909-eb8f-4baf-9eed-7a4cc889cb7c",3
1763250243000,"0adab909-eb8f-4baf-9eed-7a4cc889cb7c",4
1763250531000,"0adab909-eb8f-4baf-9eed-7a4cc889cb7c",4
1763250826000,"0adab909-eb8f-4baf-9eed-7a4cc889cb7c",4
1763250827000,"0adab909-eb8f-4baf-9eed-7a4cc889cb7c",3
1763250829000,"0adab909-eb8f-4baf-9eed-7a4cc889cb7c",3
1763251126000,"0adab909-eb8f-4baf-9eed-7a4cc889cb7c",4
1763251128000,"0adab909-eb8f-4baf-9eed-7a4cc889cb7c",4
1763251267000,"0adab909-eb8f-4baf-9eed-7a4cc889cb7c",4
1763251317000,"0adab909-eb8f-4baf-9eed-7a4cc889cb7c",3
1763251318000,"0adab909-eb8f-4baf-9eed-7a4cc889cb7c",3
1763251328000,"0adab909-eb8f-4baf-9eed-7a4cc889cb7c",3
1763251727000,"0adab909-eb8f-4baf-9eed-7a4cc889cb7c",4
1763251730000,"0adab909-eb8f-4baf-9eed-7a4cc889cb7c",4
1763252027000,"0adab909-eb8f-4baf-9eed-7a4cc889cb7c",4
1763252028000,"0adab909-eb8f-4baf-9eed-7a4cc889cb7c",3
1763252029000,"0adab909-eb8f-4baf-9eed-7a4cc889cb7c",3
1763252326000,"0adab909-eb8f-4baf-9eed-7a4cc889cb7c",4
1763252597000,"0adab909-eb8f-4baf-9eed-7a4cc889cb7c",4
1763252826000,"0adab909-eb8f-4baf-9eed-7a4cc889cb7c",4
1763252828000,"0adab909-eb8f-4baf-9eed-7a4cc889cb7c",3
1763252832000,"0adab909-eb8f-4baf-9eed-7a4cc889cb7c",3
1763252839000,"0adab909-eb8f-4baf-9eed-7a4cc889cb7c",3
1763253126000,"0adab909-eb8f-4baf-9eed-7a4cc889cb7c",4
1763253128000,"0adab909-eb8f-4baf-9eed-7a4cc889cb7c",3
1763253132000,"0adab909-eb8f-4baf-9eed-7a4cc889cb7c",3
1763253135000,"0adab909-eb8f-4baf-9eed-7a4cc889cb7c",3
1763253426000,"0adab909-eb8f-4baf-9eed-7a4cc889cb7c",4
1763253429000,"0adab909-eb8f-4baf-9eed-7a4cc889cb7c",4
1763253726000,"0adab909-eb8f-4baf-9eed-7a4cc889cb7c",4
1763253727000,"0adab909-eb8f-4baf-9eed-7a4cc889cb7c",3
1763254026000,"0adab909-eb8f-4baf-9eed-7a4cc889cb7c",4
1763254326000,"0adab909-eb8f-4baf-9eed-7a4cc889cb7c",4
1763254327000,"0adab909-eb8f-4baf-9eed-7a4cc889cb7c",3
1763254328000,"0adab909-eb8f-4baf-9eed-7a4cc889cb7c",3
1763254329000,"0adab909-eb8f-4baf-9eed-7a4cc889cb7c",4
1763254724000,"0adab909-eb8f-4baf-9eed-7a4cc889cb7c",4
1763255024000,"0adab909-eb8f-4baf-9eed-7a4cc889cb7c",3
1763255025000,"0adab909-eb8f-4baf-9eed-7a4cc889cb7c",3
1763255027000,"0adab909-eb8f-4baf-9eed-7a4cc889cb7c",4
1763255324000,"0adab909-eb8f-4baf-9eed-7a4cc889cb7c",4
1763255624000,"0adab909-eb8f-4baf-9eed-7a4cc889cb7c",4
1763255625000,"0adab909-eb8f-4baf-9eed-7a4cc889cb7c",3
1763255634000,"0adab909-eb8f-4baf-9eed-7a4cc889cb7c",3
1763255924000,"0adab909-eb8f-4baf-9eed-7a4cc889cb7c",4
1763255927000,"0adab909-eb8f-4baf-9eed-7a4cc889cb7c",4
1763256122000,"0adab909-eb8f-4baf-9eed-7a4cc889cb7c",4
1763256125000,"0adab909-eb8f-4baf-9eed-7a4cc889cb7c",3
1763256373000,"0adab909-eb8f-4baf-9eed-7a4cc889cb7c",4
1763256605000,"0adab909-eb8f-4baf-9eed-7a4cc889cb7c",4
1763256608000,"0adab909-eb8f-4baf-9eed-7a4cc889cb7c",4
1763256905000,"0adab909-eb8f-4baf-9eed-7a4cc889cb7c",4
1763256906000,"0adab909-eb8f-4baf-9eed-7a4cc889cb7c",3
1763257205000,"0adab909-eb8f-4baf-9eed-7a4cc889cb7c",4
1763257505000,"0adab909-eb8f-4baf-9eed-7a4cc889cb7c",4
1763257507000,"0adab909-eb8f-4baf-9eed-7a4cc889cb7c",3
1763257508000,"0adab909-eb8f-4baf-9eed-7a4cc889cb7c",4
1763257805000,"0adab909-eb8f-4baf-9eed-7a4cc889cb7c",4
1763258105000,"0adab909-eb8f-4baf-9eed-7a4cc889cb7c",4
1763258107000,"0adab909-eb8f-4baf-9eed-7a4cc889cb7c",3
1763258181000,"0adab909-eb8f-4baf-9eed-7a4cc889cb7c",4
1763258410000,"0adab909-eb8f-4baf-9eed-7a4cc889cb7c",4
1763258521000,"0adab909-eb8f-4baf-9eed-7a4cc889cb7c",3
1763258522000,"0adab909-eb8f-4baf-9eed-7a4cc889cb7c",3
1763258524000,"0adab909-eb8f-4baf-9eed-7a4cc889cb7c",3
1763259010000,"0adab909-eb8f-4baf-9eed-7a4cc889cb7c",4
1763259013000,"0adab909-eb8f-4baf-9eed-7a4cc889cb7c",4
1763259309000,"0adab909-eb8f-4baf-9eed-7a4cc889cb7c",4
1763259311000,"0adab909-eb8f-4baf-9eed-7a4cc889cb7c",3
1763259313000,"0adab909-eb8f-4baf-9eed-7a4cc889cb7c",3
1763259610000,"0adab909-eb8f-4baf-9eed-7a4cc889cb7c",4
1763259910000,"0adab909-eb8f-4baf-9eed-7a4cc889cb7c",4
1763259911000,"0adab909-eb8f-4baf-9eed-7a4cc889cb7c",3
1763259912000,"0adab909-eb8f-4baf-9eed-7a4cc889cb7c",3
1763259913000,"0adab909-eb8f-4baf-9eed-7a4cc889cb7c",4
1763259916000,"0adab909-eb8f-4baf-9eed-7a4cc889cb7c",3
1763260210000,"0adab909-eb8f-4baf-9eed-7a4cc889cb7c",4
1763260442000,"0adab909-eb8f-4baf-9eed-7a4cc889cb7c",4
1763260445000,"0adab909-eb8f-4baf-9eed-7a4cc889cb7c",3
1763260446000,"0adab909-eb8f-4baf-9eed-7a4cc889cb7c",3
1763260742000,"0adab909-eb8f-4baf-9eed-7a4cc889cb7c",4
1763260745000,"0adab909-eb8f-4baf-9eed-7a4cc889cb7c",4
1763261042000,"0adab909-eb8f-4baf-9eed-7a4cc889cb7c",4
1763261043000,"0adab909-eb8f-4baf-9eed-7a4cc889cb7c",3
1763261342000,"0adab909-eb8f-4baf-9eed-7a4cc889cb7c",4
1763261515000,"0adab909-eb8f-4baf-9eed-7a4cc889cb7c",4
1763261517000,"0adab909-eb8f-4baf-9eed-7a4cc889cb7c",3
1763261518000,"0adab909-eb8f-4baf-9eed-7a4cc889cb7c",4
1763261520000,"0adab909-eb8f-4baf-9eed-7a4cc889cb7c",3
1763261942000,"0adab909-eb8f-4baf-9eed-7a4cc889cb7c",4
1763262340000,"0adab909-eb8f-4baf-9eed-7a4cc889cb7c",4
1763262343000,"0adab909-eb8f-4baf-9eed-7a4cc889cb7c",4
1763262344000,"0adab909-eb8f-4baf-9eed-7a4cc889cb7c",3
1763262641000,"0adab909-eb8f-4baf-9eed-7a4cc889cb7c",4
1763262941000,"0adab909-eb8f-4baf-9eed-7a4cc889cb7c",4
1763262943000,"0adab909-eb8f-4baf-9eed-7a4cc889cb7c",3
1763262944000,"0adab909-eb8f-4baf-9eed-7a4cc889cb7c",4
1763262953000,"0adab909-eb8f-4baf-9eed-7a4cc889cb7c",3
1763263240000,"0adab909-eb8f-4baf-9eed-7a4cc889cb7c",4
1763263540000,"0adab909-eb8f-4baf-9eed-7a4cc889cb7c",3
1763263840000,"0adab909-eb8f-4baf-9eed-7a4cc889cb7c",4
1763263843000,"0adab909-eb8f-4baf-9eed-7a4cc889cb7c",4
1763264320000,"0adab909-eb8f-4baf-9eed-7a4cc889cb7c",4
1763264323000,"0adab909-eb8f-4baf-9eed-7a4cc889cb7c",3
1763264609000,"0adab909-eb8f-4baf-9eed-7a4cc889cb7c",4
1763264633000,"0adab909-eb8f-4baf-9eed-7a4cc889cb7c",4
1763264889000,"0adab909-eb8f-4baf-9eed-7a4cc889cb7c",4
1763265233000,"0adab909-eb8f-4baf-9eed-7a4cc889cb7c",4
1763265234000,"0adab909-eb8f-4baf-9eed-7a4cc889cb7c",3
1763265236000,"0adab909-eb8f-4baf-9eed-7a4cc889cb7c",4
1763265533000,"0adab909-eb8f-4baf-9eed-7a4cc889cb7c",4
1763265833000,"0adab909-eb8f-4baf-9eed-7a4cc889cb7c",4
1763265834000,"0adab909-eb8f-4baf-9eed-7a4cc889cb7c",3
1763265844000,"0adab909-eb8f-4baf-9eed-7a4cc889cb7c",3
1763266133000,"0adab909-eb8f-4baf-9eed-7a4cc889cb7c",4
1763266136000,"0adab909-eb8f-4baf-9eed-7a4cc889cb7c",4
1763266364000,"0adab909-eb8f-4baf-9eed-7a4cc889cb7c",4
1763266365000,"0adab909-eb8f-4baf-9eed-7a4cc889cb7c",3
1763266664000,"0adab909-eb8f-4baf-9eed-7a4cc889cb7c",4
1763266774000,"0adab909-eb8f-4baf-9eed-7a4cc889cb7c",4
1763266777000,"0adab909-eb8f-4baf-9eed-7a4cc889cb7c",4
1763267015000,"0adab909-eb8f-4baf-9eed-7a4cc889cb7c",3
1763267265000,"0adab909-eb8f-4baf-9eed-7a4cc889cb7c",4
1763267564000,"0adab909-eb8f-4baf-9eed-7a4cc889cb7c",4
1763267566000,"0adab909-eb8f-4baf-9eed-7a4cc889cb7c",3
1763267567000,"0adab909-eb8f-4baf-9eed-7a4cc889cb7c",4
1763267865000,"0adab909-eb8f-4baf-9eed-7a4cc889cb7c",4
1763268164000,"0adab909-eb8f-4baf-9eed-7a4cc889cb7c",4
1763268168000,"0adab909-eb8f-4baf-9eed-7a4cc889cb7c",3
1763268396000,"0adab909-eb8f-4baf-9eed-7a4cc889cb7c",4
1763268399000,"0adab909-eb8f-4baf-9eed-7a4cc889cb7c",4
1763268696000,"0adab909-eb8f-4baf-9eed-7a4cc889cb7c",4
1763268701000,"0adab909-eb8f-4baf-9eed-7a4cc889cb7c",3
1763268996000,"0adab909-eb8f-4baf-9eed-7a4cc889cb7c",4
1763269296000,"0adab909-eb8f-4baf-9eed-7a4cc889cb7c",4
1763269299000,"0adab909-eb8f-4baf-9eed-7a4cc889cb7c",4
1763269301000,"0adab909-eb8f-4baf-9eed-7a4cc889cb7c",3
1763269596000,"0adab909-eb8f-4baf-9eed-7a4cc889cb7c",4
1763269732000,"0adab909-eb8f-4baf-9eed-7a4cc889cb7c",4
1763270321000,"0adab909-eb8f-4baf-9eed-7a4cc889cb7c",4
1763270322000,"0adab909-eb8f-4baf-9eed-7a4cc889cb7c",3
1763270324000,"0adab909-eb8f-4baf-9eed-7a4cc889cb7c",4
1763270641000,"0adab909-eb8f-4baf-9eed-7a4cc889cb7c",3
1763270941000,"0adab909-eb8f-4baf-9eed-7a4cc889cb7c",4
1763270943000,"0adab909-eb8f-4baf-9eed-7a4cc889cb7c",4
1763271241000,"0adab909-eb8f-4baf-9eed-7a4cc889cb7c",4
1763271252000,"0adab909-eb8f-4baf-9eed-7a4cc889cb7c",3
1763271541000,"0adab909-eb8f-4baf-9eed-7a4cc889cb7c",4
1763271544000,"0adab909-eb8f-4baf-9eed-7a4cc889cb7c",4
1763271603000,"0adab909-eb8f-4baf-9eed-7a4cc889cb7c",1
1763271615000,"0adab909-eb8f-4baf-9eed-7a4cc889cb7c",1
1763271621000,"0adab909-eb8f-4baf-9eed-7a4cc889cb7c",4
1763271739000,"0adab909-eb8f-4baf-9eed-7a4cc889cb7c",3
1763272286000,"0adab909-eb8f-4baf-9eed-7a4cc889cb7c",4
1763272287000,"0adab909-eb8f-4baf-9eed-7a4cc889cb7c",3
1763272289000,"0adab909-eb8f-4baf-9eed-7a4cc889cb7c",3
1763272586000,"0adab909-eb8f-4baf-9eed-7a4cc889cb7c",4
1763272801000,"0adab909-eb8f-4baf-9eed-7a4cc889cb7c",1
1763272815000,"0adab909-eb8f-4baf-9eed-7a4cc889cb7c",1
1763272887000,"0adab909-eb8f-4baf-9eed-7a4cc889cb7c",4
1763272890000,"0adab909-eb8f-4baf-9eed-7a4cc889cb7c",3
1763272891000,"0adab909-eb8f-4baf-9eed-7a4cc889cb7c",3
1763273186000,"0adab909-eb8f-4baf-9eed-7a4cc889cb7c",4
1763273486000,"0adab909-eb8f-4baf-9eed-7a4cc889cb7c",4
1763273487000,"0adab909-eb8f-4baf-9eed-7a4cc889cb7c",3
1763273717000,"0adab909-eb8f-4baf-9eed-7a4cc889cb7c",4
1763273786000,"0adab909-eb8f-4baf-9eed-7a4cc889cb7c",4
1763274087000,"0adab909-eb8f-4baf-9eed-7a4cc889cb7c",4
1763274089000,"0adab909-eb8f-4baf-9eed-7a4cc889cb7c",3
1763274319000,"0adab909-eb8f-4baf-9eed-7a4cc889cb7c",4
1763274322000,"0adab909-eb8f-4baf-9eed-7a4cc889cb7c",4
1763274619000,"0adab909-eb8f-4baf-9eed-7a4cc889cb7c",4
1763274918000,"0adab909-eb8f-4baf-9eed-7a4cc889cb7c",4
1763275215000,"0adab909-eb8f-4baf-9eed-7a4cc889cb7c",4
1763275218000,"0adab909-eb8f-4baf-9eed-7a4cc889cb7c",4
1763275519000,"0adab909-eb8f-4baf-9eed-7a4cc889cb7c",4
1763275521000,"0adab909-eb8f-4baf-9eed-7a4cc889cb7c",3
1763275819000,"0adab909-eb8f-4baf-9eed-7a4cc889cb7c",4
1763275822000,"0adab909-eb8f-4baf-9eed-7a4cc889cb7c",4
1763275941000,"0adab909-eb8f-4baf-9eed-7a4cc889cb7c",4
1763275942000,"0adab909-eb8f-4baf-9eed-7a4cc889cb7c",3
1763276173000,"0adab909-eb8f-4baf-9eed-7a4cc889cb7c",4
1763276473000,"0adab909-eb8f-4baf-9eed-7a4cc889cb7c",4
1763276474000,"0adab909-eb8f-4baf-9eed-7a4cc889cb7c",3
1763276476000,"0adab909-eb8f-4baf-9eed-7a4cc889cb7c",4
1763276773000,"0adab909-eb8f-4baf-9eed-7a4cc889cb7c",4
1763277072000,"0adab909-eb8f-4baf-9eed-7a4cc889cb7c",3
1763277263000,"0adab909-eb8f-4baf-9eed-7a4cc889cb7c",4
1763277673000,"0adab909-eb8f-4baf-9eed-7a4cc889cb7c",3
1763277727000,"0adab909-eb8f-4baf-9eed-7a4cc889cb7c",1
1763277728000,"0adab909-eb8f-4baf-9eed-7a4cc889cb7c",1
1763277959000,"0adab909-eb8f-4baf-9eed-7a4cc889cb7c",4
1763278258000,"0adab909-eb8f-4baf-9eed-7a4cc889cb7c",4
1763278559000,"0adab909-eb8f-4baf-9eed-7a4cc889cb7c",3
1763278859000,"0adab909-eb8f-4baf-9eed-7a4cc889cb7c",4
1763278978000,"0adab909-eb8f-4baf-9eed-7a4cc889cb7c",1
1763278981000,"0adab909-eb8f-4baf-9eed-7a4cc889cb7c",1
1763278984000,"0adab909-eb8f-4baf-9eed-7a4cc889cb7c",4
1763278987000,"0adab909-eb8f-4baf-9eed-7a4cc889cb7c",4
1763279003000,"0adab909-eb8f-4baf-9eed-7a4cc889cb7c",3
1763279007000,"0adab909-eb8f-4baf-9eed-7a4cc889cb7c",4
1763279015000,"0adab909-eb8f-4baf-9eed-7a4cc889cb7c",3
1763279461000,"0adab909-eb8f-4baf-9eed-7a4cc889cb7c",4
1763279579000,"0adab909-eb8f-4baf-9eed-7a4cc889cb7c",3
1763279580000,"0adab909-eb8f-4baf-9eed-7a4cc889cb7c",3
1763279581000,"0adab909-eb8f-4baf-9eed-7a4cc889cb7c",3
1763279589000,"0adab909-eb8f-4baf-9eed-7a4cc889cb7c",3
1763279599000,"0adab909-eb8f-4baf-9eed-7a4cc889cb7c",4
1763280055000,"0adab909-eb8f-4baf-9eed-7a4cc889cb7c",4
1763280353000,"0adab909-eb8f-4baf-9eed-7a4cc889cb7c",3
1763280355000,"0adab909-eb8f-4baf-9eed-7a4cc889cb7c",4
1763280364000,"0adab909-eb8f-4baf-9eed-7a4cc889cb7c",3
1763280654000,"0adab909-eb8f-4baf-9eed-7a4cc889cb7c",4
1763280953000,"0adab909-eb8f-4baf-9eed-7a4cc889cb7c",3
1763280954000,"0adab909-eb8f-4baf-9eed-7a4cc889cb7c",3
1763280955000,"0adab909-eb8f-4baf-9eed-7a4cc889cb7c",4
1763280964000,"0adab909-eb8f-4baf-9eed-7a4cc889cb7c",3
1763281050000,"0adab909-eb8f-4baf-9eed-7a4cc889cb7c",4
1763281255000,"0adab909-eb8f-4baf-9eed-7a4cc889cb7c",4
1763281552000,"0adab909-eb8f-4baf-9eed-7a4cc889cb7c",3
1763281554000,"0adab909-eb8f-4baf-9eed-7a4cc889cb7c",4
1763281566000,"0adab909-eb8f-4baf-9eed-7a4cc889cb7c",3
1763281855000,"0adab909-eb8f-4baf-9eed-7a4cc889cb7c",4
1763281858000,"0adab909-eb8f-4baf-9eed-7a4cc889cb7c",4
1763282151000,"0adab909-eb8f-4baf-9eed-7a4cc889cb7c",3
1763282154000,"0adab909-eb8f-4baf-9eed-7a4cc889cb7c",4
1763282163000,"0adab909-eb8f-4baf-9eed-7a4cc889cb7c",3
1763282164000,"0adab909-eb8f-4baf-9eed-7a4cc889cb7c",3
1763282165000,"0adab909-eb8f-4baf-9eed-7a4cc889cb7c",3
1763282167000,"0adab909-eb8f-4baf-9eed-7a4cc889cb7c",3
1763282454000,"0adab909-eb8f-4baf-9eed-7a4cc889cb7c",4
1763282752000,"0adab909-eb8f-4baf-9eed-7a4cc889cb7c",3
1763282755000,"0adab909-eb8f-4baf-9eed-7a4cc889cb7c",4
1763283054000,"0adab909-eb8f-4baf-9eed-7a4cc889cb7c",4
1763283351000,"0adab909-eb8f-4baf-9eed-7a4cc889cb7c",3
1763283354000,"0adab909-eb8f-4baf-9eed-7a4cc889cb7c",4
1763283364000,"0adab909-eb8f-4baf-9eed-7a4cc889cb7c",3
1763283365000,"0adab909-eb8f-4baf-9eed-7a4cc889cb7c",3
1763283655000,"0adab909-eb8f-4baf-9eed-7a4cc889cb7c",4
1763283952000,"0adab909-eb8f-4baf-9eed-7a4cc889cb7c",3
1763283954000,"0adab909-eb8f-4baf-9eed-7a4cc889cb7c",4
1763283966000,"0adab909-eb8f-4baf-9eed-7a4cc889cb7c",3
1763284227000,"0adab909-eb8f-4baf-9eed-7a4cc889cb7c",4
1763284255000,"0adab909-eb8f-4baf-9eed-7a4cc889cb7c",4
1763284553000,"0adab909-eb8f-4baf-9eed-7a4cc889cb7c",3
1763284555000,"0adab909-eb8f-4baf-9eed-7a4cc889cb7c",4
1763284557000,"0adab909-eb8f-4baf-9eed-7a4cc889cb7c",3
1763284565000,"0adab909-eb8f-4baf-9eed-7a4cc889cb7c",3
1763284567000,"0adab909-eb8f-4baf-9eed-7a4cc889cb7c",3
1763284854000,"0adab909-eb8f-4baf-9eed-7a4cc889cb7c",4
1763285129000,"0adab909-eb8f-4baf-9eed-7a4cc889cb7c",4
1763285133000,"0adab909-eb8f-4baf-9eed-7a4cc889cb7c",3
1763285137000,"0adab909-eb8f-4baf-9eed-7a4cc889cb7c",3
1763285140000,"0adab909-eb8f-4baf-9eed-7a4cc889cb7c",3
1763285455000,"0adab909-eb8f-4baf-9eed-7a4cc889cb7c",4
1763285544000,"0adab909-eb8f-4baf-9eed-7a4cc889cb7c",4
1763285754000,"0adab909-eb8f-4baf-9eed-7a4cc889cb7c",4
1763285764000,"0adab909-eb8f-4baf-9eed-7a4cc889cb7c",3
1763285765000,"0adab909-eb8f-4baf-9eed-7a4cc889cb7c",3
1763285937000,"0adab909-eb8f-4baf-9eed-7a4cc889cb7c",1
1763286057000,"0adab909-eb8f-4baf-9eed-7a4cc889cb7c",4
1763286354000,"0adab909-eb8f-4baf-9eed-7a4cc889cb7c",3
1763286356000,"0adab909-eb8f-4baf-9eed-7a4cc889cb7c",3
1763286357000,"0adab909-eb8f-4baf-9eed-7a4cc889cb7c",4
1763286656000,"0adab909-eb8f-4baf-9eed-7a4cc889cb7c",4
1763287031000,"0adab909-eb8f-4baf-9eed-7a4cc889cb7c",3
1763287034000,"0adab909-eb8f-4baf-9eed-7a4cc889cb7c",4
1763287332000,"0adab909-eb8f-4baf-9eed-7a4cc889cb7c",3
1763287336000,"0adab909-eb8f-4baf-9eed-7a4cc889cb7c",4
1763287494000,"0adab909-eb8f-4baf-9eed-7a4cc889cb7c",4
1763287804000,"0adab909-eb8f-4baf-9eed-7a4cc889cb7c",4
1763288234000,"0adab909-eb8f-4baf-9eed-7a4cc889cb7c",3
1763288235000,"0adab909-eb8f-4baf-9eed-7a4cc889cb7c",4
1763288532000,"0adab909-eb8f-4baf-9eed-7a4cc889cb7c",3
1763288533000,"0adab909-eb8f-4baf-9eed-7a4cc889cb7c",3
1763288535000,"0adab909-eb8f-4baf-9eed-7a4cc889cb7c",4
1763288765000,"0adab909-eb8f-4baf-9eed-7a4cc889cb7c",4
1763289120000,"0adab909-eb8f-4baf-9eed-7a4cc889cb7c",1
1763289121000,"0adab909-eb8f-4baf-9eed-7a4cc889cb7c",1
1763289124000,"0adab909-eb8f-4baf-9eed-7a4cc889cb7c",3
1763289132000,"0adab909-eb8f-4baf-9eed-7a4cc889cb7c",3
1763289133000,"0adab909-eb8f-4baf-9eed-7a4cc889cb7c",3
1763289147000,"0adab909-eb8f-4baf-9eed-7a4cc889cb7c",4
1763289278000,"0adab909-eb8f-4baf-9eed-7a4cc889cb7c",1
1763289404000,"0adab909-eb8f-4baf-9eed-7a4cc889cb7c",4
1763289719000,"0adab909-eb8f-4baf-9eed-7a4cc889cb7c",3
1763289723000,"0adab909-eb8f-4baf-9eed-7a4cc889cb7c",4
1763289724000,"0adab909-eb8f-4baf-9eed-7a4cc889cb7c",3
1763289801000,"0adab909-eb8f-4baf-9eed-7a4cc889cb7c",4
1763289829000,"0adab909-eb8f-4baf-9eed-7a4cc889cb7c",1
1763289831000,"0adab909-eb8f-4baf-9eed-7a4cc889cb7c",1
1763290006000,"0adab909-eb8f-4baf-9eed-7a4cc889cb7c",1
1763290132000,"0adab909-eb8f-4baf-9eed-7a4cc889cb7c",4
1763290456000,"0adab909-eb8f-4baf-9eed-7a4cc889cb7c",1
1763290458000,"0adab909-eb8f-4baf-9eed-7a4cc889cb7c",1
1763290465000,"0adab909-eb8f-4baf-9eed-7a4cc889cb7c",4
1763290478000,"0adab909-eb8f-4baf-9eed-7a4cc889cb7c",3
1763290691000,"0adab909-eb8f-4baf-9eed-7a4cc889cb7c",4
1763290704000,"0adab909-eb8f-4baf-9eed-7a4cc889cb7c",1
1763290830000,"0adab909-eb8f-4baf-9eed-7a4cc889cb7c",4
1763290968000,"0adab909-eb8f-4baf-9eed-7a4cc889cb7c",1
1763290970000,"0adab909-eb8f-4baf-9eed-7a4cc889cb7c",1
1763290984000,"0adab909-eb8f-4baf-9eed-7a4cc889cb7c",1
1763291105000,"0adab909-eb8f-4baf-9eed-7a4cc889cb7c",3
1763291107000,"0adab909-eb8f-4baf-9eed-7a4cc889cb7c",3
1763291109000,"0adab909-eb8f-4baf-9eed-7a4cc889cb7c",4
1763291132000,"0adab909-eb8f-4baf-9eed-7a4cc889cb7c",1
1763291134000,"0adab909-eb8f-4baf-9eed-7a4cc889cb7c",1
1763291332000,"0adab909-eb8f-4baf-9eed-7a4cc889cb7c",1
1763291458000,"0adab909-eb8f-4baf-9eed-7a4cc889cb7c",4
1763291816000,"0adab909-eb8f-4baf-9eed-7a4cc889cb7c",4
1763291889000,"0adab909-eb8f-4baf-9eed-7a4cc889cb7c",3
1763291892000,"0adab909-eb8f-4baf-9eed-7a4cc889cb7c",4
1763291895000,"0adab909-eb8f-4baf-9eed-7a4cc889cb7c",3
1763292189000,"0adab909-eb8f-4baf-9eed-7a4cc889cb7c",3
1763292192000,"0adab909-eb8f-4baf-9eed-7a4cc889cb7c",4
1763292194000,"0adab909-eb8f-4baf-9eed-7a4cc889cb7c",3
1763292291000,"0adab909-eb8f-4baf-9eed-7a4cc889cb7c",1
1763292294000,"0adab909-eb8f-4baf-9eed-7a4cc889cb7c",1
1763292316000,"0adab909-eb8f-4baf-9eed-7a4cc889cb7c",1
1763292334000,"0adab909-eb8f-4baf-9eed-7a4cc889cb7c",1
1763292336000,"0adab909-eb8f-4baf-9eed-7a4cc889cb7c",1
1763292517000,"0adab909-eb8f-4baf-9eed-7a4cc889cb7c",4
1763292527000,"0adab909-eb8f-4baf-9eed-7a4cc889cb7c",4
1763292827000,"0adab909-eb8f-4baf-9eed-7a4cc889cb7c",4
1763292836000,"0adab909-eb8f-4baf-9eed-7a4cc889cb7c",3
1763293122000,"0adab909-eb8f-4baf-9eed-7a4cc889cb7c",4
1763293126000,"0adab909-eb8f-4baf-9eed-7a4cc889cb7c",4
1763293199000,"0adab909-eb8f-4baf-9eed-7a4cc889cb7c",1
1763293320000,"0adab909-eb8f-4baf-9eed-7a4cc889cb7c",3
1763293324000,"0adab909-eb8f-4baf-9eed-7a4cc889cb7c",4
1763293325000,"0adab909-eb8f-4baf-9eed-7a4cc889cb7c",3
1763293635000,"0adab909-eb8f-4baf-9eed-7a4cc889cb7c",1
1763293637000,"0adab909-eb8f-4baf-9eed-7a4cc889cb7c",1
1763293727000,"0adab909-eb8f-4baf-9eed-7a4cc889cb7c",4
1763293730000,"0adab909-eb8f-4baf-9eed-7a4cc889cb7c",4
1763293778000,"0adab909-eb8f-4baf-9eed-7a4cc889cb7c",1
1763293903000,"0adab909-eb8f-4baf-9eed-7a4cc889cb7c",3
1763294164000,"0adab909-eb8f-4baf-9eed-7a4cc889cb7c",1
1763294190000,"0adab909-eb8f-4baf-9eed-7a4cc889cb7c",1
1763294326000,"0adab909-eb8f-4baf-9eed-7a4cc889cb7c",1
1763294329000,"0adab909-eb8f-4baf-9eed-7a4cc889cb7c",1
1763294337000,"0adab909-eb8f-4baf-9eed-7a4cc889cb7c",4
1763294400000,"0adab909-eb8f-4baf-9eed-7a4cc889cb7c",4
1763294698000,"0adab909-eb8f-4baf-9eed-7a4cc889cb7c",3
1763294701000,"0adab909-eb8f-4baf-9eed-7a4cc889cb7c",4
1763294709000,"0adab909-eb8f-4baf-9eed-7a4cc889cb7c",3
1763294711000,"0adab909-eb8f-4baf-9eed-7a4cc889cb7c",3
1763294954000,"0adab909-eb8f-4baf-9eed-7a4cc889cb7c",4
1763295001000,"0adab909-eb8f-4baf-9eed-7a4cc889cb7c",4
1763295107000,"0adab909-eb8f-4baf-9eed-7a4cc889cb7c",1
1763295126000,"0adab909-eb8f-4baf-9eed-7a4cc889cb7c",1
1763295128000,"0adab909-eb8f-4baf-9eed-7a4cc889cb7c",1
1763295199000,"0adab909-eb8f-4baf-9eed-7a4cc889cb7c",1
1763295298000,"0adab909-eb8f-4baf-9eed-7a4cc889cb7c",3
1763295303000,"0adab909-eb8f-4baf-9eed-7a4cc889cb7c",4
1763295308000,"0adab909-eb8f-4baf-9eed-7a4cc889cb7c",3
1763295324000,"0adab909-eb8f-4baf-9eed-7a4cc889cb7c",1
1763295325000,"0adab909-eb8f-4baf-9eed-7a4cc889cb7c",3
1763295326000,"0adab909-eb8f-4baf-9eed-7a4cc889cb7c",1
1763295389000,"0adab909-eb8f-4baf-9eed-7a4cc889cb7c",1
