_id,timestamp,device_id,bt_address,bt_name,bt_rssi,label
22951,1760314084693.0,0adab909-eb8f-4baf-9eed-7a4cc889cb7c,76:39:EE:A1:2D:76,,-84,1760314084337
22952,1760314686372.0,0adab909-eb8f-4baf-9eed-7a4cc889cb7c,5F:5D:94:5F:F7:C5,,-79,1760314685314
22953,1760315295305.0,0adab909-eb8f-4baf-9eed-7a4cc889cb7c,5F:5D:94:5F:F7:C5,,-72,1760315295283
22954,1760315895642.0,0adab909-eb8f-4baf-9eed-7a4cc889cb7c,4E:E8:B3:49:1B:0B,,-79,1760315895266
22955,1760316495329.0,0adab909-eb8f-4baf-9eed-7a4cc889cb7c,4E:E8:B3:49:1B:0B,,-74,1760316495241
22956,1760317095312.0,0adab909-eb8f-4baf-9eed-7a4cc889cb7c,50:A8:36:71:72:77,,-75,1760317095267
22957,1760317695943.0,0adab909-eb8f-4baf-9eed-7a4cc889cb7c,50:A8:36:71:72:77,,-77,1760317695305
22958,1760318296698.0,0adab909-eb8f-4baf-9eed-7a4cc889cb7c,49:2C:14:9F:9E:CD,,-73,1760318295263
22959,1760318887975.0,0adab909-eb8f-4baf-9eed-7a4cc889cb7c,75:EA:78:79:70:23,,-75,1760318887256
22960,1760319487289.0,0adab909-eb8f-4baf-9eed-7a4cc889cb7c,75:EA:78:79:70:23,,-71,1760319487240
22961,1760320087917.0,0adab909-eb8f-4baf-9eed-7a4cc889cb7c,40:A1:F1:51:08:66,,-82,1760320087228
22962,1760320695242.0,0adab909-eb8f-4baf-9eed-7a4cc889cb7c,7A:D1:32:C7:57:CA,,-70,1760320695208
22963,1760321295300.0,0adab909-eb8f-4baf-9eed-7a4cc889cb7c,7A:D1:32:C7:57:CA,,-74,1760321295215
22964,1760321895213.0,0adab909-eb8f-4baf-9eed-7a4cc889cb7c,68:E3:D1:E1:05:78,,-72,1760321895209
22965,1760322487275.0,0adab909-eb8f-4baf-9eed-7a4cc889cb7c,68:E3:D1:E1:05:78,,-72,1760322487224
22966,1760323087921.0,0adab909-eb8f-4baf-9eed-7a4cc889cb7c,7B:D6:7D:6D:96:A3,,-80,1760323087210
22967,1760323687237.0,0adab909-eb8f-4baf-9eed-7a4cc889cb7c,7A:9B:44:29:5A:FC,,-72,1760323687204
22968,1760324278927.0,0adab909-eb8f-4baf-9eed-7a4cc889cb7c,7A:9B:44:29:5A:FC,,-81,1760324278201
22969,1760324878927.0,0adab909-eb8f-4baf-9eed-7a4cc889cb7c,56:28:7D:0E:F1:36,,-78,1760324878200
22970,1760325478226.0,0adab909-eb8f-4baf-9eed-7a4cc889cb7c,56:28:7D:0E:F1:36,,-71,1760325478190
22971,1760326096540.0,0adab909-eb8f-4baf-9eed-7a4cc889cb7c,7C:5A:88:E7:0D:98,,-77,1760326096147
22972,1760326696209.0,0adab909-eb8f-4baf-9eed-7a4cc889cb7c,7C:5A:88:E7:0D:98,,-72,1760326696172
22973,1760327296206.0,0adab909-eb8f-4baf-9eed-7a4cc889cb7c,63:64:5B:0B:20:DB,,-71,1760327296186
22974,1760327895202.0,0adab909-eb8f-4baf-9eed-7a4cc889cb7c,41:E7:C4:2F:32:D6,,-70,1760327895171
22975,1760328497240.0,0adab909-eb8f-4baf-9eed-7a4cc889cb7c,41:E7:C4:2F:32:D6,,-77,1760328495142
22976,1760328498490.0,0adab909-eb8f-4baf-9eed-7a4cc889cb7c,7B:9E:8D:B5:78:7B,,-92,1760328495142
22977,1760329095879.0,0adab909-eb8f-4baf-9eed-7a4cc889cb7c,79:09:D5:71:11:80,,-71,1760329095136
22978,1760329687215.0,0adab909-eb8f-4baf-9eed-7a4cc889cb7c,74:55:AF:27:12:5F,,-73,1760329687148
22979,1760330287213.0,0adab909-eb8f-4baf-9eed-7a4cc889cb7c,16:0E:9B:BF:2A:B3,,-94,1760330287155
22980,1760330287553.0,0adab909-eb8f-4baf-9eed-7a4cc889cb7c,74:55:AF:27:12:5F,,-74,1760330287155
22981,1760330887891.0,0adab909-eb8f-4baf-9eed-7a4cc889cb7c,56:26:F4:8C:C5:46,,-73,1760330887180
22982,1760331496564.0,0adab909-eb8f-4baf-9eed-7a4cc889cb7c,55:D8:97:D1:9D:E0,,-75,1760331496144
22983,1760331499437.0,0adab909-eb8f-4baf-9eed-7a4cc889cb7c,76:83:18:09:38:D3,,-83,1760331496144
22984,1760331499451.0,0adab909-eb8f-4baf-9eed-7a4cc889cb7c,7E:11:0D:F1:97:46,,-84,1760331496144
22985,1760331502321.0,0adab909-eb8f-4baf-9eed-7a4cc889cb7c,60:16:BE:12:4B:72,,-90,1760331496144
22986,1760331506160.0,0adab909-eb8f-4baf-9eed-7a4cc889cb7c,62:94:31:11:5D:CA,,-84,1760331496144
22987,1760332096157.0,0adab909-eb8f-4baf-9eed-7a4cc889cb7c,31:DE:2A:3E:B3:AD,,-91,1760332096153
22988,1760332096783.0,0adab909-eb8f-4baf-9eed-7a4cc889cb7c,55:D8:97:D1:9D:E0,,-75,1760332096153
22989,1760332695201.0,0adab909-eb8f-4baf-9eed-7a4cc889cb7c,57:98:94:49:AB:18,,-78,1760332695116
22990,1760333288495.0,0adab909-eb8f-4baf-9eed-7a4cc889cb7c,57:98:94:49:AB:18,,-78,1760333288145
22991,1760333290819.0,0adab909-eb8f-4baf-9eed-7a4cc889cb7c,52:B7:D9:A2:7F:0D,JBL LIVE660NC-LE,-93,1760333288145
22992,1760333887518.0,0adab909-eb8f-4baf-9eed-7a4cc889cb7c,79:78:98:78:19:D2,,-76,1760333887123
22993,1760334488165.0,0adab909-eb8f-4baf-9eed-7a4cc889cb7c,79:78:98:78:19:D2,,-73,1760334488162
22994,1760335689496.0,0adab909-eb8f-4baf-9eed-7a4cc889cb7c,4C:EE:78:43:73:39,,-86,1760335680123
22995,1760337505085.0,0adab909-eb8f-4baf-9eed-7a4cc889cb7c,00:26:7E:C5:45:AB,,-100,1760337495114
22996,1760338686478.0,0adab909-eb8f-4baf-9eed-7a4cc889cb7c,74:66:85:D4:16:C6,,-93,1760338686088
22997,1760339286250.0,0adab909-eb8f-4baf-9eed-7a4cc889cb7c,14:2C:78:1C:09:F8,JBL TUNE215TWS,-100,1760339286026
22998,1760339289374.0,0adab909-eb8f-4baf-9eed-7a4cc889cb7c,15:1F:88:C7:DA:75,,-93,1760339286026
22999,1760339289471.0,0adab909-eb8f-4baf-9eed-7a4cc889cb7c,E2:CF:4A:02:7A:B7,CAR-BT-7ab7,-100,1760339286026
23000,1760339293134.0,0adab909-eb8f-4baf-9eed-7a4cc889cb7c,65:35:BF:C2:83:C7,,-81,1760339286026
23001,1760342262027.0,0adab909-eb8f-4baf-9eed-7a4cc889cb7c,6E:A6:D7:19:3E:C4,,-94,1760342259067
23002,1760342262368.0,0adab909-eb8f-4baf-9eed-7a4cc889cb7c,65:F8:F8:0C:5A:54,,-93,1760342259067
23003,1760342263580.0,0adab909-eb8f-4baf-9eed-7a4cc889cb7c,10:C6:FC:74:2D:DF,,-100,1760342259067
23004,1760344660765.0,0adab909-eb8f-4baf-9eed-7a4cc889cb7c,F6:2F:46:53:FE:A0,Note 14,-95,1760344651039
23005,1760345871455.0,0adab909-eb8f-4baf-9eed-7a4cc889cb7c,6E:16:30:83:DF:5A,,-79,1760345871347
23006,1760345874697.0,0adab909-eb8f-4baf-9eed-7a4cc889cb7c,44:27:F3:4F:E6:95,XiaomiWatchS1Active E695,-91,1760345871347
23007,1760345878119.0,0adab909-eb8f-4baf-9eed-7a4cc889cb7c,C3:F5:7F:8B:F1:7D,Hue Lamp,-84,1760345871347
23008,1760345884263.0,0adab909-eb8f-4baf-9eed-7a4cc889cb7c,C3:F5:7F:8B:F1:7D,Hue Lamp,-82,1760345871347
23009,1760345884279.0,0adab909-eb8f-4baf-9eed-7a4cc889cb7c,D0:99:BF:66:6D:9C,,-77,1760345871347
23010,1760345884381.0,0adab909-eb8f-4baf-9eed-7a4cc889cb7c,F4:FE:FB:45:44:C9,,-84,1760345871347
23011,1760345885482.0,0adab909-eb8f-4baf-9eed-7a4cc889cb7c,6E:16:30:83:DF:5A,,-72,1760345871347
23012,1760345886690.0,0adab909-eb8f-4baf-9eed-7a4cc889cb7c,48:C1:AC:DC:6B:EE,ADVANCE ProCOM 9A9D2B,-79,1760345871347
23013,1760346471737.0,0adab909-eb8f-4baf-9eed-7a4cc889cb7c,72:C8:E2:AC:92:37,,-72,1760346471336
23014,1760346480640.0,0adab909-eb8f-4baf-9eed-7a4cc889cb7c,C3:F5:7F:8B:F1:7D,Hue Lamp,-83,1760346471336
23015,1760346484366.0,0adab909-eb8f-4baf-9eed-7a4cc889cb7c,48:C1:AC:DC:6B:EE,ADVANCE ProCOM 9A9D2B,-80,1760346471336
23016,1760346485253.0,0adab909-eb8f-4baf-9eed-7a4cc889cb7c,F4:FE:FB:45:44:C9,,-78,1760346471336
23017,1760346486320.0,0adab909-eb8f-4baf-9eed-7a4cc889cb7c,72:C8:E2:AC:92:37,,-63,1760346471336
23018,1760347076852.0,0adab909-eb8f-4baf-9eed-7a4cc889cb7c,F4:9D:8A:EE:3B:15,,-80,1760347071282
23019,1760347079678.0,0adab909-eb8f-4baf-9eed-7a4cc889cb7c,6C:00:0A:0B:33:4E,,-93,1760347071282
23020,1760347681228.0,0adab909-eb8f-4baf-9eed-7a4cc889cb7c,4C:59:4D:B0:BC:F1,,-91,1760347671307
23021,1760348275615.0,0adab909-eb8f-4baf-9eed-7a4cc889cb7c,D4:AD:FC:0A:2D:EB,GBK_H7090_2DEB,-84,1760348271343
23022,1760348284213.0,0adab909-eb8f-4baf-9eed-7a4cc889cb7c,57:06:E1:E8:22:8F,ADVANCE ProCOM 9A9D2B,-80,1760348271343
23023,1760348873664.0,0adab909-eb8f-4baf-9eed-7a4cc889cb7c,18:9C:2C:3E:FD:7B,,-89,1760348871348
23024,1760348874057.0,0adab909-eb8f-4baf-9eed-7a4cc889cb7c,58:B6:E9:7A:34:C8,,-86,1760348871348
23025,1760348874617.0,0adab909-eb8f-4baf-9eed-7a4cc889cb7c,46:88:7D:56:F4:8A,,-94,1760348871348
23026,1760348878476.0,0adab909-eb8f-4baf-9eed-7a4cc889cb7c,59:DF:B1:72:B0:3A,,-95,1760348871348
23027,1760348881556.0,0adab909-eb8f-4baf-9eed-7a4cc889cb7c,00:23:3D:30:73:00,,-100,1760348871348
23028,1760349468630.0,0adab909-eb8f-4baf-9eed-7a4cc889cb7c,66:1A:F3:DD:69:E3,,-92,1760349462748
23029,1760350076518.0,0adab909-eb8f-4baf-9eed-7a4cc889cb7c,56:6C:6B:A5:EF:BF,,-91,1760350062096
23030,1760351254925.0,0adab909-eb8f-4baf-9eed-7a4cc889cb7c,10:C6:FC:73:3C:70,Car Phone,-100,1760351252967
23031,1760351913013.0,0adab909-eb8f-4baf-9eed-7a4cc889cb7c,4C:96:8A:ED:6A:01,SPEN NA,-46,1760351912943
23032,1760351913448.0,0adab909-eb8f-4baf-9eed-7a4cc889cb7c,4C:96:8A:ED:6A:01,SPEN NA,-51,1760351912943
23033,1760351913656.0,0adab909-eb8f-4baf-9eed-7a4cc889cb7c,4C:96:8A:ED:6A:01,SPEN NA,-57,1760351912943
23034,1760351914065.0,0adab909-eb8f-4baf-9eed-7a4cc889cb7c,4C:96:8A:ED:6A:01,SPEN NA,-47,1760351912943
23035,1760351914387.0,0adab909-eb8f-4baf-9eed-7a4cc889cb7c,4C:96:8A:ED:6A:01,SPEN NA,-47,1760351912943
23036,1760351915005.0,0adab909-eb8f-4baf-9eed-7a4cc889cb7c,4C:96:8A:ED:6A:01,SPEN NA,-47,1760351912943
23037,1760351915336.0,0adab909-eb8f-4baf-9eed-7a4cc889cb7c,4C:96:8A:ED:6A:01,SPEN NA,-47,1760351912943
23038,1760351916592.0,0adab909-eb8f-4baf-9eed-7a4cc889cb7c,4C:96:8A:ED:6A:01,SPEN NA,-50,1760351912943
23039,1760351916964.0,0adab909-eb8f-4baf-9eed-7a4cc889cb7c,4C:96:8A:ED:6A:01,SPEN NA,-46,1760351912943
23040,1760351917220.0,0adab909-eb8f-4baf-9eed-7a4cc889cb7c,4C:96:8A:ED:6A:01,SPEN NA,-47,1760351912943
23041,1760351917532.0,0adab909-eb8f-4baf-9eed-7a4cc889cb7c,4C:96:8A:ED:6A:01,SPEN NA,-51,1760351912943
23042,1760351917859.0,0adab909-eb8f-4baf-9eed-7a4cc889cb7c,4C:96:8A:ED:6A:01,SPEN NA,-46,1760351912943
23043,1760351918478.0,0adab909-eb8f-4baf-9eed-7a4cc889cb7c,4C:96:8A:ED:6A:01,SPEN NA,-51,1760351912943
23044,1760351918800.0,0adab909-eb8f-4baf-9eed-7a4cc889cb7c,4C:96:8A:ED:6A:01,SPEN NA,-47,1760351912943
23045,1760351919094.0,0adab909-eb8f-4baf-9eed-7a4cc889cb7c,4C:96:8A:ED:6A:01,SPEN NA,-47,1760351912943
23046,1760351919439.0,0adab909-eb8f-4baf-9eed-7a4cc889cb7c,4C:96:8A:ED:6A:01,SPEN NA,-50,1760351912943
23047,1760351919757.0,0adab909-eb8f-4baf-9eed-7a4cc889cb7c,4C:96:8A:ED:6A:01,SPEN NA,-47,1760351912943
23048,1760351920062.0,0adab909-eb8f-4baf-9eed-7a4cc889cb7c,4C:96:8A:ED:6A:01,SPEN NA,-47,1760351912943
23049,1760351921334.0,0adab909-eb8f-4baf-9eed-7a4cc889cb7c,4C:96:8A:ED:6A:01,SPEN NA,-50,1760351912943
23050,1760351921722.0,0adab909-eb8f-4baf-9eed-7a4cc889cb7c,4C:96:8A:ED:6A:01,SPEN NA,-46,1760351912943
23051,1760351922055.0,0adab909-eb8f-4baf-9eed-7a4cc889cb7c,4C:96:8A:ED:6A:01,SPEN NA,-47,1760351912943
23052,1760351922366.0,0adab909-eb8f-4baf-9eed-7a4cc889cb7c,4C:96:8A:ED:6A:01,SPEN NA,-50,1760351912943
23053,1760353071114.0,0adab909-eb8f-4baf-9eed-7a4cc889cb7c,4C:96:8A:ED:6A:01,SPEN NA,-66,1760353070996
23054,1760353071747.0,0adab909-eb8f-4baf-9eed-7a4cc889cb7c,4C:96:8A:ED:6A:01,SPEN NA,-68,1760353070996
23055,1760353072075.0,0adab909-eb8f-4baf-9eed-7a4cc889cb7c,4C:96:8A:ED:6A:01,SPEN NA,-65,1760353070996
23056,1760353072377.0,0adab909-eb8f-4baf-9eed-7a4cc889cb7c,4C:96:8A:ED:6A:01,SPEN NA,-66,1760353070996
23057,1760353072696.0,0adab909-eb8f-4baf-9eed-7a4cc889cb7c,4C:96:8A:ED:6A:01,SPEN NA,-68,1760353070996
23058,1760353072998.0,0adab909-eb8f-4baf-9eed-7a4cc889cb7c,4C:96:8A:ED:6A:01,SPEN NA,-60,1760353070996
23059,1760353073634.0,0adab909-eb8f-4baf-9eed-7a4cc889cb7c,4C:96:8A:ED:6A:01,SPEN NA,-68,1760353070996
23060,1760353073945.0,0adab909-eb8f-4baf-9eed-7a4cc889cb7c,4C:96:8A:ED:6A:01,SPEN NA,-66,1760353070996
23061,1760353074265.0,0adab909-eb8f-4baf-9eed-7a4cc889cb7c,4C:96:8A:ED:6A:01,SPEN NA,-66,1760353070996
23062,1760353074354.0,0adab909-eb8f-4baf-9eed-7a4cc889cb7c,4C:96:8A:ED:6A:01,SPEN NA,-66,1760353070996
23063,1760353074579.0,0adab909-eb8f-4baf-9eed-7a4cc889cb7c,4C:96:8A:ED:6A:01,SPEN NA,-68,1760353070996
23064,1760353075007.0,0adab909-eb8f-4baf-9eed-7a4cc889cb7c,4C:96:8A:ED:6A:01,SPEN NA,-65,1760353070996
23065,1760353075203.0,0adab909-eb8f-4baf-9eed-7a4cc889cb7c,4C:96:8A:ED:6A:01,SPEN NA,-66,1760353070996
23066,1760353075305.0,0adab909-eb8f-4baf-9eed-7a4cc889cb7c,4C:96:8A:ED:6A:01,SPEN NA,-66,1760353070996
23067,1760353075513.0,0adab909-eb8f-4baf-9eed-7a4cc889cb7c,4C:96:8A:ED:6A:01,SPEN NA,-68,1760353070996
23068,1760353075948.0,0adab909-eb8f-4baf-9eed-7a4cc889cb7c,4C:96:8A:ED:6A:01,SPEN NA,-66,1760353070996
23069,1760353076261.0,0adab909-eb8f-4baf-9eed-7a4cc889cb7c,4C:96:8A:ED:6A:01,SPEN NA,-66,1760353070996
23070,1760353076563.0,0adab909-eb8f-4baf-9eed-7a4cc889cb7c,4C:96:8A:ED:6A:01,SPEN NA,-68,1760353070996
23071,1760353076892.0,0adab909-eb8f-4baf-9eed-7a4cc889cb7c,4C:96:8A:ED:6A:01,SPEN NA,-66,1760353070996
23072,1760353077181.0,0adab909-eb8f-4baf-9eed-7a4cc889cb7c,4C:96:8A:ED:6A:01,SPEN NA,-66,1760353070996
23073,1760353077525.0,0adab909-eb8f-4baf-9eed-7a4cc889cb7c,4C:96:8A:ED:6A:01,SPEN NA,-68,1760353070996
23074,1760353077844.0,0adab909-eb8f-4baf-9eed-7a4cc889cb7c,4C:96:8A:ED:6A:01,SPEN NA,-66,1760353070996
23075,1760353078158.0,0adab909-eb8f-4baf-9eed-7a4cc889cb7c,4C:96:8A:ED:6A:01,SPEN NA,-65,1760353070996
23076,1760353078476.0,0adab909-eb8f-4baf-9eed-7a4cc889cb7c,4C:96:8A:ED:6A:01,SPEN NA,-68,1760353070996
23077,1760353078784.0,0adab909-eb8f-4baf-9eed-7a4cc889cb7c,4C:96:8A:ED:6A:01,SPEN NA,-65,1760353070996
23078,1760353079097.0,0adab909-eb8f-4baf-9eed-7a4cc889cb7c,4C:96:8A:ED:6A:01,SPEN NA,-65,1760353070996
23079,1760353079415.0,0adab909-eb8f-4baf-9eed-7a4cc889cb7c,4C:96:8A:ED:6A:01,SPEN NA,-69,1760353070996
23080,1760353079723.0,0adab909-eb8f-4baf-9eed-7a4cc889cb7c,4C:96:8A:ED:6A:01,SPEN NA,-66,1760353070996
23081,1760353080051.0,0adab909-eb8f-4baf-9eed-7a4cc889cb7c,4C:96:8A:ED:6A:01,SPEN NA,-65,1760353070996
23082,1760353080449.0,0adab909-eb8f-4baf-9eed-7a4cc889cb7c,4C:96:8A:ED:6A:01,SPEN NA,-68,1760353070996
23083,1760353080658.0,0adab909-eb8f-4baf-9eed-7a4cc889cb7c,4C:96:8A:ED:6A:01,SPEN NA,-65,1760353070996
23084,1760353080864.0,0adab909-eb8f-4baf-9eed-7a4cc889cb7c,4C:96:8A:ED:6A:01,SPEN NA,-65,1760353070996
23085,1760353080972.0,0adab909-eb8f-4baf-9eed-7a4cc889cb7c,4C:96:8A:ED:6A:01,SPEN NA,-65,1760353070996
23086,1760353083893.0,0adab909-eb8f-4baf-9eed-7a4cc889cb7c,4C:96:8A:ED:6A:01,SPEN NA,-65,1760353070996
23087,1760353671097.0,0adab909-eb8f-4baf-9eed-7a4cc889cb7c,40:F3:B0:4F:1C:3B,,-81,1760353671007
23088,1760353680066.0,0adab909-eb8f-4baf-9eed-7a4cc889cb7c,1B:9F:5F:80:2A:D4,,-92,1760353671007
23089,1760354273342.0,0adab909-eb8f-4baf-9eed-7a4cc889cb7c,D0:97:D7:B7:59:8D,BLE_Garmin Drive #34232,-90,1760354270992
23090,1760354279149.0,0adab909-eb8f-4baf-9eed-7a4cc889cb7c,09:6C:46:DC:00:D7,,-94,1760354270992
23091,1760354873487.0,0adab909-eb8f-4baf-9eed-7a4cc889cb7c,64:37:85:42:41:D2,,-87,1760354871507
23092,1760357871440.0,0adab909-eb8f-4baf-9eed-7a4cc889cb7c,75:2F:4F:17:5F:19,,-89,1760357871414
23093,1760359085628.0,0adab909-eb8f-4baf-9eed-7a4cc889cb7c,36:5C:FB:3A:08:5B,,-92,1760359071641
23094,1760359684609.0,0adab909-eb8f-4baf-9eed-7a4cc889cb7c,23:F1:DE:FC:69:85,,-85,1760359671666
23095,1760360284112.0,0adab909-eb8f-4baf-9eed-7a4cc889cb7c,2B:FA:CE:9C:E3:98,,-78,1760360271222
23096,1760361472609.0,0adab909-eb8f-4baf-9eed-7a4cc889cb7c,49:39:0F:EB:A1:4F,,-80,1760361471205
23097,1760361476738.0,0adab909-eb8f-4baf-9eed-7a4cc889cb7c,71:E1:8A:F5:FA:CC,,-76,1760361471205
23098,1760361484177.0,0adab909-eb8f-4baf-9eed-7a4cc889cb7c,19:C5:C3:14:34:54,,-80,1760361471205
23099,1760361484254.0,0adab909-eb8f-4baf-9eed-7a4cc889cb7c,49:39:0F:EB:A1:4F,,-74,1760361471205
23100,1760361486229.0,0adab909-eb8f-4baf-9eed-7a4cc889cb7c,7F:C2:9B:51:9A:DB,JBL Live 770NC-LE,-84,1760361471205
23101,1760362070944.0,0adab909-eb8f-4baf-9eed-7a4cc889cb7c,49:39:0F:EB:A1:4F,,-77,1760362070842
23102,1760362072559.0,0adab909-eb8f-4baf-9eed-7a4cc889cb7c,71:E1:8A:F5:FA:CC,,-69,1760362070842
23103,1760362083815.0,0adab909-eb8f-4baf-9eed-7a4cc889cb7c,49:39:0F:EB:A1:4F,,-72,1760362070842
23104,1760362674151.0,0adab909-eb8f-4baf-9eed-7a4cc889cb7c,7D:B0:2E:5B:53:60,,-94,1760362670819
23105,1760363270842.0,0adab909-eb8f-4baf-9eed-7a4cc889cb7c,4C:96:8A:ED:6A:01,SPEN NA,-44,1760363270677
23106,1760363271776.0,0adab909-eb8f-4baf-9eed-7a4cc889cb7c,4C:96:8A:ED:6A:01,SPEN NA,-45,1760363270677
23107,1760363272092.0,0adab909-eb8f-4baf-9eed-7a4cc889cb7c,4C:96:8A:ED:6A:01,SPEN NA,-44,1760363270677
23108,1760363272415.0,0adab909-eb8f-4baf-9eed-7a4cc889cb7c,4C:96:8A:ED:6A:01,SPEN NA,-48,1760363270677
23109,1760363273037.0,0adab909-eb8f-4baf-9eed-7a4cc889cb7c,4C:96:8A:ED:6A:01,SPEN NA,-44,1760363270677
23110,1760363273351.0,0adab909-eb8f-4baf-9eed-7a4cc889cb7c,4C:96:8A:ED:6A:01,SPEN NA,-48,1760363270677
23111,1760363273680.0,0adab909-eb8f-4baf-9eed-7a4cc889cb7c,4C:96:8A:ED:6A:01,SPEN NA,-43,1760363270677
23112,1760363274291.0,0adab909-eb8f-4baf-9eed-7a4cc889cb7c,4C:96:8A:ED:6A:01,SPEN NA,-48,1760363270677
23113,1760363274606.0,0adab909-eb8f-4baf-9eed-7a4cc889cb7c,4C:96:8A:ED:6A:01,SPEN NA,-44,1760363270677
23114,1760363274917.0,0adab909-eb8f-4baf-9eed-7a4cc889cb7c,4C:96:8A:ED:6A:01,SPEN NA,-44,1760363270677
23115,1760363275246.0,0adab909-eb8f-4baf-9eed-7a4cc889cb7c,4C:96:8A:ED:6A:01,SPEN NA,-48,1760363270677
23116,1760363275878.0,0adab909-eb8f-4baf-9eed-7a4cc889cb7c,4C:96:8A:ED:6A:01,SPEN NA,-44,1760363270677
23117,1760363276202.0,0adab909-eb8f-4baf-9eed-7a4cc889cb7c,4C:96:8A:ED:6A:01,SPEN NA,-48,1760363270677
23118,1760363276526.0,0adab909-eb8f-4baf-9eed-7a4cc889cb7c,4C:96:8A:ED:6A:01,SPEN NA,-43,1760363270677
23119,1760363276843.0,0adab909-eb8f-4baf-9eed-7a4cc889cb7c,4C:96:8A:ED:6A:01,SPEN NA,-45,1760363270677
23120,1760363278109.0,0adab909-eb8f-4baf-9eed-7a4cc889cb7c,4C:96:8A:ED:6A:01,SPEN NA,-48,1760363270677
23121,1760363278809.0,0adab909-eb8f-4baf-9eed-7a4cc889cb7c,4C:96:8A:ED:6A:01,SPEN NA,-45,1760363270677
23122,1760363279766.0,0adab909-eb8f-4baf-9eed-7a4cc889cb7c,4C:96:8A:ED:6A:01,SPEN NA,-44,1760363270677
23123,1760363280083.0,0adab909-eb8f-4baf-9eed-7a4cc889cb7c,4C:96:8A:ED:6A:01,SPEN NA,-48,1760363270677
23124,1760363280421.0,0adab909-eb8f-4baf-9eed-7a4cc889cb7c,4C:96:8A:ED:6A:01,SPEN NA,-44,1760363270677
23125,1760363883613.0,0adab909-eb8f-4baf-9eed-7a4cc889cb7c,22:79:6C:65:75:C7,,-79,1760363870659
23126,1760364472635.0,0adab909-eb8f-4baf-9eed-7a4cc889cb7c,45:BB:B9:DB:54:D3,,-84,1760364470628
23127,1760364476482.0,0adab909-eb8f-4baf-9eed-7a4cc889cb7c,77:3B:EE:28:AA:23,,-87,1760364470628
23128,1760364483837.0,0adab909-eb8f-4baf-9eed-7a4cc889cb7c,39:8B:C3:AA:84:0B,,-85,1760364470628
23129,1760364483922.0,0adab909-eb8f-4baf-9eed-7a4cc889cb7c,3D:83:80:49:D1:F4,,-85,1760364470628
23130,1760364483938.0,0adab909-eb8f-4baf-9eed-7a4cc889cb7c,23:59:CC:64:B7:64,,-82,1760364470628
23131,1760364485308.0,0adab909-eb8f-4baf-9eed-7a4cc889cb7c,45:BB:B9:DB:54:D3,,-87,1760364470628
23132,1760364485320.0,0adab909-eb8f-4baf-9eed-7a4cc889cb7c,77:3B:EE:28:AA:23,,-85,1760364470628
23133,1760364485639.0,0adab909-eb8f-4baf-9eed-7a4cc889cb7c,B0:38:E2:73:2A:FE,,-93,1760364470628
23134,1760365070699.0,0adab909-eb8f-4baf-9eed-7a4cc889cb7c,4C:96:8A:ED:6A:01,SPEN NA,-46,1760365070650
23135,1760365071021.0,0adab909-eb8f-4baf-9eed-7a4cc889cb7c,4C:96:8A:ED:6A:01,SPEN NA,-50,1760365070650
23136,1760365071107.0,0adab909-eb8f-4baf-9eed-7a4cc889cb7c,4C:96:8A:ED:6A:01,SPEN NA,-47,1760365070650
23137,1760365071436.0,0adab909-eb8f-4baf-9eed-7a4cc889cb7c,4C:96:8A:ED:6A:01,SPEN NA,-56,1760365070650
23138,1760365072071.0,0adab909-eb8f-4baf-9eed-7a4cc889cb7c,4C:96:8A:ED:6A:01,SPEN NA,-45,1760365070650
23139,1760365072379.0,0adab909-eb8f-4baf-9eed-7a4cc889cb7c,4C:96:8A:ED:6A:01,SPEN NA,-48,1760365070650
23140,1760365073004.0,0adab909-eb8f-4baf-9eed-7a4cc889cb7c,4C:96:8A:ED:6A:01,SPEN NA,-45,1760365070650
23141,1760365073329.0,0adab909-eb8f-4baf-9eed-7a4cc889cb7c,4C:96:8A:ED:6A:01,SPEN NA,-49,1760365070650
23142,1760365073657.0,0adab909-eb8f-4baf-9eed-7a4cc889cb7c,4C:96:8A:ED:6A:01,SPEN NA,-45,1760365070650
23143,1760365073972.0,0adab909-eb8f-4baf-9eed-7a4cc889cb7c,4C:96:8A:ED:6A:01,SPEN NA,-46,1760365070650
23144,1760365074288.0,0adab909-eb8f-4baf-9eed-7a4cc889cb7c,4C:96:8A:ED:6A:01,SPEN NA,-49,1760365070650
23145,1760365074577.0,0adab909-eb8f-4baf-9eed-7a4cc889cb7c,4C:96:8A:ED:6A:01,SPEN NA,-46,1760365070650
23146,1760365074896.0,0adab909-eb8f-4baf-9eed-7a4cc889cb7c,41:7E:EE:D3:3D:8E,,-85,1760365070650
23147,1760365074909.0,0adab909-eb8f-4baf-9eed-7a4cc889cb7c,4C:96:8A:ED:6A:01,SPEN NA,-46,1760365070650
23148,1760365075228.0,0adab909-eb8f-4baf-9eed-7a4cc889cb7c,4C:96:8A:ED:6A:01,SPEN NA,-50,1760365070650
23149,1760365075840.0,0adab909-eb8f-4baf-9eed-7a4cc889cb7c,4C:96:8A:ED:6A:01,SPEN NA,-46,1760365070650
23150,1760365077130.0,0adab909-eb8f-4baf-9eed-7a4cc889cb7c,4C:96:8A:ED:6A:01,SPEN NA,-51,1760365070650
23151,1760365077850.0,0adab909-eb8f-4baf-9eed-7a4cc889cb7c,4C:96:8A:ED:6A:01,SPEN NA,-45,1760365070650
23152,1760365078793.0,0adab909-eb8f-4baf-9eed-7a4cc889cb7c,4C:96:8A:ED:6A:01,SPEN NA,-46,1760365070650
23153,1760365079113.0,0adab909-eb8f-4baf-9eed-7a4cc889cb7c,4C:96:8A:ED:6A:01,SPEN NA,-49,1760365070650
23154,1760365079412.0,0adab909-eb8f-4baf-9eed-7a4cc889cb7c,4C:96:8A:ED:6A:01,SPEN NA,-45,1760365070650
23155,1760365079765.0,0adab909-eb8f-4baf-9eed-7a4cc889cb7c,66:B8:6D:36:C5:0C,,-90,1760365070650
23156,1760365080044.0,0adab909-eb8f-4baf-9eed-7a4cc889cb7c,4C:96:8A:ED:6A:01,SPEN NA,-49,1760365070650
23157,1760365080370.0,0adab909-eb8f-4baf-9eed-7a4cc889cb7c,4C:96:8A:ED:6A:01,SPEN NA,-46,1760365070650
23158,1760365083712.0,0adab909-eb8f-4baf-9eed-7a4cc889cb7c,4C:96:8A:ED:6A:01,SPEN NA,-46,1760365070650
23159,1760365084769.0,0adab909-eb8f-4baf-9eed-7a4cc889cb7c,41:7E:EE:D3:3D:8E,,-85,1760365070650
23160,1760365084791.0,0adab909-eb8f-4baf-9eed-7a4cc889cb7c,6D:6F:7D:51:7C:2E,,-88,1760365070650
23161,1760365671843.0,0adab909-eb8f-4baf-9eed-7a4cc889cb7c,41:7E:EE:D3:3D:8E,,-87,1760365670781
23162,1760365674397.0,0adab909-eb8f-4baf-9eed-7a4cc889cb7c,6D:6F:7D:51:7C:2E,,-84,1760365670781
23163,1760365678239.0,0adab909-eb8f-4baf-9eed-7a4cc889cb7c,66:B8:6D:36:C5:0C,,-94,1760365670781
23164,1760366283754.0,0adab909-eb8f-4baf-9eed-7a4cc889cb7c,44:9F:75:09:90:A4,,-85,1760366270814
23165,1760366283827.0,0adab909-eb8f-4baf-9eed-7a4cc889cb7c,D8:C7:0D:D9:FC:56,,-83,1760366270814
23166,1760366871840.0,0adab909-eb8f-4baf-9eed-7a4cc889cb7c,4B:03:2E:0B:38:DF,,-90,1760366870793
23167,1760366872173.0,0adab909-eb8f-4baf-9eed-7a4cc889cb7c,5D:C8:3A:45:C2:54,,-77,1760366870793
23168,1760366873587.0,0adab909-eb8f-4baf-9eed-7a4cc889cb7c,5B:2C:BE:AF:22:6A,A90 Pro,-96,1760366870793
23169,1760366873757.0,0adab909-eb8f-4baf-9eed-7a4cc889cb7c,54:F8:2A:7F:15:D9,TFYHZCE22N4917281,-92,1760366870793
23170,1760366874111.0,0adab909-eb8f-4baf-9eed-7a4cc889cb7c,44:9F:75:09:90:A4,,-91,1760366870793
23171,1760366874702.0,0adab909-eb8f-4baf-9eed-7a4cc889cb7c,49:C4:9F:09:11:05,,-94,1760366870793
23172,1760366874723.0,0adab909-eb8f-4baf-9eed-7a4cc889cb7c,77:78:40:BC:77:88,,-89,1760366870793
23173,1760366880532.0,0adab909-eb8f-4baf-9eed-7a4cc889cb7c,66:F3:A1:FA:47:C0,,-92,1760366870793
23174,1760367476443.0,0adab909-eb8f-4baf-9eed-7a4cc889cb7c,7B:4C:CE:83:92:1F,,-83,1760367470940
23175,1760368074198.0,0adab909-eb8f-4baf-9eed-7a4cc889cb7c,48:40:5A:DE:9D:FF,,-87,1760368070901
23176,1760368079061.0,0adab909-eb8f-4baf-9eed-7a4cc889cb7c,7A:20:86:5D:89:98,,-91,1760368070901
23177,1760368674821.0,0adab909-eb8f-4baf-9eed-7a4cc889cb7c,61:12:47:B5:E7:6B,,-87,1760368670929
23178,1760371673028.0,0adab909-eb8f-4baf-9eed-7a4cc889cb7c,00:0E:9F:9D:FF:28,,-100,1760371671135
23179,1760371673112.0,0adab909-eb8f-4baf-9eed-7a4cc889cb7c,6F:A2:FD:0B:1B:B8,,-90,1760371671135
23180,1760371673473.0,0adab909-eb8f-4baf-9eed-7a4cc889cb7c,43:01:52:6D:C4:FC,,-93,1760371671135
23181,1760371674097.0,0adab909-eb8f-4baf-9eed-7a4cc889cb7c,43:BA:91:E6:F3:32,,-86,1760371671135
23182,1760371675068.0,0adab909-eb8f-4baf-9eed-7a4cc889cb7c,4D:B2:F6:2B:42:34,,-85,1760371671135
23183,1760372278886.0,0adab909-eb8f-4baf-9eed-7a4cc889cb7c,4D:85:C2:68:9A:0A,HK302,-100,1760372271134
23184,1760373471951.0,0adab909-eb8f-4baf-9eed-7a4cc889cb7c,5F:99:07:5A:32:83,,-88,1760373471549
23185,1760373471993.0,0adab909-eb8f-4baf-9eed-7a4cc889cb7c,70:AE:A7:EC:F1:0F,,-91,1760373471549
23186,1760373476484.0,0adab909-eb8f-4baf-9eed-7a4cc889cb7c,62:1E:96:73:16:00,,-92,1760373471549
23187,1760373478430.0,0adab909-eb8f-4baf-9eed-7a4cc889cb7c,65:8A:3F:B1:31:10,,-92,1760373471549
23188,1760374072022.0,0adab909-eb8f-4baf-9eed-7a4cc889cb7c,2C:62:AD:C3:1D:BA,,-93,1760374071576
23189,1760374072993.0,0adab909-eb8f-4baf-9eed-7a4cc889cb7c,36:11:D4:46:11:6C,,-93,1760374071576
23190,1760375873375.0,0adab909-eb8f-4baf-9eed-7a4cc889cb7c,6E:C2:AD:35:8B:CB,,-90,1760375871362
23191,1760375880133.0,0adab909-eb8f-4baf-9eed-7a4cc889cb7c,7B:FB:23:E5:F2:AC,,-88,1760375871362
23192,1760376471692.0,0adab909-eb8f-4baf-9eed-7a4cc889cb7c,71:9A:25:D3:4F:A7,,-93,1760376470963
23193,1760376483843.0,0adab909-eb8f-4baf-9eed-7a4cc889cb7c,29:A1:00:4C:88:AA,,-87,1760376470963
23194,1760376483951.0,0adab909-eb8f-4baf-9eed-7a4cc889cb7c,3C:04:00:0B:18:50,,-85,1760376470963
23195,1760376483973.0,0adab909-eb8f-4baf-9eed-7a4cc889cb7c,CF:87:98:29:C9:00,,-86,1760376470963
23196,1760376485921.0,0adab909-eb8f-4baf-9eed-7a4cc889cb7c,07:FA:3A:6E:50:1D,,-80,1760376470963
23197,1760377072994.0,0adab909-eb8f-4baf-9eed-7a4cc889cb7c,71:9A:25:D3:4F:A7,,-90,1760377070966
23198,1760378261811.0,0adab909-eb8f-4baf-9eed-7a4cc889cb7c,70:86:64:99:1B:69,,-88,1760378261718
23199,1760378274658.0,0adab909-eb8f-4baf-9eed-7a4cc889cb7c,2B:29:D5:2F:F7:58,,-83,1760378261718
23200,1760378275801.0,0adab909-eb8f-4baf-9eed-7a4cc889cb7c,70:86:64:99:1B:69,,-89,1760378261718
23201,1760378275852.0,0adab909-eb8f-4baf-9eed-7a4cc889cb7c,16:04:36:3D:1A:D4,,-73,1760378261718
23202,1760379464088.0,0adab909-eb8f-4baf-9eed-7a4cc889cb7c,5C:91:B1:78:72:F1,,-90,1760379461756
23203,1760380047470.0,0adab909-eb8f-4baf-9eed-7a4cc889cb7c,5C:91:B1:78:72:F1,,-81,1760380046717
23204,1760380048427.0,0adab909-eb8f-4baf-9eed-7a4cc889cb7c,C3:F5:7F:8B:F1:7D,Hue Lamp,-83,1760380046717
23205,1760380706200.0,0adab909-eb8f-4baf-9eed-7a4cc889cb7c,64:49:73:11:38:55,,-87,1760380703240
23206,1760381303081.0,0adab909-eb8f-4baf-9eed-7a4cc889cb7c,77:32:BA:87:16:E0,,-81,1760381301352
23207,1760381314301.0,0adab909-eb8f-4baf-9eed-7a4cc889cb7c,3A:B9:F3:C0:F4:5C,,-87,1760381301352
23208,1760381314320.0,0adab909-eb8f-4baf-9eed-7a4cc889cb7c,20:FF:21:A7:1E:62,,-80,1760381301352
23209,1760381315287.0,0adab909-eb8f-4baf-9eed-7a4cc889cb7c,39:EF:DA:99:65:5D,,-79,1760381301352
23210,1760381315308.0,0adab909-eb8f-4baf-9eed-7a4cc889cb7c,CB:C1:1C:99:C3:A1,,-91,1760381301352
23211,1760381315404.0,0adab909-eb8f-4baf-9eed-7a4cc889cb7c,77:32:BA:87:16:E0,,-81,1760381301352
23212,1760381880061.0,0adab909-eb8f-4baf-9eed-7a4cc889cb7c,77:32:BA:87:16:E0,,-82,1760381870993
23213,1760381883929.0,0adab909-eb8f-4baf-9eed-7a4cc889cb7c,20:FF:21:A7:1E:62,,-91,1760381870993
23214,1760381883958.0,0adab909-eb8f-4baf-9eed-7a4cc889cb7c,15:3D:F0:39:38:EE,,-71,1760381870993
23215,1760381883982.0,0adab909-eb8f-4baf-9eed-7a4cc889cb7c,09:08:29:BF:8E:7F,,-76,1760381870993
23216,1760381886892.0,0adab909-eb8f-4baf-9eed-7a4cc889cb7c,1A:02:9E:FD:E6:62,,-89,1760381870993
23217,1760382483928.0,0adab909-eb8f-4baf-9eed-7a4cc889cb7c,33:A6:CF:7D:EB:10,,-74,1760382470970
23218,1760382485864.0,0adab909-eb8f-4baf-9eed-7a4cc889cb7c,14:52:22:87:1E:03,,-86,1760382470970
23219,1760383071072.0,0adab909-eb8f-4baf-9eed-7a4cc889cb7c,4C:96:8A:ED:6A:01,SPEN NA,127,1760383071002
23220,1760383071382.0,0adab909-eb8f-4baf-9eed-7a4cc889cb7c,4C:96:8A:ED:6A:01,SPEN NA,-62,1760383071002
23221,1760383072331.0,0adab909-eb8f-4baf-9eed-7a4cc889cb7c,4C:96:8A:ED:6A:01,SPEN NA,-57,1760383071002
23222,1760383073072.0,0adab909-eb8f-4baf-9eed-7a4cc889cb7c,4C:96:8A:ED:6A:01,SPEN NA,-56,1760383071002
23223,1760383073392.0,0adab909-eb8f-4baf-9eed-7a4cc889cb7c,4C:96:8A:ED:6A:01,SPEN NA,-57,1760383071002
23224,1760383073685.0,0adab909-eb8f-4baf-9eed-7a4cc889cb7c,4C:96:8A:ED:6A:01,SPEN NA,-58,1760383071002
23225,1760383074011.0,0adab909-eb8f-4baf-9eed-7a4cc889cb7c,4C:96:8A:ED:6A:01,SPEN NA,-57,1760383071002
23226,1760383074645.0,0adab909-eb8f-4baf-9eed-7a4cc889cb7c,4C:96:8A:ED:6A:01,SPEN NA,-58,1760383071002
23227,1760383074967.0,0adab909-eb8f-4baf-9eed-7a4cc889cb7c,4C:96:8A:ED:6A:01,SPEN NA,-56,1760383071002
23228,1760383075287.0,0adab909-eb8f-4baf-9eed-7a4cc889cb7c,4C:96:8A:ED:6A:01,SPEN NA,-57,1760383071002
23229,1760383075913.0,0adab909-eb8f-4baf-9eed-7a4cc889cb7c,4C:96:8A:ED:6A:01,SPEN NA,-57,1760383071002
23230,1760383076205.0,0adab909-eb8f-4baf-9eed-7a4cc889cb7c,4C:96:8A:ED:6A:01,SPEN NA,-58,1760383071002
23231,1760383076515.0,0adab909-eb8f-4baf-9eed-7a4cc889cb7c,4C:96:8A:ED:6A:01,SPEN NA,-65,1760383071002
23232,1760383076860.0,0adab909-eb8f-4baf-9eed-7a4cc889cb7c,4C:96:8A:ED:6A:01,SPEN NA,-61,1760383071002
23233,1760383077797.0,0adab909-eb8f-4baf-9eed-7a4cc889cb7c,4C:96:8A:ED:6A:01,SPEN NA,-56,1760383071002
23234,1760383078123.0,0adab909-eb8f-4baf-9eed-7a4cc889cb7c,4C:96:8A:ED:6A:01,SPEN NA,-57,1760383071002
23235,1760383078433.0,0adab909-eb8f-4baf-9eed-7a4cc889cb7c,4C:96:8A:ED:6A:01,SPEN NA,-59,1760383071002
23236,1760383078749.0,0adab909-eb8f-4baf-9eed-7a4cc889cb7c,4C:96:8A:ED:6A:01,SPEN NA,-58,1760383071002
23237,1760383079066.0,0adab909-eb8f-4baf-9eed-7a4cc889cb7c,4C:96:8A:ED:6A:01,SPEN NA,-60,1760383071002
23238,1760383080113.0,0adab909-eb8f-4baf-9eed-7a4cc889cb7c,4C:96:8A:ED:6A:01,SPEN NA,-63,1760383071002
23239,1760383080407.0,0adab909-eb8f-4baf-9eed-7a4cc889cb7c,4C:96:8A:ED:6A:01,SPEN NA,-60,1760383071002
23240,1760383671429.0,0adab909-eb8f-4baf-9eed-7a4cc889cb7c,60:74:F4:72:90:3F,ihoment_H601B_903F,-89,1760383671043
23241,1760383674319.0,0adab909-eb8f-4baf-9eed-7a4cc889cb7c,44:64:A9:6D:62:54,,-77,1760383671043
23242,1760383674651.0,0adab909-eb8f-4baf-9eed-7a4cc889cb7c,60:74:F4:73:99:E7,ihoment_H601B_99E7,-86,1760383671043
23243,1760383676958.0,0adab909-eb8f-4baf-9eed-7a4cc889cb7c,5B:2C:BE:AF:22:6A,A90 Pro,-96,1760383671043
23244,1760384271427.0,0adab909-eb8f-4baf-9eed-7a4cc889cb7c,60:74:F4:73:99:E7,ihoment_H601B_99E7,-87,1760384271042
23245,1760384272358.0,0adab909-eb8f-4baf-9eed-7a4cc889cb7c,60:74:F4:72:90:3F,ihoment_H601B_903F,-83,1760384271042
23246,1760384874389.0,0adab909-eb8f-4baf-9eed-7a4cc889cb7c,76:1B:A6:35:80:AE,,-76,1760384871092
23247,1760385473423.0,0adab909-eb8f-4baf-9eed-7a4cc889cb7c,76:1B:A6:35:80:AE,,-94,1760385471716
23248,1760385476894.0,0adab909-eb8f-4baf-9eed-7a4cc889cb7c,73:76:D1:4E:28:77,,-79,1760385471716
23249,1760386076021.0,0adab909-eb8f-4baf-9eed-7a4cc889cb7c,5C:3A:72:92:C4:CB,,-89,1760386071708
23250,1760386080749.0,0adab909-eb8f-4baf-9eed-7a4cc889cb7c,46:58:83:39:91:A7,,-84,1760386071708
23251,1760386672792.0,0adab909-eb8f-4baf-9eed-7a4cc889cb7c,46:58:83:39:91:A7,,-80,1760386671743
23252,1760386678249.0,0adab909-eb8f-4baf-9eed-7a4cc889cb7c,5E:3B:C6:D1:40:FF,,-87,1760386671743
23253,1760386680124.0,0adab909-eb8f-4baf-9eed-7a4cc889cb7c,5C:3A:72:92:C4:CB,,-88,1760386671743
23254,1760387271774.0,0adab909-eb8f-4baf-9eed-7a4cc889cb7c,4F:B7:4B:C1:89:96,,-80,1760387271338
23255,1760387272084.0,0adab909-eb8f-4baf-9eed-7a4cc889cb7c,49:18:DC:E5:BE:19,,-78,1760387271338
23256,1760387273034.0,0adab909-eb8f-4baf-9eed-7a4cc889cb7c,5E:3B:C6:D1:40:FF,,-50,1760387271338
23257,1760387876586.0,0adab909-eb8f-4baf-9eed-7a4cc889cb7c,49:18:DC:E5:BE:19,,-81,1760387871340
23258,1760388471426.0,0adab909-eb8f-4baf-9eed-7a4cc889cb7c,4C:96:8A:ED:6A:01,SPEN NA,-76,1760388471364
23259,1760388471762.0,0adab909-eb8f-4baf-9eed-7a4cc889cb7c,4C:96:8A:ED:6A:01,SPEN NA,-86,1760388471364
23260,1760388472058.0,0adab909-eb8f-4baf-9eed-7a4cc889cb7c,4C:96:8A:ED:6A:01,SPEN NA,-76,1760388471364
23261,1760388472397.0,0adab909-eb8f-4baf-9eed-7a4cc889cb7c,4C:96:8A:ED:6A:01,SPEN NA,-76,1760388471364
23262,1760388472701.0,0adab909-eb8f-4baf-9eed-7a4cc889cb7c,4C:96:8A:ED:6A:01,SPEN NA,-82,1760388471364
23263,1760388473028.0,0adab909-eb8f-4baf-9eed-7a4cc889cb7c,4C:96:8A:ED:6A:01,SPEN NA,-76,1760388471364
23264,1760388473662.0,0adab909-eb8f-4baf-9eed-7a4cc889cb7c,4C:96:8A:ED:6A:01,SPEN NA,-82,1760388471364
23265,1760388473856.0,0adab909-eb8f-4baf-9eed-7a4cc889cb7c,4C:96:8A:ED:6A:01,SPEN NA,-80,1760388471364
23266,1760388473961.0,0adab909-eb8f-4baf-9eed-7a4cc889cb7c,4C:96:8A:ED:6A:01,SPEN NA,-76,1760388471364
23267,1760388474283.0,0adab909-eb8f-4baf-9eed-7a4cc889cb7c,4C:96:8A:ED:6A:01,SPEN NA,-74,1760388471364
23268,1760388474617.0,0adab909-eb8f-4baf-9eed-7a4cc889cb7c,4C:96:8A:ED:6A:01,SPEN NA,-81,1760388471364
23269,1760388475336.0,0adab909-eb8f-4baf-9eed-7a4cc889cb7c,4C:96:8A:ED:6A:01,SPEN NA,-72,1760388471364
23270,1760388475872.0,0adab909-eb8f-4baf-9eed-7a4cc889cb7c,4C:96:8A:ED:6A:01,SPEN NA,-74,1760388471364
23271,1760388476184.0,0adab909-eb8f-4baf-9eed-7a4cc889cb7c,4C:96:8A:ED:6A:01,SPEN NA,-76,1760388471364
23272,1760388477204.0,0adab909-eb8f-4baf-9eed-7a4cc889cb7c,4C:96:8A:ED:6A:01,SPEN NA,-73,1760388471364
23273,1760388478159.0,0adab909-eb8f-4baf-9eed-7a4cc889cb7c,4C:96:8A:ED:6A:01,SPEN NA,-76,1760388471364
23274,1760388478482.0,0adab909-eb8f-4baf-9eed-7a4cc889cb7c,4C:96:8A:ED:6A:01,SPEN NA,-86,1760388471364
23275,1760388479430.0,0adab909-eb8f-4baf-9eed-7a4cc889cb7c,4C:96:8A:ED:6A:01,SPEN NA,-80,1760388471364
23276,1760388479759.0,0adab909-eb8f-4baf-9eed-7a4cc889cb7c,4C:96:8A:ED:6A:01,SPEN NA,-70,1760388471364
23277,1760388480053.0,0adab909-eb8f-4baf-9eed-7a4cc889cb7c,4C:96:8A:ED:6A:01,SPEN NA,-75,1760388471364
23278,1760388480385.0,0adab909-eb8f-4baf-9eed-7a4cc889cb7c,4C:96:8A:ED:6A:01,SPEN NA,-81,1760388471364
23279,1760388480687.0,0adab909-eb8f-4baf-9eed-7a4cc889cb7c,4C:96:8A:ED:6A:01,SPEN NA,-76,1760388471364
23280,1760388481319.0,0adab909-eb8f-4baf-9eed-7a4cc889cb7c,4C:96:8A:ED:6A:01,SPEN NA,-80,1760388471364
23281,1760388484257.0,0adab909-eb8f-4baf-9eed-7a4cc889cb7c,4C:96:8A:ED:6A:01,SPEN NA,-76,1760388471364
23282,1760389075502.0,0adab909-eb8f-4baf-9eed-7a4cc889cb7c,60:87:F9:7F:F2:64,,-68,1760389071237
23283,1760389080931.0,0adab909-eb8f-4baf-9eed-7a4cc889cb7c,44:FB:F6:65:36:28,,-94,1760389071237
23284,1760389672645.0,0adab909-eb8f-4baf-9eed-7a4cc889cb7c,60:87:F9:7F:F2:64,,-63,1760389671229
23285,1760390274181.0,0adab909-eb8f-4baf-9eed-7a4cc889cb7c,60:87:F9:7F:F2:64,,-72,1760390271175
23286,1760390284192.0,0adab909-eb8f-4baf-9eed-7a4cc889cb7c,60:87:F9:7F:F2:64,,-76,1760390271175
23287,1760390879461.0,0adab909-eb8f-4baf-9eed-7a4cc889cb7c,75:A5:A5:A6:41:6F,,-72,1760390871342
23288,1760391479772.0,0adab909-eb8f-4baf-9eed-7a4cc889cb7c,75:A5:A5:A6:41:6F,,-70,1760391471341
23289,1760392075302.0,0adab909-eb8f-4baf-9eed-7a4cc889cb7c,74:AF:6A:F2:E2:87,,-62,1760392071342
23290,1760392085296.0,0adab909-eb8f-4baf-9eed-7a4cc889cb7c,74:AF:6A:F2:E2:87,,-75,1760392071342
23291,1760392676895.0,0adab909-eb8f-4baf-9eed-7a4cc889cb7c,74:AF:6A:F2:E2:87,,-71,1760392671757
23292,1760393275662.0,0adab909-eb8f-4baf-9eed-7a4cc889cb7c,79:73:21:05:7F:5C,,-89,1760393271718
23293,1760393275956.0,0adab909-eb8f-4baf-9eed-7a4cc889cb7c,6C:02:35:B3:41:89,,-89,1760393271718
23294,1760393275970.0,0adab909-eb8f-4baf-9eed-7a4cc889cb7c,74:AF:6A:F2:E2:87,,-79,1760393271718
23295,1760393286833.0,0adab909-eb8f-4baf-9eed-7a4cc889cb7c,0E:E3:8C:0C:3F:1C,,-93,1760393271718
23296,1760393879800.0,0adab909-eb8f-4baf-9eed-7a4cc889cb7c,58:A7:BB:7F:10:59,,-71,1760393871692
23297,1760393885807.0,0adab909-eb8f-4baf-9eed-7a4cc889cb7c,58:A7:BB:7F:10:59,,-75,1760393871692
23298,1760394474290.0,0adab909-eb8f-4baf-9eed-7a4cc889cb7c,58:A7:BB:7F:10:59,,-66,1760394471346
23299,1760394484295.0,0adab909-eb8f-4baf-9eed-7a4cc889cb7c,58:A7:BB:7F:10:59,,-67,1760394471346
23300,1760395077886.0,0adab909-eb8f-4baf-9eed-7a4cc889cb7c,58:A7:BB:7F:10:59,,-68,1760395071379
23301,1760395671719.0,0adab909-eb8f-4baf-9eed-7a4cc889cb7c,78:E6:60:9A:33:97,,-82,1760395671320
23302,1760396276600.0,0adab909-eb8f-4baf-9eed-7a4cc889cb7c,78:E6:60:9A:33:97,,-77,1760396271359
23303,1760396874867.0,0adab909-eb8f-4baf-9eed-7a4cc889cb7c,6E:5E:50:ED:B5:7E,,-68,1760396872503
23304,1760397476534.0,0adab909-eb8f-4baf-9eed-7a4cc889cb7c,6E:5E:50:ED:B5:7E,,-70,1760397472538
23305,1760398079664.0,0adab909-eb8f-4baf-9eed-7a4cc889cb7c,72:84:EF:27:59:13,,-67,1760398073507
23306,1760398676013.0,0adab909-eb8f-4baf-9eed-7a4cc889cb7c,72:84:EF:27:59:13,,-75,1760398673023
23307,1760399273980.0,0adab909-eb8f-4baf-9eed-7a4cc889cb7c,6D:FB:63:15:26:EC,,-68,1760399273524
23308,1760399872998.0,0adab909-eb8f-4baf-9eed-7a4cc889cb7c,6D:FB:63:15:26:EC,,-66,1760399866505
23309,1760400473085.0,0adab909-eb8f-4baf-9eed-7a4cc889cb7c,79:79:67:2D:9B:1B,,-71,1760400466531
23310,1760401068193.0,0adab909-eb8f-4baf-9eed-7a4cc889cb7c,79:79:67:2D:9B:1B,,-72,1760401066505
23311,1760401661766.0,0adab909-eb8f-4baf-9eed-7a4cc889cb7c,79:79:67:2D:9B:1B,,-73,1760401658487
23312,1760402264976.0,0adab909-eb8f-4baf-9eed-7a4cc889cb7c,75:65:5D:5A:20:88,,-70,1760402258471
23313,1760402858535.0,0adab909-eb8f-4baf-9eed-7a4cc889cb7c,75:65:5D:5A:20:88,,-74,1760402858476
23314,1760403455385.0,0adab909-eb8f-4baf-9eed-7a4cc889cb7c,5A:C8:02:AC:2A:F8,,-75,1760403450492
23315,1760404054398.0,0adab909-eb8f-4baf-9eed-7a4cc889cb7c,5A:C8:02:AC:2A:F8,,-75,1760404050466
23316,1760405908959.0,0adab909-eb8f-4baf-9eed-7a4cc889cb7c,46:7E:0D:A1:32:23,,-70,1760405902462
23317,1760406502480.0,0adab909-eb8f-4baf-9eed-7a4cc889cb7c,6D:F0:70:1C:6B:1F,,-91,1760406502476
23318,1760406508263.0,0adab909-eb8f-4baf-9eed-7a4cc889cb7c,59:5A:91:5A:0F:18,,-77,1760406502476
23319,1760407093827.0,0adab909-eb8f-4baf-9eed-7a4cc889cb7c,59:5A:91:5A:0F:18,,-69,1760407093412
23320,1760408297693.0,0adab909-eb8f-4baf-9eed-7a4cc889cb7c,6C:B0:A8:81:9E:89,,-71,1760408293773
23321,1760408889035.0,0adab909-eb8f-4baf-9eed-7a4cc889cb7c,6C:B0:A8:81:9E:89,,-71,1760408884410
23322,1760410088415.0,0adab909-eb8f-4baf-9eed-7a4cc889cb7c,73:9B:06:0D:C7:75,,-73,1760410085418
23323,1760410680654.0,0adab909-eb8f-4baf-9eed-7a4cc889cb7c,52:10:AE:3C:1D:2F,,-69,1760410677409
23324,1760411282023.0,0adab909-eb8f-4baf-9eed-7a4cc889cb7c,52:10:AE:3C:1D:2F,,-69,1760411277416
23325,1760411879680.0,0adab909-eb8f-4baf-9eed-7a4cc889cb7c,6D:46:FA:DF:42:34,,-90,1760411876720
23326,1760411881995.0,0adab909-eb8f-4baf-9eed-7a4cc889cb7c,4A:A1:FC:EE:A4:A7,,-65,1760411876720
23327,1760412470747.0,0adab909-eb8f-4baf-9eed-7a4cc889cb7c,7C:4C:7B:69:F5:0A,,-94,1760412468392
23328,1760412474905.0,0adab909-eb8f-4baf-9eed-7a4cc889cb7c,6D:46:FA:DF:42:34,,-90,1760412468392
23329,1760413073913.0,0adab909-eb8f-4baf-9eed-7a4cc889cb7c,61:E2:28:96:74:39,,-82,1760413068378
23330,1760413674225.0,0adab909-eb8f-4baf-9eed-7a4cc889cb7c,61:E2:28:96:74:39,,-72,1760413668416
23331,1760419668444.0,0adab909-eb8f-4baf-9eed-7a4cc889cb7c,77:02:2F:0B:A4:06,,-91,1760419662676
23332,1760420268494.0,0adab909-eb8f-4baf-9eed-7a4cc889cb7c,6C:E9:4F:D7:D3:D3,,-93,1760420262680
23333,1760420271721.0,0adab909-eb8f-4baf-9eed-7a4cc889cb7c,63:C1:05:FA:C9:56,,-89,1760420262680
23334,1760420903340.0,0adab909-eb8f-4baf-9eed-7a4cc889cb7c,63:48:04:21:17:85,,-89,1760420902344
23335,1760421503369.0,0adab909-eb8f-4baf-9eed-7a4cc889cb7c,2F:BA:16:56:71:33,,-88,1760421502282
23336,1760421504338.0,0adab909-eb8f-4baf-9eed-7a4cc889cb7c,63:48:04:21:17:85,,-89,1760421502282
23337,1760421506261.0,0adab909-eb8f-4baf-9eed-7a4cc889cb7c,2C:ED:CA:6E:D5:5F,,-89,1760421502282
23338,1760421507522.0,0adab909-eb8f-4baf-9eed-7a4cc889cb7c,7D:7D:D9:0C:29:77,,-90,1760421502282
23339,1760421509744.0,0adab909-eb8f-4baf-9eed-7a4cc889cb7c,71:D8:3C:95:54:61,,-89,1760421502282
23340,1760421511050.0,0adab909-eb8f-4baf-9eed-7a4cc889cb7c,7E:A1:07:8B:89:5D,,-91,1760421502282
23341,1760421511287.0,0adab909-eb8f-4baf-9eed-7a4cc889cb7c,6C:87:B5:E3:49:07,,-87,1760421502282
23342,1760421511614.0,0adab909-eb8f-4baf-9eed-7a4cc889cb7c,5D:C6:C8:17:F0:88,,-93,1760421502282
23343,1760422110701.0,0adab909-eb8f-4baf-9eed-7a4cc889cb7c,62:D0:82:65:CB:EF,,-93,1760422102272
23344,1760422700503.0,0adab909-eb8f-4baf-9eed-7a4cc889cb7c,02:AC:63:DF:38:33,,-94,1760422695290
23345,1760424527003.0,0adab909-eb8f-4baf-9eed-7a4cc889cb7c,4C:96:8A:ED:6A:01,SPEN NA,-66,1760424525290
23346,1760424527621.0,0adab909-eb8f-4baf-9eed-7a4cc889cb7c,4C:96:8A:ED:6A:01,SPEN NA,-65,1760424525290
23347,1760424527827.0,0adab909-eb8f-4baf-9eed-7a4cc889cb7c,4C:96:8A:ED:6A:01,SPEN NA,-64,1760424525290
23348,1760424528139.0,0adab909-eb8f-4baf-9eed-7a4cc889cb7c,4C:96:8A:ED:6A:01,SPEN NA,-60,1760424525290
23349,1760424528461.0,0adab909-eb8f-4baf-9eed-7a4cc889cb7c,4C:96:8A:ED:6A:01,SPEN NA,-65,1760424525290
23350,1760424529124.0,0adab909-eb8f-4baf-9eed-7a4cc889cb7c,4C:96:8A:ED:6A:01,SPEN NA,-60,1760424525290
23351,1760424529439.0,0adab909-eb8f-4baf-9eed-7a4cc889cb7c,4C:96:8A:ED:6A:01,SPEN NA,-65,1760424525290
23352,1760424529746.0,0adab909-eb8f-4baf-9eed-7a4cc889cb7c,4C:96:8A:ED:6A:01,SPEN NA,-65,1760424525290
23353,1760424530065.0,0adab909-eb8f-4baf-9eed-7a4cc889cb7c,4C:96:8A:ED:6A:01,SPEN NA,-63,1760424525290
23354,1760424531106.0,0adab909-eb8f-4baf-9eed-7a4cc889cb7c,4C:96:8A:ED:6A:01,SPEN NA,-63,1760424525290
23355,1760424531733.0,0adab909-eb8f-4baf-9eed-7a4cc889cb7c,4C:96:8A:ED:6A:01,SPEN NA,-65,1760424525290
23356,1760424532594.0,0adab909-eb8f-4baf-9eed-7a4cc889cb7c,4C:96:8A:ED:6A:01,SPEN NA,-66,1760424525290
23357,1760424533261.0,0adab909-eb8f-4baf-9eed-7a4cc889cb7c,2F:45:E8:A5:33:69,,-91,1760424525290
23358,1760424533288.0,0adab909-eb8f-4baf-9eed-7a4cc889cb7c,4C:96:8A:ED:6A:01,SPEN NA,-66,1760424525290
23359,1760424534238.0,0adab909-eb8f-4baf-9eed-7a4cc889cb7c,4C:96:8A:ED:6A:01,SPEN NA,-65,1760424525290
23360,1760424534574.0,0adab909-eb8f-4baf-9eed-7a4cc889cb7c,4C:96:8A:ED:6A:01,SPEN NA,-61,1760424525290
23361,1760424534864.0,0adab909-eb8f-4baf-9eed-7a4cc889cb7c,4C:96:8A:ED:6A:01,SPEN NA,-64,1760424525290
23362,1760424535210.0,0adab909-eb8f-4baf-9eed-7a4cc889cb7c,4C:96:8A:ED:6A:01,SPEN NA,-66,1760424525290
23363,1760425069537.0,0adab909-eb8f-4baf-9eed-7a4cc889cb7c,45:7A:70:35:2E:78,,-93,1760425065282
23364,1760425672117.0,0adab909-eb8f-4baf-9eed-7a4cc889cb7c,63:19:4C:91:D0:C0,,-83,1760425665273
23365,1760426875478.0,0adab909-eb8f-4baf-9eed-7a4cc889cb7c,59:7E:CB:B0:AC:8B,,-94,1760426871226
23366,1760427484299.0,0adab909-eb8f-4baf-9eed-7a4cc889cb7c,21:FB:29:1C:45:73,,-94,1760427471248
23367,1760428695140.0,0adab909-eb8f-4baf-9eed-7a4cc889cb7c,B0:4A:B4:AE:94:22,,-87,1760428694072
23368,1760428695176.0,0adab909-eb8f-4baf-9eed-7a4cc889cb7c,52:69:1E:F1:A7:87,,-81,1760428694072
23369,1760428695204.0,0adab909-eb8f-4baf-9eed-7a4cc889cb7c,57:5E:41:9B:EC:82,Galaxy Watch4 Classic (W31V),-82,1760428694072
23370,1760428695449.0,0adab909-eb8f-4baf-9eed-7a4cc889cb7c,6B:94:EE:95:D1:58,,-89,1760428694072
23371,1760428695742.0,0adab909-eb8f-4baf-9eed-7a4cc889cb7c,51:CB:0B:A7:5D:5B,,-88,1760428694072
23372,1760428695765.0,0adab909-eb8f-4baf-9eed-7a4cc889cb7c,76:5F:3D:34:8B:01,,-90,1760428694072
23373,1760428695784.0,0adab909-eb8f-4baf-9eed-7a4cc889cb7c,5D:CA:6F:E4:34:CA,,-89,1760428694072
23374,1760428695799.0,0adab909-eb8f-4baf-9eed-7a4cc889cb7c,3D:92:5A:BA:1F:28,,-83,1760428694072
23375,1760428695885.0,0adab909-eb8f-4baf-9eed-7a4cc889cb7c,E8:B4:70:31:5E:B1,LINK LDK SL 82,-100,1760428694072
23376,1760428695930.0,0adab909-eb8f-4baf-9eed-7a4cc889cb7c,F4:4E:FD:41:46:00,T48C,-99,1760428694072
23377,1760428696040.0,0adab909-eb8f-4baf-9eed-7a4cc889cb7c,4F:E5:67:32:B6:08,,-77,1760428694072
23378,1760428696084.0,0adab909-eb8f-4baf-9eed-7a4cc889cb7c,74:5F:6B:71:24:66,,-85,1760428694072
23379,1760428696417.0,0adab909-eb8f-4baf-9eed-7a4cc889cb7c,4A:16:10:E5:E6:AA,Galaxy Watch4 Classic (6JYL),-56,1760428694072
23380,1760428696446.0,0adab909-eb8f-4baf-9eed-7a4cc889cb7c,7C:1E:AA:E7:5F:72,,-89,1760428694072
23381,1760428697384.0,0adab909-eb8f-4baf-9eed-7a4cc889cb7c,5F:FF:F8:2E:24:3E,,-85,1760428694072
23382,1760428697408.0,0adab909-eb8f-4baf-9eed-7a4cc889cb7c,74:9C:31:10:6D:7C,,-84,1760428694072
23383,1760428697425.0,0adab909-eb8f-4baf-9eed-7a4cc889cb7c,15:CE:71:DC:6A:03,,-85,1760428694072
23384,1760428697439.0,0adab909-eb8f-4baf-9eed-7a4cc889cb7c,59:BA:91:A5:88:AD,,-74,1760428694072
23385,1760428698013.0,0adab909-eb8f-4baf-9eed-7a4cc889cb7c,65:35:87:E6:6D:A6,,-91,1760428694072
23386,1760428698275.0,0adab909-eb8f-4baf-9eed-7a4cc889cb7c,23:87:FB:35:EA:BC,,-91,1760428694072
23387,1760428698297.0,0adab909-eb8f-4baf-9eed-7a4cc889cb7c,5B:62:57:BF:19:4E,,-80,1760428694072
23388,1760428699585.0,0adab909-eb8f-4baf-9eed-7a4cc889cb7c,60:9C:9F:37:97:D8,,-78,1760428694072
23389,1760428699960.0,0adab909-eb8f-4baf-9eed-7a4cc889cb7c,0E:A0:00:B3:EC:DD,,-74,1760428694072
23390,1760428699976.0,0adab909-eb8f-4baf-9eed-7a4cc889cb7c,0C:EB:12:0D:03:B8,,-74,1760428694072
23391,1760428700867.0,0adab909-eb8f-4baf-9eed-7a4cc889cb7c,59:02:4D:74:CF:1A,,-94,1760428694072
23392,1760428702143.0,0adab909-eb8f-4baf-9eed-7a4cc889cb7c,66:BD:09:09:12:03,,-91,1760428694072
23393,1760428703148.0,0adab909-eb8f-4baf-9eed-7a4cc889cb7c,5F:6B:13:93:F5:ED,,-95,1760428694072
23394,1760428703700.0,0adab909-eb8f-4baf-9eed-7a4cc889cb7c,00:60:37:4B:67:B4,DTCO-20914031,-89,1760428694072
23395,1760428704311.0,0adab909-eb8f-4baf-9eed-7a4cc889cb7c,B4:EC:02:FE:F3:CF,,-100,1760428694072
23396,1760428713431.0,0adab909-eb8f-4baf-9eed-7a4cc889cb7c,4A:16:10:E5:E6:AA,Galaxy Watch4 Classic (6JYL),-58,1760428694072
23397,1760428713452.0,0adab909-eb8f-4baf-9eed-7a4cc889cb7c,57:5E:41:9B:EC:82,Galaxy Watch4 Classic (W31V),-81,1760428694072
23398,1760428713469.0,0adab909-eb8f-4baf-9eed-7a4cc889cb7c,1C:C9:92:30:B6:06,HONOR Magic-Pencil 3,-67,1760428694072
23399,1760428713481.0,0adab909-eb8f-4baf-9eed-7a4cc889cb7c,03:2F:D3:D0:06:00,,-58,1760428694072
23400,1760428713492.0,0adab909-eb8f-4baf-9eed-7a4cc889cb7c,D2:88:AE:2B:DD:4B,Juri Vape,-81,1760428694072
23401,1760428713502.0,0adab909-eb8f-4baf-9eed-7a4cc889cb7c,D5:27:11:DB:D4:D4,,-83,1760428694072
23402,1760428713514.0,0adab909-eb8f-4baf-9eed-7a4cc889cb7c,CC:A8:21:9F:99:40,,-89,1760428694072
23403,1760428713523.0,0adab909-eb8f-4baf-9eed-7a4cc889cb7c,CC:F1:4C:3A:88:68,Buds2,-93,1760428694072
23404,1760428713532.0,0adab909-eb8f-4baf-9eed-7a4cc889cb7c,07:1B:62:FB:36:8D,,-86,1760428694072
23405,1760428713541.0,0adab909-eb8f-4baf-9eed-7a4cc889cb7c,28:8B:69:D7:1F:4F,,-83,1760428694072
23406,1760428713550.0,0adab909-eb8f-4baf-9eed-7a4cc889cb7c,C1:86:AB:7C:11:77,,-48,1760428694072
23407,1760428713560.0,0adab909-eb8f-4baf-9eed-7a4cc889cb7c,CF:EB:F4:F5:BF:50,LE_ULT WEAR,-48,1760428694072
23408,1760428713571.0,0adab909-eb8f-4baf-9eed-7a4cc889cb7c,66:78:9A:7F:DE:93,,-90,1760428694072
23409,1760428713581.0,0adab909-eb8f-4baf-9eed-7a4cc889cb7c,3D:92:5A:BA:1F:28,,-79,1760428694072
23410,1760428713590.0,0adab909-eb8f-4baf-9eed-7a4cc889cb7c,5D:CA:6F:E4:34:CA,,-84,1760428694072
23411,1760428713600.0,0adab909-eb8f-4baf-9eed-7a4cc889cb7c,52:69:1E:F1:A7:87,,-93,1760428694072
23412,1760428714487.0,0adab909-eb8f-4baf-9eed-7a4cc889cb7c,78:DD:24:AD:5F:F9,,-69,1760428694072
23413,1760428714510.0,0adab909-eb8f-4baf-9eed-7a4cc889cb7c,23:87:FB:35:EA:BC,,-82,1760428694072
23414,1760428714523.0,0adab909-eb8f-4baf-9eed-7a4cc889cb7c,4F:E5:67:32:B6:08,,-82,1760428694072
23415,1760428714535.0,0adab909-eb8f-4baf-9eed-7a4cc889cb7c,E1:A1:5A:D1:40:7C,,-88,1760428694072
23416,1760428714545.0,0adab909-eb8f-4baf-9eed-7a4cc889cb7c,14:F2:B2:FF:59:04,,-90,1760428694072
23417,1760428714555.0,0adab909-eb8f-4baf-9eed-7a4cc889cb7c,74:5F:6B:71:24:66,,-82,1760428694072
23418,1760428714565.0,0adab909-eb8f-4baf-9eed-7a4cc889cb7c,0F:1E:9E:A3:DE:E6,,-88,1760428694072
23419,1760428714575.0,0adab909-eb8f-4baf-9eed-7a4cc889cb7c,4E:E1:0E:8C:52:AB,,-97,1760428694072
23420,1760428714597.0,0adab909-eb8f-4baf-9eed-7a4cc889cb7c,D0:D0:03:16:78:35,,-88,1760428694072
23421,1760428714610.0,0adab909-eb8f-4baf-9eed-7a4cc889cb7c,0C:EB:12:0D:03:B8,,-93,1760428694072
23422,1760428714620.0,0adab909-eb8f-4baf-9eed-7a4cc889cb7c,7C:1E:AA:E7:5F:72,,-93,1760428694072
23423,1760429273444.0,0adab909-eb8f-4baf-9eed-7a4cc889cb7c,C8:66:5D:2A:E1:4F,Helix BSA Bluetooth Device,-94,1760429273238
23424,1760429273713.0,0adab909-eb8f-4baf-9eed-7a4cc889cb7c,E2:01:82:36:A2:EE,LHB-E8E0C059,-91,1760429273238
23425,1760429274620.0,0adab909-eb8f-4baf-9eed-7a4cc889cb7c,54:38:D4:2E:A6:D0,,-84,1760429273238
23426,1760429274955.0,0adab909-eb8f-4baf-9eed-7a4cc889cb7c,4C:C8:8C:65:00:DF,,-90,1760429273238
23427,1760429274972.0,0adab909-eb8f-4baf-9eed-7a4cc889cb7c,C8:66:5D:2A:F1:CF,Helix BSA Bluetooth Device,-96,1760429273238
23428,1760429276543.0,0adab909-eb8f-4baf-9eed-7a4cc889cb7c,E0:88:4A:16:9F:D5,LHB-95AB3D6C,-96,1760429273238
23429,1760429277191.0,0adab909-eb8f-4baf-9eed-7a4cc889cb7c,44:F8:82:38:C9:36,,-91,1760429273238
23430,1760429278116.0,0adab909-eb8f-4baf-9eed-7a4cc889cb7c,E3:10:16:C4:D9:4B,LHB-F53E7641,-94,1760429273238
23431,1760429278128.0,0adab909-eb8f-4baf-9eed-7a4cc889cb7c,F3:69:A4:C9:AD:93,LHB-E7847DF0,-87,1760429273238
23432,1760429307049.0,0adab909-eb8f-4baf-9eed-7a4cc889cb7c,06:6D:47:3D:C5:67,,-50,1760429273238
23433,1760429307135.0,0adab909-eb8f-4baf-9eed-7a4cc889cb7c,08:0B:74:69:2B:81,,-73,1760429273238
23434,1760429307147.0,0adab909-eb8f-4baf-9eed-7a4cc889cb7c,19:2E:E8:B0:AE:1D,,-84,1760429273238
23435,1760429307158.0,0adab909-eb8f-4baf-9eed-7a4cc889cb7c,32:16:D9:2E:31:36,,-73,1760429273238
23436,1760429308271.0,0adab909-eb8f-4baf-9eed-7a4cc889cb7c,3D:45:3F:3C:A9:91,,-70,1760429273238
23437,1760429309033.0,0adab909-eb8f-4baf-9eed-7a4cc889cb7c,32:5C:40:88:DC:AD,,-60,1760429273238
23438,1760429309083.0,0adab909-eb8f-4baf-9eed-7a4cc889cb7c,4C:C8:8C:65:00:DF,,-86,1760429273238
23439,1760429863143.0,0adab909-eb8f-4baf-9eed-7a4cc889cb7c,F3:69:A4:C9:AD:93,LHB-E7847DF0,-88,1760429862709
23440,1760429863165.0,0adab909-eb8f-4baf-9eed-7a4cc889cb7c,E2:01:82:36:A2:EE,LHB-E8E0C059,-93,1760429862709
23441,1760429863462.0,0adab909-eb8f-4baf-9eed-7a4cc889cb7c,4C:C8:8C:65:00:DF,,-90,1760429862709
23442,1760429863524.0,0adab909-eb8f-4baf-9eed-7a4cc889cb7c,C8:66:5D:2A:F1:CF,Helix BSA Bluetooth Device,-100,1760429862709
23443,1760429863811.0,0adab909-eb8f-4baf-9eed-7a4cc889cb7c,C8:66:5D:2A:E1:4F,Helix BSA Bluetooth Device,-95,1760429862709
23444,1760429864422.0,0adab909-eb8f-4baf-9eed-7a4cc889cb7c,54:38:D4:2E:A6:D0,,-88,1760429862709
23445,1760429866939.0,0adab909-eb8f-4baf-9eed-7a4cc889cb7c,E0:88:4A:16:9F:D5,LHB-95AB3D6C,-93,1760429862709
23446,1760429867313.0,0adab909-eb8f-4baf-9eed-7a4cc889cb7c,E3:10:16:C4:D9:4B,LHB-F53E7641,-90,1760429862709
23447,1760429871349.0,0adab909-eb8f-4baf-9eed-7a4cc889cb7c,C8:66:5D:0C:E5:8F,Helix BSA Bluetooth Device,-100,1760429862709
23448,1760429875317.0,0adab909-eb8f-4baf-9eed-7a4cc889cb7c,C8:66:5D:2A:F1:CF,Helix BSA Bluetooth Device,-97,1760429862709
23449,1760429875900.0,0adab909-eb8f-4baf-9eed-7a4cc889cb7c,C8:66:5D:2A:E1:4F,Helix BSA Bluetooth Device,-95,1760429862709
23450,1760430458569.0,0adab909-eb8f-4baf-9eed-7a4cc889cb7c,3B:33:2C:B0:36:C6,,127,1760430457578
23451,1760430458582.0,0adab909-eb8f-4baf-9eed-7a4cc889cb7c,3C:BD:A2:D4:42:54,,-59,1760430457578
23452,1760430458593.0,0adab909-eb8f-4baf-9eed-7a4cc889cb7c,37:FF:A5:62:16:96,,-61,1760430457578
23453,1760430458612.0,0adab909-eb8f-4baf-9eed-7a4cc889cb7c,27:40:5E:14:C6:1A,,127,1760430457578
23454,1760430459554.0,0adab909-eb8f-4baf-9eed-7a4cc889cb7c,E0:88:4A:16:9F:D5,LHB-95AB3D6C,-93,1760430457578
23455,1760430459641.0,0adab909-eb8f-4baf-9eed-7a4cc889cb7c,6D:C8:DE:D7:B4:8F,,-84,1760430457578
23456,1760430459774.0,0adab909-eb8f-4baf-9eed-7a4cc889cb7c,F3:69:A4:C9:AD:93,LHB-E7847DF0,-94,1760430457578
23457,1760430459809.0,0adab909-eb8f-4baf-9eed-7a4cc889cb7c,E2:01:82:36:A2:EE,LHB-E8E0C059,-93,1760430457578
23458,1760430460783.0,0adab909-eb8f-4baf-9eed-7a4cc889cb7c,4F:1E:DF:3E:44:C3,,-87,1760430457578
23459,1760430462637.0,0adab909-eb8f-4baf-9eed-7a4cc889cb7c,disabled,disabled,0,disabled
23460,1760430470491.0,0adab909-eb8f-4baf-9eed-7a4cc889cb7c,37:FF:A5:62:16:96,,-63,1760430469583
23461,1760430470522.0,0adab909-eb8f-4baf-9eed-7a4cc889cb7c,3B:33:2C:B0:36:C6,,127,1760430469583
23462,1760430470580.0,0adab909-eb8f-4baf-9eed-7a4cc889cb7c,27:40:5E:14:C6:1A,,127,1760430469583
23463,1760430470595.0,0adab909-eb8f-4baf-9eed-7a4cc889cb7c,3C:BD:A2:D4:42:54,,-59,1760430469583
23464,1760430470693.0,0adab909-eb8f-4baf-9eed-7a4cc889cb7c,6D:C8:DE:D7:B4:8F,,-92,1760430469583
23465,1760430470709.0,0adab909-eb8f-4baf-9eed-7a4cc889cb7c,E2:01:82:36:A2:EE,LHB-E8E0C059,-92,1760430469583
23466,1760430472412.0,0adab909-eb8f-4baf-9eed-7a4cc889cb7c,E0:88:4A:16:9F:D5,LHB-95AB3D6C,-91,1760430469583
23467,1760430472462.0,0adab909-eb8f-4baf-9eed-7a4cc889cb7c,29:11:F7:88:47:E2,,-75,1760430469583
23468,1760430472477.0,0adab909-eb8f-4baf-9eed-7a4cc889cb7c,ED:CD:B0:B9:74:53,,-93,1760430469583
23469,1760430472518.0,0adab909-eb8f-4baf-9eed-7a4cc889cb7c,F3:69:A4:C9:AD:93,LHB-E7847DF0,-88,1760430469583
23470,1760431062782.0,0adab909-eb8f-4baf-9eed-7a4cc889cb7c,72:23:93:CE:F9:B9,,-85,1760431062711
23471,1760431062800.0,0adab909-eb8f-4baf-9eed-7a4cc889cb7c,6C:6F:FB:0B:FE:C7,,-90,1760431062711
23472,1760431064697.0,0adab909-eb8f-4baf-9eed-7a4cc889cb7c,E3:10:16:C4:D9:4B,LHB-F53E7641,-95,1760431062711
23473,1760431065057.0,0adab909-eb8f-4baf-9eed-7a4cc889cb7c,E0:88:4A:16:9F:D5,LHB-95AB3D6C,-95,1760431062711
23474,1760431068433.0,0adab909-eb8f-4baf-9eed-7a4cc889cb7c,C8:66:5D:2F:C9:CF,Helix BSA Bluetooth Device,-100,1760431062711
23475,1760431068510.0,0adab909-eb8f-4baf-9eed-7a4cc889cb7c,E2:01:82:36:A2:EE,LHB-E8E0C059,-89,1760431062711
23476,1760431068680.0,0adab909-eb8f-4baf-9eed-7a4cc889cb7c,C8:66:5D:0C:E5:8F,Helix BSA Bluetooth Device,-100,1760431062711
23477,1760431073383.0,0adab909-eb8f-4baf-9eed-7a4cc889cb7c,C8:66:5D:2A:F1:CF,Helix BSA Bluetooth Device,-97,1760431062711
23478,1760431073664.0,0adab909-eb8f-4baf-9eed-7a4cc889cb7c,C8:66:5D:2A:E1:4F,Helix BSA Bluetooth Device,-89,1760431062711
23479,1760431653581.0,0adab909-eb8f-4baf-9eed-7a4cc889cb7c,E2:01:82:36:A2:EE,LHB-E8E0C059,-91,1760431653478
23480,1760431653842.0,0adab909-eb8f-4baf-9eed-7a4cc889cb7c,E3:10:16:C4:D9:4B,LHB-F53E7641,-95,1760431653478
23481,1760431654526.0,0adab909-eb8f-4baf-9eed-7a4cc889cb7c,F3:69:A4:C9:AD:93,LHB-E7847DF0,-94,1760431653478
23482,1760431654540.0,0adab909-eb8f-4baf-9eed-7a4cc889cb7c,72:23:93:CE:F9:B9,,-94,1760431653478
23483,1760431655466.0,0adab909-eb8f-4baf-9eed-7a4cc889cb7c,6C:6F:FB:0B:FE:C7,,-91,1760431653478
23484,1760431656157.0,0adab909-eb8f-4baf-9eed-7a4cc889cb7c,60:BE:95:CD:7A:B5,,-93,1760431653478
23485,1760431656434.0,0adab909-eb8f-4baf-9eed-7a4cc889cb7c,6E:E2:77:D0:5D:24,,-91,1760431653478
23486,1760431658212.0,0adab909-eb8f-4baf-9eed-7a4cc889cb7c,C8:66:5D:2A:F1:CF,Helix BSA Bluetooth Device,-96,1760431653478
23487,1760431661887.0,0adab909-eb8f-4baf-9eed-7a4cc889cb7c,E0:88:4A:16:9F:D5,LHB-95AB3D6C,-93,1760431653478
23488,1760431665440.0,0adab909-eb8f-4baf-9eed-7a4cc889cb7c,C8:66:5D:2A:E1:4F,Helix BSA Bluetooth Device,-83,1760431653478
23489,1760432255214.0,0adab909-eb8f-4baf-9eed-7a4cc889cb7c,E2:01:82:36:A2:EE,LHB-E8E0C059,-91,1760432255200
23490,1760432255669.0,0adab909-eb8f-4baf-9eed-7a4cc889cb7c,F3:69:A4:C9:AD:93,LHB-E7847DF0,-93,1760432255200
23491,1760432256465.0,0adab909-eb8f-4baf-9eed-7a4cc889cb7c,C8:66:5D:2A:E1:4F,Helix BSA Bluetooth Device,-90,1760432255200
23492,1760432256592.0,0adab909-eb8f-4baf-9eed-7a4cc889cb7c,E3:10:16:C4:D9:4B,LHB-F53E7641,-93,1760432255200
23493,1760432257843.0,0adab909-eb8f-4baf-9eed-7a4cc889cb7c,E0:88:4A:16:9F:D5,LHB-95AB3D6C,-93,1760432255200
23494,1760432262354.0,0adab909-eb8f-4baf-9eed-7a4cc889cb7c,C8:66:5D:2A:F1:CF,Helix BSA Bluetooth Device,-100,1760432255200
23495,1760432262548.0,0adab909-eb8f-4baf-9eed-7a4cc889cb7c,C8:66:5D:2A:F1:CF,Helix BSA Bluetooth Device,-95,1760432255200
23496,1760432856829.0,0adab909-eb8f-4baf-9eed-7a4cc889cb7c,6C:D3:EE:56:04:35,,-84,1760432856780
23497,1760432856849.0,0adab909-eb8f-4baf-9eed-7a4cc889cb7c,1C:F9:4F:3D:1F:72,,-55,1760432856780
23498,1760432856862.0,0adab909-eb8f-4baf-9eed-7a4cc889cb7c,7E:8C:4F:52:B2:C0,,-68,1760432856780
23499,1760432857149.0,0adab909-eb8f-4baf-9eed-7a4cc889cb7c,3B:EA:5D:AD:CE:81,,-53,1760432856780
23500,1760432857163.0,0adab909-eb8f-4baf-9eed-7a4cc889cb7c,71:A7:BA:56:F2:29,,-56,1760432856780
23501,1760432857173.0,0adab909-eb8f-4baf-9eed-7a4cc889cb7c,7B:E0:41:3A:79:CF,,-73,1760432856780
23502,1760432857513.0,0adab909-eb8f-4baf-9eed-7a4cc889cb7c,5B:86:C5:3E:43:3B,,-77,1760432856780
23503,1760432857923.0,0adab909-eb8f-4baf-9eed-7a4cc889cb7c,FF:41:1D:00:A7:BA,K62,-94,1760432856780
23504,1760432858485.0,0adab909-eb8f-4baf-9eed-7a4cc889cb7c,4E:FB:DA:76:AD:9A,,-57,1760432856780
23505,1760432858501.0,0adab909-eb8f-4baf-9eed-7a4cc889cb7c,51:FA:E4:90:E3:69,,-70,1760432856780
23506,1760432858799.0,0adab909-eb8f-4baf-9eed-7a4cc889cb7c,58:B2:1F:76:B1:5C,,-77,1760432856780
23507,1760432860113.0,0adab909-eb8f-4baf-9eed-7a4cc889cb7c,D4:9D:C0:4D:3D:D1,[TV] Samsung 7 Series (55),-84,1760432856780
23508,1760432860877.0,0adab909-eb8f-4baf-9eed-7a4cc889cb7c,D4:9D:C0:4D:3D:D1,[TV] Samsung 7 Series (55),-93,1760432856780
23509,1760432861374.0,0adab909-eb8f-4baf-9eed-7a4cc889cb7c,77:20:4E:B5:6B:3E,,-75,1760432856780
23510,1760432861671.0,0adab909-eb8f-4baf-9eed-7a4cc889cb7c,9F:DA:07:22:E1:19,JLab GO Pop+-BLE,-52,1760432856780
23511,1760432862940.0,0adab909-eb8f-4baf-9eed-7a4cc889cb7c,66:70:FF:B0:D8:97,,-93,1760432856780
23512,1760432863049.0,0adab909-eb8f-4baf-9eed-7a4cc889cb7c,D8:0F:99:32:34:84,,-97,1760432856780
23513,1760432863955.0,0adab909-eb8f-4baf-9eed-7a4cc889cb7c,34:9F:7B:7D:3A:40,TS5100 seri,-91,1760432856780
23514,1760432866163.0,0adab909-eb8f-4baf-9eed-7a4cc889cb7c,1A:73:2B:76:DF:7D,,-80,1760432856780
23515,1760433505815.0,0adab909-eb8f-4baf-9eed-7a4cc889cb7c,74:11:A5:CA:11:7E,,-90,1760433502840
23516,1760433509940.0,0adab909-eb8f-4baf-9eed-7a4cc889cb7c,55:D9:28:13:E7:F6,,-86,1760433502840
23517,1760435299659.0,0adab909-eb8f-4baf-9eed-7a4cc889cb7c,7F:E4:1D:41:69:9F,,-94,1760435298251
23518,1760435312203.0,0adab909-eb8f-4baf-9eed-7a4cc889cb7c,35:E8:A0:39:96:12,,-87,1760435298251
23519,1760435312303.0,0adab909-eb8f-4baf-9eed-7a4cc889cb7c,7F:E4:1D:41:69:9F,,-90,1760435298251
23520,1760436478306.0,0adab909-eb8f-4baf-9eed-7a4cc889cb7c,5E:36:61:2B:E5:AB,,-88,1760436463869
23521,1760437061803.0,0adab909-eb8f-4baf-9eed-7a4cc889cb7c,66:8A:9A:52:30:13,,-89,1760437061726
23522,1760437061822.0,0adab909-eb8f-4baf-9eed-7a4cc889cb7c,4F:CE:8E:D3:2C:77,,-89,1760437061726
23523,1760437063736.0,0adab909-eb8f-4baf-9eed-7a4cc889cb7c,45:3F:51:D5:21:76,,-85,1760437061726
23524,1760437063757.0,0adab909-eb8f-4baf-9eed-7a4cc889cb7c,56:6D:57:01:C3:36,,-90,1760437061726
23525,1760437064698.0,0adab909-eb8f-4baf-9eed-7a4cc889cb7c,67:B1:15:EF:31:3A,,-93,1760437061726
23526,1760437065069.0,0adab909-eb8f-4baf-9eed-7a4cc889cb7c,A8:B5:86:98:CE:ED,WM,-100,1760437061726
23527,1760437065517.0,0adab909-eb8f-4baf-9eed-7a4cc889cb7c,84:96:90:15:DB:4A,,-100,1760437061726
23528,1760437066121.0,0adab909-eb8f-4baf-9eed-7a4cc889cb7c,A8:B5:86:98:CE:ED,WM,-100,1760437061726
23529,1760437067668.0,0adab909-eb8f-4baf-9eed-7a4cc889cb7c,BC:30:7E:4F:5D:3D,,-100,1760437061726
23530,1760437068271.0,0adab909-eb8f-4baf-9eed-7a4cc889cb7c,62:23:4D:48:0B:FD,,-81,1760437061726
23531,1760437069448.0,0adab909-eb8f-4baf-9eed-7a4cc889cb7c,63:C0:66:46:79:2F,,-92,1760437061726
23532,1760437069473.0,0adab909-eb8f-4baf-9eed-7a4cc889cb7c,19:79:3D:4D:80:22,,-93,1760437061726
23533,1760437069511.0,0adab909-eb8f-4baf-9eed-7a4cc889cb7c,56:30:C2:5A:EC:16,,-88,1760437061726
23534,1760437069529.0,0adab909-eb8f-4baf-9eed-7a4cc889cb7c,5F:00:99:CF:01:4E,,-86,1760437061726
23535,1760437069883.0,0adab909-eb8f-4baf-9eed-7a4cc889cb7c,67:2D:8F:51:CB:CB,,-90,1760437061726
23536,1760437069909.0,0adab909-eb8f-4baf-9eed-7a4cc889cb7c,B8:F4:4F:B9:B8:0C,Audi_MMI_6108,-100,1760437061726
23537,1760437070146.0,0adab909-eb8f-4baf-9eed-7a4cc889cb7c,72:96:F1:0E:92:EB,,-86,1760437061726
23538,1760437072014.0,0adab909-eb8f-4baf-9eed-7a4cc889cb7c,58:16:D7:56:33:71,,-100,1760437061726
23539,1760437072037.0,0adab909-eb8f-4baf-9eed-7a4cc889cb7c,84:96:90:15:DB:4A,My VW 1559,-96,1760437061726
23540,1760437083581.0,0adab909-eb8f-4baf-9eed-7a4cc889cb7c,58:16:D7:56:33:71,Skoda BT 3616,-100,1760437061726
23541,1760437083630.0,0adab909-eb8f-4baf-9eed-7a4cc889cb7c,67:B1:15:EF:31:3A,,-80,1760437061726
23542,1760437083667.0,0adab909-eb8f-4baf-9eed-7a4cc889cb7c,14:BB:6E:B0:99:E8,,-92,1760437061726
23543,1760437083700.0,0adab909-eb8f-4baf-9eed-7a4cc889cb7c,6C:70:CB:DB:3E:7D,,-88,1760437061726
23544,1760437083797.0,0adab909-eb8f-4baf-9eed-7a4cc889cb7c,09:78:A5:0B:5B:66,,-88,1760437061726
23545,1760437083809.0,0adab909-eb8f-4baf-9eed-7a4cc889cb7c,0B:E3:FF:6C:38:0F,,-93,1760437061726
23546,1760437083819.0,0adab909-eb8f-4baf-9eed-7a4cc889cb7c,66:00:00:3C:0B:3B,,-90,1760437061726
23547,1760437083829.0,0adab909-eb8f-4baf-9eed-7a4cc889cb7c,28:50:26:A0:23:1C,,-89,1760437061726
23548,1760437083837.0,0adab909-eb8f-4baf-9eed-7a4cc889cb7c,ED:9B:73:9C:DA:17,,-92,1760437061726
23549,1760437083845.0,0adab909-eb8f-4baf-9eed-7a4cc889cb7c,29:7A:B5:8A:F6:8F,,-89,1760437061726
23550,1760437084776.0,0adab909-eb8f-4baf-9eed-7a4cc889cb7c,64:E2:02:16:D5:F1,,-85,1760437061726
23551,1760437084802.0,0adab909-eb8f-4baf-9eed-7a4cc889cb7c,66:65:54:B7:36:C3,,-88,1760437061726
23552,1760437084813.0,0adab909-eb8f-4baf-9eed-7a4cc889cb7c,FF:4A:7F:2C:4E:7C,,-94,1760437061726
23553,1760437084822.0,0adab909-eb8f-4baf-9eed-7a4cc889cb7c,3A:C9:46:32:F8:1A,,-89,1760437061726
23554,1760437084831.0,0adab909-eb8f-4baf-9eed-7a4cc889cb7c,04:47:42:F0:4E:80,,-87,1760437061726
23555,1760437084838.0,0adab909-eb8f-4baf-9eed-7a4cc889cb7c,72:96:F1:0E:92:EB,,-85,1760437061726
23556,1760437084873.0,0adab909-eb8f-4baf-9eed-7a4cc889cb7c,E0:03:6B:D4:5A:7D,,-89,1760437061726
23557,1760437085592.0,0adab909-eb8f-4baf-9eed-7a4cc889cb7c,45:3F:51:D5:21:76,,-85,1760437061726
23558,1760437085640.0,0adab909-eb8f-4baf-9eed-7a4cc889cb7c,C6:81:57:0B:8B:BD,,-85,1760437061726
23559,1760437085758.0,0adab909-eb8f-4baf-9eed-7a4cc889cb7c,19:79:3D:4D:80:22,,-94,1760437061726
23560,1760437671820.0,0adab909-eb8f-4baf-9eed-7a4cc889cb7c,58:AB:61:09:A2:09,,-86,1760437671699
23561,1760437671839.0,0adab909-eb8f-4baf-9eed-7a4cc889cb7c,73:52:C8:B9:13:E1,,-88,1760437671699
23562,1760437672153.0,0adab909-eb8f-4baf-9eed-7a4cc889cb7c,7A:A9:E5:E0:CF:C1,,-84,1760437671699
23563,1760437672809.0,0adab909-eb8f-4baf-9eed-7a4cc889cb7c,3E:52:A3:3D:F6:F6,,-91,1760437671699
23564,1760437674083.0,0adab909-eb8f-4baf-9eed-7a4cc889cb7c,42:7C:FF:49:2E:1C,,-90,1760437671699
23565,1760437674683.0,0adab909-eb8f-4baf-9eed-7a4cc889cb7c,46:C8:89:77:A9:D0,,-89,1760437671699
23566,1760437675949.0,0adab909-eb8f-4baf-9eed-7a4cc889cb7c,75:EF:77:13:5F:B5,,-90,1760437671699
23567,1760437675965.0,0adab909-eb8f-4baf-9eed-7a4cc889cb7c,79:1E:D4:21:3A:3D,,-94,1760437671699
23568,1760437675981.0,0adab909-eb8f-4baf-9eed-7a4cc889cb7c,40:AB:CA:B4:03:93,,-92,1760437671699
23569,1760437676580.0,0adab909-eb8f-4baf-9eed-7a4cc889cb7c,31:DF:1B:C5:1A:62,,-90,1760437671699
23570,1760437677583.0,0adab909-eb8f-4baf-9eed-7a4cc889cb7c,77:92:7D:BA:82:C0,,-87,1760437671699
23571,1760437677844.0,0adab909-eb8f-4baf-9eed-7a4cc889cb7c,58:AB:73:00:97:9D,,-83,1760437671699
23572,1760437677864.0,0adab909-eb8f-4baf-9eed-7a4cc889cb7c,5C:C7:F2:06:EF:6F,,-86,1760437671699
23573,1760437678445.0,0adab909-eb8f-4baf-9eed-7a4cc889cb7c,BC:42:8C:FA:D8:F9,,-100,1760437671699
23574,1760437679485.0,0adab909-eb8f-4baf-9eed-7a4cc889cb7c,77:A4:34:40:84:7D,,-79,1760437671699
23575,1760437679808.0,0adab909-eb8f-4baf-9eed-7a4cc889cb7c,6E:5E:EA:DB:7B:1A,,-81,1760437671699
23576,1760437680448.0,0adab909-eb8f-4baf-9eed-7a4cc889cb7c,4C:C8:91:53:9E:E8,,-88,1760437671699
23577,1760437680768.0,0adab909-eb8f-4baf-9eed-7a4cc889cb7c,03:33:20:00:7B:48,,-94,1760437671699
23578,1760437684332.0,0adab909-eb8f-4baf-9eed-7a4cc889cb7c,BC:42:8C:FA:D8:F9,VW BT 2649,-97,1760437671699
23579,1760437684620.0,0adab909-eb8f-4baf-9eed-7a4cc889cb7c,7A:58:84:34:8F:CF,,-86,1760437671699
23580,1760437684647.0,0adab909-eb8f-4baf-9eed-7a4cc889cb7c,2E:1C:75:A5:38:C5,,-73,1760437671699
23581,1760437684656.0,0adab909-eb8f-4baf-9eed-7a4cc889cb7c,59:E8:83:45:C7:20,,-82,1760437671699
23582,1760437684680.0,0adab909-eb8f-4baf-9eed-7a4cc889cb7c,58:AB:61:09:A2:09,,-78,1760437671699
23583,1760437684693.0,0adab909-eb8f-4baf-9eed-7a4cc889cb7c,1E:3E:32:D6:EC:03,,-86,1760437671699
23584,1760437684702.0,0adab909-eb8f-4baf-9eed-7a4cc889cb7c,77:A4:34:40:84:7D,,-77,1760437671699
23585,1760437684710.0,0adab909-eb8f-4baf-9eed-7a4cc889cb7c,5C:C7:F2:06:EF:6F,,-70,1760437671699
23586,1760437684717.0,0adab909-eb8f-4baf-9eed-7a4cc889cb7c,FB:64:FC:DA:3E:4C,,-94,1760437671699
23587,1760437684730.0,0adab909-eb8f-4baf-9eed-7a4cc889cb7c,77:92:7D:BA:82:C0,,-78,1760437671699
23588,1760437684752.0,0adab909-eb8f-4baf-9eed-7a4cc889cb7c,5C:6C:3A:5A:88:9B,,-92,1760437671699
23589,1760437685598.0,0adab909-eb8f-4baf-9eed-7a4cc889cb7c,40:AB:CA:B4:03:93,,-68,1760437671699
23590,1760437685619.0,0adab909-eb8f-4baf-9eed-7a4cc889cb7c,FC:62:15:93:60:12,Buds3 FE,-81,1760437671699
23591,1760437685638.0,0adab909-eb8f-4baf-9eed-7a4cc889cb7c,3E:52:A3:3D:F6:F6,,-82,1760437671699
23592,1760437685687.0,0adab909-eb8f-4baf-9eed-7a4cc889cb7c,20:89:13:38:4F:84,,-74,1760437671699
23593,1760437685717.0,0adab909-eb8f-4baf-9eed-7a4cc889cb7c,0B:BB:C9:AA:14:65,,-91,1760437671699
23594,1760437685736.0,0adab909-eb8f-4baf-9eed-7a4cc889cb7c,24:E0:D7:14:14:9F,,-93,1760437671699
23595,1760437685766.0,0adab909-eb8f-4baf-9eed-7a4cc889cb7c,03:33:20:00:7B:48,,-93,1760437671699
23596,1760437686652.0,0adab909-eb8f-4baf-9eed-7a4cc889cb7c,D0:D0:03:16:78:35,,-84,1760437671699
23597,1760437686682.0,0adab909-eb8f-4baf-9eed-7a4cc889cb7c,F4:DD:06:1B:E4:0D,,-91,1760437671699
23598,1760437686701.0,0adab909-eb8f-4baf-9eed-7a4cc889cb7c,79:1E:D4:21:3A:3D,,-67,1760437671699
23599,1760437686733.0,0adab909-eb8f-4baf-9eed-7a4cc889cb7c,4C:C8:91:53:9E:E8,,-70,1760437671699
23600,1760437686825.0,0adab909-eb8f-4baf-9eed-7a4cc889cb7c,32:E3:7A:46:61:4C,,-85,1760437671699
23601,1760437687483.0,0adab909-eb8f-4baf-9eed-7a4cc889cb7c,6E:5E:EA:DB:7B:1A,,-88,1760437671699
23602,1760437687549.0,0adab909-eb8f-4baf-9eed-7a4cc889cb7c,51:74:7C:62:EB:90,,-86,1760437671699
23603,1760438303186.0,0adab909-eb8f-4baf-9eed-7a4cc889cb7c,4F:5A:0D:C2:86:3F,,-85,1760438303157
23604,1760438303203.0,0adab909-eb8f-4baf-9eed-7a4cc889cb7c,74:3D:96:A6:FA:88,,-81,1760438303157
23605,1760438303218.0,0adab909-eb8f-4baf-9eed-7a4cc889cb7c,16:9A:4C:B6:C6:FD,,-72,1760438303157
23606,1760438303580.0,0adab909-eb8f-4baf-9eed-7a4cc889cb7c,28:F2:B2:A9:16:C8,,-68,1760438303157
23607,1760438303830.0,0adab909-eb8f-4baf-9eed-7a4cc889cb7c,22:7D:77:B4:F7:EF,,-65,1760438303157
23608,1760438304228.0,0adab909-eb8f-4baf-9eed-7a4cc889cb7c,2A:26:D7:51:25:90,,-68,1760438303157
23609,1760438304249.0,0adab909-eb8f-4baf-9eed-7a4cc889cb7c,79:96:AC:8E:FC:96,,-64,1760438303157
23610,1760438304541.0,0adab909-eb8f-4baf-9eed-7a4cc889cb7c,70:E9:82:50:E8:B4,,-72,1760438303157
23611,1760438305136.0,0adab909-eb8f-4baf-9eed-7a4cc889cb7c,65:56:B9:13:2C:61,,-73,1760438303157
23612,1760438306086.0,0adab909-eb8f-4baf-9eed-7a4cc889cb7c,40:24:CB:70:AB:8B,,-69,1760438303157
23613,1760438307442.0,0adab909-eb8f-4baf-9eed-7a4cc889cb7c,5C:01:A8:DE:CD:C5,,-90,1760438303157
23614,1760438312545.0,0adab909-eb8f-4baf-9eed-7a4cc889cb7c,37:54:5D:FA:D5:FE,,-67,1760438303157
23615,1760438909585.0,0adab909-eb8f-4baf-9eed-7a4cc889cb7c,38:99:B2:A5:2B:0C,,-88,1760438909545
23616,1760438909960.0,0adab909-eb8f-4baf-9eed-7a4cc889cb7c,36:2B:9F:37:47:1E,,-83,1760438909545
23617,1760438909974.0,0adab909-eb8f-4baf-9eed-7a4cc889cb7c,53:1E:10:B5:0D:04,,-79,1760438909545
23618,1760438910307.0,0adab909-eb8f-4baf-9eed-7a4cc889cb7c,66:96:71:79:67:C2,,-75,1760438909545
23619,1760438910536.0,0adab909-eb8f-4baf-9eed-7a4cc889cb7c,3C:E1:C3:C5:82:16,,-87,1760438909545
23620,1760438911229.0,0adab909-eb8f-4baf-9eed-7a4cc889cb7c,72:0E:E7:A5:05:49,,-70,1760438909545
23621,1760438914407.0,0adab909-eb8f-4baf-9eed-7a4cc889cb7c,64:E4:20:AD:E7:1A,,-94,1760438909545
23622,1760439471281.0,0adab909-eb8f-4baf-9eed-7a4cc889cb7c,56:AF:24:D0:E6:34,,-76,1760439471184
23623,1760439471299.0,0adab909-eb8f-4baf-9eed-7a4cc889cb7c,5F:31:74:B7:5D:3E,,-73,1760439471184
23624,1760439472947.0,0adab909-eb8f-4baf-9eed-7a4cc889cb7c,4B:EE:D8:E0:68:DE,,-72,1760439471184
23625,1760439477075.0,0adab909-eb8f-4baf-9eed-7a4cc889cb7c,76:26:4D:7F:47:72,,-93,1760439471184
23626,1760439478350.0,0adab909-eb8f-4baf-9eed-7a4cc889cb7c,58:4A:51:91:A5:B9,,-95,1760439471184
23627,1760440058096.0,0adab909-eb8f-4baf-9eed-7a4cc889cb7c,73:09:94:79:3A:A9,,-89,1760440058038
23628,1760440058124.0,0adab909-eb8f-4baf-9eed-7a4cc889cb7c,5D:F1:06:70:EF:B2,,-77,1760440058038
23629,1760440058563.0,0adab909-eb8f-4baf-9eed-7a4cc889cb7c,64:37:62:50:DA:1E,,-85,1760440058038
23630,1760440058581.0,0adab909-eb8f-4baf-9eed-7a4cc889cb7c,74:56:DC:E4:DC:22,,-77,1760440058038
23631,1760440058760.0,0adab909-eb8f-4baf-9eed-7a4cc889cb7c,01:39:CE:FE:A5:78,,-87,1760440058038
23632,1760440058817.0,0adab909-eb8f-4baf-9eed-7a4cc889cb7c,73:AC:C7:79:55:CA,,-79,1760440058038
23633,1760440059129.0,0adab909-eb8f-4baf-9eed-7a4cc889cb7c,52:70:9E:D0:33:10,,-82,1760440058038
23634,1760440059154.0,0adab909-eb8f-4baf-9eed-7a4cc889cb7c,59:D9:AD:BF:F9:54,,-70,1760440058038
23635,1760440059438.0,0adab909-eb8f-4baf-9eed-7a4cc889cb7c,01:6C:21:B4:1D:16,,-92,1760440058038
23636,1760440059465.0,0adab909-eb8f-4baf-9eed-7a4cc889cb7c,23:78:08:20:38:D0,,-90,1760440058038
23637,1760440059716.0,0adab909-eb8f-4baf-9eed-7a4cc889cb7c,8C:C8:4B:2F:DA:A0,Click,-100,1760440058038
23638,1760440059757.0,0adab909-eb8f-4baf-9eed-7a4cc889cb7c,68:EA:F7:1B:03:02,,-78,1760440058038
23639,1760440059803.0,0adab909-eb8f-4baf-9eed-7a4cc889cb7c,35:43:17:76:68:B3,,-83,1760440058038
23640,1760440060065.0,0adab909-eb8f-4baf-9eed-7a4cc889cb7c,46:AF:D4:2F:89:E9,,-86,1760440058038
23641,1760440060087.0,0adab909-eb8f-4baf-9eed-7a4cc889cb7c,47:77:E1:4E:48:28,,-79,1760440058038
23642,1760440060111.0,0adab909-eb8f-4baf-9eed-7a4cc889cb7c,60:C6:4F:C2:50:00,RHX8-W2n#4FC660,-66,1760440058038
23643,1760440060145.0,0adab909-eb8f-4baf-9eed-7a4cc889cb7c,7A:AE:86:EF:63:B8,,-86,1760440058038
23644,1760440060380.0,0adab909-eb8f-4baf-9eed-7a4cc889cb7c,74:BE:87:9C:AE:2E,,-82,1760440058038
23645,1760440060418.0,0adab909-eb8f-4baf-9eed-7a4cc889cb7c,66:2D:26:48:64:E6,,-90,1760440058038
23646,1760440061324.0,0adab909-eb8f-4baf-9eed-7a4cc889cb7c,27:5C:86:BB:B6:F2,,-85,1760440058038
23647,1760440061972.0,0adab909-eb8f-4baf-9eed-7a4cc889cb7c,78:80:90:D3:C3:DC,,-85,1760440058038
23648,1760440061991.0,0adab909-eb8f-4baf-9eed-7a4cc889cb7c,75:1B:16:E4:C5:2A,,-85,1760440058038
23649,1760440062006.0,0adab909-eb8f-4baf-9eed-7a4cc889cb7c,F0:AE:66:EB:C9:4D,,-73,1760440058038
23650,1760440062616.0,0adab909-eb8f-4baf-9eed-7a4cc889cb7c,67:24:24:F0:18:AB,,-85,1760440058038
23651,1760440062948.0,0adab909-eb8f-4baf-9eed-7a4cc889cb7c,53:60:AA:63:7A:DC,,-84,1760440058038
23652,1760440063566.0,0adab909-eb8f-4baf-9eed-7a4cc889cb7c,75:C8:45:28:0F:BE,,-88,1760440058038
23653,1760440063643.0,0adab909-eb8f-4baf-9eed-7a4cc889cb7c,6F:58:D4:CD:49:CA,,-86,1760440058038
23654,1760440063898.0,0adab909-eb8f-4baf-9eed-7a4cc889cb7c,70:6D:6C:3B:DD:F6,,-85,1760440058038
23655,1760440064181.0,0adab909-eb8f-4baf-9eed-7a4cc889cb7c,4F:BE:14:CC:62:9C,,-90,1760440058038
23656,1760440064530.0,0adab909-eb8f-4baf-9eed-7a4cc889cb7c,B0:00:73:C9:33:31,,-94,1760440058038
23657,1760440064821.0,0adab909-eb8f-4baf-9eed-7a4cc889cb7c,4C:81:C0:93:15:5C,,-80,1760440058038
23658,1760440064886.0,0adab909-eb8f-4baf-9eed-7a4cc889cb7c,5E:34:C9:19:CB:CE,,-83,1760440058038
23659,1760440065129.0,0adab909-eb8f-4baf-9eed-7a4cc889cb7c,5C:27:B2:30:C1:0A,,-89,1760440058038
23660,1760440065154.0,0adab909-eb8f-4baf-9eed-7a4cc889cb7c,69:46:3F:15:B1:EC,,-82,1760440058038
23661,1760440065203.0,0adab909-eb8f-4baf-9eed-7a4cc889cb7c,10:38:1F:CB:21:0E,,-94,1760440058038
23662,1760440065802.0,0adab909-eb8f-4baf-9eed-7a4cc889cb7c,54:8D:47:DC:49:65,,-83,1760440058038
23663,1760440066152.0,0adab909-eb8f-4baf-9eed-7a4cc889cb7c,0F:C3:D2:53:F5:2B,,-76,1760440058038
23664,1760440066170.0,0adab909-eb8f-4baf-9eed-7a4cc889cb7c,3D:BE:F1:D3:77:8B,,-93,1760440058038
23665,1760440067087.0,0adab909-eb8f-4baf-9eed-7a4cc889cb7c,0D:C3:DA:81:6B:2E,,-93,1760440058038
23666,1760440067118.0,0adab909-eb8f-4baf-9eed-7a4cc889cb7c,7F:3A:01:FA:58:52,,-85,1760440058038
23667,1760440067144.0,0adab909-eb8f-4baf-9eed-7a4cc889cb7c,46:28:D3:18:E1:1B,,-91,1760440058038
23668,1760440067444.0,0adab909-eb8f-4baf-9eed-7a4cc889cb7c,7D:BD:44:CA:6A:30,,-88,1760440058038
23669,1760440067477.0,0adab909-eb8f-4baf-9eed-7a4cc889cb7c,01:C1:B1:57:68:29,,-91,1760440058038
23670,1760440069060.0,0adab909-eb8f-4baf-9eed-7a4cc889cb7c,90:78:41:01:D5:CD,FOTOLOOSCLICK,-95,1760440058038
23671,1760440070052.0,0adab909-eb8f-4baf-9eed-7a4cc889cb7c,B0:00:73:C9:33:31,VW BT 9419,-100,1760440058038
23672,1760440070998.0,0adab909-eb8f-4baf-9eed-7a4cc889cb7c,0F:C3:D2:53:F5:2B,,-76,1760440058038
23673,1760440071023.0,0adab909-eb8f-4baf-9eed-7a4cc889cb7c,5D:F1:06:70:EF:B2,,-76,1760440058038
23674,1760440071041.0,0adab909-eb8f-4baf-9eed-7a4cc889cb7c,75:1B:16:E4:C5:2A,,-87,1760440058038
23675,1760440071056.0,0adab909-eb8f-4baf-9eed-7a4cc889cb7c,78:80:90:D3:C3:DC,,-83,1760440058038
23676,1760440071070.0,0adab909-eb8f-4baf-9eed-7a4cc889cb7c,0D:C3:DA:81:6B:2E,,-89,1760440058038
23677,1760440071083.0,0adab909-eb8f-4baf-9eed-7a4cc889cb7c,13:A3:E1:B1:43:2D,,-82,1760440058038
23678,1760440071099.0,0adab909-eb8f-4baf-9eed-7a4cc889cb7c,5E:34:C9:19:CB:CE,,-88,1760440058038
23679,1760440071112.0,0adab909-eb8f-4baf-9eed-7a4cc889cb7c,F4:DD:06:45:0B:27,,-86,1760440058038
23680,1760440071126.0,0adab909-eb8f-4baf-9eed-7a4cc889cb7c,74:56:DC:E4:DC:22,,-87,1760440058038
23681,1760440071142.0,0adab909-eb8f-4baf-9eed-7a4cc889cb7c,DC:DB:79:04:EA:BC,JLab JBuds Air Pro_L_LE,-89,1760440058038
23682,1760440071158.0,0adab909-eb8f-4baf-9eed-7a4cc889cb7c,64:37:62:50:DA:1E,,-81,1760440058038
23683,1760440071171.0,0adab909-eb8f-4baf-9eed-7a4cc889cb7c,D4:9D:C0:BC:C0:DD,,-84,1760440058038
23684,1760440071183.0,0adab909-eb8f-4baf-9eed-7a4cc889cb7c,D8:AE:BA:45:F8:92,,-91,1760440058038
23685,1760440071196.0,0adab909-eb8f-4baf-9eed-7a4cc889cb7c,F4:3A:DF:EB:68:A0,IDW19,-87,1760440058038
23686,1760440071211.0,0adab909-eb8f-4baf-9eed-7a4cc889cb7c,D4:9D:C0:4D:48:6F,,-91,1760440058038
23687,1760440071228.0,0adab909-eb8f-4baf-9eed-7a4cc889cb7c,53:60:AA:63:7A:DC,,-84,1760440058038
23688,1760440071240.0,0adab909-eb8f-4baf-9eed-7a4cc889cb7c,01:6C:21:B4:1D:16,,-87,1760440058038
23689,1760440071251.0,0adab909-eb8f-4baf-9eed-7a4cc889cb7c,D9:91:A4:65:4C:BA,,-84,1760440058038
23690,1760440071264.0,0adab909-eb8f-4baf-9eed-7a4cc889cb7c,23:78:08:20:38:D0,,-86,1760440058038
23691,1760440072108.0,0adab909-eb8f-4baf-9eed-7a4cc889cb7c,54:8D:47:DC:49:65,,-76,1760440058038
23692,1760440072133.0,0adab909-eb8f-4baf-9eed-7a4cc889cb7c,68:EA:F7:1B:03:02,,-70,1760440058038
23693,1760440072148.0,0adab909-eb8f-4baf-9eed-7a4cc889cb7c,FC:1C:3B:EF:8C:D1,,-82,1760440058038
23694,1760440072165.0,0adab909-eb8f-4baf-9eed-7a4cc889cb7c,76:E2:2A:4D:44:9D,,-88,1760440058038
23695,1760440072178.0,0adab909-eb8f-4baf-9eed-7a4cc889cb7c,74:BE:87:9C:AE:2E,,-83,1760440058038
23696,1760440072193.0,0adab909-eb8f-4baf-9eed-7a4cc889cb7c,60:C6:4F:C2:50:00,RHX8-W2n#4FC660,-79,1760440058038
23697,1760440072207.0,0adab909-eb8f-4baf-9eed-7a4cc889cb7c,46:AF:D4:2F:89:E9,,-85,1760440058038
23698,1760440072259.0,0adab909-eb8f-4baf-9eed-7a4cc889cb7c,6F:E3:FC:F0:17:2B,,-91,1760440058038
23699,1760440073053.0,0adab909-eb8f-4baf-9eed-7a4cc889cb7c,67:24:24:F0:18:AB,,-88,1760440058038
23700,1760440073090.0,0adab909-eb8f-4baf-9eed-7a4cc889cb7c,7D:BD:44:CA:6A:30,,-84,1760440058038
23701,1760440073117.0,0adab909-eb8f-4baf-9eed-7a4cc889cb7c,FD:CB:55:B0:50:77,,-85,1760440058038
23702,1760440073143.0,0adab909-eb8f-4baf-9eed-7a4cc889cb7c,01:39:CE:FE:A5:78,,-89,1760440058038
23703,1760440073166.0,0adab909-eb8f-4baf-9eed-7a4cc889cb7c,2E:6E:4C:0E:D0:B4,,-84,1760440058038
23704,1760440660281.0,0adab909-eb8f-4baf-9eed-7a4cc889cb7c,26:50:7C:5B:E5:D7,,-69,1760440660254
23705,1760440660306.0,0adab909-eb8f-4baf-9eed-7a4cc889cb7c,B0:38:E2:5D:9A:6F,,-66,1760440660254
23706,1760440660317.0,0adab909-eb8f-4baf-9eed-7a4cc889cb7c,52:84:2F:31:F8:DB,,-84,1760440660254
23707,1760440660639.0,0adab909-eb8f-4baf-9eed-7a4cc889cb7c,7C:37:2D:29:17:DD,,-67,1760440660254
23708,1760440660689.0,0adab909-eb8f-4baf-9eed-7a4cc889cb7c,24:59:C8:2B:17:AF,,-91,1760440660254
23709,1760440660706.0,0adab909-eb8f-4baf-9eed-7a4cc889cb7c,69:3D:EA:9D:16:45,,-82,1760440660254
23710,1760440661051.0,0adab909-eb8f-4baf-9eed-7a4cc889cb7c,4A:D8:8D:55:8B:E8,,-82,1760440660254
23711,1760440661068.0,0adab909-eb8f-4baf-9eed-7a4cc889cb7c,4F:A7:97:DB:78:B1,,-67,1760440660254
23712,1760440661281.0,0adab909-eb8f-4baf-9eed-7a4cc889cb7c,01:26:3D:3B:13:CF,,-71,1760440660254
23713,1760440661388.0,0adab909-eb8f-4baf-9eed-7a4cc889cb7c,C1:A1:B2:A6:21:B8,I82,-84,1760440660254
23714,1760440661575.0,0adab909-eb8f-4baf-9eed-7a4cc889cb7c,50:55:67:C0:AD:D3,,-70,1760440660254
23715,1760440661771.0,0adab909-eb8f-4baf-9eed-7a4cc889cb7c,50:DB:EB:55:B2:F1,,-57,1760440660254
23716,1760440661974.0,0adab909-eb8f-4baf-9eed-7a4cc889cb7c,58:93:50:1B:F4:E4,,-70,1760440660254
23717,1760440662051.0,0adab909-eb8f-4baf-9eed-7a4cc889cb7c,E4:04:39:68:CE:E4,,-76,1760440660254
23718,1760440662261.0,0adab909-eb8f-4baf-9eed-7a4cc889cb7c,02:95:5F:DE:ED:7F,,-70,1760440660254
23719,1760440662297.0,0adab909-eb8f-4baf-9eed-7a4cc889cb7c,27:58:1D:BF:1B:80,,-70,1760440660254
23720,1760440662548.0,0adab909-eb8f-4baf-9eed-7a4cc889cb7c,6B:CD:A8:95:C3:26,,-50,1760440660254
23721,1760440663212.0,0adab909-eb8f-4baf-9eed-7a4cc889cb7c,78:EC:C0:86:D7:74,,-82,1760440660254
23722,1760440663545.0,0adab909-eb8f-4baf-9eed-7a4cc889cb7c,42:C1:F3:E7:7B:95,,-58,1760440660254
23723,1760440663568.0,0adab909-eb8f-4baf-9eed-7a4cc889cb7c,44:E1:14:8A:09:39,,-48,1760440660254
23724,1760440663840.0,0adab909-eb8f-4baf-9eed-7a4cc889cb7c,48:87:4F:1A:D8:0B,,-87,1760440660254
23725,1760440663866.0,0adab909-eb8f-4baf-9eed-7a4cc889cb7c,67:B8:06:52:A4:77,,-79,1760440660254
23726,1760440665487.0,0adab909-eb8f-4baf-9eed-7a4cc889cb7c,FB:05:BA:F4:EA:F3,,-80,1760440660254
23727,1760440665770.0,0adab909-eb8f-4baf-9eed-7a4cc889cb7c,78:42:06:5D:3E:F3,,-82,1760440660254
23728,1760440666129.0,0adab909-eb8f-4baf-9eed-7a4cc889cb7c,47:66:6A:6D:15:B3,,-85,1760440660254
23729,1760440666799.0,0adab909-eb8f-4baf-9eed-7a4cc889cb7c,7E:4E:46:00:00:9D,Car BT,-98,1760440660254
23730,1760440668402.0,0adab909-eb8f-4baf-9eed-7a4cc889cb7c,6A:B8:35:78:E4:66,,-68,1760440660254
23731,1760440669729.0,0adab909-eb8f-4baf-9eed-7a4cc889cb7c,FB:8E:87:D1:3C:17,nut,-71,1760440660254
23732,1760440674097.0,0adab909-eb8f-4baf-9eed-7a4cc889cb7c,E4:04:39:68:CE:E4,LINK MI2396K00914,-76,1760440660254
23733,1760440674207.0,0adab909-eb8f-4baf-9eed-7a4cc889cb7c,4F:A7:97:DB:78:B1,,-66,1760440660254
23734,1760440674239.0,0adab909-eb8f-4baf-9eed-7a4cc889cb7c,B0:38:E2:5D:9A:6F,,-65,1760440660254
23735,1760440674255.0,0adab909-eb8f-4baf-9eed-7a4cc889cb7c,42:D5:C0:AA:88:AC,LE_WH-1000XM5,-60,1760440660254
23736,1760440674266.0,0adab909-eb8f-4baf-9eed-7a4cc889cb7c,5A:28:4A:18:88:01,,-61,1760440660254
23737,1760440674278.0,0adab909-eb8f-4baf-9eed-7a4cc889cb7c,FB:8E:87:D1:3C:17,nut,-68,1760440660254
23738,1760440674293.0,0adab909-eb8f-4baf-9eed-7a4cc889cb7c,50:DB:EB:55:B2:F1,,-63,1760440660254
23739,1760440674305.0,0adab909-eb8f-4baf-9eed-7a4cc889cb7c,26:50:7C:5B:E5:D7,,-61,1760440660254
23740,1760440674315.0,0adab909-eb8f-4baf-9eed-7a4cc889cb7c,42:C1:F3:E7:7B:95,,-65,1760440660254
23741,1760440674326.0,0adab909-eb8f-4baf-9eed-7a4cc889cb7c,02:95:5F:DE:ED:7F,,-62,1760440660254
23742,1760440674338.0,0adab909-eb8f-4baf-9eed-7a4cc889cb7c,4A:D8:8D:55:8B:E8,,-71,1760440660254
23743,1760440674350.0,0adab909-eb8f-4baf-9eed-7a4cc889cb7c,6A:B8:35:78:E4:66,,-73,1760440660254
23744,1760440674359.0,0adab909-eb8f-4baf-9eed-7a4cc889cb7c,47:66:6A:6D:15:B3,,-92,1760440660254
23745,1760440674369.0,0adab909-eb8f-4baf-9eed-7a4cc889cb7c,7C:37:2D:29:17:DD,,-53,1760440660254
23746,1760440674380.0,0adab909-eb8f-4baf-9eed-7a4cc889cb7c,50:55:67:C0:AD:D3,,-68,1760440660254
23747,1760440675167.0,0adab909-eb8f-4baf-9eed-7a4cc889cb7c,27:58:1D:BF:1B:80,,-69,1760440660254
23748,1760440675202.0,0adab909-eb8f-4baf-9eed-7a4cc889cb7c,58:93:50:1B:F4:E4,,-62,1760440660254
23749,1760440675252.0,0adab909-eb8f-4baf-9eed-7a4cc889cb7c,6B:CD:A8:95:C3:26,,-50,1760440660254
23750,1760440675274.0,0adab909-eb8f-4baf-9eed-7a4cc889cb7c,78:EC:C0:86:D7:74,,-74,1760440660254
23751,1760440675318.0,0adab909-eb8f-4baf-9eed-7a4cc889cb7c,01:26:3D:3B:13:CF,,-71,1760440660254
23752,1760440676181.0,0adab909-eb8f-4baf-9eed-7a4cc889cb7c,DA:40:E5:CE:47:E9,,-68,1760440660254
23753,1760440676201.0,0adab909-eb8f-4baf-9eed-7a4cc889cb7c,48:87:4F:1A:D8:0B,,-84,1760440660254
23754,1760440677090.0,0adab909-eb8f-4baf-9eed-7a4cc889cb7c,69:3D:EA:9D:16:45,,-82,1760440660254
23755,1760440677122.0,0adab909-eb8f-4baf-9eed-7a4cc889cb7c,30:E0:BC:FC:DB:51,,-85,1760440660254
23756,1760440677148.0,0adab909-eb8f-4baf-9eed-7a4cc889cb7c,54:F0:BD:41:F7:A0,,-78,1760440660254
23757,1760440677171.0,0adab909-eb8f-4baf-9eed-7a4cc889cb7c,10:59:6B:89:5C:C7,,-75,1760440660254
23758,1760440677215.0,0adab909-eb8f-4baf-9eed-7a4cc889cb7c,B0:38:E2:5D:9A:6F,,-70,1760440660254
23759,1760440677237.0,0adab909-eb8f-4baf-9eed-7a4cc889cb7c,6E:FF:6F:F8:A0:49,,-88,1760440660254
23760,1760440677252.0,0adab909-eb8f-4baf-9eed-7a4cc889cb7c,02:95:5F:DE:ED:7F,,-62,1760440660254
23761,1760440677268.0,0adab909-eb8f-4baf-9eed-7a4cc889cb7c,26:50:7C:5B:E5:D7,,-61,1760440660254
23762,1760440677284.0,0adab909-eb8f-4baf-9eed-7a4cc889cb7c,50:55:67:C0:AD:D3,,-73,1760440660254
23763,1760440677304.0,0adab909-eb8f-4baf-9eed-7a4cc889cb7c,3B:A3:65:59:1D:5D,,-90,1760440660254
23764,1760440677319.0,0adab909-eb8f-4baf-9eed-7a4cc889cb7c,42:D5:C0:AA:88:AC,LE_WH-1000XM5,-61,1760440660254
23765,1760440677336.0,0adab909-eb8f-4baf-9eed-7a4cc889cb7c,78:EC:C0:86:D7:74,,-82,1760440660254
23766,1760440677353.0,0adab909-eb8f-4baf-9eed-7a4cc889cb7c,6A:B8:35:78:E4:66,,-75,1760440660254
23767,1760440677370.0,0adab909-eb8f-4baf-9eed-7a4cc889cb7c,6B:CD:A8:95:C3:26,,-52,1760440660254
23768,1760440677388.0,0adab909-eb8f-4baf-9eed-7a4cc889cb7c,50:DB:EB:55:B2:F1,,-63,1760440660254
23769,1760441270912.0,0adab909-eb8f-4baf-9eed-7a4cc889cb7c,F4:B6:2D:B1:48:BF,,-57,1760441270908
23770,1760441270937.0,0adab909-eb8f-4baf-9eed-7a4cc889cb7c,50:90:45:13:21:4E,,-78,1760441270908
23771,1760441270953.0,0adab909-eb8f-4baf-9eed-7a4cc889cb7c,48:45:DC:56:8C:C1,,-73,1760441270908
23772,1760441270967.0,0adab909-eb8f-4baf-9eed-7a4cc889cb7c,52:A1:CD:C8:EC:32,,-76,1760441270908
23773,1760441270980.0,0adab909-eb8f-4baf-9eed-7a4cc889cb7c,65:6E:DC:86:1A:8C,,-83,1760441270908
23774,1760441270993.0,0adab909-eb8f-4baf-9eed-7a4cc889cb7c,4A:3F:0C:8E:B0:1B,,-78,1760441270908
23775,1760441271007.0,0adab909-eb8f-4baf-9eed-7a4cc889cb7c,5F:4D:32:CC:41:1A,,-76,1760441270908
23776,1760441271024.0,0adab909-eb8f-4baf-9eed-7a4cc889cb7c,66:16:AC:E4:C2:8D,,-84,1760441270908
23777,1760441271039.0,0adab909-eb8f-4baf-9eed-7a4cc889cb7c,32:89:18:04:7E:EB,,-55,1760441270908
23778,1760441271411.0,0adab909-eb8f-4baf-9eed-7a4cc889cb7c,60:FE:CA:B0:F6:13,,-78,1760441270908
23779,1760441271425.0,0adab909-eb8f-4baf-9eed-7a4cc889cb7c,5F:01:EF:E9:B5:12,,-87,1760441270908
23780,1760441271629.0,0adab909-eb8f-4baf-9eed-7a4cc889cb7c,74:00:5E:CA:E8:53,Apple Pencil,-66,1760441270908
23781,1760441271654.0,0adab909-eb8f-4baf-9eed-7a4cc889cb7c,66:A5:29:A7:97:6D,,-87,1760441270908
23782,1760441271680.0,0adab909-eb8f-4baf-9eed-7a4cc889cb7c,62:E6:34:E8:AD:AA,,-79,1760441270908
23783,1760441271697.0,0adab909-eb8f-4baf-9eed-7a4cc889cb7c,43:13:5C:AA:50:26,,-89,1760441270908
23784,1760441271713.0,0adab909-eb8f-4baf-9eed-7a4cc889cb7c,4F:45:C7:82:5A:9F,,-93,1760441270908
23785,1760441271726.0,0adab909-eb8f-4baf-9eed-7a4cc889cb7c,58:26:3E:4E:9A:FB,,-73,1760441270908
23786,1760441271914.0,0adab909-eb8f-4baf-9eed-7a4cc889cb7c,58:30:37:D9:CF:E8,Apple Pencil,-57,1760441270908
23787,1760441271939.0,0adab909-eb8f-4baf-9eed-7a4cc889cb7c,58:79:DD:1A:3F:30,,-93,1760441270908
23788,1760441271953.0,0adab909-eb8f-4baf-9eed-7a4cc889cb7c,63:D8:60:30:89:21,,-70,1760441270908
23789,1760441271966.0,0adab909-eb8f-4baf-9eed-7a4cc889cb7c,4E:E2:82:5F:F5:46,,-82,1760441270908
23790,1760441272259.0,0adab909-eb8f-4baf-9eed-7a4cc889cb7c,58:99:2E:70:F2:F5,,-70,1760441270908
23791,1760441272286.0,0adab909-eb8f-4baf-9eed-7a4cc889cb7c,5F:D5:50:35:89:03,,-66,1760441270908
23792,1760441272303.0,0adab909-eb8f-4baf-9eed-7a4cc889cb7c,6E:25:7A:C1:DB:E5,,-74,1760441270908
23793,1760441272325.0,0adab909-eb8f-4baf-9eed-7a4cc889cb7c,4A:14:7B:F6:FC:3D,,-76,1760441270908
23794,1760441272340.0,0adab909-eb8f-4baf-9eed-7a4cc889cb7c,53:1C:26:F9:B3:05,,-87,1760441270908
23795,1760441272353.0,0adab909-eb8f-4baf-9eed-7a4cc889cb7c,57:8A:FD:50:E6:74,,-88,1760441270908
23796,1760441272367.0,0adab909-eb8f-4baf-9eed-7a4cc889cb7c,00:12:6F:27:9E:8B,,-94,1760441270908
23797,1760441272539.0,0adab909-eb8f-4baf-9eed-7a4cc889cb7c,24:A4:52:96:AF:21,,-87,1760441270908
23798,1760441272559.0,0adab909-eb8f-4baf-9eed-7a4cc889cb7c,09:89:1E:58:DD:09,,-83,1760441270908
23799,1760441272585.0,0adab909-eb8f-4baf-9eed-7a4cc889cb7c,43:AD:0D:6D:D2:64,,-76,1760441270908
23800,1760441272609.0,0adab909-eb8f-4baf-9eed-7a4cc889cb7c,7A:1A:23:E1:FE:75,,-81,1760441270908
23801,1760441272902.0,0adab909-eb8f-4baf-9eed-7a4cc889cb7c,51:19:95:C0:61:DC,,-74,1760441270908
23802,1760441272928.0,0adab909-eb8f-4baf-9eed-7a4cc889cb7c,60:82:31:65:1B:02,,-79,1760441270908
23803,1760441272943.0,0adab909-eb8f-4baf-9eed-7a4cc889cb7c,78:22:8F:FB:7D:81,,-70,1760441270908
23804,1760441273278.0,0adab909-eb8f-4baf-9eed-7a4cc889cb7c,55:D5:C6:FE:AA:B0,,-76,1760441270908
23805,1760441273518.0,0adab909-eb8f-4baf-9eed-7a4cc889cb7c,66:63:A2:D8:9C:0B,,-72,1760441270908
23806,1760441273536.0,0adab909-eb8f-4baf-9eed-7a4cc889cb7c,62:E0:84:AC:0F:C4,,-85,1760441270908
23807,1760441273559.0,0adab909-eb8f-4baf-9eed-7a4cc889cb7c,58:5B:27:C4:AE:D2,,-84,1760441270908
23808,1760441273816.0,0adab909-eb8f-4baf-9eed-7a4cc889cb7c,24:A4:52:96:AF:21,Galaxy Tab S10 FE+,-89,1760441270908
23809,1760441273855.0,0adab909-eb8f-4baf-9eed-7a4cc889cb7c,7F:96:80:92:E3:5E,,-92,1760441270908
23810,1760441273873.0,0adab909-eb8f-4baf-9eed-7a4cc889cb7c,74:7C:0A:03:AA:09,,-72,1760441270908
23811,1760441274239.0,0adab909-eb8f-4baf-9eed-7a4cc889cb7c,00:12:6F:27:9E:8C,,-93,1760441270908
23812,1760441274254.0,0adab909-eb8f-4baf-9eed-7a4cc889cb7c,4E:21:C2:7B:72:0E,,-73,1760441270908
23813,1760441274266.0,0adab909-eb8f-4baf-9eed-7a4cc889cb7c,A8:99:DC:43:0F:77,Tribit FlyBuds C2,-80,1760441270908
23814,1760441274563.0,0adab909-eb8f-4baf-9eed-7a4cc889cb7c,48:B5:C9:A1:30:87,,-83,1760441270908
23815,1760441274586.0,0adab909-eb8f-4baf-9eed-7a4cc889cb7c,7C:0A:3F:56:FB:E9,,-100,1760441270908
23816,1760441274770.0,0adab909-eb8f-4baf-9eed-7a4cc889cb7c,50:17:25:95:75:47,,-88,1760441270908
23817,1760441274794.0,0adab909-eb8f-4baf-9eed-7a4cc889cb7c,7B:8C:14:12:BB:7D,,-89,1760441270908
23818,1760441274818.0,0adab909-eb8f-4baf-9eed-7a4cc889cb7c,7C:DC:1A:09:4C:6C,,-74,1760441270908
23819,1760441274833.0,0adab909-eb8f-4baf-9eed-7a4cc889cb7c,79:79:2D:33:BA:18,,-70,1760441270908
23820,1760441275123.0,0adab909-eb8f-4baf-9eed-7a4cc889cb7c,52:B7:E0:C7:F5:F8,,-83,1760441270908
23821,1760441275145.0,0adab909-eb8f-4baf-9eed-7a4cc889cb7c,29:28:6A:EB:D7:CF,,-73,1760441270908
23822,1760441275161.0,0adab909-eb8f-4baf-9eed-7a4cc889cb7c,4A:43:DC:53:8E:77,,-68,1760441270908
23823,1760441275182.0,0adab909-eb8f-4baf-9eed-7a4cc889cb7c,34:8C:86:6E:DC:A4,,-83,1760441270908
23824,1760441275194.0,0adab909-eb8f-4baf-9eed-7a4cc889cb7c,55:A5:FD:4F:AE:FF,,-79,1760441270908
23825,1760441275474.0,0adab909-eb8f-4baf-9eed-7a4cc889cb7c,4D:FC:31:D7:B2:C8,,-77,1760441270908
23826,1760441275854.0,0adab909-eb8f-4baf-9eed-7a4cc889cb7c,76:84:16:1B:E8:51,Apple Pencil,-88,1760441270908
23827,1760441275880.0,0adab909-eb8f-4baf-9eed-7a4cc889cb7c,65:C7:8A:09:B3:10,,-73,1760441270908
23828,1760441276094.0,0adab909-eb8f-4baf-9eed-7a4cc889cb7c,62:0C:86:69:D1:71,,-86,1760441270908
23829,1760441276119.0,0adab909-eb8f-4baf-9eed-7a4cc889cb7c,75:44:12:00:45:A4,,-78,1760441270908
23830,1760441276133.0,0adab909-eb8f-4baf-9eed-7a4cc889cb7c,6B:46:4D:9F:46:B8,,-89,1760441270908
23831,1760441276787.0,0adab909-eb8f-4baf-9eed-7a4cc889cb7c,00:12:6F:30:F9:7D,SerialADT,-73,1760441270908
23832,1760441276809.0,0adab909-eb8f-4baf-9eed-7a4cc889cb7c,00:12:6F:D2:BE:96,,-97,1760441270908
23833,1760441277015.0,0adab909-eb8f-4baf-9eed-7a4cc889cb7c,4D:A2:6B:36:85:08,,-84,1760441270908
23834,1760441277042.0,0adab909-eb8f-4baf-9eed-7a4cc889cb7c,75:57:31:0B:FC:BE,,-78,1760441270908
23835,1760441277062.0,0adab909-eb8f-4baf-9eed-7a4cc889cb7c,45:FC:2B:57:1F:E2,,-82,1760441270908
23836,1760441277993.0,0adab909-eb8f-4baf-9eed-7a4cc889cb7c,66:E6:3B:56:6E:C7,,-77,1760441270908
23837,1760441278021.0,0adab909-eb8f-4baf-9eed-7a4cc889cb7c,7A:5F:F3:68:CA:31,,-80,1760441270908
23838,1760441278673.0,0adab909-eb8f-4baf-9eed-7a4cc889cb7c,52:CB:28:20:47:88,,-83,1760441270908
23839,1760441278703.0,0adab909-eb8f-4baf-9eed-7a4cc889cb7c,1D:A5:ED:AB:4E:F9,,-83,1760441270908
23840,1760441278724.0,0adab909-eb8f-4baf-9eed-7a4cc889cb7c,53:4B:AE:C9:37:64,,-79,1760441270908
23841,1760441278742.0,0adab909-eb8f-4baf-9eed-7a4cc889cb7c,5F:D9:AB:01:9D:09,,-87,1760441270908
23842,1760441278755.0,0adab909-eb8f-4baf-9eed-7a4cc889cb7c,64:D1:E9:CA:0F:F4,,-88,1760441270908
23843,1760441278991.0,0adab909-eb8f-4baf-9eed-7a4cc889cb7c,45:02:00:E3:B4:10,,-76,1760441270908
23844,1760441279017.0,0adab909-eb8f-4baf-9eed-7a4cc889cb7c,69:47:0B:82:E8:9B,,-75,1760441270908
23845,1760441279298.0,0adab909-eb8f-4baf-9eed-7a4cc889cb7c,51:DF:B7:1D:89:04,,-80,1760441270908
23846,1760441279320.0,0adab909-eb8f-4baf-9eed-7a4cc889cb7c,73:BE:9F:F6:4B:CC,,-79,1760441270908
23847,1760441279621.0,0adab909-eb8f-4baf-9eed-7a4cc889cb7c,6C:73:E6:3E:65:9E,,-75,1760441270908
23848,1760441279916.0,0adab909-eb8f-4baf-9eed-7a4cc889cb7c,47:46:52:AC:8D:92,,-88,1760441270908
23849,1760441279964.0,0adab909-eb8f-4baf-9eed-7a4cc889cb7c,72:37:71:12:EB:DF,,-86,1760441270908
23850,1760441280280.0,0adab909-eb8f-4baf-9eed-7a4cc889cb7c,69:33:91:4B:73:97,,-78,1760441270908
23851,1760441280841.0,0adab909-eb8f-4baf-9eed-7a4cc889cb7c,78:C8:EA:B4:26:BB,,-81,1760441270908
23852,1760441280868.0,0adab909-eb8f-4baf-9eed-7a4cc889cb7c,41:0A:9B:4B:68:20,,-82,1760441270908
23853,1760441280886.0,0adab909-eb8f-4baf-9eed-7a4cc889cb7c,07:43:20:F1:72:14,,-79,1760441270908
23854,1760441280894.0,0adab909-eb8f-4baf-9eed-7a4cc889cb7c,49:32:A6:66:FF:AA,,-72,1760441270908
23855,1760441308373.0,0adab909-eb8f-4baf-9eed-7a4cc889cb7c,00:12:6F:D2:BE:96,SerialADT96,-97,1760441270908
23856,1760441308423.0,0adab909-eb8f-4baf-9eed-7a4cc889cb7c,74:7C:0A:03:AA:09,,-76,1760441270908
23857,1760441308442.0,0adab909-eb8f-4baf-9eed-7a4cc889cb7c,66:E6:3B:56:6E:C7,,-81,1760441270908
23858,1760441308458.0,0adab909-eb8f-4baf-9eed-7a4cc889cb7c,58:30:37:D9:CF:E8,Apple Pencil,-70,1760441270908
23859,1760441308468.0,0adab909-eb8f-4baf-9eed-7a4cc889cb7c,2B:22:42:0A:01:F4,,-76,1760441270908
23860,1760441308473.0,0adab909-eb8f-4baf-9eed-7a4cc889cb7c,29:28:6A:EB:D7:CF,,-76,1760441270908
23861,1760441308480.0,0adab909-eb8f-4baf-9eed-7a4cc889cb7c,41:08:44:8C:4E:71,JBL TUNE230NC TWS-LE,-86,1760441270908
23862,1760441308488.0,0adab909-eb8f-4baf-9eed-7a4cc889cb7c,80:C3:BA:48:05:58,ACCENTUM,-88,1760441270908
23863,1760441308497.0,0adab909-eb8f-4baf-9eed-7a4cc889cb7c,04:EE:F5:7A:88:0C,,-76,1760441270908
23864,1760441308511.0,0adab909-eb8f-4baf-9eed-7a4cc889cb7c,60:82:31:65:1B:02,,-81,1760441270908
23865,1760441308524.0,0adab909-eb8f-4baf-9eed-7a4cc889cb7c,76:84:16:1B:E8:51,Apple Pencil,-75,1760441270908
23866,1760441308531.0,0adab909-eb8f-4baf-9eed-7a4cc889cb7c,0A:78:AE:BE:54:82,,-88,1760441270908
23867,1760441308537.0,0adab909-eb8f-4baf-9eed-7a4cc889cb7c,40:00:01:0C:61:5F,,-60,1760441270908
23868,1760441308543.0,0adab909-eb8f-4baf-9eed-7a4cc889cb7c,F8:63:42:85:25:E8,,-84,1760441270908
23869,1760441308550.0,0adab909-eb8f-4baf-9eed-7a4cc889cb7c,41:14:33:39:36:88,,-78,1760441270908
23870,1760441308556.0,0adab909-eb8f-4baf-9eed-7a4cc889cb7c,69:33:91:4B:73:97,,-78,1760441270908
23871,1760441308563.0,0adab909-eb8f-4baf-9eed-7a4cc889cb7c,5C:FE:91:B8:DA:E4,,-85,1760441270908
23872,1760441308569.0,0adab909-eb8f-4baf-9eed-7a4cc889cb7c,2C:FE:37:9F:56:88,,-85,1760441270908
23873,1760441308585.0,0adab909-eb8f-4baf-9eed-7a4cc889cb7c,5F:D5:50:35:89:03,,-68,1760441270908
23874,1760441308592.0,0adab909-eb8f-4baf-9eed-7a4cc889cb7c,57:CF:DE:EA:A0:6A,,-81,1760441270908
23875,1760441308598.0,0adab909-eb8f-4baf-9eed-7a4cc889cb7c,44:80:97:10:1B:AA,,-79,1760441270908
23876,1760441309542.0,0adab909-eb8f-4baf-9eed-7a4cc889cb7c,F9:E2:13:99:E6:94,,-80,1760441270908
23877,1760441309557.0,0adab909-eb8f-4baf-9eed-7a4cc889cb7c,D6:97:6A:FB:C2:D5,,-71,1760441270908
23878,1760441309568.0,0adab909-eb8f-4baf-9eed-7a4cc889cb7c,5A:AD:00:8F:BF:DB,,-67,1760441270908
23879,1760441309579.0,0adab909-eb8f-4baf-9eed-7a4cc889cb7c,EC:DA:44:5E:C1:D5,,-73,1760441270908
23880,1760441309588.0,0adab909-eb8f-4baf-9eed-7a4cc889cb7c,4A:43:DC:53:8E:77,,-69,1760441270908
23881,1760441309596.0,0adab909-eb8f-4baf-9eed-7a4cc889cb7c,43:82:53:E7:10:0A,,-92,1760441270908
23882,1760441309620.0,0adab909-eb8f-4baf-9eed-7a4cc889cb7c,32:89:18:04:7E:EB,,-68,1760441270908
23883,1760441309636.0,0adab909-eb8f-4baf-9eed-7a4cc889cb7c,4A:3F:0C:8E:B0:1B,,-78,1760441270908
23884,1760441309647.0,0adab909-eb8f-4baf-9eed-7a4cc889cb7c,D3:C3:E7:B8:95:BB,,-91,1760441270908
23885,1760441309656.0,0adab909-eb8f-4baf-9eed-7a4cc889cb7c,7C:37:2D:29:17:DD,,-79,1760441270908
23886,1760441309664.0,0adab909-eb8f-4baf-9eed-7a4cc889cb7c,7A:1A:23:E1:FE:75,,-76,1760441270908
23887,1760441309671.0,0adab909-eb8f-4baf-9eed-7a4cc889cb7c,E0:ED:05:CE:5D:27,,-87,1760441270908
23888,1760441309677.0,0adab909-eb8f-4baf-9eed-7a4cc889cb7c,55:A5:FD:4F:AE:FF,,-84,1760441270908
23889,1760441309683.0,0adab909-eb8f-4baf-9eed-7a4cc889cb7c,65:C7:8A:09:B3:10,,-85,1760441270908
23890,1760441309689.0,0adab909-eb8f-4baf-9eed-7a4cc889cb7c,C0:22:B1:25:B8:41,,-85,1760441270908
23891,1760441309694.0,0adab909-eb8f-4baf-9eed-7a4cc889cb7c,4C:C8:83:31:41:69,,-73,1760441270908
23892,1760441309700.0,0adab909-eb8f-4baf-9eed-7a4cc889cb7c,4D:FC:31:D7:B2:C8,,-75,1760441270908
23893,1760441310470.0,0adab909-eb8f-4baf-9eed-7a4cc889cb7c,75:57:31:0B:FC:BE,,-76,1760441270908
23894,1760441310484.0,0adab909-eb8f-4baf-9eed-7a4cc889cb7c,62:E6:34:E8:AD:AA,,-77,1760441270908
23895,1760441310494.0,0adab909-eb8f-4baf-9eed-7a4cc889cb7c,74:00:5E:CA:E8:53,Apple Pencil,-74,1760441270908
23896,1760441310502.0,0adab909-eb8f-4baf-9eed-7a4cc889cb7c,45:02:00:E3:B4:10,,-85,1760441270908
23897,1760441310508.0,0adab909-eb8f-4baf-9eed-7a4cc889cb7c,D9:43:35:BF:93:8E,,-83,1760441270908
23898,1760441310514.0,0adab909-eb8f-4baf-9eed-7a4cc889cb7c,FB:90:10:79:03:A6,,-86,1760441270908
23899,1760441310520.0,0adab909-eb8f-4baf-9eed-7a4cc889cb7c,E1:5F:78:DE:96:D5,,-81,1760441270908
23900,1760441310525.0,0adab909-eb8f-4baf-9eed-7a4cc889cb7c,6E:A6:67:A4:A2:A3,,-92,1760441270908
23901,1760441310536.0,0adab909-eb8f-4baf-9eed-7a4cc889cb7c,2C:26:7D:7A:DE:8D,,-86,1760441270908
23902,1760441310540.0,0adab909-eb8f-4baf-9eed-7a4cc889cb7c,53:1C:26:F9:B3:05,,-87,1760441270908
23903,1760441310551.0,0adab909-eb8f-4baf-9eed-7a4cc889cb7c,57:F9:6B:5D:84:01,,-81,1760441270908
23904,1760441310565.0,0adab909-eb8f-4baf-9eed-7a4cc889cb7c,76:E4:F9:93:39:39,,-75,1760441270908
23905,1760441310573.0,0adab909-eb8f-4baf-9eed-7a4cc889cb7c,7A:5F:F3:68:CA:31,,-76,1760441270908
23906,1760441310580.0,0adab909-eb8f-4baf-9eed-7a4cc889cb7c,32:88:CD:2D:4D:8E,,-87,1760441270908
23907,1760441310588.0,0adab909-eb8f-4baf-9eed-7a4cc889cb7c,18:C0:96:FB:50:C8,,-82,1760441270908
23908,1760441310596.0,0adab909-eb8f-4baf-9eed-7a4cc889cb7c,52:B7:E0:C7:F5:F8,,-77,1760441270908
23909,1760441310601.0,0adab909-eb8f-4baf-9eed-7a4cc889cb7c,49:03:B5:D5:08:E2,JBL VIBE BUDS-LE,-82,1760441270908
23910,1760441310613.0,0adab909-eb8f-4baf-9eed-7a4cc889cb7c,E2:87:6F:91:21:DE,,-82,1760441270908
23911,1760441310626.0,0adab909-eb8f-4baf-9eed-7a4cc889cb7c,F3:9D:21:DA:38:01,,-80,1760441270908
23912,1760441310632.0,0adab909-eb8f-4baf-9eed-7a4cc889cb7c,25:A9:C5:90:C1:7E,,-72,1760441270908
23913,1760441864154.0,0adab909-eb8f-4baf-9eed-7a4cc889cb7c,00:1B:66:1C:14:EA,HD 250BT,-58,1760441864119
23914,1760441864186.0,0adab909-eb8f-4baf-9eed-7a4cc889cb7c,65:BD:6F:39:FE:A2,,-45,1760441864119
23915,1760441865460.0,0adab909-eb8f-4baf-9eed-7a4cc889cb7c,24:58:7C:8C:28:6A,MI_60M28010445L090,-87,1760441864119
23916,1760441865481.0,0adab909-eb8f-4baf-9eed-7a4cc889cb7c,56:EB:13:2C:1F:EA,,-93,1760441864119
23917,1760441865494.0,0adab909-eb8f-4baf-9eed-7a4cc889cb7c,48:C7:58:28:8E:05,,-66,1760441864119
23918,1760441866931.0,0adab909-eb8f-4baf-9eed-7a4cc889cb7c,1B:0A:40:44:EC:E6,,-73,1760441864119
23919,1760441877034.0,0adab909-eb8f-4baf-9eed-7a4cc889cb7c,00:1B:66:1C:14:EA,HD 250BT,-61,1760441864119
23920,1760441877063.0,0adab909-eb8f-4baf-9eed-7a4cc889cb7c,A8:6B:AD:28:90:B0,,-92,1760441864119
23921,1760441877080.0,0adab909-eb8f-4baf-9eed-7a4cc889cb7c,48:C7:58:28:8E:05,,-76,1760441864119
23922,1760441877125.0,0adab909-eb8f-4baf-9eed-7a4cc889cb7c,65:BD:6F:39:FE:A2,,-45,1760441864119
23923,1760441877147.0,0adab909-eb8f-4baf-9eed-7a4cc889cb7c,F9:46:92:43:AE:E2,XS20,-87,1760441864119
23924,1760441877191.0,0adab909-eb8f-4baf-9eed-7a4cc889cb7c,21:47:12:9A:DF:3F,,-79,1760441864119
23925,1760441878049.0,0adab909-eb8f-4baf-9eed-7a4cc889cb7c,1B:0A:40:44:EC:E6,,-75,1760441864119
23926,1760441878168.0,0adab909-eb8f-4baf-9eed-7a4cc889cb7c,44:51:FE:C6:88:9D,,-51,1760441864119
23927,1760441879117.0,0adab909-eb8f-4baf-9eed-7a4cc889cb7c,DA:40:06:91:A2:5F,,-63,1760441864119
23928,1760441879151.0,0adab909-eb8f-4baf-9eed-7a4cc889cb7c,22:8A:5B:46:23:52,,-87,1760441864119
23929,1760441880014.0,0adab909-eb8f-4baf-9eed-7a4cc889cb7c,A8:6B:AD:28:90:B0,,-78,1760441864119
23930,1760442509401.0,0adab909-eb8f-4baf-9eed-7a4cc889cb7c,04:3D:4C:E1:38:90,,-87,1760442509383
23931,1760442509417.0,0adab909-eb8f-4baf-9eed-7a4cc889cb7c,03:82:ED:75:A1:76,,-87,1760442509383
23932,1760442509447.0,0adab909-eb8f-4baf-9eed-7a4cc889cb7c,00:1B:66:1C:14:EA,HD 250BT,-70,1760442509383
23933,1760442509758.0,0adab909-eb8f-4baf-9eed-7a4cc889cb7c,7A:FC:39:B7:F9:DE,,-92,1760442509383
23934,1760442510796.0,0adab909-eb8f-4baf-9eed-7a4cc889cb7c,62:52:68:8E:3F:1F,,-68,1760442509383
23935,1760442511755.0,0adab909-eb8f-4baf-9eed-7a4cc889cb7c,04:50:39:E6:EE:2F,,-86,1760442509383
23936,1760442514303.0,0adab909-eb8f-4baf-9eed-7a4cc889cb7c,2C:82:2E:07:6B:1D,,-84,1760442509383
23937,1760442514606.0,0adab909-eb8f-4baf-9eed-7a4cc889cb7c,08:6B:04:2C:18:26,,-60,1760442509383
23938,1760442519121.0,0adab909-eb8f-4baf-9eed-7a4cc889cb7c,36:46:3B:ED:CF:2D,QHM-TCF2,-87,1760442509383
23939,1760443109211.0,0adab909-eb8f-4baf-9eed-7a4cc889cb7c,00:1B:66:1C:14:EA,HD 250BT,-69,1760443109139
23940,1760443109863.0,0adab909-eb8f-4baf-9eed-7a4cc889cb7c,60:29:A6:E9:81:63,,-76,1760443109139
23941,1760443111137.0,0adab909-eb8f-4baf-9eed-7a4cc889cb7c,6D:C4:30:BE:A2:CC,,-58,1760443109139
23942,1760443112121.0,0adab909-eb8f-4baf-9eed-7a4cc889cb7c,58:34:8D:9E:4A:85,,-62,1760443109139
23943,1760443116932.0,0adab909-eb8f-4baf-9eed-7a4cc889cb7c,73:03:A5:4A:1D:CD,,-63,1760443109139
23944,1760443703867.0,0adab909-eb8f-4baf-9eed-7a4cc889cb7c,50:6E:A3:47:6D:46,,-88,1760443703862
23945,1760443703879.0,0adab909-eb8f-4baf-9eed-7a4cc889cb7c,00:1B:66:1C:14:EA,HD 250BT,-67,1760443703862
23946,1760443704213.0,0adab909-eb8f-4baf-9eed-7a4cc889cb7c,65:EF:0C:42:A5:9D,,-50,1760443703862
23947,1760443704227.0,0adab909-eb8f-4baf-9eed-7a4cc889cb7c,45:4E:84:01:24:0A,,-86,1760443703862
23948,1760443704282.0,0adab909-eb8f-4baf-9eed-7a4cc889cb7c,59:C9:E5:4A:F0:BF,,-74,1760443703862
23949,1760443704296.0,0adab909-eb8f-4baf-9eed-7a4cc889cb7c,CA:5A:CF:CD:57:DE,,-81,1760443703862
23950,1760443705175.0,0adab909-eb8f-4baf-9eed-7a4cc889cb7c,00:80:25:20:E9:E3,,-100,1760443703862
23951,1760443705474.0,0adab909-eb8f-4baf-9eed-7a4cc889cb7c,E0:29:67:2E:43:FE,Nokia 225 4G,-95,1760443703862
23952,1760443705867.0,0adab909-eb8f-4baf-9eed-7a4cc889cb7c,27:6C:AF:3A:3F:6F,,-76,1760443703862
23953,1760443705886.0,0adab909-eb8f-4baf-9eed-7a4cc889cb7c,44:C3:9E:1D:82:C0,,-67,1760443703862
23954,1760443706175.0,0adab909-eb8f-4baf-9eed-7a4cc889cb7c,62:92:F9:52:5C:94,Jabra Evolve2 65,-90,1760443703862
23955,1760443706189.0,0adab909-eb8f-4baf-9eed-7a4cc889cb7c,42:DA:2C:96:DE:B6,,-91,1760443703862
23956,1760443711575.0,0adab909-eb8f-4baf-9eed-7a4cc889cb7c,E4:85:01:04:51:0F,,-93,1760443703862
23957,1760444252089.0,0adab909-eb8f-4baf-9eed-7a4cc889cb7c,00:1B:66:1C:14:EA,HD 250BT,-76,1760444252062
23958,1760444252118.0,0adab909-eb8f-4baf-9eed-7a4cc889cb7c,73:37:94:E5:6B:7A,,-60,1760444252062
23959,1760444252794.0,0adab909-eb8f-4baf-9eed-7a4cc889cb7c,4A:EB:F4:09:16:12,,-73,1760444252062
23960,1760444253085.0,0adab909-eb8f-4baf-9eed-7a4cc889cb7c,2B:2D:1D:94:1A:B0,,-83,1760444252062
23961,1760444253100.0,0adab909-eb8f-4baf-9eed-7a4cc889cb7c,52:87:06:C1:C2:A4,,-88,1760444252062
23962,1760444256639.0,0adab909-eb8f-4baf-9eed-7a4cc889cb7c,4B:AE:AD:64:79:7A,,-91,1760444252062
23963,1760444256986.0,0adab909-eb8f-4baf-9eed-7a4cc889cb7c,7A:0D:6F:64:E6:EA,,-88,1760444252062
23964,1760444258541.0,0adab909-eb8f-4baf-9eed-7a4cc889cb7c,4C:AF:49:64:36:82,,-76,1760444252062
23965,1760444261133.0,0adab909-eb8f-4baf-9eed-7a4cc889cb7c,01:DD:BE:B0:A7:69,,-76,1760444252062
23966,1760444261769.0,0adab909-eb8f-4baf-9eed-7a4cc889cb7c,18:DB:55:DD:54:98,,-91,1760444252062
23967,1760444879804.0,0adab909-eb8f-4baf-9eed-7a4cc889cb7c,3A:42:04:AB:72:43,,-82,1760444879793
23968,1760444879835.0,0adab909-eb8f-4baf-9eed-7a4cc889cb7c,00:1B:66:1C:14:EA,HD 250BT,-68,1760444879793
23969,1760444879865.0,0adab909-eb8f-4baf-9eed-7a4cc889cb7c,2C:48:3B:3A:42:66,,-88,1760444879793
23970,1760444879899.0,0adab909-eb8f-4baf-9eed-7a4cc889cb7c,08:7D:0D:49:21:58,,-79,1760444879793
23971,1760444880158.0,0adab909-eb8f-4baf-9eed-7a4cc889cb7c,73:37:94:E5:6B:7A,,-56,1760444879793
23972,1760444880225.0,0adab909-eb8f-4baf-9eed-7a4cc889cb7c,3A:94:7D:28:A7:FD,,-74,1760444879793
23973,1760444880258.0,0adab909-eb8f-4baf-9eed-7a4cc889cb7c,5C:3E:CA:AC:B0:55,,-82,1760444879793
23974,1760444880426.0,0adab909-eb8f-4baf-9eed-7a4cc889cb7c,7C:73:C4:5C:B1:F3,,-76,1760444879793
23975,1760444880791.0,0adab909-eb8f-4baf-9eed-7a4cc889cb7c,5F:89:9A:DA:7E:10,,-85,1760444879793
23976,1760444881095.0,0adab909-eb8f-4baf-9eed-7a4cc889cb7c,21:17:5D:7E:CF:5D,,-89,1760444879793
23977,1760444881117.0,0adab909-eb8f-4baf-9eed-7a4cc889cb7c,C0:39:37:B2:90:D4,GR-ACUnit_6400_09_90d4_SC,-93,1760444879793
23978,1760444881130.0,0adab909-eb8f-4baf-9eed-7a4cc889cb7c,68:E1:8D:B6:AA:BA,,-85,1760444879793
23979,1760444881778.0,0adab909-eb8f-4baf-9eed-7a4cc889cb7c,64:2D:35:BE:7F:3B,,-90,1760444879793
23980,1760444882367.0,0adab909-eb8f-4baf-9eed-7a4cc889cb7c,E7:FC:48:F7:CD:F3,Layan’s AirPods Pro,-81,1760444879793
23981,1760444883007.0,0adab909-eb8f-4baf-9eed-7a4cc889cb7c,7C:A0:53:DA:54:D4,,-82,1760444879793
23982,1760444883013.0,0adab909-eb8f-4baf-9eed-7a4cc889cb7c,E4:E1:12:9A:46:68,blukii BAcXQA E4E1129A4668,-86,1760444879793
23983,1760444883650.0,0adab909-eb8f-4baf-9eed-7a4cc889cb7c,71:B6:22:E5:6C:14,,-92,1760444879793
23984,1760444883670.0,0adab909-eb8f-4baf-9eed-7a4cc889cb7c,73:E2:D7:81:E9:57,,-85,1760444879793
23985,1760444884908.0,0adab909-eb8f-4baf-9eed-7a4cc889cb7c,4B:CB:CD:1C:84:7D,,-85,1760444879793
23986,1760444885579.0,0adab909-eb8f-4baf-9eed-7a4cc889cb7c,08:DE:F3:FB:B6:A1,,-83,1760444879793
23987,1760444886214.0,0adab909-eb8f-4baf-9eed-7a4cc889cb7c,43:7D:BC:5C:FA:C5,,-82,1760444879793
23988,1760444886788.0,0adab909-eb8f-4baf-9eed-7a4cc889cb7c,5F:63:10:E2:45:25,,-85,1760444879793
23989,1760444886824.0,0adab909-eb8f-4baf-9eed-7a4cc889cb7c,59:F6:46:9B:33:F3,,-75,1760444879793
23990,1760444886836.0,0adab909-eb8f-4baf-9eed-7a4cc889cb7c,7F:38:80:1B:F1:63,,-90,1760444879793
23991,1760444886845.0,0adab909-eb8f-4baf-9eed-7a4cc889cb7c,46:8B:06:B4:65:67,,-88,1760444879793
23992,1760444887609.0,0adab909-eb8f-4baf-9eed-7a4cc889cb7c,45:4D:5E:45:E7:99,Moto buds 085,-82,1760444879793
23993,1760444887817.0,0adab909-eb8f-4baf-9eed-7a4cc889cb7c,7C:EA:48:A9:39:F7,,-83,1760444879793
23994,1760444888232.0,0adab909-eb8f-4baf-9eed-7a4cc889cb7c,54:78:C9:1C:1C:93,G1,-99,1760444879793
23995,1760444888349.0,0adab909-eb8f-4baf-9eed-7a4cc889cb7c,14:8F:21:50:B0:94,BT_Redimi Xoimi,-100,1760444879793
23996,1760444889137.0,0adab909-eb8f-4baf-9eed-7a4cc889cb7c,73:11:44:2F:C8:DB,,-76,1760444879793
23997,1760444889439.0,0adab909-eb8f-4baf-9eed-7a4cc889cb7c,60:B8:91:8C:8B:53,,-88,1760444879793
23998,1760444889724.0,0adab909-eb8f-4baf-9eed-7a4cc889cb7c,61:58:26:E1:73:E4,,-90,1760444879793
23999,1760444892580.0,0adab909-eb8f-4baf-9eed-7a4cc889cb7c,E7:FC:48:F7:CD:F3,Layan’s AirPods Pro,-67,1760444879793
24000,1760444892588.0,0adab909-eb8f-4baf-9eed-7a4cc889cb7c,E8:AA:CB:11:E5:47,,-84,1760444879793
24001,1760444892597.0,0adab909-eb8f-4baf-9eed-7a4cc889cb7c,7C:A0:53:DA:54:D4,,-82,1760444879793
24002,1760444892603.0,0adab909-eb8f-4baf-9eed-7a4cc889cb7c,00:1B:66:1C:14:EA,HD 250BT,-61,1760444879793
24003,1760444892610.0,0adab909-eb8f-4baf-9eed-7a4cc889cb7c,40:01:7F:1F:3E:62,,-61,1760444879793
24004,1760444892627.0,0adab909-eb8f-4baf-9eed-7a4cc889cb7c,5C:31:CD:8D:3A:49,,-88,1760444879793
24005,1760444892643.0,0adab909-eb8f-4baf-9eed-7a4cc889cb7c,F8:AF:05:3B:4B:A1,,-89,1760444879793
24006,1760444892652.0,0adab909-eb8f-4baf-9eed-7a4cc889cb7c,18:9F:7E:A9:30:BB,,-57,1760444879793
24007,1760444892659.0,0adab909-eb8f-4baf-9eed-7a4cc889cb7c,48:34:AA:01:09:EC,,-92,1760444879793
24008,1760444892683.0,0adab909-eb8f-4baf-9eed-7a4cc889cb7c,65:7F:19:51:6C:AB,,-87,1760444879793
24009,1760444892696.0,0adab909-eb8f-4baf-9eed-7a4cc889cb7c,3A:94:7D:28:A7:FD,,-65,1760444879793
24010,1760444892719.0,0adab909-eb8f-4baf-9eed-7a4cc889cb7c,C8:12:0B:EC:29:B1,,-85,1760444879793
24011,1760444892765.0,0adab909-eb8f-4baf-9eed-7a4cc889cb7c,6B:B6:17:60:D3:23,,-84,1760444879793
24012,1760444893760.0,0adab909-eb8f-4baf-9eed-7a4cc889cb7c,0F:15:A8:F1:7D:E1,,-89,1760444879793
24013,1760444893791.0,0adab909-eb8f-4baf-9eed-7a4cc889cb7c,32:06:E8:9F:EB:29,,-85,1760444879793
24014,1760444893808.0,0adab909-eb8f-4baf-9eed-7a4cc889cb7c,21:17:5D:7E:CF:5D,,-89,1760444879793
24015,1760444893839.0,0adab909-eb8f-4baf-9eed-7a4cc889cb7c,E1:D1:D8:66:D6:89,,-89,1760444879793
24016,1760444893857.0,0adab909-eb8f-4baf-9eed-7a4cc889cb7c,7C:73:C4:5C:B1:F3,,-72,1760444879793
24017,1760444894600.0,0adab909-eb8f-4baf-9eed-7a4cc889cb7c,C3:EE:6B:7E:E6:2E,,-94,1760444879793
24018,1760444894608.0,0adab909-eb8f-4baf-9eed-7a4cc889cb7c,58:FC:C6:9E:6C:FF,TOZO-T6,-55,1760444879793
24019,1760444894638.0,0adab909-eb8f-4baf-9eed-7a4cc889cb7c,5D:19:36:45:8A:63,S39 C8B2 LE,-89,1760444879793
24020,1760444894665.0,0adab909-eb8f-4baf-9eed-7a4cc889cb7c,05:52:4D:75:D1:FE,,-88,1760444879793
24021,1760444894700.0,0adab909-eb8f-4baf-9eed-7a4cc889cb7c,76:0D:E3:21:B9:CA,S39 C8D8 LE,-90,1760444879793
24022,1760444894721.0,0adab909-eb8f-4baf-9eed-7a4cc889cb7c,73:37:94:E5:6B:7A,,-60,1760444879793
24023,1760445456671.0,0adab909-eb8f-4baf-9eed-7a4cc889cb7c,FC:01:7C:63:DB:9C,Bigge tv,-98,1760445450591
24024,1760446068997.0,0adab909-eb8f-4baf-9eed-7a4cc889cb7c,00:16:94:80:B7:1B,EPOS IMPACT 1060T ANC,-73,1760446068971
24025,1760446069013.0,0adab909-eb8f-4baf-9eed-7a4cc889cb7c,42:0E:C4:AD:DA:85,,-81,1760446068971
24026,1760446069036.0,0adab909-eb8f-4baf-9eed-7a4cc889cb7c,00:16:94:81:0F:C5,EPOS IMPACT 1060T ANC,-73,1760446068971
24027,1760446069056.0,0adab909-eb8f-4baf-9eed-7a4cc889cb7c,00:16:94:80:C7:95,EPOS IMPACT 1060T ANC,-84,1760446068971
24028,1760446069113.0,0adab909-eb8f-4baf-9eed-7a4cc889cb7c,00:16:94:89:B7:42,EPOS IMPACT 1060T ANC,-81,1760446068971
24029,1760446069125.0,0adab909-eb8f-4baf-9eed-7a4cc889cb7c,00:16:94:80:BC:1C,EPOS IMPACT 1060T ANC,-58,1760446068971
24030,1760446069132.0,0adab909-eb8f-4baf-9eed-7a4cc889cb7c,B0:38:E2:23:1D:60,,-75,1760446068971
24031,1760446069139.0,0adab909-eb8f-4baf-9eed-7a4cc889cb7c,41:24:91:B4:25:26,,-79,1760446068971
24032,1760446069731.0,0adab909-eb8f-4baf-9eed-7a4cc889cb7c,60:F0:34:68:85:61,,-85,1760446068971
24033,1760446069997.0,0adab909-eb8f-4baf-9eed-7a4cc889cb7c,00:16:94:81:06:67,EPOS IMPACT 1060T ANC,-74,1760446068971
24034,1760446070012.0,0adab909-eb8f-4baf-9eed-7a4cc889cb7c,40:2F:0C:73:8D:3B,,-86,1760446068971
24035,1760446070023.0,0adab909-eb8f-4baf-9eed-7a4cc889cb7c,6D:7E:1E:64:4D:9B,,-92,1760446068971
24036,1760446070348.0,0adab909-eb8f-4baf-9eed-7a4cc889cb7c,57:CD:65:12:61:F6,,-35,1760446068971
24037,1760446070675.0,0adab909-eb8f-4baf-9eed-7a4cc889cb7c,53:65:77:A7:89:45,,-90,1760446068971
24038,1760446071281.0,0adab909-eb8f-4baf-9eed-7a4cc889cb7c,00:16:94:80:F3:93,EPOS IMPACT 1060T ANC,-80,1760446068971
24039,1760446071297.0,0adab909-eb8f-4baf-9eed-7a4cc889cb7c,00:16:94:80:FF:A5,EPOS IMPACT 1060T ANC,-82,1760446068971
24040,1760446071306.0,0adab909-eb8f-4baf-9eed-7a4cc889cb7c,65:6B:87:E7:7A:7B,,-94,1760446068971
24041,1760446071313.0,0adab909-eb8f-4baf-9eed-7a4cc889cb7c,6E:D4:48:A3:57:04,,-76,1760446068971
24042,1760446071319.0,0adab909-eb8f-4baf-9eed-7a4cc889cb7c,44:2E:17:E6:42:FB,,-69,1760446068971
24043,1760446071648.0,0adab909-eb8f-4baf-9eed-7a4cc889cb7c,00:16:94:80:FD:90,EPOS IMPACT 1060T ANC,-84,1760446068971
24044,1760446071659.0,0adab909-eb8f-4baf-9eed-7a4cc889cb7c,66:B3:BA:89:CD:06,,-84,1760446068971
24045,1760446071667.0,0adab909-eb8f-4baf-9eed-7a4cc889cb7c,3E:45:66:19:40:FB,,-88,1760446068971
24046,1760446071947.0,0adab909-eb8f-4baf-9eed-7a4cc889cb7c,00:16:94:87:E0:A5,EPOS IMPACT 1060T ANC,-79,1760446068971
24047,1760446072250.0,0adab909-eb8f-4baf-9eed-7a4cc889cb7c,52:3B:58:4C:E5:6D,,-90,1760446068971
24048,1760446073225.0,0adab909-eb8f-4baf-9eed-7a4cc889cb7c,00:16:94:80:C4:E1,EPOS IMPACT 1060T ANC,-81,1760446068971
24049,1760446073537.0,0adab909-eb8f-4baf-9eed-7a4cc889cb7c,6B:B0:B3:A2:93:80,,-93,1760446068971
24050,1760446073575.0,0adab909-eb8f-4baf-9eed-7a4cc889cb7c,67:55:07:B7:FB:2D,,-84,1760446068971
24051,1760446074180.0,0adab909-eb8f-4baf-9eed-7a4cc889cb7c,00:16:94:81:53:E5,EPOS IMPACT 1060T ANC,-79,1760446068971
24052,1760446074458.0,0adab909-eb8f-4baf-9eed-7a4cc889cb7c,4C:76:38:F8:B3:D1,,-87,1760446068971
24053,1760446074843.0,0adab909-eb8f-4baf-9eed-7a4cc889cb7c,00:16:94:80:CA:35,EPOS IMPACT 1060T ANC,-81,1760446068971
24054,1760446076087.0,0adab909-eb8f-4baf-9eed-7a4cc889cb7c,7A:24:53:5D:D9:42,,-77,1760446068971
24055,1760446076102.0,0adab909-eb8f-4baf-9eed-7a4cc889cb7c,56:7B:73:8D:4F:A3,,-92,1760446068971
24056,1760446077117.0,0adab909-eb8f-4baf-9eed-7a4cc889cb7c,74:66:E5:89:AC:4C,,-92,1760446068971
24057,1760446679082.0,0adab909-eb8f-4baf-9eed-7a4cc889cb7c,5D:D0:B3:D1:D2:4B,,-74,1760446679014
24058,1760446679107.0,0adab909-eb8f-4baf-9eed-7a4cc889cb7c,51:69:55:9F:5F:5F,,-75,1760446679014
24059,1760446679227.0,0adab909-eb8f-4baf-9eed-7a4cc889cb7c,41:3B:C6:18:1A:AF,,-78,1760446679014
24060,1760446680475.0,0adab909-eb8f-4baf-9eed-7a4cc889cb7c,98:06:3C:E9:94:4F,[TV] Samsung Q70 Series (65),-84,1760446679014
24061,1760446683221.0,0adab909-eb8f-4baf-9eed-7a4cc889cb7c,58:8E:4B:88:8A:F9,,-91,1760446679014
24062,1760446683234.0,0adab909-eb8f-4baf-9eed-7a4cc889cb7c,CC:03:7B:77:59:41,Sace0364c80328470C,-90,1760446679014
24063,1760446683315.0,0adab909-eb8f-4baf-9eed-7a4cc889cb7c,41:2C:91:B2:43:5C,,-82,1760446679014
24064,1760446684014.0,0adab909-eb8f-4baf-9eed-7a4cc889cb7c,5D:FA:04:ED:80:5F,,-59,1760446679014
24065,1760446685222.0,0adab909-eb8f-4baf-9eed-7a4cc889cb7c,98:06:3C:E9:94:4F,[TV] Samsung Q70 Series (65),-100,1760446679014
24066,1760446688767.0,0adab909-eb8f-4baf-9eed-7a4cc889cb7c,C7:6A:01:46:7A:65,Govee_H617E_7A65,-89,1760446679014
24067,1760446693830.0,0adab909-eb8f-4baf-9eed-7a4cc889cb7c,98:06:3C:E9:94:4F,[TV] Samsung Q70 Series (65),-100,1760446679014
24068,1760447279241.0,0adab909-eb8f-4baf-9eed-7a4cc889cb7c,54:20:EC:22:56:68,,-74,1760447279209
24069,1760447279268.0,0adab909-eb8f-4baf-9eed-7a4cc889cb7c,23:92:9D:2A:F4:A1,,-72,1760447279209
24070,1760447279287.0,0adab909-eb8f-4baf-9eed-7a4cc889cb7c,4E:60:1F:00:71:4E,,-57,1760447279209
24071,1760447279302.0,0adab909-eb8f-4baf-9eed-7a4cc889cb7c,23:95:96:05:A6:E6,,-73,1760447279209
24072,1760447279315.0,0adab909-eb8f-4baf-9eed-7a4cc889cb7c,9F:DA:07:8D:2B:45,JLab GO Air Pop-BLE,-71,1760447279209
24073,1760447279733.0,0adab909-eb8f-4baf-9eed-7a4cc889cb7c,59:CB:5C:37:57:EC,,-66,1760447279209
24074,1760447279915.0,0adab909-eb8f-4baf-9eed-7a4cc889cb7c,57:58:E0:C0:87:16,,-76,1760447279209
24075,1760447279933.0,0adab909-eb8f-4baf-9eed-7a4cc889cb7c,63:50:F6:54:2A:F7,,-72,1760447279209
24076,1760447279948.0,0adab909-eb8f-4baf-9eed-7a4cc889cb7c,4A:C3:93:76:48:14,,-52,1760447279209
24077,1760447279962.0,0adab909-eb8f-4baf-9eed-7a4cc889cb7c,69:58:0F:DA:0E:EF,,-58,1760447279209
24078,1760447279980.0,0adab909-eb8f-4baf-9eed-7a4cc889cb7c,57:BE:18:BC:21:F4,,-89,1760447279209
24079,1760447280221.0,0adab909-eb8f-4baf-9eed-7a4cc889cb7c,62:71:31:2A:DD:E7,,-91,1760447279209
24080,1760447280240.0,0adab909-eb8f-4baf-9eed-7a4cc889cb7c,63:7B:18:32:1C:4C,,-76,1760447279209
24081,1760447280295.0,0adab909-eb8f-4baf-9eed-7a4cc889cb7c,6E:D7:66:A2:78:9C,,-74,1760447279209
24082,1760447280685.0,0adab909-eb8f-4baf-9eed-7a4cc889cb7c,56:A1:D1:31:B5:48,,-66,1760447279209
24083,1760447280699.0,0adab909-eb8f-4baf-9eed-7a4cc889cb7c,32:BB:7B:DC:32:95,,-54,1760447279209
24084,1760447281578.0,0adab909-eb8f-4baf-9eed-7a4cc889cb7c,74:EB:85:AF:83:B6,,-53,1760447279209
24085,1760447282250.0,0adab909-eb8f-4baf-9eed-7a4cc889cb7c,28:F1:04:36:F5:F9,,-53,1760447279209
24086,1760447282333.0,0adab909-eb8f-4baf-9eed-7a4cc889cb7c,24:D3:1F:49:04:F5,,-66,1760447279209
24087,1760447282539.0,0adab909-eb8f-4baf-9eed-7a4cc889cb7c,54:AB:99:92:A4:6B,,-81,1760447279209
24088,1760447283479.0,0adab909-eb8f-4baf-9eed-7a4cc889cb7c,5F:B3:B4:99:AA:B1,,-71,1760447279209
24089,1760447284129.0,0adab909-eb8f-4baf-9eed-7a4cc889cb7c,E4:E1:12:9A:46:68,blukii BAcXQA E4E1129A4668,-90,1760447279209
24090,1760447285037.0,0adab909-eb8f-4baf-9eed-7a4cc889cb7c,47:4C:D3:B3:EA:76,,-94,1760447279209
24091,1760447285071.0,0adab909-eb8f-4baf-9eed-7a4cc889cb7c,DE:8F:DA:D5:6E:95,WHOOP 4C2168446,-90,1760447279209
24092,1760447286006.0,0adab909-eb8f-4baf-9eed-7a4cc889cb7c,76:E1:56:DE:BE:B7,,-77,1760447279209
24093,1760447286399.0,0adab909-eb8f-4baf-9eed-7a4cc889cb7c,68:D8:49:6C:9D:89,,-90,1760447279209
24094,1760447287613.0,0adab909-eb8f-4baf-9eed-7a4cc889cb7c,7F:E9:89:92:FF:EA,,-67,1760447279209
24095,1760447288594.0,0adab909-eb8f-4baf-9eed-7a4cc889cb7c,4F:79:97:8B:F7:50,,-72,1760447279209
24096,1760447290984.0,0adab909-eb8f-4baf-9eed-7a4cc889cb7c,41:42:B1:BE:00:F3,XLAYER CARKIT,-97,1760447279209
24097,1760447292086.0,0adab909-eb8f-4baf-9eed-7a4cc889cb7c,23:95:96:05:A6:E6,,-68,1760447279209
24098,1760447292117.0,0adab909-eb8f-4baf-9eed-7a4cc889cb7c,02:D7:75:44:75:7F,,-59,1760447279209
24099,1760447292164.0,0adab909-eb8f-4baf-9eed-7a4cc889cb7c,4F:72:61:72:F4:C9,JBL PartyBox Stage 320,-88,1760447279209
24100,1760447292178.0,0adab909-eb8f-4baf-9eed-7a4cc889cb7c,4A:C3:93:76:48:14,,-53,1760447279209
24101,1760447292191.0,0adab909-eb8f-4baf-9eed-7a4cc889cb7c,54:AB:99:92:A4:6B,,-73,1760447279209
24102,1760447292206.0,0adab909-eb8f-4baf-9eed-7a4cc889cb7c,4F:79:97:8B:F7:50,,-73,1760447279209
24103,1760447292228.0,0adab909-eb8f-4baf-9eed-7a4cc889cb7c,6E:D7:66:A2:78:9C,,-65,1760447279209
24104,1760447292248.0,0adab909-eb8f-4baf-9eed-7a4cc889cb7c,28:F1:04:36:F5:F9,,-52,1760447279209
24105,1760447292265.0,0adab909-eb8f-4baf-9eed-7a4cc889cb7c,23:92:9D:2A:F4:A1,,-69,1760447279209
24106,1760447292344.0,0adab909-eb8f-4baf-9eed-7a4cc889cb7c,24:D3:1F:49:04:F5,,-75,1760447279209
24107,1760447292362.0,0adab909-eb8f-4baf-9eed-7a4cc889cb7c,FA:8A:27:91:FC:0B,,-66,1760447279209
24108,1760447292379.0,0adab909-eb8f-4baf-9eed-7a4cc889cb7c,3C:C0:74:01:0F:7E,,-76,1760447279209
24109,1760447293129.0,0adab909-eb8f-4baf-9eed-7a4cc889cb7c,57:58:E0:C0:87:16,,-81,1760447279209
24110,1760447293156.0,0adab909-eb8f-4baf-9eed-7a4cc889cb7c,7F:E9:89:92:FF:EA,,-57,1760447279209
24111,1760447293181.0,0adab909-eb8f-4baf-9eed-7a4cc889cb7c,69:58:0F:DA:0E:EF,,-51,1760447279209
24112,1760447293206.0,0adab909-eb8f-4baf-9eed-7a4cc889cb7c,0F:60:19:4E:E8:FF,,-72,1760447279209
24113,1760447293281.0,0adab909-eb8f-4baf-9eed-7a4cc889cb7c,57:BE:18:BC:21:F4,,-83,1760447279209
24114,1760447293308.0,0adab909-eb8f-4baf-9eed-7a4cc889cb7c,32:BB:7B:DC:32:95,,-59,1760447279209
24115,1760447293332.0,0adab909-eb8f-4baf-9eed-7a4cc889cb7c,56:A1:D1:31:B5:48,,-66,1760447279209
24116,1760447293355.0,0adab909-eb8f-4baf-9eed-7a4cc889cb7c,54:20:EC:22:56:68,,-56,1760447279209
24117,1760447293372.0,0adab909-eb8f-4baf-9eed-7a4cc889cb7c,C0:76:5E:66:0E:D6,,-84,1760447279209
24118,1760447293394.0,0adab909-eb8f-4baf-9eed-7a4cc889cb7c,7F:44:DD:B7:2C:53,,-88,1760447279209
24119,1760447293413.0,0adab909-eb8f-4baf-9eed-7a4cc889cb7c,4E:60:1F:00:71:4E,,-53,1760447279209
24120,1760447294208.0,0adab909-eb8f-4baf-9eed-7a4cc889cb7c,76:E1:56:DE:BE:B7,,-76,1760447279209
24121,1760447294250.0,0adab909-eb8f-4baf-9eed-7a4cc889cb7c,63:50:F6:54:2A:F7,,-73,1760447279209
24122,1760447294278.0,0adab909-eb8f-4baf-9eed-7a4cc889cb7c,63:7B:18:32:1C:4C,,-72,1760447279209
24123,1760447294323.0,0adab909-eb8f-4baf-9eed-7a4cc889cb7c,4E:42:F1:B5:0F:33,,-89,1760447279209
24124,1760447294333.0,0adab909-eb8f-4baf-9eed-7a4cc889cb7c,52:08:FA:B1:B5:6B,,-71,1760447279209
24125,1760447295206.0,0adab909-eb8f-4baf-9eed-7a4cc889cb7c,69:58:0F:DA:0E:EF,,-57,1760447279209
24126,1760447295220.0,0adab909-eb8f-4baf-9eed-7a4cc889cb7c,23:95:96:05:A6:E6,,-68,1760447279209
24127,1760447295242.0,0adab909-eb8f-4baf-9eed-7a4cc889cb7c,54:20:EC:22:56:68,,-68,1760447279209
24128,1760447295272.0,0adab909-eb8f-4baf-9eed-7a4cc889cb7c,63:7B:18:32:1C:4C,,-83,1760447279209
24129,1760447295288.0,0adab909-eb8f-4baf-9eed-7a4cc889cb7c,57:BE:18:BC:21:F4,,-87,1760447279209
24130,1760447295314.0,0adab909-eb8f-4baf-9eed-7a4cc889cb7c,24:D3:1F:49:04:F5,,-69,1760447279209
24131,1760447295324.0,0adab909-eb8f-4baf-9eed-7a4cc889cb7c,3C:C0:74:01:0F:7E,,-73,1760447279209
24132,1760447295335.0,0adab909-eb8f-4baf-9eed-7a4cc889cb7c,56:A1:D1:31:B5:48,,-82,1760447279209
24133,1760447295348.0,0adab909-eb8f-4baf-9eed-7a4cc889cb7c,54:AB:99:92:A4:6B,,-71,1760447279209
24134,1760447295361.0,0adab909-eb8f-4baf-9eed-7a4cc889cb7c,0F:60:19:4E:E8:FF,,-66,1760447279209
24135,1760447295375.0,0adab909-eb8f-4baf-9eed-7a4cc889cb7c,4A:C8:F8:F6:D9:AF,,-87,1760447279209
24136,1760447295391.0,0adab909-eb8f-4baf-9eed-7a4cc889cb7c,42:33:34:6C:88:56,,-65,1760447279209
24137,1760447295403.0,0adab909-eb8f-4baf-9eed-7a4cc889cb7c,4A:C3:93:76:48:14,,-48,1760447279209
24138,1760447862045.0,0adab909-eb8f-4baf-9eed-7a4cc889cb7c,15:F6:74:57:07:DA,,-73,1760447862018
24139,1760447862067.0,0adab909-eb8f-4baf-9eed-7a4cc889cb7c,40:4D:AD:77:72:14,,-62,1760447862018
24140,1760447862082.0,0adab909-eb8f-4baf-9eed-7a4cc889cb7c,1E:BF:CA:BF:61:BC,,-71,1760447862018
24141,1760447862097.0,0adab909-eb8f-4baf-9eed-7a4cc889cb7c,05:D5:67:9B:1D:2D,,-70,1760447862018
24142,1760447862112.0,0adab909-eb8f-4baf-9eed-7a4cc889cb7c,6E:D7:66:A2:78:9C,,-62,1760447862018
24143,1760447862389.0,0adab909-eb8f-4baf-9eed-7a4cc889cb7c,5F:20:6E:5A:05:99,,-70,1760447862018
24144,1760447862410.0,0adab909-eb8f-4baf-9eed-7a4cc889cb7c,61:E1:95:DA:1F:91,,-69,1760447862018
24145,1760447862430.0,0adab909-eb8f-4baf-9eed-7a4cc889cb7c,57:58:E0:C0:87:16,,-78,1760447862018
24146,1760447862447.0,0adab909-eb8f-4baf-9eed-7a4cc889cb7c,4E:E3:B3:6B:98:F2,,-53,1760447862018
24147,1760447862687.0,0adab909-eb8f-4baf-9eed-7a4cc889cb7c,5E:A9:67:64:77:1C,,-76,1760447862018
24148,1760447863058.0,0adab909-eb8f-4baf-9eed-7a4cc889cb7c,43:E6:EA:28:95:56,,-75,1760447862018
24149,1760447863339.0,0adab909-eb8f-4baf-9eed-7a4cc889cb7c,56:B2:87:67:24:C4,,-60,1760447862018
24150,1760447863659.0,0adab909-eb8f-4baf-9eed-7a4cc889cb7c,79:93:9F:4D:0A:FB,,-46,1760447862018
24151,1760447864065.0,0adab909-eb8f-4baf-9eed-7a4cc889cb7c,75:EF:8C:A0:71:F8,,-46,1760447862018
24152,1760447864734.0,0adab909-eb8f-4baf-9eed-7a4cc889cb7c,23:B6:7E:CE:C4:59,,-70,1760447862018
24153,1760447865020.0,0adab909-eb8f-4baf-9eed-7a4cc889cb7c,48:D2:C6:49:59:4E,,-57,1760447862018
24154,1760447865041.0,0adab909-eb8f-4baf-9eed-7a4cc889cb7c,71:BB:58:62:C3:04,,-91,1760447862018
24155,1760447865332.0,0adab909-eb8f-4baf-9eed-7a4cc889cb7c,6E:E5:1E:06:96:21,,-70,1760447862018
24156,1760447866623.0,0adab909-eb8f-4baf-9eed-7a4cc889cb7c,63:50:F6:54:2A:F7,,-71,1760447862018
24157,1760447867194.0,0adab909-eb8f-4baf-9eed-7a4cc889cb7c,05:E5:37:94:3F:5B,,-52,1760447862018
24158,1760447867855.0,0adab909-eb8f-4baf-9eed-7a4cc889cb7c,6A:E1:49:1B:BA:DB,,-63,1760447862018
24159,1760447870088.0,0adab909-eb8f-4baf-9eed-7a4cc889cb7c,62:57:C2:EB:83:0C,,-72,1760447862018
24160,1760447870521.0,0adab909-eb8f-4baf-9eed-7a4cc889cb7c,12:F3:91:92:D3:BC,,-80,1760447862018
24161,1760447871355.0,0adab909-eb8f-4baf-9eed-7a4cc889cb7c,76:BB:F9:23:46:79,,-51,1760447862018
24162,1760447875088.0,0adab909-eb8f-4baf-9eed-7a4cc889cb7c,CC:82:04:77:D4:00,,-74,1760447862018
24163,1760447875099.0,0adab909-eb8f-4baf-9eed-7a4cc889cb7c,4E:E3:B3:6B:98:F2,,-57,1760447862018
24164,1760447875130.0,0adab909-eb8f-4baf-9eed-7a4cc889cb7c,63:50:F6:54:2A:F7,,-74,1760447862018
24165,1760447875143.0,0adab909-eb8f-4baf-9eed-7a4cc889cb7c,15:F6:74:57:07:DA,,-72,1760447862018
24166,1760447875160.0,0adab909-eb8f-4baf-9eed-7a4cc889cb7c,1E:BF:CA:BF:61:BC,,-63,1760447862018
24167,1760447875174.0,0adab909-eb8f-4baf-9eed-7a4cc889cb7c,0A:EA:7B:53:F3:91,,-79,1760447862018
24168,1760447875186.0,0adab909-eb8f-4baf-9eed-7a4cc889cb7c,56:B2:87:67:24:C4,,-66,1760447862018
24169,1760447875197.0,0adab909-eb8f-4baf-9eed-7a4cc889cb7c,43:E6:EA:28:95:56,,-77,1760447862018
24170,1760447875211.0,0adab909-eb8f-4baf-9eed-7a4cc889cb7c,48:D2:C6:49:59:4E,,-54,1760447862018
24171,1760447875229.0,0adab909-eb8f-4baf-9eed-7a4cc889cb7c,05:D5:67:9B:1D:2D,,-62,1760447862018
24172,1760447875242.0,0adab909-eb8f-4baf-9eed-7a4cc889cb7c,6E:E5:1E:06:96:21,,-73,1760447862018
24173,1760447875256.0,0adab909-eb8f-4baf-9eed-7a4cc889cb7c,6F:D6:B3:D6:24:75,,-54,1760447862018
24174,1760447875268.0,0adab909-eb8f-4baf-9eed-7a4cc889cb7c,05:E5:37:94:3F:5B,,-54,1760447862018
24175,1760447875283.0,0adab909-eb8f-4baf-9eed-7a4cc889cb7c,5F:20:6E:5A:05:99,,-75,1760447862018
24176,1760447875313.0,0adab909-eb8f-4baf-9eed-7a4cc889cb7c,76:1C:42:07:22:05,,-69,1760447862018
24177,1760447875327.0,0adab909-eb8f-4baf-9eed-7a4cc889cb7c,6A:E1:49:1B:BA:DB,,-67,1760447862018
24178,1760447876239.0,0adab909-eb8f-4baf-9eed-7a4cc889cb7c,76:1A:73:97:18:51,,-84,1760447862018
24179,1760447876260.0,0adab909-eb8f-4baf-9eed-7a4cc889cb7c,31:CD:08:1C:EC:FC,,-65,1760447862018
24180,1760447876275.0,0adab909-eb8f-4baf-9eed-7a4cc889cb7c,79:93:9F:4D:0A:FB,,-47,1760447862018
24181,1760447876304.0,0adab909-eb8f-4baf-9eed-7a4cc889cb7c,40:4D:AD:77:72:14,,-68,1760447862018
24182,1760447876324.0,0adab909-eb8f-4baf-9eed-7a4cc889cb7c,C8:32:14:9A:EF:D5,,-48,1760447862018
24183,1760447876340.0,0adab909-eb8f-4baf-9eed-7a4cc889cb7c,CC:77:DB:5A:74:90,,-59,1760447862018
24184,1760447876360.0,0adab909-eb8f-4baf-9eed-7a4cc889cb7c,5E:90:62:87:05:88,,-85,1760447862018
24185,1760447877072.0,0adab909-eb8f-4baf-9eed-7a4cc889cb7c,76:BB:F9:23:46:79,,-51,1760447862018
24186,1760447877092.0,0adab909-eb8f-4baf-9eed-7a4cc889cb7c,23:B6:7E:CE:C4:59,,-75,1760447862018
24187,1760447877190.0,0adab909-eb8f-4baf-9eed-7a4cc889cb7c,6E:D7:66:A2:78:9C,,-60,1760447862018
24188,1760447878099.0,0adab909-eb8f-4baf-9eed-7a4cc889cb7c,05:D5:67:9B:1D:2D,,-62,1760447862018
24189,1760447878123.0,0adab909-eb8f-4baf-9eed-7a4cc889cb7c,00:A0:50:F9:43:9A,InterstarPowerPedal,-80,1760447862018
24190,1760448467933.0,0adab909-eb8f-4baf-9eed-7a4cc889cb7c,6B:D7:59:2E:B3:B7,,-76,1760448467926
24191,1760448467959.0,0adab909-eb8f-4baf-9eed-7a4cc889cb7c,5F:EE:CC:D3:CA:B5,,-48,1760448467926
24192,1760448467989.0,0adab909-eb8f-4baf-9eed-7a4cc889cb7c,7A:70:CE:58:F4:B7,,-67,1760448467926
24193,1760448468008.0,0adab909-eb8f-4baf-9eed-7a4cc889cb7c,49:50:36:88:43:9C,,-75,1760448467926
24194,1760448468023.0,0adab909-eb8f-4baf-9eed-7a4cc889cb7c,6A:E1:49:1B:BA:DB,,-71,1760448467926
24195,1760448468479.0,0adab909-eb8f-4baf-9eed-7a4cc889cb7c,6C:0D:C4:08:21:D2,,-100,1760448467926
24196,1760448468935.0,0adab909-eb8f-4baf-9eed-7a4cc889cb7c,6C:0D:C4:08:21:D2,MIBOX4 nown,-100,1760448467926
24197,1760448469272.0,0adab909-eb8f-4baf-9eed-7a4cc889cb7c,79:55:D1:83:60:4D,,-48,1760448467926
24198,1760448469319.0,0adab909-eb8f-4baf-9eed-7a4cc889cb7c,4D:9E:D3:2C:2D:33,,-65,1760448467926
24199,1760448469337.0,0adab909-eb8f-4baf-9eed-7a4cc889cb7c,77:5F:5F:E3:9C:CE,,-77,1760448467926
24200,1760448469355.0,0adab909-eb8f-4baf-9eed-7a4cc889cb7c,70:26:E4:B0:52:FA,,-48,1760448467926
24201,1760448469371.0,0adab909-eb8f-4baf-9eed-7a4cc889cb7c,0B:56:0F:BB:CD:CF,,-68,1760448467926
24202,1760448469390.0,0adab909-eb8f-4baf-9eed-7a4cc889cb7c,50:69:3B:02:5C:61,,-60,1760448467926
24203,1760448469424.0,0adab909-eb8f-4baf-9eed-7a4cc889cb7c,7A:28:49:BB:B8:88,,-62,1760448467926
24204,1760448469463.0,0adab909-eb8f-4baf-9eed-7a4cc889cb7c,43:E6:EA:28:95:56,,-75,1760448467926
24205,1760448469489.0,0adab909-eb8f-4baf-9eed-7a4cc889cb7c,40:4D:AD:77:72:14,,-60,1760448467926
24206,1760448469512.0,0adab909-eb8f-4baf-9eed-7a4cc889cb7c,78:90:54:BF:F6:D3,Apple Pencil,-53,1760448467926
24207,1760448469535.0,0adab909-eb8f-4baf-9eed-7a4cc889cb7c,75:15:6A:96:99:57,,-70,1760448467926
24208,1760448469574.0,0adab909-eb8f-4baf-9eed-7a4cc889cb7c,34:32:EE:39:63:81,,-69,1760448467926
24209,1760448469654.0,0adab909-eb8f-4baf-9eed-7a4cc889cb7c,4C:5D:47:2C:62:51,,-69,1760448467926
24210,1760448469688.0,0adab909-eb8f-4baf-9eed-7a4cc889cb7c,5F:1D:29:EC:2F:6D,,-71,1760448467926
24211,1760448469733.0,0adab909-eb8f-4baf-9eed-7a4cc889cb7c,76:BB:F9:23:46:79,,-51,1760448467926
24212,1760448469754.0,0adab909-eb8f-4baf-9eed-7a4cc889cb7c,58:BC:5A:50:A4:DC,,-54,1760448467926
24213,1760448469770.0,0adab909-eb8f-4baf-9eed-7a4cc889cb7c,0B:BA:81:BC:0A:BB,,-54,1760448467926
24214,1760448469843.0,0adab909-eb8f-4baf-9eed-7a4cc889cb7c,2B:B7:0B:E9:89:B6,,-79,1760448467926
24215,1760448469868.0,0adab909-eb8f-4baf-9eed-7a4cc889cb7c,05:E0:DF:B3:8C:3D,,-79,1760448467926
24216,1760448471371.0,0adab909-eb8f-4baf-9eed-7a4cc889cb7c,4E:CC:8B:00:99:52,,-88,1760448467926
24217,1760448471484.0,0adab909-eb8f-4baf-9eed-7a4cc889cb7c,57:4D:B3:2D:F4:E2,,-63,1760448467926
24218,1760448471683.0,0adab909-eb8f-4baf-9eed-7a4cc889cb7c,55:14:57:30:2A:45,,-90,1760448467926
24219,1760448471933.0,0adab909-eb8f-4baf-9eed-7a4cc889cb7c,7B:53:29:3E:3F:8B,,-75,1760448467926
24220,1760448472137.0,0adab909-eb8f-4baf-9eed-7a4cc889cb7c,24:4B:03:35:95:7A,[TV]Samsung LED40,-100,1760448467926
24221,1760448473338.0,0adab909-eb8f-4baf-9eed-7a4cc889cb7c,1A:D1:40:E4:47:83,,-94,1760448467926
24222,1760448473466.0,0adab909-eb8f-4baf-9eed-7a4cc889cb7c,63:50:F6:54:2A:F7,,-76,1760448467926
24223,1760448475019.0,0adab909-eb8f-4baf-9eed-7a4cc889cb7c,5B:74:D2:86:58:0C,,-87,1760448467926
24224,1760448475127.0,0adab909-eb8f-4baf-9eed-7a4cc889cb7c,73:E5:ED:B0:5D:B5,,-87,1760448467926
24225,1760448475664.0,0adab909-eb8f-4baf-9eed-7a4cc889cb7c,6E:31:6C:3F:D0:42,,-81,1760448467926
24226,1760448476203.0,0adab909-eb8f-4baf-9eed-7a4cc889cb7c,47:49:5B:93:48:8C,,-86,1760448467926
24227,1760448476222.0,0adab909-eb8f-4baf-9eed-7a4cc889cb7c,71:39:72:04:4C:3E,,-81,1760448467926
24228,1760448477640.0,0adab909-eb8f-4baf-9eed-7a4cc889cb7c,73:E5:2C:52:32:88,,-72,1760448467926
24229,1760448480779.0,0adab909-eb8f-4baf-9eed-7a4cc889cb7c,78:90:54:BF:F6:D3,Apple Pencil,-54,1760448467926
24230,1760448480827.0,0adab909-eb8f-4baf-9eed-7a4cc889cb7c,4D:9E:D3:2C:2D:33,,-64,1760448467926
24231,1760448480857.0,0adab909-eb8f-4baf-9eed-7a4cc889cb7c,5F:EE:CC:D3:CA:B5,,-49,1760448467926
24232,1760448480887.0,0adab909-eb8f-4baf-9eed-7a4cc889cb7c,1F:74:62:E6:E5:09,,-85,1760448467926
24233,1760448480903.0,0adab909-eb8f-4baf-9eed-7a4cc889cb7c,50:69:3B:02:5C:61,,-64,1760448467926
24234,1760448480935.0,0adab909-eb8f-4baf-9eed-7a4cc889cb7c,6B:D7:59:2E:B3:B7,,-78,1760448467926
24235,1760448480949.0,0adab909-eb8f-4baf-9eed-7a4cc889cb7c,7A:70:CE:58:F4:B7,,-58,1760448467926
24236,1760448480963.0,0adab909-eb8f-4baf-9eed-7a4cc889cb7c,70:26:E4:B0:52:FA,,-50,1760448467926
24237,1760448480985.0,0adab909-eb8f-4baf-9eed-7a4cc889cb7c,34:32:EE:39:63:81,,-66,1760448467926
24238,1760448481011.0,0adab909-eb8f-4baf-9eed-7a4cc889cb7c,73:E5:ED:B0:5D:B5,,-89,1760448467926
24239,1760448481026.0,0adab909-eb8f-4baf-9eed-7a4cc889cb7c,63:50:F6:54:2A:F7,,-72,1760448467926
24240,1760448481067.0,0adab909-eb8f-4baf-9eed-7a4cc889cb7c,7A:28:49:BB:B8:88,,-66,1760448467926
24241,1760448481084.0,0adab909-eb8f-4baf-9eed-7a4cc889cb7c,F3:71:F2:FF:F7:2A,,-50,1760448467926
24242,1760448481100.0,0adab909-eb8f-4baf-9eed-7a4cc889cb7c,29:54:87:C1:E1:83,,-88,1760448467926
24243,1760448481118.0,0adab909-eb8f-4baf-9eed-7a4cc889cb7c,73:E5:2C:52:32:88,,-84,1760448467926
24244,1760448481136.0,0adab909-eb8f-4baf-9eed-7a4cc889cb7c,7B:53:29:3E:3F:8B,,-73,1760448467926
24245,1760448481158.0,0adab909-eb8f-4baf-9eed-7a4cc889cb7c,43:E6:EA:28:95:56,,-81,1760448467926
24246,1760448481184.0,0adab909-eb8f-4baf-9eed-7a4cc889cb7c,0B:56:0F:BB:CD:CF,,-66,1760448467926
24247,1760448481887.0,0adab909-eb8f-4baf-9eed-7a4cc889cb7c,FF:2D:4F:C7:F6:50,,-75,1760448467926
24248,1760448481915.0,0adab909-eb8f-4baf-9eed-7a4cc889cb7c,2B:B7:0B:E9:89:B6,,-76,1760448467926
24249,1760448481942.0,0adab909-eb8f-4baf-9eed-7a4cc889cb7c,38:B5:F0:55:4C:F1,,-65,1760448467926
24250,1760448481987.0,0adab909-eb8f-4baf-9eed-7a4cc889cb7c,4E:4E:91:81:8C:D4,,-82,1760448467926
24251,1760448482003.0,0adab909-eb8f-4baf-9eed-7a4cc889cb7c,79:55:D1:83:60:4D,,-51,1760448467926
24252,1760448482018.0,0adab909-eb8f-4baf-9eed-7a4cc889cb7c,57:4D:B3:2D:F4:E2,,-66,1760448467926
24253,1760448482036.0,0adab909-eb8f-4baf-9eed-7a4cc889cb7c,6E:31:6C:3F:D0:42,,-89,1760448467926
24254,1760448482049.0,0adab909-eb8f-4baf-9eed-7a4cc889cb7c,40:4D:AD:77:72:14,,-66,1760448467926
24255,1760448482066.0,0adab909-eb8f-4baf-9eed-7a4cc889cb7c,71:39:72:04:4C:3E,,-87,1760448467926
24256,1760448482082.0,0adab909-eb8f-4baf-9eed-7a4cc889cb7c,F3:EF:C5:30:6D:E2,,-58,1760448467926
24257,1760448482101.0,0adab909-eb8f-4baf-9eed-7a4cc889cb7c,76:BB:F9:23:46:79,,-53,1760448467926
24258,1760448482116.0,0adab909-eb8f-4baf-9eed-7a4cc889cb7c,3B:65:DE:AB:22:38,,-93,1760448467926
24259,1760448482132.0,0adab909-eb8f-4baf-9eed-7a4cc889cb7c,6A:E1:49:1B:BA:DB,,-63,1760448467926
24260,1760448482146.0,0adab909-eb8f-4baf-9eed-7a4cc889cb7c,08:9F:57:4A:2F:53,,-91,1760448467926
24261,1760448482174.0,0adab909-eb8f-4baf-9eed-7a4cc889cb7c,7D:43:9D:FE:43:FD,,-85,1760448467926
24262,1760448482870.0,0adab909-eb8f-4baf-9eed-7a4cc889cb7c,5F:1D:29:EC:2F:6D,,-76,1760448467926
24263,1760448482901.0,0adab909-eb8f-4baf-9eed-7a4cc889cb7c,E8:35:DB:C9:1B:0F,,-68,1760448467926
24264,1760448482924.0,0adab909-eb8f-4baf-9eed-7a4cc889cb7c,58:BC:5A:50:A4:DC,,-58,1760448467926
24265,1760448482977.0,0adab909-eb8f-4baf-9eed-7a4cc889cb7c,4C:9D:D4:70:E5:21,,-51,1760448467926
24266,1760448482991.0,0adab909-eb8f-4baf-9eed-7a4cc889cb7c,11:DA:6F:71:83:46,,-78,1760448467926
24267,1760448483006.0,0adab909-eb8f-4baf-9eed-7a4cc889cb7c,75:15:6A:96:99:57,,-80,1760448467926
24268,1760448483018.0,0adab909-eb8f-4baf-9eed-7a4cc889cb7c,5B:74:D2:86:58:0C,,-82,1760448467926
24269,1760448483775.0,0adab909-eb8f-4baf-9eed-7a4cc889cb7c,52:08:FA:B1:B5:6B,,-66,1760448467926
24270,1760449131133.0,0adab909-eb8f-4baf-9eed-7a4cc889cb7c,4D:9E:D3:2C:2D:33,,-65,1760449131116
24271,1760449131148.0,0adab909-eb8f-4baf-9eed-7a4cc889cb7c,60:30:0F:20:57:BB,Apple Pencil,-65,1760449131116
24272,1760449131159.0,0adab909-eb8f-4baf-9eed-7a4cc889cb7c,57:4D:B3:2D:F4:E2,,-77,1760449131116
24273,1760449131170.0,0adab909-eb8f-4baf-9eed-7a4cc889cb7c,2A:27:DA:45:95:13,,-83,1760449131116
24274,1760449131484.0,0adab909-eb8f-4baf-9eed-7a4cc889cb7c,4F:E8:C1:BF:2F:75,,-72,1760449131116
24275,1760449131500.0,0adab909-eb8f-4baf-9eed-7a4cc889cb7c,45:C2:2B:62:C6:1C,,-81,1760449131116
24276,1760449131519.0,0adab909-eb8f-4baf-9eed-7a4cc889cb7c,10:DA:CF:AA:8E:50,,-68,1760449131116
24277,1760449131539.0,0adab909-eb8f-4baf-9eed-7a4cc889cb7c,66:6E:45:8F:D6:51,,-72,1760449131116
24278,1760449131814.0,0adab909-eb8f-4baf-9eed-7a4cc889cb7c,5F:B2:FA:25:48:27,,-71,1760449131116
24279,1760449131826.0,0adab909-eb8f-4baf-9eed-7a4cc889cb7c,45:8A:BB:03:D9:45,,-70,1760449131116
24280,1760449131835.0,0adab909-eb8f-4baf-9eed-7a4cc889cb7c,41:19:C8:6B:B7:32,,-75,1760449131116
24281,1760449131852.0,0adab909-eb8f-4baf-9eed-7a4cc889cb7c,58:BC:5A:50:A4:DC,,-83,1760449131116
24282,1760449132140.0,0adab909-eb8f-4baf-9eed-7a4cc889cb7c,4F:6F:1B:00:E7:C3,,-71,1760449131116
24283,1760449132152.0,0adab909-eb8f-4baf-9eed-7a4cc889cb7c,07:4C:88:FD:FF:22,,-77,1760449131116
24284,1760449132160.0,0adab909-eb8f-4baf-9eed-7a4cc889cb7c,5D:E5:B4:CB:5F:AF,,-60,1760449131116
24285,1760449132170.0,0adab909-eb8f-4baf-9eed-7a4cc889cb7c,5F:EE:CC:D3:CA:B5,,-58,1760449131116
24286,1760449132187.0,0adab909-eb8f-4baf-9eed-7a4cc889cb7c,7E:90:02:3F:C3:76,,-84,1760449131116
24287,1760449132517.0,0adab909-eb8f-4baf-9eed-7a4cc889cb7c,5E:95:C2:6B:02:21,,-60,1760449131116
24288,1760449132532.0,0adab909-eb8f-4baf-9eed-7a4cc889cb7c,59:45:E8:2F:B3:13,,-69,1760449131116
24289,1760449132542.0,0adab909-eb8f-4baf-9eed-7a4cc889cb7c,5F:14:BC:A0:C5:47,,-59,1760449131116
24290,1760449132550.0,0adab909-eb8f-4baf-9eed-7a4cc889cb7c,77:CE:AE:83:3B:0B,,-70,1760449131116
24291,1760449132829.0,0adab909-eb8f-4baf-9eed-7a4cc889cb7c,4E:10:B3:86:86:84,,-70,1760449131116
24292,1760449132842.0,0adab909-eb8f-4baf-9eed-7a4cc889cb7c,4B:AC:43:2E:8F:05,,-83,1760449131116
24293,1760449133156.0,0adab909-eb8f-4baf-9eed-7a4cc889cb7c,41:92:F8:71:74:90,,-90,1760449131116
24294,1760449133390.0,0adab909-eb8f-4baf-9eed-7a4cc889cb7c,13:A0:2B:A1:82:1A,,-73,1760449131116
24295,1760449134058.0,0adab909-eb8f-4baf-9eed-7a4cc889cb7c,1D:DF:4D:47:8C:0E,,-83,1760449131116
24296,1760449134431.0,0adab909-eb8f-4baf-9eed-7a4cc889cb7c,50:29:0A:2E:5B:23,,-71,1760449131116
24297,1760449134441.0,0adab909-eb8f-4baf-9eed-7a4cc889cb7c,53:20:0E:FC:8A:67,,-80,1760449131116
24298,1760449135028.0,0adab909-eb8f-4baf-9eed-7a4cc889cb7c,2A:58:F5:74:C5:F6,,-89,1760449131116
24299,1760449135039.0,0adab909-eb8f-4baf-9eed-7a4cc889cb7c,33:38:15:8E:E6:B7,,-83,1760449131116
24300,1760449135390.0,0adab909-eb8f-4baf-9eed-7a4cc889cb7c,46:88:39:11:F5:50,,-89,1760449131116
24301,1760449135665.0,0adab909-eb8f-4baf-9eed-7a4cc889cb7c,58:C4:23:A8:6E:99,,-83,1760449131116
24302,1760449139834.0,0adab909-eb8f-4baf-9eed-7a4cc889cb7c,5B:08:5B:5E:27:54,,-62,1760449131116
24303,1760449140138.0,0adab909-eb8f-4baf-9eed-7a4cc889cb7c,72:3F:2E:FD:B2:B3,,-86,1760449131116
24304,1760449140790.0,0adab909-eb8f-4baf-9eed-7a4cc889cb7c,49:D6:83:0E:E1:73,,-72,1760449131116
24305,1760449141548.0,0adab909-eb8f-4baf-9eed-7a4cc889cb7c,30:C3:D9:E3:F2:3F,,-100,1760449131116
24306,1760449142101.0,0adab909-eb8f-4baf-9eed-7a4cc889cb7c,50:C3:A2:CE:B0:51,My SEAT 6797,-98,1760449131116
24307,1760449683109.0,0adab909-eb8f-4baf-9eed-7a4cc889cb7c,4B:FB:01:5F:CD:C5,,-70,1760449683056
24308,1760449683138.0,0adab909-eb8f-4baf-9eed-7a4cc889cb7c,08:A1:BA:A0:A1:07,,-70,1760449683056
24309,1760449683457.0,0adab909-eb8f-4baf-9eed-7a4cc889cb7c,48:69:48:68:0A:24,,-68,1760449683056
24310,1760449683761.0,0adab909-eb8f-4baf-9eed-7a4cc889cb7c,74:BA:0F:18:1E:D4,,-82,1760449683056
24311,1760449683778.0,0adab909-eb8f-4baf-9eed-7a4cc889cb7c,42:6C:11:B3:0F:68,,-62,1760449683056
24312,1760449684116.0,0adab909-eb8f-4baf-9eed-7a4cc889cb7c,40:2F:1C:BD:30:76,,-93,1760449683056
24313,1760449684188.0,0adab909-eb8f-4baf-9eed-7a4cc889cb7c,5D:F8:9C:49:76:4B,,-86,1760449683056
24314,1760449684202.0,0adab909-eb8f-4baf-9eed-7a4cc889cb7c,53:6B:B3:99:AF:9A,,-94,1760449683056
24315,1760449684450.0,0adab909-eb8f-4baf-9eed-7a4cc889cb7c,4F:F6:20:CD:69:C1,,-62,1760449683056
24316,1760449684756.0,0adab909-eb8f-4baf-9eed-7a4cc889cb7c,15:A5:0F:39:80:49,,-88,1760449683056
24317,1760449684776.0,0adab909-eb8f-4baf-9eed-7a4cc889cb7c,64:71:4F:45:62:36,,-91,1760449683056
24318,1760449684792.0,0adab909-eb8f-4baf-9eed-7a4cc889cb7c,9F:DA:07:9F:58:B6,JLab GO Air Pop-BLE,-79,1760449683056
24319,1760449684808.0,0adab909-eb8f-4baf-9eed-7a4cc889cb7c,6F:D2:E0:E1:C7:C0,,-86,1760449683056
24320,1760449685068.0,0adab909-eb8f-4baf-9eed-7a4cc889cb7c,4C:54:D5:DE:87:2C,,-87,1760449683056
24321,1760449685380.0,0adab909-eb8f-4baf-9eed-7a4cc889cb7c,23:F0:66:26:33:BE,,-79,1760449683056
24322,1760449686015.0,0adab909-eb8f-4baf-9eed-7a4cc889cb7c,70:D9:33:D4:72:90,,-84,1760449683056
24323,1760449686030.0,0adab909-eb8f-4baf-9eed-7a4cc889cb7c,5D:1C:78:41:79:E8,,-91,1760449683056
24324,1760449686426.0,0adab909-eb8f-4baf-9eed-7a4cc889cb7c,76:70:FE:18:54:1D,,-82,1760449683056
24325,1760449686441.0,0adab909-eb8f-4baf-9eed-7a4cc889cb7c,69:47:93:C7:B3:70,,-77,1760449683056
24326,1760449686628.0,0adab909-eb8f-4baf-9eed-7a4cc889cb7c,6E:4D:99:56:7A:C1,,-92,1760449683056
24327,1760449687004.0,0adab909-eb8f-4baf-9eed-7a4cc889cb7c,74:45:10:B8:BB:3F,,-85,1760449683056
24328,1760449687345.0,0adab909-eb8f-4baf-9eed-7a4cc889cb7c,45:C2:2B:62:C6:1C,,-89,1760449683056
24329,1760449687361.0,0adab909-eb8f-4baf-9eed-7a4cc889cb7c,72:0F:AA:93:78:6E,,-75,1760449683056
24330,1760449687623.0,0adab909-eb8f-4baf-9eed-7a4cc889cb7c,19:47:44:89:60:BA,,-66,1760449683056
24331,1760449687968.0,0adab909-eb8f-4baf-9eed-7a4cc889cb7c,43:6C:5A:83:02:50,,-66,1760449683056
24332,1760449687982.0,0adab909-eb8f-4baf-9eed-7a4cc889cb7c,46:8B:45:F8:CB:0F,,-65,1760449683056
24333,1760449688634.0,0adab909-eb8f-4baf-9eed-7a4cc889cb7c,6C:63:2B:F0:54:49,,-83,1760449683056
24334,1760449688650.0,0adab909-eb8f-4baf-9eed-7a4cc889cb7c,7E:7B:F4:75:CE:93,,-71,1760449683056
24335,1760449688964.0,0adab909-eb8f-4baf-9eed-7a4cc889cb7c,69:4C:20:86:1A:95,,-89,1760449683056
24336,1760449688975.0,0adab909-eb8f-4baf-9eed-7a4cc889cb7c,42:27:47:1F:BD:37,,-87,1760449683056
24337,1760449689238.0,0adab909-eb8f-4baf-9eed-7a4cc889cb7c,6A:51:36:68:1B:10,,-85,1760449683056
24338,1760449689566.0,0adab909-eb8f-4baf-9eed-7a4cc889cb7c,B0:38:E2:52:57:24,,-84,1760449683056
24339,1760449689605.0,0adab909-eb8f-4baf-9eed-7a4cc889cb7c,48:F7:21:B4:4C:43,,-79,1760449683056
24340,1760449690242.0,0adab909-eb8f-4baf-9eed-7a4cc889cb7c,54:93:00:1A:14:11,,-91,1760449683056
24341,1760449690257.0,0adab909-eb8f-4baf-9eed-7a4cc889cb7c,60:9D:53:CB:3F:39,,-87,1760449683056
24342,1760449690845.0,0adab909-eb8f-4baf-9eed-7a4cc889cb7c,7D:64:2C:E1:4F:7B,,-60,1760449683056
24343,1760449690860.0,0adab909-eb8f-4baf-9eed-7a4cc889cb7c,7E:E6:8B:40:39:0D,,-92,1760449683056
24344,1760449691170.0,0adab909-eb8f-4baf-9eed-7a4cc889cb7c,71:AF:A9:7A:11:8E,,-85,1760449683056
24345,1760449691197.0,0adab909-eb8f-4baf-9eed-7a4cc889cb7c,56:D1:46:79:AC:9F,,-85,1760449683056
24346,1760449691340.0,0adab909-eb8f-4baf-9eed-7a4cc889cb7c,E4:04:39:77:B1:A7,,-78,1760449683056
24347,1760449691795.0,0adab909-eb8f-4baf-9eed-7a4cc889cb7c,6C:1F:05:D6:8D:1C,,-91,1760449683056
24348,1760449692116.0,0adab909-eb8f-4baf-9eed-7a4cc889cb7c,67:5C:15:91:E0:66,,-84,1760449683056
24349,1760449692447.0,0adab909-eb8f-4baf-9eed-7a4cc889cb7c,61:E3:08:CA:51:73,,-85,1760449683056
24350,1760449697118.0,0adab909-eb8f-4baf-9eed-7a4cc889cb7c,E4:04:39:77:B1:A7,LINK OE FR 357,-78,1760449683056
24351,1760450279858.0,0adab909-eb8f-4baf-9eed-7a4cc889cb7c,29:0E:AF:2F:8A:8D,,-70,1760450279833
24352,1760450279874.0,0adab909-eb8f-4baf-9eed-7a4cc889cb7c,65:E8:1A:98:7B:08,,-93,1760450279833
24353,1760450279886.0,0adab909-eb8f-4baf-9eed-7a4cc889cb7c,78:C5:6E:BF:52:00,,-61,1760450279833
24354,1760450280551.0,0adab909-eb8f-4baf-9eed-7a4cc889cb7c,4C:05:24:08:AA:FB,,-77,1760450279833
24355,1760450280650.0,0adab909-eb8f-4baf-9eed-7a4cc889cb7c,19:47:44:89:60:BA,,-67,1760450279833
24356,1760450281527.0,0adab909-eb8f-4baf-9eed-7a4cc889cb7c,71:D4:DE:FE:8D:01,,-82,1760450279833
24357,1760450282434.0,0adab909-eb8f-4baf-9eed-7a4cc889cb7c,E4:04:39:77:B1:A7,LINK OE FR 357,-83,1760450279833
24358,1760450282788.0,0adab909-eb8f-4baf-9eed-7a4cc889cb7c,7D:64:2C:E1:4F:7B,,-64,1760450279833
24359,1760450282802.0,0adab909-eb8f-4baf-9eed-7a4cc889cb7c,22:34:27:92:15:06,,-87,1760450279833
24360,1760450282812.0,0adab909-eb8f-4baf-9eed-7a4cc889cb7c,43:6C:5A:83:02:50,,-79,1760450279833
24361,1760450283799.0,0adab909-eb8f-4baf-9eed-7a4cc889cb7c,5A:21:0D:7D:AE:F9,,-72,1760450279833
24362,1760450284396.0,0adab909-eb8f-4baf-9eed-7a4cc889cb7c,6B:1B:1E:BB:4D:B9,,-90,1760450279833
24363,1760450286024.0,0adab909-eb8f-4baf-9eed-7a4cc889cb7c,03:5C:10:A5:35:65,,-91,1760450279833
24364,1760450286041.0,0adab909-eb8f-4baf-9eed-7a4cc889cb7c,7E:7B:F4:75:CE:93,,-75,1760450279833
24365,1760450286313.0,0adab909-eb8f-4baf-9eed-7a4cc889cb7c,4F:F6:20:CD:69:C1,,-68,1760450279833
24366,1760450286599.0,0adab909-eb8f-4baf-9eed-7a4cc889cb7c,2C:A4:A6:B1:FF:CA,,-88,1760450279833
24367,1760450287506.0,0adab909-eb8f-4baf-9eed-7a4cc889cb7c,1C:57:DC:65:23:C7,Asude MacBook Air,-100,1760450279833
24368,1760450289227.0,0adab909-eb8f-4baf-9eed-7a4cc889cb7c,16:27:6E:E8:67:17,,-90,1760450279833
24369,1760450904277.0,0adab909-eb8f-4baf-9eed-7a4cc889cb7c,59:EB:84:2D:15:EE,,-75,1760450902899
24370,1760451450402.0,0adab909-eb8f-4baf-9eed-7a4cc889cb7c,4C:96:8A:ED:6A:01,SPEN NA,-58,1760451450273
24371,1760451451045.0,0adab909-eb8f-4baf-9eed-7a4cc889cb7c,4C:96:8A:ED:6A:01,SPEN NA,-57,1760451450273
24372,1760451452658.0,0adab909-eb8f-4baf-9eed-7a4cc889cb7c,4C:96:8A:ED:6A:01,SPEN NA,-53,1760451450273
24373,1760451452957.0,0adab909-eb8f-4baf-9eed-7a4cc889cb7c,4C:96:8A:ED:6A:01,SPEN NA,-56,1760451450273
24374,1760451453257.0,0adab909-eb8f-4baf-9eed-7a4cc889cb7c,4C:96:8A:ED:6A:01,SPEN NA,-53,1760451450273
24375,1760451453582.0,0adab909-eb8f-4baf-9eed-7a4cc889cb7c,4C:96:8A:ED:6A:01,SPEN NA,-53,1760451450273
24376,1760451453890.0,0adab909-eb8f-4baf-9eed-7a4cc889cb7c,4C:96:8A:ED:6A:01,SPEN NA,-56,1760451450273
24377,1760451454535.0,0adab909-eb8f-4baf-9eed-7a4cc889cb7c,4C:96:8A:ED:6A:01,SPEN NA,-55,1760451450273
24378,1760451454893.0,0adab909-eb8f-4baf-9eed-7a4cc889cb7c,4C:96:8A:ED:6A:01,SPEN NA,-57,1760451450273
24379,1760451455478.0,0adab909-eb8f-4baf-9eed-7a4cc889cb7c,4C:96:8A:ED:6A:01,SPEN NA,-51,1760451450273
24380,1760451455785.0,0adab909-eb8f-4baf-9eed-7a4cc889cb7c,4C:96:8A:ED:6A:01,SPEN NA,-56,1760451450273
24381,1760451456238.0,0adab909-eb8f-4baf-9eed-7a4cc889cb7c,4C:96:8A:ED:6A:01,SPEN NA,-54,1760451450273
24382,1760451457180.0,0adab909-eb8f-4baf-9eed-7a4cc889cb7c,4C:96:8A:ED:6A:01,SPEN NA,-57,1760451450273
24383,1760451457720.0,0adab909-eb8f-4baf-9eed-7a4cc889cb7c,7C:B2:A6:6E:DB:D1,,-92,1760451450273
24384,1760451457784.0,0adab909-eb8f-4baf-9eed-7a4cc889cb7c,74:79:8F:FB:5E:27,,-71,1760451450273
24385,1760451458493.0,0adab909-eb8f-4baf-9eed-7a4cc889cb7c,4C:96:8A:ED:6A:01,SPEN NA,-53,1760451450273
24386,1760451458736.0,0adab909-eb8f-4baf-9eed-7a4cc889cb7c,4C:96:8A:ED:6A:01,SPEN NA,-54,1760451450273
24387,1760451459020.0,0adab909-eb8f-4baf-9eed-7a4cc889cb7c,4C:96:8A:ED:6A:01,SPEN NA,-57,1760451450273
24388,1760451459372.0,0adab909-eb8f-4baf-9eed-7a4cc889cb7c,4C:96:8A:ED:6A:01,SPEN NA,-53,1760451450273
24389,1760451459685.0,0adab909-eb8f-4baf-9eed-7a4cc889cb7c,4C:96:8A:ED:6A:01,SPEN NA,-57,1760451450273
24390,1760451459988.0,0adab909-eb8f-4baf-9eed-7a4cc889cb7c,4C:96:8A:ED:6A:01,SPEN NA,-59,1760451450273
24391,1760451463258.0,0adab909-eb8f-4baf-9eed-7a4cc889cb7c,4C:96:8A:ED:6A:01,SPEN NA,-56,1760451450273
24392,1760451466197.0,0adab909-eb8f-4baf-9eed-7a4cc889cb7c,4C:96:8A:ED:6A:01,SPEN NA,-56,1760451450273
24393,1760452078281.0,0adab909-eb8f-4baf-9eed-7a4cc889cb7c,74:79:8F:FB:5E:27,,-75,1760452071114
24394,1760452085147.0,0adab909-eb8f-4baf-9eed-7a4cc889cb7c,42:8F:AE:AC:96:D4,,-93,1760452071114
24395,1760452671971.0,0adab909-eb8f-4baf-9eed-7a4cc889cb7c,5B:2C:BE:AF:22:6A,A90 Pro,-100,1760452671076
24396,1760453271500.0,0adab909-eb8f-4baf-9eed-7a4cc889cb7c,77:42:74:9D:C5:06,,-80,1760453271043
24397,1760453274975.0,0adab909-eb8f-4baf-9eed-7a4cc889cb7c,42:E3:E2:13:0A:04,,-76,1760453271043
24398,1760453284041.0,0adab909-eb8f-4baf-9eed-7a4cc889cb7c,42:E3:E2:13:0A:04,,-83,1760453271043
24399,1760453872087.0,0adab909-eb8f-4baf-9eed-7a4cc889cb7c,4C:15:D5:B0:C1:7F,,-84,1760453871030
24400,1760453874034.0,0adab909-eb8f-4baf-9eed-7a4cc889cb7c,67:7F:8A:13:32:78,,-84,1760453871030
24401,1760454473087.0,0adab909-eb8f-4baf-9eed-7a4cc889cb7c,67:7F:8A:13:32:78,,-84,1760454471995
24402,1760454474036.0,0adab909-eb8f-4baf-9eed-7a4cc889cb7c,30:A9:1E:40:BF:D6,,-92,1760454471995
24403,1760454474051.0,0adab909-eb8f-4baf-9eed-7a4cc889cb7c,63:EE:5C:36:2D:85,,-91,1760454471995
24404,1760455071409.0,0adab909-eb8f-4baf-9eed-7a4cc889cb7c,4C:96:8A:ED:6A:01,SPEN NA,-64,1760455071326
24405,1760455071730.0,0adab909-eb8f-4baf-9eed-7a4cc889cb7c,4C:96:8A:ED:6A:01,SPEN NA,-65,1760455071326
24406,1760455072041.0,0adab909-eb8f-4baf-9eed-7a4cc889cb7c,4C:96:8A:ED:6A:01,SPEN NA,-68,1760455071326
24407,1760455072364.0,0adab909-eb8f-4baf-9eed-7a4cc889cb7c,4C:96:8A:ED:6A:01,SPEN NA,-58,1760455071326
24408,1760455072690.0,0adab909-eb8f-4baf-9eed-7a4cc889cb7c,4C:96:8A:ED:6A:01,SPEN NA,-59,1760455071326
24409,1760455072716.0,0adab909-eb8f-4baf-9eed-7a4cc889cb7c,3C:03:62:39:69:A6,,-92,1760455071326
24410,1760455073006.0,0adab909-eb8f-4baf-9eed-7a4cc889cb7c,4C:96:8A:ED:6A:01,SPEN NA,-62,1760455071326
24411,1760455074067.0,0adab909-eb8f-4baf-9eed-7a4cc889cb7c,4C:96:8A:ED:6A:01,SPEN NA,-62,1760455071326
24412,1760455074341.0,0adab909-eb8f-4baf-9eed-7a4cc889cb7c,5C:6F:73:72:B7:BF,,-76,1760455071326
24413,1760455074665.0,0adab909-eb8f-4baf-9eed-7a4cc889cb7c,4C:96:8A:ED:6A:01,SPEN NA,-59,1760455071326
24414,1760455074982.0,0adab909-eb8f-4baf-9eed-7a4cc889cb7c,4C:96:8A:ED:6A:01,SPEN NA,-62,1760455071326
24415,1760455075632.0,0adab909-eb8f-4baf-9eed-7a4cc889cb7c,4C:96:8A:ED:6A:01,SPEN NA,-59,1760455071326
24416,1760455075933.0,0adab909-eb8f-4baf-9eed-7a4cc889cb7c,4C:96:8A:ED:6A:01,SPEN NA,-62,1760455071326
24417,1760455076267.0,0adab909-eb8f-4baf-9eed-7a4cc889cb7c,4C:96:8A:ED:6A:01,SPEN NA,-58,1760455071326
24418,1760455076561.0,0adab909-eb8f-4baf-9eed-7a4cc889cb7c,4C:96:8A:ED:6A:01,SPEN NA,-61,1760455071326
24419,1760455077209.0,0adab909-eb8f-4baf-9eed-7a4cc889cb7c,4C:96:8A:ED:6A:01,SPEN NA,-60,1760455071326
24420,1760455078470.0,0adab909-eb8f-4baf-9eed-7a4cc889cb7c,4C:96:8A:ED:6A:01,SPEN NA,-64,1760455071326
24421,1760455079741.0,0adab909-eb8f-4baf-9eed-7a4cc889cb7c,4C:96:8A:ED:6A:01,SPEN NA,-67,1760455071326
24422,1760455080051.0,0adab909-eb8f-4baf-9eed-7a4cc889cb7c,4C:96:8A:ED:6A:01,SPEN NA,-63,1760455071326
24423,1760455080687.0,0adab909-eb8f-4baf-9eed-7a4cc889cb7c,4C:96:8A:ED:6A:01,SPEN NA,-68,1760455071326
24424,1760456871598.0,0adab909-eb8f-4baf-9eed-7a4cc889cb7c,59:6D:E5:63:AA:53,,-96,1760456871515
24425,1760458666988.0,0adab909-eb8f-4baf-9eed-7a4cc889cb7c,C3:F5:7F:8B:F1:7D,Hue Lamp,-90,1760458666936
24426,1760458669312.0,0adab909-eb8f-4baf-9eed-7a4cc889cb7c,72:C6:6C:71:2D:59,,-85,1760458666936
24427,1760458679919.0,0adab909-eb8f-4baf-9eed-7a4cc889cb7c,17:D0:1B:5A:A3:0E,,-73,1760458666936
24428,1760458679940.0,0adab909-eb8f-4baf-9eed-7a4cc889cb7c,C3:F5:7F:8B:F1:7D,Hue Lamp,-88,1760458666936
24429,1760458679966.0,0adab909-eb8f-4baf-9eed-7a4cc889cb7c,05:FB:63:EB:40:D5,,-84,1760458666936
24430,1760458679989.0,0adab909-eb8f-4baf-9eed-7a4cc889cb7c,2B:70:CD:42:23:BC,,-89,1760458666936
24431,1760458680932.0,0adab909-eb8f-4baf-9eed-7a4cc889cb7c,5C:4B:97:95:EF:30,,-83,1760458666936
24432,1760458682825.0,0adab909-eb8f-4baf-9eed-7a4cc889cb7c,DE:FF:EC:F6:94:7D,,-81,1760458666936
24433,1760459260396.0,0adab909-eb8f-4baf-9eed-7a4cc889cb7c,5F:E9:D8:D1:88:8F,,-85,1760459259689
24434,1760459849495.0,0adab909-eb8f-4baf-9eed-7a4cc889cb7c,7F:74:7B:56:8A:2E,,-89,1760459845228
24435,1760459850156.0,0adab909-eb8f-4baf-9eed-7a4cc889cb7c,73:73:67:A2:5E:8B,,-87,1760459845228
24436,1760459859135.0,0adab909-eb8f-4baf-9eed-7a4cc889cb7c,0E:45:F8:1B:D9:56,,-90,1760459845228
24437,1760459860175.0,0adab909-eb8f-4baf-9eed-7a4cc889cb7c,2A:AD:A5:C9:FC:62,,-92,1760459845228
24438,1760460483114.0,0adab909-eb8f-4baf-9eed-7a4cc889cb7c,42:1E:39:5A:18:DB,,-94,1760460482360
24439,1760461118780.0,0adab909-eb8f-4baf-9eed-7a4cc889cb7c,60:74:F4:75:21:D5,ihoment_H601B_21D5,-85,1760461118350
24440,1760461118802.0,0adab909-eb8f-4baf-9eed-7a4cc889cb7c,60:74:F4:72:90:3F,ihoment_H601B_903F,-84,1760461118350
24441,1760461119746.0,0adab909-eb8f-4baf-9eed-7a4cc889cb7c,5A:27:40:D3:AD:5A,,-68,1760461118350
24442,1760461119767.0,0adab909-eb8f-4baf-9eed-7a4cc889cb7c,60:74:F4:73:96:CD,ihoment_H601B_96CD,-71,1760461118350
24443,1760461120016.0,0adab909-eb8f-4baf-9eed-7a4cc889cb7c,42:1E:39:5A:18:DB,,-87,1760461118350
24444,1760461120387.0,0adab909-eb8f-4baf-9eed-7a4cc889cb7c,60:74:F4:73:99:E7,ihoment_H601B_99E7,-83,1760461118350
24445,1760461131232.0,0adab909-eb8f-4baf-9eed-7a4cc889cb7c,60:74:F4:75:21:D5,ihoment_H601B_21D5,-84,1760461118350
24446,1760461131331.0,0adab909-eb8f-4baf-9eed-7a4cc889cb7c,26:00:9E:27:3E:E4,,-88,1760461118350
24447,1760461131401.0,0adab909-eb8f-4baf-9eed-7a4cc889cb7c,60:74:F4:73:99:E7,ihoment_H601B_99E7,-76,1760461118350
24448,1760461131456.0,0adab909-eb8f-4baf-9eed-7a4cc889cb7c,20:00:65:DF:17:83,,-88,1760461118350
24449,1760461132248.0,0adab909-eb8f-4baf-9eed-7a4cc889cb7c,C4:DF:3D:18:F9:D6,,-88,1760461118350
24450,1760461132322.0,0adab909-eb8f-4baf-9eed-7a4cc889cb7c,60:74:F4:72:90:3F,ihoment_H601B_903F,-73,1760461118350
24451,1760461132391.0,0adab909-eb8f-4baf-9eed-7a4cc889cb7c,5A:27:40:D3:AD:5A,,-80,1760461118350
24452,1760461132425.0,0adab909-eb8f-4baf-9eed-7a4cc889cb7c,60:74:F4:73:96:CD,ihoment_H601B_96CD,-84,1760461118350
24453,1760461134158.0,0adab909-eb8f-4baf-9eed-7a4cc889cb7c,CD:D3:BE:48:DA:27,,-90,1760461118350
24454,1760461134181.0,0adab909-eb8f-4baf-9eed-7a4cc889cb7c,12:7A:5F:B1:7A:64,,-79,1760461118350
24455,1760461703703.0,0adab909-eb8f-4baf-9eed-7a4cc889cb7c,60:74:F4:73:99:E7,ihoment_H601B_99E7,-71,1760461703674
24456,1760461704764.0,0adab909-eb8f-4baf-9eed-7a4cc889cb7c,60:74:F4:72:90:3F,ihoment_H601B_903F,-76,1760461703674
24457,1760461704977.0,0adab909-eb8f-4baf-9eed-7a4cc889cb7c,68:90:D4:57:02:72,,-90,1760461703674
24458,1760461704989.0,0adab909-eb8f-4baf-9eed-7a4cc889cb7c,60:74:F4:73:96:CD,ihoment_H601B_96CD,-76,1760461703674
24459,1760461706338.0,0adab909-eb8f-4baf-9eed-7a4cc889cb7c,60:74:F4:75:21:D5,ihoment_H601B_21D5,-78,1760461703674
24460,1760461716621.0,0adab909-eb8f-4baf-9eed-7a4cc889cb7c,60:74:F4:73:96:CD,ihoment_H601B_96CD,-79,1760461703674
24461,1760461716639.0,0adab909-eb8f-4baf-9eed-7a4cc889cb7c,60:74:F4:72:90:3F,ihoment_H601B_903F,-74,1760461703674
24462,1760461716656.0,0adab909-eb8f-4baf-9eed-7a4cc889cb7c,11:CD:F7:D9:B8:16,,-85,1760461703674
24463,1760461716686.0,0adab909-eb8f-4baf-9eed-7a4cc889cb7c,39:8C:20:C6:92:17,,-90,1760461703674
24464,1760461716754.0,0adab909-eb8f-4baf-9eed-7a4cc889cb7c,60:74:F4:75:21:D5,ihoment_H601B_21D5,-78,1760461703674
24465,1760461717648.0,0adab909-eb8f-4baf-9eed-7a4cc889cb7c,C7:CA:7B:4D:ED:F9,,-78,1760461703674
24466,1760461718653.0,0adab909-eb8f-4baf-9eed-7a4cc889cb7c,60:74:F4:73:99:E7,ihoment_H601B_99E7,-76,1760461703674
24467,1760461718763.0,0adab909-eb8f-4baf-9eed-7a4cc889cb7c,63:3C:6D:EE:5E:42,,-88,1760461703674
24468,1760461718788.0,0adab909-eb8f-4baf-9eed-7a4cc889cb7c,68:90:D4:57:02:72,,-92,1760461703674
24469,1760462250360.0,0adab909-eb8f-4baf-9eed-7a4cc889cb7c,60:74:F4:73:99:E7,ihoment_H601B_99E7,-86,1760462249325
24470,1760462250432.0,0adab909-eb8f-4baf-9eed-7a4cc889cb7c,60:74:F4:73:96:CD,ihoment_H601B_96CD,-83,1760462249325
24471,1760462251335.0,0adab909-eb8f-4baf-9eed-7a4cc889cb7c,60:74:F4:72:90:3F,ihoment_H601B_903F,-81,1760462249325
24472,1760462910626.0,0adab909-eb8f-4baf-9eed-7a4cc889cb7c,60:74:F4:73:96:CD,ihoment_H601B_96CD,-86,1760462909910
24473,1760462910642.0,0adab909-eb8f-4baf-9eed-7a4cc889cb7c,60:74:F4:72:90:3F,ihoment_H601B_903F,-87,1760462909910
24474,1760462911921.0,0adab909-eb8f-4baf-9eed-7a4cc889cb7c,65:6D:4C:40:4D:2F,,-93,1760462909910
24475,1760462911933.0,0adab909-eb8f-4baf-9eed-7a4cc889cb7c,60:74:F4:73:99:E7,ihoment_H601B_99E7,-77,1760462909910
24476,1760462913872.0,0adab909-eb8f-4baf-9eed-7a4cc889cb7c,66:E7:0E:D4:C7:7C,,-82,1760462909910
24477,1760462917024.0,0adab909-eb8f-4baf-9eed-7a4cc889cb7c,60:74:F4:75:21:D5,ihoment_H601B_21D5,-87,1760462909910
24478,1760464686343.0,0adab909-eb8f-4baf-9eed-7a4cc889cb7c,57:3E:B1:9A:30:4A,,-88,1760464677968
24479,1760465250938.0,0adab909-eb8f-4baf-9eed-7a4cc889cb7c,CF:33:36:32:4C:1E,Govee_H6054_4C1E,-84,1760465250867
24480,1760465851163.0,0adab909-eb8f-4baf-9eed-7a4cc889cb7c,CF:33:36:32:4C:1E,Govee_H6054_4C1E,-82,1760465849750
24481,1760465854316.0,0adab909-eb8f-4baf-9eed-7a4cc889cb7c,72:22:B1:7B:68:37,,-91,1760465849750
24482,1760465862887.0,0adab909-eb8f-4baf-9eed-7a4cc889cb7c,1C:CC:97:CC:78:42,,-87,1760465849750
24483,1760465863781.0,0adab909-eb8f-4baf-9eed-7a4cc889cb7c,CF:33:36:32:4C:1E,Govee_H6054_4C1E,-80,1760465849750
24484,1760466472246.0,0adab909-eb8f-4baf-9eed-7a4cc889cb7c,CF:33:36:32:4C:1E,Govee_H6054_4C1E,-86,1760466472123
24485,1760466472656.0,0adab909-eb8f-4baf-9eed-7a4cc889cb7c,7D:FB:10:CE:95:27,,-82,1760466472123
24486,1760466484542.0,0adab909-eb8f-4baf-9eed-7a4cc889cb7c,24:8D:C9:55:BF:40,,-77,1760466472123
24487,1760466484608.0,0adab909-eb8f-4baf-9eed-7a4cc889cb7c,CF:33:36:32:4C:1E,Govee_H6054_4C1E,-82,1760466472123
24488,1760466484709.0,0adab909-eb8f-4baf-9eed-7a4cc889cb7c,CC:48:CC:87:4F:98,,-81,1760466472123
24489,1760466486699.0,0adab909-eb8f-4baf-9eed-7a4cc889cb7c,C3:F5:7F:8B:F1:7D,Hue Lamp,-91,1760466472123
24490,1760467109017.0,0adab909-eb8f-4baf-9eed-7a4cc889cb7c,CF:33:36:32:4C:1E,Govee_H6054_4C1E,-73,1760467108992
24491,1760467109109.0,0adab909-eb8f-4baf-9eed-7a4cc889cb7c,6D:08:97:08:D9:2F,,-91,1760467108992
24492,1760467109421.0,0adab909-eb8f-4baf-9eed-7a4cc889cb7c,4C:96:8A:ED:6A:01,SPEN NA,-59,1760467108992
24493,1760467109724.0,0adab909-eb8f-4baf-9eed-7a4cc889cb7c,4C:96:8A:ED:6A:01,SPEN NA,-66,1760467108992
24494,1760467110373.0,0adab909-eb8f-4baf-9eed-7a4cc889cb7c,4C:96:8A:ED:6A:01,SPEN NA,-59,1760467108992
24495,1760467111014.0,0adab909-eb8f-4baf-9eed-7a4cc889cb7c,4C:96:8A:ED:6A:01,SPEN NA,-58,1760467108992
24496,1760467111319.0,0adab909-eb8f-4baf-9eed-7a4cc889cb7c,4C:96:8A:ED:6A:01,SPEN NA,-60,1760467108992
24497,1760467111641.0,0adab909-eb8f-4baf-9eed-7a4cc889cb7c,4C:96:8A:ED:6A:01,SPEN NA,-60,1760467108992
24498,1760467112979.0,0adab909-eb8f-4baf-9eed-7a4cc889cb7c,4C:96:8A:ED:6A:01,SPEN NA,-58,1760467108992
24499,1760467113526.0,0adab909-eb8f-4baf-9eed-7a4cc889cb7c,4C:96:8A:ED:6A:01,SPEN NA,-60,1760467108992
24500,1760467115180.0,0adab909-eb8f-4baf-9eed-7a4cc889cb7c,4C:96:8A:ED:6A:01,SPEN NA,-59,1760467108992
24501,1760467115527.0,0adab909-eb8f-4baf-9eed-7a4cc889cb7c,4C:96:8A:ED:6A:01,SPEN NA,-60,1760467108992
24502,1760467115830.0,0adab909-eb8f-4baf-9eed-7a4cc889cb7c,4C:96:8A:ED:6A:01,SPEN NA,-58,1760467108992
24503,1760467116153.0,0adab909-eb8f-4baf-9eed-7a4cc889cb7c,4C:96:8A:ED:6A:01,SPEN NA,-59,1760467108992
24504,1760467116438.0,0adab909-eb8f-4baf-9eed-7a4cc889cb7c,4C:96:8A:ED:6A:01,SPEN NA,-60,1760467108992
24505,1760467116764.0,0adab909-eb8f-4baf-9eed-7a4cc889cb7c,4C:96:8A:ED:6A:01,SPEN NA,-58,1760467108992
24506,1760467117084.0,0adab909-eb8f-4baf-9eed-7a4cc889cb7c,4C:96:8A:ED:6A:01,SPEN NA,-63,1760467108992
24507,1760467117412.0,0adab909-eb8f-4baf-9eed-7a4cc889cb7c,4C:96:8A:ED:6A:01,SPEN NA,-60,1760467108992
24508,1760467117731.0,0adab909-eb8f-4baf-9eed-7a4cc889cb7c,4C:96:8A:ED:6A:01,SPEN NA,-59,1760467108992
24509,1760467118032.0,0adab909-eb8f-4baf-9eed-7a4cc889cb7c,4C:96:8A:ED:6A:01,SPEN NA,-60,1760467108992
24510,1760467118357.0,0adab909-eb8f-4baf-9eed-7a4cc889cb7c,4C:96:8A:ED:6A:01,SPEN NA,-61,1760467108992
24511,1760467118667.0,0adab909-eb8f-4baf-9eed-7a4cc889cb7c,4C:96:8A:ED:6A:01,SPEN NA,-60,1760467108992
24512,1760467118990.0,0adab909-eb8f-4baf-9eed-7a4cc889cb7c,4C:96:8A:ED:6A:01,SPEN NA,-59,1760467108992
24513,1760467121991.0,0adab909-eb8f-4baf-9eed-7a4cc889cb7c,CF:33:36:32:4C:1E,Govee_H6054_4C1E,-73,1760467108992
24514,1760467122015.0,0adab909-eb8f-4baf-9eed-7a4cc889cb7c,4C:96:8A:ED:6A:01,SPEN NA,-60,1760467108992
24515,1760467122025.0,0adab909-eb8f-4baf-9eed-7a4cc889cb7c,3F:C7:B9:C8:E7:01,,-91,1760467108992
24516,1760467122879.0,0adab909-eb8f-4baf-9eed-7a4cc889cb7c,6D:08:97:08:D9:2F,,-84,1760467108992
24517,1760467672330.0,0adab909-eb8f-4baf-9eed-7a4cc889cb7c,CF:33:36:32:4C:1E,Govee_H6054_4C1E,-85,1760467671279
24518,1760467673615.0,0adab909-eb8f-4baf-9eed-7a4cc889cb7c,70:CB:54:4A:0F:10,,-90,1760467671279
24519,1760468273342.0,0adab909-eb8f-4baf-9eed-7a4cc889cb7c,CF:33:36:32:4C:1E,Govee_H6054_4C1E,-75,1760468271262
24520,1760468279171.0,0adab909-eb8f-4baf-9eed-7a4cc889cb7c,5C:39:10:89:22:CE,,-90,1760468271262
24521,1760468871329.0,0adab909-eb8f-4baf-9eed-7a4cc889cb7c,50:0A:30:CE:45:4B,,-82,1760468871274
24522,1760468872632.0,0adab909-eb8f-4baf-9eed-7a4cc889cb7c,79:BF:F7:09:63:E0,,-88,1760468871274
24523,1760468873026.0,0adab909-eb8f-4baf-9eed-7a4cc889cb7c,CF:33:36:32:4C:1E,Govee_H6054_4C1E,-71,1760468871274
24524,1760469471971.0,0adab909-eb8f-4baf-9eed-7a4cc889cb7c,CF:33:36:32:4C:1E,Govee_H6054_4C1E,-78,1760469471893
24525,1760469472007.0,0adab909-eb8f-4baf-9eed-7a4cc889cb7c,58:48:0F:A5:D0:C2,,-87,1760469471893
24526,1760470072645.0,0adab909-eb8f-4baf-9eed-7a4cc889cb7c,CF:33:36:32:4C:1E,Govee_H6054_4C1E,-75,1760470071916
24527,1760470072982.0,0adab909-eb8f-4baf-9eed-7a4cc889cb7c,5F:BE:B9:FE:05:6C,,-88,1760470071916
24528,1760470671951.0,0adab909-eb8f-4baf-9eed-7a4cc889cb7c,CF:33:36:32:4C:1E,Govee_H6054_4C1E,-79,1760470671892
24529,1760470672952.0,0adab909-eb8f-4baf-9eed-7a4cc889cb7c,75:25:A1:5E:49:77,,-90,1760470671892
24530,1760471297838.0,0adab909-eb8f-4baf-9eed-7a4cc889cb7c,CF:33:36:32:4C:1E,Govee_H6054_4C1E,-78,1760471295138
24531,1760471300699.0,0adab909-eb8f-4baf-9eed-7a4cc889cb7c,75:25:A1:5E:49:77,,-84,1760471295138
24532,1760471308118.0,0adab909-eb8f-4baf-9eed-7a4cc889cb7c,CF:33:36:32:4C:1E,Govee_H6054_4C1E,-76,1760471295138
24533,1760471862559.0,0adab909-eb8f-4baf-9eed-7a4cc889cb7c,CF:33:36:32:4C:1E,Govee_H6054_4C1E,-80,1760471862400
24534,1760471863927.0,0adab909-eb8f-4baf-9eed-7a4cc889cb7c,10:C6:FC:73:3C:70,Car Phone,-100,1760471862400
24535,1760471866055.0,0adab909-eb8f-4baf-9eed-7a4cc889cb7c,52:F2:7D:C3:5F:5F,,-82,1760471862400
24536,1760471875322.0,0adab909-eb8f-4baf-9eed-7a4cc889cb7c,CF:33:36:32:4C:1E,Govee_H6054_4C1E,-77,1760471862400
24537,1760471875415.0,0adab909-eb8f-4baf-9eed-7a4cc889cb7c,52:F2:7D:C3:5F:5F,,-80,1760471862400
24538,1760472462848.0,0adab909-eb8f-4baf-9eed-7a4cc889cb7c,52:F2:7D:C3:5F:5F,,-80,1760472462434
24539,1760472464743.0,0adab909-eb8f-4baf-9eed-7a4cc889cb7c,CF:33:36:32:4C:1E,Govee_H6054_4C1E,-67,1760472462434
24540,1760472475507.0,0adab909-eb8f-4baf-9eed-7a4cc889cb7c,F7:46:C2:CD:4C:54,,-88,1760472462434
24541,1760472476407.0,0adab909-eb8f-4baf-9eed-7a4cc889cb7c,CF:33:36:32:4C:1E,Govee_H6054_4C1E,-71,1760472462434
24542,1760473084658.0,0adab909-eb8f-4baf-9eed-7a4cc889cb7c,E1:79:7F:0A:51:67,,-83,1760473071573
24543,1760473685578.0,0adab909-eb8f-4baf-9eed-7a4cc889cb7c,E4:7D:83:42:5D:40,,-78,1760473671545
24544,1760474310589.0,0adab909-eb8f-4baf-9eed-7a4cc889cb7c,4C:96:8A:ED:6A:01,SPEN NA,-57,1760474310483
24545,1760474310928.0,0adab909-eb8f-4baf-9eed-7a4cc889cb7c,4C:96:8A:ED:6A:01,SPEN NA,-53,1760474310483
24546,1760474311212.0,0adab909-eb8f-4baf-9eed-7a4cc889cb7c,4C:96:8A:ED:6A:01,SPEN NA,-53,1760474310483
24547,1760474311530.0,0adab909-eb8f-4baf-9eed-7a4cc889cb7c,4C:96:8A:ED:6A:01,SPEN NA,-50,1760474310483
24548,1760474311850.0,0adab909-eb8f-4baf-9eed-7a4cc889cb7c,4C:96:8A:ED:6A:01,SPEN NA,-51,1760474310483
24549,1760474312162.0,0adab909-eb8f-4baf-9eed-7a4cc889cb7c,4C:96:8A:ED:6A:01,SPEN NA,-53,1760474310483
24550,1760474312487.0,0adab909-eb8f-4baf-9eed-7a4cc889cb7c,4C:96:8A:ED:6A:01,SPEN NA,-51,1760474310483
24551,1760474312810.0,0adab909-eb8f-4baf-9eed-7a4cc889cb7c,4C:96:8A:ED:6A:01,SPEN NA,-51,1760474310483
24552,1760474314184.0,0adab909-eb8f-4baf-9eed-7a4cc889cb7c,4C:96:8A:ED:6A:01,SPEN NA,-53,1760474310483
24553,1760474315745.0,0adab909-eb8f-4baf-9eed-7a4cc889cb7c,4C:96:8A:ED:6A:01,SPEN NA,-50,1760474310483
24554,1760474316381.0,0adab909-eb8f-4baf-9eed-7a4cc889cb7c,4C:96:8A:ED:6A:01,SPEN NA,-51,1760474310483
24555,1760474317012.0,0adab909-eb8f-4baf-9eed-7a4cc889cb7c,4C:96:8A:ED:6A:01,SPEN NA,-53,1760474310483
24556,1760474317322.0,0adab909-eb8f-4baf-9eed-7a4cc889cb7c,4C:96:8A:ED:6A:01,SPEN NA,-51,1760474310483
24557,1760474317641.0,0adab909-eb8f-4baf-9eed-7a4cc889cb7c,4C:96:8A:ED:6A:01,SPEN NA,-52,1760474310483
24558,1760474317941.0,0adab909-eb8f-4baf-9eed-7a4cc889cb7c,4C:96:8A:ED:6A:01,SPEN NA,-56,1760474310483
24559,1760474318254.0,0adab909-eb8f-4baf-9eed-7a4cc889cb7c,4C:96:8A:ED:6A:01,SPEN NA,-51,1760474310483
24560,1760474318919.0,0adab909-eb8f-4baf-9eed-7a4cc889cb7c,4C:96:8A:ED:6A:01,SPEN NA,-53,1760474310483
24561,1760474319532.0,0adab909-eb8f-4baf-9eed-7a4cc889cb7c,4C:96:8A:ED:6A:01,SPEN NA,-51,1760474310483
24562,1760474320146.0,0adab909-eb8f-4baf-9eed-7a4cc889cb7c,4C:96:8A:ED:6A:01,SPEN NA,-53,1760474310483
24563,1760474320474.0,0adab909-eb8f-4baf-9eed-7a4cc889cb7c,4C:96:8A:ED:6A:01,SPEN NA,-51,1760474310483
24564,1760474323401.0,0adab909-eb8f-4baf-9eed-7a4cc889cb7c,4C:96:8A:ED:6A:01,SPEN NA,-50,1760474310483
24565,1760474850346.0,0adab909-eb8f-4baf-9eed-7a4cc889cb7c,6F:65:8C:60:C4:B2,,-86,1760474849951
24566,1760474851353.0,0adab909-eb8f-4baf-9eed-7a4cc889cb7c,7E:9F:BE:65:12:FD,,-90,1760474849951
24567,1760474862990.0,0adab909-eb8f-4baf-9eed-7a4cc889cb7c,F2:BC:9C:E3:35:DC,,-79,1760474849951
24568,1760476080488.0,0adab909-eb8f-4baf-9eed-7a4cc889cb7c,CE:69:D9:75:2A:35,,-89,1760476065483
24569,1760476671313.0,0adab909-eb8f-4baf-9eed-7a4cc889cb7c,49:9F:21:BE:7D:13,,-77,1760476671265
24570,1760476671711.0,0adab909-eb8f-4baf-9eed-7a4cc889cb7c,69:3C:FD:44:77:C7,,-73,1760476671265
24571,1760476672368.0,0adab909-eb8f-4baf-9eed-7a4cc889cb7c,78:78:5A:14:F4:CF,,-73,1760476671265
24572,1760476684176.0,0adab909-eb8f-4baf-9eed-7a4cc889cb7c,78:78:5A:14:F4:CF,,-75,1760476671265
24573,1760476684221.0,0adab909-eb8f-4baf-9eed-7a4cc889cb7c,49:9F:21:BE:7D:13,,-80,1760476671265
24574,1760476684235.0,0adab909-eb8f-4baf-9eed-7a4cc889cb7c,DD:7A:6F:57:A3:75,,-87,1760476671265
24575,1760476684263.0,0adab909-eb8f-4baf-9eed-7a4cc889cb7c,F2:26:B8:43:6C:8F,,-79,1760476671265
24576,1760476685219.0,0adab909-eb8f-4baf-9eed-7a4cc889cb7c,69:3C:FD:44:77:C7,,-70,1760476671265
24577,1760477271420.0,0adab909-eb8f-4baf-9eed-7a4cc889cb7c,78:78:5A:14:F4:CF,,-73,1760477271244
24578,1760477272105.0,0adab909-eb8f-4baf-9eed-7a4cc889cb7c,49:9F:21:BE:7D:13,,-90,1760477271244
24579,1760477274586.0,0adab909-eb8f-4baf-9eed-7a4cc889cb7c,69:3C:FD:44:77:C7,,-79,1760477271244
24580,1760477284293.0,0adab909-eb8f-4baf-9eed-7a4cc889cb7c,49:9F:21:BE:7D:13,,-72,1760477271244
24581,1760477284314.0,0adab909-eb8f-4baf-9eed-7a4cc889cb7c,78:78:5A:14:F4:CF,,-73,1760477271244
24582,1760477871661.0,0adab909-eb8f-4baf-9eed-7a4cc889cb7c,79:53:D2:AE:11:CD,,-80,1760477871246
24583,1760477872324.0,0adab909-eb8f-4baf-9eed-7a4cc889cb7c,63:C8:54:16:A3:7D,,-80,1760477871246
24584,1760477872342.0,0adab909-eb8f-4baf-9eed-7a4cc889cb7c,65:97:30:98:74:7F,,-80,1760477871246
24585,1760477884176.0,0adab909-eb8f-4baf-9eed-7a4cc889cb7c,79:53:D2:AE:11:CD,,-82,1760477871246
24586,1760477885298.0,0adab909-eb8f-4baf-9eed-7a4cc889cb7c,63:C8:54:16:A3:7D,,-76,1760477871246
24587,1760477885317.0,0adab909-eb8f-4baf-9eed-7a4cc889cb7c,65:97:30:98:74:7F,,-77,1760477871246
24588,1760478471397.0,0adab909-eb8f-4baf-9eed-7a4cc889cb7c,41:00:A8:32:75:FF,,-83,1760478471346
24589,1760478475292.0,0adab909-eb8f-4baf-9eed-7a4cc889cb7c,50:67:80:BC:EC:EB,,-79,1760478471346
24590,1760478476615.0,0adab909-eb8f-4baf-9eed-7a4cc889cb7c,40:16:41:D9:D4:F8,,-77,1760478471346
24591,1760478484317.0,0adab909-eb8f-4baf-9eed-7a4cc889cb7c,40:16:41:D9:D4:F8,,-79,1760478471346
24592,1760478484388.0,0adab909-eb8f-4baf-9eed-7a4cc889cb7c,50:67:80:BC:EC:EB,,-79,1760478471346
24593,1760478485273.0,0adab909-eb8f-4baf-9eed-7a4cc889cb7c,EE:3A:D7:72:B7:18,,-76,1760478471346
24594,1760478485393.0,0adab909-eb8f-4baf-9eed-7a4cc889cb7c,41:00:A8:32:75:FF,,-80,1760478471346
24595,1760478487351.0,0adab909-eb8f-4baf-9eed-7a4cc889cb7c,EE:3A:D7:72:B7:18,,-77,1760478471346
24596,1760478487369.0,0adab909-eb8f-4baf-9eed-7a4cc889cb7c,41:00:A8:32:75:FF,,-83,1760478471346
24597,1760479051516.0,0adab909-eb8f-4baf-9eed-7a4cc889cb7c,41:00:A8:32:75:FF,,-81,1760479051431
24598,1760479052190.0,0adab909-eb8f-4baf-9eed-7a4cc889cb7c,50:67:80:BC:EC:EB,,-70,1760479051431
24599,1760479056036.0,0adab909-eb8f-4baf-9eed-7a4cc889cb7c,40:16:41:D9:D4:F8,,-71,1760479051431
24600,1760479064328.0,0adab909-eb8f-4baf-9eed-7a4cc889cb7c,50:67:80:BC:EC:EB,,-76,1760479051431
24601,1760479064524.0,0adab909-eb8f-4baf-9eed-7a4cc889cb7c,C7:A6:BE:F0:BB:31,,-76,1760479051431
24602,1760479065372.0,0adab909-eb8f-4baf-9eed-7a4cc889cb7c,40:16:41:D9:D4:F8,,-69,1760479051431
24603,1760479656984.0,0adab909-eb8f-4baf-9eed-7a4cc889cb7c,41:26:36:2F:18:D1,,-76,1760479656870
24604,1760479657261.0,0adab909-eb8f-4baf-9eed-7a4cc889cb7c,49:39:80:85:17:BE,,-72,1760479656870
24605,1760479658247.0,0adab909-eb8f-4baf-9eed-7a4cc889cb7c,4D:05:74:70:31:EC,,-68,1760479656870
24606,1760479669858.0,0adab909-eb8f-4baf-9eed-7a4cc889cb7c,CB:9B:4B:5E:E0:44,,-71,1760479656870
24607,1760479669939.0,0adab909-eb8f-4baf-9eed-7a4cc889cb7c,49:39:80:85:17:BE,,-73,1760479656870
24608,1760479670911.0,0adab909-eb8f-4baf-9eed-7a4cc889cb7c,4D:05:74:70:31:EC,,-71,1760479656870
24609,1760479672682.0,0adab909-eb8f-4baf-9eed-7a4cc889cb7c,41:26:36:2F:18:D1,,-70,1760479656870
24610,1760480271448.0,0adab909-eb8f-4baf-9eed-7a4cc889cb7c,4A:48:43:52:A4:EB,,127,1760480271360
24611,1760480272172.0,0adab909-eb8f-4baf-9eed-7a4cc889cb7c,7D:26:C0:B8:EC:B2,,-83,1760480271360
24612,1760480273065.0,0adab909-eb8f-4baf-9eed-7a4cc889cb7c,5F:71:09:B5:97:09,,-78,1760480271360
24613,1760480284328.0,0adab909-eb8f-4baf-9eed-7a4cc889cb7c,4A:48:43:52:A4:EB,,-82,1760480271360
24614,1760480284393.0,0adab909-eb8f-4baf-9eed-7a4cc889cb7c,5F:71:09:B5:97:09,,-82,1760480271360
24615,1760480871932.0,0adab909-eb8f-4baf-9eed-7a4cc889cb7c,4A:48:43:52:A4:EB,,-73,1760480871388
24616,1760480872806.0,0adab909-eb8f-4baf-9eed-7a4cc889cb7c,5F:71:09:B5:97:09,,-68,1760480871388
24617,1760480873377.0,0adab909-eb8f-4baf-9eed-7a4cc889cb7c,7D:26:C0:B8:EC:B2,,-83,1760480871388
24618,1760480884352.0,0adab909-eb8f-4baf-9eed-7a4cc889cb7c,5F:71:09:B5:97:09,,-77,1760480871388
24619,1760480884506.0,0adab909-eb8f-4baf-9eed-7a4cc889cb7c,4A:48:43:52:A4:EB,,-81,1760480871388
24620,1760480885474.0,0adab909-eb8f-4baf-9eed-7a4cc889cb7c,7D:26:C0:B8:EC:B2,,-68,1760480871388
24621,1760481473188.0,0adab909-eb8f-4baf-9eed-7a4cc889cb7c,73:31:93:B0:18:40,,-84,1760481472756
24622,1760481473796.0,0adab909-eb8f-4baf-9eed-7a4cc889cb7c,44:11:0D:1A:36:F7,,-81,1760481472756
24623,1760481475128.0,0adab909-eb8f-4baf-9eed-7a4cc889cb7c,7B:B2:BF:86:52:83,,-81,1760481472756
24624,1760482079171.0,0adab909-eb8f-4baf-9eed-7a4cc889cb7c,4A:D7:22:6D:08:EC,,-89,1760482077721
24625,1760482079188.0,0adab909-eb8f-4baf-9eed-7a4cc889cb7c,55:95:95:29:38:61,,-88,1760482077721
24626,1760482678434.0,0adab909-eb8f-4baf-9eed-7a4cc889cb7c,45:73:BA:06:C8:9B,,-86,1760482677712
24627,1760482683027.0,0adab909-eb8f-4baf-9eed-7a4cc889cb7c,56:71:9A:AF:58:13,,-74,1760482677712
24628,1760482683040.0,0adab909-eb8f-4baf-9eed-7a4cc889cb7c,4D:C6:BA:04:8E:8A,,-74,1760482677712
24629,1760483278484.0,0adab909-eb8f-4baf-9eed-7a4cc889cb7c,45:73:BA:06:C8:9B,,-83,1760483277744
24630,1760483279137.0,0adab909-eb8f-4baf-9eed-7a4cc889cb7c,56:71:9A:AF:58:13,,-76,1760483277744
24631,1760483281717.0,0adab909-eb8f-4baf-9eed-7a4cc889cb7c,4D:C6:BA:04:8E:8A,,-77,1760483277744
24632,1760483869723.0,0adab909-eb8f-4baf-9eed-7a4cc889cb7c,53:4D:58:67:AC:8F,,-78,1760483869713
24633,1760483870447.0,0adab909-eb8f-4baf-9eed-7a4cc889cb7c,79:04:45:AF:BF:AC,,-76,1760483869713
24634,1760483872049.0,0adab909-eb8f-4baf-9eed-7a4cc889cb7c,7B:ED:E2:D6:AC:7B,,-79,1760483869713
24635,1760484469843.0,0adab909-eb8f-4baf-9eed-7a4cc889cb7c,60:D5:C1:82:50:58,,-80,1760484469706
24636,1760484470478.0,0adab909-eb8f-4baf-9eed-7a4cc889cb7c,71:6C:1A:59:0D:13,,-83,1760484469706
24637,1760484474001.0,0adab909-eb8f-4baf-9eed-7a4cc889cb7c,7E:DA:7B:50:94:DE,,-76,1760484469706
24638,1760485070778.0,0adab909-eb8f-4baf-9eed-7a4cc889cb7c,62:08:87:5E:30:DD,,-78,1760485069694
24639,1760485070793.0,0adab909-eb8f-4baf-9eed-7a4cc889cb7c,5C:CB:54:C8:84:0D,,-74,1760485069694
24640,1760485079131.0,0adab909-eb8f-4baf-9eed-7a4cc889cb7c,69:A2:FB:96:37:30,,-79,1760485069694
24641,1760485652790.0,0adab909-eb8f-4baf-9eed-7a4cc889cb7c,62:0F:74:2F:C3:90,,-82,1760485652698
24642,1760485653836.0,0adab909-eb8f-4baf-9eed-7a4cc889cb7c,60:1A:8C:C7:B7:6B,,-87,1760485652698
24643,1760485657648.0,0adab909-eb8f-4baf-9eed-7a4cc889cb7c,53:B0:BE:13:4E:A6,,-83,1760485652698
24644,1760486255089.0,0adab909-eb8f-4baf-9eed-7a4cc889cb7c,62:0F:74:2F:C3:90,,-80,1760486252696
24645,1760486255102.0,0adab909-eb8f-4baf-9eed-7a4cc889cb7c,60:1A:8C:C7:B7:6B,,-83,1760486252696
24646,1760486261444.0,0adab909-eb8f-4baf-9eed-7a4cc889cb7c,53:B0:BE:13:4E:A6,,-85,1760486252696
24647,1760486852754.0,0adab909-eb8f-4baf-9eed-7a4cc889cb7c,6D:CA:68:23:B8:81,,-81,1760486852685
24648,1760486853038.0,0adab909-eb8f-4baf-9eed-7a4cc889cb7c,42:5A:34:97:F0:82,,-87,1760486852685
24649,1760486854738.0,0adab909-eb8f-4baf-9eed-7a4cc889cb7c,7D:94:ED:6C:C1:2C,,-80,1760486852685
24650,1760487446426.0,0adab909-eb8f-4baf-9eed-7a4cc889cb7c,42:5A:34:97:F0:82,,-82,1760487445696
24651,1760487447094.0,0adab909-eb8f-4baf-9eed-7a4cc889cb7c,6D:CA:68:23:B8:81,,-84,1760487445696
24652,1760487449325.0,0adab909-eb8f-4baf-9eed-7a4cc889cb7c,7D:94:ED:6C:C1:2C,,-85,1760487445696
24653,1760488046735.0,0adab909-eb8f-4baf-9eed-7a4cc889cb7c,56:93:4D:8E:0B:14,,-87,1760488045656
24654,1760488046753.0,0adab909-eb8f-4baf-9eed-7a4cc889cb7c,67:74:B4:71:02:40,,-82,1760488045656
24655,1760488047085.0,0adab909-eb8f-4baf-9eed-7a4cc889cb7c,79:EB:BE:24:C4:0A,,-78,1760488045656
24656,1760488646701.0,0adab909-eb8f-4baf-9eed-7a4cc889cb7c,56:31:6D:BC:54:AC,,-79,1760488646668
24657,1760488646747.0,0adab909-eb8f-4baf-9eed-7a4cc889cb7c,66:78:C6:B7:5D:0A,,-79,1760488646668
24658,1760488647069.0,0adab909-eb8f-4baf-9eed-7a4cc889cb7c,5B:A2:7D:66:64:9E,,-81,1760488646668
24659,1760489266072.0,0adab909-eb8f-4baf-9eed-7a4cc889cb7c,66:78:C6:B7:5D:0A,,-80,1760489265683
24660,1760489266767.0,0adab909-eb8f-4baf-9eed-7a4cc889cb7c,56:31:6D:BC:54:AC,,-87,1760489265683
24661,1760489268769.0,0adab909-eb8f-4baf-9eed-7a4cc889cb7c,5B:A2:7D:66:64:9E,,-88,1760489265683
24662,1760489866362.0,0adab909-eb8f-4baf-9eed-7a4cc889cb7c,4D:4E:BA:A7:97:C3,,-85,1760489865650
24663,1760489867649.0,0adab909-eb8f-4baf-9eed-7a4cc889cb7c,77:67:D4:70:CC:61,,-81,1760489865650
24664,1760489867663.0,0adab909-eb8f-4baf-9eed-7a4cc889cb7c,41:F7:F7:D2:D0:35,,-87,1760489865650
24665,1760491056714.0,0adab909-eb8f-4baf-9eed-7a4cc889cb7c,6C:6F:F9:B1:B4:46,,-85,1760491056650
24666,1760494051980.0,0adab909-eb8f-4baf-9eed-7a4cc889cb7c,42:CB:07:4F:B0:24,,-86,1760494048614
24667,1760495310609.0,0adab909-eb8f-4baf-9eed-7a4cc889cb7c,6B:F4:93:BE:72:CE,,-87,1760495300616
24668,1760498289579.0,0adab909-eb8f-4baf-9eed-7a4cc889cb7c,72:8E:B2:E0:35:E9,,-90,1760498284611
24669,1760498886958.0,0adab909-eb8f-4baf-9eed-7a4cc889cb7c,00:22:BB:AD:06:37,beyerdynamic VERIO 200,-94,1760498884590
24670,1760498886972.0,0adab909-eb8f-4baf-9eed-7a4cc889cb7c,60:95:CF:A7:55:0B,,-88,1760498884590
24671,1760500083028.0,0adab909-eb8f-4baf-9eed-7a4cc889cb7c,74:58:C1:98:29:2C,,-72,1760500076569
24672,1760503068603.0,0adab909-eb8f-4baf-9eed-7a4cc889cb7c,40:BB:57:5F:3E:10,,-87,1760503068556
24673,1760504861520.0,0adab909-eb8f-4baf-9eed-7a4cc889cb7c,33:8B:B4:B7:75:AC,,-95,1760504859153
24674,1760504864329.0,0adab909-eb8f-4baf-9eed-7a4cc889cb7c,59:FB:31:D9:DD:67,,-80,1760504859153
24675,1760504865973.0,0adab909-eb8f-4baf-9eed-7a4cc889cb7c,34:CB:A6:C1:96:5F,,-90,1760504859153
24676,1760506654837.0,0adab909-eb8f-4baf-9eed-7a4cc889cb7c,76:4A:9F:D6:0A:97,,-90,1760506652509
24677,1760507311007.0,0adab909-eb8f-4baf-9eed-7a4cc889cb7c,72:FE:34:5F:E9:AA,,-89,1760507304517
24678,1760507907570.0,0adab909-eb8f-4baf-9eed-7a4cc889cb7c,5E:FD:30:CD:1F:62,,-93,1760507904535
24679,1760507913274.0,0adab909-eb8f-4baf-9eed-7a4cc889cb7c,43:39:18:96:5E:76,,-90,1760507904535
24680,1760509096626.0,0adab909-eb8f-4baf-9eed-7a4cc889cb7c,BC:75:36:FF:47:38,,-100,1760509096503
24681,1760509100789.0,0adab909-eb8f-4baf-9eed-7a4cc889cb7c,60:72:B5:9E:9B:E8,,-93,1760509096503
24682,1760513882721.0,0adab909-eb8f-4baf-9eed-7a4cc889cb7c,7F:76:9C:F1:89:E3,,-93,1760513879439
24683,1760513883668.0,0adab909-eb8f-4baf-9eed-7a4cc889cb7c,61:20:6D:7E:A6:D4,,-89,1760513879439
24684,1760515673848.0,0adab909-eb8f-4baf-9eed-7a4cc889cb7c,47:DF:A0:94:AB:F6,,-89,1760515672446
24685,1760515675112.0,0adab909-eb8f-4baf-9eed-7a4cc889cb7c,24:A3:55:99:FD:39,,-82,1760515672446
24686,1760519256743.0,0adab909-eb8f-4baf-9eed-7a4cc889cb7c,7C:72:D6:77:4F:95,,-94,1760519256381
24687,1760519264221.0,0adab909-eb8f-4baf-9eed-7a4cc889cb7c,46:44:16:DE:41:9A,,-92,1760519256381
24688,1760519266050.0,0adab909-eb8f-4baf-9eed-7a4cc889cb7c,4E:16:6A:3F:8D:73,,-91,1760519256381
24689,1760519848415.0,0adab909-eb8f-4baf-9eed-7a4cc889cb7c,7E:16:38:0C:00:75,,-89,1760519848377
24690,1760520453581.0,0adab909-eb8f-4baf-9eed-7a4cc889cb7c,09:C0:33:F6:DC:73,,-89,1760520448389
24691,1760521048400.0,0adab909-eb8f-4baf-9eed-7a4cc889cb7c,34:4D:56:5A:47:5A,,-94,1760521048378
24692,1760522889455.0,0adab909-eb8f-4baf-9eed-7a4cc889cb7c,C3:F5:7F:8B:F1:7D,Hue Lamp,-83,1760522882000
24693,1760522894936.0,0adab909-eb8f-4baf-9eed-7a4cc889cb7c,F4:FE:FB:45:44:C9,,-81,1760522882000
24694,1760522895891.0,0adab909-eb8f-4baf-9eed-7a4cc889cb7c,C3:F5:7F:8B:F1:7D,Hue Lamp,-81,1760522882000
24695,1760522896012.0,0adab909-eb8f-4baf-9eed-7a4cc889cb7c,CA:CF:51:57:C6:49,,-81,1760522882000
24696,1760523464155.0,0adab909-eb8f-4baf-9eed-7a4cc889cb7c,30:8E:35:E4:73:F1,,-90,1760523463084
24697,1760523464450.0,0adab909-eb8f-4baf-9eed-7a4cc889cb7c,03:1D:53:39:0D:63,,-93,1760523463084
24698,1760524676542.0,0adab909-eb8f-4baf-9eed-7a4cc889cb7c,75:AC:19:C9:B1:87,,-93,1760524671349
24699,1760524678827.0,0adab909-eb8f-4baf-9eed-7a4cc889cb7c,65:02:C5:35:A2:40,,-81,1760524671349
24700,1760524679513.0,0adab909-eb8f-4baf-9eed-7a4cc889cb7c,5C:17:1E:69:6E:89,,-87,1760524671349
24701,1760524680367.0,0adab909-eb8f-4baf-9eed-7a4cc889cb7c,69:88:99:37:6E:94,,-91,1760524671349
24702,1760524680382.0,0adab909-eb8f-4baf-9eed-7a4cc889cb7c,4D:61:14:82:14:DD,,-88,1760524671349
24703,1760524680395.0,0adab909-eb8f-4baf-9eed-7a4cc889cb7c,7A:80:78:BB:F3:B2,,-85,1760524671349
24704,1760524680407.0,0adab909-eb8f-4baf-9eed-7a4cc889cb7c,57:CC:6D:5C:44:0F,,-88,1760524671349
24705,1760524681362.0,0adab909-eb8f-4baf-9eed-7a4cc889cb7c,47:69:45:D4:E0:B4,,-88,1760524671349
24706,1760525246715.0,0adab909-eb8f-4baf-9eed-7a4cc889cb7c,4C:96:8A:ED:6A:01,SPEN NA,-59,1760525246679
24707,1760525247144.0,0adab909-eb8f-4baf-9eed-7a4cc889cb7c,4C:96:8A:ED:6A:01,SPEN NA,-64,1760525246679
24708,1760525247456.0,0adab909-eb8f-4baf-9eed-7a4cc889cb7c,4C:96:8A:ED:6A:01,SPEN NA,-65,1760525246679
24709,1760525248093.0,0adab909-eb8f-4baf-9eed-7a4cc889cb7c,4C:96:8A:ED:6A:01,SPEN NA,-58,1760525246679
24710,1760525248400.0,0adab909-eb8f-4baf-9eed-7a4cc889cb7c,4C:96:8A:ED:6A:01,SPEN NA,-61,1760525246679
24711,1760525248729.0,0adab909-eb8f-4baf-9eed-7a4cc889cb7c,4C:96:8A:ED:6A:01,SPEN NA,-58,1760525246679
24712,1760525249028.0,0adab909-eb8f-4baf-9eed-7a4cc889cb7c,4C:96:8A:ED:6A:01,SPEN NA,-59,1760525246679
24713,1760525249354.0,0adab909-eb8f-4baf-9eed-7a4cc889cb7c,4C:96:8A:ED:6A:01,SPEN NA,-61,1760525246679
24714,1760525249684.0,0adab909-eb8f-4baf-9eed-7a4cc889cb7c,4C:96:8A:ED:6A:01,SPEN NA,-60,1760525246679
24715,1760525250310.0,0adab909-eb8f-4baf-9eed-7a4cc889cb7c,4C:96:8A:ED:6A:01,SPEN NA,-61,1760525246679
24716,1760525250619.0,0adab909-eb8f-4baf-9eed-7a4cc889cb7c,4C:96:8A:ED:6A:01,SPEN NA,-58,1760525246679
24717,1760525251253.0,0adab909-eb8f-4baf-9eed-7a4cc889cb7c,4C:96:8A:ED:6A:01,SPEN NA,-61,1760525246679
24718,1760525251551.0,0adab909-eb8f-4baf-9eed-7a4cc889cb7c,4C:96:8A:ED:6A:01,SPEN NA,-59,1760525246679
24719,1760525251865.0,0adab909-eb8f-4baf-9eed-7a4cc889cb7c,4C:96:8A:ED:6A:01,SPEN NA,-62,1760525246679
24720,1760525253461.0,0adab909-eb8f-4baf-9eed-7a4cc889cb7c,4C:96:8A:ED:6A:01,SPEN NA,-63,1760525246679
24721,1760525254510.0,0adab909-eb8f-4baf-9eed-7a4cc889cb7c,4C:96:8A:ED:6A:01,SPEN NA,-63,1760525246679
24722,1760525255125.0,0adab909-eb8f-4baf-9eed-7a4cc889cb7c,4C:96:8A:ED:6A:01,SPEN NA,-64,1760525246679
24723,1760525255751.0,0adab909-eb8f-4baf-9eed-7a4cc889cb7c,4C:96:8A:ED:6A:01,SPEN NA,-58,1760525246679
24724,1760525256077.0,0adab909-eb8f-4baf-9eed-7a4cc889cb7c,4C:96:8A:ED:6A:01,SPEN NA,-65,1760525246679
24725,1760525256383.0,0adab909-eb8f-4baf-9eed-7a4cc889cb7c,4C:96:8A:ED:6A:01,SPEN NA,-63,1760525246679
24726,1760525862302.0,0adab909-eb8f-4baf-9eed-7a4cc889cb7c,56:8C:F5:82:B4:56,,-89,1760525861583
24727,1760527072603.0,0adab909-eb8f-4baf-9eed-7a4cc889cb7c,5D:44:FA:0E:7B:57,,-92,1760527071179
24728,1760527074132.0,0adab909-eb8f-4baf-9eed-7a4cc889cb7c,5D:F7:6D:86:03:21,,-87,1760527071179
24729,1760527074148.0,0adab909-eb8f-4baf-9eed-7a4cc889cb7c,45:9F:7A:A4:5E:CB,,-87,1760527071179
24730,1760527086425.0,0adab909-eb8f-4baf-9eed-7a4cc889cb7c,E3:07:45:0B:3F:A5,,-91,1760527071179
24731,1760527086525.0,0adab909-eb8f-4baf-9eed-7a4cc889cb7c,17:C3:8A:5A:54:16,,-89,1760527071179
24732,1760527684322.0,0adab909-eb8f-4baf-9eed-7a4cc889cb7c,FA:0D:63:58:DF:51,,-94,1760527671206
24733,1760528275143.0,0adab909-eb8f-4baf-9eed-7a4cc889cb7c,C3:F5:7F:8B:F1:7D,Hue Lamp,-86,1760528271167
24734,1760528866361.0,0adab909-eb8f-4baf-9eed-7a4cc889cb7c,46:A1:77:78:B9:AA,,-93,1760528865023
24735,1760528877878.0,0adab909-eb8f-4baf-9eed-7a4cc889cb7c,22:B4:55:D5:E8:20,,-81,1760528865023
24736,1760530077275.0,0adab909-eb8f-4baf-9eed-7a4cc889cb7c,75:6B:FE:0D:C7:50,,-91,1760530071395
24737,1760530673447.0,0adab909-eb8f-4baf-9eed-7a4cc889cb7c,7E:78:65:75:9A:7A,,-90,1760530671388
24738,1760530679487.0,0adab909-eb8f-4baf-9eed-7a4cc889cb7c,51:91:44:AB:D8:47,,-94,1760530671388
24739,1760530684469.0,0adab909-eb8f-4baf-9eed-7a4cc889cb7c,40:CC:AB:2B:50:DB,,-92,1760530671388
24740,1760531270013.0,0adab909-eb8f-4baf-9eed-7a4cc889cb7c,43:9C:34:ED:25:AD,,-79,1760531269266
24741,1760531270029.0,0adab909-eb8f-4baf-9eed-7a4cc889cb7c,60:61:36:17:30:32,,-76,1760531269266
24742,1760531270541.0,0adab909-eb8f-4baf-9eed-7a4cc889cb7c,B2:09:39:EF:89:4D,,-100,1760531269266
24743,1760531271036.0,0adab909-eb8f-4baf-9eed-7a4cc889cb7c,B2:09:39:EF:89:4D,DAB-006,-100,1760531269266
24744,1760531271934.0,0adab909-eb8f-4baf-9eed-7a4cc889cb7c,5A:E2:C1:27:E6:82,,-89,1760531269266
24745,1760531273543.0,0adab909-eb8f-4baf-9eed-7a4cc889cb7c,7D:6B:51:F1:3F:91,,-75,1760531269266
24746,1760531274152.0,0adab909-eb8f-4baf-9eed-7a4cc889cb7c,4A:37:9C:B6:55:F9,,-91,1760531269266
24747,1760531277713.0,0adab909-eb8f-4baf-9eed-7a4cc889cb7c,69:36:19:DC:6C:AF,,-93,1760531269266
24748,1760531871440.0,0adab909-eb8f-4baf-9eed-7a4cc889cb7c,63:79:34:DD:A9:9F,,-89,1760531871377
24749,1760531871456.0,0adab909-eb8f-4baf-9eed-7a4cc889cb7c,74:F1:62:A3:2D:30,,-81,1760531871377
24750,1760531871466.0,0adab909-eb8f-4baf-9eed-7a4cc889cb7c,37:61:A5:99:CE:E8,,-79,1760531871377
24751,1760531871476.0,0adab909-eb8f-4baf-9eed-7a4cc889cb7c,49:2F:7E:79:91:C9,,-89,1760531871377
24752,1760531871485.0,0adab909-eb8f-4baf-9eed-7a4cc889cb7c,50:63:FD:66:57:5B,,-75,1760531871377
24753,1760531871781.0,0adab909-eb8f-4baf-9eed-7a4cc889cb7c,72:71:C7:EB:49:DD,,-90,1760531871377
24754,1760531871798.0,0adab909-eb8f-4baf-9eed-7a4cc889cb7c,78:12:2A:3D:00:E7,,-62,1760531871377
24755,1760531871809.0,0adab909-eb8f-4baf-9eed-7a4cc889cb7c,7A:09:C1:8F:E6:5E,,-81,1760531871377
24756,1760531872046.0,0adab909-eb8f-4baf-9eed-7a4cc889cb7c,A0:D0:5B:93:00:C8,[TV] Samsung QHB Series,-89,1760531871377
24757,1760531872071.0,0adab909-eb8f-4baf-9eed-7a4cc889cb7c,A8:00:E3:7A:37:9A,,-80,1760531871377
24758,1760531872105.0,0adab909-eb8f-4baf-9eed-7a4cc889cb7c,75:5A:81:CC:47:F8,,-78,1760531871377
24759,1760531872122.0,0adab909-eb8f-4baf-9eed-7a4cc889cb7c,74:60:34:62:35:6D,,-86,1760531871377
24760,1760531872135.0,0adab909-eb8f-4baf-9eed-7a4cc889cb7c,7F:0E:78:E6:97:0D,Galaxy Watch6 Classic (M5HY),-83,1760531871377
24761,1760531872148.0,0adab909-eb8f-4baf-9eed-7a4cc889cb7c,73:CF:3C:80:02:64,Galaxy Watch4 (D38L),-74,1760531871377
24762,1760531872268.0,0adab909-eb8f-4baf-9eed-7a4cc889cb7c,FC:04:1C:83:F3:6E,,-99,1760531871377
24763,1760531872456.0,0adab909-eb8f-4baf-9eed-7a4cc889cb7c,67:41:7F:07:2F:4E,,-88,1760531871377
24764,1760531872469.0,0adab909-eb8f-4baf-9eed-7a4cc889cb7c,46:6E:CD:6E:4D:D6,,-92,1760531871377
24765,1760531872478.0,0adab909-eb8f-4baf-9eed-7a4cc889cb7c,79:C1:F9:B9:31:F7,,-86,1760531871377
24766,1760531872491.0,0adab909-eb8f-4baf-9eed-7a4cc889cb7c,54:F5:81:9D:FC:9E,,-79,1760531871377
24767,1760531872732.0,0adab909-eb8f-4baf-9eed-7a4cc889cb7c,64:62:7D:A1:8F:D2,,-89,1760531871377
24768,1760531872774.0,0adab909-eb8f-4baf-9eed-7a4cc889cb7c,26:BF:A1:5E:48:71,,-88,1760531871377
24769,1760531873066.0,0adab909-eb8f-4baf-9eed-7a4cc889cb7c,14:CB:DD:04:2D:B4,,-91,1760531871377
24770,1760531873079.0,0adab909-eb8f-4baf-9eed-7a4cc889cb7c,2A:E7:F4:C9:F1:85,,-93,1760531871377
24771,1760531873091.0,0adab909-eb8f-4baf-9eed-7a4cc889cb7c,69:E2:B1:D8:36:78,,-79,1760531871377
24772,1760531873101.0,0adab909-eb8f-4baf-9eed-7a4cc889cb7c,A8:00:E3:7A:37:94,,-83,1760531871377
24773,1760531873109.0,0adab909-eb8f-4baf-9eed-7a4cc889cb7c,1C:85:7B:65:32:56,,-89,1760531871377
24774,1760531873374.0,0adab909-eb8f-4baf-9eed-7a4cc889cb7c,50:D1:98:6A:4B:64,,-86,1760531871377
24775,1760531873393.0,0adab909-eb8f-4baf-9eed-7a4cc889cb7c,1D:0E:11:5A:27:2D,,-88,1760531871377
24776,1760531873404.0,0adab909-eb8f-4baf-9eed-7a4cc889cb7c,52:81:40:E2:E6:CB,,-84,1760531871377
24777,1760531873414.0,0adab909-eb8f-4baf-9eed-7a4cc889cb7c,4A:D8:F2:8D:4A:A9,,-82,1760531871377
24778,1760531873424.0,0adab909-eb8f-4baf-9eed-7a4cc889cb7c,72:9A:5A:26:6C:83,,-88,1760531871377
24779,1760531873433.0,0adab909-eb8f-4baf-9eed-7a4cc889cb7c,57:64:11:24:CC:86,,-88,1760531871377
24780,1760531873677.0,0adab909-eb8f-4baf-9eed-7a4cc889cb7c,4B:B8:06:3A:8C:11,,-77,1760531871377
24781,1760531873694.0,0adab909-eb8f-4baf-9eed-7a4cc889cb7c,40:02:0B:A3:5C:42,,-76,1760531871377
24782,1760531873708.0,0adab909-eb8f-4baf-9eed-7a4cc889cb7c,4D:D4:A9:55:76:31,,-78,1760531871377
24783,1760531874044.0,0adab909-eb8f-4baf-9eed-7a4cc889cb7c,FC:DF:45:A1:06:90,RapidDoc_BT,-91,1760531871377
24784,1760531874058.0,0adab909-eb8f-4baf-9eed-7a4cc889cb7c,7B:1E:93:E2:C7:07,,-90,1760531871377
24785,1760531874380.0,0adab909-eb8f-4baf-9eed-7a4cc889cb7c,4F:83:C5:C8:36:07,,-72,1760531871377
24786,1760531874702.0,0adab909-eb8f-4baf-9eed-7a4cc889cb7c,5F:0C:92:C8:0B:DF,,-73,1760531871377
24787,1760531874716.0,0adab909-eb8f-4baf-9eed-7a4cc889cb7c,12:A2:F1:4E:0D:C3,,-89,1760531871377
24788,1760531874726.0,0adab909-eb8f-4baf-9eed-7a4cc889cb7c,57:85:BE:8D:C2:8B,,-80,1760531871377
24789,1760531874834.0,0adab909-eb8f-4baf-9eed-7a4cc889cb7c,FC:04:1C:83:F3:6E,OPPO Find X3 Neo 5G,-90,1760531871377
24790,1760531874995.0,0adab909-eb8f-4baf-9eed-7a4cc889cb7c,47:80:59:5C:22:35,,-68,1760531871377
24791,1760531875294.0,0adab909-eb8f-4baf-9eed-7a4cc889cb7c,71:71:55:E4:DC:9F,,-93,1760531871377
24792,1760531875972.0,0adab909-eb8f-4baf-9eed-7a4cc889cb7c,79:66:34:50:77:B4,,-83,1760531871377
24793,1760531876274.0,0adab909-eb8f-4baf-9eed-7a4cc889cb7c,61:2B:EF:8F:E5:41,,-86,1760531871377
24794,1760531876883.0,0adab909-eb8f-4baf-9eed-7a4cc889cb7c,2A:8D:0D:CC:45:91,,-89,1760531871377
24795,1760531876898.0,0adab909-eb8f-4baf-9eed-7a4cc889cb7c,56:68:C8:EC:91:38,,-73,1760531871377
24796,1760531876926.0,0adab909-eb8f-4baf-9eed-7a4cc889cb7c,52:57:B5:D6:D8:4F,,-76,1760531871377
24797,1760531877172.0,0adab909-eb8f-4baf-9eed-7a4cc889cb7c,01:22:B9:69:3D:BC,,-90,1760531871377
24798,1760531877547.0,0adab909-eb8f-4baf-9eed-7a4cc889cb7c,40:0B:30:A5:EA:5A,,-91,1760531871377
24799,1760531877884.0,0adab909-eb8f-4baf-9eed-7a4cc889cb7c,3C:1A:4A:DE:36:F3,,-87,1760531871377
24800,1760531877899.0,0adab909-eb8f-4baf-9eed-7a4cc889cb7c,42:D4:7D:EA:C6:39,,-84,1760531871377
24801,1760531878147.0,0adab909-eb8f-4baf-9eed-7a4cc889cb7c,5A:C2:43:44:59:76,,-72,1760531871377
24802,1760531878165.0,0adab909-eb8f-4baf-9eed-7a4cc889cb7c,68:54:5A:B4:CD:11,,-78,1760531871377
24803,1760531878175.0,0adab909-eb8f-4baf-9eed-7a4cc889cb7c,46:DD:68:FB:BB:CF,,-92,1760531871377
24804,1760531878511.0,0adab909-eb8f-4baf-9eed-7a4cc889cb7c,53:24:5D:A4:54:EF,,-84,1760531871377
24805,1760531879139.0,0adab909-eb8f-4baf-9eed-7a4cc889cb7c,04:66:FD:E9:51:22,,-89,1760531871377
24806,1760531879440.0,0adab909-eb8f-4baf-9eed-7a4cc889cb7c,68:35:7A:F2:8D:33,,-88,1760531871377
24807,1760531879753.0,0adab909-eb8f-4baf-9eed-7a4cc889cb7c,65:E5:49:28:B3:EE,,-92,1760531871377
24808,1760531880087.0,0adab909-eb8f-4baf-9eed-7a4cc889cb7c,5A:CF:C5:01:2C:5A,,-91,1760531871377
24809,1760531880400.0,0adab909-eb8f-4baf-9eed-7a4cc889cb7c,38:60:AE:A4:47:42,,-82,1760531871377
24810,1760531880708.0,0adab909-eb8f-4baf-9eed-7a4cc889cb7c,58:0E:E2:EB:BA:EB,,-76,1760531871377
24811,1760531881367.0,0adab909-eb8f-4baf-9eed-7a4cc889cb7c,48:E5:89:75:ED:59,,-90,1760531871377
24812,1760531881994.0,0adab909-eb8f-4baf-9eed-7a4cc889cb7c,00:30:2E:A6:6F:8C,,-100,1760531871377
24813,1760531885225.0,0adab909-eb8f-4baf-9eed-7a4cc889cb7c,00:30:2E:A6:6F:8C,Allegro61337515,-100,1760531871377
24814,1760532484396.0,0adab909-eb8f-4baf-9eed-7a4cc889cb7c,4C:B0:E5:44:E2:E7,,-84,1760532484358
24815,1760532484436.0,0adab909-eb8f-4baf-9eed-7a4cc889cb7c,3E:E9:4C:B4:C7:B7,,-88,1760532484358
24816,1760532484496.0,0adab909-eb8f-4baf-9eed-7a4cc889cb7c,5F:15:01:42:10:FF,,-90,1760532484358
24817,1760532484821.0,0adab909-eb8f-4baf-9eed-7a4cc889cb7c,28:8D:B7:9F:88:02,,-85,1760532484358
24818,1760532485353.0,0adab909-eb8f-4baf-9eed-7a4cc889cb7c,A0:D0:5B:93:00:C8,[TV] Samsung QHB Series,-100,1760532484358
24819,1760532486057.0,0adab909-eb8f-4baf-9eed-7a4cc889cb7c,B0:38:E2:5F:2C:83,,-86,1760532484358
24820,1760532486710.0,0adab909-eb8f-4baf-9eed-7a4cc889cb7c,16:D5:1B:69:02:F8,,-89,1760532484358
24821,1760532487679.0,0adab909-eb8f-4baf-9eed-7a4cc889cb7c,7D:70:ED:A0:54:5A,,-91,1760532484358
24822,1760532487974.0,0adab909-eb8f-4baf-9eed-7a4cc889cb7c,40:BD:32:B6:B9:96,D1J181107388,-87,1760532484358
24823,1760532487988.0,0adab909-eb8f-4baf-9eed-7a4cc889cb7c,5B:96:97:9D:32:0B,,-88,1760532484358
24824,1760532487998.0,0adab909-eb8f-4baf-9eed-7a4cc889cb7c,22:A4:08:63:4C:23,,-90,1760532484358
24825,1760532488655.0,0adab909-eb8f-4baf-9eed-7a4cc889cb7c,72:FB:79:F9:7F:2B,,-78,1760532484358
24826,1760532488890.0,0adab909-eb8f-4baf-9eed-7a4cc889cb7c,72:19:46:F2:63:05,,-82,1760532484358
24827,1760532488911.0,0adab909-eb8f-4baf-9eed-7a4cc889cb7c,60:80:7C:D9:68:EE,,-85,1760532484358
24828,1760532489863.0,0adab909-eb8f-4baf-9eed-7a4cc889cb7c,A0:D0:5B:93:00:C8,[TV] Samsung QHB Series,-82,1760532484358
24829,1760532490219.0,0adab909-eb8f-4baf-9eed-7a4cc889cb7c,58:E3:65:DB:44:3E,,-89,1760532484358
24830,1760532490564.0,0adab909-eb8f-4baf-9eed-7a4cc889cb7c,7A:C3:52:22:EB:99,,-87,1760532484358
24831,1760532490580.0,0adab909-eb8f-4baf-9eed-7a4cc889cb7c,52:81:40:E2:E6:D9,,-86,1760532484358
24832,1760532493117.0,0adab909-eb8f-4baf-9eed-7a4cc889cb7c,52:C5:1F:3A:C5:B8,,-92,1760532484358
24833,1760532493423.0,0adab909-eb8f-4baf-9eed-7a4cc889cb7c,48:E5:89:75:ED:59,,-93,1760532484358
24834,1760532493461.0,0adab909-eb8f-4baf-9eed-7a4cc889cb7c,66:06:82:0F:2E:05,,-60,1760532484358
24835,1760533054294.0,0adab909-eb8f-4baf-9eed-7a4cc889cb7c,52:5E:42:95:EA:9C,,-93,1760533054227
24836,1760533054614.0,0adab909-eb8f-4baf-9eed-7a4cc889cb7c,5C:54:2A:71:09:E1,,-82,1760533054227
24837,1760533054648.0,0adab909-eb8f-4baf-9eed-7a4cc889cb7c,6D:01:72:0D:A3:EE,,-60,1760533054227
24838,1760533054980.0,0adab909-eb8f-4baf-9eed-7a4cc889cb7c,44:63:79:46:DE:53,,-81,1760533054227
24839,1760533054999.0,0adab909-eb8f-4baf-9eed-7a4cc889cb7c,6C:18:30:98:75:5D,,-83,1760533054227
24840,1760533055008.0,0adab909-eb8f-4baf-9eed-7a4cc889cb7c,4B:77:6A:32:10:3A,,-62,1760533054227
24841,1760533055016.0,0adab909-eb8f-4baf-9eed-7a4cc889cb7c,6B:85:6B:30:DA:76,,-77,1760533054227
24842,1760533055423.0,0adab909-eb8f-4baf-9eed-7a4cc889cb7c,28:02:44:C1:D2:F8,iPhone,-98,1760533054227
24843,1760533055599.0,0adab909-eb8f-4baf-9eed-7a4cc889cb7c,52:EE:0C:05:D1:BB,,-82,1760533054227
24844,1760533055615.0,0adab909-eb8f-4baf-9eed-7a4cc889cb7c,5A:29:F2:BD:4C:71,,-85,1760533054227
24845,1760533055623.0,0adab909-eb8f-4baf-9eed-7a4cc889cb7c,66:F8:67:8F:EF:F3,,-88,1760533054227
24846,1760533056254.0,0adab909-eb8f-4baf-9eed-7a4cc889cb7c,69:59:29:DB:2F:E2,,-90,1760533054227
24847,1760533056266.0,0adab909-eb8f-4baf-9eed-7a4cc889cb7c,68:D0:D5:3C:36:65,,-78,1760533054227
24848,1760533056575.0,0adab909-eb8f-4baf-9eed-7a4cc889cb7c,51:86:FC:9B:5D:43,,-94,1760533054227
24849,1760533057240.0,0adab909-eb8f-4baf-9eed-7a4cc889cb7c,7F:1E:02:A9:6D:8A,,-82,1760533054227
24850,1760533057820.0,0adab909-eb8f-4baf-9eed-7a4cc889cb7c,7C:1D:58:6A:6B:7B,Redmi Buds 6,-80,1760533054227
24851,1760533058518.0,0adab909-eb8f-4baf-9eed-7a4cc889cb7c,69:BD:D3:C2:CD:EE,,-81,1760533054227
24852,1760533058841.0,0adab909-eb8f-4baf-9eed-7a4cc889cb7c,02:05:C6:35:36:48,,-80,1760533054227
24853,1760533059070.0,0adab909-eb8f-4baf-9eed-7a4cc889cb7c,AC:5F:EA:E9:1C:50,OnePlus NordCE 5G,-96,1760533054227
24854,1760533059090.0,0adab909-eb8f-4baf-9eed-7a4cc889cb7c,6B:DC:09:F4:9B:47,,-80,1760533054227
24855,1760533059132.0,0adab909-eb8f-4baf-9eed-7a4cc889cb7c,5D:4E:BB:F7:32:12,,-89,1760533054227
24856,1760533060059.0,0adab909-eb8f-4baf-9eed-7a4cc889cb7c,90:78:41:01:D5:CD,FOTOLOOSCLICK,-100,1760533054227
24857,1760533060729.0,0adab909-eb8f-4baf-9eed-7a4cc889cb7c,D8:92:54:5F:CD:D3,Xiaomi Smart Band 7 CDD3,-88,1760533054227
24858,1760533061044.0,0adab909-eb8f-4baf-9eed-7a4cc889cb7c,45:8E:AD:1E:4C:87,,-82,1760533054227
24859,1760533061144.0,0adab909-eb8f-4baf-9eed-7a4cc889cb7c,58:16:D7:95:29:66,VW BT 9459,-100,1760533054227
24860,1760533061348.0,0adab909-eb8f-4baf-9eed-7a4cc889cb7c,06:73:9C:AB:39:0D,,-77,1760533054227
24861,1760533061681.0,0adab909-eb8f-4baf-9eed-7a4cc889cb7c,5D:16:99:B1:5D:AA,,-86,1760533054227
24862,1760533062000.0,0adab909-eb8f-4baf-9eed-7a4cc889cb7c,77:C2:2B:5F:7E:1C,,-83,1760533054227
24863,1760533062676.0,0adab909-eb8f-4baf-9eed-7a4cc889cb7c,54:F7:43:32:E6:3D,,-72,1760533054227
24864,1760533063256.0,0adab909-eb8f-4baf-9eed-7a4cc889cb7c,28:A1:83:F1:CC:80,,-100,1760533054227
24865,1760533067427.0,0adab909-eb8f-4baf-9eed-7a4cc889cb7c,28:A1:83:F1:CC:80,SEAT BT 0218,-100,1760533054227
24866,1760533087736.0,0adab909-eb8f-4baf-9eed-7a4cc889cb7c,41:42:F7:B8:E2:06,,-58,1760533054227
24867,1760533087840.0,0adab909-eb8f-4baf-9eed-7a4cc889cb7c,45:C4:7A:B2:18:00,,-88,1760533054227
24868,1760533087859.0,0adab909-eb8f-4baf-9eed-7a4cc889cb7c,94:DB:56:16:A6:E6,,-83,1760533054227
24869,1760533087884.0,0adab909-eb8f-4baf-9eed-7a4cc889cb7c,41:42:12:1A:C2:15,,-71,1760533054227
24870,1760533088088.0,0adab909-eb8f-4baf-9eed-7a4cc889cb7c,66:F8:67:8F:EF:F3,,-81,1760533054227
24871,1760533088179.0,0adab909-eb8f-4baf-9eed-7a4cc889cb7c,52:5E:42:95:EA:9C,,-87,1760533054227
24872,1760533088199.0,0adab909-eb8f-4baf-9eed-7a4cc889cb7c,69:59:29:DB:2F:E2,,-88,1760533054227
24873,1760533088208.0,0adab909-eb8f-4baf-9eed-7a4cc889cb7c,4B:77:6A:32:10:3A,,-69,1760533054227
24874,1760533088217.0,0adab909-eb8f-4baf-9eed-7a4cc889cb7c,68:D0:D5:3C:36:65,,-86,1760533054227
24875,1760533088227.0,0adab909-eb8f-4baf-9eed-7a4cc889cb7c,3D:11:05:BD:33:D7,,-91,1760533054227
24876,1760533088240.0,0adab909-eb8f-4baf-9eed-7a4cc889cb7c,D0:83:B9:67:23:42,,127,1760533054227
24877,1760533088283.0,0adab909-eb8f-4baf-9eed-7a4cc889cb7c,D5:E9:A4:CE:AC:9F,,-81,1760533054227
24878,1760533088294.0,0adab909-eb8f-4baf-9eed-7a4cc889cb7c,59:90:DB:A8:F8:DE,,-91,1760533054227
24879,1760533088310.0,0adab909-eb8f-4baf-9eed-7a4cc889cb7c,60:C6:4F:C2:50:00,RHX8-W2n#4FC660,-84,1760533054227
24880,1760533088323.0,0adab909-eb8f-4baf-9eed-7a4cc889cb7c,75:1E:D6:59:8A:46,,-91,1760533054227
24881,1760533088338.0,0adab909-eb8f-4baf-9eed-7a4cc889cb7c,7F:1E:02:A9:6D:8A,,-82,1760533054227
24882,1760533088354.0,0adab909-eb8f-4baf-9eed-7a4cc889cb7c,7D:76:4A:B1:6F:20,,-71,1760533054227
24883,1760533088389.0,0adab909-eb8f-4baf-9eed-7a4cc889cb7c,32:41:60:1A:34:1A,,-89,1760533054227
24884,1760533088403.0,0adab909-eb8f-4baf-9eed-7a4cc889cb7c,79:D0:F6:22:BC:41,,-77,1760533054227
24885,1760533088417.0,0adab909-eb8f-4baf-9eed-7a4cc889cb7c,6B:B4:02:D2:00:18,,-89,1760533054227
24886,1760533088431.0,0adab909-eb8f-4baf-9eed-7a4cc889cb7c,6B:DC:09:F4:9B:47,,-72,1760533054227
24887,1760533088793.0,0adab909-eb8f-4baf-9eed-7a4cc889cb7c,68:85:53:11:6F:6A,,-89,1760533054227
24888,1760533088801.0,0adab909-eb8f-4baf-9eed-7a4cc889cb7c,6A:DE:EC:7A:61:46,,-71,1760533054227
24889,1760533088868.0,0adab909-eb8f-4baf-9eed-7a4cc889cb7c,07:2D:BB:AE:18:E7,,-89,1760533054227
24890,1760533088893.0,0adab909-eb8f-4baf-9eed-7a4cc889cb7c,67:34:93:88:28:29,,-85,1760533054227
24891,1760533088901.0,0adab909-eb8f-4baf-9eed-7a4cc889cb7c,DE:DF:FE:CE:FB:F3,,-68,1760533054227
24892,1760533088910.0,0adab909-eb8f-4baf-9eed-7a4cc889cb7c,EB:2B:06:90:84:B6,,127,1760533054227
24893,1760533088918.0,0adab909-eb8f-4baf-9eed-7a4cc889cb7c,70:04:98:34:85:98,CT320D-P70Z,-90,1760533054227
24894,1760533088943.0,0adab909-eb8f-4baf-9eed-7a4cc889cb7c,5D:E7:4B:89:25:40,,-87,1760533054227
24895,1760533088952.0,0adab909-eb8f-4baf-9eed-7a4cc889cb7c,6B:85:6B:30:DA:76,,-72,1760533054227
24896,1760533088960.0,0adab909-eb8f-4baf-9eed-7a4cc889cb7c,5C:54:2A:71:09:E1,,-80,1760533054227
24897,1760533652673.0,0adab909-eb8f-4baf-9eed-7a4cc889cb7c,66:52:83:B0:21:39,,-75,1760533648399
24898,1760534245981.0,0adab909-eb8f-4baf-9eed-7a4cc889cb7c,4C:96:8A:ED:6A:01,SPEN NA,-49,1760534245909
24899,1760534246310.0,0adab909-eb8f-4baf-9eed-7a4cc889cb7c,4C:96:8A:ED:6A:01,SPEN NA,-50,1760534245909
24900,1760534246619.0,0adab909-eb8f-4baf-9eed-7a4cc889cb7c,4C:96:8A:ED:6A:01,SPEN NA,127,1760534245909
24901,1760534247259.0,0adab909-eb8f-4baf-9eed-7a4cc889cb7c,4C:96:8A:ED:6A:01,SPEN NA,-46,1760534245909
24902,1760534247581.0,0adab909-eb8f-4baf-9eed-7a4cc889cb7c,4C:96:8A:ED:6A:01,SPEN NA,-49,1760534245909
24903,1760534248000.0,0adab909-eb8f-4baf-9eed-7a4cc889cb7c,4C:96:8A:ED:6A:01,SPEN NA,-46,1760534245909
24904,1760534248328.0,0adab909-eb8f-4baf-9eed-7a4cc889cb7c,4C:96:8A:ED:6A:01,SPEN NA,-45,1760534245909
24905,1760534248841.0,0adab909-eb8f-4baf-9eed-7a4cc889cb7c,4C:96:8A:ED:6A:01,SPEN NA,-46,1760534245909
24906,1760534249576.0,0adab909-eb8f-4baf-9eed-7a4cc889cb7c,4C:96:8A:ED:6A:01,SPEN NA,-51,1760534245909
24907,1760534249880.0,0adab909-eb8f-4baf-9eed-7a4cc889cb7c,4C:96:8A:ED:6A:01,SPEN NA,-46,1760534245909
24908,1760534251137.0,0adab909-eb8f-4baf-9eed-7a4cc889cb7c,4C:96:8A:ED:6A:01,SPEN NA,-46,1760534245909
24909,1760534251465.0,0adab909-eb8f-4baf-9eed-7a4cc889cb7c,4C:96:8A:ED:6A:01,SPEN NA,-49,1760534245909
24910,1760534252098.0,0adab909-eb8f-4baf-9eed-7a4cc889cb7c,4C:96:8A:ED:6A:01,SPEN NA,-47,1760534245909
24911,1760534252723.0,0adab909-eb8f-4baf-9eed-7a4cc889cb7c,4C:96:8A:ED:6A:01,SPEN NA,-46,1760534245909
24912,1760534253042.0,0adab909-eb8f-4baf-9eed-7a4cc889cb7c,4C:96:8A:ED:6A:01,SPEN NA,-47,1760534245909
24913,1760534253978.0,0adab909-eb8f-4baf-9eed-7a4cc889cb7c,4C:96:8A:ED:6A:01,SPEN NA,-47,1760534245909
24914,1760534254302.0,0adab909-eb8f-4baf-9eed-7a4cc889cb7c,4C:96:8A:ED:6A:01,SPEN NA,-51,1760534245909
24915,1760534254938.0,0adab909-eb8f-4baf-9eed-7a4cc889cb7c,4C:96:8A:ED:6A:01,SPEN NA,-47,1760534245909
24916,1760534255254.0,0adab909-eb8f-4baf-9eed-7a4cc889cb7c,4C:96:8A:ED:6A:01,SPEN NA,-50,1760534245909
24917,1760534255667.0,0adab909-eb8f-4baf-9eed-7a4cc889cb7c,4C:96:8A:ED:6A:01,SPEN NA,-46,1760534245909
24918,1760534258902.0,0adab909-eb8f-4baf-9eed-7a4cc889cb7c,4C:96:8A:ED:6A:01,SPEN NA,-46,1760534245909
24919,1760536075112.0,0adab909-eb8f-4baf-9eed-7a4cc889cb7c,4F:2C:6F:EE:D2:82,,-89,1760536070787
24920,1760536683910.0,0adab909-eb8f-4baf-9eed-7a4cc889cb7c,63:50:CF:B2:60:18,,-93,1760536670797
24921,1760537273832.0,0adab909-eb8f-4baf-9eed-7a4cc889cb7c,6F:8D:13:E8:81:99,,-92,1760537270801
24922,1760537276783.0,0adab909-eb8f-4baf-9eed-7a4cc889cb7c,1B:9B:1E:A2:B3:1E,,-93,1760537270801
24923,1760537278014.0,0adab909-eb8f-4baf-9eed-7a4cc889cb7c,6B:97:EF:3D:22:AE,,-94,1760537270801
24924,1760537279901.0,0adab909-eb8f-4baf-9eed-7a4cc889cb7c,73:10:72:4B:73:57,,-89,1760537270801
24925,1760539079782.0,0adab909-eb8f-4baf-9eed-7a4cc889cb7c,55:2B:DB:32:D8:7B,,-91,1760539071943
24926,1760539680668.0,0adab909-eb8f-4baf-9eed-7a4cc889cb7c,7B:03:96:AE:9C:7C,,-88,1760539671287
24927,1760540284355.0,0adab909-eb8f-4baf-9eed-7a4cc889cb7c,CD:CC:DE:75:38:92,,-80,1760540271276
24928,1760542086636.0,0adab909-eb8f-4baf-9eed-7a4cc889cb7c,06:5D:CE:32:DE:E6,,-87,1760542071801
24929,1760542087636.0,0adab909-eb8f-4baf-9eed-7a4cc889cb7c,FA:DB:68:CB:AE:12,,-80,1760542071801
24930,1760542674754.0,0adab909-eb8f-4baf-9eed-7a4cc889cb7c,43:CA:35:F0:26:55,,-92,1760542671808
24931,1760542677051.0,0adab909-eb8f-4baf-9eed-7a4cc889cb7c,77:8B:51:26:6E:23,,-91,1760542671808
24932,1760542677786.0,0adab909-eb8f-4baf-9eed-7a4cc889cb7c,62:68:23:BD:8E:65,,-84,1760542671808
24933,1760542678060.0,0adab909-eb8f-4baf-9eed-7a4cc889cb7c,78:90:46:AF:06:83,,-82,1760542671808
24934,1760542684838.0,0adab909-eb8f-4baf-9eed-7a4cc889cb7c,39:80:34:83:9D:FA,,-82,1760542671808
24935,1760542685755.0,0adab909-eb8f-4baf-9eed-7a4cc889cb7c,14:83:AE:E7:51:E2,,-90,1760542671808
24936,1760543283625.0,0adab909-eb8f-4baf-9eed-7a4cc889cb7c,06:F6:43:AD:58:37,,-93,1760543270762
24937,1760543283666.0,0adab909-eb8f-4baf-9eed-7a4cc889cb7c,DA:A7:6B:81:CE:B8,,-91,1760543270762
24938,1760543284620.0,0adab909-eb8f-4baf-9eed-7a4cc889cb7c,24:B1:17:5C:BF:7A,,-91,1760543270762
24939,1760543284777.0,0adab909-eb8f-4baf-9eed-7a4cc889cb7c,01:78:83:A4:A7:EB,,-91,1760543270762
24940,1760543870807.0,0adab909-eb8f-4baf-9eed-7a4cc889cb7c,72:2C:2B:83:E7:7C,,-90,1760543870802
24941,1760543879996.0,0adab909-eb8f-4baf-9eed-7a4cc889cb7c,E2:CF:4A:02:7A:B7,CAR-BT-7ab7,-100,1760543870802
24942,1760545059197.0,0adab909-eb8f-4baf-9eed-7a4cc889cb7c,04:D9:F2:3A:2B:EB,,-75,1760545058742
24943,1760545059470.0,0adab909-eb8f-4baf-9eed-7a4cc889cb7c,7A:4A:07:1E:8B:85,,-76,1760545058742
24944,1760545060176.0,0adab909-eb8f-4baf-9eed-7a4cc889cb7c,88:C6:26:9E:3B:31,,-89,1760545058742
24945,1760545060192.0,0adab909-eb8f-4baf-9eed-7a4cc889cb7c,62:40:2E:B0:72:FB,,-84,1760545058742
24946,1760545061128.0,0adab909-eb8f-4baf-9eed-7a4cc889cb7c,AC:4D:16:83:F0:57,,-85,1760545058742
24947,1760545068474.0,0adab909-eb8f-4baf-9eed-7a4cc889cb7c,63:BB:95:2D:A8:6E,,-78,1760545058742
24948,1760545070428.0,0adab909-eb8f-4baf-9eed-7a4cc889cb7c,30:D5:3E:AE:0B:5A,iPhone von Adnan (2),-93,1760545058742
24949,1760545681763.0,0adab909-eb8f-4baf-9eed-7a4cc889cb7c,0D:86:D9:16:76:BD,,-86,1760545681760
24950,1760545681802.0,0adab909-eb8f-4baf-9eed-7a4cc889cb7c,5E:60:BA:5C:ED:13,,-79,1760545681760
24951,1760545682113.0,0adab909-eb8f-4baf-9eed-7a4cc889cb7c,7F:C0:57:98:F7:92,,-76,1760545681760
24952,1760545682160.0,0adab909-eb8f-4baf-9eed-7a4cc889cb7c,5C:DD:4D:02:DE:C8,,-90,1760545681760
24953,1760545682680.0,0adab909-eb8f-4baf-9eed-7a4cc889cb7c,2E:BA:46:BF:CF:C8,Armor 8 Pro,-95,1760545681760
24954,1760545683095.0,0adab909-eb8f-4baf-9eed-7a4cc889cb7c,58:4A:4E:84:CF:81,,-88,1760545681760
24955,1760545683111.0,0adab909-eb8f-4baf-9eed-7a4cc889cb7c,7B:5C:63:4F:60:8F,,-84,1760545681760
24956,1760545683124.0,0adab909-eb8f-4baf-9eed-7a4cc889cb7c,40:A0:53:52:89:28,,-88,1760545681760
24957,1760545683133.0,0adab909-eb8f-4baf-9eed-7a4cc889cb7c,40:C3:ED:AE:E1:80,,-85,1760545681760
24958,1760545683139.0,0adab909-eb8f-4baf-9eed-7a4cc889cb7c,D4:9D:C0:BC:C0:DD,[TV] Samsung Q60 Series (55),-83,1760545681760
24959,1760545683425.0,0adab909-eb8f-4baf-9eed-7a4cc889cb7c,5E:67:3F:9B:B8:F2,,-59,1760545681760
24960,1760545683742.0,0adab909-eb8f-4baf-9eed-7a4cc889cb7c,45:25:3C:1F:3D:02,,-86,1760545681760
24961,1760545685085.0,0adab909-eb8f-4baf-9eed-7a4cc889cb7c,D4:9D:C0:BC:C0:DD,[TV] Samsung Q60 Series (55),-91,1760545681760
24962,1760545685116.0,0adab909-eb8f-4baf-9eed-7a4cc889cb7c,42:62:F6:D6:1A:0A,,-90,1760545681760
24963,1760545685157.0,0adab909-eb8f-4baf-9eed-7a4cc889cb7c,28:1A:B7:C1:A4:7E,,-69,1760545681760
24964,1760545685166.0,0adab909-eb8f-4baf-9eed-7a4cc889cb7c,6D:5E:E8:8E:2B:0C,,-82,1760545681760
24965,1760545685202.0,0adab909-eb8f-4baf-9eed-7a4cc889cb7c,52:35:82:07:27:2C,,-92,1760545681760
24966,1760545685300.0,0adab909-eb8f-4baf-9eed-7a4cc889cb7c,B8:BC:5B:9C:49:17,[Signage] Samsung QMR Series,-100,1760545681760
24967,1760545686105.0,0adab909-eb8f-4baf-9eed-7a4cc889cb7c,7B:9D:1B:9F:AF:C8,,-89,1760545681760
24968,1760545686184.0,0adab909-eb8f-4baf-9eed-7a4cc889cb7c,74:A3:CA:DF:70:4A,,-88,1760545681760
24969,1760545686892.0,0adab909-eb8f-4baf-9eed-7a4cc889cb7c,3F:4F:35:53:27:B8,,-77,1760545681760
24970,1760545686938.0,0adab909-eb8f-4baf-9eed-7a4cc889cb7c,10:D2:6E:FB:AC:10,,-90,1760545681760
24971,1760545687221.0,0adab909-eb8f-4baf-9eed-7a4cc889cb7c,D6:C5:66:81:7F:0A,Mi Smart Band 5,-87,1760545681760
24972,1760545690650.0,0adab909-eb8f-4baf-9eed-7a4cc889cb7c,76:0E:78:D8:7A:4C,,-82,1760545681760
24973,1760545691120.0,0adab909-eb8f-4baf-9eed-7a4cc889cb7c,38:68:A4:A3:40:ED,,-100,1760545681760
24974,1760545697122.0,0adab909-eb8f-4baf-9eed-7a4cc889cb7c,38:68:A4:A3:40:ED,[Signage] Samsung QMR Series,-100,1760545681760
24975,1760546264746.0,0adab909-eb8f-4baf-9eed-7a4cc889cb7c,62:43:2B:CC:FB:A7,,-88,1760546264702
24976,1760546265048.0,0adab909-eb8f-4baf-9eed-7a4cc889cb7c,0E:28:1A:47:D7:30,,-82,1760546264702
24977,1760546265438.0,0adab909-eb8f-4baf-9eed-7a4cc889cb7c,2C:62:35:D4:EE:95,,-71,1760546264702
24978,1760546265454.0,0adab909-eb8f-4baf-9eed-7a4cc889cb7c,72:FE:B9:09:4B:8C,,-76,1760546264702
24979,1760546265464.0,0adab909-eb8f-4baf-9eed-7a4cc889cb7c,77:40:39:63:14:B6,,-80,1760546264702
24980,1760546265735.0,0adab909-eb8f-4baf-9eed-7a4cc889cb7c,57:4A:52:7C:26:31,,-80,1760546264702
24981,1760546265748.0,0adab909-eb8f-4baf-9eed-7a4cc889cb7c,60:A0:50:88:D1:26,,-88,1760546264702
24982,1760546266178.0,0adab909-eb8f-4baf-9eed-7a4cc889cb7c,A0:D0:5B:93:00:C8,[TV] Samsung QHB Series,-99,1760546264702
24983,1760546266771.0,0adab909-eb8f-4baf-9eed-7a4cc889cb7c,52:81:40:E2:E6:D9,,-88,1760546264702
24984,1760546267038.0,0adab909-eb8f-4baf-9eed-7a4cc889cb7c,04:22:56:9D:1A:13,,-67,1760546264702
24985,1760546267053.0,0adab909-eb8f-4baf-9eed-7a4cc889cb7c,7B:A7:69:F2:D9:30,,-74,1760546264702
24986,1760546269616.0,0adab909-eb8f-4baf-9eed-7a4cc889cb7c,02:F1:2E:F7:A1:D1,,-94,1760546264702
24987,1760546269910.0,0adab909-eb8f-4baf-9eed-7a4cc889cb7c,5F:0E:D1:7F:C0:20,,-90,1760546264702
24988,1760546270238.0,0adab909-eb8f-4baf-9eed-7a4cc889cb7c,34:1F:3B:7F:22:F9,,-91,1760546264702
24989,1760546273795.0,0adab909-eb8f-4baf-9eed-7a4cc889cb7c,21:E2:43:24:1B:4E,,-81,1760546264702
24990,1760546845206.0,0adab909-eb8f-4baf-9eed-7a4cc889cb7c,2A:C7:BA:56:EF:6A,,-76,1760546845147
24991,1760546845239.0,0adab909-eb8f-4baf-9eed-7a4cc889cb7c,2A:3B:C4:C0:10:93,,-69,1760546845147
24992,1760546845253.0,0adab909-eb8f-4baf-9eed-7a4cc889cb7c,1D:1B:20:8B:1D:87,,-69,1760546845147
24993,1760546845272.0,0adab909-eb8f-4baf-9eed-7a4cc889cb7c,68:C8:43:61:9F:19,,-88,1760546845147
24994,1760546845826.0,0adab909-eb8f-4baf-9eed-7a4cc889cb7c,10:3F:D4:37:1F:B7,,-68,1760546845147
24995,1760546845886.0,0adab909-eb8f-4baf-9eed-7a4cc889cb7c,71:41:28:F5:3F:A4,,-73,1760546845147
24996,1760546846155.0,0adab909-eb8f-4baf-9eed-7a4cc889cb7c,55:46:56:38:2C:A5,,-65,1760546845147
24997,1760546846201.0,0adab909-eb8f-4baf-9eed-7a4cc889cb7c,6B:14:AC:CA:45:0C,,-74,1760546845147
24998,1760546846523.0,0adab909-eb8f-4baf-9eed-7a4cc889cb7c,54:0E:58:5B:75:70,,-73,1760546845147
24999,1760546846618.0,0adab909-eb8f-4baf-9eed-7a4cc889cb7c,54:0E:58:5B:75:70,OPPO Find X3 Neo 5G,-84,1760546845147
25000,1760546846824.0,0adab909-eb8f-4baf-9eed-7a4cc889cb7c,42:09:06:AF:2B:86,,-75,1760546845147
25001,1760546846856.0,0adab909-eb8f-4baf-9eed-7a4cc889cb7c,4F:25:D9:91:D6:12,,-63,1760546845147
25002,1760546847134.0,0adab909-eb8f-4baf-9eed-7a4cc889cb7c,10:22:33:4A:DB:43,,-91,1760546845147
25003,1760546848075.0,0adab909-eb8f-4baf-9eed-7a4cc889cb7c,40:2B:7E:6D:25:23,,-78,1760546845147
25004,1760546848450.0,0adab909-eb8f-4baf-9eed-7a4cc889cb7c,47:69:7C:25:0B:75,,-68,1760546845147
25005,1760546848772.0,0adab909-eb8f-4baf-9eed-7a4cc889cb7c,40:2B:7E:6D:25:23,,-82,1760546845147
25006,1760546849064.0,0adab909-eb8f-4baf-9eed-7a4cc889cb7c,5D:CC:C5:8B:90:5B,,-73,1760546845147
25007,1760546850022.0,0adab909-eb8f-4baf-9eed-7a4cc889cb7c,40:2B:7E:6D:25:23,,-79,1760546845147
25008,1760546850053.0,0adab909-eb8f-4baf-9eed-7a4cc889cb7c,40:CB:FC:2A:5C:21,,-69,1760546845147
25009,1760546850319.0,0adab909-eb8f-4baf-9eed-7a4cc889cb7c,73:BB:29:54:71:3E,,-58,1760546845147
25010,1760546850689.0,0adab909-eb8f-4baf-9eed-7a4cc889cb7c,40:2B:7E:6D:25:23,,-83,1760546845147
25011,1760546851308.0,0adab909-eb8f-4baf-9eed-7a4cc889cb7c,40:2B:7E:6D:25:23,,-76,1760546845147
25012,1760546851989.0,0adab909-eb8f-4baf-9eed-7a4cc889cb7c,40:2B:7E:6D:25:23,,-76,1760546845147
25013,1760546852583.0,0adab909-eb8f-4baf-9eed-7a4cc889cb7c,40:2B:7E:6D:25:23,,-79,1760546845147
25014,1760546853831.0,0adab909-eb8f-4baf-9eed-7a4cc889cb7c,F0:24:F9:02:AF:72,LEDDXMX-5583,-89,1760546845147
25015,1760546853893.0,0adab909-eb8f-4baf-9eed-7a4cc889cb7c,40:2B:7E:6D:25:23,,-79,1760546845147
25016,1760546855205.0,0adab909-eb8f-4baf-9eed-7a4cc889cb7c,40:2B:7E:6D:25:23,,-82,1760546845147
25017,1760546858051.0,0adab909-eb8f-4baf-9eed-7a4cc889cb7c,55:46:56:38:2C:A5,,-69,1760546845147
25018,1760546858073.0,0adab909-eb8f-4baf-9eed-7a4cc889cb7c,10:22:33:4A:DB:43,,-76,1760546845147
25019,1760546858089.0,0adab909-eb8f-4baf-9eed-7a4cc889cb7c,10:3F:D4:37:1F:B7,,-60,1760546845147
25020,1760546858103.0,0adab909-eb8f-4baf-9eed-7a4cc889cb7c,D6:A8:3D:C6:50:CC,,-68,1760546845147
25021,1760546858115.0,0adab909-eb8f-4baf-9eed-7a4cc889cb7c,2A:C7:BA:56:EF:6A,,-73,1760546845147
25022,1760546858131.0,0adab909-eb8f-4baf-9eed-7a4cc889cb7c,42:09:06:AF:2B:86,,-70,1760546845147
25023,1760546858145.0,0adab909-eb8f-4baf-9eed-7a4cc889cb7c,1D:1B:20:8B:1D:87,,-60,1760546845147
25024,1760546858160.0,0adab909-eb8f-4baf-9eed-7a4cc889cb7c,36:98:CF:B0:9E:D1,,-76,1760546845147
25025,1760546858178.0,0adab909-eb8f-4baf-9eed-7a4cc889cb7c,4F:25:D9:91:D6:12,,-59,1760546845147
25026,1760546858191.0,0adab909-eb8f-4baf-9eed-7a4cc889cb7c,F3:79:AF:75:0C:CE,,-63,1760546845147
25027,1760546858204.0,0adab909-eb8f-4baf-9eed-7a4cc889cb7c,5D:CC:C5:8B:90:5B,,-72,1760546845147
25028,1760546858219.0,0adab909-eb8f-4baf-9eed-7a4cc889cb7c,6B:14:AC:CA:45:0C,,-61,1760546845147
25029,1760546858234.0,0adab909-eb8f-4baf-9eed-7a4cc889cb7c,2A:3B:C4:C0:10:93,,-66,1760546845147
25030,1760546858251.0,0adab909-eb8f-4baf-9eed-7a4cc889cb7c,2A:FB:F7:47:27:28,,-66,1760546845147
25031,1760546858273.0,0adab909-eb8f-4baf-9eed-7a4cc889cb7c,40:8C:D4:76:43:B1,,-57,1760546845147
25032,1760546858290.0,0adab909-eb8f-4baf-9eed-7a4cc889cb7c,71:41:28:F5:3F:A4,,-80,1760546845147
25033,1760546858303.0,0adab909-eb8f-4baf-9eed-7a4cc889cb7c,1E:6C:08:87:72:C8,,-96,1760546845147
25034,1760546858320.0,0adab909-eb8f-4baf-9eed-7a4cc889cb7c,50:EC:19:52:D0:09,,-57,1760546845147
25035,1760546858334.0,0adab909-eb8f-4baf-9eed-7a4cc889cb7c,32:C2:C6:D6:F7:C8,,-60,1760546845147
25036,1760546858346.0,0adab909-eb8f-4baf-9eed-7a4cc889cb7c,FE:B8:31:ED:F2:0C,,-61,1760546845147
25037,1760546858362.0,0adab909-eb8f-4baf-9eed-7a4cc889cb7c,E8:16:77:E0:1D:95,,-46,1760546845147
25038,1760546859179.0,0adab909-eb8f-4baf-9eed-7a4cc889cb7c,E0:47:55:0C:53:01,,-50,1760546845147
25039,1760546859236.0,0adab909-eb8f-4baf-9eed-7a4cc889cb7c,6B:FE:B5:EB:21:7F,Galaxy Watch4 (LR9A),-69,1760546845147
25040,1760546859272.0,0adab909-eb8f-4baf-9eed-7a4cc889cb7c,68:C8:43:61:9F:19,,-68,1760546845147
25041,1760546859328.0,0adab909-eb8f-4baf-9eed-7a4cc889cb7c,40:00:01:41:C8:95,,-57,1760546845147
25042,1760546860256.0,0adab909-eb8f-4baf-9eed-7a4cc889cb7c,47:69:7C:25:0B:75,,-68,1760546845147
25043,1760546860283.0,0adab909-eb8f-4baf-9eed-7a4cc889cb7c,60:23:B6:A6:4A:B6,Charge 6,-85,1760546845147
25044,1760551050320.0,0adab909-eb8f-4baf-9eed-7a4cc889cb7c,4C:96:8A:ED:6A:01,SPEN NA,-50,1760551050275
25045,1760551051055.0,0adab909-eb8f-4baf-9eed-7a4cc889cb7c,4C:96:8A:ED:6A:01,SPEN NA,-60,1760551050275
25046,1760551051691.0,0adab909-eb8f-4baf-9eed-7a4cc889cb7c,4C:96:8A:ED:6A:01,SPEN NA,-48,1760551050275
25047,1760551052018.0,0adab909-eb8f-4baf-9eed-7a4cc889cb7c,4C:96:8A:ED:6A:01,SPEN NA,-51,1760551050275
25048,1760551052333.0,0adab909-eb8f-4baf-9eed-7a4cc889cb7c,4C:96:8A:ED:6A:01,SPEN NA,-48,1760551050275
25049,1760551052640.0,0adab909-eb8f-4baf-9eed-7a4cc889cb7c,4C:96:8A:ED:6A:01,SPEN NA,-47,1760551050275
25050,1760551052967.0,0adab909-eb8f-4baf-9eed-7a4cc889cb7c,4C:96:8A:ED:6A:01,SPEN NA,-52,1760551050275
25051,1760551053277.0,0adab909-eb8f-4baf-9eed-7a4cc889cb7c,4C:96:8A:ED:6A:01,SPEN NA,-48,1760551050275
25052,1760551053574.0,0adab909-eb8f-4baf-9eed-7a4cc889cb7c,4C:96:8A:ED:6A:01,SPEN NA,-48,1760551050275
25053,1760551053894.0,0adab909-eb8f-4baf-9eed-7a4cc889cb7c,4C:96:8A:ED:6A:01,SPEN NA,-52,1760551050275
25054,1760551054207.0,0adab909-eb8f-4baf-9eed-7a4cc889cb7c,4C:96:8A:ED:6A:01,SPEN NA,-48,1760551050275
25055,1760551055166.0,0adab909-eb8f-4baf-9eed-7a4cc889cb7c,4C:96:8A:ED:6A:01,SPEN NA,-48,1760551050275
25056,1760551055478.0,0adab909-eb8f-4baf-9eed-7a4cc889cb7c,4C:96:8A:ED:6A:01,SPEN NA,-48,1760551050275
25057,1760551056102.0,0adab909-eb8f-4baf-9eed-7a4cc889cb7c,4C:96:8A:ED:6A:01,SPEN NA,-48,1760551050275
25058,1760551057476.0,0adab909-eb8f-4baf-9eed-7a4cc889cb7c,4C:96:8A:ED:6A:01,SPEN NA,-48,1760551050275
25059,1760551057793.0,0adab909-eb8f-4baf-9eed-7a4cc889cb7c,4C:96:8A:ED:6A:01,SPEN NA,-52,1760551050275
25060,1760551058099.0,0adab909-eb8f-4baf-9eed-7a4cc889cb7c,4C:96:8A:ED:6A:01,SPEN NA,-48,1760551050275
25061,1760551058431.0,0adab909-eb8f-4baf-9eed-7a4cc889cb7c,4C:96:8A:ED:6A:01,SPEN NA,-48,1760551050275
25062,1760551058728.0,0adab909-eb8f-4baf-9eed-7a4cc889cb7c,4C:96:8A:ED:6A:01,SPEN NA,-53,1760551050275
25063,1760551059381.0,0adab909-eb8f-4baf-9eed-7a4cc889cb7c,4C:96:8A:ED:6A:01,SPEN NA,-47,1760551050275
25064,1760551059996.0,0adab909-eb8f-4baf-9eed-7a4cc889cb7c,4C:96:8A:ED:6A:01,SPEN NA,-49,1760551050275
25065,1760551063231.0,0adab909-eb8f-4baf-9eed-7a4cc889cb7c,4C:96:8A:ED:6A:01,SPEN NA,-48,1760551050275
25066,1760551063251.0,0adab909-eb8f-4baf-9eed-7a4cc889cb7c,3C:37:CA:DC:05:3E,,-94,1760551050275
25067,1760551063297.0,0adab909-eb8f-4baf-9eed-7a4cc889cb7c,3D:4C:D5:4F:08:91,,-73,1760551050275
25068,1760554674074.0,0adab909-eb8f-4baf-9eed-7a4cc889cb7c,5B:2C:BE:AF:22:6A,A90 Pro,-100,1760554671457
25069,1760556474405.0,0adab909-eb8f-4baf-9eed-7a4cc889cb7c,5D:C5:00:70:8F:0D,,-85,1760556471061
25070,1760556475368.0,0adab909-eb8f-4baf-9eed-7a4cc889cb7c,61:6D:F4:98:5B:A1,,-87,1760556471061
25071,1760557075054.0,0adab909-eb8f-4baf-9eed-7a4cc889cb7c,61:6D:F4:98:5B:A1,,-89,1760557071059
25072,1760557075680.0,0adab909-eb8f-4baf-9eed-7a4cc889cb7c,51:9F:85:23:67:F9,,-90,1760557071059
25073,1760557076946.0,0adab909-eb8f-4baf-9eed-7a4cc889cb7c,19:13:C3:E1:2C:EF,,-92,1760557071059
25074,1760557672668.0,0adab909-eb8f-4baf-9eed-7a4cc889cb7c,CF:33:36:32:4C:1E,Govee_H6054_4C1E,-73,1760557671906
25075,1760557673258.0,0adab909-eb8f-4baf-9eed-7a4cc889cb7c,51:9F:85:23:67:F9,,-88,1760557671906
25076,1760557673612.0,0adab909-eb8f-4baf-9eed-7a4cc889cb7c,6F:40:11:AB:30:3D,,-92,1760557671906
25077,1760557675189.0,0adab909-eb8f-4baf-9eed-7a4cc889cb7c,66:BD:E3:8F:74:F9,,-85,1760557671906
25078,1760558272285.0,0adab909-eb8f-4baf-9eed-7a4cc889cb7c,CF:33:36:32:4C:1E,Govee_H6054_4C1E,-79,1760558271905
25079,1760558275892.0,0adab909-eb8f-4baf-9eed-7a4cc889cb7c,63:33:49:3B:BC:C4,,-89,1760558271905
25080,1760558871946.0,0adab909-eb8f-4baf-9eed-7a4cc889cb7c,60:74:F4:72:90:3F,ihoment_H601B_903F,-84,1760558871906
25081,1760558871961.0,0adab909-eb8f-4baf-9eed-7a4cc889cb7c,4C:96:8A:ED:6A:01,SPEN NA,127,1760558871906
25082,1760558872298.0,0adab909-eb8f-4baf-9eed-7a4cc889cb7c,CF:33:36:32:4C:1E,Govee_H6054_4C1E,-78,1760558871906
25083,1760558872915.0,0adab909-eb8f-4baf-9eed-7a4cc889cb7c,60:74:F4:73:99:E7,ihoment_H601B_99E7,-85,1760558871906
25084,1760558873324.0,0adab909-eb8f-4baf-9eed-7a4cc889cb7c,4C:96:8A:ED:6A:01,SPEN NA,-58,1760558871906
25085,1760558874268.0,0adab909-eb8f-4baf-9eed-7a4cc889cb7c,4C:96:8A:ED:6A:01,SPEN NA,-60,1760558871906
25086,1760558874516.0,0adab909-eb8f-4baf-9eed-7a4cc889cb7c,66:07:24:8F:F6:37,,-82,1760558871906
25087,1760558874873.0,0adab909-eb8f-4baf-9eed-7a4cc889cb7c,53:5C:B7:79:48:0B,,-85,1760558871906
25088,1760558874889.0,0adab909-eb8f-4baf-9eed-7a4cc889cb7c,49:56:19:E8:A0:05,,-83,1760558871906
25089,1760558875182.0,0adab909-eb8f-4baf-9eed-7a4cc889cb7c,47:04:D2:6E:9C:41,,-90,1760558871906
25090,1760558875203.0,0adab909-eb8f-4baf-9eed-7a4cc889cb7c,27:F2:83:B5:91:B9,,-92,1760558871906
25091,1760558875223.0,0adab909-eb8f-4baf-9eed-7a4cc889cb7c,9F:DA:07:87:76:15,JLab GO Pop+-BLE,-89,1760558871906
25092,1760558875535.0,0adab909-eb8f-4baf-9eed-7a4cc889cb7c,4C:96:8A:ED:6A:01,SPEN NA,-61,1760558871906
25093,1760558875839.0,0adab909-eb8f-4baf-9eed-7a4cc889cb7c,4C:96:8A:ED:6A:01,SPEN NA,-59,1760558871906
25094,1760558876149.0,0adab909-eb8f-4baf-9eed-7a4cc889cb7c,4C:96:8A:ED:6A:01,SPEN NA,-60,1760558871906
25095,1760558876473.0,0adab909-eb8f-4baf-9eed-7a4cc889cb7c,4C:96:8A:ED:6A:01,SPEN NA,-61,1760558871906
25096,1760558876488.0,0adab909-eb8f-4baf-9eed-7a4cc889cb7c,5F:6C:17:61:95:0C,,-95,1760558871906
25097,1760558876795.0,0adab909-eb8f-4baf-9eed-7a4cc889cb7c,4C:96:8A:ED:6A:01,SPEN NA,-59,1760558871906
25098,1760558877099.0,0adab909-eb8f-4baf-9eed-7a4cc889cb7c,4C:96:8A:ED:6A:01,SPEN NA,-59,1760558871906
25099,1760558877752.0,0adab909-eb8f-4baf-9eed-7a4cc889cb7c,4C:96:8A:ED:6A:01,SPEN NA,-58,1760558871906
25100,1760558878384.0,0adab909-eb8f-4baf-9eed-7a4cc889cb7c,4C:96:8A:ED:6A:01,SPEN NA,-62,1760558871906
25101,1760558879017.0,0adab909-eb8f-4baf-9eed-7a4cc889cb7c,4C:96:8A:ED:6A:01,SPEN NA,-59,1760558871906
25102,1760558879724.0,0adab909-eb8f-4baf-9eed-7a4cc889cb7c,4C:96:8A:ED:6A:01,SPEN NA,-58,1760558871906
25103,1760558880353.0,0adab909-eb8f-4baf-9eed-7a4cc889cb7c,4C:96:8A:ED:6A:01,SPEN NA,-61,1760558871906
25104,1760558881315.0,0adab909-eb8f-4baf-9eed-7a4cc889cb7c,4C:96:8A:ED:6A:01,SPEN NA,-61,1760558871906
25105,1760558884778.0,0adab909-eb8f-4baf-9eed-7a4cc889cb7c,CF:33:36:32:4C:1E,Govee_H6054_4C1E,-73,1760558871906
25106,1760558884794.0,0adab909-eb8f-4baf-9eed-7a4cc889cb7c,0F:FF:B9:9F:EF:38,,-84,1760558871906
25107,1760558884823.0,0adab909-eb8f-4baf-9eed-7a4cc889cb7c,60:74:F4:72:90:3F,ihoment_H601B_903F,-84,1760558871906
25108,1760558884869.0,0adab909-eb8f-4baf-9eed-7a4cc889cb7c,4C:96:8A:ED:6A:01,SPEN NA,-58,1760558871906
25109,1760558884973.0,0adab909-eb8f-4baf-9eed-7a4cc889cb7c,60:74:F4:73:99:E7,ihoment_H601B_99E7,-82,1760558871906
25110,1760558885920.0,0adab909-eb8f-4baf-9eed-7a4cc889cb7c,53:5C:B7:79:48:0B,,-81,1760558871906
25111,1760558886942.0,0adab909-eb8f-4baf-9eed-7a4cc889cb7c,1E:E2:F7:88:93:DC,,-88,1760558871906
25112,1760559470873.0,0adab909-eb8f-4baf-9eed-7a4cc889cb7c,52:7C:29:53:8E:17,,-77,1760559470828
25113,1760559470924.0,0adab909-eb8f-4baf-9eed-7a4cc889cb7c,CF:33:36:32:4C:1E,Govee_H6054_4C1E,-81,1760559470828
25114,1760559473856.0,0adab909-eb8f-4baf-9eed-7a4cc889cb7c,53:36:DA:FD:A4:E0,,-88,1760559470828
25115,1760559483699.0,0adab909-eb8f-4baf-9eed-7a4cc889cb7c,21:9D:0C:7C:2A:F2,,-80,1760559470828
25116,1760559483786.0,0adab909-eb8f-4baf-9eed-7a4cc889cb7c,F0:BB:E7:E8:CE:C3,,-82,1760559470828
25117,1760559483808.0,0adab909-eb8f-4baf-9eed-7a4cc889cb7c,52:7C:29:53:8E:17,,-83,1760559470828
25118,1760559484921.0,0adab909-eb8f-4baf-9eed-7a4cc889cb7c,CF:33:36:32:4C:1E,Govee_H6054_4C1E,-80,1760559470828
25119,1760560072916.0,0adab909-eb8f-4baf-9eed-7a4cc889cb7c,5D:99:54:1D:17:24,,-72,1760560070836
25120,1760560073833.0,0adab909-eb8f-4baf-9eed-7a4cc889cb7c,52:CC:13:A1:C2:7A,,-79,1760560070836
25121,1760560083899.0,0adab909-eb8f-4baf-9eed-7a4cc889cb7c,29:F0:DA:F4:B4:4D,,-90,1760560070836
25122,1760560085115.0,0adab909-eb8f-4baf-9eed-7a4cc889cb7c,52:CC:13:A1:C2:7A,,-84,1760560070836
25123,1760560085211.0,0adab909-eb8f-4baf-9eed-7a4cc889cb7c,5D:99:54:1D:17:24,,-70,1760560070836
25124,1760560684238.0,0adab909-eb8f-4baf-9eed-7a4cc889cb7c,09:D1:05:AB:3B:A4,,-82,1760560670822
25125,1760560684504.0,0adab909-eb8f-4baf-9eed-7a4cc889cb7c,F5:83:48:EF:2A:65,,-71,1760560670822
25126,1760560685555.0,0adab909-eb8f-4baf-9eed-7a4cc889cb7c,F0:BB:E7:E8:CE:C3,,-73,1760560670822
25127,1760561284081.0,0adab909-eb8f-4baf-9eed-7a4cc889cb7c,F5:83:48:EF:2A:65,,-71,1760561271159
25128,1760561285093.0,0adab909-eb8f-4baf-9eed-7a4cc889cb7c,14:69:E4:99:C6:8D,,-87,1760561271159
25129,1760561884195.0,0adab909-eb8f-4baf-9eed-7a4cc889cb7c,33:EE:13:B3:75:8A,,-91,1760561871148
25130,1760562484126.0,0adab909-eb8f-4baf-9eed-7a4cc889cb7c,21:D6:A2:CE:B2:ED,,-84,1760562471110
25131,1760563084370.0,0adab909-eb8f-4baf-9eed-7a4cc889cb7c,05:2C:BB:3E:7A:0B,,-83,1760563071500
25132,1760563084420.0,0adab909-eb8f-4baf-9eed-7a4cc889cb7c,10:33:AB:90:89:3C,,-86,1760563071500
25133,1760563684416.0,0adab909-eb8f-4baf-9eed-7a4cc889cb7c,2B:7E:08:60:39:4B,,-77,1760563671471
25134,1760564271961.0,0adab909-eb8f-4baf-9eed-7a4cc889cb7c,44:27:F3:4F:E6:95,XiaomiWatchS1Active E695,-93,1760564271482
25135,1760564273814.0,0adab909-eb8f-4baf-9eed-7a4cc889cb7c,4F:5D:DD:17:17:64,,-87,1760564271482
25136,1760564274757.0,0adab909-eb8f-4baf-9eed-7a4cc889cb7c,53:E6:D2:3B:0D:D0,,-74,1760564271482
25137,1760564275272.0,0adab909-eb8f-4baf-9eed-7a4cc889cb7c,C3:F5:7F:8B:F1:7D,Hue Lamp,-74,1760564271482
25138,1760564884146.0,0adab909-eb8f-4baf-9eed-7a4cc889cb7c,37:E0:3C:5C:7E:F4,,-74,1760564871268
25139,1760564884244.0,0adab909-eb8f-4baf-9eed-7a4cc889cb7c,E7:57:E0:5C:B6:CC,,-70,1760564871268
25140,1760566672307.0,0adab909-eb8f-4baf-9eed-7a4cc889cb7c,55:6D:E0:3C:2A:E5,,-82,1760566672304
25141,1760566672869.0,0adab909-eb8f-4baf-9eed-7a4cc889cb7c,7A:42:F1:0E:D4:72,,-75,1760566672304
25142,1760566673260.0,0adab909-eb8f-4baf-9eed-7a4cc889cb7c,78:59:78:09:80:A7,,-76,1760566672304
25143,1760566684838.0,0adab909-eb8f-4baf-9eed-7a4cc889cb7c,55:6D:E0:3C:2A:E5,,-78,1760566672304
25144,1760566685896.0,0adab909-eb8f-4baf-9eed-7a4cc889cb7c,78:59:78:09:80:A7,,-76,1760566672304
25145,1760566685915.0,0adab909-eb8f-4baf-9eed-7a4cc889cb7c,7A:42:F1:0E:D4:72,,-77,1760566672304
25146,1760567271597.0,0adab909-eb8f-4baf-9eed-7a4cc889cb7c,5D:36:0D:29:5F:7D,,-72,1760567271415
25147,1760567273804.0,0adab909-eb8f-4baf-9eed-7a4cc889cb7c,4C:73:D6:85:55:F9,,-81,1760567271415
25148,1760567276952.0,0adab909-eb8f-4baf-9eed-7a4cc889cb7c,44:6A:39:2E:10:54,,-72,1760567271415
25149,1760567284468.0,0adab909-eb8f-4baf-9eed-7a4cc889cb7c,5D:36:0D:29:5F:7D,,-72,1760567271415
25150,1760567285371.0,0adab909-eb8f-4baf-9eed-7a4cc889cb7c,4C:73:D6:85:55:F9,,-78,1760567271415
25151,1760567285471.0,0adab909-eb8f-4baf-9eed-7a4cc889cb7c,44:6A:39:2E:10:54,,-79,1760567271415
25152,1760567285487.0,0adab909-eb8f-4baf-9eed-7a4cc889cb7c,F4:FE:FB:45:44:C9,,-96,1760567271415
25153,1760567871519.0,0adab909-eb8f-4baf-9eed-7a4cc889cb7c,66:67:C1:24:2A:07,,-73,1760567871435
25154,1760567871830.0,0adab909-eb8f-4baf-9eed-7a4cc889cb7c,50:5E:78:6D:1F:CD,,127,1760567871435
25155,1760567872780.0,0adab909-eb8f-4baf-9eed-7a4cc889cb7c,74:30:86:2C:D4:4C,,-64,1760567871435
25156,1760567884713.0,0adab909-eb8f-4baf-9eed-7a4cc889cb7c,50:5E:78:6D:1F:CD,,-69,1760567871435
25157,1760567884737.0,0adab909-eb8f-4baf-9eed-7a4cc889cb7c,66:67:C1:24:2A:07,,-69,1760567871435
25158,1760567885753.0,0adab909-eb8f-4baf-9eed-7a4cc889cb7c,74:30:86:2C:D4:4C,,-68,1760567871435
25159,1760567885782.0,0adab909-eb8f-4baf-9eed-7a4cc889cb7c,03:3B:36:3D:04:DD,,-87,1760567871435
25160,1760568471984.0,0adab909-eb8f-4baf-9eed-7a4cc889cb7c,50:5E:78:6D:1F:CD,,-76,1760568471920
25161,1760568472356.0,0adab909-eb8f-4baf-9eed-7a4cc889cb7c,66:67:C1:24:2A:07,,-76,1760568471920
25162,1760568473673.0,0adab909-eb8f-4baf-9eed-7a4cc889cb7c,74:30:86:2C:D4:4C,,-73,1760568471920
25163,1760569071947.0,0adab909-eb8f-4baf-9eed-7a4cc889cb7c,4F:81:7A:E9:30:10,,-75,1760569071927
25164,1760569072330.0,0adab909-eb8f-4baf-9eed-7a4cc889cb7c,44:A8:04:54:A5:85,,-81,1760569071927
25165,1760569073393.0,0adab909-eb8f-4baf-9eed-7a4cc889cb7c,47:78:53:EB:10:26,,-76,1760569071927
25166,1760569671920.0,0adab909-eb8f-4baf-9eed-7a4cc889cb7c,77:95:27:94:C6:AB,,-75,1760569671916
25167,1760569672315.0,0adab909-eb8f-4baf-9eed-7a4cc889cb7c,49:C2:04:64:8E:27,,-77,1760569671916
25168,1760569672668.0,0adab909-eb8f-4baf-9eed-7a4cc889cb7c,4B:4C:AB:03:3E:D9,,-83,1760569671916
25169,1760570264633.0,0adab909-eb8f-4baf-9eed-7a4cc889cb7c,77:95:27:94:C6:AB,,-90,1760570263930
25170,1760570264649.0,0adab909-eb8f-4baf-9eed-7a4cc889cb7c,4B:4C:AB:03:3E:D9,,-85,1760570263930
25171,1760570264692.0,0adab909-eb8f-4baf-9eed-7a4cc889cb7c,49:C2:04:64:8E:27,,-85,1760570263930
25172,1760570864684.0,0adab909-eb8f-4baf-9eed-7a4cc889cb7c,49:55:3B:AB:F7:89,,-71,1760570863922
25173,1760570864697.0,0adab909-eb8f-4baf-9eed-7a4cc889cb7c,51:8C:D1:02:1F:36,,-71,1760570863922
25174,1760570865997.0,0adab909-eb8f-4baf-9eed-7a4cc889cb7c,48:EC:29:B0:17:57,,-78,1760570863922
25175,1760571463936.0,0adab909-eb8f-4baf-9eed-7a4cc889cb7c,5B:A0:43:AD:A9:9C,,-71,1760571463896
25176,1760571473035.0,0adab909-eb8f-4baf-9eed-7a4cc889cb7c,4E:B4:60:03:70:40,,-88,1760571463896
25177,1760572056340.0,0adab909-eb8f-4baf-9eed-7a4cc889cb7c,5B:A0:43:AD:A9:9C,,-78,1760572055875
25178,1760572066231.0,0adab909-eb8f-4baf-9eed-7a4cc889cb7c,A1:A3:C9:B4:8E:19,A97 Pro,-100,1760572055875
25179,1760572656596.0,0adab909-eb8f-4baf-9eed-7a4cc889cb7c,79:2E:E9:E5:FF:30,,-79,1760572655887
25180,1760573255912.0,0adab909-eb8f-4baf-9eed-7a4cc889cb7c,5E:A0:E0:DE:4A:94,,-69,1760573255909
25181,1760573869270.0,0adab909-eb8f-4baf-9eed-7a4cc889cb7c,5E:A0:E0:DE:4A:94,,-79,1760573868887
25182,1760574468941.0,0adab909-eb8f-4baf-9eed-7a4cc889cb7c,42:BB:C7:3C:D8:02,,-73,1760574468843
25183,1760575069571.0,0adab909-eb8f-4baf-9eed-7a4cc889cb7c,6E:9F:B0:33:E8:00,,-77,1760575068871
25184,1760575660889.0,0adab909-eb8f-4baf-9eed-7a4cc889cb7c,49:80:27:5B:00:97,,-69,1760575660857
25185,1760576261879.0,0adab909-eb8f-4baf-9eed-7a4cc889cb7c,5A:5A:68:86:FB:E2,,-74,1760576260855
25186,1760576861214.0,0adab909-eb8f-4baf-9eed-7a4cc889cb7c,5A:5A:68:86:FB:E2,,-84,1760576860845
25187,1760577482857.0,0adab909-eb8f-4baf-9eed-7a4cc889cb7c,77:52:27:6B:C1:31,,-70,1760577482825
25188,1760578082882.0,0adab909-eb8f-4baf-9eed-7a4cc889cb7c,64:E2:E2:BB:CC:F4,,-69,1760578082829
25189,1760578681935.0,0adab909-eb8f-4baf-9eed-7a4cc889cb7c,73:27:50:42:BF:05,,-73,1760578681829
25190,1760579275907.0,0adab909-eb8f-4baf-9eed-7a4cc889cb7c,73:27:50:42:BF:05,,-73,1760579274839
25191,1760579875203.0,0adab909-eb8f-4baf-9eed-7a4cc889cb7c,55:90:BB:97:21:CD,,-82,1760579874846
25192,1760580475872.0,0adab909-eb8f-4baf-9eed-7a4cc889cb7c,55:90:BB:97:21:CD,,-74,1760580474786
25193,1760581066874.0,0adab909-eb8f-4baf-9eed-7a4cc889cb7c,44:09:A9:72:99:EC,,-74,1760581066830
25194,1760581666865.0,0adab909-eb8f-4baf-9eed-7a4cc889cb7c,44:09:A9:72:99:EC,,-76,1760581666805
25195,1760582268473.0,0adab909-eb8f-4baf-9eed-7a4cc889cb7c,5F:8C:CE:56:8A:25,,-81,1760582266806
25196,1760582860231.0,0adab909-eb8f-4baf-9eed-7a4cc889cb7c,60:BB:02:67:DF:8E,,-74,1760582858769
25197,1760583458446.0,0adab909-eb8f-4baf-9eed-7a4cc889cb7c,6B:D0:E4:CB:A2:00,,-79,1760583457713
25198,1760584058803.0,0adab909-eb8f-4baf-9eed-7a4cc889cb7c,6B:D0:E4:CB:A2:00,,-72,1760584058792
25199,1760584651128.0,0adab909-eb8f-4baf-9eed-7a4cc889cb7c,46:35:33:68:B1:4F,,-80,1760584650757
25200,1760585250804.0,0adab909-eb8f-4baf-9eed-7a4cc889cb7c,46:35:33:68:B1:4F,,-75,1760585250766
25201,1760585851171.0,0adab909-eb8f-4baf-9eed-7a4cc889cb7c,7D:8A:F7:C6:30:20,,-76,1760585850745
25202,1760586504480.0,0adab909-eb8f-4baf-9eed-7a4cc889cb7c,4F:B6:FE:E2:CC:59,,-78,1760586502756
25203,1760586507105.0,0adab909-eb8f-4baf-9eed-7a4cc889cb7c,5E:44:11:CE:F1:1E,,-90,1760586502756
25204,1760586512451.0,0adab909-eb8f-4baf-9eed-7a4cc889cb7c,D9:B3:91:EE:36:65,CAD-BLE0515270,-91,1760586502756
25205,1760587103113.0,0adab909-eb8f-4baf-9eed-7a4cc889cb7c,4F:B6:FE:E2:CC:59,,-82,1760587102741
25206,1760587109721.0,0adab909-eb8f-4baf-9eed-7a4cc889cb7c,00:1B:10:18:52:8E,XY_SPP_1152V232,-100,1760587102741
25207,1760587110284.0,0adab909-eb8f-4baf-9eed-7a4cc889cb7c,00:1B:10:19:52:8E,TCZ101FEA24A1091   ,-80,1760587102741
25208,1760587704804.0,0adab909-eb8f-4baf-9eed-7a4cc889cb7c,49:21:D0:1A:80:01,,-73,1760587702765
25209,1760588295105.0,0adab909-eb8f-4baf-9eed-7a4cc889cb7c,6F:D5:CA:26:6D:A1,,-82,1760588294736
25210,1760588895140.0,0adab909-eb8f-4baf-9eed-7a4cc889cb7c,51:50:C9:3B:83:1A,,-79,1760588894741
25211,1760589494840.0,0adab909-eb8f-4baf-9eed-7a4cc889cb7c,51:50:C9:3B:83:1A,,-77,1760589494732
25212,1760589496162.0,0adab909-eb8f-4baf-9eed-7a4cc889cb7c,51:1F:C6:A9:58:B7,,-88,1760589494732
25213,1760590086823.0,0adab909-eb8f-4baf-9eed-7a4cc889cb7c,7A:CC:2C:B0:FD:62,,-76,1760590086751
25214,1760590645780.0,0adab909-eb8f-4baf-9eed-7a4cc889cb7c,7A:CC:2C:B0:FD:62,,-73,1760590645737
25215,1760591286164.0,0adab909-eb8f-4baf-9eed-7a4cc889cb7c,40:AC:0D:B0:1D:57,,-77,1760591285744
25216,1760591878726.0,0adab909-eb8f-4baf-9eed-7a4cc889cb7c,6C:5A:BE:65:2C:91,,-72,1760591878711
25217,1760591880742.0,0adab909-eb8f-4baf-9eed-7a4cc889cb7c,45:1F:94:62:3E:EE,,-90,1760591878711
25218,1760591885823.0,0adab909-eb8f-4baf-9eed-7a4cc889cb7c,52:B7:D9:A2:7F:0D,JBL LIVE660NC-LE,-91,1760591878711
25219,1760592478708.0,0adab909-eb8f-4baf-9eed-7a4cc889cb7c,6C:5A:BE:65:2C:91,,-71,1760592478701
25220,1760592486491.0,0adab909-eb8f-4baf-9eed-7a4cc889cb7c,52:B7:D9:A2:7F:0D,JBL LIVE660NC-LE,-94,1760592478701
25221,1760593079424.0,0adab909-eb8f-4baf-9eed-7a4cc889cb7c,7C:00:99:9E:EA:90,,-76,1760593078709
25222,1760593080141.0,0adab909-eb8f-4baf-9eed-7a4cc889cb7c,52:A1:B7:DA:A0:18,,-87,1760593078709
25223,1760593087746.0,0adab909-eb8f-4baf-9eed-7a4cc889cb7c,4F:6D:E4:28:72:3D,,-92,1760593078709
25224,1760593090654.0,0adab909-eb8f-4baf-9eed-7a4cc889cb7c,4C:4F:EE:A7:AA:6F,,-100,1760593078709
25225,1760593092004.0,0adab909-eb8f-4baf-9eed-7a4cc889cb7c,4C:4F:EE:A7:AA:6F,OnePlus 7T Pro,-100,1760593078709
25226,1760593671110.0,0adab909-eb8f-4baf-9eed-7a4cc889cb7c,6A:85:88:36:F1:89,,-81,1760593670700
25227,1760593674077.0,0adab909-eb8f-4baf-9eed-7a4cc889cb7c,50:0B:D3:05:DC:10,,-91,1760593670700
25228,1760593676951.0,0adab909-eb8f-4baf-9eed-7a4cc889cb7c,42:F3:15:15:22:2A,,-93,1760593670700
25229,1760593677874.0,0adab909-eb8f-4baf-9eed-7a4cc889cb7c,71:66:47:7A:20:8D,,-85,1760593670700
25230,1760593679754.0,0adab909-eb8f-4baf-9eed-7a4cc889cb7c,67:4E:67:C1:AA:82,,-91,1760593670700
25231,1760594270686.0,0adab909-eb8f-4baf-9eed-7a4cc889cb7c,6A:85:88:36:F1:89,,-72,1760594270681
25232,1760594870716.0,0adab909-eb8f-4baf-9eed-7a4cc889cb7c,6F:25:3F:DA:D1:2F,,-72,1760594870686
25233,1760595462516.0,0adab909-eb8f-4baf-9eed-7a4cc889cb7c,7D:1C:B2:98:D0:0A,,-76,1760595461441
25234,1760596062712.0,0adab909-eb8f-4baf-9eed-7a4cc889cb7c,62:98:7B:C3:52:F4,,-69,1760596062658
25235,1760596068883.0,0adab909-eb8f-4baf-9eed-7a4cc889cb7c,51:41:78:60:CF:6C,,-91,1760596062658
25236,1760596663381.0,0adab909-eb8f-4baf-9eed-7a4cc889cb7c,62:98:7B:C3:52:F4,,-80,1760596662664
25237,1760596671069.0,0adab909-eb8f-4baf-9eed-7a4cc889cb7c,5C:1D:48:3F:40:CB,,-91,1760596662664
25238,1760597254376.0,0adab909-eb8f-4baf-9eed-7a4cc889cb7c,47:5C:E7:F8:42:66,,-81,1760597253670
25239,1760597855742.0,0adab909-eb8f-4baf-9eed-7a4cc889cb7c,6C:A1:59:B2:7C:34,,127,1760597854664
25240,1760597862782.0,0adab909-eb8f-4baf-9eed-7a4cc889cb7c,4D:E7:C0:82:EF:33,,-90,1760597854664
25241,1760597863755.0,0adab909-eb8f-4baf-9eed-7a4cc889cb7c,5E:A3:83:6D:A4:8A,,-95,1760597854664
25242,1760597863772.0,0adab909-eb8f-4baf-9eed-7a4cc889cb7c,3D:CC:36:7D:D0:7B,,-94,1760597854664
25243,1760598455414.0,0adab909-eb8f-4baf-9eed-7a4cc889cb7c,7A:99:92:B8:5C:98,,-88,1760598454643
25244,1760598455675.0,0adab909-eb8f-4baf-9eed-7a4cc889cb7c,6C:A1:59:B2:7C:34,,-76,1760598454643
25245,1760598463659.0,0adab909-eb8f-4baf-9eed-7a4cc889cb7c,42:48:09:D3:5E:01,,-91,1760598454643
25246,1760599046742.0,0adab909-eb8f-4baf-9eed-7a4cc889cb7c,50:5E:A5:75:0B:6C,,-79,1760599046671
25247,1760599646753.0,0adab909-eb8f-4baf-9eed-7a4cc889cb7c,7C:91:A3:D1:0F:8B,,-79,1760599646660
25248,1760599650637.0,0adab909-eb8f-4baf-9eed-7a4cc889cb7c,45:D0:36:9E:03:5C,,-91,1760599646660
25249,1760600247355.0,0adab909-eb8f-4baf-9eed-7a4cc889cb7c,7C:91:A3:D1:0F:8B,,-84,1760600246657
25250,1760600255704.0,0adab909-eb8f-4baf-9eed-7a4cc889cb7c,6A:10:09:35:84:35,,-94,1760600246657
25251,1760600898674.0,0adab909-eb8f-4baf-9eed-7a4cc889cb7c,73:7C:32:A2:B7:BF,,-76,1760600898612
25252,1760601499054.0,0adab909-eb8f-4baf-9eed-7a4cc889cb7c,73:7C:32:A2:B7:BF,,-76,1760601498654
25253,1760601505810.0,0adab909-eb8f-4baf-9eed-7a4cc889cb7c,65:70:34:A0:AB:F1,,-93,1760601498654
25254,1760602098672.0,0adab909-eb8f-4baf-9eed-7a4cc889cb7c,7C:3B:EA:DB:1E:7A,,-75,1760602098614
25255,1760602104377.0,0adab909-eb8f-4baf-9eed-7a4cc889cb7c,9F:DA:07:74:4E:90,,-100,1760602098614
25256,1760602109319.0,0adab909-eb8f-4baf-9eed-7a4cc889cb7c,9F:DA:07:74:4E:90,JLab GO Air Pop,-100,1760602098614
25257,1760602183528.0,0adab909-eb8f-4baf-9eed-7a4cc889cb7c,7C:3B:EA:DB:1E:7A,,-66,1760602098614
25258,1760602672526.0,0adab909-eb8f-4baf-9eed-7a4cc889cb7c,4C:96:8A:ED:6A:01,SPEN NA,-59,1760602672517
25259,1760602672974.0,0adab909-eb8f-4baf-9eed-7a4cc889cb7c,4C:96:8A:ED:6A:01,SPEN NA,-66,1760602672517
25260,1760602673476.0,0adab909-eb8f-4baf-9eed-7a4cc889cb7c,4C:96:8A:ED:6A:01,SPEN NA,-58,1760602672517
25261,1760602674200.0,0adab909-eb8f-4baf-9eed-7a4cc889cb7c,4C:96:8A:ED:6A:01,SPEN NA,-63,1760602672517
25262,1760602674527.0,0adab909-eb8f-4baf-9eed-7a4cc889cb7c,4C:96:8A:ED:6A:01,SPEN NA,-58,1760602672517
25263,1760602674848.0,0adab909-eb8f-4baf-9eed-7a4cc889cb7c,4C:96:8A:ED:6A:01,SPEN NA,-61,1760602672517
25264,1760602675170.0,0adab909-eb8f-4baf-9eed-7a4cc889cb7c,4C:96:8A:ED:6A:01,SPEN NA,-63,1760602672517
25265,1760602675492.0,0adab909-eb8f-4baf-9eed-7a4cc889cb7c,4C:96:8A:ED:6A:01,SPEN NA,-58,1760602672517
25266,1760602675780.0,0adab909-eb8f-4baf-9eed-7a4cc889cb7c,4C:96:8A:ED:6A:01,SPEN NA,-61,1760602672517
25267,1760602676134.0,0adab909-eb8f-4baf-9eed-7a4cc889cb7c,4C:96:8A:ED:6A:01,SPEN NA,-62,1760602672517
25268,1760602676414.0,0adab909-eb8f-4baf-9eed-7a4cc889cb7c,4C:96:8A:ED:6A:01,SPEN NA,-59,1760602672517
25269,1760602676741.0,0adab909-eb8f-4baf-9eed-7a4cc889cb7c,4C:96:8A:ED:6A:01,SPEN NA,-66,1760602672517
25270,1760602677061.0,0adab909-eb8f-4baf-9eed-7a4cc889cb7c,4C:96:8A:ED:6A:01,SPEN NA,-67,1760602672517
25271,1760602678002.0,0adab909-eb8f-4baf-9eed-7a4cc889cb7c,4C:96:8A:ED:6A:01,SPEN NA,-67,1760602672517
25272,1760602678945.0,0adab909-eb8f-4baf-9eed-7a4cc889cb7c,4C:96:8A:ED:6A:01,SPEN NA,-62,1760602672517
25273,1760602679679.0,0adab909-eb8f-4baf-9eed-7a4cc889cb7c,4C:96:8A:ED:6A:01,SPEN NA,-62,1760602672517
25274,1760602680265.0,0adab909-eb8f-4baf-9eed-7a4cc889cb7c,6F:1F:08:D5:EE:8A,,-89,1760602672517
25275,1760602680926.0,0adab909-eb8f-4baf-9eed-7a4cc889cb7c,4C:96:8A:ED:6A:01,SPEN NA,-67,1760602672517
25276,1760602682201.0,0adab909-eb8f-4baf-9eed-7a4cc889cb7c,4C:96:8A:ED:6A:01,SPEN NA,-60,1760602672517
25277,1760602682215.0,0adab909-eb8f-4baf-9eed-7a4cc889cb7c,70:97:9E:AD:EC:3C,,-91,1760602672517
25278,1760602682495.0,0adab909-eb8f-4baf-9eed-7a4cc889cb7c,41:16:A2:2B:04:0F,,-85,1760602672517
25279,1760602682518.0,0adab909-eb8f-4baf-9eed-7a4cc889cb7c,53:98:49:70:46:A1,,-94,1760602672517
25280,1760602685676.0,0adab909-eb8f-4baf-9eed-7a4cc889cb7c,B0:38:E2:57:B0:68,,-87,1760602672517
25281,1760602685742.0,0adab909-eb8f-4baf-9eed-7a4cc889cb7c,4C:96:8A:ED:6A:01,SPEN NA,-59,1760602672517
25282,1760602686611.0,0adab909-eb8f-4baf-9eed-7a4cc889cb7c,CE:B9:11:E3:C2:5D,,-91,1760602672517
25283,1760602686638.0,0adab909-eb8f-4baf-9eed-7a4cc889cb7c,67:D2:00:45:72:1E,,-94,1760602672517
25284,1760602686661.0,0adab909-eb8f-4baf-9eed-7a4cc889cb7c,E9:46:98:F0:D4:06,,-82,1760602672517
25285,1760602686686.0,0adab909-eb8f-4baf-9eed-7a4cc889cb7c,7C:AD:03:C6:86:C7,,-67,1760602672517
25286,1760602687514.0,0adab909-eb8f-4baf-9eed-7a4cc889cb7c,C5:7A:A3:31:13:DD,,-95,1760602672517
25287,1760602688431.0,0adab909-eb8f-4baf-9eed-7a4cc889cb7c,4C:96:8A:ED:6A:01,SPEN NA,-59,1760602672517
25288,1760603275448.0,0adab909-eb8f-4baf-9eed-7a4cc889cb7c,6C:AD:51:97:D5:8F,,-95,1760603272462
25289,1760603275820.0,0adab909-eb8f-4baf-9eed-7a4cc889cb7c,59:C9:83:C0:BB:45,,-95,1760603272462
25290,1760603279591.0,0adab909-eb8f-4baf-9eed-7a4cc889cb7c,C3:F5:7F:8B:F1:7D,Hue Lamp,-82,1760603272462
25291,1760603285422.0,0adab909-eb8f-4baf-9eed-7a4cc889cb7c,F4:FE:FB:45:44:C9,,-77,1760603272462
25292,1760603285453.0,0adab909-eb8f-4baf-9eed-7a4cc889cb7c,39:98:1C:A5:3A:3A,,-70,1760603272462
25293,1760603285478.0,0adab909-eb8f-4baf-9eed-7a4cc889cb7c,59:C9:83:C0:BB:45,,-93,1760603272462
25294,1760603853895.0,0adab909-eb8f-4baf-9eed-7a4cc889cb7c,62:30:BA:CC:39:E6,,-90,1760603853883
25295,1760603854545.0,0adab909-eb8f-4baf-9eed-7a4cc889cb7c,C3:F5:7F:8B:F1:7D,Hue Lamp,-83,1760603853883
25296,1760603866804.0,0adab909-eb8f-4baf-9eed-7a4cc889cb7c,34:15:84:A8:29:BA,,-66,1760603853883
25297,1760603866827.0,0adab909-eb8f-4baf-9eed-7a4cc889cb7c,F4:FE:FB:45:44:C9,,-76,1760603853883
25298,1760603866848.0,0adab909-eb8f-4baf-9eed-7a4cc889cb7c,12:80:9C:EE:15:05,,-83,1760603853883
25299,1760603866864.0,0adab909-eb8f-4baf-9eed-7a4cc889cb7c,C3:F5:7F:8B:F1:7D,Hue Lamp,-85,1760603853883
25300,1760606330986.0,0adab909-eb8f-4baf-9eed-7a4cc889cb7c,4C:96:8A:ED:6A:01,SPEN NA,127,1760606330845
25301,1760606331730.0,0adab909-eb8f-4baf-9eed-7a4cc889cb7c,4C:96:8A:ED:6A:01,SPEN NA,127,1760606330845
25302,1760606331928.0,0adab909-eb8f-4baf-9eed-7a4cc889cb7c,4C:96:8A:ED:6A:01,SPEN NA,-54,1760606330845
25303,1760606332875.0,0adab909-eb8f-4baf-9eed-7a4cc889cb7c,4C:96:8A:ED:6A:01,SPEN NA,-48,1760606330845
25304,1760606333194.0,0adab909-eb8f-4baf-9eed-7a4cc889cb7c,4C:96:8A:ED:6A:01,SPEN NA,127,1760606330845
25305,1760606333284.0,0adab909-eb8f-4baf-9eed-7a4cc889cb7c,4C:96:8A:ED:6A:01,SPEN NA,-54,1760606330845
25306,1760606333717.0,0adab909-eb8f-4baf-9eed-7a4cc889cb7c,4C:96:8A:ED:6A:01,SPEN NA,-55,1760606330845
25307,1760606333810.0,0adab909-eb8f-4baf-9eed-7a4cc889cb7c,4C:96:8A:ED:6A:01,SPEN NA,-50,1760606330845
25308,1760606333919.0,0adab909-eb8f-4baf-9eed-7a4cc889cb7c,4C:96:8A:ED:6A:01,SPEN NA,-54,1760606330845
25309,1760606334786.0,0adab909-eb8f-4baf-9eed-7a4cc889cb7c,4C:96:8A:ED:6A:01,SPEN NA,-48,1760606330845
25310,1760606334883.0,0adab909-eb8f-4baf-9eed-7a4cc889cb7c,4C:96:8A:ED:6A:01,SPEN NA,-54,1760606330845
25311,1760606335084.0,0adab909-eb8f-4baf-9eed-7a4cc889cb7c,4C:96:8A:ED:6A:01,SPEN NA,-54,1760606330845
25312,1760606335414.0,0adab909-eb8f-4baf-9eed-7a4cc889cb7c,4C:96:8A:ED:6A:01,SPEN NA,-55,1760606330845
25313,1760606335504.0,0adab909-eb8f-4baf-9eed-7a4cc889cb7c,4C:96:8A:ED:6A:01,SPEN NA,-59,1760606330845
25314,1760606336152.0,0adab909-eb8f-4baf-9eed-7a4cc889cb7c,4C:96:8A:ED:6A:01,SPEN NA,-51,1760606330845
25315,1760606336453.0,0adab909-eb8f-4baf-9eed-7a4cc889cb7c,4C:96:8A:ED:6A:01,SPEN NA,-59,1760606330845
25316,1760606337719.0,0adab909-eb8f-4baf-9eed-7a4cc889cb7c,4C:96:8A:ED:6A:01,SPEN NA,-50,1760606330845
25317,1760606338360.0,0adab909-eb8f-4baf-9eed-7a4cc889cb7c,4C:96:8A:ED:6A:01,SPEN NA,-52,1760606330845
25318,1760606338975.0,0adab909-eb8f-4baf-9eed-7a4cc889cb7c,4C:96:8A:ED:6A:01,SPEN NA,-47,1760606330845
25319,1760606339296.0,0adab909-eb8f-4baf-9eed-7a4cc889cb7c,4C:96:8A:ED:6A:01,SPEN NA,-51,1760606330845
25320,1760606339918.0,0adab909-eb8f-4baf-9eed-7a4cc889cb7c,4C:96:8A:ED:6A:01,SPEN NA,-54,1760606330845
25321,1760606340240.0,0adab909-eb8f-4baf-9eed-7a4cc889cb7c,4C:96:8A:ED:6A:01,SPEN NA,-58,1760606330845
25322,1760606340324.0,0adab909-eb8f-4baf-9eed-7a4cc889cb7c,4C:96:8A:ED:6A:01,SPEN NA,-58,1760606330845
25323,1760606340871.0,0adab909-eb8f-4baf-9eed-7a4cc889cb7c,4C:96:8A:ED:6A:01,SPEN NA,-54,1760606330845
25324,1760606341508.0,0adab909-eb8f-4baf-9eed-7a4cc889cb7c,4C:96:8A:ED:6A:01,SPEN NA,-50,1760606330845
25325,1760606341598.0,0adab909-eb8f-4baf-9eed-7a4cc889cb7c,4C:96:8A:ED:6A:01,SPEN NA,-48,1760606330845
25326,1760606341809.0,0adab909-eb8f-4baf-9eed-7a4cc889cb7c,4C:96:8A:ED:6A:01,SPEN NA,-54,1760606330845
25327,1760606341910.0,0adab909-eb8f-4baf-9eed-7a4cc889cb7c,4C:96:8A:ED:6A:01,SPEN NA,-51,1760606330845
25328,1760606342123.0,0adab909-eb8f-4baf-9eed-7a4cc889cb7c,4C:96:8A:ED:6A:01,SPEN NA,-59,1760606330845
25329,1760606343777.0,0adab909-eb8f-4baf-9eed-7a4cc889cb7c,4C:96:8A:ED:6A:01,SPEN NA,-53,1760606330845
25330,1760606937374.0,0adab909-eb8f-4baf-9eed-7a4cc889cb7c,45:BF:90:0F:DF:FE,,-89,1760606930868
25331,1760606940884.0,0adab909-eb8f-4baf-9eed-7a4cc889cb7c,4E:DD:AA:18:D2:0F,,-93,1760606930868
25332,1760608739862.0,0adab909-eb8f-4baf-9eed-7a4cc889cb7c,11:28:30:35:CE:C8,,-88,1760608731157
25333,1760609331902.0,0adab909-eb8f-4baf-9eed-7a4cc889cb7c,59:1F:DA:E3:79:82,,-88,1760609331124
25334,1760609340207.0,0adab909-eb8f-4baf-9eed-7a4cc889cb7c,44:9B:17:AC:93:34,,-86,1760609331124
25335,1760609344175.0,0adab909-eb8f-4baf-9eed-7a4cc889cb7c,C1:E7:8D:6E:1C:B5,,-91,1760609331124
25336,1760609345114.0,0adab909-eb8f-4baf-9eed-7a4cc889cb7c,4A:C8:56:83:A6:C7,,-82,1760609331124
25337,1760609945232.0,0adab909-eb8f-4baf-9eed-7a4cc889cb7c,00:87:16:0C:30:C7,,-92,1760609931291
25338,1760614733272.0,0adab909-eb8f-4baf-9eed-7a4cc889cb7c,65:0A:81:C1:C6:39,JBL TUNE125TWS-LE,-90,1760614731858
25339,1760614733295.0,0adab909-eb8f-4baf-9eed-7a4cc889cb7c,79:68:E7:64:23:83,,-94,1760614731858
25340,1760614733904.0,0adab909-eb8f-4baf-9eed-7a4cc889cb7c,37:F9:4D:33:B4:09,,-90,1760614731858
25341,1760614733921.0,0adab909-eb8f-4baf-9eed-7a4cc889cb7c,00:15:0D:27:26:CA,,-91,1760614731858
25342,1760614735137.0,0adab909-eb8f-4baf-9eed-7a4cc889cb7c,4C:66:3D:1B:12:E4,,-91,1760614731858
25343,1760614735800.0,0adab909-eb8f-4baf-9eed-7a4cc889cb7c,6B:C5:5E:81:71:F7,,-93,1760614731858
25344,1760614744467.0,0adab909-eb8f-4baf-9eed-7a4cc889cb7c,53:9A:B8:AE:41:BD,,-92,1760614731858
25345,1760615343454.0,0adab909-eb8f-4baf-9eed-7a4cc889cb7c,6F:F6:B6:55:B1:6F,,-88,1760615331504
25346,1760615346226.0,0adab909-eb8f-4baf-9eed-7a4cc889cb7c,63:C1:E1:2F:B4:C2,,-91,1760615331504
25347,1760615948155.0,0adab909-eb8f-4baf-9eed-7a4cc889cb7c,4C:96:8A:ED:6A:01,SPEN NA,-62,1760615948104
25348,1760615948488.0,0adab909-eb8f-4baf-9eed-7a4cc889cb7c,4C:96:8A:ED:6A:01,SPEN NA,-57,1760615948104
25349,1760615948590.0,0adab909-eb8f-4baf-9eed-7a4cc889cb7c,4C:96:8A:ED:6A:01,SPEN NA,127,1760615948104
25350,1760615948803.0,0adab909-eb8f-4baf-9eed-7a4cc889cb7c,4C:96:8A:ED:6A:01,SPEN NA,-56,1760615948104
25351,1760615949123.0,0adab909-eb8f-4baf-9eed-7a4cc889cb7c,4C:96:8A:ED:6A:01,SPEN NA,-62,1760615948104
25352,1760615949764.0,0adab909-eb8f-4baf-9eed-7a4cc889cb7c,4C:96:8A:ED:6A:01,SPEN NA,-56,1760615948104
25353,1760615949788.0,0adab909-eb8f-4baf-9eed-7a4cc889cb7c,45:00:70:73:AE:8C,,-91,1760615948104
25354,1760615950153.0,0adab909-eb8f-4baf-9eed-7a4cc889cb7c,69:C2:6A:75:AE:4F,,-88,1760615948104
25355,1760615950396.0,0adab909-eb8f-4baf-9eed-7a4cc889cb7c,4C:96:8A:ED:6A:01,SPEN NA,-58,1760615948104
25356,1760615950728.0,0adab909-eb8f-4baf-9eed-7a4cc889cb7c,4C:96:8A:ED:6A:01,SPEN NA,-55,1760615948104
25357,1760615951125.0,0adab909-eb8f-4baf-9eed-7a4cc889cb7c,4C:96:8A:ED:6A:01,SPEN NA,-64,1760615948104
25358,1760615951431.0,0adab909-eb8f-4baf-9eed-7a4cc889cb7c,4C:96:8A:ED:6A:01,SPEN NA,-57,1760615948104
25359,1760615953014.0,0adab909-eb8f-4baf-9eed-7a4cc889cb7c,4C:96:8A:ED:6A:01,SPEN NA,-65,1760615948104
25360,1760615953354.0,0adab909-eb8f-4baf-9eed-7a4cc889cb7c,4C:96:8A:ED:6A:01,SPEN NA,-58,1760615948104
25361,1760615953967.0,0adab909-eb8f-4baf-9eed-7a4cc889cb7c,4C:96:8A:ED:6A:01,SPEN NA,-61,1760615948104
25362,1760615954585.0,0adab909-eb8f-4baf-9eed-7a4cc889cb7c,4C:96:8A:ED:6A:01,SPEN NA,-55,1760615948104
25363,1760615954890.0,0adab909-eb8f-4baf-9eed-7a4cc889cb7c,4C:96:8A:ED:6A:01,SPEN NA,-62,1760615948104
25364,1760615955215.0,0adab909-eb8f-4baf-9eed-7a4cc889cb7c,4C:96:8A:ED:6A:01,SPEN NA,-57,1760615948104
25365,1760615955568.0,0adab909-eb8f-4baf-9eed-7a4cc889cb7c,4C:96:8A:ED:6A:01,SPEN NA,-56,1760615948104
25366,1760615955859.0,0adab909-eb8f-4baf-9eed-7a4cc889cb7c,4C:96:8A:ED:6A:01,SPEN NA,-62,1760615948104
25367,1760615956193.0,0adab909-eb8f-4baf-9eed-7a4cc889cb7c,4C:96:8A:ED:6A:01,SPEN NA,-58,1760615948104
25368,1760615956499.0,0adab909-eb8f-4baf-9eed-7a4cc889cb7c,4C:96:8A:ED:6A:01,SPEN NA,-56,1760615948104
25369,1760615956815.0,0adab909-eb8f-4baf-9eed-7a4cc889cb7c,4C:96:8A:ED:6A:01,SPEN NA,-63,1760615948104
25370,1760615957115.0,0adab909-eb8f-4baf-9eed-7a4cc889cb7c,4C:96:8A:ED:6A:01,SPEN NA,-57,1760615948104
25371,1760615957168.0,0adab909-eb8f-4baf-9eed-7a4cc889cb7c,46:71:CB:1D:E8:48,,-94,1760615948104
25372,1760615957433.0,0adab909-eb8f-4baf-9eed-7a4cc889cb7c,4C:96:8A:ED:6A:01,SPEN NA,-55,1760615948104
25373,1760615958357.0,0adab909-eb8f-4baf-9eed-7a4cc889cb7c,4C:96:8A:ED:6A:01,SPEN NA,-56,1760615948104
25374,1760615959322.0,0adab909-eb8f-4baf-9eed-7a4cc889cb7c,4C:96:8A:ED:6A:01,SPEN NA,-56,1760615948104
25375,1760615960032.0,0adab909-eb8f-4baf-9eed-7a4cc889cb7c,4C:96:8A:ED:6A:01,SPEN NA,-59,1760615948104
25376,1760615960382.0,0adab909-eb8f-4baf-9eed-7a4cc889cb7c,4C:96:8A:ED:6A:01,SPEN NA,-56,1760615948104
25377,1760615961282.0,0adab909-eb8f-4baf-9eed-7a4cc889cb7c,4C:96:8A:ED:6A:01,SPEN NA,-55,1760615948104
25378,1760615961456.0,0adab909-eb8f-4baf-9eed-7a4cc889cb7c,69:C2:6A:75:AE:4F,,-91,1760615948104
25379,1760615963407.0,0adab909-eb8f-4baf-9eed-7a4cc889cb7c,E8:15:C8:DC:88:CC,,-93,1760615948104
25380,1760615963856.0,0adab909-eb8f-4baf-9eed-7a4cc889cb7c,C6:C6:EA:85:E3:00,LE_WH-1000XM4,-85,1760615948104
25381,1760616533533.0,0adab909-eb8f-4baf-9eed-7a4cc889cb7c,4B:4D:7B:92:3E:44,,-87,1760616531509
25382,1760616544824.0,0adab909-eb8f-4baf-9eed-7a4cc889cb7c,15:03:1F:20:1A:01,,-92,1760616531509
25383,1760616545003.0,0adab909-eb8f-4baf-9eed-7a4cc889cb7c,01:37:90:A1:C2:BA,,-91,1760616531509
25384,1760617734914.0,0adab909-eb8f-4baf-9eed-7a4cc889cb7c,CD:1F:95:A7:0C:D5,17:58:50:D1:25:00,-91,1760617731614
25385,1760617744654.0,0adab909-eb8f-4baf-9eed-7a4cc889cb7c,1A:91:4D:37:1C:3D,,-91,1760617731614
25386,1760617745620.0,0adab909-eb8f-4baf-9eed-7a4cc889cb7c,F5:5F:CA:70:71:5C,,-90,1760617731614
25387,1760618338755.0,0adab909-eb8f-4baf-9eed-7a4cc889cb7c,45:60:25:64:A1:FC,,-93,1760618331628
25388,1760618932097.0,0adab909-eb8f-4baf-9eed-7a4cc889cb7c,4C:50:C7:5A:8F:E0,,-90,1760618931619
25389,1760618932628.0,0adab909-eb8f-4baf-9eed-7a4cc889cb7c,72:83:37:99:E0:E6,,-92,1760618931619
25390,1760618944563.0,0adab909-eb8f-4baf-9eed-7a4cc889cb7c,15:B7:5E:84:49:7F,,-91,1760618931619
25391,1760619534928.0,0adab909-eb8f-4baf-9eed-7a4cc889cb7c,67:09:68:AB:FF:BF,,-86,1760619531612
25392,1760619534970.0,0adab909-eb8f-4baf-9eed-7a4cc889cb7c,50:2E:45:BB:05:3B,,-94,1760619531612
25393,1760619535958.0,0adab909-eb8f-4baf-9eed-7a4cc889cb7c,67:09:68:AB:FF:BF,,-91,1760619531612
25394,1760619544587.0,0adab909-eb8f-4baf-9eed-7a4cc889cb7c,66:BC:92:F4:30:56,,-91,1760619531612
25395,1760620732889.0,0adab909-eb8f-4baf-9eed-7a4cc889cb7c,4C:BF:29:A0:5F:E2,JBL LIVE660NC-LE,-92,1760620731821
25396,1760621933052.0,0adab909-eb8f-4baf-9eed-7a4cc889cb7c,5B:2C:BE:AF:22:6A,A90 Pro,-100,1760621931858
25397,1760621934558.0,0adab909-eb8f-4baf-9eed-7a4cc889cb7c,76:CD:2D:E8:7A:81,,-77,1760621931858
25398,1760622544108.0,0adab909-eb8f-4baf-9eed-7a4cc889cb7c,0B:7E:2C:55:7F:11,,-88,1760622531189
25399,1760622545194.0,0adab909-eb8f-4baf-9eed-7a4cc889cb7c,3F:F7:E6:0D:4D:77,,-91,1760622531189
25400,1760623134508.0,0adab909-eb8f-4baf-9eed-7a4cc889cb7c,71:F0:AD:8D:6A:8B,,-87,1760623131202
25401,1760623134530.0,0adab909-eb8f-4baf-9eed-7a4cc889cb7c,76:93:B3:85:4A:05,,-86,1760623131202
25402,1760624344274.0,0adab909-eb8f-4baf-9eed-7a4cc889cb7c,14:9C:46:20:3F:86,,-82,1760624331313
25403,1760624933897.0,0adab909-eb8f-4baf-9eed-7a4cc889cb7c,5B:2C:9D:55:25:8B,,-88,1760624931255
25404,1760624935704.0,0adab909-eb8f-4baf-9eed-7a4cc889cb7c,7E:E0:46:00:00:5F,A60Pro,-96,1760624931255
25405,1760625538058.0,0adab909-eb8f-4baf-9eed-7a4cc889cb7c,55:CB:EF:E8:16:F4,,-90,1760625531258
25406,1760626140658.0,0adab909-eb8f-4baf-9eed-7a4cc889cb7c,73:FA:6A:E0:EB:AE,,-92,1760626131571
25407,1760628534233.0,0adab909-eb8f-4baf-9eed-7a4cc889cb7c,6E:D1:39:8F:B3:83,,-91,1760628531582
25408,1760629132922.0,0adab909-eb8f-4baf-9eed-7a4cc889cb7c,44:83:ED:81:EC:24,,-90,1760629131557
25409,1760629133588.0,0adab909-eb8f-4baf-9eed-7a4cc889cb7c,75:A3:89:C9:C7:AF,,-93,1760629131557
25410,1760629134523.0,0adab909-eb8f-4baf-9eed-7a4cc889cb7c,14:48:2D:C1:99:82,,-88,1760629131557
25411,1760630332305.0,0adab909-eb8f-4baf-9eed-7a4cc889cb7c,6B:85:33:9C:0A:F3,,-71,1760630331238
25412,1760630332338.0,0adab909-eb8f-4baf-9eed-7a4cc889cb7c,7A:2C:8D:5A:35:BB,,-71,1760630331238
25413,1760630332603.0,0adab909-eb8f-4baf-9eed-7a4cc889cb7c,65:80:DA:1B:16:A9,,-68,1760630331238
25414,1760630335501.0,0adab909-eb8f-4baf-9eed-7a4cc889cb7c,52:9F:E6:38:70:5F,,-92,1760630331238
25415,1760630335521.0,0adab909-eb8f-4baf-9eed-7a4cc889cb7c,6B:D3:35:A1:BF:7A,,-93,1760630331238
25416,1760630338982.0,0adab909-eb8f-4baf-9eed-7a4cc889cb7c,4D:70:A2:FE:D3:E9,,-89,1760630331238
25417,1760630931371.0,0adab909-eb8f-4baf-9eed-7a4cc889cb7c,6B:85:33:9C:0A:F3,,127,1760630931244
25418,1760630931704.0,0adab909-eb8f-4baf-9eed-7a4cc889cb7c,74:B8:39:FA:E3:A4,,-88,1760630931244
25419,1760630931962.0,0adab909-eb8f-4baf-9eed-7a4cc889cb7c,59:56:01:88:BC:0E,,-91,1760630931244
25420,1760630932922.0,0adab909-eb8f-4baf-9eed-7a4cc889cb7c,65:80:DA:1B:16:A9,,-74,1760630931244
25421,1760630933917.0,0adab909-eb8f-4baf-9eed-7a4cc889cb7c,4F:78:BB:F2:58:51,,-90,1760630931244
25422,1760630939013.0,0adab909-eb8f-4baf-9eed-7a4cc889cb7c,7A:2C:8D:5A:35:BB,,-73,1760630931244
25423,1760630941244.0,0adab909-eb8f-4baf-9eed-7a4cc889cb7c,59:EE:89:2F:89:97,,-92,1760630931244
25424,1760631531860.0,0adab909-eb8f-4baf-9eed-7a4cc889cb7c,64:39:3C:90:8C:40,,-80,1760631531755
25425,1760631532823.0,0adab909-eb8f-4baf-9eed-7a4cc889cb7c,45:76:79:BD:F8:08,,-75,1760631531755
25426,1760631533787.0,0adab909-eb8f-4baf-9eed-7a4cc889cb7c,78:0B:D5:39:6F:27,,-74,1760631531755
25427,1760631537920.0,0adab909-eb8f-4baf-9eed-7a4cc889cb7c,67:39:5C:D2:47:8A,,-94,1760631531755
25428,1760632131859.0,0adab909-eb8f-4baf-9eed-7a4cc889cb7c,45:76:79:BD:F8:08,,-82,1760632131768
25429,1760632132156.0,0adab909-eb8f-4baf-9eed-7a4cc889cb7c,64:39:3C:90:8C:40,,-74,1760632131768
25430,1760632133082.0,0adab909-eb8f-4baf-9eed-7a4cc889cb7c,67:39:5C:D2:47:8A,,-84,1760632131768
25431,1760632133784.0,0adab909-eb8f-4baf-9eed-7a4cc889cb7c,78:0B:D5:39:6F:27,,-80,1760632131768
25432,1760632731849.0,0adab909-eb8f-4baf-9eed-7a4cc889cb7c,68:C9:CC:BF:FC:7A,,-79,1760632731754
25433,1760632735692.0,0adab909-eb8f-4baf-9eed-7a4cc889cb7c,7C:EF:BE:4D:0D:DE,,-76,1760632731754
25434,1760632736651.0,0adab909-eb8f-4baf-9eed-7a4cc889cb7c,48:FF:CB:D5:6F:E0,,-77,1760632731754
25435,1760632738589.0,0adab909-eb8f-4baf-9eed-7a4cc889cb7c,55:6A:B7:CF:2F:DB,,-74,1760632731754
25436,1760633331581.0,0adab909-eb8f-4baf-9eed-7a4cc889cb7c,55:6A:B7:CF:2F:DB,,-78,1760633331502
25437,1760633332145.0,0adab909-eb8f-4baf-9eed-7a4cc889cb7c,68:C9:CC:BF:FC:7A,,127,1760633331502
25438,1760633334148.0,0adab909-eb8f-4baf-9eed-7a4cc889cb7c,5B:2C:BE:AF:22:6A,A90 Pro,-100,1760633331502
25439,1760633335450.0,0adab909-eb8f-4baf-9eed-7a4cc889cb7c,48:FF:CB:D5:6F:E0,,-79,1760633331502
25440,1760633344362.0,0adab909-eb8f-4baf-9eed-7a4cc889cb7c,68:C9:CC:BF:FC:7A,,127,1760633331502
25441,1760633345409.0,0adab909-eb8f-4baf-9eed-7a4cc889cb7c,48:FF:CB:D5:6F:E0,,-83,1760633331502
25442,1760633346350.0,0adab909-eb8f-4baf-9eed-7a4cc889cb7c,4C:96:8A:ED:6A:01,SPEN NA,-59,1760633331502
25443,1760633931911.0,0adab909-eb8f-4baf-9eed-7a4cc889cb7c,7B:85:0F:10:D0:8B,,-90,1760633931500
25444,1760633931979.0,0adab909-eb8f-4baf-9eed-7a4cc889cb7c,4C:96:8A:ED:6A:01,SPEN NA,-53,1760633931500
25445,1760633932304.0,0adab909-eb8f-4baf-9eed-7a4cc889cb7c,4C:96:8A:ED:6A:01,SPEN NA,-64,1760633931500
25446,1760633932917.0,0adab909-eb8f-4baf-9eed-7a4cc889cb7c,4C:96:8A:ED:6A:01,SPEN NA,-53,1760633931500
25447,1760633933228.0,0adab909-eb8f-4baf-9eed-7a4cc889cb7c,4C:96:8A:ED:6A:01,SPEN NA,-64,1760633931500
25448,1760633933540.0,0adab909-eb8f-4baf-9eed-7a4cc889cb7c,4C:96:8A:ED:6A:01,SPEN NA,-58,1760633931500
25449,1760633934179.0,0adab909-eb8f-4baf-9eed-7a4cc889cb7c,4A:31:C4:FC:49:4A,,-67,1760633931500
25450,1760633934212.0,0adab909-eb8f-4baf-9eed-7a4cc889cb7c,4C:96:8A:ED:6A:01,SPEN NA,-62,1760633931500
25451,1760633934524.0,0adab909-eb8f-4baf-9eed-7a4cc889cb7c,4C:96:8A:ED:6A:01,SPEN NA,-56,1760633931500
25452,1760633934548.0,0adab909-eb8f-4baf-9eed-7a4cc889cb7c,6B:DD:71:E0:37:1B,,-75,1760633931500
25453,1760633935135.0,0adab909-eb8f-4baf-9eed-7a4cc889cb7c,4C:96:8A:ED:6A:01,SPEN NA,-63,1760633931500
25454,1760633936387.0,0adab909-eb8f-4baf-9eed-7a4cc889cb7c,4C:96:8A:ED:6A:01,SPEN NA,-53,1760633931500
25455,1760633937054.0,0adab909-eb8f-4baf-9eed-7a4cc889cb7c,4C:96:8A:ED:6A:01,SPEN NA,-64,1760633931500
25456,1760633937435.0,0adab909-eb8f-4baf-9eed-7a4cc889cb7c,4C:96:8A:ED:6A:01,SPEN NA,-59,1760633931500
25457,1760633938669.0,0adab909-eb8f-4baf-9eed-7a4cc889cb7c,4C:96:8A:ED:6A:01,SPEN NA,-53,1760633931500
25458,1760633939176.0,0adab909-eb8f-4baf-9eed-7a4cc889cb7c,4C:96:8A:ED:6A:01,SPEN NA,-64,1760633931500
25459,1760633939319.0,0adab909-eb8f-4baf-9eed-7a4cc889cb7c,4C:96:8A:ED:6A:01,SPEN NA,-56,1760633931500
25460,1760633939966.0,0adab909-eb8f-4baf-9eed-7a4cc889cb7c,4C:96:8A:ED:6A:01,SPEN NA,-64,1760633931500
25461,1760633940283.0,0adab909-eb8f-4baf-9eed-7a4cc889cb7c,4C:96:8A:ED:6A:01,SPEN NA,-57,1760633931500
25462,1760633940595.0,0adab909-eb8f-4baf-9eed-7a4cc889cb7c,4C:96:8A:ED:6A:01,SPEN NA,-58,1760633931500
25463,1760633940898.0,0adab909-eb8f-4baf-9eed-7a4cc889cb7c,4C:96:8A:ED:6A:01,SPEN NA,-64,1760633931500
25464,1760633941541.0,0adab909-eb8f-4baf-9eed-7a4cc889cb7c,4C:96:8A:ED:6A:01,SPEN NA,-54,1760633931500
25465,1760633941874.0,0adab909-eb8f-4baf-9eed-7a4cc889cb7c,4C:96:8A:ED:6A:01,SPEN NA,-62,1760633931500
25466,1760633941933.0,0adab909-eb8f-4baf-9eed-7a4cc889cb7c,4C:96:8A:ED:6A:01,SPEN NA,-64,1760633931500
25467,1760633942150.0,0adab909-eb8f-4baf-9eed-7a4cc889cb7c,4C:96:8A:ED:6A:01,SPEN NA,-56,1760633931500
25468,1760633943117.0,0adab909-eb8f-4baf-9eed-7a4cc889cb7c,4C:96:8A:ED:6A:01,SPEN NA,-57,1760633931500
25469,1760633943530.0,0adab909-eb8f-4baf-9eed-7a4cc889cb7c,4C:96:8A:ED:6A:01,SPEN NA,-59,1760633931500
25470,1760633943743.0,0adab909-eb8f-4baf-9eed-7a4cc889cb7c,4C:96:8A:ED:6A:01,SPEN NA,-65,1760633931500
25471,1760633943843.0,0adab909-eb8f-4baf-9eed-7a4cc889cb7c,4C:96:8A:ED:6A:01,SPEN NA,-64,1760633931500
25472,1760633944052.0,0adab909-eb8f-4baf-9eed-7a4cc889cb7c,4C:96:8A:ED:6A:01,SPEN NA,-56,1760633931500
25473,1760633944419.0,0adab909-eb8f-4baf-9eed-7a4cc889cb7c,7B:85:0F:10:D0:8B,,-79,1760633931500
25474,1760633944491.0,0adab909-eb8f-4baf-9eed-7a4cc889cb7c,79:C0:BE:69:B3:A5,,-83,1760633931500
25475,1760633944563.0,0adab909-eb8f-4baf-9eed-7a4cc889cb7c,4C:96:8A:ED:6A:01,SPEN NA,-56,1760633931500
25476,1760633945464.0,0adab909-eb8f-4baf-9eed-7a4cc889cb7c,4A:31:C4:FC:49:4A,,-86,1760633931500
25477,1760633945500.0,0adab909-eb8f-4baf-9eed-7a4cc889cb7c,6B:DD:71:E0:37:1B,,-86,1760633931500
25478,1760633946369.0,0adab909-eb8f-4baf-9eed-7a4cc889cb7c,2C:CB:0F:0A:09:22,,-96,1760633931500
25479,1760633946401.0,0adab909-eb8f-4baf-9eed-7a4cc889cb7c,00:FE:A8:CC:7F:19,,-91,1760633931500
25480,1760634532219.0,0adab909-eb8f-4baf-9eed-7a4cc889cb7c,69:38:AB:7A:A3:F9,,-83,1760634531497
25481,1760635112988.0,0adab909-eb8f-4baf-9eed-7a4cc889cb7c,62:81:DB:A3:30:DD,,-85,1760635112589
25482,1760635113003.0,0adab909-eb8f-4baf-9eed-7a4cc889cb7c,7B:94:4C:A5:72:15,,-81,1760635112589
25483,1760635731130.0,0adab909-eb8f-4baf-9eed-7a4cc889cb7c,7B:94:4C:A5:72:15,,-82,1760635730995
25484,1760635734012.0,0adab909-eb8f-4baf-9eed-7a4cc889cb7c,62:81:DB:A3:30:DD,,-71,1760635730995
25485,1760635737191.0,0adab909-eb8f-4baf-9eed-7a4cc889cb7c,60:74:F4:72:90:3F,ihoment_H601B_903F,-85,1760635730995
25486,1760636331315.0,0adab909-eb8f-4baf-9eed-7a4cc889cb7c,60:74:F4:73:99:E7,ihoment_H601B_99E7,-91,1760636330921
25487,1760636332316.0,0adab909-eb8f-4baf-9eed-7a4cc889cb7c,57:0F:7C:3E:74:61,,-89,1760636330921
25488,1760636332603.0,0adab909-eb8f-4baf-9eed-7a4cc889cb7c,4E:B3:BF:DC:AD:A4,,-95,1760636330921
25489,1760636333628.0,0adab909-eb8f-4baf-9eed-7a4cc889cb7c,60:74:F4:72:90:3F,ihoment_H601B_903F,-91,1760636330921
25490,1760636343832.0,0adab909-eb8f-4baf-9eed-7a4cc889cb7c,4E:B3:BF:DC:AD:A4,,-82,1760636330921
25491,1760636343868.0,0adab909-eb8f-4baf-9eed-7a4cc889cb7c,1B:CE:3E:36:C5:DA,,-83,1760636330921
25492,1760636343904.0,0adab909-eb8f-4baf-9eed-7a4cc889cb7c,17:41:6E:8C:F9:CD,,-85,1760636330921
25493,1760636931119.0,0adab909-eb8f-4baf-9eed-7a4cc889cb7c,79:FE:75:47:4B:2C,,-83,1760636930968
25494,1760636933313.0,0adab909-eb8f-4baf-9eed-7a4cc889cb7c,4A:9F:D8:C9:74:DA,,-89,1760636930968
25495,1760636934873.0,0adab909-eb8f-4baf-9eed-7a4cc889cb7c,60:74:F4:72:90:3F,ihoment_H601B_903F,-86,1760636930968
25496,1760636943944.0,0adab909-eb8f-4baf-9eed-7a4cc889cb7c,79:FE:75:47:4B:2C,,-76,1760636930968
25497,1760636945038.0,0adab909-eb8f-4baf-9eed-7a4cc889cb7c,21:44:E1:4B:D9:C3,,-88,1760636930968
25498,1760637533086.0,0adab909-eb8f-4baf-9eed-7a4cc889cb7c,CF:33:36:32:4C:1E,Govee_H6054_4C1E,-83,1760637531020
25499,1760637533396.0,0adab909-eb8f-4baf-9eed-7a4cc889cb7c,79:FE:75:47:4B:2C,,-81,1760637531020
25500,1760638132362.0,0adab909-eb8f-4baf-9eed-7a4cc889cb7c,73:24:E5:F5:6C:36,,-85,1760638131028
25501,1760638133362.0,0adab909-eb8f-4baf-9eed-7a4cc889cb7c,CF:33:36:32:4C:1E,Govee_H6054_4C1E,-86,1760638131028
25502,1760638140079.0,0adab909-eb8f-4baf-9eed-7a4cc889cb7c,4E:5D:FE:C9:91:CF,,-94,1760638131028
25503,1760638725257.0,0adab909-eb8f-4baf-9eed-7a4cc889cb7c,73:24:E5:F5:6C:36,,-76,1760638723914
25504,1760638727238.0,0adab909-eb8f-4baf-9eed-7a4cc889cb7c,5B:66:BE:D6:FD:3C,,-93,1760638723914
25505,1760638728513.0,0adab909-eb8f-4baf-9eed-7a4cc889cb7c,43:9D:3E:C1:79:5E,,-87,1760638723914
25506,1760638734550.0,0adab909-eb8f-4baf-9eed-7a4cc889cb7c,C3:F5:7F:8B:F1:7D,Hue Lamp,-93,1760638723914
25507,1760639323413.0,0adab909-eb8f-4baf-9eed-7a4cc889cb7c,5C:6D:3E:D5:5E:97,,-70,1760639322703
25508,1760639323736.0,0adab909-eb8f-4baf-9eed-7a4cc889cb7c,CF:33:36:32:4C:1E,Govee_H6054_4C1E,-74,1760639322703
25509,1760639335614.0,0adab909-eb8f-4baf-9eed-7a4cc889cb7c,CF:33:36:32:4C:1E,Govee_H6054_4C1E,-73,1760639322703
25510,1760639335658.0,0adab909-eb8f-4baf-9eed-7a4cc889cb7c,5C:6D:3E:D5:5E:97,,-84,1760639322703
25511,1760639336810.0,0adab909-eb8f-4baf-9eed-7a4cc889cb7c,00:F9:B8:91:36:D0,,-96,1760639322703
25512,1760639922661.0,0adab909-eb8f-4baf-9eed-7a4cc889cb7c,4C:96:8A:ED:6A:01,SPEN NA,-63,1760639922614
25513,1760639923075.0,0adab909-eb8f-4baf-9eed-7a4cc889cb7c,6C:6E:AC:99:2E:A7,,-87,1760639922614
25514,1760639923097.0,0adab909-eb8f-4baf-9eed-7a4cc889cb7c,CF:33:36:32:4C:1E,Govee_H6054_4C1E,-88,1760639922614
25515,1760639923109.0,0adab909-eb8f-4baf-9eed-7a4cc889cb7c,4C:96:8A:ED:6A:01,SPEN NA,-65,1760639922614
25516,1760639923331.0,0adab909-eb8f-4baf-9eed-7a4cc889cb7c,62:58:26:7A:A3:6E,,-74,1760639922614
25517,1760639923959.0,0adab909-eb8f-4baf-9eed-7a4cc889cb7c,4C:96:8A:ED:6A:01,SPEN NA,-60,1760639922614
25518,1760639925310.0,0adab909-eb8f-4baf-9eed-7a4cc889cb7c,4C:96:8A:ED:6A:01,SPEN NA,-61,1760639922614
25519,1760639925615.0,0adab909-eb8f-4baf-9eed-7a4cc889cb7c,4C:96:8A:ED:6A:01,SPEN NA,-58,1760639922614
25520,1760639926896.0,0adab909-eb8f-4baf-9eed-7a4cc889cb7c,4C:96:8A:ED:6A:01,SPEN NA,-60,1760639922614
25521,1760639927191.0,0adab909-eb8f-4baf-9eed-7a4cc889cb7c,4C:96:8A:ED:6A:01,SPEN NA,-60,1760639922614
25522,1760639927518.0,0adab909-eb8f-4baf-9eed-7a4cc889cb7c,4C:96:8A:ED:6A:01,SPEN NA,-59,1760639922614
25523,1760639928136.0,0adab909-eb8f-4baf-9eed-7a4cc889cb7c,4C:96:8A:ED:6A:01,SPEN NA,-60,1760639922614
25524,1760639928447.0,0adab909-eb8f-4baf-9eed-7a4cc889cb7c,4C:96:8A:ED:6A:01,SPEN NA,-59,1760639922614
25525,1760639928779.0,0adab909-eb8f-4baf-9eed-7a4cc889cb7c,4C:96:8A:ED:6A:01,SPEN NA,-58,1760639922614
25526,1760639929095.0,0adab909-eb8f-4baf-9eed-7a4cc889cb7c,4C:96:8A:ED:6A:01,SPEN NA,-59,1760639922614
25527,1760639929407.0,0adab909-eb8f-4baf-9eed-7a4cc889cb7c,4C:96:8A:ED:6A:01,SPEN NA,-58,1760639922614
25528,1760639929723.0,0adab909-eb8f-4baf-9eed-7a4cc889cb7c,4C:96:8A:ED:6A:01,SPEN NA,-58,1760639922614
25529,1760639930344.0,0adab909-eb8f-4baf-9eed-7a4cc889cb7c,4C:96:8A:ED:6A:01,SPEN NA,-58,1760639922614
25530,1760639930676.0,0adab909-eb8f-4baf-9eed-7a4cc889cb7c,4C:96:8A:ED:6A:01,SPEN NA,-62,1760639922614
25531,1760639931315.0,0adab909-eb8f-4baf-9eed-7a4cc889cb7c,4C:96:8A:ED:6A:01,SPEN NA,-62,1760639922614
25532,1760639931718.0,0adab909-eb8f-4baf-9eed-7a4cc889cb7c,4C:96:8A:ED:6A:01,SPEN NA,-59,1760639922614
25533,1760639932647.0,0adab909-eb8f-4baf-9eed-7a4cc889cb7c,4C:96:8A:ED:6A:01,SPEN NA,-59,1760639922614
25534,1760639932941.0,0adab909-eb8f-4baf-9eed-7a4cc889cb7c,51:27:CD:AE:CE:96,,-92,1760639922614
25535,1760639932961.0,0adab909-eb8f-4baf-9eed-7a4cc889cb7c,4C:96:8A:ED:6A:01,SPEN NA,-60,1760639922614
25536,1760639933614.0,0adab909-eb8f-4baf-9eed-7a4cc889cb7c,4C:96:8A:ED:6A:01,SPEN NA,-58,1760639922614
25537,1760639933915.0,0adab909-eb8f-4baf-9eed-7a4cc889cb7c,4C:96:8A:ED:6A:01,SPEN NA,-60,1760639922614
25538,1760639934555.0,0adab909-eb8f-4baf-9eed-7a4cc889cb7c,4C:96:8A:ED:6A:01,SPEN NA,-59,1760639922614
25539,1760639934863.0,0adab909-eb8f-4baf-9eed-7a4cc889cb7c,4C:96:8A:ED:6A:01,SPEN NA,-60,1760639922614
25540,1760640531567.0,0adab909-eb8f-4baf-9eed-7a4cc889cb7c,62:58:26:7A:A3:6E,,-69,1760640531341
25541,1760640531617.0,0adab909-eb8f-4baf-9eed-7a4cc889cb7c,77:4B:C5:09:ED:5C,,-79,1760640531341
25542,1760640533168.0,0adab909-eb8f-4baf-9eed-7a4cc889cb7c,CF:33:36:32:4C:1E,Govee_H6054_4C1E,-83,1760640531341
25543,1760641131448.0,0adab909-eb8f-4baf-9eed-7a4cc889cb7c,CF:33:36:32:4C:1E,Govee_H6054_4C1E,-77,1760641131349
25544,1760641131807.0,0adab909-eb8f-4baf-9eed-7a4cc889cb7c,77:4B:C5:09:ED:5C,,-92,1760641131349
25545,1760641131829.0,0adab909-eb8f-4baf-9eed-7a4cc889cb7c,4F:2E:C5:CD:F2:E7,,-71,1760641131349
25546,1760641134416.0,0adab909-eb8f-4baf-9eed-7a4cc889cb7c,73:7C:FA:AD:2E:CD,,-91,1760641131349
25547,1760641731422.0,0adab909-eb8f-4baf-9eed-7a4cc889cb7c,59:B9:D5:1D:1C:A5,,-69,1760641731345
25548,1760641731879.0,0adab909-eb8f-4baf-9eed-7a4cc889cb7c,CF:33:36:32:4C:1E,Govee_H6054_4C1E,-84,1760641731345
25549,1760641732143.0,0adab909-eb8f-4baf-9eed-7a4cc889cb7c,4E:A2:3E:50:48:0E,,-76,1760641731345
25550,1760642331272.0,0adab909-eb8f-4baf-9eed-7a4cc889cb7c,CF:33:36:32:4C:1E,Govee_H6054_4C1E,-78,1760642331179
25551,1760642331442.0,0adab909-eb8f-4baf-9eed-7a4cc889cb7c,60:86:A4:86:6A:3C,,-70,1760642331179
25552,1760642931652.0,0adab909-eb8f-4baf-9eed-7a4cc889cb7c,70:B3:B8:37:E8:EC,,-69,1760642931122
25553,1760642932228.0,0adab909-eb8f-4baf-9eed-7a4cc889cb7c,CF:33:36:32:4C:1E,Govee_H6054_4C1E,-79,1760642931122
25554,1760643531188.0,0adab909-eb8f-4baf-9eed-7a4cc889cb7c,5D:CF:BF:72:3A:F5,,-69,1760643531155
25555,1760643532543.0,0adab909-eb8f-4baf-9eed-7a4cc889cb7c,CF:33:36:32:4C:1E,Govee_H6054_4C1E,-82,1760643531155
25556,1760643544172.0,0adab909-eb8f-4baf-9eed-7a4cc889cb7c,5D:CF:BF:72:3A:F5,,-75,1760643531155
25557,1760643544975.0,0adab909-eb8f-4baf-9eed-7a4cc889cb7c,CF:33:36:32:4C:1E,Govee_H6054_4C1E,-87,1760643531155
25558,1760643545021.0,0adab909-eb8f-4baf-9eed-7a4cc889cb7c,C8:4A:60:83:08:6D,,-76,1760643531155
25559,1760644130992.0,0adab909-eb8f-4baf-9eed-7a4cc889cb7c,5D:CF:BF:72:3A:F5,,-75,1760644130933
25560,1760644133321.0,0adab909-eb8f-4baf-9eed-7a4cc889cb7c,CF:33:36:32:4C:1E,Govee_H6054_4C1E,-80,1760644130933
25561,1760644143801.0,0adab909-eb8f-4baf-9eed-7a4cc889cb7c,CF:33:36:32:4C:1E,Govee_H6054_4C1E,-83,1760644130933
25562,1760644143824.0,0adab909-eb8f-4baf-9eed-7a4cc889cb7c,5D:CF:BF:72:3A:F5,,-76,1760644130933
25563,1760644143840.0,0adab909-eb8f-4baf-9eed-7a4cc889cb7c,E7:4E:3F:DD:1F:B5,,-76,1760644130933
25564,1760644731657.0,0adab909-eb8f-4baf-9eed-7a4cc889cb7c,77:FA:E1:28:35:0E,,-85,1760644731018
25565,1760644732692.0,0adab909-eb8f-4baf-9eed-7a4cc889cb7c,75:2B:2F:97:04:15,,-88,1760644731018
25566,1760644732710.0,0adab909-eb8f-4baf-9eed-7a4cc889cb7c,CF:33:36:32:4C:1E,Govee_H6054_4C1E,-84,1760644731018
25567,1760644743829.0,0adab909-eb8f-4baf-9eed-7a4cc889cb7c,E7:4E:3F:DD:1F:B5,,-72,1760644731018
25568,1760644743846.0,0adab909-eb8f-4baf-9eed-7a4cc889cb7c,CF:33:36:32:4C:1E,Govee_H6054_4C1E,-80,1760644731018
25569,1760644744006.0,0adab909-eb8f-4baf-9eed-7a4cc889cb7c,77:FA:E1:28:35:0E,,-72,1760644731018
25570,1760645331048.0,0adab909-eb8f-4baf-9eed-7a4cc889cb7c,77:FA:E1:28:35:0E,,-77,1760645330973
25571,1760645331439.0,0adab909-eb8f-4baf-9eed-7a4cc889cb7c,CF:33:36:32:4C:1E,Govee_H6054_4C1E,-76,1760645330973
25572,1760645337439.0,0adab909-eb8f-4baf-9eed-7a4cc889cb7c,58:61:B6:AB:AA:24,,-84,1760645330973
25573,1760645931807.0,0adab909-eb8f-4baf-9eed-7a4cc889cb7c,58:61:B6:AB:AA:24,,-77,1760645931695
25574,1760645933685.0,0adab909-eb8f-4baf-9eed-7a4cc889cb7c,CF:33:36:32:4C:1E,Govee_H6054_4C1E,-85,1760645931695
25575,1760646531829.0,0adab909-eb8f-4baf-9eed-7a4cc889cb7c,41:93:FA:8B:17:96,,-71,1760646531707
25576,1760646545039.0,0adab909-eb8f-4baf-9eed-7a4cc889cb7c,41:93:FA:8B:17:96,,-71,1760646531707
25577,1760646545177.0,0adab909-eb8f-4baf-9eed-7a4cc889cb7c,CC:CE:34:B1:BE:23,,-72,1760646531707
25578,1760646546249.0,0adab909-eb8f-4baf-9eed-7a4cc889cb7c,FC:03:DE:1A:58:67,,-95,1760646531707
25579,1760646546556.0,0adab909-eb8f-4baf-9eed-7a4cc889cb7c,18:7A:5E:D8:68:83,,-85,1760646531707
25580,1760647131745.0,0adab909-eb8f-4baf-9eed-7a4cc889cb7c,41:93:FA:8B:17:96,,-77,1760647131700
25581,1760647144660.0,0adab909-eb8f-4baf-9eed-7a4cc889cb7c,41:93:FA:8B:17:96,,-76,1760647131700
25582,1760647146719.0,0adab909-eb8f-4baf-9eed-7a4cc889cb7c,02:B3:E9:49:D7:A5,,-85,1760647131700
25583,1760647147585.0,0adab909-eb8f-4baf-9eed-7a4cc889cb7c,02:B3:E9:49:D7:A5,,-85,1760647131700
25584,1760647731459.0,0adab909-eb8f-4baf-9eed-7a4cc889cb7c,4C:96:8A:ED:6A:01,SPEN NA,127,1760647731369
25585,1760647731780.0,0adab909-eb8f-4baf-9eed-7a4cc889cb7c,4C:96:8A:ED:6A:01,SPEN NA,-52,1760647731369
25586,1760647732101.0,0adab909-eb8f-4baf-9eed-7a4cc889cb7c,4C:96:8A:ED:6A:01,SPEN NA,127,1760647731369
25587,1760647732418.0,0adab909-eb8f-4baf-9eed-7a4cc889cb7c,4C:96:8A:ED:6A:01,SPEN NA,-54,1760647731369
25588,1760647732436.0,0adab909-eb8f-4baf-9eed-7a4cc889cb7c,59:5F:9C:C7:D6:62,,-82,1760647731369
25589,1760647732755.0,0adab909-eb8f-4baf-9eed-7a4cc889cb7c,4C:96:8A:ED:6A:01,SPEN NA,-47,1760647731369
25590,1760647733071.0,0adab909-eb8f-4baf-9eed-7a4cc889cb7c,4C:96:8A:ED:6A:01,SPEN NA,-51,1760647731369
25591,1760647733385.0,0adab909-eb8f-4baf-9eed-7a4cc889cb7c,4C:96:8A:ED:6A:01,SPEN NA,-47,1760647731369
25592,1760647734004.0,0adab909-eb8f-4baf-9eed-7a4cc889cb7c,4C:96:8A:ED:6A:01,SPEN NA,-51,1760647731369
25593,1760647734642.0,0adab909-eb8f-4baf-9eed-7a4cc889cb7c,4C:96:8A:ED:6A:01,SPEN NA,-47,1760647731369
25594,1760647735269.0,0adab909-eb8f-4baf-9eed-7a4cc889cb7c,4C:96:8A:ED:6A:01,SPEN NA,-48,1760647731369
25595,1760647735576.0,0adab909-eb8f-4baf-9eed-7a4cc889cb7c,4C:96:8A:ED:6A:01,SPEN NA,-48,1760647731369
25596,1760647736220.0,0adab909-eb8f-4baf-9eed-7a4cc889cb7c,4C:96:8A:ED:6A:01,SPEN NA,-47,1760647731369
25597,1760647736530.0,0adab909-eb8f-4baf-9eed-7a4cc889cb7c,4C:96:8A:ED:6A:01,SPEN NA,-46,1760647731369
25598,1760647737585.0,0adab909-eb8f-4baf-9eed-7a4cc889cb7c,4C:96:8A:ED:6A:01,SPEN NA,-48,1760647731369
25599,1760647738205.0,0adab909-eb8f-4baf-9eed-7a4cc889cb7c,4C:96:8A:ED:6A:01,SPEN NA,-47,1760647731369
25600,1760647738509.0,0adab909-eb8f-4baf-9eed-7a4cc889cb7c,4C:96:8A:ED:6A:01,SPEN NA,-49,1760647731369
25601,1760647738834.0,0adab909-eb8f-4baf-9eed-7a4cc889cb7c,4C:96:8A:ED:6A:01,SPEN NA,-53,1760647731369
25602,1760647739158.0,0adab909-eb8f-4baf-9eed-7a4cc889cb7c,4C:96:8A:ED:6A:01,SPEN NA,-48,1760647731369
25603,1760647739475.0,0adab909-eb8f-4baf-9eed-7a4cc889cb7c,4C:96:8A:ED:6A:01,SPEN NA,-48,1760647731369
25604,1760647740103.0,0adab909-eb8f-4baf-9eed-7a4cc889cb7c,4C:96:8A:ED:6A:01,SPEN NA,-48,1760647731369
25605,1760647740427.0,0adab909-eb8f-4baf-9eed-7a4cc889cb7c,4C:96:8A:ED:6A:01,SPEN NA,-49,1760647731369
25606,1760647740735.0,0adab909-eb8f-4baf-9eed-7a4cc889cb7c,4C:96:8A:ED:6A:01,SPEN NA,-52,1760647731369
25607,1760647741362.0,0adab909-eb8f-4baf-9eed-7a4cc889cb7c,4C:96:8A:ED:6A:01,SPEN NA,-49,1760647731369
25608,1760647741979.0,0adab909-eb8f-4baf-9eed-7a4cc889cb7c,4C:96:8A:ED:6A:01,SPEN NA,-48,1760647731369
25609,1760647744262.0,0adab909-eb8f-4baf-9eed-7a4cc889cb7c,59:5F:9C:C7:D6:62,,-78,1760647731369
25610,1760647744283.0,0adab909-eb8f-4baf-9eed-7a4cc889cb7c,4C:96:8A:ED:6A:01,SPEN NA,-47,1760647731369
25611,1760647744313.0,0adab909-eb8f-4baf-9eed-7a4cc889cb7c,CD:3A:5F:53:D3:3B,,-79,1760647731369
25612,1760647744333.0,0adab909-eb8f-4baf-9eed-7a4cc889cb7c,21:52:C6:93:3E:18,,-75,1760647731369
25613,1760648332058.0,0adab909-eb8f-4baf-9eed-7a4cc889cb7c,6D:63:A1:D5:7E:23,,-76,1760648331378
25614,1760648332780.0,0adab909-eb8f-4baf-9eed-7a4cc889cb7c,45:89:45:59:22:18,,-64,1760648331378
25615,1760648932280.0,0adab909-eb8f-4baf-9eed-7a4cc889cb7c,6D:63:A1:D5:7E:23,,-75,1760648931522
25616,1760648935714.0,0adab909-eb8f-4baf-9eed-7a4cc889cb7c,4C:96:8A:ED:6A:01,SPEN NA,-59,1760648931522
25617,1760648936143.0,0adab909-eb8f-4baf-9eed-7a4cc889cb7c,4C:96:8A:ED:6A:01,SPEN NA,-60,1760648931522
25618,1760648937089.0,0adab909-eb8f-4baf-9eed-7a4cc889cb7c,4C:96:8A:ED:6A:01,SPEN NA,-66,1760648931522
25619,1760648937401.0,0adab909-eb8f-4baf-9eed-7a4cc889cb7c,4C:96:8A:ED:6A:01,SPEN NA,-63,1760648931522
25620,1760648938354.0,0adab909-eb8f-4baf-9eed-7a4cc889cb7c,4C:96:8A:ED:6A:01,SPEN NA,-58,1760648931522
25621,1760648938991.0,0adab909-eb8f-4baf-9eed-7a4cc889cb7c,4C:96:8A:ED:6A:01,SPEN NA,-60,1760648931522
25622,1760648939282.0,0adab909-eb8f-4baf-9eed-7a4cc889cb7c,4C:96:8A:ED:6A:01,SPEN NA,-63,1760648931522
25623,1760648939932.0,0adab909-eb8f-4baf-9eed-7a4cc889cb7c,4C:96:8A:ED:6A:01,SPEN NA,-65,1760648931522
25624,1760648940880.0,0adab909-eb8f-4baf-9eed-7a4cc889cb7c,4C:96:8A:ED:6A:01,SPEN NA,-60,1760648931522
25625,1760648941203.0,0adab909-eb8f-4baf-9eed-7a4cc889cb7c,4C:96:8A:ED:6A:01,SPEN NA,-63,1760648931522
25626,1760648941523.0,0adab909-eb8f-4baf-9eed-7a4cc889cb7c,4C:96:8A:ED:6A:01,SPEN NA,-63,1760648931522
25627,1760648941834.0,0adab909-eb8f-4baf-9eed-7a4cc889cb7c,4C:96:8A:ED:6A:01,SPEN NA,-65,1760648931522
25628,1760648942879.0,0adab909-eb8f-4baf-9eed-7a4cc889cb7c,4C:96:8A:ED:6A:01,SPEN NA,-61,1760648931522
25629,1760648943490.0,0adab909-eb8f-4baf-9eed-7a4cc889cb7c,4C:96:8A:ED:6A:01,SPEN NA,-64,1760648931522
25630,1760648943813.0,0adab909-eb8f-4baf-9eed-7a4cc889cb7c,4C:96:8A:ED:6A:01,SPEN NA,-60,1760648931522
25631,1760648944109.0,0adab909-eb8f-4baf-9eed-7a4cc889cb7c,4C:96:8A:ED:6A:01,SPEN NA,-61,1760648931522
25632,1760649531297.0,0adab909-eb8f-4baf-9eed-7a4cc889cb7c,71:DB:9A:93:0C:DD,,-79,1760649531239
25633,1760649531664.0,0adab909-eb8f-4baf-9eed-7a4cc889cb7c,4C:96:8A:ED:6A:01,SPEN NA,-58,1760649531239
25634,1760649532000.0,0adab909-eb8f-4baf-9eed-7a4cc889cb7c,4C:96:8A:ED:6A:01,SPEN NA,-56,1760649531239
25635,1760649532020.0,0adab909-eb8f-4baf-9eed-7a4cc889cb7c,78:D4:53:E6:F2:13,,-77,1760649531239
25636,1760649532605.0,0adab909-eb8f-4baf-9eed-7a4cc889cb7c,4C:96:8A:ED:6A:01,SPEN NA,-52,1760649531239
25637,1760649532895.0,0adab909-eb8f-4baf-9eed-7a4cc889cb7c,7F:68:A6:83:D5:DB,,-74,1760649531239
25638,1760649532924.0,0adab909-eb8f-4baf-9eed-7a4cc889cb7c,4C:96:8A:ED:6A:01,SPEN NA,-56,1760649531239
25639,1760649533541.0,0adab909-eb8f-4baf-9eed-7a4cc889cb7c,4C:96:8A:ED:6A:01,SPEN NA,-52,1760649531239
25640,1760649533897.0,0adab909-eb8f-4baf-9eed-7a4cc889cb7c,4C:96:8A:ED:6A:01,SPEN NA,-57,1760649531239
25641,1760649534280.0,0adab909-eb8f-4baf-9eed-7a4cc889cb7c,4C:96:8A:ED:6A:01,SPEN NA,-52,1760649531239
25642,1760649534598.0,0adab909-eb8f-4baf-9eed-7a4cc889cb7c,4C:96:8A:ED:6A:01,SPEN NA,-52,1760649531239
25643,1760649544208.0,0adab909-eb8f-4baf-9eed-7a4cc889cb7c,71:DB:9A:93:0C:DD,,-72,1760649531239
25644,1760649544292.0,0adab909-eb8f-4baf-9eed-7a4cc889cb7c,7F:68:A6:83:D5:DB,,-77,1760649531239
25645,1760649544376.0,0adab909-eb8f-4baf-9eed-7a4cc889cb7c,78:D4:53:E6:F2:13,,-72,1760649531239
25646,1760649545242.0,0adab909-eb8f-4baf-9eed-7a4cc889cb7c,F8:3E:63:C0:BE:5D,,-94,1760649531239
25647,1760649546270.0,0adab909-eb8f-4baf-9eed-7a4cc889cb7c,39:38:62:A9:05:55,,-75,1760649531239
25648,1760650131647.0,0adab909-eb8f-4baf-9eed-7a4cc889cb7c,6E:B8:37:B9:F8:79,,-76,1760650131184
25649,1760650132890.0,0adab909-eb8f-4baf-9eed-7a4cc889cb7c,55:41:E3:88:65:32,,-70,1760650131184
25650,1760650132913.0,0adab909-eb8f-4baf-9eed-7a4cc889cb7c,6D:85:B6:6C:30:43,,-71,1760650131184
25651,1760650144091.0,0adab909-eb8f-4baf-9eed-7a4cc889cb7c,3F:A5:BB:B0:A0:6A,,-82,1760650131184
25652,1760650144140.0,0adab909-eb8f-4baf-9eed-7a4cc889cb7c,D9:AB:4B:C9:4F:E1,,-94,1760650131184
25653,1760650144164.0,0adab909-eb8f-4baf-9eed-7a4cc889cb7c,6E:B8:37:B9:F8:79,,-72,1760650131184
25654,1760650144176.0,0adab909-eb8f-4baf-9eed-7a4cc889cb7c,55:41:E3:88:65:32,,-72,1760650131184
25655,1760650144203.0,0adab909-eb8f-4baf-9eed-7a4cc889cb7c,CC:FB:C2:ED:AC:3F,,-75,1760650131184
25656,1760650145333.0,0adab909-eb8f-4baf-9eed-7a4cc889cb7c,6D:85:B6:6C:30:43,,-69,1760650131184
25657,1760650731259.0,0adab909-eb8f-4baf-9eed-7a4cc889cb7c,55:41:E3:88:65:32,,-82,1760650731168
25658,1760650731580.0,0adab909-eb8f-4baf-9eed-7a4cc889cb7c,6E:B8:37:B9:F8:79,,127,1760650731168
25659,1760650731902.0,0adab909-eb8f-4baf-9eed-7a4cc889cb7c,6D:85:B6:6C:30:43,,-79,1760650731168
25660,1760650744106.0,0adab909-eb8f-4baf-9eed-7a4cc889cb7c,6E:B8:37:B9:F8:79,,-82,1760650731168
25661,1760651332835.0,0adab909-eb8f-4baf-9eed-7a4cc889cb7c,72:12:2B:3B:6B:B4,,-70,1760651331167
25662,1760651333175.0,0adab909-eb8f-4baf-9eed-7a4cc889cb7c,5D:06:E4:9E:35:58,,-89,1760651331167
25663,1760651335745.0,0adab909-eb8f-4baf-9eed-7a4cc889cb7c,51:A7:12:F7:92:BC,,-70,1760651331167
25664,1760651344013.0,0adab909-eb8f-4baf-9eed-7a4cc889cb7c,51:A7:12:F7:92:BC,,-86,1760651331167
25665,1760651344175.0,0adab909-eb8f-4baf-9eed-7a4cc889cb7c,5D:06:E4:9E:35:58,,-87,1760651331167
25666,1760651345124.0,0adab909-eb8f-4baf-9eed-7a4cc889cb7c,20:8E:B8:F1:67:89,,-82,1760651331167
25667,1760651345164.0,0adab909-eb8f-4baf-9eed-7a4cc889cb7c,72:12:2B:3B:6B:B4,,-76,1760651331167
25668,1760651923423.0,0adab909-eb8f-4baf-9eed-7a4cc889cb7c,6D:82:43:A0:E9:55,,127,1760651922997
25669,1760651924383.0,0adab909-eb8f-4baf-9eed-7a4cc889cb7c,61:BD:8C:54:B6:B4,,-77,1760651922997
25670,1760651926666.0,0adab909-eb8f-4baf-9eed-7a4cc889cb7c,59:2F:8D:B3:D3:32,,-78,1760651922997
25671,1760651935882.0,0adab909-eb8f-4baf-9eed-7a4cc889cb7c,0F:3F:A0:4D:39:2C,,-78,1760651922997
25672,1760651935935.0,0adab909-eb8f-4baf-9eed-7a4cc889cb7c,D5:87:00:A2:2E:80,,-73,1760651922997
25673,1760651935989.0,0adab909-eb8f-4baf-9eed-7a4cc889cb7c,6D:82:43:A0:E9:55,,-80,1760651922997
25674,1760651936033.0,0adab909-eb8f-4baf-9eed-7a4cc889cb7c,61:BD:8C:54:B6:B4,,-76,1760651922997
25675,1760651936062.0,0adab909-eb8f-4baf-9eed-7a4cc889cb7c,59:2F:8D:B3:D3:32,,-77,1760651922997
25676,1760652524906.0,0adab909-eb8f-4baf-9eed-7a4cc889cb7c,6D:82:43:A0:E9:55,,-76,1760652524131
25677,1760652525209.0,0adab909-eb8f-4baf-9eed-7a4cc889cb7c,59:2F:8D:B3:D3:32,,-76,1760652524131
25678,1760652525524.0,0adab909-eb8f-4baf-9eed-7a4cc889cb7c,61:BD:8C:54:B6:B4,,-80,1760652524131
25679,1760652537025.0,0adab909-eb8f-4baf-9eed-7a4cc889cb7c,59:2F:8D:B3:D3:32,,-77,1760652524131
25680,1760652537083.0,0adab909-eb8f-4baf-9eed-7a4cc889cb7c,61:BD:8C:54:B6:B4,,-76,1760652524131
25681,1760652537108.0,0adab909-eb8f-4baf-9eed-7a4cc889cb7c,C8:E1:57:63:5A:2F,,-86,1760652524131
25682,1760652537136.0,0adab909-eb8f-4baf-9eed-7a4cc889cb7c,3D:DE:0B:8C:CA:D1,,-85,1760652524131
25683,1760652538132.0,0adab909-eb8f-4baf-9eed-7a4cc889cb7c,6D:82:43:A0:E9:55,,-77,1760652524131
25684,1760653131316.0,0adab909-eb8f-4baf-9eed-7a4cc889cb7c,45:B0:C9:7D:46:37,,-74,1760653131178
25685,1760653131438.0,0adab909-eb8f-4baf-9eed-7a4cc889cb7c,7A:87:A3:79:42:AC,,-75,1760653131178
25686,1760653135952.0,0adab909-eb8f-4baf-9eed-7a4cc889cb7c,5F:7E:9D:5E:AD:15,,-80,1760653131178
25687,1760653144196.0,0adab909-eb8f-4baf-9eed-7a4cc889cb7c,5F:7E:9D:5E:AD:15,,-70,1760653131178
25688,1760653144217.0,0adab909-eb8f-4baf-9eed-7a4cc889cb7c,7A:87:A3:79:42:AC,,-72,1760653131178
25689,1760653145089.0,0adab909-eb8f-4baf-9eed-7a4cc889cb7c,45:B0:C9:7D:46:37,,-70,1760653131178
25690,1760653731284.0,0adab909-eb8f-4baf-9eed-7a4cc889cb7c,47:12:97:69:85:2E,,-73,1760653731181
25691,1760653731312.0,0adab909-eb8f-4baf-9eed-7a4cc889cb7c,48:B5:B4:41:1E:BA,,-74,1760653731181
25692,1760653734204.0,0adab909-eb8f-4baf-9eed-7a4cc889cb7c,5C:7B:00:C5:09:1F,,-73,1760653731181
25693,1760653744188.0,0adab909-eb8f-4baf-9eed-7a4cc889cb7c,47:12:97:69:85:2E,,-72,1760653731181
25694,1760653745211.0,0adab909-eb8f-4baf-9eed-7a4cc889cb7c,5C:7B:00:C5:09:1F,,-75,1760653731181
25695,1760653746090.0,0adab909-eb8f-4baf-9eed-7a4cc889cb7c,F5:85:89:36:04:8D,,-84,1760653731181
25696,1760653746175.0,0adab909-eb8f-4baf-9eed-7a4cc889cb7c,48:B5:B4:41:1E:BA,,-79,1760653731181
25697,1760654331260.0,0adab909-eb8f-4baf-9eed-7a4cc889cb7c,48:B5:B4:41:1E:BA,,-80,1760654331198
25698,1760654331307.0,0adab909-eb8f-4baf-9eed-7a4cc889cb7c,47:12:97:69:85:2E,,-79,1760654331198
25699,1760654332797.0,0adab909-eb8f-4baf-9eed-7a4cc889cb7c,5C:7B:00:C5:09:1F,,-81,1760654331198
25700,1760654344071.0,0adab909-eb8f-4baf-9eed-7a4cc889cb7c,FE:59:34:31:A4:34,,-82,1760654331198
25701,1760654344179.0,0adab909-eb8f-4baf-9eed-7a4cc889cb7c,5C:7B:00:C5:09:1F,,-78,1760654331198
25702,1760654344191.0,0adab909-eb8f-4baf-9eed-7a4cc889cb7c,47:12:97:69:85:2E,,-82,1760654331198
25703,1760654344200.0,0adab909-eb8f-4baf-9eed-7a4cc889cb7c,C5:4F:55:2C:A4:42,,-76,1760654331198
25704,1760654345075.0,0adab909-eb8f-4baf-9eed-7a4cc889cb7c,48:B5:B4:41:1E:BA,,-80,1760654331198
25705,1760654931085.0,0adab909-eb8f-4baf-9eed-7a4cc889cb7c,78:44:CF:E9:E5:F5,,-81,1760654931000
25706,1760654931121.0,0adab909-eb8f-4baf-9eed-7a4cc889cb7c,67:E2:B7:40:9D:DF,,-81,1760654931000
25707,1760654932854.0,0adab909-eb8f-4baf-9eed-7a4cc889cb7c,79:58:C3:47:D6:45,,-68,1760654931000
25708,1760654943952.0,0adab909-eb8f-4baf-9eed-7a4cc889cb7c,78:44:CF:E9:E5:F5,,-82,1760654931000
25709,1760654943997.0,0adab909-eb8f-4baf-9eed-7a4cc889cb7c,79:58:C3:47:D6:45,,-79,1760654931000
25710,1760654944056.0,0adab909-eb8f-4baf-9eed-7a4cc889cb7c,67:E2:B7:40:9D:DF,,-78,1760654931000
25711,1760655531191.0,0adab909-eb8f-4baf-9eed-7a4cc889cb7c,7F:B2:80:95:2E:4A,,-72,1760655531029
25712,1760655531803.0,0adab909-eb8f-4baf-9eed-7a4cc889cb7c,6A:7B:8B:CB:40:47,,-67,1760655531029
25713,1760655533380.0,0adab909-eb8f-4baf-9eed-7a4cc889cb7c,48:52:FB:16:A3:D4,,-68,1760655531029
25714,1760655543895.0,0adab909-eb8f-4baf-9eed-7a4cc889cb7c,6A:7B:8B:CB:40:47,,-72,1760655531029
25715,1760655544039.0,0adab909-eb8f-4baf-9eed-7a4cc889cb7c,7F:B2:80:95:2E:4A,,-76,1760655531029
25716,1760655544086.0,0adab909-eb8f-4baf-9eed-7a4cc889cb7c,E3:71:F4:DE:EE:3C,,-76,1760655531029
25717,1760655544104.0,0adab909-eb8f-4baf-9eed-7a4cc889cb7c,48:52:FB:16:A3:D4,,-71,1760655531029
25718,1760655545939.0,0adab909-eb8f-4baf-9eed-7a4cc889cb7c,CC:A5:B4:30:D0:77,,-72,1760655531029
25719,1760656131533.0,0adab909-eb8f-4baf-9eed-7a4cc889cb7c,43:32:FD:CC:4E:83,,-76,1760656131027
25720,1760656132089.0,0adab909-eb8f-4baf-9eed-7a4cc889cb7c,64:43:4F:D3:D1:18,,-83,1760656131027
25721,1760656138816.0,0adab909-eb8f-4baf-9eed-7a4cc889cb7c,62:03:99:1A:9E:3C,,-82,1760656131027
25722,1760656144028.0,0adab909-eb8f-4baf-9eed-7a4cc889cb7c,43:32:FD:CC:4E:83,,-84,1760656131027
25723,1760656144092.0,0adab909-eb8f-4baf-9eed-7a4cc889cb7c,FD:E2:88:45:AD:99,,-80,1760656131027
25724,1760656145005.0,0adab909-eb8f-4baf-9eed-7a4cc889cb7c,64:43:4F:D3:D1:18,,-69,1760656131027
25725,1760656145946.0,0adab909-eb8f-4baf-9eed-7a4cc889cb7c,62:03:99:1A:9E:3C,,-69,1760656131027
25726,1760656731293.0,0adab909-eb8f-4baf-9eed-7a4cc889cb7c,5A:EF:EF:10:2A:FF,,-69,1760656731198
25727,1760656731891.0,0adab909-eb8f-4baf-9eed-7a4cc889cb7c,4D:0A:F1:CC:FF:C3,,-88,1760656731198
25728,1760656732001.0,0adab909-eb8f-4baf-9eed-7a4cc889cb7c,5B:18:8F:95:05:05,,-70,1760656731198
25729,1760656733218.0,0adab909-eb8f-4baf-9eed-7a4cc889cb7c,6B:32:55:6F:D1:59,,-61,1760656731198
25730,1760656744170.0,0adab909-eb8f-4baf-9eed-7a4cc889cb7c,31:33:BF:DE:9D:84,,-81,1760656731198
25731,1760656744233.0,0adab909-eb8f-4baf-9eed-7a4cc889cb7c,5B:18:8F:95:05:05,,-59,1760656731198
25732,1760656745093.0,0adab909-eb8f-4baf-9eed-7a4cc889cb7c,6B:32:55:6F:D1:59,,-59,1760656731198
25733,1760656745144.0,0adab909-eb8f-4baf-9eed-7a4cc889cb7c,D7:05:5F:D9:7B:36,,-63,1760656731198
25734,1760656746179.0,0adab909-eb8f-4baf-9eed-7a4cc889cb7c,5A:EF:EF:10:2A:FF,,-63,1760656731198
25735,1760657332618.0,0adab909-eb8f-4baf-9eed-7a4cc889cb7c,6B:32:55:6F:D1:59,,-76,1760657331145
25736,1760657332825.0,0adab909-eb8f-4baf-9eed-7a4cc889cb7c,5B:18:8F:95:05:05,,-84,1760657331145
25737,1760657333174.0,0adab909-eb8f-4baf-9eed-7a4cc889cb7c,5A:EF:EF:10:2A:FF,,-78,1760657331145
25738,1760657931936.0,0adab909-eb8f-4baf-9eed-7a4cc889cb7c,67:C9:FF:D3:F5:14,,-76,1760657931174
25739,1760657933265.0,0adab909-eb8f-4baf-9eed-7a4cc889cb7c,43:05:E6:82:AB:1F,,-80,1760657931174
25740,1760657933844.0,0adab909-eb8f-4baf-9eed-7a4cc889cb7c,48:6A:17:B6:3C:74,,-79,1760657931174
25741,1760658523766.0,0adab909-eb8f-4baf-9eed-7a4cc889cb7c,62:6C:24:D9:77:EC,,-76,1760658523691
25742,1760658524429.0,0adab909-eb8f-4baf-9eed-7a4cc889cb7c,5E:B5:60:DD:BA:D9,,-79,1760658523691
25743,1760658526037.0,0adab909-eb8f-4baf-9eed-7a4cc889cb7c,41:96:07:FB:05:1E,,-87,1760658523691
25744,1760659123713.0,0adab909-eb8f-4baf-9eed-7a4cc889cb7c,74:46:13:64:81:23,,-75,1760659123665
25745,1760659124112.0,0adab909-eb8f-4baf-9eed-7a4cc889cb7c,78:BB:DC:A9:85:1B,,-80,1760659123665
25746,1760659126756.0,0adab909-eb8f-4baf-9eed-7a4cc889cb7c,7A:D3:FF:10:AB:AB,,-75,1760659123665
25747,1760659724732.0,0adab909-eb8f-4baf-9eed-7a4cc889cb7c,44:75:82:A7:A7:83,,-73,1760659723751
25748,1760659726378.0,0adab909-eb8f-4baf-9eed-7a4cc889cb7c,7F:3A:CE:A2:37:9A,,-72,1760659723751
25749,1760659726665.0,0adab909-eb8f-4baf-9eed-7a4cc889cb7c,7D:A6:36:98:63:FF,,-78,1760659723751
25750,1760660314190.0,0adab909-eb8f-4baf-9eed-7a4cc889cb7c,7D:A6:36:98:63:FF,,-78,1760660313453
25751,1760660315832.0,0adab909-eb8f-4baf-9eed-7a4cc889cb7c,7F:3A:CE:A2:37:9A,,-71,1760660313453
25752,1760660315846.0,0adab909-eb8f-4baf-9eed-7a4cc889cb7c,44:75:82:A7:A7:83,,-71,1760660313453
25753,1760660321094.0,0adab909-eb8f-4baf-9eed-7a4cc889cb7c,28:C2:DD:B6:6C:C2,,-100,1760660313453
25754,1760660328215.0,0adab909-eb8f-4baf-9eed-7a4cc889cb7c,28:C2:DD:B6:6C:C2,SAHILS,-100,1760660313453
25755,1760660915372.0,0adab909-eb8f-4baf-9eed-7a4cc889cb7c,4B:1F:5A:EB:74:3B,,-82,1760660914666
25756,1760660916016.0,0adab909-eb8f-4baf-9eed-7a4cc889cb7c,64:26:B8:06:45:02,,-76,1760660914666
25757,1760660916714.0,0adab909-eb8f-4baf-9eed-7a4cc889cb7c,42:7A:E3:9E:D0:47,,-72,1760660914666
25758,1760660916952.0,0adab909-eb8f-4baf-9eed-7a4cc889cb7c,28:C2:DD:B6:6C:C2,SAHILS,-100,1760660914666
25759,1760660922092.0,0adab909-eb8f-4baf-9eed-7a4cc889cb7c,28:C2:DD:B6:6C:C2,SAHILS,-100,1760660914666
25760,1760661514760.0,0adab909-eb8f-4baf-9eed-7a4cc889cb7c,4B:D8:65:E9:FF:02,,-82,1760661514679
25761,1760661515105.0,0adab909-eb8f-4baf-9eed-7a4cc889cb7c,62:E4:28:AF:7D:A7,,-75,1760661514679
25762,1760661515731.0,0adab909-eb8f-4baf-9eed-7a4cc889cb7c,5C:7F:C0:47:61:E1,,-76,1760661514679
25763,1760661516613.0,0adab909-eb8f-4baf-9eed-7a4cc889cb7c,28:C2:DD:B6:6C:C2,SAHILS,-100,1760661514679
25764,1760662166731.0,0adab909-eb8f-4baf-9eed-7a4cc889cb7c,4D:05:42:75:1A:D7,,-71,1760662166696
25765,1760662168748.0,0adab909-eb8f-4baf-9eed-7a4cc889cb7c,74:E3:D3:74:B6:AF,,-72,1760662166696
25766,1760662169710.0,0adab909-eb8f-4baf-9eed-7a4cc889cb7c,40:95:54:0B:86:69,,-72,1760662166696
25767,1760662766705.0,0adab909-eb8f-4baf-9eed-7a4cc889cb7c,4D:05:42:75:1A:D7,,-79,1760662766659
25768,1760662768035.0,0adab909-eb8f-4baf-9eed-7a4cc889cb7c,74:E3:D3:74:B6:AF,,-76,1760662766659
25769,1760662774415.0,0adab909-eb8f-4baf-9eed-7a4cc889cb7c,40:95:54:0B:86:69,,-71,1760662766659
25770,1760663367401.0,0adab909-eb8f-4baf-9eed-7a4cc889cb7c,45:C9:87:41:3C:33,,-74,1760663366640
25771,1760663368015.0,0adab909-eb8f-4baf-9eed-7a4cc889cb7c,6E:52:E4:F0:4A:CF,,-73,1760663366640
25772,1760663368036.0,0adab909-eb8f-4baf-9eed-7a4cc889cb7c,49:25:09:5B:53:4C,,-73,1760663366640
25773,1760663964732.0,0adab909-eb8f-4baf-9eed-7a4cc889cb7c,6E:52:E4:F0:4A:CF,,-77,1760663964639
25774,1760663966345.0,0adab909-eb8f-4baf-9eed-7a4cc889cb7c,45:C9:87:41:3C:33,,-73,1760663964639
25775,1760663970504.0,0adab909-eb8f-4baf-9eed-7a4cc889cb7c,49:25:09:5B:53:4C,,-73,1760663964639
25776,1760664565081.0,0adab909-eb8f-4baf-9eed-7a4cc889cb7c,45:F0:0E:62:AC:54,,-75,1760664564684
25777,1760664565666.0,0adab909-eb8f-4baf-9eed-7a4cc889cb7c,4C:E6:06:D6:6A:63,,-78,1760664564684
25778,1760664566339.0,0adab909-eb8f-4baf-9eed-7a4cc889cb7c,63:3D:A5:52:3B:9A,,-75,1760664564684
25779,1760665164727.0,0adab909-eb8f-4baf-9eed-7a4cc889cb7c,45:F0:0E:62:AC:54,,-72,1760665164646
25780,1760665165401.0,0adab909-eb8f-4baf-9eed-7a4cc889cb7c,4C:E6:06:D6:6A:63,,-72,1760665164646
25781,1760665165422.0,0adab909-eb8f-4baf-9eed-7a4cc889cb7c,63:3D:A5:52:3B:9A,,-77,1760665164646
25782,1760665758033.0,0adab909-eb8f-4baf-9eed-7a4cc889cb7c,7B:71:13:5E:FB:6C,,-77,1760665757643
25783,1760665758057.0,0adab909-eb8f-4baf-9eed-7a4cc889cb7c,40:A9:60:00:67:65,,-73,1760665757643
25784,1760665763229.0,0adab909-eb8f-4baf-9eed-7a4cc889cb7c,5A:41:45:49:4C:AA,,-73,1760665757643
25785,1760666357647.0,0adab909-eb8f-4baf-9eed-7a4cc889cb7c,77:2C:A5:C0:B6:B3,,-75,1760666357643
25786,1760666358262.0,0adab909-eb8f-4baf-9eed-7a4cc889cb7c,56:28:63:7A:A6:A3,,-73,1760666357643
25787,1760666358955.0,0adab909-eb8f-4baf-9eed-7a4cc889cb7c,57:5B:2F:A3:97:04,,-74,1760666357643
25788,1760666958607.0,0adab909-eb8f-4baf-9eed-7a4cc889cb7c,57:5B:2F:A3:97:04,,-73,1760666957627
25789,1760666958644.0,0adab909-eb8f-4baf-9eed-7a4cc889cb7c,77:2C:A5:C0:B6:B3,,-77,1760666957627
25790,1760666959294.0,0adab909-eb8f-4baf-9eed-7a4cc889cb7c,56:28:63:7A:A6:A3,,-73,1760666957627
25791,1760667522643.0,0adab909-eb8f-4baf-9eed-7a4cc889cb7c,7C:3D:DC:03:3F:1A,,-72,1760667522619
25792,1760667523027.0,0adab909-eb8f-4baf-9eed-7a4cc889cb7c,43:3B:6B:C8:1E:1A,,-74,1760667522619
25793,1760667523981.0,0adab909-eb8f-4baf-9eed-7a4cc889cb7c,46:CB:16:E9:81:AF,,-75,1760667522619
25794,1760668124023.0,0adab909-eb8f-4baf-9eed-7a4cc889cb7c,4C:BC:D5:E7:55:02,,-78,1760668122624
25795,1760668722661.0,0adab909-eb8f-4baf-9eed-7a4cc889cb7c,4C:BC:D5:E7:55:02,,-76,1760668722615
25796,1760669314660.0,0adab909-eb8f-4baf-9eed-7a4cc889cb7c,53:AB:86:CE:07:0E,,-71,1760669314640
25797,1760669914963.0,0adab909-eb8f-4baf-9eed-7a4cc889cb7c,53:AB:86:CE:07:0E,,-82,1760669914615
25798,1760669920090.0,0adab909-eb8f-4baf-9eed-7a4cc889cb7c,42:84:0F:37:B7:A9,,-93,1760669914615
25799,1760670514671.0,0adab909-eb8f-4baf-9eed-7a4cc889cb7c,60:5F:08:A8:8E:90,,-75,1760670514599
25800,1760671122973.0,0adab909-eb8f-4baf-9eed-7a4cc889cb7c,7F:36:89:17:47:7F,,-85,1760671122600
25801,1760671724245.0,0adab909-eb8f-4baf-9eed-7a4cc889cb7c,7F:36:89:17:47:7F,,-79,1760671722599
25802,1760672321787.0,0adab909-eb8f-4baf-9eed-7a4cc889cb7c,7F:F0:41:24:20:54,,-77,1760672321344
25803,1760672913917.0,0adab909-eb8f-4baf-9eed-7a4cc889cb7c,7F:F0:41:24:20:54,,-78,1760672913574
25804,1760672914970.0,0adab909-eb8f-4baf-9eed-7a4cc889cb7c,60:74:F4:73:99:E7,ihoment_H601B_99E7,-81,1760672913574
25805,1760672916521.0,0adab909-eb8f-4baf-9eed-7a4cc889cb7c,60:74:F4:72:90:3F,ihoment_H601B_903F,-76,1760672913574
25806,1760672920823.0,0adab909-eb8f-4baf-9eed-7a4cc889cb7c,10:C6:FC:E5:35:60,,-100,1760672913574
25807,1760673513576.0,0adab909-eb8f-4baf-9eed-7a4cc889cb7c,42:1F:2B:0C:BD:C7,,-79,1760673513570
25808,1760674114629.0,0adab909-eb8f-4baf-9eed-7a4cc889cb7c,58:BD:95:8C:42:B0,,-79,1760674113587
25809,1760674723195.0,0adab909-eb8f-4baf-9eed-7a4cc889cb7c,58:BD:95:8C:42:B0,,-80,1760674722549
25810,1760675321200.0,0adab909-eb8f-4baf-9eed-7a4cc889cb7c,6D:1E:02:35:FB:32,,-75,1760675321168
25811,1760675923116.0,0adab909-eb8f-4baf-9eed-7a4cc889cb7c,6D:1E:02:35:FB:32,,-79,1760675922390
25812,1760676520236.0,0adab909-eb8f-4baf-9eed-7a4cc889cb7c,41:1A:E3:F1:F1:E1,,-76,1760676519229
25813,1760677120666.0,0adab909-eb8f-4baf-9eed-7a4cc889cb7c,41:1A:E3:F1:F1:E1,,-76,1760677120560
25814,1760677130245.0,0adab909-eb8f-4baf-9eed-7a4cc889cb7c,E8:B4:70:36:3F:DA,LINK SI-LS 5900,-100,1760677120560
25815,1760677721580.0,0adab909-eb8f-4baf-9eed-7a4cc889cb7c,70:97:79:4E:13:B5,,-77,1760677720500
25816,1760678314566.0,0adab909-eb8f-4baf-9eed-7a4cc889cb7c,53:57:F1:B0:22:C7,,-76,1760678312562
25817,1760678325099.0,0adab909-eb8f-4baf-9eed-7a4cc889cb7c,7A:1D:E2:6D:DD:02,,-88,1760678312562
25818,1760678912574.0,0adab909-eb8f-4baf-9eed-7a4cc889cb7c,53:57:F1:B0:22:C7,,-72,1760678912542
25819,1760678919052.0,0adab909-eb8f-4baf-9eed-7a4cc889cb7c,71:FE:06:7B:70:92,,-80,1760678912542
25820,1760679512862.0,0adab909-eb8f-4baf-9eed-7a4cc889cb7c,71:FE:06:7B:70:92,,-75,1760679512530
25821,1760679512890.0,0adab909-eb8f-4baf-9eed-7a4cc889cb7c,48:20:D2:ED:5F:BF,,-94,1760679512530
25822,1760679513862.0,0adab909-eb8f-4baf-9eed-7a4cc889cb7c,7A:C9:CE:3B:2F:92,,-83,1760679512530
25823,1760679515815.0,0adab909-eb8f-4baf-9eed-7a4cc889cb7c,07:53:04:F8:03:28,,-91,1760679512530
25824,1760680117526.0,0adab909-eb8f-4baf-9eed-7a4cc889cb7c,66:30:D1:FB:50:66,,-75,1760680116502
25825,1760680716508.0,0adab909-eb8f-4baf-9eed-7a4cc889cb7c,67:18:B3:80:2D:F8,,-71,1760680716505
25826,1760680718432.0,0adab909-eb8f-4baf-9eed-7a4cc889cb7c,6B:14:67:90:EF:4E,,-84,1760680716505
25827,1760681316824.0,0adab909-eb8f-4baf-9eed-7a4cc889cb7c,67:18:B3:80:2D:F8,,-81,1760681316473
25828,1760681967923.0,0adab909-eb8f-4baf-9eed-7a4cc889cb7c,77:AA:0B:C7:FD:71,,-84,1760681967497
25829,1760682568469.0,0adab909-eb8f-4baf-9eed-7a4cc889cb7c,64:12:44:15:09:EB,,-72,1760682568455
25830,1760682580320.0,0adab909-eb8f-4baf-9eed-7a4cc889cb7c,A0:14:3D:35:68:7B,,-100,1760682568455
25831,1760682601029.0,0adab909-eb8f-4baf-9eed-7a4cc889cb7c,64:12:44:15:09:EB,,-71,1760682568455
25832,1760683167816.0,0adab909-eb8f-4baf-9eed-7a4cc889cb7c,64:12:44:15:09:EB,,-80,1760683167455
25833,1760683170746.0,0adab909-eb8f-4baf-9eed-7a4cc889cb7c,72:32:2B:82:91:0F,,-95,1760683167455
25834,1760683761223.0,0adab909-eb8f-4baf-9eed-7a4cc889cb7c,4D:E5:75:93:1B:FF,,-83,1760683760489
25835,1760684361220.0,0adab909-eb8f-4baf-9eed-7a4cc889cb7c,76:91:34:34:83:7F,,-75,1760684360450
25836,1760684370142.0,0adab909-eb8f-4baf-9eed-7a4cc889cb7c,00:73:30:14:E5:BE,,-92,1760684360450
25837,1760684961197.0,0adab909-eb8f-4baf-9eed-7a4cc889cb7c,76:91:34:34:83:7F,,-84,1760684960477
25838,1760684970850.0,0adab909-eb8f-4baf-9eed-7a4cc889cb7c,4A:7A:5F:06:49:61,,-84,1760684960477
25839,1760685553269.0,0adab909-eb8f-4baf-9eed-7a4cc889cb7c,4A:7A:5F:06:49:61,,-83,1760685552506
25840,1760685558611.0,0adab909-eb8f-4baf-9eed-7a4cc889cb7c,6C:9C:10:7A:97:0D,,-91,1760685552506
25841,1760686152560.0,0adab909-eb8f-4baf-9eed-7a4cc889cb7c,4F:78:24:7C:91:6D,,-76,1760686152486
25842,1760686750030.0,0adab909-eb8f-4baf-9eed-7a4cc889cb7c,4F:78:24:7C:91:6D,,-71,1760686749976
25843,1760686751700.0,0adab909-eb8f-4baf-9eed-7a4cc889cb7c,43:E1:C1:D6:73:D9,,-91,1760686749976
25844,1760686755202.0,0adab909-eb8f-4baf-9eed-7a4cc889cb7c,5E:1D:34:A6:CD:AC,,-88,1760686749976
25845,1760686764126.0,0adab909-eb8f-4baf-9eed-7a4cc889cb7c,4F:78:24:7C:91:6D,,-73,1760686749976
25846,1760687331589.0,0adab909-eb8f-4baf-9eed-7a4cc889cb7c,4F:A8:9F:15:5B:5B,,-78,1760687331149
25847,1760687931534.0,0adab909-eb8f-4baf-9eed-7a4cc889cb7c,73:D3:80:53:65:77,,-91,1760687931048
25848,1760689731461.0,0adab909-eb8f-4baf-9eed-7a4cc889cb7c,C3:F5:7F:8B:F1:7D,Hue Lamp,-85,1760689731112
25849,1760689744071.0,0adab909-eb8f-4baf-9eed-7a4cc889cb7c,F4:FE:FB:45:44:C9,,-79,1760689731112
25850,1760689745046.0,0adab909-eb8f-4baf-9eed-7a4cc889cb7c,C3:F5:7F:8B:F1:7D,Hue Lamp,-83,1760689731112
25851,1760690366881.0,0adab909-eb8f-4baf-9eed-7a4cc889cb7c,F4:FE:FB:45:44:C9,,-78,1760690353904
25852,1760690367961.0,0adab909-eb8f-4baf-9eed-7a4cc889cb7c,C3:F5:7F:8B:F1:7D,Hue Lamp,-81,1760690353904
25853,1760690951743.0,0adab909-eb8f-4baf-9eed-7a4cc889cb7c,48:A3:BD:D8:2D:61,,-87,1760690945846
25854,1760692113928.0,0adab909-eb8f-4baf-9eed-7a4cc889cb7c,4C:96:8A:ED:6A:01,SPEN NA,-66,1760692113760
25855,1760692114247.0,0adab909-eb8f-4baf-9eed-7a4cc889cb7c,4C:96:8A:ED:6A:01,SPEN NA,-66,1760692113760
25856,1760692114554.0,0adab909-eb8f-4baf-9eed-7a4cc889cb7c,4C:96:8A:ED:6A:01,SPEN NA,127,1760692113760
25857,1760692115762.0,0adab909-eb8f-4baf-9eed-7a4cc889cb7c,54:D0:7D:EA:BC:4D,,-93,1760692113760
25858,1760692115799.0,0adab909-eb8f-4baf-9eed-7a4cc889cb7c,4C:96:8A:ED:6A:01,SPEN NA,-60,1760692113760
25859,1760692116131.0,0adab909-eb8f-4baf-9eed-7a4cc889cb7c,49:6C:10:EB:02:35,,-93,1760692113760
25860,1760692116147.0,0adab909-eb8f-4baf-9eed-7a4cc889cb7c,4C:96:8A:ED:6A:01,SPEN NA,-60,1760692113760
25861,1760692116472.0,0adab909-eb8f-4baf-9eed-7a4cc889cb7c,4C:96:8A:ED:6A:01,SPEN NA,-61,1760692113760
25862,1760692116780.0,0adab909-eb8f-4baf-9eed-7a4cc889cb7c,4C:96:8A:ED:6A:01,SPEN NA,-61,1760692113760
25863,1760692117096.0,0adab909-eb8f-4baf-9eed-7a4cc889cb7c,4C:96:8A:ED:6A:01,SPEN NA,-58,1760692113760
25864,1760692117422.0,0adab909-eb8f-4baf-9eed-7a4cc889cb7c,4C:96:8A:ED:6A:01,SPEN NA,-60,1760692113760
25865,1760692117725.0,0adab909-eb8f-4baf-9eed-7a4cc889cb7c,4C:96:8A:ED:6A:01,SPEN NA,-58,1760692113760
25866,1760692118031.0,0adab909-eb8f-4baf-9eed-7a4cc889cb7c,4C:96:8A:ED:6A:01,SPEN NA,-58,1760692113760
25867,1760692118352.0,0adab909-eb8f-4baf-9eed-7a4cc889cb7c,4C:96:8A:ED:6A:01,SPEN NA,-60,1760692113760
25868,1760692118660.0,0adab909-eb8f-4baf-9eed-7a4cc889cb7c,4C:96:8A:ED:6A:01,SPEN NA,-58,1760692113760
25869,1760692118966.0,0adab909-eb8f-4baf-9eed-7a4cc889cb7c,4C:96:8A:ED:6A:01,SPEN NA,-58,1760692113760
25870,1760692119299.0,0adab909-eb8f-4baf-9eed-7a4cc889cb7c,4C:96:8A:ED:6A:01,SPEN NA,-65,1760692113760
25871,1760692119619.0,0adab909-eb8f-4baf-9eed-7a4cc889cb7c,4C:96:8A:ED:6A:01,SPEN NA,-62,1760692113760
25872,1760692119935.0,0adab909-eb8f-4baf-9eed-7a4cc889cb7c,4C:96:8A:ED:6A:01,SPEN NA,-58,1760692113760
25873,1760692120251.0,0adab909-eb8f-4baf-9eed-7a4cc889cb7c,4C:96:8A:ED:6A:01,SPEN NA,-64,1760692113760
25874,1760692120877.0,0adab909-eb8f-4baf-9eed-7a4cc889cb7c,4C:96:8A:ED:6A:01,SPEN NA,-63,1760692113760
25875,1760692121914.0,0adab909-eb8f-4baf-9eed-7a4cc889cb7c,4C:96:8A:ED:6A:01,SPEN NA,-62,1760692113760
25876,1760692122248.0,0adab909-eb8f-4baf-9eed-7a4cc889cb7c,4C:96:8A:ED:6A:01,SPEN NA,-63,1760692113760
25877,1760692122864.0,0adab909-eb8f-4baf-9eed-7a4cc889cb7c,4C:96:8A:ED:6A:01,SPEN NA,-62,1760692113760
25878,1760692123815.0,0adab909-eb8f-4baf-9eed-7a4cc889cb7c,4C:96:8A:ED:6A:01,SPEN NA,-63,1760692113760
25879,1760692124130.0,0adab909-eb8f-4baf-9eed-7a4cc889cb7c,4C:96:8A:ED:6A:01,SPEN NA,-64,1760692113760
25880,1760692124443.0,0adab909-eb8f-4baf-9eed-7a4cc889cb7c,4C:96:8A:ED:6A:01,SPEN NA,-58,1760692113760
25881,1760692124741.0,0adab909-eb8f-4baf-9eed-7a4cc889cb7c,4C:96:8A:ED:6A:01,SPEN NA,-62,1760692113760
25882,1760692125061.0,0adab909-eb8f-4baf-9eed-7a4cc889cb7c,4C:96:8A:ED:6A:01,SPEN NA,-60,1760692113760
25883,1760692125375.0,0adab909-eb8f-4baf-9eed-7a4cc889cb7c,4C:96:8A:ED:6A:01,SPEN NA,-62,1760692113760
25884,1760692125704.0,0adab909-eb8f-4baf-9eed-7a4cc889cb7c,4C:96:8A:ED:6A:01,SPEN NA,-62,1760692113760
25885,1760692126026.0,0adab909-eb8f-4baf-9eed-7a4cc889cb7c,4C:96:8A:ED:6A:01,SPEN NA,-60,1760692113760
25886,1760692126345.0,0adab909-eb8f-4baf-9eed-7a4cc889cb7c,4C:96:8A:ED:6A:01,SPEN NA,-62,1760692113760
25887,1760693337321.0,0adab909-eb8f-4baf-9eed-7a4cc889cb7c,79:94:82:28:76:64,,-94,1760693331151
25888,1760693345108.0,0adab909-eb8f-4baf-9eed-7a4cc889cb7c,75:A2:62:D9:B1:E9,WF-C510-GFP,-89,1760693331151
25889,1760693941109.0,0adab909-eb8f-4baf-9eed-7a4cc889cb7c,7F:E6:49:9C:00:5C,,-91,1760693931084
25890,1760695720298.0,0adab909-eb8f-4baf-9eed-7a4cc889cb7c,C3:F5:7F:8B:F1:7D,Hue Lamp,-91,1760695714773
25891,1760695727760.0,0adab909-eb8f-4baf-9eed-7a4cc889cb7c,D4:57:12:A7:13:2B,,-89,1760695714773
25892,1760696345243.0,0adab909-eb8f-4baf-9eed-7a4cc889cb7c,DB:3E:1D:07:AD:5B,,-72,1760696330788
25893,1760696345950.0,0adab909-eb8f-4baf-9eed-7a4cc889cb7c,CD:B7:97:52:DC:CF,,-91,1760696330788
25894,1760697531175.0,0adab909-eb8f-4baf-9eed-7a4cc889cb7c,4C:96:8A:ED:6A:01,SPEN NA,-54,1760697530775
25895,1760697531490.0,0adab909-eb8f-4baf-9eed-7a4cc889cb7c,4C:96:8A:ED:6A:01,SPEN NA,127,1760697530775
25896,1760697531799.0,0adab909-eb8f-4baf-9eed-7a4cc889cb7c,4C:96:8A:ED:6A:01,SPEN NA,-48,1760697530775
25897,1760697532141.0,0adab909-eb8f-4baf-9eed-7a4cc889cb7c,4C:96:8A:ED:6A:01,SPEN NA,-47,1760697530775
25898,1760697532453.0,0adab909-eb8f-4baf-9eed-7a4cc889cb7c,4C:96:8A:ED:6A:01,SPEN NA,-51,1760697530775
25899,1760697532755.0,0adab909-eb8f-4baf-9eed-7a4cc889cb7c,4C:96:8A:ED:6A:01,SPEN NA,-46,1760697530775
25900,1760697534751.0,0adab909-eb8f-4baf-9eed-7a4cc889cb7c,4C:96:8A:ED:6A:01,SPEN NA,-46,1760697530775
25901,1760697535706.0,0adab909-eb8f-4baf-9eed-7a4cc889cb7c,4C:96:8A:ED:6A:01,SPEN NA,-46,1760697530775
25902,1760697535994.0,0adab909-eb8f-4baf-9eed-7a4cc889cb7c,4C:96:8A:ED:6A:01,SPEN NA,-47,1760697530775
25903,1760697538318.0,0adab909-eb8f-4baf-9eed-7a4cc889cb7c,4C:96:8A:ED:6A:01,SPEN NA,-51,1760697530775
25904,1760697538645.0,0adab909-eb8f-4baf-9eed-7a4cc889cb7c,4C:96:8A:ED:6A:01,SPEN NA,-46,1760697530775
25905,1760697539149.0,0adab909-eb8f-4baf-9eed-7a4cc889cb7c,4C:96:8A:ED:6A:01,SPEN NA,-46,1760697530775
25906,1760697539250.0,0adab909-eb8f-4baf-9eed-7a4cc889cb7c,4C:96:8A:ED:6A:01,SPEN NA,-46,1760697530775
25907,1760697541044.0,0adab909-eb8f-4baf-9eed-7a4cc889cb7c,4C:96:8A:ED:6A:01,SPEN NA,-47,1760697530775
25908,1760697541132.0,0adab909-eb8f-4baf-9eed-7a4cc889cb7c,4C:96:8A:ED:6A:01,SPEN NA,-47,1760697530775
25909,1760697543160.0,0adab909-eb8f-4baf-9eed-7a4cc889cb7c,4C:96:8A:ED:6A:01,SPEN NA,-50,1760697530775
25910,1760697543759.0,0adab909-eb8f-4baf-9eed-7a4cc889cb7c,4C:96:8A:ED:6A:01,SPEN NA,-47,1760697530775
25911,1760697545745.0,0adab909-eb8f-4baf-9eed-7a4cc889cb7c,15:D7:2F:7D:46:AD,,-88,1760697530775
25912,1760698733445.0,0adab909-eb8f-4baf-9eed-7a4cc889cb7c,77:CE:42:F5:74:4D,,-91,1760698731825
25913,1760698745861.0,0adab909-eb8f-4baf-9eed-7a4cc889cb7c,5A:96:89:AA:52:A4,,-91,1760698731825
25914,1760700531536.0,0adab909-eb8f-4baf-9eed-7a4cc889cb7c,68:AA:9E:23:0B:32,,-93,1760700531129
25915,1760700532547.0,0adab909-eb8f-4baf-9eed-7a4cc889cb7c,7B:EC:DD:32:DC:FF,,-88,1760700531129
25916,1760701138023.0,0adab909-eb8f-4baf-9eed-7a4cc889cb7c,7B:EC:DD:32:DC:FF,,-91,1760701131125
25917,1760704123491.0,0adab909-eb8f-4baf-9eed-7a4cc889cb7c,4C:96:8A:ED:6A:01,SPEN NA,-63,1760704123363
25918,1760704123792.0,0adab909-eb8f-4baf-9eed-7a4cc889cb7c,4C:96:8A:ED:6A:01,SPEN NA,-64,1760704123363
25919,1760704124118.0,0adab909-eb8f-4baf-9eed-7a4cc889cb7c,4C:96:8A:ED:6A:01,SPEN NA,-67,1760704123363
25920,1760704124427.0,0adab909-eb8f-4baf-9eed-7a4cc889cb7c,4C:96:8A:ED:6A:01,SPEN NA,-61,1760704123363
25921,1760704125353.0,0adab909-eb8f-4baf-9eed-7a4cc889cb7c,4C:96:8A:ED:6A:01,SPEN NA,-57,1760704123363
25922,1760704126016.0,0adab909-eb8f-4baf-9eed-7a4cc889cb7c,4C:96:8A:ED:6A:01,SPEN NA,-61,1760704123363
25923,1760704126332.0,0adab909-eb8f-4baf-9eed-7a4cc889cb7c,4C:96:8A:ED:6A:01,SPEN NA,-57,1760704123363
25924,1760704126649.0,0adab909-eb8f-4baf-9eed-7a4cc889cb7c,4C:96:8A:ED:6A:01,SPEN NA,-58,1760704123363
25925,1760704126964.0,0adab909-eb8f-4baf-9eed-7a4cc889cb7c,4C:96:8A:ED:6A:01,SPEN NA,-62,1760704123363
25926,1760704127272.0,0adab909-eb8f-4baf-9eed-7a4cc889cb7c,4C:96:8A:ED:6A:01,SPEN NA,-57,1760704123363
25927,1760704127906.0,0adab909-eb8f-4baf-9eed-7a4cc889cb7c,4C:96:8A:ED:6A:01,SPEN NA,-62,1760704123363
25928,1760704128207.0,0adab909-eb8f-4baf-9eed-7a4cc889cb7c,4C:96:8A:ED:6A:01,SPEN NA,-57,1760704123363
25929,1760704128658.0,0adab909-eb8f-4baf-9eed-7a4cc889cb7c,72:A6:97:33:43:B5,,-95,1760704123363
25930,1760704128941.0,0adab909-eb8f-4baf-9eed-7a4cc889cb7c,4C:96:8A:ED:6A:01,SPEN NA,-60,1760704123363
25931,1760704129259.0,0adab909-eb8f-4baf-9eed-7a4cc889cb7c,4C:96:8A:ED:6A:01,SPEN NA,-62,1760704123363
25932,1760704130120.0,0adab909-eb8f-4baf-9eed-7a4cc889cb7c,4C:96:8A:ED:6A:01,SPEN NA,-61,1760704123363
25933,1760704130636.0,0adab909-eb8f-4baf-9eed-7a4cc889cb7c,4C:96:8A:ED:6A:01,SPEN NA,-61,1760704123363
25934,1760704132183.0,0adab909-eb8f-4baf-9eed-7a4cc889cb7c,4C:96:8A:ED:6A:01,SPEN NA,-57,1760704123363
25935,1760704132292.0,0adab909-eb8f-4baf-9eed-7a4cc889cb7c,4C:96:8A:ED:6A:01,SPEN NA,-57,1760704123363
25936,1760704134213.0,0adab909-eb8f-4baf-9eed-7a4cc889cb7c,4C:96:8A:ED:6A:01,SPEN NA,-58,1760704123363
25937,1760704134296.0,0adab909-eb8f-4baf-9eed-7a4cc889cb7c,4C:96:8A:ED:6A:01,SPEN NA,-58,1760704123363
25938,1760704136293.0,0adab909-eb8f-4baf-9eed-7a4cc889cb7c,4C:96:8A:ED:6A:01,SPEN NA,-57,1760704123363
25939,1760704724743.0,0adab909-eb8f-4baf-9eed-7a4cc889cb7c,63:5B:45:72:FC:0F,,-90,1760704723377
25940,1760704728638.0,0adab909-eb8f-4baf-9eed-7a4cc889cb7c,77:59:A5:73:7B:3B,,-92,1760704723377
25941,1760704734050.0,0adab909-eb8f-4baf-9eed-7a4cc889cb7c,57:95:A2:80:2D:BD,,-89,1760704723377
25942,1760705933204.0,0adab909-eb8f-4baf-9eed-7a4cc889cb7c,51:24:55:1C:7E:C2,,-89,1760705932157
25943,1760705933564.0,0adab909-eb8f-4baf-9eed-7a4cc889cb7c,75:0D:E8:34:38:6A,,-92,1760705932157
25944,1760705933887.0,0adab909-eb8f-4baf-9eed-7a4cc889cb7c,11:96:09:F3:6B:03,,-92,1760705932157
25945,1760705934172.0,0adab909-eb8f-4baf-9eed-7a4cc889cb7c,79:F1:F8:AA:80:81,,-90,1760705932157
25946,1760705935456.0,0adab909-eb8f-4baf-9eed-7a4cc889cb7c,04:31:27:24:EB:8E,,-92,1760705932157
25947,1760706539327.0,0adab909-eb8f-4baf-9eed-7a4cc889cb7c,08:80:17:7D:D5:03,,-91,1760706532154
25948,1760707133853.0,0adab909-eb8f-4baf-9eed-7a4cc889cb7c,7F:12:BC:54:22:F6,,-90,1760707131831
25949,1760707137405.0,0adab909-eb8f-4baf-9eed-7a4cc889cb7c,48:7C:14:00:E9:9A,,-71,1760707131831
25950,1760707740934.0,0adab909-eb8f-4baf-9eed-7a4cc889cb7c,48:E4:68:87:26:39,,-87,1760707731880
25951,1760708331867.0,0adab909-eb8f-4baf-9eed-7a4cc889cb7c,44:2B:EB:E6:B2:DC,,-84,1760708331830
25952,1760708331890.0,0adab909-eb8f-4baf-9eed-7a4cc889cb7c,60:74:F4:73:96:CD,ihoment_H601B_96CD,-78,1760708331830
25953,1760708335113.0,0adab909-eb8f-4baf-9eed-7a4cc889cb7c,60:74:F4:75:21:D5,ihoment_H601B_21D5,-75,1760708331830
25954,1760708336066.0,0adab909-eb8f-4baf-9eed-7a4cc889cb7c,45:FF:47:46:22:F5,,-92,1760708331830
25955,1760708336130.0,0adab909-eb8f-4baf-9eed-7a4cc889cb7c,34:C9:3D:65:82:80,DESKTOP-J5UACK9,-100,1760708331830
25956,1760708336402.0,0adab909-eb8f-4baf-9eed-7a4cc889cb7c,54:66:CF:39:CC:20,,-85,1760708331830
25957,1760708337346.0,0adab909-eb8f-4baf-9eed-7a4cc889cb7c,56:19:93:4B:CB:92,,-93,1760708331830
25958,1760708344416.0,0adab909-eb8f-4baf-9eed-7a4cc889cb7c,4B:D1:62:07:D3:4E,,-80,1760708331830
25959,1760710809199.0,0adab909-eb8f-4baf-9eed-7a4cc889cb7c,60:74:F4:73:96:CD,ihoment_H601B_96CD,-73,1760710808805
25960,1760710809809.0,0adab909-eb8f-4baf-9eed-7a4cc889cb7c,60:74:F4:75:21:D5,ihoment_H601B_21D5,-76,1760710808805
25961,1760710810876.0,0adab909-eb8f-4baf-9eed-7a4cc889cb7c,71:85:29:A1:AF:58,,-92,1760710808805
25962,1760710814077.0,0adab909-eb8f-4baf-9eed-7a4cc889cb7c,51:A2:36:66:0E:8E,,-91,1760710808805
25963,1760710822911.0,0adab909-eb8f-4baf-9eed-7a4cc889cb7c,60:74:F4:75:21:D5,ihoment_H601B_21D5,-72,1760710808805
25964,1760710822937.0,0adab909-eb8f-4baf-9eed-7a4cc889cb7c,60:74:F4:73:96:CD,ihoment_H601B_96CD,-68,1760710808805
25965,1760711408901.0,0adab909-eb8f-4baf-9eed-7a4cc889cb7c,60:74:F4:73:96:CD,ihoment_H601B_96CD,-80,1760711408806
25966,1760711412093.0,0adab909-eb8f-4baf-9eed-7a4cc889cb7c,7E:42:12:C1:AB:2F,,-90,1760711408806
25967,1760711412747.0,0adab909-eb8f-4baf-9eed-7a4cc889cb7c,60:74:F4:75:21:D5,ihoment_H601B_21D5,-79,1760711408806
25968,1760711421732.0,0adab909-eb8f-4baf-9eed-7a4cc889cb7c,60:74:F4:75:21:D5,ihoment_H601B_21D5,-89,1760711408806
25969,1760711422908.0,0adab909-eb8f-4baf-9eed-7a4cc889cb7c,10:77:01:57:1A:D4,,-83,1760711408806
25970,1760711423017.0,0adab909-eb8f-4baf-9eed-7a4cc889cb7c,60:74:F4:73:96:CD,ihoment_H601B_96CD,-71,1760711408806
25971,1760712004069.0,0adab909-eb8f-4baf-9eed-7a4cc889cb7c,60:74:F4:75:21:D5,ihoment_H601B_21D5,-80,1760712003925
25972,1760712004418.0,0adab909-eb8f-4baf-9eed-7a4cc889cb7c,60:74:F4:73:96:CD,ihoment_H601B_96CD,-77,1760712003925
25973,1760712008369.0,0adab909-eb8f-4baf-9eed-7a4cc889cb7c,7E:42:12:C1:AB:2F,,-94,1760712003925
25974,1760712600779.0,0adab909-eb8f-4baf-9eed-7a4cc889cb7c,43:AD:CA:A8:1E:5D,,-88,1760712591399
25975,1760712601401.0,0adab909-eb8f-4baf-9eed-7a4cc889cb7c,51:50:B3:B2:AB:5D,,-82,1760712591399
25976,1760713196048.0,0adab909-eb8f-4baf-9eed-7a4cc889cb7c,C8:34:30:35:5F:8E,Govee_H7090_5F8E,-90,1760713191428
25977,1760714996201.0,0adab909-eb8f-4baf-9eed-7a4cc889cb7c,60:2C:22:DE:AF:BF,,-91,1760714991636
25978,1760715597409.0,0adab909-eb8f-4baf-9eed-7a4cc889cb7c,7C:B5:38:64:5D:3B,,-90,1760715591602
25979,1760715604517.0,0adab909-eb8f-4baf-9eed-7a4cc889cb7c,3B:5D:DD:0A:09:F0,,-79,1760715591602
25980,1760715606576.0,0adab909-eb8f-4baf-9eed-7a4cc889cb7c,72:67:CC:E0:2D:1C,,-92,1760715591602
25981,1760716776283.0,0adab909-eb8f-4baf-9eed-7a4cc889cb7c,5E:6E:AE:F4:76:ED,,-91,1760716776187
25982,1760716776612.0,0adab909-eb8f-4baf-9eed-7a4cc889cb7c,78:38:D3:18:09:BE,,-79,1760716776187
25983,1760716776966.0,0adab909-eb8f-4baf-9eed-7a4cc889cb7c,60:74:F4:73:99:E7,ihoment_H601B_99E7,-86,1760716776187
25984,1760716777918.0,0adab909-eb8f-4baf-9eed-7a4cc889cb7c,60:74:F4:72:90:3F,ihoment_H601B_903F,-84,1760716776187
25985,1760716783628.0,0adab909-eb8f-4baf-9eed-7a4cc889cb7c,C3:F5:7F:8B:F1:7D,Hue Lamp,-87,1760716776187
25986,1760716785002.0,0adab909-eb8f-4baf-9eed-7a4cc889cb7c,56:98:E3:4A:B8:8F,,-91,1760716776187
25987,1760717335241.0,0adab909-eb8f-4baf-9eed-7a4cc889cb7c,63:C7:E5:75:5A:77,,-85,1760717335118
25988,1760717335488.0,0adab909-eb8f-4baf-9eed-7a4cc889cb7c,69:DD:B6:51:5E:33,,-86,1760717335118
25989,1760717335866.0,0adab909-eb8f-4baf-9eed-7a4cc889cb7c,2F:A8:5A:81:9A:17,,-79,1760717335118
25990,1760717335899.0,0adab909-eb8f-4baf-9eed-7a4cc889cb7c,D8:D0:87:64:A8:48,Galaxy Watch (D424) LE,-73,1760717335118
25991,1760717336917.0,0adab909-eb8f-4baf-9eed-7a4cc889cb7c,BC:82:5D:0A:72:89,DEH-X7800DAB ,-100,1760717335118
25992,1760717337123.0,0adab909-eb8f-4baf-9eed-7a4cc889cb7c,57:25:37:EE:51:31,,-84,1760717335118
25993,1760717337506.0,0adab909-eb8f-4baf-9eed-7a4cc889cb7c,78:89:00:E8:AB:87,,-79,1760717335118
25994,1760717339088.0,0adab909-eb8f-4baf-9eed-7a4cc889cb7c,CF:33:36:32:4C:1E,Govee_H6054_4C1E,-82,1760717335118
25995,1760717339688.0,0adab909-eb8f-4baf-9eed-7a4cc889cb7c,45:D2:B6:D5:18:8D,,-86,1760717335118
25996,1760717340061.0,0adab909-eb8f-4baf-9eed-7a4cc889cb7c,4E:7E:9C:8F:E8:54,,-91,1760717335118
25997,1760717340089.0,0adab909-eb8f-4baf-9eed-7a4cc889cb7c,00:0E:9F:B4:C1:21,,-100,1760717335118
25998,1760717342327.0,0adab909-eb8f-4baf-9eed-7a4cc889cb7c,6C:B9:D1:D4:3B:DD,,-93,1760717335118
25999,1760717344378.0,0adab909-eb8f-4baf-9eed-7a4cc889cb7c,48:8F:4C:D9:53:D9,smartBox-8CD8,-99,1760717335118
26000,1760717345789.0,0adab909-eb8f-4baf-9eed-7a4cc889cb7c,49:94:4C:9F:1F:B3,,-89,1760717335118
26001,1760717346108.0,0adab909-eb8f-4baf-9eed-7a4cc889cb7c,75:F9:88:BD:A3:02,,-88,1760717335118
26002,1760717924528.0,0adab909-eb8f-4baf-9eed-7a4cc889cb7c,77:06:2E:60:E7:6A,,-87,1760717924504
26003,1760717924549.0,0adab909-eb8f-4baf-9eed-7a4cc889cb7c,60:AD:61:E2:F8:00,,-82,1760717924504
26004,1760717924564.0,0adab909-eb8f-4baf-9eed-7a4cc889cb7c,64:05:07:63:D8:F7,,-90,1760717924504
26005,1760717924579.0,0adab909-eb8f-4baf-9eed-7a4cc889cb7c,4F:C1:9E:B8:F0:63,,-91,1760717924504
26006,1760717924592.0,0adab909-eb8f-4baf-9eed-7a4cc889cb7c,38:8A:CC:BD:F2:8D,,-82,1760717924504
26007,1760717924603.0,0adab909-eb8f-4baf-9eed-7a4cc889cb7c,41:13:D2:1D:A4:B5,,-83,1760717924504
26008,1760717924613.0,0adab909-eb8f-4baf-9eed-7a4cc889cb7c,27:E1:6C:D1:85:8E,,-79,1760717924504
26009,1760717924627.0,0adab909-eb8f-4baf-9eed-7a4cc889cb7c,D8:CC:E6:42:10:88,Hue ambiance lamp,-79,1760717924504
26010,1760717924902.0,0adab909-eb8f-4baf-9eed-7a4cc889cb7c,41:7A:59:26:9E:95,,-90,1760717924504
26011,1760717924922.0,0adab909-eb8f-4baf-9eed-7a4cc889cb7c,47:58:7E:46:BD:78,,-71,1760717924504
26012,1760717924935.0,0adab909-eb8f-4baf-9eed-7a4cc889cb7c,58:AC:F0:D8:94:8E,,-83,1760717924504
26013,1760717924954.0,0adab909-eb8f-4baf-9eed-7a4cc889cb7c,43:2A:B7:B2:F0:22,,-58,1760717924504
26014,1760717924968.0,0adab909-eb8f-4baf-9eed-7a4cc889cb7c,D1:ED:42:21:A4:E3,Hue filament bulb,-84,1760717924504
26015,1760717924979.0,0adab909-eb8f-4baf-9eed-7a4cc889cb7c,FC:DF:45:A1:06:90,RapidDoc_BT,-82,1760717924504
26016,1760717925224.0,0adab909-eb8f-4baf-9eed-7a4cc889cb7c,EC:76:8A:45:16:8B,Hue color spot,-75,1760717924504
26017,1760717925244.0,0adab909-eb8f-4baf-9eed-7a4cc889cb7c,61:1E:C0:F7:11:32,,-75,1760717924504
26018,1760717925255.0,0adab909-eb8f-4baf-9eed-7a4cc889cb7c,4F:2E:A8:75:33:59,,-90,1760717924504
26019,1760717925268.0,0adab909-eb8f-4baf-9eed-7a4cc889cb7c,45:D6:5C:5C:EC:B0,,-78,1760717924504
26020,1760717925282.0,0adab909-eb8f-4baf-9eed-7a4cc889cb7c,7E:37:18:B3:05:03,,-82,1760717924504
26021,1760717925525.0,0adab909-eb8f-4baf-9eed-7a4cc889cb7c,F1:1D:BA:EC:47:17,Hue Iris,-89,1760717924504
26022,1760717925545.0,0adab909-eb8f-4baf-9eed-7a4cc889cb7c,18:F3:1E:02:07:99,,-90,1760717924504
26023,1760717925846.0,0adab909-eb8f-4baf-9eed-7a4cc889cb7c,4A:A9:10:B4:39:A9,,-82,1760717924504
26024,1760717925865.0,0adab909-eb8f-4baf-9eed-7a4cc889cb7c,44:83:CD:15:DA:A9,,-85,1760717924504
26025,1760717925879.0,0adab909-eb8f-4baf-9eed-7a4cc889cb7c,1F:95:8E:10:50:0A,,-84,1760717924504
26026,1760717925890.0,0adab909-eb8f-4baf-9eed-7a4cc889cb7c,78:01:6F:1E:69:D5,,-92,1760717924504
26027,1760717926167.0,0adab909-eb8f-4baf-9eed-7a4cc889cb7c,7D:AC:60:5D:42:33,,-76,1760717924504
26028,1760717926187.0,0adab909-eb8f-4baf-9eed-7a4cc889cb7c,F4:8B:71:0C:B7:EF,Hue color candle,-86,1760717924504
26029,1760717926200.0,0adab909-eb8f-4baf-9eed-7a4cc889cb7c,6F:2B:56:D1:EA:ED,,-78,1760717924504
26030,1760717926214.0,0adab909-eb8f-4baf-9eed-7a4cc889cb7c,E3:34:AB:50:99:78,Hue filament bulb,-79,1760717924504
26031,1760717926471.0,0adab909-eb8f-4baf-9eed-7a4cc889cb7c,52:81:40:E2:E6:D3,,-82,1760717924504
26032,1760717926746.0,0adab909-eb8f-4baf-9eed-7a4cc889cb7c,30:C9:AB:03:42:D6,,-98,1760717924504
26033,1760717926825.0,0adab909-eb8f-4baf-9eed-7a4cc889cb7c,66:DA:4F:8E:87:C4,,-87,1760717924504
26034,1760717926841.0,0adab909-eb8f-4baf-9eed-7a4cc889cb7c,2B:DA:EA:CA:0C:FC,,-88,1760717924504
26035,1760717926854.0,0adab909-eb8f-4baf-9eed-7a4cc889cb7c,5A:C2:43:44:59:76,,-67,1760717924504
26036,1760717926866.0,0adab909-eb8f-4baf-9eed-7a4cc889cb7c,04:66:83:7A:A3:E9,,-89,1760717924504
26037,1760717926878.0,0adab909-eb8f-4baf-9eed-7a4cc889cb7c,53:28:A4:37:D5:38,,-92,1760717924504
26038,1760717926966.0,0adab909-eb8f-4baf-9eed-7a4cc889cb7c,30:C9:AB:03:42:D6,SONY KD-43XH8505,-100,1760717924504
26039,1760717927176.0,0adab909-eb8f-4baf-9eed-7a4cc889cb7c,61:C4:50:D5:9C:2C,Galaxy Watch4 (D38L),-84,1760717924504
26040,1760717927196.0,0adab909-eb8f-4baf-9eed-7a4cc889cb7c,65:54:7A:4D:07:46,,-70,1760717924504
26041,1760717927208.0,0adab909-eb8f-4baf-9eed-7a4cc889cb7c,05:AB:65:0F:AB:4A,,-84,1760717924504
26042,1760717927798.0,0adab909-eb8f-4baf-9eed-7a4cc889cb7c,52:81:40:E2:94:37,,-93,1760717924504
26043,1760717927839.0,0adab909-eb8f-4baf-9eed-7a4cc889cb7c,44:6F:F8:94:E0:05,9HC-EU-UBA9780A,-89,1760717924504
26044,1760717927876.0,0adab909-eb8f-4baf-9eed-7a4cc889cb7c,A0:D0:5B:93:00:C8,,-100,1760717924504
26045,1760717929098.0,0adab909-eb8f-4baf-9eed-7a4cc889cb7c,6D:1C:E7:59:01:E9,,-85,1760717924504
26046,1760717929312.0,0adab909-eb8f-4baf-9eed-7a4cc889cb7c,04:34:C3:5E:F4:E3,Xiaomi Smart Band 10 F4E3,-91,1760717924504
26047,1760717930015.0,0adab909-eb8f-4baf-9eed-7a4cc889cb7c,DB:E8:45:96:CB:D1,Hue color lamp,-79,1760717924504
26048,1760717930032.0,0adab909-eb8f-4baf-9eed-7a4cc889cb7c,4E:61:98:BA:FC:8A,,-85,1760717924504
26049,1760717930248.0,0adab909-eb8f-4baf-9eed-7a4cc889cb7c,24:5F:9F:1F:79:E4,HUAWEI WATCH FIT 4 Pro-9E4,-100,1760717924504
26050,1760717930679.0,0adab909-eb8f-4baf-9eed-7a4cc889cb7c,6F:2F:50:76:79:19,,-78,1760717924504
26051,1760717930698.0,0adab909-eb8f-4baf-9eed-7a4cc889cb7c,73:A2:CA:60:A0:1F,,-71,1760717924504
26052,1760717930965.0,0adab909-eb8f-4baf-9eed-7a4cc889cb7c,A0:D0:5B:93:00:C8,[TV] Samsung QHB Series,-86,1760717924504
26053,1760717931287.0,0adab909-eb8f-4baf-9eed-7a4cc889cb7c,47:F4:F5:A7:36:DF,,-86,1760717924504
26054,1760717932585.0,0adab909-eb8f-4baf-9eed-7a4cc889cb7c,7F:82:AA:EC:39:FE,,-93,1760717924504
26055,1760717932604.0,0adab909-eb8f-4baf-9eed-7a4cc889cb7c,60:4F:2E:55:80:58,,-88,1760717924504
26056,1760717932617.0,0adab909-eb8f-4baf-9eed-7a4cc889cb7c,44:6F:F8:60:25:00,3JV-EU-TNA0541A,-84,1760717924504
26057,1760717932943.0,0adab909-eb8f-4baf-9eed-7a4cc889cb7c,04:52:C7:B1:21:C4,LE-Bose Revolve+ SoundLink,-88,1760717924504
26058,1760717933223.0,0adab909-eb8f-4baf-9eed-7a4cc889cb7c,DE:BE:EE:C6:63:34,Hue Play,-75,1760717924504
26059,1760717933888.0,0adab909-eb8f-4baf-9eed-7a4cc889cb7c,46:43:70:1F:E4:1F,,-88,1760717924504
26060,1760717933913.0,0adab909-eb8f-4baf-9eed-7a4cc889cb7c,4E:CF:9C:64:80:FE,,-85,1760717924504
26061,1760717934852.0,0adab909-eb8f-4baf-9eed-7a4cc889cb7c,59:90:02:62:7B:A0,,-88,1760717924504
26062,1760717935471.0,0adab909-eb8f-4baf-9eed-7a4cc889cb7c,4E:E7:5B:04:C4:4D,,-91,1760717924504
26063,1760717935494.0,0adab909-eb8f-4baf-9eed-7a4cc889cb7c,60:77:9E:D6:D7:98,,-88,1760717924504
26064,1760717935506.0,0adab909-eb8f-4baf-9eed-7a4cc889cb7c,7A:DD:01:A8:D8:C3,,-92,1760717924504
26065,1760717936450.0,0adab909-eb8f-4baf-9eed-7a4cc889cb7c,D6:AB:D0:D9:D8:EC,Hue Bloom,-85,1760717924504
26066,1760717937061.0,0adab909-eb8f-4baf-9eed-7a4cc889cb7c,25:28:9C:BF:04:56,,-94,1760717924504
26067,1760718513589.0,0adab909-eb8f-4baf-9eed-7a4cc889cb7c,60:C6:4F:C2:50:00,RHX8-W2n#4FC660,-81,1760718513499
26068,1760718513618.0,0adab909-eb8f-4baf-9eed-7a4cc889cb7c,70:76:E6:AB:A5:CF,,-72,1760718513499
26069,1760718513637.0,0adab909-eb8f-4baf-9eed-7a4cc889cb7c,70:04:98:34:85:98,CT320D-P70Z,-100,1760718513499
26070,1760718513839.0,0adab909-eb8f-4baf-9eed-7a4cc889cb7c,08:2C:68:8F:8F:2F,,-84,1760718513499
26071,1760718513863.0,0adab909-eb8f-4baf-9eed-7a4cc889cb7c,4C:F2:42:0E:AF:2F,,-84,1760718513499
26072,1760718513905.0,0adab909-eb8f-4baf-9eed-7a4cc889cb7c,53:A4:A5:20:AC:83,,-86,1760718513499
26073,1760718513926.0,0adab909-eb8f-4baf-9eed-7a4cc889cb7c,5A:D4:CB:7B:6E:C2,,-91,1760718513499
26074,1760718514247.0,0adab909-eb8f-4baf-9eed-7a4cc889cb7c,6F:2B:3C:AD:1E:0E,,-85,1760718513499
26075,1760718514576.0,0adab909-eb8f-4baf-9eed-7a4cc889cb7c,7A:1A:47:53:D0:DD,,-82,1760718513499
26076,1760718514608.0,0adab909-eb8f-4baf-9eed-7a4cc889cb7c,07:F3:A1:79:4F:9F,,-84,1760718513499
26077,1760718514634.0,0adab909-eb8f-4baf-9eed-7a4cc889cb7c,7E:B6:64:F7:CF:BE,,-85,1760718513499
26078,1760718514656.0,0adab909-eb8f-4baf-9eed-7a4cc889cb7c,39:AB:3A:35:E0:9F,,-81,1760718513499
26079,1760718514805.0,0adab909-eb8f-4baf-9eed-7a4cc889cb7c,47:50:31:6E:18:3A,,-85,1760718513499
26080,1760718514839.0,0adab909-eb8f-4baf-9eed-7a4cc889cb7c,74:3B:77:F2:00:4F,,-70,1760718513499
26081,1760718514864.0,0adab909-eb8f-4baf-9eed-7a4cc889cb7c,4B:7D:2D:59:2B:FA,,-86,1760718513499
26082,1760718515810.0,0adab909-eb8f-4baf-9eed-7a4cc889cb7c,4B:86:09:FB:EB:A9,,-91,1760718513499
26083,1760718515856.0,0adab909-eb8f-4baf-9eed-7a4cc889cb7c,6E:53:72:17:05:C4,,-94,1760718513499
26084,1760718516118.0,0adab909-eb8f-4baf-9eed-7a4cc889cb7c,6B:19:58:13:DC:D9,,-79,1760718513499
26085,1760718516145.0,0adab909-eb8f-4baf-9eed-7a4cc889cb7c,6C:72:2D:BD:D2:59,,-83,1760718513499
26086,1760718516459.0,0adab909-eb8f-4baf-9eed-7a4cc889cb7c,53:4E:9E:7A:E4:EF,,-90,1760718513499
26087,1760718517060.0,0adab909-eb8f-4baf-9eed-7a4cc889cb7c,34:FD:94:45:45:ED,,-83,1760718513499
26088,1760718517093.0,0adab909-eb8f-4baf-9eed-7a4cc889cb7c,6E:3C:C4:AC:A3:F6,,-86,1760718513499
26089,1760718517425.0,0adab909-eb8f-4baf-9eed-7a4cc889cb7c,53:68:AA:1D:51:6B,,-83,1760718513499
26090,1760718517783.0,0adab909-eb8f-4baf-9eed-7a4cc889cb7c,73:87:56:67:82:2B,,-92,1760718513499
26091,1760718518073.0,0adab909-eb8f-4baf-9eed-7a4cc889cb7c,15:05:8C:79:90:87,,-82,1760718513499
26092,1760718519328.0,0adab909-eb8f-4baf-9eed-7a4cc889cb7c,05:3C:3E:A3:FE:AE,,-86,1760718513499
26093,1760718519961.0,0adab909-eb8f-4baf-9eed-7a4cc889cb7c,50:D8:97:0C:43:BC,,-82,1760718513499
26094,1760718520026.0,0adab909-eb8f-4baf-9eed-7a4cc889cb7c,74:95:EC:14:BC:83,Skoda BT 8696,-88,1760718513499
26095,1760718520607.0,0adab909-eb8f-4baf-9eed-7a4cc889cb7c,74:F7:F6:C8:3E:A2,T2s,-97,1760718513499
26096,1760718520684.0,0adab909-eb8f-4baf-9eed-7a4cc889cb7c,67:B9:8C:40:86:20,,-88,1760718513499
26097,1760718522258.0,0adab909-eb8f-4baf-9eed-7a4cc889cb7c,44:FB:F1:85:84:F9,,-92,1760718513499
26098,1760718523161.0,0adab909-eb8f-4baf-9eed-7a4cc889cb7c,57:91:3C:A0:B3:D0,,-91,1760718513499
26099,1760718523860.0,0adab909-eb8f-4baf-9eed-7a4cc889cb7c,44:CE:B0:9D:50:68,,-77,1760718513499
26100,1760718524114.0,0adab909-eb8f-4baf-9eed-7a4cc889cb7c,8C:79:F5:08:04:9F,[TV] Samsung 7 Series (55),-88,1760718513499
26101,1760718524144.0,0adab909-eb8f-4baf-9eed-7a4cc889cb7c,43:60:47:F9:85:5A,,-77,1760718513499
26102,1760718524569.0,0adab909-eb8f-4baf-9eed-7a4cc889cb7c,68:66:E1:28:66:F7,,-74,1760718513499
26103,1760718525428.0,0adab909-eb8f-4baf-9eed-7a4cc889cb7c,7F:44:FB:D1:F4:F3,,-87,1760718513499
26104,1760718526078.0,0adab909-eb8f-4baf-9eed-7a4cc889cb7c,04:69:F8:9E:DE:15,,-90,1760718513499
26105,1760718526102.0,0adab909-eb8f-4baf-9eed-7a4cc889cb7c,60:88:BB:70:22:CE,,-84,1760718513499
26106,1760718526128.0,0adab909-eb8f-4baf-9eed-7a4cc889cb7c,68:8D:2E:A3:3A:C3,,-86,1760718513499
26107,1760718526157.0,0adab909-eb8f-4baf-9eed-7a4cc889cb7c,70:04:98:34:85:98,CT320D-P70Z,-92,1760718513499
26108,1760718526400.0,0adab909-eb8f-4baf-9eed-7a4cc889cb7c,44:52:5E:94:B2:19,,-62,1760718513499
26109,1760718526428.0,0adab909-eb8f-4baf-9eed-7a4cc889cb7c,7A:1A:47:53:D0:DD,,-78,1760718513499
26110,1760718526455.0,0adab909-eb8f-4baf-9eed-7a4cc889cb7c,14:A0:64:32:72:F6,,-91,1760718513499
26111,1760718526484.0,0adab909-eb8f-4baf-9eed-7a4cc889cb7c,15:05:8C:79:90:87,,-82,1760718513499
26112,1760718526548.0,0adab909-eb8f-4baf-9eed-7a4cc889cb7c,F4:DD:06:45:0B:27,,-93,1760718513499
26113,1760718526572.0,0adab909-eb8f-4baf-9eed-7a4cc889cb7c,78:BD:BC:3F:EB:BA,,-89,1760718513499
26114,1760718526612.0,0adab909-eb8f-4baf-9eed-7a4cc889cb7c,00:C3:4E:39:33:B9,,-85,1760718513499
26115,1760718526643.0,0adab909-eb8f-4baf-9eed-7a4cc889cb7c,6B:19:58:13:DC:D9,,-73,1760718513499
26116,1760718526669.0,0adab909-eb8f-4baf-9eed-7a4cc889cb7c,07:F3:A1:79:4F:9F,,-85,1760718513499
26117,1760718526700.0,0adab909-eb8f-4baf-9eed-7a4cc889cb7c,70:76:E6:AB:A5:CF,,-68,1760718513499
26118,1760718526751.0,0adab909-eb8f-4baf-9eed-7a4cc889cb7c,44:CE:B0:9D:50:68,,-71,1760718513499
26119,1760718526780.0,0adab909-eb8f-4baf-9eed-7a4cc889cb7c,EB:C4:09:26:02:EA,,-92,1760718513499
26120,1760718526812.0,0adab909-eb8f-4baf-9eed-7a4cc889cb7c,43:60:47:F9:85:5A,,-79,1760718513499
26121,1760718526846.0,0adab909-eb8f-4baf-9eed-7a4cc889cb7c,29:0E:B1:F5:A4:BE,,-81,1760718513499
26122,1760718526883.0,0adab909-eb8f-4baf-9eed-7a4cc889cb7c,68:66:E1:28:66:F7,,-79,1760718513499
26123,1760718526913.0,0adab909-eb8f-4baf-9eed-7a4cc889cb7c,C8:C8:A4:FA:AA:04,,-87,1760718513499
26124,1760718527444.0,0adab909-eb8f-4baf-9eed-7a4cc889cb7c,F6:1E:66:0F:F9:BE,,-86,1760718513499
26125,1760718527483.0,0adab909-eb8f-4baf-9eed-7a4cc889cb7c,60:88:BB:70:22:CE,,-86,1760718513499
26126,1760718527512.0,0adab909-eb8f-4baf-9eed-7a4cc889cb7c,39:AB:3A:35:E0:9F,,-77,1760718513499
26127,1760718527543.0,0adab909-eb8f-4baf-9eed-7a4cc889cb7c,4E:07:31:1F:FD:91,,-76,1760718513499
26128,1760718527573.0,0adab909-eb8f-4baf-9eed-7a4cc889cb7c,47:50:31:6E:18:3A,,-66,1760718513499
26129,1760718527604.0,0adab909-eb8f-4baf-9eed-7a4cc889cb7c,C9:F6:43:DE:14:BA,,-83,1760718513499
26130,1760718527629.0,0adab909-eb8f-4baf-9eed-7a4cc889cb7c,7E:B6:64:F7:CF:BE,,-85,1760718513499
26131,1760718527651.0,0adab909-eb8f-4baf-9eed-7a4cc889cb7c,68:8D:2E:A3:3A:C3,,-80,1760718513499
26132,1760718527673.0,0adab909-eb8f-4baf-9eed-7a4cc889cb7c,70:04:98:34:85:98,CT320D-P70Z,-86,1760718513499
26133,1760718527703.0,0adab909-eb8f-4baf-9eed-7a4cc889cb7c,74:3B:77:F2:00:4F,,-71,1760718513499
26134,1760718527730.0,0adab909-eb8f-4baf-9eed-7a4cc889cb7c,6E:3C:C4:AC:A3:F6,,-79,1760718513499
26135,1760718527751.0,0adab909-eb8f-4baf-9eed-7a4cc889cb7c,F7:04:74:D3:09:7A,,-77,1760718513499
26136,1760718527794.0,0adab909-eb8f-4baf-9eed-7a4cc889cb7c,C4:6F:F4:C6:4E:12,,-78,1760718513499
26137,1760718527820.0,0adab909-eb8f-4baf-9eed-7a4cc889cb7c,D1:D1:C3:65:09:52,,-91,1760718513499
26138,1760718527843.0,0adab909-eb8f-4baf-9eed-7a4cc889cb7c,05:3C:3E:A3:FE:AE,,-76,1760718513499
26139,1760718527867.0,0adab909-eb8f-4baf-9eed-7a4cc889cb7c,4C:F2:42:0E:AF:2F,,-82,1760718513499
26140,1760718527886.0,0adab909-eb8f-4baf-9eed-7a4cc889cb7c,34:FD:94:45:45:ED,,-69,1760718513499
26141,1760718528419.0,0adab909-eb8f-4baf-9eed-7a4cc889cb7c,60:C6:4F:C2:50:00,RHX8-W2n#4FC660,-83,1760718513499
26142,1760718528436.0,0adab909-eb8f-4baf-9eed-7a4cc889cb7c,73:87:56:67:82:2B,,-88,1760718513499
26143,1760718528470.0,0adab909-eb8f-4baf-9eed-7a4cc889cb7c,F7:B2:0A:BC:2C:A8,,-68,1760718513499
26144,1760718528523.0,0adab909-eb8f-4baf-9eed-7a4cc889cb7c,6C:72:2D:BD:D2:59,,-80,1760718513499
26145,1760718529392.0,0adab909-eb8f-4baf-9eed-7a4cc889cb7c,63:7A:CA:8F:18:3D,JBL LIVE660NC-LE,-91,1760718513499
26146,1760719173409.0,0adab909-eb8f-4baf-9eed-7a4cc889cb7c,70:D6:BB:14:46:6F,,-89,1760719173034
26147,1760719182787.0,0adab909-eb8f-4baf-9eed-7a4cc889cb7c,CF:33:36:32:4C:1E,Govee_H6054_4C1E,-89,1760719173034
26148,1760719756426.0,0adab909-eb8f-4baf-9eed-7a4cc889cb7c,CF:33:36:32:4C:1E,Govee_H6054_4C1E,-80,1760719756369
26149,1760719769273.0,0adab909-eb8f-4baf-9eed-7a4cc889cb7c,10:10:49:B6:93:55,,-86,1760719756369
26150,1760719769381.0,0adab909-eb8f-4baf-9eed-7a4cc889cb7c,CF:33:36:32:4C:1E,Govee_H6054_4C1E,-77,1760719756369
26151,1760720338777.0,0adab909-eb8f-4baf-9eed-7a4cc889cb7c,CF:33:36:32:4C:1E,Govee_H6054_4C1E,-76,1760720337364
26152,1760720918379.0,0adab909-eb8f-4baf-9eed-7a4cc889cb7c,4C:96:8A:ED:6A:01,SPEN NA,-47,1760720918298
26153,1760720918702.0,0adab909-eb8f-4baf-9eed-7a4cc889cb7c,4C:96:8A:ED:6A:01,SPEN NA,-48,1760720918298
26154,1760720918717.0,0adab909-eb8f-4baf-9eed-7a4cc889cb7c,CF:33:36:32:4C:1E,Govee_H6054_4C1E,-73,1760720918298
26155,1760720919015.0,0adab909-eb8f-4baf-9eed-7a4cc889cb7c,4C:96:8A:ED:6A:01,SPEN NA,-51,1760720918298
26156,1760720919336.0,0adab909-eb8f-4baf-9eed-7a4cc889cb7c,4C:96:8A:ED:6A:01,SPEN NA,-47,1760720918298
26157,1760720919656.0,0adab909-eb8f-4baf-9eed-7a4cc889cb7c,4C:96:8A:ED:6A:01,SPEN NA,-48,1760720918298
26158,1760720919979.0,0adab909-eb8f-4baf-9eed-7a4cc889cb7c,4C:96:8A:ED:6A:01,SPEN NA,-51,1760720918298
26159,1760720920297.0,0adab909-eb8f-4baf-9eed-7a4cc889cb7c,4C:96:8A:ED:6A:01,SPEN NA,-48,1760720918298
26160,1760720920614.0,0adab909-eb8f-4baf-9eed-7a4cc889cb7c,4C:96:8A:ED:6A:01,SPEN NA,-48,1760720918298
26161,1760720920919.0,0adab909-eb8f-4baf-9eed-7a4cc889cb7c,4C:96:8A:ED:6A:01,SPEN NA,-51,1760720918298
26162,1760720921240.0,0adab909-eb8f-4baf-9eed-7a4cc889cb7c,4C:96:8A:ED:6A:01,SPEN NA,-47,1760720918298
26163,1760720921271.0,0adab909-eb8f-4baf-9eed-7a4cc889cb7c,6F:09:AE:30:DE:AD,,-86,1760720918298
26164,1760720922587.0,0adab909-eb8f-4baf-9eed-7a4cc889cb7c,4C:96:8A:ED:6A:01,SPEN NA,-48,1760720918298
26165,1760720922891.0,0adab909-eb8f-4baf-9eed-7a4cc889cb7c,4C:96:8A:ED:6A:01,SPEN NA,-51,1760720918298
26166,1760720923213.0,0adab909-eb8f-4baf-9eed-7a4cc889cb7c,4C:96:8A:ED:6A:01,SPEN NA,-48,1760720918298
26167,1760720923533.0,0adab909-eb8f-4baf-9eed-7a4cc889cb7c,4C:96:8A:ED:6A:01,SPEN NA,-47,1760720918298
26168,1760720924161.0,0adab909-eb8f-4baf-9eed-7a4cc889cb7c,12:0E:A0:B4:4F:AB,,-88,1760720918298
26169,1760720924176.0,0adab909-eb8f-4baf-9eed-7a4cc889cb7c,4C:96:8A:ED:6A:01,SPEN NA,-46,1760720918298
26170,1760720924499.0,0adab909-eb8f-4baf-9eed-7a4cc889cb7c,4C:96:8A:ED:6A:01,SPEN NA,-47,1760720918298
26171,1760720924813.0,0adab909-eb8f-4baf-9eed-7a4cc889cb7c,4C:96:8A:ED:6A:01,SPEN NA,-51,1760720918298
26172,1760720925101.0,0adab909-eb8f-4baf-9eed-7a4cc889cb7c,4C:96:8A:ED:6A:01,SPEN NA,-46,1760720918298
26173,1760720925433.0,0adab909-eb8f-4baf-9eed-7a4cc889cb7c,4C:96:8A:ED:6A:01,SPEN NA,-47,1760720918298
26174,1760720925744.0,0adab909-eb8f-4baf-9eed-7a4cc889cb7c,4C:96:8A:ED:6A:01,SPEN NA,-51,1760720918298
26175,1760720926061.0,0adab909-eb8f-4baf-9eed-7a4cc889cb7c,4C:96:8A:ED:6A:01,SPEN NA,-46,1760720918298
26176,1760720926375.0,0adab909-eb8f-4baf-9eed-7a4cc889cb7c,4C:96:8A:ED:6A:01,SPEN NA,-46,1760720918298
26177,1760720926695.0,0adab909-eb8f-4baf-9eed-7a4cc889cb7c,4C:96:8A:ED:6A:01,SPEN NA,-51,1760720918298
26178,1760720927650.0,0adab909-eb8f-4baf-9eed-7a4cc889cb7c,4C:96:8A:ED:6A:01,SPEN NA,-50,1760720918298
26179,1760720928050.0,0adab909-eb8f-4baf-9eed-7a4cc889cb7c,4C:96:8A:ED:6A:01,SPEN NA,-47,1760720918298
26180,1760720928990.0,0adab909-eb8f-4baf-9eed-7a4cc889cb7c,4C:96:8A:ED:6A:01,SPEN NA,-46,1760720918298
26181,1760720929633.0,0adab909-eb8f-4baf-9eed-7a4cc889cb7c,4C:96:8A:ED:6A:01,SPEN NA,-51,1760720918298
26182,1760720930253.0,0adab909-eb8f-4baf-9eed-7a4cc889cb7c,4C:96:8A:ED:6A:01,SPEN NA,-47,1760720918298
26183,1760720930583.0,0adab909-eb8f-4baf-9eed-7a4cc889cb7c,4C:96:8A:ED:6A:01,SPEN NA,-50,1760720918298
26184,1760720931175.0,0adab909-eb8f-4baf-9eed-7a4cc889cb7c,0A:13:13:B5:BB:B4,,-72,1760720918298
26185,1760720931194.0,0adab909-eb8f-4baf-9eed-7a4cc889cb7c,4C:96:8A:ED:6A:01,SPEN NA,-48,1760720918298
26186,1760720931303.0,0adab909-eb8f-4baf-9eed-7a4cc889cb7c,6F:09:AE:30:DE:AD,,-86,1760720918298
26187,1760720932215.0,0adab909-eb8f-4baf-9eed-7a4cc889cb7c,CF:33:36:32:4C:1E,Govee_H6054_4C1E,-73,1760720918298
26188,1760721592712.0,0adab909-eb8f-4baf-9eed-7a4cc889cb7c,CF:33:36:32:4C:1E,Govee_H6054_4C1E,-80,1760721591360
26189,1760722142041.0,0adab909-eb8f-4baf-9eed-7a4cc889cb7c,CF:33:36:32:4C:1E,Govee_H6054_4C1E,-82,1760722140992
26190,1760722146314.0,0adab909-eb8f-4baf-9eed-7a4cc889cb7c,48:74:12:2A:BC:27,OnePlus Nord2 5G,-100,1760722140992
26191,1760722791443.0,0adab909-eb8f-4baf-9eed-7a4cc889cb7c,CF:33:36:32:4C:1E,Govee_H6054_4C1E,-85,1760722791360
26192,1760722793712.0,0adab909-eb8f-4baf-9eed-7a4cc889cb7c,76:D6:10:C2:05:55,,-92,1760722791360
26193,1760723392465.0,0adab909-eb8f-4baf-9eed-7a4cc889cb7c,CF:33:36:32:4C:1E,Govee_H6054_4C1E,-82,1760723392068
26194,1760723992454.0,0adab909-eb8f-4baf-9eed-7a4cc889cb7c,CF:33:36:32:4C:1E,Govee_H6054_4C1E,-85,1760723992095
26195,1760724592227.0,0adab909-eb8f-4baf-9eed-7a4cc889cb7c,CF:33:36:32:4C:1E,Govee_H6054_4C1E,-82,1760724592108
26196,1760724592914.0,0adab909-eb8f-4baf-9eed-7a4cc889cb7c,60:74:F4:72:90:3F,ihoment_H601B_903F,-86,1760724592108
26197,1760724596413.0,0adab909-eb8f-4baf-9eed-7a4cc889cb7c,60:74:F4:73:99:E7,ihoment_H601B_99E7,-80,1760724592108
26198,1760725192177.0,0adab909-eb8f-4baf-9eed-7a4cc889cb7c,CF:33:36:32:4C:1E,Govee_H6054_4C1E,-79,1760725192058
26199,1760725192504.0,0adab909-eb8f-4baf-9eed-7a4cc889cb7c,60:9E:B1:29:78:DD,,-86,1760725192058
26200,1760725193438.0,0adab909-eb8f-4baf-9eed-7a4cc889cb7c,55:47:C2:B6:1E:71,,-92,1760725192058
26201,1760725793066.0,0adab909-eb8f-4baf-9eed-7a4cc889cb7c,CF:33:36:32:4C:1E,Govee_H6054_4C1E,-76,1760725792057
26202,1760725793391.0,0adab909-eb8f-4baf-9eed-7a4cc889cb7c,2C:04:9D:BA:1B:F7,,-90,1760725792057
26203,1760725794415.0,0adab909-eb8f-4baf-9eed-7a4cc889cb7c,7C:4D:50:4B:51:52,,-89,1760725792057
26204,1760725794690.0,0adab909-eb8f-4baf-9eed-7a4cc889cb7c,57:42:45:42:CA:F1,,-87,1760725792057
26205,1760725795075.0,0adab909-eb8f-4baf-9eed-7a4cc889cb7c,71:A0:3A:50:51:79,,-84,1760725792057
26206,1760725800131.0,0adab909-eb8f-4baf-9eed-7a4cc889cb7c,B0:91:22:89:7C:B1,OLPE-10,-94,1760725792057
26207,1760725803671.0,0adab909-eb8f-4baf-9eed-7a4cc889cb7c,4A:4E:53:51:69:9A,,-92,1760725792057
26208,1760725803689.0,0adab909-eb8f-4baf-9eed-7a4cc889cb7c,42:5F:0D:72:33:3D,,-91,1760725792057
26209,1760726392221.0,0adab909-eb8f-4baf-9eed-7a4cc889cb7c,CF:33:36:32:4C:1E,Govee_H6054_4C1E,-80,1760726392097
26210,1760726393152.0,0adab909-eb8f-4baf-9eed-7a4cc889cb7c,61:50:D1:08:38:D4,,-91,1760726392097
26211,1760726396976.0,0adab909-eb8f-4baf-9eed-7a4cc889cb7c,71:A0:3A:50:51:79,,-86,1760726392097
26212,1760726405019.0,0adab909-eb8f-4baf-9eed-7a4cc889cb7c,39:65:01:6F:FF:A3,,-74,1760726392097
26213,1760726405054.0,0adab909-eb8f-4baf-9eed-7a4cc889cb7c,CF:33:36:32:4C:1E,Govee_H6054_4C1E,-75,1760726392097
26214,1760726406070.0,0adab909-eb8f-4baf-9eed-7a4cc889cb7c,61:50:D1:08:38:D4,,-88,1760726392097
26215,1760726992176.0,0adab909-eb8f-4baf-9eed-7a4cc889cb7c,7F:83:94:10:69:B4,,-91,1760726992134
26216,1760726992255.0,0adab909-eb8f-4baf-9eed-7a4cc889cb7c,CF:33:36:32:4C:1E,Govee_H6054_4C1E,-79,1760726992134
26217,1760726993862.0,0adab909-eb8f-4baf-9eed-7a4cc889cb7c,62:F0:6D:ED:3C:78,,-88,1760726992134
26218,1760726994188.0,0adab909-eb8f-4baf-9eed-7a4cc889cb7c,45:CB:94:D9:4E:AA,,-90,1760726992134
26219,1760726996055.0,0adab909-eb8f-4baf-9eed-7a4cc889cb7c,52:21:73:67:18:12,,-91,1760726992134
26220,1760726997993.0,0adab909-eb8f-4baf-9eed-7a4cc889cb7c,5F:3B:63:A8:62:FA,,-86,1760726992134
26221,1760727592182.0,0adab909-eb8f-4baf-9eed-7a4cc889cb7c,CF:33:36:32:4C:1E,Govee_H6054_4C1E,-77,1760727592134
26222,1760727595419.0,0adab909-eb8f-4baf-9eed-7a4cc889cb7c,50:E6:76:E7:42:7F,,-84,1760727592134
26223,1760727596399.0,0adab909-eb8f-4baf-9eed-7a4cc889cb7c,23:CB:20:04:C4:3D,,-91,1760727592134
26224,1760728493150.0,0adab909-eb8f-4baf-9eed-7a4cc889cb7c,CF:33:36:32:4C:1E,Govee_H6054_4C1E,-73,1760728492110
26225,1760728495265.0,0adab909-eb8f-4baf-9eed-7a4cc889cb7c,68:87:CE:EC:B5:AD,,-81,1760728492110
26226,1760728506271.0,0adab909-eb8f-4baf-9eed-7a4cc889cb7c,CF:33:36:32:4C:1E,Govee_H6054_4C1E,-75,1760728492110
26227,1760728507059.0,0adab909-eb8f-4baf-9eed-7a4cc889cb7c,FA:E2:75:0A:1B:55,,-90,1760728492110
26228,1760728792960.0,0adab909-eb8f-4baf-9eed-7a4cc889cb7c,CF:33:36:32:4C:1E,Govee_H6054_4C1E,-80,1760728792858
26229,1760728793640.0,0adab909-eb8f-4baf-9eed-7a4cc889cb7c,73:F8:01:3B:E2:C1,,-86,1760728792858
26230,1760728798369.0,0adab909-eb8f-4baf-9eed-7a4cc889cb7c,60:F0:23:5B:B0:35,,-82,1760728792858
26231,1760728806120.0,0adab909-eb8f-4baf-9eed-7a4cc889cb7c,CF:33:36:32:4C:1E,Govee_H6054_4C1E,-74,1760728792858
26232,1760728808285.0,0adab909-eb8f-4baf-9eed-7a4cc889cb7c,73:F8:01:3B:E2:C1,,-78,1760728792858
26233,1760729392955.0,0adab909-eb8f-4baf-9eed-7a4cc889cb7c,CF:33:36:32:4C:1E,Govee_H6054_4C1E,-79,1760729392810
26234,1760729395194.0,0adab909-eb8f-4baf-9eed-7a4cc889cb7c,D0:B5:04:D2:7F:E8,JBL TUNE520BT-LE,-90,1760729392810
26235,1760729396189.0,0adab909-eb8f-4baf-9eed-7a4cc889cb7c,7F:89:2D:F5:83:74,,-82,1760729392810
26236,1760729397137.0,0adab909-eb8f-4baf-9eed-7a4cc889cb7c,54:57:DA:3C:3D:70,,-88,1760729392810
26237,1760729405768.0,0adab909-eb8f-4baf-9eed-7a4cc889cb7c,CF:33:36:32:4C:1E,Govee_H6054_4C1E,-74,1760729392810
26238,1760729992892.0,0adab909-eb8f-4baf-9eed-7a4cc889cb7c,60:74:F4:75:21:D5,ihoment_H601B_21D5,-78,1760729992845
26239,1760729992932.0,0adab909-eb8f-4baf-9eed-7a4cc889cb7c,60:74:F4:72:90:3F,ihoment_H601B_903F,-85,1760729992845
26240,1760729993588.0,0adab909-eb8f-4baf-9eed-7a4cc889cb7c,CF:33:36:32:4C:1E,Govee_H6054_4C1E,-78,1760729992845
26241,1760729993622.0,0adab909-eb8f-4baf-9eed-7a4cc889cb7c,60:74:F4:73:96:CD,ihoment_H601B_96CD,-75,1760729992845
26242,1760729993844.0,0adab909-eb8f-4baf-9eed-7a4cc889cb7c,60:74:F4:73:99:E7,ihoment_H601B_99E7,-86,1760729992845
26243,1760729994531.0,0adab909-eb8f-4baf-9eed-7a4cc889cb7c,4E:AD:C3:CE:9F:CB,,-90,1760729992845
26244,1760730005714.0,0adab909-eb8f-4baf-9eed-7a4cc889cb7c,60:74:F4:73:99:E7,ihoment_H601B_99E7,-82,1760729992845
26245,1760730005759.0,0adab909-eb8f-4baf-9eed-7a4cc889cb7c,60:74:F4:72:90:3F,ihoment_H601B_903F,-79,1760729992845
26246,1760730005789.0,0adab909-eb8f-4baf-9eed-7a4cc889cb7c,CF:33:36:32:4C:1E,Govee_H6054_4C1E,-75,1760729992845
26247,1760730007081.0,0adab909-eb8f-4baf-9eed-7a4cc889cb7c,60:74:F4:75:21:D5,ihoment_H601B_21D5,-72,1760729992845
26248,1760730007132.0,0adab909-eb8f-4baf-9eed-7a4cc889cb7c,60:74:F4:73:96:CD,ihoment_H601B_96CD,-77,1760729992845
26249,1760730594273.0,0adab909-eb8f-4baf-9eed-7a4cc889cb7c,CF:33:36:32:4C:1E,Govee_H6054_4C1E,-82,1760730592971
26250,1760730606760.0,0adab909-eb8f-4baf-9eed-7a4cc889cb7c,CF:33:36:32:4C:1E,Govee_H6054_4C1E,-73,1760730592971
26251,1760731367597.0,0adab909-eb8f-4baf-9eed-7a4cc889cb7c,73:29:21:07:53:05,,-84,1760731367510
26252,1760731367647.0,0adab909-eb8f-4baf-9eed-7a4cc889cb7c,CF:33:36:32:4C:1E,Govee_H6054_4C1E,-76,1760731367510
26253,1760731380467.0,0adab909-eb8f-4baf-9eed-7a4cc889cb7c,CF:33:36:32:4C:1E,Govee_H6054_4C1E,-77,1760731367510
26254,1760731380566.0,0adab909-eb8f-4baf-9eed-7a4cc889cb7c,73:29:21:07:53:05,,-76,1760731367510
26255,1760731793001.0,0adab909-eb8f-4baf-9eed-7a4cc889cb7c,CF:33:36:32:4C:1E,Govee_H6054_4C1E,-77,1760731792911
26256,1760731794607.0,0adab909-eb8f-4baf-9eed-7a4cc889cb7c,55:BF:3E:A9:9C:D8,,-80,1760731792911
26257,1760731800985.0,0adab909-eb8f-4baf-9eed-7a4cc889cb7c,6F:02:74:92:E7:7A,,-76,1760731792911
26258,1760731805828.0,0adab909-eb8f-4baf-9eed-7a4cc889cb7c,CF:33:36:32:4C:1E,Govee_H6054_4C1E,-72,1760731792911
26259,1760731806879.0,0adab909-eb8f-4baf-9eed-7a4cc889cb7c,19:48:FB:2A:F1:17,,-91,1760731792911
26260,1760731807033.0,0adab909-eb8f-4baf-9eed-7a4cc889cb7c,D1:7B:1A:DD:8A:E9,,-85,1760731792911
26261,1760731807072.0,0adab909-eb8f-4baf-9eed-7a4cc889cb7c,55:BF:3E:A9:9C:D8,,-86,1760731792911
26262,1760732392461.0,0adab909-eb8f-4baf-9eed-7a4cc889cb7c,CF:33:36:32:4C:1E,Govee_H6054_4C1E,-71,1760732392033
26263,1760732392703.0,0adab909-eb8f-4baf-9eed-7a4cc889cb7c,6F:02:74:92:E7:7A,,-70,1760732392033
26264,1760732395286.0,0adab909-eb8f-4baf-9eed-7a4cc889cb7c,46:BD:D7:0A:C4:39,,-90,1760732392033
26265,1760732405975.0,0adab909-eb8f-4baf-9eed-7a4cc889cb7c,CF:33:36:32:4C:1E,Govee_H6054_4C1E,-68,1760732392033
26266,1760732992468.0,0adab909-eb8f-4baf-9eed-7a4cc889cb7c,CF:33:36:32:4C:1E,Govee_H6054_4C1E,-73,1760732992032
26267,1760733003971.0,0adab909-eb8f-4baf-9eed-7a4cc889cb7c,40:CD:0E:DD:E8:E7,,-86,1760732992032
26268,1760733004259.0,0adab909-eb8f-4baf-9eed-7a4cc889cb7c,51:A8:60:99:C8:DF,,-75,1760732992032
26269,1760733005978.0,0adab909-eb8f-4baf-9eed-7a4cc889cb7c,CF:33:36:32:4C:1E,Govee_H6054_4C1E,-73,1760732992032
26270,1760733592065.0,0adab909-eb8f-4baf-9eed-7a4cc889cb7c,CF:33:36:32:4C:1E,Govee_H6054_4C1E,-77,1760733592021
26271,1760733594056.0,0adab909-eb8f-4baf-9eed-7a4cc889cb7c,2E:F9:3B:68:07:DE,,-92,1760733592021
26272,1760733595310.0,0adab909-eb8f-4baf-9eed-7a4cc889cb7c,51:A8:60:99:C8:DF,,-72,1760733592021
26273,1760733604983.0,0adab909-eb8f-4baf-9eed-7a4cc889cb7c,CF:33:36:32:4C:1E,Govee_H6054_4C1E,-70,1760733592021
26274,1760734143157.0,0adab909-eb8f-4baf-9eed-7a4cc889cb7c,CF:33:36:32:4C:1E,Govee_H6054_4C1E,-84,1760734143080
26275,1760734143200.0,0adab909-eb8f-4baf-9eed-7a4cc889cb7c,76:40:BC:F7:88:94,,127,1760734143080
26276,1760734146031.0,0adab909-eb8f-4baf-9eed-7a4cc889cb7c,70:ED:07:BA:A1:90,,-93,1760734143080
26277,1760734157055.0,0adab909-eb8f-4baf-9eed-7a4cc889cb7c,CF:33:36:32:4C:1E,Govee_H6054_4C1E,-78,1760734143080
26278,1760734760709.0,0adab909-eb8f-4baf-9eed-7a4cc889cb7c,CF:33:36:32:4C:1E,Govee_H6054_4C1E,-76,1760734760690
26279,1760734773910.0,0adab909-eb8f-4baf-9eed-7a4cc889cb7c,CF:33:36:32:4C:1E,Govee_H6054_4C1E,-77,1760734760690
26280,1760734774869.0,0adab909-eb8f-4baf-9eed-7a4cc889cb7c,76:40:BC:F7:88:94,,-76,1760734760690
26281,1760735392845.0,0adab909-eb8f-4baf-9eed-7a4cc889cb7c,CF:33:36:32:4C:1E,Govee_H6054_4C1E,-74,1760735391803
26282,1760735397379.0,0adab909-eb8f-4baf-9eed-7a4cc889cb7c,6C:B3:05:70:9E:E3,,-71,1760735391803
26283,1760735404727.0,0adab909-eb8f-4baf-9eed-7a4cc889cb7c,CF:33:36:32:4C:1E,Govee_H6054_4C1E,-75,1760735391803
26284,1760735992124.0,0adab909-eb8f-4baf-9eed-7a4cc889cb7c,CF:33:36:32:4C:1E,Govee_H6054_4C1E,-84,1760735992119
26285,1760736004004.0,0adab909-eb8f-4baf-9eed-7a4cc889cb7c,60:5C:F7:41:93:E0,,-85,1760735992119
26286,1760736004596.0,0adab909-eb8f-4baf-9eed-7a4cc889cb7c,6C:B3:05:70:9E:E3,,-76,1760735992119
26287,1760736005070.0,0adab909-eb8f-4baf-9eed-7a4cc889cb7c,CF:33:36:32:4C:1E,Govee_H6054_4C1E,-79,1760735992119
26288,1760736592219.0,0adab909-eb8f-4baf-9eed-7a4cc889cb7c,CF:33:36:32:4C:1E,Govee_H6054_4C1E,-71,1760736592214
26289,1760736592263.0,0adab909-eb8f-4baf-9eed-7a4cc889cb7c,6C:B3:05:70:9E:E3,,-68,1760736592214
26290,1760736605022.0,0adab909-eb8f-4baf-9eed-7a4cc889cb7c,CF:33:36:32:4C:1E,Govee_H6054_4C1E,-79,1760736592214
26291,1760736605136.0,0adab909-eb8f-4baf-9eed-7a4cc889cb7c,1C:F5:45:31:2E:99,,-81,1760736592214
26292,1760736606261.0,0adab909-eb8f-4baf-9eed-7a4cc889cb7c,6C:B3:05:70:9E:E3,,-73,1760736592214
26293,1760737192451.0,0adab909-eb8f-4baf-9eed-7a4cc889cb7c,CF:33:36:32:4C:1E,Govee_H6054_4C1E,-79,1760737192002
26294,1760737194667.0,0adab909-eb8f-4baf-9eed-7a4cc889cb7c,53:93:7F:28:10:AF,,-74,1760737192002
26295,1760737204931.0,0adab909-eb8f-4baf-9eed-7a4cc889cb7c,CF:33:36:32:4C:1E,Govee_H6054_4C1E,-79,1760737192002
26296,1760737736811.0,0adab909-eb8f-4baf-9eed-7a4cc889cb7c,CF:33:36:32:4C:1E,Govee_H6054_4C1E,-73,1760737736806
26297,1760737738992.0,0adab909-eb8f-4baf-9eed-7a4cc889cb7c,53:93:7F:28:10:AF,,-82,1760737736806
26298,1760737749589.0,0adab909-eb8f-4baf-9eed-7a4cc889cb7c,26:AF:9A:AD:F2:3B,,-85,1760737736806
26299,1760737750617.0,0adab909-eb8f-4baf-9eed-7a4cc889cb7c,CF:33:36:32:4C:1E,Govee_H6054_4C1E,-76,1760737736806
26300,1760737751576.0,0adab909-eb8f-4baf-9eed-7a4cc889cb7c,28:1B:FB:DA:89:78,,-93,1760737736806
26301,1760738347331.0,0adab909-eb8f-4baf-9eed-7a4cc889cb7c,CF:33:36:32:4C:1E,Govee_H6054_4C1E,-74,1760738344710
26302,1760738348642.0,0adab909-eb8f-4baf-9eed-7a4cc889cb7c,53:93:7F:28:10:AF,,-81,1760738344710
26303,1760738357611.0,0adab909-eb8f-4baf-9eed-7a4cc889cb7c,2D:0F:DD:F2:78:8D,,-76,1760738344710
26304,1760738358656.0,0adab909-eb8f-4baf-9eed-7a4cc889cb7c,53:93:7F:28:10:AF,,-75,1760738344710
26305,1760738358801.0,0adab909-eb8f-4baf-9eed-7a4cc889cb7c,CF:33:36:32:4C:1E,Govee_H6054_4C1E,-77,1760738344710
26306,1760738956732.0,0adab909-eb8f-4baf-9eed-7a4cc889cb7c,40:0F:E1:52:2F:B7,,-76,1760738954376
26307,1760738967348.0,0adab909-eb8f-4baf-9eed-7a4cc889cb7c,14:F5:4A:36:12:33,,-86,1760738954376
26308,1760739893346.0,0adab909-eb8f-4baf-9eed-7a4cc889cb7c,55:1E:63:5F:C9:37,,-89,1760739892289
26309,1760739895329.0,0adab909-eb8f-4baf-9eed-7a4cc889cb7c,40:7F:DE:B7:DB:B7,,-91,1760739892289
26310,1760739896510.0,0adab909-eb8f-4baf-9eed-7a4cc889cb7c,72:24:DF:57:3C:5C,,-89,1760739892289
26311,1760739905215.0,0adab909-eb8f-4baf-9eed-7a4cc889cb7c,0C:5C:5B:65:F9:76,,-76,1760739892289
26312,1760739907386.0,0adab909-eb8f-4baf-9eed-7a4cc889cb7c,55:1E:63:5F:C9:37,,-76,1760739892289
26313,1760740204263.0,0adab909-eb8f-4baf-9eed-7a4cc889cb7c,55:1E:63:5F:C9:37,,-72,1760740192329
26314,1760740205237.0,0adab909-eb8f-4baf-9eed-7a4cc889cb7c,1E:4B:F2:1A:78:4A,,-71,1760740192329
26315,1760740207497.0,0adab909-eb8f-4baf-9eed-7a4cc889cb7c,55:1E:63:5F:C9:37,,-79,1760740192329
26316,1760740805220.0,0adab909-eb8f-4baf-9eed-7a4cc889cb7c,0A:80:A4:3B:EE:6B,,-83,1760740792304
26317,1760741398906.0,0adab909-eb8f-4baf-9eed-7a4cc889cb7c,68:80:CC:6A:AB:14,,-91,1760741391763
26318,1760741404024.0,0adab909-eb8f-4baf-9eed-7a4cc889cb7c,4E:27:96:0D:68:FB,,-77,1760741391763
26319,1760741404708.0,0adab909-eb8f-4baf-9eed-7a4cc889cb7c,22:8C:EB:6B:F1:CF,,-81,1760741391763
26320,1760741994970.0,0adab909-eb8f-4baf-9eed-7a4cc889cb7c,43:E6:02:E7:03:10,,-78,1760741991723
26321,1760743195676.0,0adab909-eb8f-4baf-9eed-7a4cc889cb7c,43:13:C0:A7:A2:7C,,-76,1760743193506
26322,1760743729046.0,0adab909-eb8f-4baf-9eed-7a4cc889cb7c,43:13:C0:A7:A2:7C,,-78,1760743724091
26323,1760744330134.0,0adab909-eb8f-4baf-9eed-7a4cc889cb7c,4A:C6:4A:F7:32:D1,,-72,1760744324917
26324,1760744937475.0,0adab909-eb8f-4baf-9eed-7a4cc889cb7c,4A:C6:4A:F7:32:D1,,-79,1760744924865
26325,1760745721573.0,0adab909-eb8f-4baf-9eed-7a4cc889cb7c,63:13:7C:FB:75:8E,,-78,1760745718902
26326,1760746357267.0,0adab909-eb8f-4baf-9eed-7a4cc889cb7c,63:13:7C:FB:75:8E,,-73,1760746356846
26327,1760746969470.0,0adab909-eb8f-4baf-9eed-7a4cc889cb7c,63:13:7C:FB:75:8E,,-73,1760746956892
26328,1760747491163.0,0adab909-eb8f-4baf-9eed-7a4cc889cb7c,46:D2:46:0B:48:F1,,-74,1760747488847
26329,1760748093126.0,0adab909-eb8f-4baf-9eed-7a4cc889cb7c,46:D2:46:0B:48:F1,,-71,1760748089078
26330,1760748690599.0,0adab909-eb8f-4baf-9eed-7a4cc889cb7c,43:9E:80:B8:37:E6,,-74,1760748689095
26331,1760749333254.0,0adab909-eb8f-4baf-9eed-7a4cc889cb7c,43:9E:80:B8:37:E6,,127,1760749333221
26332,1760749335796.0,0adab909-eb8f-4baf-9eed-7a4cc889cb7c,65:41:F1:2E:FD:71,,-89,1760749333221
26333,1760749865773.0,0adab909-eb8f-4baf-9eed-7a4cc889cb7c,68:B9:EC:0A:55:BA,,-74,1760749861053
26334,1760749866445.0,0adab909-eb8f-4baf-9eed-7a4cc889cb7c,7F:2C:01:08:41:B9,,-91,1760749861053
26335,1760750462304.0,0adab909-eb8f-4baf-9eed-7a4cc889cb7c,68:B9:EC:0A:55:BA,,-71,1760750461060
26336,1760750462583.0,0adab909-eb8f-4baf-9eed-7a4cc889cb7c,7C:09:04:97:C0:01,,-92,1760750461060
26337,1760751066454.0,0adab909-eb8f-4baf-9eed-7a4cc889cb7c,49:D0:60:1E:D1:81,,-88,1760751061427
26338,1760751069992.0,0adab909-eb8f-4baf-9eed-7a4cc889cb7c,68:B9:EC:0A:55:BA,,-80,1760751061427
26339,1760751599988.0,0adab909-eb8f-4baf-9eed-7a4cc889cb7c,42:9B:5E:6E:EE:A9,,-73,1760751592797
26340,1760752198457.0,0adab909-eb8f-4baf-9eed-7a4cc889cb7c,42:9B:5E:6E:EE:A9,,-70,1760752192795
26341,1760752797389.0,0adab909-eb8f-4baf-9eed-7a4cc889cb7c,7E:4A:A7:47:36:A9,,-75,1760752792825
26342,1760753466981.0,0adab909-eb8f-4baf-9eed-7a4cc889cb7c,7E:4A:A7:47:36:A9,,-78,1760753458832
26343,1760754060551.0,0adab909-eb8f-4baf-9eed-7a4cc889cb7c,49:C2:82:2B:41:33,,-73,1760754058774
26344,1760754665967.0,0adab909-eb8f-4baf-9eed-7a4cc889cb7c,49:C2:82:2B:41:33,,-76,1760754658776
26345,1760755197385.0,0adab909-eb8f-4baf-9eed-7a4cc889cb7c,49:C2:82:2B:41:33,,-72,1760755191793
26346,1760755794140.0,0adab909-eb8f-4baf-9eed-7a4cc889cb7c,6D:A2:3B:45:10:0D,,-79,1760755791767
26347,1760756993021.0,0adab909-eb8f-4baf-9eed-7a4cc889cb7c,6D:C3:E5:8C:E4:72,,-78,1760756992453
26348,1760758130984.0,0adab909-eb8f-4baf-9eed-7a4cc889cb7c,65:33:11:73:1D:C2,,-74,1760758123758
26349,1760758729378.0,0adab909-eb8f-4baf-9eed-7a4cc889cb7c,71:82:09:58:59:6D,,-71,1760758722875
26350,1760759560272.0,0adab909-eb8f-4baf-9eed-7a4cc889cb7c,64:7A:7B:9F:A0:D4,,-75,1760759554727
26351,1760760155816.0,0adab909-eb8f-4baf-9eed-7a4cc889cb7c,64:7A:7B:9F:A0:D4,,-81,1760760154721
26352,1760760159993.0,0adab909-eb8f-4baf-9eed-7a4cc889cb7c,53:5C:FE:D4:0C:ED,,-94,1760760154721
26353,1760760761881.0,0adab909-eb8f-4baf-9eed-7a4cc889cb7c,53:5C:FE:D4:0C:ED,,-93,1760760754701
26354,1760760765390.0,0adab909-eb8f-4baf-9eed-7a4cc889cb7c,64:7A:7B:9F:A0:D4,,-78,1760760754701
26355,1760761384902.0,0adab909-eb8f-4baf-9eed-7a4cc889cb7c,78:6E:5F:65:3C:EA,,-75,1760761378715
26356,1760761979818.0,0adab909-eb8f-4baf-9eed-7a4cc889cb7c,76:6D:49:C6:3D:9F,,-83,1760761978748
26357,1760761986626.0,0adab909-eb8f-4baf-9eed-7a4cc889cb7c,65:B0:E6:F4:75:53,,-91,1760761978748
26358,1760762587823.0,0adab909-eb8f-4baf-9eed-7a4cc889cb7c,4A:F4:40:BF:7F:40,,-77,1760762578700
26359,1760763118235.0,0adab909-eb8f-4baf-9eed-7a4cc889cb7c,4A:F4:40:BF:7F:40,,-77,1760763110698
26360,1760763586294.0,0adab909-eb8f-4baf-9eed-7a4cc889cb7c,67:FF:65:5E:CB:CC,,-74,1760763580708
26361,1760763591923.0,0adab909-eb8f-4baf-9eed-7a4cc889cb7c,50:C3:A2:86:67:A4,Toni 68,-100,1760763580708
26362,1760764313739.0,0adab909-eb8f-4baf-9eed-7a4cc889cb7c,67:FF:65:5E:CB:CC,,-70,1760764310984
26363,1760765168906.0,0adab909-eb8f-4baf-9eed-7a4cc889cb7c,5F:7C:BB:5D:A7:B4,,-93,1760765161905
26364,1760765169154.0,0adab909-eb8f-4baf-9eed-7a4cc889cb7c,66:3B:42:9A:FD:E7,,-78,1760765161905
26365,1760765462119.0,0adab909-eb8f-4baf-9eed-7a4cc889cb7c,66:3B:42:9A:FD:E7,,-70,1760765460740
26366,1760766101085.0,0adab909-eb8f-4baf-9eed-7a4cc889cb7c,76:73:A9:1E:0B:4D,,-78,1760766093661
26367,1760766698998.0,0adab909-eb8f-4baf-9eed-7a4cc889cb7c,76:73:A9:1E:0B:4D,,-70,1760766694243
26368,1760767234757.0,0adab909-eb8f-4baf-9eed-7a4cc889cb7c,69:DE:C0:FA:33:B2,,-71,1760767225658
26369,1760767830258.0,0adab909-eb8f-4baf-9eed-7a4cc889cb7c,69:DE:C0:FA:33:B2,,-84,1760767825686
26370,1760768431872.0,0adab909-eb8f-4baf-9eed-7a4cc889cb7c,69:DE:C0:FA:33:B2,,-70,1760768425663
26371,1760769079142.0,0adab909-eb8f-4baf-9eed-7a4cc889cb7c,71:1D:EC:1E:AF:2E,,127,1760769078675
26372,1760769080357.0,0adab909-eb8f-4baf-9eed-7a4cc889cb7c,5C:A3:6D:AC:FB:7C,,-90,1760769078675
26373,1760769681057.0,0adab909-eb8f-4baf-9eed-7a4cc889cb7c,71:1D:EC:1E:AF:2E,,-74,1760769678687
26374,1760770282603.0,0adab909-eb8f-4baf-9eed-7a4cc889cb7c,64:43:F8:E6:73:91,,-87,1760770278650
26375,1760770282618.0,0adab909-eb8f-4baf-9eed-7a4cc889cb7c,09:82:E1:8B:E5:6C,,-91,1760770278650
26376,1760770283844.0,0adab909-eb8f-4baf-9eed-7a4cc889cb7c,7E:7F:20:DE:7A:FF,,-73,1760770278650
26377,1760770862100.0,0adab909-eb8f-4baf-9eed-7a4cc889cb7c,5C:44:47:28:E3:EA,,-74,1760770861669
26378,1760770868472.0,0adab909-eb8f-4baf-9eed-7a4cc889cb7c,6E:13:9C:78:AD:DC,,-91,1760770861669
26379,1760771525413.0,0adab909-eb8f-4baf-9eed-7a4cc889cb7c,62:F6:45:72:A4:93,,-88,1760771524991
26380,1760771526420.0,0adab909-eb8f-4baf-9eed-7a4cc889cb7c,7C:16:68:78:FC:1C,,-79,1760771524991
26381,1760771528441.0,0adab909-eb8f-4baf-9eed-7a4cc889cb7c,88:BD:78:6A:60:25,VW Radio,-96,1760771524991
26382,1760771530887.0,0adab909-eb8f-4baf-9eed-7a4cc889cb7c,76:E7:F4:F5:23:AA,,-84,1760771524991
26383,1760771533708.0,0adab909-eb8f-4baf-9eed-7a4cc889cb7c,18:15:7C:09:75:A4,,-90,1760771524991
26384,1760771535038.0,0adab909-eb8f-4baf-9eed-7a4cc889cb7c,66:96:D7:E4:B1:04,,-84,1760771524991
26385,1760771946382.0,0adab909-eb8f-4baf-9eed-7a4cc889cb7c,7C:16:68:78:FC:1C,,-79,1760771945647
26386,1760771952154.0,0adab909-eb8f-4baf-9eed-7a4cc889cb7c,62:F6:45:72:A4:93,,-84,1760771945647
26387,1760772657943.0,0adab909-eb8f-4baf-9eed-7a4cc889cb7c,41:FA:0B:62:26:AB,,-77,1760772656618
26388,1760772663182.0,0adab909-eb8f-4baf-9eed-7a4cc889cb7c,55:6E:5E:E9:75:39,,-83,1760772656618
26389,1760773154777.0,0adab909-eb8f-4baf-9eed-7a4cc889cb7c,F4:FE:FB:45:44:C9,,-81,1760773141775
26390,1760773155882.0,0adab909-eb8f-4baf-9eed-7a4cc889cb7c,C3:F5:7F:8B:F1:7D,Hue Lamp,-78,1760773141775
26391,1760773155902.0,0adab909-eb8f-4baf-9eed-7a4cc889cb7c,D0:41:4A:6C:B4:FB,,-71,1760773141775
26392,1760773752435.0,0adab909-eb8f-4baf-9eed-7a4cc889cb7c,C3:F5:7F:8B:F1:7D,Hue Lamp,-80,1760773749977
26393,1760773762966.0,0adab909-eb8f-4baf-9eed-7a4cc889cb7c,F4:FE:FB:45:44:C9,,-71,1760773749977
26394,1760773763005.0,0adab909-eb8f-4baf-9eed-7a4cc889cb7c,4F:64:B5:A8:79:9B,,-93,1760773749977
26395,1760773763885.0,0adab909-eb8f-4baf-9eed-7a4cc889cb7c,C3:F5:7F:8B:F1:7D,Hue Lamp,-78,1760773749977
26396,1760774313571.0,0adab909-eb8f-4baf-9eed-7a4cc889cb7c,48:78:5E:50:DD:51,Echo-ACK,-87,1760774313011
26397,1760774313770.0,0adab909-eb8f-4baf-9eed-7a4cc889cb7c,60:74:F4:73:99:E7,ihoment_H601B_99E7,-88,1760774313011
26398,1760774313807.0,0adab909-eb8f-4baf-9eed-7a4cc889cb7c,60:74:F4:72:90:3F,ihoment_H601B_903F,-77,1760774313011
26399,1760774319516.0,0adab909-eb8f-4baf-9eed-7a4cc889cb7c,4F:64:B5:A8:79:9B,,-88,1760774313011
26400,1760775351551.0,0adab909-eb8f-4baf-9eed-7a4cc889cb7c,4C:96:8A:ED:6A:01,SPEN NA,-50,1760775351484
26401,1760775351576.0,0adab909-eb8f-4baf-9eed-7a4cc889cb7c,60:74:F4:73:99:E7,ihoment_H601B_99E7,-89,1760775351484
26402,1760775351856.0,0adab909-eb8f-4baf-9eed-7a4cc889cb7c,4C:96:8A:ED:6A:01,SPEN NA,-57,1760775351484
26403,1760775351967.0,0adab909-eb8f-4baf-9eed-7a4cc889cb7c,4C:96:8A:ED:6A:01,SPEN NA,-53,1760775351484
26404,1760775352156.0,0adab909-eb8f-4baf-9eed-7a4cc889cb7c,60:74:F4:72:90:3F,ihoment_H601B_903F,-84,1760775351484
26405,1760775352177.0,0adab909-eb8f-4baf-9eed-7a4cc889cb7c,4C:96:8A:ED:6A:01,SPEN NA,-52,1760775351484
26406,1760775352498.0,0adab909-eb8f-4baf-9eed-7a4cc889cb7c,4C:96:8A:ED:6A:01,SPEN NA,-50,1760775351484
26407,1760775353773.0,0adab909-eb8f-4baf-9eed-7a4cc889cb7c,4C:96:8A:ED:6A:01,SPEN NA,-50,1760775351484
26408,1760775354482.0,0adab909-eb8f-4baf-9eed-7a4cc889cb7c,4C:96:8A:ED:6A:01,SPEN NA,-50,1760775351484
26409,1760775354828.0,0adab909-eb8f-4baf-9eed-7a4cc889cb7c,4C:96:8A:ED:6A:01,SPEN NA,-50,1760775351484
26410,1760775355446.0,0adab909-eb8f-4baf-9eed-7a4cc889cb7c,4C:96:8A:ED:6A:01,SPEN NA,-50,1760775351484
26411,1760775355759.0,0adab909-eb8f-4baf-9eed-7a4cc889cb7c,4C:96:8A:ED:6A:01,SPEN NA,-51,1760775351484
26412,1760775356061.0,0adab909-eb8f-4baf-9eed-7a4cc889cb7c,4C:96:8A:ED:6A:01,SPEN NA,-52,1760775351484
26413,1760775356447.0,0adab909-eb8f-4baf-9eed-7a4cc889cb7c,4C:96:8A:ED:6A:01,SPEN NA,-50,1760775351484
26414,1760775356692.0,0adab909-eb8f-4baf-9eed-7a4cc889cb7c,4C:96:8A:ED:6A:01,SPEN NA,-50,1760775351484
26415,1760775357019.0,0adab909-eb8f-4baf-9eed-7a4cc889cb7c,4C:96:8A:ED:6A:01,SPEN NA,-53,1760775351484
26416,1760775357332.0,0adab909-eb8f-4baf-9eed-7a4cc889cb7c,4C:96:8A:ED:6A:01,SPEN NA,-51,1760775351484
26417,1760775357651.0,0adab909-eb8f-4baf-9eed-7a4cc889cb7c,4C:96:8A:ED:6A:01,SPEN NA,-51,1760775351484
26418,1760775358280.0,0adab909-eb8f-4baf-9eed-7a4cc889cb7c,4C:96:8A:ED:6A:01,SPEN NA,-52,1760775351484
26419,1760775358912.0,0adab909-eb8f-4baf-9eed-7a4cc889cb7c,4C:96:8A:ED:6A:01,SPEN NA,-54,1760775351484
26420,1760775359864.0,0adab909-eb8f-4baf-9eed-7a4cc889cb7c,4C:96:8A:ED:6A:01,SPEN NA,-53,1760775351484
26421,1760775360177.0,0adab909-eb8f-4baf-9eed-7a4cc889cb7c,4C:96:8A:ED:6A:01,SPEN NA,-51,1760775351484
26422,1760775360583.0,0adab909-eb8f-4baf-9eed-7a4cc889cb7c,4C:96:8A:ED:6A:01,SPEN NA,-49,1760775351484
26423,1760775360797.0,0adab909-eb8f-4baf-9eed-7a4cc889cb7c,4C:96:8A:ED:6A:01,SPEN NA,-52,1760775351484
26424,1760775361197.0,0adab909-eb8f-4baf-9eed-7a4cc889cb7c,4C:96:8A:ED:6A:01,SPEN NA,-50,1760775351484
26425,1760775361832.0,0adab909-eb8f-4baf-9eed-7a4cc889cb7c,4C:96:8A:ED:6A:01,SPEN NA,-53,1760775351484
26426,1760775362172.0,0adab909-eb8f-4baf-9eed-7a4cc889cb7c,4C:96:8A:ED:6A:01,SPEN NA,-52,1760775351484
26427,1760775362478.0,0adab909-eb8f-4baf-9eed-7a4cc889cb7c,4C:96:8A:ED:6A:01,SPEN NA,-51,1760775351484
26428,1760775362804.0,0adab909-eb8f-4baf-9eed-7a4cc889cb7c,4C:96:8A:ED:6A:01,SPEN NA,-52,1760775351484
26429,1760775363432.0,0adab909-eb8f-4baf-9eed-7a4cc889cb7c,4C:96:8A:ED:6A:01,SPEN NA,-50,1760775351484
26430,1760775363747.0,0adab909-eb8f-4baf-9eed-7a4cc889cb7c,4C:96:8A:ED:6A:01,SPEN NA,-54,1760775351484
26431,1760775364050.0,0adab909-eb8f-4baf-9eed-7a4cc889cb7c,4C:96:8A:ED:6A:01,SPEN NA,-52,1760775351484
26432,1760775364346.0,0adab909-eb8f-4baf-9eed-7a4cc889cb7c,4C:96:8A:ED:6A:01,SPEN NA,-51,1760775351484
26433,1760775364472.0,0adab909-eb8f-4baf-9eed-7a4cc889cb7c,60:74:F4:73:99:E7,ihoment_H601B_99E7,-83,1760775351484
26434,1760775365467.0,0adab909-eb8f-4baf-9eed-7a4cc889cb7c,60:74:F4:72:90:3F,ihoment_H601B_903F,-85,1760775351484
26435,1760775651578.0,0adab909-eb8f-4baf-9eed-7a4cc889cb7c,60:74:F4:72:90:3F,ihoment_H601B_903F,-78,1760775651491
26436,1760775652841.0,0adab909-eb8f-4baf-9eed-7a4cc889cb7c,60:74:F4:73:99:E7,ihoment_H601B_99E7,-81,1760775651491
26437,1760775654459.0,0adab909-eb8f-4baf-9eed-7a4cc889cb7c,5D:75:81:27:AE:A9,,-93,1760775651491
26438,1760775664398.0,0adab909-eb8f-4baf-9eed-7a4cc889cb7c,29:A3:F5:BC:43:EF,,-92,1760775651491
26439,1760775664474.0,0adab909-eb8f-4baf-9eed-7a4cc889cb7c,60:74:F4:72:90:3F,ihoment_H601B_903F,-77,1760775651491
26440,1760775666587.0,0adab909-eb8f-4baf-9eed-7a4cc889cb7c,60:74:F4:73:99:E7,ihoment_H601B_99E7,-85,1760775651491
26441,1760776251957.0,0adab909-eb8f-4baf-9eed-7a4cc889cb7c,4E:EA:CF:B7:03:81,,127,1760776251951
26442,1760776252332.0,0adab909-eb8f-4baf-9eed-7a4cc889cb7c,60:74:F4:73:99:E7,ihoment_H601B_99E7,-94,1760776251951
26443,1760776253288.0,0adab909-eb8f-4baf-9eed-7a4cc889cb7c,60:74:F4:72:90:3F,ihoment_H601B_903F,-89,1760776251951
26444,1760776264947.0,0adab909-eb8f-4baf-9eed-7a4cc889cb7c,60:74:F4:72:90:3F,ihoment_H601B_903F,-83,1760776251951
26445,1760776267711.0,0adab909-eb8f-4baf-9eed-7a4cc889cb7c,60:74:F4:73:99:E7,ihoment_H601B_99E7,-85,1760776251951
26446,1760776852631.0,0adab909-eb8f-4baf-9eed-7a4cc889cb7c,60:74:F4:72:90:3F,ihoment_H601B_903F,-80,1760776851876
26447,1760776852908.0,0adab909-eb8f-4baf-9eed-7a4cc889cb7c,60:74:F4:73:99:E7,ihoment_H601B_99E7,-84,1760776851876
26448,1760776855244.0,0adab909-eb8f-4baf-9eed-7a4cc889cb7c,70:25:EB:E3:E1:82,,-87,1760776851876
26449,1760776862548.0,0adab909-eb8f-4baf-9eed-7a4cc889cb7c,5F:D0:F9:92:09:FD,,-89,1760776851876
26450,1760776862883.0,0adab909-eb8f-4baf-9eed-7a4cc889cb7c,62:8B:55:30:A4:D2,,-88,1760776851876
26451,1760776867075.0,0adab909-eb8f-4baf-9eed-7a4cc889cb7c,60:74:F4:73:99:E7,ihoment_H601B_99E7,-82,1760776851876
26452,1760777453203.0,0adab909-eb8f-4baf-9eed-7a4cc889cb7c,70:25:EB:E3:E1:82,,-73,1760777451859
26453,1760777462554.0,0adab909-eb8f-4baf-9eed-7a4cc889cb7c,00:60:37:EE:53:DD,,-89,1760777451859
26454,1760778055577.0,0adab909-eb8f-4baf-9eed-7a4cc889cb7c,5A:5E:FB:13:A0:EC,,-88,1760778052670
26455,1760778058117.0,0adab909-eb8f-4baf-9eed-7a4cc889cb7c,74:83:6D:71:DB:15,,-85,1760778052670
26456,1760779564605.0,0adab909-eb8f-4baf-9eed-7a4cc889cb7c,54:DD:90:5E:10:7D,,-93,1760779561594
26457,1760779902733.0,0adab909-eb8f-4baf-9eed-7a4cc889cb7c,68:E5:A2:EA:17:D8,,-87,1760779902615
26458,1760779904582.0,0adab909-eb8f-4baf-9eed-7a4cc889cb7c,43:A9:C0:D0:77:14,,-87,1760779902615
26459,1760782750017.0,0adab909-eb8f-4baf-9eed-7a4cc889cb7c,4C:96:8A:ED:6A:01,SPEN NA,-45,1760782749997
26460,1760782750447.0,0adab909-eb8f-4baf-9eed-7a4cc889cb7c,4C:96:8A:ED:6A:01,SPEN NA,-46,1760782749997
26461,1760782750763.0,0adab909-eb8f-4baf-9eed-7a4cc889cb7c,4C:96:8A:ED:6A:01,SPEN NA,-50,1760782749997
26462,1760782751070.0,0adab909-eb8f-4baf-9eed-7a4cc889cb7c,4C:96:8A:ED:6A:01,SPEN NA,-45,1760782749997
26463,1760782751405.0,0adab909-eb8f-4baf-9eed-7a4cc889cb7c,4C:96:8A:ED:6A:01,SPEN NA,-45,1760782749997
26464,1760782751711.0,0adab909-eb8f-4baf-9eed-7a4cc889cb7c,4C:96:8A:ED:6A:01,SPEN NA,-49,1760782749997
26465,1760782752415.0,0adab909-eb8f-4baf-9eed-7a4cc889cb7c,4C:96:8A:ED:6A:01,SPEN NA,-45,1760782749997
26466,1760782752992.0,0adab909-eb8f-4baf-9eed-7a4cc889cb7c,4C:96:8A:ED:6A:01,SPEN NA,-44,1760782749997
26467,1760782753615.0,0adab909-eb8f-4baf-9eed-7a4cc889cb7c,4C:96:8A:ED:6A:01,SPEN NA,-48,1760782749997
26468,1760782753919.0,0adab909-eb8f-4baf-9eed-7a4cc889cb7c,4C:96:8A:ED:6A:01,SPEN NA,-45,1760782749997
26469,1760782754562.0,0adab909-eb8f-4baf-9eed-7a4cc889cb7c,4C:96:8A:ED:6A:01,SPEN NA,-50,1760782749997
26470,1760782755583.0,0adab909-eb8f-4baf-9eed-7a4cc889cb7c,4C:96:8A:ED:6A:01,SPEN NA,-50,1760782749997
26471,1760782756869.0,0adab909-eb8f-4baf-9eed-7a4cc889cb7c,4C:96:8A:ED:6A:01,SPEN NA,-45,1760782749997
26472,1760782757813.0,0adab909-eb8f-4baf-9eed-7a4cc889cb7c,4C:96:8A:ED:6A:01,SPEN NA,-46,1760782749997
26473,1760782758431.0,0adab909-eb8f-4baf-9eed-7a4cc889cb7c,4C:96:8A:ED:6A:01,SPEN NA,-50,1760782749997
26474,1760782759387.0,0adab909-eb8f-4baf-9eed-7a4cc889cb7c,4C:96:8A:ED:6A:01,SPEN NA,-50,1760782749997
26475,1760782759696.0,0adab909-eb8f-4baf-9eed-7a4cc889cb7c,4C:96:8A:ED:6A:01,SPEN NA,-46,1760782749997
26476,1760782760019.0,0adab909-eb8f-4baf-9eed-7a4cc889cb7c,4C:96:8A:ED:6A:01,SPEN NA,-45,1760782749997
26477,1760782760336.0,0adab909-eb8f-4baf-9eed-7a4cc889cb7c,4C:96:8A:ED:6A:01,SPEN NA,-49,1760782749997
26478,1760782760960.0,0adab909-eb8f-4baf-9eed-7a4cc889cb7c,4C:96:8A:ED:6A:01,SPEN NA,-45,1760782749997
26479,1760782761578.0,0adab909-eb8f-4baf-9eed-7a4cc889cb7c,4C:96:8A:ED:6A:01,SPEN NA,-45,1760782749997
26480,1760782762318.0,0adab909-eb8f-4baf-9eed-7a4cc889cb7c,4C:96:8A:ED:6A:01,SPEN NA,-50,1760782749997
26481,1760782762514.0,0adab909-eb8f-4baf-9eed-7a4cc889cb7c,4C:96:8A:ED:6A:01,SPEN NA,-45,1760782749997
26482,1760783518743.0,0adab909-eb8f-4baf-9eed-7a4cc889cb7c,42:48:C4:17:8E:F0,,-90,1760783511556
26483,1760787120513.0,0adab909-eb8f-4baf-9eed-7a4cc889cb7c,63:0A:8A:8A:5F:69,,-89,1760787111442
26484,1760788912003.0,0adab909-eb8f-4baf-9eed-7a4cc889cb7c,4C:96:8A:ED:6A:01,SPEN NA,-68,1760788911987
26485,1760788912117.0,0adab909-eb8f-4baf-9eed-7a4cc889cb7c,4C:96:8A:ED:6A:01,SPEN NA,-68,1760788911987
26486,1760788912739.0,0adab909-eb8f-4baf-9eed-7a4cc889cb7c,4C:96:8A:ED:6A:01,SPEN NA,-62,1760788911987
26487,1760788913374.0,0adab909-eb8f-4baf-9eed-7a4cc889cb7c,4C:96:8A:ED:6A:01,SPEN NA,-58,1760788911987
26488,1760788913701.0,0adab909-eb8f-4baf-9eed-7a4cc889cb7c,4C:96:8A:ED:6A:01,SPEN NA,-61,1760788911987
26489,1760788914007.0,0adab909-eb8f-4baf-9eed-7a4cc889cb7c,4C:96:8A:ED:6A:01,SPEN NA,-68,1760788911987
26490,1760788914333.0,0adab909-eb8f-4baf-9eed-7a4cc889cb7c,4C:96:8A:ED:6A:01,SPEN NA,-64,1760788911987
26491,1760788914648.0,0adab909-eb8f-4baf-9eed-7a4cc889cb7c,4C:96:8A:ED:6A:01,SPEN NA,-62,1760788911987
26492,1760788914968.0,0adab909-eb8f-4baf-9eed-7a4cc889cb7c,4C:96:8A:ED:6A:01,SPEN NA,-68,1760788911987
26493,1760788915274.0,0adab909-eb8f-4baf-9eed-7a4cc889cb7c,4C:96:8A:ED:6A:01,SPEN NA,-64,1760788911987
26494,1760788915597.0,0adab909-eb8f-4baf-9eed-7a4cc889cb7c,4C:96:8A:ED:6A:01,SPEN NA,-62,1760788911987
26495,1760788915903.0,0adab909-eb8f-4baf-9eed-7a4cc889cb7c,4C:96:8A:ED:6A:01,SPEN NA,-68,1760788911987
26496,1760788916228.0,0adab909-eb8f-4baf-9eed-7a4cc889cb7c,4C:96:8A:ED:6A:01,SPEN NA,-64,1760788911987
26497,1760788916537.0,0adab909-eb8f-4baf-9eed-7a4cc889cb7c,4C:96:8A:ED:6A:01,SPEN NA,-63,1760788911987
26498,1760788916845.0,0adab909-eb8f-4baf-9eed-7a4cc889cb7c,4C:96:8A:ED:6A:01,SPEN NA,-68,1760788911987
26499,1760788917161.0,0adab909-eb8f-4baf-9eed-7a4cc889cb7c,4C:96:8A:ED:6A:01,SPEN NA,-64,1760788911987
26500,1760788917596.0,0adab909-eb8f-4baf-9eed-7a4cc889cb7c,4C:96:8A:ED:6A:01,SPEN NA,-62,1760788911987
26501,1760788917902.0,0adab909-eb8f-4baf-9eed-7a4cc889cb7c,4C:96:8A:ED:6A:01,SPEN NA,-68,1760788911987
26502,1760788918229.0,0adab909-eb8f-4baf-9eed-7a4cc889cb7c,4C:96:8A:ED:6A:01,SPEN NA,-63,1760788911987
26503,1760788918545.0,0adab909-eb8f-4baf-9eed-7a4cc889cb7c,4C:96:8A:ED:6A:01,SPEN NA,-62,1760788911987
26504,1760788919166.0,0adab909-eb8f-4baf-9eed-7a4cc889cb7c,4C:96:8A:ED:6A:01,SPEN NA,-64,1760788911987
26505,1760788919480.0,0adab909-eb8f-4baf-9eed-7a4cc889cb7c,4C:96:8A:ED:6A:01,SPEN NA,-61,1760788911987
26506,1760788919793.0,0adab909-eb8f-4baf-9eed-7a4cc889cb7c,4C:96:8A:ED:6A:01,SPEN NA,-68,1760788911987
26507,1760788920103.0,0adab909-eb8f-4baf-9eed-7a4cc889cb7c,4C:96:8A:ED:6A:01,SPEN NA,-64,1760788911987
26508,1760788920422.0,0adab909-eb8f-4baf-9eed-7a4cc889cb7c,4C:96:8A:ED:6A:01,SPEN NA,-61,1760788911987
26509,1760788920728.0,0adab909-eb8f-4baf-9eed-7a4cc889cb7c,4C:96:8A:ED:6A:01,SPEN NA,-68,1760788911987
26510,1760788921051.0,0adab909-eb8f-4baf-9eed-7a4cc889cb7c,4C:96:8A:ED:6A:01,SPEN NA,-64,1760788911987
26511,1760788921372.0,0adab909-eb8f-4baf-9eed-7a4cc889cb7c,4C:96:8A:ED:6A:01,SPEN NA,-62,1760788911987
26512,1760788921691.0,0adab909-eb8f-4baf-9eed-7a4cc889cb7c,4C:96:8A:ED:6A:01,SPEN NA,-68,1760788911987
26513,1760788922324.0,0adab909-eb8f-4baf-9eed-7a4cc889cb7c,4C:96:8A:ED:6A:01,SPEN NA,-62,1760788911987
26514,1760788922948.0,0adab909-eb8f-4baf-9eed-7a4cc889cb7c,4C:96:8A:ED:6A:01,SPEN NA,-63,1760788911987
26515,1760788923039.0,0adab909-eb8f-4baf-9eed-7a4cc889cb7c,4C:96:8A:ED:6A:01,SPEN NA,-64,1760788911987
26516,1760788923249.0,0adab909-eb8f-4baf-9eed-7a4cc889cb7c,4C:96:8A:ED:6A:01,SPEN NA,127,1760788911987
26517,1760788923381.0,0adab909-eb8f-4baf-9eed-7a4cc889cb7c,4C:96:8A:ED:6A:01,SPEN NA,-62,1760788911987
26518,1760788923557.0,0adab909-eb8f-4baf-9eed-7a4cc889cb7c,4C:96:8A:ED:6A:01,SPEN NA,-68,1760788911987
26519,1760788923986.0,0adab909-eb8f-4baf-9eed-7a4cc889cb7c,4C:96:8A:ED:6A:01,SPEN NA,-64,1760788911987
26520,1760788924206.0,0adab909-eb8f-4baf-9eed-7a4cc889cb7c,4C:96:8A:ED:6A:01,SPEN NA,-62,1760788911987
26521,1760788924520.0,0adab909-eb8f-4baf-9eed-7a4cc889cb7c,4C:96:8A:ED:6A:01,SPEN NA,-68,1760788911987
26522,1760788924613.0,0adab909-eb8f-4baf-9eed-7a4cc889cb7c,4C:96:8A:ED:6A:01,SPEN NA,-68,1760788911987
26523,1760788925043.0,0adab909-eb8f-4baf-9eed-7a4cc889cb7c,4C:96:8A:ED:6A:01,SPEN NA,-64,1760788911987
26524,1760789516550.0,0adab909-eb8f-4baf-9eed-7a4cc889cb7c,5A:5C:7F:DB:BB:7B,,-92,1760789511983
26525,1760789518764.0,0adab909-eb8f-4baf-9eed-7a4cc889cb7c,59:8F:62:B9:DC:93,,-83,1760789511983
26526,1760791322006.0,0adab909-eb8f-4baf-9eed-7a4cc889cb7c,6B:1E:C7:90:5B:62,,-90,1760791311549
26527,1760792512635.0,0adab909-eb8f-4baf-9eed-7a4cc889cb7c,6B:74:38:04:AA:89,,-92,1760792511155
26528,1760792513258.0,0adab909-eb8f-4baf-9eed-7a4cc889cb7c,55:1C:9F:7D:DF:B2,,-88,1760792511155
26529,1760792513965.0,0adab909-eb8f-4baf-9eed-7a4cc889cb7c,60:12:EA:E5:B4:80,,-92,1760792511155
26530,1760792515431.0,0adab909-eb8f-4baf-9eed-7a4cc889cb7c,4B:D6:09:00:69:B5,,-90,1760792511155
26531,1760793114648.0,0adab909-eb8f-4baf-9eed-7a4cc889cb7c,00:16:73:25:53:69,,-100,1760793111148
26532,1760793725173.0,0adab909-eb8f-4baf-9eed-7a4cc889cb7c,3F:11:97:4F:02:03,,-84,1760793711151
26533,1760794317685.0,0adab909-eb8f-4baf-9eed-7a4cc889cb7c,56:0E:49:81:B2:22,,-90,1760794311757
26534,1760794924667.0,0adab909-eb8f-4baf-9eed-7a4cc889cb7c,19:2F:D9:F0:91:DE,,-80,1760794911741
26535,1760797361770.0,0adab909-eb8f-4baf-9eed-7a4cc889cb7c,2D:EF:28:3D:03:49,,-86,1760797348824
26536,1760798584808.0,0adab909-eb8f-4baf-9eed-7a4cc889cb7c,07:85:43:BC:45:0F,,-80,1760798571163
26537,1760799172584.0,0adab909-eb8f-4baf-9eed-7a4cc889cb7c,4F:9B:38:44:98:5F,,-90,1760799171147
26538,1760799772133.0,0adab909-eb8f-4baf-9eed-7a4cc889cb7c,40:F3:B0:6A:D3:C9,,-92,1760799770743
26539,1760799775655.0,0adab909-eb8f-4baf-9eed-7a4cc889cb7c,21:CB:BF:C4:34:C3,,-88,1760799770743
26540,1760800971496.0,0adab909-eb8f-4baf-9eed-7a4cc889cb7c,18:AA:7B:EF:82:AC,,-88,1760800971117
26541,1760800972144.0,0adab909-eb8f-4baf-9eed-7a4cc889cb7c,26:E7:E7:6D:FA:54,,-82,1760800971117
26542,1760800974700.0,0adab909-eb8f-4baf-9eed-7a4cc889cb7c,50:41:EA:62:59:7D,,-90,1760800971117
26543,1760801558366.0,0adab909-eb8f-4baf-9eed-7a4cc889cb7c,65:11:DA:0F:A8:9D,,-88,1760801548446
26544,1760801996583.0,0adab909-eb8f-4baf-9eed-7a4cc889cb7c,4D:41:1F:D5:A9:E8,,-89,1760801995180
26545,1760801998144.0,0adab909-eb8f-4baf-9eed-7a4cc889cb7c,65:11:DA:0F:A8:9D,,-79,1760801995180
26546,1760801998447.0,0adab909-eb8f-4baf-9eed-7a4cc889cb7c,76:73:7F:09:98:32,,-89,1760801995180
26547,1760802002034.0,0adab909-eb8f-4baf-9eed-7a4cc889cb7c,FF:10:10:AE:A7:64,Sunset lights,-81,1760801995180
26548,1760802549260.0,0adab909-eb8f-4baf-9eed-7a4cc889cb7c,5E:39:62:C6:0E:3A,,-77,1760802549136
26549,1760802557271.0,0adab909-eb8f-4baf-9eed-7a4cc889cb7c,21:2B:36:1F:6E:0E,,-93,1760802549136
26550,1760802562207.0,0adab909-eb8f-4baf-9eed-7a4cc889cb7c,5E:39:62:C6:0E:3A,,-85,1760802549136
26551,1760802563248.0,0adab909-eb8f-4baf-9eed-7a4cc889cb7c,30:45:CF:85:C8:C7,,-91,1760802549136
26552,1760802563277.0,0adab909-eb8f-4baf-9eed-7a4cc889cb7c,21:2B:36:1F:6E:0E,,-89,1760802549136
26553,1760803299117.0,0adab909-eb8f-4baf-9eed-7a4cc889cb7c,6D:AE:49:9B:43:22,,-89,1760803299075
26554,1760803300778.0,0adab909-eb8f-4baf-9eed-7a4cc889cb7c,25:46:EA:19:79:3B,,-92,1760803299075
26555,1760803301081.0,0adab909-eb8f-4baf-9eed-7a4cc889cb7c,25:E6:7F:0E:49:81,,-92,1760803299075
26556,1760803304949.0,0adab909-eb8f-4baf-9eed-7a4cc889cb7c,41:EB:E2:AA:94:43,,-93,1760803299075
26557,1760803312099.0,0adab909-eb8f-4baf-9eed-7a4cc889cb7c,25:46:EA:19:79:3B,,-93,1760803299075
26558,1760803312133.0,0adab909-eb8f-4baf-9eed-7a4cc889cb7c,25:E6:7F:0E:49:81,,-92,1760803299075
26559,1760803313173.0,0adab909-eb8f-4baf-9eed-7a4cc889cb7c,6D:AE:49:9B:43:22,,-85,1760803299075
26560,1760803972198.0,0adab909-eb8f-4baf-9eed-7a4cc889cb7c,61:91:76:DD:2C:BC,,-85,1760803971459
26561,1760803974059.0,0adab909-eb8f-4baf-9eed-7a4cc889cb7c,6D:AE:49:9B:43:22,,-83,1760803971459
26562,1760803986310.0,0adab909-eb8f-4baf-9eed-7a4cc889cb7c,61:91:76:DD:2C:BC,,-86,1760803971459
26563,1760804571482.0,0adab909-eb8f-4baf-9eed-7a4cc889cb7c,61:91:76:DD:2C:BC,,-88,1760804571439
26564,1760804575961.0,0adab909-eb8f-4baf-9eed-7a4cc889cb7c,52:CB:18:E7:4A:40,,-89,1760804571439
26565,1760804576371.0,0adab909-eb8f-4baf-9eed-7a4cc889cb7c,7D:33:15:45:EA:CF,,-90,1760804571439
26566,1760804576398.0,0adab909-eb8f-4baf-9eed-7a4cc889cb7c,59:55:EA:1B:AB:30,,-92,1760804571439
26567,1760804577632.0,0adab909-eb8f-4baf-9eed-7a4cc889cb7c,6D:AE:49:9B:43:22,,-87,1760804571439
26568,1760804577656.0,0adab909-eb8f-4baf-9eed-7a4cc889cb7c,7F:F1:F4:87:79:FC,,-93,1760804571439
26569,1760804584442.0,0adab909-eb8f-4baf-9eed-7a4cc889cb7c,61:91:76:DD:2C:BC,,-79,1760804571439
26570,1760805172026.0,0adab909-eb8f-4baf-9eed-7a4cc889cb7c,60:74:F4:75:21:D5,ihoment_H601B_21D5,-86,1760805171855
26571,1760805172360.0,0adab909-eb8f-4baf-9eed-7a4cc889cb7c,40:1B:98:EB:E7:29,,-94,1760805171855
26572,1760805174216.0,0adab909-eb8f-4baf-9eed-7a4cc889cb7c,60:74:F4:73:96:CD,ihoment_H601B_96CD,-76,1760805171855
26573,1760805176084.0,0adab909-eb8f-4baf-9eed-7a4cc889cb7c,67:D0:A5:A5:04:AC,,-93,1760805171855
26574,1760805176381.0,0adab909-eb8f-4baf-9eed-7a4cc889cb7c,4C:9B:FE:C8:14:1B,,-88,1760805171855
26575,1760805184871.0,0adab909-eb8f-4baf-9eed-7a4cc889cb7c,60:74:F4:73:96:CD,ihoment_H601B_96CD,-86,1760805171855
26576,1760805185880.0,0adab909-eb8f-4baf-9eed-7a4cc889cb7c,60:74:F4:75:21:D5,ihoment_H601B_21D5,-80,1760805171855
26577,1760805552689.0,0adab909-eb8f-4baf-9eed-7a4cc889cb7c,60:74:F4:73:96:CD,ihoment_H601B_96CD,-84,1760805552601
26578,1760805555287.0,0adab909-eb8f-4baf-9eed-7a4cc889cb7c,60:74:F4:75:21:D5,ihoment_H601B_21D5,-74,1760805552601
26579,1760805565483.0,0adab909-eb8f-4baf-9eed-7a4cc889cb7c,60:74:F4:75:21:D5,ihoment_H601B_21D5,-79,1760805552601
26580,1760805565612.0,0adab909-eb8f-4baf-9eed-7a4cc889cb7c,60:74:F4:73:96:CD,ihoment_H601B_96CD,-75,1760805552601
26581,1760806182666.0,0adab909-eb8f-4baf-9eed-7a4cc889cb7c,6A:0D:DB:E9:1E:6F,,-84,1760806179932
26582,1760806183637.0,0adab909-eb8f-4baf-9eed-7a4cc889cb7c,C3:F5:7F:8B:F1:7D,Hue Lamp,-86,1760806179932
26583,1760806723033.0,0adab909-eb8f-4baf-9eed-7a4cc889cb7c,49:A2:3C:8B:00:C0,,-71,1760806721333
26584,1760806728167.0,0adab909-eb8f-4baf-9eed-7a4cc889cb7c,C3:F5:7F:8B:F1:7D,Hue Lamp,-94,1760806721333
26585,1760807925014.0,0adab909-eb8f-4baf-9eed-7a4cc889cb7c,56:8D:E8:DB:7D:7A,,-89,1760807919747
26586,1760808520702.0,0adab909-eb8f-4baf-9eed-7a4cc889cb7c,56:8D:E8:DB:7D:7A,,-82,1760808513527
26587,1760812113610.0,0adab909-eb8f-4baf-9eed-7a4cc889cb7c,4C:96:8A:ED:6A:01,SPEN NA,-48,1760812113180
26588,1760812114252.0,0adab909-eb8f-4baf-9eed-7a4cc889cb7c,4C:96:8A:ED:6A:01,SPEN NA,-47,1760812113180
26589,1760812114569.0,0adab909-eb8f-4baf-9eed-7a4cc889cb7c,4C:96:8A:ED:6A:01,SPEN NA,-49,1760812113180
26590,1760812114895.0,0adab909-eb8f-4baf-9eed-7a4cc889cb7c,4C:96:8A:ED:6A:01,SPEN NA,-52,1760812113180
26591,1760812115211.0,0adab909-eb8f-4baf-9eed-7a4cc889cb7c,4C:96:8A:ED:6A:01,SPEN NA,-48,1760812113180
26592,1760812115521.0,0adab909-eb8f-4baf-9eed-7a4cc889cb7c,4C:96:8A:ED:6A:01,SPEN NA,-49,1760812113180
26593,1760812115838.0,0adab909-eb8f-4baf-9eed-7a4cc889cb7c,4C:96:8A:ED:6A:01,SPEN NA,-51,1760812113180
26594,1760812116148.0,0adab909-eb8f-4baf-9eed-7a4cc889cb7c,4C:96:8A:ED:6A:01,SPEN NA,-48,1760812113180
26595,1760812116462.0,0adab909-eb8f-4baf-9eed-7a4cc889cb7c,4C:96:8A:ED:6A:01,SPEN NA,-48,1760812113180
26596,1760812116771.0,0adab909-eb8f-4baf-9eed-7a4cc889cb7c,4C:96:8A:ED:6A:01,SPEN NA,-52,1760812113180
26597,1760812117726.0,0adab909-eb8f-4baf-9eed-7a4cc889cb7c,4C:96:8A:ED:6A:01,SPEN NA,-51,1760812113180
26598,1760812118990.0,0adab909-eb8f-4baf-9eed-7a4cc889cb7c,4C:96:8A:ED:6A:01,SPEN NA,-48,1760812113180
26599,1760812120027.0,0adab909-eb8f-4baf-9eed-7a4cc889cb7c,4C:96:8A:ED:6A:01,SPEN NA,-47,1760812113180
26600,1760812120343.0,0adab909-eb8f-4baf-9eed-7a4cc889cb7c,4C:96:8A:ED:6A:01,SPEN NA,-48,1760812113180
26601,1760812120982.0,0adab909-eb8f-4baf-9eed-7a4cc889cb7c,4C:96:8A:ED:6A:01,SPEN NA,-46,1760812113180
26602,1760812121291.0,0adab909-eb8f-4baf-9eed-7a4cc889cb7c,4C:96:8A:ED:6A:01,SPEN NA,-47,1760812113180
26603,1760812121613.0,0adab909-eb8f-4baf-9eed-7a4cc889cb7c,4C:96:8A:ED:6A:01,SPEN NA,-52,1760812113180
26604,1760812121928.0,0adab909-eb8f-4baf-9eed-7a4cc889cb7c,4C:96:8A:ED:6A:01,SPEN NA,-47,1760812113180
26605,1760812122562.0,0adab909-eb8f-4baf-9eed-7a4cc889cb7c,4C:96:8A:ED:6A:01,SPEN NA,-51,1760812113180
26606,1760812122870.0,0adab909-eb8f-4baf-9eed-7a4cc889cb7c,4C:96:8A:ED:6A:01,SPEN NA,-47,1760812113180
26607,1760812123184.0,0adab909-eb8f-4baf-9eed-7a4cc889cb7c,4C:96:8A:ED:6A:01,SPEN NA,-47,1760812113180
26608,1760812123496.0,0adab909-eb8f-4baf-9eed-7a4cc889cb7c,4C:96:8A:ED:6A:01,SPEN NA,-51,1760812113180
26609,1760812124124.0,0adab909-eb8f-4baf-9eed-7a4cc889cb7c,4C:96:8A:ED:6A:01,SPEN NA,-48,1760812113180
26610,1760812124444.0,0adab909-eb8f-4baf-9eed-7a4cc889cb7c,4C:96:8A:ED:6A:01,SPEN NA,-51,1760812113180
26611,1760812124758.0,0adab909-eb8f-4baf-9eed-7a4cc889cb7c,4C:96:8A:ED:6A:01,SPEN NA,-46,1760812113180
26612,1760812125500.0,0adab909-eb8f-4baf-9eed-7a4cc889cb7c,4C:96:8A:ED:6A:01,SPEN NA,-52,1760812113180
26613,1760812125809.0,0adab909-eb8f-4baf-9eed-7a4cc889cb7c,4C:96:8A:ED:6A:01,SPEN NA,-47,1760812113180
26614,1760812126109.0,0adab909-eb8f-4baf-9eed-7a4cc889cb7c,4C:96:8A:ED:6A:01,SPEN NA,-47,1760812113180
26615,1760813937311.0,0adab909-eb8f-4baf-9eed-7a4cc889cb7c,5D:A7:D7:D9:12:0D,,-90,1760813930758
26616,1760815131684.0,0adab909-eb8f-4baf-9eed-7a4cc889cb7c,60:74:F4:73:96:CD,ihoment_H601B_96CD,-74,1760815131605
26617,1760815131730.0,0adab909-eb8f-4baf-9eed-7a4cc889cb7c,60:74:F4:75:21:D5,ihoment_H601B_21D5,-70,1760815131605
26618,1760815132961.0,0adab909-eb8f-4baf-9eed-7a4cc889cb7c,60:74:F4:73:99:E7,ihoment_H601B_99E7,-88,1760815131605
26619,1760815132997.0,0adab909-eb8f-4baf-9eed-7a4cc889cb7c,60:74:F4:72:90:3F,ihoment_H601B_903F,-82,1760815131605
26620,1760815731641.0,0adab909-eb8f-4baf-9eed-7a4cc889cb7c,CF:33:36:32:4C:1E,Govee_H6054_4C1E,-71,1760815731594
26621,1760815732305.0,0adab909-eb8f-4baf-9eed-7a4cc889cb7c,60:74:F4:73:99:E7,ihoment_H601B_99E7,-90,1760815731594
26622,1760815732349.0,0adab909-eb8f-4baf-9eed-7a4cc889cb7c,60:74:F4:72:90:3F,ihoment_H601B_903F,-82,1760815731594
26623,1760815734952.0,0adab909-eb8f-4baf-9eed-7a4cc889cb7c,58:3E:24:24:A6:2D,,-70,1760815731594
26624,1760815744271.0,0adab909-eb8f-4baf-9eed-7a4cc889cb7c,A5:C8:1D:B8:FA:19,BLOOTH,-100,1760815731594
26625,1760816331445.0,0adab909-eb8f-4baf-9eed-7a4cc889cb7c,60:74:F4:72:90:3F,ihoment_H601B_903F,-88,1760816331323
26626,1760816331823.0,0adab909-eb8f-4baf-9eed-7a4cc889cb7c,CF:33:36:32:4C:1E,Govee_H6054_4C1E,-82,1760816331323
26627,1760816332454.0,0adab909-eb8f-4baf-9eed-7a4cc889cb7c,60:74:F4:73:99:E7,ihoment_H601B_99E7,-92,1760816331323
26628,1760816345359.0,0adab909-eb8f-4baf-9eed-7a4cc889cb7c,CF:33:36:32:4C:1E,Govee_H6054_4C1E,-77,1760816331323
26629,1760816345399.0,0adab909-eb8f-4baf-9eed-7a4cc889cb7c,60:74:F4:72:90:3F,ihoment_H601B_903F,-83,1760816331323
26630,1760816931504.0,0adab909-eb8f-4baf-9eed-7a4cc889cb7c,CF:33:36:32:4C:1E,Govee_H6054_4C1E,-88,1760816931402
26631,1760816931776.0,0adab909-eb8f-4baf-9eed-7a4cc889cb7c,60:74:F4:72:90:3F,ihoment_H601B_903F,-94,1760816931402
26632,1760816933409.0,0adab909-eb8f-4baf-9eed-7a4cc889cb7c,67:89:16:FC:54:68,,-89,1760816931402
26633,1760816935691.0,0adab909-eb8f-4baf-9eed-7a4cc889cb7c,60:74:F4:73:99:E7,ihoment_H601B_99E7,-88,1760816931402
26634,1760816944481.0,0adab909-eb8f-4baf-9eed-7a4cc889cb7c,CF:33:36:32:4C:1E,Govee_H6054_4C1E,-82,1760816931402
26635,1760816946496.0,0adab909-eb8f-4baf-9eed-7a4cc889cb7c,60:74:F4:73:99:E7,ihoment_H601B_99E7,-84,1760816931402
26636,1760817832087.0,0adab909-eb8f-4baf-9eed-7a4cc889cb7c,60:74:F4:72:90:3F,ihoment_H601B_903F,-91,1760817831047
26637,1760817832484.0,0adab909-eb8f-4baf-9eed-7a4cc889cb7c,60:74:F4:73:99:E7,ihoment_H601B_99E7,-88,1760817831047
26638,1760817833361.0,0adab909-eb8f-4baf-9eed-7a4cc889cb7c,CF:33:36:32:4C:1E,Govee_H6054_4C1E,-84,1760817831047
26639,1760818132152.0,0adab909-eb8f-4baf-9eed-7a4cc889cb7c,CF:33:36:32:4C:1E,Govee_H6054_4C1E,-84,1760818131099
26640,1760818132467.0,0adab909-eb8f-4baf-9eed-7a4cc889cb7c,60:74:F4:72:90:3F,ihoment_H601B_903F,-89,1760818131099
26641,1760818135331.0,0adab909-eb8f-4baf-9eed-7a4cc889cb7c,60:74:F4:73:99:E7,ihoment_H601B_99E7,-88,1760818131099
26642,1760818143957.0,0adab909-eb8f-4baf-9eed-7a4cc889cb7c,5A:66:B9:EB:9A:01,,-88,1760818131099
26643,1760818145024.0,0adab909-eb8f-4baf-9eed-7a4cc889cb7c,CF:33:36:32:4C:1E,Govee_H6054_4C1E,-72,1760818131099
26644,1760818145964.0,0adab909-eb8f-4baf-9eed-7a4cc889cb7c,DA:65:89:91:3F:0D,,-80,1760818131099
26645,1760818732146.0,0adab909-eb8f-4baf-9eed-7a4cc889cb7c,71:88:C6:6C:A1:2A,,-89,1760818731202
26646,1760818732179.0,0adab909-eb8f-4baf-9eed-7a4cc889cb7c,CF:33:36:32:4C:1E,Govee_H6054_4C1E,-80,1760818731202
26647,1760818743994.0,0adab909-eb8f-4baf-9eed-7a4cc889cb7c,CF:33:36:32:4C:1E,Govee_H6054_4C1E,-80,1760818731202
26648,1760818747315.0,0adab909-eb8f-4baf-9eed-7a4cc889cb7c,CF:33:36:32:4C:1E,Govee_H6054_4C1E,-81,1760818731202
26649,1760819334281.0,0adab909-eb8f-4baf-9eed-7a4cc889cb7c,CF:33:36:32:4C:1E,Govee_H6054_4C1E,-77,1760819331048
26650,1760819336875.0,0adab909-eb8f-4baf-9eed-7a4cc889cb7c,70:9A:2D:2A:4A:17,,-84,1760819331048
26651,1760819340767.0,0adab909-eb8f-4baf-9eed-7a4cc889cb7c,71:88:C6:6C:A1:2A,,-90,1760819331048
26652,1760819931577.0,0adab909-eb8f-4baf-9eed-7a4cc889cb7c,CF:33:36:32:4C:1E,Govee_H6054_4C1E,-88,1760819931175
26653,1760819933187.0,0adab909-eb8f-4baf-9eed-7a4cc889cb7c,57:23:D9:62:25:EB,,-89,1760819931175
26654,1760820532610.0,0adab909-eb8f-4baf-9eed-7a4cc889cb7c,CF:33:36:32:4C:1E,Govee_H6054_4C1E,-86,1760820531201
26655,1760820535820.0,0adab909-eb8f-4baf-9eed-7a4cc889cb7c,53:E9:20:72:6A:95,,-86,1760820531201
26656,1760821131906.0,0adab909-eb8f-4baf-9eed-7a4cc889cb7c,CF:33:36:32:4C:1E,Govee_H6054_4C1E,-81,1760821131185
26657,1760821137257.0,0adab909-eb8f-4baf-9eed-7a4cc889cb7c,4C:51:C8:A2:C9:70,,-88,1760821131185
26658,1760821144078.0,0adab909-eb8f-4baf-9eed-7a4cc889cb7c,F1:BE:BA:56:60:5D,,-86,1760821131185
26659,1760821144154.0,0adab909-eb8f-4baf-9eed-7a4cc889cb7c,CF:33:36:32:4C:1E,Govee_H6054_4C1E,-76,1760821131185
26660,1760821144185.0,0adab909-eb8f-4baf-9eed-7a4cc889cb7c,53:E9:20:72:6A:95,,-86,1760821131185
26661,1760821712575.0,0adab909-eb8f-4baf-9eed-7a4cc889cb7c,CF:33:36:32:4C:1E,Govee_H6054_4C1E,-80,1760821712141
26662,1760821713532.0,0adab909-eb8f-4baf-9eed-7a4cc889cb7c,43:6D:31:00:10:EA,,-85,1760821712141
26663,1760821725645.0,0adab909-eb8f-4baf-9eed-7a4cc889cb7c,43:6D:31:00:10:EA,,-85,1760821712141
26664,1760821725815.0,0adab909-eb8f-4baf-9eed-7a4cc889cb7c,CF:33:36:32:4C:1E,Govee_H6054_4C1E,-75,1760821712141
26665,1760822417580.0,0adab909-eb8f-4baf-9eed-7a4cc889cb7c,CF:33:36:32:4C:1E,Govee_H6054_4C1E,-79,1760822417098
26666,1760822418164.0,0adab909-eb8f-4baf-9eed-7a4cc889cb7c,6C:01:9A:5C:9D:F6,,-90,1760822417098
26667,1760822430052.0,0adab909-eb8f-4baf-9eed-7a4cc889cb7c,CF:33:36:32:4C:1E,Govee_H6054_4C1E,-74,1760822417098
26668,1760822432186.0,0adab909-eb8f-4baf-9eed-7a4cc889cb7c,6C:01:9A:5C:9D:F6,,-94,1760822417098
26669,1760822921984.0,0adab909-eb8f-4baf-9eed-7a4cc889cb7c,CF:33:36:32:4C:1E,Govee_H6054_4C1E,-85,1760822918670
26670,1760822925453.0,0adab909-eb8f-4baf-9eed-7a4cc889cb7c,79:20:69:1A:78:02,,-85,1760822918670
26671,1760822931550.0,0adab909-eb8f-4baf-9eed-7a4cc889cb7c,CF:33:36:32:4C:1E,Govee_H6054_4C1E,-82,1760822918670
26672,1760823557328.0,0adab909-eb8f-4baf-9eed-7a4cc889cb7c,CF:33:36:32:4C:1E,Govee_H6054_4C1E,-74,1760823557264
26673,1760823559594.0,0adab909-eb8f-4baf-9eed-7a4cc889cb7c,74:65:7F:A0:6A:65,,-85,1760823557264
26674,1760823570155.0,0adab909-eb8f-4baf-9eed-7a4cc889cb7c,CF:33:36:32:4C:1E,Govee_H6054_4C1E,-75,1760823557264
26675,1760824131051.0,0adab909-eb8f-4baf-9eed-7a4cc889cb7c,FF:10:10:AE:A7:64,Sunset lights,-76,1760824130954
26676,1760824133252.0,0adab909-eb8f-4baf-9eed-7a4cc889cb7c,40:66:55:C3:98:D4,,-76,1760824130954
26677,1760824135165.0,0adab909-eb8f-4baf-9eed-7a4cc889cb7c,00:5D:14:72:23:52,EONON-6672,-100,1760824130954
26678,1760824139704.0,0adab909-eb8f-4baf-9eed-7a4cc889cb7c,6A:43:22:CE:97:6D,,-73,1760824130954
26679,1760824140999.0,0adab909-eb8f-4baf-9eed-7a4cc889cb7c,11:EB:B1:92:FC:32,,-94,1760824130954
26680,1760824143927.0,0adab909-eb8f-4baf-9eed-7a4cc889cb7c,FF:10:10:AE:A7:64,Sunset lights,-67,1760824130954
26681,1760824145098.0,0adab909-eb8f-4baf-9eed-7a4cc889cb7c,40:66:55:C3:98:D4,,-73,1760824130954
26682,1760824731445.0,0adab909-eb8f-4baf-9eed-7a4cc889cb7c,FF:10:10:AE:A7:64,Sunset lights,-75,1760824730989
26683,1760824732051.0,0adab909-eb8f-4baf-9eed-7a4cc889cb7c,6A:43:22:CE:97:6D,,-71,1760824730989
26684,1760824743927.0,0adab909-eb8f-4baf-9eed-7a4cc889cb7c,FF:10:10:AE:A7:64,Sunset lights,-77,1760824730989
26685,1760824744069.0,0adab909-eb8f-4baf-9eed-7a4cc889cb7c,6A:43:22:CE:97:6D,,-77,1760824730989
26686,1760824744895.0,0adab909-eb8f-4baf-9eed-7a4cc889cb7c,2A:CB:68:BE:0C:AE,,-94,1760824730989
26687,1760825331796.0,0adab909-eb8f-4baf-9eed-7a4cc889cb7c,FF:10:10:AE:A7:64,Sunset lights,-73,1760825331776
26688,1760825343726.0,0adab909-eb8f-4baf-9eed-7a4cc889cb7c,4E:DF:2A:D5:BF:74,,-82,1760825331776
26689,1760825344693.0,0adab909-eb8f-4baf-9eed-7a4cc889cb7c,FF:10:10:AE:A7:64,Sunset lights,-70,1760825331776
26690,1760825344834.0,0adab909-eb8f-4baf-9eed-7a4cc889cb7c,11:66:2F:14:94:68,,-84,1760825331776
26691,1760825345734.0,0adab909-eb8f-4baf-9eed-7a4cc889cb7c,4E:DF:2A:D5:BF:74,,-82,1760825331776
26692,1760825932503.0,0adab909-eb8f-4baf-9eed-7a4cc889cb7c,FF:10:10:AE:A7:64,Sunset lights,-80,1760825931792
26693,1760825932868.0,0adab909-eb8f-4baf-9eed-7a4cc889cb7c,4E:DF:2A:D5:BF:74,,-74,1760825931792
26694,1760825944688.0,0adab909-eb8f-4baf-9eed-7a4cc889cb7c,FF:10:10:AE:A7:64,Sunset lights,-72,1760825931792
26695,1760825944720.0,0adab909-eb8f-4baf-9eed-7a4cc889cb7c,18:4C:87:D3:F7:96,,-76,1760825931792
26696,1760825946915.0,0adab909-eb8f-4baf-9eed-7a4cc889cb7c,4E:DF:2A:D5:BF:74,,-75,1760825931792
26697,1760825947595.0,0adab909-eb8f-4baf-9eed-7a4cc889cb7c,3D:65:99:A7:7B:9B,,-91,1760825931792
26698,1760826531962.0,0adab909-eb8f-4baf-9eed-7a4cc889cb7c,74:D5:38:9F:6D:5B,,-80,1760826531827
26699,1760826532916.0,0adab909-eb8f-4baf-9eed-7a4cc889cb7c,FF:10:10:AE:A7:64,Sunset lights,-71,1760826531827
26700,1760826545571.0,0adab909-eb8f-4baf-9eed-7a4cc889cb7c,FF:10:10:AE:A7:64,Sunset lights,-76,1760826531827
26701,1760827133228.0,0adab909-eb8f-4baf-9eed-7a4cc889cb7c,FF:10:10:AE:A7:64,Sunset lights,-78,1760827131212
26702,1760827139031.0,0adab909-eb8f-4baf-9eed-7a4cc889cb7c,74:D5:38:9F:6D:5B,,-90,1760827131212
26703,1760827144221.0,0adab909-eb8f-4baf-9eed-7a4cc889cb7c,FF:10:10:AE:A7:64,Sunset lights,-77,1760827131212
26704,1760827731683.0,0adab909-eb8f-4baf-9eed-7a4cc889cb7c,FF:10:10:AE:A7:64,Sunset lights,-76,1760827731268
26705,1760827743813.0,0adab909-eb8f-4baf-9eed-7a4cc889cb7c,43:B1:D2:93:F8:C8,,-86,1760827731268
26706,1760827744170.0,0adab909-eb8f-4baf-9eed-7a4cc889cb7c,FF:10:10:AE:A7:64,Sunset lights,-74,1760827731268
26707,1760828331340.0,0adab909-eb8f-4baf-9eed-7a4cc889cb7c,FF:10:10:AE:A7:64,Sunset lights,-69,1760828331276
26708,1760828344141.0,0adab909-eb8f-4baf-9eed-7a4cc889cb7c,FF:10:10:AE:A7:64,Sunset lights,-76,1760828331276
26709,1760829160155.0,0adab909-eb8f-4baf-9eed-7a4cc889cb7c,FF:10:10:AE:A7:64,Sunset lights,-65,1760829160130
26710,1760829162092.0,0adab909-eb8f-4baf-9eed-7a4cc889cb7c,7B:66:8A:DD:95:80,,-89,1760829160130
26711,1760829162374.0,0adab909-eb8f-4baf-9eed-7a4cc889cb7c,7E:56:22:D1:97:DC,,-70,1760829160130
26712,1760829533522.0,0adab909-eb8f-4baf-9eed-7a4cc889cb7c,FF:10:10:AE:A7:64,Sunset lights,-58,1760829532122
26713,1760829534816.0,0adab909-eb8f-4baf-9eed-7a4cc889cb7c,7B:66:8A:DD:95:80,,-86,1760829532122
26714,1760829535502.0,0adab909-eb8f-4baf-9eed-7a4cc889cb7c,7E:56:22:D1:97:DC,,-84,1760829532122
26715,1760830131230.0,0adab909-eb8f-4baf-9eed-7a4cc889cb7c,FF:10:10:AE:A7:64,Sunset lights,-61,1760830131188
26716,1760830134770.0,0adab909-eb8f-4baf-9eed-7a4cc889cb7c,5E:CC:3E:0C:49:EB,,-77,1760830131188
26717,1760830964339.0,0adab909-eb8f-4baf-9eed-7a4cc889cb7c,FF:10:10:AE:A7:64,Sunset lights,-59,1760830964335
26718,1760830969727.0,0adab909-eb8f-4baf-9eed-7a4cc889cb7c,5E:CC:3E:0C:49:EB,,-79,1760830964335
26719,1760831376145.0,0adab909-eb8f-4baf-9eed-7a4cc889cb7c,FF:10:10:AE:A7:64,Sunset lights,-60,1760831376058
26720,1760831379324.0,0adab909-eb8f-4baf-9eed-7a4cc889cb7c,73:80:36:06:01:68,,-77,1760831376058
26721,1760831379358.0,0adab909-eb8f-4baf-9eed-7a4cc889cb7c,4D:59:87:37:9F:D3,,-91,1760831376058
26722,1760832164488.0,0adab909-eb8f-4baf-9eed-7a4cc889cb7c,FF:10:10:AE:A7:64,Sunset lights,-59,1760832164069
26723,1760832169334.0,0adab909-eb8f-4baf-9eed-7a4cc889cb7c,73:80:36:06:01:68,,-73,1760832164069
26724,1760832770506.0,0adab909-eb8f-4baf-9eed-7a4cc889cb7c,46:70:F1:7A:9E:C2,,-76,1760832770086
26725,1760832770528.0,0adab909-eb8f-4baf-9eed-7a4cc889cb7c,FF:10:10:AE:A7:64,Sunset lights,-58,1760832770086
26726,1760833370085.0,0adab909-eb8f-4baf-9eed-7a4cc889cb7c,FF:10:10:AE:A7:64,Sunset lights,-60,1760833370070
26727,1760833374350.0,0adab909-eb8f-4baf-9eed-7a4cc889cb7c,66:8A:BE:2E:24:6D,,-86,1760833370070
26728,1760833970452.0,0adab909-eb8f-4baf-9eed-7a4cc889cb7c,FF:10:10:AE:A7:64,Sunset lights,-59,1760833970037
26729,1760833971445.0,0adab909-eb8f-4baf-9eed-7a4cc889cb7c,66:8A:BE:2E:24:6D,,-75,1760833970037
26730,1760834630114.0,0adab909-eb8f-4baf-9eed-7a4cc889cb7c,FF:10:10:AE:A7:64,Sunset lights,-61,1760834630063
26731,1760834633085.0,0adab909-eb8f-4baf-9eed-7a4cc889cb7c,56:5C:EA:9F:DA:FB,,-79,1760834630063
26732,1760834633391.0,0adab909-eb8f-4baf-9eed-7a4cc889cb7c,45:4F:5E:D0:D7:79,,-71,1760834630063
26733,1760834930291.0,0adab909-eb8f-4baf-9eed-7a4cc889cb7c,FF:10:10:AE:A7:64,Sunset lights,-60,1760834930287
26734,1760834931768.0,0adab909-eb8f-4baf-9eed-7a4cc889cb7c,56:5C:EA:9F:DA:FB,,-81,1760834930287
26735,1760835530324.0,0adab909-eb8f-4baf-9eed-7a4cc889cb7c,FF:10:10:AE:A7:64,Sunset lights,-59,1760835530321
26736,1760835538247.0,0adab909-eb8f-4baf-9eed-7a4cc889cb7c,64:AA:BD:7E:D3:99,,-72,1760835530321
26737,1760836357766.0,0adab909-eb8f-4baf-9eed-7a4cc889cb7c,FF:10:10:AE:A7:64,Sunset lights,-68,1760836357026
26738,1760836957437.0,0adab909-eb8f-4baf-9eed-7a4cc889cb7c,FF:10:10:AE:A7:64,Sunset lights,-58,1760836957047
26739,1760836958131.0,0adab909-eb8f-4baf-9eed-7a4cc889cb7c,75:31:0D:DF:B4:2D,,-78,1760836957047
26740,1760837558025.0,0adab909-eb8f-4baf-9eed-7a4cc889cb7c,FF:10:10:AE:A7:64,Sunset lights,-59,1760837557027
26741,1760838158043.0,0adab909-eb8f-4baf-9eed-7a4cc889cb7c,FF:10:10:AE:A7:64,Sunset lights,-60,1760838158040
26742,1760838690058.0,0adab909-eb8f-4baf-9eed-7a4cc889cb7c,FF:10:10:AE:A7:64,Sunset lights,-60,1760838690013
26743,1760838690074.0,0adab909-eb8f-4baf-9eed-7a4cc889cb7c,7C:AB:AD:47:85:F6,,-76,1760838690013
26744,1760839290737.0,0adab909-eb8f-4baf-9eed-7a4cc889cb7c,FF:10:10:AE:A7:64,Sunset lights,-68,1760839289995
26745,1760839890041.0,0adab909-eb8f-4baf-9eed-7a4cc889cb7c,FF:10:10:AE:A7:64,Sunset lights,-60,1760839889980
26746,1760839893955.0,0adab909-eb8f-4baf-9eed-7a4cc889cb7c,71:BF:B7:B3:B2:B2,,-82,1760839889980
26747,1760840422434.0,0adab909-eb8f-4baf-9eed-7a4cc889cb7c,FF:10:10:AE:A7:64,Sunset lights,-59,1760840421976
26748,1760840423401.0,0adab909-eb8f-4baf-9eed-7a4cc889cb7c,48:9E:DF:29:E4:BA,,-84,1760840421976
26749,1760840428153.0,0adab909-eb8f-4baf-9eed-7a4cc889cb7c,71:BF:B7:B3:B2:B2,,-75,1760840421976
26750,1760841022378.0,0adab909-eb8f-4baf-9eed-7a4cc889cb7c,FF:10:10:AE:A7:64,Sunset lights,-60,1760841022253
26751,1760841022762.0,0adab909-eb8f-4baf-9eed-7a4cc889cb7c,76:E1:A3:65:ED:B9,,-78,1760841022253
26752,1760841028203.0,0adab909-eb8f-4baf-9eed-7a4cc889cb7c,48:9E:DF:29:E4:BA,,-94,1760841022253
26753,1760841622230.0,0adab909-eb8f-4baf-9eed-7a4cc889cb7c,FF:10:10:AE:A7:64,Sunset lights,-60,1760841622227
26754,1760841628529.0,0adab909-eb8f-4baf-9eed-7a4cc889cb7c,76:E1:A3:65:ED:B9,,-79,1760841622227
26755,1760842361435.0,0adab909-eb8f-4baf-9eed-7a4cc889cb7c,FF:10:10:AE:A7:64,Sunset lights,-59,1760842361206
26756,1760842364364.0,0adab909-eb8f-4baf-9eed-7a4cc889cb7c,52:8D:06:81:0D:4E,,-69,1760842361206
26757,1760842961394.0,0adab909-eb8f-4baf-9eed-7a4cc889cb7c,FF:10:10:AE:A7:64,Sunset lights,-58,1760842961183
26758,1760842965272.0,0adab909-eb8f-4baf-9eed-7a4cc889cb7c,52:8D:06:81:0D:4E,,-74,1760842961183
26759,1760843561199.0,0adab909-eb8f-4baf-9eed-7a4cc889cb7c,FF:10:10:AE:A7:64,Sunset lights,-59,1760843561197
26760,1760843563637.0,0adab909-eb8f-4baf-9eed-7a4cc889cb7c,4A:6F:DA:1D:E1:28,,-75,1760843561197
26761,1760844161509.0,0adab909-eb8f-4baf-9eed-7a4cc889cb7c,FF:10:10:AE:A7:64,Sunset lights,-60,1760844161506
26762,1760844161819.0,0adab909-eb8f-4baf-9eed-7a4cc889cb7c,4A:74:55:33:60:68,,-76,1760844161506
26763,1760844161834.0,0adab909-eb8f-4baf-9eed-7a4cc889cb7c,7F:76:E4:5D:FC:E9,,-84,1760844161506
26764,1760844163030.0,0adab909-eb8f-4baf-9eed-7a4cc889cb7c,4A:6F:DA:1D:E1:28,,-80,1760844161506
26765,1760844693970.0,0adab909-eb8f-4baf-9eed-7a4cc889cb7c,71:F4:B8:E1:EB:ED,,-77,1760844692933
26766,1760844694275.0,0adab909-eb8f-4baf-9eed-7a4cc889cb7c,FF:10:10:AE:A7:64,Sunset lights,-59,1760844692933
26767,1760845293364.0,0adab909-eb8f-4baf-9eed-7a4cc889cb7c,FF:10:10:AE:A7:64,Sunset lights,-59,1760845292933
26768,1760845295583.0,0adab909-eb8f-4baf-9eed-7a4cc889cb7c,71:F4:B8:E1:EB:ED,,-82,1760845292933
26769,1760845892321.0,0adab909-eb8f-4baf-9eed-7a4cc889cb7c,FF:10:10:AE:A7:64,Sunset lights,-58,1760845891855
26770,1760845896754.0,0adab909-eb8f-4baf-9eed-7a4cc889cb7c,78:6B:8F:9F:AD:EE,,-69,1760845891855
26771,1760846508953.0,0adab909-eb8f-4baf-9eed-7a4cc889cb7c,FF:10:10:AE:A7:64,Sunset lights,-58,1760846508911
26772,1760846514196.0,0adab909-eb8f-4baf-9eed-7a4cc889cb7c,78:6B:8F:9F:AD:EE,,-63,1760846508911
26773,1760847109997.0,0adab909-eb8f-4baf-9eed-7a4cc889cb7c,FF:10:10:AE:A7:64,Sunset lights,-58,1760847109907
26774,1760847110637.0,0adab909-eb8f-4baf-9eed-7a4cc889cb7c,4D:D7:1C:DE:DE:98,,-74,1760847109907
26775,1760847710000.0,0adab909-eb8f-4baf-9eed-7a4cc889cb7c,FF:10:10:AE:A7:64,Sunset lights,-59,1760847709900
26776,1760847720910.0,0adab909-eb8f-4baf-9eed-7a4cc889cb7c,4D:D7:1C:DE:DE:98,,-59,1760847709900
26777,1760848241943.0,0adab909-eb8f-4baf-9eed-7a4cc889cb7c,FF:10:10:AE:A7:64,Sunset lights,-59,1760848241918
26778,1760848241959.0,0adab909-eb8f-4baf-9eed-7a4cc889cb7c,74:05:47:EF:14:CA,,-63,1760848241918
26779,1760848842122.0,0adab909-eb8f-4baf-9eed-7a4cc889cb7c,FF:10:10:AE:A7:64,Sunset lights,-59,1760848842118
26780,1760848843996.0,0adab909-eb8f-4baf-9eed-7a4cc889cb7c,45:10:36:88:68:5B,,-86,1760848842118
26781,1760848845216.0,0adab909-eb8f-4baf-9eed-7a4cc889cb7c,74:05:47:EF:14:CA,,-64,1760848842118
26782,1760849741977.0,0adab909-eb8f-4baf-9eed-7a4cc889cb7c,FF:10:10:AE:A7:64,Sunset lights,-59,1760849741909
26783,1760849745227.0,0adab909-eb8f-4baf-9eed-7a4cc889cb7c,56:0B:52:05:C9:6B,,-62,1760849741909
26784,1760849749031.0,0adab909-eb8f-4baf-9eed-7a4cc889cb7c,40:95:02:6B:14:46,,-90,1760849741909
26785,1760850233139.0,0adab909-eb8f-4baf-9eed-7a4cc889cb7c,FF:10:10:AE:A7:64,Sunset lights,-62,1760850233136
26786,1760850234303.0,0adab909-eb8f-4baf-9eed-7a4cc889cb7c,56:0B:52:05:C9:6B,,-59,1760850233136
26787,1760850833316.0,0adab909-eb8f-4baf-9eed-7a4cc889cb7c,FF:10:10:AE:A7:64,Sunset lights,-59,1760850833118
26788,1760850834683.0,0adab909-eb8f-4baf-9eed-7a4cc889cb7c,56:0B:52:05:C9:6B,,-76,1760850833118
26789,1760851133298.0,0adab909-eb8f-4baf-9eed-7a4cc889cb7c,61:F1:5A:B1:3D:7A,,-64,1760851132895
26790,1760851133341.0,0adab909-eb8f-4baf-9eed-7a4cc889cb7c,FF:10:10:AE:A7:64,Sunset lights,-64,1760851132895
26791,1760851733266.0,0adab909-eb8f-4baf-9eed-7a4cc889cb7c,FF:10:10:AE:A7:64,Sunset lights,-58,1760851732864
26792,1760851740665.0,0adab909-eb8f-4baf-9eed-7a4cc889cb7c,61:F1:5A:B1:3D:7A,,-68,1760851732864
26793,1760852392340.0,0adab909-eb8f-4baf-9eed-7a4cc889cb7c,FF:10:10:AE:A7:64,Sunset lights,-60,1760852392147
26794,1760852395539.0,0adab909-eb8f-4baf-9eed-7a4cc889cb7c,5B:0B:C0:6F:66:11,,-77,1760852392147
26795,1760852992104.0,0adab909-eb8f-4baf-9eed-7a4cc889cb7c,FF:10:10:AE:A7:64,Sunset lights,-59,1760852992101
26796,1760853592933.0,0adab909-eb8f-4baf-9eed-7a4cc889cb7c,5B:60:34:46:F4:19,,-68,1760853591947
26797,1760853593597.0,0adab909-eb8f-4baf-9eed-7a4cc889cb7c,FF:10:10:AE:A7:64,Sunset lights,-68,1760853591947
26798,1760853594269.0,0adab909-eb8f-4baf-9eed-7a4cc889cb7c,60:6C:D4:59:7A:4E,,-90,1760853591947
26799,1760854211664.0,0adab909-eb8f-4baf-9eed-7a4cc889cb7c,FF:10:10:AE:A7:64,Sunset lights,-72,1760854211124
26800,1760854214868.0,0adab909-eb8f-4baf-9eed-7a4cc889cb7c,7D:7A:4E:88:13:9B,,-91,1760854211124
26801,1760854223169.0,0adab909-eb8f-4baf-9eed-7a4cc889cb7c,5B:60:34:46:F4:19,,-80,1760854211124
26802,1760854811185.0,0adab909-eb8f-4baf-9eed-7a4cc889cb7c,FF:10:10:AE:A7:64,Sunset lights,-60,1760854811181
26803,1760855410067.0,0adab909-eb8f-4baf-9eed-7a4cc889cb7c,FF:10:10:AE:A7:64,Sunset lights,-67,1760855409987
26804,1760855414257.0,0adab909-eb8f-4baf-9eed-7a4cc889cb7c,79:81:C7:D3:99:C9,,-62,1760855409987
26805,1760855414916.0,0adab909-eb8f-4baf-9eed-7a4cc889cb7c,6F:61:5C:35:D8:DF,,-91,1760855409987
26806,1760855417114.0,0adab909-eb8f-4baf-9eed-7a4cc889cb7c,5C:90:22:EC:90:58,,-91,1760855409987
26807,1760856050274.0,0adab909-eb8f-4baf-9eed-7a4cc889cb7c,FF:10:10:AE:A7:64,Sunset lights,-64,1760856049859
26808,1760856052184.0,0adab909-eb8f-4baf-9eed-7a4cc889cb7c,52:03:A9:25:98:02,,-62,1760856049859
26809,1760856650314.0,0adab909-eb8f-4baf-9eed-7a4cc889cb7c,FF:10:10:AE:A7:64,Sunset lights,-58,1760856650069
26810,1760856656359.0,0adab909-eb8f-4baf-9eed-7a4cc889cb7c,52:03:A9:25:98:02,,-72,1760856650069
26811,1760857190893.0,0adab909-eb8f-4baf-9eed-7a4cc889cb7c,FF:10:10:AE:A7:64,Sunset lights,-60,1760857190860
26812,1760857195396.0,0adab909-eb8f-4baf-9eed-7a4cc889cb7c,45:04:A4:56:E9:ED,,-81,1760857190860
26813,1760857817954.0,0adab909-eb8f-4baf-9eed-7a4cc889cb7c,FF:10:10:AE:A7:64,Sunset lights,-61,1760857817855
26814,1760857818230.0,0adab909-eb8f-4baf-9eed-7a4cc889cb7c,49:5E:3C:7B:E8:EF,,-95,1760857817855
26815,1760858417865.0,0adab909-eb8f-4baf-9eed-7a4cc889cb7c,56:B4:C7:56:9F:46,,-92,1760858417809
26816,1760858417888.0,0adab909-eb8f-4baf-9eed-7a4cc889cb7c,FF:10:10:AE:A7:64,Sunset lights,-59,1760858417809
26817,1760858418891.0,0adab909-eb8f-4baf-9eed-7a4cc889cb7c,49:5E:3C:7B:E8:EF,,-73,1760858417809
26818,1760858420777.0,0adab909-eb8f-4baf-9eed-7a4cc889cb7c,65:5C:44:51:47:BC,,-77,1760858417809
26819,1760859017901.0,0adab909-eb8f-4baf-9eed-7a4cc889cb7c,FF:10:10:AE:A7:64,Sunset lights,-61,1760859017813
26820,1760859018612.0,0adab909-eb8f-4baf-9eed-7a4cc889cb7c,42:1D:1E:65:03:FA,,-82,1760859017813
26821,1760859019542.0,0adab909-eb8f-4baf-9eed-7a4cc889cb7c,40:F3:B0:4F:D4:4A,,-88,1760859017813
26822,1760859618507.0,0adab909-eb8f-4baf-9eed-7a4cc889cb7c,72:15:C0:47:7C:01,,-88,1760859618210
26823,1760859618523.0,0adab909-eb8f-4baf-9eed-7a4cc889cb7c,2F:00:48:B8:CD:8C,,-89,1760859618210
26824,1760859618532.0,0adab909-eb8f-4baf-9eed-7a4cc889cb7c,FF:10:10:AE:A7:64,Sunset lights,-64,1760859618210
26825,1760859620934.0,0adab909-eb8f-4baf-9eed-7a4cc889cb7c,11:0C:B0:E1:50:63,,-91,1760859618210
26826,1760859629919.0,0adab909-eb8f-4baf-9eed-7a4cc889cb7c,47:87:F4:B8:A5:B9,,-81,1760859618210
26827,1760860148948.0,0adab909-eb8f-4baf-9eed-7a4cc889cb7c,FF:10:10:AE:A7:64,Sunset lights,-65,1760860148550
26828,1760860150233.0,0adab909-eb8f-4baf-9eed-7a4cc889cb7c,72:15:C0:47:7C:01,,-76,1760860148550
26829,1760860750517.0,0adab909-eb8f-4baf-9eed-7a4cc889cb7c,FF:10:10:AE:A7:64,Sunset lights,-64,1760860749855
26830,1760860752164.0,0adab909-eb8f-4baf-9eed-7a4cc889cb7c,77:0D:5E:E5:2F:57,,-72,1760860749855
26831,1760861350212.0,0adab909-eb8f-4baf-9eed-7a4cc889cb7c,FF:10:10:AE:A7:64,Sunset lights,-61,1760861349796
26832,1760861350840.0,0adab909-eb8f-4baf-9eed-7a4cc889cb7c,60:74:F4:72:90:3F,ihoment_H601B_903F,-77,1760861349796
26833,1760861352175.0,0adab909-eb8f-4baf-9eed-7a4cc889cb7c,60:74:F4:73:99:E7,ihoment_H601B_99E7,-86,1760861349796
26834,1760861354372.0,0adab909-eb8f-4baf-9eed-7a4cc889cb7c,77:0D:5E:E5:2F:57,,-83,1760861349796
26835,1760862029007.0,0adab909-eb8f-4baf-9eed-7a4cc889cb7c,FF:10:10:AE:A7:64,Sunset lights,-64,1760862028910
26836,1760862029593.0,0adab909-eb8f-4baf-9eed-7a4cc889cb7c,78:08:30:F9:80:98,,-88,1760862028910
26837,1760862029649.0,0adab909-eb8f-4baf-9eed-7a4cc889cb7c,60:74:F4:73:99:E7,ihoment_H601B_99E7,-89,1760862028910
26838,1760862029697.0,0adab909-eb8f-4baf-9eed-7a4cc889cb7c,60:74:F4:72:90:3F,ihoment_H601B_903F,-83,1760862028910
26839,1760862041300.0,0adab909-eb8f-4baf-9eed-7a4cc889cb7c,37:EA:C6:1F:D8:BD,,-90,1760862028910
26840,1760862041843.0,0adab909-eb8f-4baf-9eed-7a4cc889cb7c,FF:10:10:AE:A7:64,Sunset lights,-62,1760862028910
26841,1760862041886.0,0adab909-eb8f-4baf-9eed-7a4cc889cb7c,F3:9C:D8:12:FD:4E,,-94,1760862028910
26842,1760862041973.0,0adab909-eb8f-4baf-9eed-7a4cc889cb7c,60:74:F4:72:90:3F,ihoment_H601B_903F,-83,1760862028910
26843,1760862042850.0,0adab909-eb8f-4baf-9eed-7a4cc889cb7c,60:74:F4:73:99:E7,ihoment_H601B_99E7,-87,1760862028910
26844,1760862042881.0,0adab909-eb8f-4baf-9eed-7a4cc889cb7c,78:08:30:F9:80:98,,-82,1760862028910
26845,1760862042974.0,0adab909-eb8f-4baf-9eed-7a4cc889cb7c,F4:FE:FB:45:44:C9,,-96,1760862028910
26846,1760862586056.0,0adab909-eb8f-4baf-9eed-7a4cc889cb7c,7B:B4:A4:E7:DE:47,,-90,1760862576079
26847,1760862586973.0,0adab909-eb8f-4baf-9eed-7a4cc889cb7c,C3:F5:7F:8B:F1:7D,Hue Lamp,-83,1760862576079
26848,1760862588992.0,0adab909-eb8f-4baf-9eed-7a4cc889cb7c,30:E0:8F:C5:E8:38,,-65,1760862576079
26849,1760862589028.0,0adab909-eb8f-4baf-9eed-7a4cc889cb7c,F4:FE:FB:45:44:C9,,-79,1760862576079
26850,1760862590091.0,0adab909-eb8f-4baf-9eed-7a4cc889cb7c,C0:AB:B7:3A:80:02,,-94,1760862576079
26851,1760863118544.0,0adab909-eb8f-4baf-9eed-7a4cc889cb7c,60:74:F4:72:90:3F,ihoment_H601B_903F,-94,1760863117133
26852,1760863120418.0,0adab909-eb8f-4baf-9eed-7a4cc889cb7c,44:27:F3:4F:E6:95,XiaomiWatchS1Active E695,-92,1760863117133
26853,1760863130226.0,0adab909-eb8f-4baf-9eed-7a4cc889cb7c,30:E0:8F:C5:E8:38,,-79,1760863117133
26854,1760863130276.0,0adab909-eb8f-4baf-9eed-7a4cc889cb7c,F4:FE:FB:45:44:C9,,-80,1760863117133
26855,1760863726197.0,0adab909-eb8f-4baf-9eed-7a4cc889cb7c,60:74:F4:72:90:3F,ihoment_H601B_903F,-84,1760863726187
26856,1760863726574.0,0adab909-eb8f-4baf-9eed-7a4cc889cb7c,FF:10:10:AE:A7:64,Sunset lights,-78,1760863726187
26857,1760863726602.0,0adab909-eb8f-4baf-9eed-7a4cc889cb7c,60:74:F4:73:99:E7,ihoment_H601B_99E7,-87,1760863726187
26858,1760863739205.0,0adab909-eb8f-4baf-9eed-7a4cc889cb7c,32:1C:56:A3:AA:7E,,-92,1760863726187
26859,1760863739242.0,0adab909-eb8f-4baf-9eed-7a4cc889cb7c,FF:10:10:AE:A7:64,Sunset lights,-77,1760863726187
26860,1760863739302.0,0adab909-eb8f-4baf-9eed-7a4cc889cb7c,60:74:F4:73:99:E7,ihoment_H601B_99E7,-88,1760863726187
26861,1760863740327.0,0adab909-eb8f-4baf-9eed-7a4cc889cb7c,60:74:F4:72:90:3F,ihoment_H601B_903F,-80,1760863726187
26862,1760864335045.0,0adab909-eb8f-4baf-9eed-7a4cc889cb7c,FF:10:10:AE:A7:64,Sunset lights,-62,1760864334976
26863,1760864335407.0,0adab909-eb8f-4baf-9eed-7a4cc889cb7c,4C:96:8A:ED:6A:01,SPEN NA,-61,1760864334976
26864,1760864335734.0,0adab909-eb8f-4baf-9eed-7a4cc889cb7c,4C:96:8A:ED:6A:01,SPEN NA,-60,1760864334976
26865,1760864336012.0,0adab909-eb8f-4baf-9eed-7a4cc889cb7c,6A:57:79:F9:A0:39,,-91,1760864334976
26866,1760864336032.0,0adab909-eb8f-4baf-9eed-7a4cc889cb7c,4C:96:8A:ED:6A:01,SPEN NA,-61,1760864334976
26867,1760864336338.0,0adab909-eb8f-4baf-9eed-7a4cc889cb7c,60:74:F4:72:90:3F,ihoment_H601B_903F,-85,1760864334976
26868,1760864336353.0,0adab909-eb8f-4baf-9eed-7a4cc889cb7c,4C:96:8A:ED:6A:01,SPEN NA,-61,1760864334976
26869,1760864336980.0,0adab909-eb8f-4baf-9eed-7a4cc889cb7c,4C:96:8A:ED:6A:01,SPEN NA,-61,1760864334976
26870,1760864337298.0,0adab909-eb8f-4baf-9eed-7a4cc889cb7c,4C:96:8A:ED:6A:01,SPEN NA,-61,1760864334976
26871,1760864337945.0,0adab909-eb8f-4baf-9eed-7a4cc889cb7c,4C:96:8A:ED:6A:01,SPEN NA,-58,1760864334976
26872,1760864338575.0,0adab909-eb8f-4baf-9eed-7a4cc889cb7c,4C:96:8A:ED:6A:01,SPEN NA,-65,1760864334976
26873,1760864339194.0,0adab909-eb8f-4baf-9eed-7a4cc889cb7c,4C:96:8A:ED:6A:01,SPEN NA,-61,1760864334976
26874,1760864339623.0,0adab909-eb8f-4baf-9eed-7a4cc889cb7c,4C:96:8A:ED:6A:01,SPEN NA,-65,1760864334976
26875,1760864339833.0,0adab909-eb8f-4baf-9eed-7a4cc889cb7c,60:74:F4:73:99:E7,ihoment_H601B_99E7,-91,1760864334976
26876,1760864341190.0,0adab909-eb8f-4baf-9eed-7a4cc889cb7c,4C:96:8A:ED:6A:01,SPEN NA,-61,1760864334976
26877,1760864341834.0,0adab909-eb8f-4baf-9eed-7a4cc889cb7c,4C:96:8A:ED:6A:01,SPEN NA,-62,1760864334976
26878,1760864342148.0,0adab909-eb8f-4baf-9eed-7a4cc889cb7c,4C:96:8A:ED:6A:01,SPEN NA,-59,1760864334976
26879,1760864342450.0,0adab909-eb8f-4baf-9eed-7a4cc889cb7c,4C:96:8A:ED:6A:01,SPEN NA,-64,1760864334976
26880,1760864342768.0,0adab909-eb8f-4baf-9eed-7a4cc889cb7c,4C:96:8A:ED:6A:01,SPEN NA,-58,1760864334976
26881,1760864343064.0,0adab909-eb8f-4baf-9eed-7a4cc889cb7c,4C:96:8A:ED:6A:01,SPEN NA,-61,1760864334976
26882,1760864343395.0,0adab909-eb8f-4baf-9eed-7a4cc889cb7c,4C:96:8A:ED:6A:01,SPEN NA,-65,1760864334976
26883,1760864343713.0,0adab909-eb8f-4baf-9eed-7a4cc889cb7c,4C:96:8A:ED:6A:01,SPEN NA,-61,1760864334976
26884,1760864344041.0,0adab909-eb8f-4baf-9eed-7a4cc889cb7c,4C:96:8A:ED:6A:01,SPEN NA,-63,1760864334976
26885,1760864344347.0,0adab909-eb8f-4baf-9eed-7a4cc889cb7c,4C:96:8A:ED:6A:01,SPEN NA,-64,1760864334976
26886,1760864344672.0,0adab909-eb8f-4baf-9eed-7a4cc889cb7c,4C:96:8A:ED:6A:01,SPEN NA,-61,1760864334976
26887,1760864345299.0,0adab909-eb8f-4baf-9eed-7a4cc889cb7c,4C:96:8A:ED:6A:01,SPEN NA,-60,1760864334976
26888,1760864345617.0,0adab909-eb8f-4baf-9eed-7a4cc889cb7c,4C:96:8A:ED:6A:01,SPEN NA,-61,1760864334976
26889,1760864346004.0,0adab909-eb8f-4baf-9eed-7a4cc889cb7c,4C:96:8A:ED:6A:01,SPEN NA,-59,1760864334976
26890,1760864346983.0,0adab909-eb8f-4baf-9eed-7a4cc889cb7c,4C:96:8A:ED:6A:01,SPEN NA,-63,1760864334976
26891,1760865231906.0,0adab909-eb8f-4baf-9eed-7a4cc889cb7c,60:74:F4:73:99:E7,ihoment_H601B_99E7,-89,1760865231836
26892,1760865232538.0,0adab909-eb8f-4baf-9eed-7a4cc889cb7c,FF:10:10:AE:A7:64,Sunset lights,-87,1760865231836
26893,1760865233201.0,0adab909-eb8f-4baf-9eed-7a4cc889cb7c,60:74:F4:72:90:3F,ihoment_H601B_903F,-83,1760865231836
26894,1760865233567.0,0adab909-eb8f-4baf-9eed-7a4cc889cb7c,55:92:A7:4C:31:FB,,-89,1760865231836
26895,1760865234763.0,0adab909-eb8f-4baf-9eed-7a4cc889cb7c,50:3C:7C:4E:1E:1D,,-92,1760865231836
26896,1760865244771.0,0adab909-eb8f-4baf-9eed-7a4cc889cb7c,60:74:F4:73:99:E7,ihoment_H601B_99E7,-83,1760865231836
26897,1760865244829.0,0adab909-eb8f-4baf-9eed-7a4cc889cb7c,55:92:A7:4C:31:FB,,-83,1760865231836
26898,1760865245881.0,0adab909-eb8f-4baf-9eed-7a4cc889cb7c,60:74:F4:72:90:3F,ihoment_H601B_903F,-84,1760865231836
26899,1760865245927.0,0adab909-eb8f-4baf-9eed-7a4cc889cb7c,FF:10:10:AE:A7:64,Sunset lights,-68,1760865231836
26900,1760865563113.0,0adab909-eb8f-4baf-9eed-7a4cc889cb7c,60:74:F4:73:99:E7,ihoment_H601B_99E7,-90,1760865563069
26901,1760865563191.0,0adab909-eb8f-4baf-9eed-7a4cc889cb7c,FF:10:10:AE:A7:64,Sunset lights,-81,1760865563069
26902,1760865563497.0,0adab909-eb8f-4baf-9eed-7a4cc889cb7c,60:74:F4:72:90:3F,ihoment_H601B_903F,-81,1760865563069
26903,1760865576002.0,0adab909-eb8f-4baf-9eed-7a4cc889cb7c,60:74:F4:73:99:E7,ihoment_H601B_99E7,-87,1760865563069
26904,1760865576072.0,0adab909-eb8f-4baf-9eed-7a4cc889cb7c,FF:10:10:AE:A7:64,Sunset lights,-81,1760865563069
26905,1760865576139.0,0adab909-eb8f-4baf-9eed-7a4cc889cb7c,60:74:F4:72:90:3F,ihoment_H601B_903F,-79,1760865563069
26906,1760866133503.0,0adab909-eb8f-4baf-9eed-7a4cc889cb7c,FF:10:10:AE:A7:64,Sunset lights,-76,1760866131833
26907,1760866144777.0,0adab909-eb8f-4baf-9eed-7a4cc889cb7c,FF:10:10:AE:A7:64,Sunset lights,-75,1760866131833
26908,1760866144892.0,0adab909-eb8f-4baf-9eed-7a4cc889cb7c,D2:91:C5:57:DF:F0,,-94,1760866131833
26909,1760866755790.0,0adab909-eb8f-4baf-9eed-7a4cc889cb7c,60:74:F4:72:90:3F,ihoment_H601B_903F,-88,1760866755713
26910,1760866756834.0,0adab909-eb8f-4baf-9eed-7a4cc889cb7c,FF:10:10:AE:A7:64,Sunset lights,-82,1760866755713
26911,1760866762856.0,0adab909-eb8f-4baf-9eed-7a4cc889cb7c,60:74:F4:73:99:E7,ihoment_H601B_99E7,-84,1760866755713
26912,1760867364497.0,0adab909-eb8f-4baf-9eed-7a4cc889cb7c,60:74:F4:72:90:3F,ihoment_H601B_903F,-89,1760867364467
26913,1760867364871.0,0adab909-eb8f-4baf-9eed-7a4cc889cb7c,FF:10:10:AE:A7:64,Sunset lights,-77,1760867364467
26914,1760867364889.0,0adab909-eb8f-4baf-9eed-7a4cc889cb7c,4C:96:8A:ED:6A:01,SPEN NA,-45,1760867364467
26915,1760867364903.0,0adab909-eb8f-4baf-9eed-7a4cc889cb7c,60:74:F4:73:99:E7,ihoment_H601B_99E7,-78,1760867364467
26916,1760867365193.0,0adab909-eb8f-4baf-9eed-7a4cc889cb7c,4C:96:8A:ED:6A:01,SPEN NA,-50,1760867364467
26917,1760867365502.0,0adab909-eb8f-4baf-9eed-7a4cc889cb7c,63:66:74:85:63:90,,-92,1760867364467
26918,1760867366459.0,0adab909-eb8f-4baf-9eed-7a4cc889cb7c,4C:96:8A:ED:6A:01,SPEN NA,-47,1760867364467
26919,1760867367081.0,0adab909-eb8f-4baf-9eed-7a4cc889cb7c,4C:96:8A:ED:6A:01,SPEN NA,-51,1760867364467
26920,1760867368709.0,0adab909-eb8f-4baf-9eed-7a4cc889cb7c,50:97:59:BB:76:5A,,-81,1760867364467
26921,1760867368734.0,0adab909-eb8f-4baf-9eed-7a4cc889cb7c,4C:96:8A:ED:6A:01,SPEN NA,-46,1760867364467
26922,1760867369379.0,0adab909-eb8f-4baf-9eed-7a4cc889cb7c,4C:96:8A:ED:6A:01,SPEN NA,-46,1760867364467
26923,1760867369700.0,0adab909-eb8f-4baf-9eed-7a4cc889cb7c,4C:96:8A:ED:6A:01,SPEN NA,-45,1760867364467
26924,1760867370348.0,0adab909-eb8f-4baf-9eed-7a4cc889cb7c,4C:96:8A:ED:6A:01,SPEN NA,-46,1760867364467
26925,1760867370649.0,0adab909-eb8f-4baf-9eed-7a4cc889cb7c,4C:96:8A:ED:6A:01,SPEN NA,-45,1760867364467
26926,1760867370976.0,0adab909-eb8f-4baf-9eed-7a4cc889cb7c,4C:96:8A:ED:6A:01,SPEN NA,-51,1760867364467
26927,1760867371286.0,0adab909-eb8f-4baf-9eed-7a4cc889cb7c,4C:96:8A:ED:6A:01,SPEN NA,-46,1760867364467
26928,1760867371601.0,0adab909-eb8f-4baf-9eed-7a4cc889cb7c,4C:96:8A:ED:6A:01,SPEN NA,-46,1760867364467
26929,1760867373181.0,0adab909-eb8f-4baf-9eed-7a4cc889cb7c,4C:96:8A:ED:6A:01,SPEN NA,-47,1760867364467
26930,1760867373822.0,0adab909-eb8f-4baf-9eed-7a4cc889cb7c,4C:96:8A:ED:6A:01,SPEN NA,-51,1760867364467
26931,1760867374126.0,0adab909-eb8f-4baf-9eed-7a4cc889cb7c,4C:96:8A:ED:6A:01,SPEN NA,-45,1760867364467
26932,1760867374529.0,0adab909-eb8f-4baf-9eed-7a4cc889cb7c,4C:96:8A:ED:6A:01,SPEN NA,-46,1760867364467
26933,1760867375784.0,0adab909-eb8f-4baf-9eed-7a4cc889cb7c,4C:96:8A:ED:6A:01,SPEN NA,-50,1760867364467
26934,1760867376083.0,0adab909-eb8f-4baf-9eed-7a4cc889cb7c,4C:96:8A:ED:6A:01,SPEN NA,-47,1760867364467
26935,1760867376426.0,0adab909-eb8f-4baf-9eed-7a4cc889cb7c,4C:96:8A:ED:6A:01,SPEN NA,-46,1760867364467
26936,1760867376748.0,0adab909-eb8f-4baf-9eed-7a4cc889cb7c,4C:96:8A:ED:6A:01,SPEN NA,-51,1760867364467
26937,1760867377069.0,0adab909-eb8f-4baf-9eed-7a4cc889cb7c,4C:96:8A:ED:6A:01,SPEN NA,-45,1760867364467
26938,1760867377362.0,0adab909-eb8f-4baf-9eed-7a4cc889cb7c,60:74:F4:73:99:E7,ihoment_H601B_99E7,-84,1760867364467
26939,1760867377448.0,0adab909-eb8f-4baf-9eed-7a4cc889cb7c,FF:10:10:AE:A7:64,Sunset lights,-79,1760867364467
26940,1760867377466.0,0adab909-eb8f-4baf-9eed-7a4cc889cb7c,4C:96:8A:ED:6A:01,SPEN NA,-46,1760867364467
26941,1760867377488.0,0adab909-eb8f-4baf-9eed-7a4cc889cb7c,50:97:59:BB:76:5A,,-85,1760867364467
26942,1760867378455.0,0adab909-eb8f-4baf-9eed-7a4cc889cb7c,60:74:F4:72:90:3F,ihoment_H601B_903F,-85,1760867364467
26943,1760868024530.0,0adab909-eb8f-4baf-9eed-7a4cc889cb7c,60:74:F4:72:90:3F,ihoment_H601B_903F,-88,1760868024509
26944,1760868024584.0,0adab909-eb8f-4baf-9eed-7a4cc889cb7c,60:74:F4:73:99:E7,ihoment_H601B_99E7,-82,1760868024509
26945,1760868024625.0,0adab909-eb8f-4baf-9eed-7a4cc889cb7c,28:50:CA:57:2E:66,,-91,1760868024509
26946,1760868025289.0,0adab909-eb8f-4baf-9eed-7a4cc889cb7c,FF:10:10:AE:A7:64,Sunset lights,-68,1760868024509
26947,1760868025562.0,0adab909-eb8f-4baf-9eed-7a4cc889cb7c,50:97:59:BB:76:5A,,-82,1760868024509
26948,1760868028446.0,0adab909-eb8f-4baf-9eed-7a4cc889cb7c,41:6B:3F:10:A2:4B,,-85,1760868024509
26949,1760868555036.0,0adab909-eb8f-4baf-9eed-7a4cc889cb7c,60:74:F4:72:90:3F,ihoment_H601B_903F,-86,1760868554913
26950,1760868555082.0,0adab909-eb8f-4baf-9eed-7a4cc889cb7c,FF:10:10:AE:A7:64,Sunset lights,-81,1760868554913
26951,1760868555639.0,0adab909-eb8f-4baf-9eed-7a4cc889cb7c,7A:BF:62:08:97:6A,,-87,1760868554913
26952,1760868555672.0,0adab909-eb8f-4baf-9eed-7a4cc889cb7c,60:74:F4:73:99:E7,ihoment_H601B_99E7,-87,1760868554913
26953,1760869131605.0,0adab909-eb8f-4baf-9eed-7a4cc889cb7c,7A:BF:62:08:97:6A,,-89,1760869131148
26954,1760869131628.0,0adab909-eb8f-4baf-9eed-7a4cc889cb7c,60:74:F4:72:90:3F,ihoment_H601B_903F,-89,1760869131148
26955,1760869131865.0,0adab909-eb8f-4baf-9eed-7a4cc889cb7c,60:74:F4:73:99:E7,ihoment_H601B_99E7,-86,1760869131148
26956,1760869132207.0,0adab909-eb8f-4baf-9eed-7a4cc889cb7c,FF:10:10:AE:A7:64,Sunset lights,-82,1760869131148
26957,1760869731256.0,0adab909-eb8f-4baf-9eed-7a4cc889cb7c,60:74:F4:73:99:E7,ihoment_H601B_99E7,-93,1760869731163
26958,1760869731552.0,0adab909-eb8f-4baf-9eed-7a4cc889cb7c,FF:10:10:AE:A7:64,Sunset lights,-70,1760869731163
26959,1760869731573.0,0adab909-eb8f-4baf-9eed-7a4cc889cb7c,60:74:F4:72:90:3F,ihoment_H601B_903F,-89,1760869731163
26960,1760869732183.0,0adab909-eb8f-4baf-9eed-7a4cc889cb7c,5E:16:5D:5A:0E:85,,-91,1760869731163
26961,1760869737992.0,0adab909-eb8f-4baf-9eed-7a4cc889cb7c,44:D7:5F:B4:11:34,,-88,1760869731163
26962,1760870331256.0,0adab909-eb8f-4baf-9eed-7a4cc889cb7c,60:74:F4:72:90:3F,ihoment_H601B_903F,-88,1760870331134
26963,1760870331282.0,0adab909-eb8f-4baf-9eed-7a4cc889cb7c,68:25:0F:A6:A3:51,,-92,1760870331134
26964,1760870331558.0,0adab909-eb8f-4baf-9eed-7a4cc889cb7c,FF:10:10:AE:A7:64,Sunset lights,-71,1760870331134
26965,1760870333157.0,0adab909-eb8f-4baf-9eed-7a4cc889cb7c,60:74:F4:73:99:E7,ihoment_H601B_99E7,-87,1760870331134
26966,1760870333455.0,0adab909-eb8f-4baf-9eed-7a4cc889cb7c,42:3A:1D:AD:71:92,,-80,1760870331134
26967,1760870335134.0,0adab909-eb8f-4baf-9eed-7a4cc889cb7c,50:A2:22:EE:C8:21,,-91,1760870331134
26968,1760871231980.0,0adab909-eb8f-4baf-9eed-7a4cc889cb7c,FF:10:10:AE:A7:64,Sunset lights,-73,1760871231582
26969,1760871232370.0,0adab909-eb8f-4baf-9eed-7a4cc889cb7c,68:25:0F:A6:A3:51,,-90,1760871231582
26970,1760871232998.0,0adab909-eb8f-4baf-9eed-7a4cc889cb7c,42:3A:1D:AD:71:92,,-81,1760871231582
26971,1760871531675.0,0adab909-eb8f-4baf-9eed-7a4cc889cb7c,47:7D:07:1F:7C:B7,,127,1760871531588
26972,1760871531692.0,0adab909-eb8f-4baf-9eed-7a4cc889cb7c,FF:10:10:AE:A7:64,Sunset lights,-84,1760871531588
26973,1760871534250.0,0adab909-eb8f-4baf-9eed-7a4cc889cb7c,74:4F:10:DA:5E:61,,-84,1760871531588
26974,1760872132045.0,0adab909-eb8f-4baf-9eed-7a4cc889cb7c,FF:10:10:AE:A7:64,Sunset lights,-70,1760872131594
26975,1760872132663.0,0adab909-eb8f-4baf-9eed-7a4cc889cb7c,48:D6:C7:F1:5D:80,,-90,1760872131594
26976,1760872138054.0,0adab909-eb8f-4baf-9eed-7a4cc889cb7c,7B:C6:18:48:FF:8F,,-88,1760872131594
26977,1760872731643.0,0adab909-eb8f-4baf-9eed-7a4cc889cb7c,FF:10:10:AE:A7:64,Sunset lights,-72,1760872731234
26978,1760872732647.0,0adab909-eb8f-4baf-9eed-7a4cc889cb7c,48:D6:C7:F1:5D:80,,-85,1760872731234
26979,1760872740021.0,0adab909-eb8f-4baf-9eed-7a4cc889cb7c,7B:C6:18:48:FF:8F,,-84,1760872731234
26980,1760873331712.0,0adab909-eb8f-4baf-9eed-7a4cc889cb7c,FF:10:10:AE:A7:64,Sunset lights,-81,1760873331247
26981,1760873334261.0,0adab909-eb8f-4baf-9eed-7a4cc889cb7c,6F:07:F9:77:BB:57,,-85,1760873331247
26982,1760873338035.0,0adab909-eb8f-4baf-9eed-7a4cc889cb7c,6E:7C:D2:6D:6E:29,,-87,1760873331247
26983,1760873932340.0,0adab909-eb8f-4baf-9eed-7a4cc889cb7c,FF:10:10:AE:A7:64,Sunset lights,-86,1760873931252
26984,1760873933577.0,0adab909-eb8f-4baf-9eed-7a4cc889cb7c,6F:07:F9:77:BB:57,,-88,1760873931252
26985,1760873937452.0,0adab909-eb8f-4baf-9eed-7a4cc889cb7c,6E:7C:D2:6D:6E:29,,-84,1760873931252
26986,1760874532091.0,0adab909-eb8f-4baf-9eed-7a4cc889cb7c,FF:10:10:AE:A7:64,Sunset lights,-68,1760874531676
26987,1760874533371.0,0adab909-eb8f-4baf-9eed-7a4cc889cb7c,40:15:DE:9F:97:3D,,-86,1760874531676
26988,1760875132458.0,0adab909-eb8f-4baf-9eed-7a4cc889cb7c,FF:10:10:AE:A7:64,Sunset lights,-76,1760875131730
26989,1760875133043.0,0adab909-eb8f-4baf-9eed-7a4cc889cb7c,66:0D:B9:2B:DC:36,,-84,1760875131730
26990,1760875133058.0,0adab909-eb8f-4baf-9eed-7a4cc889cb7c,40:F3:B0:A1:56:24,,-89,1760875131730
26991,1760875142694.0,0adab909-eb8f-4baf-9eed-7a4cc889cb7c,6E:11:31:C3:0F:1D,,-89,1760875131730
26992,1760875731761.0,0adab909-eb8f-4baf-9eed-7a4cc889cb7c,FF:10:10:AE:A7:64,Sunset lights,-87,1760875731688
26993,1760875736605.0,0adab909-eb8f-4baf-9eed-7a4cc889cb7c,66:0D:B9:2B:DC:36,,-90,1760875731688
26994,1760875739825.0,0adab909-eb8f-4baf-9eed-7a4cc889cb7c,6B:F5:F8:0F:DC:5E,,-88,1760875731688
26995,1760876333015.0,0adab909-eb8f-4baf-9eed-7a4cc889cb7c,FF:10:10:AE:A7:64,Sunset lights,-80,1760876331253
26996,1760876333612.0,0adab909-eb8f-4baf-9eed-7a4cc889cb7c,4B:19:B8:02:8C:0E,,-80,1760876331253
26997,1760876932284.0,0adab909-eb8f-4baf-9eed-7a4cc889cb7c,FF:10:10:AE:A7:64,Sunset lights,-82,1760876931255
26998,1760876933313.0,0adab909-eb8f-4baf-9eed-7a4cc889cb7c,4B:19:B8:02:8C:0E,,-82,1760876931255
26999,1760876939053.0,0adab909-eb8f-4baf-9eed-7a4cc889cb7c,6B:CD:83:34:1A:1E,,-81,1760876931255
27000,1760877519603.0,0adab909-eb8f-4baf-9eed-7a4cc889cb7c,FF:10:10:AE:A7:64,Sunset lights,-78,1760877519593
27001,1760877522890.0,0adab909-eb8f-4baf-9eed-7a4cc889cb7c,48:93:FB:19:53:3E,,-96,1760877519593
27002,1760877532803.0,0adab909-eb8f-4baf-9eed-7a4cc889cb7c,FF:10:10:AE:A7:64,Sunset lights,-77,1760877519593
27003,1760878128748.0,0adab909-eb8f-4baf-9eed-7a4cc889cb7c,FF:10:10:AE:A7:64,Sunset lights,-69,1760878128713
27004,1760878141644.0,0adab909-eb8f-4baf-9eed-7a4cc889cb7c,FF:10:10:AE:A7:64,Sunset lights,-71,1760878128713
27005,1760879031252.0,0adab909-eb8f-4baf-9eed-7a4cc889cb7c,FF:10:10:AE:A7:64,Sunset lights,-70,1760879031206
27006,1760879032528.0,0adab909-eb8f-4baf-9eed-7a4cc889cb7c,6B:43:FE:85:AB:3C,,-91,1760879031206
27007,1760879035121.0,0adab909-eb8f-4baf-9eed-7a4cc889cb7c,76:92:17:F2:FF:97,,-89,1760879031206
27008,1760879035468.0,0adab909-eb8f-4baf-9eed-7a4cc889cb7c,4E:3B:54:32:39:13,,-86,1760879031206
27009,1760879044234.0,0adab909-eb8f-4baf-9eed-7a4cc889cb7c,FF:10:10:AE:A7:64,Sunset lights,-75,1760879031206
27010,1760879045289.0,0adab909-eb8f-4baf-9eed-7a4cc889cb7c,76:92:17:F2:FF:97,,-82,1760879031206
27011,1760879331578.0,0adab909-eb8f-4baf-9eed-7a4cc889cb7c,FF:10:10:AE:A7:64,Sunset lights,-77,1760879331142
27012,1760879344068.0,0adab909-eb8f-4baf-9eed-7a4cc889cb7c,FF:10:10:AE:A7:64,Sunset lights,-74,1760879331142
27013,1760879931035.0,0adab909-eb8f-4baf-9eed-7a4cc889cb7c,FF:10:10:AE:A7:64,Sunset lights,-76,1760879930916
27014,1760879944926.0,0adab909-eb8f-4baf-9eed-7a4cc889cb7c,FF:10:10:AE:A7:64,Sunset lights,-70,1760879930916
27015,1760880531034.0,0adab909-eb8f-4baf-9eed-7a4cc889cb7c,FF:10:10:AE:A7:64,Sunset lights,-85,1760880530933
27016,1760880543920.0,0adab909-eb8f-4baf-9eed-7a4cc889cb7c,FF:10:10:AE:A7:64,Sunset lights,-78,1760880530933
27017,1760881131035.0,0adab909-eb8f-4baf-9eed-7a4cc889cb7c,64:33:07:05:9D:6F,,-89,1760881130926
27018,1760881131387.0,0adab909-eb8f-4baf-9eed-7a4cc889cb7c,FF:10:10:AE:A7:64,Sunset lights,-76,1760881130926
27019,1760881143860.0,0adab909-eb8f-4baf-9eed-7a4cc889cb7c,FF:10:10:AE:A7:64,Sunset lights,-76,1760881130926
27020,1760881731041.0,0adab909-eb8f-4baf-9eed-7a4cc889cb7c,FF:10:10:AE:A7:64,Sunset lights,-81,1760881730922
27021,1760881732639.0,0adab909-eb8f-4baf-9eed-7a4cc889cb7c,64:33:07:05:9D:6F,,-81,1760881730922
27022,1760881743945.0,0adab909-eb8f-4baf-9eed-7a4cc889cb7c,FF:10:10:AE:A7:64,Sunset lights,-73,1760881730922
27023,1760882362174.0,0adab909-eb8f-4baf-9eed-7a4cc889cb7c,FF:10:10:AE:A7:64,Sunset lights,-72,1760882360998
27024,1760882362409.0,0adab909-eb8f-4baf-9eed-7a4cc889cb7c,4C:96:8A:ED:6A:01,SPEN NA,-46,1760882360998
27025,1760882363030.0,0adab909-eb8f-4baf-9eed-7a4cc889cb7c,4C:96:8A:ED:6A:01,SPEN NA,-50,1760882360998
27026,1760882363122.0,0adab909-eb8f-4baf-9eed-7a4cc889cb7c,4C:96:8A:ED:6A:01,SPEN NA,-45,1760882360998
27027,1760882363971.0,0adab909-eb8f-4baf-9eed-7a4cc889cb7c,4C:96:8A:ED:6A:01,SPEN NA,-45,1760882360998
27028,1760882364276.0,0adab909-eb8f-4baf-9eed-7a4cc889cb7c,4C:96:8A:ED:6A:01,SPEN NA,-46,1760882360998
27029,1760882365118.0,0adab909-eb8f-4baf-9eed-7a4cc889cb7c,4C:96:8A:ED:6A:01,SPEN NA,-45,1760882360998
27030,1760882365373.0,0adab909-eb8f-4baf-9eed-7a4cc889cb7c,4C:96:8A:ED:6A:01,SPEN NA,-46,1760882360998
27031,1760882365705.0,0adab909-eb8f-4baf-9eed-7a4cc889cb7c,4C:96:8A:ED:6A:01,SPEN NA,-51,1760882360998
27032,1760882365852.0,0adab909-eb8f-4baf-9eed-7a4cc889cb7c,4C:96:8A:ED:6A:01,SPEN NA,-47,1760882360998
27033,1760882366175.0,0adab909-eb8f-4baf-9eed-7a4cc889cb7c,4C:96:8A:ED:6A:01,SPEN NA,-45,1760882360998
27034,1760882366192.0,0adab909-eb8f-4baf-9eed-7a4cc889cb7c,52:99:A1:5E:C0:30,,-87,1760882360998
27035,1760882368020.0,0adab909-eb8f-4baf-9eed-7a4cc889cb7c,4C:96:8A:ED:6A:01,SPEN NA,-46,1760882360998
27036,1760882369514.0,0adab909-eb8f-4baf-9eed-7a4cc889cb7c,4C:96:8A:ED:6A:01,SPEN NA,-50,1760882360998
27037,1760882369859.0,0adab909-eb8f-4baf-9eed-7a4cc889cb7c,4C:96:8A:ED:6A:01,SPEN NA,-45,1760882360998
27038,1760882370177.0,0adab909-eb8f-4baf-9eed-7a4cc889cb7c,4C:96:8A:ED:6A:01,SPEN NA,-45,1760882360998
27039,1760882370384.0,0adab909-eb8f-4baf-9eed-7a4cc889cb7c,4C:96:8A:ED:6A:01,SPEN NA,-56,1760882360998
27040,1760882370688.0,0adab909-eb8f-4baf-9eed-7a4cc889cb7c,4C:96:8A:ED:6A:01,SPEN NA,-61,1760882360998
27041,1760882371320.0,0adab909-eb8f-4baf-9eed-7a4cc889cb7c,4C:96:8A:ED:6A:01,SPEN NA,-56,1760882360998
27042,1760882371630.0,0adab909-eb8f-4baf-9eed-7a4cc889cb7c,4C:96:8A:ED:6A:01,SPEN NA,-57,1760882360998
27043,1760882371660.0,0adab909-eb8f-4baf-9eed-7a4cc889cb7c,7A:B5:07:9D:5D:E0,,-86,1760882360998
27044,1760882374015.0,0adab909-eb8f-4baf-9eed-7a4cc889cb7c,FF:10:10:AE:A7:64,Sunset lights,-83,1760882360998
27045,1760882956020.0,0adab909-eb8f-4baf-9eed-7a4cc889cb7c,7C:E3:F5:B9:4A:28,,-91,1760882955913
27046,1760882956070.0,0adab909-eb8f-4baf-9eed-7a4cc889cb7c,4C:96:8A:ED:6A:01,SPEN NA,-47,1760882955913
27047,1760882956304.0,0adab909-eb8f-4baf-9eed-7a4cc889cb7c,FF:10:10:AE:A7:64,Sunset lights,-76,1760882955913
27048,1760882956364.0,0adab909-eb8f-4baf-9eed-7a4cc889cb7c,4C:96:8A:ED:6A:01,SPEN NA,-48,1760882955913
27049,1760882956639.0,0adab909-eb8f-4baf-9eed-7a4cc889cb7c,48:82:94:F6:57:CC,,-89,1760882955913
27050,1760882956679.0,0adab909-eb8f-4baf-9eed-7a4cc889cb7c,4C:96:8A:ED:6A:01,SPEN NA,127,1760882955913
27051,1760882956995.0,0adab909-eb8f-4baf-9eed-7a4cc889cb7c,4C:96:8A:ED:6A:01,SPEN NA,-44,1760882955913
27052,1760882957627.0,0adab909-eb8f-4baf-9eed-7a4cc889cb7c,4C:96:8A:ED:6A:01,SPEN NA,-48,1760882955913
27053,1760882957963.0,0adab909-eb8f-4baf-9eed-7a4cc889cb7c,4C:96:8A:ED:6A:01,SPEN NA,-44,1760882955913
27054,1760882958256.0,0adab909-eb8f-4baf-9eed-7a4cc889cb7c,4C:96:8A:ED:6A:01,SPEN NA,-44,1760882955913
27055,1760882958582.0,0adab909-eb8f-4baf-9eed-7a4cc889cb7c,4C:96:8A:ED:6A:01,SPEN NA,-48,1760882955913
27056,1760882958899.0,0adab909-eb8f-4baf-9eed-7a4cc889cb7c,4C:96:8A:ED:6A:01,SPEN NA,-45,1760882955913
27057,1760882959542.0,0adab909-eb8f-4baf-9eed-7a4cc889cb7c,4C:96:8A:ED:6A:01,SPEN NA,-48,1760882955913
27058,1760882960173.0,0adab909-eb8f-4baf-9eed-7a4cc889cb7c,4C:96:8A:ED:6A:01,SPEN NA,-44,1760882955913
27059,1760882960482.0,0adab909-eb8f-4baf-9eed-7a4cc889cb7c,4C:96:8A:ED:6A:01,SPEN NA,-48,1760882955913
27060,1760882960785.0,0adab909-eb8f-4baf-9eed-7a4cc889cb7c,4C:96:8A:ED:6A:01,SPEN NA,-44,1760882955913
27061,1760882961815.0,0adab909-eb8f-4baf-9eed-7a4cc889cb7c,4C:96:8A:ED:6A:01,SPEN NA,-44,1760882955913
27062,1760882962774.0,0adab909-eb8f-4baf-9eed-7a4cc889cb7c,4C:96:8A:ED:6A:01,SPEN NA,-45,1760882955913
27063,1760882963938.0,0adab909-eb8f-4baf-9eed-7a4cc889cb7c,4C:96:8A:ED:6A:01,SPEN NA,-44,1760882955913
27064,1760882964047.0,0adab909-eb8f-4baf-9eed-7a4cc889cb7c,4C:96:8A:ED:6A:01,SPEN NA,-45,1760882955913
27065,1760882964353.0,0adab909-eb8f-4baf-9eed-7a4cc889cb7c,4C:96:8A:ED:6A:01,SPEN NA,-49,1760882955913
27066,1760882965182.0,0adab909-eb8f-4baf-9eed-7a4cc889cb7c,4C:96:8A:ED:6A:01,SPEN NA,-45,1760882955913
27067,1760882965201.0,0adab909-eb8f-4baf-9eed-7a4cc889cb7c,4C:96:8A:ED:6A:01,SPEN NA,-45,1760882955913
27068,1760882965292.0,0adab909-eb8f-4baf-9eed-7a4cc889cb7c,4C:96:8A:ED:6A:01,SPEN NA,-49,1760882955913
27069,1760882965621.0,0adab909-eb8f-4baf-9eed-7a4cc889cb7c,4C:96:8A:ED:6A:01,SPEN NA,-46,1760882955913
27070,1760882966251.0,0adab909-eb8f-4baf-9eed-7a4cc889cb7c,4C:96:8A:ED:6A:01,SPEN NA,-48,1760882955913
27071,1760882967204.0,0adab909-eb8f-4baf-9eed-7a4cc889cb7c,4C:96:8A:ED:6A:01,SPEN NA,-49,1760882955913
27072,1760882967499.0,0adab909-eb8f-4baf-9eed-7a4cc889cb7c,4C:96:8A:ED:6A:01,SPEN NA,-45,1760882955913
27073,1760882967818.0,0adab909-eb8f-4baf-9eed-7a4cc889cb7c,4C:96:8A:ED:6A:01,SPEN NA,-45,1760882955913
27074,1760882968450.0,0adab909-eb8f-4baf-9eed-7a4cc889cb7c,4C:96:8A:ED:6A:01,SPEN NA,-46,1760882955913
27075,1760882968856.0,0adab909-eb8f-4baf-9eed-7a4cc889cb7c,4C:96:8A:ED:6A:01,SPEN NA,-45,1760882955913
27076,1760882970068.0,0adab909-eb8f-4baf-9eed-7a4cc889cb7c,FF:10:10:AE:A7:64,Sunset lights,-71,1760882955913
27077,1760883831566.0,0adab909-eb8f-4baf-9eed-7a4cc889cb7c,71:43:13:0D:FB:F9,,-89,1760883831486
27078,1760883831613.0,0adab909-eb8f-4baf-9eed-7a4cc889cb7c,69:C9:07:F0:8F:C1,,-93,1760883831486
27079,1760883832508.0,0adab909-eb8f-4baf-9eed-7a4cc889cb7c,FF:10:10:AE:A7:64,Sunset lights,-82,1760883831486
27080,1760883838335.0,0adab909-eb8f-4baf-9eed-7a4cc889cb7c,4E:A3:CE:72:75:E5,,-86,1760883831486
27081,1760884131565.0,0adab909-eb8f-4baf-9eed-7a4cc889cb7c,71:43:13:0D:FB:F9,,-85,1760884131485
27082,1760884132550.0,0adab909-eb8f-4baf-9eed-7a4cc889cb7c,6B:30:5A:49:2C:F6,,-92,1760884131485
27083,1760884132868.0,0adab909-eb8f-4baf-9eed-7a4cc889cb7c,FF:10:10:AE:A7:64,Sunset lights,-76,1760884131485
27084,1760884138020.0,0adab909-eb8f-4baf-9eed-7a4cc889cb7c,4E:A3:CE:72:75:E5,,-86,1760884131485
27085,1760884731525.0,0adab909-eb8f-4baf-9eed-7a4cc889cb7c,FF:10:10:AE:A7:64,Sunset lights,-71,1760884731488
27086,1760885331752.0,0adab909-eb8f-4baf-9eed-7a4cc889cb7c,7D:13:21:24:8A:27,,-77,1760885331677
27087,1760885332399.0,0adab909-eb8f-4baf-9eed-7a4cc889cb7c,FF:10:10:AE:A7:64,Sunset lights,-75,1760885331677
27088,1760885333083.0,0adab909-eb8f-4baf-9eed-7a4cc889cb7c,6C:5E:59:79:F3:7E,,-69,1760885331677
27089,1760885335007.0,0adab909-eb8f-4baf-9eed-7a4cc889cb7c,6F:3E:AC:51:FB:8B,,-66,1760885331677
27090,1760886239362.0,0adab909-eb8f-4baf-9eed-7a4cc889cb7c,FF:10:10:AE:A7:64,Sunset lights,-75,1760886239335
27091,1760886240717.0,0adab909-eb8f-4baf-9eed-7a4cc889cb7c,73:E4:49:B2:1A:F1,,-76,1760886239335
27092,1760886242618.0,0adab909-eb8f-4baf-9eed-7a4cc889cb7c,45:DB:4A:D5:CE:ED,,-91,1760886239335
27093,1760886243575.0,0adab909-eb8f-4baf-9eed-7a4cc889cb7c,45:96:C0:21:EB:D6,,-91,1760886239335
27094,1760886247065.0,0adab909-eb8f-4baf-9eed-7a4cc889cb7c,7E:53:D3:D8:7B:7E,,-79,1760886239335
27095,1760886831438.0,0adab909-eb8f-4baf-9eed-7a4cc889cb7c,FF:10:10:AE:A7:64,Sunset lights,-71,1760886831314
27096,1760886832730.0,0adab909-eb8f-4baf-9eed-7a4cc889cb7c,73:E4:49:B2:1A:F1,,-79,1760886831314
27097,1760886833687.0,0adab909-eb8f-4baf-9eed-7a4cc889cb7c,5C:A3:A3:B2:1A:BC,,-88,1760886831314
27098,1760886836861.0,0adab909-eb8f-4baf-9eed-7a4cc889cb7c,7E:53:D3:D8:7B:7E,,-88,1760886831314
27099,1760887431785.0,0adab909-eb8f-4baf-9eed-7a4cc889cb7c,FF:10:10:AE:A7:64,Sunset lights,-76,1760887431306
27100,1760887432506.0,0adab909-eb8f-4baf-9eed-7a4cc889cb7c,02:10:31:63:13:89,BT3955,-100,1760887431306
27101,1760888031459.0,0adab909-eb8f-4baf-9eed-7a4cc889cb7c,4B:2B:5B:E1:E7:29,,-91,1760888031337
27102,1760888031485.0,0adab909-eb8f-4baf-9eed-7a4cc889cb7c,FF:10:10:AE:A7:64,Sunset lights,-88,1760888031337
27103,1760888631819.0,0adab909-eb8f-4baf-9eed-7a4cc889cb7c,4B:2B:5B:E1:E7:29,,-85,1760888631426
27104,1760888632859.0,0adab909-eb8f-4baf-9eed-7a4cc889cb7c,FF:10:10:AE:A7:64,Sunset lights,-73,1760888631426
27105,1760888640519.0,0adab909-eb8f-4baf-9eed-7a4cc889cb7c,47:1F:75:5D:E6:FB,,-89,1760888631426
27106,1760889232731.0,0adab909-eb8f-4baf-9eed-7a4cc889cb7c,FF:10:10:AE:A7:64,Sunset lights,-70,1760889231405
27107,1760889234651.0,0adab909-eb8f-4baf-9eed-7a4cc889cb7c,71:D4:D5:E7:D1:18,,-89,1760889231405
27108,1760889235332.0,0adab909-eb8f-4baf-9eed-7a4cc889cb7c,61:8D:2C:E3:2D:13,,-88,1760889231405
27109,1760889832207.0,0adab909-eb8f-4baf-9eed-7a4cc889cb7c,FF:10:10:AE:A7:64,Sunset lights,-70,1760889831415
27110,1760889844371.0,0adab909-eb8f-4baf-9eed-7a4cc889cb7c,05:DD:40:83:E6:BA,,-73,1760889831415
27111,1760889844403.0,0adab909-eb8f-4baf-9eed-7a4cc889cb7c,FF:10:10:AE:A7:64,Sunset lights,-67,1760889831415
27112,1760890431359.0,0adab909-eb8f-4baf-9eed-7a4cc889cb7c,48:08:7D:BE:9F:FA,,-85,1760890431299
27113,1760890431395.0,0adab909-eb8f-4baf-9eed-7a4cc889cb7c,CF:33:36:32:4C:1E,Govee_H6054_4C1E,-71,1760890431299
27114,1760890431713.0,0adab909-eb8f-4baf-9eed-7a4cc889cb7c,FF:10:10:AE:A7:64,Sunset lights,-62,1760890431299
27115,1760890444351.0,0adab909-eb8f-4baf-9eed-7a4cc889cb7c,C4:58:D4:04:EB:D8,,-93,1760890431299
27116,1760890444379.0,0adab909-eb8f-4baf-9eed-7a4cc889cb7c,CF:33:36:32:4C:1E,Govee_H6054_4C1E,-72,1760890431299
27117,1760890444395.0,0adab909-eb8f-4baf-9eed-7a4cc889cb7c,48:08:7D:BE:9F:FA,,-82,1760890431299
27118,1760890446489.0,0adab909-eb8f-4baf-9eed-7a4cc889cb7c,FF:10:10:AE:A7:64,Sunset lights,-63,1760890431299
27119,1760891031442.0,0adab909-eb8f-4baf-9eed-7a4cc889cb7c,FF:10:10:AE:A7:64,Sunset lights,-81,1760891031311
27120,1760891032981.0,0adab909-eb8f-4baf-9eed-7a4cc889cb7c,CF:33:36:32:4C:1E,Govee_H6054_4C1E,-80,1760891031311
27121,1760891034281.0,0adab909-eb8f-4baf-9eed-7a4cc889cb7c,40:6B:87:FB:FB:48,,-87,1760891031311
27122,1760891035545.0,0adab909-eb8f-4baf-9eed-7a4cc889cb7c,68:3F:2A:DC:C3:66,,-92,1760891031311
27123,1760891045028.0,0adab909-eb8f-4baf-9eed-7a4cc889cb7c,FF:10:10:AE:A7:64,Sunset lights,-77,1760891031311
27124,1760891046071.0,0adab909-eb8f-4baf-9eed-7a4cc889cb7c,CF:33:36:32:4C:1E,Govee_H6054_4C1E,-82,1760891031311
27125,1760891046127.0,0adab909-eb8f-4baf-9eed-7a4cc889cb7c,40:6B:87:FB:FB:48,,-88,1760891031311
27126,1760891470494.0,0adab909-eb8f-4baf-9eed-7a4cc889cb7c,40:6B:87:FB:FB:48,,-84,1760891470453
27127,1760891470597.0,0adab909-eb8f-4baf-9eed-7a4cc889cb7c,CF:33:36:32:4C:1E,Govee_H6054_4C1E,-76,1760891470453
27128,1760891470629.0,0adab909-eb8f-4baf-9eed-7a4cc889cb7c,FF:10:10:AE:A7:64,Sunset lights,-72,1760891470453
27129,1760891471483.0,0adab909-eb8f-4baf-9eed-7a4cc889cb7c,5E:4B:D1:E4:B4:BA,,-93,1760891470453
27130,1760891472790.0,0adab909-eb8f-4baf-9eed-7a4cc889cb7c,68:3F:2A:DC:C3:66,,-93,1760891470453
27131,1760891483474.0,0adab909-eb8f-4baf-9eed-7a4cc889cb7c,CF:33:36:32:4C:1E,Govee_H6054_4C1E,-75,1760891470453
27132,1760891483514.0,0adab909-eb8f-4baf-9eed-7a4cc889cb7c,FF:10:10:AE:A7:64,Sunset lights,-72,1760891470453
27133,1760891483977.0,0adab909-eb8f-4baf-9eed-7a4cc889cb7c,DC:58:41:D5:E5:8B,,-95,1760891470453
27134,1760892012014.0,0adab909-eb8f-4baf-9eed-7a4cc889cb7c,FF:10:10:AE:A7:64,Sunset lights,-76,1760892011882
27135,1760892012321.0,0adab909-eb8f-4baf-9eed-7a4cc889cb7c,CF:33:36:32:4C:1E,Govee_H6054_4C1E,-80,1760892011882
27136,1760892024791.0,0adab909-eb8f-4baf-9eed-7a4cc889cb7c,FF:10:10:AE:A7:64,Sunset lights,-71,1760892011882
27137,1760892025865.0,0adab909-eb8f-4baf-9eed-7a4cc889cb7c,CF:33:36:32:4C:1E,Govee_H6054_4C1E,-76,1760892011882
27138,1760892621581.0,0adab909-eb8f-4baf-9eed-7a4cc889cb7c,FF:10:10:AE:A7:64,Sunset lights,-89,1760892621108
27139,1760892632767.0,0adab909-eb8f-4baf-9eed-7a4cc889cb7c,CF:33:36:32:4C:1E,Govee_H6054_4C1E,-81,1760892621108
27140,1760893233012.0,0adab909-eb8f-4baf-9eed-7a4cc889cb7c,FF:10:10:AE:A7:64,Sunset lights,-83,1760893232928
27141,1760893233291.0,0adab909-eb8f-4baf-9eed-7a4cc889cb7c,65:21:57:68:D3:03,,-91,1760893232928
27142,1760893233328.0,0adab909-eb8f-4baf-9eed-7a4cc889cb7c,CF:33:36:32:4C:1E,Govee_H6054_4C1E,-73,1760893232928
27143,1760893236786.0,0adab909-eb8f-4baf-9eed-7a4cc889cb7c,27:54:1C:B3:8F:D1,,-91,1760893232928
27144,1760893236820.0,0adab909-eb8f-4baf-9eed-7a4cc889cb7c,31:85:AD:BF:A1:E5,,-91,1760893232928
27145,1760893238099.0,0adab909-eb8f-4baf-9eed-7a4cc889cb7c,45:CA:D2:49:65:0C,,-90,1760893232928
27146,1760893245497.0,0adab909-eb8f-4baf-9eed-7a4cc889cb7c,60:11:DA:A6:4A:A8,,-83,1760893232928
27147,1760893245788.0,0adab909-eb8f-4baf-9eed-7a4cc889cb7c,FF:10:10:AE:A7:64,Sunset lights,-78,1760893232928
27148,1760893245840.0,0adab909-eb8f-4baf-9eed-7a4cc889cb7c,CF:33:36:32:4C:1E,Govee_H6054_4C1E,-79,1760893232928
27149,1760893246000.0,0adab909-eb8f-4baf-9eed-7a4cc889cb7c,65:21:57:68:D3:03,,-85,1760893232928
27150,1760894030865.0,0adab909-eb8f-4baf-9eed-7a4cc889cb7c,CF:33:36:32:4C:1E,Govee_H6054_4C1E,-75,1760894030823
27151,1760894031504.0,0adab909-eb8f-4baf-9eed-7a4cc889cb7c,FF:10:10:AE:A7:64,Sunset lights,-76,1760894030823
27152,1760894033107.0,0adab909-eb8f-4baf-9eed-7a4cc889cb7c,65:FA:F1:80:1D:38,,-83,1760894030823
27153,1760894038898.0,0adab909-eb8f-4baf-9eed-7a4cc889cb7c,62:4A:72:FA:CF:37,,-94,1760894030823
27154,1760894041756.0,0adab909-eb8f-4baf-9eed-7a4cc889cb7c,53:53:AF:CE:CF:7F,,-91,1760894030823
27155,1760894044751.0,0adab909-eb8f-4baf-9eed-7a4cc889cb7c,CF:33:36:32:4C:1E,Govee_H6054_4C1E,-68,1760894030823
27156,1760894044780.0,0adab909-eb8f-4baf-9eed-7a4cc889cb7c,FF:10:10:AE:A7:64,Sunset lights,-73,1760894030823
27157,1760894045737.0,0adab909-eb8f-4baf-9eed-7a4cc889cb7c,65:FA:F1:80:1D:38,,-84,1760894030823
27158,1760894447744.0,0adab909-eb8f-4baf-9eed-7a4cc889cb7c,FF:10:10:AE:A7:64,Sunset lights,-84,1760894447646
27159,1760894447787.0,0adab909-eb8f-4baf-9eed-7a4cc889cb7c,65:FA:F1:80:1D:38,,-94,1760894447646
27160,1760894448143.0,0adab909-eb8f-4baf-9eed-7a4cc889cb7c,CF:33:36:32:4C:1E,Govee_H6054_4C1E,-73,1760894447646
27161,1760894459306.0,0adab909-eb8f-4baf-9eed-7a4cc889cb7c,4F:92:6A:D3:A0:E9,,-84,1760894447646
27162,1760895231615.0,0adab909-eb8f-4baf-9eed-7a4cc889cb7c,FF:10:10:AE:A7:64,Sunset lights,-85,1760895231500
27163,1760895231869.0,0adab909-eb8f-4baf-9eed-7a4cc889cb7c,CF:33:36:32:4C:1E,Govee_H6054_4C1E,-72,1760895231500
27164,1760895233479.0,0adab909-eb8f-4baf-9eed-7a4cc889cb7c,4E:29:9D:F0:F8:BC,,-85,1760895231500
27165,1760895831168.0,0adab909-eb8f-4baf-9eed-7a4cc889cb7c,FF:10:10:AE:A7:64,Sunset lights,-87,1760895831120
27166,1760895831189.0,0adab909-eb8f-4baf-9eed-7a4cc889cb7c,5D:E2:8E:E5:CE:77,,-90,1760895831120
27167,1760895831230.0,0adab909-eb8f-4baf-9eed-7a4cc889cb7c,CF:33:36:32:4C:1E,Govee_H6054_4C1E,-88,1760895831120
27168,1760895834764.0,0adab909-eb8f-4baf-9eed-7a4cc889cb7c,56:C1:FA:5D:E7:D8,,-88,1760895831120
27169,1760895835359.0,0adab909-eb8f-4baf-9eed-7a4cc889cb7c,4A:8B:8F:50:08:92,,-91,1760895831120
27170,1760895835974.0,0adab909-eb8f-4baf-9eed-7a4cc889cb7c,77:19:64:7F:C8:02,,-88,1760895831120
27171,1760895836295.0,0adab909-eb8f-4baf-9eed-7a4cc889cb7c,C3:82:63:CB:D2:9F,CZL2Z_d5i0,-85,1760895831120
27172,1760895836608.0,0adab909-eb8f-4baf-9eed-7a4cc889cb7c,C3:82:64:BF:BF:73,CZL2F_d5i1,-81,1760895831120
27173,1760895844066.0,0adab909-eb8f-4baf-9eed-7a4cc889cb7c,FF:10:10:AE:A7:64,Sunset lights,-82,1760895831120
27174,1760895844090.0,0adab909-eb8f-4baf-9eed-7a4cc889cb7c,13:A0:77:5B:E7:9E,,-81,1760895831120
27175,1760895846059.0,0adab909-eb8f-4baf-9eed-7a4cc889cb7c,77:C3:8A:6C:66:EB,,-94,1760895831120
27176,1760896431221.0,0adab909-eb8f-4baf-9eed-7a4cc889cb7c,CF:33:36:32:4C:1E,Govee_H6054_4C1E,-81,1760896431128
27177,1760896432128.0,0adab909-eb8f-4baf-9eed-7a4cc889cb7c,FF:10:10:AE:A7:64,Sunset lights,-84,1760896431128
27178,1760896434421.0,0adab909-eb8f-4baf-9eed-7a4cc889cb7c,7A:74:25:B4:8A:4D,,-77,1760896431128
27179,1760896444104.0,0adab909-eb8f-4baf-9eed-7a4cc889cb7c,FF:10:10:AE:A7:64,Sunset lights,-80,1760896431128
27180,1760896444130.0,0adab909-eb8f-4baf-9eed-7a4cc889cb7c,CF:33:36:32:4C:1E,Govee_H6054_4C1E,-77,1760896431128
27181,1760896843140.0,0adab909-eb8f-4baf-9eed-7a4cc889cb7c,FF:10:10:AE:A7:64,Sunset lights,-76,1760896842705
27182,1760896843169.0,0adab909-eb8f-4baf-9eed-7a4cc889cb7c,CF:33:36:32:4C:1E,Govee_H6054_4C1E,-79,1760896842705
27183,1760896855705.0,0adab909-eb8f-4baf-9eed-7a4cc889cb7c,FF:10:10:AE:A7:64,Sunset lights,-69,1760896842705
27184,1760896855813.0,0adab909-eb8f-4baf-9eed-7a4cc889cb7c,CF:33:36:32:4C:1E,Govee_H6054_4C1E,-83,1760896842705
27185,1760897445436.0,0adab909-eb8f-4baf-9eed-7a4cc889cb7c,FF:10:10:AE:A7:64,Sunset lights,-86,1760897444987
27186,1760897446001.0,0adab909-eb8f-4baf-9eed-7a4cc889cb7c,CF:33:36:32:4C:1E,Govee_H6054_4C1E,-79,1760897444987
27187,1760897446367.0,0adab909-eb8f-4baf-9eed-7a4cc889cb7c,63:44:87:84:C1:C3,,-89,1760897444987
27188,1760897448878.0,0adab909-eb8f-4baf-9eed-7a4cc889cb7c,7A:74:25:B4:8A:4D,,-89,1760897444987
27189,1760897449258.0,0adab909-eb8f-4baf-9eed-7a4cc889cb7c,26:6C:AB:AC:E5:EF,,-94,1760897444987
27190,1760897457931.0,0adab909-eb8f-4baf-9eed-7a4cc889cb7c,CF:33:36:32:4C:1E,Govee_H6054_4C1E,-77,1760897444987
27191,1760897458905.0,0adab909-eb8f-4baf-9eed-7a4cc889cb7c,7A:74:25:B4:8A:4D,,-93,1760897444987
27192,1760897458936.0,0adab909-eb8f-4baf-9eed-7a4cc889cb7c,C2:EB:18:5B:D3:56,,-94,1760897444987
27193,1760897460100.0,0adab909-eb8f-4baf-9eed-7a4cc889cb7c,FF:10:10:AE:A7:64,Sunset lights,-77,1760897444987
27194,1760898009792.0,0adab909-eb8f-4baf-9eed-7a4cc889cb7c,CF:33:36:32:4C:1E,Govee_H6054_4C1E,-82,1760898009756
27195,1760898009830.0,0adab909-eb8f-4baf-9eed-7a4cc889cb7c,FF:10:10:AE:A7:64,Sunset lights,-68,1760898009756
27196,1760898012781.0,0adab909-eb8f-4baf-9eed-7a4cc889cb7c,5D:39:35:89:18:3F,,-86,1760898009756
27197,1760898022696.0,0adab909-eb8f-4baf-9eed-7a4cc889cb7c,FF:10:10:AE:A7:64,Sunset lights,-63,1760898009756
27198,1760898022726.0,0adab909-eb8f-4baf-9eed-7a4cc889cb7c,CF:33:36:32:4C:1E,Govee_H6054_4C1E,-77,1760898009756
27199,1760898022782.0,0adab909-eb8f-4baf-9eed-7a4cc889cb7c,5D:39:35:89:18:3F,,-87,1760898009756
27200,1760898618787.0,0adab909-eb8f-4baf-9eed-7a4cc889cb7c,CF:33:36:32:4C:1E,Govee_H6054_4C1E,-82,1760898618659
27201,1760898619089.0,0adab909-eb8f-4baf-9eed-7a4cc889cb7c,FF:10:10:AE:A7:64,Sunset lights,-67,1760898618659
27202,1760898629799.0,0adab909-eb8f-4baf-9eed-7a4cc889cb7c,7B:AB:F8:B0:0C:76,,-72,1760898618659
27203,1760898631564.0,0adab909-eb8f-4baf-9eed-7a4cc889cb7c,FF:10:10:AE:A7:64,Sunset lights,-67,1760898618659
27204,1760898631616.0,0adab909-eb8f-4baf-9eed-7a4cc889cb7c,CF:33:36:32:4C:1E,Govee_H6054_4C1E,-79,1760898618659
27205,1760898631711.0,0adab909-eb8f-4baf-9eed-7a4cc889cb7c,7B:AB:F8:B0:0C:76,,-82,1760898618659
27206,1760898632690.0,0adab909-eb8f-4baf-9eed-7a4cc889cb7c,DC:42:15:E5:18:20,,-78,1760898618659
27207,1760899209386.0,0adab909-eb8f-4baf-9eed-7a4cc889cb7c,FF:10:10:AE:A7:64,Sunset lights,-84,1760899209283
27208,1760899209431.0,0adab909-eb8f-4baf-9eed-7a4cc889cb7c,6C:67:E2:A1:AD:64,,-82,1760899209283
27209,1760899210683.0,0adab909-eb8f-4baf-9eed-7a4cc889cb7c,CF:33:36:32:4C:1E,Govee_H6054_4C1E,-84,1760899209283
27210,1760899222374.0,0adab909-eb8f-4baf-9eed-7a4cc889cb7c,FF:10:10:AE:A7:64,Sunset lights,-80,1760899209283
27211,1760899223449.0,0adab909-eb8f-4baf-9eed-7a4cc889cb7c,6C:67:E2:A1:AD:64,,-76,1760899209283
27212,1760899818481.0,0adab909-eb8f-4baf-9eed-7a4cc889cb7c,CF:33:36:32:4C:1E,Govee_H6054_4C1E,-84,1760899818428
27213,1760899818620.0,0adab909-eb8f-4baf-9eed-7a4cc889cb7c,FF:10:10:AE:A7:64,Sunset lights,-76,1760899818428
27214,1760899831371.0,0adab909-eb8f-4baf-9eed-7a4cc889cb7c,FF:10:10:AE:A7:64,Sunset lights,-72,1760899818428
27215,1760899832378.0,0adab909-eb8f-4baf-9eed-7a4cc889cb7c,CF:33:36:32:4C:1E,Govee_H6054_4C1E,-73,1760899818428
27216,1760900447396.0,0adab909-eb8f-4baf-9eed-7a4cc889cb7c,FF:10:10:AE:A7:64,Sunset lights,-72,1760900447390
27217,1760900447450.0,0adab909-eb8f-4baf-9eed-7a4cc889cb7c,CF:33:36:32:4C:1E,Govee_H6054_4C1E,-81,1760900447390
27218,1760900450034.0,0adab909-eb8f-4baf-9eed-7a4cc889cb7c,5D:EE:C7:B9:E2:D9,,-95,1760900447390
27219,1760900460564.0,0adab909-eb8f-4baf-9eed-7a4cc889cb7c,CF:33:36:32:4C:1E,Govee_H6054_4C1E,-77,1760900447390
27220,1760900460863.0,0adab909-eb8f-4baf-9eed-7a4cc889cb7c,FF:10:10:AE:A7:64,Sunset lights,-76,1760900447390
27221,1760901055852.0,0adab909-eb8f-4baf-9eed-7a4cc889cb7c,FF:10:10:AE:A7:64,Sunset lights,-73,1760901055735
27222,1760901056456.0,0adab909-eb8f-4baf-9eed-7a4cc889cb7c,7D:92:32:1D:BA:94,,-79,1760901055735
27223,1760901062222.0,0adab909-eb8f-4baf-9eed-7a4cc889cb7c,4D:69:FA:62:35:9C,,-88,1760901055735
27224,1760901068633.0,0adab909-eb8f-4baf-9eed-7a4cc889cb7c,FF:10:10:AE:A7:64,Sunset lights,-69,1760901055735
27225,1760901664467.0,0adab909-eb8f-4baf-9eed-7a4cc889cb7c,FF:10:10:AE:A7:64,Sunset lights,-79,1760901663998
27226,1760901677888.0,0adab909-eb8f-4baf-9eed-7a4cc889cb7c,01:03:38:8D:C8:90,,-84,1760901663998
27227,1760901678035.0,0adab909-eb8f-4baf-9eed-7a4cc889cb7c,FF:10:10:AE:A7:64,Sunset lights,-82,1760901663998
27228,1760902256317.0,0adab909-eb8f-4baf-9eed-7a4cc889cb7c,FF:10:10:AE:A7:64,Sunset lights,-70,1760902256176
27229,1760902260782.0,0adab909-eb8f-4baf-9eed-7a4cc889cb7c,6F:DE:3A:93:CF:49,,-71,1760902256176
27230,1760902269061.0,0adab909-eb8f-4baf-9eed-7a4cc889cb7c,07:E9:A2:0D:4D:01,,-76,1760902256176
27231,1760902270175.0,0adab909-eb8f-4baf-9eed-7a4cc889cb7c,FF:10:10:AE:A7:64,Sunset lights,-73,1760902256176
27232,1760903031384.0,0adab909-eb8f-4baf-9eed-7a4cc889cb7c,FF:10:10:AE:A7:64,Sunset lights,-72,1760903031179
27233,1760903032161.0,0adab909-eb8f-4baf-9eed-7a4cc889cb7c,6F:DE:3A:93:CF:49,,-69,1760903031179
27234,1760903032222.0,0adab909-eb8f-4baf-9eed-7a4cc889cb7c,54:66:06:17:8A:CF,,-78,1760903031179
27235,1760903044061.0,0adab909-eb8f-4baf-9eed-7a4cc889cb7c,FF:10:10:AE:A7:64,Sunset lights,-70,1760903031179
27236,1760903044152.0,0adab909-eb8f-4baf-9eed-7a4cc889cb7c,20:83:07:81:7F:57,,-79,1760903031179
27237,1760903044180.0,0adab909-eb8f-4baf-9eed-7a4cc889cb7c,54:66:06:17:8A:CF,,-71,1760903031179
27238,1760903044201.0,0adab909-eb8f-4baf-9eed-7a4cc889cb7c,6F:DE:3A:93:CF:49,,-72,1760903031179
27239,1760903044224.0,0adab909-eb8f-4baf-9eed-7a4cc889cb7c,D3:77:41:38:41:01,,-72,1760903031179
27240,1760903631616.0,0adab909-eb8f-4baf-9eed-7a4cc889cb7c,FF:10:10:AE:A7:64,Sunset lights,-72,1760903631159
27241,1760903631940.0,0adab909-eb8f-4baf-9eed-7a4cc889cb7c,4F:8F:B1:9E:13:1C,,-79,1760903631159
27242,1760903644196.0,0adab909-eb8f-4baf-9eed-7a4cc889cb7c,FF:10:10:AE:A7:64,Sunset lights,-67,1760903631159
27243,1760903646079.0,0adab909-eb8f-4baf-9eed-7a4cc889cb7c,0E:15:41:57:B6:A5,,-80,1760903631159
27244,1760903646140.0,0adab909-eb8f-4baf-9eed-7a4cc889cb7c,26:1D:8C:B3:34:A9,,-92,1760903631159
27245,1760904231241.0,0adab909-eb8f-4baf-9eed-7a4cc889cb7c,FF:10:10:AE:A7:64,Sunset lights,-73,1760904231160
27246,1760904234468.0,0adab909-eb8f-4baf-9eed-7a4cc889cb7c,4F:8F:B1:9E:13:1C,,-68,1760904231160
27247,1760904244018.0,0adab909-eb8f-4baf-9eed-7a4cc889cb7c,FF:10:10:AE:A7:64,Sunset lights,-67,1760904231160
27248,1760904245204.0,0adab909-eb8f-4baf-9eed-7a4cc889cb7c,01:A6:10:5D:48:AC,,-82,1760904231160
27249,1760904832055.0,0adab909-eb8f-4baf-9eed-7a4cc889cb7c,C3:F5:7F:8B:F1:7D,Hue Lamp,-90,1760904830993
27250,1760904833647.0,0adab909-eb8f-4baf-9eed-7a4cc889cb7c,76:00:C6:45:CB:81,,-69,1760904830993
27251,1760904843949.0,0adab909-eb8f-4baf-9eed-7a4cc889cb7c,EC:52:3F:49:2D:53,,-85,1760904830993
27252,1760904844014.0,0adab909-eb8f-4baf-9eed-7a4cc889cb7c,12:E3:C8:DC:A2:88,,-71,1760904830993
27253,1760904844966.0,0adab909-eb8f-4baf-9eed-7a4cc889cb7c,F4:FE:FB:45:44:C9,,-77,1760904830993
27254,1760904845035.0,0adab909-eb8f-4baf-9eed-7a4cc889cb7c,76:00:C6:45:CB:81,,-82,1760904830993
27255,1760904846850.0,0adab909-eb8f-4baf-9eed-7a4cc889cb7c,08:4F:0B:4E:66:56,,-96,1760904830993
27256,1760904846912.0,0adab909-eb8f-4baf-9eed-7a4cc889cb7c,12:E3:C8:DC:A2:88,,-75,1760904830993
27257,1760905266541.0,0adab909-eb8f-4baf-9eed-7a4cc889cb7c,C3:F5:7F:8B:F1:7D,Hue Lamp,-88,1760905265811
27258,1760905267909.0,0adab909-eb8f-4baf-9eed-7a4cc889cb7c,76:00:C6:45:CB:81,,-72,1760905265811
27259,1760905276489.0,0adab909-eb8f-4baf-9eed-7a4cc889cb7c,44:27:F3:4F:E6:95,XiaomiWatchS1Active E695,-91,1760905265811
27260,1760905278713.0,0adab909-eb8f-4baf-9eed-7a4cc889cb7c,76:00:C6:45:CB:81,,-73,1760905265811
27261,1760905278730.0,0adab909-eb8f-4baf-9eed-7a4cc889cb7c,F4:FE:FB:45:44:C9,,-78,1760905265811
27262,1760905278769.0,0adab909-eb8f-4baf-9eed-7a4cc889cb7c,F8:62:EE:9E:72:14,,-73,1760905265811
27263,1760905280777.0,0adab909-eb8f-4baf-9eed-7a4cc889cb7c,C3:F5:7F:8B:F1:7D,Hue Lamp,-82,1760905265811
27264,1760905862147.0,0adab909-eb8f-4baf-9eed-7a4cc889cb7c,FF:10:10:AE:A7:64,Sunset lights,-75,1760905862067
27265,1760905862202.0,0adab909-eb8f-4baf-9eed-7a4cc889cb7c,4C:96:8A:ED:6A:01,SPEN NA,127,1760905862067
27266,1760905862476.0,0adab909-eb8f-4baf-9eed-7a4cc889cb7c,4C:96:8A:ED:6A:01,SPEN NA,-58,1760905862067
27267,1760905862791.0,0adab909-eb8f-4baf-9eed-7a4cc889cb7c,4C:96:8A:ED:6A:01,SPEN NA,-62,1760905862067
27268,1760905863102.0,0adab909-eb8f-4baf-9eed-7a4cc889cb7c,4C:96:8A:ED:6A:01,SPEN NA,-51,1760905862067
27269,1760905863162.0,0adab909-eb8f-4baf-9eed-7a4cc889cb7c,71:E2:61:12:62:A7,,-67,1760905862067
27270,1760905863436.0,0adab909-eb8f-4baf-9eed-7a4cc889cb7c,4C:96:8A:ED:6A:01,SPEN NA,-52,1760905862067
27271,1760905863743.0,0adab909-eb8f-4baf-9eed-7a4cc889cb7c,4C:96:8A:ED:6A:01,SPEN NA,-57,1760905862067
27272,1760905864158.0,0adab909-eb8f-4baf-9eed-7a4cc889cb7c,4C:96:8A:ED:6A:01,SPEN NA,-51,1760905862067
27273,1760905864483.0,0adab909-eb8f-4baf-9eed-7a4cc889cb7c,4C:96:8A:ED:6A:01,SPEN NA,-52,1760905862067
27274,1760905865723.0,0adab909-eb8f-4baf-9eed-7a4cc889cb7c,4C:96:8A:ED:6A:01,SPEN NA,-60,1760905862067
27275,1760905866667.0,0adab909-eb8f-4baf-9eed-7a4cc889cb7c,4C:96:8A:ED:6A:01,SPEN NA,-60,1760905862067
27276,1760905866987.0,0adab909-eb8f-4baf-9eed-7a4cc889cb7c,4C:96:8A:ED:6A:01,SPEN NA,-54,1760905862067
27277,1760905867307.0,0adab909-eb8f-4baf-9eed-7a4cc889cb7c,4C:96:8A:ED:6A:01,SPEN NA,-52,1760905862067
27278,1760905867633.0,0adab909-eb8f-4baf-9eed-7a4cc889cb7c,4C:96:8A:ED:6A:01,SPEN NA,-57,1760905862067
27279,1760905867925.0,0adab909-eb8f-4baf-9eed-7a4cc889cb7c,4C:96:8A:ED:6A:01,SPEN NA,-53,1760905862067
27280,1760905868256.0,0adab909-eb8f-4baf-9eed-7a4cc889cb7c,4C:96:8A:ED:6A:01,SPEN NA,-55,1760905862067
27281,1760905868565.0,0adab909-eb8f-4baf-9eed-7a4cc889cb7c,4C:96:8A:ED:6A:01,SPEN NA,-60,1760905862067
27282,1760905868893.0,0adab909-eb8f-4baf-9eed-7a4cc889cb7c,4C:96:8A:ED:6A:01,SPEN NA,-53,1760905862067
27283,1760905869219.0,0adab909-eb8f-4baf-9eed-7a4cc889cb7c,4C:96:8A:ED:6A:01,SPEN NA,-53,1760905862067
27284,1760905869568.0,0adab909-eb8f-4baf-9eed-7a4cc889cb7c,4C:96:8A:ED:6A:01,SPEN NA,-56,1760905862067
27285,1760905869869.0,0adab909-eb8f-4baf-9eed-7a4cc889cb7c,4C:96:8A:ED:6A:01,SPEN NA,-54,1760905862067
27286,1760905870771.0,0adab909-eb8f-4baf-9eed-7a4cc889cb7c,4C:96:8A:ED:6A:01,SPEN NA,-53,1760905862067
27287,1760905871490.0,0adab909-eb8f-4baf-9eed-7a4cc889cb7c,4C:96:8A:ED:6A:01,SPEN NA,-57,1760905862067
27288,1760905871712.0,0adab909-eb8f-4baf-9eed-7a4cc889cb7c,4C:96:8A:ED:6A:01,SPEN NA,-53,1760905862067
27289,1760905873077.0,0adab909-eb8f-4baf-9eed-7a4cc889cb7c,4C:96:8A:ED:6A:01,SPEN NA,-53,1760905862067
27290,1760905873404.0,0adab909-eb8f-4baf-9eed-7a4cc889cb7c,4C:96:8A:ED:6A:01,SPEN NA,-54,1760905862067
27291,1760905873706.0,0adab909-eb8f-4baf-9eed-7a4cc889cb7c,4C:96:8A:ED:6A:01,SPEN NA,-52,1760905862067
27292,1760905874028.0,0adab909-eb8f-4baf-9eed-7a4cc889cb7c,4C:96:8A:ED:6A:01,SPEN NA,-51,1760905862067
27293,1760905874656.0,0adab909-eb8f-4baf-9eed-7a4cc889cb7c,4C:96:8A:ED:6A:01,SPEN NA,-51,1760905862067
27294,1760905875060.0,0adab909-eb8f-4baf-9eed-7a4cc889cb7c,4C:96:8A:ED:6A:01,SPEN NA,-51,1760905862067
27295,1760905876125.0,0adab909-eb8f-4baf-9eed-7a4cc889cb7c,FF:10:10:AE:A7:64,Sunset lights,-82,1760905862067
27296,1760905877565.0,0adab909-eb8f-4baf-9eed-7a4cc889cb7c,0A:CB:DF:D4:55:C9,,-82,1760905862067
27297,1760905877598.0,0adab909-eb8f-4baf-9eed-7a4cc889cb7c,1F:C6:7A:EB:FB:B3,,-91,1760905862067
27298,1760906631650.0,0adab909-eb8f-4baf-9eed-7a4cc889cb7c,FF:10:10:AE:A7:64,Sunset lights,-73,1760906631231
27299,1760906632605.0,0adab909-eb8f-4baf-9eed-7a4cc889cb7c,41:6E:18:1E:05:32,,-67,1760906631231
27300,1760906644123.0,0adab909-eb8f-4baf-9eed-7a4cc889cb7c,FF:10:10:AE:A7:64,Sunset lights,-68,1760906631231
27301,1760906646514.0,0adab909-eb8f-4baf-9eed-7a4cc889cb7c,3A:89:57:C3:8F:18,,-85,1760906631231
27302,1760907231285.0,0adab909-eb8f-4baf-9eed-7a4cc889cb7c,5A:26:B2:D2:63:44,,-74,1760907231204
27303,1760907231308.0,0adab909-eb8f-4baf-9eed-7a4cc889cb7c,FF:10:10:AE:A7:64,Sunset lights,-71,1760907231204
27304,1760907236085.0,0adab909-eb8f-4baf-9eed-7a4cc889cb7c,78:83:27:7B:D9:58,,-67,1760907231204
27305,1760907244084.0,0adab909-eb8f-4baf-9eed-7a4cc889cb7c,FF:10:10:AE:A7:64,Sunset lights,-67,1760907231204
27306,1760907244101.0,0adab909-eb8f-4baf-9eed-7a4cc889cb7c,78:83:27:7B:D9:58,,-71,1760907231204
27307,1760907244113.0,0adab909-eb8f-4baf-9eed-7a4cc889cb7c,0E:D3:F4:42:9C:64,,-78,1760907231204
27308,1760907244153.0,0adab909-eb8f-4baf-9eed-7a4cc889cb7c,5A:26:B2:D2:63:44,,-69,1760907231204
27309,1760907831319.0,0adab909-eb8f-4baf-9eed-7a4cc889cb7c,FF:10:10:AE:A7:64,Sunset lights,-69,1760907831225
27310,1760907842536.0,0adab909-eb8f-4baf-9eed-7a4cc889cb7c,73:CC:6E:95:7D:CB,,-74,1760907831225
27311,1760907844208.0,0adab909-eb8f-4baf-9eed-7a4cc889cb7c,FF:10:10:AE:A7:64,Sunset lights,-62,1760907831225
27312,1760907846126.0,0adab909-eb8f-4baf-9eed-7a4cc889cb7c,14:F5:66:2B:EF:BB,,-85,1760907831225
27313,1760908432734.0,0adab909-eb8f-4baf-9eed-7a4cc889cb7c,FF:10:10:AE:A7:64,Sunset lights,-75,1760908431045
27314,1760908434029.0,0adab909-eb8f-4baf-9eed-7a4cc889cb7c,73:CC:6E:95:7D:CB,,-67,1760908431045
27315,1760908443975.0,0adab909-eb8f-4baf-9eed-7a4cc889cb7c,07:1B:5A:EF:7E:1A,,-71,1760908431045
27316,1760908444001.0,0adab909-eb8f-4baf-9eed-7a4cc889cb7c,FF:10:10:AE:A7:64,Sunset lights,-63,1760908431045
27317,1760908444052.0,0adab909-eb8f-4baf-9eed-7a4cc889cb7c,73:CC:6E:95:7D:CB,,-70,1760908431045
27318,1760909031153.0,0adab909-eb8f-4baf-9eed-7a4cc889cb7c,FF:10:10:AE:A7:64,Sunset lights,-81,1760909031056
27319,1760909038449.0,0adab909-eb8f-4baf-9eed-7a4cc889cb7c,73:CC:6E:95:7D:CB,,-81,1760909031056
27320,1760909044020.0,0adab909-eb8f-4baf-9eed-7a4cc889cb7c,FF:10:10:AE:A7:64,Sunset lights,-76,1760909031056
27321,1760909631098.0,0adab909-eb8f-4baf-9eed-7a4cc889cb7c,FF:10:10:AE:A7:64,Sunset lights,-78,1760909631029
27322,1760909641368.0,0adab909-eb8f-4baf-9eed-7a4cc889cb7c,55:D0:D4:37:8D:B7,,-77,1760909631029
27323,1760909643979.0,0adab909-eb8f-4baf-9eed-7a4cc889cb7c,FF:10:10:AE:A7:64,Sunset lights,-76,1760909631029
27324,1760910020358.0,0adab909-eb8f-4baf-9eed-7a4cc889cb7c,55:D0:D4:37:8D:B7,,-75,1760910019310
27325,1760910020387.0,0adab909-eb8f-4baf-9eed-7a4cc889cb7c,FF:10:10:AE:A7:64,Sunset lights,-68,1760910019310
27326,1760910833497.0,0adab909-eb8f-4baf-9eed-7a4cc889cb7c,FF:10:10:AE:A7:64,Sunset lights,-72,1760910833370
27327,1760910836372.0,0adab909-eb8f-4baf-9eed-7a4cc889cb7c,55:D0:D4:37:8D:B7,,-81,1760910833370
27328,1760911223373.0,0adab909-eb8f-4baf-9eed-7a4cc889cb7c,FF:10:10:AE:A7:64,Sunset lights,-66,1760911222307
27329,1760911224971.0,0adab909-eb8f-4baf-9eed-7a4cc889cb7c,7D:F0:59:D2:02:9F,,-76,1760911222307
27330,1760911948090.0,0adab909-eb8f-4baf-9eed-7a4cc889cb7c,FF:10:10:AE:A7:64,Sunset lights,-76,1760911947301
27331,1760911951016.0,0adab909-eb8f-4baf-9eed-7a4cc889cb7c,7D:F0:59:D2:02:9F,,-81,1760911947301
27332,1760912659598.0,0adab909-eb8f-4baf-9eed-7a4cc889cb7c,FF:10:10:AE:A7:64,Sunset lights,-69,1760912659339
27333,1760912663919.0,0adab909-eb8f-4baf-9eed-7a4cc889cb7c,75:6C:40:C9:E4:B4,,-84,1760912659339
27334,1760913107386.0,0adab909-eb8f-4baf-9eed-7a4cc889cb7c,FF:10:10:AE:A7:64,Sunset lights,-73,1760913107367
27335,1760913922333.0,0adab909-eb8f-4baf-9eed-7a4cc889cb7c,68:89:E7:93:6E:94,,-70,1760913922318
27336,1760913922352.0,0adab909-eb8f-4baf-9eed-7a4cc889cb7c,FF:10:10:AE:A7:64,Sunset lights,-67,1760913922318
27337,1760914221692.0,0adab909-eb8f-4baf-9eed-7a4cc889cb7c,FF:10:10:AE:A7:64,Sunset lights,-75,1760914221474
27338,1760914824092.0,0adab909-eb8f-4baf-9eed-7a4cc889cb7c,FF:10:10:AE:A7:64,Sunset lights,-68,1760914822626
27339,1760915422857.0,0adab909-eb8f-4baf-9eed-7a4cc889cb7c,FF:10:10:AE:A7:64,Sunset lights,-71,1760915422854
27340,1760915426555.0,0adab909-eb8f-4baf-9eed-7a4cc889cb7c,70:C6:C7:30:D5:99,,-70,1760915422854
27341,1760916254681.0,0adab909-eb8f-4baf-9eed-7a4cc889cb7c,FF:10:10:AE:A7:64,Sunset lights,-73,1760916254299
27342,1760916256898.0,0adab909-eb8f-4baf-9eed-7a4cc889cb7c,70:C6:C7:30:D5:99,,-82,1760916254299
27343,1760916743667.0,0adab909-eb8f-4baf-9eed-7a4cc889cb7c,6E:09:86:7E:B9:30,,-67,1760916743268
27344,1760916743686.0,0adab909-eb8f-4baf-9eed-7a4cc889cb7c,FF:10:10:AE:A7:64,Sunset lights,-73,1760916743268
27345,1760917455006.0,0adab909-eb8f-4baf-9eed-7a4cc889cb7c,FF:10:10:AE:A7:64,Sunset lights,-73,1760917454719
27346,1760917459480.0,0adab909-eb8f-4baf-9eed-7a4cc889cb7c,6E:09:86:7E:B9:30,,-66,1760917454719
27347,1760917986662.0,0adab909-eb8f-4baf-9eed-7a4cc889cb7c,FF:10:10:AE:A7:64,Sunset lights,-73,1760917986275
