_id,timestamp,device_id,bt_address,bt_name,bt_rssi,label
27348,1760918585667.0,0adab909-eb8f-4baf-9eed-7a4cc889cb7c,FF:10:10:AE:A7:64,Sunset lights,-73,1760918585228
27349,1760919186660.0,0adab909-eb8f-4baf-9eed-7a4cc889cb7c,FF:10:10:AE:A7:64,Sunset lights,-73,1760919186256
27350,1760919718293.0,0adab909-eb8f-4baf-9eed-7a4cc889cb7c,FF:10:10:AE:A7:64,Sunset lights,-67,1760919718252
27351,1760919719335.0,0adab909-eb8f-4baf-9eed-7a4cc889cb7c,58:8B:6B:28:35:99,,-77,1760919718252
27352,1760920318300.0,0adab909-eb8f-4baf-9eed-7a4cc889cb7c,FF:10:10:AE:A7:64,Sunset lights,-67,1760920318232
27353,1760920324774.0,0adab909-eb8f-4baf-9eed-7a4cc889cb7c,52:09:DC:B4:11:E6,,-84,1760920318232
27354,1760920917979.0,0adab909-eb8f-4baf-9eed-7a4cc889cb7c,FF:10:10:AE:A7:64,Sunset lights,-67,1760920917206
27355,1760920920463.0,0adab909-eb8f-4baf-9eed-7a4cc889cb7c,4C:3A:6C:61:49:6C,,-93,1760920917206
27356,1760920926246.0,0adab909-eb8f-4baf-9eed-7a4cc889cb7c,52:09:DC:B4:11:E6,,-66,1760920917206
27357,1760921518819.0,0adab909-eb8f-4baf-9eed-7a4cc889cb7c,FF:10:10:AE:A7:64,Sunset lights,-70,1760921518814
27358,1760921522228.0,0adab909-eb8f-4baf-9eed-7a4cc889cb7c,52:09:DC:B4:11:E6,,-70,1760921518814
27359,1760922050640.0,0adab909-eb8f-4baf-9eed-7a4cc889cb7c,FF:10:10:AE:A7:64,Sunset lights,-78,1760922050246
27360,1760922052262.0,0adab909-eb8f-4baf-9eed-7a4cc889cb7c,60:45:AE:54:D5:02,,-71,1760922050246
27361,1760922650304.0,0adab909-eb8f-4baf-9eed-7a4cc889cb7c,FF:10:10:AE:A7:64,Sunset lights,-70,1760922650226
27362,1760922661857.0,0adab909-eb8f-4baf-9eed-7a4cc889cb7c,60:45:AE:54:D5:02,,-82,1760922650226
27363,1760923250630.0,0adab909-eb8f-4baf-9eed-7a4cc889cb7c,FF:10:10:AE:A7:64,Sunset lights,-70,1760923250219
27364,1760923256141.0,0adab909-eb8f-4baf-9eed-7a4cc889cb7c,60:F9:5A:7F:F0:DE,,-73,1760923250219
27365,1760924082265.0,0adab909-eb8f-4baf-9eed-7a4cc889cb7c,FF:10:10:AE:A7:64,Sunset lights,-68,1760924082208
27366,1760924087441.0,0adab909-eb8f-4baf-9eed-7a4cc889cb7c,5E:DB:15:FB:C6:2B,,-69,1760924082208
27367,1760924089635.0,0adab909-eb8f-4baf-9eed-7a4cc889cb7c,7B:E6:B1:0A:2B:0A,,-91,1760924082208
27368,1760924681768.0,0adab909-eb8f-4baf-9eed-7a4cc889cb7c,FF:10:10:AE:A7:64,Sunset lights,-67,1760924681012
27369,1760924684982.0,0adab909-eb8f-4baf-9eed-7a4cc889cb7c,5E:DB:15:FB:C6:2B,,-73,1760924681012
27370,1760925282210.0,0adab909-eb8f-4baf-9eed-7a4cc889cb7c,FF:10:10:AE:A7:64,Sunset lights,-69,1760925282182
27371,1760925623442.0,0adab909-eb8f-4baf-9eed-7a4cc889cb7c,FF:10:10:AE:A7:64,Sunset lights,-69,1760925623439
27372,1760925633223.0,0adab909-eb8f-4baf-9eed-7a4cc889cb7c,7F:1A:26:C9:6D:35,,-68,1760925623439
27373,1760926222494.0,0adab909-eb8f-4baf-9eed-7a4cc889cb7c,FF:10:10:AE:A7:64,Sunset lights,-70,1760926222490
27374,1760926225531.0,0adab909-eb8f-4baf-9eed-7a4cc889cb7c,7F:1A:26:C9:6D:35,,-68,1760926222490
27375,1760926822409.0,0adab909-eb8f-4baf-9eed-7a4cc889cb7c,FF:10:10:AE:A7:64,Sunset lights,-69,1760926822406
27376,1760926827670.0,0adab909-eb8f-4baf-9eed-7a4cc889cb7c,50:9D:AA:76:16:16,,-79,1760926822406
27377,1760927653569.0,0adab909-eb8f-4baf-9eed-7a4cc889cb7c,FF:10:10:AE:A7:64,Sunset lights,-79,1760927653553
27378,1760927665508.0,0adab909-eb8f-4baf-9eed-7a4cc889cb7c,71:7B:22:65:BB:D8,,-81,1760927653553
27379,1760928253530.0,0adab909-eb8f-4baf-9eed-7a4cc889cb7c,FF:10:10:AE:A7:64,Sunset lights,-78,1760928253169
27380,1760928257075.0,0adab909-eb8f-4baf-9eed-7a4cc889cb7c,71:7B:22:65:BB:D8,,-76,1760928253169
27381,1760928257384.0,0adab909-eb8f-4baf-9eed-7a4cc889cb7c,14:92:7F:89:4E:B4,,-91,1760928253169
27382,1760928853938.0,0adab909-eb8f-4baf-9eed-7a4cc889cb7c,FF:10:10:AE:A7:64,Sunset lights,-67,1760928853407
27383,1760928860392.0,0adab909-eb8f-4baf-9eed-7a4cc889cb7c,00:60:37:B9:A2:7C,DTCO-20368107,-94,1760928853407
27384,1760928861310.0,0adab909-eb8f-4baf-9eed-7a4cc889cb7c,64:A6:40:EB:0C:9A,,-66,1760928853407
27385,1760929383858.0,0adab909-eb8f-4baf-9eed-7a4cc889cb7c,FF:10:10:AE:A7:64,Sunset lights,-67,1760929383818
27386,1760929385571.0,0adab909-eb8f-4baf-9eed-7a4cc889cb7c,64:A6:40:EB:0C:9A,,-83,1760929383818
27387,1760929390103.0,0adab909-eb8f-4baf-9eed-7a4cc889cb7c,55:B0:D2:C9:A1:E2,,-94,1760929383818
27388,1760929985193.0,0adab909-eb8f-4baf-9eed-7a4cc889cb7c,FF:10:10:AE:A7:64,Sunset lights,-67,1760929985145
27389,1760929986528.0,0adab909-eb8f-4baf-9eed-7a4cc889cb7c,68:5A:F0:88:B4:EF,,-62,1760929985145
27390,1760930584573.0,0adab909-eb8f-4baf-9eed-7a4cc889cb7c,FF:10:10:AE:A7:64,Sunset lights,-72,1760930584129
27391,1760931184753.0,0adab909-eb8f-4baf-9eed-7a4cc889cb7c,FF:10:10:AE:A7:64,Sunset lights,-73,1760931184452
27392,1760931185487.0,0adab909-eb8f-4baf-9eed-7a4cc889cb7c,58:48:E8:B3:8C:9B,,-62,1760931184452
27393,1760931716518.0,0adab909-eb8f-4baf-9eed-7a4cc889cb7c,FF:10:10:AE:A7:64,Sunset lights,-72,1760931716144
27394,1760931716537.0,0adab909-eb8f-4baf-9eed-7a4cc889cb7c,6B:EF:49:1D:DD:2A,,-83,1760931716144
27395,1760932316159.0,0adab909-eb8f-4baf-9eed-7a4cc889cb7c,FF:10:10:AE:A7:64,Sunset lights,-70,1760932316109
27396,1760932316197.0,0adab909-eb8f-4baf-9eed-7a4cc889cb7c,43:52:4C:89:06:95,,-65,1760932316109
27397,1760932916845.0,0adab909-eb8f-4baf-9eed-7a4cc889cb7c,FF:10:10:AE:A7:64,Sunset lights,-66,1760932916346
27398,1760933447146.0,0adab909-eb8f-4baf-9eed-7a4cc889cb7c,FF:10:10:AE:A7:64,Sunset lights,-69,1760933447142
27399,1760933449805.0,0adab909-eb8f-4baf-9eed-7a4cc889cb7c,5F:5D:12:BC:96:F8,,-93,1760933447142
27400,1760934046529.0,0adab909-eb8f-4baf-9eed-7a4cc889cb7c,FF:10:10:AE:A7:64,Sunset lights,-83,1760934046133
27401,1760934647510.0,0adab909-eb8f-4baf-9eed-7a4cc889cb7c,FF:10:10:AE:A7:64,Sunset lights,-72,1760934647076
27402,1760935246430.0,0adab909-eb8f-4baf-9eed-7a4cc889cb7c,FF:10:10:AE:A7:64,Sunset lights,-69,1760935246427
27403,1760935249115.0,0adab909-eb8f-4baf-9eed-7a4cc889cb7c,49:D1:36:73:BE:85,,-92,1760935246427
27404,1760936078107.0,0adab909-eb8f-4baf-9eed-7a4cc889cb7c,FF:10:10:AE:A7:64,Sunset lights,-69,1760936078076
27405,1760936677473.0,0adab909-eb8f-4baf-9eed-7a4cc889cb7c,FF:10:10:AE:A7:64,Sunset lights,-72,1760936677102
27406,1760937277420.0,0adab909-eb8f-4baf-9eed-7a4cc889cb7c,FF:10:10:AE:A7:64,Sunset lights,-69,1760937277092
27407,1760937289341.0,0adab909-eb8f-4baf-9eed-7a4cc889cb7c,50:2F:A4:B9:7D:D9,,-84,1760937277092
27408,1760937810510.0,0adab909-eb8f-4baf-9eed-7a4cc889cb7c,FF:10:10:AE:A7:64,Sunset lights,-72,1760937809342
27409,1760937811168.0,0adab909-eb8f-4baf-9eed-7a4cc889cb7c,4A:7C:89:97:E8:CC,,-91,1760937809342
27410,1760937811438.0,0adab909-eb8f-4baf-9eed-7a4cc889cb7c,5D:8A:69:C2:12:1C,,-88,1760937809342
27411,1760938261147.0,0adab909-eb8f-4baf-9eed-7a4cc889cb7c,FF:10:10:AE:A7:64,Sunset lights,-71,1760938261083
27412,1760938272108.0,0adab909-eb8f-4baf-9eed-7a4cc889cb7c,4B:51:92:BF:B7:7F,,-87,1760938261083
27413,1760939009281.0,0adab909-eb8f-4baf-9eed-7a4cc889cb7c,FF:10:10:AE:A7:64,Sunset lights,-69,1760939009279
27414,1760939021033.0,0adab909-eb8f-4baf-9eed-7a4cc889cb7c,75:97:DE:06:45:26,,-92,1760939009279
27415,1760939732299.0,0adab909-eb8f-4baf-9eed-7a4cc889cb7c,FF:10:10:AE:A7:64,Sunset lights,-69,1760939732296
27416,1760939735122.0,0adab909-eb8f-4baf-9eed-7a4cc889cb7c,52:B0:EF:21:12:BA,,-90,1760939732296
27417,1760939735799.0,0adab909-eb8f-4baf-9eed-7a4cc889cb7c,5E:40:15:A4:33:FA,,-84,1760939732296
27418,1760939740247.0,0adab909-eb8f-4baf-9eed-7a4cc889cb7c,25:5C:92:0D:91:95,,-88,1760939732296
27419,1760939740261.0,0adab909-eb8f-4baf-9eed-7a4cc889cb7c,62:D9:86:02:A1:D1,,-89,1760939732296
27420,1760940032133.0,0adab909-eb8f-4baf-9eed-7a4cc889cb7c,FF:10:10:AE:A7:64,Sunset lights,-71,1760940032043
27421,1760940037269.0,0adab909-eb8f-4baf-9eed-7a4cc889cb7c,5E:40:15:A4:33:FA,,-90,1760940032043
27422,1760940041158.0,0adab909-eb8f-4baf-9eed-7a4cc889cb7c,5F:9E:AA:01:EE:33,,-90,1760940032043
27423,1760940631478.0,0adab909-eb8f-4baf-9eed-7a4cc889cb7c,FF:10:10:AE:A7:64,Sunset lights,-70,1760940631085
27424,1760940642953.0,0adab909-eb8f-4baf-9eed-7a4cc889cb7c,4D:5A:34:40:9A:6F,,-85,1760940631085
27425,1760941285171.0,0adab909-eb8f-4baf-9eed-7a4cc889cb7c,FF:10:10:AE:A7:64,Sunset lights,-66,1760941284059
27426,1760941884105.0,0adab909-eb8f-4baf-9eed-7a4cc889cb7c,FF:10:10:AE:A7:64,Sunset lights,-66,1760941884058
27427,1760942485399.0,0adab909-eb8f-4baf-9eed-7a4cc889cb7c,FF:10:10:AE:A7:64,Sunset lights,-73,1760942485036
27428,1760943084781.0,0adab909-eb8f-4baf-9eed-7a4cc889cb7c,FF:10:10:AE:A7:64,Sunset lights,-65,1760943084117
27429,1760943088674.0,0adab909-eb8f-4baf-9eed-7a4cc889cb7c,68:79:A3:44:68:E4,JBL TUNE230NC TWS-LE,-91,1760943084117
27430,1760943091468.0,0adab909-eb8f-4baf-9eed-7a4cc889cb7c,17:6D:13:67:38:C6,,-78,1760943084117
27431,1760943616099.0,0adab909-eb8f-4baf-9eed-7a4cc889cb7c,FF:10:10:AE:A7:64,Sunset lights,-66,1760943616048
27432,1760944215296.0,0adab909-eb8f-4baf-9eed-7a4cc889cb7c,FF:10:10:AE:A7:64,Sunset lights,-69,1760944215293
27433,1760944217507.0,0adab909-eb8f-4baf-9eed-7a4cc889cb7c,19:E1:7C:5D:9E:65,,-90,1760944215293
27434,1760944816489.0,0adab909-eb8f-4baf-9eed-7a4cc889cb7c,FF:10:10:AE:A7:64,Sunset lights,-78,1760944816247
27435,1760944819730.0,0adab909-eb8f-4baf-9eed-7a4cc889cb7c,49:43:3C:BD:5A:3A,,-90,1760944816247
27436,1760945478525.0,0adab909-eb8f-4baf-9eed-7a4cc889cb7c,FF:10:10:AE:A7:64,Sunset lights,-74,1760945478274
27437,1760945479139.0,0adab909-eb8f-4baf-9eed-7a4cc889cb7c,46:AD:57:0A:8F:4D,,-94,1760945478274
27438,1760945483318.0,0adab909-eb8f-4baf-9eed-7a4cc889cb7c,55:D4:54:5D:AB:70,,-92,1760945478274
27439,1760946248061.0,0adab909-eb8f-4baf-9eed-7a4cc889cb7c,FF:10:10:AE:A7:64,Sunset lights,-68,1760946248006
27440,1760946254168.0,0adab909-eb8f-4baf-9eed-7a4cc889cb7c,4F:7A:C5:47:B4:88,,-94,1760946248006
27441,1760946257141.0,0adab909-eb8f-4baf-9eed-7a4cc889cb7c,69:40:47:E6:71:0D,,-92,1760946248006
27442,1760946848202.0,0adab909-eb8f-4baf-9eed-7a4cc889cb7c,FF:10:10:AE:A7:64,Sunset lights,-68,1760946848200
27443,1760947217107.0,0adab909-eb8f-4baf-9eed-7a4cc889cb7c,FF:10:10:AE:A7:64,Sunset lights,-73,1760947217051
27444,1760947221286.0,0adab909-eb8f-4baf-9eed-7a4cc889cb7c,6E:EC:4C:F0:4F:3D,,-94,1760947217051
27445,1760947222990.0,0adab909-eb8f-4baf-9eed-7a4cc889cb7c,FC:19:99:7E:29:DE,Redmi 9AT,-100,1760947217051
27446,1760947229015.0,0adab909-eb8f-4baf-9eed-7a4cc889cb7c,48:59:A5:9C:B2:A8,,-89,1760947217051
27447,1760947229965.0,0adab909-eb8f-4baf-9eed-7a4cc889cb7c,FF:10:10:AE:A7:64,Sunset lights,-82,1760947217051
27448,1760947910008.0,0adab909-eb8f-4baf-9eed-7a4cc889cb7c,55:63:D0:B3:54:0E,,-82,1760947909289
27449,1760947915138.0,0adab909-eb8f-4baf-9eed-7a4cc889cb7c,C3:F5:7F:8B:F1:7D,Hue Lamp,-83,1760947909289
27450,1760947917377.0,0adab909-eb8f-4baf-9eed-7a4cc889cb7c,6E:B0:87:AC:9C:E4,,-94,1760947909289
27451,1760947922196.0,0adab909-eb8f-4baf-9eed-7a4cc889cb7c,F4:FE:FB:45:44:C9,,-80,1760947909289
27452,1760947922348.0,0adab909-eb8f-4baf-9eed-7a4cc889cb7c,55:63:D0:B3:54:0E,,-74,1760947909289
27453,1760947923200.0,0adab909-eb8f-4baf-9eed-7a4cc889cb7c,C3:F5:7F:8B:F1:7D,Hue Lamp,-82,1760947909289
27454,1760947923269.0,0adab909-eb8f-4baf-9eed-7a4cc889cb7c,6E:B0:87:AC:9C:E4,,-95,1760947909289
27455,1760947923296.0,0adab909-eb8f-4baf-9eed-7a4cc889cb7c,E8:9A:9D:56:90:B4,,-95,1760947909289
27456,1760947923345.0,0adab909-eb8f-4baf-9eed-7a4cc889cb7c,C8:A8:6A:86:A6:EB,,-71,1760947909289
27457,1760948424038.0,0adab909-eb8f-4baf-9eed-7a4cc889cb7c,FF:10:10:AE:A7:64,Sunset lights,-69,1760948423985
27458,1760948432575.0,0adab909-eb8f-4baf-9eed-7a4cc889cb7c,4C:96:8A:ED:6A:01,SPEN NA,-60,1760948423985
27459,1760948433542.0,0adab909-eb8f-4baf-9eed-7a4cc889cb7c,4C:96:8A:ED:6A:01,SPEN NA,-62,1760948423985
27460,1760948433647.0,0adab909-eb8f-4baf-9eed-7a4cc889cb7c,4C:96:8A:ED:6A:01,SPEN NA,-62,1760948423985
27461,1760948434585.0,0adab909-eb8f-4baf-9eed-7a4cc889cb7c,4C:96:8A:ED:6A:01,SPEN NA,-63,1760948423985
27462,1760948434730.0,0adab909-eb8f-4baf-9eed-7a4cc889cb7c,4C:96:8A:ED:6A:01,SPEN NA,-65,1760948423985
27463,1760948435338.0,0adab909-eb8f-4baf-9eed-7a4cc889cb7c,4C:96:8A:ED:6A:01,SPEN NA,-58,1760948423985
27464,1760948435648.0,0adab909-eb8f-4baf-9eed-7a4cc889cb7c,4C:96:8A:ED:6A:01,SPEN NA,-58,1760948423985
27465,1760948437420.0,0adab909-eb8f-4baf-9eed-7a4cc889cb7c,4C:96:8A:ED:6A:01,SPEN NA,-58,1760948423985
27466,1760948437472.0,0adab909-eb8f-4baf-9eed-7a4cc889cb7c,FF:10:10:AE:A7:64,Sunset lights,-69,1760948423985
27467,1760948438485.0,0adab909-eb8f-4baf-9eed-7a4cc889cb7c,EB:24:35:41:CF:57,,-94,1760948423985
27468,1760949081741.0,0adab909-eb8f-4baf-9eed-7a4cc889cb7c,4C:96:8A:ED:6A:01,SPEN NA,127,1760949081656
27469,1760949081789.0,0adab909-eb8f-4baf-9eed-7a4cc889cb7c,FF:10:10:AE:A7:64,Sunset lights,-76,1760949081656
27470,1760949082141.0,0adab909-eb8f-4baf-9eed-7a4cc889cb7c,4C:96:8A:ED:6A:01,SPEN NA,-45,1760949081656
27471,1760949082454.0,0adab909-eb8f-4baf-9eed-7a4cc889cb7c,4C:96:8A:ED:6A:01,SPEN NA,-53,1760949081656
27472,1760949082681.0,0adab909-eb8f-4baf-9eed-7a4cc889cb7c,4C:96:8A:ED:6A:01,SPEN NA,-48,1760949081656
27473,1760949082708.0,0adab909-eb8f-4baf-9eed-7a4cc889cb7c,64:5A:A5:44:74:A7,,-91,1760949081656
27474,1760949083972.0,0adab909-eb8f-4baf-9eed-7a4cc889cb7c,50:69:E5:CC:23:CE,,-93,1760949081656
27475,1760949084966.0,0adab909-eb8f-4baf-9eed-7a4cc889cb7c,4C:96:8A:ED:6A:01,SPEN NA,-46,1760949081656
27476,1760949085594.0,0adab909-eb8f-4baf-9eed-7a4cc889cb7c,4C:96:8A:ED:6A:01,SPEN NA,-45,1760949081656
27477,1760949085926.0,0adab909-eb8f-4baf-9eed-7a4cc889cb7c,4C:96:8A:ED:6A:01,SPEN NA,-45,1760949081656
27478,1760949086255.0,0adab909-eb8f-4baf-9eed-7a4cc889cb7c,4C:96:8A:ED:6A:01,SPEN NA,-49,1760949081656
27479,1760949086560.0,0adab909-eb8f-4baf-9eed-7a4cc889cb7c,4C:96:8A:ED:6A:01,SPEN NA,-45,1760949081656
27480,1760949086909.0,0adab909-eb8f-4baf-9eed-7a4cc889cb7c,4C:96:8A:ED:6A:01,SPEN NA,-45,1760949081656
27481,1760949087205.0,0adab909-eb8f-4baf-9eed-7a4cc889cb7c,4C:96:8A:ED:6A:01,SPEN NA,-48,1760949081656
27482,1760949087497.0,0adab909-eb8f-4baf-9eed-7a4cc889cb7c,4C:96:8A:ED:6A:01,SPEN NA,-44,1760949081656
27483,1760949088147.0,0adab909-eb8f-4baf-9eed-7a4cc889cb7c,4C:96:8A:ED:6A:01,SPEN NA,-48,1760949081656
27484,1760949088762.0,0adab909-eb8f-4baf-9eed-7a4cc889cb7c,4C:96:8A:ED:6A:01,SPEN NA,-45,1760949081656
27485,1760949089729.0,0adab909-eb8f-4baf-9eed-7a4cc889cb7c,4C:96:8A:ED:6A:01,SPEN NA,-46,1760949081656
27486,1760949091409.0,0adab909-eb8f-4baf-9eed-7a4cc889cb7c,4C:96:8A:ED:6A:01,SPEN NA,-45,1760949081656
27487,1760949091694.0,0adab909-eb8f-4baf-9eed-7a4cc889cb7c,4C:96:8A:ED:6A:01,SPEN NA,-46,1760949081656
27488,1760949092030.0,0adab909-eb8f-4baf-9eed-7a4cc889cb7c,4C:96:8A:ED:6A:01,SPEN NA,-48,1760949081656
27489,1760949092334.0,0adab909-eb8f-4baf-9eed-7a4cc889cb7c,4C:96:8A:ED:6A:01,SPEN NA,-46,1760949081656
27490,1760949092667.0,0adab909-eb8f-4baf-9eed-7a4cc889cb7c,4C:96:8A:ED:6A:01,SPEN NA,-46,1760949081656
27491,1760949092962.0,0adab909-eb8f-4baf-9eed-7a4cc889cb7c,4C:96:8A:ED:6A:01,SPEN NA,-48,1760949081656
27492,1760949093262.0,0adab909-eb8f-4baf-9eed-7a4cc889cb7c,62:62:56:A9:32:B5,,-91,1760949081656
27493,1760949093279.0,0adab909-eb8f-4baf-9eed-7a4cc889cb7c,4C:96:8A:ED:6A:01,SPEN NA,-45,1760949081656
27494,1760949093612.0,0adab909-eb8f-4baf-9eed-7a4cc889cb7c,4C:96:8A:ED:6A:01,SPEN NA,-46,1760949081656
27495,1760949093927.0,0adab909-eb8f-4baf-9eed-7a4cc889cb7c,4C:96:8A:ED:6A:01,SPEN NA,-50,1760949081656
27496,1760949094232.0,0adab909-eb8f-4baf-9eed-7a4cc889cb7c,4C:96:8A:ED:6A:01,SPEN NA,-45,1760949081656
27497,1760949094528.0,0adab909-eb8f-4baf-9eed-7a4cc889cb7c,FF:10:10:AE:A7:64,Sunset lights,-74,1760949081656
27498,1760949094542.0,0adab909-eb8f-4baf-9eed-7a4cc889cb7c,4C:96:8A:ED:6A:01,SPEN NA,-45,1760949081656
27499,1760949094613.0,0adab909-eb8f-4baf-9eed-7a4cc889cb7c,3D:A9:8B:5B:CF:B9,,-88,1760949081656
27500,1760949876769.0,0adab909-eb8f-4baf-9eed-7a4cc889cb7c,FF:10:10:AE:A7:64,Sunset lights,-78,1760949876675
27501,1760950443940.0,0adab909-eb8f-4baf-9eed-7a4cc889cb7c,FF:10:10:AE:A7:64,Sunset lights,-70,1760950441226
27502,1760951031546.0,0adab909-eb8f-4baf-9eed-7a4cc889cb7c,FF:10:10:AE:A7:64,Sunset lights,-78,1760951031400
27503,1760951631626.0,0adab909-eb8f-4baf-9eed-7a4cc889cb7c,FF:10:10:AE:A7:64,Sunset lights,-83,1760951631388
27504,1760951633758.0,0adab909-eb8f-4baf-9eed-7a4cc889cb7c,70:3F:2F:CE:C0:30,,-89,1760951631388
27505,1760951645438.0,0adab909-eb8f-4baf-9eed-7a4cc889cb7c,FF:10:10:AE:A7:64,Sunset lights,-79,1760951631388
27506,1760952231490.0,0adab909-eb8f-4baf-9eed-7a4cc889cb7c,FF:10:10:AE:A7:64,Sunset lights,-80,1760952231409
27507,1760952244269.0,0adab909-eb8f-4baf-9eed-7a4cc889cb7c,FF:10:10:AE:A7:64,Sunset lights,-85,1760952231409
27508,1760952831149.0,0adab909-eb8f-4baf-9eed-7a4cc889cb7c,FF:10:10:AE:A7:64,Sunset lights,-71,1760952831092
27509,1760952844040.0,0adab909-eb8f-4baf-9eed-7a4cc889cb7c,FF:10:10:AE:A7:64,Sunset lights,-67,1760952831092
27510,1760953431880.0,0adab909-eb8f-4baf-9eed-7a4cc889cb7c,FF:10:10:AE:A7:64,Sunset lights,-76,1760953431151
27511,1760953444080.0,0adab909-eb8f-4baf-9eed-7a4cc889cb7c,FF:10:10:AE:A7:64,Sunset lights,-70,1760953431151
27512,1760953446019.0,0adab909-eb8f-4baf-9eed-7a4cc889cb7c,CA:F1:B6:08:DB:3F,,-93,1760953431151
27513,1760954031618.0,0adab909-eb8f-4baf-9eed-7a4cc889cb7c,FF:10:10:AE:A7:64,Sunset lights,-77,1760954031113
27514,1760954044016.0,0adab909-eb8f-4baf-9eed-7a4cc889cb7c,FF:10:10:AE:A7:64,Sunset lights,-79,1760954031113
27515,1760954641214.0,0adab909-eb8f-4baf-9eed-7a4cc889cb7c,FF:10:10:AE:A7:64,Sunset lights,-81,1760954641117
27516,1760954645026.0,0adab909-eb8f-4baf-9eed-7a4cc889cb7c,41:24:35:EB:59:FA,,-93,1760954641117
27517,1760954653997.0,0adab909-eb8f-4baf-9eed-7a4cc889cb7c,FF:10:10:AE:A7:64,Sunset lights,-76,1760954641117
27518,1760955241241.0,0adab909-eb8f-4baf-9eed-7a4cc889cb7c,FF:10:10:AE:A7:64,Sunset lights,-82,1760955241120
27519,1760955841617.0,0adab909-eb8f-4baf-9eed-7a4cc889cb7c,FF:10:10:AE:A7:64,Sunset lights,-68,1760955841219
27520,1760956547451.0,0adab909-eb8f-4baf-9eed-7a4cc889cb7c,FF:10:10:AE:A7:64,Sunset lights,-78,1760956544773
27521,1760956844846.0,0adab909-eb8f-4baf-9eed-7a4cc889cb7c,FF:10:10:AE:A7:64,Sunset lights,-76,1760956844767
27522,1760956857749.0,0adab909-eb8f-4baf-9eed-7a4cc889cb7c,FF:10:10:AE:A7:64,Sunset lights,-78,1760956844767
27523,1760957445509.0,0adab909-eb8f-4baf-9eed-7a4cc889cb7c,FF:10:10:AE:A7:64,Sunset lights,-81,1760957444778
27524,1760958231719.0,0adab909-eb8f-4baf-9eed-7a4cc889cb7c,FF:10:10:AE:A7:64,Sunset lights,-79,1760958231621
27525,1760958833401.0,0adab909-eb8f-4baf-9eed-7a4cc889cb7c,FF:10:10:AE:A7:64,Sunset lights,-82,1760958831633
27526,1760959431713.0,0adab909-eb8f-4baf-9eed-7a4cc889cb7c,FF:10:10:AE:A7:64,Sunset lights,-78,1760959431595
27527,1760959434843.0,0adab909-eb8f-4baf-9eed-7a4cc889cb7c,40:45:DA:33:07:5B,A-Sure,-100,1760959431595
27528,1760959439423.0,0adab909-eb8f-4baf-9eed-7a4cc889cb7c,57:E2:5C:92:6D:97,,-88,1760959431595
27529,1760959444487.0,0adab909-eb8f-4baf-9eed-7a4cc889cb7c,FF:10:10:AE:A7:64,Sunset lights,-73,1760959431595
27530,1760959444556.0,0adab909-eb8f-4baf-9eed-7a4cc889cb7c,3E:8B:AE:44:8B:40,,-83,1760959431595
27531,1760959444649.0,0adab909-eb8f-4baf-9eed-7a4cc889cb7c,57:E2:5C:92:6D:97,,-90,1760959431595
27532,1760960031502.0,0adab909-eb8f-4baf-9eed-7a4cc889cb7c,FF:10:10:AE:A7:64,Sunset lights,-83,1760960030782
27533,1760960034473.0,0adab909-eb8f-4baf-9eed-7a4cc889cb7c,4F:FA:CC:06:F0:3B,,-92,1760960030782
27534,1760960630886.0,0adab909-eb8f-4baf-9eed-7a4cc889cb7c,FF:10:10:AE:A7:64,Sunset lights,-76,1760960630773
27535,1760961230882.0,0adab909-eb8f-4baf-9eed-7a4cc889cb7c,FF:10:10:AE:A7:64,Sunset lights,-78,1760961230803
27536,1760961236958.0,0adab909-eb8f-4baf-9eed-7a4cc889cb7c,51:B5:96:DC:6F:93,,-95,1760961230803
27537,1760961670800.0,0adab909-eb8f-4baf-9eed-7a4cc889cb7c,FF:10:10:AE:A7:64,Sunset lights,-70,1760961668463
27538,1760962431267.0,0adab909-eb8f-4baf-9eed-7a4cc889cb7c,FF:10:10:AE:A7:64,Sunset lights,-76,1760962431234
27539,1760962431349.0,0adab909-eb8f-4baf-9eed-7a4cc889cb7c,07:B4:1C:44:4E:FB,,-93,1760962431234
27540,1760962432325.0,0adab909-eb8f-4baf-9eed-7a4cc889cb7c,66:28:E3:A7:10:A9,,-88,1760962431234
27541,1760962432651.0,0adab909-eb8f-4baf-9eed-7a4cc889cb7c,6F:C0:EA:6B:31:7C,,-90,1760962431234
27542,1760962433258.0,0adab909-eb8f-4baf-9eed-7a4cc889cb7c,67:A4:87:3C:B3:C1,,-81,1760962431234
27543,1760962433274.0,0adab909-eb8f-4baf-9eed-7a4cc889cb7c,44:11:EC:6B:6A:7A,,-89,1760962431234
27544,1760962433287.0,0adab909-eb8f-4baf-9eed-7a4cc889cb7c,65:33:02:88:37:87,,-90,1760962431234
27545,1760962433889.0,0adab909-eb8f-4baf-9eed-7a4cc889cb7c,3A:D6:6E:D3:2B:B6,,-91,1760962431234
27546,1760962434239.0,0adab909-eb8f-4baf-9eed-7a4cc889cb7c,68:D8:86:87:65:81,,-93,1760962431234
27547,1760962434541.0,0adab909-eb8f-4baf-9eed-7a4cc889cb7c,74:D3:34:52:E5:60,,-93,1760962431234
27548,1760963032905.0,0adab909-eb8f-4baf-9eed-7a4cc889cb7c,FF:10:10:AE:A7:64,Sunset lights,-72,1760963031230
27549,1760963044074.0,0adab909-eb8f-4baf-9eed-7a4cc889cb7c,FF:10:10:AE:A7:64,Sunset lights,-70,1760963031230
27550,1760963044097.0,0adab909-eb8f-4baf-9eed-7a4cc889cb7c,2D:A4:C3:FE:97:73,,-83,1760963031230
27551,1760963631137.0,0adab909-eb8f-4baf-9eed-7a4cc889cb7c,FF:10:10:AE:A7:64,Sunset lights,-73,1760963631044
27552,1760963643909.0,0adab909-eb8f-4baf-9eed-7a4cc889cb7c,FF:10:10:AE:A7:64,Sunset lights,-71,1760963631044
27553,1760963644056.0,0adab909-eb8f-4baf-9eed-7a4cc889cb7c,1F:3F:2F:B2:2C:EE,,-80,1760963631044
27554,1760963646997.0,0adab909-eb8f-4baf-9eed-7a4cc889cb7c,1F:3F:2F:B2:2C:EE,,-75,1760963631044
27555,1760964231087.0,0adab909-eb8f-4baf-9eed-7a4cc889cb7c,FF:10:10:AE:A7:64,Sunset lights,-73,1760964231035
27556,1760964243966.0,0adab909-eb8f-4baf-9eed-7a4cc889cb7c,FF:10:10:AE:A7:64,Sunset lights,-74,1760964231035
27557,1760964244004.0,0adab909-eb8f-4baf-9eed-7a4cc889cb7c,1B:52:41:B4:3C:8A,,-82,1760964231035
27558,1760964832058.0,0adab909-eb8f-4baf-9eed-7a4cc889cb7c,FF:10:10:AE:A7:64,Sunset lights,-73,1760964831019
27559,1760965431833.0,0adab909-eb8f-4baf-9eed-7a4cc889cb7c,FF:10:10:AE:A7:64,Sunset lights,-79,1760965431125
27560,1760965444013.0,0adab909-eb8f-4baf-9eed-7a4cc889cb7c,FF:10:10:AE:A7:64,Sunset lights,-73,1760965431125
27561,1760965444057.0,0adab909-eb8f-4baf-9eed-7a4cc889cb7c,18:50:7C:91:89:75,,-88,1760965431125
27562,1760965905500.0,0adab909-eb8f-4baf-9eed-7a4cc889cb7c,C3:F5:7F:8B:F1:7D,Hue Lamp,-93,1760965901859
27563,1760965912512.0,0adab909-eb8f-4baf-9eed-7a4cc889cb7c,72:CE:50:91:A6:86,,-91,1760965901859
27564,1760965914809.0,0adab909-eb8f-4baf-9eed-7a4cc889cb7c,F4:FE:FB:45:44:C9,,-82,1760965901859
27565,1760965914870.0,0adab909-eb8f-4baf-9eed-7a4cc889cb7c,C3:F5:7F:8B:F1:7D,Hue Lamp,-82,1760965901859
27566,1760965917662.0,0adab909-eb8f-4baf-9eed-7a4cc889cb7c,01:D0:9C:A9:2D:54,,-93,1760965901859
27567,1760966454580.0,0adab909-eb8f-4baf-9eed-7a4cc889cb7c,4C:96:8A:ED:6A:01,SPEN NA,-52,1760966454471
27568,1760966454907.0,0adab909-eb8f-4baf-9eed-7a4cc889cb7c,4C:96:8A:ED:6A:01,SPEN NA,-55,1760966454471
27569,1760966454968.0,0adab909-eb8f-4baf-9eed-7a4cc889cb7c,FF:10:10:AE:A7:64,Sunset lights,-82,1760966454471
27570,1760966455011.0,0adab909-eb8f-4baf-9eed-7a4cc889cb7c,4C:96:8A:ED:6A:01,SPEN NA,-55,1760966454471
27571,1760966455220.0,0adab909-eb8f-4baf-9eed-7a4cc889cb7c,4C:96:8A:ED:6A:01,SPEN NA,-60,1760966454471
27572,1760966455541.0,0adab909-eb8f-4baf-9eed-7a4cc889cb7c,4C:96:8A:ED:6A:01,SPEN NA,-54,1760966454471
27573,1760966455858.0,0adab909-eb8f-4baf-9eed-7a4cc889cb7c,4C:96:8A:ED:6A:01,SPEN NA,-55,1760966454471
27574,1760966456193.0,0adab909-eb8f-4baf-9eed-7a4cc889cb7c,4C:96:8A:ED:6A:01,SPEN NA,-59,1760966454471
27575,1760966456509.0,0adab909-eb8f-4baf-9eed-7a4cc889cb7c,4C:96:8A:ED:6A:01,SPEN NA,-55,1760966454471
27576,1760966456800.0,0adab909-eb8f-4baf-9eed-7a4cc889cb7c,4C:96:8A:ED:6A:01,SPEN NA,-55,1760966454471
27577,1760966457122.0,0adab909-eb8f-4baf-9eed-7a4cc889cb7c,4C:96:8A:ED:6A:01,SPEN NA,-51,1760966454471
27578,1760966457442.0,0adab909-eb8f-4baf-9eed-7a4cc889cb7c,4C:96:8A:ED:6A:01,SPEN NA,-49,1760966454471
27579,1760966457765.0,0adab909-eb8f-4baf-9eed-7a4cc889cb7c,4C:96:8A:ED:6A:01,SPEN NA,-48,1760966454471
27580,1760966458068.0,0adab909-eb8f-4baf-9eed-7a4cc889cb7c,4C:96:8A:ED:6A:01,SPEN NA,-57,1760966454471
27581,1760966458680.0,0adab909-eb8f-4baf-9eed-7a4cc889cb7c,4C:96:8A:ED:6A:01,SPEN NA,-48,1760966454471
27582,1760966459021.0,0adab909-eb8f-4baf-9eed-7a4cc889cb7c,4C:96:8A:ED:6A:01,SPEN NA,-59,1760966454471
27583,1760966459656.0,0adab909-eb8f-4baf-9eed-7a4cc889cb7c,4C:96:8A:ED:6A:01,SPEN NA,-55,1760966454471
27584,1760966460051.0,0adab909-eb8f-4baf-9eed-7a4cc889cb7c,4C:96:8A:ED:6A:01,SPEN NA,-59,1760966454471
27585,1760966460269.0,0adab909-eb8f-4baf-9eed-7a4cc889cb7c,4C:96:8A:ED:6A:01,SPEN NA,-52,1760966454471
27586,1760966461004.0,0adab909-eb8f-4baf-9eed-7a4cc889cb7c,4C:96:8A:ED:6A:01,SPEN NA,-58,1760966454471
27587,1760966461941.0,0adab909-eb8f-4baf-9eed-7a4cc889cb7c,4C:96:8A:ED:6A:01,SPEN NA,-53,1760966454471
27588,1760966462260.0,0adab909-eb8f-4baf-9eed-7a4cc889cb7c,4C:96:8A:ED:6A:01,SPEN NA,-48,1760966454471
27589,1760966462901.0,0adab909-eb8f-4baf-9eed-7a4cc889cb7c,4C:96:8A:ED:6A:01,SPEN NA,-57,1760966454471
27590,1760966463231.0,0adab909-eb8f-4baf-9eed-7a4cc889cb7c,4C:96:8A:ED:6A:01,SPEN NA,-55,1760966454471
27591,1760966463853.0,0adab909-eb8f-4baf-9eed-7a4cc889cb7c,4C:96:8A:ED:6A:01,SPEN NA,-53,1760966454471
27592,1760966464165.0,0adab909-eb8f-4baf-9eed-7a4cc889cb7c,4C:96:8A:ED:6A:01,SPEN NA,-48,1760966454471
27593,1760966465216.0,0adab909-eb8f-4baf-9eed-7a4cc889cb7c,4C:96:8A:ED:6A:01,SPEN NA,-49,1760966454471
27594,1760966467354.0,0adab909-eb8f-4baf-9eed-7a4cc889cb7c,FF:10:10:AE:A7:64,Sunset lights,-74,1760966454471
27595,1760966467399.0,0adab909-eb8f-4baf-9eed-7a4cc889cb7c,4C:96:8A:ED:6A:01,SPEN NA,-48,1760966454471
27596,1760966468501.0,0adab909-eb8f-4baf-9eed-7a4cc889cb7c,2E:9C:E7:9C:5C:5B,,-79,1760966454471
27597,1760967231641.0,0adab909-eb8f-4baf-9eed-7a4cc889cb7c,FF:10:10:AE:A7:64,Sunset lights,-74,1760967231185
27598,1760967245226.0,0adab909-eb8f-4baf-9eed-7a4cc889cb7c,FF:10:10:AE:A7:64,Sunset lights,-73,1760967231185
27599,1760967832847.0,0adab909-eb8f-4baf-9eed-7a4cc889cb7c,FF:10:10:AE:A7:64,Sunset lights,-75,1760967831184
27600,1760967838017.0,0adab909-eb8f-4baf-9eed-7a4cc889cb7c,21:0A:00:07:20:8C,YX_LED fiber light,-92,1760967831184
27601,1760967844241.0,0adab909-eb8f-4baf-9eed-7a4cc889cb7c,FF:10:10:AE:A7:64,Sunset lights,-70,1760967831184
27602,1760967845277.0,0adab909-eb8f-4baf-9eed-7a4cc889cb7c,30:4D:97:A2:EA:FE,,-88,1760967831184
27603,1760967847356.0,0adab909-eb8f-4baf-9eed-7a4cc889cb7c,FF:10:10:AE:A7:64,Sunset lights,-74,1760967831184
27604,1760968432783.0,0adab909-eb8f-4baf-9eed-7a4cc889cb7c,FF:10:10:AE:A7:64,Sunset lights,-78,1760968431143
27605,1760968444167.0,0adab909-eb8f-4baf-9eed-7a4cc889cb7c,26:84:15:71:96:DD,,-88,1760968431143
27606,1760969033108.0,0adab909-eb8f-4baf-9eed-7a4cc889cb7c,FF:10:10:AE:A7:64,Sunset lights,-72,1760969030771
27607,1760969043684.0,0adab909-eb8f-4baf-9eed-7a4cc889cb7c,FF:10:10:AE:A7:64,Sunset lights,-78,1760969030771
27608,1760969045223.0,0adab909-eb8f-4baf-9eed-7a4cc889cb7c,31:C6:5E:E0:7A:3A,,-94,1760969030771
27609,1760969631070.0,0adab909-eb8f-4baf-9eed-7a4cc889cb7c,4C:96:8A:ED:6A:01,SPEN NA,-57,1760969630712
27610,1760969631096.0,0adab909-eb8f-4baf-9eed-7a4cc889cb7c,FF:10:10:AE:A7:64,Sunset lights,-78,1760969630712
27611,1760969631481.0,0adab909-eb8f-4baf-9eed-7a4cc889cb7c,4C:96:8A:ED:6A:01,SPEN NA,-58,1760969630712
27612,1760969631811.0,0adab909-eb8f-4baf-9eed-7a4cc889cb7c,4C:96:8A:ED:6A:01,SPEN NA,-55,1760969630712
27613,1760969632140.0,0adab909-eb8f-4baf-9eed-7a4cc889cb7c,4C:96:8A:ED:6A:01,SPEN NA,127,1760969630712
27614,1760969632461.0,0adab909-eb8f-4baf-9eed-7a4cc889cb7c,4C:96:8A:ED:6A:01,SPEN NA,-60,1760969630712
27615,1760969632730.0,0adab909-eb8f-4baf-9eed-7a4cc889cb7c,4C:96:8A:ED:6A:01,SPEN NA,-54,1760969630712
27616,1760969633058.0,0adab909-eb8f-4baf-9eed-7a4cc889cb7c,4C:96:8A:ED:6A:01,SPEN NA,-56,1760969630712
27617,1760969633379.0,0adab909-eb8f-4baf-9eed-7a4cc889cb7c,4C:96:8A:ED:6A:01,SPEN NA,-59,1760969630712
27618,1760969633476.0,0adab909-eb8f-4baf-9eed-7a4cc889cb7c,4C:96:8A:ED:6A:01,SPEN NA,-57,1760969630712
27619,1760969634015.0,0adab909-eb8f-4baf-9eed-7a4cc889cb7c,4C:96:8A:ED:6A:01,SPEN NA,-56,1760969630712
27620,1760969634354.0,0adab909-eb8f-4baf-9eed-7a4cc889cb7c,4C:96:8A:ED:6A:01,SPEN NA,-58,1760969630712
27621,1760969634645.0,0adab909-eb8f-4baf-9eed-7a4cc889cb7c,4C:96:8A:ED:6A:01,SPEN NA,-50,1760969630712
27622,1760969634737.0,0adab909-eb8f-4baf-9eed-7a4cc889cb7c,4C:96:8A:ED:6A:01,SPEN NA,-54,1760969630712
27623,1760969634949.0,0adab909-eb8f-4baf-9eed-7a4cc889cb7c,4C:96:8A:ED:6A:01,SPEN NA,-56,1760969630712
27624,1760969635276.0,0adab909-eb8f-4baf-9eed-7a4cc889cb7c,4C:96:8A:ED:6A:01,SPEN NA,-58,1760969630712
27625,1760969636848.0,0adab909-eb8f-4baf-9eed-7a4cc889cb7c,4C:96:8A:ED:6A:01,SPEN NA,-56,1760969630712
27626,1760969637571.0,0adab909-eb8f-4baf-9eed-7a4cc889cb7c,4C:96:8A:ED:6A:01,SPEN NA,-55,1760969630712
27627,1760969637888.0,0adab909-eb8f-4baf-9eed-7a4cc889cb7c,4C:96:8A:ED:6A:01,SPEN NA,-53,1760969630712
27628,1760969638525.0,0adab909-eb8f-4baf-9eed-7a4cc889cb7c,4C:96:8A:ED:6A:01,SPEN NA,-55,1760969630712
27629,1760969638848.0,0adab909-eb8f-4baf-9eed-7a4cc889cb7c,4C:96:8A:ED:6A:01,SPEN NA,-49,1760969630712
27630,1760969639159.0,0adab909-eb8f-4baf-9eed-7a4cc889cb7c,4C:96:8A:ED:6A:01,SPEN NA,-55,1760969630712
27631,1760969639438.0,0adab909-eb8f-4baf-9eed-7a4cc889cb7c,30:DC:19:A8:09:3A,,-90,1760969630712
27632,1760969640297.0,0adab909-eb8f-4baf-9eed-7a4cc889cb7c,4C:96:8A:ED:6A:01,SPEN NA,-59,1760969630712
27633,1760969640403.0,0adab909-eb8f-4baf-9eed-7a4cc889cb7c,4C:96:8A:ED:6A:01,SPEN NA,-55,1760969630712
27634,1760969640749.0,0adab909-eb8f-4baf-9eed-7a4cc889cb7c,4C:96:8A:ED:6A:01,SPEN NA,-56,1760969630712
27635,1760969641057.0,0adab909-eb8f-4baf-9eed-7a4cc889cb7c,4C:96:8A:ED:6A:01,SPEN NA,-60,1760969630712
27636,1760969641464.0,0adab909-eb8f-4baf-9eed-7a4cc889cb7c,4C:96:8A:ED:6A:01,SPEN NA,-55,1760969630712
27637,1760969641683.0,0adab909-eb8f-4baf-9eed-7a4cc889cb7c,4C:96:8A:ED:6A:01,SPEN NA,-56,1760969630712
27638,1760969641992.0,0adab909-eb8f-4baf-9eed-7a4cc889cb7c,4C:96:8A:ED:6A:01,SPEN NA,-59,1760969630712
27639,1760969642096.0,0adab909-eb8f-4baf-9eed-7a4cc889cb7c,4C:96:8A:ED:6A:01,SPEN NA,-59,1760969630712
27640,1760969642624.0,0adab909-eb8f-4baf-9eed-7a4cc889cb7c,4C:96:8A:ED:6A:01,SPEN NA,-57,1760969630712
27641,1760969643657.0,0adab909-eb8f-4baf-9eed-7a4cc889cb7c,4C:96:8A:ED:6A:01,SPEN NA,-48,1760969630712
27642,1760969643676.0,0adab909-eb8f-4baf-9eed-7a4cc889cb7c,FF:10:10:AE:A7:64,Sunset lights,-73,1760969630712
27643,1760969643691.0,0adab909-eb8f-4baf-9eed-7a4cc889cb7c,24:95:4F:64:F0:F6,,-85,1760969630712
27644,1760969643739.0,0adab909-eb8f-4baf-9eed-7a4cc889cb7c,14:26:DE:CA:D7:B1,,-88,1760969630712
27645,1760970230772.0,0adab909-eb8f-4baf-9eed-7a4cc889cb7c,4C:96:8A:ED:6A:01,SPEN NA,-63,1760970230730
27646,1760970231105.0,0adab909-eb8f-4baf-9eed-7a4cc889cb7c,4C:96:8A:ED:6A:01,SPEN NA,-64,1760970230730
27647,1760970231411.0,0adab909-eb8f-4baf-9eed-7a4cc889cb7c,4C:96:8A:ED:6A:01,SPEN NA,-65,1760970230730
27648,1760970231466.0,0adab909-eb8f-4baf-9eed-7a4cc889cb7c,FF:10:10:AE:A7:64,Sunset lights,-80,1760970230730
27649,1760970231721.0,0adab909-eb8f-4baf-9eed-7a4cc889cb7c,4C:96:8A:ED:6A:01,SPEN NA,-61,1760970230730
27650,1760970232141.0,0adab909-eb8f-4baf-9eed-7a4cc889cb7c,4C:96:8A:ED:6A:01,SPEN NA,-63,1760970230730
27651,1760970232760.0,0adab909-eb8f-4baf-9eed-7a4cc889cb7c,4C:96:8A:ED:6A:01,SPEN NA,-63,1760970230730
27652,1760970233288.0,0adab909-eb8f-4baf-9eed-7a4cc889cb7c,4C:96:8A:ED:6A:01,SPEN NA,-56,1760970230730
27653,1760970233505.0,0adab909-eb8f-4baf-9eed-7a4cc889cb7c,4C:96:8A:ED:6A:01,SPEN NA,-63,1760970230730
27654,1760970233839.0,0adab909-eb8f-4baf-9eed-7a4cc889cb7c,4C:96:8A:ED:6A:01,SPEN NA,-66,1760970230730
27655,1760970234372.0,0adab909-eb8f-4baf-9eed-7a4cc889cb7c,4C:96:8A:ED:6A:01,SPEN NA,127,1760970230730
27656,1760970234676.0,0adab909-eb8f-4baf-9eed-7a4cc889cb7c,4C:96:8A:ED:6A:01,SPEN NA,-66,1760970230730
27657,1760970235204.0,0adab909-eb8f-4baf-9eed-7a4cc889cb7c,4C:96:8A:ED:6A:01,SPEN NA,127,1760970230730
27658,1760970235499.0,0adab909-eb8f-4baf-9eed-7a4cc889cb7c,4C:96:8A:ED:6A:01,SPEN NA,127,1760970230730
27659,1760970236040.0,0adab909-eb8f-4baf-9eed-7a4cc889cb7c,4C:96:8A:ED:6A:01,SPEN NA,-63,1760970230730
27660,1760970236566.0,0adab909-eb8f-4baf-9eed-7a4cc889cb7c,4C:96:8A:ED:6A:01,SPEN NA,-59,1760970230730
27661,1760970236874.0,0adab909-eb8f-4baf-9eed-7a4cc889cb7c,4C:96:8A:ED:6A:01,SPEN NA,-63,1760970230730
27662,1760970237407.0,0adab909-eb8f-4baf-9eed-7a4cc889cb7c,4C:96:8A:ED:6A:01,SPEN NA,-61,1760970230730
27663,1760970238256.0,0adab909-eb8f-4baf-9eed-7a4cc889cb7c,4C:96:8A:ED:6A:01,SPEN NA,-61,1760970230730
27664,1760970239401.0,0adab909-eb8f-4baf-9eed-7a4cc889cb7c,4C:96:8A:ED:6A:01,SPEN NA,-64,1760970230730
27665,1760970240770.0,0adab909-eb8f-4baf-9eed-7a4cc889cb7c,4C:96:8A:ED:6A:01,SPEN NA,-61,1760970230730
27666,1760970241284.0,0adab909-eb8f-4baf-9eed-7a4cc889cb7c,4C:96:8A:ED:6A:01,SPEN NA,-65,1760970230730
27667,1760970241591.0,0adab909-eb8f-4baf-9eed-7a4cc889cb7c,4C:96:8A:ED:6A:01,SPEN NA,-61,1760970230730
27668,1760970241904.0,0adab909-eb8f-4baf-9eed-7a4cc889cb7c,4C:96:8A:ED:6A:01,SPEN NA,-63,1760970230730
27669,1760970242137.0,0adab909-eb8f-4baf-9eed-7a4cc889cb7c,4C:96:8A:ED:6A:01,SPEN NA,-65,1760970230730
27670,1760970242650.0,0adab909-eb8f-4baf-9eed-7a4cc889cb7c,4C:96:8A:ED:6A:01,SPEN NA,-61,1760970230730
27671,1760970242955.0,0adab909-eb8f-4baf-9eed-7a4cc889cb7c,4C:96:8A:ED:6A:01,SPEN NA,-65,1760970230730
27672,1760970243689.0,0adab909-eb8f-4baf-9eed-7a4cc889cb7c,4C:96:8A:ED:6A:01,SPEN NA,-61,1760970230730
27673,1760970243983.0,0adab909-eb8f-4baf-9eed-7a4cc889cb7c,10:4D:AB:8E:E8:DA,,-88,1760970230730
27674,1760970244857.0,0adab909-eb8f-4baf-9eed-7a4cc889cb7c,FF:10:10:AE:A7:64,Sunset lights,-82,1760970230730
27675,1760970834058.0,0adab909-eb8f-4baf-9eed-7a4cc889cb7c,FF:10:10:AE:A7:64,Sunset lights,-75,1760970830752
27676,1760970836275.0,0adab909-eb8f-4baf-9eed-7a4cc889cb7c,4A:CA:28:09:0D:40,,-80,1760970830752
27677,1760971431456.0,0adab909-eb8f-4baf-9eed-7a4cc889cb7c,FF:10:10:AE:A7:64,Sunset lights,-77,1760971430711
27678,1760971443720.0,0adab909-eb8f-4baf-9eed-7a4cc889cb7c,E3:61:4D:55:9F:69,,-79,1760971430711
27679,1760971443741.0,0adab909-eb8f-4baf-9eed-7a4cc889cb7c,FF:10:10:AE:A7:64,Sunset lights,-73,1760971430711
27680,1760971444711.0,0adab909-eb8f-4baf-9eed-7a4cc889cb7c,09:15:10:30:C9:31,,-89,1760971430711
27681,1760972030794.0,0adab909-eb8f-4baf-9eed-7a4cc889cb7c,FF:10:10:AE:A7:64,Sunset lights,-74,1760972030730
27682,1760972030811.0,0adab909-eb8f-4baf-9eed-7a4cc889cb7c,60:74:F4:73:99:E7,ihoment_H601B_99E7,-93,1760972030730
27683,1760972032133.0,0adab909-eb8f-4baf-9eed-7a4cc889cb7c,60:74:F4:72:90:3F,ihoment_H601B_903F,-88,1760972030730
27684,1760972548330.0,0adab909-eb8f-4baf-9eed-7a4cc889cb7c,4C:96:8A:ED:6A:01,SPEN NA,-58,1760972548276
27685,1760972548362.0,0adab909-eb8f-4baf-9eed-7a4cc889cb7c,FF:10:10:AE:A7:64,Sunset lights,-89,1760972548276
27686,1760972548634.0,0adab909-eb8f-4baf-9eed-7a4cc889cb7c,60:74:F4:72:90:3F,ihoment_H601B_903F,-83,1760972548276
27687,1760972548673.0,0adab909-eb8f-4baf-9eed-7a4cc889cb7c,4C:96:8A:ED:6A:01,SPEN NA,-61,1760972548276
27688,1760972549075.0,0adab909-eb8f-4baf-9eed-7a4cc889cb7c,4C:96:8A:ED:6A:01,SPEN NA,127,1760972548276
27689,1760972549285.0,0adab909-eb8f-4baf-9eed-7a4cc889cb7c,4C:96:8A:ED:6A:01,SPEN NA,-60,1760972548276
27690,1760972549928.0,0adab909-eb8f-4baf-9eed-7a4cc889cb7c,4C:96:8A:ED:6A:01,SPEN NA,-58,1760972548276
27691,1760972550350.0,0adab909-eb8f-4baf-9eed-7a4cc889cb7c,4C:96:8A:ED:6A:01,SPEN NA,-55,1760972548276
27692,1760972550578.0,0adab909-eb8f-4baf-9eed-7a4cc889cb7c,60:74:F4:73:99:E7,ihoment_H601B_99E7,-82,1760972548276
27693,1760972551275.0,0adab909-eb8f-4baf-9eed-7a4cc889cb7c,4C:96:8A:ED:6A:01,SPEN NA,-56,1760972548276
27694,1760972551867.0,0adab909-eb8f-4baf-9eed-7a4cc889cb7c,7B:DE:4D:29:47:BA,,-90,1760972548276
27695,1760972552224.0,0adab909-eb8f-4baf-9eed-7a4cc889cb7c,4C:96:8A:ED:6A:01,SPEN NA,-55,1760972548276
27696,1760972552521.0,0adab909-eb8f-4baf-9eed-7a4cc889cb7c,24:1A:B6:5D:E4:B1,,-91,1760972548276
27697,1760972552542.0,0adab909-eb8f-4baf-9eed-7a4cc889cb7c,4C:96:8A:ED:6A:01,SPEN NA,-57,1760972548276
27698,1760972552855.0,0adab909-eb8f-4baf-9eed-7a4cc889cb7c,4C:96:8A:ED:6A:01,SPEN NA,-59,1760972548276
27699,1760972553487.0,0adab909-eb8f-4baf-9eed-7a4cc889cb7c,4C:96:8A:ED:6A:01,SPEN NA,-56,1760972548276
27700,1760972553809.0,0adab909-eb8f-4baf-9eed-7a4cc889cb7c,4C:96:8A:ED:6A:01,SPEN NA,-64,1760972548276
27701,1760972554113.0,0adab909-eb8f-4baf-9eed-7a4cc889cb7c,4C:96:8A:ED:6A:01,SPEN NA,-60,1760972548276
27702,1760972554440.0,0adab909-eb8f-4baf-9eed-7a4cc889cb7c,4C:96:8A:ED:6A:01,SPEN NA,-56,1760972548276
27703,1760972555072.0,0adab909-eb8f-4baf-9eed-7a4cc889cb7c,4C:96:8A:ED:6A:01,SPEN NA,-56,1760972548276
27704,1760972555499.0,0adab909-eb8f-4baf-9eed-7a4cc889cb7c,4C:96:8A:ED:6A:01,SPEN NA,-57,1760972548276
27705,1760972557359.0,0adab909-eb8f-4baf-9eed-7a4cc889cb7c,4C:96:8A:ED:6A:01,SPEN NA,-60,1760972548276
27706,1760972557675.0,0adab909-eb8f-4baf-9eed-7a4cc889cb7c,4C:96:8A:ED:6A:01,SPEN NA,-63,1760972548276
27707,1760972557977.0,0adab909-eb8f-4baf-9eed-7a4cc889cb7c,4C:96:8A:ED:6A:01,SPEN NA,-58,1760972548276
27708,1760972558307.0,0adab909-eb8f-4baf-9eed-7a4cc889cb7c,4C:96:8A:ED:6A:01,SPEN NA,-57,1760972548276
27709,1760972558648.0,0adab909-eb8f-4baf-9eed-7a4cc889cb7c,4C:96:8A:ED:6A:01,SPEN NA,-59,1760972548276
27710,1760972558966.0,0adab909-eb8f-4baf-9eed-7a4cc889cb7c,4C:96:8A:ED:6A:01,SPEN NA,-59,1760972548276
27711,1760972559592.0,0adab909-eb8f-4baf-9eed-7a4cc889cb7c,4C:96:8A:ED:6A:01,SPEN NA,-60,1760972548276
27712,1760972559882.0,0adab909-eb8f-4baf-9eed-7a4cc889cb7c,4C:96:8A:ED:6A:01,SPEN NA,-55,1760972548276
27713,1760972560215.0,0adab909-eb8f-4baf-9eed-7a4cc889cb7c,4C:96:8A:ED:6A:01,SPEN NA,-60,1760972548276
27714,1760972560533.0,0adab909-eb8f-4baf-9eed-7a4cc889cb7c,4C:96:8A:ED:6A:01,SPEN NA,-62,1760972548276
27715,1760973231995.0,0adab909-eb8f-4baf-9eed-7a4cc889cb7c,FF:10:10:AE:A7:64,Sunset lights,-78,1760973231559
27716,1760973232326.0,0adab909-eb8f-4baf-9eed-7a4cc889cb7c,60:74:F4:72:90:3F,ihoment_H601B_903F,-90,1760973231559
27717,1760973232821.0,0adab909-eb8f-4baf-9eed-7a4cc889cb7c,38:8A:21:D0:C7:26,FMC130:,-100,1760973231559
27718,1760973233578.0,0adab909-eb8f-4baf-9eed-7a4cc889cb7c,60:74:F4:73:99:E7,ihoment_H601B_99E7,-79,1760973231559
27719,1760973236513.0,0adab909-eb8f-4baf-9eed-7a4cc889cb7c,73:44:85:0B:EB:08,,-88,1760973231559
27720,1760973831601.0,0adab909-eb8f-4baf-9eed-7a4cc889cb7c,FF:10:10:AE:A7:64,Sunset lights,-81,1760973831537
27721,1760973831624.0,0adab909-eb8f-4baf-9eed-7a4cc889cb7c,60:74:F4:73:99:E7,ihoment_H601B_99E7,-85,1760973831537
27722,1760973831905.0,0adab909-eb8f-4baf-9eed-7a4cc889cb7c,60:74:F4:72:90:3F,ihoment_H601B_903F,-85,1760973831537
27723,1760974432245.0,0adab909-eb8f-4baf-9eed-7a4cc889cb7c,FF:10:10:AE:A7:64,Sunset lights,-82,1760974430869
27724,1760975030926.0,0adab909-eb8f-4baf-9eed-7a4cc889cb7c,FF:10:10:AE:A7:64,Sunset lights,-83,1760975030866
27725,1760975031038.0,0adab909-eb8f-4baf-9eed-7a4cc889cb7c,44:16:A4:85:91:30,,-93,1760975030866
27726,1760975033165.0,0adab909-eb8f-4baf-9eed-7a4cc889cb7c,50:81:A9:66:30:EE,,-93,1760975030866
27727,1760975632909.0,0adab909-eb8f-4baf-9eed-7a4cc889cb7c,FF:10:10:AE:A7:64,Sunset lights,-79,1760975630858
27728,1760975633208.0,0adab909-eb8f-4baf-9eed-7a4cc889cb7c,55:F7:66:F2:3B:2F,,-88,1760975630858
27729,1760975633849.0,0adab909-eb8f-4baf-9eed-7a4cc889cb7c,4C:44:84:DD:1B:7C,,-92,1760975630858
27730,1760975641161.0,0adab909-eb8f-4baf-9eed-7a4cc889cb7c,7B:CF:E6:50:6A:A7,,-89,1760975630858
27731,1760975643420.0,0adab909-eb8f-4baf-9eed-7a4cc889cb7c,68:DC:EB:BF:73:10,,-90,1760975630858
27732,1760976231663.0,0adab909-eb8f-4baf-9eed-7a4cc889cb7c,79:44:FA:66:F0:9C,,-91,1760976231559
27733,1760976231951.0,0adab909-eb8f-4baf-9eed-7a4cc889cb7c,FF:10:10:AE:A7:64,Sunset lights,-85,1760976231559
27734,1760976831578.0,0adab909-eb8f-4baf-9eed-7a4cc889cb7c,FF:FF:11:7D:49:B0,LEDCAR-01-49b0,-88,1760976831557
27735,1760976831638.0,0adab909-eb8f-4baf-9eed-7a4cc889cb7c,60:74:F4:73:96:CD,ihoment_H601B_96CD,-85,1760976831557
27736,1760976831675.0,0adab909-eb8f-4baf-9eed-7a4cc889cb7c,FF:10:10:AE:A7:64,Sunset lights,-88,1760976831557
27737,1760976832915.0,0adab909-eb8f-4baf-9eed-7a4cc889cb7c,60:74:F4:75:21:D5,ihoment_H601B_21D5,-73,1760976831557
27738,1760976834818.0,0adab909-eb8f-4baf-9eed-7a4cc889cb7c,F0:AE:66:91:78:87,,-88,1760976831557
27739,1760976835142.0,0adab909-eb8f-4baf-9eed-7a4cc889cb7c,49:55:47:CD:4D:33,,-88,1760976831557
27740,1760977431929.0,0adab909-eb8f-4baf-9eed-7a4cc889cb7c,60:74:F4:75:21:D5,ihoment_H601B_21D5,-79,1760977431549
27741,1760977431968.0,0adab909-eb8f-4baf-9eed-7a4cc889cb7c,77:DF:97:B8:D5:E1,,-88,1760977431549
27742,1760977433198.0,0adab909-eb8f-4baf-9eed-7a4cc889cb7c,42:8A:7D:90:DF:3C,,-87,1760977431549
27743,1760977433231.0,0adab909-eb8f-4baf-9eed-7a4cc889cb7c,60:74:F4:73:96:CD,ihoment_H601B_96CD,-71,1760977431549
27744,1760977435757.0,0adab909-eb8f-4baf-9eed-7a4cc889cb7c,68:44:00:77:9C:78,,-86,1760977431549
27745,1760977436434.0,0adab909-eb8f-4baf-9eed-7a4cc889cb7c,24:77:60:4C:93:72,,-89,1760977431549
27746,1760977436461.0,0adab909-eb8f-4baf-9eed-7a4cc889cb7c,39:67:E4:43:E7:FC,,-91,1760977431549
27747,1760977440229.0,0adab909-eb8f-4baf-9eed-7a4cc889cb7c,40:C1:D6:45:B3:DC,,-87,1760977431549
27748,1760977440585.0,0adab909-eb8f-4baf-9eed-7a4cc889cb7c,FF:10:10:AE:A7:64,Sunset lights,-85,1760977431549
27749,1760978031495.0,0adab909-eb8f-4baf-9eed-7a4cc889cb7c,FF:10:10:AE:A7:64,Sunset lights,-89,1760978031485
27750,1760978032510.0,0adab909-eb8f-4baf-9eed-7a4cc889cb7c,60:74:F4:73:96:CD,ihoment_H601B_96CD,-74,1760978031485
27751,1760978032855.0,0adab909-eb8f-4baf-9eed-7a4cc889cb7c,60:74:F4:75:21:D5,ihoment_H601B_21D5,-73,1760978031485
27752,1760978631527.0,0adab909-eb8f-4baf-9eed-7a4cc889cb7c,FF:10:10:AE:A7:64,Sunset lights,-83,1760978631473
27753,1760978631601.0,0adab909-eb8f-4baf-9eed-7a4cc889cb7c,60:74:F4:75:21:D5,ihoment_H601B_21D5,-70,1760978631473
27754,1760978635402.0,0adab909-eb8f-4baf-9eed-7a4cc889cb7c,60:74:F4:73:96:CD,ihoment_H601B_96CD,-76,1760978631473
27755,1760978638279.0,0adab909-eb8f-4baf-9eed-7a4cc889cb7c,72:76:EF:D9:E9:91,,-94,1760978631473
27756,1760978641196.0,0adab909-eb8f-4baf-9eed-7a4cc889cb7c,75:AA:8B:87:F3:A0,,-88,1760978631473
27757,1760979156851.0,0adab909-eb8f-4baf-9eed-7a4cc889cb7c,FF:10:10:AE:A7:64,Sunset lights,-80,1760979155484
27758,1760979157880.0,0adab909-eb8f-4baf-9eed-7a4cc889cb7c,4C:E7:2A:98:85:88,,-92,1760979155484
27759,1760979169364.0,0adab909-eb8f-4baf-9eed-7a4cc889cb7c,FF:10:10:AE:A7:64,Sunset lights,-79,1760979155484
27760,1760979172546.0,0adab909-eb8f-4baf-9eed-7a4cc889cb7c,FF:10:10:AE:A7:64,Sunset lights,-79,1760979155484
27761,1760979639830.0,0adab909-eb8f-4baf-9eed-7a4cc889cb7c,FF:10:10:AE:A7:64,Sunset lights,-73,1760979639740
27762,1760980432495.0,0adab909-eb8f-4baf-9eed-7a4cc889cb7c,FF:10:10:AE:A7:64,Sunset lights,-81,1760980431091
27763,1760980434067.0,0adab909-eb8f-4baf-9eed-7a4cc889cb7c,2E:A4:D4:9D:08:CB,,-92,1760980431091
27764,1760980443951.0,0adab909-eb8f-4baf-9eed-7a4cc889cb7c,30:40:93:CD:4C:E1,,-68,1760980431091
27765,1760980445176.0,0adab909-eb8f-4baf-9eed-7a4cc889cb7c,FF:10:10:AE:A7:64,Sunset lights,-79,1760980431091
27766,1760981036175.0,0adab909-eb8f-4baf-9eed-7a4cc889cb7c,12:05:DB:3A:5B:94,UNIQCar,-100,1760981031096
27767,1760981037304.0,0adab909-eb8f-4baf-9eed-7a4cc889cb7c,7E:57:45:DD:71:03,,-89,1760981031096
27768,1760981041747.0,0adab909-eb8f-4baf-9eed-7a4cc889cb7c,FF:10:10:AE:A7:64,Sunset lights,-85,1760981031096
27769,1760981431972.0,0adab909-eb8f-4baf-9eed-7a4cc889cb7c,4C:96:8A:ED:6A:01,SPEN NA,-46,1760981431878
27770,1760981432609.0,0adab909-eb8f-4baf-9eed-7a4cc889cb7c,4C:96:8A:ED:6A:01,SPEN NA,-50,1760981431878
27771,1760981432653.0,0adab909-eb8f-4baf-9eed-7a4cc889cb7c,FF:10:10:AE:A7:64,Sunset lights,-83,1760981431878
27772,1760981432927.0,0adab909-eb8f-4baf-9eed-7a4cc889cb7c,4C:96:8A:ED:6A:01,SPEN NA,-40,1760981431878
27773,1760981433251.0,0adab909-eb8f-4baf-9eed-7a4cc889cb7c,4C:96:8A:ED:6A:01,SPEN NA,-39,1760981431878
27774,1760981433556.0,0adab909-eb8f-4baf-9eed-7a4cc889cb7c,4C:96:8A:ED:6A:01,SPEN NA,-44,1760981431878
27775,1760981433875.0,0adab909-eb8f-4baf-9eed-7a4cc889cb7c,4C:96:8A:ED:6A:01,SPEN NA,-40,1760981431878
27776,1760981434184.0,0adab909-eb8f-4baf-9eed-7a4cc889cb7c,4C:96:8A:ED:6A:01,SPEN NA,-41,1760981431878
27777,1760981434499.0,0adab909-eb8f-4baf-9eed-7a4cc889cb7c,4C:96:8A:ED:6A:01,SPEN NA,-45,1760981431878
27778,1760981434818.0,0adab909-eb8f-4baf-9eed-7a4cc889cb7c,4C:96:8A:ED:6A:01,SPEN NA,-39,1760981431878
27779,1760981435543.0,0adab909-eb8f-4baf-9eed-7a4cc889cb7c,4C:96:8A:ED:6A:01,SPEN NA,-46,1760981431878
27780,1760981435763.0,0adab909-eb8f-4baf-9eed-7a4cc889cb7c,4C:96:8A:ED:6A:01,SPEN NA,-41,1760981431878
27781,1760981437130.0,0adab909-eb8f-4baf-9eed-7a4cc889cb7c,4C:96:8A:ED:6A:01,SPEN NA,-41,1760981431878
27782,1760981437763.0,0adab909-eb8f-4baf-9eed-7a4cc889cb7c,4C:96:8A:ED:6A:01,SPEN NA,-41,1760981431878
27783,1760981438059.0,0adab909-eb8f-4baf-9eed-7a4cc889cb7c,4C:96:8A:ED:6A:01,SPEN NA,-40,1760981431878
27784,1760981438380.0,0adab909-eb8f-4baf-9eed-7a4cc889cb7c,4C:96:8A:ED:6A:01,SPEN NA,-46,1760981431878
27785,1760981438688.0,0adab909-eb8f-4baf-9eed-7a4cc889cb7c,4C:96:8A:ED:6A:01,SPEN NA,-41,1760981431878
27786,1760981439012.0,0adab909-eb8f-4baf-9eed-7a4cc889cb7c,4C:96:8A:ED:6A:01,SPEN NA,-42,1760981431878
27787,1760981439971.0,0adab909-eb8f-4baf-9eed-7a4cc889cb7c,4C:96:8A:ED:6A:01,SPEN NA,-43,1760981431878
27788,1760981440279.0,0adab909-eb8f-4baf-9eed-7a4cc889cb7c,4C:96:8A:ED:6A:01,SPEN NA,-46,1760981431878
27789,1760981440580.0,0adab909-eb8f-4baf-9eed-7a4cc889cb7c,4C:96:8A:ED:6A:01,SPEN NA,-43,1760981431878
27790,1760981440907.0,0adab909-eb8f-4baf-9eed-7a4cc889cb7c,4C:96:8A:ED:6A:01,SPEN NA,-42,1760981431878
27791,1760981441949.0,0adab909-eb8f-4baf-9eed-7a4cc889cb7c,4C:96:8A:ED:6A:01,SPEN NA,-42,1760981431878
27792,1760981443218.0,0adab909-eb8f-4baf-9eed-7a4cc889cb7c,4C:96:8A:ED:6A:01,SPEN NA,-45,1760981431878
27793,1760981443525.0,0adab909-eb8f-4baf-9eed-7a4cc889cb7c,4C:96:8A:ED:6A:01,SPEN NA,-41,1760981431878
27794,1760981444157.0,0adab909-eb8f-4baf-9eed-7a4cc889cb7c,4C:96:8A:ED:6A:01,SPEN NA,-46,1760981431878
27795,1760981444459.0,0adab909-eb8f-4baf-9eed-7a4cc889cb7c,4C:96:8A:ED:6A:01,SPEN NA,-41,1760981431878
27796,1760982207757.0,0adab909-eb8f-4baf-9eed-7a4cc889cb7c,FF:10:10:AE:A7:64,Sunset lights,-85,1760982207294
27797,1760982807724.0,0adab909-eb8f-4baf-9eed-7a4cc889cb7c,FF:10:10:AE:A7:64,Sunset lights,-80,1760982807281
27798,1760982809959.0,0adab909-eb8f-4baf-9eed-7a4cc889cb7c,70:94:FE:77:4F:9D,,-87,1760982807281
27799,1760982813789.0,0adab909-eb8f-4baf-9eed-7a4cc889cb7c,41:BF:53:32:00:BE,,-86,1760982807281
27800,1760982820166.0,0adab909-eb8f-4baf-9eed-7a4cc889cb7c,0B:2D:DF:34:CF:64,,-71,1760982807281
27801,1760982820232.0,0adab909-eb8f-4baf-9eed-7a4cc889cb7c,FF:10:10:AE:A7:64,Sunset lights,-72,1760982807281
27802,1760983381440.0,0adab909-eb8f-4baf-9eed-7a4cc889cb7c,FF:10:10:AE:A7:64,Sunset lights,-85,1760983381041
27803,1760984031585.0,0adab909-eb8f-4baf-9eed-7a4cc889cb7c,FF:10:10:AE:A7:64,Sunset lights,-82,1760984031479
27804,1760984631857.0,0adab909-eb8f-4baf-9eed-7a4cc889cb7c,FF:10:10:AE:A7:64,Sunset lights,-85,1760984631464
27805,1760985231380.0,0adab909-eb8f-4baf-9eed-7a4cc889cb7c,4C:96:8A:ED:6A:01,SPEN NA,-62,1760985231241
27806,1760985231683.0,0adab909-eb8f-4baf-9eed-7a4cc889cb7c,4C:96:8A:ED:6A:01,SPEN NA,-64,1760985231241
27807,1760985231942.0,0adab909-eb8f-4baf-9eed-7a4cc889cb7c,FF:10:10:AE:A7:64,Sunset lights,-89,1760985231241
27808,1760985232654.0,0adab909-eb8f-4baf-9eed-7a4cc889cb7c,4C:96:8A:ED:6A:01,SPEN NA,-58,1760985231241
27809,1760985232957.0,0adab909-eb8f-4baf-9eed-7a4cc889cb7c,4C:96:8A:ED:6A:01,SPEN NA,-61,1760985231241
27810,1760985233567.0,0adab909-eb8f-4baf-9eed-7a4cc889cb7c,4C:96:8A:ED:6A:01,SPEN NA,-58,1760985231241
27811,1760985234223.0,0adab909-eb8f-4baf-9eed-7a4cc889cb7c,4C:96:8A:ED:6A:01,SPEN NA,-58,1760985231241
27812,1760985234532.0,0adab909-eb8f-4baf-9eed-7a4cc889cb7c,4C:96:8A:ED:6A:01,SPEN NA,-58,1760985231241
27813,1760985234846.0,0adab909-eb8f-4baf-9eed-7a4cc889cb7c,4C:96:8A:ED:6A:01,SPEN NA,-62,1760985231241
27814,1760985235167.0,0adab909-eb8f-4baf-9eed-7a4cc889cb7c,4C:96:8A:ED:6A:01,SPEN NA,-57,1760985231241
27815,1760985235486.0,0adab909-eb8f-4baf-9eed-7a4cc889cb7c,4C:96:8A:ED:6A:01,SPEN NA,-58,1760985231241
27816,1760985236114.0,0adab909-eb8f-4baf-9eed-7a4cc889cb7c,4C:96:8A:ED:6A:01,SPEN NA,-57,1760985231241
27817,1760985236746.0,0adab909-eb8f-4baf-9eed-7a4cc889cb7c,4C:96:8A:ED:6A:01,SPEN NA,-61,1760985231241
27818,1760985237377.0,0adab909-eb8f-4baf-9eed-7a4cc889cb7c,4C:96:8A:ED:6A:01,SPEN NA,-58,1760985231241
27819,1760985239765.0,0adab909-eb8f-4baf-9eed-7a4cc889cb7c,4C:96:8A:ED:6A:01,SPEN NA,-60,1760985231241
27820,1760985240930.0,0adab909-eb8f-4baf-9eed-7a4cc889cb7c,4C:96:8A:ED:6A:01,SPEN NA,-57,1760985231241
27821,1760985241033.0,0adab909-eb8f-4baf-9eed-7a4cc889cb7c,4C:96:8A:ED:6A:01,SPEN NA,-59,1760985231241
27822,1760985243023.0,0adab909-eb8f-4baf-9eed-7a4cc889cb7c,4C:96:8A:ED:6A:01,SPEN NA,-60,1760985231241
27823,1760985244131.0,0adab909-eb8f-4baf-9eed-7a4cc889cb7c,FF:10:10:AE:A7:64,Sunset lights,-75,1760985231241
27824,1760985244173.0,0adab909-eb8f-4baf-9eed-7a4cc889cb7c,4C:96:8A:ED:6A:01,SPEN NA,-57,1760985231241
27825,1760985244253.0,0adab909-eb8f-4baf-9eed-7a4cc889cb7c,2D:FC:B5:7F:03:85,,-80,1760985231241
27826,1760985837879.0,0adab909-eb8f-4baf-9eed-7a4cc889cb7c,FF:10:10:AE:A7:64,Sunset lights,-90,1760985831244
27827,1760985843075.0,0adab909-eb8f-4baf-9eed-7a4cc889cb7c,4F:8B:37:07:9A:43,,-91,1760985831244
27828,1760986431320.0,0adab909-eb8f-4baf-9eed-7a4cc889cb7c,FF:10:10:AE:A7:64,Sunset lights,-79,1760986431270
27829,1760986431653.0,0adab909-eb8f-4baf-9eed-7a4cc889cb7c,60:74:F4:73:96:CD,ihoment_H601B_96CD,-68,1760986431270
27830,1760986431687.0,0adab909-eb8f-4baf-9eed-7a4cc889cb7c,4F:8B:37:07:9A:43,,-86,1760986431270
27831,1760986432971.0,0adab909-eb8f-4baf-9eed-7a4cc889cb7c,60:74:F4:75:21:D5,ihoment_H601B_21D5,-69,1760986431270
27832,1760986433324.0,0adab909-eb8f-4baf-9eed-7a4cc889cb7c,5C:4B:11:FA:EE:A9,,-81,1760986431270
27833,1760986437449.0,0adab909-eb8f-4baf-9eed-7a4cc889cb7c,65:64:34:E0:AF:63,,-88,1760986431270
27834,1760986437484.0,0adab909-eb8f-4baf-9eed-7a4cc889cb7c,6C:98:47:A2:7E:F8,,-95,1760986431270
27835,1760986440939.0,0adab909-eb8f-4baf-9eed-7a4cc889cb7c,3B:D2:6C:5A:C9:3F,,-89,1760986431270
27836,1760987031307.0,0adab909-eb8f-4baf-9eed-7a4cc889cb7c,FF:10:10:AE:A7:64,Sunset lights,-77,1760987031259
27837,1760987031651.0,0adab909-eb8f-4baf-9eed-7a4cc889cb7c,60:74:F4:72:90:3F,ihoment_H601B_903F,-81,1760987031259
27838,1760987031670.0,0adab909-eb8f-4baf-9eed-7a4cc889cb7c,60:74:F4:75:21:D5,ihoment_H601B_21D5,-81,1760987031259
27839,1760987032592.0,0adab909-eb8f-4baf-9eed-7a4cc889cb7c,48:78:5E:50:DD:51,,-100,1760987031259
27840,1760987032649.0,0adab909-eb8f-4baf-9eed-7a4cc889cb7c,62:86:A7:31:D6:46,,-83,1760987031259
27841,1760987032668.0,0adab909-eb8f-4baf-9eed-7a4cc889cb7c,48:78:5E:50:DD:51,Echo-ACK,-89,1760987031259
27842,1760987032967.0,0adab909-eb8f-4baf-9eed-7a4cc889cb7c,60:74:F4:73:99:E7,ihoment_H601B_99E7,-88,1760987031259
27843,1760987033925.0,0adab909-eb8f-4baf-9eed-7a4cc889cb7c,60:74:F4:73:96:CD,ihoment_H601B_96CD,-65,1760987031259
27844,1760987036488.0,0adab909-eb8f-4baf-9eed-7a4cc889cb7c,75:8C:E8:F4:94:8E,,-92,1760987031259
27845,1760987038078.0,0adab909-eb8f-4baf-9eed-7a4cc889cb7c,42:0D:14:F6:B3:77,,-91,1760987031259
27846,1760987631422.0,0adab909-eb8f-4baf-9eed-7a4cc889cb7c,60:74:F4:73:99:E7,ihoment_H601B_99E7,-86,1760987631310
27847,1760987631491.0,0adab909-eb8f-4baf-9eed-7a4cc889cb7c,42:0D:14:F6:B3:77,,-69,1760987631310
27848,1760987631756.0,0adab909-eb8f-4baf-9eed-7a4cc889cb7c,60:74:F4:75:21:D5,ihoment_H601B_21D5,-78,1760987631310
27849,1760987632032.0,0adab909-eb8f-4baf-9eed-7a4cc889cb7c,60:74:F4:73:96:CD,ihoment_H601B_96CD,-62,1760987631310
27850,1760987633035.0,0adab909-eb8f-4baf-9eed-7a4cc889cb7c,60:74:F4:72:90:3F,ihoment_H601B_903F,-79,1760987631310
27851,1760987633317.0,0adab909-eb8f-4baf-9eed-7a4cc889cb7c,FF:10:10:AE:A7:64,Sunset lights,-77,1760987631310
27852,1760987633681.0,0adab909-eb8f-4baf-9eed-7a4cc889cb7c,09:36:C3:E0:04:F2,,-91,1760987631310
27853,1760987635235.0,0adab909-eb8f-4baf-9eed-7a4cc889cb7c,70:C4:E6:A2:B8:59,,-92,1760987631310
27854,1760987637164.0,0adab909-eb8f-4baf-9eed-7a4cc889cb7c,69:A8:03:47:96:05,,-89,1760987631310
27855,1760988231301.0,0adab909-eb8f-4baf-9eed-7a4cc889cb7c,60:74:F4:75:21:D5,ihoment_H601B_21D5,-73,1760988231248
27856,1760988231317.0,0adab909-eb8f-4baf-9eed-7a4cc889cb7c,FF:10:10:AE:A7:64,Sunset lights,-82,1760988231248
27857,1760988231338.0,0adab909-eb8f-4baf-9eed-7a4cc889cb7c,60:74:F4:73:96:CD,ihoment_H601B_96CD,-72,1760988231248
27858,1760988231370.0,0adab909-eb8f-4baf-9eed-7a4cc889cb7c,60:74:F4:72:90:3F,ihoment_H601B_903F,-75,1760988231248
27859,1760988231667.0,0adab909-eb8f-4baf-9eed-7a4cc889cb7c,60:74:F4:73:99:E7,ihoment_H601B_99E7,-84,1760988231248
27860,1760988232031.0,0adab909-eb8f-4baf-9eed-7a4cc889cb7c,7B:9B:24:23:26:2D,,-64,1760988231248
27861,1760988232295.0,0adab909-eb8f-4baf-9eed-7a4cc889cb7c,76:AC:29:7F:AF:6D,,-85,1760988231248
27862,1760988872104.0,0adab909-eb8f-4baf-9eed-7a4cc889cb7c,60:74:F4:73:96:CD,ihoment_H601B_96CD,-72,1760988872055
27863,1760988872459.0,0adab909-eb8f-4baf-9eed-7a4cc889cb7c,60:74:F4:72:90:3F,ihoment_H601B_903F,-75,1760988872055
27864,1760988872756.0,0adab909-eb8f-4baf-9eed-7a4cc889cb7c,60:74:F4:73:99:E7,ihoment_H601B_99E7,-82,1760988872055
27865,1760988873084.0,0adab909-eb8f-4baf-9eed-7a4cc889cb7c,60:74:F4:75:21:D5,ihoment_H601B_21D5,-74,1760988872055
27866,1760988873104.0,0adab909-eb8f-4baf-9eed-7a4cc889cb7c,FF:10:10:AE:A7:64,Sunset lights,-76,1760988872055
27867,1760989472111.0,0adab909-eb8f-4baf-9eed-7a4cc889cb7c,60:74:F4:73:96:CD,ihoment_H601B_96CD,-71,1760989472069
27868,1760989472441.0,0adab909-eb8f-4baf-9eed-7a4cc889cb7c,5E:8B:10:7E:86:81,,-68,1760989472069
27869,1760989472464.0,0adab909-eb8f-4baf-9eed-7a4cc889cb7c,FF:10:10:AE:A7:64,Sunset lights,-87,1760989472069
27870,1760989472784.0,0adab909-eb8f-4baf-9eed-7a4cc889cb7c,60:74:F4:75:21:D5,ihoment_H601B_21D5,-74,1760989472069
27871,1760989473119.0,0adab909-eb8f-4baf-9eed-7a4cc889cb7c,60:74:F4:73:99:E7,ihoment_H601B_99E7,-80,1760989472069
27872,1760989473771.0,0adab909-eb8f-4baf-9eed-7a4cc889cb7c,60:74:F4:72:90:3F,ihoment_H601B_903F,-78,1760989472069
27873,1760989478218.0,0adab909-eb8f-4baf-9eed-7a4cc889cb7c,40:D9:46:28:73:A4,,-89,1760989472069
27874,1760990072113.0,0adab909-eb8f-4baf-9eed-7a4cc889cb7c,60:74:F4:73:99:E7,ihoment_H601B_99E7,-80,1760990072034
27875,1760990072130.0,0adab909-eb8f-4baf-9eed-7a4cc889cb7c,60:74:F4:72:90:3F,ihoment_H601B_903F,-76,1760990072034
27876,1760990072143.0,0adab909-eb8f-4baf-9eed-7a4cc889cb7c,FF:10:10:AE:A7:64,Sunset lights,-79,1760990072034
27877,1760990073739.0,0adab909-eb8f-4baf-9eed-7a4cc889cb7c,6D:75:07:C6:1C:EB,,-83,1760990072034
27878,1760990073759.0,0adab909-eb8f-4baf-9eed-7a4cc889cb7c,60:74:F4:75:21:D5,ihoment_H601B_21D5,-71,1760990072034
27879,1760990073772.0,0adab909-eb8f-4baf-9eed-7a4cc889cb7c,60:74:F4:73:96:CD,ihoment_H601B_96CD,-61,1760990072034
27880,1760990074066.0,0adab909-eb8f-4baf-9eed-7a4cc889cb7c,41:5A:0B:8B:D6:F4,,-88,1760990072034
27881,1760990585750.0,0adab909-eb8f-4baf-9eed-7a4cc889cb7c,5D:F7:59:C1:F9:19,,-80,1760990585572
27882,1760990589605.0,0adab909-eb8f-4baf-9eed-7a4cc889cb7c,56:D8:3C:AA:8B:52,,-79,1760990585572
27883,1760990591382.0,0adab909-eb8f-4baf-9eed-7a4cc889cb7c,FF:10:10:AE:A7:64,Sunset lights,-82,1760990585572
27884,1760990592460.0,0adab909-eb8f-4baf-9eed-7a4cc889cb7c,6D:75:07:C6:1C:EB,,-91,1760990585572
27885,1760991186356.0,0adab909-eb8f-4baf-9eed-7a4cc889cb7c,FF:10:10:AE:A7:64,Sunset lights,-74,1760991186274
27886,1760991186744.0,0adab909-eb8f-4baf-9eed-7a4cc889cb7c,5D:F7:59:C1:F9:19,,-68,1760991186274
27887,1760991785524.0,0adab909-eb8f-4baf-9eed-7a4cc889cb7c,FF:10:10:AE:A7:64,Sunset lights,-78,1760991785495
27888,1760991790378.0,0adab909-eb8f-4baf-9eed-7a4cc889cb7c,57:B6:AE:FC:05:01,,-74,1760991785495
27889,1760991798363.0,0adab909-eb8f-4baf-9eed-7a4cc889cb7c,1F:3A:26:A2:78:85,,-83,1760991785495
27890,1760991798406.0,0adab909-eb8f-4baf-9eed-7a4cc889cb7c,57:B6:AE:FC:05:01,,-79,1760991785495
27891,1760991799415.0,0adab909-eb8f-4baf-9eed-7a4cc889cb7c,FF:10:10:AE:A7:64,Sunset lights,-77,1760991785495
27892,1760992289773.0,0adab909-eb8f-4baf-9eed-7a4cc889cb7c,FF:10:10:AE:A7:64,Sunset lights,-86,1760992289351
27893,1760992302393.0,0adab909-eb8f-4baf-9eed-7a4cc889cb7c,01:F6:3B:6E:C0:CD,,-76,1760992289351
27894,1760992303333.0,0adab909-eb8f-4baf-9eed-7a4cc889cb7c,FF:10:10:AE:A7:64,Sunset lights,-77,1760992289351
27895,1760992950483.0,0adab909-eb8f-4baf-9eed-7a4cc889cb7c,FF:10:10:AE:A7:64,Sunset lights,-88,1760992949359
27896,1760992955853.0,0adab909-eb8f-4baf-9eed-7a4cc889cb7c,72:3F:04:E7:45:21,,-76,1760992949359
27897,1760992964378.0,0adab909-eb8f-4baf-9eed-7a4cc889cb7c,FF:10:10:AE:A7:64,Sunset lights,-83,1760992949359
27898,1760992964428.0,0adab909-eb8f-4baf-9eed-7a4cc889cb7c,18:54:CA:49:69:55,,-81,1760992949359
27899,1760993446968.0,0adab909-eb8f-4baf-9eed-7a4cc889cb7c,FF:10:10:AE:A7:64,Sunset lights,-83,1760993446511
27900,1760993451734.0,0adab909-eb8f-4baf-9eed-7a4cc889cb7c,72:3F:04:E7:45:21,,-72,1760993446511
27901,1760993460634.0,0adab909-eb8f-4baf-9eed-7a4cc889cb7c,09:5E:00:3A:FB:AA,,-81,1760993446511
27902,1760993460666.0,0adab909-eb8f-4baf-9eed-7a4cc889cb7c,FF:10:10:AE:A7:64,Sunset lights,-84,1760993446511
27903,1760994171468.0,0adab909-eb8f-4baf-9eed-7a4cc889cb7c,5D:4A:9D:E2:B4:9D,,-83,1760994171099
27904,1760994175686.0,0adab909-eb8f-4baf-9eed-7a4cc889cb7c,FF:10:10:AE:A7:64,Sunset lights,-88,1760994171099
27905,1760994777227.0,0adab909-eb8f-4baf-9eed-7a4cc889cb7c,FF:10:10:AE:A7:64,Sunset lights,-84,1760994771094
27906,1760994783029.0,0adab909-eb8f-4baf-9eed-7a4cc889cb7c,5D:4A:9D:E2:B4:9D,,-82,1760994771094
27907,1760994783964.0,0adab909-eb8f-4baf-9eed-7a4cc889cb7c,23:40:76:78:01:0B,,-73,1760994771094
27908,1760994784095.0,0adab909-eb8f-4baf-9eed-7a4cc889cb7c,FF:10:10:AE:A7:64,Sunset lights,-84,1760994771094
27909,1760994785025.0,0adab909-eb8f-4baf-9eed-7a4cc889cb7c,5D:4A:9D:E2:B4:9D,,-85,1760994771094
27910,1760995371478.0,0adab909-eb8f-4baf-9eed-7a4cc889cb7c,FF:10:10:AE:A7:64,Sunset lights,-86,1760995371031
27911,1760995373689.0,0adab909-eb8f-4baf-9eed-7a4cc889cb7c,5D:4A:9D:E2:B4:9D,,-68,1760995371031
27912,1760995383966.0,0adab909-eb8f-4baf-9eed-7a4cc889cb7c,FF:10:10:AE:A7:64,Sunset lights,-81,1760995371031
27913,1760995383992.0,0adab909-eb8f-4baf-9eed-7a4cc889cb7c,10:4D:26:16:83:CA,,-72,1760995371031
27914,1760995971041.0,0adab909-eb8f-4baf-9eed-7a4cc889cb7c,FF:10:10:AE:A7:64,Sunset lights,-78,1760995971019
27915,1760995977519.0,0adab909-eb8f-4baf-9eed-7a4cc889cb7c,6E:CC:16:0E:01:44,,-87,1760995971019
27916,1760995984902.0,0adab909-eb8f-4baf-9eed-7a4cc889cb7c,0E:9C:DD:EB:62:6C,,-84,1760995971019
27917,1760995985041.0,0adab909-eb8f-4baf-9eed-7a4cc889cb7c,FF:10:10:AE:A7:64,Sunset lights,-76,1760995971019
27918,1760996571120.0,0adab909-eb8f-4baf-9eed-7a4cc889cb7c,6E:CC:16:0E:01:44,,-87,1760996571035
27919,1760996572425.0,0adab909-eb8f-4baf-9eed-7a4cc889cb7c,FF:10:10:AE:A7:64,Sunset lights,-90,1760996571035
27920,1760996583939.0,0adab909-eb8f-4baf-9eed-7a4cc889cb7c,13:16:43:53:19:35,,-82,1760996571035
27921,1760996585151.0,0adab909-eb8f-4baf-9eed-7a4cc889cb7c,6E:CC:16:0E:01:44,,-71,1760996571035
27922,1760997174306.0,0adab909-eb8f-4baf-9eed-7a4cc889cb7c,FF:10:10:AE:A7:64,Sunset lights,-89,1760997171007
27923,1760997178445.0,0adab909-eb8f-4baf-9eed-7a4cc889cb7c,4C:46:A1:9C:AE:42,,-76,1760997171007
27924,1760997181374.0,0adab909-eb8f-4baf-9eed-7a4cc889cb7c,6D:DD:55:46:7B:D6,,-71,1760997171007
27925,1760997183972.0,0adab909-eb8f-4baf-9eed-7a4cc889cb7c,1D:45:E2:09:EE:35,,-88,1760997171007
27926,1760997184943.0,0adab909-eb8f-4baf-9eed-7a4cc889cb7c,6D:DD:55:46:7B:D6,,-77,1760997171007
27927,1760997185880.0,0adab909-eb8f-4baf-9eed-7a4cc889cb7c,FF:10:10:AE:A7:64,Sunset lights,-83,1760997171007
27928,1760997771309.0,0adab909-eb8f-4baf-9eed-7a4cc889cb7c,FF:10:10:AE:A7:64,Sunset lights,-92,1760997770900
27929,1760997773886.0,0adab909-eb8f-4baf-9eed-7a4cc889cb7c,4C:46:A1:9C:AE:42,,-77,1760997770900
27930,1760997783899.0,0adab909-eb8f-4baf-9eed-7a4cc889cb7c,4C:46:A1:9C:AE:42,,-79,1760997770900
27931,1760997783947.0,0adab909-eb8f-4baf-9eed-7a4cc889cb7c,02:A0:B3:1A:A1:62,,-85,1760997770900
27932,1760998371312.0,0adab909-eb8f-4baf-9eed-7a4cc889cb7c,FF:10:10:AE:A7:64,Sunset lights,-81,1760998370910
27933,1760998371391.0,0adab909-eb8f-4baf-9eed-7a4cc889cb7c,7B:D9:A6:04:3A:77,,-79,1760998370910
27934,1760998383797.0,0adab909-eb8f-4baf-9eed-7a4cc889cb7c,FF:10:10:AE:A7:64,Sunset lights,-82,1760998370910
27935,1760998384969.0,0adab909-eb8f-4baf-9eed-7a4cc889cb7c,38:2A:A5:CC:35:7C,,-84,1760998370910
27936,1760998972315.0,0adab909-eb8f-4baf-9eed-7a4cc889cb7c,FF:10:10:AE:A7:64,Sunset lights,-82,1760998970904
27937,1760998972856.0,0adab909-eb8f-4baf-9eed-7a4cc889cb7c,7B:D9:A6:04:3A:77,,-68,1760998970904
27938,1760998984058.0,0adab909-eb8f-4baf-9eed-7a4cc889cb7c,19:44:4C:3C:02:29,,-74,1760998970904
27939,1760998985103.0,0adab909-eb8f-4baf-9eed-7a4cc889cb7c,FF:10:10:AE:A7:64,Sunset lights,-85,1760998970904
27940,1760999571524.0,0adab909-eb8f-4baf-9eed-7a4cc889cb7c,FF:10:10:AE:A7:64,Sunset lights,-89,1760999571476
27941,1760999573122.0,0adab909-eb8f-4baf-9eed-7a4cc889cb7c,52:B8:B8:57:54:D2,,-72,1760999571476
27942,1760999584338.0,0adab909-eb8f-4baf-9eed-7a4cc889cb7c,19:75:03:FC:90:B2,,-73,1760999571476
27943,1760999585400.0,0adab909-eb8f-4baf-9eed-7a4cc889cb7c,FF:10:10:AE:A7:64,Sunset lights,-81,1760999571476
27944,1761000172486.0,0adab909-eb8f-4baf-9eed-7a4cc889cb7c,FF:10:10:AE:A7:64,Sunset lights,-89,1761000171412
27945,1761000174719.0,0adab909-eb8f-4baf-9eed-7a4cc889cb7c,52:B8:B8:57:54:D2,,-79,1761000171412
27946,1761000184311.0,0adab909-eb8f-4baf-9eed-7a4cc889cb7c,11:23:9D:7E:D1:49,,-92,1761000171412
27947,1761000185388.0,0adab909-eb8f-4baf-9eed-7a4cc889cb7c,FF:10:10:AE:A7:64,Sunset lights,-82,1761000171412
27948,1761000773431.0,0adab909-eb8f-4baf-9eed-7a4cc889cb7c,FF:10:10:AE:A7:64,Sunset lights,-83,1761000773224
27949,1761000775035.0,0adab909-eb8f-4baf-9eed-7a4cc889cb7c,4A:9B:40:9A:48:F4,,-79,1761000773224
27950,1761001374427.0,0adab909-eb8f-4baf-9eed-7a4cc889cb7c,FF:10:10:AE:A7:64,Sunset lights,-83,1761001373560
27951,1761001377556.0,0adab909-eb8f-4baf-9eed-7a4cc889cb7c,4A:9B:40:9A:48:F4,,-82,1761001373560
27952,1761001383984.0,0adab909-eb8f-4baf-9eed-7a4cc889cb7c,42:C7:74:32:35:C8,,-81,1761001373560
27953,1761002205254.0,0adab909-eb8f-4baf-9eed-7a4cc889cb7c,FF:10:10:AE:A7:64,Sunset lights,-79,1761002205246
27954,1761002207880.0,0adab909-eb8f-4baf-9eed-7a4cc889cb7c,78:A2:3C:D2:4E:1A,,-80,1761002205246
27955,1761002805453.0,0adab909-eb8f-4baf-9eed-7a4cc889cb7c,FF:10:10:AE:A7:64,Sunset lights,-83,1761002805280
27956,1761002809575.0,0adab909-eb8f-4baf-9eed-7a4cc889cb7c,78:A2:3C:D2:4E:1A,,-77,1761002805280
27957,1761003056339.0,0adab909-eb8f-4baf-9eed-7a4cc889cb7c,FF:10:10:AE:A7:64,Sunset lights,-79,1761003055966
27958,1761003060164.0,0adab909-eb8f-4baf-9eed-7a4cc889cb7c,78:A2:3C:D2:4E:1A,,-69,1761003055966
27959,1761003712746.0,0adab909-eb8f-4baf-9eed-7a4cc889cb7c,FF:10:10:AE:A7:64,Sunset lights,-76,1761003712003
27960,1761003716261.0,0adab909-eb8f-4baf-9eed-7a4cc889cb7c,7E:4C:CD:23:91:EA,,-69,1761003712003
27961,1761004612215.0,0adab909-eb8f-4baf-9eed-7a4cc889cb7c,FF:10:10:AE:A7:64,Sunset lights,-77,1761004612213
27962,1761004613339.0,0adab909-eb8f-4baf-9eed-7a4cc889cb7c,66:56:E4:1C:A7:63,,-67,1761004612213
27963,1761004911970.0,0adab909-eb8f-4baf-9eed-7a4cc889cb7c,FF:10:10:AE:A7:64,Sunset lights,-76,1761004911912
27964,1761004916898.0,0adab909-eb8f-4baf-9eed-7a4cc889cb7c,66:56:E4:1C:A7:63,,-77,1761004911912
27965,1761005570324.0,0adab909-eb8f-4baf-9eed-7a4cc889cb7c,FF:10:10:AE:A7:64,Sunset lights,-77,1761005568941
27966,1761005572592.0,0adab909-eb8f-4baf-9eed-7a4cc889cb7c,66:56:E4:1C:A7:63,,-78,1761005568941
27967,1761005574552.0,0adab909-eb8f-4baf-9eed-7a4cc889cb7c,7E:9E:EA:F4:FF:5F,,-86,1761005568941
27968,1761006169306.0,0adab909-eb8f-4baf-9eed-7a4cc889cb7c,FF:10:10:AE:A7:64,Sunset lights,-75,1761006168896
27969,1761006768371.0,0adab909-eb8f-4baf-9eed-7a4cc889cb7c,FF:10:10:AE:A7:64,Sunset lights,-75,1761006767960
27970,1761007300947.0,0adab909-eb8f-4baf-9eed-7a4cc889cb7c,FF:10:10:AE:A7:64,Sunset lights,-76,1761007300895
27971,1761007303582.0,0adab909-eb8f-4baf-9eed-7a4cc889cb7c,51:A3:02:D1:DB:B5,,-79,1761007300895
27972,1761007902367.0,0adab909-eb8f-4baf-9eed-7a4cc889cb7c,77:0A:85:90:FA:46,,-68,1761007900904
27973,1761007903285.0,0adab909-eb8f-4baf-9eed-7a4cc889cb7c,FF:10:10:AE:A7:64,Sunset lights,-75,1761007900904
27974,1761008502829.0,0adab909-eb8f-4baf-9eed-7a4cc889cb7c,FF:10:10:AE:A7:64,Sunset lights,-78,1761008502824
27975,1761008503891.0,0adab909-eb8f-4baf-9eed-7a4cc889cb7c,77:0A:85:90:FA:46,,-68,1761008502824
27976,1761009101631.0,0adab909-eb8f-4baf-9eed-7a4cc889cb7c,FF:10:10:AE:A7:64,Sunset lights,-76,1761009100910
27977,1761009105858.0,0adab909-eb8f-4baf-9eed-7a4cc889cb7c,4E:1A:E2:A7:74:D8,,-71,1761009100910
27978,1761009633341.0,0adab909-eb8f-4baf-9eed-7a4cc889cb7c,FF:10:10:AE:A7:64,Sunset lights,-75,1761009632913
27979,1761009641061.0,0adab909-eb8f-4baf-9eed-7a4cc889cb7c,4E:1A:E2:A7:74:D8,,-67,1761009632913
27980,1761010232944.0,0adab909-eb8f-4baf-9eed-7a4cc889cb7c,FF:10:10:AE:A7:64,Sunset lights,-77,1761010232864
27981,1761010239725.0,0adab909-eb8f-4baf-9eed-7a4cc889cb7c,40:04:71:77:66:D9,,-73,1761010232864
27982,1761010833904.0,0adab909-eb8f-4baf-9eed-7a4cc889cb7c,FF:10:10:AE:A7:64,Sunset lights,-76,1761010832884
27983,1761010836243.0,0adab909-eb8f-4baf-9eed-7a4cc889cb7c,40:04:71:77:66:D9,,-67,1761010832884
27984,1761011543962.0,0adab909-eb8f-4baf-9eed-7a4cc889cb7c,FF:10:10:AE:A7:64,Sunset lights,-78,1761011543865
27985,1761011545901.0,0adab909-eb8f-4baf-9eed-7a4cc889cb7c,4F:D8:F5:2E:88:26,,-86,1761011543865
27986,1761012144250.0,0adab909-eb8f-4baf-9eed-7a4cc889cb7c,FF:10:10:AE:A7:64,Sunset lights,-74,1761012143844
27987,1761012144929.0,0adab909-eb8f-4baf-9eed-7a4cc889cb7c,4F:D8:F5:2E:88:26,,-76,1761012143844
27988,1761012743875.0,0adab909-eb8f-4baf-9eed-7a4cc889cb7c,FF:10:10:AE:A7:64,Sunset lights,-78,1761012743842
27989,1761012744613.0,0adab909-eb8f-4baf-9eed-7a4cc889cb7c,70:9A:81:96:F7:E7,,-73,1761012743842
27990,1761013276295.0,0adab909-eb8f-4baf-9eed-7a4cc889cb7c,FF:10:10:AE:A7:64,Sunset lights,-76,1761013275844
27991,1761013285547.0,0adab909-eb8f-4baf-9eed-7a4cc889cb7c,70:9A:81:96:F7:E7,,-72,1761013275844
27992,1761013876269.0,0adab909-eb8f-4baf-9eed-7a4cc889cb7c,FF:10:10:AE:A7:64,Sunset lights,-77,1761013876034
27993,1761013883656.0,0adab909-eb8f-4baf-9eed-7a4cc889cb7c,70:9A:81:96:F7:E7,,-77,1761013876034
27994,1761014476054.0,0adab909-eb8f-4baf-9eed-7a4cc889cb7c,FF:10:10:AE:A7:64,Sunset lights,-78,1761014476051
27995,1761015410238.0,0adab909-eb8f-4baf-9eed-7a4cc889cb7c,FF:10:10:AE:A7:64,Sunset lights,-75,1761015409864
27996,1761015417352.0,0adab909-eb8f-4baf-9eed-7a4cc889cb7c,5C:7C:64:A8:75:67,,-76,1761015409864
27997,1761015421793.0,0adab909-eb8f-4baf-9eed-7a4cc889cb7c,6B:65:85:21:17:1F,,-90,1761015409864
27998,1761015709842.0,0adab909-eb8f-4baf-9eed-7a4cc889cb7c,FF:10:10:AE:A7:64,Sunset lights,-79,1761015709816
27999,1761015713758.0,0adab909-eb8f-4baf-9eed-7a4cc889cb7c,68:D4:28:0F:39:BC,,-77,1761015709816
28000,1761016310163.0,0adab909-eb8f-4baf-9eed-7a4cc889cb7c,FF:10:10:AE:A7:64,Sunset lights,-75,1761016309798
28001,1761016316930.0,0adab909-eb8f-4baf-9eed-7a4cc889cb7c,7D:74:27:D8:96:73,,-67,1761016309798
28002,1761016910626.0,0adab909-eb8f-4baf-9eed-7a4cc889cb7c,FF:10:10:AE:A7:64,Sunset lights,-75,1761016910236
28003,1761016910950.0,0adab909-eb8f-4baf-9eed-7a4cc889cb7c,7D:74:27:D8:96:73,,-82,1761016910236
28004,1761017442577.0,0adab909-eb8f-4baf-9eed-7a4cc889cb7c,FF:10:10:AE:A7:64,Sunset lights,-76,1761017442054
28005,1761017453203.0,0adab909-eb8f-4baf-9eed-7a4cc889cb7c,7D:74:27:D8:96:73,,-83,1761017442054
28006,1761018043282.0,0adab909-eb8f-4baf-9eed-7a4cc889cb7c,FF:10:10:AE:A7:64,Sunset lights,-76,1761018042054
28007,1761018049368.0,0adab909-eb8f-4baf-9eed-7a4cc889cb7c,68:B9:DC:2B:D0:15,,-76,1761018042054
28008,1761018642553.0,0adab909-eb8f-4baf-9eed-7a4cc889cb7c,FF:10:10:AE:A7:64,Sunset lights,-74,1761018641834
28009,1761018650519.0,0adab909-eb8f-4baf-9eed-7a4cc889cb7c,77:C1:94:0D:0B:2E,,-84,1761018641834
28010,1761018653458.0,0adab909-eb8f-4baf-9eed-7a4cc889cb7c,30:18:63:5D:A4:93,,-87,1761018641834
28011,1761018654370.0,0adab909-eb8f-4baf-9eed-7a4cc889cb7c,F4:1A:7A:CF:AD:4D,1CGBC2507C1266,-87,1761018641834
28012,1761019473039.0,0adab909-eb8f-4baf-9eed-7a4cc889cb7c,FF:10:10:AE:A7:64,Sunset lights,-79,1761019473035
28013,1761019475148.0,0adab909-eb8f-4baf-9eed-7a4cc889cb7c,4B:CF:F8:5C:91:9F,,-63,1761019473035
28014,1761020075121.0,0adab909-eb8f-4baf-9eed-7a4cc889cb7c,FF:10:10:AE:A7:64,Sunset lights,-74,1761020073004
28015,1761020673244.0,0adab909-eb8f-4baf-9eed-7a4cc889cb7c,FF:10:10:AE:A7:64,Sunset lights,-74,1761020673017
28016,1761021049527.0,0adab909-eb8f-4baf-9eed-7a4cc889cb7c,FF:10:10:AE:A7:64,Sunset lights,-74,1761021048825
28017,1761021052075.0,0adab909-eb8f-4baf-9eed-7a4cc889cb7c,10:9F:41:D1:37:19,,-100,1761021048825
28018,1761021648814.0,0adab909-eb8f-4baf-9eed-7a4cc889cb7c,FF:10:10:AE:A7:64,Sunset lights,-81,1761021648771
28019,1761022236543.0,0adab909-eb8f-4baf-9eed-7a4cc889cb7c,FF:10:10:AE:A7:64,Sunset lights,-75,1761022235782
28020,1761023081490.0,0adab909-eb8f-4baf-9eed-7a4cc889cb7c,FF:10:10:AE:A7:64,Sunset lights,-75,1761023080771
28021,1761023682427.0,0adab909-eb8f-4baf-9eed-7a4cc889cb7c,FF:10:10:AE:A7:64,Sunset lights,-74,1761023680759
28022,1761024282129.0,0adab909-eb8f-4baf-9eed-7a4cc889cb7c,FF:10:10:AE:A7:64,Sunset lights,-74,1761024280764
28023,1761024284359.0,0adab909-eb8f-4baf-9eed-7a4cc889cb7c,52:B7:D9:A2:7F:0D,JBL LIVE660NC-LE,-91,1761024280764
28024,1761024285056.0,0adab909-eb8f-4baf-9eed-7a4cc889cb7c,6B:14:B4:02:63:8E,,-91,1761024280764
28025,1761024661575.0,0adab909-eb8f-4baf-9eed-7a4cc889cb7c,FF:10:10:AE:A7:64,Sunset lights,-79,1761024661050
28026,1761025350012.0,0adab909-eb8f-4baf-9eed-7a4cc889cb7c,FF:10:10:AE:A7:64,Sunset lights,-87,1761025349997
28027,1761025351151.0,0adab909-eb8f-4baf-9eed-7a4cc889cb7c,6A:B0:71:3B:8F:C0,,-89,1761025349997
28028,1761025950237.0,0adab909-eb8f-4baf-9eed-7a4cc889cb7c,FF:10:10:AE:A7:64,Sunset lights,-74,1761025950172
28029,1761025950569.0,0adab909-eb8f-4baf-9eed-7a4cc889cb7c,43:E7:11:BE:6E:02,,-87,1761025950172
28030,1761025956402.0,0adab909-eb8f-4baf-9eed-7a4cc889cb7c,64:E6:B4:48:6F:98,,-88,1761025950172
28031,1761025959909.0,0adab909-eb8f-4baf-9eed-7a4cc889cb7c,58:81:19:77:D0:B4,,-93,1761025950172
28032,1761025961399.0,0adab909-eb8f-4baf-9eed-7a4cc889cb7c,55:0A:03:A5:23:74,,-79,1761025950172
28033,1761025961725.0,0adab909-eb8f-4baf-9eed-7a4cc889cb7c,4D:3D:9D:A5:72:B3,,-92,1761025950172
28034,1761025962100.0,0adab909-eb8f-4baf-9eed-7a4cc889cb7c,7D:AD:9F:FB:4D:E5,,-94,1761025950172
28035,1761025962376.0,0adab909-eb8f-4baf-9eed-7a4cc889cb7c,6D:64:34:92:8F:44,,-90,1761025950172
28036,1761026635183.0,0adab909-eb8f-4baf-9eed-7a4cc889cb7c,FF:10:10:AE:A7:64,Sunset lights,-78,1761026634989
28037,1761027236128.0,0adab909-eb8f-4baf-9eed-7a4cc889cb7c,FF:10:10:AE:A7:64,Sunset lights,-73,1761027234952
28038,1761027656173.0,0adab909-eb8f-4baf-9eed-7a4cc889cb7c,FF:10:10:AE:A7:64,Sunset lights,-73,1761027655744
28039,1761027667401.0,0adab909-eb8f-4baf-9eed-7a4cc889cb7c,55:4E:E2:B7:03:8F,,-92,1761027655744
28040,1761028434128.0,0adab909-eb8f-4baf-9eed-7a4cc889cb7c,FF:10:10:AE:A7:64,Sunset lights,-76,1761028433690
28041,1761029036738.0,0adab909-eb8f-4baf-9eed-7a4cc889cb7c,FF:10:10:AE:A7:64,Sunset lights,-85,1761029033704
28042,1761029633726.0,0adab909-eb8f-4baf-9eed-7a4cc889cb7c,FF:10:10:AE:A7:64,Sunset lights,-85,1761029633708
28043,1761029637930.0,0adab909-eb8f-4baf-9eed-7a4cc889cb7c,4B:61:09:90:31:64,,-87,1761029633708
28044,1761029638992.0,0adab909-eb8f-4baf-9eed-7a4cc889cb7c,90:7B:C6:E1:DB:A9,S4b41683eae2917f1C,-86,1761029633708
28045,1761029639009.0,0adab909-eb8f-4baf-9eed-7a4cc889cb7c,75:DE:6F:E7:3D:4D,,-92,1761029633708
28046,1761030061531.0,0adab909-eb8f-4baf-9eed-7a4cc889cb7c,FF:10:10:AE:A7:64,Sunset lights,-79,1761030061243
28047,1761030894746.0,0adab909-eb8f-4baf-9eed-7a4cc889cb7c,FF:10:10:AE:A7:64,Sunset lights,-81,1761030892734
28048,1761031493446.0,0adab909-eb8f-4baf-9eed-7a4cc889cb7c,FF:10:10:AE:A7:64,Sunset lights,-76,1761031492696
28049,1761031494026.0,0adab909-eb8f-4baf-9eed-7a4cc889cb7c,F4:8E:7C:C2:9A:36,,-83,1761031492696
28050,1761031494047.0,0adab909-eb8f-4baf-9eed-7a4cc889cb7c,F1:84:68:31:B2:BC,,-85,1761031492696
28051,1761031497904.0,0adab909-eb8f-4baf-9eed-7a4cc889cb7c,CA:35:A6:38:4C:00,,-74,1761031492696
28052,1761031922363.0,0adab909-eb8f-4baf-9eed-7a4cc889cb7c,FF:10:10:AE:A7:64,Sunset lights,-73,1761031921721
28053,1761031924049.0,0adab909-eb8f-4baf-9eed-7a4cc889cb7c,77:FC:01:32:8D:99,,-93,1761031921721
28054,1761032454129.0,0adab909-eb8f-4baf-9eed-7a4cc889cb7c,FF:10:10:AE:A7:64,Sunset lights,-74,1761032453674
28055,1761032464058.0,0adab909-eb8f-4baf-9eed-7a4cc889cb7c,9F:DA:07:56:F6:D3,JLab GO Pop+-BLE,-88,1761032453674
28056,1761033352947.0,0adab909-eb8f-4baf-9eed-7a4cc889cb7c,5B:A2:33:BD:25:67,,-72,1761033352481
28057,1761033356053.0,0adab909-eb8f-4baf-9eed-7a4cc889cb7c,C3:F5:7F:8B:F1:7D,Hue Lamp,-81,1761033352481
28058,1761033365414.0,0adab909-eb8f-4baf-9eed-7a4cc889cb7c,01:68:65:4D:47:6B,,-65,1761033352481
28059,1761033365448.0,0adab909-eb8f-4baf-9eed-7a4cc889cb7c,C3:F5:7F:8B:F1:7D,Hue Lamp,-82,1761033352481
28060,1761033365476.0,0adab909-eb8f-4baf-9eed-7a4cc889cb7c,F4:FE:FB:45:44:C9,,-78,1761033352481
28061,1761033365495.0,0adab909-eb8f-4baf-9eed-7a4cc889cb7c,F6:7A:DF:5B:E7:31,,-77,1761033352481
28062,1761033365542.0,0adab909-eb8f-4baf-9eed-7a4cc889cb7c,5B:A2:33:BD:25:67,,-76,1761033352481
28063,1761033653568.0,0adab909-eb8f-4baf-9eed-7a4cc889cb7c,79:54:25:84:E7:24,,-71,1761033652472
28064,1761033659632.0,0adab909-eb8f-4baf-9eed-7a4cc889cb7c,58:76:D3:0F:61:73,,-90,1761033652472
28065,1761033665396.0,0adab909-eb8f-4baf-9eed-7a4cc889cb7c,F4:FE:FB:45:44:C9,,-73,1761033652472
28066,1761033665423.0,0adab909-eb8f-4baf-9eed-7a4cc889cb7c,79:54:25:84:E7:24,,-76,1761033652472
28067,1761034289685.0,0adab909-eb8f-4baf-9eed-7a4cc889cb7c,FF:10:10:AE:A7:64,Sunset lights,-74,1761034289296
28068,1761034293259.0,0adab909-eb8f-4baf-9eed-7a4cc889cb7c,4A:0E:03:37:46:E4,,-84,1761034289296
28069,1761034302165.0,0adab909-eb8f-4baf-9eed-7a4cc889cb7c,FF:10:10:AE:A7:64,Sunset lights,-76,1761034289296
28070,1761034872980.0,0adab909-eb8f-4baf-9eed-7a4cc889cb7c,FF:10:10:AE:A7:64,Sunset lights,-73,1761034872211
28071,1761034873242.0,0adab909-eb8f-4baf-9eed-7a4cc889cb7c,58:F0:23:D2:46:36,Apple Pencil,-86,1761034872211
28072,1761034873533.0,0adab909-eb8f-4baf-9eed-7a4cc889cb7c,4B:DB:3D:D7:50:AD,,-94,1761034872211
28073,1761034875479.0,0adab909-eb8f-4baf-9eed-7a4cc889cb7c,5A:E0:71:5B:38:9C,,-90,1761034872211
28074,1761034877093.0,0adab909-eb8f-4baf-9eed-7a4cc889cb7c,69:D9:8A:AA:3E:34,,-89,1761034872211
28075,1761034885199.0,0adab909-eb8f-4baf-9eed-7a4cc889cb7c,FF:10:10:AE:A7:64,Sunset lights,-73,1761034872211
28076,1761034885228.0,0adab909-eb8f-4baf-9eed-7a4cc889cb7c,58:F0:23:D2:46:36,Apple Pencil,-88,1761034872211
28077,1761034888108.0,0adab909-eb8f-4baf-9eed-7a4cc889cb7c,FF:10:10:AE:A7:64,Sunset lights,-73,1761034872211
28078,1761035451797.0,0adab909-eb8f-4baf-9eed-7a4cc889cb7c,FF:10:10:AE:A7:64,Sunset lights,-78,1761035450972
28079,1761035452322.0,0adab909-eb8f-4baf-9eed-7a4cc889cb7c,12:2F:F4:10:E0:56,,-91,1761035450972
28080,1761035453287.0,0adab909-eb8f-4baf-9eed-7a4cc889cb7c,75:C6:D8:73:8B:93,,-88,1761035450972
28081,1761035458136.0,0adab909-eb8f-4baf-9eed-7a4cc889cb7c,34:54:A1:C8:31:BF,,-95,1761035450972
28082,1761035463945.0,0adab909-eb8f-4baf-9eed-7a4cc889cb7c,75:C6:D8:73:8B:93,,-90,1761035450972
28083,1761035466923.0,0adab909-eb8f-4baf-9eed-7a4cc889cb7c,79:79:1B:36:81:5B,,-90,1761035450972
28084,1761036052699.0,0adab909-eb8f-4baf-9eed-7a4cc889cb7c,4B:DB:3D:D7:50:AD,,-88,1761036051290
28085,1761036053030.0,0adab909-eb8f-4baf-9eed-7a4cc889cb7c,FF:10:10:AE:A7:64,Sunset lights,-83,1761036051290
28086,1761036062228.0,0adab909-eb8f-4baf-9eed-7a4cc889cb7c,72:DD:C1:38:5A:52,,-88,1761036051290
28087,1761036063216.0,0adab909-eb8f-4baf-9eed-7a4cc889cb7c,65:37:A6:63:67:17,,-94,1761036051290
28088,1761036063898.0,0adab909-eb8f-4baf-9eed-7a4cc889cb7c,78:CD:55:FF:54:A1,,-91,1761036051290
28089,1761036065193.0,0adab909-eb8f-4baf-9eed-7a4cc889cb7c,FF:10:10:AE:A7:64,Sunset lights,-89,1761036051290
28090,1761036066333.0,0adab909-eb8f-4baf-9eed-7a4cc889cb7c,4B:DB:3D:D7:50:AD,,-85,1761036051290
28091,1761036651408.0,0adab909-eb8f-4baf-9eed-7a4cc889cb7c,FF:10:10:AE:A7:64,Sunset lights,-81,1761036651325
28092,1761036664180.0,0adab909-eb8f-4baf-9eed-7a4cc889cb7c,FF:10:10:AE:A7:64,Sunset lights,-76,1761036651325
28093,1761037252638.0,0adab909-eb8f-4baf-9eed-7a4cc889cb7c,FF:10:10:AE:A7:64,Sunset lights,-86,1761037251286
28094,1761037255880.0,0adab909-eb8f-4baf-9eed-7a4cc889cb7c,29:B4:FB:5D:EB:95,,-82,1761037251286
28095,1761037257465.0,0adab909-eb8f-4baf-9eed-7a4cc889cb7c,1A:EE:80:02:EF:40,,-81,1761037251286
28096,1761037266205.0,0adab909-eb8f-4baf-9eed-7a4cc889cb7c,FF:10:10:AE:A7:64,Sunset lights,-78,1761037251286
28097,1761037851617.0,0adab909-eb8f-4baf-9eed-7a4cc889cb7c,FF:10:10:AE:A7:64,Sunset lights,-79,1761037851259
28098,1761037864196.0,0adab909-eb8f-4baf-9eed-7a4cc889cb7c,FF:10:10:AE:A7:64,Sunset lights,-75,1761037851259
28099,1761038451303.0,0adab909-eb8f-4baf-9eed-7a4cc889cb7c,FF:10:10:AE:A7:64,Sunset lights,-84,1761038451222
28100,1761038454142.0,0adab909-eb8f-4baf-9eed-7a4cc889cb7c,4C:A3:8F:47:82:B5,smartDongle-38E3,-100,1761038451222
28101,1761038462206.0,0adab909-eb8f-4baf-9eed-7a4cc889cb7c,47:96:FA:5F:A5:F6,JBL TUNE125TWS-LE,-88,1761038451222
28102,1761038462543.0,0adab909-eb8f-4baf-9eed-7a4cc889cb7c,00:60:37:3E:24:17,DTCO-20798095,-91,1761038451222
28103,1761038463089.0,0adab909-eb8f-4baf-9eed-7a4cc889cb7c,7F:2F:1F:4A:EB:80,,-87,1761038451222
28104,1761038463808.0,0adab909-eb8f-4baf-9eed-7a4cc889cb7c,2C:B0:80:A0:BB:A0,,-92,1761038451222
28105,1761038464227.0,0adab909-eb8f-4baf-9eed-7a4cc889cb7c,DC:46:3B:CE:A8:EB,,-93,1761038451222
28106,1761038465378.0,0adab909-eb8f-4baf-9eed-7a4cc889cb7c,FF:10:10:AE:A7:64,Sunset lights,-73,1761038451222
28107,1761039051262.0,0adab909-eb8f-4baf-9eed-7a4cc889cb7c,4C:96:8A:ED:6A:01,SPEN NA,-61,1761039051198
28108,1761039051301.0,0adab909-eb8f-4baf-9eed-7a4cc889cb7c,4D:7E:ED:78:FA:71,,-91,1761039051198
28109,1761039051331.0,0adab909-eb8f-4baf-9eed-7a4cc889cb7c,FF:10:10:AE:A7:64,Sunset lights,-85,1761039051198
28110,1761039052812.0,0adab909-eb8f-4baf-9eed-7a4cc889cb7c,4C:96:8A:ED:6A:01,SPEN NA,-62,1761039051198
28111,1761039053008.0,0adab909-eb8f-4baf-9eed-7a4cc889cb7c,4C:96:8A:ED:6A:01,SPEN NA,-56,1761039051198
28112,1761039053110.0,0adab909-eb8f-4baf-9eed-7a4cc889cb7c,4C:96:8A:ED:6A:01,SPEN NA,-56,1761039051198
28113,1761039055258.0,0adab909-eb8f-4baf-9eed-7a4cc889cb7c,4C:96:8A:ED:6A:01,SPEN NA,-57,1761039051198
28114,1761039055333.0,0adab909-eb8f-4baf-9eed-7a4cc889cb7c,4C:96:8A:ED:6A:01,SPEN NA,-57,1761039051198
28115,1761039057014.0,0adab909-eb8f-4baf-9eed-7a4cc889cb7c,4C:96:8A:ED:6A:01,SPEN NA,-62,1761039051198
28116,1761039057114.0,0adab909-eb8f-4baf-9eed-7a4cc889cb7c,4C:96:8A:ED:6A:01,SPEN NA,-67,1761039051198
28117,1761039058885.0,0adab909-eb8f-4baf-9eed-7a4cc889cb7c,4C:96:8A:ED:6A:01,SPEN NA,-56,1761039051198
28118,1761039058983.0,0adab909-eb8f-4baf-9eed-7a4cc889cb7c,4C:96:8A:ED:6A:01,SPEN NA,-56,1761039051198
28119,1761039060581.0,0adab909-eb8f-4baf-9eed-7a4cc889cb7c,4C:96:8A:ED:6A:01,SPEN NA,-57,1761039051198
28120,1761039060677.0,0adab909-eb8f-4baf-9eed-7a4cc889cb7c,4C:96:8A:ED:6A:01,SPEN NA,-57,1761039051198
28121,1761039062555.0,0adab909-eb8f-4baf-9eed-7a4cc889cb7c,4C:96:8A:ED:6A:01,SPEN NA,-62,1761039051198
28122,1761039062663.0,0adab909-eb8f-4baf-9eed-7a4cc889cb7c,4C:96:8A:ED:6A:01,SPEN NA,-64,1761039051198
28123,1761039064136.0,0adab909-eb8f-4baf-9eed-7a4cc889cb7c,4D:7E:ED:78:FA:71,,-90,1761039051198
28124,1761039064234.0,0adab909-eb8f-4baf-9eed-7a4cc889cb7c,4C:96:8A:ED:6A:01,SPEN NA,-57,1761039051198
28125,1761039065208.0,0adab909-eb8f-4baf-9eed-7a4cc889cb7c,FF:10:10:AE:A7:64,Sunset lights,-86,1761039051198
28126,1761039650892.0,0adab909-eb8f-4baf-9eed-7a4cc889cb7c,7D:D7:31:68:EB:DD,EDIFIER BLE,-88,1761039650840
28127,1761039651249.0,0adab909-eb8f-4baf-9eed-7a4cc889cb7c,FF:10:10:AE:A7:64,Sunset lights,-80,1761039650840
28128,1761039651919.0,0adab909-eb8f-4baf-9eed-7a4cc889cb7c,3D:18:5E:1A:87:3F,,-85,1761039650840
28129,1761039652261.0,0adab909-eb8f-4baf-9eed-7a4cc889cb7c,70:45:FF:01:09:D0,,-88,1761039650840
28130,1761039653840.0,0adab909-eb8f-4baf-9eed-7a4cc889cb7c,78:FD:26:FD:8D:85,,-93,1761039650840
28131,1761039654771.0,0adab909-eb8f-4baf-9eed-7a4cc889cb7c,4C:BD:F9:6D:1F:B2,,-87,1761039650840
28132,1761039655438.0,0adab909-eb8f-4baf-9eed-7a4cc889cb7c,68:73:88:BF:33:71,,-92,1761039650840
28133,1761039656728.0,0adab909-eb8f-4baf-9eed-7a4cc889cb7c,7C:A8:43:65:DC:CE,,-89,1761039650840
28134,1761039657028.0,0adab909-eb8f-4baf-9eed-7a4cc889cb7c,19:76:E6:DD:D5:9A,,-92,1761039650840
28135,1761040250912.0,0adab909-eb8f-4baf-9eed-7a4cc889cb7c,65:66:91:20:FC:B6,,-86,1761040250853
28136,1761040250950.0,0adab909-eb8f-4baf-9eed-7a4cc889cb7c,52:75:66:DE:CA:F1,,-81,1761040250853
28137,1761040252531.0,0adab909-eb8f-4baf-9eed-7a4cc889cb7c,72:DF:3F:F1:77:1A,,-90,1761040250853
28138,1761040252912.0,0adab909-eb8f-4baf-9eed-7a4cc889cb7c,FF:10:10:AE:A7:64,Sunset lights,-86,1761040250853
28139,1761040257658.0,0adab909-eb8f-4baf-9eed-7a4cc889cb7c,41:97:FC:1B:85:47,,-90,1761040250853
28140,1761040850883.0,0adab909-eb8f-4baf-9eed-7a4cc889cb7c,65:A5:71:C8:40:94,,-81,1761040850849
28141,1761040851573.0,0adab909-eb8f-4baf-9eed-7a4cc889cb7c,FF:10:10:AE:A7:64,Sunset lights,-82,1761040850849
28142,1761040852830.0,0adab909-eb8f-4baf-9eed-7a4cc889cb7c,6F:E3:06:62:20:2D,,-76,1761040850849
28143,1761040853189.0,0adab909-eb8f-4baf-9eed-7a4cc889cb7c,72:DF:3F:F1:77:1A,,-91,1761040850849
28144,1761040854150.0,0adab909-eb8f-4baf-9eed-7a4cc889cb7c,52:75:66:DE:CA:F1,,-81,1761040850849
28145,1761040861518.0,0adab909-eb8f-4baf-9eed-7a4cc889cb7c,78:C8:10:D9:C0:C2,,-79,1761040850849
28146,1761040864103.0,0adab909-eb8f-4baf-9eed-7a4cc889cb7c,65:A5:71:C8:40:94,,-82,1761040850849
28147,1761040864142.0,0adab909-eb8f-4baf-9eed-7a4cc889cb7c,C0:CA:DD:89:11:C2,,-82,1761040850849
28148,1761040864213.0,0adab909-eb8f-4baf-9eed-7a4cc889cb7c,78:C8:10:D9:C0:C2,,-90,1761040850849
28149,1761040865143.0,0adab909-eb8f-4baf-9eed-7a4cc889cb7c,52:75:66:DE:CA:F1,,-88,1761040850849
28150,1761040866035.0,0adab909-eb8f-4baf-9eed-7a4cc889cb7c,6F:E3:06:62:20:2D,,-75,1761040850849
28151,1761040866074.0,0adab909-eb8f-4baf-9eed-7a4cc889cb7c,4C:96:8A:ED:6A:01,SPEN NA,-68,1761040850849
28152,1761041451354.0,0adab909-eb8f-4baf-9eed-7a4cc889cb7c,4C:96:8A:ED:6A:01,SPEN NA,-46,1761041451235
28153,1761041451954.0,0adab909-eb8f-4baf-9eed-7a4cc889cb7c,FF:10:10:AE:A7:64,Sunset lights,-83,1761041451235
28154,1761041451970.0,0adab909-eb8f-4baf-9eed-7a4cc889cb7c,4C:96:8A:ED:6A:01,SPEN NA,-54,1761041451235
28155,1761041452012.0,0adab909-eb8f-4baf-9eed-7a4cc889cb7c,6D:DB:64:F0:1B:33,,-84,1761041451235
28156,1761041452265.0,0adab909-eb8f-4baf-9eed-7a4cc889cb7c,6A:53:45:D6:09:33,,-86,1761041451235
28157,1761041452590.0,0adab909-eb8f-4baf-9eed-7a4cc889cb7c,78:C8:10:D9:C0:C2,,-81,1761041451235
28158,1761041452622.0,0adab909-eb8f-4baf-9eed-7a4cc889cb7c,4C:96:8A:ED:6A:01,SPEN NA,-43,1761041451235
28159,1761041452948.0,0adab909-eb8f-4baf-9eed-7a4cc889cb7c,4C:96:8A:ED:6A:01,SPEN NA,-47,1761041451235
28160,1761041453263.0,0adab909-eb8f-4baf-9eed-7a4cc889cb7c,4C:96:8A:ED:6A:01,SPEN NA,-43,1761041451235
28161,1761041453559.0,0adab909-eb8f-4baf-9eed-7a4cc889cb7c,4C:96:8A:ED:6A:01,SPEN NA,-44,1761041451235
28162,1761041453592.0,0adab909-eb8f-4baf-9eed-7a4cc889cb7c,72:D4:D5:60:DD:A2,,-91,1761041451235
28163,1761041453894.0,0adab909-eb8f-4baf-9eed-7a4cc889cb7c,4C:96:8A:ED:6A:01,SPEN NA,-47,1761041451235
28164,1761041454834.0,0adab909-eb8f-4baf-9eed-7a4cc889cb7c,4C:96:8A:ED:6A:01,SPEN NA,-47,1761041451235
28165,1761041455776.0,0adab909-eb8f-4baf-9eed-7a4cc889cb7c,4C:96:8A:ED:6A:01,SPEN NA,-47,1761041451235
28166,1761041456185.0,0adab909-eb8f-4baf-9eed-7a4cc889cb7c,4C:96:8A:ED:6A:01,SPEN NA,-43,1761041451235
28167,1761041456436.0,0adab909-eb8f-4baf-9eed-7a4cc889cb7c,6F:E3:06:62:20:2D,,-88,1761041451235
28168,1761041456499.0,0adab909-eb8f-4baf-9eed-7a4cc889cb7c,4C:96:8A:ED:6A:01,SPEN NA,-47,1761041451235
28169,1761041456840.0,0adab909-eb8f-4baf-9eed-7a4cc889cb7c,4C:96:8A:ED:6A:01,SPEN NA,-51,1761041451235
28170,1761041457127.0,0adab909-eb8f-4baf-9eed-7a4cc889cb7c,4C:96:8A:ED:6A:01,SPEN NA,127,1761041451235
28171,1761041457464.0,0adab909-eb8f-4baf-9eed-7a4cc889cb7c,4C:96:8A:ED:6A:01,SPEN NA,-44,1761041451235
28172,1761041458074.0,0adab909-eb8f-4baf-9eed-7a4cc889cb7c,4C:96:8A:ED:6A:01,SPEN NA,-43,1761041451235
28173,1761041458719.0,0adab909-eb8f-4baf-9eed-7a4cc889cb7c,4C:96:8A:ED:6A:01,SPEN NA,-47,1761041451235
28174,1761041459022.0,0adab909-eb8f-4baf-9eed-7a4cc889cb7c,4C:96:8A:ED:6A:01,SPEN NA,-43,1761041451235
28175,1761041459345.0,0adab909-eb8f-4baf-9eed-7a4cc889cb7c,4C:96:8A:ED:6A:01,SPEN NA,-43,1761041451235
28176,1761041459659.0,0adab909-eb8f-4baf-9eed-7a4cc889cb7c,4C:96:8A:ED:6A:01,SPEN NA,-47,1761041451235
28177,1761041459968.0,0adab909-eb8f-4baf-9eed-7a4cc889cb7c,4C:96:8A:ED:6A:01,SPEN NA,-43,1761041451235
28178,1761041460286.0,0adab909-eb8f-4baf-9eed-7a4cc889cb7c,4C:96:8A:ED:6A:01,SPEN NA,-43,1761041451235
28179,1761041460622.0,0adab909-eb8f-4baf-9eed-7a4cc889cb7c,4C:96:8A:ED:6A:01,SPEN NA,-47,1761041451235
28180,1761041460926.0,0adab909-eb8f-4baf-9eed-7a4cc889cb7c,4C:96:8A:ED:6A:01,SPEN NA,-43,1761041451235
28181,1761041461249.0,0adab909-eb8f-4baf-9eed-7a4cc889cb7c,4C:96:8A:ED:6A:01,SPEN NA,-44,1761041451235
28182,1761041462263.0,0adab909-eb8f-4baf-9eed-7a4cc889cb7c,4C:96:8A:ED:6A:01,SPEN NA,-44,1761041451235
28183,1761041462612.0,0adab909-eb8f-4baf-9eed-7a4cc889cb7c,4C:96:8A:ED:6A:01,SPEN NA,-47,1761041451235
28184,1761041462923.0,0adab909-eb8f-4baf-9eed-7a4cc889cb7c,4C:96:8A:ED:6A:01,SPEN NA,-43,1761041451235
28185,1761041463852.0,0adab909-eb8f-4baf-9eed-7a4cc889cb7c,4C:96:8A:ED:6A:01,SPEN NA,-43,1761041451235
28186,1761041464106.0,0adab909-eb8f-4baf-9eed-7a4cc889cb7c,6A:53:45:D6:09:33,,-88,1761041451235
28187,1761041464123.0,0adab909-eb8f-4baf-9eed-7a4cc889cb7c,FF:10:10:AE:A7:64,Sunset lights,-80,1761041451235
28188,1761041464153.0,0adab909-eb8f-4baf-9eed-7a4cc889cb7c,4C:96:8A:ED:6A:01,SPEN NA,-45,1761041451235
28189,1761041465190.0,0adab909-eb8f-4baf-9eed-7a4cc889cb7c,6D:DB:64:F0:1B:33,,-73,1761041451235
28190,1761041467065.0,0adab909-eb8f-4baf-9eed-7a4cc889cb7c,6F:E3:06:62:20:2D,,-88,1761041451235
28191,1761042051717.0,0adab909-eb8f-4baf-9eed-7a4cc889cb7c,72:91:2D:9E:1D:96,,-90,1761042051271
28192,1761042051980.0,0adab909-eb8f-4baf-9eed-7a4cc889cb7c,FF:10:10:AE:A7:64,Sunset lights,-82,1761042051271
28193,1761042052003.0,0adab909-eb8f-4baf-9eed-7a4cc889cb7c,7D:B3:B2:04:17:B7,,-89,1761042051271
28194,1761042052291.0,0adab909-eb8f-4baf-9eed-7a4cc889cb7c,6D:DB:64:F0:1B:33,,-84,1761042051271
28195,1761042053942.0,0adab909-eb8f-4baf-9eed-7a4cc889cb7c,6D:E6:AF:17:60:88,,-84,1761042051271
28196,1761042651657.0,0adab909-eb8f-4baf-9eed-7a4cc889cb7c,75:1B:61:A7:91:6F,,-82,1761042651259
28197,1761042651742.0,0adab909-eb8f-4baf-9eed-7a4cc889cb7c,FF:10:10:AE:A7:64,Sunset lights,-81,1761042651259
28198,1761042652972.0,0adab909-eb8f-4baf-9eed-7a4cc889cb7c,6D:E6:AF:17:60:88,,-87,1761042651259
28199,1761042652995.0,0adab909-eb8f-4baf-9eed-7a4cc889cb7c,7D:B3:B2:04:17:B7,,-88,1761042651259
28200,1761042653606.0,0adab909-eb8f-4baf-9eed-7a4cc889cb7c,4D:6A:60:21:9E:F7,,-93,1761042651259
28201,1761043251367.0,0adab909-eb8f-4baf-9eed-7a4cc889cb7c,5F:57:6D:8D:D4:60,,-89,1761043251263
28202,1761043251764.0,0adab909-eb8f-4baf-9eed-7a4cc889cb7c,FF:10:10:AE:A7:64,Sunset lights,-84,1761043251263
28203,1761043252256.0,0adab909-eb8f-4baf-9eed-7a4cc889cb7c,4F:F7:72:D6:8C:72,,-91,1761043251263
28204,1761043253918.0,0adab909-eb8f-4baf-9eed-7a4cc889cb7c,6B:96:33:3D:05:A6,,-91,1761043251263
28205,1761043256782.0,0adab909-eb8f-4baf-9eed-7a4cc889cb7c,75:1B:61:A7:91:6F,,-76,1761043251263
28206,1761043851407.0,0adab909-eb8f-4baf-9eed-7a4cc889cb7c,FF:10:10:AE:A7:64,Sunset lights,-88,1761043851279
28207,1761043852668.0,0adab909-eb8f-4baf-9eed-7a4cc889cb7c,49:64:34:DD:A1:5D,,-80,1761043851279
28208,1761043852687.0,0adab909-eb8f-4baf-9eed-7a4cc889cb7c,7C:94:9C:87:DD:E2,,-93,1761043851279
28209,1761043853328.0,0adab909-eb8f-4baf-9eed-7a4cc889cb7c,5F:57:6D:8D:D4:60,,-85,1761043851279
28210,1761043856500.0,0adab909-eb8f-4baf-9eed-7a4cc889cb7c,51:7E:FC:FB:2A:0C,,-94,1761043851279
28211,1761043857139.0,0adab909-eb8f-4baf-9eed-7a4cc889cb7c,69:0E:08:6E:B0:DB,,-82,1761043851279
28212,1761044451673.0,0adab909-eb8f-4baf-9eed-7a4cc889cb7c,FF:10:10:AE:A7:64,Sunset lights,-82,1761044451252
28213,1761044451972.0,0adab909-eb8f-4baf-9eed-7a4cc889cb7c,69:0E:08:6E:B0:DB,,-81,1761044451252
28214,1761044452285.0,0adab909-eb8f-4baf-9eed-7a4cc889cb7c,56:94:87:75:D7:49,,-90,1761044451252
28215,1761044463182.0,0adab909-eb8f-4baf-9eed-7a4cc889cb7c,49:64:34:DD:A1:5D,,-93,1761044451252
28216,1761044464299.0,0adab909-eb8f-4baf-9eed-7a4cc889cb7c,3E:9D:DB:88:BE:FF,,-94,1761044451252
28217,1761044464910.0,0adab909-eb8f-4baf-9eed-7a4cc889cb7c,69:0E:08:6E:B0:DB,,-79,1761044451252
28218,1761044465231.0,0adab909-eb8f-4baf-9eed-7a4cc889cb7c,F1:5D:8E:8E:78:CE,,-89,1761044451252
28219,1761044465363.0,0adab909-eb8f-4baf-9eed-7a4cc889cb7c,FF:10:10:AE:A7:64,Sunset lights,-81,1761044451252
28220,1761044465820.0,0adab909-eb8f-4baf-9eed-7a4cc889cb7c,56:94:87:75:D7:49,,-89,1761044451252
28221,1761045052141.0,0adab909-eb8f-4baf-9eed-7a4cc889cb7c,FF:10:10:AE:A7:64,Sunset lights,-87,1761045051366
28222,1761045052736.0,0adab909-eb8f-4baf-9eed-7a4cc889cb7c,49:64:34:DD:A1:5D,,-86,1761045051366
28223,1761045053054.0,0adab909-eb8f-4baf-9eed-7a4cc889cb7c,7C:D5:E6:DD:63:6B,,-88,1761045051366
28224,1761045055647.0,0adab909-eb8f-4baf-9eed-7a4cc889cb7c,79:C0:1E:A1:E8:AD,,-91,1761045051366
28225,1761045064413.0,0adab909-eb8f-4baf-9eed-7a4cc889cb7c,FF:10:10:AE:A7:64,Sunset lights,-82,1761045051366
28226,1761045064584.0,0adab909-eb8f-4baf-9eed-7a4cc889cb7c,49:64:34:DD:A1:5D,,-88,1761045051366
28227,1761045064749.0,0adab909-eb8f-4baf-9eed-7a4cc889cb7c,7C:D5:E6:DD:63:6B,,-90,1761045051366
28228,1761045064883.0,0adab909-eb8f-4baf-9eed-7a4cc889cb7c,E2:9E:53:BD:1F:5F,,-89,1761045051366
28229,1761045065503.0,0adab909-eb8f-4baf-9eed-7a4cc889cb7c,E4:50:CD:A1:CB:6E,,-91,1761045051366
28230,1761045951889.0,0adab909-eb8f-4baf-9eed-7a4cc889cb7c,70:F7:7B:77:F3:2A,,-87,1761045951402
28231,1761045952500.0,0adab909-eb8f-4baf-9eed-7a4cc889cb7c,FF:10:10:AE:A7:64,Sunset lights,-75,1761045951402
28232,1761045953462.0,0adab909-eb8f-4baf-9eed-7a4cc889cb7c,50:61:3D:61:64:58,,-88,1761045951402
28233,1761045954406.0,0adab909-eb8f-4baf-9eed-7a4cc889cb7c,7E:86:B1:7D:E4:94,,-92,1761045951402
28234,1761045964281.0,0adab909-eb8f-4baf-9eed-7a4cc889cb7c,70:F7:7B:77:F3:2A,,-84,1761045951402
28235,1761045964372.0,0adab909-eb8f-4baf-9eed-7a4cc889cb7c,FF:10:10:AE:A7:64,Sunset lights,-79,1761045951402
28236,1761045964419.0,0adab909-eb8f-4baf-9eed-7a4cc889cb7c,C8:F3:84:7C:B4:3A,,-91,1761045951402
28237,1761045964464.0,0adab909-eb8f-4baf-9eed-7a4cc889cb7c,50:61:3D:61:64:58,,-92,1761045951402
28238,1761045965478.0,0adab909-eb8f-4baf-9eed-7a4cc889cb7c,C0:DB:98:B2:2A:21,,-79,1761045951402
28239,1761045965546.0,0adab909-eb8f-4baf-9eed-7a4cc889cb7c,D6:CE:37:3E:A3:63,,-81,1761045951402
28240,1761046326314.0,0adab909-eb8f-4baf-9eed-7a4cc889cb7c,50:61:3D:61:64:58,,-92,1761046324582
28241,1761046337557.0,0adab909-eb8f-4baf-9eed-7a4cc889cb7c,F4:FE:FB:45:44:C9,,-80,1761046324582
28242,1761046338573.0,0adab909-eb8f-4baf-9eed-7a4cc889cb7c,C4:97:6E:63:DE:7D,,-81,1761046324582
28243,1761046890217.0,0adab909-eb8f-4baf-9eed-7a4cc889cb7c,4C:96:8A:ED:6A:01,SPEN NA,-46,1761046890119
28244,1761046890539.0,0adab909-eb8f-4baf-9eed-7a4cc889cb7c,FF:10:10:AE:A7:64,Sunset lights,-77,1761046890119
28245,1761046890552.0,0adab909-eb8f-4baf-9eed-7a4cc889cb7c,4C:96:8A:ED:6A:01,SPEN NA,-46,1761046890119
28246,1761046890563.0,0adab909-eb8f-4baf-9eed-7a4cc889cb7c,4B:E7:BD:06:06:F4,,-80,1761046890119
28247,1761046890574.0,0adab909-eb8f-4baf-9eed-7a4cc889cb7c,69:F4:F6:2D:17:A8,,-85,1761046890119
28248,1761046890858.0,0adab909-eb8f-4baf-9eed-7a4cc889cb7c,4C:96:8A:ED:6A:01,SPEN NA,-50,1761046890119
28249,1761046891170.0,0adab909-eb8f-4baf-9eed-7a4cc889cb7c,4C:96:8A:ED:6A:01,SPEN NA,-46,1761046890119
28250,1761046891500.0,0adab909-eb8f-4baf-9eed-7a4cc889cb7c,4C:96:8A:ED:6A:01,SPEN NA,-46,1761046890119
28251,1761046891810.0,0adab909-eb8f-4baf-9eed-7a4cc889cb7c,4C:96:8A:ED:6A:01,SPEN NA,-51,1761046890119
28252,1761046892512.0,0adab909-eb8f-4baf-9eed-7a4cc889cb7c,57:F4:B9:43:B3:EA,,-92,1761046890119
28253,1761046892748.0,0adab909-eb8f-4baf-9eed-7a4cc889cb7c,4C:96:8A:ED:6A:01,SPEN NA,-50,1761046890119
28254,1761046893143.0,0adab909-eb8f-4baf-9eed-7a4cc889cb7c,46:93:17:32:45:0D,,-88,1761046890119
28255,1761046893468.0,0adab909-eb8f-4baf-9eed-7a4cc889cb7c,4C:96:8A:ED:6A:01,SPEN NA,-47,1761046890119
28256,1761046893691.0,0adab909-eb8f-4baf-9eed-7a4cc889cb7c,4C:96:8A:ED:6A:01,SPEN NA,-50,1761046890119
28257,1761046895046.0,0adab909-eb8f-4baf-9eed-7a4cc889cb7c,4C:96:8A:ED:6A:01,SPEN NA,-46,1761046890119
28258,1761046895370.0,0adab909-eb8f-4baf-9eed-7a4cc889cb7c,4C:96:8A:ED:6A:01,SPEN NA,-47,1761046890119
28259,1761046896006.0,0adab909-eb8f-4baf-9eed-7a4cc889cb7c,4C:96:8A:ED:6A:01,SPEN NA,-46,1761046890119
28260,1761046896307.0,0adab909-eb8f-4baf-9eed-7a4cc889cb7c,4C:96:8A:ED:6A:01,SPEN NA,-47,1761046890119
28261,1761046896612.0,0adab909-eb8f-4baf-9eed-7a4cc889cb7c,4C:96:8A:ED:6A:01,SPEN NA,-51,1761046890119
28262,1761046896947.0,0adab909-eb8f-4baf-9eed-7a4cc889cb7c,4C:96:8A:ED:6A:01,SPEN NA,-47,1761046890119
28263,1761046898221.0,0adab909-eb8f-4baf-9eed-7a4cc889cb7c,4C:96:8A:ED:6A:01,SPEN NA,-47,1761046890119
28264,1761046898527.0,0adab909-eb8f-4baf-9eed-7a4cc889cb7c,4C:96:8A:ED:6A:01,SPEN NA,-51,1761046890119
28265,1761046898848.0,0adab909-eb8f-4baf-9eed-7a4cc889cb7c,4C:96:8A:ED:6A:01,SPEN NA,-46,1761046890119
28266,1761046900740.0,0adab909-eb8f-4baf-9eed-7a4cc889cb7c,4C:96:8A:ED:6A:01,SPEN NA,-46,1761046890119
28267,1761046901575.0,0adab909-eb8f-4baf-9eed-7a4cc889cb7c,4C:96:8A:ED:6A:01,SPEN NA,-51,1761046890119
28268,1761046903006.0,0adab909-eb8f-4baf-9eed-7a4cc889cb7c,FF:10:10:AE:A7:64,Sunset lights,-80,1761046890119
28269,1761046903029.0,0adab909-eb8f-4baf-9eed-7a4cc889cb7c,4C:96:8A:ED:6A:01,SPEN NA,-46,1761046890119
28270,1761046903189.0,0adab909-eb8f-4baf-9eed-7a4cc889cb7c,4B:E7:BD:06:06:F4,,-79,1761046890119
28271,1761046905104.0,0adab909-eb8f-4baf-9eed-7a4cc889cb7c,69:F4:F6:2D:17:A8,,-86,1761046890119
28272,1761047451045.0,0adab909-eb8f-4baf-9eed-7a4cc889cb7c,FF:10:10:AE:A7:64,Sunset lights,-79,1761047451001
28273,1761047453375.0,0adab909-eb8f-4baf-9eed-7a4cc889cb7c,4B:E7:BD:06:06:F4,,-72,1761047451001
28274,1761047454949.0,0adab909-eb8f-4baf-9eed-7a4cc889cb7c,69:F4:F6:2D:17:A8,,-83,1761047451001
28275,1761047455318.0,0adab909-eb8f-4baf-9eed-7a4cc889cb7c,40:C5:CA:B5:55:9B,,-92,1761047451001
28276,1761048051145.0,0adab909-eb8f-4baf-9eed-7a4cc889cb7c,FF:10:10:AE:A7:64,Sunset lights,-78,1761048051067
28277,1761048052808.0,0adab909-eb8f-4baf-9eed-7a4cc889cb7c,69:F4:F6:2D:17:A8,,-84,1761048051067
28278,1761048053281.0,0adab909-eb8f-4baf-9eed-7a4cc889cb7c,10:C6:FC:DC:09:BC,,-100,1761048051067
28279,1761048053341.0,0adab909-eb8f-4baf-9eed-7a4cc889cb7c,70:F3:D3:CD:57:5E,,-90,1761048051067
28280,1761048053384.0,0adab909-eb8f-4baf-9eed-7a4cc889cb7c,66:A0:6D:BF:C4:04,,-87,1761048051067
28281,1761048053740.0,0adab909-eb8f-4baf-9eed-7a4cc889cb7c,2C:88:CD:0F:76:81,,-92,1761048051067
28282,1761048055944.0,0adab909-eb8f-4baf-9eed-7a4cc889cb7c,06:0D:31:E2:13:58,,-91,1761048051067
28283,1761048056669.0,0adab909-eb8f-4baf-9eed-7a4cc889cb7c,4B:E7:BD:06:06:F4,,-76,1761048051067
28284,1761048070598.0,0adab909-eb8f-4baf-9eed-7a4cc889cb7c,FF:10:10:AE:A7:64,Sunset lights,-74,1761048051067
28285,1761048070689.0,0adab909-eb8f-4baf-9eed-7a4cc889cb7c,66:A0:6D:BF:C4:04,,-89,1761048051067
28286,1761048070711.0,0adab909-eb8f-4baf-9eed-7a4cc889cb7c,DA:93:0A:04:87:C2,,-86,1761048051067
28287,1761048071552.0,0adab909-eb8f-4baf-9eed-7a4cc889cb7c,38:D3:FE:D5:10:31,,-92,1761048051067
28288,1761048071649.0,0adab909-eb8f-4baf-9eed-7a4cc889cb7c,E6:C0:34:85:1A:4E,,-73,1761048051067
28289,1761048072631.0,0adab909-eb8f-4baf-9eed-7a4cc889cb7c,69:F4:F6:2D:17:A8,,-87,1761048051067
28290,1761048651051.0,0adab909-eb8f-4baf-9eed-7a4cc889cb7c,61:F2:17:CB:B5:3B,,-91,1761048651014
28291,1761048651411.0,0adab909-eb8f-4baf-9eed-7a4cc889cb7c,53:3E:07:74:C5:A7,,-90,1761048651014
28292,1761048652394.0,0adab909-eb8f-4baf-9eed-7a4cc889cb7c,5E:A1:45:38:A8:67,,-90,1761048651014
28293,1761048653017.0,0adab909-eb8f-4baf-9eed-7a4cc889cb7c,4C:83:60:30:CE:97,,-73,1761048651014
28294,1761048653325.0,0adab909-eb8f-4baf-9eed-7a4cc889cb7c,63:43:2F:B5:70:CB,,-89,1761048651014
28295,1761048654351.0,0adab909-eb8f-4baf-9eed-7a4cc889cb7c,65:D9:C2:89:4C:6D,,-95,1761048651014
28296,1761048654610.0,0adab909-eb8f-4baf-9eed-7a4cc889cb7c,48:5D:03:A7:92:46,,-87,1761048651014
28297,1761048655277.0,0adab909-eb8f-4baf-9eed-7a4cc889cb7c,4F:3B:F0:7E:01:5B,,-91,1761048651014
28298,1761048655897.0,0adab909-eb8f-4baf-9eed-7a4cc889cb7c,5C:47:CB:7A:59:39,,-90,1761048651014
28299,1761048660110.0,0adab909-eb8f-4baf-9eed-7a4cc889cb7c,4B:7B:7A:DD:6C:E1,,-89,1761048651014
28300,1761048660738.0,0adab909-eb8f-4baf-9eed-7a4cc889cb7c,78:4E:FC:A0:19:D7,,-84,1761048651014
28301,1761048660986.0,0adab909-eb8f-4baf-9eed-7a4cc889cb7c,68:A3:ED:3A:FD:4E,,-90,1761048651014
28302,1761048661005.0,0adab909-eb8f-4baf-9eed-7a4cc889cb7c,63:24:62:FE:21:63,,-90,1761048651014
28303,1761048662585.0,0adab909-eb8f-4baf-9eed-7a4cc889cb7c,68:A5:47:B4:F1:50,,-89,1761048651014
28304,1761048663276.0,0adab909-eb8f-4baf-9eed-7a4cc889cb7c,4D:17:29:9D:43:39,,-90,1761048651014
28305,1761048663967.0,0adab909-eb8f-4baf-9eed-7a4cc889cb7c,C0:DB:98:B2:2A:21,,-78,1761048651014
28306,1761048663988.0,0adab909-eb8f-4baf-9eed-7a4cc889cb7c,EA:60:90:16:FD:F0,,-84,1761048651014
28307,1761048664052.0,0adab909-eb8f-4baf-9eed-7a4cc889cb7c,61:F2:17:CB:B5:3B,,-84,1761048651014
28308,1761048664918.0,0adab909-eb8f-4baf-9eed-7a4cc889cb7c,53:3E:07:74:C5:A7,,-83,1761048651014
28309,1761048665095.0,0adab909-eb8f-4baf-9eed-7a4cc889cb7c,4C:83:60:30:CE:97,,-73,1761048651014
28310,1761049251154.0,0adab909-eb8f-4baf-9eed-7a4cc889cb7c,4C:83:60:30:CE:97,,-81,1761049251033
28311,1761049253054.0,0adab909-eb8f-4baf-9eed-7a4cc889cb7c,53:3E:07:74:C5:A7,,-85,1761049251033
28312,1761049253078.0,0adab909-eb8f-4baf-9eed-7a4cc889cb7c,59:DD:CA:F7:8D:15,,-90,1761049251033
28313,1761049254308.0,0adab909-eb8f-4baf-9eed-7a4cc889cb7c,61:F2:17:CB:B5:3B,,-88,1761049251033
28314,1761049254648.0,0adab909-eb8f-4baf-9eed-7a4cc889cb7c,FF:10:10:AE:A7:64,Sunset lights,-81,1761049251033
28315,1761049256233.0,0adab909-eb8f-4baf-9eed-7a4cc889cb7c,00:0A:9B:B8:1E:50,Alastor,-77,1761049251033
28316,1761049258472.0,0adab909-eb8f-4baf-9eed-7a4cc889cb7c,79:B2:6C:D6:61:F0,JBL LIVE660NC-LE,-92,1761049251033
28317,1761049851126.0,0adab909-eb8f-4baf-9eed-7a4cc889cb7c,72:3F:8C:D9:7C:C9,,-91,1761049851017
28318,1761049851473.0,0adab909-eb8f-4baf-9eed-7a4cc889cb7c,FF:10:10:AE:A7:64,Sunset lights,-92,1761049851017
28319,1761049852397.0,0adab909-eb8f-4baf-9eed-7a4cc889cb7c,79:70:80:6F:88:A1,,-86,1761049851017
28320,1761049852416.0,0adab909-eb8f-4baf-9eed-7a4cc889cb7c,4C:83:60:30:CE:97,,-73,1761049851017
28321,1761049853375.0,0adab909-eb8f-4baf-9eed-7a4cc889cb7c,71:38:BA:12:80:77,,-92,1761049851017
28322,1761049854023.0,0adab909-eb8f-4baf-9eed-7a4cc889cb7c,4C:2B:DF:E7:9A:26,,-89,1761049851017
28323,1761050451546.0,0adab909-eb8f-4baf-9eed-7a4cc889cb7c,FF:10:10:AE:A7:64,Sunset lights,-90,1761050450827
28324,1761050452264.0,0adab909-eb8f-4baf-9eed-7a4cc889cb7c,79:70:80:6F:88:A1,,-82,1761050450827
28325,1761050452814.0,0adab909-eb8f-4baf-9eed-7a4cc889cb7c,74:D2:85:47:E5:12,,-92,1761050450827
28326,1761050453876.0,0adab909-eb8f-4baf-9eed-7a4cc889cb7c,4C:2B:DF:E7:9A:26,,-67,1761050450827
28327,1761050454157.0,0adab909-eb8f-4baf-9eed-7a4cc889cb7c,72:3F:8C:D9:7C:C9,,-87,1761050450827
28328,1761050454759.0,0adab909-eb8f-4baf-9eed-7a4cc889cb7c,61:24:CF:E4:25:41,,-74,1761050450827
28329,1761050457929.0,0adab909-eb8f-4baf-9eed-7a4cc889cb7c,6F:27:1C:B9:23:0A,,-91,1761050450827
28330,1761050457950.0,0adab909-eb8f-4baf-9eed-7a4cc889cb7c,7C:B0:2D:91:5D:2C,,-94,1761050450827
28331,1761050459583.0,0adab909-eb8f-4baf-9eed-7a4cc889cb7c,6C:94:45:39:8E:1E,,-91,1761050450827
28332,1761051050958.0,0adab909-eb8f-4baf-9eed-7a4cc889cb7c,4F:8B:EB:BA:F2:77,,-86,1761051050818
28333,1761051052543.0,0adab909-eb8f-4baf-9eed-7a4cc889cb7c,41:4C:89:DF:6B:4D,,-72,1761051050818
28334,1761051053173.0,0adab909-eb8f-4baf-9eed-7a4cc889cb7c,53:59:43:D3:1C:43,,-90,1761051050818
28335,1761051054458.0,0adab909-eb8f-4baf-9eed-7a4cc889cb7c,61:24:CF:E4:25:41,,-79,1761051050818
28336,1761051056657.0,0adab909-eb8f-4baf-9eed-7a4cc889cb7c,7C:B0:2D:91:5D:2C,,-93,1761051050818
28337,1761051650884.0,0adab909-eb8f-4baf-9eed-7a4cc889cb7c,52:92:2D:A6:FC:ED,,-84,1761051650827
28338,1761051651534.0,0adab909-eb8f-4baf-9eed-7a4cc889cb7c,4F:8B:EB:BA:F2:77,,-86,1761051650827
28339,1761051651553.0,0adab909-eb8f-4baf-9eed-7a4cc889cb7c,43:EB:30:B8:A3:52,,-86,1761051650827
28340,1761051652203.0,0adab909-eb8f-4baf-9eed-7a4cc889cb7c,41:4C:89:DF:6B:4D,,-72,1761051650827
28341,1761051654472.0,0adab909-eb8f-4baf-9eed-7a4cc889cb7c,FF:10:10:AE:A7:64,Sunset lights,-86,1761051650827
28342,1761052251712.0,0adab909-eb8f-4baf-9eed-7a4cc889cb7c,FF:10:10:AE:A7:64,Sunset lights,-93,1761052251671
28343,1761052251795.0,0adab909-eb8f-4baf-9eed-7a4cc889cb7c,4C:64:21:8C:E3:3F,,-85,1761052251671
28344,1761052252052.0,0adab909-eb8f-4baf-9eed-7a4cc889cb7c,43:EB:30:B8:A3:52,,-90,1761052251671
28345,1761052253046.0,0adab909-eb8f-4baf-9eed-7a4cc889cb7c,4A:E9:A9:76:1E:AD,,-87,1761052251671
28346,1761052253070.0,0adab909-eb8f-4baf-9eed-7a4cc889cb7c,4E:F5:F5:FD:72:38,,-91,1761052251671
28347,1761052261683.0,0adab909-eb8f-4baf-9eed-7a4cc889cb7c,43:EB:9A:89:20:10,,-87,1761052251671
28348,1761052852023.0,0adab909-eb8f-4baf-9eed-7a4cc889cb7c,FF:10:10:AE:A7:64,Sunset lights,-87,1761052851634
28349,1761052852979.0,0adab909-eb8f-4baf-9eed-7a4cc889cb7c,43:EB:30:B8:A3:52,,-89,1761052851634
28350,1761052853327.0,0adab909-eb8f-4baf-9eed-7a4cc889cb7c,50:38:B2:C7:DC:84,,-80,1761052851634
28351,1761052853648.0,0adab909-eb8f-4baf-9eed-7a4cc889cb7c,4A:E9:A9:76:1E:AD,,-80,1761052851634
28352,1761052855277.0,0adab909-eb8f-4baf-9eed-7a4cc889cb7c,4C:64:21:8C:E3:3F,,-85,1761052851634
28353,1761053451741.0,0adab909-eb8f-4baf-9eed-7a4cc889cb7c,FF:10:10:AE:A7:64,Sunset lights,-88,1761053451638
28354,1761053452052.0,0adab909-eb8f-4baf-9eed-7a4cc889cb7c,73:43:65:D7:7A:4E,,-84,1761053451638
28355,1761053453304.0,0adab909-eb8f-4baf-9eed-7a4cc889cb7c,5F:74:46:54:3F:9D,,-79,1761053451638
28356,1761053455879.0,0adab909-eb8f-4baf-9eed-7a4cc889cb7c,70:7D:B5:53:5C:84,,-93,1761053451638
28357,1761053460990.0,0adab909-eb8f-4baf-9eed-7a4cc889cb7c,50:38:B2:C7:DC:84,,-81,1761053451638
28358,1761054051453.0,0adab909-eb8f-4baf-9eed-7a4cc889cb7c,73:43:65:D7:7A:4E,,-85,1761054051361
28359,1761054051788.0,0adab909-eb8f-4baf-9eed-7a4cc889cb7c,FF:10:10:AE:A7:64,Sunset lights,-89,1761054051361
28360,1761054052779.0,0adab909-eb8f-4baf-9eed-7a4cc889cb7c,73:6B:F6:E0:2B:FD,,-89,1761054051361
28361,1761054053084.0,0adab909-eb8f-4baf-9eed-7a4cc889cb7c,74:9D:05:A4:5D:E5,,-90,1761054051361
28362,1761054053112.0,0adab909-eb8f-4baf-9eed-7a4cc889cb7c,5F:74:46:54:3F:9D,,-79,1761054051361
28363,1761054053389.0,0adab909-eb8f-4baf-9eed-7a4cc889cb7c,50:38:B2:C7:DC:84,,-90,1761054051361
28364,1761054056254.0,0adab909-eb8f-4baf-9eed-7a4cc889cb7c,6F:47:9C:E6:D8:B4,,-86,1761054051361
28365,1761054652068.0,0adab909-eb8f-4baf-9eed-7a4cc889cb7c,FF:10:10:AE:A7:64,Sunset lights,-85,1761054651354
28366,1761054652707.0,0adab909-eb8f-4baf-9eed-7a4cc889cb7c,73:43:65:D7:7A:4E,,-85,1761054651354
28367,1761054653068.0,0adab909-eb8f-4baf-9eed-7a4cc889cb7c,6A:D9:DB:DE:C3:4E,,-78,1761054651354
28368,1761054654645.0,0adab909-eb8f-4baf-9eed-7a4cc889cb7c,4B:C6:82:17:75:84,,-91,1761054651354
28369,1761054655667.0,0adab909-eb8f-4baf-9eed-7a4cc889cb7c,0D:85:41:61:72:37,,-91,1761054651354
28370,1761054656565.0,0adab909-eb8f-4baf-9eed-7a4cc889cb7c,53:F3:4B:D0:AA:DE,,-90,1761054651354
28371,1761055251471.0,0adab909-eb8f-4baf-9eed-7a4cc889cb7c,FF:10:10:AE:A7:64,Sunset lights,-86,1761055251382
28372,1761055251627.0,0adab909-eb8f-4baf-9eed-7a4cc889cb7c,00:87:61:2D:4F:0D,,-100,1761055251382
28373,1761055252155.0,0adab909-eb8f-4baf-9eed-7a4cc889cb7c,70:DE:06:E2:85:D3,,-78,1761055251382
28374,1761055252773.0,0adab909-eb8f-4baf-9eed-7a4cc889cb7c,61:DD:22:99:62:8A,,-88,1761055251382
28375,1761055253683.0,0adab909-eb8f-4baf-9eed-7a4cc889cb7c,6A:D9:DB:DE:C3:4E,,-87,1761055251382
28376,1761055254655.0,0adab909-eb8f-4baf-9eed-7a4cc889cb7c,57:F8:85:3B:5E:0D,,-87,1761055251382
28377,1761055261674.0,0adab909-eb8f-4baf-9eed-7a4cc889cb7c,00:87:61:2D:4F:0D,SYU-Android,-97,1761055251382
28378,1761056121978.0,0adab909-eb8f-4baf-9eed-7a4cc889cb7c,70:DE:06:E2:85:D3,,-85,1761056121837
28379,1761056122605.0,0adab909-eb8f-4baf-9eed-7a4cc889cb7c,FF:10:10:AE:A7:64,Sunset lights,-85,1761056121837
28380,1761056123217.0,0adab909-eb8f-4baf-9eed-7a4cc889cb7c,63:21:B4:A6:25:17,,-91,1761056121837
28381,1761056123233.0,0adab909-eb8f-4baf-9eed-7a4cc889cb7c,4D:B2:67:E0:96:9E,,-90,1761056121837
28382,1761056124776.0,0adab909-eb8f-4baf-9eed-7a4cc889cb7c,4A:B0:4C:C5:42:26,,-91,1761056121837
28383,1761056124791.0,0adab909-eb8f-4baf-9eed-7a4cc889cb7c,48:C0:FA:54:B2:8C,,-93,1761056121837
28384,1761056125106.0,0adab909-eb8f-4baf-9eed-7a4cc889cb7c,5C:14:A1:23:BC:08,,-84,1761056121837
28385,1761056128191.0,0adab909-eb8f-4baf-9eed-7a4cc889cb7c,64:6F:FE:0C:4A:D7,,-90,1761056121837
28386,1761056128209.0,0adab909-eb8f-4baf-9eed-7a4cc889cb7c,72:17:57:05:20:44,,-92,1761056121837
28387,1761056721991.0,0adab909-eb8f-4baf-9eed-7a4cc889cb7c,44:BE:74:82:E2:87,,-86,1761056721879
28388,1761056722049.0,0adab909-eb8f-4baf-9eed-7a4cc889cb7c,FF:10:10:AE:A7:64,Sunset lights,-89,1761056721879
28389,1761056722279.0,0adab909-eb8f-4baf-9eed-7a4cc889cb7c,43:70:AD:6C:00:19,,-90,1761056721879
28390,1761056722639.0,0adab909-eb8f-4baf-9eed-7a4cc889cb7c,4A:F3:0A:C5:D5:B5,,-81,1761056721879
28391,1761056723867.0,0adab909-eb8f-4baf-9eed-7a4cc889cb7c,66:F6:31:BC:CA:1D,,-88,1761056721879
28392,1761056724862.0,0adab909-eb8f-4baf-9eed-7a4cc889cb7c,7B:44:07:22:7D:E6,,-93,1761056721879
28393,1761056726110.0,0adab909-eb8f-4baf-9eed-7a4cc889cb7c,55:ED:15:F6:13:8E,,-89,1761056721879
28394,1761057422501.0,0adab909-eb8f-4baf-9eed-7a4cc889cb7c,FF:10:10:AE:A7:64,Sunset lights,-83,1761057422098
28395,1761057425080.0,0adab909-eb8f-4baf-9eed-7a4cc889cb7c,44:BE:74:82:E2:87,,-82,1761057422098
28396,1761057429262.0,0adab909-eb8f-4baf-9eed-7a4cc889cb7c,57:49:4C:FC:90:C4,,-91,1761057422098
28397,1761057429942.0,0adab909-eb8f-4baf-9eed-7a4cc889cb7c,6F:32:37:3B:CF:A8,,-91,1761057422098
28398,1761057434992.0,0adab909-eb8f-4baf-9eed-7a4cc889cb7c,44:BE:74:82:E2:87,,-82,1761057422098
28399,1761057435070.0,0adab909-eb8f-4baf-9eed-7a4cc889cb7c,FF:10:10:AE:A7:64,Sunset lights,-77,1761057422098
28400,1761057435087.0,0adab909-eb8f-4baf-9eed-7a4cc889cb7c,FE:45:5C:D3:3A:1F,,-81,1761057422098
28401,1761057435098.0,0adab909-eb8f-4baf-9eed-7a4cc889cb7c,6F:32:37:3B:CF:A8,,-91,1761057422098
28402,1761057436109.0,0adab909-eb8f-4baf-9eed-7a4cc889cb7c,57:49:4C:FC:90:C4,,-91,1761057422098
28403,1761057436140.0,0adab909-eb8f-4baf-9eed-7a4cc889cb7c,DE:E5:6B:3D:56:14,,-82,1761057422098
28404,1761057668868.0,0adab909-eb8f-4baf-9eed-7a4cc889cb7c,58:25:52:5E:E5:EE,,-91,1761057668829
28405,1761057668938.0,0adab909-eb8f-4baf-9eed-7a4cc889cb7c,FF:10:10:AE:A7:64,Sunset lights,-79,1761057668829
28406,1761057669901.0,0adab909-eb8f-4baf-9eed-7a4cc889cb7c,40:C3:0E:FE:07:16,,-90,1761057668829
28407,1761057670516.0,0adab909-eb8f-4baf-9eed-7a4cc889cb7c,63:02:F8:18:C0:D7,,-92,1761057668829
28408,1761057677237.0,0adab909-eb8f-4baf-9eed-7a4cc889cb7c,57:49:4C:FC:90:C4,,-85,1761057668829
28409,1761057681713.0,0adab909-eb8f-4baf-9eed-7a4cc889cb7c,FF:10:10:AE:A7:64,Sunset lights,-75,1761057668829
28410,1761057681740.0,0adab909-eb8f-4baf-9eed-7a4cc889cb7c,74:E5:5C:C2:B3:80,,-82,1761057668829
28411,1761057681839.0,0adab909-eb8f-4baf-9eed-7a4cc889cb7c,58:25:52:5E:E5:EE,,-85,1761057668829
28412,1761057681891.0,0adab909-eb8f-4baf-9eed-7a4cc889cb7c,C0:DB:98:B2:2A:21,,-78,1761057668829
28413,1761058322512.0,0adab909-eb8f-4baf-9eed-7a4cc889cb7c,74:E5:5C:C2:B3:80,,-71,1761058322144
28414,1761058322563.0,0adab909-eb8f-4baf-9eed-7a4cc889cb7c,FF:10:10:AE:A7:64,Sunset lights,-79,1761058322144
28415,1761058324443.0,0adab909-eb8f-4baf-9eed-7a4cc889cb7c,58:25:52:5E:E5:EE,,-85,1761058322144
28416,1761058330536.0,0adab909-eb8f-4baf-9eed-7a4cc889cb7c,58:12:CB:43:F2:36,,-89,1761058322144
28417,1761058330640.0,0adab909-eb8f-4baf-9eed-7a4cc889cb7c,FC:DE:90:9C:00:02,,-100,1761058322144
28418,1761058341662.0,0adab909-eb8f-4baf-9eed-7a4cc889cb7c,70:EA:E1:D1:64:39,,-85,1761058322144
28419,1761058341716.0,0adab909-eb8f-4baf-9eed-7a4cc889cb7c,F1:E1:63:1B:B5:BE,,-91,1761058322144
28420,1761058341760.0,0adab909-eb8f-4baf-9eed-7a4cc889cb7c,58:25:52:5E:E5:EE,,-90,1761058322144
28421,1761058342762.0,0adab909-eb8f-4baf-9eed-7a4cc889cb7c,D4:0E:3B:49:8F:E6,,-83,1761058322144
28422,1761058342809.0,0adab909-eb8f-4baf-9eed-7a4cc889cb7c,FF:10:10:AE:A7:64,Sunset lights,-74,1761058322144
28423,1761058344529.0,0adab909-eb8f-4baf-9eed-7a4cc889cb7c,C0:DB:98:B2:2A:21,,-73,1761058322144
28424,1761058922231.0,0adab909-eb8f-4baf-9eed-7a4cc889cb7c,FF:10:10:AE:A7:64,Sunset lights,-90,1761058922088
28425,1761058923441.0,0adab909-eb8f-4baf-9eed-7a4cc889cb7c,58:25:52:5E:E5:EE,,-84,1761058922088
28426,1761058923802.0,0adab909-eb8f-4baf-9eed-7a4cc889cb7c,58:12:CB:43:F2:36,,-88,1761058922088
28427,1761058935085.0,0adab909-eb8f-4baf-9eed-7a4cc889cb7c,C0:DB:98:B2:2A:21,,-78,1761058922088
28428,1761058936027.0,0adab909-eb8f-4baf-9eed-7a4cc889cb7c,FF:10:10:AE:A7:64,Sunset lights,-77,1761058922088
28429,1761058936098.0,0adab909-eb8f-4baf-9eed-7a4cc889cb7c,2A:DA:0E:BC:A2:CE,,-84,1761058922088
28430,1761058936152.0,0adab909-eb8f-4baf-9eed-7a4cc889cb7c,58:12:CB:43:F2:36,,-91,1761058922088
28431,1761059515931.0,0adab909-eb8f-4baf-9eed-7a4cc889cb7c,5C:98:26:74:8C:B3,,-91,1761059511352
28432,1761059516271.0,0adab909-eb8f-4baf-9eed-7a4cc889cb7c,58:12:CB:43:F2:36,,-93,1761059511352
28433,1761059518486.0,0adab909-eb8f-4baf-9eed-7a4cc889cb7c,19:88:9F:52:FA:A8,,-91,1761059511352
28434,1761059523359.0,0adab909-eb8f-4baf-9eed-7a4cc889cb7c,FF:10:10:AE:A7:64,Sunset lights,-85,1761059511352
28435,1761059525346.0,0adab909-eb8f-4baf-9eed-7a4cc889cb7c,FF:10:10:AE:A7:64,Sunset lights,-84,1761059511352
28436,1761059525443.0,0adab909-eb8f-4baf-9eed-7a4cc889cb7c,64:70:0B:DE:A0:09,,-90,1761059511352
28437,1761059525509.0,0adab909-eb8f-4baf-9eed-7a4cc889cb7c,0E:60:AB:86:EA:8E,,-84,1761059511352
28438,1761059526386.0,0adab909-eb8f-4baf-9eed-7a4cc889cb7c,5C:98:26:74:8C:B3,,-86,1761059511352
28439,1761060111411.0,0adab909-eb8f-4baf-9eed-7a4cc889cb7c,73:02:D2:D6:95:E4,,-72,1761060111363
28440,1761060111715.0,0adab909-eb8f-4baf-9eed-7a4cc889cb7c,19:06:F8:E6:76:C8,,127,1761060111363
28441,1761060112425.0,0adab909-eb8f-4baf-9eed-7a4cc889cb7c,FF:10:10:AE:A7:64,Sunset lights,-89,1761060111363
28442,1761060122026.0,0adab909-eb8f-4baf-9eed-7a4cc889cb7c,5C:98:26:74:8C:B3,,-82,1761060111363
28443,1761060124260.0,0adab909-eb8f-4baf-9eed-7a4cc889cb7c,2B:76:99:C2:81:51,,-80,1761060111363
28444,1761060125305.0,0adab909-eb8f-4baf-9eed-7a4cc889cb7c,5C:98:26:74:8C:B3,,-84,1761060111363
28445,1761060125341.0,0adab909-eb8f-4baf-9eed-7a4cc889cb7c,FE:77:75:17:F8:A3,,-80,1761060111363
28446,1761060712146.0,0adab909-eb8f-4baf-9eed-7a4cc889cb7c,FF:10:10:AE:A7:64,Sunset lights,-89,1761060711351
28447,1761060718949.0,0adab909-eb8f-4baf-9eed-7a4cc889cb7c,79:90:A9:92:64:2A,,-88,1761060711351
28448,1761060722755.0,0adab909-eb8f-4baf-9eed-7a4cc889cb7c,74:7A:75:25:6C:8B,LE-Bose,-88,1761060711351
28449,1761060725053.0,0adab909-eb8f-4baf-9eed-7a4cc889cb7c,10:EC:62:67:AD:09,,-94,1761060711351
28450,1761061311982.0,0adab909-eb8f-4baf-9eed-7a4cc889cb7c,79:90:A9:92:64:2A,,-78,1761061310926
28451,1761061312611.0,0adab909-eb8f-4baf-9eed-7a4cc889cb7c,FF:10:10:AE:A7:64,Sunset lights,-78,1761061310926
28452,1761061313898.0,0adab909-eb8f-4baf-9eed-7a4cc889cb7c,7C:B6:13:44:EB:91,,-88,1761061310926
28453,1761061320897.0,0adab909-eb8f-4baf-9eed-7a4cc889cb7c,50:A1:3B:4D:5F:05,,-92,1761061310926
28454,1761061323833.0,0adab909-eb8f-4baf-9eed-7a4cc889cb7c,0F:C0:DA:B2:6F:71,,-79,1761061310926
28455,1761061324874.0,0adab909-eb8f-4baf-9eed-7a4cc889cb7c,E8:A2:D1:31:89:0A,,-73,1761061310926
28456,1761061324916.0,0adab909-eb8f-4baf-9eed-7a4cc889cb7c,79:90:A9:92:64:2A,,-77,1761061310926
28457,1761061325774.0,0adab909-eb8f-4baf-9eed-7a4cc889cb7c,FF:10:10:AE:A7:64,Sunset lights,-78,1761061310926
28458,1761061325898.0,0adab909-eb8f-4baf-9eed-7a4cc889cb7c,6C:C3:BF:FA:96:28,,-84,1761061310926
28459,1761061910986.0,0adab909-eb8f-4baf-9eed-7a4cc889cb7c,5B:E6:46:FD:ED:E3,,-87,1761061910898
28460,1761061911015.0,0adab909-eb8f-4baf-9eed-7a4cc889cb7c,FF:10:10:AE:A7:64,Sunset lights,-79,1761061910898
28461,1761061912910.0,0adab909-eb8f-4baf-9eed-7a4cc889cb7c,70:2A:83:2C:EE:DF,,-88,1761061910898
28462,1761061912934.0,0adab909-eb8f-4baf-9eed-7a4cc889cb7c,60:74:F4:73:99:E7,ihoment_H601B_99E7,-80,1761061910898
28463,1761061913213.0,0adab909-eb8f-4baf-9eed-7a4cc889cb7c,72:34:EA:A6:8C:B1,,-91,1761061910898
28464,1761061913522.0,0adab909-eb8f-4baf-9eed-7a4cc889cb7c,71:5B:6E:4B:A3:2C,,-85,1761061910898
28465,1761061913547.0,0adab909-eb8f-4baf-9eed-7a4cc889cb7c,60:74:F4:72:90:3F,ihoment_H601B_903F,-74,1761061910898
28466,1761061913917.0,0adab909-eb8f-4baf-9eed-7a4cc889cb7c,64:B1:1A:B8:11:DF,,-92,1761061910898
28467,1761061916773.0,0adab909-eb8f-4baf-9eed-7a4cc889cb7c,62:4A:BC:50:73:9D,,-91,1761061910898
28468,1761061917723.0,0adab909-eb8f-4baf-9eed-7a4cc889cb7c,6C:C3:BF:FA:96:28,,-75,1761061910898
28469,1761061919666.0,0adab909-eb8f-4baf-9eed-7a4cc889cb7c,57:F3:B3:08:D2:4D,,-90,1761061910898
28470,1761061923892.0,0adab909-eb8f-4baf-9eed-7a4cc889cb7c,0F:FA:1D:E2:80:86,,-81,1761061910898
28471,1761061923917.0,0adab909-eb8f-4baf-9eed-7a4cc889cb7c,57:F3:B3:08:D2:4D,,-84,1761061910898
28472,1761061923949.0,0adab909-eb8f-4baf-9eed-7a4cc889cb7c,71:5B:6E:4B:A3:2C,,-87,1761061910898
28473,1761061923971.0,0adab909-eb8f-4baf-9eed-7a4cc889cb7c,60:74:F4:73:99:E7,ihoment_H601B_99E7,-80,1761061910898
28474,1761061923993.0,0adab909-eb8f-4baf-9eed-7a4cc889cb7c,FF:10:10:AE:A7:64,Sunset lights,-78,1761061910898
28475,1761061925841.0,0adab909-eb8f-4baf-9eed-7a4cc889cb7c,60:74:F4:72:90:3F,ihoment_H601B_903F,-75,1761061910898
28476,1761061926898.0,0adab909-eb8f-4baf-9eed-7a4cc889cb7c,57:F3:B3:08:D2:4D,,-86,1761061910898
28477,1761061926919.0,0adab909-eb8f-4baf-9eed-7a4cc889cb7c,60:74:F4:73:99:E7,ihoment_H601B_99E7,-80,1761061910898
28478,1761061926938.0,0adab909-eb8f-4baf-9eed-7a4cc889cb7c,FF:10:10:AE:A7:64,Sunset lights,-78,1761061910898
28479,1761062504464.0,0adab909-eb8f-4baf-9eed-7a4cc889cb7c,60:74:F4:73:99:E7,ihoment_H601B_99E7,-83,1761062504013
28480,1761062505413.0,0adab909-eb8f-4baf-9eed-7a4cc889cb7c,60:74:F4:72:90:3F,ihoment_H601B_903F,-84,1761062504013
28481,1761062507009.0,0adab909-eb8f-4baf-9eed-7a4cc889cb7c,5B:E6:46:FD:ED:E3,,-89,1761062504013
28482,1761062507287.0,0adab909-eb8f-4baf-9eed-7a4cc889cb7c,52:F3:C1:5C:B6:9F,,-88,1761062504013
28483,1761062507322.0,0adab909-eb8f-4baf-9eed-7a4cc889cb7c,FF:10:10:AE:A7:64,Sunset lights,-87,1761062504013
28484,1761062509227.0,0adab909-eb8f-4baf-9eed-7a4cc889cb7c,5E:2F:85:92:AC:20,,-70,1761062504013
28485,1761062516898.0,0adab909-eb8f-4baf-9eed-7a4cc889cb7c,5B:E6:46:FD:ED:E3,,-89,1761062504013
28486,1761062517045.0,0adab909-eb8f-4baf-9eed-7a4cc889cb7c,1E:E0:4C:B2:2F:08,,-85,1761062504013
28487,1761062517983.0,0adab909-eb8f-4baf-9eed-7a4cc889cb7c,E8:A2:D1:31:89:0A,,-90,1761062504013
28488,1761062518092.0,0adab909-eb8f-4baf-9eed-7a4cc889cb7c,60:74:F4:72:90:3F,ihoment_H601B_903F,-79,1761062504013
28489,1761063044971.0,0adab909-eb8f-4baf-9eed-7a4cc889cb7c,60:74:F4:73:99:E7,ihoment_H601B_99E7,-78,1761063044541
28490,1761063046564.0,0adab909-eb8f-4baf-9eed-7a4cc889cb7c,66:D2:D1:B2:A4:20,,-82,1761063044541
28491,1761063046892.0,0adab909-eb8f-4baf-9eed-7a4cc889cb7c,FF:10:10:AE:A7:64,Sunset lights,-83,1761063044541
28492,1761063047173.0,0adab909-eb8f-4baf-9eed-7a4cc889cb7c,60:74:F4:72:90:3F,ihoment_H601B_903F,-87,1761063044541
28493,1761063049454.0,0adab909-eb8f-4baf-9eed-7a4cc889cb7c,7B:0D:80:49:50:2C,,-91,1761063044541
28494,1761063053660.0,0adab909-eb8f-4baf-9eed-7a4cc889cb7c,51:80:C5:B1:91:FE,,-92,1761063044541
28495,1761063053932.0,0adab909-eb8f-4baf-9eed-7a4cc889cb7c,5E:8B:2A:7C:8E:43,,-66,1761063044541
28496,1761063054550.0,0adab909-eb8f-4baf-9eed-7a4cc889cb7c,4E:88:F2:9D:DB:97,,-88,1761063044541
28497,1761063056216.0,0adab909-eb8f-4baf-9eed-7a4cc889cb7c,7F:4F:3A:54:69:17,,-92,1761063044541
28498,1761063056467.0,0adab909-eb8f-4baf-9eed-7a4cc889cb7c,15:2C:B2:87:6B:8F,,-90,1761063044541
28499,1761063057016.0,0adab909-eb8f-4baf-9eed-7a4cc889cb7c,48:F0:7B:C1:1F:06,SEAT BT 8053,-100,1761063044541
28500,1761063057455.0,0adab909-eb8f-4baf-9eed-7a4cc889cb7c,FF:10:10:AE:A7:64,Sunset lights,-83,1761063044541
28501,1761063057477.0,0adab909-eb8f-4baf-9eed-7a4cc889cb7c,0A:04:24:03:38:79,,-81,1761063044541
28502,1761063057491.0,0adab909-eb8f-4baf-9eed-7a4cc889cb7c,42:99:BD:DD:B9:97,,-93,1761063044541
28503,1761063057510.0,0adab909-eb8f-4baf-9eed-7a4cc889cb7c,72:0B:78:F5:E9:2A,,-92,1761063044541
28504,1761063057535.0,0adab909-eb8f-4baf-9eed-7a4cc889cb7c,C9:4E:14:24:AB:DF,,-90,1761063044541
28505,1761063057566.0,0adab909-eb8f-4baf-9eed-7a4cc889cb7c,66:D2:D1:B2:A4:20,,-83,1761063044541
28506,1761063057609.0,0adab909-eb8f-4baf-9eed-7a4cc889cb7c,60:74:F4:73:99:E7,ihoment_H601B_99E7,-79,1761063044541
28507,1761063058421.0,0adab909-eb8f-4baf-9eed-7a4cc889cb7c,16:CD:23:2E:F8:9C,,-90,1761063044541
28508,1761063058470.0,0adab909-eb8f-4baf-9eed-7a4cc889cb7c,E8:A2:D1:31:89:0A,,-87,1761063044541
28509,1761064011274.0,0adab909-eb8f-4baf-9eed-7a4cc889cb7c,60:74:F4:72:90:3F,ihoment_H601B_903F,-91,1761064010881
28510,1761064011632.0,0adab909-eb8f-4baf-9eed-7a4cc889cb7c,66:D2:D1:B2:A4:20,,-79,1761064010881
28511,1761064014294.0,0adab909-eb8f-4baf-9eed-7a4cc889cb7c,FF:10:10:AE:A7:64,Sunset lights,-80,1761064010881
28512,1761064023749.0,0adab909-eb8f-4baf-9eed-7a4cc889cb7c,16:91:FA:36:B5:E6,,-90,1761064010881
28513,1761064025810.0,0adab909-eb8f-4baf-9eed-7a4cc889cb7c,60:74:F4:72:90:3F,ihoment_H601B_903F,-92,1761064010881
28514,1761064311009.0,0adab909-eb8f-4baf-9eed-7a4cc889cb7c,CF:33:36:32:4C:1E,Govee_H6054_4C1E,-87,1761064310977
28515,1761064312648.0,0adab909-eb8f-4baf-9eed-7a4cc889cb7c,FF:10:10:AE:A7:64,Sunset lights,-86,1761064310977
28516,1761064313320.0,0adab909-eb8f-4baf-9eed-7a4cc889cb7c,66:D2:D1:B2:A4:20,,-80,1761064310977
28517,1761064321710.0,0adab909-eb8f-4baf-9eed-7a4cc889cb7c,60:74:F4:72:90:3F,ihoment_H601B_903F,-90,1761064310977
28518,1761064323024.0,0adab909-eb8f-4baf-9eed-7a4cc889cb7c,6A:4F:F4:3B:00:00,,-90,1761064310977
28519,1761064323929.0,0adab909-eb8f-4baf-9eed-7a4cc889cb7c,FF:10:10:AE:A7:64,Sunset lights,-90,1761064310977
28520,1761064324040.0,0adab909-eb8f-4baf-9eed-7a4cc889cb7c,60:74:F4:73:99:E7,ihoment_H601B_99E7,-89,1761064310977
28521,1761064324857.0,0adab909-eb8f-4baf-9eed-7a4cc889cb7c,CF:33:36:32:4C:1E,Govee_H6054_4C1E,-78,1761064310977
28522,1761064325760.0,0adab909-eb8f-4baf-9eed-7a4cc889cb7c,6A:4F:F4:3B:00:00,,-82,1761064310977
28523,1761064326085.0,0adab909-eb8f-4baf-9eed-7a4cc889cb7c,D1:ED:3F:28:5C:E7,,-72,1761064310977
28524,1761064326228.0,0adab909-eb8f-4baf-9eed-7a4cc889cb7c,66:D2:D1:B2:A4:20,,-71,1761064310977
28525,1761064911005.0,0adab909-eb8f-4baf-9eed-7a4cc889cb7c,CF:33:36:32:4C:1E,Govee_H6054_4C1E,-80,1761064910886
28526,1761064911317.0,0adab909-eb8f-4baf-9eed-7a4cc889cb7c,5F:0B:27:1E:63:3E,,-82,1761064910886
28527,1761064912239.0,0adab909-eb8f-4baf-9eed-7a4cc889cb7c,6D:80:96:EC:A6:AD,,-90,1761064910886
28528,1761064912269.0,0adab909-eb8f-4baf-9eed-7a4cc889cb7c,65:99:DC:CB:D4:D4,,-91,1761064910886
28529,1761064913187.0,0adab909-eb8f-4baf-9eed-7a4cc889cb7c,45:5B:B7:10:DD:94,,-93,1761064910886
28530,1761064916130.0,0adab909-eb8f-4baf-9eed-7a4cc889cb7c,FF:10:10:AE:A7:64,Sunset lights,-76,1761064910886
28531,1761064923789.0,0adab909-eb8f-4baf-9eed-7a4cc889cb7c,CF:33:36:32:4C:1E,Govee_H6054_4C1E,-76,1761064910886
28532,1761064925023.0,0adab909-eb8f-4baf-9eed-7a4cc889cb7c,DC:80:2B:5E:FF:2F,,-81,1761064910886
28533,1761064925070.0,0adab909-eb8f-4baf-9eed-7a4cc889cb7c,5F:0B:27:1E:63:3E,,-77,1761064910886
28534,1761064925761.0,0adab909-eb8f-4baf-9eed-7a4cc889cb7c,6D:80:96:EC:A6:AD,,-82,1761064910886
28535,1761064925908.0,0adab909-eb8f-4baf-9eed-7a4cc889cb7c,FF:10:10:AE:A7:64,Sunset lights,-76,1761064910886
28536,1761065510973.0,0adab909-eb8f-4baf-9eed-7a4cc889cb7c,CF:33:36:32:4C:1E,Govee_H6054_4C1E,-88,1761065510901
28537,1761065511323.0,0adab909-eb8f-4baf-9eed-7a4cc889cb7c,5F:0B:27:1E:63:3E,,-74,1761065510901
28538,1761065511352.0,0adab909-eb8f-4baf-9eed-7a4cc889cb7c,FF:10:10:AE:A7:64,Sunset lights,-89,1761065510901
28539,1761065512591.0,0adab909-eb8f-4baf-9eed-7a4cc889cb7c,7F:A0:83:98:63:BD,,-80,1761065510901
28540,1761065513163.0,0adab909-eb8f-4baf-9eed-7a4cc889cb7c,53:3A:9C:87:B1:29,,-94,1761065510901
28541,1761065523749.0,0adab909-eb8f-4baf-9eed-7a4cc889cb7c,5F:0B:27:1E:63:3E,,-72,1761065510901
28542,1761065523926.0,0adab909-eb8f-4baf-9eed-7a4cc889cb7c,CF:33:36:32:4C:1E,Govee_H6054_4C1E,-83,1761065510901
28543,1761065524925.0,0adab909-eb8f-4baf-9eed-7a4cc889cb7c,7F:A0:83:98:63:BD,,-85,1761065510901
28544,1761065525733.0,0adab909-eb8f-4baf-9eed-7a4cc889cb7c,FF:10:10:AE:A7:64,Sunset lights,-88,1761065510901
28545,1761066112247.0,0adab909-eb8f-4baf-9eed-7a4cc889cb7c,60:28:88:6A:93:F8,,-75,1761066110868
28546,1761066112542.0,0adab909-eb8f-4baf-9eed-7a4cc889cb7c,62:3E:FC:6A:5F:BD,,-84,1761066110868
28547,1761066112566.0,0adab909-eb8f-4baf-9eed-7a4cc889cb7c,CF:33:36:32:4C:1E,Govee_H6054_4C1E,-79,1761066110868
28548,1761066113849.0,0adab909-eb8f-4baf-9eed-7a4cc889cb7c,FF:10:10:AE:A7:64,Sunset lights,-81,1761066110868
28549,1761066114162.0,0adab909-eb8f-4baf-9eed-7a4cc889cb7c,7F:A0:83:98:63:BD,,-81,1761066110868
28550,1761066115145.0,0adab909-eb8f-4baf-9eed-7a4cc889cb7c,70:22:66:13:D6:83,,-94,1761066110868
28551,1761066123891.0,0adab909-eb8f-4baf-9eed-7a4cc889cb7c,62:3E:FC:6A:5F:BD,,-82,1761066110868
28552,1761066123917.0,0adab909-eb8f-4baf-9eed-7a4cc889cb7c,CF:33:36:32:4C:1E,Govee_H6054_4C1E,-74,1761066110868
28553,1761066124925.0,0adab909-eb8f-4baf-9eed-7a4cc889cb7c,FF:10:10:AE:A7:64,Sunset lights,-79,1761066110868
28554,1761066124955.0,0adab909-eb8f-4baf-9eed-7a4cc889cb7c,60:28:88:6A:93:F8,,-76,1761066110868
28555,1761066125008.0,0adab909-eb8f-4baf-9eed-7a4cc889cb7c,4E:B6:B1:63:8A:BC,,-94,1761066110868
28556,1761066125712.0,0adab909-eb8f-4baf-9eed-7a4cc889cb7c,70:22:66:13:D6:83,,-94,1761066110868
28557,1761066125740.0,0adab909-eb8f-4baf-9eed-7a4cc889cb7c,7F:A0:83:98:63:BD,,-87,1761066110868
28558,1761066728294.0,0adab909-eb8f-4baf-9eed-7a4cc889cb7c,FF:10:10:AE:A7:64,Sunset lights,-90,1761066727880
28559,1761066733413.0,0adab909-eb8f-4baf-9eed-7a4cc889cb7c,4E:B6:B1:63:8A:BC,,-82,1761066727880
28560,1761066734381.0,0adab909-eb8f-4baf-9eed-7a4cc889cb7c,62:88:0F:18:36:26,,-87,1761066727880
28561,1761066735684.0,0adab909-eb8f-4baf-9eed-7a4cc889cb7c,60:28:88:6A:93:F8,,-88,1761066727880
28562,1761066735959.0,0adab909-eb8f-4baf-9eed-7a4cc889cb7c,CF:33:36:32:4C:1E,Govee_H6054_4C1E,-77,1761066727880
28563,1761067238294.0,0adab909-eb8f-4baf-9eed-7a4cc889cb7c,6A:B6:7F:DC:26:FF,,-90,1761067235495
28564,1761067238560.0,0adab909-eb8f-4baf-9eed-7a4cc889cb7c,CF:33:36:32:4C:1E,Govee_H6054_4C1E,-85,1761067235495
28565,1761067240579.0,0adab909-eb8f-4baf-9eed-7a4cc889cb7c,7B:3C:28:20:F4:20,,-85,1761067235495
28566,1761067242400.0,0adab909-eb8f-4baf-9eed-7a4cc889cb7c,5B:13:9D:19:43:5F,,-89,1761067235495
28567,1761067244318.0,0adab909-eb8f-4baf-9eed-7a4cc889cb7c,60:74:F4:73:99:E7,ihoment_H601B_99E7,-94,1761067235495
28568,1761067245298.0,0adab909-eb8f-4baf-9eed-7a4cc889cb7c,60:28:88:6A:93:F8,,-89,1761067235495
28569,1761067863478.0,0adab909-eb8f-4baf-9eed-7a4cc889cb7c,4C:96:8A:ED:6A:01,SPEN NA,-45,1761067863444
28570,1761067863511.0,0adab909-eb8f-4baf-9eed-7a4cc889cb7c,44:B4:ED:0D:95:1B,,-81,1761067863444
28571,1761067863525.0,0adab909-eb8f-4baf-9eed-7a4cc889cb7c,6A:B6:7F:DC:26:FF,,-90,1761067863444
28572,1761067863539.0,0adab909-eb8f-4baf-9eed-7a4cc889cb7c,CF:33:36:32:4C:1E,Govee_H6054_4C1E,-75,1761067863444
28573,1761067864154.0,0adab909-eb8f-4baf-9eed-7a4cc889cb7c,FF:10:10:AE:A7:64,Sunset lights,-76,1761067863444
28574,1761067864207.0,0adab909-eb8f-4baf-9eed-7a4cc889cb7c,4C:96:8A:ED:6A:01,SPEN NA,-48,1761067863444
28575,1761067864522.0,0adab909-eb8f-4baf-9eed-7a4cc889cb7c,4C:96:8A:ED:6A:01,SPEN NA,-45,1761067863444
28576,1761067864839.0,0adab909-eb8f-4baf-9eed-7a4cc889cb7c,5B:13:9D:19:43:5F,,-88,1761067863444
28577,1761067864853.0,0adab909-eb8f-4baf-9eed-7a4cc889cb7c,4C:96:8A:ED:6A:01,SPEN NA,-45,1761067863444
28578,1761067865175.0,0adab909-eb8f-4baf-9eed-7a4cc889cb7c,4C:96:8A:ED:6A:01,SPEN NA,-48,1761067863444
28579,1761067865476.0,0adab909-eb8f-4baf-9eed-7a4cc889cb7c,4C:96:8A:ED:6A:01,SPEN NA,-45,1761067863444
28580,1761067866110.0,0adab909-eb8f-4baf-9eed-7a4cc889cb7c,4C:96:8A:ED:6A:01,SPEN NA,-48,1761067863444
28581,1761067866753.0,0adab909-eb8f-4baf-9eed-7a4cc889cb7c,4C:96:8A:ED:6A:01,SPEN NA,-45,1761067863444
28582,1761067867056.0,0adab909-eb8f-4baf-9eed-7a4cc889cb7c,4C:96:8A:ED:6A:01,SPEN NA,-48,1761067863444
28583,1761067867372.0,0adab909-eb8f-4baf-9eed-7a4cc889cb7c,4C:96:8A:ED:6A:01,SPEN NA,-44,1761067863444
28584,1761067868343.0,0adab909-eb8f-4baf-9eed-7a4cc889cb7c,42:A5:47:9C:3F:B0,,-89,1761067863444
28585,1761067868966.0,0adab909-eb8f-4baf-9eed-7a4cc889cb7c,4C:96:8A:ED:6A:01,SPEN NA,-47,1761067863444
28586,1761067869274.0,0adab909-eb8f-4baf-9eed-7a4cc889cb7c,4C:96:8A:ED:6A:01,SPEN NA,-45,1761067863444
28587,1761067870329.0,0adab909-eb8f-4baf-9eed-7a4cc889cb7c,4C:96:8A:ED:6A:01,SPEN NA,-44,1761067863444
28588,1761067870932.0,0adab909-eb8f-4baf-9eed-7a4cc889cb7c,4C:96:8A:ED:6A:01,SPEN NA,-48,1761067863444
28589,1761067871571.0,0adab909-eb8f-4baf-9eed-7a4cc889cb7c,4C:96:8A:ED:6A:01,SPEN NA,-45,1761067863444
28590,1761067871884.0,0adab909-eb8f-4baf-9eed-7a4cc889cb7c,4C:96:8A:ED:6A:01,SPEN NA,-48,1761067863444
28591,1761067872201.0,0adab909-eb8f-4baf-9eed-7a4cc889cb7c,4C:96:8A:ED:6A:01,SPEN NA,-45,1761067863444
28592,1761067872836.0,0adab909-eb8f-4baf-9eed-7a4cc889cb7c,4C:96:8A:ED:6A:01,SPEN NA,-48,1761067863444
28593,1761067873470.0,0adab909-eb8f-4baf-9eed-7a4cc889cb7c,4C:96:8A:ED:6A:01,SPEN NA,-45,1761067863444
28594,1761067873781.0,0adab909-eb8f-4baf-9eed-7a4cc889cb7c,4C:96:8A:ED:6A:01,SPEN NA,-48,1761067863444
28595,1761067874729.0,0adab909-eb8f-4baf-9eed-7a4cc889cb7c,4C:96:8A:ED:6A:01,SPEN NA,-48,1761067863444
28596,1761067875041.0,0adab909-eb8f-4baf-9eed-7a4cc889cb7c,4C:96:8A:ED:6A:01,SPEN NA,-44,1761067863444
28597,1761067875461.0,0adab909-eb8f-4baf-9eed-7a4cc889cb7c,4C:96:8A:ED:6A:01,SPEN NA,-45,1761067863444
28598,1761067876004.0,0adab909-eb8f-4baf-9eed-7a4cc889cb7c,4C:96:8A:ED:6A:01,SPEN NA,-44,1761067863444
28599,1761067876498.0,0adab909-eb8f-4baf-9eed-7a4cc889cb7c,4C:96:8A:ED:6A:01,SPEN NA,-44,1761067863444
28600,1761067876968.0,0adab909-eb8f-4baf-9eed-7a4cc889cb7c,6A:B6:7F:DC:26:FF,,-87,1761067863444
28601,1761067877117.0,0adab909-eb8f-4baf-9eed-7a4cc889cb7c,CF:33:36:32:4C:1E,Govee_H6054_4C1E,-77,1761067863444
28602,1761067877572.0,0adab909-eb8f-4baf-9eed-7a4cc889cb7c,44:B4:ED:0D:95:1B,,-76,1761067863444
28603,1761067877710.0,0adab909-eb8f-4baf-9eed-7a4cc889cb7c,42:A5:47:9C:3F:B0,,-86,1761067863444
28604,1761067878919.0,0adab909-eb8f-4baf-9eed-7a4cc889cb7c,E8:A2:D1:31:89:0A,,-79,1761067863444
28605,1761068511137.0,0adab909-eb8f-4baf-9eed-7a4cc889cb7c,FF:10:10:AE:A7:64,Sunset lights,-82,1761068510733
28606,1761068511576.0,0adab909-eb8f-4baf-9eed-7a4cc889cb7c,CF:33:36:32:4C:1E,Govee_H6054_4C1E,-82,1761068510733
28607,1761068512157.0,0adab909-eb8f-4baf-9eed-7a4cc889cb7c,6A:42:9B:10:35:EC,,-87,1761068510733
28608,1761068512437.0,0adab909-eb8f-4baf-9eed-7a4cc889cb7c,46:F7:C8:11:91:8A,,-81,1761068510733
28609,1761068512767.0,0adab909-eb8f-4baf-9eed-7a4cc889cb7c,61:54:85:B8:B9:F0,,-88,1761068510733
28610,1761068513693.0,0adab909-eb8f-4baf-9eed-7a4cc889cb7c,47:DB:42:E0:F9:64,,-91,1761068510733
28611,1761068514357.0,0adab909-eb8f-4baf-9eed-7a4cc889cb7c,76:40:5A:02:2D:C5,,-89,1761068510733
28612,1761068515631.0,0adab909-eb8f-4baf-9eed-7a4cc889cb7c,63:CC:61:A0:25:3A,,-86,1761068510733
28613,1761069039360.0,0adab909-eb8f-4baf-9eed-7a4cc889cb7c,4C:96:8A:ED:6A:01,SPEN NA,-46,1761069039306
28614,1761069040039.0,0adab909-eb8f-4baf-9eed-7a4cc889cb7c,FF:10:10:AE:A7:64,Sunset lights,-74,1761069039306
28615,1761069040417.0,0adab909-eb8f-4baf-9eed-7a4cc889cb7c,4C:96:8A:ED:6A:01,SPEN NA,-45,1761069039306
28616,1761069040682.0,0adab909-eb8f-4baf-9eed-7a4cc889cb7c,63:CC:61:A0:25:3A,,-84,1761069039306
28617,1761069041039.0,0adab909-eb8f-4baf-9eed-7a4cc889cb7c,4C:96:8A:ED:6A:01,SPEN NA,-50,1761069039306
28618,1761069041340.0,0adab909-eb8f-4baf-9eed-7a4cc889cb7c,4C:96:8A:ED:6A:01,SPEN NA,-46,1761069039306
28619,1761069041668.0,0adab909-eb8f-4baf-9eed-7a4cc889cb7c,CF:33:36:32:4C:1E,Govee_H6054_4C1E,-76,1761069039306
28620,1761069042316.0,0adab909-eb8f-4baf-9eed-7a4cc889cb7c,4C:96:8A:ED:6A:01,SPEN NA,-47,1761069039306
28621,1761069042625.0,0adab909-eb8f-4baf-9eed-7a4cc889cb7c,4C:96:8A:ED:6A:01,SPEN NA,-45,1761069039306
28622,1761069043242.0,0adab909-eb8f-4baf-9eed-7a4cc889cb7c,4C:96:8A:ED:6A:01,SPEN NA,-45,1761069039306
28623,1761069043566.0,0adab909-eb8f-4baf-9eed-7a4cc889cb7c,4C:96:8A:ED:6A:01,SPEN NA,-46,1761069039306
28624,1761069043894.0,0adab909-eb8f-4baf-9eed-7a4cc889cb7c,4C:96:8A:ED:6A:01,SPEN NA,-50,1761069039306
28625,1761069044205.0,0adab909-eb8f-4baf-9eed-7a4cc889cb7c,4C:96:8A:ED:6A:01,SPEN NA,-47,1761069039306
28626,1761069044514.0,0adab909-eb8f-4baf-9eed-7a4cc889cb7c,4C:96:8A:ED:6A:01,SPEN NA,-46,1761069039306
28627,1761069044836.0,0adab909-eb8f-4baf-9eed-7a4cc889cb7c,4C:96:8A:ED:6A:01,SPEN NA,-50,1761069039306
28628,1761069045141.0,0adab909-eb8f-4baf-9eed-7a4cc889cb7c,4C:96:8A:ED:6A:01,SPEN NA,-46,1761069039306
28629,1761069045454.0,0adab909-eb8f-4baf-9eed-7a4cc889cb7c,4C:96:8A:ED:6A:01,SPEN NA,-45,1761069039306
28630,1761069045777.0,0adab909-eb8f-4baf-9eed-7a4cc889cb7c,4C:96:8A:ED:6A:01,SPEN NA,-50,1761069039306
28631,1761069046102.0,0adab909-eb8f-4baf-9eed-7a4cc889cb7c,4C:96:8A:ED:6A:01,SPEN NA,-46,1761069039306
28632,1761069047039.0,0adab909-eb8f-4baf-9eed-7a4cc889cb7c,4C:96:8A:ED:6A:01,SPEN NA,-48,1761069039306
28633,1761069047080.0,0adab909-eb8f-4baf-9eed-7a4cc889cb7c,6A:42:9B:10:35:EC,,-88,1761069039306
28634,1761069047444.0,0adab909-eb8f-4baf-9eed-7a4cc889cb7c,77:D1:0F:63:DA:46,,-88,1761069039306
28635,1761069047462.0,0adab909-eb8f-4baf-9eed-7a4cc889cb7c,4C:96:8A:ED:6A:01,SPEN NA,-46,1761069039306
28636,1761069047752.0,0adab909-eb8f-4baf-9eed-7a4cc889cb7c,4C:96:8A:ED:6A:01,SPEN NA,-50,1761069039306
28637,1761069048394.0,0adab909-eb8f-4baf-9eed-7a4cc889cb7c,4C:96:8A:ED:6A:01,SPEN NA,-46,1761069039306
28638,1761069048715.0,0adab909-eb8f-4baf-9eed-7a4cc889cb7c,4C:96:8A:ED:6A:01,SPEN NA,-50,1761069039306
28639,1761069049030.0,0adab909-eb8f-4baf-9eed-7a4cc889cb7c,4C:96:8A:ED:6A:01,SPEN NA,-46,1761069039306
28640,1761069049336.0,0adab909-eb8f-4baf-9eed-7a4cc889cb7c,47:DB:42:E0:F9:64,,-88,1761069039306
28641,1761069049670.0,0adab909-eb8f-4baf-9eed-7a4cc889cb7c,4C:96:8A:ED:6A:01,SPEN NA,-50,1761069039306
28642,1761069049975.0,0adab909-eb8f-4baf-9eed-7a4cc889cb7c,4C:96:8A:ED:6A:01,SPEN NA,-47,1761069039306
28643,1761069050297.0,0adab909-eb8f-4baf-9eed-7a4cc889cb7c,4C:96:8A:ED:6A:01,SPEN NA,-46,1761069039306
28644,1761069050599.0,0adab909-eb8f-4baf-9eed-7a4cc889cb7c,4C:96:8A:ED:6A:01,SPEN NA,-49,1761069039306
28645,1761069050928.0,0adab909-eb8f-4baf-9eed-7a4cc889cb7c,4C:96:8A:ED:6A:01,SPEN NA,-46,1761069039306
28646,1761069051534.0,0adab909-eb8f-4baf-9eed-7a4cc889cb7c,4C:96:8A:ED:6A:01,SPEN NA,-50,1761069039306
28647,1761069051855.0,0adab909-eb8f-4baf-9eed-7a4cc889cb7c,4C:96:8A:ED:6A:01,SPEN NA,-46,1761069039306
28648,1761069052260.0,0adab909-eb8f-4baf-9eed-7a4cc889cb7c,4C:96:8A:ED:6A:01,SPEN NA,-46,1761069039306
28649,1761069052369.0,0adab909-eb8f-4baf-9eed-7a4cc889cb7c,47:DB:42:E0:F9:64,,-91,1761069039306
28650,1761069053216.0,0adab909-eb8f-4baf-9eed-7a4cc889cb7c,CF:33:36:32:4C:1E,Govee_H6054_4C1E,-76,1761069039306
28651,1761069053232.0,0adab909-eb8f-4baf-9eed-7a4cc889cb7c,77:D1:0F:63:DA:46,,-85,1761069039306
28652,1761069053245.0,0adab909-eb8f-4baf-9eed-7a4cc889cb7c,46:F7:C8:11:91:8A,,-89,1761069039306
28653,1761069053327.0,0adab909-eb8f-4baf-9eed-7a4cc889cb7c,63:CC:61:A0:25:3A,,-88,1761069039306
28654,1761069054202.0,0adab909-eb8f-4baf-9eed-7a4cc889cb7c,FF:10:10:AE:A7:64,Sunset lights,-74,1761069039306
28655,1761069054315.0,0adab909-eb8f-4baf-9eed-7a4cc889cb7c,6A:42:9B:10:35:EC,,-88,1761069039306
28656,1761069766982.0,0adab909-eb8f-4baf-9eed-7a4cc889cb7c,CF:33:36:32:4C:1E,Govee_H6054_4C1E,-73,1761069766901
28657,1761069767331.0,0adab909-eb8f-4baf-9eed-7a4cc889cb7c,FF:10:10:AE:A7:64,Sunset lights,-74,1761069766901
28658,1761069767610.0,0adab909-eb8f-4baf-9eed-7a4cc889cb7c,69:9A:37:94:58:F9,,-79,1761069766901
28659,1761069767961.0,0adab909-eb8f-4baf-9eed-7a4cc889cb7c,70:36:80:C8:F5:44,,-90,1761069766901
28660,1761069767994.0,0adab909-eb8f-4baf-9eed-7a4cc889cb7c,54:FD:B0:23:FC:51,,-85,1761069766901
28661,1761069769562.0,0adab909-eb8f-4baf-9eed-7a4cc889cb7c,77:D1:0F:63:DA:46,,-86,1761069766901
28662,1761069773093.0,0adab909-eb8f-4baf-9eed-7a4cc889cb7c,48:97:6D:4F:D5:75,,-91,1761069766901
28663,1761070311427.0,0adab909-eb8f-4baf-9eed-7a4cc889cb7c,59:34:D3:D8:1E:B6,,-85,1761070311336
28664,1761070311484.0,0adab909-eb8f-4baf-9eed-7a4cc889cb7c,54:FD:B0:23:FC:51,,-88,1761070311336
28665,1761070312048.0,0adab909-eb8f-4baf-9eed-7a4cc889cb7c,CF:33:36:32:4C:1E,Govee_H6054_4C1E,-70,1761070311336
28666,1761070312733.0,0adab909-eb8f-4baf-9eed-7a4cc889cb7c,58:E9:DD:DD:55:D5,,-80,1761070311336
28667,1761070312751.0,0adab909-eb8f-4baf-9eed-7a4cc889cb7c,69:9A:37:94:58:F9,,-82,1761070311336
28668,1761070313356.0,0adab909-eb8f-4baf-9eed-7a4cc889cb7c,73:FB:D2:70:59:ED,,-84,1761070311336
28669,1761070313705.0,0adab909-eb8f-4baf-9eed-7a4cc889cb7c,FF:10:10:AE:A7:64,Sunset lights,-74,1761070311336
28670,1761070317511.0,0adab909-eb8f-4baf-9eed-7a4cc889cb7c,60:94:D4:E4:D5:A3,,-93,1761070311336
28671,1761070318465.0,0adab909-eb8f-4baf-9eed-7a4cc889cb7c,55:B9:F9:1A:15:69,,-93,1761070311336
28672,1761070911377.0,0adab909-eb8f-4baf-9eed-7a4cc889cb7c,FF:10:10:AE:A7:64,Sunset lights,-81,1761070911343
28673,1761070911456.0,0adab909-eb8f-4baf-9eed-7a4cc889cb7c,69:9A:37:94:58:F9,,-84,1761070911343
28674,1761070911753.0,0adab909-eb8f-4baf-9eed-7a4cc889cb7c,54:FD:B0:23:FC:51,,-93,1761070911343
28675,1761070911794.0,0adab909-eb8f-4baf-9eed-7a4cc889cb7c,60:18:8E:57:E6:D2,,-89,1761070911343
28676,1761070914981.0,0adab909-eb8f-4baf-9eed-7a4cc889cb7c,59:34:D3:D8:1E:B6,,-88,1761070911343
28677,1761070915007.0,0adab909-eb8f-4baf-9eed-7a4cc889cb7c,CF:33:36:32:4C:1E,Govee_H6054_4C1E,-71,1761070911343
28678,1761070916589.0,0adab909-eb8f-4baf-9eed-7a4cc889cb7c,60:94:D4:E4:D5:A3,,-93,1761070911343
28679,1761071511453.0,0adab909-eb8f-4baf-9eed-7a4cc889cb7c,CF:33:36:32:4C:1E,Govee_H6054_4C1E,-77,1761071511338
28680,1761071511576.0,0adab909-eb8f-4baf-9eed-7a4cc889cb7c,40:2F:E6:57:A4:B7,,-84,1761071511338
28681,1761071513709.0,0adab909-eb8f-4baf-9eed-7a4cc889cb7c,FF:10:10:AE:A7:64,Sunset lights,-76,1761071511338
28682,1761072111279.0,0adab909-eb8f-4baf-9eed-7a4cc889cb7c,CF:33:36:32:4C:1E,Govee_H6054_4C1E,-71,1761072111262
28683,1761072111308.0,0adab909-eb8f-4baf-9eed-7a4cc889cb7c,FF:10:10:AE:A7:64,Sunset lights,-84,1761072111262
28684,1761072112613.0,0adab909-eb8f-4baf-9eed-7a4cc889cb7c,4D:59:6B:BF:71:36,,-86,1761072111262
28685,1761072113246.0,0adab909-eb8f-4baf-9eed-7a4cc889cb7c,40:2F:E6:57:A4:B7,,-78,1761072111262
28686,1761072117393.0,0adab909-eb8f-4baf-9eed-7a4cc889cb7c,52:F4:43:A0:6A:C3,,-91,1761072111262
28687,1761072635854.0,0adab909-eb8f-4baf-9eed-7a4cc889cb7c,CF:33:36:32:4C:1E,Govee_H6054_4C1E,-81,1761072635709
28688,1761072635888.0,0adab909-eb8f-4baf-9eed-7a4cc889cb7c,FF:10:10:AE:A7:64,Sunset lights,-84,1761072635709
28689,1761072637773.0,0adab909-eb8f-4baf-9eed-7a4cc889cb7c,40:2F:E6:57:A4:B7,,-88,1761072635709
28690,1761072638090.0,0adab909-eb8f-4baf-9eed-7a4cc889cb7c,5E:CF:65:D9:C3:9B,,-87,1761072635709
28691,1761072648610.0,0adab909-eb8f-4baf-9eed-7a4cc889cb7c,3E:21:AA:95:23:7B,,-78,1761072635709
28692,1761072648646.0,0adab909-eb8f-4baf-9eed-7a4cc889cb7c,FF:10:10:AE:A7:64,Sunset lights,-76,1761072635709
28693,1761072648706.0,0adab909-eb8f-4baf-9eed-7a4cc889cb7c,CF:33:36:32:4C:1E,Govee_H6054_4C1E,-82,1761072635709
28694,1761073312007.0,0adab909-eb8f-4baf-9eed-7a4cc889cb7c,5E:CF:65:D9:C3:9B,,-92,1761073311238
28695,1761073312602.0,0adab909-eb8f-4baf-9eed-7a4cc889cb7c,CF:33:36:32:4C:1E,Govee_H6054_4C1E,-76,1761073311238
28696,1761073312621.0,0adab909-eb8f-4baf-9eed-7a4cc889cb7c,FF:10:10:AE:A7:64,Sunset lights,-79,1761073311238
28697,1761073314225.0,0adab909-eb8f-4baf-9eed-7a4cc889cb7c,72:A7:78:9C:89:33,,-82,1761073311238
28698,1761073321855.0,0adab909-eb8f-4baf-9eed-7a4cc889cb7c,41:E1:BB:6C:C4:8F,,-95,1761073311238
28699,1761073885303.0,0adab909-eb8f-4baf-9eed-7a4cc889cb7c,57:53:DA:62:47:7F,,-79,1761073885288
28700,1761073886470.0,0adab909-eb8f-4baf-9eed-7a4cc889cb7c,72:A7:78:9C:89:33,,-90,1761073885288
28701,1761073888073.0,0adab909-eb8f-4baf-9eed-7a4cc889cb7c,4D:39:73:1C:F9:99,,-91,1761073885288
28702,1761073894840.0,0adab909-eb8f-4baf-9eed-7a4cc889cb7c,CF:33:36:32:4C:1E,Govee_H6054_4C1E,-87,1761073885288
28703,1761073896659.0,0adab909-eb8f-4baf-9eed-7a4cc889cb7c,FF:10:10:AE:A7:64,Sunset lights,-88,1761073885288
28704,1761073897719.0,0adab909-eb8f-4baf-9eed-7a4cc889cb7c,7B:29:03:25:22:3E,,-83,1761073885288
28705,1761074468003.0,0adab909-eb8f-4baf-9eed-7a4cc889cb7c,FF:10:10:AE:A7:64,Sunset lights,-72,1761074467620
28706,1761074468988.0,0adab909-eb8f-4baf-9eed-7a4cc889cb7c,CF:33:36:32:4C:1E,Govee_H6054_4C1E,-78,1761074467620
28707,1761074471507.0,0adab909-eb8f-4baf-9eed-7a4cc889cb7c,61:57:54:05:5B:92,,-88,1761074467620
28708,1761074479515.0,0adab909-eb8f-4baf-9eed-7a4cc889cb7c,7B:29:03:25:22:3E,,-91,1761074467620
28709,1761074479546.0,0adab909-eb8f-4baf-9eed-7a4cc889cb7c,73:10:66:DB:BC:3A,,-93,1761074467620
28710,1761074480489.0,0adab909-eb8f-4baf-9eed-7a4cc889cb7c,1D:92:31:CD:97:BF,,-72,1761074467620
28711,1761074480514.0,0adab909-eb8f-4baf-9eed-7a4cc889cb7c,FF:10:10:AE:A7:64,Sunset lights,-72,1761074467620
28712,1761074480549.0,0adab909-eb8f-4baf-9eed-7a4cc889cb7c,CF:33:36:32:4C:1E,Govee_H6054_4C1E,-73,1761074467620
28713,1761074481741.0,0adab909-eb8f-4baf-9eed-7a4cc889cb7c,5F:DA:B8:B9:4E:A8,,-94,1761074467620
28714,1761074482475.0,0adab909-eb8f-4baf-9eed-7a4cc889cb7c,61:57:54:05:5B:92,,-86,1761074467620
28715,1761074482530.0,0adab909-eb8f-4baf-9eed-7a4cc889cb7c,D6:C6:E4:2F:1E:12,,-91,1761074467620
28716,1761074482642.0,0adab909-eb8f-4baf-9eed-7a4cc889cb7c,D0:0B:9E:5B:D7:26,,-90,1761074467620
28717,1761075111271.0,0adab909-eb8f-4baf-9eed-7a4cc889cb7c,FF:10:10:AE:A7:64,Sunset lights,-85,1761075111259
28718,1761075111346.0,0adab909-eb8f-4baf-9eed-7a4cc889cb7c,61:57:54:05:5B:92,,-85,1761075111259
28719,1761075111595.0,0adab909-eb8f-4baf-9eed-7a4cc889cb7c,CF:33:36:32:4C:1E,Govee_H6054_4C1E,-74,1761075111259
28720,1761075121383.0,0adab909-eb8f-4baf-9eed-7a4cc889cb7c,54:65:40:C0:AE:75,,-90,1761075111259
28721,1761075124156.0,0adab909-eb8f-4baf-9eed-7a4cc889cb7c,FF:10:10:AE:A7:64,Sunset lights,-79,1761075111259
28722,1761075124193.0,0adab909-eb8f-4baf-9eed-7a4cc889cb7c,05:5C:E8:56:6A:A3,,-78,1761075111259
28723,1761075124226.0,0adab909-eb8f-4baf-9eed-7a4cc889cb7c,CF:33:36:32:4C:1E,Govee_H6054_4C1E,-69,1761075111259
28724,1761075125355.0,0adab909-eb8f-4baf-9eed-7a4cc889cb7c,FC:D8:19:2F:55:6C,,-79,1761075111259
28725,1761075125382.0,0adab909-eb8f-4baf-9eed-7a4cc889cb7c,CE:9E:E9:72:35:DB,,-90,1761075111259
28726,1761075711113.0,0adab909-eb8f-4baf-9eed-7a4cc889cb7c,48:16:99:00:1F:E8,,-93,1761075711093
28727,1761075712498.0,0adab909-eb8f-4baf-9eed-7a4cc889cb7c,CF:33:36:32:4C:1E,Govee_H6054_4C1E,-77,1761075711093
28728,1761075713065.0,0adab909-eb8f-4baf-9eed-7a4cc889cb7c,FF:10:10:AE:A7:64,Sunset lights,-81,1761075711093
28729,1761075713425.0,0adab909-eb8f-4baf-9eed-7a4cc889cb7c,54:65:40:C0:AE:75,,-91,1761075711093
28730,1761075724041.0,0adab909-eb8f-4baf-9eed-7a4cc889cb7c,1F:B9:0D:D3:7A:90,,-77,1761075711093
28731,1761075724076.0,0adab909-eb8f-4baf-9eed-7a4cc889cb7c,EF:C6:BF:CE:18:48,,-86,1761075711093
28732,1761075724100.0,0adab909-eb8f-4baf-9eed-7a4cc889cb7c,48:16:99:00:1F:E8,,-86,1761075711093
28733,1761075724119.0,0adab909-eb8f-4baf-9eed-7a4cc889cb7c,CF:33:36:32:4C:1E,Govee_H6054_4C1E,-83,1761075711093
28734,1761075725142.0,0adab909-eb8f-4baf-9eed-7a4cc889cb7c,36:EF:E4:42:0E:AD,,-94,1761075711093
28735,1761075725162.0,0adab909-eb8f-4baf-9eed-7a4cc889cb7c,ED:73:3A:35:F8:D3,,-88,1761075711093
28736,1761075725945.0,0adab909-eb8f-4baf-9eed-7a4cc889cb7c,FC:D8:19:2F:55:6C,,-83,1761075711093
28737,1761075725971.0,0adab909-eb8f-4baf-9eed-7a4cc889cb7c,FE:E2:40:29:91:B5,,-85,1761075711093
28738,1761076311565.0,0adab909-eb8f-4baf-9eed-7a4cc889cb7c,60:74:F4:72:90:3F,ihoment_H601B_903F,-85,1761076311125
28739,1761076311623.0,0adab909-eb8f-4baf-9eed-7a4cc889cb7c,CF:33:36:32:4C:1E,Govee_H6054_4C1E,-83,1761076311125
28740,1761076317955.0,0adab909-eb8f-4baf-9eed-7a4cc889cb7c,FF:10:10:AE:A7:64,Sunset lights,-86,1761076311125
28741,1761076318006.0,0adab909-eb8f-4baf-9eed-7a4cc889cb7c,44:A1:10:27:67:06,,-93,1761076311125
28742,1761076319243.0,0adab909-eb8f-4baf-9eed-7a4cc889cb7c,48:16:99:00:1F:E8,,-83,1761076311125
28743,1761076324005.0,0adab909-eb8f-4baf-9eed-7a4cc889cb7c,44:A1:10:27:67:06,,-90,1761076311125
28744,1761076324029.0,0adab909-eb8f-4baf-9eed-7a4cc889cb7c,60:74:F4:72:90:3F,ihoment_H601B_903F,-89,1761076311125
28745,1761076324051.0,0adab909-eb8f-4baf-9eed-7a4cc889cb7c,CF:33:36:32:4C:1E,Govee_H6054_4C1E,-74,1761076311125
28746,1761076324070.0,0adab909-eb8f-4baf-9eed-7a4cc889cb7c,2F:AB:75:62:CA:0D,,-72,1761076311125
28747,1761076325148.0,0adab909-eb8f-4baf-9eed-7a4cc889cb7c,D9:2A:DF:00:73:0C,,-80,1761076311125
28748,1761076326073.0,0adab909-eb8f-4baf-9eed-7a4cc889cb7c,48:16:99:00:1F:E8,,-85,1761076311125
28749,1761076911523.0,0adab909-eb8f-4baf-9eed-7a4cc889cb7c,CF:33:36:32:4C:1E,Govee_H6054_4C1E,-85,1761076911081
28750,1761076913781.0,0adab909-eb8f-4baf-9eed-7a4cc889cb7c,60:74:F4:73:99:E7,ihoment_H601B_99E7,-91,1761076911081
28751,1761076914091.0,0adab909-eb8f-4baf-9eed-7a4cc889cb7c,7C:D3:5D:CA:8C:A0,,-81,1761076911081
28752,1761076914394.0,0adab909-eb8f-4baf-9eed-7a4cc889cb7c,FF:10:10:AE:A7:64,Sunset lights,-91,1761076911081
28753,1761076916318.0,0adab909-eb8f-4baf-9eed-7a4cc889cb7c,47:CF:AC:BA:CF:5B,,-94,1761076911081
28754,1761076921104.0,0adab909-eb8f-4baf-9eed-7a4cc889cb7c,60:74:F4:72:90:3F,ihoment_H601B_903F,-82,1761076911081
28755,1761076924004.0,0adab909-eb8f-4baf-9eed-7a4cc889cb7c,09:BE:E5:5D:62:03,,-77,1761076911081
28756,1761076924077.0,0adab909-eb8f-4baf-9eed-7a4cc889cb7c,CF:33:36:32:4C:1E,Govee_H6054_4C1E,-72,1761076911081
28757,1761076926058.0,0adab909-eb8f-4baf-9eed-7a4cc889cb7c,60:74:F4:73:99:E7,ihoment_H601B_99E7,-89,1761076911081
28758,1761076926091.0,0adab909-eb8f-4baf-9eed-7a4cc889cb7c,C2:84:0A:8F:D8:F5,,-90,1761076911081
28759,1761077467743.0,0adab909-eb8f-4baf-9eed-7a4cc889cb7c,60:74:F4:72:90:3F,ihoment_H601B_903F,-70,1761077467740
28760,1761077468131.0,0adab909-eb8f-4baf-9eed-7a4cc889cb7c,51:44:E0:2C:26:66,,-83,1761077467740
28761,1761077468461.0,0adab909-eb8f-4baf-9eed-7a4cc889cb7c,60:74:F4:73:99:E7,ihoment_H601B_99E7,-79,1761077467740
28762,1761077471050.0,0adab909-eb8f-4baf-9eed-7a4cc889cb7c,CF:33:36:32:4C:1E,Govee_H6054_4C1E,-86,1761077467740
28763,1761077473875.0,0adab909-eb8f-4baf-9eed-7a4cc889cb7c,7D:5D:C8:D2:2E:03,,-94,1761077467740
28764,1761077476076.0,0adab909-eb8f-4baf-9eed-7a4cc889cb7c,6F:CE:41:3E:85:30,,-78,1761077467740
28765,1761078095151.0,0adab909-eb8f-4baf-9eed-7a4cc889cb7c,50:E2:02:94:81:98,,-73,1761078094694
28766,1761078096084.0,0adab909-eb8f-4baf-9eed-7a4cc889cb7c,FF:10:10:AE:A7:64,Sunset lights,-90,1761078094694
28767,1761078099128.0,0adab909-eb8f-4baf-9eed-7a4cc889cb7c,47:CF:AC:BA:CF:5B,,-83,1761078094694
28768,1761078107680.0,0adab909-eb8f-4baf-9eed-7a4cc889cb7c,47:CF:AC:BA:CF:5B,,-85,1761078094694
28769,1761078107713.0,0adab909-eb8f-4baf-9eed-7a4cc889cb7c,F9:E2:AE:36:59:51,,-82,1761078094694
28770,1761078107738.0,0adab909-eb8f-4baf-9eed-7a4cc889cb7c,7F:D5:A0:DC:38:6D,,-82,1761078094694
28771,1761078108717.0,0adab909-eb8f-4baf-9eed-7a4cc889cb7c,23:7D:C5:50:E1:D2,,-89,1761078094694
28772,1761078109608.0,0adab909-eb8f-4baf-9eed-7a4cc889cb7c,4F:AA:4E:07:F4:5F,,-91,1761078094694
28773,1761078109665.0,0adab909-eb8f-4baf-9eed-7a4cc889cb7c,FF:10:10:AE:A7:64,Sunset lights,-82,1761078094694
28774,1761078713099.0,0adab909-eb8f-4baf-9eed-7a4cc889cb7c,43:08:F5:10:E2:46,,-79,1761078711047
28775,1761078713137.0,0adab909-eb8f-4baf-9eed-7a4cc889cb7c,6B:28:13:B0:C8:FF,,-73,1761078711047
28776,1761078713396.0,0adab909-eb8f-4baf-9eed-7a4cc889cb7c,7F:85:9D:6A:2B:3E,,-89,1761078711047
28777,1761078715634.0,0adab909-eb8f-4baf-9eed-7a4cc889cb7c,FF:10:10:AE:A7:64,Sunset lights,-79,1761078711047
28778,1761078715944.0,0adab909-eb8f-4baf-9eed-7a4cc889cb7c,4F:AA:4E:07:F4:5F,,-89,1761078711047
28779,1761078723980.0,0adab909-eb8f-4baf-9eed-7a4cc889cb7c,1C:8B:87:E2:44:A1,,-87,1761078711047
28780,1761078724015.0,0adab909-eb8f-4baf-9eed-7a4cc889cb7c,FF:10:10:AE:A7:64,Sunset lights,-82,1761078711047
28781,1761078725117.0,0adab909-eb8f-4baf-9eed-7a4cc889cb7c,CD:4A:50:9E:A6:12,,-88,1761078711047
28782,1761079311422.0,0adab909-eb8f-4baf-9eed-7a4cc889cb7c,FF:10:10:AE:A7:64,Sunset lights,-90,1761079311351
28783,1761079314303.0,0adab909-eb8f-4baf-9eed-7a4cc889cb7c,6B:28:13:B0:C8:FF,,-76,1761079311351
28784,1761079321235.0,0adab909-eb8f-4baf-9eed-7a4cc889cb7c,43:08:F5:10:E2:46,,-78,1761079311351
28785,1761079324291.0,0adab909-eb8f-4baf-9eed-7a4cc889cb7c,3F:FA:48:6C:40:7E,,-93,1761079311351
28786,1761079324334.0,0adab909-eb8f-4baf-9eed-7a4cc889cb7c,FF:10:10:AE:A7:64,Sunset lights,-84,1761079311351
28787,1761079324358.0,0adab909-eb8f-4baf-9eed-7a4cc889cb7c,0F:7D:3F:4D:27:5B,,-82,1761079311351
28788,1761079326376.0,0adab909-eb8f-4baf-9eed-7a4cc889cb7c,6B:28:13:B0:C8:FF,,-85,1761079311351
28789,1761079911384.0,0adab909-eb8f-4baf-9eed-7a4cc889cb7c,FF:10:10:AE:A7:64,Sunset lights,-82,1761079911273
28790,1761079912678.0,0adab909-eb8f-4baf-9eed-7a4cc889cb7c,7A:83:C1:C5:07:9C,,-84,1761079911273
28791,1761079912706.0,0adab909-eb8f-4baf-9eed-7a4cc889cb7c,47:7D:07:1B:C8:11,,-93,1761079911273
28792,1761079912942.0,0adab909-eb8f-4baf-9eed-7a4cc889cb7c,61:F9:C3:14:FA:63,,-74,1761079911273
28793,1761079924175.0,0adab909-eb8f-4baf-9eed-7a4cc889cb7c,7A:83:C1:C5:07:9C,,-83,1761079911273
28794,1761079924284.0,0adab909-eb8f-4baf-9eed-7a4cc889cb7c,FF:10:10:AE:A7:64,Sunset lights,-78,1761079911273
28795,1761080511357.0,0adab909-eb8f-4baf-9eed-7a4cc889cb7c,FF:10:10:AE:A7:64,Sunset lights,-78,1761080511277
28796,1761080511768.0,0adab909-eb8f-4baf-9eed-7a4cc889cb7c,61:F9:C3:14:FA:63,,-79,1761080511277
28797,1761080513002.0,0adab909-eb8f-4baf-9eed-7a4cc889cb7c,7A:83:C1:C5:07:9C,,-84,1761080511277
28798,1761080514894.0,0adab909-eb8f-4baf-9eed-7a4cc889cb7c,55:F8:0B:53:40:E0,,-88,1761080511277
28799,1761080520337.0,0adab909-eb8f-4baf-9eed-7a4cc889cb7c,0E:99:C9:26:2A:43,,-90,1761080511277
28800,1761080524341.0,0adab909-eb8f-4baf-9eed-7a4cc889cb7c,14:D3:90:0F:7F:C4,,-80,1761080511277
28801,1761080524392.0,0adab909-eb8f-4baf-9eed-7a4cc889cb7c,FF:10:10:AE:A7:64,Sunset lights,-75,1761080511277
28802,1761080526351.0,0adab909-eb8f-4baf-9eed-7a4cc889cb7c,FC:D8:19:2F:55:6C,,-75,1761080511277
28803,1761081111139.0,0adab909-eb8f-4baf-9eed-7a4cc889cb7c,FF:10:10:AE:A7:64,Sunset lights,-77,1761081110978
28804,1761081111451.0,0adab909-eb8f-4baf-9eed-7a4cc889cb7c,62:D0:C8:D4:5A:05,,-84,1761081110978
28805,1761081113972.0,0adab909-eb8f-4baf-9eed-7a4cc889cb7c,55:F8:0B:53:40:E0,,-92,1761081110978
28806,1761081116540.0,0adab909-eb8f-4baf-9eed-7a4cc889cb7c,6E:C6:2D:88:84:28,,-80,1761081110978
28807,1761081123901.0,0adab909-eb8f-4baf-9eed-7a4cc889cb7c,11:A2:CC:D1:46:54,,-82,1761081110978
28808,1761081123934.0,0adab909-eb8f-4baf-9eed-7a4cc889cb7c,FF:10:10:AE:A7:64,Sunset lights,-71,1761081110978
28809,1761081125141.0,0adab909-eb8f-4baf-9eed-7a4cc889cb7c,62:D0:C8:D4:5A:05,,-79,1761081110978
28810,1761081125852.0,0adab909-eb8f-4baf-9eed-7a4cc889cb7c,CA:7F:DF:DC:B0:5C,,-96,1761081110978
28811,1761081127017.0,0adab909-eb8f-4baf-9eed-7a4cc889cb7c,E9:35:35:22:01:34,,-75,1761081110978
28812,1761081127052.0,0adab909-eb8f-4baf-9eed-7a4cc889cb7c,FF:10:10:AE:A7:64,Sunset lights,-71,1761081110978
28813,1761081127073.0,0adab909-eb8f-4baf-9eed-7a4cc889cb7c,11:A2:CC:D1:46:54,,-80,1761081110978
28814,1761081127102.0,0adab909-eb8f-4baf-9eed-7a4cc889cb7c,62:D0:C8:D4:5A:05,,-74,1761081110978
28815,1761081127176.0,0adab909-eb8f-4baf-9eed-7a4cc889cb7c,FC:D8:19:2F:55:6C,,-91,1761081110978
28816,1761081711049.0,0adab909-eb8f-4baf-9eed-7a4cc889cb7c,4C:96:8A:ED:6A:01,SPEN NA,-60,1761081710993
28817,1761081711084.0,0adab909-eb8f-4baf-9eed-7a4cc889cb7c,62:D0:C8:D4:5A:05,,-84,1761081710993
28818,1761081711357.0,0adab909-eb8f-4baf-9eed-7a4cc889cb7c,FF:10:10:AE:A7:64,Sunset lights,-75,1761081710993
28819,1761081711379.0,0adab909-eb8f-4baf-9eed-7a4cc889cb7c,4C:96:8A:ED:6A:01,SPEN NA,-60,1761081710993
28820,1761081711706.0,0adab909-eb8f-4baf-9eed-7a4cc889cb7c,4C:96:8A:ED:6A:01,SPEN NA,-63,1761081710993
28821,1761081712009.0,0adab909-eb8f-4baf-9eed-7a4cc889cb7c,4C:96:8A:ED:6A:01,SPEN NA,-60,1761081710993
28822,1761081712338.0,0adab909-eb8f-4baf-9eed-7a4cc889cb7c,4C:96:8A:ED:6A:01,SPEN NA,-57,1761081710993
28823,1761081712652.0,0adab909-eb8f-4baf-9eed-7a4cc889cb7c,4C:96:8A:ED:6A:01,SPEN NA,-63,1761081710993
28824,1761081713986.0,0adab909-eb8f-4baf-9eed-7a4cc889cb7c,4C:96:8A:ED:6A:01,SPEN NA,-60,1761081710993
28825,1761081714318.0,0adab909-eb8f-4baf-9eed-7a4cc889cb7c,4C:96:8A:ED:6A:01,SPEN NA,-60,1761081710993
28826,1761081715262.0,0adab909-eb8f-4baf-9eed-7a4cc889cb7c,6E:C6:2D:88:84:28,,-69,1761081710993
28827,1761081715888.0,0adab909-eb8f-4baf-9eed-7a4cc889cb7c,4C:96:8A:ED:6A:01,SPEN NA,-60,1761081710993
28828,1761081716222.0,0adab909-eb8f-4baf-9eed-7a4cc889cb7c,4C:96:8A:ED:6A:01,SPEN NA,-61,1761081710993
28829,1761081716537.0,0adab909-eb8f-4baf-9eed-7a4cc889cb7c,4C:96:8A:ED:6A:01,SPEN NA,-63,1761081710993
28830,1761081716836.0,0adab909-eb8f-4baf-9eed-7a4cc889cb7c,4C:96:8A:ED:6A:01,SPEN NA,-60,1761081710993
28831,1761081717163.0,0adab909-eb8f-4baf-9eed-7a4cc889cb7c,4C:96:8A:ED:6A:01,SPEN NA,-58,1761081710993
28832,1761081718106.0,0adab909-eb8f-4baf-9eed-7a4cc889cb7c,4C:96:8A:ED:6A:01,SPEN NA,-62,1761081710993
28833,1761081718432.0,0adab909-eb8f-4baf-9eed-7a4cc889cb7c,4C:96:8A:ED:6A:01,SPEN NA,-64,1761081710993
28834,1761081719056.0,0adab909-eb8f-4baf-9eed-7a4cc889cb7c,4C:96:8A:ED:6A:01,SPEN NA,-61,1761081710993
28835,1761081719367.0,0adab909-eb8f-4baf-9eed-7a4cc889cb7c,4C:96:8A:ED:6A:01,SPEN NA,-65,1761081710993
28836,1761081719685.0,0adab909-eb8f-4baf-9eed-7a4cc889cb7c,4C:96:8A:ED:6A:01,SPEN NA,-60,1761081710993
28837,1761081720096.0,0adab909-eb8f-4baf-9eed-7a4cc889cb7c,4C:96:8A:ED:6A:01,SPEN NA,-62,1761081710993
28838,1761081720713.0,0adab909-eb8f-4baf-9eed-7a4cc889cb7c,4C:96:8A:ED:6A:01,SPEN NA,-61,1761081710993
28839,1761081721026.0,0adab909-eb8f-4baf-9eed-7a4cc889cb7c,4C:96:8A:ED:6A:01,SPEN NA,-64,1761081710993
28840,1761081721665.0,0adab909-eb8f-4baf-9eed-7a4cc889cb7c,4C:96:8A:ED:6A:01,SPEN NA,-63,1761081710993
28841,1761081721977.0,0adab909-eb8f-4baf-9eed-7a4cc889cb7c,4C:96:8A:ED:6A:01,SPEN NA,127,1761081710993
28842,1761081722295.0,0adab909-eb8f-4baf-9eed-7a4cc889cb7c,4C:96:8A:ED:6A:01,SPEN NA,-59,1761081710993
28843,1761081723564.0,0adab909-eb8f-4baf-9eed-7a4cc889cb7c,4C:96:8A:ED:6A:01,SPEN NA,-58,1761081710993
28844,1761082311698.0,0adab909-eb8f-4baf-9eed-7a4cc889cb7c,6F:58:1D:4F:71:96,,-78,1761082310975
28845,1761082312003.0,0adab909-eb8f-4baf-9eed-7a4cc889cb7c,FF:10:10:AE:A7:64,Sunset lights,-82,1761082310975
28846,1761082316222.0,0adab909-eb8f-4baf-9eed-7a4cc889cb7c,45:B7:F8:3D:4C:B4,,-69,1761082310975
28847,1761082912217.0,0adab909-eb8f-4baf-9eed-7a4cc889cb7c,FF:10:10:AE:A7:64,Sunset lights,-77,1761082911817
28848,1761082915110.0,0adab909-eb8f-4baf-9eed-7a4cc889cb7c,6F:58:1D:4F:71:96,,-78,1761082911817
28849,1761082916029.0,0adab909-eb8f-4baf-9eed-7a4cc889cb7c,45:B7:F8:3D:4C:B4,,-67,1761082911817
28850,1761083814599.0,0adab909-eb8f-4baf-9eed-7a4cc889cb7c,4A:75:93:EE:2C:43,,-75,1761083813227
28851,1761083814618.0,0adab909-eb8f-4baf-9eed-7a4cc889cb7c,FF:10:10:AE:A7:64,Sunset lights,-80,1761083813227
28852,1761083823251.0,0adab909-eb8f-4baf-9eed-7a4cc889cb7c,7C:19:A6:FE:04:07,,-64,1761083813227
28853,1761083825148.0,0adab909-eb8f-4baf-9eed-7a4cc889cb7c,59:B8:9F:DD:F3:6C,,-93,1761083813227
28854,1761084114930.0,0adab909-eb8f-4baf-9eed-7a4cc889cb7c,FF:10:10:AE:A7:64,Sunset lights,-75,1761084113191
28855,1761084115221.0,0adab909-eb8f-4baf-9eed-7a4cc889cb7c,4A:75:93:EE:2C:43,,-76,1761084113191
28856,1761084120060.0,0adab909-eb8f-4baf-9eed-7a4cc889cb7c,4C:CC:94:EC:67:F4,,-92,1761084113191
28857,1761084643409.0,0adab909-eb8f-4baf-9eed-7a4cc889cb7c,4A:75:93:EE:2C:43,,-75,1761084643370
28858,1761084643804.0,0adab909-eb8f-4baf-9eed-7a4cc889cb7c,FF:10:10:AE:A7:64,Sunset lights,-78,1761084643370
28859,1761084647312.0,0adab909-eb8f-4baf-9eed-7a4cc889cb7c,74:93:D6:AC:F5:B4,,-73,1761084643370
28860,1761085544355.0,0adab909-eb8f-4baf-9eed-7a4cc889cb7c,49:61:E8:D0:13:00,,-80,1761085544262
28861,1761085544697.0,0adab909-eb8f-4baf-9eed-7a4cc889cb7c,5A:7B:D9:C2:CC:E5,,-94,1761085544262
28862,1761085544968.0,0adab909-eb8f-4baf-9eed-7a4cc889cb7c,FF:10:10:AE:A7:64,Sunset lights,-82,1761085544262
28863,1761085545665.0,0adab909-eb8f-4baf-9eed-7a4cc889cb7c,74:93:D6:AC:F5:B4,,-61,1761085544262
28864,1761085556170.0,0adab909-eb8f-4baf-9eed-7a4cc889cb7c,4E:12:03:4E:E4:D5,,-92,1761085544262
28865,1761086145608.0,0adab909-eb8f-4baf-9eed-7a4cc889cb7c,FF:10:10:AE:A7:64,Sunset lights,-82,1761086144194
28866,1761086146537.0,0adab909-eb8f-4baf-9eed-7a4cc889cb7c,47:50:82:27:0A:83,,-91,1761086144194
28867,1761086148178.0,0adab909-eb8f-4baf-9eed-7a4cc889cb7c,49:61:E8:D0:13:00,,-84,1761086144194
28868,1761086148775.0,0adab909-eb8f-4baf-9eed-7a4cc889cb7c,65:99:F3:E2:49:A4,,-73,1761086144194
28869,1761086155517.0,0adab909-eb8f-4baf-9eed-7a4cc889cb7c,5A:7B:D9:C2:CC:E5,,-91,1761086144194
28870,1761086445771.0,0adab909-eb8f-4baf-9eed-7a4cc889cb7c,49:61:E8:D0:13:00,,-79,1761086445768
28871,1761086447239.0,0adab909-eb8f-4baf-9eed-7a4cc889cb7c,FF:10:10:AE:A7:64,Sunset lights,-81,1761086445768
28872,1761086447590.0,0adab909-eb8f-4baf-9eed-7a4cc889cb7c,56:2E:3D:8C:01:40,,-92,1761086445768
28873,1761086447606.0,0adab909-eb8f-4baf-9eed-7a4cc889cb7c,65:99:F3:E2:49:A4,,-66,1761086445768
28874,1761086447620.0,0adab909-eb8f-4baf-9eed-7a4cc889cb7c,47:50:82:27:0A:83,,-94,1761086445768
28875,1761086449205.0,0adab909-eb8f-4baf-9eed-7a4cc889cb7c,49:31:AB:EB:97:57,,-91,1761086445768
28876,1761086456833.0,0adab909-eb8f-4baf-9eed-7a4cc889cb7c,60:06:8B:C8:BD:34,,-79,1761086445768
28877,1761087276583.0,0adab909-eb8f-4baf-9eed-7a4cc889cb7c,FF:10:10:AE:A7:64,Sunset lights,-78,1761087276388
28878,1761087279836.0,0adab909-eb8f-4baf-9eed-7a4cc889cb7c,60:06:8B:C8:BD:34,,-73,1761087276388
28879,1761087282647.0,0adab909-eb8f-4baf-9eed-7a4cc889cb7c,7E:70:29:95:5E:C9,,-67,1761087276388
28880,1761087877658.0,0adab909-eb8f-4baf-9eed-7a4cc889cb7c,FF:10:10:AE:A7:64,Sunset lights,-81,1761087877410
28881,1761087878883.0,0adab909-eb8f-4baf-9eed-7a4cc889cb7c,6A:49:B3:C3:E3:7B,,-74,1761087877410
28882,1761087881827.0,0adab909-eb8f-4baf-9eed-7a4cc889cb7c,7E:70:29:95:5E:C9,,-72,1761087877410
28883,1761087889129.0,0adab909-eb8f-4baf-9eed-7a4cc889cb7c,4B:72:73:ED:E1:8C,,-90,1761087877410
28884,1761088478078.0,0adab909-eb8f-4baf-9eed-7a4cc889cb7c,6A:49:B3:C3:E3:7B,,-82,1761088477804
28885,1761088478095.0,0adab909-eb8f-4baf-9eed-7a4cc889cb7c,FF:10:10:AE:A7:64,Sunset lights,-80,1761088477804
28886,1761088480501.0,0adab909-eb8f-4baf-9eed-7a4cc889cb7c,7A:8F:65:67:44:8A,,-69,1761088477804
28887,1761089009550.0,0adab909-eb8f-4baf-9eed-7a4cc889cb7c,FF:10:10:AE:A7:64,Sunset lights,-79,1761089009157
28888,1761089013737.0,0adab909-eb8f-4baf-9eed-7a4cc889cb7c,6A:49:B3:C3:E3:7B,,-73,1761089009157
28889,1761089018168.0,0adab909-eb8f-4baf-9eed-7a4cc889cb7c,4B:72:73:ED:E1:8C,,-91,1761089009157
28890,1761089019177.0,0adab909-eb8f-4baf-9eed-7a4cc889cb7c,7A:8F:65:67:44:8A,,-69,1761089009157
28891,1761089609236.0,0adab909-eb8f-4baf-9eed-7a4cc889cb7c,7A:8F:65:67:44:8A,,-74,1761089609147
28892,1761089609562.0,0adab909-eb8f-4baf-9eed-7a4cc889cb7c,FF:10:10:AE:A7:64,Sunset lights,-79,1761089609147
28893,1761089610526.0,0adab909-eb8f-4baf-9eed-7a4cc889cb7c,7F:EA:2B:C2:DE:28,,-90,1761089609147
28894,1761089613168.0,0adab909-eb8f-4baf-9eed-7a4cc889cb7c,5F:34:A0:5F:B2:89,,-89,1761089609147
28895,1761090209550.0,0adab909-eb8f-4baf-9eed-7a4cc889cb7c,FF:10:10:AE:A7:64,Sunset lights,-79,1761090209143
28896,1761090217266.0,0adab909-eb8f-4baf-9eed-7a4cc889cb7c,5F:34:A0:5F:B2:89,,-84,1761090209143
28897,1761090820149.0,0adab909-eb8f-4baf-9eed-7a4cc889cb7c,FF:10:10:AE:A7:64,Sunset lights,-86,1761090820117
28898,1761090820164.0,0adab909-eb8f-4baf-9eed-7a4cc889cb7c,73:36:26:56:F3:39,,-89,1761090820117
28899,1761090824392.0,0adab909-eb8f-4baf-9eed-7a4cc889cb7c,61:4D:09:10:26:35,,-95,1761090820117
28900,1761090824769.0,0adab909-eb8f-4baf-9eed-7a4cc889cb7c,6F:24:94:5F:6C:21,,-76,1761090820117
28901,1761090825319.0,0adab909-eb8f-4baf-9eed-7a4cc889cb7c,7A:12:5E:7D:1D:F7,,-84,1761090820117
28902,1761091421452.0,0adab909-eb8f-4baf-9eed-7a4cc889cb7c,FF:10:10:AE:A7:64,Sunset lights,-82,1761091419120
28903,1761091423438.0,0adab909-eb8f-4baf-9eed-7a4cc889cb7c,69:CF:19:4B:64:A5,,-68,1761091419120
28904,1761091423825.0,0adab909-eb8f-4baf-9eed-7a4cc889cb7c,7A:12:5E:7D:1D:F7,,-75,1761091419120
28905,1761092020583.0,0adab909-eb8f-4baf-9eed-7a4cc889cb7c,FF:10:10:AE:A7:64,Sunset lights,-81,1761092020155
28906,1761092021847.0,0adab909-eb8f-4baf-9eed-7a4cc889cb7c,46:EF:85:EE:64:26,,-93,1761092020155
28907,1761092024441.0,0adab909-eb8f-4baf-9eed-7a4cc889cb7c,65:3B:15:88:DB:70,,-84,1761092020155
28908,1761092030222.0,0adab909-eb8f-4baf-9eed-7a4cc889cb7c,7A:9B:8A:E7:A2:DE,,-89,1761092020155
28909,1761092031202.0,0adab909-eb8f-4baf-9eed-7a4cc889cb7c,69:CF:19:4B:64:A5,,-68,1761092020155
28910,1761092552906.0,0adab909-eb8f-4baf-9eed-7a4cc889cb7c,65:3B:15:88:DB:70,,-73,1761092552113
28911,1761092555446.0,0adab909-eb8f-4baf-9eed-7a4cc889cb7c,7A:9B:8A:E7:A2:DE,,-90,1761092552113
28912,1761092556495.0,0adab909-eb8f-4baf-9eed-7a4cc889cb7c,FF:10:10:AE:A7:64,Sunset lights,-81,1761092552113
28913,1761093152559.0,0adab909-eb8f-4baf-9eed-7a4cc889cb7c,FF:10:10:AE:A7:64,Sunset lights,-81,1761093152158
28914,1761093153586.0,0adab909-eb8f-4baf-9eed-7a4cc889cb7c,B0:38:E2:5F:14:6E,,-92,1761093152158
28915,1761093157052.0,0adab909-eb8f-4baf-9eed-7a4cc889cb7c,65:3B:15:88:DB:70,,-85,1761093152158
28916,1761093752382.0,0adab909-eb8f-4baf-9eed-7a4cc889cb7c,5B:92:4D:D6:13:95,,-80,1761093752378
28917,1761093752556.0,0adab909-eb8f-4baf-9eed-7a4cc889cb7c,FF:10:10:AE:A7:64,Sunset lights,-84,1761093752378
28918,1761093759267.0,0adab909-eb8f-4baf-9eed-7a4cc889cb7c,77:6A:9B:A8:78:B7,,-70,1761093752378
28919,1761094352689.0,0adab909-eb8f-4baf-9eed-7a4cc889cb7c,FF:10:10:AE:A7:64,Sunset lights,-85,1761094352686
28920,1761094352703.0,0adab909-eb8f-4baf-9eed-7a4cc889cb7c,5B:92:4D:D6:13:95,,-87,1761094352686
28921,1761094353024.0,0adab909-eb8f-4baf-9eed-7a4cc889cb7c,77:6A:9B:A8:78:B7,,-70,1761094352686
28922,1761094356123.0,0adab909-eb8f-4baf-9eed-7a4cc889cb7c,66:84:71:A0:41:7C,,-89,1761094352686
28923,1761094885433.0,0adab909-eb8f-4baf-9eed-7a4cc889cb7c,FF:10:10:AE:A7:64,Sunset lights,-81,1761094884092
28924,1761094887389.0,0adab909-eb8f-4baf-9eed-7a4cc889cb7c,63:E4:E0:F5:C8:25,,-82,1761094884092
28925,1761094893796.0,0adab909-eb8f-4baf-9eed-7a4cc889cb7c,70:09:87:92:34:2B,,-71,1761094884092
28926,1761095486116.0,0adab909-eb8f-4baf-9eed-7a4cc889cb7c,FF:10:10:AE:A7:64,Sunset lights,-80,1761095485088
28927,1761095486556.0,0adab909-eb8f-4baf-9eed-7a4cc889cb7c,7D:88:85:A8:D3:01,,-89,1761095485088
28928,1761095487434.0,0adab909-eb8f-4baf-9eed-7a4cc889cb7c,63:E4:E0:F5:C8:25,,-87,1761095485088
28929,1761095492529.0,0adab909-eb8f-4baf-9eed-7a4cc889cb7c,70:09:87:92:34:2B,,-73,1761095485088
28930,1761096084181.0,0adab909-eb8f-4baf-9eed-7a4cc889cb7c,FF:10:10:AE:A7:64,Sunset lights,-82,1761096084077
28931,1761096084455.0,0adab909-eb8f-4baf-9eed-7a4cc889cb7c,70:AB:91:7A:28:1A,,-85,1761096084077
28932,1761096088420.0,0adab909-eb8f-4baf-9eed-7a4cc889cb7c,66:7C:EA:37:D7:4D,,-70,1761096084077
28933,1761096089618.0,0adab909-eb8f-4baf-9eed-7a4cc889cb7c,7D:88:85:A8:D3:01,,-94,1761096084077
28934,1761096916452.0,0adab909-eb8f-4baf-9eed-7a4cc889cb7c,FF:10:10:AE:A7:64,Sunset lights,-79,1761096916056
28935,1761096916779.0,0adab909-eb8f-4baf-9eed-7a4cc889cb7c,48:24:13:13:5F:46,,-94,1761096916056
28936,1761096917479.0,0adab909-eb8f-4baf-9eed-7a4cc889cb7c,6A:8D:7E:F0:1F:4A,,-90,1761096916056
28937,1761096917758.0,0adab909-eb8f-4baf-9eed-7a4cc889cb7c,70:AB:91:7A:28:1A,,-72,1761096916056
28938,1761096928661.0,0adab909-eb8f-4baf-9eed-7a4cc889cb7c,66:7C:EA:37:D7:4D,,-76,1761096916056
28939,1761097516099.0,0adab909-eb8f-4baf-9eed-7a4cc889cb7c,65:18:04:B7:5B:09,,-84,1761097516049
28940,1761097516425.0,0adab909-eb8f-4baf-9eed-7a4cc889cb7c,FF:10:10:AE:A7:64,Sunset lights,-79,1761097516049
28941,1761097525554.0,0adab909-eb8f-4baf-9eed-7a4cc889cb7c,51:04:8A:89:54:8C,,-89,1761097516049
28942,1761098116474.0,0adab909-eb8f-4baf-9eed-7a4cc889cb7c,FF:10:10:AE:A7:64,Sunset lights,-79,1761098116049
28943,1761098119097.0,0adab909-eb8f-4baf-9eed-7a4cc889cb7c,51:04:8A:89:54:8C,,-88,1761098116049
28944,1761098120362.0,0adab909-eb8f-4baf-9eed-7a4cc889cb7c,65:18:04:B7:5B:09,,-84,1761098116049
28945,1761098648488.0,0adab909-eb8f-4baf-9eed-7a4cc889cb7c,FF:10:10:AE:A7:64,Sunset lights,-79,1761098648058
28946,1761098648507.0,0adab909-eb8f-4baf-9eed-7a4cc889cb7c,65:18:04:B7:5B:09,,-84,1761098648058
28947,1761098649519.0,0adab909-eb8f-4baf-9eed-7a4cc889cb7c,50:AC:B5:6F:35:D0,,-70,1761098648058
28948,1761099248506.0,0adab909-eb8f-4baf-9eed-7a4cc889cb7c,FF:10:10:AE:A7:64,Sunset lights,-79,1761099248326
28949,1761099251102.0,0adab909-eb8f-4baf-9eed-7a4cc889cb7c,6A:38:58:98:85:7F,,-84,1761099248326
28950,1761099255266.0,0adab909-eb8f-4baf-9eed-7a4cc889cb7c,50:AC:B5:6F:35:D0,,-69,1761099248326
28951,1761099848466.0,0adab909-eb8f-4baf-9eed-7a4cc889cb7c,FF:10:10:AE:A7:64,Sunset lights,-79,1761099848275
28952,1761099855217.0,0adab909-eb8f-4baf-9eed-7a4cc889cb7c,59:DA:14:17:4D:03,,-90,1761099848275
28953,1761099857461.0,0adab909-eb8f-4baf-9eed-7a4cc889cb7c,6A:38:58:98:85:7F,,-72,1761099848275
28954,1761099858147.0,0adab909-eb8f-4baf-9eed-7a4cc889cb7c,7E:E4:24:35:87:2A,,-69,1761099848275
28955,1761100448624.0,0adab909-eb8f-4baf-9eed-7a4cc889cb7c,74:E2:DB:EA:11:61,,-89,1761100448064
28956,1761100448640.0,0adab909-eb8f-4baf-9eed-7a4cc889cb7c,79:9F:50:FA:8C:23,,-84,1761100448064
28957,1761100449366.0,0adab909-eb8f-4baf-9eed-7a4cc889cb7c,FF:10:10:AE:A7:64,Sunset lights,-79,1761100448064
28958,1761100457086.0,0adab909-eb8f-4baf-9eed-7a4cc889cb7c,7E:E4:24:35:87:2A,,-72,1761100448064
28959,1761100980741.0,0adab909-eb8f-4baf-9eed-7a4cc889cb7c,FF:10:10:AE:A7:64,Sunset lights,-82,1761100980037
28960,1761100988169.0,0adab909-eb8f-4baf-9eed-7a4cc889cb7c,79:9F:50:FA:8C:23,,-82,1761100980037
28961,1761100990043.0,0adab909-eb8f-4baf-9eed-7a4cc889cb7c,74:E2:DB:EA:11:61,,-90,1761100980037
28962,1761100992647.0,0adab909-eb8f-4baf-9eed-7a4cc889cb7c,65:C7:8A:C1:9F:9A,,-76,1761100980037
28963,1761101580467.0,0adab909-eb8f-4baf-9eed-7a4cc889cb7c,FF:10:10:AE:A7:64,Sunset lights,-82,1761101580010
28964,1761101586798.0,0adab909-eb8f-4baf-9eed-7a4cc889cb7c,41:3F:62:80:B9:A1,,-82,1761101580010
28965,1761102181371.0,0adab909-eb8f-4baf-9eed-7a4cc889cb7c,41:3F:62:80:B9:A1,,-82,1761102180034
28966,1761102181389.0,0adab909-eb8f-4baf-9eed-7a4cc889cb7c,FF:10:10:AE:A7:64,Sunset lights,-82,1761102180034
28967,1761102712436.0,0adab909-eb8f-4baf-9eed-7a4cc889cb7c,FF:10:10:AE:A7:64,Sunset lights,-82,1761102712024
28968,1761102712755.0,0adab909-eb8f-4baf-9eed-7a4cc889cb7c,41:76:98:2E:4B:1E,,-78,1761102712024
28969,1761102712793.0,0adab909-eb8f-4baf-9eed-7a4cc889cb7c,7A:AA:1F:42:CC:C2,,-91,1761102712024
28970,1761102714078.0,0adab909-eb8f-4baf-9eed-7a4cc889cb7c,41:3F:62:80:B9:A1,,-85,1761102712024
28971,1761102715649.0,0adab909-eb8f-4baf-9eed-7a4cc889cb7c,7B:07:D2:71:A0:F7,,-70,1761102712024
28972,1761103312789.0,0adab909-eb8f-4baf-9eed-7a4cc889cb7c,FF:10:10:AE:A7:64,Sunset lights,-84,1761103312226
28973,1761103313456.0,0adab909-eb8f-4baf-9eed-7a4cc889cb7c,41:76:98:2E:4B:1E,,-75,1761103312226
28974,1761103315369.0,0adab909-eb8f-4baf-9eed-7a4cc889cb7c,41:33:36:46:D6:08,,-80,1761103312226
28975,1761103913468.0,0adab909-eb8f-4baf-9eed-7a4cc889cb7c,FF:10:10:AE:A7:64,Sunset lights,-85,1761103912245
28976,1761103913697.0,0adab909-eb8f-4baf-9eed-7a4cc889cb7c,41:33:36:46:D6:08,,-71,1761103912245
28977,1761103916000.0,0adab909-eb8f-4baf-9eed-7a4cc889cb7c,7B:07:D2:71:A0:F7,,-71,1761103912245
28978,1761104512630.0,0adab909-eb8f-4baf-9eed-7a4cc889cb7c,6A:9D:06:45:18:8F,,-79,1761104512626
28979,1761104512925.0,0adab909-eb8f-4baf-9eed-7a4cc889cb7c,FF:10:10:AE:A7:64,Sunset lights,-82,1761104512626
28980,1761104513077.0,0adab909-eb8f-4baf-9eed-7a4cc889cb7c,49:75:74:D9:64:49,,-73,1761104512626
28981,1761104513440.0,0adab909-eb8f-4baf-9eed-7a4cc889cb7c,65:1A:BC:49:E1:D5,,-75,1761104512626
28982,1761104516911.0,0adab909-eb8f-4baf-9eed-7a4cc889cb7c,66:5C:70:77:83:B6,,-87,1761104512626
28983,1761104521762.0,0adab909-eb8f-4baf-9eed-7a4cc889cb7c,6B:05:CD:53:B7:65,,-89,1761104512626
28984,1761105044019.0,0adab909-eb8f-4baf-9eed-7a4cc889cb7c,FF:10:10:AE:A7:64,Sunset lights,-81,1761105043992
28985,1761105044401.0,0adab909-eb8f-4baf-9eed-7a4cc889cb7c,6A:9D:06:45:18:8F,,-82,1761105043992
28986,1761105044422.0,0adab909-eb8f-4baf-9eed-7a4cc889cb7c,6B:05:CD:53:B7:65,,-82,1761105043992
28987,1761105045042.0,0adab909-eb8f-4baf-9eed-7a4cc889cb7c,65:1A:BC:49:E1:D5,,-82,1761105043992
28988,1761105045751.0,0adab909-eb8f-4baf-9eed-7a4cc889cb7c,49:75:74:D9:64:49,,-84,1761105043992
28989,1761105050831.0,0adab909-eb8f-4baf-9eed-7a4cc889cb7c,66:5C:70:77:83:B6,,-89,1761105043992
28990,1761105644044.0,0adab909-eb8f-4baf-9eed-7a4cc889cb7c,65:0A:20:00:AB:05,,-83,1761105643977
28991,1761105644071.0,0adab909-eb8f-4baf-9eed-7a4cc889cb7c,6B:05:CD:53:B7:65,,-84,1761105643977
28992,1761105644387.0,0adab909-eb8f-4baf-9eed-7a4cc889cb7c,FF:10:10:AE:A7:64,Sunset lights,-80,1761105643977
28993,1761105644755.0,0adab909-eb8f-4baf-9eed-7a4cc889cb7c,66:5C:70:77:83:B6,,-79,1761105643977
28994,1761105648959.0,0adab909-eb8f-4baf-9eed-7a4cc889cb7c,6B:0A:75:65:51:4A,,-70,1761105643977
28995,1761106245044.0,0adab909-eb8f-4baf-9eed-7a4cc889cb7c,7E:A3:4B:55:8E:CC,,-91,1761106243987
28996,1761106247688.0,0adab909-eb8f-4baf-9eed-7a4cc889cb7c,FF:10:10:AE:A7:64,Sunset lights,-87,1761106243987
28997,1761106253043.0,0adab909-eb8f-4baf-9eed-7a4cc889cb7c,6B:08:19:BF:40:13,,-83,1761106243987
28998,1761107075211.0,0adab909-eb8f-4baf-9eed-7a4cc889cb7c,FF:10:10:AE:A7:64,Sunset lights,-80,1761107074782
28999,1761107075836.0,0adab909-eb8f-4baf-9eed-7a4cc889cb7c,6B:08:19:BF:40:13,,-84,1761107074782
29000,1761107086752.0,0adab909-eb8f-4baf-9eed-7a4cc889cb7c,52:1B:DB:6E:BA:EF,,-93,1761107074782
29001,1761107675044.0,0adab909-eb8f-4baf-9eed-7a4cc889cb7c,52:FC:81:98:0C:F3,,-82,1761107674972
29002,1761107677979.0,0adab909-eb8f-4baf-9eed-7a4cc889cb7c,FF:10:10:AE:A7:64,Sunset lights,-79,1761107674972
29003,1761108275998.0,0adab909-eb8f-4baf-9eed-7a4cc889cb7c,FF:10:10:AE:A7:64,Sunset lights,-82,1761108275960
29004,1761108276013.0,0adab909-eb8f-4baf-9eed-7a4cc889cb7c,52:FC:81:98:0C:F3,,-84,1761108275960
29005,1761108869954.0,0adab909-eb8f-4baf-9eed-7a4cc889cb7c,52:FC:81:98:0C:F3,,-84,1761108869938
29006,1761108871348.0,0adab909-eb8f-4baf-9eed-7a4cc889cb7c,FF:10:10:AE:A7:64,Sunset lights,-79,1761108869938
29007,1761109470310.0,0adab909-eb8f-4baf-9eed-7a4cc889cb7c,FF:10:10:AE:A7:64,Sunset lights,-83,1761109469950
29008,1761109470334.0,0adab909-eb8f-4baf-9eed-7a4cc889cb7c,49:0E:64:F5:60:85,,-93,1761109469950
29009,1761109474229.0,0adab909-eb8f-4baf-9eed-7a4cc889cb7c,69:62:92:55:1D:5B,,-78,1761109469950
29010,1761109475153.0,0adab909-eb8f-4baf-9eed-7a4cc889cb7c,52:81:DD:72:6C:E5,,-89,1761109469950
29011,1761110071439.0,0adab909-eb8f-4baf-9eed-7a4cc889cb7c,69:62:92:55:1D:5B,,-78,1761110071202
29012,1761110073033.0,0adab909-eb8f-4baf-9eed-7a4cc889cb7c,FF:10:10:AE:A7:64,Sunset lights,-82,1761110071202
29013,1761110081930.0,0adab909-eb8f-4baf-9eed-7a4cc889cb7c,49:0E:64:F5:60:85,,-92,1761110071202
29014,1761110603005.0,0adab909-eb8f-4baf-9eed-7a4cc889cb7c,5C:44:F0:29:02:DD,,-89,1761110602955
29015,1761110603379.0,0adab909-eb8f-4baf-9eed-7a4cc889cb7c,FF:10:10:AE:A7:64,Sunset lights,-83,1761110602955
29016,1761110604331.0,0adab909-eb8f-4baf-9eed-7a4cc889cb7c,40:12:AA:83:03:76,,-88,1761110602955
29017,1761110604346.0,0adab909-eb8f-4baf-9eed-7a4cc889cb7c,52:B7:D9:A2:7F:0D,JBL LIVE660NC-LE,-93,1761110602955
29018,1761110608191.0,0adab909-eb8f-4baf-9eed-7a4cc889cb7c,4A:8B:EC:54:5A:D6,,-90,1761110602955
29019,1761110608205.0,0adab909-eb8f-4baf-9eed-7a4cc889cb7c,57:38:DD:65:E2:8F,,-82,1761110602955
29020,1761110613008.0,0adab909-eb8f-4baf-9eed-7a4cc889cb7c,61:8E:20:24:F4:4F,,-92,1761110602955
29021,1761111062341.0,0adab909-eb8f-4baf-9eed-7a4cc889cb7c,57:38:DD:65:E2:8F,,-78,1761111060941
29022,1761111062362.0,0adab909-eb8f-4baf-9eed-7a4cc889cb7c,FF:10:10:AE:A7:64,Sunset lights,-88,1761111060941
29023,1761111063281.0,0adab909-eb8f-4baf-9eed-7a4cc889cb7c,5B:53:50:F0:08:8F,,-94,1761111060941
29024,1761111063319.0,0adab909-eb8f-4baf-9eed-7a4cc889cb7c,4A:8B:EC:54:5A:D6,,-94,1761111060941
29025,1761111803030.0,0adab909-eb8f-4baf-9eed-7a4cc889cb7c,FF:10:10:AE:A7:64,Sunset lights,-86,1761111802940
29026,1761111804076.0,0adab909-eb8f-4baf-9eed-7a4cc889cb7c,57:38:DD:65:E2:8F,,-83,1761111802940
29027,1761111804391.0,0adab909-eb8f-4baf-9eed-7a4cc889cb7c,7D:0A:27:EF:A8:3B,,-94,1761111802940
29028,1761112396298.0,0adab909-eb8f-4baf-9eed-7a4cc889cb7c,FF:10:10:AE:A7:64,Sunset lights,-80,1761112395929
29029,1761112402491.0,0adab909-eb8f-4baf-9eed-7a4cc889cb7c,45:FF:76:68:86:83,,-79,1761112395929
29030,1761112995289.0,0adab909-eb8f-4baf-9eed-7a4cc889cb7c,FF:10:10:AE:A7:64,Sunset lights,-79,1761112994922
29031,1761112996696.0,0adab909-eb8f-4baf-9eed-7a4cc889cb7c,45:FF:76:68:86:83,,-79,1761112994922
29032,1761113596377.0,0adab909-eb8f-4baf-9eed-7a4cc889cb7c,FF:10:10:AE:A7:64,Sunset lights,-84,1761113595921
29033,1761113596682.0,0adab909-eb8f-4baf-9eed-7a4cc889cb7c,62:FB:BD:11:11:E2,,-83,1761113595921
29034,1761114195527.0,0adab909-eb8f-4baf-9eed-7a4cc889cb7c,62:FB:BD:11:11:E2,,-84,1761114194961
29035,1761114195543.0,0adab909-eb8f-4baf-9eed-7a4cc889cb7c,FF:10:10:AE:A7:64,Sunset lights,-79,1761114194961
29036,1761114727309.0,0adab909-eb8f-4baf-9eed-7a4cc889cb7c,6D:9B:B8:60:C3:E0,,-81,1761114726902
29037,1761114727329.0,0adab909-eb8f-4baf-9eed-7a4cc889cb7c,FF:10:10:AE:A7:64,Sunset lights,-80,1761114726902
29038,1761114731509.0,0adab909-eb8f-4baf-9eed-7a4cc889cb7c,61:80:26:60:1F:DA,,-80,1761114726902
29039,1761114733098.0,0adab909-eb8f-4baf-9eed-7a4cc889cb7c,44:CD:66:63:15:9A,,-92,1761114726902
29040,1761115327112.0,0adab909-eb8f-4baf-9eed-7a4cc889cb7c,43:77:EE:0E:26:1E,,-86,1761115326916
29041,1761115327126.0,0adab909-eb8f-4baf-9eed-7a4cc889cb7c,FF:10:10:AE:A7:64,Sunset lights,-90,1761115326916
29042,1761115328930.0,0adab909-eb8f-4baf-9eed-7a4cc889cb7c,61:80:26:60:1F:DA,,-85,1761115326916
29043,1761115333085.0,0adab909-eb8f-4baf-9eed-7a4cc889cb7c,44:CD:66:63:15:9A,,-92,1761115326916
29044,1761115928023.0,0adab909-eb8f-4baf-9eed-7a4cc889cb7c,62:A5:0C:E8:2F:08,,-85,1761115927203
29045,1761115928279.0,0adab909-eb8f-4baf-9eed-7a4cc889cb7c,7C:C7:CD:28:09:6D,,-92,1761115927203
29046,1761115928294.0,0adab909-eb8f-4baf-9eed-7a4cc889cb7c,FF:10:10:AE:A7:64,Sunset lights,-80,1761115927203
29047,1761115928638.0,0adab909-eb8f-4baf-9eed-7a4cc889cb7c,4F:2E:C2:83:DC:80,,-83,1761115927203
29048,1761115929908.0,0adab909-eb8f-4baf-9eed-7a4cc889cb7c,1B:C8:A4:46:36:7A,,-94,1761115927203
29049,1761115929927.0,0adab909-eb8f-4baf-9eed-7a4cc889cb7c,67:32:1C:6B:3C:02,,-87,1761115927203
29050,1761115939465.0,0adab909-eb8f-4baf-9eed-7a4cc889cb7c,40:2C:74:40:8C:E8,,-89,1761115927203
29051,1761116462310.0,0adab909-eb8f-4baf-9eed-7a4cc889cb7c,4F:2E:C2:83:DC:80,,-79,1761116460883
29052,1761116464172.0,0adab909-eb8f-4baf-9eed-7a4cc889cb7c,FF:10:10:AE:A7:64,Sunset lights,-78,1761116460883
29053,1761117044238.0,0adab909-eb8f-4baf-9eed-7a4cc889cb7c,FF:10:10:AE:A7:64,Sunset lights,-82,1761117043516
29054,1761117045220.0,0adab909-eb8f-4baf-9eed-7a4cc889cb7c,40:3A:AA:52:54:E4,,-91,1761117043516
29055,1761117045894.0,0adab909-eb8f-4baf-9eed-7a4cc889cb7c,6B:1F:99:26:3B:B5,,-80,1761117043516
29056,1761117046505.0,0adab909-eb8f-4baf-9eed-7a4cc889cb7c,7E:16:00:D0:C7:EC,,-89,1761117043516
29057,1761117056397.0,0adab909-eb8f-4baf-9eed-7a4cc889cb7c,FF:10:10:AE:A7:64,Sunset lights,-76,1761117043516
29058,1761117057466.0,0adab909-eb8f-4baf-9eed-7a4cc889cb7c,EA:3A:A3:2F:4B:A4,,-75,1761117043516
29059,1761117057574.0,0adab909-eb8f-4baf-9eed-7a4cc889cb7c,45:DB:D9:40:3A:50,,-95,1761117043516
29060,1761117057617.0,0adab909-eb8f-4baf-9eed-7a4cc889cb7c,6B:1F:99:26:3B:B5,,-80,1761117043516
29061,1761117859311.0,0adab909-eb8f-4baf-9eed-7a4cc889cb7c,C3:F5:7F:8B:F1:7D,Hue Lamp,-92,1761117850571
29062,1761117860625.0,0adab909-eb8f-4baf-9eed-7a4cc889cb7c,7A:61:A9:21:78:36,,-94,1761117850571
29063,1761117863465.0,0adab909-eb8f-4baf-9eed-7a4cc889cb7c,2D:D0:D1:41:5D:BD,,-73,1761117850571
29064,1761117863495.0,0adab909-eb8f-4baf-9eed-7a4cc889cb7c,F4:FE:FB:45:44:C9,,-80,1761117850571
29065,1761117864432.0,0adab909-eb8f-4baf-9eed-7a4cc889cb7c,C3:F5:7F:8B:F1:7D,Hue Lamp,-88,1761117850571
29066,1761117864483.0,0adab909-eb8f-4baf-9eed-7a4cc889cb7c,D2:BD:29:36:31:B4,,-69,1761117850571
29067,1761118242280.0,0adab909-eb8f-4baf-9eed-7a4cc889cb7c,C3:F5:7F:8B:F1:7D,Hue Lamp,-84,1761118241593
29068,1761118254498.0,0adab909-eb8f-4baf-9eed-7a4cc889cb7c,2D:D0:D1:41:5D:BD,,-71,1761118241593
29069,1761118255537.0,0adab909-eb8f-4baf-9eed-7a4cc889cb7c,C3:F5:7F:8B:F1:7D,Hue Lamp,-87,1761118241593
29070,1761118255665.0,0adab909-eb8f-4baf-9eed-7a4cc889cb7c,C5:97:4A:24:46:9A,,-85,1761118241593
29071,1761118256479.0,0adab909-eb8f-4baf-9eed-7a4cc889cb7c,F4:FE:FB:45:44:C9,,-75,1761118241593
29072,1761118860137.0,0adab909-eb8f-4baf-9eed-7a4cc889cb7c,FF:10:10:AE:A7:64,Sunset lights,-89,1761118860037
29073,1761118860838.0,0adab909-eb8f-4baf-9eed-7a4cc889cb7c,41:36:B5:47:16:0F,,-91,1761118860037
29074,1761118860864.0,0adab909-eb8f-4baf-9eed-7a4cc889cb7c,65:6F:2B:D0:9F:15,,-86,1761118860037
29075,1761118861761.0,0adab909-eb8f-4baf-9eed-7a4cc889cb7c,79:1E:46:63:20:EF,,-82,1761118860037
29076,1761118862025.0,0adab909-eb8f-4baf-9eed-7a4cc889cb7c,4A:B0:1B:32:E0:9F,,-93,1761118860037
29077,1761118863998.0,0adab909-eb8f-4baf-9eed-7a4cc889cb7c,41:B0:C3:4B:15:DE,,-90,1761118860037
29078,1761118869728.0,0adab909-eb8f-4baf-9eed-7a4cc889cb7c,69:70:CC:1D:05:29,,-94,1761118860037
29079,1761118869772.0,0adab909-eb8f-4baf-9eed-7a4cc889cb7c,40:1D:55:52:1E:17,,-91,1761118860037
29080,1761118872283.0,0adab909-eb8f-4baf-9eed-7a4cc889cb7c,50:02:05:88:66:35,,-94,1761118860037
29081,1761118872575.0,0adab909-eb8f-4baf-9eed-7a4cc889cb7c,77:47:6F:30:9E:A1,,-83,1761118860037
29082,1761118873063.0,0adab909-eb8f-4baf-9eed-7a4cc889cb7c,F9:C7:A9:10:78:41,,-90,1761118860037
29083,1761118874026.0,0adab909-eb8f-4baf-9eed-7a4cc889cb7c,FF:10:10:AE:A7:64,Sunset lights,-79,1761118860037
29084,1761119452876.0,0adab909-eb8f-4baf-9eed-7a4cc889cb7c,55:51:68:81:25:E6,,-89,1761119452435
29085,1761119453140.0,0adab909-eb8f-4baf-9eed-7a4cc889cb7c,FF:10:10:AE:A7:64,Sunset lights,-85,1761119452435
29086,1761119454186.0,0adab909-eb8f-4baf-9eed-7a4cc889cb7c,56:4A:D2:CB:62:C0,,-84,1761119452435
29087,1761119455451.0,0adab909-eb8f-4baf-9eed-7a4cc889cb7c,7A:C8:B5:FA:DF:77,,-87,1761119452435
29088,1761119462518.0,0adab909-eb8f-4baf-9eed-7a4cc889cb7c,1A:FA:95:46:E3:90,,-93,1761119452435
29089,1761119466419.0,0adab909-eb8f-4baf-9eed-7a4cc889cb7c,FF:10:10:AE:A7:64,Sunset lights,-91,1761119452435
29090,1761119467476.0,0adab909-eb8f-4baf-9eed-7a4cc889cb7c,55:51:68:81:25:E6,,-76,1761119452435
29091,1761120231194.0,0adab909-eb8f-4baf-9eed-7a4cc889cb7c,55:51:68:81:25:E6,,-78,1761120231126
29092,1761120231883.0,0adab909-eb8f-4baf-9eed-7a4cc889cb7c,56:4A:D2:CB:62:C0,,-83,1761120231126
29093,1761120232189.0,0adab909-eb8f-4baf-9eed-7a4cc889cb7c,3D:9C:3D:2C:C1:D5,,-94,1761120231126
29094,1761120233423.0,0adab909-eb8f-4baf-9eed-7a4cc889cb7c,FF:10:10:AE:A7:64,Sunset lights,-85,1761120231126
29095,1761120233789.0,0adab909-eb8f-4baf-9eed-7a4cc889cb7c,47:EE:33:8E:5E:4A,,-89,1761120231126
29096,1761120244150.0,0adab909-eb8f-4baf-9eed-7a4cc889cb7c,55:51:68:81:25:E6,,-73,1761120231126
29097,1761120245108.0,0adab909-eb8f-4baf-9eed-7a4cc889cb7c,56:4A:D2:CB:62:C0,,-84,1761120231126
29098,1761120245135.0,0adab909-eb8f-4baf-9eed-7a4cc889cb7c,3D:9C:3D:2C:C1:D5,,-91,1761120231126
29099,1761120245173.0,0adab909-eb8f-4baf-9eed-7a4cc889cb7c,06:CD:18:E5:8C:AB,,-92,1761120231126
29100,1761120246097.0,0adab909-eb8f-4baf-9eed-7a4cc889cb7c,FF:10:10:AE:A7:64,Sunset lights,-88,1761120231126
29101,1761120246249.0,0adab909-eb8f-4baf-9eed-7a4cc889cb7c,F6:B0:4B:99:A6:B3,,-83,1761120231126
29102,1761120832976.0,0adab909-eb8f-4baf-9eed-7a4cc889cb7c,FF:10:10:AE:A7:64,Sunset lights,-79,1761120832857
29103,1761120833633.0,0adab909-eb8f-4baf-9eed-7a4cc889cb7c,70:06:96:E4:08:6D,,-95,1761120832857
29104,1761120834219.0,0adab909-eb8f-4baf-9eed-7a4cc889cb7c,6C:94:3C:A8:06:35,,-91,1761120832857
29105,1761120834885.0,0adab909-eb8f-4baf-9eed-7a4cc889cb7c,60:8E:56:43:FC:5F,,-85,1761120832857
29106,1761120836757.0,0adab909-eb8f-4baf-9eed-7a4cc889cb7c,02:CC:E1:0A:51:93,,-91,1761120832857
29107,1761120837131.0,0adab909-eb8f-4baf-9eed-7a4cc889cb7c,5C:45:8B:6B:7A:E7,,-78,1761120832857
29108,1761121387968.0,0adab909-eb8f-4baf-9eed-7a4cc889cb7c,41:CB:BB:29:12:BF,,-89,1761121387870
29109,1761121387988.0,0adab909-eb8f-4baf-9eed-7a4cc889cb7c,FF:10:10:AE:A7:64,Sunset lights,-78,1761121387870
29110,1761121388599.0,0adab909-eb8f-4baf-9eed-7a4cc889cb7c,60:8E:56:43:FC:5F,,-88,1761121387870
29111,1761121392165.0,0adab909-eb8f-4baf-9eed-7a4cc889cb7c,70:06:96:E4:08:6D,,-91,1761121387870
29112,1761121395639.0,0adab909-eb8f-4baf-9eed-7a4cc889cb7c,00:E1:F5:75:EC:76,,-90,1761121387870
29113,1761122039022.0,0adab909-eb8f-4baf-9eed-7a4cc889cb7c,70:FF:AF:4B:2E:3D,,-88,1761122038912
29114,1761122039360.0,0adab909-eb8f-4baf-9eed-7a4cc889cb7c,FF:10:10:AE:A7:64,Sunset lights,-77,1761122038912
29115,1761122039387.0,0adab909-eb8f-4baf-9eed-7a4cc889cb7c,41:CB:BB:29:12:BF,,-77,1761122038912
29116,1761122040274.0,0adab909-eb8f-4baf-9eed-7a4cc889cb7c,5C:11:2C:1E:D6:EC,,-91,1761122038912
29117,1761122638932.0,0adab909-eb8f-4baf-9eed-7a4cc889cb7c,FF:10:10:AE:A7:64,Sunset lights,-77,1761122638876
29118,1761122639539.0,0adab909-eb8f-4baf-9eed-7a4cc889cb7c,5C:11:2C:1E:D6:EC,,-92,1761122638876
29119,1761122639561.0,0adab909-eb8f-4baf-9eed-7a4cc889cb7c,70:FF:AF:4B:2E:3D,,-84,1761122638876
29120,1761122639941.0,0adab909-eb8f-4baf-9eed-7a4cc889cb7c,67:9D:1F:D2:BB:9D,,-75,1761122638876
29121,1761122647920.0,0adab909-eb8f-4baf-9eed-7a4cc889cb7c,48:5D:7B:74:4C:97,,-90,1761122638876
29122,1761123237685.0,0adab909-eb8f-4baf-9eed-7a4cc889cb7c,67:9D:1F:D2:BB:9D,,-91,1761123237553
29123,1761123237938.0,0adab909-eb8f-4baf-9eed-7a4cc889cb7c,FF:10:10:AE:A7:64,Sunset lights,-84,1761123237553
29124,1761123250599.0,0adab909-eb8f-4baf-9eed-7a4cc889cb7c,FF:10:10:AE:A7:64,Sunset lights,-83,1761123237553
29125,1761123252609.0,0adab909-eb8f-4baf-9eed-7a4cc889cb7c,6A:D6:50:FA:55:C8,,-92,1761123237553
29126,1761123252634.0,0adab909-eb8f-4baf-9eed-7a4cc889cb7c,CB:D6:A2:6B:C6:68,,-89,1761123237553
29127,1761123252657.0,0adab909-eb8f-4baf-9eed-7a4cc889cb7c,F6:0F:E3:31:48:CA,,-87,1761123237553
29128,1761123831120.0,0adab909-eb8f-4baf-9eed-7a4cc889cb7c,55:66:2A:BB:3C:40,,-85,1761123830735
29129,1761123833091.0,0adab909-eb8f-4baf-9eed-7a4cc889cb7c,FF:10:10:AE:A7:64,Sunset lights,-90,1761123830735
29130,1761123836887.0,0adab909-eb8f-4baf-9eed-7a4cc889cb7c,6A:D6:50:FA:55:C8,,-94,1761123830735
29131,1761123843777.0,0adab909-eb8f-4baf-9eed-7a4cc889cb7c,F4:FE:FB:45:44:C9,,-90,1761123830735
29132,1761123844097.0,0adab909-eb8f-4baf-9eed-7a4cc889cb7c,24:7B:69:9E:AD:3D,,-81,1761123830735
29133,1761123844244.0,0adab909-eb8f-4baf-9eed-7a4cc889cb7c,CB:A6:D9:2C:3B:0A,,-87,1761123830735
29134,1761123845440.0,0adab909-eb8f-4baf-9eed-7a4cc889cb7c,55:66:2A:BB:3C:40,,-88,1761123830735
29135,1761124264480.0,0adab909-eb8f-4baf-9eed-7a4cc889cb7c,55:66:2A:BB:3C:40,,-71,1761124262826
29136,1761124265131.0,0adab909-eb8f-4baf-9eed-7a4cc889cb7c,62:E7:0E:5A:A4:B2,,-92,1761124262826
29137,1761124265850.0,0adab909-eb8f-4baf-9eed-7a4cc889cb7c,FF:10:10:AE:A7:64,Sunset lights,-80,1761124262826
29138,1761124266791.0,0adab909-eb8f-4baf-9eed-7a4cc889cb7c,44:0A:CA:07:F5:BA,,-87,1761124262826
29139,1761124275718.0,0adab909-eb8f-4baf-9eed-7a4cc889cb7c,24:7B:69:9E:AD:3D,,-87,1761124262826
29140,1761124275913.0,0adab909-eb8f-4baf-9eed-7a4cc889cb7c,CB:A6:D9:2C:3B:0A,,-71,1761124262826
29141,1761124275943.0,0adab909-eb8f-4baf-9eed-7a4cc889cb7c,62:E7:0E:5A:A4:B2,,-91,1761124262826
29142,1761124277248.0,0adab909-eb8f-4baf-9eed-7a4cc889cb7c,44:0A:CA:07:F5:BA,,-88,1761124262826
29143,1761124277411.0,0adab909-eb8f-4baf-9eed-7a4cc889cb7c,FF:10:10:AE:A7:64,Sunset lights,-86,1761124262826
29144,1761124832090.0,0adab909-eb8f-4baf-9eed-7a4cc889cb7c,FF:10:10:AE:A7:64,Sunset lights,-89,1761124831639
29145,1761124833691.0,0adab909-eb8f-4baf-9eed-7a4cc889cb7c,50:AD:2F:15:65:52,,-78,1761124831639
29146,1761124844540.0,0adab909-eb8f-4baf-9eed-7a4cc889cb7c,FB:ED:60:5A:5A:9E,,-90,1761124831639
29147,1761124844975.0,0adab909-eb8f-4baf-9eed-7a4cc889cb7c,2B:5C:94:EF:F9:F0,,-84,1761124831639
29148,1761124845132.0,0adab909-eb8f-4baf-9eed-7a4cc889cb7c,F4:FE:FB:45:44:C9,,-91,1761124831639
29149,1761124846959.0,0adab909-eb8f-4baf-9eed-7a4cc889cb7c,FF:10:10:AE:A7:64,Sunset lights,-86,1761124831639
29150,1761125496865.0,0adab909-eb8f-4baf-9eed-7a4cc889cb7c,FF:10:10:AE:A7:64,Sunset lights,-82,1761125491658
29151,1761125505449.0,0adab909-eb8f-4baf-9eed-7a4cc889cb7c,0C:86:02:41:A3:C5,,-84,1761125491658
29152,1761125506502.0,0adab909-eb8f-4baf-9eed-7a4cc889cb7c,F4:FE:FB:45:44:C9,,-94,1761125491658
29153,1761126235556.0,0adab909-eb8f-4baf-9eed-7a4cc889cb7c,FF:10:10:AE:A7:64,Sunset lights,-93,1761126231289
29154,1761126244174.0,0adab909-eb8f-4baf-9eed-7a4cc889cb7c,1F:42:D7:41:85:4E,,-80,1761126231289
29155,1761126244926.0,0adab909-eb8f-4baf-9eed-7a4cc889cb7c,FF:10:10:AE:A7:64,Sunset lights,-91,1761126231289
29156,1761126246607.0,0adab909-eb8f-4baf-9eed-7a4cc889cb7c,44:3D:E8:22:9D:F2,,-90,1761126231289
29157,1761126246876.0,0adab909-eb8f-4baf-9eed-7a4cc889cb7c,F9:F5:61:E1:64:B9,,-92,1761126231289
29158,1761126834565.0,0adab909-eb8f-4baf-9eed-7a4cc889cb7c,FF:10:10:AE:A7:64,Sunset lights,-92,1761126831279
29159,1761126840670.0,0adab909-eb8f-4baf-9eed-7a4cc889cb7c,44:A4:59:8A:39:75,,-91,1761126831279
29160,1761126844168.0,0adab909-eb8f-4baf-9eed-7a4cc889cb7c,15:5C:E7:D0:1C:9A,,-86,1761126831279
29161,1761126846372.0,0adab909-eb8f-4baf-9eed-7a4cc889cb7c,F5:37:2D:2C:C5:1F,,-87,1761126831279
29162,1761126847127.0,0adab909-eb8f-4baf-9eed-7a4cc889cb7c,F9:23:A8:3A:99:52,,-84,1761126831279
29163,1761126847156.0,0adab909-eb8f-4baf-9eed-7a4cc889cb7c,15:5C:E7:D0:1C:9A,,-84,1761126831279
29164,1761127286510.0,0adab909-eb8f-4baf-9eed-7a4cc889cb7c,42:E3:B1:E4:9B:08,,-88,1761127284419
29165,1761127291898.0,0adab909-eb8f-4baf-9eed-7a4cc889cb7c,44:A4:59:8A:39:75,,-89,1761127284419
29166,1761127294502.0,0adab909-eb8f-4baf-9eed-7a4cc889cb7c,FF:10:10:AE:A7:64,Sunset lights,-87,1761127284419
29167,1761127297578.0,0adab909-eb8f-4baf-9eed-7a4cc889cb7c,26:F7:B6:75:0A:4A,,-87,1761127284419
29168,1761127846499.0,0adab909-eb8f-4baf-9eed-7a4cc889cb7c,42:E3:B1:E4:9B:08,,-91,1761127846458
29169,1761127846929.0,0adab909-eb8f-4baf-9eed-7a4cc889cb7c,FF:10:10:AE:A7:64,Sunset lights,-86,1761127846458
29170,1761127847546.0,0adab909-eb8f-4baf-9eed-7a4cc889cb7c,44:A4:59:8A:39:75,,-85,1761127846458
29171,1761127853664.0,0adab909-eb8f-4baf-9eed-7a4cc889cb7c,62:8E:65:65:35:2B,,-92,1761127846458
29172,1761127857459.0,0adab909-eb8f-4baf-9eed-7a4cc889cb7c,42:E6:03:AF:2A:02,,-93,1761127846458
29173,1761127859508.0,0adab909-eb8f-4baf-9eed-7a4cc889cb7c,CB:A4:D2:F8:81:BE,,-73,1761127846458
29174,1761127860008.0,0adab909-eb8f-4baf-9eed-7a4cc889cb7c,FF:10:10:AE:A7:64,Sunset lights,-82,1761127846458
29175,1761127860291.0,0adab909-eb8f-4baf-9eed-7a4cc889cb7c,42:E3:B1:E4:9B:08,,-88,1761127846458
29176,1761127860744.0,0adab909-eb8f-4baf-9eed-7a4cc889cb7c,44:A4:59:8A:39:75,,-79,1761127846458
29177,1761127860767.0,0adab909-eb8f-4baf-9eed-7a4cc889cb7c,62:8E:65:65:35:2B,,-92,1761127846458
29178,1761128630802.0,0adab909-eb8f-4baf-9eed-7a4cc889cb7c,69:AC:9F:23:49:40,,-77,1761128630720
29179,1761128631151.0,0adab909-eb8f-4baf-9eed-7a4cc889cb7c,FF:10:10:AE:A7:64,Sunset lights,-84,1761128630720
29180,1761128631175.0,0adab909-eb8f-4baf-9eed-7a4cc889cb7c,7C:14:90:3C:95:89,,-84,1761128630720
29181,1761128643637.0,0adab909-eb8f-4baf-9eed-7a4cc889cb7c,FF:10:10:AE:A7:64,Sunset lights,-85,1761128630720
29182,1761128643748.0,0adab909-eb8f-4baf-9eed-7a4cc889cb7c,CB:01:51:D7:57:51,,-77,1761128630720
29183,1761128644378.0,0adab909-eb8f-4baf-9eed-7a4cc889cb7c,26:97:3F:50:B5:A2,,-94,1761128630720
29184,1761128644674.0,0adab909-eb8f-4baf-9eed-7a4cc889cb7c,7C:14:90:3C:95:89,,-85,1761128630720
29185,1761128645394.0,0adab909-eb8f-4baf-9eed-7a4cc889cb7c,69:AC:9F:23:49:40,,-77,1761128630720
29186,1761129231337.0,0adab909-eb8f-4baf-9eed-7a4cc889cb7c,FF:10:10:AE:A7:64,Sunset lights,-82,1761129231182
29187,1761129231656.0,0adab909-eb8f-4baf-9eed-7a4cc889cb7c,7C:14:90:3C:95:89,,-82,1761129231182
29188,1761129232221.0,0adab909-eb8f-4baf-9eed-7a4cc889cb7c,46:F7:5B:4D:EE:07,,-91,1761129231182
29189,1761129232246.0,0adab909-eb8f-4baf-9eed-7a4cc889cb7c,4C:96:8A:ED:6A:01,SPEN NA,-45,1761129231182
29190,1761129232590.0,0adab909-eb8f-4baf-9eed-7a4cc889cb7c,4C:96:8A:ED:6A:01,SPEN NA,-46,1761129231182
29191,1761129232911.0,0adab909-eb8f-4baf-9eed-7a4cc889cb7c,4C:96:8A:ED:6A:01,SPEN NA,-56,1761129231182
29192,1761129233224.0,0adab909-eb8f-4baf-9eed-7a4cc889cb7c,4C:96:8A:ED:6A:01,SPEN NA,-45,1761129231182
29193,1761129234153.0,0adab909-eb8f-4baf-9eed-7a4cc889cb7c,4C:96:8A:ED:6A:01,SPEN NA,-45,1761129231182
29194,1761129234485.0,0adab909-eb8f-4baf-9eed-7a4cc889cb7c,4C:96:8A:ED:6A:01,SPEN NA,-45,1761129231182
29195,1761129234789.0,0adab909-eb8f-4baf-9eed-7a4cc889cb7c,4C:96:8A:ED:6A:01,SPEN NA,-49,1761129231182
29196,1761129235105.0,0adab909-eb8f-4baf-9eed-7a4cc889cb7c,4C:96:8A:ED:6A:01,SPEN NA,-48,1761129231182
29197,1761129235415.0,0adab909-eb8f-4baf-9eed-7a4cc889cb7c,4C:96:8A:ED:6A:01,SPEN NA,-47,1761129231182
29198,1761129235740.0,0adab909-eb8f-4baf-9eed-7a4cc889cb7c,4C:96:8A:ED:6A:01,SPEN NA,-49,1761129231182
29199,1761129236051.0,0adab909-eb8f-4baf-9eed-7a4cc889cb7c,4C:96:8A:ED:6A:01,SPEN NA,-45,1761129231182
29200,1761129236698.0,0adab909-eb8f-4baf-9eed-7a4cc889cb7c,4C:96:8A:ED:6A:01,SPEN NA,-56,1761129231182
29201,1761129236995.0,0adab909-eb8f-4baf-9eed-7a4cc889cb7c,4C:96:8A:ED:6A:01,SPEN NA,-46,1761129231182
29202,1761129237632.0,0adab909-eb8f-4baf-9eed-7a4cc889cb7c,4C:96:8A:ED:6A:01,SPEN NA,-49,1761129231182
29203,1761129238035.0,0adab909-eb8f-4baf-9eed-7a4cc889cb7c,4C:96:8A:ED:6A:01,SPEN NA,-46,1761129231182
29204,1761129238357.0,0adab909-eb8f-4baf-9eed-7a4cc889cb7c,4C:96:8A:ED:6A:01,SPEN NA,-45,1761129231182
29205,1761129238675.0,0adab909-eb8f-4baf-9eed-7a4cc889cb7c,4C:96:8A:ED:6A:01,SPEN NA,-49,1761129231182
29206,1761129238971.0,0adab909-eb8f-4baf-9eed-7a4cc889cb7c,4C:96:8A:ED:6A:01,SPEN NA,-45,1761129231182
29207,1761129239633.0,0adab909-eb8f-4baf-9eed-7a4cc889cb7c,4C:96:8A:ED:6A:01,SPEN NA,-49,1761129231182
29208,1761129239952.0,0adab909-eb8f-4baf-9eed-7a4cc889cb7c,4C:96:8A:ED:6A:01,SPEN NA,-48,1761129231182
29209,1761129240236.0,0adab909-eb8f-4baf-9eed-7a4cc889cb7c,4C:96:8A:ED:6A:01,SPEN NA,-46,1761129231182
29210,1761129241204.0,0adab909-eb8f-4baf-9eed-7a4cc889cb7c,4C:96:8A:ED:6A:01,SPEN NA,-46,1761129231182
29211,1761129241511.0,0adab909-eb8f-4baf-9eed-7a4cc889cb7c,4C:96:8A:ED:6A:01,SPEN NA,-49,1761129231182
29212,1761129241826.0,0adab909-eb8f-4baf-9eed-7a4cc889cb7c,4C:96:8A:ED:6A:01,SPEN NA,-46,1761129231182
29213,1761129242537.0,0adab909-eb8f-4baf-9eed-7a4cc889cb7c,69:AC:9F:23:49:40,,-94,1761129231182
29214,1761129242553.0,0adab909-eb8f-4baf-9eed-7a4cc889cb7c,4C:96:8A:ED:6A:01,SPEN NA,-59,1761129231182
29215,1761129243415.0,0adab909-eb8f-4baf-9eed-7a4cc889cb7c,4C:96:8A:ED:6A:01,SPEN NA,-50,1761129231182
29216,1761129243723.0,0adab909-eb8f-4baf-9eed-7a4cc889cb7c,4C:96:8A:ED:6A:01,SPEN NA,-47,1761129231182
29217,1761129244060.0,0adab909-eb8f-4baf-9eed-7a4cc889cb7c,7C:14:90:3C:95:89,,-84,1761129231182
29218,1761129244113.0,0adab909-eb8f-4baf-9eed-7a4cc889cb7c,4C:96:8A:ED:6A:01,SPEN NA,127,1761129231182
29219,1761129244169.0,0adab909-eb8f-4baf-9eed-7a4cc889cb7c,69:AC:9F:23:49:40,,-93,1761129231182
29220,1761129245293.0,0adab909-eb8f-4baf-9eed-7a4cc889cb7c,FF:10:10:AE:A7:64,Sunset lights,-83,1761129231182
29221,1761129247029.0,0adab909-eb8f-4baf-9eed-7a4cc889cb7c,C7:A2:F9:71:A8:F3,,-84,1761129231182
29222,1761129247096.0,0adab909-eb8f-4baf-9eed-7a4cc889cb7c,4C:96:8A:ED:6A:01,SPEN NA,-46,1761129231182
29223,1761129831908.0,0adab909-eb8f-4baf-9eed-7a4cc889cb7c,FF:10:10:AE:A7:64,Sunset lights,-85,1761129831204
29224,1761129835184.0,0adab909-eb8f-4baf-9eed-7a4cc889cb7c,48:28:12:CA:7E:68,,-85,1761129831204
29225,1761130432621.0,0adab909-eb8f-4baf-9eed-7a4cc889cb7c,FF:10:10:AE:A7:64,Sunset lights,-81,1761130431182
29226,1761130433480.0,0adab909-eb8f-4baf-9eed-7a4cc889cb7c,30:15:17:E2:7C:A7,,-92,1761130431182
29227,1761130437370.0,0adab909-eb8f-4baf-9eed-7a4cc889cb7c,48:28:12:CA:7E:68,,-85,1761130431182
29228,1761131031723.0,0adab909-eb8f-4baf-9eed-7a4cc889cb7c,FF:10:10:AE:A7:64,Sunset lights,-87,1761131030976
29229,1761131032977.0,0adab909-eb8f-4baf-9eed-7a4cc889cb7c,72:93:A1:3E:AF:E2,,-84,1761131030976
29230,1761131043878.0,0adab909-eb8f-4baf-9eed-7a4cc889cb7c,FF:10:10:AE:A7:64,Sunset lights,-91,1761131030976
29231,1761131044955.0,0adab909-eb8f-4baf-9eed-7a4cc889cb7c,E7:53:BF:58:00:62,,-75,1761131030976
29232,1761131458306.0,0adab909-eb8f-4baf-9eed-7a4cc889cb7c,FF:10:10:AE:A7:64,Sunset lights,-83,1761131457896
29233,1761131458940.0,0adab909-eb8f-4baf-9eed-7a4cc889cb7c,72:93:A1:3E:AF:E2,,-83,1761131457896
29234,1761132233380.0,0adab909-eb8f-4baf-9eed-7a4cc889cb7c,FF:10:10:AE:A7:64,Sunset lights,-85,1761132230995
29235,1761132831943.0,0adab909-eb8f-4baf-9eed-7a4cc889cb7c,FF:10:10:AE:A7:64,Sunset lights,-94,1761132831857
29236,1761132833591.0,0adab909-eb8f-4baf-9eed-7a4cc889cb7c,55:66:0C:5F:60:45,,-79,1761132831857
29237,1761132846711.0,0adab909-eb8f-4baf-9eed-7a4cc889cb7c,FF:10:10:AE:A7:64,Sunset lights,-70,1761132831857
29238,1761132846745.0,0adab909-eb8f-4baf-9eed-7a4cc889cb7c,19:1F:CB:7D:72:BB,,-91,1761132831857
29239,1761133432613.0,0adab909-eb8f-4baf-9eed-7a4cc889cb7c,FF:10:10:AE:A7:64,Sunset lights,-90,1761133431852
29240,1761133437689.0,0adab909-eb8f-4baf-9eed-7a4cc889cb7c,7B:BD:AD:7F:55:54,,-91,1761133431852
29241,1761134032598.0,0adab909-eb8f-4baf-9eed-7a4cc889cb7c,FF:10:10:AE:A7:64,Sunset lights,-90,1761134031874
29242,1761134032918.0,0adab909-eb8f-4baf-9eed-7a4cc889cb7c,69:24:A2:3D:42:5A,,-89,1761134031874
29243,1761134036153.0,0adab909-eb8f-4baf-9eed-7a4cc889cb7c,61:57:AF:82:10:3D,,-91,1761134031874
29244,1761134631839.0,0adab909-eb8f-4baf-9eed-7a4cc889cb7c,FF:10:10:AE:A7:64,Sunset lights,-82,1761134631723
29245,1761134633086.0,0adab909-eb8f-4baf-9eed-7a4cc889cb7c,43:D5:73:3E:8A:B5,,-91,1761134631723
29246,1761134643596.0,0adab909-eb8f-4baf-9eed-7a4cc889cb7c,5A:36:40:3B:98:A8,,-91,1761134631723
29247,1761134645617.0,0adab909-eb8f-4baf-9eed-7a4cc889cb7c,FF:10:10:AE:A7:64,Sunset lights,-74,1761134631723
29248,1761134646688.0,0adab909-eb8f-4baf-9eed-7a4cc889cb7c,C1:92:17:68:8B:F0,,-73,1761134631723
29249,1761135233086.0,0adab909-eb8f-4baf-9eed-7a4cc889cb7c,FF:10:10:AE:A7:64,Sunset lights,-79,1761135231721
29250,1761135237955.0,0adab909-eb8f-4baf-9eed-7a4cc889cb7c,5E:4F:31:9F:6A:6F,,-91,1761135231721
29251,1761135245078.0,0adab909-eb8f-4baf-9eed-7a4cc889cb7c,FC:B0:09:6C:43:64,WHOOP 4C2606683,-93,1761135231721
29252,1761135245653.0,0adab909-eb8f-4baf-9eed-7a4cc889cb7c,FF:10:10:AE:A7:64,Sunset lights,-76,1761135231721
29253,1761135246140.0,0adab909-eb8f-4baf-9eed-7a4cc889cb7c,21:AD:FD:FC:09:CB,,-89,1761135231721
29254,1761135246595.0,0adab909-eb8f-4baf-9eed-7a4cc889cb7c,D8:BE:36:57:8E:92,,-78,1761135231721
29255,1761135832179.0,0adab909-eb8f-4baf-9eed-7a4cc889cb7c,FF:10:10:AE:A7:64,Sunset lights,-84,1761135831747
29256,1761135833840.0,0adab909-eb8f-4baf-9eed-7a4cc889cb7c,40:1D:11:45:5C:48,,-90,1761135831747
29257,1761135840561.0,0adab909-eb8f-4baf-9eed-7a4cc889cb7c,59:8D:EF:65:B8:B6,,-90,1761135831747
29258,1761135840624.0,0adab909-eb8f-4baf-9eed-7a4cc889cb7c,4D:14:E9:0C:04:D2,,-86,1761135831747
29259,1761135845800.0,0adab909-eb8f-4baf-9eed-7a4cc889cb7c,FF:10:10:AE:A7:64,Sunset lights,-82,1761135831747
29260,1761135846818.0,0adab909-eb8f-4baf-9eed-7a4cc889cb7c,00:21:6A:78:51:97,,-92,1761135831747
29261,1761136431188.0,0adab909-eb8f-4baf-9eed-7a4cc889cb7c,40:1D:11:45:5C:48,,-81,1761136431109
29262,1761136431204.0,0adab909-eb8f-4baf-9eed-7a4cc889cb7c,FF:10:10:AE:A7:64,Sunset lights,-84,1761136431109
29263,1761136433099.0,0adab909-eb8f-4baf-9eed-7a4cc889cb7c,58:B0:48:A6:74:49,,-88,1761136431109
29264,1761136433501.0,0adab909-eb8f-4baf-9eed-7a4cc889cb7c,59:8D:EF:65:B8:B6,,-91,1761136431109
29265,1761136899314.0,0adab909-eb8f-4baf-9eed-7a4cc889cb7c,FF:10:10:AE:A7:64,Sunset lights,-77,1761136887094
29266,1761137631818.0,0adab909-eb8f-4baf-9eed-7a4cc889cb7c,7C:A2:0D:06:01:CF,,-91,1761137631116
29267,1761137632538.0,0adab909-eb8f-4baf-9eed-7a4cc889cb7c,5F:02:D9:AC:BF:41,,-89,1761137631116
29268,1761137632564.0,0adab909-eb8f-4baf-9eed-7a4cc889cb7c,FF:10:10:AE:A7:64,Sunset lights,-75,1761137631116
29269,1761137635335.0,0adab909-eb8f-4baf-9eed-7a4cc889cb7c,5D:BB:9E:63:23:8A,,-91,1761137631116
29270,1761137637350.0,0adab909-eb8f-4baf-9eed-7a4cc889cb7c,47:D9:65:4C:5B:5A,,-95,1761137631116
29271,1761137639551.0,0adab909-eb8f-4baf-9eed-7a4cc889cb7c,48:AA:B0:13:34:46,,-91,1761137631116
29272,1761137639573.0,0adab909-eb8f-4baf-9eed-7a4cc889cb7c,4B:11:AF:80:D5:8D,,-88,1761137631116
29273,1761137641096.0,0adab909-eb8f-4baf-9eed-7a4cc889cb7c,7E:87:4D:71:8B:EB,,-89,1761137631116
29274,1761137642085.0,0adab909-eb8f-4baf-9eed-7a4cc889cb7c,4F:82:B0:92:95:9A,,-91,1761137631116
29275,1761138231613.0,0adab909-eb8f-4baf-9eed-7a4cc889cb7c,5B:AF:3B:A5:AF:2E,,-87,1761138231524
29276,1761138231882.0,0adab909-eb8f-4baf-9eed-7a4cc889cb7c,FF:10:10:AE:A7:64,Sunset lights,-79,1761138231524
29277,1761138231991.0,0adab909-eb8f-4baf-9eed-7a4cc889cb7c,5E:FA:1B:A7:78:08,,-88,1761138231524
29278,1761138831580.0,0adab909-eb8f-4baf-9eed-7a4cc889cb7c,5B:AF:3B:A5:AF:2E,,-93,1761138831516
29279,1761138831616.0,0adab909-eb8f-4baf-9eed-7a4cc889cb7c,FF:10:10:AE:A7:64,Sunset lights,-81,1761138831516
29280,1761138831974.0,0adab909-eb8f-4baf-9eed-7a4cc889cb7c,10:6D:EB:63:44:9E,,-91,1761138831516
29281,1761138843568.0,0adab909-eb8f-4baf-9eed-7a4cc889cb7c,56:3B:B0:C0:CA:B2,,-87,1761138831516
29282,1761139432905.0,0adab909-eb8f-4baf-9eed-7a4cc889cb7c,5D:7A:D3:45:1B:CB,,-87,1761139431505
29283,1761139433534.0,0adab909-eb8f-4baf-9eed-7a4cc889cb7c,76:6A:B6:E5:A7:86,,-86,1761139431505
29284,1761139435122.0,0adab909-eb8f-4baf-9eed-7a4cc889cb7c,FF:10:10:AE:A7:64,Sunset lights,-90,1761139431505
29285,1761139439603.0,0adab909-eb8f-4baf-9eed-7a4cc889cb7c,B0:38:E2:35:F0:AB,,-85,1761139431505
29286,1761139444387.0,0adab909-eb8f-4baf-9eed-7a4cc889cb7c,FF:10:10:AE:A7:64,Sunset lights,-77,1761139431505
29287,1761139444531.0,0adab909-eb8f-4baf-9eed-7a4cc889cb7c,D8:BE:36:57:8E:92,,-90,1761139431505
29288,1761139444549.0,0adab909-eb8f-4baf-9eed-7a4cc889cb7c,5D:7A:D3:45:1B:CB,,-82,1761139431505
29289,1761139444561.0,0adab909-eb8f-4baf-9eed-7a4cc889cb7c,76:FA:B9:3A:6D:57,,-89,1761139431505
29290,1761139444571.0,0adab909-eb8f-4baf-9eed-7a4cc889cb7c,0C:91:AB:3A:C1:A5,,-93,1761139431505
29291,1761139446623.0,0adab909-eb8f-4baf-9eed-7a4cc889cb7c,F2:6A:C0:DE:29:DE,,-90,1761139431505
29292,1761139854303.0,0adab909-eb8f-4baf-9eed-7a4cc889cb7c,FF:10:10:AE:A7:64,Sunset lights,-82,1761139854198
29293,1761140630862.0,0adab909-eb8f-4baf-9eed-7a4cc889cb7c,FF:10:10:AE:A7:64,Sunset lights,-79,1761140630832
29294,1761140631554.0,0adab909-eb8f-4baf-9eed-7a4cc889cb7c,76:41:3F:77:EC:01,,-93,1761140630832
29295,1761140631623.0,0adab909-eb8f-4baf-9eed-7a4cc889cb7c,71:C4:09:FE:74:F4,,-87,1761140630832
29296,1761140636995.0,0adab909-eb8f-4baf-9eed-7a4cc889cb7c,6E:88:D1:E8:BC:4C,,-92,1761140630832
29297,1761141232248.0,0adab909-eb8f-4baf-9eed-7a4cc889cb7c,FF:10:10:AE:A7:64,Sunset lights,-80,1761141230842
29298,1761141234767.0,0adab909-eb8f-4baf-9eed-7a4cc889cb7c,69:D5:0B:56:13:61,,-85,1761141230842
29299,1761141234787.0,0adab909-eb8f-4baf-9eed-7a4cc889cb7c,41:2C:2E:45:B4:BA,,-88,1761141230842
29300,1761141235098.0,0adab909-eb8f-4baf-9eed-7a4cc889cb7c,75:31:09:B1:0A:8D,,-91,1761141230842
29301,1761141830925.0,0adab909-eb8f-4baf-9eed-7a4cc889cb7c,FF:10:10:AE:A7:64,Sunset lights,-78,1761141830869
29302,1761141831914.0,0adab909-eb8f-4baf-9eed-7a4cc889cb7c,4F:F4:43:0E:98:CC,,-92,1761141830869
29303,1761141831966.0,0adab909-eb8f-4baf-9eed-7a4cc889cb7c,4D:AC:39:C4:B0:D6,,-88,1761141830869
29304,1761141839953.0,0adab909-eb8f-4baf-9eed-7a4cc889cb7c,45:7A:3C:57:E0:47,,-90,1761141830869
29305,1761142430880.0,0adab909-eb8f-4baf-9eed-7a4cc889cb7c,FF:10:10:AE:A7:64,Sunset lights,-85,1761142430864
29306,1761142431262.0,0adab909-eb8f-4baf-9eed-7a4cc889cb7c,7D:9C:A7:F2:36:74,,-91,1761142430864
29307,1761142436062.0,0adab909-eb8f-4baf-9eed-7a4cc889cb7c,4D:AC:39:C4:B0:D6,,-84,1761142430864
29308,1761143032211.0,0adab909-eb8f-4baf-9eed-7a4cc889cb7c,FF:10:10:AE:A7:64,Sunset lights,-78,1761143030834
29309,1761143032865.0,0adab909-eb8f-4baf-9eed-7a4cc889cb7c,5E:18:9B:E4:52:2B,,-88,1761143030834
29310,1761143033461.0,0adab909-eb8f-4baf-9eed-7a4cc889cb7c,63:B5:02:52:3F:07,,-86,1761143030834
29311,1761143039244.0,0adab909-eb8f-4baf-9eed-7a4cc889cb7c,75:E5:DE:92:A5:FE,,-90,1761143030834
29312,1761143041164.0,0adab909-eb8f-4baf-9eed-7a4cc889cb7c,7D:9C:A7:F2:36:74,,-83,1761143030834
29313,1761143043865.0,0adab909-eb8f-4baf-9eed-7a4cc889cb7c,5E:18:9B:E4:52:2B,,-91,1761143030834
29314,1761143043901.0,0adab909-eb8f-4baf-9eed-7a4cc889cb7c,FF:10:10:AE:A7:64,Sunset lights,-86,1761143030834
29315,1761143044035.0,0adab909-eb8f-4baf-9eed-7a4cc889cb7c,7D:9C:A7:F2:36:74,,-85,1761143030834
29316,1761143044059.0,0adab909-eb8f-4baf-9eed-7a4cc889cb7c,0B:D0:87:63:B7:CC,,-90,1761143030834
29317,1761143044176.0,0adab909-eb8f-4baf-9eed-7a4cc889cb7c,75:E5:DE:92:A5:FE,,-91,1761143030834
29318,1761143045357.0,0adab909-eb8f-4baf-9eed-7a4cc889cb7c,EA:D6:ED:CE:07:3C,,-85,1761143030834
29319,1761143046154.0,0adab909-eb8f-4baf-9eed-7a4cc889cb7c,63:B5:02:52:3F:07,,-87,1761143030834
29320,1761143633798.0,0adab909-eb8f-4baf-9eed-7a4cc889cb7c,FF:10:10:AE:A7:64,Sunset lights,-84,1761143631443
29321,1761143635716.0,0adab909-eb8f-4baf-9eed-7a4cc889cb7c,5E:18:9B:E4:52:2B,,-86,1761143631443
29322,1761143645569.0,0adab909-eb8f-4baf-9eed-7a4cc889cb7c,FF:10:10:AE:A7:64,Sunset lights,-88,1761143631443
29323,1761143646183.0,0adab909-eb8f-4baf-9eed-7a4cc889cb7c,5E:18:9B:E4:52:2B,,-90,1761143631443
29324,1761144231508.0,0adab909-eb8f-4baf-9eed-7a4cc889cb7c,FF:10:10:AE:A7:64,Sunset lights,-77,1761144231432
29325,1761144233158.0,0adab909-eb8f-4baf-9eed-7a4cc889cb7c,7B:23:C1:9E:7E:D1,,-91,1761144231432
29326,1761144244485.0,0adab909-eb8f-4baf-9eed-7a4cc889cb7c,FF:10:10:AE:A7:64,Sunset lights,-78,1761144231432
29327,1761144244772.0,0adab909-eb8f-4baf-9eed-7a4cc889cb7c,22:FF:06:03:65:B3,,-91,1761144231432
29328,1761144831553.0,0adab909-eb8f-4baf-9eed-7a4cc889cb7c,7B:23:C1:9E:7E:D1,,-82,1761144831446
29329,1761144832529.0,0adab909-eb8f-4baf-9eed-7a4cc889cb7c,FF:10:10:AE:A7:64,Sunset lights,-75,1761144831446
29330,1761144835729.0,0adab909-eb8f-4baf-9eed-7a4cc889cb7c,38:B3:C0:EE:3B:21,,-90,1761144831446
29331,1761144844307.0,0adab909-eb8f-4baf-9eed-7a4cc889cb7c,FF:10:10:AE:A7:64,Sunset lights,-75,1761144831446
29332,1761144845075.0,0adab909-eb8f-4baf-9eed-7a4cc889cb7c,7B:23:C1:9E:7E:D1,,-85,1761144831446
29333,1761144846430.0,0adab909-eb8f-4baf-9eed-7a4cc889cb7c,DD:D3:2C:A3:8C:C7,,-91,1761144831446
29334,1761145332425.0,0adab909-eb8f-4baf-9eed-7a4cc889cb7c,7D:D3:26:56:5B:CD,,-83,1761145332419
29335,1761145333478.0,0adab909-eb8f-4baf-9eed-7a4cc889cb7c,FF:10:10:AE:A7:64,Sunset lights,-73,1761145332419
29336,1761145333519.0,0adab909-eb8f-4baf-9eed-7a4cc889cb7c,7B:23:C1:9E:7E:D1,,-82,1761145332419
29337,1761145345335.0,0adab909-eb8f-4baf-9eed-7a4cc889cb7c,7B:23:C1:9E:7E:D1,,-79,1761145332419
29338,1761145345376.0,0adab909-eb8f-4baf-9eed-7a4cc889cb7c,FF:10:10:AE:A7:64,Sunset lights,-73,1761145332419
29339,1761145873579.0,0adab909-eb8f-4baf-9eed-7a4cc889cb7c,4C:96:8A:ED:6A:01,SPEN NA,-45,1761145873544
29340,1761145873655.0,0adab909-eb8f-4baf-9eed-7a4cc889cb7c,5C:9B:9E:E9:83:23,,-85,1761145873544
29341,1761145873986.0,0adab909-eb8f-4baf-9eed-7a4cc889cb7c,FF:10:10:AE:A7:64,Sunset lights,-85,1761145873544
29342,1761145874972.0,0adab909-eb8f-4baf-9eed-7a4cc889cb7c,4C:96:8A:ED:6A:01,SPEN NA,-45,1761145873544
29343,1761145875283.0,0adab909-eb8f-4baf-9eed-7a4cc889cb7c,4C:96:8A:ED:6A:01,SPEN NA,-49,1761145873544
29344,1761145875590.0,0adab909-eb8f-4baf-9eed-7a4cc889cb7c,4C:96:8A:ED:6A:01,SPEN NA,-46,1761145873544
29345,1761145875619.0,0adab909-eb8f-4baf-9eed-7a4cc889cb7c,54:FE:FC:9E:43:72,,-84,1761145873544
29346,1761145875897.0,0adab909-eb8f-4baf-9eed-7a4cc889cb7c,4C:96:8A:ED:6A:01,SPEN NA,-44,1761145873544
29347,1761145876204.0,0adab909-eb8f-4baf-9eed-7a4cc889cb7c,4C:96:8A:ED:6A:01,SPEN NA,-49,1761145873544
29348,1761145876551.0,0adab909-eb8f-4baf-9eed-7a4cc889cb7c,4C:96:8A:ED:6A:01,SPEN NA,-45,1761145873544
29349,1761145876879.0,0adab909-eb8f-4baf-9eed-7a4cc889cb7c,4C:96:8A:ED:6A:01,SPEN NA,-45,1761145873544
29350,1761145877174.0,0adab909-eb8f-4baf-9eed-7a4cc889cb7c,4C:96:8A:ED:6A:01,SPEN NA,-48,1761145873544
29351,1761145877792.0,0adab909-eb8f-4baf-9eed-7a4cc889cb7c,4C:96:8A:ED:6A:01,SPEN NA,-45,1761145873544
29352,1761145878414.0,0adab909-eb8f-4baf-9eed-7a4cc889cb7c,4C:96:8A:ED:6A:01,SPEN NA,-45,1761145873544
29353,1761145878748.0,0adab909-eb8f-4baf-9eed-7a4cc889cb7c,4C:96:8A:ED:6A:01,SPEN NA,-46,1761145873544
29354,1761145879066.0,0adab909-eb8f-4baf-9eed-7a4cc889cb7c,4C:96:8A:ED:6A:01,SPEN NA,-48,1761145873544
29355,1761145879710.0,0adab909-eb8f-4baf-9eed-7a4cc889cb7c,4C:96:8A:ED:6A:01,SPEN NA,-45,1761145873544
29356,1761145880315.0,0adab909-eb8f-4baf-9eed-7a4cc889cb7c,4C:96:8A:ED:6A:01,SPEN NA,-45,1761145873544
29357,1761145880967.0,0adab909-eb8f-4baf-9eed-7a4cc889cb7c,4C:96:8A:ED:6A:01,SPEN NA,-49,1761145873544
29358,1761145881987.0,0adab909-eb8f-4baf-9eed-7a4cc889cb7c,4C:96:8A:ED:6A:01,SPEN NA,-49,1761145873544
29359,1761145882338.0,0adab909-eb8f-4baf-9eed-7a4cc889cb7c,4C:96:8A:ED:6A:01,SPEN NA,-46,1761145873544
29360,1761145882647.0,0adab909-eb8f-4baf-9eed-7a4cc889cb7c,4C:96:8A:ED:6A:01,SPEN NA,-45,1761145873544
29361,1761145882948.0,0adab909-eb8f-4baf-9eed-7a4cc889cb7c,4C:96:8A:ED:6A:01,SPEN NA,-48,1761145873544
29362,1761145883576.0,0adab909-eb8f-4baf-9eed-7a4cc889cb7c,4C:96:8A:ED:6A:01,SPEN NA,-45,1761145873544
29363,1761145883894.0,0adab909-eb8f-4baf-9eed-7a4cc889cb7c,4C:96:8A:ED:6A:01,SPEN NA,-48,1761145873544
29364,1761145884234.0,0adab909-eb8f-4baf-9eed-7a4cc889cb7c,4C:96:8A:ED:6A:01,SPEN NA,-46,1761145873544
29365,1761145884516.0,0adab909-eb8f-4baf-9eed-7a4cc889cb7c,4C:96:8A:ED:6A:01,SPEN NA,-46,1761145873544
29366,1761145884869.0,0adab909-eb8f-4baf-9eed-7a4cc889cb7c,4C:96:8A:ED:6A:01,SPEN NA,-48,1761145873544
29367,1761145885180.0,0adab909-eb8f-4baf-9eed-7a4cc889cb7c,4C:96:8A:ED:6A:01,SPEN NA,-45,1761145873544
29368,1761145885479.0,0adab909-eb8f-4baf-9eed-7a4cc889cb7c,4C:96:8A:ED:6A:01,SPEN NA,-45,1761145873544
29369,1761145885789.0,0adab909-eb8f-4baf-9eed-7a4cc889cb7c,4C:96:8A:ED:6A:01,SPEN NA,-47,1761145873544
29370,1761145886513.0,0adab909-eb8f-4baf-9eed-7a4cc889cb7c,4C:96:8A:ED:6A:01,SPEN NA,-44,1761145873544
29371,1761145887468.0,0adab909-eb8f-4baf-9eed-7a4cc889cb7c,E2:56:68:6F:25:B7,,-58,1761145873544
29372,1761145888546.0,0adab909-eb8f-4baf-9eed-7a4cc889cb7c,FF:10:10:AE:A7:64,Sunset lights,-79,1761145873544
29373,1761146658355.0,0adab909-eb8f-4baf-9eed-7a4cc889cb7c,7B:9A:48:AD:61:71,,-83,1761146658320
29374,1761146658380.0,0adab909-eb8f-4baf-9eed-7a4cc889cb7c,28:12:0D:60:7A:6C,,-84,1761146658320
29375,1761146658391.0,0adab909-eb8f-4baf-9eed-7a4cc889cb7c,4C:96:8A:ED:6A:01,SPEN NA,-49,1761146658320
29376,1761146658411.0,0adab909-eb8f-4baf-9eed-7a4cc889cb7c,67:15:24:61:16:BE,,-92,1761146658320
29377,1761146658787.0,0adab909-eb8f-4baf-9eed-7a4cc889cb7c,4C:96:8A:ED:6A:01,SPEN NA,-52,1761146658320
29378,1761146659096.0,0adab909-eb8f-4baf-9eed-7a4cc889cb7c,4C:96:8A:ED:6A:01,SPEN NA,-48,1761146658320
29379,1761146659206.0,0adab909-eb8f-4baf-9eed-7a4cc889cb7c,FF:10:10:AE:A7:64,Sunset lights,-81,1761146658320
29380,1761146659220.0,0adab909-eb8f-4baf-9eed-7a4cc889cb7c,4C:96:8A:ED:6A:01,SPEN NA,-45,1761146658320
29381,1761146662838.0,0adab909-eb8f-4baf-9eed-7a4cc889cb7c,6E:0D:98:B2:41:A9,,-87,1761146658320
29382,1761146665707.0,0adab909-eb8f-4baf-9eed-7a4cc889cb7c,4C:96:8A:ED:6A:01,SPEN NA,-45,1761146658320
29383,1761146668250.0,0adab909-eb8f-4baf-9eed-7a4cc889cb7c,4C:96:8A:ED:6A:01,SPEN NA,-46,1761146658320
29384,1761147069670.0,0adab909-eb8f-4baf-9eed-7a4cc889cb7c,FF:10:10:AE:A7:64,Sunset lights,-83,1761147068237
29385,1761147069953.0,0adab909-eb8f-4baf-9eed-7a4cc889cb7c,76:49:ED:F2:C1:59,,-80,1761147068237
29386,1761147074488.0,0adab909-eb8f-4baf-9eed-7a4cc889cb7c,72:C4:59:94:AF:0E,,-90,1761147068237
29387,1761147831866.0,0adab909-eb8f-4baf-9eed-7a4cc889cb7c,43:74:DD:A3:C3:A0,,-91,1761147831431
29388,1761147833133.0,0adab909-eb8f-4baf-9eed-7a4cc889cb7c,FF:10:10:AE:A7:64,Sunset lights,-87,1761147831431
29389,1761147835430.0,0adab909-eb8f-4baf-9eed-7a4cc889cb7c,53:9F:37:C2:1B:72,,-81,1761147831431
29390,1761148431815.0,0adab909-eb8f-4baf-9eed-7a4cc889cb7c,6E:77:2B:3D:9D:99,,-82,1761148431429
29391,1761148431833.0,0adab909-eb8f-4baf-9eed-7a4cc889cb7c,43:74:DD:A3:C3:A0,,-91,1761148431429
29392,1761148432536.0,0adab909-eb8f-4baf-9eed-7a4cc889cb7c,FF:10:10:AE:A7:64,Sunset lights,-75,1761148431429
29393,1761149631556.0,0adab909-eb8f-4baf-9eed-7a4cc889cb7c,FF:10:10:AE:A7:64,Sunset lights,-81,1761149631488
29394,1761149632206.0,0adab909-eb8f-4baf-9eed-7a4cc889cb7c,49:A5:6A:21:F2:EC,,-87,1761149631488
29395,1761149633272.0,0adab909-eb8f-4baf-9eed-7a4cc889cb7c,6A:72:16:32:18:C5,,-82,1761149631488
29396,1761149633871.0,0adab909-eb8f-4baf-9eed-7a4cc889cb7c,53:0A:84:A0:86:42,,-88,1761149631488
29397,1761150232223.0,0adab909-eb8f-4baf-9eed-7a4cc889cb7c,FF:10:10:AE:A7:64,Sunset lights,-75,1761150231523
29398,1761150232856.0,0adab909-eb8f-4baf-9eed-7a4cc889cb7c,71:4F:A8:F8:2D:DD,,-90,1761150231523
29399,1761150233471.0,0adab909-eb8f-4baf-9eed-7a4cc889cb7c,6A:72:16:32:18:C5,,-83,1761150231523
29400,1761150831242.0,0adab909-eb8f-4baf-9eed-7a4cc889cb7c,FF:10:10:AE:A7:64,Sunset lights,-82,1761150831175
29401,1761150831606.0,0adab909-eb8f-4baf-9eed-7a4cc889cb7c,59:E7:FD:22:0C:EB,,-78,1761150831175
29402,1761150832249.0,0adab909-eb8f-4baf-9eed-7a4cc889cb7c,7C:0C:4D:0A:0F:2F,,-88,1761150831175
29403,1761151431259.0,0adab909-eb8f-4baf-9eed-7a4cc889cb7c,59:E7:FD:22:0C:EB,,-87,1761151431181
29404,1761151431291.0,0adab909-eb8f-4baf-9eed-7a4cc889cb7c,7C:0C:4D:0A:0F:2F,,-85,1761151431181
29405,1761151431590.0,0adab909-eb8f-4baf-9eed-7a4cc889cb7c,FF:10:10:AE:A7:64,Sunset lights,-81,1761151431181
29406,1761151433153.0,0adab909-eb8f-4baf-9eed-7a4cc889cb7c,47:F2:8E:5C:EC:02,,-89,1761151431181
29407,1761151433524.0,0adab909-eb8f-4baf-9eed-7a4cc889cb7c,40:36:22:10:4B:88,,-88,1761151431181
29408,1761151434936.0,0adab909-eb8f-4baf-9eed-7a4cc889cb7c,68:2F:67:8D:92:BE,Jasonappiah’s MacBook Pro,-100,1761151431181
29409,1761151435092.0,0adab909-eb8f-4baf-9eed-7a4cc889cb7c,B0:38:E2:5F:93:06,,-91,1761151431181
29410,1761151435388.0,0adab909-eb8f-4baf-9eed-7a4cc889cb7c,66:AD:07:28:81:FB,,-89,1761151431181
29411,1761151436050.0,0adab909-eb8f-4baf-9eed-7a4cc889cb7c,66:02:BE:29:2F:AA,,-91,1761151431181
29412,1761152031231.0,0adab909-eb8f-4baf-9eed-7a4cc889cb7c,FF:10:10:AE:A7:64,Sunset lights,-81,1761152031178
29413,1761152031268.0,0adab909-eb8f-4baf-9eed-7a4cc889cb7c,60:74:F4:72:90:3F,ihoment_H601B_903F,-85,1761152031178
29414,1761152031549.0,0adab909-eb8f-4baf-9eed-7a4cc889cb7c,65:63:50:41:02:AF,,-87,1761152031178
29415,1761152031561.0,0adab909-eb8f-4baf-9eed-7a4cc889cb7c,60:74:F4:73:99:E7,ihoment_H601B_99E7,-92,1761152031178
29416,1761152031607.0,0adab909-eb8f-4baf-9eed-7a4cc889cb7c,60:74:F4:73:96:CD,ihoment_H601B_96CD,-86,1761152031178
29417,1761152031895.0,0adab909-eb8f-4baf-9eed-7a4cc889cb7c,65:83:27:2C:A0:05,,-84,1761152031178
29418,1761152031913.0,0adab909-eb8f-4baf-9eed-7a4cc889cb7c,53:44:6F:AF:77:3C,,-77,1761152031178
29419,1761152032555.0,0adab909-eb8f-4baf-9eed-7a4cc889cb7c,60:74:F4:75:21:D5,ihoment_H601B_21D5,-79,1761152031178
29420,1761152034528.0,0adab909-eb8f-4baf-9eed-7a4cc889cb7c,4C:AF:5C:F9:1B:A3,,-86,1761152031178
29421,1761152630992.0,0adab909-eb8f-4baf-9eed-7a4cc889cb7c,60:74:F4:73:96:CD,ihoment_H601B_96CD,-84,1761152630880
29422,1761152631296.0,0adab909-eb8f-4baf-9eed-7a4cc889cb7c,60:74:F4:75:21:D5,ihoment_H601B_21D5,-85,1761152630880
29423,1761152631581.0,0adab909-eb8f-4baf-9eed-7a4cc889cb7c,65:83:27:2C:A0:05,,-88,1761152630880
29424,1761152631599.0,0adab909-eb8f-4baf-9eed-7a4cc889cb7c,7D:EE:06:15:D0:92,,-90,1761152630880
29425,1761152632236.0,0adab909-eb8f-4baf-9eed-7a4cc889cb7c,60:74:F4:73:99:E7,ihoment_H601B_99E7,-92,1761152630880
29426,1761152632258.0,0adab909-eb8f-4baf-9eed-7a4cc889cb7c,60:74:F4:72:90:3F,ihoment_H601B_903F,-75,1761152630880
29427,1761152632553.0,0adab909-eb8f-4baf-9eed-7a4cc889cb7c,FF:10:10:AE:A7:64,Sunset lights,-75,1761152630880
29428,1761152633538.0,0adab909-eb8f-4baf-9eed-7a4cc889cb7c,53:44:6F:AF:77:3C,,-76,1761152630880
29429,1761153230973.0,0adab909-eb8f-4baf-9eed-7a4cc889cb7c,60:74:F4:73:99:E7,ihoment_H601B_99E7,-88,1761153230892
29430,1761153230993.0,0adab909-eb8f-4baf-9eed-7a4cc889cb7c,4C:96:8A:ED:6A:01,SPEN NA,-60,1761153230892
29431,1761153231039.0,0adab909-eb8f-4baf-9eed-7a4cc889cb7c,60:74:F4:72:90:3F,ihoment_H601B_903F,-88,1761153230892
29432,1761153231316.0,0adab909-eb8f-4baf-9eed-7a4cc889cb7c,FF:10:10:AE:A7:64,Sunset lights,-80,1761153230892
29433,1761153231332.0,0adab909-eb8f-4baf-9eed-7a4cc889cb7c,4C:96:8A:ED:6A:01,SPEN NA,-64,1761153230892
29434,1761153231635.0,0adab909-eb8f-4baf-9eed-7a4cc889cb7c,4C:96:8A:ED:6A:01,SPEN NA,127,1761153230892
29435,1761153231940.0,0adab909-eb8f-4baf-9eed-7a4cc889cb7c,60:74:F4:75:21:D5,ihoment_H601B_21D5,-73,1761153230892
29436,1761153231955.0,0adab909-eb8f-4baf-9eed-7a4cc889cb7c,4C:96:8A:ED:6A:01,SPEN NA,-58,1761153230892
29437,1761153232286.0,0adab909-eb8f-4baf-9eed-7a4cc889cb7c,4C:96:8A:ED:6A:01,SPEN NA,-58,1761153230892
29438,1761153232595.0,0adab909-eb8f-4baf-9eed-7a4cc889cb7c,4C:96:8A:ED:6A:01,SPEN NA,-61,1761153230892
29439,1761153232920.0,0adab909-eb8f-4baf-9eed-7a4cc889cb7c,4C:96:8A:ED:6A:01,SPEN NA,-58,1761153230892
29440,1761153233259.0,0adab909-eb8f-4baf-9eed-7a4cc889cb7c,60:74:F4:73:96:CD,ihoment_H601B_96CD,-65,1761153230892
29441,1761153233537.0,0adab909-eb8f-4baf-9eed-7a4cc889cb7c,4C:96:8A:ED:6A:01,SPEN NA,-60,1761153230892
29442,1761153233880.0,0adab909-eb8f-4baf-9eed-7a4cc889cb7c,49:BD:7F:B6:66:69,,-88,1761153230892
29443,1761153234178.0,0adab909-eb8f-4baf-9eed-7a4cc889cb7c,4C:96:8A:ED:6A:01,SPEN NA,-59,1761153230892
29444,1761153234802.0,0adab909-eb8f-4baf-9eed-7a4cc889cb7c,4C:96:8A:ED:6A:01,SPEN NA,-57,1761153230892
29445,1761153234829.0,0adab909-eb8f-4baf-9eed-7a4cc889cb7c,59:71:D6:FF:A5:68,,-71,1761153230892
29446,1761153235201.0,0adab909-eb8f-4baf-9eed-7a4cc889cb7c,4C:96:8A:ED:6A:01,SPEN NA,-57,1761153230892
29447,1761153237426.0,0adab909-eb8f-4baf-9eed-7a4cc889cb7c,4C:96:8A:ED:6A:01,SPEN NA,-65,1761153230892
29448,1761153237717.0,0adab909-eb8f-4baf-9eed-7a4cc889cb7c,4C:96:8A:ED:6A:01,SPEN NA,-61,1761153230892
29449,1761153238036.0,0adab909-eb8f-4baf-9eed-7a4cc889cb7c,4C:96:8A:ED:6A:01,SPEN NA,-58,1761153230892
29450,1761153238373.0,0adab909-eb8f-4baf-9eed-7a4cc889cb7c,4C:96:8A:ED:6A:01,SPEN NA,-66,1761153230892
29451,1761153238684.0,0adab909-eb8f-4baf-9eed-7a4cc889cb7c,4C:96:8A:ED:6A:01,SPEN NA,-63,1761153230892
29452,1761153239005.0,0adab909-eb8f-4baf-9eed-7a4cc889cb7c,4C:96:8A:ED:6A:01,SPEN NA,-59,1761153230892
29453,1761153239026.0,0adab909-eb8f-4baf-9eed-7a4cc889cb7c,7A:66:38:FE:51:3C,,-88,1761153230892
29454,1761153239325.0,0adab909-eb8f-4baf-9eed-7a4cc889cb7c,4C:96:8A:ED:6A:01,SPEN NA,-61,1761153230892
29455,1761153239645.0,0adab909-eb8f-4baf-9eed-7a4cc889cb7c,4C:96:8A:ED:6A:01,SPEN NA,-58,1761153230892
29456,1761153239938.0,0adab909-eb8f-4baf-9eed-7a4cc889cb7c,4C:96:8A:ED:6A:01,SPEN NA,-58,1761153230892
29457,1761153240274.0,0adab909-eb8f-4baf-9eed-7a4cc889cb7c,4C:96:8A:ED:6A:01,SPEN NA,-65,1761153230892
29458,1761153240580.0,0adab909-eb8f-4baf-9eed-7a4cc889cb7c,4C:96:8A:ED:6A:01,SPEN NA,-61,1761153230892
29459,1761153240901.0,0adab909-eb8f-4baf-9eed-7a4cc889cb7c,4C:96:8A:ED:6A:01,SPEN NA,-63,1761153230892
29460,1761153241526.0,0adab909-eb8f-4baf-9eed-7a4cc889cb7c,4C:96:8A:ED:6A:01,SPEN NA,-61,1761153230892
29461,1761153241833.0,0adab909-eb8f-4baf-9eed-7a4cc889cb7c,4C:96:8A:ED:6A:01,SPEN NA,-61,1761153230892
29462,1761153243210.0,0adab909-eb8f-4baf-9eed-7a4cc889cb7c,4C:96:8A:ED:6A:01,SPEN NA,-65,1761153230892
29463,1761153830967.0,0adab909-eb8f-4baf-9eed-7a4cc889cb7c,FF:10:10:AE:A7:64,Sunset lights,-81,1761153830908
29464,1761153830999.0,0adab909-eb8f-4baf-9eed-7a4cc889cb7c,57:61:D8:DD:B3:84,,-91,1761153830908
29465,1761153831018.0,0adab909-eb8f-4baf-9eed-7a4cc889cb7c,3F:B5:DE:4C:19:4B,,-90,1761153830908
29466,1761153831661.0,0adab909-eb8f-4baf-9eed-7a4cc889cb7c,49:BD:7F:B6:66:69,,-89,1761153830908
29467,1761153832282.0,0adab909-eb8f-4baf-9eed-7a4cc889cb7c,60:74:F4:72:90:3F,ihoment_H601B_903F,-85,1761153830908
29468,1761153832924.0,0adab909-eb8f-4baf-9eed-7a4cc889cb7c,60:74:F4:73:99:E7,ihoment_H601B_99E7,-90,1761153830908
29469,1761153833283.0,0adab909-eb8f-4baf-9eed-7a4cc889cb7c,63:75:BB:53:BE:4D,,-73,1761153830908
29470,1761153835794.0,0adab909-eb8f-4baf-9eed-7a4cc889cb7c,67:B0:E0:4B:AA:A0,,-93,1761153830908
29471,1761153840859.0,0adab909-eb8f-4baf-9eed-7a4cc889cb7c,F8:6B:14:EA:1F:24,Kai,-100,1761153830908
29472,1761154431459.0,0adab909-eb8f-4baf-9eed-7a4cc889cb7c,FF:10:10:AE:A7:64,Sunset lights,-81,1761154431350
29473,1761154433002.0,0adab909-eb8f-4baf-9eed-7a4cc889cb7c,60:74:F4:72:90:3F,ihoment_H601B_903F,-81,1761154431350
29474,1761154433688.0,0adab909-eb8f-4baf-9eed-7a4cc889cb7c,60:74:F4:73:99:E7,ihoment_H601B_99E7,-89,1761154431350
29475,1761154434293.0,0adab909-eb8f-4baf-9eed-7a4cc889cb7c,53:90:C5:9E:E8:F2,,-90,1761154431350
29476,1761154435578.0,0adab909-eb8f-4baf-9eed-7a4cc889cb7c,7C:58:B0:1D:56:DB,,-94,1761154431350
29477,1761154439764.0,0adab909-eb8f-4baf-9eed-7a4cc889cb7c,6D:76:E0:BB:37:C3,,-90,1761154431350
29478,1761155031385.0,0adab909-eb8f-4baf-9eed-7a4cc889cb7c,74:10:DE:28:A7:AF,,-90,1761155031307
29479,1761155031465.0,0adab909-eb8f-4baf-9eed-7a4cc889cb7c,FF:10:10:AE:A7:64,Sunset lights,-80,1761155031307
29480,1761155031689.0,0adab909-eb8f-4baf-9eed-7a4cc889cb7c,7C:58:B0:1D:56:DB,,-89,1761155031307
29481,1761155032668.0,0adab909-eb8f-4baf-9eed-7a4cc889cb7c,53:90:C5:9E:E8:F2,,-90,1761155031307
29482,1761155032697.0,0adab909-eb8f-4baf-9eed-7a4cc889cb7c,60:74:F4:72:90:3F,ihoment_H601B_903F,-85,1761155031307
29483,1761155033611.0,0adab909-eb8f-4baf-9eed-7a4cc889cb7c,60:74:F4:73:99:E7,ihoment_H601B_99E7,-89,1761155031307
29484,1761155037534.0,0adab909-eb8f-4baf-9eed-7a4cc889cb7c,20:C7:2E:F6:0A:DA,,-86,1761155031307
29485,1761155038139.0,0adab909-eb8f-4baf-9eed-7a4cc889cb7c,6B:E0:45:A1:D3:84,,-84,1761155031307
29486,1761155633260.0,0adab909-eb8f-4baf-9eed-7a4cc889cb7c,7A:79:13:2D:6B:22,,-89,1761155632804
29487,1761155633813.0,0adab909-eb8f-4baf-9eed-7a4cc889cb7c,60:74:F4:73:99:E7,ihoment_H601B_99E7,-90,1761155632804
29488,1761155633837.0,0adab909-eb8f-4baf-9eed-7a4cc889cb7c,FF:10:10:AE:A7:64,Sunset lights,-76,1761155632804
29489,1761155633852.0,0adab909-eb8f-4baf-9eed-7a4cc889cb7c,60:74:F4:72:90:3F,ihoment_H601B_903F,-83,1761155632804
29490,1761155634511.0,0adab909-eb8f-4baf-9eed-7a4cc889cb7c,67:5D:8A:9A:BF:27,,-85,1761155632804
29491,1761155641855.0,0adab909-eb8f-4baf-9eed-7a4cc889cb7c,3B:8C:EA:DD:71:FF,,-94,1761155632804
29492,1761156220373.0,0adab909-eb8f-4baf-9eed-7a4cc889cb7c,60:74:F4:72:90:3F,ihoment_H601B_903F,-90,1761156218966
29493,1761156221312.0,0adab909-eb8f-4baf-9eed-7a4cc889cb7c,FF:10:10:AE:A7:64,Sunset lights,-82,1761156218966
29494,1761156222266.0,0adab909-eb8f-4baf-9eed-7a4cc889cb7c,60:74:F4:73:99:E7,ihoment_H601B_99E7,-91,1761156218966
29495,1761156684669.0,0adab909-eb8f-4baf-9eed-7a4cc889cb7c,4C:96:8A:ED:6A:01,SPEN NA,-45,1761156684624
29496,1761156684783.0,0adab909-eb8f-4baf-9eed-7a4cc889cb7c,FF:10:10:AE:A7:64,Sunset lights,-85,1761156684624
29497,1761156684988.0,0adab909-eb8f-4baf-9eed-7a4cc889cb7c,4C:96:8A:ED:6A:01,SPEN NA,127,1761156684624
29498,1761156685091.0,0adab909-eb8f-4baf-9eed-7a4cc889cb7c,4C:96:8A:ED:6A:01,SPEN NA,-47,1761156684624
29499,1761156685403.0,0adab909-eb8f-4baf-9eed-7a4cc889cb7c,4C:96:8A:ED:6A:01,SPEN NA,127,1761156684624
29500,1761156685969.0,0adab909-eb8f-4baf-9eed-7a4cc889cb7c,60:74:F4:73:99:E7,ihoment_H601B_99E7,-90,1761156684624
29501,1761156686662.0,0adab909-eb8f-4baf-9eed-7a4cc889cb7c,4C:96:8A:ED:6A:01,SPEN NA,-45,1761156684624
29502,1761156687090.0,0adab909-eb8f-4baf-9eed-7a4cc889cb7c,4C:96:8A:ED:6A:01,SPEN NA,-46,1761156684624
29503,1761156687304.0,0adab909-eb8f-4baf-9eed-7a4cc889cb7c,4C:96:8A:ED:6A:01,SPEN NA,-49,1761156684624
29504,1761156687625.0,0adab909-eb8f-4baf-9eed-7a4cc889cb7c,4C:96:8A:ED:6A:01,SPEN NA,-45,1761156684624
29505,1761156688254.0,0adab909-eb8f-4baf-9eed-7a4cc889cb7c,4C:96:8A:ED:6A:01,SPEN NA,-49,1761156684624
29506,1761156688567.0,0adab909-eb8f-4baf-9eed-7a4cc889cb7c,4C:96:8A:ED:6A:01,SPEN NA,-45,1761156684624
29507,1761156688872.0,0adab909-eb8f-4baf-9eed-7a4cc889cb7c,4C:96:8A:ED:6A:01,SPEN NA,-46,1761156684624
29508,1761156689201.0,0adab909-eb8f-4baf-9eed-7a4cc889cb7c,4C:96:8A:ED:6A:01,SPEN NA,-50,1761156684624
29509,1761156689499.0,0adab909-eb8f-4baf-9eed-7a4cc889cb7c,4C:96:8A:ED:6A:01,SPEN NA,-45,1761156684624
29510,1761156690467.0,0adab909-eb8f-4baf-9eed-7a4cc889cb7c,4C:96:8A:ED:6A:01,SPEN NA,-45,1761156684624
29511,1761156690866.0,0adab909-eb8f-4baf-9eed-7a4cc889cb7c,60:74:F4:72:90:3F,ihoment_H601B_903F,-85,1761156684624
29512,1761156691423.0,0adab909-eb8f-4baf-9eed-7a4cc889cb7c,4C:96:8A:ED:6A:01,SPEN NA,-46,1761156684624
29513,1761156692369.0,0adab909-eb8f-4baf-9eed-7a4cc889cb7c,4C:96:8A:ED:6A:01,SPEN NA,-47,1761156684624
29514,1761156692672.0,0adab909-eb8f-4baf-9eed-7a4cc889cb7c,4C:96:8A:ED:6A:01,SPEN NA,-46,1761156684624
29515,1761156693394.0,0adab909-eb8f-4baf-9eed-7a4cc889cb7c,4C:96:8A:ED:6A:01,SPEN NA,-45,1761156684624
29516,1761156694029.0,0adab909-eb8f-4baf-9eed-7a4cc889cb7c,4C:96:8A:ED:6A:01,SPEN NA,-51,1761156684624
29517,1761156694352.0,0adab909-eb8f-4baf-9eed-7a4cc889cb7c,4C:96:8A:ED:6A:01,SPEN NA,-46,1761156684624
29518,1761156694671.0,0adab909-eb8f-4baf-9eed-7a4cc889cb7c,4C:96:8A:ED:6A:01,SPEN NA,-48,1761156684624
29519,1761156694974.0,0adab909-eb8f-4baf-9eed-7a4cc889cb7c,4C:96:8A:ED:6A:01,SPEN NA,-48,1761156684624
29520,1761156695270.0,0adab909-eb8f-4baf-9eed-7a4cc889cb7c,4C:96:8A:ED:6A:01,SPEN NA,-46,1761156684624
29521,1761156695589.0,0adab909-eb8f-4baf-9eed-7a4cc889cb7c,4C:96:8A:ED:6A:01,SPEN NA,-46,1761156684624
29522,1761156695922.0,0adab909-eb8f-4baf-9eed-7a4cc889cb7c,4C:96:8A:ED:6A:01,SPEN NA,-50,1761156684624
29523,1761156696223.0,0adab909-eb8f-4baf-9eed-7a4cc889cb7c,4C:96:8A:ED:6A:01,SPEN NA,-46,1761156684624
29524,1761156696546.0,0adab909-eb8f-4baf-9eed-7a4cc889cb7c,4C:96:8A:ED:6A:01,SPEN NA,-47,1761156684624
29525,1761156696855.0,0adab909-eb8f-4baf-9eed-7a4cc889cb7c,4C:96:8A:ED:6A:01,SPEN NA,-50,1761156684624
29526,1761156697180.0,0adab909-eb8f-4baf-9eed-7a4cc889cb7c,4C:96:8A:ED:6A:01,SPEN NA,-46,1761156684624
29527,1761156697563.0,0adab909-eb8f-4baf-9eed-7a4cc889cb7c,FF:10:10:AE:A7:64,Sunset lights,-82,1761156684624
29528,1761156697586.0,0adab909-eb8f-4baf-9eed-7a4cc889cb7c,4C:96:8A:ED:6A:01,SPEN NA,-46,1761156684624
29529,1761156698629.0,0adab909-eb8f-4baf-9eed-7a4cc889cb7c,60:74:F4:72:90:3F,ihoment_H601B_903F,-81,1761156684624
29530,1761156698656.0,0adab909-eb8f-4baf-9eed-7a4cc889cb7c,60:74:F4:73:99:E7,ihoment_H601B_99E7,-89,1761156684624
29531,1761157239985.0,0adab909-eb8f-4baf-9eed-7a4cc889cb7c,FF:10:10:AE:A7:64,Sunset lights,-85,1761157238912
29532,1761157240613.0,0adab909-eb8f-4baf-9eed-7a4cc889cb7c,60:74:F4:73:99:E7,ihoment_H601B_99E7,-84,1761157238912
29533,1761157240630.0,0adab909-eb8f-4baf-9eed-7a4cc889cb7c,60:74:F4:72:90:3F,ihoment_H601B_903F,-83,1761157238912
29534,1761157252297.0,0adab909-eb8f-4baf-9eed-7a4cc889cb7c,60:74:F4:72:90:3F,ihoment_H601B_903F,-94,1761157238912
29535,1761157253663.0,0adab909-eb8f-4baf-9eed-7a4cc889cb7c,60:74:F4:73:99:E7,ihoment_H601B_99E7,-84,1761157238912
29536,1761157254284.0,0adab909-eb8f-4baf-9eed-7a4cc889cb7c,FF:10:10:AE:A7:64,Sunset lights,-77,1761157238912
29537,1761157911551.0,0adab909-eb8f-4baf-9eed-7a4cc889cb7c,60:74:F4:73:99:E7,ihoment_H601B_99E7,-90,1761157911547
29538,1761157912570.0,0adab909-eb8f-4baf-9eed-7a4cc889cb7c,FF:10:10:AE:A7:64,Sunset lights,-82,1761157911547
29539,1761157912919.0,0adab909-eb8f-4baf-9eed-7a4cc889cb7c,60:74:F4:72:90:3F,ihoment_H601B_903F,-90,1761157911547
29540,1761157920575.0,0adab909-eb8f-4baf-9eed-7a4cc889cb7c,A4:C1:38:50:B0:08,LEDBLE-00-B008,-89,1761157911547
29541,1761158511789.0,0adab909-eb8f-4baf-9eed-7a4cc889cb7c,FF:10:10:AE:A7:64,Sunset lights,-84,1761158511767
29542,1761158511807.0,0adab909-eb8f-4baf-9eed-7a4cc889cb7c,60:74:F4:72:90:3F,ihoment_H601B_903F,-88,1761158511767
29543,1761158512346.0,0adab909-eb8f-4baf-9eed-7a4cc889cb7c,60:74:F4:73:99:E7,ihoment_H601B_99E7,-88,1761158511767
29544,1761159115482.0,0adab909-eb8f-4baf-9eed-7a4cc889cb7c,FF:10:10:AE:A7:64,Sunset lights,-77,1761159111673
29545,1761159118535.0,0adab909-eb8f-4baf-9eed-7a4cc889cb7c,60:74:F4:73:99:E7,ihoment_H601B_99E7,-82,1761159111673
29546,1761159764322.0,0adab909-eb8f-4baf-9eed-7a4cc889cb7c,60:74:F4:73:99:E7,ihoment_H601B_99E7,-90,1761159764110
29547,1761159764402.0,0adab909-eb8f-4baf-9eed-7a4cc889cb7c,FF:10:10:AE:A7:64,Sunset lights,-82,1761159764110
29548,1761159764988.0,0adab909-eb8f-4baf-9eed-7a4cc889cb7c,44:C1:03:4E:1D:41,,-88,1761159764110
29549,1761159765614.0,0adab909-eb8f-4baf-9eed-7a4cc889cb7c,60:74:F4:72:90:3F,ihoment_H601B_903F,-74,1761159764110
29550,1761160363965.0,0adab909-eb8f-4baf-9eed-7a4cc889cb7c,FF:10:10:AE:A7:64,Sunset lights,-83,1761160363961
29551,1761160363982.0,0adab909-eb8f-4baf-9eed-7a4cc889cb7c,60:74:F4:72:90:3F,ihoment_H601B_903F,-80,1761160363961
29552,1761160364295.0,0adab909-eb8f-4baf-9eed-7a4cc889cb7c,60:74:F4:73:99:E7,ihoment_H601B_99E7,-88,1761160363961
29553,1761160963570.0,0adab909-eb8f-4baf-9eed-7a4cc889cb7c,60:74:F4:72:90:3F,ihoment_H601B_903F,-81,1761160963483
29554,1761160963588.0,0adab909-eb8f-4baf-9eed-7a4cc889cb7c,60:74:F4:73:99:E7,ihoment_H601B_99E7,-87,1761160963483
29555,1761160963900.0,0adab909-eb8f-4baf-9eed-7a4cc889cb7c,FF:10:10:AE:A7:64,Sunset lights,-76,1761160963483
29556,1761160964879.0,0adab909-eb8f-4baf-9eed-7a4cc889cb7c,67:C6:BD:2A:A5:72,,-89,1761160963483
29557,1761161564699.0,0adab909-eb8f-4baf-9eed-7a4cc889cb7c,60:74:F4:72:90:3F,ihoment_H601B_903F,-81,1761161564683
29558,1761161564817.0,0adab909-eb8f-4baf-9eed-7a4cc889cb7c,60:74:F4:73:99:E7,ihoment_H601B_99E7,-84,1761161564683
29559,1761161565621.0,0adab909-eb8f-4baf-9eed-7a4cc889cb7c,67:C6:BD:2A:A5:72,,-83,1761161564683
29560,1761161565645.0,0adab909-eb8f-4baf-9eed-7a4cc889cb7c,FF:10:10:AE:A7:64,Sunset lights,-81,1761161564683
29561,1761161573348.0,0adab909-eb8f-4baf-9eed-7a4cc889cb7c,6A:CB:4D:B2:EF:C9,,-76,1761161564683
29562,1761162095738.0,0adab909-eb8f-4baf-9eed-7a4cc889cb7c,FF:10:10:AE:A7:64,Sunset lights,-82,1761162095680
29563,1761162095766.0,0adab909-eb8f-4baf-9eed-7a4cc889cb7c,CF:33:36:32:4C:1E,Govee_H6054_4C1E,-77,1761162095680
29564,1761162095785.0,0adab909-eb8f-4baf-9eed-7a4cc889cb7c,79:72:D7:AB:CD:F9,,-56,1761162095680
29565,1761162097047.0,0adab909-eb8f-4baf-9eed-7a4cc889cb7c,6A:CB:4D:B2:EF:C9,,-80,1761162095680
29566,1761162695692.0,0adab909-eb8f-4baf-9eed-7a4cc889cb7c,60:74:F4:73:99:E7,ihoment_H601B_99E7,-88,1761162695632
29567,1761162696043.0,0adab909-eb8f-4baf-9eed-7a4cc889cb7c,FF:10:10:AE:A7:64,Sunset lights,-80,1761162695632
29568,1761162696065.0,0adab909-eb8f-4baf-9eed-7a4cc889cb7c,70:A2:DA:AE:FD:E4,,-92,1761162695632
29569,1761162696081.0,0adab909-eb8f-4baf-9eed-7a4cc889cb7c,CF:33:36:32:4C:1E,Govee_H6054_4C1E,-82,1761162695632
29570,1761162696736.0,0adab909-eb8f-4baf-9eed-7a4cc889cb7c,60:74:F4:72:90:3F,ihoment_H601B_903F,-74,1761162695632
29571,1761162697039.0,0adab909-eb8f-4baf-9eed-7a4cc889cb7c,77:61:A3:CC:18:9E,,-84,1761162695632
29572,1761162698004.0,0adab909-eb8f-4baf-9eed-7a4cc889cb7c,17:36:11:68:11:96,,-85,1761162695632
29573,1761162698317.0,0adab909-eb8f-4baf-9eed-7a4cc889cb7c,07:8C:91:81:60:E7,,-85,1761162695632
29574,1761162704388.0,0adab909-eb8f-4baf-9eed-7a4cc889cb7c,5D:41:0B:B9:D6:2D,,-86,1761162695632
29575,1761163611719.0,0adab909-eb8f-4baf-9eed-7a4cc889cb7c,5D:41:0B:B9:D6:2D,,-87,1761163611491
29576,1761163612284.0,0adab909-eb8f-4baf-9eed-7a4cc889cb7c,CF:33:36:32:4C:1E,Govee_H6054_4C1E,-79,1761163611491
29577,1761163615690.0,0adab909-eb8f-4baf-9eed-7a4cc889cb7c,77:61:A3:CC:18:9E,,-83,1761163611491
29578,1761163616308.0,0adab909-eb8f-4baf-9eed-7a4cc889cb7c,84:AC:60:6A:3E:9B,,-88,1761163611491
29579,1761163618106.0,0adab909-eb8f-4baf-9eed-7a4cc889cb7c,FF:10:10:AE:A7:64,Sunset lights,-81,1761163611491
29580,1761163624260.0,0adab909-eb8f-4baf-9eed-7a4cc889cb7c,CF:33:36:32:4C:1E,Govee_H6054_4C1E,-75,1761163611491
29581,1761164156214.0,0adab909-eb8f-4baf-9eed-7a4cc889cb7c,FF:10:10:AE:A7:64,Sunset lights,-91,1761164155846
29582,1761164158501.0,0adab909-eb8f-4baf-9eed-7a4cc889cb7c,55:35:AD:FD:1D:8C,,-82,1761164155846
29583,1761164169898.0,0adab909-eb8f-4baf-9eed-7a4cc889cb7c,FF:10:10:AE:A7:64,Sunset lights,-78,1761164155846
29584,1761164463224.0,0adab909-eb8f-4baf-9eed-7a4cc889cb7c,C0:E7:DF:10:8C:80,,-90,1761164448166
29585,1761165023353.0,0adab909-eb8f-4baf-9eed-7a4cc889cb7c,FF:10:10:AE:A7:64,Sunset lights,-75,1761165023272
29586,1761165028487.0,0adab909-eb8f-4baf-9eed-7a4cc889cb7c,55:35:AD:FD:1D:8C,,-72,1761165023272
29587,1761165036243.0,0adab909-eb8f-4baf-9eed-7a4cc889cb7c,FF:10:10:AE:A7:64,Sunset lights,-79,1761165023272
29588,1761165683391.0,0adab909-eb8f-4baf-9eed-7a4cc889cb7c,FF:10:10:AE:A7:64,Sunset lights,-80,1761165683324
29589,1761165684373.0,0adab909-eb8f-4baf-9eed-7a4cc889cb7c,45:B8:FC:FF:B5:59,,-92,1761165683324
29590,1761165696265.0,0adab909-eb8f-4baf-9eed-7a4cc889cb7c,FF:10:10:AE:A7:64,Sunset lights,-77,1761165683324
29591,1761166311329.0,0adab909-eb8f-4baf-9eed-7a4cc889cb7c,FF:10:10:AE:A7:64,Sunset lights,-90,1761166311264
29592,1761166312343.0,0adab909-eb8f-4baf-9eed-7a4cc889cb7c,45:B8:FC:FF:B5:59,,-88,1761166311264
29593,1761166324108.0,0adab909-eb8f-4baf-9eed-7a4cc889cb7c,FF:10:10:AE:A7:64,Sunset lights,-85,1761166311264
29594,1761166916491.0,0adab909-eb8f-4baf-9eed-7a4cc889cb7c,FF:10:10:AE:A7:64,Sunset lights,-82,1761166911353
29595,1761166916527.0,0adab909-eb8f-4baf-9eed-7a4cc889cb7c,75:5C:1E:A1:D3:02,,-83,1761166911353
29596,1761166924067.0,0adab909-eb8f-4baf-9eed-7a4cc889cb7c,FF:10:10:AE:A7:64,Sunset lights,-84,1761166911353
29597,1761167511923.0,0adab909-eb8f-4baf-9eed-7a4cc889cb7c,75:5C:1E:A1:D3:02,,-78,1761167511182
29598,1761167519360.0,0adab909-eb8f-4baf-9eed-7a4cc889cb7c,FF:10:10:AE:A7:64,Sunset lights,-90,1761167511182
29599,1761167524647.0,0adab909-eb8f-4baf-9eed-7a4cc889cb7c,FF:10:10:AE:A7:64,Sunset lights,-91,1761167511182
29600,1761168111281.0,0adab909-eb8f-4baf-9eed-7a4cc889cb7c,FF:10:10:AE:A7:64,Sunset lights,-80,1761168111191
29601,1761168121160.0,0adab909-eb8f-4baf-9eed-7a4cc889cb7c,43:95:A1:28:95:51,,-77,1761168111191
29602,1761168124139.0,0adab909-eb8f-4baf-9eed-7a4cc889cb7c,FF:10:10:AE:A7:64,Sunset lights,-81,1761168111191
29603,1761168711718.0,0adab909-eb8f-4baf-9eed-7a4cc889cb7c,FF:10:10:AE:A7:64,Sunset lights,-79,1761168711640
29604,1761168717057.0,0adab909-eb8f-4baf-9eed-7a4cc889cb7c,43:95:A1:28:95:51,,-73,1761168711640
29605,1761168724691.0,0adab909-eb8f-4baf-9eed-7a4cc889cb7c,FF:10:10:AE:A7:64,Sunset lights,-73,1761168711640
29606,1761169325007.0,0adab909-eb8f-4baf-9eed-7a4cc889cb7c,72:A6:46:BE:66:FC,,-77,1761169324624
29607,1761169325346.0,0adab909-eb8f-4baf-9eed-7a4cc889cb7c,4E:80:BA:7D:F5:97,,-88,1761169324624
29608,1761169326952.0,0adab909-eb8f-4baf-9eed-7a4cc889cb7c,4D:6E:2E:9A:16:FA,,-76,1761169324624
29609,1761169326974.0,0adab909-eb8f-4baf-9eed-7a4cc889cb7c,59:5D:46:1A:58:16,,-76,1761169324624
29610,1761169327238.0,0adab909-eb8f-4baf-9eed-7a4cc889cb7c,C3:F5:7F:8B:F1:7D,Hue Lamp,-78,1761169324624
29611,1761169337550.0,0adab909-eb8f-4baf-9eed-7a4cc889cb7c,C3:F5:7F:8B:F1:7D,Hue Lamp,-82,1761169324624
29612,1761169337587.0,0adab909-eb8f-4baf-9eed-7a4cc889cb7c,F4:FE:FB:45:44:C9,,-77,1761169324624
29613,1761169337615.0,0adab909-eb8f-4baf-9eed-7a4cc889cb7c,CB:BB:ED:E6:33:66,,-83,1761169324624
29614,1761169338549.0,0adab909-eb8f-4baf-9eed-7a4cc889cb7c,4E:80:BA:7D:F5:97,,-84,1761169324624
29615,1761169338648.0,0adab909-eb8f-4baf-9eed-7a4cc889cb7c,4D:6E:2E:9A:16:FA,,-71,1761169324624
29616,1761169339560.0,0adab909-eb8f-4baf-9eed-7a4cc889cb7c,59:5D:46:1A:58:16,,-84,1761169324624
29617,1761169868637.0,0adab909-eb8f-4baf-9eed-7a4cc889cb7c,FF:10:10:AE:A7:64,Sunset lights,-78,1761169867953
29618,1761169870347.0,0adab909-eb8f-4baf-9eed-7a4cc889cb7c,4C:C5:C1:6C:8B:EA,,-84,1761169867953
29619,1761169880913.0,0adab909-eb8f-4baf-9eed-7a4cc889cb7c,FF:10:10:AE:A7:64,Sunset lights,-77,1761169867953
29620,1761169880962.0,0adab909-eb8f-4baf-9eed-7a4cc889cb7c,CE:51:24:80:D2:81,,-81,1761169867953
29621,1761169884058.0,0adab909-eb8f-4baf-9eed-7a4cc889cb7c,FF:10:10:AE:A7:64,Sunset lights,-78,1761169867953
29622,1761170514423.0,0adab909-eb8f-4baf-9eed-7a4cc889cb7c,4C:C5:C1:6C:8B:EA,,-84,1761170510799
29623,1761170516312.0,0adab909-eb8f-4baf-9eed-7a4cc889cb7c,FF:10:10:AE:A7:64,Sunset lights,-80,1761170510799
29624,1761171112171.0,0adab909-eb8f-4baf-9eed-7a4cc889cb7c,4F:81:71:1F:AD:33,,-77,1761171111151
29625,1761171112211.0,0adab909-eb8f-4baf-9eed-7a4cc889cb7c,FF:10:10:AE:A7:64,Sunset lights,-78,1761171111151
29626,1761171124130.0,0adab909-eb8f-4baf-9eed-7a4cc889cb7c,FF:10:10:AE:A7:64,Sunset lights,-82,1761171111151
29627,1761171124164.0,0adab909-eb8f-4baf-9eed-7a4cc889cb7c,4F:81:71:1F:AD:33,,-76,1761171111151
29628,1761171125354.0,0adab909-eb8f-4baf-9eed-7a4cc889cb7c,4F:1D:40:C5:F9:D9,,-91,1761171111151
29629,1761172013427.0,0adab909-eb8f-4baf-9eed-7a4cc889cb7c,FF:10:10:AE:A7:64,Sunset lights,-78,1761172012886
29630,1761172017265.0,0adab909-eb8f-4baf-9eed-7a4cc889cb7c,4F:81:71:1F:AD:33,,-85,1761172012886
29631,1761172311736.0,0adab909-eb8f-4baf-9eed-7a4cc889cb7c,FF:10:10:AE:A7:64,Sunset lights,-78,1761172311655
29632,1761172317574.0,0adab909-eb8f-4baf-9eed-7a4cc889cb7c,61:31:22:83:20:C8,,-71,1761172311655
29633,1761173045053.0,0adab909-eb8f-4baf-9eed-7a4cc889cb7c,FF:10:10:AE:A7:64,Sunset lights,-78,1761173044650
29634,1761173049586.0,0adab909-eb8f-4baf-9eed-7a4cc889cb7c,61:31:22:83:20:C8,,-73,1761173044650
29635,1761173592077.0,0adab909-eb8f-4baf-9eed-7a4cc889cb7c,FF:10:10:AE:A7:64,Sunset lights,-77,1761173591675
29636,1761173600729.0,0adab909-eb8f-4baf-9eed-7a4cc889cb7c,4B:E7:5D:54:98:DE,,-73,1761173591675
29637,1761174246705.0,0adab909-eb8f-4baf-9eed-7a4cc889cb7c,4B:E7:5D:54:98:DE,,-73,1761174245658
29638,1761174248660.0,0adab909-eb8f-4baf-9eed-7a4cc889cb7c,FF:10:10:AE:A7:64,Sunset lights,-82,1761174245658
29639,1761174698729.0,0adab909-eb8f-4baf-9eed-7a4cc889cb7c,FF:10:10:AE:A7:64,Sunset lights,-80,1761174697617
29640,1761174699972.0,0adab909-eb8f-4baf-9eed-7a4cc889cb7c,4B:E7:5D:54:98:DE,,-74,1761174697617
29641,1761175598350.0,0adab909-eb8f-4baf-9eed-7a4cc889cb7c,FF:10:10:AE:A7:64,Sunset lights,-78,1761175597847
29642,1761175602208.0,0adab909-eb8f-4baf-9eed-7a4cc889cb7c,70:72:C3:13:6F:19,,-77,1761175597847
29643,1761175898671.0,0adab909-eb8f-4baf-9eed-7a4cc889cb7c,FF:10:10:AE:A7:64,Sunset lights,-76,1761175898591
29644,1761175905418.0,0adab909-eb8f-4baf-9eed-7a4cc889cb7c,70:72:C3:13:6F:19,,-72,1761175898591
29645,1761176499135.0,0adab909-eb8f-4baf-9eed-7a4cc889cb7c,FF:10:10:AE:A7:64,Sunset lights,-80,1761176499131
29646,1761176501298.0,0adab909-eb8f-4baf-9eed-7a4cc889cb7c,75:B7:6D:FB:2C:78,,-75,1761176499131
29647,1761177030045.0,0adab909-eb8f-4baf-9eed-7a4cc889cb7c,FF:10:10:AE:A7:64,Sunset lights,-80,1761177029821
29648,1761177630986.0,0adab909-eb8f-4baf-9eed-7a4cc889cb7c,FF:10:10:AE:A7:64,Sunset lights,-79,1761177630583
29649,1761177633900.0,0adab909-eb8f-4baf-9eed-7a4cc889cb7c,6A:C8:1D:64:31:B5,,-74,1761177630583
29650,1761178234578.0,0adab909-eb8f-4baf-9eed-7a4cc889cb7c,FF:10:10:AE:A7:64,Sunset lights,-80,1761178230688
29651,1761178235849.0,0adab909-eb8f-4baf-9eed-7a4cc889cb7c,6A:C8:1D:64:31:B5,,-71,1761178230688
29652,1761179062634.0,0adab909-eb8f-4baf-9eed-7a4cc889cb7c,FF:10:10:AE:A7:64,Sunset lights,-80,1761179061606
29653,1761179068481.0,0adab909-eb8f-4baf-9eed-7a4cc889cb7c,76:18:9F:F6:E4:22,,-73,1761179061606
29654,1761179661604.0,0adab909-eb8f-4baf-9eed-7a4cc889cb7c,FF:10:10:AE:A7:64,Sunset lights,-77,1761179660574
29655,1761179664816.0,0adab909-eb8f-4baf-9eed-7a4cc889cb7c,76:18:9F:F6:E4:22,,-72,1761179660574
29656,1761180261975.0,0adab909-eb8f-4baf-9eed-7a4cc889cb7c,FF:10:10:AE:A7:64,Sunset lights,-72,1761180261831
29657,1761180266491.0,0adab909-eb8f-4baf-9eed-7a4cc889cb7c,6F:94:34:0E:82:B8,,-71,1761180261831
29658,1761180907954.0,0adab909-eb8f-4baf-9eed-7a4cc889cb7c,FF:10:10:AE:A7:64,Sunset lights,-81,1761180905825
29659,1761180910836.0,0adab909-eb8f-4baf-9eed-7a4cc889cb7c,6F:94:34:0E:82:B8,,-74,1761180905825
29660,1761181507227.0,0adab909-eb8f-4baf-9eed-7a4cc889cb7c,FF:10:10:AE:A7:64,Sunset lights,-79,1761181504645
29661,1761182104980.0,0adab909-eb8f-4baf-9eed-7a4cc889cb7c,FF:10:10:AE:A7:64,Sunset lights,-81,1761182104779
29662,1761182107590.0,0adab909-eb8f-4baf-9eed-7a4cc889cb7c,4B:7F:E7:E9:50:8D,,-74,1761182104779
29663,1761182650329.0,0adab909-eb8f-4baf-9eed-7a4cc889cb7c,FF:10:10:AE:A7:64,Sunset lights,-80,1761182649560
29664,1761182650885.0,0adab909-eb8f-4baf-9eed-7a4cc889cb7c,6D:27:53:0A:10:0F,,-73,1761182649560
29665,1761183251977.0,0adab909-eb8f-4baf-9eed-7a4cc889cb7c,FF:10:10:AE:A7:64,Sunset lights,-79,1761183249544
29666,1761183253825.0,0adab909-eb8f-4baf-9eed-7a4cc889cb7c,6D:27:53:0A:10:0F,,-75,1761183249544
29667,1761183851318.0,0adab909-eb8f-4baf-9eed-7a4cc889cb7c,FF:10:10:AE:A7:64,Sunset lights,-77,1761183849538
29668,1761183855761.0,0adab909-eb8f-4baf-9eed-7a4cc889cb7c,67:26:43:23:6A:1F,,-72,1761183849538
29669,1761184450181.0,0adab909-eb8f-4baf-9eed-7a4cc889cb7c,FF:10:10:AE:A7:64,Sunset lights,-76,1761184449894
29670,1761184450621.0,0adab909-eb8f-4baf-9eed-7a4cc889cb7c,67:26:43:23:6A:1F,,-73,1761184449894
29671,1761184981979.0,0adab909-eb8f-4baf-9eed-7a4cc889cb7c,FF:10:10:AE:A7:64,Sunset lights,-77,1761184980724
29672,1761185582215.0,0adab909-eb8f-4baf-9eed-7a4cc889cb7c,FF:10:10:AE:A7:64,Sunset lights,-84,1761185580539
29673,1761185583232.0,0adab909-eb8f-4baf-9eed-7a4cc889cb7c,65:59:4E:6F:91:B0,,-82,1761185580539
29674,1761186466403.0,0adab909-eb8f-4baf-9eed-7a4cc889cb7c,FF:10:10:AE:A7:64,Sunset lights,-75,1761186465562
29675,1761186466952.0,0adab909-eb8f-4baf-9eed-7a4cc889cb7c,6C:48:DB:4B:5E:8F,,-73,1761186465562
29676,1761186698915.0,0adab909-eb8f-4baf-9eed-7a4cc889cb7c,FF:10:10:AE:A7:64,Sunset lights,-77,1761186697515
29677,1761186700223.0,0adab909-eb8f-4baf-9eed-7a4cc889cb7c,6C:48:DB:4B:5E:8F,,-87,1761186697515
29678,1761187297945.0,0adab909-eb8f-4baf-9eed-7a4cc889cb7c,FF:10:10:AE:A7:64,Sunset lights,-79,1761187297736
29679,1761187898645.0,0adab909-eb8f-4baf-9eed-7a4cc889cb7c,72:92:A7:74:D5:BB,,-76,1761187897743
29680,1761187898893.0,0adab909-eb8f-4baf-9eed-7a4cc889cb7c,FF:10:10:AE:A7:64,Sunset lights,-79,1761187897743
29681,1761188499381.0,0adab909-eb8f-4baf-9eed-7a4cc889cb7c,FF:10:10:AE:A7:64,Sunset lights,-79,1761188499091
29682,1761188503844.0,0adab909-eb8f-4baf-9eed-7a4cc889cb7c,44:B6:24:03:66:68,,-70,1761188499091
29683,1761189031932.0,0adab909-eb8f-4baf-9eed-7a4cc889cb7c,FF:10:10:AE:A7:64,Sunset lights,-79,1761189030471
29684,1761189033491.0,0adab909-eb8f-4baf-9eed-7a4cc889cb7c,49:D3:87:E7:90:08,,-72,1761189030471
29685,1761189630499.0,0adab909-eb8f-4baf-9eed-7a4cc889cb7c,49:D3:87:E7:90:08,,-68,1761189630482
29686,1761189630559.0,0adab909-eb8f-4baf-9eed-7a4cc889cb7c,FF:10:10:AE:A7:64,Sunset lights,-76,1761189630482
29687,1761190231221.0,0adab909-eb8f-4baf-9eed-7a4cc889cb7c,FF:10:10:AE:A7:64,Sunset lights,-79,1761190230488
29688,1761190241133.0,0adab909-eb8f-4baf-9eed-7a4cc889cb7c,78:75:0B:5A:EE:2E,,-68,1761190230488
29689,1761191062491.0,0adab909-eb8f-4baf-9eed-7a4cc889cb7c,5B:EB:0A:27:8B:1A,,-68,1761191062446
29690,1761191062848.0,0adab909-eb8f-4baf-9eed-7a4cc889cb7c,FF:10:10:AE:A7:64,Sunset lights,-74,1761191062446
29691,1761191070856.0,0adab909-eb8f-4baf-9eed-7a4cc889cb7c,78:75:0B:5A:EE:2E,,-74,1761191062446
29692,1761191662504.0,0adab909-eb8f-4baf-9eed-7a4cc889cb7c,4A:DE:22:63:48:B5,,-93,1761191662460
29693,1761191662549.0,0adab909-eb8f-4baf-9eed-7a4cc889cb7c,FF:10:10:AE:A7:64,Sunset lights,-75,1761191662460
29694,1761191663522.0,0adab909-eb8f-4baf-9eed-7a4cc889cb7c,71:F9:E8:4F:06:A3,,-69,1761191662460
29695,1761191670237.0,0adab909-eb8f-4baf-9eed-7a4cc889cb7c,79:3A:C3:B6:F5:7A,,-78,1761191662460
29696,1761192262468.0,0adab909-eb8f-4baf-9eed-7a4cc889cb7c,79:3A:C3:B6:F5:7A,,-73,1761192262449
29697,1761192262541.0,0adab909-eb8f-4baf-9eed-7a4cc889cb7c,FF:10:10:AE:A7:64,Sunset lights,-79,1761192262449
29698,1761192272190.0,0adab909-eb8f-4baf-9eed-7a4cc889cb7c,4A:DE:22:63:48:B5,,-91,1761192262449
29699,1761192965534.0,0adab909-eb8f-4baf-9eed-7a4cc889cb7c,59:55:DE:D9:5F:35,,-93,1761192965482
29700,1761192965928.0,0adab909-eb8f-4baf-9eed-7a4cc889cb7c,77:10:F3:81:07:D5,,-73,1761192965482
29701,1761192965948.0,0adab909-eb8f-4baf-9eed-7a4cc889cb7c,FF:10:10:AE:A7:64,Sunset lights,-77,1761192965482
29702,1761193266227.0,0adab909-eb8f-4baf-9eed-7a4cc889cb7c,FF:10:10:AE:A7:64,Sunset lights,-82,1761193265680
29703,1761193272643.0,0adab909-eb8f-4baf-9eed-7a4cc889cb7c,59:55:DE:D9:5F:35,,-91,1761193265680
29704,1761194470108.0,0adab909-eb8f-4baf-9eed-7a4cc889cb7c,FF:10:10:AE:A7:64,Sunset lights,-83,1761194465976
29705,1761194471703.0,0adab909-eb8f-4baf-9eed-7a4cc889cb7c,49:20:08:7E:8C:A8,,-94,1761194465976
29706,1761195067949.0,0adab909-eb8f-4baf-9eed-7a4cc889cb7c,FF:10:10:AE:A7:64,Sunset lights,-80,1761195067675
29707,1761195899208.0,0adab909-eb8f-4baf-9eed-7a4cc889cb7c,FF:10:10:AE:A7:64,Sunset lights,-83,1761195897657
29708,1761196259198.0,0adab909-eb8f-4baf-9eed-7a4cc889cb7c,FF:10:10:AE:A7:64,Sunset lights,-91,1761196258782
29709,1761196259859.0,0adab909-eb8f-4baf-9eed-7a4cc889cb7c,7B:C4:B9:00:5A:EF,,-86,1761196258782
29710,1761196260493.0,0adab909-eb8f-4baf-9eed-7a4cc889cb7c,74:46:45:0E:4A:E8,,-93,1761196258782
29711,1761197090635.0,0adab909-eb8f-4baf-9eed-7a4cc889cb7c,FF:10:10:AE:A7:64,Sunset lights,-90,1761197090632
29712,1761197092785.0,0adab909-eb8f-4baf-9eed-7a4cc889cb7c,75:02:01:6B:1A:5D,,-88,1761197090632
29713,1761197097255.0,0adab909-eb8f-4baf-9eed-7a4cc889cb7c,4E:41:8E:5D:48:77,,-94,1761197090632
29714,1761197468529.0,0adab909-eb8f-4baf-9eed-7a4cc889cb7c,4A:79:FD:D5:F0:5F,,-88,1761197461408
29715,1761197470791.0,0adab909-eb8f-4baf-9eed-7a4cc889cb7c,FF:10:10:AE:A7:64,Sunset lights,-84,1761197461408
29716,1761198293732.0,0adab909-eb8f-4baf-9eed-7a4cc889cb7c,FF:10:10:AE:A7:64,Sunset lights,-80,1761198290691
29717,1761198651648.0,0adab909-eb8f-4baf-9eed-7a4cc889cb7c,FF:10:10:AE:A7:64,Sunset lights,-83,1761198651646
29718,1761198652804.0,0adab909-eb8f-4baf-9eed-7a4cc889cb7c,44:7F:69:85:8F:75,,-91,1761198651646
29719,1761198655384.0,0adab909-eb8f-4baf-9eed-7a4cc889cb7c,7E:8A:64:D0:5C:B2,,-92,1761198651646
29720,1761198658936.0,0adab909-eb8f-4baf-9eed-7a4cc889cb7c,55:01:41:EC:AB:66,,-94,1761198651646
29721,1761198663109.0,0adab909-eb8f-4baf-9eed-7a4cc889cb7c,70:02:96:97:02:D8,,-91,1761198651646
29722,1761199422692.0,0adab909-eb8f-4baf-9eed-7a4cc889cb7c,FF:10:10:AE:A7:64,Sunset lights,-82,1761199422477
29723,1761199423856.0,0adab909-eb8f-4baf-9eed-7a4cc889cb7c,58:53:21:35:4F:97,,-88,1761199422477
29724,1761199430618.0,0adab909-eb8f-4baf-9eed-7a4cc889cb7c,4F:AC:46:51:6B:79,,-89,1761199422477
29725,1761199433305.0,0adab909-eb8f-4baf-9eed-7a4cc889cb7c,1C:E2:09:A2:51:AA,iPhone nisrin,-100,1761199422477
29726,1761200024806.0,0adab909-eb8f-4baf-9eed-7a4cc889cb7c,FF:10:10:AE:A7:64,Sunset lights,-84,1761200022642
29727,1761200657630.0,0adab909-eb8f-4baf-9eed-7a4cc889cb7c,FF:10:10:AE:A7:64,Sunset lights,-83,1761200657626
29728,1761201257393.0,0adab909-eb8f-4baf-9eed-7a4cc889cb7c,49:93:22:E4:9A:14,,-93,1761201257389
29729,1761201257743.0,0adab909-eb8f-4baf-9eed-7a4cc889cb7c,EF:58:94:E0:AF:88,DriveDot-7244,-93,1761201257389
29730,1761201257758.0,0adab909-eb8f-4baf-9eed-7a4cc889cb7c,00:5A:FB:34:0D:07,,-93,1761201257389
29731,1761201257772.0,0adab909-eb8f-4baf-9eed-7a4cc889cb7c,FF:10:10:AE:A7:64,Sunset lights,-80,1761201257389
29732,1761201262948.0,0adab909-eb8f-4baf-9eed-7a4cc889cb7c,E5:7C:2D:24:4E:DF,JBL Tune 520BT-LE,-90,1761201257389
29733,1761201269247.0,0adab909-eb8f-4baf-9eed-7a4cc889cb7c,F0:A8:82:60:25:3F,smartBox-B54A,-100,1761201257389
29734,1761201857656.0,0adab909-eb8f-4baf-9eed-7a4cc889cb7c,FF:10:10:AE:A7:64,Sunset lights,-84,1761201857654
29735,1761202390815.0,0adab909-eb8f-4baf-9eed-7a4cc889cb7c,FF:10:10:AE:A7:64,Sunset lights,-81,1761202389360
29736,1761202397226.0,0adab909-eb8f-4baf-9eed-7a4cc889cb7c,52:B7:D9:A2:7F:0D,JBL LIVE660NC-LE,-88,1761202389360
29737,1761202860544.0,0adab909-eb8f-4baf-9eed-7a4cc889cb7c,5E:6B:09:61:D8:E9,,-91,1761202860082
29738,1761202864374.0,0adab909-eb8f-4baf-9eed-7a4cc889cb7c,66:A8:DB:DA:67:ED,,-91,1761202860082
29739,1761202866270.0,0adab909-eb8f-4baf-9eed-7a4cc889cb7c,FF:10:10:AE:A7:64,Sunset lights,-80,1761202860082
29740,1761203590772.0,0adab909-eb8f-4baf-9eed-7a4cc889cb7c,57:42:B3:90:A7:B7,,-89,1761203589418
29741,1761203592683.0,0adab909-eb8f-4baf-9eed-7a4cc889cb7c,FF:10:10:AE:A7:64,Sunset lights,-81,1761203589418
29742,1761203598498.0,0adab909-eb8f-4baf-9eed-7a4cc889cb7c,4B:89:90:4B:D1:CF,,-90,1761203589418
29743,1761203601033.0,0adab909-eb8f-4baf-9eed-7a4cc889cb7c,73:FC:B9:27:13:C2,,-85,1761203589418
29744,1761204242848.0,0adab909-eb8f-4baf-9eed-7a4cc889cb7c,FF:10:10:AE:A7:64,Sunset lights,-86,1761204242356
29745,1761204246274.0,0adab909-eb8f-4baf-9eed-7a4cc889cb7c,7A:AC:91:7F:D6:01,,-91,1761204242356
29746,1761204648604.0,0adab909-eb8f-4baf-9eed-7a4cc889cb7c,FF:10:10:AE:A7:64,Sunset lights,-72,1761204644656
29747,1761204657571.0,0adab909-eb8f-4baf-9eed-7a4cc889cb7c,65:44:55:CD:1D:58,,-91,1761204644656
29748,1761204657592.0,0adab909-eb8f-4baf-9eed-7a4cc889cb7c,FF:10:10:AE:A7:64,Sunset lights,-71,1761204644656
29749,1761204657604.0,0adab909-eb8f-4baf-9eed-7a4cc889cb7c,17:7A:28:5E:02:1E,,-91,1761204644656
29750,1761205442669.0,0adab909-eb8f-4baf-9eed-7a4cc889cb7c,6D:62:22:51:08:B3,,-88,1761205442205
29751,1761205445569.0,0adab909-eb8f-4baf-9eed-7a4cc889cb7c,C0:71:BD:EA:F5:4E,Hue Lamp,-90,1761205442205
29752,1761205455096.0,0adab909-eb8f-4baf-9eed-7a4cc889cb7c,6D:62:22:51:08:B3,,-84,1761205442205
29753,1761205455132.0,0adab909-eb8f-4baf-9eed-7a4cc889cb7c,08:88:8D:99:7D:47,,-65,1761205442205
29754,1761205455173.0,0adab909-eb8f-4baf-9eed-7a4cc889cb7c,F4:FE:FB:45:44:C9,,-74,1761205442205
29755,1761205456229.0,0adab909-eb8f-4baf-9eed-7a4cc889cb7c,C0:71:BD:EA:F5:4E,Hue Lamp,-82,1761205442205
29756,1761205457250.0,0adab909-eb8f-4baf-9eed-7a4cc889cb7c,C3:F5:7F:8B:F1:7D,Hue Lamp,-87,1761205442205
29757,1761205883668.0,0adab909-eb8f-4baf-9eed-7a4cc889cb7c,FF:10:10:AE:A7:64,Sunset lights,-80,1761205883606
29758,1761205883735.0,0adab909-eb8f-4baf-9eed-7a4cc889cb7c,18:1D:B7:98:8F:1F,,-94,1761205883606
29759,1761205884067.0,0adab909-eb8f-4baf-9eed-7a4cc889cb7c,44:2E:37:CE:42:39,,-93,1761205883606
29760,1761205884323.0,0adab909-eb8f-4baf-9eed-7a4cc889cb7c,5A:DC:97:2B:E5:D1,,-87,1761205883606
29761,1761205884345.0,0adab909-eb8f-4baf-9eed-7a4cc889cb7c,38:4A:1F:AB:65:C9,,-93,1761205883606
29762,1761205884360.0,0adab909-eb8f-4baf-9eed-7a4cc889cb7c,71:AB:A3:9E:27:C1,,-86,1761205883606
29763,1761205884939.0,0adab909-eb8f-4baf-9eed-7a4cc889cb7c,50:57:ED:65:28:92,,-88,1761205883606
29764,1761205886537.0,0adab909-eb8f-4baf-9eed-7a4cc889cb7c,0E:33:9A:C4:3C:69,,-89,1761205883606
29765,1761205896500.0,0adab909-eb8f-4baf-9eed-7a4cc889cb7c,20:60:56:2A:5F:21,,-91,1761205883606
29766,1761205896529.0,0adab909-eb8f-4baf-9eed-7a4cc889cb7c,FF:10:10:AE:A7:64,Sunset lights,-74,1761205883606
29767,1761206634527.0,0adab909-eb8f-4baf-9eed-7a4cc889cb7c,FF:10:10:AE:A7:64,Sunset lights,-79,1761206634466
29768,1761206648506.0,0adab909-eb8f-4baf-9eed-7a4cc889cb7c,FF:10:10:AE:A7:64,Sunset lights,-71,1761206634466
29769,1761207234490.0,0adab909-eb8f-4baf-9eed-7a4cc889cb7c,40:F3:B0:73:07:0C,,-90,1761207234443
29770,1761207237450.0,0adab909-eb8f-4baf-9eed-7a4cc889cb7c,FF:10:10:AE:A7:64,Sunset lights,-76,1761207234443
29771,1761207238716.0,0adab909-eb8f-4baf-9eed-7a4cc889cb7c,7F:E3:85:55:D5:3A,,-94,1761207234443
29772,1761207247384.0,0adab909-eb8f-4baf-9eed-7a4cc889cb7c,FF:10:10:AE:A7:64,Sunset lights,-75,1761207234443
29773,1761207248600.0,0adab909-eb8f-4baf-9eed-7a4cc889cb7c,40:F3:B0:73:07:0C,,-85,1761207234443
29774,1761207833770.0,0adab909-eb8f-4baf-9eed-7a4cc889cb7c,FF:10:10:AE:A7:64,Sunset lights,-70,1761207831423
29775,1761207838564.0,0adab909-eb8f-4baf-9eed-7a4cc889cb7c,4F:86:4F:4E:61:EE,,-91,1761207831423
29776,1761207844333.0,0adab909-eb8f-4baf-9eed-7a4cc889cb7c,FF:10:10:AE:A7:64,Sunset lights,-71,1761207831423
29777,1761207845450.0,0adab909-eb8f-4baf-9eed-7a4cc889cb7c,4F:86:4F:4E:61:EE,,-90,1761207831423
29778,1761208434117.0,0adab909-eb8f-4baf-9eed-7a4cc889cb7c,FF:10:10:AE:A7:64,Sunset lights,-81,1761208431442
29779,1761208444363.0,0adab909-eb8f-4baf-9eed-7a4cc889cb7c,FF:10:10:AE:A7:64,Sunset lights,-80,1761208431442
29780,1761208444405.0,0adab909-eb8f-4baf-9eed-7a4cc889cb7c,C9:61:D1:62:C4:69,,-93,1761208431442
29781,1761209031530.0,0adab909-eb8f-4baf-9eed-7a4cc889cb7c,FF:10:10:AE:A7:64,Sunset lights,-80,1761209031420
29782,1761209039454.0,0adab909-eb8f-4baf-9eed-7a4cc889cb7c,6E:BC:46:00:00:3F,,-100,1761209031420
29783,1761209040013.0,0adab909-eb8f-4baf-9eed-7a4cc889cb7c,6E:BC:46:00:00:3F,OttO,-97,1761209031420
29784,1761209044392.0,0adab909-eb8f-4baf-9eed-7a4cc889cb7c,FF:10:10:AE:A7:64,Sunset lights,-76,1761209031420
29785,1761209631511.0,0adab909-eb8f-4baf-9eed-7a4cc889cb7c,FF:10:10:AE:A7:64,Sunset lights,-81,1761209631432
29786,1761209633825.0,0adab909-eb8f-4baf-9eed-7a4cc889cb7c,00:60:37:12:C3:6E,,-92,1761209631432
29787,1761210048317.0,0adab909-eb8f-4baf-9eed-7a4cc889cb7c,55:66:BD:32:EB:87,,-87,1761210047301
29788,1761210660062.0,0adab909-eb8f-4baf-9eed-7a4cc889cb7c,C3:F5:7F:8B:F1:7D,Hue Lamp,-85,1761210659322
29789,1761210661620.0,0adab909-eb8f-4baf-9eed-7a4cc889cb7c,C0:71:BD:EA:F5:4E,Hue Lamp,-87,1761210659322
29790,1761210662294.0,0adab909-eb8f-4baf-9eed-7a4cc889cb7c,45:00:05:25:8A:22,,-80,1761210659322
29791,1761210672683.0,0adab909-eb8f-4baf-9eed-7a4cc889cb7c,00:5D:24:9C:B6:E6,,-76,1761210659322
29792,1761210672740.0,0adab909-eb8f-4baf-9eed-7a4cc889cb7c,45:00:05:25:8A:22,,-91,1761210659322
29793,1761210672759.0,0adab909-eb8f-4baf-9eed-7a4cc889cb7c,F4:FE:FB:45:44:C9,,-90,1761210659322
29794,1761210673934.0,0adab909-eb8f-4baf-9eed-7a4cc889cb7c,C3:F5:7F:8B:F1:7D,Hue Lamp,-74,1761210659322
29795,1761211227719.0,0adab909-eb8f-4baf-9eed-7a4cc889cb7c,42:0A:F3:9C:CE:EB,,-85,1761211227362
29796,1761211227732.0,0adab909-eb8f-4baf-9eed-7a4cc889cb7c,5E:2C:5E:B6:EE:39,,-85,1761211227362
29797,1761211227743.0,0adab909-eb8f-4baf-9eed-7a4cc889cb7c,45:00:05:25:8A:22,,-93,1761211227362
29798,1761211228709.0,0adab909-eb8f-4baf-9eed-7a4cc889cb7c,44:27:F3:4F:E6:95,XiaomiWatchS1Active E695,-83,1761211227362
29799,1761211229669.0,0adab909-eb8f-4baf-9eed-7a4cc889cb7c,5F:6E:70:07:20:22,,-85,1761211227362
29800,1761211231250.0,0adab909-eb8f-4baf-9eed-7a4cc889cb7c,4D:44:F1:3F:18:81,,-91,1761211227362
29801,1761211237964.0,0adab909-eb8f-4baf-9eed-7a4cc889cb7c,C3:F5:7F:8B:F1:7D,Hue Lamp,-84,1761211227362
29802,1761211239275.0,0adab909-eb8f-4baf-9eed-7a4cc889cb7c,C0:71:BD:EA:F5:4E,Hue Lamp,-85,1761211227362
29803,1761211892930.0,0adab909-eb8f-4baf-9eed-7a4cc889cb7c,C3:F5:7F:8B:F1:7D,Hue Lamp,-92,1761211891506
29804,1761211905468.0,0adab909-eb8f-4baf-9eed-7a4cc889cb7c,38:A2:73:74:03:9D,,-81,1761211891506
29805,1761211905512.0,0adab909-eb8f-4baf-9eed-7a4cc889cb7c,C3:F5:7F:8B:F1:7D,Hue Lamp,-91,1761211891506
29806,1761212445033.0,0adab909-eb8f-4baf-9eed-7a4cc889cb7c,FF:10:10:AE:A7:64,Sunset lights,-89,1761212443287
29807,1761213057166.0,0adab909-eb8f-4baf-9eed-7a4cc889cb7c,FF:10:10:AE:A7:64,Sunset lights,-88,1761213052668
29808,1761213657305.0,0adab909-eb8f-4baf-9eed-7a4cc889cb7c,FF:10:10:AE:A7:64,Sunset lights,-76,1761213657241
29809,1761213657322.0,0adab909-eb8f-4baf-9eed-7a4cc889cb7c,4C:96:8A:ED:6A:01,SPEN NA,-46,1761213657241
29810,1761213657640.0,0adab909-eb8f-4baf-9eed-7a4cc889cb7c,4C:96:8A:ED:6A:01,SPEN NA,-46,1761213657241
29811,1761213657962.0,0adab909-eb8f-4baf-9eed-7a4cc889cb7c,4C:96:8A:ED:6A:01,SPEN NA,-49,1761213657241
29812,1761213658278.0,0adab909-eb8f-4baf-9eed-7a4cc889cb7c,4C:96:8A:ED:6A:01,SPEN NA,-46,1761213657241
29813,1761213658594.0,0adab909-eb8f-4baf-9eed-7a4cc889cb7c,4C:96:8A:ED:6A:01,SPEN NA,-46,1761213657241
29814,1761213659543.0,0adab909-eb8f-4baf-9eed-7a4cc889cb7c,4C:96:8A:ED:6A:01,SPEN NA,-46,1761213657241
29815,1761213659859.0,0adab909-eb8f-4baf-9eed-7a4cc889cb7c,4C:96:8A:ED:6A:01,SPEN NA,-50,1761213657241
29816,1761213660498.0,0adab909-eb8f-4baf-9eed-7a4cc889cb7c,4C:96:8A:ED:6A:01,SPEN NA,-46,1761213657241
29817,1761213661227.0,0adab909-eb8f-4baf-9eed-7a4cc889cb7c,4C:96:8A:ED:6A:01,SPEN NA,-47,1761213657241
29818,1761213661544.0,0adab909-eb8f-4baf-9eed-7a4cc889cb7c,4C:96:8A:ED:6A:01,SPEN NA,-46,1761213657241
29819,1761213661858.0,0adab909-eb8f-4baf-9eed-7a4cc889cb7c,4C:96:8A:ED:6A:01,SPEN NA,-50,1761213657241
29820,1761213662159.0,0adab909-eb8f-4baf-9eed-7a4cc889cb7c,4C:96:8A:ED:6A:01,SPEN NA,-45,1761213657241
29821,1761213662798.0,0adab909-eb8f-4baf-9eed-7a4cc889cb7c,4C:96:8A:ED:6A:01,SPEN NA,-49,1761213657241
29822,1761213663114.0,0adab909-eb8f-4baf-9eed-7a4cc889cb7c,4C:96:8A:ED:6A:01,SPEN NA,-48,1761213657241
29823,1761213663433.0,0adab909-eb8f-4baf-9eed-7a4cc889cb7c,4C:96:8A:ED:6A:01,SPEN NA,-46,1761213657241
29824,1761213663754.0,0adab909-eb8f-4baf-9eed-7a4cc889cb7c,4C:96:8A:ED:6A:01,SPEN NA,-50,1761213657241
29825,1761213664381.0,0adab909-eb8f-4baf-9eed-7a4cc889cb7c,4C:96:8A:ED:6A:01,SPEN NA,-45,1761213657241
29826,1761213664690.0,0adab909-eb8f-4baf-9eed-7a4cc889cb7c,4C:96:8A:ED:6A:01,SPEN NA,-49,1761213657241
29827,1761213665010.0,0adab909-eb8f-4baf-9eed-7a4cc889cb7c,4C:96:8A:ED:6A:01,SPEN NA,-46,1761213657241
29828,1761213665317.0,0adab909-eb8f-4baf-9eed-7a4cc889cb7c,4C:96:8A:ED:6A:01,SPEN NA,-45,1761213657241
29829,1761213667218.0,0adab909-eb8f-4baf-9eed-7a4cc889cb7c,4C:96:8A:ED:6A:01,SPEN NA,-45,1761213657241
29830,1761213667947.0,0adab909-eb8f-4baf-9eed-7a4cc889cb7c,4C:96:8A:ED:6A:01,SPEN NA,-46,1761213657241
29831,1761213668243.0,0adab909-eb8f-4baf-9eed-7a4cc889cb7c,4C:96:8A:ED:6A:01,SPEN NA,-45,1761213657241
29832,1761213668578.0,0adab909-eb8f-4baf-9eed-7a4cc889cb7c,4C:96:8A:ED:6A:01,SPEN NA,-49,1761213657241
29833,1761213669206.0,0adab909-eb8f-4baf-9eed-7a4cc889cb7c,4C:96:8A:ED:6A:01,SPEN NA,-46,1761213657241
29834,1761213669508.0,0adab909-eb8f-4baf-9eed-7a4cc889cb7c,4C:96:8A:ED:6A:01,SPEN NA,-50,1761213657241
29835,1761213669807.0,0adab909-eb8f-4baf-9eed-7a4cc889cb7c,4C:96:8A:ED:6A:01,SPEN NA,-46,1761213657241
29836,1761213670121.0,0adab909-eb8f-4baf-9eed-7a4cc889cb7c,4C:96:8A:ED:6A:01,SPEN NA,-46,1761213657241
29837,1761213671301.0,0adab909-eb8f-4baf-9eed-7a4cc889cb7c,FF:10:10:AE:A7:64,Sunset lights,-77,1761213657241
29838,1761214318670.0,0adab909-eb8f-4baf-9eed-7a4cc889cb7c,FF:10:10:AE:A7:64,Sunset lights,-79,1761214317262
29839,1761214327991.0,0adab909-eb8f-4baf-9eed-7a4cc889cb7c,79:C3:F6:4C:C5:52,,-93,1761214317262
29840,1761214984131.0,0adab909-eb8f-4baf-9eed-7a4cc889cb7c,FF:10:10:AE:A7:64,Sunset lights,-91,1761214983422
29841,1761214995399.0,0adab909-eb8f-4baf-9eed-7a4cc889cb7c,62:8C:E5:B7:DF:4C,,-94,1761214983422
29842,1761215691716.0,0adab909-eb8f-4baf-9eed-7a4cc889cb7c,FF:10:10:AE:A7:64,Sunset lights,-77,1761215691685
29843,1761215695369.0,0adab909-eb8f-4baf-9eed-7a4cc889cb7c,BC:C3:42:BC:80:17,Panasonic KX-TU32,-100,1761215691685
29844,1761215702028.0,0adab909-eb8f-4baf-9eed-7a4cc889cb7c,50:2A:4B:0F:6F:6D,,-94,1761215691685
29845,1761216291840.0,0adab909-eb8f-4baf-9eed-7a4cc889cb7c,6A:F3:1C:7A:81:14,,-88,1761216291701
29846,1761216298523.0,0adab909-eb8f-4baf-9eed-7a4cc889cb7c,FF:10:10:AE:A7:64,Sunset lights,-76,1761216291701
29847,1761216892896.0,0adab909-eb8f-4baf-9eed-7a4cc889cb7c,FF:10:10:AE:A7:64,Sunset lights,-85,1761216891470
29848,1761217491863.0,0adab909-eb8f-4baf-9eed-7a4cc889cb7c,FF:10:10:AE:A7:64,Sunset lights,-82,1761217491472
29849,1761217496149.0,0adab909-eb8f-4baf-9eed-7a4cc889cb7c,1C:90:FF:36:A9:67,,-100,1761217491472
29850,1761218092505.0,0adab909-eb8f-4baf-9eed-7a4cc889cb7c,FF:10:10:AE:A7:64,Sunset lights,-81,1761218091495
29851,1761218691513.0,0adab909-eb8f-4baf-9eed-7a4cc889cb7c,FF:10:10:AE:A7:64,Sunset lights,-83,1761218690474
29852,1761219064657.0,0adab909-eb8f-4baf-9eed-7a4cc889cb7c,FF:10:10:AE:A7:64,Sunset lights,-78,1761219063631
29853,1761219890601.0,0adab909-eb8f-4baf-9eed-7a4cc889cb7c,FF:10:10:AE:A7:64,Sunset lights,-84,1761219890501
29854,1761219896658.0,0adab909-eb8f-4baf-9eed-7a4cc889cb7c,44:2D:CB:95:93:87,,-82,1761219890501
29855,1761219897612.0,0adab909-eb8f-4baf-9eed-7a4cc889cb7c,73:BF:9A:9A:53:64,,-81,1761219890501
29856,1761219903558.0,0adab909-eb8f-4baf-9eed-7a4cc889cb7c,FF:10:10:AE:A7:64,Sunset lights,-81,1761219890501
29857,1761219904431.0,0adab909-eb8f-4baf-9eed-7a4cc889cb7c,73:BF:9A:9A:53:64,,-81,1761219890501
29858,1761220464942.0,0adab909-eb8f-4baf-9eed-7a4cc889cb7c,FF:10:10:AE:A7:64,Sunset lights,-88,1761220463878
29859,1761220465264.0,0adab909-eb8f-4baf-9eed-7a4cc889cb7c,68:BC:33:48:93:CA,,-89,1761220463878
29860,1761220465620.0,0adab909-eb8f-4baf-9eed-7a4cc889cb7c,59:09:3B:EB:2C:27,,-88,1761220463878
29861,1761220465906.0,0adab909-eb8f-4baf-9eed-7a4cc889cb7c,52:B2:15:7F:AF:1A,,-90,1761220463878
29862,1761220466564.0,0adab909-eb8f-4baf-9eed-7a4cc889cb7c,37:DD:4A:FC:C6:C7,,-90,1761220463878
29863,1761220467822.0,0adab909-eb8f-4baf-9eed-7a4cc889cb7c,71:43:4F:0C:15:E0,,-90,1761220463878
29864,1761220467847.0,0adab909-eb8f-4baf-9eed-7a4cc889cb7c,7B:2F:CE:EA:1B:A4,,-88,1761220463878
29865,1761220471633.0,0adab909-eb8f-4baf-9eed-7a4cc889cb7c,45:B5:44:4A:3C:31,,-87,1761220463878
29866,1761220474220.0,0adab909-eb8f-4baf-9eed-7a4cc889cb7c,55:86:E7:72:55:99,,-88,1761220463878
29867,1761220474849.0,0adab909-eb8f-4baf-9eed-7a4cc889cb7c,48:1C:C2:FE:06:26,,-89,1761220463878
29868,1761220475526.0,0adab909-eb8f-4baf-9eed-7a4cc889cb7c,6F:3E:7C:F1:D8:78,,-94,1761220463878
29869,1761221065856.0,0adab909-eb8f-4baf-9eed-7a4cc889cb7c,FF:10:10:AE:A7:64,Sunset lights,-82,1761221063858
29870,1761221067149.0,0adab909-eb8f-4baf-9eed-7a4cc889cb7c,2C:A7:74:A4:77:2C,,-88,1761221063858
29871,1761221666820.0,0adab909-eb8f-4baf-9eed-7a4cc889cb7c,FF:10:10:AE:A7:64,Sunset lights,-85,1761221663863
29872,1761222295287.0,0adab909-eb8f-4baf-9eed-7a4cc889cb7c,FF:10:10:AE:A7:64,Sunset lights,-84,1761222291348
29873,1761222300414.0,0adab909-eb8f-4baf-9eed-7a4cc889cb7c,4B:08:FC:9B:27:5C,,-90,1761222291348
29874,1761222893358.0,0adab909-eb8f-4baf-9eed-7a4cc889cb7c,FF:10:10:AE:A7:64,Sunset lights,-87,1761222891362
29875,1761222899130.0,0adab909-eb8f-4baf-9eed-7a4cc889cb7c,43:4B:E2:8A:28:42,,-91,1761222891362
29876,1761223493044.0,0adab909-eb8f-4baf-9eed-7a4cc889cb7c,58:2A:F3:B8:22:14,,-90,1761223491351
29877,1761224692125.0,0adab909-eb8f-4baf-9eed-7a4cc889cb7c,FF:10:10:AE:A7:64,Sunset lights,-81,1761224691754
29878,1761224696976.0,0adab909-eb8f-4baf-9eed-7a4cc889cb7c,53:02:B2:D9:AA:82,,-91,1761224691754
29879,1761224704693.0,0adab909-eb8f-4baf-9eed-7a4cc889cb7c,FF:10:10:AE:A7:64,Sunset lights,-82,1761224691754
29880,1761224706171.0,0adab909-eb8f-4baf-9eed-7a4cc889cb7c,59:BD:00:3E:94:D1,,-92,1761224691754
29881,1761225293190.0,0adab909-eb8f-4baf-9eed-7a4cc889cb7c,FF:10:10:AE:A7:64,Sunset lights,-79,1761225291780
29882,1761225892234.0,0adab909-eb8f-4baf-9eed-7a4cc889cb7c,FF:10:10:AE:A7:64,Sunset lights,-89,1761225891487
29883,1761226491512.0,0adab909-eb8f-4baf-9eed-7a4cc889cb7c,56:C7:BA:91:38:2E,,-87,1761226491471
29884,1761226492529.0,0adab909-eb8f-4baf-9eed-7a4cc889cb7c,FF:10:10:AE:A7:64,Sunset lights,-89,1761226491471
29885,1761226493139.0,0adab909-eb8f-4baf-9eed-7a4cc889cb7c,7A:17:52:D0:32:CA,,-89,1761226491471
29886,1761226494348.0,0adab909-eb8f-4baf-9eed-7a4cc889cb7c,78:46:D4:BD:92:D4,Ralf Hennerici ,-94,1761226491471
29887,1761226494477.0,0adab909-eb8f-4baf-9eed-7a4cc889cb7c,7F:EB:7B:CB:2A:8F,,-83,1761226491471
29888,1761227091523.0,0adab909-eb8f-4baf-9eed-7a4cc889cb7c,49:68:78:4A:17:68,,-88,1761227091494
29889,1761227092255.0,0adab909-eb8f-4baf-9eed-7a4cc889cb7c,FF:10:10:AE:A7:64,Sunset lights,-85,1761227091494
29890,1761227093000.0,0adab909-eb8f-4baf-9eed-7a4cc889cb7c,12:5F:6C:B1:B2:53,,-87,1761227091494
29891,1761228292225.0,0adab909-eb8f-4baf-9eed-7a4cc889cb7c,FF:10:10:AE:A7:64,Sunset lights,-85,1761228291826
29892,1761228296761.0,0adab909-eb8f-4baf-9eed-7a4cc889cb7c,61:A3:6E:7F:DD:05,,-88,1761228291826
29893,1761228297019.0,0adab909-eb8f-4baf-9eed-7a4cc889cb7c,40:26:B6:E6:F3:6E,,-92,1761228291826
29894,1761228300878.0,0adab909-eb8f-4baf-9eed-7a4cc889cb7c,57:0F:A9:60:5E:1F,,-89,1761228291826
29895,1761228301547.0,0adab909-eb8f-4baf-9eed-7a4cc889cb7c,5D:E0:BD:CD:55:33,,-90,1761228291826
29896,1761228302452.0,0adab909-eb8f-4baf-9eed-7a4cc889cb7c,57:7A:AB:33:A1:A5,,-89,1761228291826
29897,1761228303176.0,0adab909-eb8f-4baf-9eed-7a4cc889cb7c,54:AB:C3:DE:04:35,,-89,1761228291826
29898,1761228892582.0,0adab909-eb8f-4baf-9eed-7a4cc889cb7c,53:54:B4:32:83:EC,,-84,1761228891823
29899,1761228892610.0,0adab909-eb8f-4baf-9eed-7a4cc889cb7c,FF:10:10:AE:A7:64,Sunset lights,-81,1761228891823
29900,1761228893534.0,0adab909-eb8f-4baf-9eed-7a4cc889cb7c,44:55:3F:31:2C:D9,,-85,1761228891823
29901,1761228894793.0,0adab909-eb8f-4baf-9eed-7a4cc889cb7c,6B:D4:BC:2B:D9:11,,-91,1761228891823
29902,1761228898620.0,0adab909-eb8f-4baf-9eed-7a4cc889cb7c,72:65:DF:94:E6:25,,-93,1761228891823
29903,1761228901899.0,0adab909-eb8f-4baf-9eed-7a4cc889cb7c,B0:38:E2:5D:B6:16,,-87,1761228891823
29904,1761229492316.0,0adab909-eb8f-4baf-9eed-7a4cc889cb7c,FF:10:10:AE:A7:64,Sunset lights,-81,1761229491579
29905,1761230094302.0,0adab909-eb8f-4baf-9eed-7a4cc889cb7c,FF:10:10:AE:A7:64,Sunset lights,-79,1761230091574
29906,1761230098704.0,0adab909-eb8f-4baf-9eed-7a4cc889cb7c,77:81:1C:B0:A1:10,,-93,1761230091574
29907,1761230099677.0,0adab909-eb8f-4baf-9eed-7a4cc889cb7c,52:DC:7D:3B:3C:28,,-89,1761230091574
29908,1761230691668.0,0adab909-eb8f-4baf-9eed-7a4cc889cb7c,60:74:F4:73:99:E7,ihoment_H601B_99E7,-89,1761230691569
29909,1761230692331.0,0adab909-eb8f-4baf-9eed-7a4cc889cb7c,FF:10:10:AE:A7:64,Sunset lights,-84,1761230691569
29910,1761230692632.0,0adab909-eb8f-4baf-9eed-7a4cc889cb7c,60:74:F4:72:90:3F,ihoment_H601B_903F,-73,1761230691569
29911,1761230695488.0,0adab909-eb8f-4baf-9eed-7a4cc889cb7c,63:D5:5C:85:0B:CD,,-88,1761230691569
29912,1761230699669.0,0adab909-eb8f-4baf-9eed-7a4cc889cb7c,59:89:C7:00:E4:15,,-92,1761230691569
29913,1761231291646.0,0adab909-eb8f-4baf-9eed-7a4cc889cb7c,60:74:F4:72:90:3F,ihoment_H601B_903F,-78,1761231291548
29914,1761231292294.0,0adab909-eb8f-4baf-9eed-7a4cc889cb7c,FF:10:10:AE:A7:64,Sunset lights,-78,1761231291548
29915,1761231292590.0,0adab909-eb8f-4baf-9eed-7a4cc889cb7c,60:74:F4:73:99:E7,ihoment_H601B_99E7,-85,1761231291548
29916,1761231892012.0,0adab909-eb8f-4baf-9eed-7a4cc889cb7c,FF:10:10:AE:A7:64,Sunset lights,-79,1761231891532
29917,1761231892659.0,0adab909-eb8f-4baf-9eed-7a4cc889cb7c,65:4F:16:CA:93:C8,,-90,1761231891532
29918,1761231894215.0,0adab909-eb8f-4baf-9eed-7a4cc889cb7c,18:9C:2C:68:FE:D2,,-79,1761231891532
29919,1761231896464.0,0adab909-eb8f-4baf-9eed-7a4cc889cb7c,5A:D9:05:2B:76:6B,,-91,1761231891532
29920,1761231896501.0,0adab909-eb8f-4baf-9eed-7a4cc889cb7c,84:29:14:30:51:9B,Emporia V228-2G,-98,1761231891532
29921,1761231898658.0,0adab909-eb8f-4baf-9eed-7a4cc889cb7c,48:B4:95:57:57:C0,,-91,1761231891532
29922,1761231902569.0,0adab909-eb8f-4baf-9eed-7a4cc889cb7c,37:66:8A:68:BE:82,,-90,1761231891532
29923,1761231903199.0,0adab909-eb8f-4baf-9eed-7a4cc889cb7c,51:39:E3:8A:12:0F,,-82,1761231891532
29924,1761231903481.0,0adab909-eb8f-4baf-9eed-7a4cc889cb7c,3F:16:7A:F0:99:36,,-91,1761231891532
29925,1761232494846.0,0adab909-eb8f-4baf-9eed-7a4cc889cb7c,45:9D:11:F7:79:98,,-95,1761232491527
29926,1761233092386.0,0adab909-eb8f-4baf-9eed-7a4cc889cb7c,45:9D:11:F7:79:98,,-90,1761233090744
29927,1761233097234.0,0adab909-eb8f-4baf-9eed-7a4cc889cb7c,FF:10:10:AE:A7:64,Sunset lights,-91,1761233090744
29928,1761233103616.0,0adab909-eb8f-4baf-9eed-7a4cc889cb7c,18:38:9F:C1:CD:B5,,-87,1761233090744
29929,1761233103794.0,0adab909-eb8f-4baf-9eed-7a4cc889cb7c,FF:10:10:AE:A7:64,Sunset lights,-87,1761233090744
29930,1761233451674.0,0adab909-eb8f-4baf-9eed-7a4cc889cb7c,FF:10:10:AE:A7:64,Sunset lights,-78,1761233451648
29931,1761233453035.0,0adab909-eb8f-4baf-9eed-7a4cc889cb7c,4C:96:8A:ED:6A:01,SPEN NA,-46,1761233451648
29932,1761233453351.0,0adab909-eb8f-4baf-9eed-7a4cc889cb7c,4C:96:8A:ED:6A:01,SPEN NA,-50,1761233451648
29933,1761233453688.0,0adab909-eb8f-4baf-9eed-7a4cc889cb7c,4C:96:8A:ED:6A:01,SPEN NA,-47,1761233451648
29934,1761233453997.0,0adab909-eb8f-4baf-9eed-7a4cc889cb7c,4C:96:8A:ED:6A:01,SPEN NA,-46,1761233451648
29935,1761233454613.0,0adab909-eb8f-4baf-9eed-7a4cc889cb7c,4C:96:8A:ED:6A:01,SPEN NA,-44,1761233451648
29936,1761233455249.0,0adab909-eb8f-4baf-9eed-7a4cc889cb7c,4C:96:8A:ED:6A:01,SPEN NA,-49,1761233451648
29937,1761233455883.0,0adab909-eb8f-4baf-9eed-7a4cc889cb7c,4C:96:8A:ED:6A:01,SPEN NA,-46,1761233451648
29938,1761233457163.0,0adab909-eb8f-4baf-9eed-7a4cc889cb7c,4C:96:8A:ED:6A:01,SPEN NA,-49,1761233451648
29939,1761233457549.0,0adab909-eb8f-4baf-9eed-7a4cc889cb7c,4C:96:8A:ED:6A:01,SPEN NA,-45,1761233451648
29940,1761233457880.0,0adab909-eb8f-4baf-9eed-7a4cc889cb7c,4C:96:8A:ED:6A:01,SPEN NA,-45,1761233451648
29941,1761233458180.0,0adab909-eb8f-4baf-9eed-7a4cc889cb7c,4C:96:8A:ED:6A:01,SPEN NA,-49,1761233451648
29942,1761233458801.0,0adab909-eb8f-4baf-9eed-7a4cc889cb7c,4C:96:8A:ED:6A:01,SPEN NA,-46,1761233451648
29943,1761233459137.0,0adab909-eb8f-4baf-9eed-7a4cc889cb7c,4C:96:8A:ED:6A:01,SPEN NA,-49,1761233451648
29944,1761233459445.0,0adab909-eb8f-4baf-9eed-7a4cc889cb7c,4C:96:8A:ED:6A:01,SPEN NA,-46,1761233451648
29945,1761233459766.0,0adab909-eb8f-4baf-9eed-7a4cc889cb7c,4C:96:8A:ED:6A:01,SPEN NA,-45,1761233451648
29946,1761233460091.0,0adab909-eb8f-4baf-9eed-7a4cc889cb7c,4C:96:8A:ED:6A:01,SPEN NA,-49,1761233451648
29947,1761233460407.0,0adab909-eb8f-4baf-9eed-7a4cc889cb7c,4C:96:8A:ED:6A:01,SPEN NA,-46,1761233451648
29948,1761233460646.0,0adab909-eb8f-4baf-9eed-7a4cc889cb7c,62:02:6E:E4:85:75,,-89,1761233451648
29949,1761233460705.0,0adab909-eb8f-4baf-9eed-7a4cc889cb7c,4C:96:8A:ED:6A:01,SPEN NA,-45,1761233451648
29950,1761233461024.0,0adab909-eb8f-4baf-9eed-7a4cc889cb7c,4C:96:8A:ED:6A:01,SPEN NA,-50,1761233451648
29951,1761233461347.0,0adab909-eb8f-4baf-9eed-7a4cc889cb7c,4C:96:8A:ED:6A:01,SPEN NA,-45,1761233451648
29952,1761233461671.0,0adab909-eb8f-4baf-9eed-7a4cc889cb7c,4C:96:8A:ED:6A:01,SPEN NA,-45,1761233451648
29953,1761233461975.0,0adab909-eb8f-4baf-9eed-7a4cc889cb7c,4C:96:8A:ED:6A:01,SPEN NA,-49,1761233451648
29954,1761233462277.0,0adab909-eb8f-4baf-9eed-7a4cc889cb7c,4C:96:8A:ED:6A:01,SPEN NA,-45,1761233451648
29955,1761233463881.0,0adab909-eb8f-4baf-9eed-7a4cc889cb7c,4C:96:8A:ED:6A:01,SPEN NA,-49,1761233451648
29956,1761233464557.0,0adab909-eb8f-4baf-9eed-7a4cc889cb7c,FF:10:10:AE:A7:64,Sunset lights,-79,1761233451648
29957,1761233464574.0,0adab909-eb8f-4baf-9eed-7a4cc889cb7c,4C:96:8A:ED:6A:01,SPEN NA,-45,1761233451648
29958,1761233465667.0,0adab909-eb8f-4baf-9eed-7a4cc889cb7c,18:38:9F:C1:CD:B5,,-90,1761233451648
29959,1761234180734.0,0adab909-eb8f-4baf-9eed-7a4cc889cb7c,58:80:E3:9C:7B:10,,-80,1761234179243
29960,1761234181284.0,0adab909-eb8f-4baf-9eed-7a4cc889cb7c,FF:10:10:AE:A7:64,Sunset lights,-85,1761234179243
29961,1761234182572.0,0adab909-eb8f-4baf-9eed-7a4cc889cb7c,75:87:98:11:0C:CF,,-94,1761234179243
29962,1761234183272.0,0adab909-eb8f-4baf-9eed-7a4cc889cb7c,63:9C:23:91:31:40,,-86,1761234179243
29963,1761234891305.0,0adab909-eb8f-4baf-9eed-7a4cc889cb7c,72:C7:5F:7F:77:A0,,-86,1761234891250
29964,1761234893765.0,0adab909-eb8f-4baf-9eed-7a4cc889cb7c,FF:10:10:AE:A7:64,Sunset lights,-84,1761234891250
29965,1761234894636.0,0adab909-eb8f-4baf-9eed-7a4cc889cb7c,68:18:70:AF:E9:C3,,-82,1761234891250
29966,1761235492678.0,0adab909-eb8f-4baf-9eed-7a4cc889cb7c,FF:10:10:AE:A7:64,Sunset lights,-80,1761235491275
29967,1761235493274.0,0adab909-eb8f-4baf-9eed-7a4cc889cb7c,68:18:70:AF:E9:C3,,-74,1761235491275
29968,1761235494701.0,0adab909-eb8f-4baf-9eed-7a4cc889cb7c,7D:C8:53:73:76:0D,,-91,1761235491275
29969,1761235504280.0,0adab909-eb8f-4baf-9eed-7a4cc889cb7c,68:18:70:AF:E9:C3,,-79,1761235491275
29970,1761235505307.0,0adab909-eb8f-4baf-9eed-7a4cc889cb7c,7D:C8:53:73:76:0D,,-90,1761235491275
29971,1761235505345.0,0adab909-eb8f-4baf-9eed-7a4cc889cb7c,FF:10:10:AE:A7:64,Sunset lights,-81,1761235491275
29972,1761235505469.0,0adab909-eb8f-4baf-9eed-7a4cc889cb7c,F7:B7:C0:C7:0E:E0,,-90,1761235491275
29973,1761235993238.0,0adab909-eb8f-4baf-9eed-7a4cc889cb7c,FF:10:10:AE:A7:64,Sunset lights,-84,1761235993105
29974,1761235993579.0,0adab909-eb8f-4baf-9eed-7a4cc889cb7c,68:18:70:AF:E9:C3,,-85,1761235993105
29975,1761235999308.0,0adab909-eb8f-4baf-9eed-7a4cc889cb7c,5C:98:F4:18:F8:B8,,-84,1761235993105
29976,1761236005981.0,0adab909-eb8f-4baf-9eed-7a4cc889cb7c,FF:10:10:AE:A7:64,Sunset lights,-80,1761235993105
29977,1761236007088.0,0adab909-eb8f-4baf-9eed-7a4cc889cb7c,5C:98:F4:18:F8:B8,,-85,1761235993105
29978,1761236008996.0,0adab909-eb8f-4baf-9eed-7a4cc889cb7c,FF:10:10:AE:A7:64,Sunset lights,-80,1761235993105
29979,1761236009019.0,0adab909-eb8f-4baf-9eed-7a4cc889cb7c,68:18:70:AF:E9:C3,,-76,1761235993105
29980,1761236692415.0,0adab909-eb8f-4baf-9eed-7a4cc889cb7c,FF:10:10:AE:A7:64,Sunset lights,-85,1761236692071
29981,1761236695669.0,0adab909-eb8f-4baf-9eed-7a4cc889cb7c,6A:21:D5:9B:66:CE,,-83,1761236692071
29982,1761236696341.0,0adab909-eb8f-4baf-9eed-7a4cc889cb7c,4F:E6:B0:5B:C5:89,,-90,1761236692071
29983,1761237088020.0,0adab909-eb8f-4baf-9eed-7a4cc889cb7c,55:10:F9:BD:54:A3,,-92,1761237087889
29984,1761237088662.0,0adab909-eb8f-4baf-9eed-7a4cc889cb7c,6A:21:D5:9B:66:CE,,-86,1761237087889
29985,1761237089237.0,0adab909-eb8f-4baf-9eed-7a4cc889cb7c,4F:E6:B0:5B:C5:89,,-90,1761237087889
29986,1761237091163.0,0adab909-eb8f-4baf-9eed-7a4cc889cb7c,FF:10:10:AE:A7:64,Sunset lights,-78,1761237087889
29987,1761237892087.0,0adab909-eb8f-4baf-9eed-7a4cc889cb7c,FF:10:10:AE:A7:64,Sunset lights,-79,1761237892040
29988,1761237893390.0,0adab909-eb8f-4baf-9eed-7a4cc889cb7c,55:10:F9:BD:54:A3,,-91,1761237892040
29989,1761237894052.0,0adab909-eb8f-4baf-9eed-7a4cc889cb7c,6A:21:D5:9B:66:CE,,-79,1761237892040
29990,1761238335391.0,0adab909-eb8f-4baf-9eed-7a4cc889cb7c,69:30:EB:7B:2A:1A,,-88,1761238331493
29991,1761238337361.0,0adab909-eb8f-4baf-9eed-7a4cc889cb7c,FF:10:10:AE:A7:64,Sunset lights,-89,1761238331493
29992,1761238344404.0,0adab909-eb8f-4baf-9eed-7a4cc889cb7c,09:E5:ED:34:04:4B,,-89,1761238331493
29993,1761238344434.0,0adab909-eb8f-4baf-9eed-7a4cc889cb7c,69:30:EB:7B:2A:1A,,-89,1761238331493
29994,1761238344461.0,0adab909-eb8f-4baf-9eed-7a4cc889cb7c,E4:6B:4D:02:66:7C,,-88,1761238331493
29995,1761238346418.0,0adab909-eb8f-4baf-9eed-7a4cc889cb7c,FF:10:10:AE:A7:64,Sunset lights,-91,1761238331493
29996,1761238867567.0,0adab909-eb8f-4baf-9eed-7a4cc889cb7c,FF:10:10:AE:A7:64,Sunset lights,-92,1761238867088
29997,1761238868437.0,0adab909-eb8f-4baf-9eed-7a4cc889cb7c,60:74:F4:73:99:E7,ihoment_H601B_99E7,-93,1761238867088
29998,1761238868494.0,0adab909-eb8f-4baf-9eed-7a4cc889cb7c,5A:0A:BF:72:1D:E6,,-84,1761238867088
29999,1761238870384.0,0adab909-eb8f-4baf-9eed-7a4cc889cb7c,6C:3A:54:36:FA:B6,,-94,1761238867088
30000,1761238877721.0,0adab909-eb8f-4baf-9eed-7a4cc889cb7c,69:30:EB:7B:2A:1A,,-92,1761238867088
30001,1761238880112.0,0adab909-eb8f-4baf-9eed-7a4cc889cb7c,C4:63:95:E0:C9:75,,-86,1761238867088
30002,1761238881019.0,0adab909-eb8f-4baf-9eed-7a4cc889cb7c,39:92:8F:A4:EB:02,,-90,1761238867088
30003,1761239480794.0,0adab909-eb8f-4baf-9eed-7a4cc889cb7c,73:62:DC:7D:8A:4D,,-91,1761239479433
30004,1761239483645.0,0adab909-eb8f-4baf-9eed-7a4cc889cb7c,FF:10:10:AE:A7:64,Sunset lights,-90,1761239479433
30005,1761239484987.0,0adab909-eb8f-4baf-9eed-7a4cc889cb7c,4E:16:DA:C1:A4:0A,,-94,1761239479433
30006,1761240034813.0,0adab909-eb8f-4baf-9eed-7a4cc889cb7c,70:70:DD:A0:2F:7B,,-90,1761240034773
30007,1761240036078.0,0adab909-eb8f-4baf-9eed-7a4cc889cb7c,60:74:F4:73:99:E7,ihoment_H601B_99E7,-79,1761240034773
30008,1761240036453.0,0adab909-eb8f-4baf-9eed-7a4cc889cb7c,60:74:F4:72:90:3F,ihoment_H601B_903F,-70,1761240034773
30009,1761240039629.0,0adab909-eb8f-4baf-9eed-7a4cc889cb7c,73:62:DC:7D:8A:4D,,-73,1761240034773
30010,1761240047665.0,0adab909-eb8f-4baf-9eed-7a4cc889cb7c,60:74:F4:72:90:3F,ihoment_H601B_903F,-77,1761240034773
30011,1761240047729.0,0adab909-eb8f-4baf-9eed-7a4cc889cb7c,60:74:F4:73:99:E7,ihoment_H601B_99E7,-80,1761240034773
30012,1761240048852.0,0adab909-eb8f-4baf-9eed-7a4cc889cb7c,DD:24:CF:11:F6:F3,,-94,1761240034773
30013,1761240048927.0,0adab909-eb8f-4baf-9eed-7a4cc889cb7c,73:62:DC:7D:8A:4D,,-81,1761240034773
30014,1761240049770.0,0adab909-eb8f-4baf-9eed-7a4cc889cb7c,D8:EA:77:EA:81:DE,,-90,1761240034773
30015,1761240895023.0,0adab909-eb8f-4baf-9eed-7a4cc889cb7c,4D:F3:E3:61:BC:D9,,-93,1761240892074
30016,1761240895735.0,0adab909-eb8f-4baf-9eed-7a4cc889cb7c,48:52:F5:5B:13:8B,,-83,1761240892074
30017,1761240896016.0,0adab909-eb8f-4baf-9eed-7a4cc889cb7c,60:74:F4:72:90:3F,ihoment_H601B_903F,-89,1761240892074
30018,1761241413108.0,0adab909-eb8f-4baf-9eed-7a4cc889cb7c,4C:96:8A:ED:6A:01,SPEN NA,127,1761241413010
30019,1761241413755.0,0adab909-eb8f-4baf-9eed-7a4cc889cb7c,4C:96:8A:ED:6A:01,SPEN NA,-57,1761241413010
30020,1761241414059.0,0adab909-eb8f-4baf-9eed-7a4cc889cb7c,4C:96:8A:ED:6A:01,SPEN NA,-45,1761241413010
30021,1761241414372.0,0adab909-eb8f-4baf-9eed-7a4cc889cb7c,FF:10:10:AE:A7:64,Sunset lights,-79,1761241413010
30022,1761241414391.0,0adab909-eb8f-4baf-9eed-7a4cc889cb7c,4C:96:8A:ED:6A:01,SPEN NA,-46,1761241413010
30023,1761241414687.0,0adab909-eb8f-4baf-9eed-7a4cc889cb7c,CF:33:36:32:4C:1E,Govee_H6054_4C1E,-70,1761241413010
30024,1761241414704.0,0adab909-eb8f-4baf-9eed-7a4cc889cb7c,4C:96:8A:ED:6A:01,SPEN NA,-50,1761241413010
30025,1761241415016.0,0adab909-eb8f-4baf-9eed-7a4cc889cb7c,4C:96:8A:ED:6A:01,SPEN NA,-45,1761241413010
30026,1761241415300.0,0adab909-eb8f-4baf-9eed-7a4cc889cb7c,16:D9:E3:48:CE:93,,-90,1761241413010
30027,1761241415637.0,0adab909-eb8f-4baf-9eed-7a4cc889cb7c,4C:96:8A:ED:6A:01,SPEN NA,-49,1761241413010
30028,1761241415946.0,0adab909-eb8f-4baf-9eed-7a4cc889cb7c,4C:96:8A:ED:6A:01,SPEN NA,-45,1761241413010
30029,1761241416273.0,0adab909-eb8f-4baf-9eed-7a4cc889cb7c,4C:96:8A:ED:6A:01,SPEN NA,-45,1761241413010
30030,1761241416298.0,0adab909-eb8f-4baf-9eed-7a4cc889cb7c,48:52:F5:5B:13:8B,,-74,1761241413010
30031,1761241416328.0,0adab909-eb8f-4baf-9eed-7a4cc889cb7c,C3:F5:7F:8B:F1:7D,Hue Lamp,-94,1761241413010
30032,1761241417225.0,0adab909-eb8f-4baf-9eed-7a4cc889cb7c,4C:96:8A:ED:6A:01,SPEN NA,-46,1761241413010
30033,1761241418246.0,0adab909-eb8f-4baf-9eed-7a4cc889cb7c,4C:96:8A:ED:6A:01,SPEN NA,-45,1761241413010
30034,1761241418567.0,0adab909-eb8f-4baf-9eed-7a4cc889cb7c,4C:96:8A:ED:6A:01,SPEN NA,-49,1761241413010
30035,1761241418873.0,0adab909-eb8f-4baf-9eed-7a4cc889cb7c,4C:96:8A:ED:6A:01,SPEN NA,-45,1761241413010
30036,1761241419185.0,0adab909-eb8f-4baf-9eed-7a4cc889cb7c,4C:96:8A:ED:6A:01,SPEN NA,-45,1761241413010
30037,1761241419522.0,0adab909-eb8f-4baf-9eed-7a4cc889cb7c,4C:96:8A:ED:6A:01,SPEN NA,-49,1761241413010
30038,1761241420468.0,0adab909-eb8f-4baf-9eed-7a4cc889cb7c,4C:96:8A:ED:6A:01,SPEN NA,-50,1761241413010
30039,1761241421418.0,0adab909-eb8f-4baf-9eed-7a4cc889cb7c,4C:96:8A:ED:6A:01,SPEN NA,-49,1761241413010
30040,1761241423097.0,0adab909-eb8f-4baf-9eed-7a4cc889cb7c,4C:96:8A:ED:6A:01,SPEN NA,-50,1761241413010
30041,1761241423635.0,0adab909-eb8f-4baf-9eed-7a4cc889cb7c,4C:96:8A:ED:6A:01,SPEN NA,-46,1761241413010
30042,1761241424344.0,0adab909-eb8f-4baf-9eed-7a4cc889cb7c,4C:96:8A:ED:6A:01,SPEN NA,-46,1761241413010
30043,1761241424442.0,0adab909-eb8f-4baf-9eed-7a4cc889cb7c,4C:96:8A:ED:6A:01,SPEN NA,-45,1761241413010
30044,1761241425904.0,0adab909-eb8f-4baf-9eed-7a4cc889cb7c,4C:96:8A:ED:6A:01,SPEN NA,-46,1761241413010
30045,1761241425926.0,0adab909-eb8f-4baf-9eed-7a4cc889cb7c,FF:10:10:AE:A7:64,Sunset lights,-79,1761241413010
30046,1761241425961.0,0adab909-eb8f-4baf-9eed-7a4cc889cb7c,CF:33:36:32:4C:1E,Govee_H6054_4C1E,-81,1761241413010
30047,1761242073460.0,0adab909-eb8f-4baf-9eed-7a4cc889cb7c,CF:33:36:32:4C:1E,Govee_H6054_4C1E,-77,1761242073034
30048,1761242075416.0,0adab909-eb8f-4baf-9eed-7a4cc889cb7c,5C:E4:33:D6:DC:40,,-86,1761242073034
30049,1761242075437.0,0adab909-eb8f-4baf-9eed-7a4cc889cb7c,5F:28:C7:4E:B5:10,,-94,1761242073034
30050,1761242076358.0,0adab909-eb8f-4baf-9eed-7a4cc889cb7c,FF:10:10:AE:A7:64,Sunset lights,-79,1761242073034
30051,1761242077897.0,0adab909-eb8f-4baf-9eed-7a4cc889cb7c,5E:91:7F:AD:14:B2,,-87,1761242073034
30052,1761242078944.0,0adab909-eb8f-4baf-9eed-7a4cc889cb7c,60:74:F4:72:90:3F,ihoment_H601B_903F,-92,1761242073034
30053,1761242691714.0,0adab909-eb8f-4baf-9eed-7a4cc889cb7c,CF:33:36:32:4C:1E,Govee_H6054_4C1E,-75,1761242691679
30054,1761242691753.0,0adab909-eb8f-4baf-9eed-7a4cc889cb7c,FF:10:10:AE:A7:64,Sunset lights,-82,1761242691679
30055,1761243291787.0,0adab909-eb8f-4baf-9eed-7a4cc889cb7c,CF:33:36:32:4C:1E,Govee_H6054_4C1E,-82,1761243291681
30056,1761243292064.0,0adab909-eb8f-4baf-9eed-7a4cc889cb7c,FF:10:10:AE:A7:64,Sunset lights,-83,1761243291681
30057,1761243293405.0,0adab909-eb8f-4baf-9eed-7a4cc889cb7c,60:D2:3C:84:7A:20,,-73,1761243291681
30058,1761243297469.0,0adab909-eb8f-4baf-9eed-7a4cc889cb7c,58:5E:BB:F2:94:5D,,-91,1761243291681
30059,1761243891012.0,0adab909-eb8f-4baf-9eed-7a4cc889cb7c,CF:33:36:32:4C:1E,Govee_H6054_4C1E,-75,1761243891003
30060,1761243891054.0,0adab909-eb8f-4baf-9eed-7a4cc889cb7c,FF:10:10:AE:A7:64,Sunset lights,-81,1761243891003
30061,1761243891382.0,0adab909-eb8f-4baf-9eed-7a4cc889cb7c,44:68:81:00:C4:08,,127,1761243891003
30062,1761243902280.0,0adab909-eb8f-4baf-9eed-7a4cc889cb7c,71:57:4E:18:5D:71,,-90,1761243891003
30063,1761244491054.0,0adab909-eb8f-4baf-9eed-7a4cc889cb7c,CF:33:36:32:4C:1E,Govee_H6054_4C1E,-82,1761244490984
30064,1761244492008.0,0adab909-eb8f-4baf-9eed-7a4cc889cb7c,FF:10:10:AE:A7:64,Sunset lights,-79,1761244490984
30065,1761244492676.0,0adab909-eb8f-4baf-9eed-7a4cc889cb7c,44:CD:A7:E4:CB:2A,,-88,1761244490984
30066,1761244496199.0,0adab909-eb8f-4baf-9eed-7a4cc889cb7c,44:68:81:00:C4:08,,-81,1761244490984
30067,1761244499088.0,0adab909-eb8f-4baf-9eed-7a4cc889cb7c,71:57:4E:18:5D:71,,-91,1761244490984
30068,1761245091366.0,0adab909-eb8f-4baf-9eed-7a4cc889cb7c,5F:DF:D4:53:B8:C9,,-91,1761245090988
30069,1761245091459.0,0adab909-eb8f-4baf-9eed-7a4cc889cb7c,CF:33:36:32:4C:1E,Govee_H6054_4C1E,-79,1761245090988
30070,1761245092044.0,0adab909-eb8f-4baf-9eed-7a4cc889cb7c,FF:10:10:AE:A7:64,Sunset lights,-77,1761245090988
30071,1761245094288.0,0adab909-eb8f-4baf-9eed-7a4cc889cb7c,78:D6:F2:45:5A:0D,,-89,1761245090988
30072,1761245095896.0,0adab909-eb8f-4baf-9eed-7a4cc889cb7c,73:18:63:30:6E:66,,-87,1761245090988
30073,1761245691998.0,0adab909-eb8f-4baf-9eed-7a4cc889cb7c,CF:33:36:32:4C:1E,Govee_H6054_4C1E,-78,1761245691619
30074,1761245693650.0,0adab909-eb8f-4baf-9eed-7a4cc889cb7c,FF:10:10:AE:A7:64,Sunset lights,-75,1761245691619
30075,1761245704204.0,0adab909-eb8f-4baf-9eed-7a4cc889cb7c,4C:DE:AE:E5:01:54,,-90,1761245691619
30076,1761246291642.0,0adab909-eb8f-4baf-9eed-7a4cc889cb7c,CF:33:36:32:4C:1E,Govee_H6054_4C1E,-76,1761246291625
30077,1761246291736.0,0adab909-eb8f-4baf-9eed-7a4cc889cb7c,FF:10:10:AE:A7:64,Sunset lights,-78,1761246291625
30078,1761246295245.0,0adab909-eb8f-4baf-9eed-7a4cc889cb7c,60:37:55:6C:97:CA,,-85,1761246291625
30079,1761246891709.0,0adab909-eb8f-4baf-9eed-7a4cc889cb7c,FF:10:10:AE:A7:64,Sunset lights,-72,1761246891637
30080,1761246892682.0,0adab909-eb8f-4baf-9eed-7a4cc889cb7c,CF:33:36:32:4C:1E,Govee_H6054_4C1E,-74,1761246891637
30081,1761246894594.0,0adab909-eb8f-4baf-9eed-7a4cc889cb7c,4E:59:C5:EA:3B:AD,,-85,1761246891637
30082,1761246896829.0,0adab909-eb8f-4baf-9eed-7a4cc889cb7c,6C:73:C0:D0:30:55,,-85,1761246891637
30083,1761247491537.0,0adab909-eb8f-4baf-9eed-7a4cc889cb7c,CF:33:36:32:4C:1E,Govee_H6054_4C1E,-79,1761247491522
30084,1761247491934.0,0adab909-eb8f-4baf-9eed-7a4cc889cb7c,6C:73:C0:D0:30:55,,-84,1761247491522
30085,1761247494513.0,0adab909-eb8f-4baf-9eed-7a4cc889cb7c,FF:10:10:AE:A7:64,Sunset lights,-78,1761247491522
30086,1761247495156.0,0adab909-eb8f-4baf-9eed-7a4cc889cb7c,4E:59:C5:EA:3B:AD,,-85,1761247491522
30087,1761248091537.0,0adab909-eb8f-4baf-9eed-7a4cc889cb7c,CF:33:36:32:4C:1E,Govee_H6054_4C1E,-75,1761248091514
30088,1761248091589.0,0adab909-eb8f-4baf-9eed-7a4cc889cb7c,5F:4B:00:F9:E3:80,,-89,1761248091514
30089,1761248092626.0,0adab909-eb8f-4baf-9eed-7a4cc889cb7c,FF:10:10:AE:A7:64,Sunset lights,-79,1761248091514
30090,1761248691601.0,0adab909-eb8f-4baf-9eed-7a4cc889cb7c,FF:10:10:AE:A7:64,Sunset lights,-81,1761248691506
30091,1761248692278.0,0adab909-eb8f-4baf-9eed-7a4cc889cb7c,75:61:07:E9:E1:31,,-76,1761248691506
30092,1761248693859.0,0adab909-eb8f-4baf-9eed-7a4cc889cb7c,5F:4B:00:F9:E3:80,,127,1761248691506
30093,1761249291389.0,0adab909-eb8f-4baf-9eed-7a4cc889cb7c,FF:10:10:AE:A7:64,Sunset lights,-79,1761249291251
30094,1761249291987.0,0adab909-eb8f-4baf-9eed-7a4cc889cb7c,48:32:04:D1:53:C0,,-82,1761249291251
30095,1761249292006.0,0adab909-eb8f-4baf-9eed-7a4cc889cb7c,5A:09:F3:49:14:E2,,-82,1761249291251
30096,1761249293611.0,0adab909-eb8f-4baf-9eed-7a4cc889cb7c,27:3B:51:A8:39:40,,-91,1761249291251
30097,1761249891276.0,0adab909-eb8f-4baf-9eed-7a4cc889cb7c,FF:10:10:AE:A7:64,Sunset lights,-76,1761249891252
30098,1761249892924.0,0adab909-eb8f-4baf-9eed-7a4cc889cb7c,5A:09:F3:49:14:E2,,-73,1761249891252
30099,1761249893873.0,0adab909-eb8f-4baf-9eed-7a4cc889cb7c,67:8D:A3:12:45:24,,-90,1761249891252
30100,1761250491338.0,0adab909-eb8f-4baf-9eed-7a4cc889cb7c,FF:10:10:AE:A7:64,Sunset lights,-79,1761250491226
30101,1761250492273.0,0adab909-eb8f-4baf-9eed-7a4cc889cb7c,60:0F:A2:B2:1F:A1,,-82,1761250491226
30102,1761250866029.0,0adab909-eb8f-4baf-9eed-7a4cc889cb7c,FF:10:10:AE:A7:64,Sunset lights,-74,1761250865929
30103,1761250866636.0,0adab909-eb8f-4baf-9eed-7a4cc889cb7c,60:0F:A2:B2:1F:A1,,-78,1761250865929
30104,1761251692404.0,0adab909-eb8f-4baf-9eed-7a4cc889cb7c,FF:10:10:AE:A7:64,Sunset lights,-83,1761251691640
30105,1761251694927.0,0adab909-eb8f-4baf-9eed-7a4cc889cb7c,7D:AA:9B:FD:E4:C3,,-57,1761251691640
30106,1761251694963.0,0adab909-eb8f-4baf-9eed-7a4cc889cb7c,64:8A:C8:A9:0D:DF,,-68,1761251691640
30107,1761252292383.0,0adab909-eb8f-4baf-9eed-7a4cc889cb7c,FF:10:10:AE:A7:64,Sunset lights,-79,1761252291635
30108,1761252303228.0,0adab909-eb8f-4baf-9eed-7a4cc889cb7c,57:DB:C9:33:5C:E4,,-88,1761252291635
30109,1761252304649.0,0adab909-eb8f-4baf-9eed-7a4cc889cb7c,FF:10:10:AE:A7:64,Sunset lights,-73,1761252291635
30110,1761252629683.0,0adab909-eb8f-4baf-9eed-7a4cc889cb7c,5A:88:16:9A:C5:59,,-66,1761252629652
30111,1761252629752.0,0adab909-eb8f-4baf-9eed-7a4cc889cb7c,F4:FE:FB:45:44:C9,[TV] Samsung 7 Series (50),-74,1761252629652
30112,1761252630144.0,0adab909-eb8f-4baf-9eed-7a4cc889cb7c,57:DB:C9:33:5C:E4,,-75,1761252629652
30113,1761252630170.0,0adab909-eb8f-4baf-9eed-7a4cc889cb7c,F4:FE:FB:45:44:C9,[TV] Samsung 7 Series (50),-100,1761252629652
30114,1761252631049.0,0adab909-eb8f-4baf-9eed-7a4cc889cb7c,69:83:F7:36:86:A3,,-71,1761252629652
30115,1761252631392.0,0adab909-eb8f-4baf-9eed-7a4cc889cb7c,44:6F:CC:F5:28:57,,-82,1761252629652
30116,1761252635152.0,0adab909-eb8f-4baf-9eed-7a4cc889cb7c,C3:F5:7F:8B:F1:7D,Hue Lamp,-81,1761252629652
30117,1761252635848.0,0adab909-eb8f-4baf-9eed-7a4cc889cb7c,49:83:11:5B:1E:2B,,-93,1761252629652
30118,1761252638108.0,0adab909-eb8f-4baf-9eed-7a4cc889cb7c,7B:EF:B2:78:92:AE,,-88,1761252629652
30119,1761252642590.0,0adab909-eb8f-4baf-9eed-7a4cc889cb7c,C3:F5:7F:8B:F1:7D,Hue Lamp,-83,1761252629652
30120,1761252642722.0,0adab909-eb8f-4baf-9eed-7a4cc889cb7c,F4:FE:FB:45:44:C9,[TV] Samsung 7 Series (50),-75,1761252629652
30121,1761252643669.0,0adab909-eb8f-4baf-9eed-7a4cc889cb7c,F1:17:35:BE:95:C9,,-73,1761252629652
30122,1761252643696.0,0adab909-eb8f-4baf-9eed-7a4cc889cb7c,5A:88:16:9A:C5:59,,-68,1761252629652
30123,1761252643715.0,0adab909-eb8f-4baf-9eed-7a4cc889cb7c,69:83:F7:36:86:A3,,-68,1761252629652
30124,1761252643763.0,0adab909-eb8f-4baf-9eed-7a4cc889cb7c,44:6F:CC:F5:28:57,,-85,1761252629652
30125,1761252645059.0,0adab909-eb8f-4baf-9eed-7a4cc889cb7c,EB:07:E0:FE:EA:E0,,-87,1761252629652
30126,1761252645086.0,0adab909-eb8f-4baf-9eed-7a4cc889cb7c,57:DB:C9:33:5C:E4,,-88,1761252629652
30127,1761252645800.0,0adab909-eb8f-4baf-9eed-7a4cc889cb7c,C3:F5:7F:8B:F1:7D,Hue Lamp,-83,1761252629652
30128,1761252645829.0,0adab909-eb8f-4baf-9eed-7a4cc889cb7c,7B:EF:B2:78:92:AE,,-90,1761252629652
30129,1761252645856.0,0adab909-eb8f-4baf-9eed-7a4cc889cb7c,57:DB:C9:33:5C:E4,,-88,1761252629652
30130,1761252645887.0,0adab909-eb8f-4baf-9eed-7a4cc889cb7c,F4:FE:FB:45:44:C9,[TV] Samsung 7 Series (50),-75,1761252629652
30131,1761252645913.0,0adab909-eb8f-4baf-9eed-7a4cc889cb7c,DA:BA:47:A1:6B:CA,,-70,1761252629652
30132,1761252645938.0,0adab909-eb8f-4baf-9eed-7a4cc889cb7c,69:83:F7:36:86:A3,,-71,1761252629652
30133,1761253246432.0,0adab909-eb8f-4baf-9eed-7a4cc889cb7c,F4:FE:FB:45:44:C9,[TV] Samsung 7 Series (50),-89,1761253246155
30134,1761253246907.0,0adab909-eb8f-4baf-9eed-7a4cc889cb7c,69:83:F7:36:86:A3,,-71,1761253246155
30135,1761253248531.0,0adab909-eb8f-4baf-9eed-7a4cc889cb7c,5C:68:5E:E0:4E:E1,,-73,1761253246155
30136,1761253251037.0,0adab909-eb8f-4baf-9eed-7a4cc889cb7c,44:6F:CC:F5:28:57,,-84,1761253246155
30137,1761253251079.0,0adab909-eb8f-4baf-9eed-7a4cc889cb7c,57:DB:C9:33:5C:E4,,-85,1761253246155
30138,1761253254288.0,0adab909-eb8f-4baf-9eed-7a4cc889cb7c,7B:EF:B2:78:92:AE,,-81,1761253246155
30139,1761253256770.0,0adab909-eb8f-4baf-9eed-7a4cc889cb7c,C3:F5:7F:8B:F1:7D,Hue Lamp,-75,1761253246155
30140,1761253259243.0,0adab909-eb8f-4baf-9eed-7a4cc889cb7c,5C:68:5E:E0:4E:E1,,-82,1761253246155
30141,1761253260179.0,0adab909-eb8f-4baf-9eed-7a4cc889cb7c,D2:8F:62:6F:F4:10,,-74,1761253246155
30142,1761253261953.0,0adab909-eb8f-4baf-9eed-7a4cc889cb7c,CC:D7:28:E8:9B:7A,,-85,1761253246155
30143,1761253262025.0,0adab909-eb8f-4baf-9eed-7a4cc889cb7c,44:6F:CC:F5:28:57,,-88,1761253246155
30144,1761253817688.0,0adab909-eb8f-4baf-9eed-7a4cc889cb7c,52:4C:EB:8E:21:75,,-78,1761253817283
30145,1761253817717.0,0adab909-eb8f-4baf-9eed-7a4cc889cb7c,FF:10:10:AE:A7:64,Sunset lights,-80,1761253817283
30146,1761253830309.0,0adab909-eb8f-4baf-9eed-7a4cc889cb7c,FB:72:99:42:8B:59,,-79,1761253817283
30147,1761253831300.0,0adab909-eb8f-4baf-9eed-7a4cc889cb7c,FF:10:10:AE:A7:64,Sunset lights,-80,1761253817283
30148,1761254477667.0,0adab909-eb8f-4baf-9eed-7a4cc889cb7c,FF:10:10:AE:A7:64,Sunset lights,-88,1761254477274
30149,1761254482467.0,0adab909-eb8f-4baf-9eed-7a4cc889cb7c,5C:F8:0F:C2:BD:F5,,-73,1761254477274
30150,1761254491213.0,0adab909-eb8f-4baf-9eed-7a4cc889cb7c,FF:10:10:AE:A7:64,Sunset lights,-84,1761254477274
30151,1761255291829.0,0adab909-eb8f-4baf-9eed-7a4cc889cb7c,7F:B4:E2:74:4D:EE,,-78,1761255291735
30152,1761255294097.0,0adab909-eb8f-4baf-9eed-7a4cc889cb7c,FF:10:10:AE:A7:64,Sunset lights,-88,1761255291735
30153,1761255307590.0,0adab909-eb8f-4baf-9eed-7a4cc889cb7c,F4:17:3D:08:4D:EB,,-85,1761255291735
30154,1761255894451.0,0adab909-eb8f-4baf-9eed-7a4cc889cb7c,FF:10:10:AE:A7:64,Sunset lights,-78,1761255891747
30155,1761255899536.0,0adab909-eb8f-4baf-9eed-7a4cc889cb7c,7F:B4:E2:74:4D:EE,,-76,1761255891747
30156,1761255905589.0,0adab909-eb8f-4baf-9eed-7a4cc889cb7c,E5:9E:14:A5:71:18,,-77,1761255891747
30157,1761256491794.0,0adab909-eb8f-4baf-9eed-7a4cc889cb7c,FF:10:10:AE:A7:64,Sunset lights,-83,1761256491379
30158,1761256495657.0,0adab909-eb8f-4baf-9eed-7a4cc889cb7c,75:B2:B0:C3:E5:F3,,-72,1761256491379
30159,1761256504336.0,0adab909-eb8f-4baf-9eed-7a4cc889cb7c,DE:26:28:86:F3:8F,,-76,1761256491379
30160,1761256505588.0,0adab909-eb8f-4baf-9eed-7a4cc889cb7c,FF:10:10:AE:A7:64,Sunset lights,-77,1761256491379
30161,1761256859933.0,0adab909-eb8f-4baf-9eed-7a4cc889cb7c,FF:10:10:AE:A7:64,Sunset lights,-88,1761256857289
30162,1761256866651.0,0adab909-eb8f-4baf-9eed-7a4cc889cb7c,75:B2:B0:C3:E5:F3,,-87,1761256857289
30163,1761256872218.0,0adab909-eb8f-4baf-9eed-7a4cc889cb7c,FF:10:10:AE:A7:64,Sunset lights,-78,1761256857289
30164,1761257420764.0,0adab909-eb8f-4baf-9eed-7a4cc889cb7c,FF:10:10:AE:A7:64,Sunset lights,-88,1761257419640
30165,1761257429284.0,0adab909-eb8f-4baf-9eed-7a4cc889cb7c,75:B2:B0:C3:E5:F3,,-78,1761257419640
30166,1761257432500.0,0adab909-eb8f-4baf-9eed-7a4cc889cb7c,E4:D9:E0:F1:64:2D,,-93,1761257419640
30167,1761258210838.0,0adab909-eb8f-4baf-9eed-7a4cc889cb7c,77:E7:2C:A7:E4:4C,,-91,1761258208192
30168,1761258223097.0,0adab909-eb8f-4baf-9eed-7a4cc889cb7c,C3:0F:AE:3A:BC:4B,,-90,1761258208192
30169,1761258639682.0,0adab909-eb8f-4baf-9eed-7a4cc889cb7c,FF:10:10:AE:A7:64,Sunset lights,-78,1761258638917
30170,1761258640663.0,0adab909-eb8f-4baf-9eed-7a4cc889cb7c,77:E7:2C:A7:E4:4C,,-89,1761258638917
30171,1761258652843.0,0adab909-eb8f-4baf-9eed-7a4cc889cb7c,FF:10:10:AE:A7:64,Sunset lights,-79,1761258638917
30172,1761259498556.0,0adab909-eb8f-4baf-9eed-7a4cc889cb7c,FF:10:10:AE:A7:64,Sunset lights,-80,1761259491411
30173,1761259505419.0,0adab909-eb8f-4baf-9eed-7a4cc889cb7c,FF:10:10:AE:A7:64,Sunset lights,-80,1761259491411
30174,1761259505524.0,0adab909-eb8f-4baf-9eed-7a4cc889cb7c,34:38:E8:F1:4D:2E,,-96,1761259491411
30175,1761260091387.0,0adab909-eb8f-4baf-9eed-7a4cc889cb7c,FF:10:10:AE:A7:64,Sunset lights,-82,1761260091020
30176,1761260099108.0,0adab909-eb8f-4baf-9eed-7a4cc889cb7c,51:2D:71:92:20:DA,,-85,1761260091020
30177,1761260103963.0,0adab909-eb8f-4baf-9eed-7a4cc889cb7c,FF:10:10:AE:A7:64,Sunset lights,-83,1761260091020
30178,1761260104014.0,0adab909-eb8f-4baf-9eed-7a4cc889cb7c,F7:59:8A:CE:B1:DD,,-83,1761260091020
30179,1761260105087.0,0adab909-eb8f-4baf-9eed-7a4cc889cb7c,51:2D:71:92:20:DA,,-86,1761260091020
30180,1761260691075.0,0adab909-eb8f-4baf-9eed-7a4cc889cb7c,FF:10:10:AE:A7:64,Sunset lights,-90,1761260691030
30181,1761260697898.0,0adab909-eb8f-4baf-9eed-7a4cc889cb7c,59:D3:C2:21:70:ED,,-81,1761260691030
30182,1761260704076.0,0adab909-eb8f-4baf-9eed-7a4cc889cb7c,FF:10:10:AE:A7:64,Sunset lights,-86,1761260691030
30183,1761260705935.0,0adab909-eb8f-4baf-9eed-7a4cc889cb7c,59:D3:C2:21:70:ED,,-89,1761260691030
30184,1761261291416.0,0adab909-eb8f-4baf-9eed-7a4cc889cb7c,4C:96:8A:ED:6A:01,SPEN NA,-63,1761261291023
30185,1761261291724.0,0adab909-eb8f-4baf-9eed-7a4cc889cb7c,4C:96:8A:ED:6A:01,SPEN NA,-61,1761261291023
30186,1761261292034.0,0adab909-eb8f-4baf-9eed-7a4cc889cb7c,FF:10:10:AE:A7:64,Sunset lights,-81,1761261291023
30187,1761261292054.0,0adab909-eb8f-4baf-9eed-7a4cc889cb7c,4C:96:8A:ED:6A:01,SPEN NA,-61,1761261291023
30188,1761261292374.0,0adab909-eb8f-4baf-9eed-7a4cc889cb7c,4C:96:8A:ED:6A:01,SPEN NA,-63,1761261291023
30189,1761261295320.0,0adab909-eb8f-4baf-9eed-7a4cc889cb7c,4C:96:8A:ED:6A:01,SPEN NA,-62,1761261291023
30190,1761261295640.0,0adab909-eb8f-4baf-9eed-7a4cc889cb7c,4C:96:8A:ED:6A:01,SPEN NA,-64,1761261291023
30191,1761261295938.0,0adab909-eb8f-4baf-9eed-7a4cc889cb7c,4C:96:8A:ED:6A:01,SPEN NA,-61,1761261291023
30192,1761261296251.0,0adab909-eb8f-4baf-9eed-7a4cc889cb7c,4C:96:8A:ED:6A:01,SPEN NA,-61,1761261291023
30193,1761261296568.0,0adab909-eb8f-4baf-9eed-7a4cc889cb7c,4C:96:8A:ED:6A:01,SPEN NA,-63,1761261291023
30194,1761261297207.0,0adab909-eb8f-4baf-9eed-7a4cc889cb7c,4C:96:8A:ED:6A:01,SPEN NA,-61,1761261291023
30195,1761261297489.0,0adab909-eb8f-4baf-9eed-7a4cc889cb7c,59:D3:C2:21:70:ED,,-74,1761261291023
30196,1761261297513.0,0adab909-eb8f-4baf-9eed-7a4cc889cb7c,4C:96:8A:ED:6A:01,SPEN NA,-64,1761261291023
30197,1761261297832.0,0adab909-eb8f-4baf-9eed-7a4cc889cb7c,4C:96:8A:ED:6A:01,SPEN NA,-61,1761261291023
30198,1761261298779.0,0adab909-eb8f-4baf-9eed-7a4cc889cb7c,4C:96:8A:ED:6A:01,SPEN NA,-61,1761261291023
30199,1761261299096.0,0adab909-eb8f-4baf-9eed-7a4cc889cb7c,4C:96:8A:ED:6A:01,SPEN NA,-64,1761261291023
30200,1761261300125.0,0adab909-eb8f-4baf-9eed-7a4cc889cb7c,4C:96:8A:ED:6A:01,SPEN NA,-65,1761261291023
30201,1761261301410.0,0adab909-eb8f-4baf-9eed-7a4cc889cb7c,4C:96:8A:ED:6A:01,SPEN NA,-60,1761261291023
30202,1761261301718.0,0adab909-eb8f-4baf-9eed-7a4cc889cb7c,4C:96:8A:ED:6A:01,SPEN NA,-61,1761261291023
30203,1761261302340.0,0adab909-eb8f-4baf-9eed-7a4cc889cb7c,4C:96:8A:ED:6A:01,SPEN NA,-65,1761261291023
30204,1761261302655.0,0adab909-eb8f-4baf-9eed-7a4cc889cb7c,4C:96:8A:ED:6A:01,SPEN NA,-62,1761261291023
30205,1761261302969.0,0adab909-eb8f-4baf-9eed-7a4cc889cb7c,4C:96:8A:ED:6A:01,SPEN NA,-64,1761261291023
30206,1761261303290.0,0adab909-eb8f-4baf-9eed-7a4cc889cb7c,4C:96:8A:ED:6A:01,SPEN NA,-65,1761261291023
30207,1761261303606.0,0adab909-eb8f-4baf-9eed-7a4cc889cb7c,4C:96:8A:ED:6A:01,SPEN NA,-63,1761261291023
30208,1761261894584.0,0adab909-eb8f-4baf-9eed-7a4cc889cb7c,FF:10:10:AE:A7:64,Sunset lights,-81,1761261891614
30209,1761261895568.0,0adab909-eb8f-4baf-9eed-7a4cc889cb7c,42:11:DE:CB:B9:E9,,-73,1761261891614
30210,1761262492670.0,0adab909-eb8f-4baf-9eed-7a4cc889cb7c,61:48:B6:D3:9A:8D,,-73,1761262491609
30211,1761262496152.0,0adab909-eb8f-4baf-9eed-7a4cc889cb7c,FF:10:10:AE:A7:64,Sunset lights,-83,1761262491609
30212,1761263095268.0,0adab909-eb8f-4baf-9eed-7a4cc889cb7c,FF:10:10:AE:A7:64,Sunset lights,-81,1761263091625
30213,1761263100372.0,0adab909-eb8f-4baf-9eed-7a4cc889cb7c,61:48:B6:D3:9A:8D,,-75,1761263091625
30214,1761263101652.0,0adab909-eb8f-4baf-9eed-7a4cc889cb7c,4D:E2:75:F4:BD:A6,,-91,1761263091625
30215,1761263455184.0,0adab909-eb8f-4baf-9eed-7a4cc889cb7c,61:48:B6:D3:9A:8D,,-71,1761263455182
30216,1761263455506.0,0adab909-eb8f-4baf-9eed-7a4cc889cb7c,FF:10:10:AE:A7:64,Sunset lights,-82,1761263455182
30217,1761264289484.0,0adab909-eb8f-4baf-9eed-7a4cc889cb7c,FF:10:10:AE:A7:64,Sunset lights,-78,1761264287083
30218,1761264290123.0,0adab909-eb8f-4baf-9eed-7a4cc889cb7c,4A:4E:78:34:1C:DD,,-75,1761264287083
30219,1761264888546.0,0adab909-eb8f-4baf-9eed-7a4cc889cb7c,FF:10:10:AE:A7:64,Sunset lights,-76,1761264886996
30220,1761264890120.0,0adab909-eb8f-4baf-9eed-7a4cc889cb7c,40:6F:87:76:DA:6C,,-93,1761264886996
30221,1761265501099.0,0adab909-eb8f-4baf-9eed-7a4cc889cb7c,40:E6:5E:20:F0:9A,,-63,1761265497470
30222,1761265502092.0,0adab909-eb8f-4baf-9eed-7a4cc889cb7c,FF:10:10:AE:A7:64,Sunset lights,-79,1761265497470
30223,1761265861791.0,0adab909-eb8f-4baf-9eed-7a4cc889cb7c,FF:10:10:AE:A7:64,Sunset lights,-84,1761265860450
30224,1761265872368.0,0adab909-eb8f-4baf-9eed-7a4cc889cb7c,5F:EE:90:66:62:BA,,-74,1761265860450
30225,1761266462500.0,0adab909-eb8f-4baf-9eed-7a4cc889cb7c,FF:10:10:AE:A7:64,Sunset lights,-76,1761266461784
30226,1761266469881.0,0adab909-eb8f-4baf-9eed-7a4cc889cb7c,5F:EE:90:66:62:BA,,-68,1761266461784
30227,1761267362662.0,0adab909-eb8f-4baf-9eed-7a4cc889cb7c,78:11:EE:FF:9A:FF,,-82,1761267361824
30228,1761267362879.0,0adab909-eb8f-4baf-9eed-7a4cc889cb7c,77:52:D9:1A:10:C2,,-71,1761267361824
30229,1761267364402.0,0adab909-eb8f-4baf-9eed-7a4cc889cb7c,FF:10:10:AE:A7:64,Sunset lights,-82,1761267361824
30230,1761267894247.0,0adab909-eb8f-4baf-9eed-7a4cc889cb7c,FF:10:10:AE:A7:64,Sunset lights,-83,1761267893808
30231,1761267894270.0,0adab909-eb8f-4baf-9eed-7a4cc889cb7c,61:1E:CB:F5:FE:96,,-69,1761267893808
30232,1761268494513.0,0adab909-eb8f-4baf-9eed-7a4cc889cb7c,FF:10:10:AE:A7:64,Sunset lights,-83,1761268493745
30233,1761269094462.0,0adab909-eb8f-4baf-9eed-7a4cc889cb7c,FF:10:10:AE:A7:64,Sunset lights,-83,1761269093745
30234,1761269625769.0,0adab909-eb8f-4baf-9eed-7a4cc889cb7c,FF:10:10:AE:A7:64,Sunset lights,-84,1761269625757
30235,1761270226768.0,0adab909-eb8f-4baf-9eed-7a4cc889cb7c,FF:10:10:AE:A7:64,Sunset lights,-79,1761270225904
30236,1761271067194.0,0adab909-eb8f-4baf-9eed-7a4cc889cb7c,FF:10:10:AE:A7:64,Sunset lights,-85,1761271065731
30237,1761271426405.0,0adab909-eb8f-4baf-9eed-7a4cc889cb7c,FF:10:10:AE:A7:64,Sunset lights,-85,1761271426154
30238,1761272558806.0,0adab909-eb8f-4baf-9eed-7a4cc889cb7c,FF:10:10:AE:A7:64,Sunset lights,-80,1761272557712
30239,1761273161713.0,0adab909-eb8f-4baf-9eed-7a4cc889cb7c,FF:10:10:AE:A7:64,Sunset lights,-82,1761273157718
30240,1761273689714.0,0adab909-eb8f-4baf-9eed-7a4cc889cb7c,FF:10:10:AE:A7:64,Sunset lights,-84,1761273689690
30241,1761274289934.0,0adab909-eb8f-4baf-9eed-7a4cc889cb7c,FF:10:10:AE:A7:64,Sunset lights,-79,1761274289931
30242,1761274293679.0,0adab909-eb8f-4baf-9eed-7a4cc889cb7c,55:DD:F3:95:F3:8E,,-87,1761274289931
30243,1761274298501.0,0adab909-eb8f-4baf-9eed-7a4cc889cb7c,49:42:E6:B7:2E:C6,,-92,1761274289931
30244,1761274298781.0,0adab909-eb8f-4baf-9eed-7a4cc889cb7c,4C:59:93:3A:6C:2B,,-83,1761274289931
30245,1761274889004.0,0adab909-eb8f-4baf-9eed-7a4cc889cb7c,FF:10:10:AE:A7:64,Sunset lights,-82,1761274888571
30246,1761274900888.0,0adab909-eb8f-4baf-9eed-7a4cc889cb7c,56:B5:67:61:06:2D,,-84,1761274888571
30247,1761275492684.0,0adab909-eb8f-4baf-9eed-7a4cc889cb7c,FF:10:10:AE:A7:64,Sunset lights,-82,1761275489710
30248,1761276021677.0,0adab909-eb8f-4baf-9eed-7a4cc889cb7c,68:E3:C7:29:69:E1,,-84,1761276020940
30249,1761276022015.0,0adab909-eb8f-4baf-9eed-7a4cc889cb7c,FF:10:10:AE:A7:64,Sunset lights,-81,1761276020940
30250,1761276023356.0,0adab909-eb8f-4baf-9eed-7a4cc889cb7c,5E:14:38:51:F9:A8,,-94,1761276020940
30251,1761276622073.0,0adab909-eb8f-4baf-9eed-7a4cc889cb7c,FF:10:10:AE:A7:64,Sunset lights,-85,1761276621671
30252,1761276632050.0,0adab909-eb8f-4baf-9eed-7a4cc889cb7c,62:A0:51:05:2D:B1,,-83,1761276621671
30253,1761277222025.0,0adab909-eb8f-4baf-9eed-7a4cc889cb7c,62:A0:51:05:2D:B1,,-90,1761277221648
30254,1761277222043.0,0adab909-eb8f-4baf-9eed-7a4cc889cb7c,7A:41:6F:53:29:BA,,-92,1761277221648
30255,1761277233952.0,0adab909-eb8f-4baf-9eed-7a4cc889cb7c,FF:10:10:AE:A7:64,Sunset lights,-83,1761277221648
30256,1761277840048.0,0adab909-eb8f-4baf-9eed-7a4cc889cb7c,FF:10:10:AE:A7:64,Sunset lights,-93,1761277839760
30257,1761277841684.0,0adab909-eb8f-4baf-9eed-7a4cc889cb7c,4B:F1:F8:6B:7F:8A,,-95,1761277839760
30258,1761277842629.0,0adab909-eb8f-4baf-9eed-7a4cc889cb7c,B0:38:E2:3A:36:17,,-90,1761277839760
30259,1761278654421.0,0adab909-eb8f-4baf-9eed-7a4cc889cb7c,7E:10:78:E5:24:93,,-84,1761278653669
30260,1761278660197.0,0adab909-eb8f-4baf-9eed-7a4cc889cb7c,76:05:4E:30:BF:E4,,-86,1761278653669
30261,1761278661482.0,0adab909-eb8f-4baf-9eed-7a4cc889cb7c,FF:10:10:AE:A7:64,Sunset lights,-82,1761278653669
30262,1761279258549.0,0adab909-eb8f-4baf-9eed-7a4cc889cb7c,FF:10:10:AE:A7:64,Sunset lights,-78,1761279253650
30263,1761279770695.0,0adab909-eb8f-4baf-9eed-7a4cc889cb7c,FF:10:10:AE:A7:64,Sunset lights,-78,1761279768634
30264,1761279773618.0,0adab909-eb8f-4baf-9eed-7a4cc889cb7c,7D:6B:A9:10:EC:2E,,-91,1761279768634
30265,1761280368867.0,0adab909-eb8f-4baf-9eed-7a4cc889cb7c,4F:98:78:D5:A2:8B,,-89,1761280368864
30266,1761280369741.0,0adab909-eb8f-4baf-9eed-7a4cc889cb7c,FF:10:10:AE:A7:64,Sunset lights,-81,1761280368864
30267,1761280969387.0,0adab909-eb8f-4baf-9eed-7a4cc889cb7c,FF:10:10:AE:A7:64,Sunset lights,-82,1761280968854
30268,1761281440022.0,0adab909-eb8f-4baf-9eed-7a4cc889cb7c,FF:10:10:AE:A7:64,Sunset lights,-88,1761281437652
30269,1761282099397.0,0adab909-eb8f-4baf-9eed-7a4cc889cb7c,FF:10:10:AE:A7:64,Sunset lights,-83,1761282098611
30270,1761282102247.0,0adab909-eb8f-4baf-9eed-7a4cc889cb7c,05:0E:52:89:B7:D2,,-91,1761282098611
30271,1761282702608.0,0adab909-eb8f-4baf-9eed-7a4cc889cb7c,FF:10:10:AE:A7:64,Sunset lights,-77,1761282699640
30272,1761283300354.0,0adab909-eb8f-4baf-9eed-7a4cc889cb7c,FF:10:10:AE:A7:64,Sunset lights,-82,1761283299930
30273,1761283306762.0,0adab909-eb8f-4baf-9eed-7a4cc889cb7c,63:C1:D6:04:0F:A6,,-94,1761283299930
30274,1761283835936.0,0adab909-eb8f-4baf-9eed-7a4cc889cb7c,FF:10:10:AE:A7:64,Sunset lights,-83,1761283831628
30275,1761283836944.0,0adab909-eb8f-4baf-9eed-7a4cc889cb7c,78:E2:7F:E8:1E:AE,,-93,1761283831628
30276,1761283838095.0,0adab909-eb8f-4baf-9eed-7a4cc889cb7c,50:AA:AB:9E:A4:62,,-83,1761283831628
30277,1761284431859.0,0adab909-eb8f-4baf-9eed-7a4cc889cb7c,FF:10:10:AE:A7:64,Sunset lights,-86,1761284431856
30278,1761284442003.0,0adab909-eb8f-4baf-9eed-7a4cc889cb7c,6E:DC:B6:3F:BF:DB,,-86,1761284431856
30279,1761285032380.0,0adab909-eb8f-4baf-9eed-7a4cc889cb7c,FF:10:10:AE:A7:64,Sunset lights,-80,1761285031910
30280,1761285033044.0,0adab909-eb8f-4baf-9eed-7a4cc889cb7c,55:CA:4C:03:93:1B,,-86,1761285031910
30281,1761285033059.0,0adab909-eb8f-4baf-9eed-7a4cc889cb7c,E2:33:5E:8B:2E:77,Inspire 2,-92,1761285031910
30282,1761285632424.0,0adab909-eb8f-4baf-9eed-7a4cc889cb7c,FF:10:10:AE:A7:64,Sunset lights,-82,1761285624562
30283,1761286225600.0,0adab909-eb8f-4baf-9eed-7a4cc889cb7c,54:BA:AF:FC:6E:38,,-83,1761286224839
30284,1761286225634.0,0adab909-eb8f-4baf-9eed-7a4cc889cb7c,73:D3:3B:C8:22:23,,-88,1761286224839
30285,1761286233000.0,0adab909-eb8f-4baf-9eed-7a4cc889cb7c,75:AA:EC:0C:BA:E8,,-89,1761286224839
30286,1761286235984.0,0adab909-eb8f-4baf-9eed-7a4cc889cb7c,FF:10:10:AE:A7:64,Sunset lights,-80,1761286224839
30287,1761286827578.0,0adab909-eb8f-4baf-9eed-7a4cc889cb7c,7C:88:68:C0:B1:5D,,-89,1761286824824
30288,1761286828529.0,0adab909-eb8f-4baf-9eed-7a4cc889cb7c,FF:10:10:AE:A7:64,Sunset lights,-80,1761286824824
30289,1761286835338.0,0adab909-eb8f-4baf-9eed-7a4cc889cb7c,13:11:11:83:7C:D0,,-93,1761286824824
30290,1761287716264.0,0adab909-eb8f-4baf-9eed-7a4cc889cb7c,4D:B4:2B:8F:72:AF,,-90,1761287714574
30291,1761287716398.0,0adab909-eb8f-4baf-9eed-7a4cc889cb7c,DE:99:46:00:00:55,AVISON,-100,1761287714574
30292,1761287716923.0,0adab909-eb8f-4baf-9eed-7a4cc889cb7c,69:57:A9:26:A9:72,,-91,1761287714574
30293,1761287716941.0,0adab909-eb8f-4baf-9eed-7a4cc889cb7c,7C:88:68:C0:B1:5D,,-87,1761287714574
30294,1761287719554.0,0adab909-eb8f-4baf-9eed-7a4cc889cb7c,69:95:62:BD:2E:B6,,-87,1761287714574
30295,1761288314994.0,0adab909-eb8f-4baf-9eed-7a4cc889cb7c,71:ED:63:80:0E:B9,,-88,1761288314585
30296,1761288316310.0,0adab909-eb8f-4baf-9eed-7a4cc889cb7c,FF:10:10:AE:A7:64,Sunset lights,-85,1761288314585
30297,1761288318257.0,0adab909-eb8f-4baf-9eed-7a4cc889cb7c,40:D6:44:A5:D3:ED,,-89,1761288314585
30298,1761288917317.0,0adab909-eb8f-4baf-9eed-7a4cc889cb7c,FF:10:10:AE:A7:64,Sunset lights,-80,1761288913914
30299,1761288919499.0,0adab909-eb8f-4baf-9eed-7a4cc889cb7c,56:CF:00:08:55:C5,,-83,1761288913914
30300,1761288920184.0,0adab909-eb8f-4baf-9eed-7a4cc889cb7c,71:ED:63:80:0E:B9,,-87,1761288913914
30301,1761288923630.0,0adab909-eb8f-4baf-9eed-7a4cc889cb7c,6F:69:98:4C:DF:B4,,-88,1761288913914
30302,1761288925553.0,0adab909-eb8f-4baf-9eed-7a4cc889cb7c,48:6B:53:75:EC:4C,,-92,1761288913914
30303,1761289263889.0,0adab909-eb8f-4baf-9eed-7a4cc889cb7c,FF:10:10:AE:A7:64,Sunset lights,-91,1761289261612
30304,1761289272621.0,0adab909-eb8f-4baf-9eed-7a4cc889cb7c,56:CF:00:08:55:C5,,-88,1761289261612
30305,1761290050835.0,0adab909-eb8f-4baf-9eed-7a4cc889cb7c,FF:10:10:AE:A7:64,Sunset lights,-91,1761290045585
30306,1761290469278.0,0adab909-eb8f-4baf-9eed-7a4cc889cb7c,FF:10:10:AE:A7:64,Sunset lights,-79,1761290466772
30307,1761291123305.0,0adab909-eb8f-4baf-9eed-7a4cc889cb7c,FF:10:10:AE:A7:64,Sunset lights,-85,1761291122581
30308,1761291134996.0,0adab909-eb8f-4baf-9eed-7a4cc889cb7c,00:12:F3:3F:54:9B,FXM-ECU-isar3-a-5158844865,-100,1761291122581
30309,1761291761319.0,0adab909-eb8f-4baf-9eed-7a4cc889cb7c,7D:CF:52:36:2D:01,,-84,1761291760809
30310,1761291762333.0,0adab909-eb8f-4baf-9eed-7a4cc889cb7c,FF:10:10:AE:A7:64,Sunset lights,-84,1761291760809
30311,1761291762417.0,0adab909-eb8f-4baf-9eed-7a4cc889cb7c,BE:EF:BE:EF:51:96,,-100,1761291760809
30312,1761291772520.0,0adab909-eb8f-4baf-9eed-7a4cc889cb7c,37:41:50:0B:BA:B5,,-91,1761291760809
30313,1761292360741.0,0adab909-eb8f-4baf-9eed-7a4cc889cb7c,6F:96:0D:98:10:D2,,-87,1761292360739
30314,1761292360758.0,0adab909-eb8f-4baf-9eed-7a4cc889cb7c,44:B6:65:09:66:A2,,-86,1761292360739
30315,1761292364158.0,0adab909-eb8f-4baf-9eed-7a4cc889cb7c,FF:10:10:AE:A7:64,Sunset lights,-79,1761292360739
30316,1761292365424.0,0adab909-eb8f-4baf-9eed-7a4cc889cb7c,65:38:5F:10:A9:BC,,-91,1761292360739
30317,1761292370628.0,0adab909-eb8f-4baf-9eed-7a4cc889cb7c,44:A3:BB:5E:08:70,,-100,1761292360739
30318,1761292377971.0,0adab909-eb8f-4baf-9eed-7a4cc889cb7c,44:A3:BB:5E:08:70,NB_RCK,-100,1761292360739
30319,1761292884052.0,0adab909-eb8f-4baf-9eed-7a4cc889cb7c,FF:10:10:AE:A7:64,Sunset lights,-84,1761292883722
30320,1761292884100.0,0adab909-eb8f-4baf-9eed-7a4cc889cb7c,6A:7B:69:F4:89:16,,-93,1761292883722
30321,1761292886019.0,0adab909-eb8f-4baf-9eed-7a4cc889cb7c,26:5B:86:8B:39:C5,,-93,1761292883722
30322,1761292887260.0,0adab909-eb8f-4baf-9eed-7a4cc889cb7c,74:DD:5F:69:31:C2,,-82,1761292883722
30323,1761292889820.0,0adab909-eb8f-4baf-9eed-7a4cc889cb7c,75:8A:85:F3:DB:90,,-92,1761292883722
30324,1761292893633.0,0adab909-eb8f-4baf-9eed-7a4cc889cb7c,76:68:9C:7B:89:89,,-93,1761292883722
30325,1761292896261.0,0adab909-eb8f-4baf-9eed-7a4cc889cb7c,4C:1E:FE:B7:99:B7,,-92,1761292883722
30326,1761292896558.0,0adab909-eb8f-4baf-9eed-7a4cc889cb7c,1E:AB:70:A7:4C:74,,-91,1761292883722
30327,1761292897726.0,0adab909-eb8f-4baf-9eed-7a4cc889cb7c,FF:10:10:AE:A7:64,Sunset lights,-80,1761292883722
30328,1761292897754.0,0adab909-eb8f-4baf-9eed-7a4cc889cb7c,0D:05:18:95:B2:3E,,-94,1761292883722
30329,1761292898545.0,0adab909-eb8f-4baf-9eed-7a4cc889cb7c,74:DD:5F:69:31:C2,,-81,1761292883722
30330,1761293685003.0,0adab909-eb8f-4baf-9eed-7a4cc889cb7c,C3:F5:7F:8B:F1:7D,Hue Lamp,-86,1761293683300
30331,1761293685617.0,0adab909-eb8f-4baf-9eed-7a4cc889cb7c,52:E1:99:AE:48:74,,-89,1761293683300
30332,1761293686315.0,0adab909-eb8f-4baf-9eed-7a4cc889cb7c,63:D6:E1:6E:EC:EB,,-69,1761293683300
30333,1761293696198.0,0adab909-eb8f-4baf-9eed-7a4cc889cb7c,63:D6:E1:6E:EC:EB,,-69,1761293683300
30334,1761293696230.0,0adab909-eb8f-4baf-9eed-7a4cc889cb7c,1F:9E:87:51:AE:1F,,-71,1761293683300
30335,1761293696256.0,0adab909-eb8f-4baf-9eed-7a4cc889cb7c,F4:FE:FB:45:44:C9,[TV] Samsung 7 Series (50),-78,1761293683300
30336,1761293696313.0,0adab909-eb8f-4baf-9eed-7a4cc889cb7c,C3:F5:7F:8B:F1:7D,Hue Lamp,-86,1761293683300
30337,1761293696331.0,0adab909-eb8f-4baf-9eed-7a4cc889cb7c,ED:4A:80:BE:E5:9A,,-74,1761293683300
30338,1761293696348.0,0adab909-eb8f-4baf-9eed-7a4cc889cb7c,52:E1:99:AE:48:74,,-91,1761293683300
30339,1761294284677.0,0adab909-eb8f-4baf-9eed-7a4cc889cb7c,63:D6:E1:6E:EC:EB,,-84,1761294283267
30340,1761294287175.0,0adab909-eb8f-4baf-9eed-7a4cc889cb7c,C3:F5:7F:8B:F1:7D,Hue Lamp,-87,1761294283267
30341,1761294287489.0,0adab909-eb8f-4baf-9eed-7a4cc889cb7c,4A:C3:EF:0A:EE:3F,,-83,1761294283267
30342,1761294296222.0,0adab909-eb8f-4baf-9eed-7a4cc889cb7c,28:21:CA:A3:CA:34,,-73,1761294283267
30343,1761294296271.0,0adab909-eb8f-4baf-9eed-7a4cc889cb7c,C3:F5:7F:8B:F1:7D,Hue Lamp,-79,1761294283267
30344,1761294296311.0,0adab909-eb8f-4baf-9eed-7a4cc889cb7c,63:D6:E1:6E:EC:EB,,-74,1761294283267
30345,1761294296330.0,0adab909-eb8f-4baf-9eed-7a4cc889cb7c,F4:FE:FB:45:44:C9,[TV] Samsung 7 Series (50),-83,1761294283267
30346,1761294297349.0,0adab909-eb8f-4baf-9eed-7a4cc889cb7c,4A:C3:EF:0A:EE:3F,,-81,1761294283267
30347,1761294728404.0,0adab909-eb8f-4baf-9eed-7a4cc889cb7c,6A:DF:7A:82:88:BD,,-74,1761294728397
30348,1761294729142.0,0adab909-eb8f-4baf-9eed-7a4cc889cb7c,68:5E:83:BC:43:E1,,-89,1761294728397
30349,1761294731347.0,0adab909-eb8f-4baf-9eed-7a4cc889cb7c,71:88:41:36:52:C4,,-95,1761294728397
30350,1761294731972.0,0adab909-eb8f-4baf-9eed-7a4cc889cb7c,FF:10:10:AE:A7:64,Sunset lights,-77,1761294728397
30351,1761294742353.0,0adab909-eb8f-4baf-9eed-7a4cc889cb7c,68:5E:83:BC:43:E1,,-84,1761294728397
30352,1761294742415.0,0adab909-eb8f-4baf-9eed-7a4cc889cb7c,6A:DF:7A:82:88:BD,,-75,1761294728397
30353,1761294742436.0,0adab909-eb8f-4baf-9eed-7a4cc889cb7c,FF:10:10:AE:A7:64,Sunset lights,-82,1761294728397
30354,1761294742453.0,0adab909-eb8f-4baf-9eed-7a4cc889cb7c,D6:40:9D:4D:6D:98,,-87,1761294728397
30355,1761295223196.0,0adab909-eb8f-4baf-9eed-7a4cc889cb7c,6A:DF:7A:82:88:BD,,-80,1761295223091
30356,1761295223224.0,0adab909-eb8f-4baf-9eed-7a4cc889cb7c,68:5E:83:BC:43:E1,,-88,1761295223091
30357,1761295226085.0,0adab909-eb8f-4baf-9eed-7a4cc889cb7c,FF:10:10:AE:A7:64,Sunset lights,-88,1761295223091
30358,1761295236949.0,0adab909-eb8f-4baf-9eed-7a4cc889cb7c,6A:DF:7A:82:88:BD,,-76,1761295223091
30359,1761295237039.0,0adab909-eb8f-4baf-9eed-7a4cc889cb7c,FF:10:10:AE:A7:64,Sunset lights,-85,1761295223091
30360,1761295237069.0,0adab909-eb8f-4baf-9eed-7a4cc889cb7c,0A:BD:DF:B4:B7:07,,-96,1761295223091
30361,1761296093289.0,0adab909-eb8f-4baf-9eed-7a4cc889cb7c,6A:DF:7A:82:88:BD,,-82,1761296092925
30362,1761296093652.0,0adab909-eb8f-4baf-9eed-7a4cc889cb7c,FF:10:10:AE:A7:64,Sunset lights,-77,1761296092925
30363,1761296094909.0,0adab909-eb8f-4baf-9eed-7a4cc889cb7c,4B:05:9F:96:46:BE,,-89,1761296092925
30364,1761296106960.0,0adab909-eb8f-4baf-9eed-7a4cc889cb7c,31:2A:AF:34:23:C5,,-94,1761296092925
30365,1761296107834.0,0adab909-eb8f-4baf-9eed-7a4cc889cb7c,FF:10:10:AE:A7:64,Sunset lights,-77,1761296092925
30366,1761296107867.0,0adab909-eb8f-4baf-9eed-7a4cc889cb7c,4B:05:9F:96:46:BE,,-88,1761296092925
30367,1761296690764.0,0adab909-eb8f-4baf-9eed-7a4cc889cb7c,6B:DA:32:12:46:5C,,-84,1761296690742
30368,1761296691218.0,0adab909-eb8f-4baf-9eed-7a4cc889cb7c,4B:05:9F:96:46:BE,,-90,1761296690742
30369,1761296692126.0,0adab909-eb8f-4baf-9eed-7a4cc889cb7c,FF:10:10:AE:A7:64,Sunset lights,-84,1761296690742
30370,1761296693113.0,0adab909-eb8f-4baf-9eed-7a4cc889cb7c,67:7E:03:36:1C:CA,,-74,1761296690742
30371,1761296703704.0,0adab909-eb8f-4baf-9eed-7a4cc889cb7c,6B:DA:32:12:46:5C,,-84,1761296690742
30372,1761296703734.0,0adab909-eb8f-4baf-9eed-7a4cc889cb7c,C1:E5:BF:C1:98:4C,,-88,1761296690742
30373,1761296703831.0,0adab909-eb8f-4baf-9eed-7a4cc889cb7c,67:7E:03:36:1C:CA,,-72,1761296690742
30374,1761296704849.0,0adab909-eb8f-4baf-9eed-7a4cc889cb7c,FF:10:10:AE:A7:64,Sunset lights,-84,1761296690742
30375,1761296705785.0,0adab909-eb8f-4baf-9eed-7a4cc889cb7c,4B:05:9F:96:46:BE,,-89,1761296690742
30376,1761297291073.0,0adab909-eb8f-4baf-9eed-7a4cc889cb7c,FF:10:10:AE:A7:64,Sunset lights,-91,1761297290977
30377,1761297291099.0,0adab909-eb8f-4baf-9eed-7a4cc889cb7c,67:7E:03:36:1C:CA,,-81,1761297290977
30378,1761297291985.0,0adab909-eb8f-4baf-9eed-7a4cc889cb7c,55:84:CB:72:8D:F8,,-73,1761297290977
30379,1761297292624.0,0adab909-eb8f-4baf-9eed-7a4cc889cb7c,6E:BB:52:C0:C0:10,,-77,1761297290977
30380,1761297303852.0,0adab909-eb8f-4baf-9eed-7a4cc889cb7c,27:91:4B:EB:35:69,,-94,1761297290977
30381,1761297303884.0,0adab909-eb8f-4baf-9eed-7a4cc889cb7c,DB:FC:3B:E6:FC:A2,,-73,1761297290977
30382,1761297303907.0,0adab909-eb8f-4baf-9eed-7a4cc889cb7c,67:7E:03:36:1C:CA,,-76,1761297290977
30383,1761297303946.0,0adab909-eb8f-4baf-9eed-7a4cc889cb7c,CF:24:7D:97:38:C0,,-79,1761297290977
30384,1761297304923.0,0adab909-eb8f-4baf-9eed-7a4cc889cb7c,FF:10:10:AE:A7:64,Sunset lights,-89,1761297290977
30385,1761297305816.0,0adab909-eb8f-4baf-9eed-7a4cc889cb7c,6E:BB:52:C0:C0:10,,-78,1761297290977
30386,1761297305923.0,0adab909-eb8f-4baf-9eed-7a4cc889cb7c,55:84:CB:72:8D:F8,,-73,1761297290977
30387,1761297891390.0,0adab909-eb8f-4baf-9eed-7a4cc889cb7c,FF:10:10:AE:A7:64,Sunset lights,-85,1761297890934
30388,1761297892307.0,0adab909-eb8f-4baf-9eed-7a4cc889cb7c,6B:53:53:FC:53:1D,,-74,1761297890934
30389,1761297893299.0,0adab909-eb8f-4baf-9eed-7a4cc889cb7c,69:5E:37:EB:E5:F0,,-69,1761297890934
30390,1761297896865.0,0adab909-eb8f-4baf-9eed-7a4cc889cb7c,6E:BB:52:C0:C0:10,,-83,1761297890934
30391,1761297900924.0,0adab909-eb8f-4baf-9eed-7a4cc889cb7c,53:71:7A:6E:C3:3A,,-84,1761297890934
30392,1761297901927.0,0adab909-eb8f-4baf-9eed-7a4cc889cb7c,60:95:74:22:D8:09,,-93,1761297890934
30393,1761297904181.0,0adab909-eb8f-4baf-9eed-7a4cc889cb7c,6B:53:53:FC:53:1D,,-74,1761297890934
30394,1761298492153.0,0adab909-eb8f-4baf-9eed-7a4cc889cb7c,74:53:CF:03:58:61,,-85,1761298491087
30395,1761298492447.0,0adab909-eb8f-4baf-9eed-7a4cc889cb7c,FF:10:10:AE:A7:64,Sunset lights,-86,1761298491087
30396,1761298492778.0,0adab909-eb8f-4baf-9eed-7a4cc889cb7c,49:51:19:4D:7A:80,,-87,1761298491087
30397,1761298493061.0,0adab909-eb8f-4baf-9eed-7a4cc889cb7c,48:44:D9:02:6B:FA,,-85,1761298491087
30398,1761298503959.0,0adab909-eb8f-4baf-9eed-7a4cc889cb7c,DA:09:22:0A:DF:B5,,-89,1761298491087
30399,1761298504012.0,0adab909-eb8f-4baf-9eed-7a4cc889cb7c,C9:4E:14:24:AB:DF,,-89,1761298491087
30400,1761298505046.0,0adab909-eb8f-4baf-9eed-7a4cc889cb7c,70:9B:40:EF:FF:91,,-94,1761298491087
30401,1761298505102.0,0adab909-eb8f-4baf-9eed-7a4cc889cb7c,74:53:CF:03:58:61,,-82,1761298491087
30402,1761298505133.0,0adab909-eb8f-4baf-9eed-7a4cc889cb7c,49:51:19:4D:7A:80,,-88,1761298491087
30403,1761298505191.0,0adab909-eb8f-4baf-9eed-7a4cc889cb7c,48:44:D9:02:6B:FA,,-83,1761298491087
30404,1761298505227.0,0adab909-eb8f-4baf-9eed-7a4cc889cb7c,FF:10:10:AE:A7:64,Sunset lights,-85,1761298491087
30405,1761298506152.0,0adab909-eb8f-4baf-9eed-7a4cc889cb7c,40:72:18:66:A3:CC,WH-CH720N,-91,1761298491087
30406,1761298869156.0,0adab909-eb8f-4baf-9eed-7a4cc889cb7c,74:53:CF:03:58:61,,-92,1761298869089
30407,1761298869467.0,0adab909-eb8f-4baf-9eed-7a4cc889cb7c,FF:10:10:AE:A7:64,Sunset lights,-85,1761298869089
30408,1761298870190.0,0adab909-eb8f-4baf-9eed-7a4cc889cb7c,48:44:D9:02:6B:FA,,-90,1761298869089
30409,1761298872373.0,0adab909-eb8f-4baf-9eed-7a4cc889cb7c,49:51:19:4D:7A:80,,-83,1761298869089
30410,1761298872405.0,0adab909-eb8f-4baf-9eed-7a4cc889cb7c,4E:0E:76:49:2D:76,,-92,1761298869089
30411,1761298874959.0,0adab909-eb8f-4baf-9eed-7a4cc889cb7c,79:17:E6:F5:6F:CA,,-94,1761298869089
30412,1761299571606.0,0adab909-eb8f-4baf-9eed-7a4cc889cb7c,43:9B:CD:48:41:02,,-87,1761299571479
30413,1761299572876.0,0adab909-eb8f-4baf-9eed-7a4cc889cb7c,60:EF:D2:EB:B6:DC,,-81,1761299571479
30414,1761299574841.0,0adab909-eb8f-4baf-9eed-7a4cc889cb7c,2F:99:50:66:8E:F6,,-96,1761299571479
30415,1761299574858.0,0adab909-eb8f-4baf-9eed-7a4cc889cb7c,FF:10:10:AE:A7:64,Sunset lights,-81,1761299571479
30416,1761299576353.0,0adab909-eb8f-4baf-9eed-7a4cc889cb7c,71:84:99:29:CA:D8,,-78,1761299571479
30417,1761299577625.0,0adab909-eb8f-4baf-9eed-7a4cc889cb7c,76:26:09:05:F6:AE,,-85,1761299571479
30418,1761299580243.0,0adab909-eb8f-4baf-9eed-7a4cc889cb7c,46:11:43:CC:2F:FB,,-90,1761299571479
30419,1761299580906.0,0adab909-eb8f-4baf-9eed-7a4cc889cb7c,04:D9:CF:A4:FA:99,,-94,1761299571479
30420,1761300059206.0,0adab909-eb8f-4baf-9eed-7a4cc889cb7c,FF:10:10:AE:A7:64,Sunset lights,-81,1761300059128
30421,1761300059583.0,0adab909-eb8f-4baf-9eed-7a4cc889cb7c,71:84:99:29:CA:D8,,-92,1761300059128
30422,1761300064346.0,0adab909-eb8f-4baf-9eed-7a4cc889cb7c,50:E6:D3:1B:72:85,,-86,1761300059128
30423,1761300067470.0,0adab909-eb8f-4baf-9eed-7a4cc889cb7c,60:EF:D2:EB:B6:DC,,-88,1761300059128
30424,1761300067505.0,0adab909-eb8f-4baf-9eed-7a4cc889cb7c,69:16:AF:E1:B4:D7,,-92,1761300059128
30425,1761300073113.0,0adab909-eb8f-4baf-9eed-7a4cc889cb7c,21:73:9F:EF:CE:43,,-86,1761300059128
30426,1761300074010.0,0adab909-eb8f-4baf-9eed-7a4cc889cb7c,F1:77:28:06:BE:3C,,-87,1761300059128
30427,1761300074119.0,0adab909-eb8f-4baf-9eed-7a4cc889cb7c,7C:BC:7C:DC:FE:98,,-82,1761300059128
30428,1761300667323.0,0adab909-eb8f-4baf-9eed-7a4cc889cb7c,43:9B:CD:48:41:02,,-89,1761300667257
30429,1761300667403.0,0adab909-eb8f-4baf-9eed-7a4cc889cb7c,4C:96:8A:ED:6A:01,SPEN NA,127,1761300667257
30430,1761300667422.0,0adab909-eb8f-4baf-9eed-7a4cc889cb7c,69:16:AF:E1:B4:D7,,-83,1761300667257
30431,1761300667707.0,0adab909-eb8f-4baf-9eed-7a4cc889cb7c,4C:96:8A:ED:6A:01,SPEN NA,-54,1761300667257
30432,1761300668356.0,0adab909-eb8f-4baf-9eed-7a4cc889cb7c,50:E6:D3:1B:72:85,,-82,1761300667257
30433,1761300668371.0,0adab909-eb8f-4baf-9eed-7a4cc889cb7c,4C:96:8A:ED:6A:01,SPEN NA,-47,1761300667257
30434,1761300668672.0,0adab909-eb8f-4baf-9eed-7a4cc889cb7c,4C:96:8A:ED:6A:01,SPEN NA,-47,1761300667257
30435,1761300668985.0,0adab909-eb8f-4baf-9eed-7a4cc889cb7c,4C:96:8A:ED:6A:01,SPEN NA,-51,1761300667257
30436,1761300669318.0,0adab909-eb8f-4baf-9eed-7a4cc889cb7c,4C:96:8A:ED:6A:01,SPEN NA,-46,1761300667257
30437,1761300669333.0,0adab909-eb8f-4baf-9eed-7a4cc889cb7c,40:40:1F:87:76:9B,,-79,1761300667257
30438,1761300669610.0,0adab909-eb8f-4baf-9eed-7a4cc889cb7c,4C:96:8A:ED:6A:01,SPEN NA,-47,1761300667257
30439,1761300669941.0,0adab909-eb8f-4baf-9eed-7a4cc889cb7c,4C:96:8A:ED:6A:01,SPEN NA,-51,1761300667257
30440,1761300670547.0,0adab909-eb8f-4baf-9eed-7a4cc889cb7c,4C:96:8A:ED:6A:01,SPEN NA,-48,1761300667257
30441,1761300670872.0,0adab909-eb8f-4baf-9eed-7a4cc889cb7c,4C:96:8A:ED:6A:01,SPEN NA,-50,1761300667257
30442,1761300671198.0,0adab909-eb8f-4baf-9eed-7a4cc889cb7c,4C:96:8A:ED:6A:01,SPEN NA,-47,1761300667257
30443,1761300671595.0,0adab909-eb8f-4baf-9eed-7a4cc889cb7c,4C:96:8A:ED:6A:01,SPEN NA,-46,1761300667257
30444,1761300673623.0,0adab909-eb8f-4baf-9eed-7a4cc889cb7c,4C:96:8A:ED:6A:01,SPEN NA,-47,1761300667257
30445,1761300673707.0,0adab909-eb8f-4baf-9eed-7a4cc889cb7c,4C:96:8A:ED:6A:01,SPEN NA,-47,1761300667257
30446,1761300675510.0,0adab909-eb8f-4baf-9eed-7a4cc889cb7c,4C:96:8A:ED:6A:01,SPEN NA,-51,1761300667257
30447,1761300677492.0,0adab909-eb8f-4baf-9eed-7a4cc889cb7c,4C:96:8A:ED:6A:01,SPEN NA,-47,1761300667257
30448,1761300679172.0,0adab909-eb8f-4baf-9eed-7a4cc889cb7c,4C:96:8A:ED:6A:01,SPEN NA,-47,1761300667257
30449,1761300680321.0,0adab909-eb8f-4baf-9eed-7a4cc889cb7c,69:16:AF:E1:B4:D7,,-77,1761300667257
30450,1761300680632.0,0adab909-eb8f-4baf-9eed-7a4cc889cb7c,4C:96:8A:ED:6A:01,SPEN NA,-48,1761300667257
30451,1761300680657.0,0adab909-eb8f-4baf-9eed-7a4cc889cb7c,40:40:1F:87:76:9B,,-79,1761300667257
30452,1761300681522.0,0adab909-eb8f-4baf-9eed-7a4cc889cb7c,50:E6:D3:1B:72:85,,-85,1761300667257
30453,1761300682118.0,0adab909-eb8f-4baf-9eed-7a4cc889cb7c,DE:25:1E:77:40:57,,-86,1761300667257
30454,1761300682439.0,0adab909-eb8f-4baf-9eed-7a4cc889cb7c,43:9B:CD:48:41:02,,-85,1761300667257
30455,1761300683055.0,0adab909-eb8f-4baf-9eed-7a4cc889cb7c,C1:F1:DF:09:97:C1,,-79,1761300667257
30456,1761301488379.0,0adab909-eb8f-4baf-9eed-7a4cc889cb7c,FF:10:10:AE:A7:64,Sunset lights,-86,1761301488348
30457,1761301489456.0,0adab909-eb8f-4baf-9eed-7a4cc889cb7c,40:40:1F:87:76:9B,,-86,1761301488348
30458,1761301489475.0,0adab909-eb8f-4baf-9eed-7a4cc889cb7c,47:5E:11:14:47:B8,,-87,1761301488348
30459,1761301492635.0,0adab909-eb8f-4baf-9eed-7a4cc889cb7c,48:62:62:C1:D0:4A,,-87,1761301488348
30460,1761301493251.0,0adab909-eb8f-4baf-9eed-7a4cc889cb7c,6B:AD:79:28:84:41,,-88,1761301488348
30461,1761301494577.0,0adab909-eb8f-4baf-9eed-7a4cc889cb7c,61:3C:20:3D:C5:2A,,-87,1761301488348
30462,1761302091593.0,0adab909-eb8f-4baf-9eed-7a4cc889cb7c,CE:06:53:EA:D7:C1,JBL TUNE770NC-LE,-92,1761302091542
30463,1761302092017.0,0adab909-eb8f-4baf-9eed-7a4cc889cb7c,FF:10:10:AE:A7:64,Sunset lights,-89,1761302091542
30464,1761302092370.0,0adab909-eb8f-4baf-9eed-7a4cc889cb7c,48:62:62:C1:D0:4A,,-85,1761302091542
30465,1761302094519.0,0adab909-eb8f-4baf-9eed-7a4cc889cb7c,54:BB:E0:7B:DD:26,,-82,1761302091542
30466,1761302094882.0,0adab909-eb8f-4baf-9eed-7a4cc889cb7c,51:1E:C0:F5:85:5C,,-91,1761302091542
30467,1761302097721.0,0adab909-eb8f-4baf-9eed-7a4cc889cb7c,51:D2:04:1B:EF:C6,,-86,1761302091542
30468,1761302691600.0,0adab909-eb8f-4baf-9eed-7a4cc889cb7c,54:BB:E0:7B:DD:26,,-83,1761302691580
30469,1761302693561.0,0adab909-eb8f-4baf-9eed-7a4cc889cb7c,FF:10:10:AE:A7:64,Sunset lights,-79,1761302691580
30470,1761302694522.0,0adab909-eb8f-4baf-9eed-7a4cc889cb7c,5C:60:C3:4F:7B:4E,,-84,1761302691580
30471,1761302694884.0,0adab909-eb8f-4baf-9eed-7a4cc889cb7c,6A:7C:E8:FC:17:C3,,-90,1761302691580
30472,1761302701622.0,0adab909-eb8f-4baf-9eed-7a4cc889cb7c,65:CA:16:62:D9:48,,-89,1761302691580
30473,1761303292597.0,0adab909-eb8f-4baf-9eed-7a4cc889cb7c,5C:60:C3:4F:7B:4E,,-88,1761303291583
30474,1761303293611.0,0adab909-eb8f-4baf-9eed-7a4cc889cb7c,5A:BB:E6:1C:DE:1A,,-92,1761303291583
30475,1761303294549.0,0adab909-eb8f-4baf-9eed-7a4cc889cb7c,5D:3E:27:BC:51:C6,,-87,1761303291583
30476,1761303295815.0,0adab909-eb8f-4baf-9eed-7a4cc889cb7c,FF:10:10:AE:A7:64,Sunset lights,-80,1761303291583
30477,1761303891423.0,0adab909-eb8f-4baf-9eed-7a4cc889cb7c,4C:96:8A:ED:6A:01,SPEN NA,-53,1761303891336
30478,1761303891723.0,0adab909-eb8f-4baf-9eed-7a4cc889cb7c,4C:96:8A:ED:6A:01,SPEN NA,-54,1761303891336
30479,1761303892057.0,0adab909-eb8f-4baf-9eed-7a4cc889cb7c,4C:96:8A:ED:6A:01,SPEN NA,-53,1761303891336
30480,1761303892360.0,0adab909-eb8f-4baf-9eed-7a4cc889cb7c,4C:96:8A:ED:6A:01,SPEN NA,-46,1761303891336
30481,1761303892698.0,0adab909-eb8f-4baf-9eed-7a4cc889cb7c,4C:96:8A:ED:6A:01,SPEN NA,-46,1761303891336
30482,1761303892719.0,0adab909-eb8f-4baf-9eed-7a4cc889cb7c,5D:3E:27:BC:51:C6,,-86,1761303891336
30483,1761303892759.0,0adab909-eb8f-4baf-9eed-7a4cc889cb7c,52:41:34:EA:99:A7,,-89,1761303891336
30484,1761303892792.0,0adab909-eb8f-4baf-9eed-7a4cc889cb7c,FF:10:10:AE:A7:64,Sunset lights,-85,1761303891336
30485,1761303893014.0,0adab909-eb8f-4baf-9eed-7a4cc889cb7c,4C:96:8A:ED:6A:01,SPEN NA,-49,1761303891336
30486,1761303893649.0,0adab909-eb8f-4baf-9eed-7a4cc889cb7c,4C:96:8A:ED:6A:01,SPEN NA,-47,1761303891336
30487,1761303894593.0,0adab909-eb8f-4baf-9eed-7a4cc889cb7c,4C:96:8A:ED:6A:01,SPEN NA,-47,1761303891336
30488,1761303895318.0,0adab909-eb8f-4baf-9eed-7a4cc889cb7c,4C:96:8A:ED:6A:01,SPEN NA,-46,1761303891336
30489,1761303895626.0,0adab909-eb8f-4baf-9eed-7a4cc889cb7c,4C:96:8A:ED:6A:01,SPEN NA,-46,1761303891336
30490,1761303895955.0,0adab909-eb8f-4baf-9eed-7a4cc889cb7c,4C:96:8A:ED:6A:01,SPEN NA,-50,1761303891336
30491,1761303896750.0,0adab909-eb8f-4baf-9eed-7a4cc889cb7c,4C:96:8A:ED:6A:01,SPEN NA,-46,1761303891336
30492,1761303897010.0,0adab909-eb8f-4baf-9eed-7a4cc889cb7c,4C:96:8A:ED:6A:01,SPEN NA,-50,1761303891336
30493,1761303897245.0,0adab909-eb8f-4baf-9eed-7a4cc889cb7c,4C:96:8A:ED:6A:01,SPEN NA,-46,1761303891336
30494,1761303897841.0,0adab909-eb8f-4baf-9eed-7a4cc889cb7c,4C:96:8A:ED:6A:01,SPEN NA,-51,1761303891336
30495,1761303898151.0,0adab909-eb8f-4baf-9eed-7a4cc889cb7c,4C:96:8A:ED:6A:01,SPEN NA,-46,1761303891336
30496,1761303898456.0,0adab909-eb8f-4baf-9eed-7a4cc889cb7c,4C:96:8A:ED:6A:01,SPEN NA,-47,1761303891336
30497,1761303898867.0,0adab909-eb8f-4baf-9eed-7a4cc889cb7c,4C:96:8A:ED:6A:01,SPEN NA,-50,1761303891336
30498,1761303899112.0,0adab909-eb8f-4baf-9eed-7a4cc889cb7c,4C:96:8A:ED:6A:01,SPEN NA,-46,1761303891336
30499,1761303899510.0,0adab909-eb8f-4baf-9eed-7a4cc889cb7c,4C:96:8A:ED:6A:01,SPEN NA,-46,1761303891336
30500,1761303900365.0,0adab909-eb8f-4baf-9eed-7a4cc889cb7c,4C:96:8A:ED:6A:01,SPEN NA,-45,1761303891336
30501,1761303900996.0,0adab909-eb8f-4baf-9eed-7a4cc889cb7c,4C:96:8A:ED:6A:01,SPEN NA,-46,1761303891336
30502,1761303901321.0,0adab909-eb8f-4baf-9eed-7a4cc889cb7c,4C:96:8A:ED:6A:01,SPEN NA,-46,1761303891336
30503,1761303901727.0,0adab909-eb8f-4baf-9eed-7a4cc889cb7c,4C:96:8A:ED:6A:01,SPEN NA,-50,1761303891336
30504,1761303902344.0,0adab909-eb8f-4baf-9eed-7a4cc889cb7c,4C:96:8A:ED:6A:01,SPEN NA,-46,1761303891336
30505,1761303902675.0,0adab909-eb8f-4baf-9eed-7a4cc889cb7c,4C:96:8A:ED:6A:01,SPEN NA,-50,1761303891336
30506,1761303902992.0,0adab909-eb8f-4baf-9eed-7a4cc889cb7c,4C:96:8A:ED:6A:01,SPEN NA,-46,1761303891336
30507,1761303903647.0,0adab909-eb8f-4baf-9eed-7a4cc889cb7c,4C:96:8A:ED:6A:01,SPEN NA,-50,1761303891336
30508,1761303904013.0,0adab909-eb8f-4baf-9eed-7a4cc889cb7c,4C:96:8A:ED:6A:01,SPEN NA,-47,1761303891336
30509,1761303904232.0,0adab909-eb8f-4baf-9eed-7a4cc889cb7c,4C:96:8A:ED:6A:01,SPEN NA,-48,1761303891336
30510,1761303904266.0,0adab909-eb8f-4baf-9eed-7a4cc889cb7c,D6:8A:14:88:08:36,,-91,1761303891336
30511,1761303904317.0,0adab909-eb8f-4baf-9eed-7a4cc889cb7c,5D:3E:27:BC:51:C6,,-91,1761303891336
30512,1761303904337.0,0adab909-eb8f-4baf-9eed-7a4cc889cb7c,FF:10:10:AE:A7:64,Sunset lights,-85,1761303891336
30513,1761304245627.0,0adab909-eb8f-4baf-9eed-7a4cc889cb7c,4C:96:8A:ED:6A:01,SPEN NA,-47,1761304245537
30514,1761304245948.0,0adab909-eb8f-4baf-9eed-7a4cc889cb7c,4C:96:8A:ED:6A:01,SPEN NA,-47,1761304245537
30515,1761304246266.0,0adab909-eb8f-4baf-9eed-7a4cc889cb7c,FF:10:10:AE:A7:64,Sunset lights,-83,1761304245537
30516,1761304246621.0,0adab909-eb8f-4baf-9eed-7a4cc889cb7c,52:41:34:EA:99:A7,,-88,1761304245537
30517,1761304246904.0,0adab909-eb8f-4baf-9eed-7a4cc889cb7c,4C:96:8A:ED:6A:01,SPEN NA,-47,1761304245537
30518,1761304246927.0,0adab909-eb8f-4baf-9eed-7a4cc889cb7c,5D:3E:27:BC:51:C6,,-86,1761304245537
30519,1761304247138.0,0adab909-eb8f-4baf-9eed-7a4cc889cb7c,08:37:3D:7B:26:45,GT-B2710,-100,1761304245537
30520,1761304247198.0,0adab909-eb8f-4baf-9eed-7a4cc889cb7c,4C:96:8A:ED:6A:01,SPEN NA,-50,1761304245537
30521,1761304247941.0,0adab909-eb8f-4baf-9eed-7a4cc889cb7c,4C:96:8A:ED:6A:01,SPEN NA,-48,1761304245537
30522,1761304248148.0,0adab909-eb8f-4baf-9eed-7a4cc889cb7c,4C:96:8A:ED:6A:01,SPEN NA,-51,1761304245537
30523,1761304248474.0,0adab909-eb8f-4baf-9eed-7a4cc889cb7c,4C:96:8A:ED:6A:01,SPEN NA,-48,1761304245537
30524,1761304248859.0,0adab909-eb8f-4baf-9eed-7a4cc889cb7c,76:45:18:02:6A:9B,,-88,1761304245537
30525,1761304249101.0,0adab909-eb8f-4baf-9eed-7a4cc889cb7c,4C:96:8A:ED:6A:01,SPEN NA,-51,1761304245537
30526,1761304250462.0,0adab909-eb8f-4baf-9eed-7a4cc889cb7c,4C:96:8A:ED:6A:01,SPEN NA,-47,1761304245537
30527,1761304250760.0,0adab909-eb8f-4baf-9eed-7a4cc889cb7c,4C:96:8A:ED:6A:01,SPEN NA,-47,1761304245537
30528,1761304251086.0,0adab909-eb8f-4baf-9eed-7a4cc889cb7c,4C:96:8A:ED:6A:01,SPEN NA,-52,1761304245537
30529,1761304252370.0,0adab909-eb8f-4baf-9eed-7a4cc889cb7c,4C:96:8A:ED:6A:01,SPEN NA,-48,1761304245537
30530,1761304252682.0,0adab909-eb8f-4baf-9eed-7a4cc889cb7c,4C:96:8A:ED:6A:01,SPEN NA,-47,1761304245537
30531,1761304253314.0,0adab909-eb8f-4baf-9eed-7a4cc889cb7c,4C:96:8A:ED:6A:01,SPEN NA,-48,1761304245537
30532,1761304253621.0,0adab909-eb8f-4baf-9eed-7a4cc889cb7c,4C:96:8A:ED:6A:01,SPEN NA,-47,1761304245537
30533,1761304253929.0,0adab909-eb8f-4baf-9eed-7a4cc889cb7c,4C:96:8A:ED:6A:01,SPEN NA,-51,1761304245537
30534,1761304254608.0,0adab909-eb8f-4baf-9eed-7a4cc889cb7c,47:59:21:71:A9:12,,-85,1761304245537
30535,1761304255625.0,0adab909-eb8f-4baf-9eed-7a4cc889cb7c,4C:96:8A:ED:6A:01,SPEN NA,-48,1761304245537
30536,1761304256877.0,0adab909-eb8f-4baf-9eed-7a4cc889cb7c,4C:96:8A:ED:6A:01,SPEN NA,-52,1761304245537
30537,1761304257182.0,0adab909-eb8f-4baf-9eed-7a4cc889cb7c,4C:96:8A:ED:6A:01,SPEN NA,-47,1761304245537
30538,1761304257485.0,0adab909-eb8f-4baf-9eed-7a4cc889cb7c,53:34:9E:1E:67:20,,-90,1761304245537
30539,1761304257498.0,0adab909-eb8f-4baf-9eed-7a4cc889cb7c,4C:96:8A:ED:6A:01,SPEN NA,-47,1761304245537
30540,1761304257783.0,0adab909-eb8f-4baf-9eed-7a4cc889cb7c,48:3B:4D:C9:7C:37,,-89,1761304245537
30541,1761304257800.0,0adab909-eb8f-4baf-9eed-7a4cc889cb7c,4C:96:8A:ED:6A:01,SPEN NA,-55,1761304245537
30542,1761304258542.0,0adab909-eb8f-4baf-9eed-7a4cc889cb7c,4C:96:8A:ED:6A:01,SPEN NA,-47,1761304245537
30543,1761304258559.0,0adab909-eb8f-4baf-9eed-7a4cc889cb7c,FF:10:10:AE:A7:64,Sunset lights,-81,1761304245537
30544,1761304259539.0,0adab909-eb8f-4baf-9eed-7a4cc889cb7c,52:41:34:EA:99:A7,,-83,1761304245537
30545,1761304259586.0,0adab909-eb8f-4baf-9eed-7a4cc889cb7c,D1:D4:56:B2:2D:B5,,-87,1761304245537
30546,1761304942918.0,0adab909-eb8f-4baf-9eed-7a4cc889cb7c,4C:96:8A:ED:6A:01,SPEN NA,-57,1761304942814
30547,1761304943230.0,0adab909-eb8f-4baf-9eed-7a4cc889cb7c,4C:96:8A:ED:6A:01,SPEN NA,-58,1761304942814
30548,1761304943277.0,0adab909-eb8f-4baf-9eed-7a4cc889cb7c,42:50:4B:07:F9:A5,,-84,1761304942814
30549,1761304944179.0,0adab909-eb8f-4baf-9eed-7a4cc889cb7c,4C:96:8A:ED:6A:01,SPEN NA,-50,1761304942814
30550,1761304944820.0,0adab909-eb8f-4baf-9eed-7a4cc889cb7c,4C:96:8A:ED:6A:01,SPEN NA,-51,1761304942814
30551,1761304945438.0,0adab909-eb8f-4baf-9eed-7a4cc889cb7c,4C:96:8A:ED:6A:01,SPEN NA,-54,1761304942814
30552,1761304945763.0,0adab909-eb8f-4baf-9eed-7a4cc889cb7c,4C:96:8A:ED:6A:01,SPEN NA,-51,1761304942814
30553,1761304946082.0,0adab909-eb8f-4baf-9eed-7a4cc889cb7c,4C:96:8A:ED:6A:01,SPEN NA,-50,1761304942814
30554,1761304946124.0,0adab909-eb8f-4baf-9eed-7a4cc889cb7c,6E:96:B5:07:A5:82,,-92,1761304942814
30555,1761304946386.0,0adab909-eb8f-4baf-9eed-7a4cc889cb7c,4C:96:8A:ED:6A:01,SPEN NA,-54,1761304942814
30556,1761304946702.0,0adab909-eb8f-4baf-9eed-7a4cc889cb7c,4C:96:8A:ED:6A:01,SPEN NA,-51,1761304942814
30557,1761304947112.0,0adab909-eb8f-4baf-9eed-7a4cc889cb7c,4C:96:8A:ED:6A:01,SPEN NA,-51,1761304942814
30558,1761304947445.0,0adab909-eb8f-4baf-9eed-7a4cc889cb7c,7F:FB:27:72:FB:97,,-88,1761304942814
30559,1761304948055.0,0adab909-eb8f-4baf-9eed-7a4cc889cb7c,4C:96:8A:ED:6A:01,SPEN NA,-50,1761304942814
30560,1761304948707.0,0adab909-eb8f-4baf-9eed-7a4cc889cb7c,4C:96:8A:ED:6A:01,SPEN NA,-50,1761304942814
30561,1761304949022.0,0adab909-eb8f-4baf-9eed-7a4cc889cb7c,4C:96:8A:ED:6A:01,SPEN NA,-51,1761304942814
30562,1761304949321.0,0adab909-eb8f-4baf-9eed-7a4cc889cb7c,4C:96:8A:ED:6A:01,SPEN NA,-53,1761304942814
30563,1761304949569.0,0adab909-eb8f-4baf-9eed-7a4cc889cb7c,6D:7F:E8:48:0E:CB,,-92,1761304942814
30564,1761304949627.0,0adab909-eb8f-4baf-9eed-7a4cc889cb7c,4C:96:8A:ED:6A:01,SPEN NA,-50,1761304942814
30565,1761304949962.0,0adab909-eb8f-4baf-9eed-7a4cc889cb7c,4C:96:8A:ED:6A:01,SPEN NA,-50,1761304942814
30566,1761304950269.0,0adab909-eb8f-4baf-9eed-7a4cc889cb7c,4C:96:8A:ED:6A:01,SPEN NA,-54,1761304942814
30567,1761304950593.0,0adab909-eb8f-4baf-9eed-7a4cc889cb7c,4C:96:8A:ED:6A:01,SPEN NA,-50,1761304942814
30568,1761304950901.0,0adab909-eb8f-4baf-9eed-7a4cc889cb7c,4C:96:8A:ED:6A:01,SPEN NA,-50,1761304942814
30569,1761304951226.0,0adab909-eb8f-4baf-9eed-7a4cc889cb7c,4C:96:8A:ED:6A:01,SPEN NA,-54,1761304942814
30570,1761304951546.0,0adab909-eb8f-4baf-9eed-7a4cc889cb7c,4C:96:8A:ED:6A:01,SPEN NA,-50,1761304942814
30571,1761304951866.0,0adab909-eb8f-4baf-9eed-7a4cc889cb7c,4C:96:8A:ED:6A:01,SPEN NA,-50,1761304942814
30572,1761304952166.0,0adab909-eb8f-4baf-9eed-7a4cc889cb7c,4C:96:8A:ED:6A:01,SPEN NA,-54,1761304942814
30573,1761304953110.0,0adab909-eb8f-4baf-9eed-7a4cc889cb7c,4C:96:8A:ED:6A:01,SPEN NA,-51,1761304942814
30574,1761304953831.0,0adab909-eb8f-4baf-9eed-7a4cc889cb7c,4C:96:8A:ED:6A:01,SPEN NA,-50,1761304942814
30575,1761304954054.0,0adab909-eb8f-4baf-9eed-7a4cc889cb7c,4C:96:8A:ED:6A:01,SPEN NA,-52,1761304942814
30576,1761304954481.0,0adab909-eb8f-4baf-9eed-7a4cc889cb7c,4C:96:8A:ED:6A:01,SPEN NA,-51,1761304942814
30577,1761304954791.0,0adab909-eb8f-4baf-9eed-7a4cc889cb7c,4C:96:8A:ED:6A:01,SPEN NA,-50,1761304942814
30578,1761304955108.0,0adab909-eb8f-4baf-9eed-7a4cc889cb7c,4C:96:8A:ED:6A:01,SPEN NA,-53,1761304942814
30579,1761304955432.0,0adab909-eb8f-4baf-9eed-7a4cc889cb7c,4C:96:8A:ED:6A:01,SPEN NA,-49,1761304942814
30580,1761304955713.0,0adab909-eb8f-4baf-9eed-7a4cc889cb7c,55:27:F8:33:63:AA,,-86,1761304942814
30581,1761304955735.0,0adab909-eb8f-4baf-9eed-7a4cc889cb7c,4C:96:8A:ED:6A:01,SPEN NA,-49,1761304942814
30582,1761304955900.0,0adab909-eb8f-4baf-9eed-7a4cc889cb7c,42:50:4B:07:F9:A5,,-89,1761304942814
30583,1761304956043.0,0adab909-eb8f-4baf-9eed-7a4cc889cb7c,CD:FE:5B:12:91:7F,,-89,1761304942814
30584,1761304956789.0,0adab909-eb8f-4baf-9eed-7a4cc889cb7c,FF:10:10:AE:A7:64,Sunset lights,-80,1761304942814
30585,1761304957988.0,0adab909-eb8f-4baf-9eed-7a4cc889cb7c,D4:D5:63:77:5A:28,,-90,1761304942814
30586,1761304958472.0,0adab909-eb8f-4baf-9eed-7a4cc889cb7c,60:6B:41:AC:42:55,,-89,1761304942814
30587,1761305359218.0,0adab909-eb8f-4baf-9eed-7a4cc889cb7c,7F:FB:27:72:FB:97,,-90,1761305356901
30588,1761305360520.0,0adab909-eb8f-4baf-9eed-7a4cc889cb7c,FF:10:10:AE:A7:64,Sunset lights,-90,1761305356901
30589,1761305369951.0,0adab909-eb8f-4baf-9eed-7a4cc889cb7c,7F:FB:27:72:FB:97,,-85,1761305356901
30590,1761305371005.0,0adab909-eb8f-4baf-9eed-7a4cc889cb7c,FF:10:10:AE:A7:64,Sunset lights,-85,1761305356901
30591,1761305993332.0,0adab909-eb8f-4baf-9eed-7a4cc889cb7c,FF:10:10:AE:A7:64,Sunset lights,-72,1761305991025
30592,1761305994264.0,0adab909-eb8f-4baf-9eed-7a4cc889cb7c,48:D5:E9:D5:C5:5E,,-90,1761305991025
30593,1761305994668.0,0adab909-eb8f-4baf-9eed-7a4cc889cb7c,52:BE:10:13:3D:93,,-90,1761305991025
30594,1761305995274.0,0adab909-eb8f-4baf-9eed-7a4cc889cb7c,5B:81:2D:8D:FE:D5,,-90,1761305991025
30595,1761306003893.0,0adab909-eb8f-4baf-9eed-7a4cc889cb7c,FF:10:10:AE:A7:64,Sunset lights,-77,1761305991025
30596,1761306004533.0,0adab909-eb8f-4baf-9eed-7a4cc889cb7c,52:BE:10:13:3D:93,,-91,1761305991025
30597,1761306005717.0,0adab909-eb8f-4baf-9eed-7a4cc889cb7c,E3:9E:FC:5D:87:6F,,-91,1761305991025
30598,1761306005866.0,0adab909-eb8f-4baf-9eed-7a4cc889cb7c,48:D5:E9:D5:C5:5E,,-87,1761305991025
30599,1761306591096.0,0adab909-eb8f-4baf-9eed-7a4cc889cb7c,FF:10:10:AE:A7:64,Sunset lights,-86,1761306591044
30600,1761306591124.0,0adab909-eb8f-4baf-9eed-7a4cc889cb7c,52:BE:10:13:3D:93,,-87,1761306591044
30601,1761306591143.0,0adab909-eb8f-4baf-9eed-7a4cc889cb7c,5B:81:2D:8D:FE:D5,,-93,1761306591044
30602,1761306592065.0,0adab909-eb8f-4baf-9eed-7a4cc889cb7c,59:AA:50:35:37:EA,,-91,1761306591044
30603,1761306592730.0,0adab909-eb8f-4baf-9eed-7a4cc889cb7c,6F:8C:AF:CF:44:D4,,-76,1761306591044
30604,1761306593685.0,0adab909-eb8f-4baf-9eed-7a4cc889cb7c,48:3C:2B:60:F2:AE,,-90,1761306591044
30605,1761306595633.0,0adab909-eb8f-4baf-9eed-7a4cc889cb7c,50:4C:E5:3D:8B:86,,-85,1761306591044
30606,1761306595929.0,0adab909-eb8f-4baf-9eed-7a4cc889cb7c,68:51:BE:5A:C6:AB,,-90,1761306591044
30607,1761306601044.0,0adab909-eb8f-4baf-9eed-7a4cc889cb7c,06:F7:A1:DB:D6:37,,-87,1761306591044
30608,1761306601063.0,0adab909-eb8f-4baf-9eed-7a4cc889cb7c,12:1F:1B:56:82:C7,,-88,1761306591044
30609,1761307191140.0,0adab909-eb8f-4baf-9eed-7a4cc889cb7c,72:6F:A3:FF:F2:D3,,-92,1761307191048
30610,1761307191194.0,0adab909-eb8f-4baf-9eed-7a4cc889cb7c,77:09:9E:E2:73:56,,-88,1761307191048
30611,1761307191529.0,0adab909-eb8f-4baf-9eed-7a4cc889cb7c,70:D5:26:A2:61:D5,,-84,1761307191048
30612,1761307191838.0,0adab909-eb8f-4baf-9eed-7a4cc889cb7c,FF:10:10:AE:A7:64,Sunset lights,-85,1761307191048
30613,1761307192462.0,0adab909-eb8f-4baf-9eed-7a4cc889cb7c,6A:76:EC:AF:D8:0A,,-86,1761307191048
30614,1761307791979.0,0adab909-eb8f-4baf-9eed-7a4cc889cb7c,5E:9E:AF:4F:1F:72,,-91,1761307791513
30615,1761307792586.0,0adab909-eb8f-4baf-9eed-7a4cc889cb7c,FF:10:10:AE:A7:64,Sunset lights,-78,1761307791513
30616,1761307792916.0,0adab909-eb8f-4baf-9eed-7a4cc889cb7c,72:6F:A3:FF:F2:D3,,-77,1761307791513
30617,1761307792932.0,0adab909-eb8f-4baf-9eed-7a4cc889cb7c,B0:38:E2:3A:36:17,,-91,1761307791513
30618,1761307793878.0,0adab909-eb8f-4baf-9eed-7a4cc889cb7c,70:D5:26:A2:61:D5,,-90,1761307791513
30619,1761307796446.0,0adab909-eb8f-4baf-9eed-7a4cc889cb7c,6A:76:EC:AF:D8:0A,,-78,1761307791513
30620,1761308391583.0,0adab909-eb8f-4baf-9eed-7a4cc889cb7c,FF:10:10:AE:A7:64,Sunset lights,-84,1761308391505
30621,1761308392550.0,0adab909-eb8f-4baf-9eed-7a4cc889cb7c,43:D5:EC:A2:9C:48,,-78,1761308391505
30622,1761308392592.0,0adab909-eb8f-4baf-9eed-7a4cc889cb7c,62:38:B1:22:0F:75,,-84,1761308391505
30623,1761308393506.0,0adab909-eb8f-4baf-9eed-7a4cc889cb7c,56:47:90:7D:86:6D,,-90,1761308391505
30624,1761308400213.0,0adab909-eb8f-4baf-9eed-7a4cc889cb7c,5F:32:83:AC:67:4D,,-83,1761308391505
30625,1761308991630.0,0adab909-eb8f-4baf-9eed-7a4cc889cb7c,FF:10:10:AE:A7:64,Sunset lights,-79,1761308991510
30626,1761308992207.0,0adab909-eb8f-4baf-9eed-7a4cc889cb7c,54:7F:48:C8:1D:9B,,-87,1761308991510
30627,1761308992243.0,0adab909-eb8f-4baf-9eed-7a4cc889cb7c,7E:D1:BB:AC:99:E7,,-73,1761308991510
30628,1761308992863.0,0adab909-eb8f-4baf-9eed-7a4cc889cb7c,43:D5:EC:A2:9C:48,,-82,1761308991510
30629,1761308994536.0,0adab909-eb8f-4baf-9eed-7a4cc889cb7c,5F:32:83:AC:67:4D,,-86,1761308991510
30630,1761309000565.0,0adab909-eb8f-4baf-9eed-7a4cc889cb7c,44:AD:A2:0E:F5:58,,-89,1761308991510
30631,1761309591342.0,0adab909-eb8f-4baf-9eed-7a4cc889cb7c,7E:D1:BB:AC:99:E7,,-91,1761309591246
30632,1761309591627.0,0adab909-eb8f-4baf-9eed-7a4cc889cb7c,53:AD:1A:59:F1:BE,,-87,1761309591246
30633,1761309592317.0,0adab909-eb8f-4baf-9eed-7a4cc889cb7c,FF:10:10:AE:A7:64,Sunset lights,-78,1761309591246
30634,1761309594159.0,0adab909-eb8f-4baf-9eed-7a4cc889cb7c,43:D5:EC:A2:9C:48,,-75,1761309591246
30635,1761310191629.0,0adab909-eb8f-4baf-9eed-7a4cc889cb7c,FF:10:10:AE:A7:64,Sunset lights,-88,1761310191237
30636,1761310191652.0,0adab909-eb8f-4baf-9eed-7a4cc889cb7c,53:AD:1A:59:F1:BE,,-87,1761310191237
30637,1761310191972.0,0adab909-eb8f-4baf-9eed-7a4cc889cb7c,7C:79:62:5D:E0:60,,-84,1761310191237
30638,1761310194561.0,0adab909-eb8f-4baf-9eed-7a4cc889cb7c,7A:4A:17:E9:9A:1C,,-77,1761310191237
30639,1761310197389.0,0adab909-eb8f-4baf-9eed-7a4cc889cb7c,70:9D:72:6D:3C:02,,-87,1761310191237
30640,1761310791301.0,0adab909-eb8f-4baf-9eed-7a4cc889cb7c,77:E3:3A:E9:E2:6C,,127,1761310791229
30641,1761310792000.0,0adab909-eb8f-4baf-9eed-7a4cc889cb7c,6A:97:84:1A:B2:02,,-80,1761310791229
30642,1761310792262.0,0adab909-eb8f-4baf-9eed-7a4cc889cb7c,56:54:EA:91:46:11,,-85,1761310791229
30643,1761310792294.0,0adab909-eb8f-4baf-9eed-7a4cc889cb7c,FF:10:10:AE:A7:64,Sunset lights,-78,1761310791229
30644,1761310794517.0,0adab909-eb8f-4baf-9eed-7a4cc889cb7c,7A:4A:17:E9:9A:1C,,-77,1761310791229
30645,1761310799360.0,0adab909-eb8f-4baf-9eed-7a4cc889cb7c,68:A6:B9:96:11:C3,,-88,1761310791229
30646,1761311391285.0,0adab909-eb8f-4baf-9eed-7a4cc889cb7c,FF:10:10:AE:A7:64,Sunset lights,-88,1761311391193
30647,1761311392574.0,0adab909-eb8f-4baf-9eed-7a4cc889cb7c,6A:97:84:1A:B2:02,,-81,1761311391193
30648,1761311392589.0,0adab909-eb8f-4baf-9eed-7a4cc889cb7c,7A:4A:17:E9:9A:1C,,-80,1761311391193
30649,1761311392601.0,0adab909-eb8f-4baf-9eed-7a4cc889cb7c,77:E3:3A:E9:E2:6C,,-91,1761311391193
30650,1761311394551.0,0adab909-eb8f-4baf-9eed-7a4cc889cb7c,62:F3:93:4C:D2:3C,,-88,1761311391193
30651,1761311991905.0,0adab909-eb8f-4baf-9eed-7a4cc889cb7c,FF:10:10:AE:A7:64,Sunset lights,-78,1761311991185
30652,1761311992266.0,0adab909-eb8f-4baf-9eed-7a4cc889cb7c,1B:6D:5D:38:BE:0A,,-93,1761311991185
30653,1761311992622.0,0adab909-eb8f-4baf-9eed-7a4cc889cb7c,53:78:F0:77:04:A4,,-86,1761311991185
30654,1761311993207.0,0adab909-eb8f-4baf-9eed-7a4cc889cb7c,41:A9:A4:C5:24:9F,,-83,1761311991185
30655,1761311994202.0,0adab909-eb8f-4baf-9eed-7a4cc889cb7c,5B:D9:51:99:67:70,,-80,1761311991185
30656,1761311996423.0,0adab909-eb8f-4baf-9eed-7a4cc889cb7c,6C:48:37:B2:53:89,,-89,1761311991185
30657,1761311997390.0,0adab909-eb8f-4baf-9eed-7a4cc889cb7c,07:56:11:80:FB:76,,-88,1761311991185
30658,1761312592195.0,0adab909-eb8f-4baf-9eed-7a4cc889cb7c,4E:23:7C:25:36:48,,-82,1761312591180
30659,1761312592535.0,0adab909-eb8f-4baf-9eed-7a4cc889cb7c,71:34:F7:05:56:B9,,-78,1761312591180
30660,1761312593259.0,0adab909-eb8f-4baf-9eed-7a4cc889cb7c,FF:10:10:AE:A7:64,Sunset lights,-90,1761312591180
30661,1761312593828.0,0adab909-eb8f-4baf-9eed-7a4cc889cb7c,41:A9:A4:C5:24:9F,,-83,1761312591180
30662,1761312598349.0,0adab909-eb8f-4baf-9eed-7a4cc889cb7c,7D:4F:26:7B:C4:C6,,-90,1761312591180
30663,1761312603102.0,0adab909-eb8f-4baf-9eed-7a4cc889cb7c,CC:03:7B:28:7A:F4,,-92,1761312591180
30664,1761313190841.0,0adab909-eb8f-4baf-9eed-7a4cc889cb7c,FF:10:10:AE:A7:64,Sunset lights,-90,1761313190781
30665,1761313191828.0,0adab909-eb8f-4baf-9eed-7a4cc889cb7c,71:34:F7:05:56:B9,,-81,1761313190781
30666,1761313192436.0,0adab909-eb8f-4baf-9eed-7a4cc889cb7c,58:07:17:10:CB:F2,,-83,1761313190781
30667,1761313192785.0,0adab909-eb8f-4baf-9eed-7a4cc889cb7c,7F:54:30:BF:FB:95,,-84,1761313190781
30668,1761313790916.0,0adab909-eb8f-4baf-9eed-7a4cc889cb7c,7F:54:30:BF:FB:95,,-86,1761313790805
30669,1761313791227.0,0adab909-eb8f-4baf-9eed-7a4cc889cb7c,58:07:17:10:CB:F2,,-89,1761313790805
30670,1761313792488.0,0adab909-eb8f-4baf-9eed-7a4cc889cb7c,5D:99:F4:62:29:4C,,-84,1761313790805
30671,1761313792784.0,0adab909-eb8f-4baf-9eed-7a4cc889cb7c,FF:10:10:AE:A7:64,Sunset lights,-82,1761313790805
30672,1761313794093.0,0adab909-eb8f-4baf-9eed-7a4cc889cb7c,6C:D3:B6:52:F3:9D,,-89,1761313790805
30673,1761313795020.0,0adab909-eb8f-4baf-9eed-7a4cc889cb7c,71:14:70:70:C7:1F,,-92,1761313790805
30674,1761314391531.0,0adab909-eb8f-4baf-9eed-7a4cc889cb7c,62:14:C9:CE:FF:A7,,-83,1761314390796
30675,1761314391850.0,0adab909-eb8f-4baf-9eed-7a4cc889cb7c,44:5B:90:26:90:BB,,-75,1761314390796
30676,1761314392215.0,0adab909-eb8f-4baf-9eed-7a4cc889cb7c,45:07:16:2C:08:09,,-87,1761314390796
30677,1761314392480.0,0adab909-eb8f-4baf-9eed-7a4cc889cb7c,6D:81:AB:BE:FB:D3,,-86,1761314390796
30678,1761314394062.0,0adab909-eb8f-4baf-9eed-7a4cc889cb7c,46:7B:03:9C:51:56,,-88,1761314390796
30679,1761314394384.0,0adab909-eb8f-4baf-9eed-7a4cc889cb7c,FF:10:10:AE:A7:64,Sunset lights,-81,1761314390796
30680,1761314398845.0,0adab909-eb8f-4baf-9eed-7a4cc889cb7c,47:22:2F:4A:56:28,CAR-BT BLE,-90,1761314390796
30681,1761314398924.0,0adab909-eb8f-4baf-9eed-7a4cc889cb7c,5B:2C:BE:AF:22:6A,A90 Pro,-97,1761314390796
30682,1761314991616.0,0adab909-eb8f-4baf-9eed-7a4cc889cb7c,6D:81:AB:BE:FB:D3,,-88,1761314991511
30683,1761314991643.0,0adab909-eb8f-4baf-9eed-7a4cc889cb7c,44:5B:90:26:90:BB,,-86,1761314991511
30684,1761314992908.0,0adab909-eb8f-4baf-9eed-7a4cc889cb7c,50:35:0B:40:D1:71,,-87,1761314991511
30685,1761314994946.0,0adab909-eb8f-4baf-9eed-7a4cc889cb7c,5B:2C:BE:AF:22:6A,A90 Pro,-99,1761314991511
30686,1761314996124.0,0adab909-eb8f-4baf-9eed-7a4cc889cb7c,FF:10:10:AE:A7:64,Sunset lights,-78,1761314991511
30687,1761314996423.0,0adab909-eb8f-4baf-9eed-7a4cc889cb7c,71:C7:9A:18:41:DD,,-91,1761314991511
30688,1761315592278.0,0adab909-eb8f-4baf-9eed-7a4cc889cb7c,45:47:79:95:AA:71,,-92,1761315591505
30689,1761315592915.0,0adab909-eb8f-4baf-9eed-7a4cc889cb7c,62:65:F5:F3:E4:12,,-90,1761315591505
30690,1761315593528.0,0adab909-eb8f-4baf-9eed-7a4cc889cb7c,60:06:B8:09:30:2F,,-79,1761315591505
30691,1761315594455.0,0adab909-eb8f-4baf-9eed-7a4cc889cb7c,50:35:0B:40:D1:71,,-76,1761315591505
30692,1761315595768.0,0adab909-eb8f-4baf-9eed-7a4cc889cb7c,FF:10:10:AE:A7:64,Sunset lights,-89,1761315591505
30693,1761316163925.0,0adab909-eb8f-4baf-9eed-7a4cc889cb7c,77:E2:AC:AB:25:04,,-93,1761316155151
30694,1761316166799.0,0adab909-eb8f-4baf-9eed-7a4cc889cb7c,FF:10:10:AE:A7:64,Sunset lights,-91,1761316155151
30695,1761316703951.0,0adab909-eb8f-4baf-9eed-7a4cc889cb7c,77:E2:AC:AB:25:04,,-87,1761316702802
30696,1761316711609.0,0adab909-eb8f-4baf-9eed-7a4cc889cb7c,42:0D:40:80:29:09,,-93,1761316702802
30697,1761317633129.0,0adab909-eb8f-4baf-9eed-7a4cc889cb7c,6B:9C:C1:F2:58:6A,,-90,1761317632990
30698,1761317634004.0,0adab909-eb8f-4baf-9eed-7a4cc889cb7c,FF:10:10:AE:A7:64,Sunset lights,-80,1761317632990
30699,1761317634103.0,0adab909-eb8f-4baf-9eed-7a4cc889cb7c,5B:2C:BE:AF:22:6A,A90 Pro,-100,1761317632990
30700,1761317634338.0,0adab909-eb8f-4baf-9eed-7a4cc889cb7c,62:2F:88:87:22:E8,,-88,1761317632990
30701,1761317634594.0,0adab909-eb8f-4baf-9eed-7a4cc889cb7c,5B:2C:BE:AF:22:6A,A90 Pro,-100,1761317632990
30702,1761317635299.0,0adab909-eb8f-4baf-9eed-7a4cc889cb7c,74:AF:A4:B4:CD:15,,-90,1761317632990
30703,1761317635339.0,0adab909-eb8f-4baf-9eed-7a4cc889cb7c,46:1A:36:A4:02:2F,,-87,1761317632990
30704,1761317643038.0,0adab909-eb8f-4baf-9eed-7a4cc889cb7c,E0:48:24:DE:AB:AA,,-95,1761317632990
30705,1761317644645.0,0adab909-eb8f-4baf-9eed-7a4cc889cb7c,4D:61:BB:23:D3:5E,,-89,1761317632990
30706,1761318020327.0,0adab909-eb8f-4baf-9eed-7a4cc889cb7c,FF:10:10:AE:A7:64,Sunset lights,-83,1761318020179
30707,1761318020612.0,0adab909-eb8f-4baf-9eed-7a4cc889cb7c,56:9D:02:A3:29:17,,-83,1761318020179
30708,1761318022237.0,0adab909-eb8f-4baf-9eed-7a4cc889cb7c,6B:9C:C1:F2:58:6A,,-87,1761318020179
30709,1761318023832.0,0adab909-eb8f-4baf-9eed-7a4cc889cb7c,67:0D:E5:3D:9E:7F,,-85,1761318020179
30710,1761318591470.0,0adab909-eb8f-4baf-9eed-7a4cc889cb7c,FF:10:10:AE:A7:64,Sunset lights,-82,1761318591412
30711,1761318591833.0,0adab909-eb8f-4baf-9eed-7a4cc889cb7c,52:68:FC:2F:D1:6E,,-91,1761318591412
30712,1761318596369.0,0adab909-eb8f-4baf-9eed-7a4cc889cb7c,70:8A:CF:EF:E2:5A,,-91,1761318591412
30713,1761318599542.0,0adab909-eb8f-4baf-9eed-7a4cc889cb7c,56:9D:02:A3:29:17,,-88,1761318591412
30714,1761319191526.0,0adab909-eb8f-4baf-9eed-7a4cc889cb7c,52:68:FC:2F:D1:6E,,-86,1761319191437
30715,1761319191550.0,0adab909-eb8f-4baf-9eed-7a4cc889cb7c,70:8A:CF:EF:E2:5A,,-89,1761319191437
30716,1761319191844.0,0adab909-eb8f-4baf-9eed-7a4cc889cb7c,64:54:3E:6A:D3:4B,,-87,1761319191437
30717,1761319192177.0,0adab909-eb8f-4baf-9eed-7a4cc889cb7c,FF:10:10:AE:A7:64,Sunset lights,-93,1761319191437
30718,1761319193438.0,0adab909-eb8f-4baf-9eed-7a4cc889cb7c,54:A6:FD:25:EE:5B,,-89,1761319191437
30719,1761319791440.0,0adab909-eb8f-4baf-9eed-7a4cc889cb7c,77:19:1D:6C:72:B8,,-88,1761319791410
30720,1761319791502.0,0adab909-eb8f-4baf-9eed-7a4cc889cb7c,53:CA:B6:3C:2A:22,,-90,1761319791410
30721,1761319791811.0,0adab909-eb8f-4baf-9eed-7a4cc889cb7c,FF:10:10:AE:A7:64,Sunset lights,-80,1761319791410
30722,1761319804352.0,0adab909-eb8f-4baf-9eed-7a4cc889cb7c,04:29:81:83:A4:F1,,-77,1761319791410
30723,1761319805352.0,0adab909-eb8f-4baf-9eed-7a4cc889cb7c,77:19:1D:6C:72:B8,,-91,1761319791410
30724,1761319805401.0,0adab909-eb8f-4baf-9eed-7a4cc889cb7c,FF:10:10:AE:A7:64,Sunset lights,-81,1761319791410
30725,1761319806464.0,0adab909-eb8f-4baf-9eed-7a4cc889cb7c,53:CA:B6:3C:2A:22,,-85,1761319791410
30726,1761320391215.0,0adab909-eb8f-4baf-9eed-7a4cc889cb7c,FF:10:10:AE:A7:64,Sunset lights,-91,1761320391102
30727,1761320391522.0,0adab909-eb8f-4baf-9eed-7a4cc889cb7c,53:CA:B6:3C:2A:22,,-87,1761320391102
30728,1761320991154.0,0adab909-eb8f-4baf-9eed-7a4cc889cb7c,77:19:1D:6C:72:B8,,-89,1761320991101
30729,1761320992198.0,0adab909-eb8f-4baf-9eed-7a4cc889cb7c,FF:10:10:AE:A7:64,Sunset lights,-93,1761320991101
30730,1761320992432.0,0adab909-eb8f-4baf-9eed-7a4cc889cb7c,66:34:0B:05:2D:3A,,-83,1761320991101
30731,1761320992863.0,0adab909-eb8f-4baf-9eed-7a4cc889cb7c,68:E6:0E:2D:DB:07,,-88,1761320991101
30732,1761320993781.0,0adab909-eb8f-4baf-9eed-7a4cc889cb7c,CF:33:36:32:4C:1E,Govee_H6054_4C1E,-88,1761320991101
30733,1761321002403.0,0adab909-eb8f-4baf-9eed-7a4cc889cb7c,76:6B:07:3B:7E:6E,,-87,1761320991101
30734,1761321591124.0,0adab909-eb8f-4baf-9eed-7a4cc889cb7c,66:34:0B:05:2D:3A,,-88,1761321591095
30735,1761321591156.0,0adab909-eb8f-4baf-9eed-7a4cc889cb7c,CF:33:36:32:4C:1E,Govee_H6054_4C1E,-78,1761321591095
30736,1761321600157.0,0adab909-eb8f-4baf-9eed-7a4cc889cb7c,40:7B:F9:0E:AA:2F,,-91,1761321591095
30737,1761321602068.0,0adab909-eb8f-4baf-9eed-7a4cc889cb7c,76:6B:07:3B:7E:6E,,-89,1761321591095
30738,1761322191507.0,0adab909-eb8f-4baf-9eed-7a4cc889cb7c,40:7B:F9:0E:AA:2F,,-90,1761322191405
30739,1761322191777.0,0adab909-eb8f-4baf-9eed-7a4cc889cb7c,CF:33:36:32:4C:1E,Govee_H6054_4C1E,-78,1761322191405
30740,1761322191848.0,0adab909-eb8f-4baf-9eed-7a4cc889cb7c,FF:10:10:AE:A7:64,Sunset lights,-82,1761322191405
30741,1761322193458.0,0adab909-eb8f-4baf-9eed-7a4cc889cb7c,62:B4:64:0D:A3:F3,,-89,1761322191405
30742,1761322193791.0,0adab909-eb8f-4baf-9eed-7a4cc889cb7c,59:73:DB:59:96:0A,,-84,1761322191405
30743,1761322194761.0,0adab909-eb8f-4baf-9eed-7a4cc889cb7c,4A:86:22:86:95:5C,,-82,1761322191405
30744,1761322196015.0,0adab909-eb8f-4baf-9eed-7a4cc889cb7c,43:3F:6E:50:EA:94,,-93,1761322191405
30745,1761322938642.0,0adab909-eb8f-4baf-9eed-7a4cc889cb7c,64:31:CD:9E:D8:E7,,-82,1761322938604
30746,1761322938697.0,0adab909-eb8f-4baf-9eed-7a4cc889cb7c,CF:33:36:32:4C:1E,Govee_H6054_4C1E,-83,1761322938604
30747,1761322940546.0,0adab909-eb8f-4baf-9eed-7a4cc889cb7c,FF:10:10:AE:A7:64,Sunset lights,-92,1761322938604
30748,1761322941546.0,0adab909-eb8f-4baf-9eed-7a4cc889cb7c,7E:AE:7C:E2:73:78,,-84,1761322938604
30749,1761322944775.0,0adab909-eb8f-4baf-9eed-7a4cc889cb7c,43:3F:6E:50:EA:94,,-91,1761322938604
30750,1761323391483.0,0adab909-eb8f-4baf-9eed-7a4cc889cb7c,CF:33:36:32:4C:1E,Govee_H6054_4C1E,-79,1761323391393
30751,1761323391850.0,0adab909-eb8f-4baf-9eed-7a4cc889cb7c,7E:AE:7C:E2:73:78,,-78,1761323391393
30752,1761323393761.0,0adab909-eb8f-4baf-9eed-7a4cc889cb7c,FF:10:10:AE:A7:64,Sunset lights,-88,1761323391393
30753,1761323396929.0,0adab909-eb8f-4baf-9eed-7a4cc889cb7c,70:BC:BF:4F:07:42,,-87,1761323391393
30754,1761323397532.0,0adab909-eb8f-4baf-9eed-7a4cc889cb7c,44:C0:1A:B7:44:B2,,-87,1761323391393
30755,1761323398199.0,0adab909-eb8f-4baf-9eed-7a4cc889cb7c,61:95:EB:BA:61:46,,-90,1761323391393
30756,1761323991317.0,0adab909-eb8f-4baf-9eed-7a4cc889cb7c,FF:10:10:AE:A7:64,Sunset lights,-90,1761323991064
30757,1761323991387.0,0adab909-eb8f-4baf-9eed-7a4cc889cb7c,CF:33:36:32:4C:1E,Govee_H6054_4C1E,-71,1761323991064
30758,1761323991536.0,0adab909-eb8f-4baf-9eed-7a4cc889cb7c,67:1D:5E:B9:C3:A6,,-93,1761323991064
30759,1761323992470.0,0adab909-eb8f-4baf-9eed-7a4cc889cb7c,46:0F:AD:A7:30:FE,,-92,1761323991064
30760,1761323993395.0,0adab909-eb8f-4baf-9eed-7a4cc889cb7c,4F:3B:C3:B1:71:79,,-85,1761323991064
30761,1761323994378.0,0adab909-eb8f-4baf-9eed-7a4cc889cb7c,49:D4:24:E2:77:55,,-83,1761323991064
30762,1761323994744.0,0adab909-eb8f-4baf-9eed-7a4cc889cb7c,44:C0:1A:B7:44:B2,,-86,1761323991064
30763,1761324003999.0,0adab909-eb8f-4baf-9eed-7a4cc889cb7c,CF:33:36:32:4C:1E,Govee_H6054_4C1E,-73,1761323991064
30764,1761324004026.0,0adab909-eb8f-4baf-9eed-7a4cc889cb7c,18:91:59:36:CB:73,,-73,1761323991064
30765,1761324004074.0,0adab909-eb8f-4baf-9eed-7a4cc889cb7c,4F:3B:C3:B1:71:79,,-83,1761323991064
30766,1761324004988.0,0adab909-eb8f-4baf-9eed-7a4cc889cb7c,FF:10:10:AE:A7:64,Sunset lights,-79,1761323991064
30767,1761324005120.0,0adab909-eb8f-4baf-9eed-7a4cc889cb7c,49:D4:24:E2:77:55,,-83,1761323991064
30768,1761324005996.0,0adab909-eb8f-4baf-9eed-7a4cc889cb7c,44:C0:1A:B7:44:B2,,-88,1761323991064
30769,1761324591131.0,0adab909-eb8f-4baf-9eed-7a4cc889cb7c,FF:10:10:AE:A7:64,Sunset lights,-82,1761324591070
30770,1761324591158.0,0adab909-eb8f-4baf-9eed-7a4cc889cb7c,CF:33:36:32:4C:1E,Govee_H6054_4C1E,-86,1761324591070
30771,1761324592464.0,0adab909-eb8f-4baf-9eed-7a4cc889cb7c,49:D4:24:E2:77:55,,-90,1761324591070
30772,1761324592493.0,0adab909-eb8f-4baf-9eed-7a4cc889cb7c,46:24:C4:DB:23:A9,,-86,1761324591070
30773,1761324592780.0,0adab909-eb8f-4baf-9eed-7a4cc889cb7c,4F:3B:C3:B1:71:79,,-83,1761324591070
30774,1761324596335.0,0adab909-eb8f-4baf-9eed-7a4cc889cb7c,6C:C5:BA:2B:34:F6,,-93,1761324591070
30775,1761324601073.0,0adab909-eb8f-4baf-9eed-7a4cc889cb7c,51:22:05:31:A9:F3,,-93,1761324591070
30776,1761324604001.0,0adab909-eb8f-4baf-9eed-7a4cc889cb7c,2A:8B:06:F8:68:C0,,-78,1761324591070
30777,1761324604029.0,0adab909-eb8f-4baf-9eed-7a4cc889cb7c,31:5F:6D:0D:78:AB,,-89,1761324591070
30778,1761324604055.0,0adab909-eb8f-4baf-9eed-7a4cc889cb7c,46:24:C4:DB:23:A9,,-86,1761324591070
30779,1761324604095.0,0adab909-eb8f-4baf-9eed-7a4cc889cb7c,4F:3B:C3:B1:71:79,,-89,1761324591070
30780,1761324605037.0,0adab909-eb8f-4baf-9eed-7a4cc889cb7c,FF:10:10:AE:A7:64,Sunset lights,-76,1761324591070
30781,1761324605072.0,0adab909-eb8f-4baf-9eed-7a4cc889cb7c,CF:33:36:32:4C:1E,Govee_H6054_4C1E,-76,1761324591070
30782,1761325191139.0,0adab909-eb8f-4baf-9eed-7a4cc889cb7c,44:F2:81:54:0E:B0,,-83,1761325191083
30783,1761325191189.0,0adab909-eb8f-4baf-9eed-7a4cc889cb7c,CF:33:36:32:4C:1E,Govee_H6054_4C1E,-85,1761325191083
30784,1761325191489.0,0adab909-eb8f-4baf-9eed-7a4cc889cb7c,FF:10:10:AE:A7:64,Sunset lights,-85,1761325191083
30785,1761325191813.0,0adab909-eb8f-4baf-9eed-7a4cc889cb7c,51:09:87:4B:35:F5,,-91,1761325191083
30786,1761325192498.0,0adab909-eb8f-4baf-9eed-7a4cc889cb7c,6D:A1:D9:44:99:E5,,-86,1761325191083
30787,1761325197293.0,0adab909-eb8f-4baf-9eed-7a4cc889cb7c,46:24:C4:DB:23:A9,,-87,1761325191083
30788,1761325204148.0,0adab909-eb8f-4baf-9eed-7a4cc889cb7c,CF:33:36:32:4C:1E,Govee_H6054_4C1E,-81,1761325191083
30789,1761325205048.0,0adab909-eb8f-4baf-9eed-7a4cc889cb7c,44:F2:81:54:0E:B0,,-79,1761325191083
30790,1761325205085.0,0adab909-eb8f-4baf-9eed-7a4cc889cb7c,FF:10:10:AE:A7:64,Sunset lights,-80,1761325191083
30791,1761325205142.0,0adab909-eb8f-4baf-9eed-7a4cc889cb7c,10:51:4E:09:63:C9,,-85,1761325191083
30792,1761325206173.0,0adab909-eb8f-4baf-9eed-7a4cc889cb7c,6D:A1:D9:44:99:E5,,-85,1761325191083
30793,1761325813856.0,0adab909-eb8f-4baf-9eed-7a4cc889cb7c,6D:A1:D9:44:99:E5,,-95,1761325812462
30794,1761325814817.0,0adab909-eb8f-4baf-9eed-7a4cc889cb7c,FF:10:10:AE:A7:64,Sunset lights,-87,1761325812462
30795,1761325814852.0,0adab909-eb8f-4baf-9eed-7a4cc889cb7c,78:F3:D6:45:04:5B,,-94,1761325812462
30796,1761325814888.0,0adab909-eb8f-4baf-9eed-7a4cc889cb7c,CF:33:36:32:4C:1E,Govee_H6054_4C1E,-81,1761325812462
30797,1761325815773.0,0adab909-eb8f-4baf-9eed-7a4cc889cb7c,70:7A:44:8A:8A:98,,-90,1761325812462
30798,1761325817006.0,0adab909-eb8f-4baf-9eed-7a4cc889cb7c,40:4F:67:2E:B5:54,,-88,1761325812462
30799,1761325822817.0,0adab909-eb8f-4baf-9eed-7a4cc889cb7c,5C:EC:02:CF:55:38,,-91,1761325812462
30800,1761326358501.0,0adab909-eb8f-4baf-9eed-7a4cc889cb7c,CF:33:36:32:4C:1E,Govee_H6054_4C1E,-92,1761326355835
30801,1761326360307.0,0adab909-eb8f-4baf-9eed-7a4cc889cb7c,78:F3:D6:45:04:5B,,-94,1761326355835
30802,1761326360960.0,0adab909-eb8f-4baf-9eed-7a4cc889cb7c,70:7A:44:8A:8A:98,,-94,1761326355835
30803,1761326361946.0,0adab909-eb8f-4baf-9eed-7a4cc889cb7c,FF:10:10:AE:A7:64,Sunset lights,-83,1761326355835
30804,1761326367451.0,0adab909-eb8f-4baf-9eed-7a4cc889cb7c,40:4F:67:2E:B5:54,,-92,1761326355835
30805,1761326993497.0,0adab909-eb8f-4baf-9eed-7a4cc889cb7c,6B:18:6E:9B:20:89,,-92,1761326992121
30806,1761326993781.0,0adab909-eb8f-4baf-9eed-7a4cc889cb7c,FF:10:10:AE:A7:64,Sunset lights,-84,1761326992121
30807,1761326994148.0,0adab909-eb8f-4baf-9eed-7a4cc889cb7c,7A:EB:AE:91:D1:33,,-85,1761326992121
30808,1761326996059.0,0adab909-eb8f-4baf-9eed-7a4cc889cb7c,CF:33:36:32:4C:1E,Govee_H6054_4C1E,-84,1761326992121
30809,1761326996994.0,0adab909-eb8f-4baf-9eed-7a4cc889cb7c,6A:75:88:96:A9:70,,-86,1761326992121
30810,1761327529495.0,0adab909-eb8f-4baf-9eed-7a4cc889cb7c,7A:EB:AE:91:D1:33,,-89,1761327527781
30811,1761327530437.0,0adab909-eb8f-4baf-9eed-7a4cc889cb7c,CF:33:36:32:4C:1E,Govee_H6054_4C1E,-90,1761327527781
30812,1761327536616.0,0adab909-eb8f-4baf-9eed-7a4cc889cb7c,FF:10:10:AE:A7:64,Sunset lights,-86,1761327527781
30813,1761327537164.0,0adab909-eb8f-4baf-9eed-7a4cc889cb7c,68:2F:88:9A:00:44,,-83,1761327527781
30814,1761328109276.0,0adab909-eb8f-4baf-9eed-7a4cc889cb7c,51:2C:C6:E0:7E:6B,,-93,1761328108943
30815,1761328113842.0,0adab909-eb8f-4baf-9eed-7a4cc889cb7c,CF:33:36:32:4C:1E,Govee_H6054_4C1E,-86,1761328108943
30816,1761328114152.0,0adab909-eb8f-4baf-9eed-7a4cc889cb7c,7A:EB:AE:91:D1:33,,-87,1761328108943
30817,1761328116094.0,0adab909-eb8f-4baf-9eed-7a4cc889cb7c,68:2F:88:9A:00:44,,-89,1761328108943
30818,1761328117054.0,0adab909-eb8f-4baf-9eed-7a4cc889cb7c,77:8A:CE:B2:BD:FA,,-93,1761328108943
30819,1761328698703.0,0adab909-eb8f-4baf-9eed-7a4cc889cb7c,4F:A0:D7:C8:54:F1,,-92,1761328698699
30820,1761328700131.0,0adab909-eb8f-4baf-9eed-7a4cc889cb7c,FF:10:10:AE:A7:64,Sunset lights,-91,1761328698699
30821,1761328703697.0,0adab909-eb8f-4baf-9eed-7a4cc889cb7c,4C:79:92:01:95:B5,,-94,1761328698699
30822,1761328703983.0,0adab909-eb8f-4baf-9eed-7a4cc889cb7c,CF:33:36:32:4C:1E,Govee_H6054_4C1E,-91,1761328698699
30823,1761328706320.0,0adab909-eb8f-4baf-9eed-7a4cc889cb7c,6F:E7:BF:4B:E6:CF,,-87,1761328698699
30824,1761329345510.0,0adab909-eb8f-4baf-9eed-7a4cc889cb7c,FF:10:10:AE:A7:64,Sunset lights,-78,1761329345460
30825,1761329345536.0,0adab909-eb8f-4baf-9eed-7a4cc889cb7c,4C:96:8A:ED:6A:01,SPEN NA,-46,1761329345460
30826,1761329345553.0,0adab909-eb8f-4baf-9eed-7a4cc889cb7c,5A:B1:24:4F:01:8B,,-83,1761329345460
30827,1761329345854.0,0adab909-eb8f-4baf-9eed-7a4cc889cb7c,CF:33:36:32:4C:1E,Govee_H6054_4C1E,-73,1761329345460
30828,1761329345870.0,0adab909-eb8f-4baf-9eed-7a4cc889cb7c,4C:96:8A:ED:6A:01,SPEN NA,-47,1761329345460
30829,1761329345881.0,0adab909-eb8f-4baf-9eed-7a4cc889cb7c,43:96:38:AE:96:5E,,-90,1761329345460
30830,1761329346172.0,0adab909-eb8f-4baf-9eed-7a4cc889cb7c,4C:96:8A:ED:6A:01,SPEN NA,-51,1761329345460
30831,1761329346192.0,0adab909-eb8f-4baf-9eed-7a4cc889cb7c,4C:79:92:01:95:B5,,-89,1761329345460
30832,1761329346481.0,0adab909-eb8f-4baf-9eed-7a4cc889cb7c,4C:96:8A:ED:6A:01,SPEN NA,-46,1761329345460
30833,1761329346829.0,0adab909-eb8f-4baf-9eed-7a4cc889cb7c,4F:A0:D7:C8:54:F1,,-70,1761329345460
30834,1761329347132.0,0adab909-eb8f-4baf-9eed-7a4cc889cb7c,4C:96:8A:ED:6A:01,SPEN NA,-51,1761329345460
30835,1761329348396.0,0adab909-eb8f-4baf-9eed-7a4cc889cb7c,4C:96:8A:ED:6A:01,SPEN NA,-47,1761329345460
30836,1761329349428.0,0adab909-eb8f-4baf-9eed-7a4cc889cb7c,4C:96:8A:ED:6A:01,SPEN NA,-46,1761329345460
30837,1761329349732.0,0adab909-eb8f-4baf-9eed-7a4cc889cb7c,4C:96:8A:ED:6A:01,SPEN NA,-46,1761329345460
30838,1761329350071.0,0adab909-eb8f-4baf-9eed-7a4cc889cb7c,4C:96:8A:ED:6A:01,SPEN NA,-51,1761329345460
30839,1761329350686.0,0adab909-eb8f-4baf-9eed-7a4cc889cb7c,4C:96:8A:ED:6A:01,SPEN NA,-47,1761329345460
30840,1761329351331.0,0adab909-eb8f-4baf-9eed-7a4cc889cb7c,4C:96:8A:ED:6A:01,SPEN NA,-46,1761329345460
30841,1761329351629.0,0adab909-eb8f-4baf-9eed-7a4cc889cb7c,4C:96:8A:ED:6A:01,SPEN NA,-46,1761329345460
30842,1761329351945.0,0adab909-eb8f-4baf-9eed-7a4cc889cb7c,4C:96:8A:ED:6A:01,SPEN NA,-52,1761329345460
30843,1761329352265.0,0adab909-eb8f-4baf-9eed-7a4cc889cb7c,4C:96:8A:ED:6A:01,SPEN NA,-48,1761329345460
30844,1761329352596.0,0adab909-eb8f-4baf-9eed-7a4cc889cb7c,4C:96:8A:ED:6A:01,SPEN NA,-47,1761329345460
30845,1761329353217.0,0adab909-eb8f-4baf-9eed-7a4cc889cb7c,4C:96:8A:ED:6A:01,SPEN NA,-47,1761329345460
30846,1761329353502.0,0adab909-eb8f-4baf-9eed-7a4cc889cb7c,5E:B3:9B:BE:D4:13,,-93,1761329345460
30847,1761329353521.0,0adab909-eb8f-4baf-9eed-7a4cc889cb7c,4C:96:8A:ED:6A:01,SPEN NA,-46,1761329345460
30848,1761329354812.0,0adab909-eb8f-4baf-9eed-7a4cc889cb7c,4C:96:8A:ED:6A:01,SPEN NA,-52,1761329345460
30849,1761329355844.0,0adab909-eb8f-4baf-9eed-7a4cc889cb7c,4C:96:8A:ED:6A:01,SPEN NA,-50,1761329345460
30850,1761329356142.0,0adab909-eb8f-4baf-9eed-7a4cc889cb7c,4C:96:8A:ED:6A:01,SPEN NA,-47,1761329345460
30851,1761329356458.0,0adab909-eb8f-4baf-9eed-7a4cc889cb7c,4C:96:8A:ED:6A:01,SPEN NA,-47,1761329345460
30852,1761329356786.0,0adab909-eb8f-4baf-9eed-7a4cc889cb7c,4C:96:8A:ED:6A:01,SPEN NA,-51,1761329345460
30853,1761329357945.0,0adab909-eb8f-4baf-9eed-7a4cc889cb7c,4C:96:8A:ED:6A:01,SPEN NA,-47,1761329345460
30854,1761329358353.0,0adab909-eb8f-4baf-9eed-7a4cc889cb7c,4C:96:8A:ED:6A:01,SPEN NA,-46,1761329345460
30855,1761329358487.0,0adab909-eb8f-4baf-9eed-7a4cc889cb7c,1C:2F:AC:F2:D1:90,,-91,1761329345460
30856,1761329358676.0,0adab909-eb8f-4baf-9eed-7a4cc889cb7c,4F:A0:D7:C8:54:F1,,-90,1761329345460
30857,1761329358693.0,0adab909-eb8f-4baf-9eed-7a4cc889cb7c,CF:33:36:32:4C:1E,Govee_H6054_4C1E,-73,1761329345460
30858,1761329358799.0,0adab909-eb8f-4baf-9eed-7a4cc889cb7c,18:F4:25:6C:4A:20,,-84,1761329345460
30859,1761329358957.0,0adab909-eb8f-4baf-9eed-7a4cc889cb7c,C3:5D:E1:A9:67:5A,,-89,1761329345460
30860,1761329359116.0,0adab909-eb8f-4baf-9eed-7a4cc889cb7c,C1:F7:F9:39:67:24,,-87,1761329345460
30861,1761329937997.0,0adab909-eb8f-4baf-9eed-7a4cc889cb7c,CF:33:36:32:4C:1E,Govee_H6054_4C1E,-79,1761329937923
30862,1761329938313.0,0adab909-eb8f-4baf-9eed-7a4cc889cb7c,51:76:0C:CD:20:85,,-77,1761329937923
30863,1761329938362.0,0adab909-eb8f-4baf-9eed-7a4cc889cb7c,68:97:FF:7D:1C:BC,,-86,1761329937923
30864,1761329939280.0,0adab909-eb8f-4baf-9eed-7a4cc889cb7c,FF:10:10:AE:A7:64,Sunset lights,-86,1761329937923
30865,1761330650166.0,0adab909-eb8f-4baf-9eed-7a4cc889cb7c,49:FF:1B:0B:5C:30,,-93,1761330649791
30866,1761330650859.0,0adab909-eb8f-4baf-9eed-7a4cc889cb7c,51:76:0C:CD:20:85,,-80,1761330649791
30867,1761330651105.0,0adab909-eb8f-4baf-9eed-7a4cc889cb7c,FF:10:10:AE:A7:64,Sunset lights,-78,1761330649791
30868,1761330652106.0,0adab909-eb8f-4baf-9eed-7a4cc889cb7c,CF:33:36:32:4C:1E,Govee_H6054_4C1E,-85,1761330649791
30869,1761330653085.0,0adab909-eb8f-4baf-9eed-7a4cc889cb7c,68:97:FF:7D:1C:BC,,-82,1761330649791
30870,1761330655011.0,0adab909-eb8f-4baf-9eed-7a4cc889cb7c,5F:38:01:85:40:40,,-82,1761330649791
30871,1761330661430.0,0adab909-eb8f-4baf-9eed-7a4cc889cb7c,75:6F:50:4B:53:A5,,-89,1761330649791
30872,1761331251202.0,0adab909-eb8f-4baf-9eed-7a4cc889cb7c,FF:10:10:AE:A7:64,Sunset lights,-84,1761331251098
30873,1761331251226.0,0adab909-eb8f-4baf-9eed-7a4cc889cb7c,5F:38:01:85:40:40,,-80,1761331251098
30874,1761331251862.0,0adab909-eb8f-4baf-9eed-7a4cc889cb7c,08:E0:91:AD:16:B1,,-93,1761331251098
30875,1761331252123.0,0adab909-eb8f-4baf-9eed-7a4cc889cb7c,CF:33:36:32:4C:1E,Govee_H6054_4C1E,-79,1761331251098
30876,1761331252478.0,0adab909-eb8f-4baf-9eed-7a4cc889cb7c,5D:8E:7D:6A:63:32,,-87,1761331251098
30877,1761331253104.0,0adab909-eb8f-4baf-9eed-7a4cc889cb7c,4B:7A:FE:7B:A9:A5,,-84,1761331251098
30878,1761331253474.0,0adab909-eb8f-4baf-9eed-7a4cc889cb7c,67:F1:68:53:8F:9E,,-87,1761331251098
30879,1761331254116.0,0adab909-eb8f-4baf-9eed-7a4cc889cb7c,6F:19:AA:F9:57:8F,,-86,1761331251098
30880,1761331254131.0,0adab909-eb8f-4baf-9eed-7a4cc889cb7c,66:E2:CF:21:D3:1D,,-91,1761331251098
30881,1761331254409.0,0adab909-eb8f-4baf-9eed-7a4cc889cb7c,4F:4C:A8:1A:0A:88,,-91,1761331251098
30882,1761331255663.0,0adab909-eb8f-4baf-9eed-7a4cc889cb7c,41:1B:5A:F1:9B:89,,-87,1761331251098
30883,1761331260514.0,0adab909-eb8f-4baf-9eed-7a4cc889cb7c,63:B3:3E:A2:E1:80,,-92,1761331251098
30884,1761331851220.0,0adab909-eb8f-4baf-9eed-7a4cc889cb7c,67:F1:68:53:8F:9E,,-85,1761331851106
30885,1761331852530.0,0adab909-eb8f-4baf-9eed-7a4cc889cb7c,FF:10:10:AE:A7:64,Sunset lights,-86,1761331851106
30886,1761331852864.0,0adab909-eb8f-4baf-9eed-7a4cc889cb7c,6F:19:AA:F9:57:8F,,-86,1761331851106
30887,1761331852882.0,0adab909-eb8f-4baf-9eed-7a4cc889cb7c,4E:D2:EE:BD:9B:2D,,-85,1761331851106
30888,1761331853480.0,0adab909-eb8f-4baf-9eed-7a4cc889cb7c,CF:33:36:32:4C:1E,Govee_H6054_4C1E,-78,1761331851106
30889,1761331860187.0,0adab909-eb8f-4baf-9eed-7a4cc889cb7c,44:5C:9F:A5:6B:0E,,-90,1761331851106
30890,1761331861422.0,0adab909-eb8f-4baf-9eed-7a4cc889cb7c,77:C6:2A:D6:88:97,,-86,1761331851106
30891,1761332451122.0,0adab909-eb8f-4baf-9eed-7a4cc889cb7c,7D:7F:A9:CC:54:5A,,-82,1761332451106
30892,1761332452138.0,0adab909-eb8f-4baf-9eed-7a4cc889cb7c,FF:10:10:AE:A7:64,Sunset lights,-79,1761332451106
30893,1761332452520.0,0adab909-eb8f-4baf-9eed-7a4cc889cb7c,CF:33:36:32:4C:1E,Govee_H6054_4C1E,-77,1761332451106
30894,1761332452773.0,0adab909-eb8f-4baf-9eed-7a4cc889cb7c,4B:A2:D4:AC:C5:33,,-73,1761332451106
30895,1761332454409.0,0adab909-eb8f-4baf-9eed-7a4cc889cb7c,50:B9:9B:0B:EF:DD,,-90,1761332451106
30896,1761332459222.0,0adab909-eb8f-4baf-9eed-7a4cc889cb7c,4E:D2:EE:BD:9B:2D,,-85,1761332451106
30897,1761332461123.0,0adab909-eb8f-4baf-9eed-7a4cc889cb7c,72:B1:0F:58:D8:11,,-91,1761332451106
30898,1761333051188.0,0adab909-eb8f-4baf-9eed-7a4cc889cb7c,4C:CD:C5:6C:0D:93,,-92,1761333051061
30899,1761333051451.0,0adab909-eb8f-4baf-9eed-7a4cc889cb7c,4B:A2:D4:AC:C5:33,,-76,1761333051061
30900,1761333052120.0,0adab909-eb8f-4baf-9eed-7a4cc889cb7c,FF:10:10:AE:A7:64,Sunset lights,-79,1761333051061
30901,1761333052140.0,0adab909-eb8f-4baf-9eed-7a4cc889cb7c,CF:33:36:32:4C:1E,Govee_H6054_4C1E,-73,1761333051061
30902,1761333052162.0,0adab909-eb8f-4baf-9eed-7a4cc889cb7c,7D:7F:A9:CC:54:5A,,-81,1761333051061
30903,1761333052813.0,0adab909-eb8f-4baf-9eed-7a4cc889cb7c,53:15:06:68:2B:13,,-80,1761333051061
30904,1761333651498.0,0adab909-eb8f-4baf-9eed-7a4cc889cb7c,CF:33:36:32:4C:1E,Govee_H6054_4C1E,-82,1761333651108
30905,1761333651538.0,0adab909-eb8f-4baf-9eed-7a4cc889cb7c,53:15:06:68:2B:13,,-87,1761333651108
30906,1761333652453.0,0adab909-eb8f-4baf-9eed-7a4cc889cb7c,FF:10:10:AE:A7:64,Sunset lights,-84,1761333651108
30907,1761333652775.0,0adab909-eb8f-4baf-9eed-7a4cc889cb7c,4B:A2:D4:AC:C5:33,,-79,1761333651108
30908,1761333653419.0,0adab909-eb8f-4baf-9eed-7a4cc889cb7c,4C:CD:C5:6C:0D:93,,-76,1761333651108
30909,1761333653721.0,0adab909-eb8f-4baf-9eed-7a4cc889cb7c,75:EF:72:9D:FB:07,,-84,1761333651108
30910,1761333659152.0,0adab909-eb8f-4baf-9eed-7a4cc889cb7c,71:F6:EA:76:4C:C2,,-90,1761333651108
30911,1761334251446.0,0adab909-eb8f-4baf-9eed-7a4cc889cb7c,7B:92:7F:54:E9:3D,,-77,1761334251092
30912,1761334251842.0,0adab909-eb8f-4baf-9eed-7a4cc889cb7c,44:AF:71:C4:2D:C9,,-91,1761334251092
30913,1761334252178.0,0adab909-eb8f-4baf-9eed-7a4cc889cb7c,CF:33:36:32:4C:1E,Govee_H6054_4C1E,-76,1761334251092
30914,1761334252783.0,0adab909-eb8f-4baf-9eed-7a4cc889cb7c,4C:CD:C5:6C:0D:93,,-80,1761334251092
30915,1761334253419.0,0adab909-eb8f-4baf-9eed-7a4cc889cb7c,55:4B:DE:FB:48:AA,,-88,1761334251092
30916,1761334253721.0,0adab909-eb8f-4baf-9eed-7a4cc889cb7c,FF:10:10:AE:A7:64,Sunset lights,-86,1761334251092
30917,1761334254350.0,0adab909-eb8f-4baf-9eed-7a4cc889cb7c,75:EF:72:9D:FB:07,,-90,1761334251092
30918,1761334850810.0,0adab909-eb8f-4baf-9eed-7a4cc889cb7c,CF:33:36:32:4C:1E,Govee_H6054_4C1E,-78,1761334850786
30919,1761334851219.0,0adab909-eb8f-4baf-9eed-7a4cc889cb7c,FF:10:10:AE:A7:64,Sunset lights,-88,1761334850786
30920,1761334851239.0,0adab909-eb8f-4baf-9eed-7a4cc889cb7c,47:3B:D1:68:EC:5A,,-88,1761334850786
30921,1761334851251.0,0adab909-eb8f-4baf-9eed-7a4cc889cb7c,7B:92:7F:54:E9:3D,,-76,1761334850786
30922,1761334855044.0,0adab909-eb8f-4baf-9eed-7a4cc889cb7c,58:5B:66:3B:85:F0,,-91,1761334850786
30923,1761335747233.0,0adab909-eb8f-4baf-9eed-7a4cc889cb7c,CF:33:36:32:4C:1E,Govee_H6054_4C1E,-73,1761335747219
30924,1761335747276.0,0adab909-eb8f-4baf-9eed-7a4cc889cb7c,65:CA:7F:29:FB:7C,,-78,1761335747219
30925,1761335747948.0,0adab909-eb8f-4baf-9eed-7a4cc889cb7c,FF:10:10:AE:A7:64,Sunset lights,-87,1761335747219
30926,1761335748278.0,0adab909-eb8f-4baf-9eed-7a4cc889cb7c,47:3B:D1:68:EC:5A,,-82,1761335747219
30927,1761335748598.0,0adab909-eb8f-4baf-9eed-7a4cc889cb7c,4C:9D:65:D1:85:42,,-82,1761335747219
30928,1761335750540.0,0adab909-eb8f-4baf-9eed-7a4cc889cb7c,58:5B:66:3B:85:F0,,-89,1761335747219
30929,1761335759801.0,0adab909-eb8f-4baf-9eed-7a4cc889cb7c,78:B9:F9:D7:BE:DA,,-69,1761335747219
30930,1761336050904.0,0adab909-eb8f-4baf-9eed-7a4cc889cb7c,60:FA:AA:BD:41:61,,-85,1761336050773
30931,1761336051177.0,0adab909-eb8f-4baf-9eed-7a4cc889cb7c,FF:10:10:AE:A7:64,Sunset lights,-75,1761336050773
30932,1761336052479.0,0adab909-eb8f-4baf-9eed-7a4cc889cb7c,65:CA:7F:29:FB:7C,,-85,1761336050773
30933,1761336056984.0,0adab909-eb8f-4baf-9eed-7a4cc889cb7c,5A:E9:DC:BB:26:CC,,-71,1761336050773
30934,1761336063748.0,0adab909-eb8f-4baf-9eed-7a4cc889cb7c,FF:10:10:AE:A7:64,Sunset lights,-77,1761336050773
30935,1761336065730.0,0adab909-eb8f-4baf-9eed-7a4cc889cb7c,65:CA:7F:29:FB:7C,,-85,1761336050773
30936,1761336298995.0,0adab909-eb8f-4baf-9eed-7a4cc889cb7c,FF:10:10:AE:A7:64,Sunset lights,-68,1761336297941
30937,1761336299906.0,0adab909-eb8f-4baf-9eed-7a4cc889cb7c,65:CA:7F:29:FB:7C,,-77,1761336297941
30938,1761336301791.0,0adab909-eb8f-4baf-9eed-7a4cc889cb7c,36:4B:9A:2E:2F:BE,,-92,1761336297941
30939,1761336652689.0,0adab909-eb8f-4baf-9eed-7a4cc889cb7c,FF:10:10:AE:A7:64,Sunset lights,-68,1761336650883
30940,1761336652755.0,0adab909-eb8f-4baf-9eed-7a4cc889cb7c,60:FA:AA:BD:41:61,,-87,1761336650883
30941,1761336652877.0,0adab909-eb8f-4baf-9eed-7a4cc889cb7c,65:CA:7F:29:FB:7C,,-72,1761336650883
30942,1761336658176.0,0adab909-eb8f-4baf-9eed-7a4cc889cb7c,48:D8:8D:53:21:80,,-85,1761336650883
30943,1761336663854.0,0adab909-eb8f-4baf-9eed-7a4cc889cb7c,FF:10:10:AE:A7:64,Sunset lights,-68,1761336650883
30944,1761336663886.0,0adab909-eb8f-4baf-9eed-7a4cc889cb7c,36:4B:9A:2E:2F:BE,,-93,1761336650883
30945,1761336663908.0,0adab909-eb8f-4baf-9eed-7a4cc889cb7c,65:CA:7F:29:FB:7C,,-71,1761336650883
30946,1761336664887.0,0adab909-eb8f-4baf-9eed-7a4cc889cb7c,D5:85:E4:8E:EC:AA,,-74,1761336650883
30947,1761336666107.0,0adab909-eb8f-4baf-9eed-7a4cc889cb7c,60:FA:AA:BD:41:61,,-83,1761336650883
30948,1761337251425.0,0adab909-eb8f-4baf-9eed-7a4cc889cb7c,61:C2:38:E1:30:D0,,-82,1761337250942
30949,1761337251639.0,0adab909-eb8f-4baf-9eed-7a4cc889cb7c,FF:10:10:AE:A7:64,Sunset lights,-71,1761337250942
30950,1761337253279.0,0adab909-eb8f-4baf-9eed-7a4cc889cb7c,4B:F0:F0:D4:D7:6D,,-86,1761337250942
30951,1761337256483.0,0adab909-eb8f-4baf-9eed-7a4cc889cb7c,60:FA:AA:BD:41:61,,-82,1761337250942
30952,1761337264089.0,0adab909-eb8f-4baf-9eed-7a4cc889cb7c,FF:10:10:AE:A7:64,Sunset lights,-63,1761337250942
30953,1761337264902.0,0adab909-eb8f-4baf-9eed-7a4cc889cb7c,61:C2:38:E1:30:D0,,-76,1761337250942
30954,1761337756967.0,0adab909-eb8f-4baf-9eed-7a4cc889cb7c,FF:10:10:AE:A7:64,Sunset lights,-80,1761337755889
30955,1761337763397.0,0adab909-eb8f-4baf-9eed-7a4cc889cb7c,40:46:5D:EB:70:60,,-86,1761337755889
30956,1761338364176.0,0adab909-eb8f-4baf-9eed-7a4cc889cb7c,40:46:5D:EB:70:60,,-71,1761338364154
30957,1761338364558.0,0adab909-eb8f-4baf-9eed-7a4cc889cb7c,6A:58:69:C2:98:11,,-77,1761338364154
30958,1761338364897.0,0adab909-eb8f-4baf-9eed-7a4cc889cb7c,46:BF:42:9D:45:80,,-81,1761338364154
30959,1761338365519.0,0adab909-eb8f-4baf-9eed-7a4cc889cb7c,FF:10:10:AE:A7:64,Sunset lights,-72,1761338364154
30960,1761338377061.0,0adab909-eb8f-4baf-9eed-7a4cc889cb7c,D1:1F:F3:17:B6:D2,,-90,1761338364154
30961,1761338377181.0,0adab909-eb8f-4baf-9eed-7a4cc889cb7c,FF:10:10:AE:A7:64,Sunset lights,-76,1761338364154
30962,1761338378204.0,0adab909-eb8f-4baf-9eed-7a4cc889cb7c,40:46:5D:EB:70:60,,-83,1761338364154
30963,1761338378320.0,0adab909-eb8f-4baf-9eed-7a4cc889cb7c,6A:58:69:C2:98:11,,-78,1761338364154
30964,1761338379212.0,0adab909-eb8f-4baf-9eed-7a4cc889cb7c,46:BF:42:9D:45:80,,-82,1761338364154
30965,1761338905260.0,0adab909-eb8f-4baf-9eed-7a4cc889cb7c,6A:58:69:C2:98:11,,-76,1761338904959
30966,1761338905390.0,0adab909-eb8f-4baf-9eed-7a4cc889cb7c,FF:10:10:AE:A7:64,Sunset lights,-69,1761338904959
30967,1761338908114.0,0adab909-eb8f-4baf-9eed-7a4cc889cb7c,46:BF:42:9D:45:80,,-85,1761338904959
30968,1761338915320.0,0adab909-eb8f-4baf-9eed-7a4cc889cb7c,45:CE:B0:AA:65:D4,,-87,1761338904959
30969,1761338917871.0,0adab909-eb8f-4baf-9eed-7a4cc889cb7c,FF:10:10:AE:A7:64,Sunset lights,-70,1761338904959
30970,1761338917971.0,0adab909-eb8f-4baf-9eed-7a4cc889cb7c,6A:58:69:C2:98:11,,-81,1761338904959
30971,1761338918821.0,0adab909-eb8f-4baf-9eed-7a4cc889cb7c,F0:4F:75:9B:51:47,,-79,1761338904959
30972,1761338918853.0,0adab909-eb8f-4baf-9eed-7a4cc889cb7c,46:BF:42:9D:45:80,,-85,1761338904959
30973,1761339651326.0,0adab909-eb8f-4baf-9eed-7a4cc889cb7c,FF:10:10:AE:A7:64,Sunset lights,-91,1761339651175
30974,1761339652569.0,0adab909-eb8f-4baf-9eed-7a4cc889cb7c,7A:00:31:D3:46:03,,-91,1761339651175
30975,1761339653211.0,0adab909-eb8f-4baf-9eed-7a4cc889cb7c,6A:58:69:C2:98:11,,-84,1761339651175
30976,1761339653846.0,0adab909-eb8f-4baf-9eed-7a4cc889cb7c,46:57:BB:5D:F0:47,,-92,1761339651175
30977,1761339665338.0,0adab909-eb8f-4baf-9eed-7a4cc889cb7c,FF:10:10:AE:A7:64,Sunset lights,-79,1761339651175
30978,1761339665368.0,0adab909-eb8f-4baf-9eed-7a4cc889cb7c,6A:58:69:C2:98:11,,-82,1761339651175
30979,1761340137300.0,0adab909-eb8f-4baf-9eed-7a4cc889cb7c,46:57:BB:5D:F0:47,,-84,1761340137219
30980,1761340137946.0,0adab909-eb8f-4baf-9eed-7a4cc889cb7c,FF:10:10:AE:A7:64,Sunset lights,-74,1761340137219
30981,1761340138308.0,0adab909-eb8f-4baf-9eed-7a4cc889cb7c,6D:2B:C6:BF:70:30,,-81,1761340137219
30982,1761340139584.0,0adab909-eb8f-4baf-9eed-7a4cc889cb7c,77:82:52:C8:52:7B,,-71,1761340137219
30983,1761340150236.0,0adab909-eb8f-4baf-9eed-7a4cc889cb7c,46:57:BB:5D:F0:47,,-84,1761340137219
30984,1761340150338.0,0adab909-eb8f-4baf-9eed-7a4cc889cb7c,FF:10:10:AE:A7:64,Sunset lights,-69,1761340137219
30985,1761340151324.0,0adab909-eb8f-4baf-9eed-7a4cc889cb7c,CE:28:1F:05:BE:EC,,-87,1761340137219
30986,1761340745556.0,0adab909-eb8f-4baf-9eed-7a4cc889cb7c,FF:10:10:AE:A7:64,Sunset lights,-71,1761340745552
30987,1761340745709.0,0adab909-eb8f-4baf-9eed-7a4cc889cb7c,77:82:52:C8:52:7B,,-75,1761340745552
30988,1761340747136.0,0adab909-eb8f-4baf-9eed-7a4cc889cb7c,6D:2B:C6:BF:70:30,,-75,1761340745552
30989,1761340747549.0,0adab909-eb8f-4baf-9eed-7a4cc889cb7c,7C:09:CE:81:8A:4D,,-82,1761340745552
30990,1761340758419.0,0adab909-eb8f-4baf-9eed-7a4cc889cb7c,7C:09:CE:81:8A:4D,,-83,1761340745552
30991,1761340758488.0,0adab909-eb8f-4baf-9eed-7a4cc889cb7c,52:74:46:30:40:54,,-77,1761340745552
30992,1761340758541.0,0adab909-eb8f-4baf-9eed-7a4cc889cb7c,FF:10:10:AE:A7:64,Sunset lights,-72,1761340745552
30993,1761340759384.0,0adab909-eb8f-4baf-9eed-7a4cc889cb7c,D1:1F:F3:17:B6:D2,,-82,1761340745552
30994,1761340759458.0,0adab909-eb8f-4baf-9eed-7a4cc889cb7c,D7:7C:C8:9B:3E:0C,,-82,1761340745552
30995,1761340760579.0,0adab909-eb8f-4baf-9eed-7a4cc889cb7c,6D:2B:C6:BF:70:30,,-75,1761340745552
30996,1761340760603.0,0adab909-eb8f-4baf-9eed-7a4cc889cb7c,77:CD:A0:4B:E0:13,,-92,1761340745552
30997,1761341451201.0,0adab909-eb8f-4baf-9eed-7a4cc889cb7c,FF:10:10:AE:A7:64,Sunset lights,-78,1761341451140
30998,1761341451917.0,0adab909-eb8f-4baf-9eed-7a4cc889cb7c,57:CB:0A:03:51:30,,-79,1761341451140
30999,1761341454421.0,0adab909-eb8f-4baf-9eed-7a4cc889cb7c,7C:09:CE:81:8A:4D,,-82,1761341451140
31000,1761341456651.0,0adab909-eb8f-4baf-9eed-7a4cc889cb7c,4A:B3:17:5A:6C:EF,,-81,1761341451140
31001,1761341464020.0,0adab909-eb8f-4baf-9eed-7a4cc889cb7c,7C:09:CE:81:8A:4D,,-90,1761341451140
31002,1761341464067.0,0adab909-eb8f-4baf-9eed-7a4cc889cb7c,FF:10:10:AE:A7:64,Sunset lights,-78,1761341451140
31003,1761341465141.0,0adab909-eb8f-4baf-9eed-7a4cc889cb7c,57:CB:0A:03:51:30,,-73,1761341451140
31004,1761341466094.0,0adab909-eb8f-4baf-9eed-7a4cc889cb7c,D1:1F:F3:17:B6:D2,,-89,1761341451140
31005,1761342051613.0,0adab909-eb8f-4baf-9eed-7a4cc889cb7c,FF:10:10:AE:A7:64,Sunset lights,-88,1761342051199
31006,1761342052208.0,0adab909-eb8f-4baf-9eed-7a4cc889cb7c,57:CB:0A:03:51:30,,-90,1761342051199
31007,1761342052243.0,0adab909-eb8f-4baf-9eed-7a4cc889cb7c,4A:B3:17:5A:6C:EF,,-75,1761342051199
31008,1761342064256.0,0adab909-eb8f-4baf-9eed-7a4cc889cb7c,4A:B3:17:5A:6C:EF,,-73,1761342051199
31009,1761342064320.0,0adab909-eb8f-4baf-9eed-7a4cc889cb7c,FF:10:10:AE:A7:64,Sunset lights,-84,1761342051199
31010,1761342064424.0,0adab909-eb8f-4baf-9eed-7a4cc889cb7c,57:CB:0A:03:51:30,,-77,1761342051199
31011,1761342065415.0,0adab909-eb8f-4baf-9eed-7a4cc889cb7c,E9:EA:6F:77:09:48,,-87,1761342051199
31012,1761342651389.0,0adab909-eb8f-4baf-9eed-7a4cc889cb7c,FF:10:10:AE:A7:64,Sunset lights,-76,1761342651219
31013,1761342652003.0,0adab909-eb8f-4baf-9eed-7a4cc889cb7c,57:CB:0A:03:51:30,,-85,1761342651219
31014,1761342662505.0,0adab909-eb8f-4baf-9eed-7a4cc889cb7c,67:1D:79:72:08:21,,-68,1761342651219
31015,1761342663804.0,0adab909-eb8f-4baf-9eed-7a4cc889cb7c,7C:87:7B:17:50:E6,,-82,1761342651219
31016,1761342664157.0,0adab909-eb8f-4baf-9eed-7a4cc889cb7c,FF:10:10:AE:A7:64,Sunset lights,-69,1761342651219
31017,1761342664308.0,0adab909-eb8f-4baf-9eed-7a4cc889cb7c,5D:C1:AD:F0:62:22,,-83,1761342651219
31018,1761342666281.0,0adab909-eb8f-4baf-9eed-7a4cc889cb7c,E8:74:AE:9E:C5:BD,,-82,1761342651219
31019,1761342667012.0,0adab909-eb8f-4baf-9eed-7a4cc889cb7c,E1:6B:B0:36:0A:88,,-80,1761342651219
31020,1761342667048.0,0adab909-eb8f-4baf-9eed-7a4cc889cb7c,7C:87:7B:17:50:E6,,-82,1761342651219
31021,1761343251259.0,0adab909-eb8f-4baf-9eed-7a4cc889cb7c,7C:87:7B:17:50:E6,,-93,1761343251235
31022,1761343251363.0,0adab909-eb8f-4baf-9eed-7a4cc889cb7c,FF:10:10:AE:A7:64,Sunset lights,-73,1761343251235
31023,1761343252341.0,0adab909-eb8f-4baf-9eed-7a4cc889cb7c,5D:C1:AD:F0:62:22,,-90,1761343251235
31024,1761343253909.0,0adab909-eb8f-4baf-9eed-7a4cc889cb7c,67:1D:79:72:08:21,,-78,1761343251235
31025,1761343264122.0,0adab909-eb8f-4baf-9eed-7a4cc889cb7c,5D:C1:AD:F0:62:22,,-83,1761343251235
31026,1761343264230.0,0adab909-eb8f-4baf-9eed-7a4cc889cb7c,FF:10:10:AE:A7:64,Sunset lights,-70,1761343251235
31027,1761343266505.0,0adab909-eb8f-4baf-9eed-7a4cc889cb7c,7C:87:7B:17:50:E6,,-87,1761343251235
31028,1761343851388.0,0adab909-eb8f-4baf-9eed-7a4cc889cb7c,FF:10:10:AE:A7:64,Sunset lights,-76,1761343851268
31029,1761343852958.0,0adab909-eb8f-4baf-9eed-7a4cc889cb7c,5D:C1:AD:F0:62:22,,-88,1761343851268
31030,1761343853648.0,0adab909-eb8f-4baf-9eed-7a4cc889cb7c,7C:87:7B:17:50:E6,,-78,1761343851268
31031,1761343857490.0,0adab909-eb8f-4baf-9eed-7a4cc889cb7c,46:1B:C2:EE:9B:12,,-75,1761343851268
31032,1761343864280.0,0adab909-eb8f-4baf-9eed-7a4cc889cb7c,FF:10:10:AE:A7:64,Sunset lights,-72,1761343851268
31033,1761343865175.0,0adab909-eb8f-4baf-9eed-7a4cc889cb7c,7C:87:7B:17:50:E6,,-71,1761343851268
31034,1761343865300.0,0adab909-eb8f-4baf-9eed-7a4cc889cb7c,E8:74:AE:9E:C5:BD,,-82,1761343851268
31035,1761344451339.0,0adab909-eb8f-4baf-9eed-7a4cc889cb7c,46:1B:C2:EE:9B:12,,-82,1761344451270
31036,1761344453293.0,0adab909-eb8f-4baf-9eed-7a4cc889cb7c,7D:6A:AC:98:2D:0D,,-85,1761344451270
31037,1761344458412.0,0adab909-eb8f-4baf-9eed-7a4cc889cb7c,FF:10:10:AE:A7:64,Sunset lights,-81,1761344451270
31038,1761344464268.0,0adab909-eb8f-4baf-9eed-7a4cc889cb7c,68:B1:A6:5C:58:B9,,-94,1761344451270
31039,1761344465275.0,0adab909-eb8f-4baf-9eed-7a4cc889cb7c,FF:10:10:AE:A7:64,Sunset lights,-80,1761344451270
31040,1761344465364.0,0adab909-eb8f-4baf-9eed-7a4cc889cb7c,46:1B:C2:EE:9B:12,,-69,1761344451270
31041,1761344465396.0,0adab909-eb8f-4baf-9eed-7a4cc889cb7c,7D:6A:AC:98:2D:0D,,-80,1761344451270
31042,1761345051977.0,0adab909-eb8f-4baf-9eed-7a4cc889cb7c,FF:10:10:AE:A7:64,Sunset lights,-81,1761345051265
31043,1761345052023.0,0adab909-eb8f-4baf-9eed-7a4cc889cb7c,68:B1:A6:5C:58:B9,,-85,1761345051265
31044,1761345052321.0,0adab909-eb8f-4baf-9eed-7a4cc889cb7c,7D:6A:AC:98:2D:0D,,-73,1761345051265
31045,1761345054551.0,0adab909-eb8f-4baf-9eed-7a4cc889cb7c,41:64:D7:73:B2:81,,-87,1761345051265
31046,1761345064150.0,0adab909-eb8f-4baf-9eed-7a4cc889cb7c,FF:10:10:AE:A7:64,Sunset lights,-78,1761345051265
31047,1761345065185.0,0adab909-eb8f-4baf-9eed-7a4cc889cb7c,DE:19:42:0D:75:82,,-77,1761345051265
31048,1761345065257.0,0adab909-eb8f-4baf-9eed-7a4cc889cb7c,41:64:D7:73:B2:81,,-87,1761345051265
31049,1761345065289.0,0adab909-eb8f-4baf-9eed-7a4cc889cb7c,7D:6A:AC:98:2D:0D,,-73,1761345051265
31050,1761345651114.0,0adab909-eb8f-4baf-9eed-7a4cc889cb7c,FF:10:10:AE:A7:64,Sunset lights,-77,1761345651027
31051,1761345651800.0,0adab909-eb8f-4baf-9eed-7a4cc889cb7c,68:B1:A6:5C:58:B9,,-87,1761345651027
31052,1761345652409.0,0adab909-eb8f-4baf-9eed-7a4cc889cb7c,44:06:87:03:D7:2A,,-72,1761345651027
31053,1761345654978.0,0adab909-eb8f-4baf-9eed-7a4cc889cb7c,66:B0:19:11:D4:4E,,-82,1761345651027
31054,1761345663924.0,0adab909-eb8f-4baf-9eed-7a4cc889cb7c,44:06:87:03:D7:2A,,-73,1761345651027
31055,1761345663961.0,0adab909-eb8f-4baf-9eed-7a4cc889cb7c,68:B1:A6:5C:58:B9,,-80,1761345651027
31056,1761345664000.0,0adab909-eb8f-4baf-9eed-7a4cc889cb7c,FF:10:10:AE:A7:64,Sunset lights,-74,1761345651027
31057,1761345664984.0,0adab909-eb8f-4baf-9eed-7a4cc889cb7c,66:B0:19:11:D4:4E,,-75,1761345651027
31058,1761345665060.0,0adab909-eb8f-4baf-9eed-7a4cc889cb7c,E8:74:AE:9E:C5:BD,,-79,1761345651027
31059,1761346251084.0,0adab909-eb8f-4baf-9eed-7a4cc889cb7c,FF:10:10:AE:A7:64,Sunset lights,-82,1761346251072
31060,1761346251808.0,0adab909-eb8f-4baf-9eed-7a4cc889cb7c,43:90:AE:D3:F7:58,,-78,1761346251072
31061,1761346254337.0,0adab909-eb8f-4baf-9eed-7a4cc889cb7c,44:06:87:03:D7:2A,,-75,1761346251072
31062,1761346254754.0,0adab909-eb8f-4baf-9eed-7a4cc889cb7c,6C:18:91:7B:1F:04,,-92,1761346251072
31063,1761346263954.0,0adab909-eb8f-4baf-9eed-7a4cc889cb7c,44:06:87:03:D7:2A,,-80,1761346251072
31064,1761346264110.0,0adab909-eb8f-4baf-9eed-7a4cc889cb7c,FB:C9:8D:4E:30:AA,,-81,1761346251072
31065,1761346264431.0,0adab909-eb8f-4baf-9eed-7a4cc889cb7c,43:90:AE:D3:F7:58,,-78,1761346251072
31066,1761346264579.0,0adab909-eb8f-4baf-9eed-7a4cc889cb7c,FF:10:10:AE:A7:64,Sunset lights,-82,1761346251072
31067,1761346851486.0,0adab909-eb8f-4baf-9eed-7a4cc889cb7c,FF:10:10:AE:A7:64,Sunset lights,-77,1761346851069
31068,1761346852813.0,0adab909-eb8f-4baf-9eed-7a4cc889cb7c,44:06:87:03:D7:2A,,-83,1761346851069
31069,1761346852843.0,0adab909-eb8f-4baf-9eed-7a4cc889cb7c,4F:37:98:0E:0E:46,,-71,1761346851069
31070,1761346860433.0,0adab909-eb8f-4baf-9eed-7a4cc889cb7c,43:90:AE:D3:F7:58,,-82,1761346851069
31071,1761346863954.0,0adab909-eb8f-4baf-9eed-7a4cc889cb7c,FF:10:10:AE:A7:64,Sunset lights,-71,1761346851069
31072,1761346863985.0,0adab909-eb8f-4baf-9eed-7a4cc889cb7c,43:90:AE:D3:F7:58,,-80,1761346851069
31073,1761346866086.0,0adab909-eb8f-4baf-9eed-7a4cc889cb7c,6C:18:91:7B:1F:04,,-91,1761346851069
31074,1761347383344.0,0adab909-eb8f-4baf-9eed-7a4cc889cb7c,60:74:F4:73:96:CD,ihoment_H601B_96CD,-68,1761347383256
31075,1761347383399.0,0adab909-eb8f-4baf-9eed-7a4cc889cb7c,FF:10:10:AE:A7:64,Sunset lights,-70,1761347383256
31076,1761347383431.0,0adab909-eb8f-4baf-9eed-7a4cc889cb7c,60:74:F4:75:21:D5,ihoment_H601B_21D5,-70,1761347383256
31077,1761347384667.0,0adab909-eb8f-4baf-9eed-7a4cc889cb7c,6C:18:91:7B:1F:04,,-93,1761347383256
31078,1761347384686.0,0adab909-eb8f-4baf-9eed-7a4cc889cb7c,43:90:AE:D3:F7:58,,-83,1761347383256
31079,1761347385583.0,0adab909-eb8f-4baf-9eed-7a4cc889cb7c,41:DB:53:62:20:C2,,-70,1761347383256
31080,1761348052280.0,0adab909-eb8f-4baf-9eed-7a4cc889cb7c,FF:10:10:AE:A7:64,Sunset lights,-68,1761348052274
31081,1761348052661.0,0adab909-eb8f-4baf-9eed-7a4cc889cb7c,41:DB:53:62:20:C2,,-70,1761348052274
31082,1761348052971.0,0adab909-eb8f-4baf-9eed-7a4cc889cb7c,60:74:F4:73:96:CD,ihoment_H601B_96CD,-69,1761348052274
31083,1761348053279.0,0adab909-eb8f-4baf-9eed-7a4cc889cb7c,60:74:F4:75:21:D5,ihoment_H601B_21D5,-70,1761348052274
31084,1761348059683.0,0adab909-eb8f-4baf-9eed-7a4cc889cb7c,4F:2E:4C:15:A5:41,,-78,1761348052274
31085,1761348061304.0,0adab909-eb8f-4baf-9eed-7a4cc889cb7c,43:90:AE:D3:F7:58,,-86,1761348052274
31086,1761348620631.0,0adab909-eb8f-4baf-9eed-7a4cc889cb7c,5B:43:42:F2:7B:E8,,-90,1761348620345
31087,1761348620680.0,0adab909-eb8f-4baf-9eed-7a4cc889cb7c,FF:10:10:AE:A7:64,Sunset lights,-75,1761348620345
31088,1761348620981.0,0adab909-eb8f-4baf-9eed-7a4cc889cb7c,60:74:F4:73:96:CD,ihoment_H601B_96CD,-74,1761348620345
31089,1761348621377.0,0adab909-eb8f-4baf-9eed-7a4cc889cb7c,60:74:F4:75:21:D5,ihoment_H601B_21D5,-73,1761348620345
31090,1761348622572.0,0adab909-eb8f-4baf-9eed-7a4cc889cb7c,67:81:C4:B5:8D:8E,,-71,1761348620345
31091,1761348624791.0,0adab909-eb8f-4baf-9eed-7a4cc889cb7c,4F:2E:4C:15:A5:41,,-82,1761348620345
31092,1761349184261.0,0adab909-eb8f-4baf-9eed-7a4cc889cb7c,FF:10:10:AE:A7:64,Sunset lights,-68,1761349184197
31093,1761349184962.0,0adab909-eb8f-4baf-9eed-7a4cc889cb7c,60:74:F4:73:96:CD,ihoment_H601B_96CD,-70,1761349184197
31094,1761349185245.0,0adab909-eb8f-4baf-9eed-7a4cc889cb7c,60:74:F4:75:21:D5,ihoment_H601B_21D5,-70,1761349184197
31095,1761349185286.0,0adab909-eb8f-4baf-9eed-7a4cc889cb7c,67:81:C4:B5:8D:8E,,-72,1761349184197
31096,1761349185976.0,0adab909-eb8f-4baf-9eed-7a4cc889cb7c,5B:43:42:F2:7B:E8,,-82,1761349184197
31097,1761349186834.0,0adab909-eb8f-4baf-9eed-7a4cc889cb7c,6E:D6:EE:11:DC:B6,,-83,1761349184197
31098,1761349190087.0,0adab909-eb8f-4baf-9eed-7a4cc889cb7c,5B:A4:1E:55:53:96,,-90,1761349184197
31099,1761349942301.0,0adab909-eb8f-4baf-9eed-7a4cc889cb7c,47:1C:9C:E6:9A:BB,,-84,1761349942242
31100,1761349943275.0,0adab909-eb8f-4baf-9eed-7a4cc889cb7c,60:74:F4:73:96:CD,ihoment_H601B_96CD,-70,1761349942242
31101,1761349943637.0,0adab909-eb8f-4baf-9eed-7a4cc889cb7c,72:33:02:14:F4:59,,-70,1761349942242
31102,1761349943653.0,0adab909-eb8f-4baf-9eed-7a4cc889cb7c,FF:10:10:AE:A7:64,Sunset lights,-70,1761349942242
31103,1761349945850.0,0adab909-eb8f-4baf-9eed-7a4cc889cb7c,78:FB:E7:B7:90:67,,-76,1761349942242
31104,1761349948100.0,0adab909-eb8f-4baf-9eed-7a4cc889cb7c,60:74:F4:75:21:D5,ihoment_H601B_21D5,-70,1761349942242
31105,1761350384223.0,0adab909-eb8f-4baf-9eed-7a4cc889cb7c,46:83:65:E3:9C:77,,-88,1761350384191
31106,1761350384240.0,0adab909-eb8f-4baf-9eed-7a4cc889cb7c,60:74:F4:73:96:CD,ihoment_H601B_96CD,-73,1761350384191
31107,1761350384989.0,0adab909-eb8f-4baf-9eed-7a4cc889cb7c,78:FB:E7:B7:90:67,,-82,1761350384191
31108,1761350385200.0,0adab909-eb8f-4baf-9eed-7a4cc889cb7c,FF:10:10:AE:A7:64,Sunset lights,-73,1761350384191
31109,1761350385218.0,0adab909-eb8f-4baf-9eed-7a4cc889cb7c,60:74:F4:75:21:D5,ihoment_H601B_21D5,-74,1761350384191
31110,1761350386523.0,0adab909-eb8f-4baf-9eed-7a4cc889cb7c,47:1C:9C:E6:9A:BB,,-84,1761350384191
31111,1761350387166.0,0adab909-eb8f-4baf-9eed-7a4cc889cb7c,72:33:02:14:F4:59,,-72,1761350384191
31112,1761350984752.0,0adab909-eb8f-4baf-9eed-7a4cc889cb7c,60:74:F4:73:96:CD,ihoment_H601B_96CD,-70,1761350984749
31113,1761350984767.0,0adab909-eb8f-4baf-9eed-7a4cc889cb7c,60:74:F4:75:21:D5,ihoment_H601B_21D5,-70,1761350984749
31114,1761350984970.0,0adab909-eb8f-4baf-9eed-7a4cc889cb7c,FF:10:10:AE:A7:64,Sunset lights,-70,1761350984749
31115,1761350985938.0,0adab909-eb8f-4baf-9eed-7a4cc889cb7c,62:AE:D0:3A:16:C1,,-85,1761350984749
31116,1761350986210.0,0adab909-eb8f-4baf-9eed-7a4cc889cb7c,47:5F:30:31:CE:87,,-74,1761350984749
31117,1761350986245.0,0adab909-eb8f-4baf-9eed-7a4cc889cb7c,71:FC:45:04:9D:F3,,-80,1761350984749
31118,1761351516527.0,0adab909-eb8f-4baf-9eed-7a4cc889cb7c,FF:10:10:AE:A7:64,Sunset lights,-69,1761351516525
31119,1761351516991.0,0adab909-eb8f-4baf-9eed-7a4cc889cb7c,60:74:F4:73:96:CD,ihoment_H601B_96CD,-72,1761351516525
31120,1761351517328.0,0adab909-eb8f-4baf-9eed-7a4cc889cb7c,60:74:F4:75:21:D5,ihoment_H601B_21D5,-70,1761351516525
31121,1761351517973.0,0adab909-eb8f-4baf-9eed-7a4cc889cb7c,47:5F:30:31:CE:87,,-75,1761351516525
31122,1761351518251.0,0adab909-eb8f-4baf-9eed-7a4cc889cb7c,62:AE:D0:3A:16:C1,,-87,1761351516525
31123,1761351521215.0,0adab909-eb8f-4baf-9eed-7a4cc889cb7c,71:FC:45:04:9D:F3,,-84,1761351516525
31124,1761351521477.0,0adab909-eb8f-4baf-9eed-7a4cc889cb7c,77:63:AE:0F:76:55,,-95,1761351516525
31125,1761352116426.0,0adab909-eb8f-4baf-9eed-7a4cc889cb7c,62:AE:D0:3A:16:C1,,-86,1761352116422
31126,1761352116672.0,0adab909-eb8f-4baf-9eed-7a4cc889cb7c,FF:10:10:AE:A7:64,Sunset lights,-72,1761352116422
31127,1761352116946.0,0adab909-eb8f-4baf-9eed-7a4cc889cb7c,60:74:F4:75:21:D5,ihoment_H601B_21D5,-79,1761352116422
31128,1761352116964.0,0adab909-eb8f-4baf-9eed-7a4cc889cb7c,60:74:F4:73:96:CD,ihoment_H601B_96CD,-71,1761352116422
31129,1761352117623.0,0adab909-eb8f-4baf-9eed-7a4cc889cb7c,47:5F:30:31:CE:87,,-71,1761352116422
31130,1761352117903.0,0adab909-eb8f-4baf-9eed-7a4cc889cb7c,5A:4E:56:0C:B8:38,,-84,1761352116422
31131,1761352127857.0,0adab909-eb8f-4baf-9eed-7a4cc889cb7c,61:D2:50:60:A9:D8,,-88,1761352116422
31132,1761352716603.0,0adab909-eb8f-4baf-9eed-7a4cc889cb7c,61:D2:50:60:A9:D8,,-85,1761352716275
31133,1761352716622.0,0adab909-eb8f-4baf-9eed-7a4cc889cb7c,60:74:F4:73:96:CD,ihoment_H601B_96CD,-70,1761352716275
31134,1761352717155.0,0adab909-eb8f-4baf-9eed-7a4cc889cb7c,FF:10:10:AE:A7:64,Sunset lights,-70,1761352716275
31135,1761352717611.0,0adab909-eb8f-4baf-9eed-7a4cc889cb7c,41:D1:80:B0:FE:A6,,-70,1761352716275
31136,1761352718493.0,0adab909-eb8f-4baf-9eed-7a4cc889cb7c,5A:4E:56:0C:B8:38,,-72,1761352716275
31137,1761352718845.0,0adab909-eb8f-4baf-9eed-7a4cc889cb7c,60:74:F4:75:21:D5,ihoment_H601B_21D5,-82,1761352716275
31138,1761353548488.0,0adab909-eb8f-4baf-9eed-7a4cc889cb7c,60:74:F4:73:96:CD,ihoment_H601B_96CD,-70,1761353548482
31139,1761353548607.0,0adab909-eb8f-4baf-9eed-7a4cc889cb7c,FF:10:10:AE:A7:64,Sunset lights,-69,1761353548482
31140,1761353549560.0,0adab909-eb8f-4baf-9eed-7a4cc889cb7c,58:79:58:2C:43:0F,,-68,1761353548482
31141,1761353549582.0,0adab909-eb8f-4baf-9eed-7a4cc889cb7c,60:74:F4:75:21:D5,ihoment_H601B_21D5,-84,1761353548482
31142,1761353550880.0,0adab909-eb8f-4baf-9eed-7a4cc889cb7c,45:91:94:22:45:73,,-80,1761353548482
31143,1761354148559.0,0adab909-eb8f-4baf-9eed-7a4cc889cb7c,60:74:F4:73:96:CD,ihoment_H601B_96CD,-67,1761354148180
31144,1761354148894.0,0adab909-eb8f-4baf-9eed-7a4cc889cb7c,58:79:58:2C:43:0F,,-74,1761354148180
31145,1761354149233.0,0adab909-eb8f-4baf-9eed-7a4cc889cb7c,60:74:F4:75:21:D5,ihoment_H601B_21D5,-71,1761354148180
31146,1761354149513.0,0adab909-eb8f-4baf-9eed-7a4cc889cb7c,FF:10:10:AE:A7:64,Sunset lights,-68,1761354148180
31147,1761354150181.0,0adab909-eb8f-4baf-9eed-7a4cc889cb7c,45:91:94:22:45:73,,-88,1761354148180
31148,1761354156215.0,0adab909-eb8f-4baf-9eed-7a4cc889cb7c,43:FC:8E:CF:1C:D1,,-84,1761354148180
31149,1761354656250.0,0adab909-eb8f-4baf-9eed-7a4cc889cb7c,58:79:58:2C:43:0F,,-71,1761354656151
31150,1761354657532.0,0adab909-eb8f-4baf-9eed-7a4cc889cb7c,FF:10:10:AE:A7:64,Sunset lights,-73,1761354656151
31151,1761354657546.0,0adab909-eb8f-4baf-9eed-7a4cc889cb7c,60:74:F4:75:21:D5,ihoment_H601B_21D5,-88,1761354656151
31152,1761354657559.0,0adab909-eb8f-4baf-9eed-7a4cc889cb7c,60:74:F4:73:96:CD,ihoment_H601B_96CD,-71,1761354656151
31153,1761354657572.0,0adab909-eb8f-4baf-9eed-7a4cc889cb7c,45:91:94:22:45:73,,-78,1761354656151
31154,1761354658821.0,0adab909-eb8f-4baf-9eed-7a4cc889cb7c,43:FC:8E:CF:1C:D1,,-81,1761354656151
31155,1761354668058.0,0adab909-eb8f-4baf-9eed-7a4cc889cb7c,6F:E9:8E:21:07:5C,,-93,1761354656151
31156,1761355187662.0,0adab909-eb8f-4baf-9eed-7a4cc889cb7c,60:74:F4:75:21:D5,ihoment_H601B_21D5,-83,1761355187247
31157,1761355187975.0,0adab909-eb8f-4baf-9eed-7a4cc889cb7c,FF:10:10:AE:A7:64,Sunset lights,-70,1761355187247
31158,1761355188002.0,0adab909-eb8f-4baf-9eed-7a4cc889cb7c,60:74:F4:73:96:CD,ihoment_H601B_96CD,-72,1761355187247
31159,1761355189257.0,0adab909-eb8f-4baf-9eed-7a4cc889cb7c,4D:05:87:82:DF:E7,,-72,1761355187247
31160,1761355198580.0,0adab909-eb8f-4baf-9eed-7a4cc889cb7c,43:FC:8E:CF:1C:D1,,-81,1761355187247
31161,1761355789190.0,0adab909-eb8f-4baf-9eed-7a4cc889cb7c,FF:10:10:AE:A7:64,Sunset lights,-67,1761355789156
31162,1761355789561.0,0adab909-eb8f-4baf-9eed-7a4cc889cb7c,60:74:F4:73:96:CD,ihoment_H601B_96CD,-67,1761355789156
31163,1761355789577.0,0adab909-eb8f-4baf-9eed-7a4cc889cb7c,4D:05:87:82:DF:E7,,-71,1761355789156
31164,1761355790243.0,0adab909-eb8f-4baf-9eed-7a4cc889cb7c,60:74:F4:75:21:D5,ihoment_H601B_21D5,-71,1761355789156
31165,1761355791873.0,0adab909-eb8f-4baf-9eed-7a4cc889cb7c,6C:D2:D2:F3:99:73,,-80,1761355789156
31166,1761355796615.0,0adab909-eb8f-4baf-9eed-7a4cc889cb7c,6C:8D:95:F0:A5:7C,,-79,1761355789156
31167,1761355797269.0,0adab909-eb8f-4baf-9eed-7a4cc889cb7c,5B:38:4D:1B:2B:A8,,-94,1761355789156
31168,1761356388866.0,0adab909-eb8f-4baf-9eed-7a4cc889cb7c,FF:10:10:AE:A7:64,Sunset lights,-72,1761356388154
31169,1761356388884.0,0adab909-eb8f-4baf-9eed-7a4cc889cb7c,60:74:F4:75:21:D5,ihoment_H601B_21D5,-78,1761356388154
31170,1761356389480.0,0adab909-eb8f-4baf-9eed-7a4cc889cb7c,4D:05:87:82:DF:E7,,-70,1761356388154
31171,1761356389885.0,0adab909-eb8f-4baf-9eed-7a4cc889cb7c,60:74:F4:73:96:CD,ihoment_H601B_96CD,-65,1761356388154
31172,1761356389901.0,0adab909-eb8f-4baf-9eed-7a4cc889cb7c,6C:D2:D2:F3:99:73,,-84,1761356388154
31173,1761356390519.0,0adab909-eb8f-4baf-9eed-7a4cc889cb7c,4C:CB:65:E6:AA:66,,-71,1761356388154
31174,1761356392726.0,0adab909-eb8f-4baf-9eed-7a4cc889cb7c,54:29:D7:94:DB:83,,-78,1761356388154
31175,1761356920172.0,0adab909-eb8f-4baf-9eed-7a4cc889cb7c,60:74:F4:75:21:D5,ihoment_H601B_21D5,-71,1761356920161
31176,1761356920529.0,0adab909-eb8f-4baf-9eed-7a4cc889cb7c,FF:10:10:AE:A7:64,Sunset lights,-75,1761356920161
31177,1761356920546.0,0adab909-eb8f-4baf-9eed-7a4cc889cb7c,54:29:D7:94:DB:83,,-70,1761356920161
31178,1761356922198.0,0adab909-eb8f-4baf-9eed-7a4cc889cb7c,6C:D2:D2:F3:99:73,,-83,1761356920161
31179,1761356922215.0,0adab909-eb8f-4baf-9eed-7a4cc889cb7c,60:74:F4:73:96:CD,ihoment_H601B_96CD,-66,1761356920161
31180,1761356932077.0,0adab909-eb8f-4baf-9eed-7a4cc889cb7c,4C:CB:65:E6:AA:66,,-74,1761356920161
31181,1761357521402.0,0adab909-eb8f-4baf-9eed-7a4cc889cb7c,5F:0E:59:0E:A4:21,,-88,1761357521398
31182,1761357521420.0,0adab909-eb8f-4baf-9eed-7a4cc889cb7c,FF:10:10:AE:A7:64,Sunset lights,-69,1761357521398
31183,1761357522960.0,0adab909-eb8f-4baf-9eed-7a4cc889cb7c,54:29:D7:94:DB:83,,-75,1761357521398
31184,1761357523806.0,0adab909-eb8f-4baf-9eed-7a4cc889cb7c,60:74:F4:73:96:CD,ihoment_H601B_96CD,-70,1761357521398
31185,1761357524835.0,0adab909-eb8f-4baf-9eed-7a4cc889cb7c,60:74:F4:75:21:D5,ihoment_H601B_21D5,-80,1761357521398
31186,1761357525790.0,0adab909-eb8f-4baf-9eed-7a4cc889cb7c,58:1A:C2:0E:B5:C7,,-82,1761357521398
31187,1761358120328.0,0adab909-eb8f-4baf-9eed-7a4cc889cb7c,78:80:44:A0:12:40,,-76,1761358120325
31188,1761358120530.0,0adab909-eb8f-4baf-9eed-7a4cc889cb7c,FF:10:10:AE:A7:64,Sunset lights,-74,1761358120325
31189,1761358120546.0,0adab909-eb8f-4baf-9eed-7a4cc889cb7c,60:74:F4:73:96:CD,ihoment_H601B_96CD,-75,1761358120325
31190,1761358120837.0,0adab909-eb8f-4baf-9eed-7a4cc889cb7c,60:74:F4:75:21:D5,ihoment_H601B_21D5,-82,1761358120325
31191,1761358121789.0,0adab909-eb8f-4baf-9eed-7a4cc889cb7c,5F:0E:59:0E:A4:21,,-83,1761358120325
31192,1761358130822.0,0adab909-eb8f-4baf-9eed-7a4cc889cb7c,58:1A:C2:0E:B5:C7,,-89,1761358120325
31193,1761358786303.0,0adab909-eb8f-4baf-9eed-7a4cc889cb7c,78:80:44:A0:12:40,,-71,1761358786300
31194,1761358786494.0,0adab909-eb8f-4baf-9eed-7a4cc889cb7c,FF:10:10:AE:A7:64,Sunset lights,-72,1761358786300
31195,1761358787455.0,0adab909-eb8f-4baf-9eed-7a4cc889cb7c,4F:0B:E3:59:A1:C2,,-88,1761358786300
31196,1761358787860.0,0adab909-eb8f-4baf-9eed-7a4cc889cb7c,60:74:F4:73:96:CD,ihoment_H601B_96CD,-70,1761358786300
31197,1761358788485.0,0adab909-eb8f-4baf-9eed-7a4cc889cb7c,60:74:F4:75:21:D5,ihoment_H601B_21D5,-82,1761358786300
31198,1761358797358.0,0adab909-eb8f-4baf-9eed-7a4cc889cb7c,6E:D7:6E:0E:7D:E0,,-80,1761358786300
31199,1761359385372.0,0adab909-eb8f-4baf-9eed-7a4cc889cb7c,FF:10:10:AE:A7:64,Sunset lights,-69,1761359385366
31200,1761359385538.0,0adab909-eb8f-4baf-9eed-7a4cc889cb7c,4F:0B:E3:59:A1:C2,,-87,1761359385366
31201,1761359385871.0,0adab909-eb8f-4baf-9eed-7a4cc889cb7c,60:74:F4:75:21:D5,ihoment_H601B_21D5,-80,1761359385366
31202,1761359386188.0,0adab909-eb8f-4baf-9eed-7a4cc889cb7c,60:74:F4:73:96:CD,ihoment_H601B_96CD,-69,1761359385366
31203,1761359386201.0,0adab909-eb8f-4baf-9eed-7a4cc889cb7c,78:01:5F:45:48:D0,,-71,1761359385366
31204,1761359386848.0,0adab909-eb8f-4baf-9eed-7a4cc889cb7c,6E:D7:6E:0E:7D:E0,,-79,1761359385366
31205,1761359986351.0,0adab909-eb8f-4baf-9eed-7a4cc889cb7c,FF:10:10:AE:A7:64,Sunset lights,-66,1761359986348
31206,1761359986370.0,0adab909-eb8f-4baf-9eed-7a4cc889cb7c,78:01:5F:45:48:D0,,-71,1761359986348
31207,1761359986525.0,0adab909-eb8f-4baf-9eed-7a4cc889cb7c,60:74:F4:73:96:CD,ihoment_H601B_96CD,-63,1761359986348
31208,1761359989397.0,0adab909-eb8f-4baf-9eed-7a4cc889cb7c,60:74:F4:75:21:D5,ihoment_H601B_21D5,-78,1761359986348
31209,1761359989787.0,0adab909-eb8f-4baf-9eed-7a4cc889cb7c,4F:0B:E3:59:A1:C2,,-83,1761359986348
31210,1761360586868.0,0adab909-eb8f-4baf-9eed-7a4cc889cb7c,60:74:F4:73:96:CD,ihoment_H601B_96CD,-66,1761360586594
31211,1761360586885.0,0adab909-eb8f-4baf-9eed-7a4cc889cb7c,FF:10:10:AE:A7:64,Sunset lights,-68,1761360586594
31212,1761360587507.0,0adab909-eb8f-4baf-9eed-7a4cc889cb7c,68:51:B5:27:83:1A,,-83,1761360586594
31213,1761360587523.0,0adab909-eb8f-4baf-9eed-7a4cc889cb7c,41:8F:82:6B:DC:DB,,-86,1761360586594
31214,1761360587795.0,0adab909-eb8f-4baf-9eed-7a4cc889cb7c,60:74:F4:75:21:D5,ihoment_H601B_21D5,-79,1761360586594
31215,1761360587815.0,0adab909-eb8f-4baf-9eed-7a4cc889cb7c,46:6A:3D:D3:AD:ED,,-74,1761360586594
31216,1761360590056.0,0adab909-eb8f-4baf-9eed-7a4cc889cb7c,59:28:05:77:E1:BD,,-81,1761360586594
31217,1761361117521.0,0adab909-eb8f-4baf-9eed-7a4cc889cb7c,60:74:F4:73:96:CD,ihoment_H601B_96CD,-68,1761361117101
31218,1761361117536.0,0adab909-eb8f-4baf-9eed-7a4cc889cb7c,FF:10:10:AE:A7:64,Sunset lights,-67,1761361117101
31219,1761361117552.0,0adab909-eb8f-4baf-9eed-7a4cc889cb7c,46:6A:3D:D3:AD:ED,,-71,1761361117101
31220,1761361118209.0,0adab909-eb8f-4baf-9eed-7a4cc889cb7c,49:4E:73:D0:39:F8,,-88,1761361117101
31221,1761361118446.0,0adab909-eb8f-4baf-9eed-7a4cc889cb7c,60:74:F4:75:21:D5,ihoment_H601B_21D5,-82,1761361117101
31222,1761361118840.0,0adab909-eb8f-4baf-9eed-7a4cc889cb7c,41:8F:82:6B:DC:DB,,-82,1761361117101
31223,1761361718528.0,0adab909-eb8f-4baf-9eed-7a4cc889cb7c,FF:10:10:AE:A7:64,Sunset lights,-71,1761361718089
31224,1761361718884.0,0adab909-eb8f-4baf-9eed-7a4cc889cb7c,60:74:F4:75:21:D5,ihoment_H601B_21D5,-76,1761361718089
31225,1761361719480.0,0adab909-eb8f-4baf-9eed-7a4cc889cb7c,46:6A:3D:D3:AD:ED,,-70,1761361718089
31226,1761361720785.0,0adab909-eb8f-4baf-9eed-7a4cc889cb7c,60:74:F4:73:96:CD,ihoment_H601B_96CD,-69,1761361718089
31227,1761361727196.0,0adab909-eb8f-4baf-9eed-7a4cc889cb7c,67:22:39:A7:48:DA,,-92,1761361718089
31228,1761362318318.0,0adab909-eb8f-4baf-9eed-7a4cc889cb7c,FF:10:10:AE:A7:64,Sunset lights,-68,1761362318316
31229,1761362318462.0,0adab909-eb8f-4baf-9eed-7a4cc889cb7c,60:74:F4:73:96:CD,ihoment_H601B_96CD,-66,1761362318316
31230,1761362320454.0,0adab909-eb8f-4baf-9eed-7a4cc889cb7c,60:74:F4:75:21:D5,ihoment_H601B_21D5,-84,1761362318316
31231,1761362320800.0,0adab909-eb8f-4baf-9eed-7a4cc889cb7c,67:17:87:F7:75:D2,,-72,1761362318316
31232,1761362324611.0,0adab909-eb8f-4baf-9eed-7a4cc889cb7c,4D:1F:9A:31:11:C9,,-79,1761362318316
31233,1761362326253.0,0adab909-eb8f-4baf-9eed-7a4cc889cb7c,67:22:39:A7:48:DA,,-89,1761362318316
31234,1761362978512.0,0adab909-eb8f-4baf-9eed-7a4cc889cb7c,FF:10:10:AE:A7:64,Sunset lights,-70,1761362978336
31235,1761362978528.0,0adab909-eb8f-4baf-9eed-7a4cc889cb7c,60:74:F4:75:21:D5,ihoment_H601B_21D5,-81,1761362978336
31236,1761362978538.0,0adab909-eb8f-4baf-9eed-7a4cc889cb7c,60:74:F4:73:96:CD,ihoment_H601B_96CD,-66,1761362978336
31237,1761362979819.0,0adab909-eb8f-4baf-9eed-7a4cc889cb7c,67:22:39:A7:48:DA,,-80,1761362978336
31238,1761362982038.0,0adab909-eb8f-4baf-9eed-7a4cc889cb7c,67:17:87:F7:75:D2,,-72,1761362978336
31239,1761363578311.0,0adab909-eb8f-4baf-9eed-7a4cc889cb7c,60:74:F4:75:21:D5,ihoment_H601B_21D5,-69,1761363578309
31240,1761363578875.0,0adab909-eb8f-4baf-9eed-7a4cc889cb7c,60:74:F4:73:96:CD,ihoment_H601B_96CD,-70,1761363578309
31241,1761363579144.0,0adab909-eb8f-4baf-9eed-7a4cc889cb7c,FF:10:10:AE:A7:64,Sunset lights,-68,1761363578309
31242,1761363582104.0,0adab909-eb8f-4baf-9eed-7a4cc889cb7c,4D:08:88:32:55:64,,-71,1761363578309
31243,1761363584296.0,0adab909-eb8f-4baf-9eed-7a4cc889cb7c,51:0E:F3:B0:4C:FB,,-88,1761363578309
31244,1761364177161.0,0adab909-eb8f-4baf-9eed-7a4cc889cb7c,60:74:F4:75:21:D5,ihoment_H601B_21D5,-70,1761364177158
31245,1761364177429.0,0adab909-eb8f-4baf-9eed-7a4cc889cb7c,FF:10:10:AE:A7:64,Sunset lights,-69,1761364177158
31246,1761364177679.0,0adab909-eb8f-4baf-9eed-7a4cc889cb7c,60:74:F4:73:96:CD,ihoment_H601B_96CD,-68,1761364177158
31247,1761364177715.0,0adab909-eb8f-4baf-9eed-7a4cc889cb7c,4D:08:88:32:55:64,,-73,1761364177158
31248,1761364182170.0,0adab909-eb8f-4baf-9eed-7a4cc889cb7c,51:0E:F3:B0:4C:FB,,-85,1761364177158
31249,1761364710141.0,0adab909-eb8f-4baf-9eed-7a4cc889cb7c,FF:10:10:AE:A7:64,Sunset lights,-68,1761364710059
31250,1761364710155.0,0adab909-eb8f-4baf-9eed-7a4cc889cb7c,4D:08:88:32:55:64,,-71,1761364710059
31251,1761364713395.0,0adab909-eb8f-4baf-9eed-7a4cc889cb7c,7A:3A:8D:1B:6A:CD,,-83,1761364710059
31252,1761364713410.0,0adab909-eb8f-4baf-9eed-7a4cc889cb7c,7B:AF:17:1E:A6:1D,,-69,1761364710059
31253,1761365310480.0,0adab909-eb8f-4baf-9eed-7a4cc889cb7c,FF:10:10:AE:A7:64,Sunset lights,-71,1761365310055
31254,1761365311452.0,0adab909-eb8f-4baf-9eed-7a4cc889cb7c,72:B6:72:CF:93:52,,-69,1761365310055
31255,1761365312741.0,0adab909-eb8f-4baf-9eed-7a4cc889cb7c,7A:3A:8D:1B:6A:CD,,-80,1761365310055
31256,1761365910084.0,0adab909-eb8f-4baf-9eed-7a4cc889cb7c,FF:10:10:AE:A7:64,Sunset lights,-68,1761365910063
31257,1761365910111.0,0adab909-eb8f-4baf-9eed-7a4cc889cb7c,72:B6:72:CF:93:52,,-71,1761365910063
31258,1761365911786.0,0adab909-eb8f-4baf-9eed-7a4cc889cb7c,7A:3A:8D:1B:6A:CD,,-84,1761365910063
31259,1761365912727.0,0adab909-eb8f-4baf-9eed-7a4cc889cb7c,79:3D:27:7B:1E:9A,,-75,1761365910063
31260,1761366510360.0,0adab909-eb8f-4baf-9eed-7a4cc889cb7c,FF:10:10:AE:A7:64,Sunset lights,-67,1761366510357
31261,1761366510654.0,0adab909-eb8f-4baf-9eed-7a4cc889cb7c,60:F4:FA:33:2E:EC,,-70,1761366510357
31262,1761366511146.0,0adab909-eb8f-4baf-9eed-7a4cc889cb7c,6B:7E:57:CC:CC:05,,-76,1761366510357
31263,1761366516548.0,0adab909-eb8f-4baf-9eed-7a4cc889cb7c,46:BC:D4:73:FA:ED,,-81,1761366510357
31264,1761367342122.0,0adab909-eb8f-4baf-9eed-7a4cc889cb7c,FF:10:10:AE:A7:64,Sunset lights,-69,1761367342050
31265,1761367342799.0,0adab909-eb8f-4baf-9eed-7a4cc889cb7c,60:F4:FA:33:2E:EC,,-73,1761367342050
31266,1761367343785.0,0adab909-eb8f-4baf-9eed-7a4cc889cb7c,46:BC:D4:73:FA:ED,,-83,1761367342050
31267,1761367344702.0,0adab909-eb8f-4baf-9eed-7a4cc889cb7c,6B:7E:57:CC:CC:05,,-76,1761367342050
31268,1761367942457.0,0adab909-eb8f-4baf-9eed-7a4cc889cb7c,FF:10:10:AE:A7:64,Sunset lights,-69,1761367942032
31269,1761367943479.0,0adab909-eb8f-4baf-9eed-7a4cc889cb7c,72:7A:9C:B4:4A:4C,,-89,1761367942032
31270,1761367943713.0,0adab909-eb8f-4baf-9eed-7a4cc889cb7c,57:68:C4:F6:B3:2E,,-75,1761367942032
31271,1761367948572.0,0adab909-eb8f-4baf-9eed-7a4cc889cb7c,4C:CC:42:80:75:B1,,-77,1761367942032
31272,1761368633172.0,0adab909-eb8f-4baf-9eed-7a4cc889cb7c,FF:10:10:AE:A7:64,Sunset lights,-72,1761368633074
31273,1761368633526.0,0adab909-eb8f-4baf-9eed-7a4cc889cb7c,57:68:C4:F6:B3:2E,,-75,1761368633074
31274,1761368633782.0,0adab909-eb8f-4baf-9eed-7a4cc889cb7c,72:7A:9C:B4:4A:4C,,-90,1761368633074
31275,1761368637057.0,0adab909-eb8f-4baf-9eed-7a4cc889cb7c,6E:96:7A:2C:66:6B,,-83,1761368633074
31276,1761368933070.0,0adab909-eb8f-4baf-9eed-7a4cc889cb7c,FF:10:10:AE:A7:64,Sunset lights,-68,1761368933027
31277,1761368933492.0,0adab909-eb8f-4baf-9eed-7a4cc889cb7c,57:68:C4:F6:B3:2E,,-70,1761368933027
31278,1761368939537.0,0adab909-eb8f-4baf-9eed-7a4cc889cb7c,7E:9D:15:A1:E1:5E,,-83,1761368933027
31279,1761368939846.0,0adab909-eb8f-4baf-9eed-7a4cc889cb7c,6E:96:7A:2C:66:6B,,-79,1761368933027
31280,1761369533123.0,0adab909-eb8f-4baf-9eed-7a4cc889cb7c,FF:10:10:AE:A7:64,Sunset lights,-68,1761369533081
31281,1761369533482.0,0adab909-eb8f-4baf-9eed-7a4cc889cb7c,7E:9D:15:A1:E1:5E,,-85,1761369533081
31282,1761369534123.0,0adab909-eb8f-4baf-9eed-7a4cc889cb7c,65:35:09:A7:27:FF,,-71,1761369533081
31283,1761369537352.0,0adab909-eb8f-4baf-9eed-7a4cc889cb7c,6E:96:7A:2C:66:6B,,-70,1761369533081
31284,1761370134184.0,0adab909-eb8f-4baf-9eed-7a4cc889cb7c,FF:10:10:AE:A7:64,Sunset lights,-72,1761370134079
31285,1761370135169.0,0adab909-eb8f-4baf-9eed-7a4cc889cb7c,65:35:09:A7:27:FF,,-76,1761370134079
31286,1761370136720.0,0adab909-eb8f-4baf-9eed-7a4cc889cb7c,7E:9D:15:A1:E1:5E,,-83,1761370134079
31287,1761370141564.0,0adab909-eb8f-4baf-9eed-7a4cc889cb7c,71:78:70:B2:5A:AE,,-75,1761370134079
31288,1761370793397.0,0adab909-eb8f-4baf-9eed-7a4cc889cb7c,FF:10:10:AE:A7:64,Sunset lights,-72,1761370793061
31289,1761370794060.0,0adab909-eb8f-4baf-9eed-7a4cc889cb7c,5B:AE:0F:88:7E:AF,,-93,1761370793061
31290,1761370794418.0,0adab909-eb8f-4baf-9eed-7a4cc889cb7c,71:DA:24:F1:9E:E9,,-69,1761370793061
31291,1761370795703.0,0adab909-eb8f-4baf-9eed-7a4cc889cb7c,4C:2A:2C:49:C6:74,,-83,1761370793061
31292,1761370797947.0,0adab909-eb8f-4baf-9eed-7a4cc889cb7c,71:78:70:B2:5A:AE,,-77,1761370793061
31293,1761371394273.0,0adab909-eb8f-4baf-9eed-7a4cc889cb7c,FF:10:10:AE:A7:64,Sunset lights,-71,1761371394268
31294,1761371394301.0,0adab909-eb8f-4baf-9eed-7a4cc889cb7c,78:D8:3E:FD:94:47,,-92,1761371394268
31295,1761371394477.0,0adab909-eb8f-4baf-9eed-7a4cc889cb7c,71:DA:24:F1:9E:E9,,-73,1761371394268
31296,1761371396459.0,0adab909-eb8f-4baf-9eed-7a4cc889cb7c,4A:15:63:B1:E6:44,,-94,1761371394268
31297,1761371401514.0,0adab909-eb8f-4baf-9eed-7a4cc889cb7c,4D:56:31:45:3F:00,,-71,1761371394268
31298,1761371994264.0,0adab909-eb8f-4baf-9eed-7a4cc889cb7c,FF:10:10:AE:A7:64,Sunset lights,-67,1761371994261
31299,1761371994783.0,0adab909-eb8f-4baf-9eed-7a4cc889cb7c,71:DA:24:F1:9E:E9,,-73,1761371994261
31300,1761371995077.0,0adab909-eb8f-4baf-9eed-7a4cc889cb7c,4D:56:31:45:3F:00,,-74,1761371994261
31301,1761371997362.0,0adab909-eb8f-4baf-9eed-7a4cc889cb7c,7F:8E:AC:77:1A:10,,-89,1761371994261
31302,1761372001842.0,0adab909-eb8f-4baf-9eed-7a4cc889cb7c,76:82:DF:02:35:CE,,-88,1761371994261
31303,1761372610452.0,0adab909-eb8f-4baf-9eed-7a4cc889cb7c,FF:10:10:AE:A7:64,Sunset lights,-70,1761372610254
31304,1761372610715.0,0adab909-eb8f-4baf-9eed-7a4cc889cb7c,7F:8E:AC:77:1A:10,,-82,1761372610254
31305,1761372611713.0,0adab909-eb8f-4baf-9eed-7a4cc889cb7c,45:9E:12:DE:23:5B,,-82,1761372610254
31306,1761372612687.0,0adab909-eb8f-4baf-9eed-7a4cc889cb7c,41:8B:82:16:1D:0D,,-77,1761372610254
31307,1761372616183.0,0adab909-eb8f-4baf-9eed-7a4cc889cb7c,65:21:D3:F2:E4:BA,,-86,1761372610254
31308,1761372619120.0,0adab909-eb8f-4baf-9eed-7a4cc889cb7c,76:82:DF:02:35:CE,,-88,1761372610254
31309,1761373210252.0,0adab909-eb8f-4baf-9eed-7a4cc889cb7c,FF:10:10:AE:A7:64,Sunset lights,-73,1761373210249
31310,1761373210480.0,0adab909-eb8f-4baf-9eed-7a4cc889cb7c,48:E9:30:95:29:0F,,-76,1761373210249
31311,1761373210797.0,0adab909-eb8f-4baf-9eed-7a4cc889cb7c,41:8B:82:16:1D:0D,,-78,1761373210249
31312,1761373211415.0,0adab909-eb8f-4baf-9eed-7a4cc889cb7c,7F:8E:AC:77:1A:10,,-88,1761373210249
31313,1761373211704.0,0adab909-eb8f-4baf-9eed-7a4cc889cb7c,56:2B:AF:2D:81:E9,,-88,1761373210249
31314,1761373213007.0,0adab909-eb8f-4baf-9eed-7a4cc889cb7c,70:D2:50:E3:56:20,,-88,1761373210249
31315,1761373220123.0,0adab909-eb8f-4baf-9eed-7a4cc889cb7c,4D:BD:59:A0:97:F7,,-82,1761373210249
31316,1761373808738.0,0adab909-eb8f-4baf-9eed-7a4cc889cb7c,FF:10:10:AE:A7:64,Sunset lights,-72,1761373808646
31317,1761373808762.0,0adab909-eb8f-4baf-9eed-7a4cc889cb7c,52:80:84:0B:91:20,,-75,1761373808646
31318,1761373809379.0,0adab909-eb8f-4baf-9eed-7a4cc889cb7c,4A:DD:7C:E1:30:D1,,-81,1761373808646
31319,1761373809402.0,0adab909-eb8f-4baf-9eed-7a4cc889cb7c,69:24:DC:EF:83:BC,,-81,1761373808646
31320,1761373811926.0,0adab909-eb8f-4baf-9eed-7a4cc889cb7c,48:E9:30:95:29:0F,,-81,1761373808646
31321,1761374539248.0,0adab909-eb8f-4baf-9eed-7a4cc889cb7c,69:24:DC:EF:83:BC,,-84,1761374539245
31322,1761374539259.0,0adab909-eb8f-4baf-9eed-7a4cc889cb7c,FF:10:10:AE:A7:64,Sunset lights,-68,1761374539245
31323,1761374539269.0,0adab909-eb8f-4baf-9eed-7a4cc889cb7c,41:11:AD:C7:BC:C5,,-73,1761374539245
31324,1761374539796.0,0adab909-eb8f-4baf-9eed-7a4cc889cb7c,53:1C:D8:20:CF:E1,,-79,1761374539245
31325,1761374540421.0,0adab909-eb8f-4baf-9eed-7a4cc889cb7c,72:BE:1D:BA:69:69,,-78,1761374539245
31326,1761374540729.0,0adab909-eb8f-4baf-9eed-7a4cc889cb7c,4D:78:F5:21:F6:24,,-74,1761374539245
31327,1761375139348.0,0adab909-eb8f-4baf-9eed-7a4cc889cb7c,70:94:35:79:10:FE,,-85,1761375139341
31328,1761375139474.0,0adab909-eb8f-4baf-9eed-7a4cc889cb7c,4B:1C:04:91:84:71,,-87,1761375139341
31329,1761375139804.0,0adab909-eb8f-4baf-9eed-7a4cc889cb7c,72:BE:1D:BA:69:69,,-85,1761375139341
31330,1761375140083.0,0adab909-eb8f-4baf-9eed-7a4cc889cb7c,4D:78:F5:21:F6:24,,-87,1761375139341
31331,1761375140105.0,0adab909-eb8f-4baf-9eed-7a4cc889cb7c,FF:10:10:AE:A7:64,Sunset lights,-76,1761375139341
31332,1761375141674.0,0adab909-eb8f-4baf-9eed-7a4cc889cb7c,4B:38:76:7A:81:25,,-77,1761375139341
31333,1761375141690.0,0adab909-eb8f-4baf-9eed-7a4cc889cb7c,71:41:CF:C1:25:63,,-88,1761375139341
31334,1761375145843.0,0adab909-eb8f-4baf-9eed-7a4cc889cb7c,26:BC:69:A2:F8:8C,,-91,1761375139341
31335,1761375660978.0,0adab909-eb8f-4baf-9eed-7a4cc889cb7c,70:94:35:79:10:FE,,-81,1761375660975
31336,1761375661337.0,0adab909-eb8f-4baf-9eed-7a4cc889cb7c,6D:00:59:B8:C6:29,,-75,1761375660975
31337,1761375661357.0,0adab909-eb8f-4baf-9eed-7a4cc889cb7c,FF:10:10:AE:A7:64,Sunset lights,-69,1761375660975
31338,1761375661687.0,0adab909-eb8f-4baf-9eed-7a4cc889cb7c,50:17:EF:67:E3:0B,,-81,1761375660975
31339,1761375662359.0,0adab909-eb8f-4baf-9eed-7a4cc889cb7c,5B:F7:E3:AB:6F:DA,,-72,1761375660975
31340,1761376205977.0,0adab909-eb8f-4baf-9eed-7a4cc889cb7c,60:74:F4:73:99:E7,ihoment_H601B_99E7,-87,1761376205961
31341,1761376205999.0,0adab909-eb8f-4baf-9eed-7a4cc889cb7c,67:49:55:72:E5:7A,,-81,1761376205961
31342,1761376206013.0,0adab909-eb8f-4baf-9eed-7a4cc889cb7c,60:74:F4:72:90:3F,ihoment_H601B_903F,-73,1761376205961
31343,1761376206034.0,0adab909-eb8f-4baf-9eed-7a4cc889cb7c,FF:10:10:AE:A7:64,Sunset lights,-71,1761376205961
31344,1761376206368.0,0adab909-eb8f-4baf-9eed-7a4cc889cb7c,6D:AA:B7:29:F9:B8,,-86,1761376205961
31345,1761376206635.0,0adab909-eb8f-4baf-9eed-7a4cc889cb7c,50:17:EF:67:E3:0B,,-81,1761376205961
31346,1761376208239.0,0adab909-eb8f-4baf-9eed-7a4cc889cb7c,49:6C:05:2B:F7:9B,,-90,1761376205961
31347,1761376208963.0,0adab909-eb8f-4baf-9eed-7a4cc889cb7c,5E:A0:16:E0:FF:CB,,-84,1761376205961
31348,1761376215334.0,0adab909-eb8f-4baf-9eed-7a4cc889cb7c,E8:EE:CC:91:38:AE,,-90,1761376205961
31349,1761376806042.0,0adab909-eb8f-4baf-9eed-7a4cc889cb7c,60:74:F4:72:90:3F,ihoment_H601B_903F,-77,1761376805971
31350,1761376806094.0,0adab909-eb8f-4baf-9eed-7a4cc889cb7c,67:49:55:72:E5:7A,,-76,1761376805971
31351,1761376806690.0,0adab909-eb8f-4baf-9eed-7a4cc889cb7c,52:C9:E6:36:53:98,,-89,1761376805971
31352,1761376806710.0,0adab909-eb8f-4baf-9eed-7a4cc889cb7c,04:99:4F:1F:32:2E,,-89,1761376805971
31353,1761376807025.0,0adab909-eb8f-4baf-9eed-7a4cc889cb7c,FF:10:10:AE:A7:64,Sunset lights,-72,1761376805971
31354,1761376807054.0,0adab909-eb8f-4baf-9eed-7a4cc889cb7c,50:17:EF:67:E3:0B,,-87,1761376805971
31355,1761376807664.0,0adab909-eb8f-4baf-9eed-7a4cc889cb7c,60:74:F4:73:99:E7,ihoment_H601B_99E7,-84,1761376805971
31356,1761376809293.0,0adab909-eb8f-4baf-9eed-7a4cc889cb7c,5E:A0:16:E0:FF:CB,,-78,1761376805971
31357,1761376813813.0,0adab909-eb8f-4baf-9eed-7a4cc889cb7c,68:24:0D:E7:01:13,,-88,1761376805971
31358,1761377406221.0,0adab909-eb8f-4baf-9eed-7a4cc889cb7c,4D:4D:AA:B4:F3:24,,-77,1761377406217
31359,1761377406238.0,0adab909-eb8f-4baf-9eed-7a4cc889cb7c,FF:10:10:AE:A7:64,Sunset lights,-68,1761377406217
31360,1761377406736.0,0adab909-eb8f-4baf-9eed-7a4cc889cb7c,60:74:F4:72:90:3F,ihoment_H601B_903F,-76,1761377406217
31361,1761377407382.0,0adab909-eb8f-4baf-9eed-7a4cc889cb7c,5D:AB:10:06:E2:0F,,-82,1761377406217
31362,1761377407728.0,0adab909-eb8f-4baf-9eed-7a4cc889cb7c,60:74:F4:73:99:E7,ihoment_H601B_99E7,-82,1761377406217
31363,1761377409331.0,0adab909-eb8f-4baf-9eed-7a4cc889cb7c,77:27:68:E9:19:6B,,-83,1761377406217
31364,1761378006791.0,0adab909-eb8f-4baf-9eed-7a4cc889cb7c,FF:10:10:AE:A7:64,Sunset lights,-70,1761378006510
31365,1761378006806.0,0adab909-eb8f-4baf-9eed-7a4cc889cb7c,77:27:68:E9:19:6B,,-79,1761378006510
31366,1761378007089.0,0adab909-eb8f-4baf-9eed-7a4cc889cb7c,4D:4D:AA:B4:F3:24,,-75,1761378006510
31367,1761378014711.0,0adab909-eb8f-4baf-9eed-7a4cc889cb7c,4D:B9:35:8E:22:09,,-75,1761378006510
31368,1761378016995.0,0adab909-eb8f-4baf-9eed-7a4cc889cb7c,72:2A:07:FB:E9:B2,,-77,1761378006510
31369,1761378537986.0,0adab909-eb8f-4baf-9eed-7a4cc889cb7c,FF:10:10:AE:A7:64,Sunset lights,-69,1761378537952
31370,1761378538004.0,0adab909-eb8f-4baf-9eed-7a4cc889cb7c,4E:67:57:AD:97:5D,,-75,1761378537952
31371,1761378538023.0,0adab909-eb8f-4baf-9eed-7a4cc889cb7c,41:5C:39:C8:73:2E,,-82,1761378537952
31372,1761378538422.0,0adab909-eb8f-4baf-9eed-7a4cc889cb7c,3D:57:39:9D:F0:29,,-85,1761378537952
31373,1761378539052.0,0adab909-eb8f-4baf-9eed-7a4cc889cb7c,4D:B9:35:8E:22:09,,-74,1761378537952
31374,1761378545425.0,0adab909-eb8f-4baf-9eed-7a4cc889cb7c,50:A0:EB:AB:2A:CA,,-82,1761378537952
31375,1761379137985.0,0adab909-eb8f-4baf-9eed-7a4cc889cb7c,3D:57:39:9D:F0:29,,-75,1761379137935
31376,1761379138339.0,0adab909-eb8f-4baf-9eed-7a4cc889cb7c,47:20:24:F4:C9:48,,-83,1761379137935
31377,1761379138353.0,0adab909-eb8f-4baf-9eed-7a4cc889cb7c,FF:10:10:AE:A7:64,Sunset lights,-71,1761379137935
31378,1761379138384.0,0adab909-eb8f-4baf-9eed-7a4cc889cb7c,68:31:9C:72:AB:3F,,-85,1761379137935
31379,1761379138511.0,0adab909-eb8f-4baf-9eed-7a4cc889cb7c,0E:0D:46:00:00:B8,Car BT,-94,1761379137935
31380,1761379138983.0,0adab909-eb8f-4baf-9eed-7a4cc889cb7c,4E:67:57:AD:97:5D,,-75,1761379137935
31381,1761379138999.0,0adab909-eb8f-4baf-9eed-7a4cc889cb7c,41:5C:39:C8:73:2E,,-82,1761379137935
31382,1761379139321.0,0adab909-eb8f-4baf-9eed-7a4cc889cb7c,7D:5C:D6:61:70:7E,,-70,1761379137935
31383,1761379146065.0,0adab909-eb8f-4baf-9eed-7a4cc889cb7c,40:3C:C8:91:36:46,,-85,1761379137935
31384,1761379738368.0,0adab909-eb8f-4baf-9eed-7a4cc889cb7c,FF:10:10:AE:A7:64,Sunset lights,-71,1761379737922
31385,1761379739577.0,0adab909-eb8f-4baf-9eed-7a4cc889cb7c,42:1F:23:04:21:2A,,-82,1761379737922
31386,1761379741876.0,0adab909-eb8f-4baf-9eed-7a4cc889cb7c,6F:81:7A:8B:D1:5E,,-81,1761379737922
31387,1761379744080.0,0adab909-eb8f-4baf-9eed-7a4cc889cb7c,6D:B1:65:B7:F0:4A,,-85,1761379737922
31388,1761379747370.0,0adab909-eb8f-4baf-9eed-7a4cc889cb7c,4E:86:12:C7:59:B3,,-77,1761379737922
31389,1761380736523.0,0adab909-eb8f-4baf-9eed-7a4cc889cb7c,7E:E1:34:0E:E1:5A,,-83,1761380736466
31390,1761380736562.0,0adab909-eb8f-4baf-9eed-7a4cc889cb7c,4C:96:8A:ED:6A:01,SPEN NA,-65,1761380736466
31391,1761380736871.0,0adab909-eb8f-4baf-9eed-7a4cc889cb7c,4C:96:8A:ED:6A:01,SPEN NA,127,1761380736466
31392,1761380737178.0,0adab909-eb8f-4baf-9eed-7a4cc889cb7c,7E:E9:E8:CE:5A:04,,-79,1761380736466
31393,1761380737198.0,0adab909-eb8f-4baf-9eed-7a4cc889cb7c,6F:81:7A:8B:D1:5E,,-90,1761380736466
31394,1761380737219.0,0adab909-eb8f-4baf-9eed-7a4cc889cb7c,4C:96:8A:ED:6A:01,SPEN NA,-65,1761380736466
31395,1761380737487.0,0adab909-eb8f-4baf-9eed-7a4cc889cb7c,4C:96:8A:ED:6A:01,SPEN NA,-61,1761380736466
31396,1761380737804.0,0adab909-eb8f-4baf-9eed-7a4cc889cb7c,FF:10:10:AE:A7:64,Sunset lights,-73,1761380736466
31397,1761380737834.0,0adab909-eb8f-4baf-9eed-7a4cc889cb7c,4C:96:8A:ED:6A:01,SPEN NA,-63,1761380736466
31398,1761380738119.0,0adab909-eb8f-4baf-9eed-7a4cc889cb7c,4C:96:8A:ED:6A:01,SPEN NA,-62,1761380736466
31399,1761380738434.0,0adab909-eb8f-4baf-9eed-7a4cc889cb7c,4C:96:8A:ED:6A:01,SPEN NA,-60,1761380736466
31400,1761380738748.0,0adab909-eb8f-4baf-9eed-7a4cc889cb7c,4C:96:8A:ED:6A:01,SPEN NA,-64,1761380736466
31401,1761380739079.0,0adab909-eb8f-4baf-9eed-7a4cc889cb7c,4C:96:8A:ED:6A:01,SPEN NA,-62,1761380736466
31402,1761380739381.0,0adab909-eb8f-4baf-9eed-7a4cc889cb7c,4C:96:8A:ED:6A:01,SPEN NA,-61,1761380736466
31403,1761380740016.0,0adab909-eb8f-4baf-9eed-7a4cc889cb7c,4A:A2:C3:C4:88:D7,,-91,1761380736466
31404,1761380740055.0,0adab909-eb8f-4baf-9eed-7a4cc889cb7c,4C:96:8A:ED:6A:01,SPEN NA,-63,1761380736466
31405,1761380740328.0,0adab909-eb8f-4baf-9eed-7a4cc889cb7c,05:C5:4F:1B:4B:12,,-84,1761380736466
31406,1761380740360.0,0adab909-eb8f-4baf-9eed-7a4cc889cb7c,73:30:36:4D:5E:6C,,-84,1761380736466
31407,1761380740981.0,0adab909-eb8f-4baf-9eed-7a4cc889cb7c,4C:96:8A:ED:6A:01,SPEN NA,-68,1761380736466
31408,1761380741301.0,0adab909-eb8f-4baf-9eed-7a4cc889cb7c,4C:96:8A:ED:6A:01,SPEN NA,-66,1761380736466
31409,1761380741586.0,0adab909-eb8f-4baf-9eed-7a4cc889cb7c,4C:96:8A:ED:6A:01,SPEN NA,-65,1761380736466
31410,1761380741915.0,0adab909-eb8f-4baf-9eed-7a4cc889cb7c,88:BD:78:4C:AD:52,,-100,1761380736466
31411,1761380741992.0,0adab909-eb8f-4baf-9eed-7a4cc889cb7c,4C:96:8A:ED:6A:01,SPEN NA,-66,1761380736466
31412,1761380742283.0,0adab909-eb8f-4baf-9eed-7a4cc889cb7c,54:29:C5:16:AD:16,,-76,1761380736466
31413,1761380742634.0,0adab909-eb8f-4baf-9eed-7a4cc889cb7c,4C:96:8A:ED:6A:01,SPEN NA,-66,1761380736466
31414,1761380743890.0,0adab909-eb8f-4baf-9eed-7a4cc889cb7c,4C:96:8A:ED:6A:01,SPEN NA,-64,1761380736466
31415,1761380744202.0,0adab909-eb8f-4baf-9eed-7a4cc889cb7c,4C:96:8A:ED:6A:01,SPEN NA,-66,1761380736466
31416,1761380744836.0,0adab909-eb8f-4baf-9eed-7a4cc889cb7c,4C:96:8A:ED:6A:01,SPEN NA,-66,1761380736466
31417,1761380745145.0,0adab909-eb8f-4baf-9eed-7a4cc889cb7c,4C:96:8A:ED:6A:01,SPEN NA,-66,1761380736466
31418,1761380745485.0,0adab909-eb8f-4baf-9eed-7a4cc889cb7c,4C:96:8A:ED:6A:01,SPEN NA,-62,1761380736466
31419,1761380745796.0,0adab909-eb8f-4baf-9eed-7a4cc889cb7c,4C:96:8A:ED:6A:01,SPEN NA,-62,1761380736466
31420,1761380746098.0,0adab909-eb8f-4baf-9eed-7a4cc889cb7c,4C:96:8A:ED:6A:01,SPEN NA,-65,1761380736466
31421,1761380746494.0,0adab909-eb8f-4baf-9eed-7a4cc889cb7c,44:13:FA:19:3D:AC,,-90,1761380736466
31422,1761380746746.0,0adab909-eb8f-4baf-9eed-7a4cc889cb7c,4C:96:8A:ED:6A:01,SPEN NA,-61,1761380736466
31423,1761380747697.0,0adab909-eb8f-4baf-9eed-7a4cc889cb7c,4C:96:8A:ED:6A:01,SPEN NA,-63,1761380736466
31424,1761380748735.0,0adab909-eb8f-4baf-9eed-7a4cc889cb7c,4C:96:8A:ED:6A:01,SPEN NA,-63,1761380736466
31425,1761380748966.0,0adab909-eb8f-4baf-9eed-7a4cc889cb7c,58:52:08:90:A4:EC,,-87,1761380736466
31426,1761380755957.0,0adab909-eb8f-4baf-9eed-7a4cc889cb7c,05:C5:4F:1B:4B:12,,-88,1761380736466
31427,1761380755979.0,0adab909-eb8f-4baf-9eed-7a4cc889cb7c,4C:96:8A:ED:6A:01,SPEN NA,-65,1761380736466
31428,1761380756000.0,0adab909-eb8f-4baf-9eed-7a4cc889cb7c,7E:E1:34:0E:E1:5A,,-84,1761380736466
31429,1761380756023.0,0adab909-eb8f-4baf-9eed-7a4cc889cb7c,E4:2C:62:A3:82:BB,,-70,1761380736466
31430,1761380756073.0,0adab909-eb8f-4baf-9eed-7a4cc889cb7c,73:30:36:4D:5E:6C,,-81,1761380736466
31431,1761380756092.0,0adab909-eb8f-4baf-9eed-7a4cc889cb7c,FF:10:10:AE:A7:64,Sunset lights,-73,1761380736466
31432,1761380756112.0,0adab909-eb8f-4baf-9eed-7a4cc889cb7c,58:52:08:90:A4:EC,,-89,1761380736466
31433,1761380757004.0,0adab909-eb8f-4baf-9eed-7a4cc889cb7c,28:F1:32:BE:12:E8,,-91,1761380736466
31434,1761380757043.0,0adab909-eb8f-4baf-9eed-7a4cc889cb7c,7E:E9:E8:CE:5A:04,,-71,1761380736466
31435,1761380758143.0,0adab909-eb8f-4baf-9eed-7a4cc889cb7c,4A:A2:C3:C4:88:D7,,-90,1761380736466
31436,1761380946093.0,0adab909-eb8f-4baf-9eed-7a4cc889cb7c,54:29:C5:16:AD:16,,-85,1761380945996
31437,1761380946694.0,0adab909-eb8f-4baf-9eed-7a4cc889cb7c,4A:A2:C3:C4:88:D7,,-92,1761380945996
31438,1761380947346.0,0adab909-eb8f-4baf-9eed-7a4cc889cb7c,7E:E9:E8:CE:5A:04,,-86,1761380945996
31439,1761380947374.0,0adab909-eb8f-4baf-9eed-7a4cc889cb7c,7E:E1:34:0E:E1:5A,,-78,1761380945996
31440,1761380947394.0,0adab909-eb8f-4baf-9eed-7a4cc889cb7c,58:52:08:90:A4:EC,,-90,1761380945996
31441,1761380948329.0,0adab909-eb8f-4baf-9eed-7a4cc889cb7c,FF:10:10:AE:A7:64,Sunset lights,-70,1761380945996
31442,1761380958828.0,0adab909-eb8f-4baf-9eed-7a4cc889cb7c,28:F1:32:BE:12:E8,,-92,1761380945996
31443,1761380958894.0,0adab909-eb8f-4baf-9eed-7a4cc889cb7c,FF:10:10:AE:A7:64,Sunset lights,-65,1761380945996
31444,1761380958909.0,0adab909-eb8f-4baf-9eed-7a4cc889cb7c,54:29:C5:16:AD:16,,-76,1761380945996
31445,1761380959993.0,0adab909-eb8f-4baf-9eed-7a4cc889cb7c,7E:E9:E8:CE:5A:04,,-77,1761380945996
31446,1761380960841.0,0adab909-eb8f-4baf-9eed-7a4cc889cb7c,7E:E1:34:0E:E1:5A,,-85,1761380945996
31447,1761381636799.0,0adab909-eb8f-4baf-9eed-7a4cc889cb7c,7A:34:F4:F5:D7:D3,,-87,1761381636441
31448,1761381636854.0,0adab909-eb8f-4baf-9eed-7a4cc889cb7c,7E:E9:E8:CE:5A:04,,-86,1761381636441
31449,1761381637089.0,0adab909-eb8f-4baf-9eed-7a4cc889cb7c,FF:10:10:AE:A7:64,Sunset lights,-74,1761381636441
31450,1761381637505.0,0adab909-eb8f-4baf-9eed-7a4cc889cb7c,58:52:08:90:A4:EC,,-90,1761381636441
31451,1761381638747.0,0adab909-eb8f-4baf-9eed-7a4cc889cb7c,40:26:7A:B5:6C:77,,-92,1761381636441
31452,1761381639713.0,0adab909-eb8f-4baf-9eed-7a4cc889cb7c,52:33:84:49:74:F5,,-94,1761381636441
31453,1761381649437.0,0adab909-eb8f-4baf-9eed-7a4cc889cb7c,FF:10:10:AE:A7:64,Sunset lights,-70,1761381636441
31454,1761381649457.0,0adab909-eb8f-4baf-9eed-7a4cc889cb7c,7E:E9:E8:CE:5A:04,,-83,1761381636441
31455,1761381649519.0,0adab909-eb8f-4baf-9eed-7a4cc889cb7c,C8:1A:7F:D4:19:99,,-87,1761381636441
31456,1761381650501.0,0adab909-eb8f-4baf-9eed-7a4cc889cb7c,58:52:08:90:A4:EC,,-93,1761381636441
31457,1761381651551.0,0adab909-eb8f-4baf-9eed-7a4cc889cb7c,D9:DE:89:E6:86:85,,-82,1761381636441
31458,1761382251607.0,0adab909-eb8f-4baf-9eed-7a4cc889cb7c,F4:FE:FB:45:44:C9,[TV] Samsung 7 Series (50),-84,1761382251090
31459,1761382251993.0,0adab909-eb8f-4baf-9eed-7a4cc889cb7c,F4:FE:FB:45:44:C9,[TV] Samsung 7 Series (50),-88,1761382251090
31460,1761382252541.0,0adab909-eb8f-4baf-9eed-7a4cc889cb7c,7E:32:48:88:EF:9D,,-77,1761382251090
31461,1761382252808.0,0adab909-eb8f-4baf-9eed-7a4cc889cb7c,78:4E:F2:1B:38:E8,,-87,1761382251090
31462,1761382259807.0,0adab909-eb8f-4baf-9eed-7a4cc889cb7c,C0:71:BD:EA:F5:4E,Hue Lamp,-81,1761382251090
31463,1761382264001.0,0adab909-eb8f-4baf-9eed-7a4cc889cb7c,C0:71:BD:EA:F5:4E,Hue Lamp,-80,1761382251090
31464,1761382264077.0,0adab909-eb8f-4baf-9eed-7a4cc889cb7c,2C:99:32:14:B2:EE,,-73,1761382251090
31465,1761382264102.0,0adab909-eb8f-4baf-9eed-7a4cc889cb7c,7E:32:48:88:EF:9D,,-74,1761382251090
31466,1761382265125.0,0adab909-eb8f-4baf-9eed-7a4cc889cb7c,78:4E:F2:1B:38:E8,,-72,1761382251090
31467,1761382265151.0,0adab909-eb8f-4baf-9eed-7a4cc889cb7c,F4:FE:FB:45:44:C9,[TV] Samsung 7 Series (50),-78,1761382251090
31468,1761382265173.0,0adab909-eb8f-4baf-9eed-7a4cc889cb7c,C3:F5:7F:8B:F1:7D,Hue Lamp,-80,1761382251090
31469,1761382265264.0,0adab909-eb8f-4baf-9eed-7a4cc889cb7c,D6:EC:B4:55:AC:5C,,-88,1761382251090
31470,1761382698993.0,0adab909-eb8f-4baf-9eed-7a4cc889cb7c,48:4F:38:74:06:31,,-89,1761382698927
31471,1761382699707.0,0adab909-eb8f-4baf-9eed-7a4cc889cb7c,FF:10:10:AE:A7:64,Sunset lights,-68,1761382698927
31472,1761382711867.0,0adab909-eb8f-4baf-9eed-7a4cc889cb7c,48:4F:38:74:06:31,,-88,1761382698927
31473,1761382711966.0,0adab909-eb8f-4baf-9eed-7a4cc889cb7c,59:D1:6B:0C:33:E1,,-88,1761382698927
31474,1761382711996.0,0adab909-eb8f-4baf-9eed-7a4cc889cb7c,FF:10:10:AE:A7:64,Sunset lights,-71,1761382698927
31475,1761383451506.0,0adab909-eb8f-4baf-9eed-7a4cc889cb7c,FF:10:10:AE:A7:64,Sunset lights,-80,1761383451071
31476,1761383451538.0,0adab909-eb8f-4baf-9eed-7a4cc889cb7c,5C:F8:2A:DC:35:36,,-90,1761383451071
31477,1761383452524.0,0adab909-eb8f-4baf-9eed-7a4cc889cb7c,59:D1:6B:0C:33:E1,,-85,1761383451071
31478,1761383453388.0,0adab909-eb8f-4baf-9eed-7a4cc889cb7c,63:5B:DE:48:97:C3,,-84,1761383451071
31479,1761383463990.0,0adab909-eb8f-4baf-9eed-7a4cc889cb7c,FF:10:10:AE:A7:64,Sunset lights,-80,1761383451071
31480,1761384051145.0,0adab909-eb8f-4baf-9eed-7a4cc889cb7c,5C:35:A8:52:AF:E2,,-92,1761384051078
31481,1761384051176.0,0adab909-eb8f-4baf-9eed-7a4cc889cb7c,63:5B:DE:48:97:C3,,-80,1761384051078
31482,1761384051199.0,0adab909-eb8f-4baf-9eed-7a4cc889cb7c,FF:10:10:AE:A7:64,Sunset lights,-76,1761384051078
31483,1761384055686.0,0adab909-eb8f-4baf-9eed-7a4cc889cb7c,74:37:15:37:4C:5F,,-91,1761384051078
31484,1761384554815.0,0adab909-eb8f-4baf-9eed-7a4cc889cb7c,FF:10:10:AE:A7:64,Sunset lights,-71,1761384554764
31485,1761384554862.0,0adab909-eb8f-4baf-9eed-7a4cc889cb7c,63:5B:DE:48:97:C3,,-82,1761384554764
31486,1761384556799.0,0adab909-eb8f-4baf-9eed-7a4cc889cb7c,5C:35:A8:52:AF:E2,,-90,1761384554764
31487,1761384558718.0,0adab909-eb8f-4baf-9eed-7a4cc889cb7c,7B:2D:21:55:AD:DF,,-92,1761384554764
31488,1761384560645.0,0adab909-eb8f-4baf-9eed-7a4cc889cb7c,21:02:D7:A7:E4:24,,-94,1761384554764
31489,1761384565163.0,0adab909-eb8f-4baf-9eed-7a4cc889cb7c,5D:DF:1B:38:DC:C6,,-94,1761384554764
31490,1761384566064.0,0adab909-eb8f-4baf-9eed-7a4cc889cb7c,5D:32:36:8F:E6:12,,-93,1761384554764
31491,1761385252627.0,0adab909-eb8f-4baf-9eed-7a4cc889cb7c,57:A1:CE:E6:5B:FD,,-89,1761385251897
31492,1761385252974.0,0adab909-eb8f-4baf-9eed-7a4cc889cb7c,FF:10:10:AE:A7:64,Sunset lights,-74,1761385251897
31493,1761385255538.0,0adab909-eb8f-4baf-9eed-7a4cc889cb7c,5C:35:A8:52:AF:E2,,-89,1761385251897
31494,1761385981386.0,0adab909-eb8f-4baf-9eed-7a4cc889cb7c,FF:10:10:AE:A7:64,Sunset lights,-75,1761385981329
31495,1761385981445.0,0adab909-eb8f-4baf-9eed-7a4cc889cb7c,4C:96:8A:ED:6A:01,SPEN NA,127,1761385981329
31496,1761385982070.0,0adab909-eb8f-4baf-9eed-7a4cc889cb7c,40:4C:02:5C:D6:12,,-89,1761385981329
31497,1761385982085.0,0adab909-eb8f-4baf-9eed-7a4cc889cb7c,4C:96:8A:ED:6A:01,SPEN NA,127,1761385981329
31498,1761385982412.0,0adab909-eb8f-4baf-9eed-7a4cc889cb7c,57:A1:CE:E6:5B:FD,,-92,1761385981329
31499,1761385982731.0,0adab909-eb8f-4baf-9eed-7a4cc889cb7c,4C:96:8A:ED:6A:01,SPEN NA,-46,1761385981329
31500,1761385982811.0,0adab909-eb8f-4baf-9eed-7a4cc889cb7c,4C:96:8A:ED:6A:01,SPEN NA,127,1761385981329
31501,1761385983054.0,0adab909-eb8f-4baf-9eed-7a4cc889cb7c,4C:96:8A:ED:6A:01,SPEN NA,-54,1761385981329
31502,1761385983677.0,0adab909-eb8f-4baf-9eed-7a4cc889cb7c,4C:96:8A:ED:6A:01,SPEN NA,-45,1761385981329
31503,1761385984309.0,0adab909-eb8f-4baf-9eed-7a4cc889cb7c,4C:96:8A:ED:6A:01,SPEN NA,-45,1761385981329
31504,1761385984323.0,0adab909-eb8f-4baf-9eed-7a4cc889cb7c,51:2F:F4:57:51:11,,-89,1761385981329
31505,1761385984622.0,0adab909-eb8f-4baf-9eed-7a4cc889cb7c,4C:96:8A:ED:6A:01,SPEN NA,-45,1761385981329
31506,1761385984928.0,0adab909-eb8f-4baf-9eed-7a4cc889cb7c,4C:96:8A:ED:6A:01,SPEN NA,-49,1761385981329
31507,1761385985548.0,0adab909-eb8f-4baf-9eed-7a4cc889cb7c,4C:96:8A:ED:6A:01,SPEN NA,-46,1761385981329
31508,1761385986496.0,0adab909-eb8f-4baf-9eed-7a4cc889cb7c,4C:96:8A:ED:6A:01,SPEN NA,-46,1761385981329
31509,1761385987144.0,0adab909-eb8f-4baf-9eed-7a4cc889cb7c,4C:96:8A:ED:6A:01,SPEN NA,-46,1761385981329
31510,1761385987451.0,0adab909-eb8f-4baf-9eed-7a4cc889cb7c,4C:96:8A:ED:6A:01,SPEN NA,-46,1761385981329
31511,1761385988167.0,0adab909-eb8f-4baf-9eed-7a4cc889cb7c,4C:96:8A:ED:6A:01,SPEN NA,-46,1761385981329
31512,1761385988483.0,0adab909-eb8f-4baf-9eed-7a4cc889cb7c,4C:96:8A:ED:6A:01,SPEN NA,-45,1761385981329
31513,1761385988798.0,0adab909-eb8f-4baf-9eed-7a4cc889cb7c,4C:96:8A:ED:6A:01,SPEN NA,-50,1761385981329
31514,1761385989117.0,0adab909-eb8f-4baf-9eed-7a4cc889cb7c,4C:96:8A:ED:6A:01,SPEN NA,-46,1761385981329
31515,1761385989452.0,0adab909-eb8f-4baf-9eed-7a4cc889cb7c,4C:96:8A:ED:6A:01,SPEN NA,-47,1761385981329
31516,1761385990081.0,0adab909-eb8f-4baf-9eed-7a4cc889cb7c,4C:96:8A:ED:6A:01,SPEN NA,-46,1761385981329
31517,1761385990695.0,0adab909-eb8f-4baf-9eed-7a4cc889cb7c,4C:96:8A:ED:6A:01,SPEN NA,-50,1761385981329
31518,1761385991636.0,0adab909-eb8f-4baf-9eed-7a4cc889cb7c,4C:96:8A:ED:6A:01,SPEN NA,-50,1761385981329
31519,1761385991964.0,0adab909-eb8f-4baf-9eed-7a4cc889cb7c,4C:96:8A:ED:6A:01,SPEN NA,-46,1761385981329
31520,1761385992262.0,0adab909-eb8f-4baf-9eed-7a4cc889cb7c,4C:96:8A:ED:6A:01,SPEN NA,-46,1761385981329
31521,1761385992603.0,0adab909-eb8f-4baf-9eed-7a4cc889cb7c,4C:96:8A:ED:6A:01,SPEN NA,-49,1761385981329
31522,1761385992900.0,0adab909-eb8f-4baf-9eed-7a4cc889cb7c,4C:96:8A:ED:6A:01,SPEN NA,-46,1761385981329
31523,1761385994258.0,0adab909-eb8f-4baf-9eed-7a4cc889cb7c,4C:96:8A:ED:6A:01,SPEN NA,-47,1761385981329
31524,1761385994274.0,0adab909-eb8f-4baf-9eed-7a4cc889cb7c,3E:B8:7B:1D:CB:2D,,-91,1761385981329
31525,1761385994284.0,0adab909-eb8f-4baf-9eed-7a4cc889cb7c,FF:10:10:AE:A7:64,Sunset lights,-76,1761385981329
31526,1761385995312.0,0adab909-eb8f-4baf-9eed-7a4cc889cb7c,57:A1:CE:E6:5B:FD,,-76,1761385981329
31527,1761385995391.0,0adab909-eb8f-4baf-9eed-7a4cc889cb7c,37:95:D0:A0:81:40,,-92,1761385981329
31528,1761385995446.0,0adab909-eb8f-4baf-9eed-7a4cc889cb7c,C9:1F:02:DE:AF:D0,,-80,1761385981329
31529,1761385996328.0,0adab909-eb8f-4baf-9eed-7a4cc889cb7c,FA:DC:0A:1E:81:2C,,-93,1761385981329
31530,1761385996398.0,0adab909-eb8f-4baf-9eed-7a4cc889cb7c,51:2F:F4:57:51:11,,-85,1761385981329
31531,1761386581360.0,0adab909-eb8f-4baf-9eed-7a4cc889cb7c,51:2F:F4:57:51:11,,-86,1761386581342
31532,1761386581383.0,0adab909-eb8f-4baf-9eed-7a4cc889cb7c,FF:10:10:AE:A7:64,Sunset lights,-76,1761386581342
31533,1761386584333.0,0adab909-eb8f-4baf-9eed-7a4cc889cb7c,40:4C:02:5C:D6:12,,-90,1761386581342
31534,1761386587838.0,0adab909-eb8f-4baf-9eed-7a4cc889cb7c,61:50:52:F8:E4:64,,-93,1761386581342
31535,1761387181376.0,0adab909-eb8f-4baf-9eed-7a4cc889cb7c,FF:10:10:AE:A7:64,Sunset lights,-75,1761387181343
31536,1761387182038.0,0adab909-eb8f-4baf-9eed-7a4cc889cb7c,41:50:77:F6:43:F7,,-84,1761387181343
31537,1761387183327.0,0adab909-eb8f-4baf-9eed-7a4cc889cb7c,78:CB:C9:41:07:9F,,-84,1761387181343
31538,1761387183667.0,0adab909-eb8f-4baf-9eed-7a4cc889cb7c,45:B9:FE:F8:BA:EE,,-81,1761387181343
31539,1761387184009.0,0adab909-eb8f-4baf-9eed-7a4cc889cb7c,61:50:52:F8:E4:64,,-78,1761387181343
31540,1761387186561.0,0adab909-eb8f-4baf-9eed-7a4cc889cb7c,5B:2C:BE:AF:22:6A,A90 Pro,-95,1761387181343
31541,1761387186644.0,0adab909-eb8f-4baf-9eed-7a4cc889cb7c,5B:2C:BE:AF:22:6A,A90 Pro,-95,1761387181343
31542,1761387771770.0,0adab909-eb8f-4baf-9eed-7a4cc889cb7c,61:50:52:F8:E4:64,,-88,1761387771710
31543,1761387771800.0,0adab909-eb8f-4baf-9eed-7a4cc889cb7c,45:B9:FE:F8:BA:EE,,-84,1761387771710
31544,1761387772729.0,0adab909-eb8f-4baf-9eed-7a4cc889cb7c,FF:10:10:AE:A7:64,Sunset lights,-79,1761387771710
31545,1761387773072.0,0adab909-eb8f-4baf-9eed-7a4cc889cb7c,64:32:A6:A3:05:65,,-79,1761387771710
31546,1761387774707.0,0adab909-eb8f-4baf-9eed-7a4cc889cb7c,57:0F:AD:E4:45:5E,,-91,1761387771710
31547,1761387776920.0,0adab909-eb8f-4baf-9eed-7a4cc889cb7c,78:CB:C9:41:07:9F,,-85,1761387771710
31548,1761387776934.0,0adab909-eb8f-4baf-9eed-7a4cc889cb7c,61:2A:3F:9F:0A:D4,,-79,1761387771710
31549,1761387779770.0,0adab909-eb8f-4baf-9eed-7a4cc889cb7c,E0:48:24:DE:AB:AA,,-93,1761387771710
31550,1761388371834.0,0adab909-eb8f-4baf-9eed-7a4cc889cb7c,FF:10:10:AE:A7:64,Sunset lights,-90,1761388371698
31551,1761388373083.0,0adab909-eb8f-4baf-9eed-7a4cc889cb7c,5E:E0:2C:B3:62:9D,,-89,1761388371698
31552,1761388374373.0,0adab909-eb8f-4baf-9eed-7a4cc889cb7c,48:1F:9B:F5:81:7B,,-76,1761388371698
31553,1761388375006.0,0adab909-eb8f-4baf-9eed-7a4cc889cb7c,7F:9B:25:48:59:EA,,-94,1761388371698
31554,1761388381131.0,0adab909-eb8f-4baf-9eed-7a4cc889cb7c,78:0A:77:81:D1:74,,-86,1761388371698
31555,1761388971871.0,0adab909-eb8f-4baf-9eed-7a4cc889cb7c,FF:10:10:AE:A7:64,Sunset lights,-77,1761388971716
31556,1761388972738.0,0adab909-eb8f-4baf-9eed-7a4cc889cb7c,71:F3:44:87:C9:CD,,-87,1761388971716
31557,1761388973721.0,0adab909-eb8f-4baf-9eed-7a4cc889cb7c,71:29:EE:CA:CC:5E,,-85,1761388971716
31558,1761388975319.0,0adab909-eb8f-4baf-9eed-7a4cc889cb7c,48:1F:9B:F5:81:7B,,-93,1761388971716
31559,1761388984604.0,0adab909-eb8f-4baf-9eed-7a4cc889cb7c,FF:10:10:AE:A7:64,Sunset lights,-82,1761388971716
31560,1761388985068.0,0adab909-eb8f-4baf-9eed-7a4cc889cb7c,D5:84:D9:50:72:06,,-91,1761388971716
31561,1761388985802.0,0adab909-eb8f-4baf-9eed-7a4cc889cb7c,26:49:FB:2C:A3:85,,-89,1761388971716
31562,1761388985937.0,0adab909-eb8f-4baf-9eed-7a4cc889cb7c,C5:09:1D:61:C3:F1,,-85,1761388971716
31563,1761388986417.0,0adab909-eb8f-4baf-9eed-7a4cc889cb7c,E5:EB:23:08:62:71,,-88,1761388971716
31564,1761388986591.0,0adab909-eb8f-4baf-9eed-7a4cc889cb7c,48:1F:9B:F5:81:7B,,-81,1761388971716
31565,1761389304184.0,0adab909-eb8f-4baf-9eed-7a4cc889cb7c,7A:7D:ED:FF:CE:06,,-84,1761389303465
31566,1761389304828.0,0adab909-eb8f-4baf-9eed-7a4cc889cb7c,FF:10:10:AE:A7:64,Sunset lights,-74,1761389303465
31567,1761389306058.0,0adab909-eb8f-4baf-9eed-7a4cc889cb7c,5B:2C:BE:AF:22:6A,A90 Pro,-100,1761389303465
31568,1761389306735.0,0adab909-eb8f-4baf-9eed-7a4cc889cb7c,71:F3:44:87:C9:CD,,-80,1761389303465
31569,1761389308684.0,0adab909-eb8f-4baf-9eed-7a4cc889cb7c,6E:72:25:21:83:FA,,-80,1761389303465
31570,1761389312464.0,0adab909-eb8f-4baf-9eed-7a4cc889cb7c,54:38:E1:4A:AB:BD,,-77,1761389303465
31571,1761389314459.0,0adab909-eb8f-4baf-9eed-7a4cc889cb7c,55:A5:80:37:80:3D,,-94,1761389303465
31572,1761389315086.0,0adab909-eb8f-4baf-9eed-7a4cc889cb7c,4B:9F:0F:F1:98:A7,,-87,1761389303465
31573,1761389315382.0,0adab909-eb8f-4baf-9eed-7a4cc889cb7c,41:06:3D:29:E2:CF,,-91,1761389303465
31574,1761390172112.0,0adab909-eb8f-4baf-9eed-7a4cc889cb7c,62:54:E4:1B:8F:0E,,-88,1761390172085
31575,1761390172142.0,0adab909-eb8f-4baf-9eed-7a4cc889cb7c,FF:10:10:AE:A7:64,Sunset lights,-78,1761390172085
31576,1761390180910.0,0adab909-eb8f-4baf-9eed-7a4cc889cb7c,7A:7D:ED:FF:CE:06,,-85,1761390172085
31577,1761390185090.0,0adab909-eb8f-4baf-9eed-7a4cc889cb7c,12:3D:E7:6D:A9:76,,-91,1761390172085
31578,1761390185569.0,0adab909-eb8f-4baf-9eed-7a4cc889cb7c,CD:05:6F:54:7F:02,,-86,1761390172085
31579,1761390185595.0,0adab909-eb8f-4baf-9eed-7a4cc889cb7c,62:54:E4:1B:8F:0E,,-86,1761390172085
31580,1761390185612.0,0adab909-eb8f-4baf-9eed-7a4cc889cb7c,FF:10:10:AE:A7:64,Sunset lights,-79,1761390172085
31581,1761390186088.0,0adab909-eb8f-4baf-9eed-7a4cc889cb7c,7A:7D:ED:FF:CE:06,,-84,1761390172085
31582,1761390772326.0,0adab909-eb8f-4baf-9eed-7a4cc889cb7c,56:83:DC:63:85:B9,,-89,1761390772133
31583,1761390772840.0,0adab909-eb8f-4baf-9eed-7a4cc889cb7c,65:86:47:AC:3D:94,,-82,1761390772133
31584,1761390773565.0,0adab909-eb8f-4baf-9eed-7a4cc889cb7c,FF:10:10:AE:A7:64,Sunset lights,-74,1761390772133
31585,1761390776494.0,0adab909-eb8f-4baf-9eed-7a4cc889cb7c,7C:A4:0D:BD:FA:76,,-85,1761390772133
31586,1761391372941.0,0adab909-eb8f-4baf-9eed-7a4cc889cb7c,FF:10:10:AE:A7:64,Sunset lights,-82,1761391372923
31587,1761391373046.0,0adab909-eb8f-4baf-9eed-7a4cc889cb7c,02:07:5A:5E:D7:DE,,-93,1761391372923
31588,1761391375350.0,0adab909-eb8f-4baf-9eed-7a4cc889cb7c,36:8D:E9:CE:E9:0E,,-90,1761391372923
31589,1761391375372.0,0adab909-eb8f-4baf-9eed-7a4cc889cb7c,7C:A4:0D:BD:FA:76,,-83,1761391372923
31590,1761391375959.0,0adab909-eb8f-4baf-9eed-7a4cc889cb7c,56:83:DC:63:85:B9,,-94,1761391372923
31591,1761391972982.0,0adab909-eb8f-4baf-9eed-7a4cc889cb7c,FF:10:10:AE:A7:64,Sunset lights,-81,1761391972925
31592,1761391973650.0,0adab909-eb8f-4baf-9eed-7a4cc889cb7c,71:77:2B:E3:0B:6A,,-83,1761391972925
31593,1761391973913.0,0adab909-eb8f-4baf-9eed-7a4cc889cb7c,5D:5B:4B:EB:F7:53,,-78,1761391972925
31594,1761391974651.0,0adab909-eb8f-4baf-9eed-7a4cc889cb7c,59:E4:A9:EE:34:B2,,-86,1761391972925
31595,1761391980397.0,0adab909-eb8f-4baf-9eed-7a4cc889cb7c,57:9B:1D:DA:53:A4,,-89,1761391972925
31596,1761391983278.0,0adab909-eb8f-4baf-9eed-7a4cc889cb7c,4E:17:58:B1:A6:B2,,-88,1761391972925
31597,1761392572939.0,0adab909-eb8f-4baf-9eed-7a4cc889cb7c,74:AB:98:38:B4:2A,,-87,1761392572918
31598,1761392572983.0,0adab909-eb8f-4baf-9eed-7a4cc889cb7c,5D:5B:4B:EB:F7:53,,-78,1761392572918
31599,1761392573034.0,0adab909-eb8f-4baf-9eed-7a4cc889cb7c,FF:10:10:AE:A7:64,Sunset lights,-79,1761392572918
31600,1761392573941.0,0adab909-eb8f-4baf-9eed-7a4cc889cb7c,71:77:2B:E3:0B:6A,,-81,1761392572918
31601,1761393173140.0,0adab909-eb8f-4baf-9eed-7a4cc889cb7c,61:1F:26:56:BD:F6,,-91,1761393173081
31602,1761393174138.0,0adab909-eb8f-4baf-9eed-7a4cc889cb7c,5D:5B:4B:EB:F7:53,,-78,1761393173081
31603,1761393174461.0,0adab909-eb8f-4baf-9eed-7a4cc889cb7c,FF:10:10:AE:A7:64,Sunset lights,-74,1761393173081
31604,1761393174480.0,0adab909-eb8f-4baf-9eed-7a4cc889cb7c,71:77:2B:E3:0B:6A,,-74,1761393173081
31605,1761393174788.0,0adab909-eb8f-4baf-9eed-7a4cc889cb7c,74:AB:98:38:B4:2A,,-84,1761393173081
31606,1761393773172.0,0adab909-eb8f-4baf-9eed-7a4cc889cb7c,FF:10:10:AE:A7:64,Sunset lights,-81,1761393773067
31607,1761393773523.0,0adab909-eb8f-4baf-9eed-7a4cc889cb7c,78:04:E3:C9:22:5A,,-92,1761393773067
31608,1761393775721.0,0adab909-eb8f-4baf-9eed-7a4cc889cb7c,67:2F:24:A0:E5:94,,-81,1761393773067
31609,1761393776049.0,0adab909-eb8f-4baf-9eed-7a4cc889cb7c,7D:18:04:D8:38:B3,,-78,1761393773067
31610,1761393776072.0,0adab909-eb8f-4baf-9eed-7a4cc889cb7c,7A:12:B3:3E:27:FD,,-91,1761393773067
31611,1761394373098.0,0adab909-eb8f-4baf-9eed-7a4cc889cb7c,7D:18:04:D8:38:B3,,-82,1761394373071
31612,1761394373117.0,0adab909-eb8f-4baf-9eed-7a4cc889cb7c,4C:96:8A:ED:6A:01,SPEN NA,-65,1761394373071
31613,1761394373532.0,0adab909-eb8f-4baf-9eed-7a4cc889cb7c,FF:10:10:AE:A7:64,Sunset lights,-79,1761394373071
31614,1761394373740.0,0adab909-eb8f-4baf-9eed-7a4cc889cb7c,49:C8:24:5A:E7:D2,,-86,1761394373071
31615,1761394373763.0,0adab909-eb8f-4baf-9eed-7a4cc889cb7c,4C:96:8A:ED:6A:01,SPEN NA,-70,1761394373071
31616,1761394374395.0,0adab909-eb8f-4baf-9eed-7a4cc889cb7c,4C:96:8A:ED:6A:01,SPEN NA,-60,1761394373071
31617,1761394374718.0,0adab909-eb8f-4baf-9eed-7a4cc889cb7c,4C:96:8A:ED:6A:01,SPEN NA,-63,1761394373071
31618,1761394375348.0,0adab909-eb8f-4baf-9eed-7a4cc889cb7c,4C:96:8A:ED:6A:01,SPEN NA,-60,1761394373071
31619,1761394376379.0,0adab909-eb8f-4baf-9eed-7a4cc889cb7c,4C:96:8A:ED:6A:01,SPEN NA,-60,1761394373071
31620,1761394376685.0,0adab909-eb8f-4baf-9eed-7a4cc889cb7c,4C:96:8A:ED:6A:01,SPEN NA,-63,1761394373071
31621,1761394377013.0,0adab909-eb8f-4baf-9eed-7a4cc889cb7c,4C:96:8A:ED:6A:01,SPEN NA,-58,1761394373071
31622,1761394377314.0,0adab909-eb8f-4baf-9eed-7a4cc889cb7c,4C:96:8A:ED:6A:01,SPEN NA,-60,1761394373071
31623,1761394377642.0,0adab909-eb8f-4baf-9eed-7a4cc889cb7c,4C:96:8A:ED:6A:01,SPEN NA,-63,1761394373071
31624,1761394377852.0,0adab909-eb8f-4baf-9eed-7a4cc889cb7c,4C:96:8A:ED:6A:01,SPEN NA,-58,1761394373071
31625,1761394377947.0,0adab909-eb8f-4baf-9eed-7a4cc889cb7c,4C:96:8A:ED:6A:01,SPEN NA,-58,1761394373071
31626,1761394380262.0,0adab909-eb8f-4baf-9eed-7a4cc889cb7c,4C:96:8A:ED:6A:01,SPEN NA,-63,1761394373071
31627,1761394381127.0,0adab909-eb8f-4baf-9eed-7a4cc889cb7c,4C:96:8A:ED:6A:01,SPEN NA,-63,1761394373071
31628,1761394381659.0,0adab909-eb8f-4baf-9eed-7a4cc889cb7c,4C:96:8A:ED:6A:01,SPEN NA,-60,1761394373071
31629,1761394382490.0,0adab909-eb8f-4baf-9eed-7a4cc889cb7c,4C:96:8A:ED:6A:01,SPEN NA,-60,1761394373071
31630,1761394383849.0,0adab909-eb8f-4baf-9eed-7a4cc889cb7c,4C:96:8A:ED:6A:01,SPEN NA,-58,1761394373071
31631,1761394384691.0,0adab909-eb8f-4baf-9eed-7a4cc889cb7c,4C:96:8A:ED:6A:01,SPEN NA,-58,1761394373071
31632,1761394385015.0,0adab909-eb8f-4baf-9eed-7a4cc889cb7c,4C:96:8A:ED:6A:01,SPEN NA,-60,1761394373071
31633,1761394385217.0,0adab909-eb8f-4baf-9eed-7a4cc889cb7c,4C:96:8A:ED:6A:01,SPEN NA,-66,1761394373071
31634,1761394386150.0,0adab909-eb8f-4baf-9eed-7a4cc889cb7c,4C:96:8A:ED:6A:01,SPEN NA,-60,1761394373071
31635,1761394386709.0,0adab909-eb8f-4baf-9eed-7a4cc889cb7c,FF:10:10:AE:A7:64,Sunset lights,-76,1761394373071
31636,1761394387946.0,0adab909-eb8f-4baf-9eed-7a4cc889cb7c,1C:17:FE:1A:CF:29,,-92,1761394373071
31637,1761394388245.0,0adab909-eb8f-4baf-9eed-7a4cc889cb7c,7D:18:04:D8:38:B3,,-82,1761394373071
31638,1761394388850.0,0adab909-eb8f-4baf-9eed-7a4cc889cb7c,EE:BB:1C:29:F9:89,,-85,1761394373071
31639,1761394899677.0,0adab909-eb8f-4baf-9eed-7a4cc889cb7c,70:1B:4F:8E:C7:F5,,-89,1761394899185
31640,1761394899698.0,0adab909-eb8f-4baf-9eed-7a4cc889cb7c,FF:10:10:AE:A7:64,Sunset lights,-82,1761394899185
31641,1761394900853.0,0adab909-eb8f-4baf-9eed-7a4cc889cb7c,49:C8:24:5A:E7:D2,,-88,1761394899185
31642,1761395521402.0,0adab909-eb8f-4baf-9eed-7a4cc889cb7c,FF:10:10:AE:A7:64,Sunset lights,-78,1761395521256
31643,1761395522662.0,0adab909-eb8f-4baf-9eed-7a4cc889cb7c,70:1B:4F:8E:C7:F5,,-84,1761395521256
31644,1761395525244.0,0adab909-eb8f-4baf-9eed-7a4cc889cb7c,69:00:53:CB:BA:1A,,-86,1761395521256
31645,1761395533743.0,0adab909-eb8f-4baf-9eed-7a4cc889cb7c,E0:48:24:DE:AB:AA,,-92,1761395521256
31646,1761396171042.0,0adab909-eb8f-4baf-9eed-7a4cc889cb7c,63:12:5C:71:E7:CB,,-81,1761396170977
31647,1761396171085.0,0adab909-eb8f-4baf-9eed-7a4cc889cb7c,FF:10:10:AE:A7:64,Sunset lights,-79,1761396170977
31648,1761396174593.0,0adab909-eb8f-4baf-9eed-7a4cc889cb7c,61:36:7C:4F:B1:D2,,-88,1761396170977
31649,1761396771138.0,0adab909-eb8f-4baf-9eed-7a4cc889cb7c,FF:10:10:AE:A7:64,Sunset lights,-79,1761396771048
31650,1761396772128.0,0adab909-eb8f-4baf-9eed-7a4cc889cb7c,54:2C:FF:1D:A6:32,,-77,1761396771048
31651,1761396773412.0,0adab909-eb8f-4baf-9eed-7a4cc889cb7c,61:36:7C:4F:B1:D2,,-88,1761396771048
31652,1761397371135.0,0adab909-eb8f-4baf-9eed-7a4cc889cb7c,FF:10:10:AE:A7:64,Sunset lights,-81,1761397371046
31653,1761397371821.0,0adab909-eb8f-4baf-9eed-7a4cc889cb7c,7E:7A:92:E8:D2:AE,,-88,1761397371046
31654,1761397373689.0,0adab909-eb8f-4baf-9eed-7a4cc889cb7c,67:0A:C3:52:13:F5,,-85,1761397371046
31655,1761397375000.0,0adab909-eb8f-4baf-9eed-7a4cc889cb7c,54:8F:74:43:29:DC,,-88,1761397371046
31656,1761397971084.0,0adab909-eb8f-4baf-9eed-7a4cc889cb7c,70:5E:8F:DB:00:00,,-86,1761397971052
31657,1761397971509.0,0adab909-eb8f-4baf-9eed-7a4cc889cb7c,54:8F:74:43:29:DC,,-87,1761397971052
31658,1761397971808.0,0adab909-eb8f-4baf-9eed-7a4cc889cb7c,FF:10:10:AE:A7:64,Sunset lights,-77,1761397971052
31659,1761397972748.0,0adab909-eb8f-4baf-9eed-7a4cc889cb7c,7E:7A:92:E8:D2:AE,,-75,1761397971052
31660,1761397974368.0,0adab909-eb8f-4baf-9eed-7a4cc889cb7c,7C:8A:A8:92:75:9C,,-84,1761397971052
31661,1761397983615.0,0adab909-eb8f-4baf-9eed-7a4cc889cb7c,67:0A:C3:52:13:F5,,-84,1761397971052
31662,1761398572647.0,0adab909-eb8f-4baf-9eed-7a4cc889cb7c,45:A2:43:1C:0A:74,,-89,1761398572255
31663,1761398573262.0,0adab909-eb8f-4baf-9eed-7a4cc889cb7c,FF:10:10:AE:A7:64,Sunset lights,-74,1761398572255
31664,1761398573737.0,0adab909-eb8f-4baf-9eed-7a4cc889cb7c,00:00:46:FE:22:45,Android Bluedroid,-100,1761398572255
31665,1761398573942.0,0adab909-eb8f-4baf-9eed-7a4cc889cb7c,71:8D:3A:54:D8:1B,,-76,1761398572255
31666,1761398577467.0,0adab909-eb8f-4baf-9eed-7a4cc889cb7c,57:53:E4:A4:1B:EB,,-79,1761398572255
31667,1761398583247.0,0adab909-eb8f-4baf-9eed-7a4cc889cb7c,5A:3C:1F:D7:1B:D4,,-87,1761398572255
31668,1761399172336.0,0adab909-eb8f-4baf-9eed-7a4cc889cb7c,57:53:E4:A4:1B:EB,,-88,1761399172248
31669,1761399174268.0,0adab909-eb8f-4baf-9eed-7a4cc889cb7c,FF:10:10:AE:A7:64,Sunset lights,-73,1761399172248
31670,1761399174285.0,0adab909-eb8f-4baf-9eed-7a4cc889cb7c,71:8D:3A:54:D8:1B,,-78,1761399172248
31671,1761399175213.0,0adab909-eb8f-4baf-9eed-7a4cc889cb7c,45:A2:43:1C:0A:74,,-86,1761399172248
31672,1761399180060.0,0adab909-eb8f-4baf-9eed-7a4cc889cb7c,66:AD:13:A8:DD:0E,,-89,1761399172248
31673,1761399772309.0,0adab909-eb8f-4baf-9eed-7a4cc889cb7c,4C:96:8A:ED:6A:01,SPEN NA,-46,1761399772266
31674,1761399772658.0,0adab909-eb8f-4baf-9eed-7a4cc889cb7c,4C:96:8A:ED:6A:01,SPEN NA,-53,1761399772266
31675,1761399773263.0,0adab909-eb8f-4baf-9eed-7a4cc889cb7c,4C:96:8A:ED:6A:01,SPEN NA,-46,1761399772266
31676,1761399773676.0,0adab909-eb8f-4baf-9eed-7a4cc889cb7c,4C:96:8A:ED:6A:01,SPEN NA,-47,1761399772266
31677,1761399773964.0,0adab909-eb8f-4baf-9eed-7a4cc889cb7c,FF:10:10:AE:A7:64,Sunset lights,-81,1761399772266
31678,1761399774614.0,0adab909-eb8f-4baf-9eed-7a4cc889cb7c,4C:96:8A:ED:6A:01,SPEN NA,-53,1761399772266
31679,1761399774922.0,0adab909-eb8f-4baf-9eed-7a4cc889cb7c,4C:96:8A:ED:6A:01,SPEN NA,-57,1761399772266
31680,1761399775582.0,0adab909-eb8f-4baf-9eed-7a4cc889cb7c,4C:96:8A:ED:6A:01,SPEN NA,-47,1761399772266
31681,1761399775934.0,0adab909-eb8f-4baf-9eed-7a4cc889cb7c,4C:96:8A:ED:6A:01,SPEN NA,-57,1761399772266
31682,1761399776217.0,0adab909-eb8f-4baf-9eed-7a4cc889cb7c,4C:96:8A:ED:6A:01,SPEN NA,-52,1761399772266
31683,1761399776509.0,0adab909-eb8f-4baf-9eed-7a4cc889cb7c,51:76:04:F4:EC:7F,,-87,1761399772266
31684,1761399776840.0,0adab909-eb8f-4baf-9eed-7a4cc889cb7c,4C:96:8A:ED:6A:01,SPEN NA,-57,1761399772266
31685,1761399777156.0,0adab909-eb8f-4baf-9eed-7a4cc889cb7c,4C:96:8A:ED:6A:01,SPEN NA,-47,1761399772266
31686,1761399777455.0,0adab909-eb8f-4baf-9eed-7a4cc889cb7c,4C:96:8A:ED:6A:01,SPEN NA,-47,1761399772266
31687,1761399778124.0,0adab909-eb8f-4baf-9eed-7a4cc889cb7c,4C:96:8A:ED:6A:01,SPEN NA,-52,1761399772266
31688,1761399779131.0,0adab909-eb8f-4baf-9eed-7a4cc889cb7c,4C:96:8A:ED:6A:01,SPEN NA,-52,1761399772266
31689,1761399779462.0,0adab909-eb8f-4baf-9eed-7a4cc889cb7c,4C:96:8A:ED:6A:01,SPEN NA,127,1761399772266
31690,1761399779781.0,0adab909-eb8f-4baf-9eed-7a4cc889cb7c,4C:96:8A:ED:6A:01,SPEN NA,-57,1761399772266
31691,1761399780709.0,0adab909-eb8f-4baf-9eed-7a4cc889cb7c,4C:96:8A:ED:6A:01,SPEN NA,-53,1761399772266
31692,1761399781334.0,0adab909-eb8f-4baf-9eed-7a4cc889cb7c,4C:96:8A:ED:6A:01,SPEN NA,-51,1761399772266
31693,1761399781619.0,0adab909-eb8f-4baf-9eed-7a4cc889cb7c,4C:3E:08:04:3E:53,,-90,1761399772266
31694,1761399781645.0,0adab909-eb8f-4baf-9eed-7a4cc889cb7c,4C:96:8A:ED:6A:01,SPEN NA,-57,1761399772266
31695,1761399782315.0,0adab909-eb8f-4baf-9eed-7a4cc889cb7c,4C:96:8A:ED:6A:01,SPEN NA,-47,1761399772266
31696,1761399782922.0,0adab909-eb8f-4baf-9eed-7a4cc889cb7c,4C:96:8A:ED:6A:01,SPEN NA,-52,1761399772266
31697,1761399783023.0,0adab909-eb8f-4baf-9eed-7a4cc889cb7c,4C:96:8A:ED:6A:01,SPEN NA,-46,1761399772266
31698,1761399783893.0,0adab909-eb8f-4baf-9eed-7a4cc889cb7c,4C:96:8A:ED:6A:01,SPEN NA,-46,1761399772266
31699,1761399784502.0,0adab909-eb8f-4baf-9eed-7a4cc889cb7c,4C:96:8A:ED:6A:01,SPEN NA,-50,1761399772266
31700,1761399784932.0,0adab909-eb8f-4baf-9eed-7a4cc889cb7c,4C:96:8A:ED:6A:01,SPEN NA,-52,1761399772266
31701,1761399785228.0,0adab909-eb8f-4baf-9eed-7a4cc889cb7c,51:76:04:F4:EC:7F,,-89,1761399772266
31702,1761399786144.0,0adab909-eb8f-4baf-9eed-7a4cc889cb7c,3D:D2:72:D1:72:D7,,-87,1761399772266
31703,1761399786167.0,0adab909-eb8f-4baf-9eed-7a4cc889cb7c,4C:96:8A:ED:6A:01,SPEN NA,-53,1761399772266
31704,1761400371401.0,0adab909-eb8f-4baf-9eed-7a4cc889cb7c,51:76:04:F4:EC:7F,,-82,1761400371322
31705,1761400371418.0,0adab909-eb8f-4baf-9eed-7a4cc889cb7c,FF:10:10:AE:A7:64,Sunset lights,-84,1761400371322
31706,1761400371723.0,0adab909-eb8f-4baf-9eed-7a4cc889cb7c,5F:99:0A:0E:C8:80,,-88,1761400371322
31707,1761400374646.0,0adab909-eb8f-4baf-9eed-7a4cc889cb7c,4C:3E:08:04:3E:53,,-81,1761400371322
31708,1761400376179.0,0adab909-eb8f-4baf-9eed-7a4cc889cb7c,47:5C:25:0E:60:3D,,-90,1761400371322
31709,1761400800684.0,0adab909-eb8f-4baf-9eed-7a4cc889cb7c,70:AA:3B:04:8F:62,,-91,1761400800622
31710,1761400801131.0,0adab909-eb8f-4baf-9eed-7a4cc889cb7c,FF:10:10:AE:A7:64,Sunset lights,-83,1761400800622
31711,1761400801150.0,0adab909-eb8f-4baf-9eed-7a4cc889cb7c,7D:2F:41:E4:94:23,,-78,1761400800622
31712,1761400801708.0,0adab909-eb8f-4baf-9eed-7a4cc889cb7c,47:5C:25:0E:60:3D,,-88,1761400800622
31713,1761400801988.0,0adab909-eb8f-4baf-9eed-7a4cc889cb7c,47:90:B7:74:32:1F,,-84,1761400800622
31714,1761400802014.0,0adab909-eb8f-4baf-9eed-7a4cc889cb7c,67:3D:30:02:10:B4,,-84,1761400800622
31715,1761401571384.0,0adab909-eb8f-4baf-9eed-7a4cc889cb7c,66:EA:09:0C:24:7D,,-82,1761401571317
31716,1761401574002.0,0adab909-eb8f-4baf-9eed-7a4cc889cb7c,FF:10:10:AE:A7:64,Sunset lights,-81,1761401571317
31717,1761401574590.0,0adab909-eb8f-4baf-9eed-7a4cc889cb7c,47:90:B7:74:32:1F,,-79,1761401571317
31718,1761401574942.0,0adab909-eb8f-4baf-9eed-7a4cc889cb7c,62:25:1D:9F:55:F4,,-85,1761401571317
31719,1761402171572.0,0adab909-eb8f-4baf-9eed-7a4cc889cb7c,62:25:1D:9F:55:F4,,-88,1761402171150
31720,1761402172207.0,0adab909-eb8f-4baf-9eed-7a4cc889cb7c,66:EA:09:0C:24:7D,,-88,1761402171150
31721,1761402175440.0,0adab909-eb8f-4baf-9eed-7a4cc889cb7c,FF:10:10:AE:A7:64,Sunset lights,-85,1761402171150
31722,1761402177027.0,0adab909-eb8f-4baf-9eed-7a4cc889cb7c,68:64:8B:68:49:F9,,-80,1761402171150
31723,1761402177989.0,0adab909-eb8f-4baf-9eed-7a4cc889cb7c,71:BA:2E:CD:16:F3,,-77,1761402171150
31724,1761402562418.0,0adab909-eb8f-4baf-9eed-7a4cc889cb7c,71:BA:2E:CD:16:F3,,-90,1761402557769
31725,1761402567555.0,0adab909-eb8f-4baf-9eed-7a4cc889cb7c,48:A9:11:E8:7E:21,,-85,1761402557769
31726,1761403122453.0,0adab909-eb8f-4baf-9eed-7a4cc889cb7c,4C:96:8A:ED:6A:01,SPEN NA,-45,1761403122405
31727,1761403122476.0,0adab909-eb8f-4baf-9eed-7a4cc889cb7c,FF:10:10:AE:A7:64,Sunset lights,-77,1761403122405
31728,1761403122767.0,0adab909-eb8f-4baf-9eed-7a4cc889cb7c,4C:96:8A:ED:6A:01,SPEN NA,-45,1761403122405
31729,1761403122801.0,0adab909-eb8f-4baf-9eed-7a4cc889cb7c,48:A9:11:E8:7E:21,,-84,1761403122405
31730,1761403123113.0,0adab909-eb8f-4baf-9eed-7a4cc889cb7c,4C:96:8A:ED:6A:01,SPEN NA,-49,1761403122405
31731,1761403123747.0,0adab909-eb8f-4baf-9eed-7a4cc889cb7c,4C:96:8A:ED:6A:01,SPEN NA,-44,1761403122405
31732,1761403124066.0,0adab909-eb8f-4baf-9eed-7a4cc889cb7c,4C:96:8A:ED:6A:01,SPEN NA,-49,1761403122405
31733,1761403124373.0,0adab909-eb8f-4baf-9eed-7a4cc889cb7c,4C:96:8A:ED:6A:01,SPEN NA,-45,1761403122405
31734,1761403125398.0,0adab909-eb8f-4baf-9eed-7a4cc889cb7c,4C:96:8A:ED:6A:01,SPEN NA,-45,1761403122405
31735,1761403125708.0,0adab909-eb8f-4baf-9eed-7a4cc889cb7c,40:F6:88:51:B2:B4,,-91,1761403122405
31736,1761403125756.0,0adab909-eb8f-4baf-9eed-7a4cc889cb7c,4C:96:8A:ED:6A:01,SPEN NA,-44,1761403122405
31737,1761403126340.0,0adab909-eb8f-4baf-9eed-7a4cc889cb7c,4C:96:8A:ED:6A:01,SPEN NA,-45,1761403122405
31738,1761403126669.0,0adab909-eb8f-4baf-9eed-7a4cc889cb7c,4C:96:8A:ED:6A:01,SPEN NA,-44,1761403122405
31739,1761403126991.0,0adab909-eb8f-4baf-9eed-7a4cc889cb7c,4C:96:8A:ED:6A:01,SPEN NA,-49,1761403122405
31740,1761403127293.0,0adab909-eb8f-4baf-9eed-7a4cc889cb7c,48:08:DE:C5:1D:CD,,-86,1761403122405
31741,1761403127614.0,0adab909-eb8f-4baf-9eed-7a4cc889cb7c,4C:96:8A:ED:6A:01,SPEN NA,-46,1761403122405
31742,1761403127926.0,0adab909-eb8f-4baf-9eed-7a4cc889cb7c,4C:96:8A:ED:6A:01,SPEN NA,-49,1761403122405
31743,1761403128257.0,0adab909-eb8f-4baf-9eed-7a4cc889cb7c,4C:96:8A:ED:6A:01,SPEN NA,-46,1761403122405
31744,1761403128573.0,0adab909-eb8f-4baf-9eed-7a4cc889cb7c,4C:96:8A:ED:6A:01,SPEN NA,-45,1761403122405
31745,1761403128882.0,0adab909-eb8f-4baf-9eed-7a4cc889cb7c,4C:96:8A:ED:6A:01,SPEN NA,-49,1761403122405
31746,1761403129176.0,0adab909-eb8f-4baf-9eed-7a4cc889cb7c,4C:96:8A:ED:6A:01,SPEN NA,-44,1761403122405
31747,1761403129832.0,0adab909-eb8f-4baf-9eed-7a4cc889cb7c,4C:96:8A:ED:6A:01,SPEN NA,-47,1761403122405
31748,1761403131093.0,0adab909-eb8f-4baf-9eed-7a4cc889cb7c,4C:96:8A:ED:6A:01,SPEN NA,-45,1761403122405
31749,1761403131472.0,0adab909-eb8f-4baf-9eed-7a4cc889cb7c,52:CC:32:12:0C:3A,,-86,1761403122405
31750,1761403132768.0,0adab909-eb8f-4baf-9eed-7a4cc889cb7c,4C:96:8A:ED:6A:01,SPEN NA,-48,1761403122405
31751,1761403133082.0,0adab909-eb8f-4baf-9eed-7a4cc889cb7c,4C:96:8A:ED:6A:01,SPEN NA,-46,1761403122405
31752,1761403133383.0,0adab909-eb8f-4baf-9eed-7a4cc889cb7c,4C:96:8A:ED:6A:01,SPEN NA,-44,1761403122405
31753,1761403133703.0,0adab909-eb8f-4baf-9eed-7a4cc889cb7c,4C:96:8A:ED:6A:01,SPEN NA,-48,1761403122405
31754,1761403134039.0,0adab909-eb8f-4baf-9eed-7a4cc889cb7c,4C:96:8A:ED:6A:01,SPEN NA,-44,1761403122405
31755,1761403134346.0,0adab909-eb8f-4baf-9eed-7a4cc889cb7c,4C:96:8A:ED:6A:01,SPEN NA,-44,1761403122405
31756,1761403134662.0,0adab909-eb8f-4baf-9eed-7a4cc889cb7c,4C:96:8A:ED:6A:01,SPEN NA,-49,1761403122405
31757,1761403778933.0,0adab909-eb8f-4baf-9eed-7a4cc889cb7c,44:00:64:37:6C:EC,,-91,1761403776618
31758,1761403781525.0,0adab909-eb8f-4baf-9eed-7a4cc889cb7c,FF:10:10:AE:A7:64,Sunset lights,-90,1761403776618
31759,1761404349709.0,0adab909-eb8f-4baf-9eed-7a4cc889cb7c,6E:7D:D6:56:B1:CB,,-87,1761404346724
31760,1761404466233.0,0adab909-eb8f-4baf-9eed-7a4cc889cb7c,65:FF:7A:6E:74:A4,,-90,1761404346724
31761,1761404466246.0,0adab909-eb8f-4baf-9eed-7a4cc889cb7c,3D:FB:A4:F0:85:CB,,127,1761404346724
31762,1761404466282.0,0adab909-eb8f-4baf-9eed-7a4cc889cb7c,4C:BE:98:46:5B:04,,-92,1761404346724
31763,1761404466300.0,0adab909-eb8f-4baf-9eed-7a4cc889cb7c,D0:D0:03:16:78:35,,-89,1761404346724
31764,1761404961564.0,0adab909-eb8f-4baf-9eed-7a4cc889cb7c,52:42:6E:35:6F:78,,-77,1761404961510
31765,1761404961601.0,0adab909-eb8f-4baf-9eed-7a4cc889cb7c,43:9B:17:B1:AF:78,,-82,1761404961510
31766,1761404961625.0,0adab909-eb8f-4baf-9eed-7a4cc889cb7c,7F:1D:7D:FB:E1:A2,,-91,1761404961510
31767,1761404961650.0,0adab909-eb8f-4baf-9eed-7a4cc889cb7c,59:78:C7:FB:86:2D,,-77,1761404961510
31768,1761404961900.0,0adab909-eb8f-4baf-9eed-7a4cc889cb7c,71:AE:16:81:53:89,,-74,1761404961510
31769,1761404961929.0,0adab909-eb8f-4baf-9eed-7a4cc889cb7c,53:C2:D3:31:D1:CC,,-83,1761404961510
31770,1761404961985.0,0adab909-eb8f-4baf-9eed-7a4cc889cb7c,4A:F8:64:54:97:8B,,-88,1761404961510
31771,1761404962261.0,0adab909-eb8f-4baf-9eed-7a4cc889cb7c,57:B7:A3:3E:9C:5E,,-80,1761404961510
31772,1761404962289.0,0adab909-eb8f-4baf-9eed-7a4cc889cb7c,52:B7:D9:48:FF:47,JBL LIVE660NC-LE,-70,1761404961510
31773,1761404962525.0,0adab909-eb8f-4baf-9eed-7a4cc889cb7c,67:5B:14:D6:08:64,,-88,1761404961510
31774,1761404962556.0,0adab909-eb8f-4baf-9eed-7a4cc889cb7c,54:A4:E8:E5:BD:D2,,-84,1761404961510
31775,1761404962576.0,0adab909-eb8f-4baf-9eed-7a4cc889cb7c,42:45:40:3F:49:9B,,-71,1761404961510
31776,1761404962594.0,0adab909-eb8f-4baf-9eed-7a4cc889cb7c,17:30:FE:74:83:C6,,-83,1761404961510
31777,1761404962616.0,0adab909-eb8f-4baf-9eed-7a4cc889cb7c,77:A5:8F:A8:86:9E,,-84,1761404961510
31778,1761404962637.0,0adab909-eb8f-4baf-9eed-7a4cc889cb7c,6B:72:65:54:71:31,,-80,1761404961510
31779,1761404962742.0,0adab909-eb8f-4baf-9eed-7a4cc889cb7c,A0:D0:5B:93:00:C8,,-100,1761404961510
31780,1761404962826.0,0adab909-eb8f-4baf-9eed-7a4cc889cb7c,1A:DE:EF:D4:46:7D,,-76,1761404961510
31781,1761404962854.0,0adab909-eb8f-4baf-9eed-7a4cc889cb7c,46:E9:FD:EC:3D:A9,,-89,1761404961510
31782,1761404962877.0,0adab909-eb8f-4baf-9eed-7a4cc889cb7c,3B:B9:93:96:EE:F3,,-65,1761404961510
31783,1761404962896.0,0adab909-eb8f-4baf-9eed-7a4cc889cb7c,6C:2A:7D:14:34:8F,,-65,1761404961510
31784,1761404962918.0,0adab909-eb8f-4baf-9eed-7a4cc889cb7c,47:D9:91:2F:6D:DD,,-74,1761404961510
31785,1761404962937.0,0adab909-eb8f-4baf-9eed-7a4cc889cb7c,46:ED:98:B7:6D:7D,,-69,1761404961510
31786,1761404963157.0,0adab909-eb8f-4baf-9eed-7a4cc889cb7c,78:23:89:F4:B5:6E,,-79,1761404961510
31787,1761404963178.0,0adab909-eb8f-4baf-9eed-7a4cc889cb7c,59:40:76:54:18:DF,,-88,1761404961510
31788,1761404963203.0,0adab909-eb8f-4baf-9eed-7a4cc889cb7c,3C:B3:66:92:5F:31,,-65,1761404961510
31789,1761404963226.0,0adab909-eb8f-4baf-9eed-7a4cc889cb7c,14:5B:E3:43:E9:6B,,-81,1761404961510
31790,1761404963248.0,0adab909-eb8f-4baf-9eed-7a4cc889cb7c,57:B0:C0:D4:4A:8F,,-87,1761404961510
31791,1761404963269.0,0adab909-eb8f-4baf-9eed-7a4cc889cb7c,7A:B8:4C:92:46:74,,-81,1761404961510
31792,1761404963288.0,0adab909-eb8f-4baf-9eed-7a4cc889cb7c,6A:47:2A:D4:39:54,,-76,1761404961510
31793,1761404963312.0,0adab909-eb8f-4baf-9eed-7a4cc889cb7c,59:A9:FF:8F:2A:43,,-91,1761404961510
31794,1761404963333.0,0adab909-eb8f-4baf-9eed-7a4cc889cb7c,6B:26:0F:51:5D:50,,-86,1761404961510
31795,1761404963355.0,0adab909-eb8f-4baf-9eed-7a4cc889cb7c,69:13:19:3C:AF:8E,,-86,1761404961510
31796,1761404963375.0,0adab909-eb8f-4baf-9eed-7a4cc889cb7c,65:59:5D:87:CD:3F,,-90,1761404961510
31797,1761404963392.0,0adab909-eb8f-4baf-9eed-7a4cc889cb7c,59:F2:BA:84:BF:87,,-70,1761404961510
31798,1761404963417.0,0adab909-eb8f-4baf-9eed-7a4cc889cb7c,1E:72:F9:4B:75:BE,,-91,1761404961510
31799,1761404965184.0,0adab909-eb8f-4baf-9eed-7a4cc889cb7c,7B:0C:A1:82:36:47,,-85,1761404961510
31800,1761404965203.0,0adab909-eb8f-4baf-9eed-7a4cc889cb7c,78:D6:98:B0:02:86,,-90,1761404961510
31801,1761404965223.0,0adab909-eb8f-4baf-9eed-7a4cc889cb7c,58:50:1B:0E:F4:92,,-84,1761404961510
31802,1761404965238.0,0adab909-eb8f-4baf-9eed-7a4cc889cb7c,32:3A:F7:F5:66:7F,,-83,1761404961510
31803,1761404965258.0,0adab909-eb8f-4baf-9eed-7a4cc889cb7c,48:E1:7E:50:79:89,,-93,1761404961510
31804,1761404965280.0,0adab909-eb8f-4baf-9eed-7a4cc889cb7c,4D:BA:F2:6E:01:B0,,-79,1761404961510
31805,1761404965303.0,0adab909-eb8f-4baf-9eed-7a4cc889cb7c,C8:7F:41:F7:CD:48,Galaxy Watch3 (0624) LE,-88,1761404961510
31806,1761404965469.0,0adab909-eb8f-4baf-9eed-7a4cc889cb7c,A0:D0:5B:93:00:C8,[TV] Samsung QHB Series,-83,1761404961510
31807,1761404965493.0,0adab909-eb8f-4baf-9eed-7a4cc889cb7c,D0:57:7E:E2:DB:13,WIN-KH8ATSID7C9,-94,1761404961510
31808,1761404967142.0,0adab909-eb8f-4baf-9eed-7a4cc889cb7c,45:6E:4B:59:53:36,,-71,1761404961510
31809,1761404967176.0,0adab909-eb8f-4baf-9eed-7a4cc889cb7c,7F:5A:4B:7F:A2:CE,,-84,1761404961510
31810,1761404967195.0,0adab909-eb8f-4baf-9eed-7a4cc889cb7c,65:D8:B6:42:06:A6,,-90,1761404961510
31811,1761404967212.0,0adab909-eb8f-4baf-9eed-7a4cc889cb7c,46:A6:AA:64:4E:2A,,-90,1761404961510
31812,1761404967231.0,0adab909-eb8f-4baf-9eed-7a4cc889cb7c,7B:0C:A1:82:36:47,,-76,1761404961510
31813,1761404967254.0,0adab909-eb8f-4baf-9eed-7a4cc889cb7c,10:A2:E9:A0:68:11,,-84,1761404961510
31814,1761404967278.0,0adab909-eb8f-4baf-9eed-7a4cc889cb7c,4A:4A:98:70:18:E7,,-90,1761404961510
31815,1761404967340.0,0adab909-eb8f-4baf-9eed-7a4cc889cb7c,4A:B0:B7:23:83:34,,-70,1761404961510
31816,1761404969824.0,0adab909-eb8f-4baf-9eed-7a4cc889cb7c,5C:B4:7E:00:2A:34,LAPTOP-AON45QLH,-100,1761404961510
31817,1761404969836.0,0adab909-eb8f-4baf-9eed-7a4cc889cb7c,00:72:EE:A8:84:CC,,-96,1761404961510
31818,1761404970953.0,0adab909-eb8f-4baf-9eed-7a4cc889cb7c,5B:07:66:75:A8:9D,,-84,1761404961510
31819,1761404975212.0,0adab909-eb8f-4baf-9eed-7a4cc889cb7c,00:72:EE:A8:84:CC,BOOK-3M9VT78DTN,-97,1761404961510
31820,1761404975235.0,0adab909-eb8f-4baf-9eed-7a4cc889cb7c,65:77:10:D9:FB:30,,-91,1761404961510
31821,1761404975255.0,0adab909-eb8f-4baf-9eed-7a4cc889cb7c,4F:1D:01:24:5A:F7,,-91,1761404961510
31822,1761404975276.0,0adab909-eb8f-4baf-9eed-7a4cc889cb7c,74:BC:EA:81:63:F2,,-93,1761404961510
31823,1761404975296.0,0adab909-eb8f-4baf-9eed-7a4cc889cb7c,63:B7:9B:30:36:19,,-84,1761404961510
31824,1761404975354.0,0adab909-eb8f-4baf-9eed-7a4cc889cb7c,52:B7:D9:48:FF:47,JBL LIVE660NC-LE,-81,1761404961510
31825,1761404975366.0,0adab909-eb8f-4baf-9eed-7a4cc889cb7c,1D:68:20:FD:74:A8,,-91,1761404961510
31826,1761404975392.0,0adab909-eb8f-4baf-9eed-7a4cc889cb7c,6B:72:65:54:71:31,,-92,1761404961510
31827,1761404975408.0,0adab909-eb8f-4baf-9eed-7a4cc889cb7c,43:9D:DA:08:0C:C8,,-78,1761404961510
31828,1761404975419.0,0adab909-eb8f-4baf-9eed-7a4cc889cb7c,48:E1:7E:50:79:89,,-92,1761404961510
31829,1761404975429.0,0adab909-eb8f-4baf-9eed-7a4cc889cb7c,29:72:24:49:72:A4,,-90,1761404961510
31830,1761404975440.0,0adab909-eb8f-4baf-9eed-7a4cc889cb7c,41:9E:1B:4C:DC:8E,,-91,1761404961510
31831,1761404975449.0,0adab909-eb8f-4baf-9eed-7a4cc889cb7c,4F:1D:01:24:5A:F7,,-90,1761404961510
31832,1761404975475.0,0adab909-eb8f-4baf-9eed-7a4cc889cb7c,24:8A:1B:04:A1:C8,,127,1761404961510
31833,1761404975486.0,0adab909-eb8f-4baf-9eed-7a4cc889cb7c,07:F4:82:D2:C3:0D,,-88,1761404961510
31834,1761404975496.0,0adab909-eb8f-4baf-9eed-7a4cc889cb7c,57:B7:A3:3E:9C:5E,,-81,1761404961510
31835,1761404975506.0,0adab909-eb8f-4baf-9eed-7a4cc889cb7c,4D:BA:F2:6E:01:B0,,-90,1761404961510
31836,1761404975515.0,0adab909-eb8f-4baf-9eed-7a4cc889cb7c,32:3A:F7:F5:66:7F,,-84,1761404961510
31837,1761404975555.0,0adab909-eb8f-4baf-9eed-7a4cc889cb7c,21:22:ED:E1:67:5D,,-94,1761404961510
31838,1761404976435.0,0adab909-eb8f-4baf-9eed-7a4cc889cb7c,7A:B8:4C:92:46:74,,-81,1761404961510
31839,1761404976456.0,0adab909-eb8f-4baf-9eed-7a4cc889cb7c,28:DC:9C:0B:76:2A,,-90,1761404961510
31840,1761404976488.0,0adab909-eb8f-4baf-9eed-7a4cc889cb7c,52:81:40:E2:84:37,,-86,1761404961510
31841,1761404976554.0,0adab909-eb8f-4baf-9eed-7a4cc889cb7c,24:28:F5:B0:2B:23,,-90,1761404961510
31842,1761404976576.0,0adab909-eb8f-4baf-9eed-7a4cc889cb7c,3B:B9:93:96:EE:F3,,-75,1761404961510
31843,1761404976610.0,0adab909-eb8f-4baf-9eed-7a4cc889cb7c,46:ED:98:B7:6D:7D,,-87,1761404961510
31844,1761404976630.0,0adab909-eb8f-4baf-9eed-7a4cc889cb7c,1B:07:47:CF:72:FC,,-92,1761404961510
31845,1761404976645.0,0adab909-eb8f-4baf-9eed-7a4cc889cb7c,DF:FB:F2:9D:05:43,,-92,1761404961510
31846,1761404977305.0,0adab909-eb8f-4baf-9eed-7a4cc889cb7c,7B:0C:A1:82:36:47,,-79,1761404961510
31847,1761404977343.0,0adab909-eb8f-4baf-9eed-7a4cc889cb7c,43:9B:17:B1:AF:78,,-72,1761404961510
31848,1761404977371.0,0adab909-eb8f-4baf-9eed-7a4cc889cb7c,45:6E:4B:59:53:36,,-86,1761404961510
31849,1761404977401.0,0adab909-eb8f-4baf-9eed-7a4cc889cb7c,CF:A6:5D:BB:45:F9,,-84,1761404961510
31850,1761404977432.0,0adab909-eb8f-4baf-9eed-7a4cc889cb7c,3B:5A:A1:78:CE:53,,-88,1761404961510
31851,1761404977475.0,0adab909-eb8f-4baf-9eed-7a4cc889cb7c,1A:DE:EF:D4:46:7D,,-82,1761404961510
31852,1761404977505.0,0adab909-eb8f-4baf-9eed-7a4cc889cb7c,16:B1:FB:11:00:2B,,-93,1761404961510
31853,1761404977526.0,0adab909-eb8f-4baf-9eed-7a4cc889cb7c,D6:71:67:B7:60:49,,-93,1761404961510
31854,1761404977549.0,0adab909-eb8f-4baf-9eed-7a4cc889cb7c,46:E9:FD:EC:3D:A9,,-76,1761404961510
31855,1761404977579.0,0adab909-eb8f-4baf-9eed-7a4cc889cb7c,4A:B0:B7:23:83:34,,-67,1761404961510
31856,1761404977630.0,0adab909-eb8f-4baf-9eed-7a4cc889cb7c,4B:B1:8A:DD:37:6F,,-84,1761404961510
31857,1761404977653.0,0adab909-eb8f-4baf-9eed-7a4cc889cb7c,2B:B8:04:A7:40:4E,,-89,1761404961510
31858,1761404977673.0,0adab909-eb8f-4baf-9eed-7a4cc889cb7c,59:40:76:54:18:DF,,-88,1761404961510
31859,1761405514799.0,0adab909-eb8f-4baf-9eed-7a4cc889cb7c,44:3D:24:27:E3:BC,,-82,1761405514695
31860,1761405515146.0,0adab909-eb8f-4baf-9eed-7a4cc889cb7c,42:07:CF:1B:E2:D2,,-81,1761405514695
31861,1761405515419.0,0adab909-eb8f-4baf-9eed-7a4cc889cb7c,25:46:FB:28:0C:82,,-63,1761405514695
31862,1761405515734.0,0adab909-eb8f-4baf-9eed-7a4cc889cb7c,48:5F:CD:16:36:A9,,-80,1761405514695
31863,1761405515759.0,0adab909-eb8f-4baf-9eed-7a4cc889cb7c,48:2A:EF:F9:3E:7F,,-76,1761405514695
31864,1761405515773.0,0adab909-eb8f-4baf-9eed-7a4cc889cb7c,69:13:19:3C:AF:8E,,-76,1761405514695
31865,1761405515785.0,0adab909-eb8f-4baf-9eed-7a4cc889cb7c,5F:91:EA:99:A4:A8,,-76,1761405514695
31866,1761405515899.0,0adab909-eb8f-4baf-9eed-7a4cc889cb7c,A0:D0:5B:93:00:C8,[TV] Samsung QHB Series,-94,1761405514695
31867,1761405516027.0,0adab909-eb8f-4baf-9eed-7a4cc889cb7c,47:D9:91:2F:6D:DD,,-82,1761405514695
31868,1761405516049.0,0adab909-eb8f-4baf-9eed-7a4cc889cb7c,28:D7:85:A0:CD:84,,-84,1761405514695
31869,1761405516367.0,0adab909-eb8f-4baf-9eed-7a4cc889cb7c,6E:9E:8B:F8:89:CA,,-74,1761405514695
31870,1761405516383.0,0adab909-eb8f-4baf-9eed-7a4cc889cb7c,63:00:9B:11:99:48,,-88,1761405514695
31871,1761405516691.0,0adab909-eb8f-4baf-9eed-7a4cc889cb7c,6A:D3:4D:7F:E3:0B,,-87,1761405514695
31872,1761405517062.0,0adab909-eb8f-4baf-9eed-7a4cc889cb7c,11:65:C5:B9:BB:77,,-77,1761405514695
31873,1761405517079.0,0adab909-eb8f-4baf-9eed-7a4cc889cb7c,07:FC:89:DF:52:A3,,-68,1761405514695
31874,1761405517344.0,0adab909-eb8f-4baf-9eed-7a4cc889cb7c,7F:BC:36:FD:01:BF,,-87,1761405514695
31875,1761405517367.0,0adab909-eb8f-4baf-9eed-7a4cc889cb7c,6A:6D:19:5E:17:78,,-91,1761405514695
31876,1761405517650.0,0adab909-eb8f-4baf-9eed-7a4cc889cb7c,49:CB:7F:A4:1C:EA,,-76,1761405514695
31877,1761405517671.0,0adab909-eb8f-4baf-9eed-7a4cc889cb7c,7E:A7:AD:87:57:12,,-89,1761405514695
31878,1761405517682.0,0adab909-eb8f-4baf-9eed-7a4cc889cb7c,7C:B7:96:FF:B3:4A,,-88,1761405514695
31879,1761405517699.0,0adab909-eb8f-4baf-9eed-7a4cc889cb7c,52:81:40:E2:64:F9,,-91,1761405514695
31880,1761405517973.0,0adab909-eb8f-4baf-9eed-7a4cc889cb7c,67:B9:BB:00:0C:E2,,-91,1761405514695
31881,1761405517989.0,0adab909-eb8f-4baf-9eed-7a4cc889cb7c,47:E5:21:A7:4B:4C,,-79,1761405514695
31882,1761405518000.0,0adab909-eb8f-4baf-9eed-7a4cc889cb7c,52:81:40:E2:84:37,,-89,1761405514695
31883,1761405518035.0,0adab909-eb8f-4baf-9eed-7a4cc889cb7c,35:4A:18:25:3E:07,,-91,1761405514695
31884,1761405518183.0,0adab909-eb8f-4baf-9eed-7a4cc889cb7c,00:30:2E:A6:6F:8C,,-100,1761405514695
31885,1761405518651.0,0adab909-eb8f-4baf-9eed-7a4cc889cb7c,5B:AB:E3:80:88:1B,,-82,1761405514695
31886,1761405518665.0,0adab909-eb8f-4baf-9eed-7a4cc889cb7c,47:18:E8:58:E0:D9,,-92,1761405514695
31887,1761405518951.0,0adab909-eb8f-4baf-9eed-7a4cc889cb7c,30:EC:D9:F8:25:C2,,-91,1761405514695
31888,1761405519655.0,0adab909-eb8f-4baf-9eed-7a4cc889cb7c,6A:47:2A:D4:39:54,,-88,1761405514695
31889,1761405520200.0,0adab909-eb8f-4baf-9eed-7a4cc889cb7c,54:E2:D7:88:1C:D5,,-87,1761405514695
31890,1761405520245.0,0adab909-eb8f-4baf-9eed-7a4cc889cb7c,7E:97:09:2C:BD:E2,,-80,1761405514695
31891,1761405520562.0,0adab909-eb8f-4baf-9eed-7a4cc889cb7c,7F:5A:4B:7F:A2:CE,,-89,1761405514695
31892,1761405521535.0,0adab909-eb8f-4baf-9eed-7a4cc889cb7c,6A:97:17:B0:03:5E,,-91,1761405514695
31893,1761405522538.0,0adab909-eb8f-4baf-9eed-7a4cc889cb7c,56:D1:2A:1E:49:1E,,-88,1761405514695
31894,1761405522556.0,0adab909-eb8f-4baf-9eed-7a4cc889cb7c,57:B0:C0:D4:4A:8F,,-90,1761405514695
31895,1761405523421.0,0adab909-eb8f-4baf-9eed-7a4cc889cb7c,7D:72:FB:FB:1A:B9,,-85,1761405514695
31896,1761405524275.0,0adab909-eb8f-4baf-9eed-7a4cc889cb7c,00:72:EE:A8:84:CC,BOOK-3M9VT78DTN,-100,1761405514695
31897,1761405524432.0,0adab909-eb8f-4baf-9eed-7a4cc889cb7c,52:81:40:E2:E6:D3,,-88,1761405514695
31898,1761405524762.0,0adab909-eb8f-4baf-9eed-7a4cc889cb7c,6A:5A:54:6D:05:A3,,-86,1761405514695
31899,1761405525718.0,0adab909-eb8f-4baf-9eed-7a4cc889cb7c,6E:E5:F3:29:83:DC,,-94,1761405514695
31900,1761405525737.0,0adab909-eb8f-4baf-9eed-7a4cc889cb7c,5C:B4:7E:00:2A:34,LAPTOP-AON45QLH,-97,1761405514695
31901,1761405526009.0,0adab909-eb8f-4baf-9eed-7a4cc889cb7c,FC:DF:45:A1:06:90,RapidDoc_BT,-91,1761405514695
31902,1761405526035.0,0adab909-eb8f-4baf-9eed-7a4cc889cb7c,4A:51:9A:2D:FC:BF,,-82,1761405514695
31903,1761405526282.0,0adab909-eb8f-4baf-9eed-7a4cc889cb7c,7D:58:75:03:BA:62,,-91,1761405514695
31904,1761405527019.0,0adab909-eb8f-4baf-9eed-7a4cc889cb7c,78:02:CA:F4:AD:5F,,-91,1761405514695
31905,1761405536644.0,0adab909-eb8f-4baf-9eed-7a4cc889cb7c,00:72:EE:A8:84:CC,BOOK-3M9VT78DTN,-100,1761405514695
31906,1761406125716.0,0adab909-eb8f-4baf-9eed-7a4cc889cb7c,6C:7A:5B:A9:D7:45,,-87,1761406125691
31907,1761406125736.0,0adab909-eb8f-4baf-9eed-7a4cc889cb7c,1E:A2:2A:95:BA:29,,-77,1761406125691
31908,1761406125768.0,0adab909-eb8f-4baf-9eed-7a4cc889cb7c,4F:B6:B9:0D:60:19,,-86,1761406125691
31909,1761406125790.0,0adab909-eb8f-4baf-9eed-7a4cc889cb7c,3E:56:4E:B6:D1:18,,-79,1761406125691
31910,1761406126090.0,0adab909-eb8f-4baf-9eed-7a4cc889cb7c,5E:22:04:DB:EE:49,,-88,1761406125691
31911,1761406126106.0,0adab909-eb8f-4baf-9eed-7a4cc889cb7c,4B:95:B3:B8:6D:44,,-86,1761406125691
31912,1761406126120.0,0adab909-eb8f-4baf-9eed-7a4cc889cb7c,60:C6:4F:C2:50:00,RHX8-W2n#4FC660,-79,1761406125691
31913,1761406126133.0,0adab909-eb8f-4baf-9eed-7a4cc889cb7c,63:56:87:FB:CE:01,,-91,1761406125691
31914,1761406126145.0,0adab909-eb8f-4baf-9eed-7a4cc889cb7c,39:CF:97:A3:C2:6C,,-85,1761406125691
31915,1761406126155.0,0adab909-eb8f-4baf-9eed-7a4cc889cb7c,70:78:0D:17:2E:58,,-65,1761406125691
31916,1761406126170.0,0adab909-eb8f-4baf-9eed-7a4cc889cb7c,4D:A1:3B:5E:CB:40,,-82,1761406125691
31917,1761406126180.0,0adab909-eb8f-4baf-9eed-7a4cc889cb7c,6F:71:E4:2D:34:68,,-87,1761406125691
31918,1761406126392.0,0adab909-eb8f-4baf-9eed-7a4cc889cb7c,7E:83:56:35:12:B8,,-81,1761406125691
31919,1761406126425.0,0adab909-eb8f-4baf-9eed-7a4cc889cb7c,3B:CD:15:39:46:17,,-86,1761406125691
31920,1761406126441.0,0adab909-eb8f-4baf-9eed-7a4cc889cb7c,C8:E0:EB:2D:D1:66,,-79,1761406125691
31921,1761406126751.0,0adab909-eb8f-4baf-9eed-7a4cc889cb7c,65:50:45:29:00:6E,,-83,1761406125691
31922,1761406126770.0,0adab909-eb8f-4baf-9eed-7a4cc889cb7c,20:C6:86:6F:8C:43,,-81,1761406125691
31923,1761406126782.0,0adab909-eb8f-4baf-9eed-7a4cc889cb7c,16:44:8B:6B:5C:71,,-73,1761406125691
31924,1761406126907.0,0adab909-eb8f-4baf-9eed-7a4cc889cb7c,74:F7:F6:C8:3E:A2,,-100,1761406125691
31925,1761406127049.0,0adab909-eb8f-4baf-9eed-7a4cc889cb7c,49:00:E8:14:F7:07,,-85,1761406125691
31926,1761406127075.0,0adab909-eb8f-4baf-9eed-7a4cc889cb7c,5F:F7:13:9F:B7:A1,,-87,1761406125691
31927,1761406127153.0,0adab909-eb8f-4baf-9eed-7a4cc889cb7c,58:9E:43:46:08:DB,,-82,1761406125691
31928,1761406127249.0,0adab909-eb8f-4baf-9eed-7a4cc889cb7c,7A:D8:2D:47:AA:88,,-80,1761406125691
31929,1761406127966.0,0adab909-eb8f-4baf-9eed-7a4cc889cb7c,77:F5:95:71:39:B6,,-89,1761406125691
31930,1761406129058.0,0adab909-eb8f-4baf-9eed-7a4cc889cb7c,77:EE:49:D1:78:4C,,-89,1761406125691
31931,1761406129082.0,0adab909-eb8f-4baf-9eed-7a4cc889cb7c,5E:60:BA:5C:ED:13,,-90,1761406125691
31932,1761406129113.0,0adab909-eb8f-4baf-9eed-7a4cc889cb7c,58:77:79:BE:32:49,,-85,1761406125691
31933,1761406129124.0,0adab909-eb8f-4baf-9eed-7a4cc889cb7c,52:23:7D:52:10:2C,,-80,1761406125691
31934,1761406129137.0,0adab909-eb8f-4baf-9eed-7a4cc889cb7c,5C:C3:F0:54:B5:D5,,-87,1761406125691
31935,1761406129385.0,0adab909-eb8f-4baf-9eed-7a4cc889cb7c,74:F7:F6:C8:3E:A2,T2s,-100,1761406125691
31936,1761406129563.0,0adab909-eb8f-4baf-9eed-7a4cc889cb7c,4B:49:B1:DB:B3:50,,-74,1761406125691
31937,1761406129652.0,0adab909-eb8f-4baf-9eed-7a4cc889cb7c,70:04:98:34:85:98,CT320D-P70Z,-89,1761406125691
31938,1761406132277.0,0adab909-eb8f-4baf-9eed-7a4cc889cb7c,D4:9D:C0:BC:C0:DD,,-100,1761406125691
31939,1761406133137.0,0adab909-eb8f-4baf-9eed-7a4cc889cb7c,56:B9:17:1B:26:2F,,-91,1761406125691
31940,1761406135572.0,0adab909-eb8f-4baf-9eed-7a4cc889cb7c,10:38:1F:7A:18:B7,MiTV-AYFR0,-97,1761406125691
31941,1761406135828.0,0adab909-eb8f-4baf-9eed-7a4cc889cb7c,34:90:EA:35:28:A8,,-96,1761406125691
31942,1761406139254.0,0adab909-eb8f-4baf-9eed-7a4cc889cb7c,34:90:EA:35:28:A8,My VW 3046,-96,1761406125691
31943,1761406153145.0,0adab909-eb8f-4baf-9eed-7a4cc889cb7c,3B:44:02:F0:A3:66,,-88,1761406125691
31944,1761406153172.0,0adab909-eb8f-4baf-9eed-7a4cc889cb7c,D7:80:9F:08:37:A5,,-91,1761406125691
31945,1761406153194.0,0adab909-eb8f-4baf-9eed-7a4cc889cb7c,0E:3B:C5:3F:19:A2,,-87,1761406125691
31946,1761406153216.0,0adab909-eb8f-4baf-9eed-7a4cc889cb7c,04:69:F8:9E:DE:15,,-92,1761406125691
31947,1761406153248.0,0adab909-eb8f-4baf-9eed-7a4cc889cb7c,60:AA:3C:D3:C7:10,,-88,1761406125691
31948,1761406153266.0,0adab909-eb8f-4baf-9eed-7a4cc889cb7c,54:31:77:8C:D4:19,,-88,1761406125691
31949,1761406153285.0,0adab909-eb8f-4baf-9eed-7a4cc889cb7c,F4:DD:06:45:0B:27,,-86,1761406125691
31950,1761406153307.0,0adab909-eb8f-4baf-9eed-7a4cc889cb7c,6E:4D:26:20:54:3E,,-74,1761406125691
31951,1761406153331.0,0adab909-eb8f-4baf-9eed-7a4cc889cb7c,2A:55:B2:5C:0C:47,,-84,1761406125691
31952,1761406153439.0,0adab909-eb8f-4baf-9eed-7a4cc889cb7c,2C:4A:98:59:39:7F,,-79,1761406125691
31953,1761406153470.0,0adab909-eb8f-4baf-9eed-7a4cc889cb7c,C2:36:0F:C2:10:8C,,-75,1761406125691
31954,1761406153488.0,0adab909-eb8f-4baf-9eed-7a4cc889cb7c,5C:C3:F0:54:B5:D5,,-92,1761406125691
31955,1761406153503.0,0adab909-eb8f-4baf-9eed-7a4cc889cb7c,06:71:F2:BA:55:77,,-79,1761406125691
31956,1761406153520.0,0adab909-eb8f-4baf-9eed-7a4cc889cb7c,77:7E:C9:7D:FA:33,,-75,1761406125691
31957,1761406153548.0,0adab909-eb8f-4baf-9eed-7a4cc889cb7c,5E:95:7C:6C:C3:72,,-90,1761406125691
31958,1761406153577.0,0adab909-eb8f-4baf-9eed-7a4cc889cb7c,77:EA:2D:00:F2:F6,LE_WF-C500,-79,1761406125691
31959,1761406153606.0,0adab909-eb8f-4baf-9eed-7a4cc889cb7c,DF:89:EB:F5:3A:F7,,-80,1761406125691
31960,1761406153634.0,0adab909-eb8f-4baf-9eed-7a4cc889cb7c,16:44:8B:6B:5C:71,,-76,1761406125691
31961,1761406153655.0,0adab909-eb8f-4baf-9eed-7a4cc889cb7c,3D:45:B6:67:10:85,,-81,1761406125691
31962,1761406153686.0,0adab909-eb8f-4baf-9eed-7a4cc889cb7c,62:9F:CD:65:F3:17,,-87,1761406125691
31963,1761406153713.0,0adab909-eb8f-4baf-9eed-7a4cc889cb7c,7F:7F:84:69:DB:65,,-81,1761406125691
31964,1761406154102.0,0adab909-eb8f-4baf-9eed-7a4cc889cb7c,F3:08:3A:99:9D:E3,,-89,1761406125691
31965,1761406154127.0,0adab909-eb8f-4baf-9eed-7a4cc889cb7c,60:C6:4F:C2:50:00,RHX8-W2n#4FC660,-85,1761406125691
31966,1761406154157.0,0adab909-eb8f-4baf-9eed-7a4cc889cb7c,7C:D1:FE:F5:5B:CF,,-88,1761406125691
31967,1761406154181.0,0adab909-eb8f-4baf-9eed-7a4cc889cb7c,CF:D4:10:24:92:59,,-94,1761406125691
31968,1761406154202.0,0adab909-eb8f-4baf-9eed-7a4cc889cb7c,3D:F2:FE:48:21:01,,127,1761406125691
31969,1761406154244.0,0adab909-eb8f-4baf-9eed-7a4cc889cb7c,70:78:0D:17:2E:58,,-71,1761406125691
31970,1761406154278.0,0adab909-eb8f-4baf-9eed-7a4cc889cb7c,4E:31:DB:B5:E4:6E,JBL TUNE235NC TWS-LE,-73,1761406125691
31971,1761406154328.0,0adab909-eb8f-4baf-9eed-7a4cc889cb7c,1E:A2:2A:95:BA:29,,-93,1761406125691
31972,1761406154353.0,0adab909-eb8f-4baf-9eed-7a4cc889cb7c,6A:3C:56:36:9C:CC,,-90,1761406125691
31973,1761406154390.0,0adab909-eb8f-4baf-9eed-7a4cc889cb7c,10:10:B5:03:01:E7,,-68,1761406125691
31974,1761406154408.0,0adab909-eb8f-4baf-9eed-7a4cc889cb7c,7A:4F:7D:1D:DB:F0,,-88,1761406125691
31975,1761406155103.0,0adab909-eb8f-4baf-9eed-7a4cc889cb7c,3F:40:17:B5:B4:70,,-85,1761406125691
31976,1761406155131.0,0adab909-eb8f-4baf-9eed-7a4cc889cb7c,C6:D7:93:E3:1F:17,,-77,1761406125691
31977,1761406155155.0,0adab909-eb8f-4baf-9eed-7a4cc889cb7c,80:CC:12:1E:D3:06,HUAWEI WATCH FIT 3-306,-87,1761406125691
31978,1761406155175.0,0adab909-eb8f-4baf-9eed-7a4cc889cb7c,53:8D:77:CE:C1:BE,,-83,1761406125691
31979,1761406155195.0,0adab909-eb8f-4baf-9eed-7a4cc889cb7c,6A:77:3D:84:AA:EE,,-92,1761406125691
31980,1761406155218.0,0adab909-eb8f-4baf-9eed-7a4cc889cb7c,58:77:79:BE:32:49,,-91,1761406125691
31981,1761406155241.0,0adab909-eb8f-4baf-9eed-7a4cc889cb7c,57:6F:A3:56:9C:BF,,-90,1761406125691
31982,1761406155260.0,0adab909-eb8f-4baf-9eed-7a4cc889cb7c,04:D9:27:A9:C6:1F,,-89,1761406125691
31983,1761406155276.0,0adab909-eb8f-4baf-9eed-7a4cc889cb7c,77:F5:95:71:39:B6,,-88,1761406125691
31984,1761406155292.0,0adab909-eb8f-4baf-9eed-7a4cc889cb7c,6F:71:E4:2D:34:68,,-88,1761406125691
31985,1761406155310.0,0adab909-eb8f-4baf-9eed-7a4cc889cb7c,4F:A1:34:A7:EF:A7,,-76,1761406125691
31986,1761406155339.0,0adab909-eb8f-4baf-9eed-7a4cc889cb7c,06:71:F2:BA:55:77,,-85,1761406125691
31987,1761406712240.0,0adab909-eb8f-4baf-9eed-7a4cc889cb7c,6C:28:99:B3:7A:DA,,-93,1761406712096
31988,1761406713491.0,0adab909-eb8f-4baf-9eed-7a4cc889cb7c,FF:10:10:AE:A7:64,Sunset lights,-84,1761406712096
31989,1761406713826.0,0adab909-eb8f-4baf-9eed-7a4cc889cb7c,70:AC:D2:31:A2:B4,,-86,1761406712096
31990,1761406718784.0,0adab909-eb8f-4baf-9eed-7a4cc889cb7c,57:8B:BE:9F:4D:07,,-92,1761406712096
31991,1761407342413.0,0adab909-eb8f-4baf-9eed-7a4cc889cb7c,60:74:F4:72:90:3F,ihoment_H601B_903F,-81,1761407342402
31992,1761407342427.0,0adab909-eb8f-4baf-9eed-7a4cc889cb7c,54:6D:94:48:CE:21,,-88,1761407342402
31993,1761407342469.0,0adab909-eb8f-4baf-9eed-7a4cc889cb7c,FF:10:10:AE:A7:64,Sunset lights,-77,1761407342402
31994,1761407342785.0,0adab909-eb8f-4baf-9eed-7a4cc889cb7c,6C:28:99:B3:7A:DA,,-77,1761407342402
31995,1761407342805.0,0adab909-eb8f-4baf-9eed-7a4cc889cb7c,60:74:F4:73:99:E7,ihoment_H601B_99E7,-83,1761407342402
31996,1761407343433.0,0adab909-eb8f-4baf-9eed-7a4cc889cb7c,4C:96:8A:ED:6A:01,SPEN NA,-63,1761407342402
31997,1761407343794.0,0adab909-eb8f-4baf-9eed-7a4cc889cb7c,CF:33:36:32:4C:1E,Govee_H6054_4C1E,-74,1761407342402
31998,1761407344084.0,0adab909-eb8f-4baf-9eed-7a4cc889cb7c,4C:96:8A:ED:6A:01,SPEN NA,-66,1761407342402
31999,1761407344402.0,0adab909-eb8f-4baf-9eed-7a4cc889cb7c,4C:96:8A:ED:6A:01,SPEN NA,-64,1761407342402
32000,1761407345037.0,0adab909-eb8f-4baf-9eed-7a4cc889cb7c,4C:96:8A:ED:6A:01,SPEN NA,-66,1761407342402
32001,1761407345979.0,0adab909-eb8f-4baf-9eed-7a4cc889cb7c,4C:96:8A:ED:6A:01,SPEN NA,-69,1761407342402
32002,1761407346366.0,0adab909-eb8f-4baf-9eed-7a4cc889cb7c,4C:96:8A:ED:6A:01,SPEN NA,-64,1761407342402
32003,1761407347319.0,0adab909-eb8f-4baf-9eed-7a4cc889cb7c,4C:96:8A:ED:6A:01,SPEN NA,-64,1761407342402
32004,1761407347648.0,0adab909-eb8f-4baf-9eed-7a4cc889cb7c,4C:96:8A:ED:6A:01,SPEN NA,-66,1761407342402
32005,1761407347957.0,0adab909-eb8f-4baf-9eed-7a4cc889cb7c,4C:96:8A:ED:6A:01,SPEN NA,-65,1761407342402
32006,1761407348586.0,0adab909-eb8f-4baf-9eed-7a4cc889cb7c,4C:96:8A:ED:6A:01,SPEN NA,-66,1761407342402
32007,1761407348913.0,0adab909-eb8f-4baf-9eed-7a4cc889cb7c,4C:96:8A:ED:6A:01,SPEN NA,-69,1761407342402
32008,1761407349233.0,0adab909-eb8f-4baf-9eed-7a4cc889cb7c,4C:96:8A:ED:6A:01,SPEN NA,-63,1761407342402
32009,1761407349547.0,0adab909-eb8f-4baf-9eed-7a4cc889cb7c,4C:96:8A:ED:6A:01,SPEN NA,-61,1761407342402
32010,1761407349850.0,0adab909-eb8f-4baf-9eed-7a4cc889cb7c,4C:96:8A:ED:6A:01,SPEN NA,-69,1761407342402
32011,1761407350174.0,0adab909-eb8f-4baf-9eed-7a4cc889cb7c,4C:96:8A:ED:6A:01,SPEN NA,-59,1761407342402
32012,1761407351443.0,0adab909-eb8f-4baf-9eed-7a4cc889cb7c,4C:96:8A:ED:6A:01,SPEN NA,-61,1761407342402
32013,1761407351759.0,0adab909-eb8f-4baf-9eed-7a4cc889cb7c,4C:96:8A:ED:6A:01,SPEN NA,-69,1761407342402
32014,1761407352703.0,0adab909-eb8f-4baf-9eed-7a4cc889cb7c,4C:96:8A:ED:6A:01,SPEN NA,-69,1761407342402
32015,1761407353091.0,0adab909-eb8f-4baf-9eed-7a4cc889cb7c,4C:96:8A:ED:6A:01,SPEN NA,-64,1761407342402
32016,1761407353716.0,0adab909-eb8f-4baf-9eed-7a4cc889cb7c,4C:96:8A:ED:6A:01,SPEN NA,-66,1761407342402
32017,1761407354358.0,0adab909-eb8f-4baf-9eed-7a4cc889cb7c,4C:96:8A:ED:6A:01,SPEN NA,-61,1761407342402
32018,1761407354702.0,0adab909-eb8f-4baf-9eed-7a4cc889cb7c,4C:96:8A:ED:6A:01,SPEN NA,-66,1761407342402
32019,1761407354990.0,0adab909-eb8f-4baf-9eed-7a4cc889cb7c,4C:96:8A:ED:6A:01,SPEN NA,-65,1761407342402
32020,1761407355298.0,0adab909-eb8f-4baf-9eed-7a4cc889cb7c,4C:96:8A:ED:6A:01,SPEN NA,-59,1761407342402
32021,1761407355318.0,0adab909-eb8f-4baf-9eed-7a4cc889cb7c,60:74:F4:72:90:3F,ihoment_H601B_903F,-81,1761407342402
32022,1761407355356.0,0adab909-eb8f-4baf-9eed-7a4cc889cb7c,D2:02:1C:0B:84:E9,,-90,1761407342402
32023,1761407355431.0,0adab909-eb8f-4baf-9eed-7a4cc889cb7c,6C:28:99:B3:7A:DA,,-80,1761407342402
32024,1761407355451.0,0adab909-eb8f-4baf-9eed-7a4cc889cb7c,FF:10:10:AE:A7:64,Sunset lights,-76,1761407342402
32025,1761407355463.0,0adab909-eb8f-4baf-9eed-7a4cc889cb7c,60:74:F4:73:99:E7,ihoment_H601B_99E7,-81,1761407342402
32026,1761407356463.0,0adab909-eb8f-4baf-9eed-7a4cc889cb7c,CF:33:36:32:4C:1E,Govee_H6054_4C1E,-74,1761407342402
32027,1761407356482.0,0adab909-eb8f-4baf-9eed-7a4cc889cb7c,54:6D:94:48:CE:21,,-79,1761407342402
32028,1761407356520.0,0adab909-eb8f-4baf-9eed-7a4cc889cb7c,1D:90:A3:E5:26:76,,-87,1761407342402
32029,1761408171523.0,0adab909-eb8f-4baf-9eed-7a4cc889cb7c,5A:59:8A:4B:5F:28,,-84,1761408170749
32030,1761408171815.0,0adab909-eb8f-4baf-9eed-7a4cc889cb7c,FF:10:10:AE:A7:64,Sunset lights,-80,1761408170749
32031,1761408172182.0,0adab909-eb8f-4baf-9eed-7a4cc889cb7c,60:74:F4:72:90:3F,ihoment_H601B_903F,-85,1761408170749
32032,1761408172760.0,0adab909-eb8f-4baf-9eed-7a4cc889cb7c,60:74:F4:73:99:E7,ihoment_H601B_99E7,-82,1761408170749
32033,1761408173041.0,0adab909-eb8f-4baf-9eed-7a4cc889cb7c,CF:33:36:32:4C:1E,Govee_H6054_4C1E,-73,1761408170749
32034,1761408173109.0,0adab909-eb8f-4baf-9eed-7a4cc889cb7c,EF:58:94:E0:AF:88,DriveDot-7244,-89,1761408170749
32035,1761408173379.0,0adab909-eb8f-4baf-9eed-7a4cc889cb7c,2E:A4:BC:2F:27:7B,,-91,1761408170749
32036,1761408174039.0,0adab909-eb8f-4baf-9eed-7a4cc889cb7c,4D:E9:80:AE:82:4E,,-79,1761408170749
32037,1761408770771.0,0adab909-eb8f-4baf-9eed-7a4cc889cb7c,5A:59:8A:4B:5F:28,,-81,1761408770749
32038,1761408770788.0,0adab909-eb8f-4baf-9eed-7a4cc889cb7c,60:74:F4:72:90:3F,ihoment_H601B_903F,-81,1761408770749
32039,1761408770856.0,0adab909-eb8f-4baf-9eed-7a4cc889cb7c,4C:96:8A:ED:6A:01,SPEN NA,-62,1761408770749
32040,1761408771169.0,0adab909-eb8f-4baf-9eed-7a4cc889cb7c,4C:96:8A:ED:6A:01,SPEN NA,-64,1761408770749
32041,1761408771485.0,0adab909-eb8f-4baf-9eed-7a4cc889cb7c,4C:96:8A:ED:6A:01,SPEN NA,-67,1761408770749
32042,1761408771500.0,0adab909-eb8f-4baf-9eed-7a4cc889cb7c,CF:33:36:32:4C:1E,Govee_H6054_4C1E,-79,1761408770749
32043,1761408771792.0,0adab909-eb8f-4baf-9eed-7a4cc889cb7c,4C:96:8A:ED:6A:01,SPEN NA,-62,1761408770749
32044,1761408771853.0,0adab909-eb8f-4baf-9eed-7a4cc889cb7c,FF:10:10:AE:A7:64,Sunset lights,-78,1761408770749
32045,1761408771897.0,0adab909-eb8f-4baf-9eed-7a4cc889cb7c,4C:96:8A:ED:6A:01,SPEN NA,-61,1761408770749
32046,1761408771920.0,0adab909-eb8f-4baf-9eed-7a4cc889cb7c,60:74:F4:73:99:E7,ihoment_H601B_99E7,-84,1761408770749
32047,1761408772101.0,0adab909-eb8f-4baf-9eed-7a4cc889cb7c,4C:96:8A:ED:6A:01,SPEN NA,-64,1761408770749
32048,1761408772437.0,0adab909-eb8f-4baf-9eed-7a4cc889cb7c,4C:96:8A:ED:6A:01,SPEN NA,-67,1761408770749
32049,1761408772745.0,0adab909-eb8f-4baf-9eed-7a4cc889cb7c,4C:96:8A:ED:6A:01,SPEN NA,-62,1761408770749
32050,1761408772834.0,0adab909-eb8f-4baf-9eed-7a4cc889cb7c,4C:96:8A:ED:6A:01,SPEN NA,-61,1761408770749
32051,1761408773368.0,0adab909-eb8f-4baf-9eed-7a4cc889cb7c,4C:96:8A:ED:6A:01,SPEN NA,-62,1761408770749
32052,1761408773712.0,0adab909-eb8f-4baf-9eed-7a4cc889cb7c,4C:96:8A:ED:6A:01,SPEN NA,-60,1761408770749
32053,1761408774020.0,0adab909-eb8f-4baf-9eed-7a4cc889cb7c,4C:96:8A:ED:6A:01,SPEN NA,-64,1761408770749
32054,1761408774638.0,0adab909-eb8f-4baf-9eed-7a4cc889cb7c,4C:96:8A:ED:6A:01,SPEN NA,-63,1761408770749
32055,1761408775364.0,0adab909-eb8f-4baf-9eed-7a4cc889cb7c,4C:96:8A:ED:6A:01,SPEN NA,-68,1761408770749
32056,1761408776963.0,0adab909-eb8f-4baf-9eed-7a4cc889cb7c,4C:96:8A:ED:6A:01,SPEN NA,-66,1761408770749
32057,1761408777575.0,0adab909-eb8f-4baf-9eed-7a4cc889cb7c,4C:96:8A:ED:6A:01,SPEN NA,-63,1761408770749
32058,1761408777888.0,0adab909-eb8f-4baf-9eed-7a4cc889cb7c,4C:96:8A:ED:6A:01,SPEN NA,-64,1761408770749
32059,1761408778204.0,0adab909-eb8f-4baf-9eed-7a4cc889cb7c,4C:96:8A:ED:6A:01,SPEN NA,-69,1761408770749
32060,1761408779151.0,0adab909-eb8f-4baf-9eed-7a4cc889cb7c,4C:96:8A:ED:6A:01,SPEN NA,-67,1761408770749
32061,1761408779504.0,0adab909-eb8f-4baf-9eed-7a4cc889cb7c,4D:E9:80:AE:82:4E,,-88,1761408770749
32062,1761408779791.0,0adab909-eb8f-4baf-9eed-7a4cc889cb7c,4C:96:8A:ED:6A:01,SPEN NA,-62,1761408770749
32063,1761408780302.0,0adab909-eb8f-4baf-9eed-7a4cc889cb7c,4C:96:8A:ED:6A:01,SPEN NA,-68,1761408770749
32064,1761408780411.0,0adab909-eb8f-4baf-9eed-7a4cc889cb7c,4C:96:8A:ED:6A:01,SPEN NA,-63,1761408770749
32065,1761408780741.0,0adab909-eb8f-4baf-9eed-7a4cc889cb7c,4C:96:8A:ED:6A:01,SPEN NA,-65,1761408770749
32066,1761408780823.0,0adab909-eb8f-4baf-9eed-7a4cc889cb7c,4C:96:8A:ED:6A:01,SPEN NA,-66,1761408770749
32067,1761408781351.0,0adab909-eb8f-4baf-9eed-7a4cc889cb7c,4C:96:8A:ED:6A:01,SPEN NA,-58,1761408770749
32068,1761408782086.0,0adab909-eb8f-4baf-9eed-7a4cc889cb7c,4C:96:8A:ED:6A:01,SPEN NA,-67,1761408770749
32069,1761408782703.0,0adab909-eb8f-4baf-9eed-7a4cc889cb7c,4C:96:8A:ED:6A:01,SPEN NA,-62,1761408770749
32070,1761408783368.0,0adab909-eb8f-4baf-9eed-7a4cc889cb7c,4C:96:8A:ED:6A:01,SPEN NA,-65,1761408770749
32071,1761408783646.0,0adab909-eb8f-4baf-9eed-7a4cc889cb7c,CF:33:36:32:4C:1E,Govee_H6054_4C1E,-77,1761408770749
32072,1761408783663.0,0adab909-eb8f-4baf-9eed-7a4cc889cb7c,4C:96:8A:ED:6A:01,SPEN NA,-61,1761408770749
32073,1761408783679.0,0adab909-eb8f-4baf-9eed-7a4cc889cb7c,60:74:F4:72:90:3F,ihoment_H601B_903F,-77,1761408770749
32074,1761408783713.0,0adab909-eb8f-4baf-9eed-7a4cc889cb7c,FF:10:10:AE:A7:64,Sunset lights,-73,1761408770749
32075,1761408783755.0,0adab909-eb8f-4baf-9eed-7a4cc889cb7c,60:74:F4:73:99:E7,ihoment_H601B_99E7,-80,1761408770749
32076,1761408784709.0,0adab909-eb8f-4baf-9eed-7a4cc889cb7c,00:8D:57:0E:8E:92,,-93,1761408770749
32077,1761409370734.0,0adab909-eb8f-4baf-9eed-7a4cc889cb7c,FF:10:10:AE:A7:64,Sunset lights,-79,1761409370675
32078,1761409370834.0,0adab909-eb8f-4baf-9eed-7a4cc889cb7c,60:74:F4:72:90:3F,ihoment_H601B_903F,-82,1761409370675
32079,1761409370852.0,0adab909-eb8f-4baf-9eed-7a4cc889cb7c,4D:E9:80:AE:82:4E,,-91,1761409370675
32080,1761409371763.0,0adab909-eb8f-4baf-9eed-7a4cc889cb7c,CF:33:36:32:4C:1E,Govee_H6054_4C1E,-82,1761409370675
32081,1761409372440.0,0adab909-eb8f-4baf-9eed-7a4cc889cb7c,6A:61:0A:C3:6D:23,,-84,1761409370675
32082,1761409372986.0,0adab909-eb8f-4baf-9eed-7a4cc889cb7c,60:74:F4:73:99:E7,ihoment_H601B_99E7,-88,1761409370675
32083,1761409861402.0,0adab909-eb8f-4baf-9eed-7a4cc889cb7c,60:74:F4:73:99:E7,ihoment_H601B_99E7,-85,1761409861250
32084,1761409861663.0,0adab909-eb8f-4baf-9eed-7a4cc889cb7c,CF:33:36:32:4C:1E,Govee_H6054_4C1E,-78,1761409861250
32085,1761409861778.0,0adab909-eb8f-4baf-9eed-7a4cc889cb7c,53:A1:DF:2D:33:5B,,-85,1761409861250
32086,1761409861854.0,0adab909-eb8f-4baf-9eed-7a4cc889cb7c,60:74:F4:72:90:3F,ihoment_H601B_903F,-81,1761409861250
32087,1761409862005.0,0adab909-eb8f-4baf-9eed-7a4cc889cb7c,6A:61:0A:C3:6D:23,,-84,1761409861250
32088,1761409863048.0,0adab909-eb8f-4baf-9eed-7a4cc889cb7c,6B:FE:72:1C:6D:1B,,-88,1761409861250
32089,1761409863311.0,0adab909-eb8f-4baf-9eed-7a4cc889cb7c,FF:10:10:AE:A7:64,Sunset lights,-80,1761409861250
32090,1761409864543.0,0adab909-eb8f-4baf-9eed-7a4cc889cb7c,72:35:BC:B0:2D:F0,,-93,1761409861250
32091,1761410570712.0,0adab909-eb8f-4baf-9eed-7a4cc889cb7c,46:99:44:E5:8C:58,,-78,1761410570697
32092,1761410571100.0,0adab909-eb8f-4baf-9eed-7a4cc889cb7c,CF:33:36:32:4C:1E,Govee_H6054_4C1E,-78,1761410570697
32093,1761410571176.0,0adab909-eb8f-4baf-9eed-7a4cc889cb7c,FF:10:10:AE:A7:64,Sunset lights,-78,1761410570697
32094,1761410571812.0,0adab909-eb8f-4baf-9eed-7a4cc889cb7c,60:74:F4:73:99:E7,ihoment_H601B_99E7,-86,1761410570697
32095,1761410572422.0,0adab909-eb8f-4baf-9eed-7a4cc889cb7c,52:14:06:1D:52:61,,-85,1761410570697
32096,1761410574934.0,0adab909-eb8f-4baf-9eed-7a4cc889cb7c,60:74:F4:72:90:3F,ihoment_H601B_903F,-86,1761410570697
32097,1761410576297.0,0adab909-eb8f-4baf-9eed-7a4cc889cb7c,53:A1:DF:2D:33:5B,,-85,1761410570697
32098,1761411171074.0,0adab909-eb8f-4baf-9eed-7a4cc889cb7c,60:74:F4:73:99:E7,ihoment_H601B_99E7,-88,1761411171031
32099,1761411172999.0,0adab909-eb8f-4baf-9eed-7a4cc889cb7c,6F:F4:69:2E:EC:A3,,-89,1761411171031
32100,1761411173651.0,0adab909-eb8f-4baf-9eed-7a4cc889cb7c,46:99:44:E5:8C:58,,-81,1761411171031
32101,1761411174972.0,0adab909-eb8f-4baf-9eed-7a4cc889cb7c,60:74:F4:72:90:3F,ihoment_H601B_903F,-91,1761411171031
32102,1761411179097.0,0adab909-eb8f-4baf-9eed-7a4cc889cb7c,CF:33:36:32:4C:1E,Govee_H6054_4C1E,-79,1761411171031
32103,1761411181023.0,0adab909-eb8f-4baf-9eed-7a4cc889cb7c,52:14:06:1D:52:61,,-94,1761411171031
32104,1761411181059.0,0adab909-eb8f-4baf-9eed-7a4cc889cb7c,FF:10:10:AE:A7:64,Sunset lights,-91,1761411171031
32105,1761411552530.0,0adab909-eb8f-4baf-9eed-7a4cc889cb7c,60:74:F4:72:90:3F,ihoment_H601B_903F,-94,1761411551465
32106,1761411552851.0,0adab909-eb8f-4baf-9eed-7a4cc889cb7c,60:74:F4:73:99:E7,ihoment_H601B_99E7,-89,1761411551465
32107,1761411554121.0,0adab909-eb8f-4baf-9eed-7a4cc889cb7c,CF:33:36:32:4C:1E,Govee_H6054_4C1E,-84,1761411551465
32108,1761411554446.0,0adab909-eb8f-4baf-9eed-7a4cc889cb7c,6F:F4:69:2E:EC:A3,,-93,1761411551465
32109,1761411555113.0,0adab909-eb8f-4baf-9eed-7a4cc889cb7c,7D:5A:53:88:93:14,,-93,1761411551465
32110,1761411556698.0,0adab909-eb8f-4baf-9eed-7a4cc889cb7c,70:BE:7C:7B:6B:AB,,-91,1761411551465
32111,1761412165310.0,0adab909-eb8f-4baf-9eed-7a4cc889cb7c,CF:33:36:32:4C:1E,Govee_H6054_4C1E,-88,1761412162711
32112,1761412165327.0,0adab909-eb8f-4baf-9eed-7a4cc889cb7c,FF:10:10:AE:A7:64,Sunset lights,-87,1761412162711
32113,1761412165339.0,0adab909-eb8f-4baf-9eed-7a4cc889cb7c,60:74:F4:72:90:3F,ihoment_H601B_903F,-88,1761412162711
32114,1761412165352.0,0adab909-eb8f-4baf-9eed-7a4cc889cb7c,70:BE:7C:7B:6B:AB,,-90,1761412162711
32115,1761412165981.0,0adab909-eb8f-4baf-9eed-7a4cc889cb7c,6F:F4:69:2E:EC:A3,,-94,1761412162711
32116,1761412166357.0,0adab909-eb8f-4baf-9eed-7a4cc889cb7c,60:74:F4:73:99:E7,ihoment_H601B_99E7,-93,1761412162711
32117,1761412170554.0,0adab909-eb8f-4baf-9eed-7a4cc889cb7c,75:CB:E5:A0:EB:87,,-82,1761412162711
32118,1761412172473.0,0adab909-eb8f-4baf-9eed-7a4cc889cb7c,7D:5A:53:88:93:14,,-85,1761412162711
32119,1761412174031.0,0adab909-eb8f-4baf-9eed-7a4cc889cb7c,44:0B:ED:F2:99:4E,,-79,1761412162711
32120,1761412745109.0,0adab909-eb8f-4baf-9eed-7a4cc889cb7c,CF:33:36:32:4C:1E,Govee_H6054_4C1E,-83,1761412744659
32121,1761412745383.0,0adab909-eb8f-4baf-9eed-7a4cc889cb7c,60:74:F4:73:99:E7,ihoment_H601B_99E7,-80,1761412744659
32122,1761412748290.0,0adab909-eb8f-4baf-9eed-7a4cc889cb7c,6F:17:CA:03:62:75,,-87,1761412744659
32123,1761412751482.0,0adab909-eb8f-4baf-9eed-7a4cc889cb7c,60:74:F4:72:90:3F,ihoment_H601B_903F,-79,1761412744659
32124,1761412751501.0,0adab909-eb8f-4baf-9eed-7a4cc889cb7c,48:40:2B:9F:54:6A,,-89,1761412744659
32125,1761412751843.0,0adab909-eb8f-4baf-9eed-7a4cc889cb7c,59:D4:0F:93:A9:84,,-92,1761412744659
32126,1761413359639.0,0adab909-eb8f-4baf-9eed-7a4cc889cb7c,FF:10:10:AE:A7:64,Sunset lights,-85,1761413359584
32127,1761413359661.0,0adab909-eb8f-4baf-9eed-7a4cc889cb7c,CF:33:36:32:4C:1E,Govee_H6054_4C1E,-89,1761413359584
32128,1761413359674.0,0adab909-eb8f-4baf-9eed-7a4cc889cb7c,5A:E3:BE:1C:2F:67,,-94,1761413359584
32129,1761413360088.0,0adab909-eb8f-4baf-9eed-7a4cc889cb7c,59:D4:0F:93:A9:84,,-92,1761413359584
32130,1761413360989.0,0adab909-eb8f-4baf-9eed-7a4cc889cb7c,5E:84:6E:31:74:11,,-89,1761413359584
32131,1761413361006.0,0adab909-eb8f-4baf-9eed-7a4cc889cb7c,60:74:F4:72:90:3F,ihoment_H601B_903F,-89,1761413359584
32132,1761413361581.0,0adab909-eb8f-4baf-9eed-7a4cc889cb7c,60:74:F4:73:99:E7,ihoment_H601B_99E7,-82,1761413359584
32133,1761413361912.0,0adab909-eb8f-4baf-9eed-7a4cc889cb7c,58:9D:12:E1:29:C4,,-86,1761413359584
32134,1761413362270.0,0adab909-eb8f-4baf-9eed-7a4cc889cb7c,48:40:2B:9F:54:6A,,-86,1761413359584
32135,1761413365809.0,0adab909-eb8f-4baf-9eed-7a4cc889cb7c,63:A2:1B:3D:82:A3,,-77,1761413359584
32136,1761413368669.0,0adab909-eb8f-4baf-9eed-7a4cc889cb7c,55:90:80:40:78:FB,,-90,1761413359584
32137,1761414068208.0,0adab909-eb8f-4baf-9eed-7a4cc889cb7c,74:A5:0A:41:CF:AB,,-80,1761414066819
32138,1761414068544.0,0adab909-eb8f-4baf-9eed-7a4cc889cb7c,CF:33:36:32:4C:1E,Govee_H6054_4C1E,-88,1761414066819
32139,1761414068859.0,0adab909-eb8f-4baf-9eed-7a4cc889cb7c,74:90:5D:B8:88:CD,,-82,1761414066819
32140,1761414069815.0,0adab909-eb8f-4baf-9eed-7a4cc889cb7c,53:82:E7:FA:DD:DF,,-92,1761414066819
32141,1761414071400.0,0adab909-eb8f-4baf-9eed-7a4cc889cb7c,FF:10:10:AE:A7:64,Sunset lights,-84,1761414066819
32142,1761414073280.0,0adab909-eb8f-4baf-9eed-7a4cc889cb7c,60:74:F4:72:90:3F,ihoment_H601B_903F,-88,1761414066819
32143,1761414079748.0,0adab909-eb8f-4baf-9eed-7a4cc889cb7c,74:A5:0A:41:CF:AB,,-91,1761414066819
32144,1761414079774.0,0adab909-eb8f-4baf-9eed-7a4cc889cb7c,FF:10:10:AE:A7:64,Sunset lights,-80,1761414066819
32145,1761414080675.0,0adab909-eb8f-4baf-9eed-7a4cc889cb7c,74:90:5D:B8:88:CD,,-89,1761414066819
32146,1761414080701.0,0adab909-eb8f-4baf-9eed-7a4cc889cb7c,09:CA:4C:B2:6F:CD,,-89,1761414066819
32147,1761414082608.0,0adab909-eb8f-4baf-9eed-7a4cc889cb7c,D0:B7:36:14:43:E2,,-82,1761414066819
32148,1761414531039.0,0adab909-eb8f-4baf-9eed-7a4cc889cb7c,69:0B:09:85:36:1B,,-87,1761414530997
32149,1761414531115.0,0adab909-eb8f-4baf-9eed-7a4cc889cb7c,74:90:5D:B8:88:CD,,-87,1761414530997
32150,1761414532043.0,0adab909-eb8f-4baf-9eed-7a4cc889cb7c,60:74:F4:72:90:3F,ihoment_H601B_903F,-94,1761414530997
32151,1761414532328.0,0adab909-eb8f-4baf-9eed-7a4cc889cb7c,74:A5:0A:41:CF:AB,,-80,1761414530997
32152,1761414533004.0,0adab909-eb8f-4baf-9eed-7a4cc889cb7c,FF:10:10:AE:A7:64,Sunset lights,-80,1761414530997
32153,1761414533322.0,0adab909-eb8f-4baf-9eed-7a4cc889cb7c,53:82:E7:FA:DD:DF,,-91,1761414530997
32154,1761414542901.0,0adab909-eb8f-4baf-9eed-7a4cc889cb7c,CF:33:36:32:4C:1E,Govee_H6054_4C1E,-91,1761414530997
32155,1761415131110.0,0adab909-eb8f-4baf-9eed-7a4cc889cb7c,74:A5:0A:41:CF:AB,,-92,1761415130983
32156,1761415131380.0,0adab909-eb8f-4baf-9eed-7a4cc889cb7c,60:74:F4:72:90:3F,ihoment_H601B_903F,-90,1761415130983
32157,1761415131986.0,0adab909-eb8f-4baf-9eed-7a4cc889cb7c,4B:6B:78:D0:EF:90,,-85,1761415130983
32158,1761415133008.0,0adab909-eb8f-4baf-9eed-7a4cc889cb7c,5A:C9:D7:FB:1D:17,,-89,1761415130983
32159,1761415134287.0,0adab909-eb8f-4baf-9eed-7a4cc889cb7c,CF:33:36:32:4C:1E,Govee_H6054_4C1E,-91,1761415130983
32160,1761415135199.0,0adab909-eb8f-4baf-9eed-7a4cc889cb7c,60:74:F4:73:99:E7,ihoment_H601B_99E7,-94,1761415130983
32161,1761415143978.0,0adab909-eb8f-4baf-9eed-7a4cc889cb7c,2C:4B:CC:83:1E:74,,-89,1761415130983
32162,1761415144039.0,0adab909-eb8f-4baf-9eed-7a4cc889cb7c,4B:6B:78:D0:EF:90,,-86,1761415130983
32163,1761415144059.0,0adab909-eb8f-4baf-9eed-7a4cc889cb7c,60:74:F4:72:90:3F,ihoment_H601B_903F,-90,1761415130983
32164,1761415144075.0,0adab909-eb8f-4baf-9eed-7a4cc889cb7c,74:A5:0A:41:CF:AB,,-87,1761415130983
32165,1761415145952.0,0adab909-eb8f-4baf-9eed-7a4cc889cb7c,CF:33:36:32:4C:1E,Govee_H6054_4C1E,-80,1761415130983
32166,1761415146036.0,0adab909-eb8f-4baf-9eed-7a4cc889cb7c,49:85:D5:1F:46:21,,-87,1761415130983
32167,1761415146886.0,0adab909-eb8f-4baf-9eed-7a4cc889cb7c,2C:4B:CC:83:1E:74,,-88,1761415130983
32168,1761415721640.0,0adab909-eb8f-4baf-9eed-7a4cc889cb7c,4B:6B:78:D0:EF:90,,-91,1761415721630
32169,1761415721661.0,0adab909-eb8f-4baf-9eed-7a4cc889cb7c,60:74:F4:73:99:E7,ihoment_H601B_99E7,-87,1761415721630
32170,1761415722006.0,0adab909-eb8f-4baf-9eed-7a4cc889cb7c,FF:10:10:AE:A7:64,Sunset lights,-88,1761415721630
32171,1761415723003.0,0adab909-eb8f-4baf-9eed-7a4cc889cb7c,7F:7D:87:B7:32:7B,,-91,1761415721630
32172,1761415724950.0,0adab909-eb8f-4baf-9eed-7a4cc889cb7c,60:74:F4:72:90:3F,ihoment_H601B_903F,-86,1761415721630
32173,1761415726477.0,0adab909-eb8f-4baf-9eed-7a4cc889cb7c,6D:7D:98:77:B6:FA,,-95,1761415721630
32174,1761415726847.0,0adab909-eb8f-4baf-9eed-7a4cc889cb7c,4C:A1:61:55:E6:5F,,-90,1761415721630
32175,1761415728423.0,0adab909-eb8f-4baf-9eed-7a4cc889cb7c,CF:33:36:32:4C:1E,Govee_H6054_4C1E,-86,1761415721630
32176,1761416325373.0,0adab909-eb8f-4baf-9eed-7a4cc889cb7c,CF:33:36:32:4C:1E,Govee_H6054_4C1E,-79,1761416324969
32177,1761416325392.0,0adab909-eb8f-4baf-9eed-7a4cc889cb7c,60:74:F4:72:90:3F,ihoment_H601B_903F,-82,1761416324969
32178,1761416325408.0,0adab909-eb8f-4baf-9eed-7a4cc889cb7c,4C:96:8A:ED:6A:01,SPEN NA,-46,1761416324969
32179,1761416325709.0,0adab909-eb8f-4baf-9eed-7a4cc889cb7c,4C:96:8A:ED:6A:01,SPEN NA,-51,1761416324969
32180,1761416325731.0,0adab909-eb8f-4baf-9eed-7a4cc889cb7c,FF:10:10:AE:A7:64,Sunset lights,-79,1761416324969
32181,1761416325746.0,0adab909-eb8f-4baf-9eed-7a4cc889cb7c,4B:6B:78:D0:EF:90,,-89,1761416324969
32182,1761416326022.0,0adab909-eb8f-4baf-9eed-7a4cc889cb7c,4C:96:8A:ED:6A:01,SPEN NA,-48,1761416324969
32183,1761416326334.0,0adab909-eb8f-4baf-9eed-7a4cc889cb7c,4C:96:8A:ED:6A:01,SPEN NA,-48,1761416324969
32184,1761416326651.0,0adab909-eb8f-4baf-9eed-7a4cc889cb7c,4C:96:8A:ED:6A:01,SPEN NA,-50,1761416324969
32185,1761416326977.0,0adab909-eb8f-4baf-9eed-7a4cc889cb7c,4C:96:8A:ED:6A:01,SPEN NA,-46,1761416324969
32186,1761416327296.0,0adab909-eb8f-4baf-9eed-7a4cc889cb7c,4C:96:8A:ED:6A:01,SPEN NA,-46,1761416324969
32187,1761416327606.0,0adab909-eb8f-4baf-9eed-7a4cc889cb7c,4C:96:8A:ED:6A:01,SPEN NA,-50,1761416324969
32188,1761416328236.0,0adab909-eb8f-4baf-9eed-7a4cc889cb7c,4C:96:8A:ED:6A:01,SPEN NA,-48,1761416324969
32189,1761416330231.0,0adab909-eb8f-4baf-9eed-7a4cc889cb7c,4C:96:8A:ED:6A:01,SPEN NA,-46,1761416324969
32190,1761416331153.0,0adab909-eb8f-4baf-9eed-7a4cc889cb7c,4C:A1:61:55:E6:5F,,-79,1761416324969
32191,1761416331172.0,0adab909-eb8f-4baf-9eed-7a4cc889cb7c,4C:96:8A:ED:6A:01,SPEN NA,-47,1761416324969
32192,1761416331474.0,0adab909-eb8f-4baf-9eed-7a4cc889cb7c,4C:96:8A:ED:6A:01,SPEN NA,-52,1761416324969
32193,1761416331798.0,0adab909-eb8f-4baf-9eed-7a4cc889cb7c,4C:96:8A:ED:6A:01,SPEN NA,-48,1761416324969
32194,1761416332447.0,0adab909-eb8f-4baf-9eed-7a4cc889cb7c,4C:96:8A:ED:6A:01,SPEN NA,-51,1761416324969
32195,1761416332751.0,0adab909-eb8f-4baf-9eed-7a4cc889cb7c,4C:96:8A:ED:6A:01,SPEN NA,-48,1761416324969
32196,1761416333038.0,0adab909-eb8f-4baf-9eed-7a4cc889cb7c,60:74:F4:73:99:E7,ihoment_H601B_99E7,-82,1761416324969
32197,1761416333064.0,0adab909-eb8f-4baf-9eed-7a4cc889cb7c,4C:96:8A:ED:6A:01,SPEN NA,-47,1761416324969
32198,1761416333372.0,0adab909-eb8f-4baf-9eed-7a4cc889cb7c,4C:96:8A:ED:6A:01,SPEN NA,-51,1761416324969
32199,1761416333697.0,0adab909-eb8f-4baf-9eed-7a4cc889cb7c,4C:96:8A:ED:6A:01,SPEN NA,-47,1761416324969
32200,1761416334002.0,0adab909-eb8f-4baf-9eed-7a4cc889cb7c,4C:96:8A:ED:6A:01,SPEN NA,-47,1761416324969
32201,1761416334336.0,0adab909-eb8f-4baf-9eed-7a4cc889cb7c,4C:96:8A:ED:6A:01,SPEN NA,-51,1761416324969
32202,1761416334635.0,0adab909-eb8f-4baf-9eed-7a4cc889cb7c,4C:96:8A:ED:6A:01,SPEN NA,-46,1761416324969
32203,1761416334960.0,0adab909-eb8f-4baf-9eed-7a4cc889cb7c,4C:96:8A:ED:6A:01,SPEN NA,-47,1761416324969
32204,1761416335269.0,0adab909-eb8f-4baf-9eed-7a4cc889cb7c,4C:96:8A:ED:6A:01,SPEN NA,-51,1761416324969
32205,1761416335591.0,0adab909-eb8f-4baf-9eed-7a4cc889cb7c,4C:96:8A:ED:6A:01,SPEN NA,-46,1761416324969
32206,1761416337576.0,0adab909-eb8f-4baf-9eed-7a4cc889cb7c,4C:96:8A:ED:6A:01,SPEN NA,-46,1761416324969
32207,1761416931294.0,0adab909-eb8f-4baf-9eed-7a4cc889cb7c,65:46:F4:48:A3:07,,-88,1761416931237
32208,1761416931339.0,0adab909-eb8f-4baf-9eed-7a4cc889cb7c,CF:33:36:32:4C:1E,Govee_H6054_4C1E,-86,1761416931237
32209,1761416931669.0,0adab909-eb8f-4baf-9eed-7a4cc889cb7c,60:74:F4:73:99:E7,ihoment_H601B_99E7,-87,1761416931237
32210,1761416931715.0,0adab909-eb8f-4baf-9eed-7a4cc889cb7c,60:74:F4:72:90:3F,ihoment_H601B_903F,-88,1761416931237
32211,1761416933172.0,0adab909-eb8f-4baf-9eed-7a4cc889cb7c,FF:10:10:AE:A7:64,Sunset lights,-84,1761416931237
32212,1761416934164.0,0adab909-eb8f-4baf-9eed-7a4cc889cb7c,66:ED:33:DB:5E:50,,-91,1761416931237
32213,1761416935144.0,0adab909-eb8f-4baf-9eed-7a4cc889cb7c,68:F7:45:4C:92:FE,,-82,1761416931237
32214,1761416938392.0,0adab909-eb8f-4baf-9eed-7a4cc889cb7c,55:9C:D5:C0:E2:A8,,-91,1761416931237
32215,1761416941552.0,0adab909-eb8f-4baf-9eed-7a4cc889cb7c,60:2A:9A:D0:1A:B5,,-89,1761416931237
32216,1761417531264.0,0adab909-eb8f-4baf-9eed-7a4cc889cb7c,FF:10:10:AE:A7:64,Sunset lights,-78,1761417531212
32217,1761417531330.0,0adab909-eb8f-4baf-9eed-7a4cc889cb7c,68:F7:45:4C:92:FE,,-84,1761417531212
32218,1761417531667.0,0adab909-eb8f-4baf-9eed-7a4cc889cb7c,CF:33:36:32:4C:1E,Govee_H6054_4C1E,-76,1761417531212
32219,1761417532596.0,0adab909-eb8f-4baf-9eed-7a4cc889cb7c,60:74:F4:72:90:3F,ihoment_H601B_903F,-86,1761417531212
32220,1761417534500.0,0adab909-eb8f-4baf-9eed-7a4cc889cb7c,65:46:F4:48:A3:07,,-76,1761417531212
32221,1761417535184.0,0adab909-eb8f-4baf-9eed-7a4cc889cb7c,60:74:F4:73:99:E7,ihoment_H601B_99E7,-82,1761417531212
32222,1761418131409.0,0adab909-eb8f-4baf-9eed-7a4cc889cb7c,CF:33:36:32:4C:1E,Govee_H6054_4C1E,-85,1761418131303
32223,1761418131436.0,0adab909-eb8f-4baf-9eed-7a4cc889cb7c,57:4F:F7:6A:70:7F,,-84,1761418131303
32224,1761418131660.0,0adab909-eb8f-4baf-9eed-7a4cc889cb7c,FF:10:10:AE:A7:64,Sunset lights,-78,1761418131303
32225,1761418132361.0,0adab909-eb8f-4baf-9eed-7a4cc889cb7c,72:C3:C8:7A:3B:52,,-88,1761418131303
32226,1761418132388.0,0adab909-eb8f-4baf-9eed-7a4cc889cb7c,60:74:F4:73:99:E7,ihoment_H601B_99E7,-88,1761418131303
32227,1761418132942.0,0adab909-eb8f-4baf-9eed-7a4cc889cb7c,60:74:F4:72:90:3F,ihoment_H601B_903F,-83,1761418131303
32228,1761418731374.0,0adab909-eb8f-4baf-9eed-7a4cc889cb7c,60:74:F4:73:99:E7,ihoment_H601B_99E7,-87,1761418731288
32229,1761418731670.0,0adab909-eb8f-4baf-9eed-7a4cc889cb7c,FF:10:10:AE:A7:64,Sunset lights,-76,1761418731288
32230,1761418732024.0,0adab909-eb8f-4baf-9eed-7a4cc889cb7c,CF:33:36:32:4C:1E,Govee_H6054_4C1E,-75,1761418731288
32231,1761418733310.0,0adab909-eb8f-4baf-9eed-7a4cc889cb7c,00:21:7E:8E:3E:7B,ASU_BLE 3E,-90,1761418731288
32232,1761418733326.0,0adab909-eb8f-4baf-9eed-7a4cc889cb7c,72:C3:C8:7A:3B:52,,-86,1761418731288
32233,1761418734627.0,0adab909-eb8f-4baf-9eed-7a4cc889cb7c,57:4F:F7:6A:70:7F,,-80,1761418731288
32234,1761418736192.0,0adab909-eb8f-4baf-9eed-7a4cc889cb7c,60:74:F4:72:90:3F,ihoment_H601B_903F,-79,1761418731288
32235,1761419331003.0,0adab909-eb8f-4baf-9eed-7a4cc889cb7c,60:74:F4:73:99:E7,ihoment_H601B_99E7,-89,1761419330993
32236,1761419331070.0,0adab909-eb8f-4baf-9eed-7a4cc889cb7c,CF:33:36:32:4C:1E,Govee_H6054_4C1E,-83,1761419330993
32237,1761419331114.0,0adab909-eb8f-4baf-9eed-7a4cc889cb7c,FF:10:10:AE:A7:64,Sunset lights,-79,1761419330993
32238,1761419331709.0,0adab909-eb8f-4baf-9eed-7a4cc889cb7c,57:4F:F7:6A:70:7F,,-92,1761419330993
32239,1761419333360.0,0adab909-eb8f-4baf-9eed-7a4cc889cb7c,60:74:F4:72:90:3F,ihoment_H601B_903F,-82,1761419330993
32240,1761419336526.0,0adab909-eb8f-4baf-9eed-7a4cc889cb7c,72:C3:C8:7A:3B:52,,-91,1761419330993
32241,1761419343924.0,0adab909-eb8f-4baf-9eed-7a4cc889cb7c,CF:33:36:32:4C:1E,Govee_H6054_4C1E,-78,1761419330993
32242,1761419343958.0,0adab909-eb8f-4baf-9eed-7a4cc889cb7c,FF:10:10:AE:A7:64,Sunset lights,-78,1761419330993
32243,1761419344004.0,0adab909-eb8f-4baf-9eed-7a4cc889cb7c,60:74:F4:72:90:3F,ihoment_H601B_903F,-80,1761419330993
32244,1761419344740.0,0adab909-eb8f-4baf-9eed-7a4cc889cb7c,72:C3:C8:7A:3B:52,,-85,1761419330993
32245,1761419344798.0,0adab909-eb8f-4baf-9eed-7a4cc889cb7c,DD:B2:5A:B5:12:94,,-80,1761419330993
32246,1761419345738.0,0adab909-eb8f-4baf-9eed-7a4cc889cb7c,60:74:F4:73:99:E7,ihoment_H601B_99E7,-86,1761419330993
32247,1761419345790.0,0adab909-eb8f-4baf-9eed-7a4cc889cb7c,57:4F:F7:6A:70:7F,,-88,1761419330993
32248,1761419931462.0,0adab909-eb8f-4baf-9eed-7a4cc889cb7c,60:74:F4:73:99:E7,ihoment_H601B_99E7,-89,1761419931325
32249,1761419931709.0,0adab909-eb8f-4baf-9eed-7a4cc889cb7c,CF:33:36:32:4C:1E,Govee_H6054_4C1E,-73,1761419931325
32250,1761419931812.0,0adab909-eb8f-4baf-9eed-7a4cc889cb7c,54:0C:80:E5:AF:22,,-88,1761419931325
32251,1761419932047.0,0adab909-eb8f-4baf-9eed-7a4cc889cb7c,FF:10:10:AE:A7:64,Sunset lights,-79,1761419931325
32252,1761419934657.0,0adab909-eb8f-4baf-9eed-7a4cc889cb7c,60:74:F4:72:90:3F,ihoment_H601B_903F,-81,1761419931325
32253,1761419935575.0,0adab909-eb8f-4baf-9eed-7a4cc889cb7c,74:BD:F5:C0:57:0D,,-85,1761419931325
32254,1761420531363.0,0adab909-eb8f-4baf-9eed-7a4cc889cb7c,CF:33:36:32:4C:1E,Govee_H6054_4C1E,-83,1761420531305
32255,1761420531423.0,0adab909-eb8f-4baf-9eed-7a4cc889cb7c,54:0C:80:E5:AF:22,,-83,1761420531305
32256,1761420532313.0,0adab909-eb8f-4baf-9eed-7a4cc889cb7c,FF:10:10:AE:A7:64,Sunset lights,-79,1761420531305
32257,1761420533626.0,0adab909-eb8f-4baf-9eed-7a4cc889cb7c,60:74:F4:72:90:3F,ihoment_H601B_903F,-81,1761420531305
32258,1761420533932.0,0adab909-eb8f-4baf-9eed-7a4cc889cb7c,60:74:F4:73:99:E7,ihoment_H601B_99E7,-84,1761420531305
32259,1761420535881.0,0adab909-eb8f-4baf-9eed-7a4cc889cb7c,74:BD:F5:C0:57:0D,,-88,1761420531305
32260,1761421131378.0,0adab909-eb8f-4baf-9eed-7a4cc889cb7c,CF:33:36:32:4C:1E,Govee_H6054_4C1E,-84,1761421131305
32261,1761421131749.0,0adab909-eb8f-4baf-9eed-7a4cc889cb7c,60:74:F4:72:90:3F,ihoment_H601B_903F,-84,1761421131305
32262,1761421131767.0,0adab909-eb8f-4baf-9eed-7a4cc889cb7c,60:74:F4:73:99:E7,ihoment_H601B_99E7,-91,1761421131305
32263,1761421133950.0,0adab909-eb8f-4baf-9eed-7a4cc889cb7c,75:03:86:BE:1C:62,,-87,1761421131305
32264,1761421134270.0,0adab909-eb8f-4baf-9eed-7a4cc889cb7c,FF:10:10:AE:A7:64,Sunset lights,-74,1761421131305
32265,1761421134289.0,0adab909-eb8f-4baf-9eed-7a4cc889cb7c,79:2F:2C:AE:62:C3,,-82,1761421131305
32266,1761421731616.0,0adab909-eb8f-4baf-9eed-7a4cc889cb7c,CF:33:36:32:4C:1E,Govee_H6054_4C1E,-81,1761421731584
32267,1761421731649.0,0adab909-eb8f-4baf-9eed-7a4cc889cb7c,FF:10:10:AE:A7:64,Sunset lights,-80,1761421731584
32268,1761421732933.0,0adab909-eb8f-4baf-9eed-7a4cc889cb7c,79:2F:2C:AE:62:C3,,-82,1761421731584
32269,1761421733612.0,0adab909-eb8f-4baf-9eed-7a4cc889cb7c,60:74:F4:72:90:3F,ihoment_H601B_903F,-79,1761421731584
32270,1761421733935.0,0adab909-eb8f-4baf-9eed-7a4cc889cb7c,75:03:86:BE:1C:62,,-90,1761421731584
32271,1761421733983.0,0adab909-eb8f-4baf-9eed-7a4cc889cb7c,60:74:F4:73:99:E7,ihoment_H601B_99E7,-87,1761421731584
32272,1761421741945.0,0adab909-eb8f-4baf-9eed-7a4cc889cb7c,44:9F:AD:73:AA:E8,,-80,1761421731584
32273,1761422332013.0,0adab909-eb8f-4baf-9eed-7a4cc889cb7c,CF:33:36:32:4C:1E,Govee_H6054_4C1E,-83,1761422331600
32274,1761422332051.0,0adab909-eb8f-4baf-9eed-7a4cc889cb7c,FF:10:10:AE:A7:64,Sunset lights,-80,1761422331600
32275,1761422332064.0,0adab909-eb8f-4baf-9eed-7a4cc889cb7c,60:74:F4:72:90:3F,ihoment_H601B_903F,-86,1761422331600
32276,1761422332945.0,0adab909-eb8f-4baf-9eed-7a4cc889cb7c,60:74:F4:73:99:E7,ihoment_H601B_99E7,-93,1761422331600
32277,1761422334518.0,0adab909-eb8f-4baf-9eed-7a4cc889cb7c,45:6C:E7:14:0E:58,,-82,1761422331600
32278,1761422336443.0,0adab909-eb8f-4baf-9eed-7a4cc889cb7c,79:2F:2C:AE:62:C3,,-92,1761422331600
32279,1761422344486.0,0adab909-eb8f-4baf-9eed-7a4cc889cb7c,CF:33:36:32:4C:1E,Govee_H6054_4C1E,-76,1761422331600
32280,1761422344517.0,0adab909-eb8f-4baf-9eed-7a4cc889cb7c,FF:10:10:AE:A7:64,Sunset lights,-78,1761422331600
32281,1761422347396.0,0adab909-eb8f-4baf-9eed-7a4cc889cb7c,60:74:F4:72:90:3F,ihoment_H601B_903F,-83,1761422331600
32282,1761423231733.0,0adab909-eb8f-4baf-9eed-7a4cc889cb7c,FF:10:10:AE:A7:64,Sunset lights,-79,1761423231624
32283,1761423232039.0,0adab909-eb8f-4baf-9eed-7a4cc889cb7c,5E:C3:08:5C:48:D7,,-88,1761423231624
32284,1761423232107.0,0adab909-eb8f-4baf-9eed-7a4cc889cb7c,6D:CD:50:57:90:1D,,-90,1761423231624
32285,1761423232187.0,0adab909-eb8f-4baf-9eed-7a4cc889cb7c,48:78:5E:50:DD:51,Echo-ACK,-95,1761423231624
32286,1761423232365.0,0adab909-eb8f-4baf-9eed-7a4cc889cb7c,60:74:F4:73:99:E7,ihoment_H601B_99E7,-82,1761423231624
32287,1761423232954.0,0adab909-eb8f-4baf-9eed-7a4cc889cb7c,CF:33:36:32:4C:1E,Govee_H6054_4C1E,-70,1761423231624
32288,1761423233375.0,0adab909-eb8f-4baf-9eed-7a4cc889cb7c,45:6C:E7:14:0E:58,,-84,1761423231624
32289,1761423235517.0,0adab909-eb8f-4baf-9eed-7a4cc889cb7c,60:74:F4:72:90:3F,ihoment_H601B_903F,-81,1761423231624
32290,1761423237446.0,0adab909-eb8f-4baf-9eed-7a4cc889cb7c,6F:0E:E5:D3:47:3D,,127,1761423231624
32291,1761423532725.0,0adab909-eb8f-4baf-9eed-7a4cc889cb7c,CF:33:36:32:4C:1E,Govee_H6054_4C1E,-78,1761423532353
32292,1761423533070.0,0adab909-eb8f-4baf-9eed-7a4cc889cb7c,FF:10:10:AE:A7:64,Sunset lights,-80,1761423532353
32293,1761423533094.0,0adab909-eb8f-4baf-9eed-7a4cc889cb7c,51:6D:2D:49:13:47,,-89,1761423532353
32294,1761423534049.0,0adab909-eb8f-4baf-9eed-7a4cc889cb7c,60:74:F4:73:99:E7,ihoment_H601B_99E7,-81,1761423532353
32295,1761423534987.0,0adab909-eb8f-4baf-9eed-7a4cc889cb7c,60:74:F4:72:90:3F,ihoment_H601B_903F,-89,1761423532353
32296,1761423536572.0,0adab909-eb8f-4baf-9eed-7a4cc889cb7c,5E:C3:08:5C:48:D7,,-82,1761423532353
32297,1761423537165.0,0adab909-eb8f-4baf-9eed-7a4cc889cb7c,6F:0E:E5:D3:47:3D,,-80,1761423532353
32298,1761423545155.0,0adab909-eb8f-4baf-9eed-7a4cc889cb7c,6F:0E:E5:D3:47:3D,,-81,1761423532353
32299,1761423545212.0,0adab909-eb8f-4baf-9eed-7a4cc889cb7c,FF:10:10:AE:A7:64,Sunset lights,-77,1761423532353
32300,1761423546502.0,0adab909-eb8f-4baf-9eed-7a4cc889cb7c,CF:33:36:32:4C:1E,Govee_H6054_4C1E,-73,1761423532353
32301,1761423546724.0,0adab909-eb8f-4baf-9eed-7a4cc889cb7c,5E:C3:08:5C:48:D7,,-87,1761423532353
32302,1761423547073.0,0adab909-eb8f-4baf-9eed-7a4cc889cb7c,FA:40:E1:29:E7:EF,,-85,1761423532353
32303,1761423547458.0,0adab909-eb8f-4baf-9eed-7a4cc889cb7c,CD:58:40:F4:6A:58,,-86,1761423532353
32304,1761423547614.0,0adab909-eb8f-4baf-9eed-7a4cc889cb7c,51:6D:2D:49:13:47,,-83,1761423532353
32305,1761424132672.0,0adab909-eb8f-4baf-9eed-7a4cc889cb7c,CF:33:36:32:4C:1E,Govee_H6054_4C1E,-78,1761424132266
32306,1761424133044.0,0adab909-eb8f-4baf-9eed-7a4cc889cb7c,75:39:D4:0C:6E:AA,,-85,1761424132266
32307,1761424133652.0,0adab909-eb8f-4baf-9eed-7a4cc889cb7c,FF:10:10:AE:A7:64,Sunset lights,-78,1761424132266
32308,1761424134619.0,0adab909-eb8f-4baf-9eed-7a4cc889cb7c,68:44:B0:07:77:63,,-82,1761424132266
32309,1761424135259.0,0adab909-eb8f-4baf-9eed-7a4cc889cb7c,51:6D:2D:49:13:47,,-81,1761424132266
32310,1761424732381.0,0adab909-eb8f-4baf-9eed-7a4cc889cb7c,FF:10:10:AE:A7:64,Sunset lights,-79,1761424732320
32311,1761424732774.0,0adab909-eb8f-4baf-9eed-7a4cc889cb7c,CF:33:36:32:4C:1E,Govee_H6054_4C1E,-85,1761424732320
32312,1761424733032.0,0adab909-eb8f-4baf-9eed-7a4cc889cb7c,51:6D:2D:49:13:47,,-92,1761424732320
32313,1761424733390.0,0adab909-eb8f-4baf-9eed-7a4cc889cb7c,75:39:D4:0C:6E:AA,,-88,1761424732320
32314,1761424745189.0,0adab909-eb8f-4baf-9eed-7a4cc889cb7c,CF:33:36:32:4C:1E,Govee_H6054_4C1E,-87,1761424732320
32315,1761424745252.0,0adab909-eb8f-4baf-9eed-7a4cc889cb7c,75:39:D4:0C:6E:AA,,-90,1761424732320
32316,1761424745351.0,0adab909-eb8f-4baf-9eed-7a4cc889cb7c,FF:10:10:AE:A7:64,Sunset lights,-79,1761424732320
32317,1761424747226.0,0adab909-eb8f-4baf-9eed-7a4cc889cb7c,D4:D7:8E:33:F9:FF,,-86,1761424732320
32318,1761425332917.0,0adab909-eb8f-4baf-9eed-7a4cc889cb7c,63:6C:BB:7A:C6:F4,,-81,1761425332848
32319,1761425333208.0,0adab909-eb8f-4baf-9eed-7a4cc889cb7c,FF:10:10:AE:A7:64,Sunset lights,-66,1761425332848
32320,1761425333247.0,0adab909-eb8f-4baf-9eed-7a4cc889cb7c,CF:33:36:32:4C:1E,Govee_H6054_4C1E,-76,1761425332848
32321,1761425333538.0,0adab909-eb8f-4baf-9eed-7a4cc889cb7c,43:10:72:48:20:1E,,-81,1761425332848
32322,1761425337394.0,0adab909-eb8f-4baf-9eed-7a4cc889cb7c,65:E1:F6:6D:33:57,,-85,1761425332848
32323,1761425345733.0,0adab909-eb8f-4baf-9eed-7a4cc889cb7c,CF:33:36:32:4C:1E,Govee_H6054_4C1E,-71,1761425332848
32324,1761425345762.0,0adab909-eb8f-4baf-9eed-7a4cc889cb7c,FF:10:10:AE:A7:64,Sunset lights,-67,1761425332848
32325,1761425345866.0,0adab909-eb8f-4baf-9eed-7a4cc889cb7c,43:10:72:48:20:1E,,-82,1761425332848
32326,1761425346768.0,0adab909-eb8f-4baf-9eed-7a4cc889cb7c,FD:E4:29:C6:70:CF,,-81,1761425332848
32327,1761425346857.0,0adab909-eb8f-4baf-9eed-7a4cc889cb7c,25:60:CE:44:D1:CF,,-84,1761425332848
32328,1761425965120.0,0adab909-eb8f-4baf-9eed-7a4cc889cb7c,FF:10:10:AE:A7:64,Sunset lights,-68,1761425965036
32329,1761425965804.0,0adab909-eb8f-4baf-9eed-7a4cc889cb7c,CF:33:36:32:4C:1E,Govee_H6054_4C1E,-70,1761425965036
32330,1761425966075.0,0adab909-eb8f-4baf-9eed-7a4cc889cb7c,51:22:2A:E9:BD:90,,-78,1761425965036
32331,1761425966722.0,0adab909-eb8f-4baf-9eed-7a4cc889cb7c,63:6C:BB:7A:C6:F4,,-74,1761425965036
32332,1761425977977.0,0adab909-eb8f-4baf-9eed-7a4cc889cb7c,63:6C:BB:7A:C6:F4,,-77,1761425965036
32333,1761425978015.0,0adab909-eb8f-4baf-9eed-7a4cc889cb7c,0C:94:24:C7:C4:24,,-91,1761425965036
32334,1761425978050.0,0adab909-eb8f-4baf-9eed-7a4cc889cb7c,CF:33:36:32:4C:1E,Govee_H6054_4C1E,-71,1761425965036
32335,1761425978094.0,0adab909-eb8f-4baf-9eed-7a4cc889cb7c,51:22:2A:E9:BD:90,,-81,1761425965036
32336,1761425978123.0,0adab909-eb8f-4baf-9eed-7a4cc889cb7c,FF:10:10:AE:A7:64,Sunset lights,-68,1761425965036
32337,1761426535158.0,0adab909-eb8f-4baf-9eed-7a4cc889cb7c,FF:10:10:AE:A7:64,Sunset lights,-69,1761426535128
32338,1761426535839.0,0adab909-eb8f-4baf-9eed-7a4cc889cb7c,CF:33:36:32:4C:1E,Govee_H6054_4C1E,-74,1761426535128
32339,1761426536475.0,0adab909-eb8f-4baf-9eed-7a4cc889cb7c,40:5F:96:9C:CC:2F,,-86,1761426535128
32340,1761426536895.0,0adab909-eb8f-4baf-9eed-7a4cc889cb7c,58:A9:42:D9:11:47,,-73,1761426535128
32341,1761426537510.0,0adab909-eb8f-4baf-9eed-7a4cc889cb7c,6F:8D:73:43:3D:70,,-80,1761426535128
32342,1761426548115.0,0adab909-eb8f-4baf-9eed-7a4cc889cb7c,CF:33:36:32:4C:1E,Govee_H6054_4C1E,-71,1761426535128
32343,1761426549004.0,0adab909-eb8f-4baf-9eed-7a4cc889cb7c,58:A9:42:D9:11:47,,-77,1761426535128
32344,1761426549030.0,0adab909-eb8f-4baf-9eed-7a4cc889cb7c,02:AD:47:A4:F5:5F,,-88,1761426535128
32345,1761426549051.0,0adab909-eb8f-4baf-9eed-7a4cc889cb7c,FF:10:10:AE:A7:64,Sunset lights,-66,1761426535128
32346,1761426549071.0,0adab909-eb8f-4baf-9eed-7a4cc889cb7c,6F:8D:73:43:3D:70,,-62,1761426535128
32347,1761426549144.0,0adab909-eb8f-4baf-9eed-7a4cc889cb7c,40:5F:96:9C:CC:2F,,-83,1761426535128
32348,1761427131097.0,0adab909-eb8f-4baf-9eed-7a4cc889cb7c,58:A9:42:D9:11:47,,-83,1761427130949
32349,1761427131135.0,0adab909-eb8f-4baf-9eed-7a4cc889cb7c,CF:33:36:32:4C:1E,Govee_H6054_4C1E,-72,1761427130949
32350,1761427131664.0,0adab909-eb8f-4baf-9eed-7a4cc889cb7c,FF:10:10:AE:A7:64,Sunset lights,-78,1761427130949
32351,1761427133298.0,0adab909-eb8f-4baf-9eed-7a4cc889cb7c,41:E4:A4:01:29:F5,,-90,1761427130949
32352,1761427134597.0,0adab909-eb8f-4baf-9eed-7a4cc889cb7c,66:9A:B9:C4:25:85,,-88,1761427130949
32353,1761427143845.0,0adab909-eb8f-4baf-9eed-7a4cc889cb7c,FF:10:10:AE:A7:64,Sunset lights,-82,1761427130949
32354,1761427143895.0,0adab909-eb8f-4baf-9eed-7a4cc889cb7c,CF:33:36:32:4C:1E,Govee_H6054_4C1E,-67,1761427130949
32355,1761427144013.0,0adab909-eb8f-4baf-9eed-7a4cc889cb7c,58:A9:42:D9:11:47,,-77,1761427130949
32356,1761427145137.0,0adab909-eb8f-4baf-9eed-7a4cc889cb7c,41:E4:A4:01:29:F5,,-85,1761427130949
32357,1761427731040.0,0adab909-eb8f-4baf-9eed-7a4cc889cb7c,FF:10:10:AE:A7:64,Sunset lights,-81,1761427730964
32358,1761427731373.0,0adab909-eb8f-4baf-9eed-7a4cc889cb7c,41:E4:A4:01:29:F5,,-90,1761427730964
32359,1761427731394.0,0adab909-eb8f-4baf-9eed-7a4cc889cb7c,CF:33:36:32:4C:1E,Govee_H6054_4C1E,-71,1761427730964
32360,1761427732647.0,0adab909-eb8f-4baf-9eed-7a4cc889cb7c,58:A9:42:D9:11:47,,-87,1761427730964
32361,1761427734913.0,0adab909-eb8f-4baf-9eed-7a4cc889cb7c,46:25:9F:C7:09:1F,,-84,1761427730964
32362,1761427741937.0,0adab909-eb8f-4baf-9eed-7a4cc889cb7c,50:45:B5:07:8A:A2,,-84,1761427730964
32363,1761427741965.0,0adab909-eb8f-4baf-9eed-7a4cc889cb7c,76:4F:B9:EE:88:D6,,-87,1761427730964
32364,1761427743819.0,0adab909-eb8f-4baf-9eed-7a4cc889cb7c,FF:10:10:AE:A7:64,Sunset lights,-75,1761427730964
32365,1761427743844.0,0adab909-eb8f-4baf-9eed-7a4cc889cb7c,CF:33:36:32:4C:1E,Govee_H6054_4C1E,-76,1761427730964
32366,1761427744924.0,0adab909-eb8f-4baf-9eed-7a4cc889cb7c,46:25:9F:C7:09:1F,,-87,1761427730964
32367,1761427745016.0,0adab909-eb8f-4baf-9eed-7a4cc889cb7c,58:A9:42:D9:11:47,,-76,1761427730964
32368,1761428331012.0,0adab909-eb8f-4baf-9eed-7a4cc889cb7c,59:08:A7:B2:F9:33,,-89,1761428330941
32369,1761428331057.0,0adab909-eb8f-4baf-9eed-7a4cc889cb7c,5E:EB:E1:03:92:77,,-88,1761428330941
32370,1761428332630.0,0adab909-eb8f-4baf-9eed-7a4cc889cb7c,66:9A:B9:C4:25:85,,-93,1761428330941
32371,1761428332655.0,0adab909-eb8f-4baf-9eed-7a4cc889cb7c,CF:33:36:32:4C:1E,Govee_H6054_4C1E,-79,1761428330941
32372,1761428332670.0,0adab909-eb8f-4baf-9eed-7a4cc889cb7c,FF:10:10:AE:A7:64,Sunset lights,-74,1761428330941
32373,1761428343898.0,0adab909-eb8f-4baf-9eed-7a4cc889cb7c,FF:10:10:AE:A7:64,Sunset lights,-69,1761428330941
32374,1761428343929.0,0adab909-eb8f-4baf-9eed-7a4cc889cb7c,59:08:A7:B2:F9:33,,-79,1761428330941
32375,1761428343953.0,0adab909-eb8f-4baf-9eed-7a4cc889cb7c,E8:14:FB:11:7B:1B,,-70,1761428330941
32376,1761428344884.0,0adab909-eb8f-4baf-9eed-7a4cc889cb7c,CF:33:36:32:4C:1E,Govee_H6054_4C1E,-74,1761428330941
32377,1761428345912.0,0adab909-eb8f-4baf-9eed-7a4cc889cb7c,CD:58:40:F4:6A:58,,-76,1761428330941
32378,1761428345937.0,0adab909-eb8f-4baf-9eed-7a4cc889cb7c,38:E1:1E:12:60:10,,-82,1761428330941
32379,1761428931177.0,0adab909-eb8f-4baf-9eed-7a4cc889cb7c,59:08:A7:B2:F9:33,,-87,1761428931103
32380,1761428931210.0,0adab909-eb8f-4baf-9eed-7a4cc889cb7c,5E:EB:E1:03:92:77,,-90,1761428931103
32381,1761428931856.0,0adab909-eb8f-4baf-9eed-7a4cc889cb7c,FF:10:10:AE:A7:64,Sunset lights,-79,1761428931103
32382,1761428932497.0,0adab909-eb8f-4baf-9eed-7a4cc889cb7c,CF:33:36:32:4C:1E,Govee_H6054_4C1E,-67,1761428931103
32383,1761428943974.0,0adab909-eb8f-4baf-9eed-7a4cc889cb7c,27:1E:3B:5B:F5:32,,-82,1761428931103
32384,1761428944048.0,0adab909-eb8f-4baf-9eed-7a4cc889cb7c,CF:33:36:32:4C:1E,Govee_H6054_4C1E,-77,1761428931103
32385,1761428944131.0,0adab909-eb8f-4baf-9eed-7a4cc889cb7c,FF:10:10:AE:A7:64,Sunset lights,-70,1761428931103
32386,1761428945224.0,0adab909-eb8f-4baf-9eed-7a4cc889cb7c,5E:EB:E1:03:92:77,,-80,1761428931103
32387,1761428946958.0,0adab909-eb8f-4baf-9eed-7a4cc889cb7c,FF:10:10:AE:A7:64,Sunset lights,-69,1761428931103
32388,1761429531504.0,0adab909-eb8f-4baf-9eed-7a4cc889cb7c,FF:10:10:AE:A7:64,Sunset lights,-67,1761429531105
32389,1761429532495.0,0adab909-eb8f-4baf-9eed-7a4cc889cb7c,73:22:28:66:B6:19,,-76,1761429531105
32390,1761429533411.0,0adab909-eb8f-4baf-9eed-7a4cc889cb7c,CF:33:36:32:4C:1E,Govee_H6054_4C1E,-76,1761429531105
32391,1761429536301.0,0adab909-eb8f-4baf-9eed-7a4cc889cb7c,5E:EB:E1:03:92:77,,-78,1761429531105
32392,1761429540164.0,0adab909-eb8f-4baf-9eed-7a4cc889cb7c,5D:76:14:94:FE:74,,-85,1761429531105
32393,1761429544079.0,0adab909-eb8f-4baf-9eed-7a4cc889cb7c,73:22:28:66:B6:19,,-78,1761429531105
32394,1761429544125.0,0adab909-eb8f-4baf-9eed-7a4cc889cb7c,08:8C:08:B6:B3:AA,,-84,1761429531105
32395,1761429544148.0,0adab909-eb8f-4baf-9eed-7a4cc889cb7c,5D:76:14:94:FE:74,,-87,1761429531105
32396,1761429545117.0,0adab909-eb8f-4baf-9eed-7a4cc889cb7c,CF:33:36:32:4C:1E,Govee_H6054_4C1E,-76,1761429531105
32397,1761429545168.0,0adab909-eb8f-4baf-9eed-7a4cc889cb7c,F2:9D:00:2D:AE:16,,-80,1761429531105
32398,1761429545194.0,0adab909-eb8f-4baf-9eed-7a4cc889cb7c,3F:FF:30:5C:5E:12,,-91,1761429531105
32399,1761429546170.0,0adab909-eb8f-4baf-9eed-7a4cc889cb7c,5E:EB:E1:03:92:77,,-86,1761429531105
32400,1761430131194.0,0adab909-eb8f-4baf-9eed-7a4cc889cb7c,FF:10:10:AE:A7:64,Sunset lights,-70,1761430131119
32401,1761430131221.0,0adab909-eb8f-4baf-9eed-7a4cc889cb7c,6C:03:C2:7A:3B:65,,-83,1761430131119
32402,1761430132164.0,0adab909-eb8f-4baf-9eed-7a4cc889cb7c,73:22:28:66:B6:19,,-86,1761430131119
32403,1761430132198.0,0adab909-eb8f-4baf-9eed-7a4cc889cb7c,CF:33:36:32:4C:1E,Govee_H6054_4C1E,-82,1761430131119
32404,1761430134083.0,0adab909-eb8f-4baf-9eed-7a4cc889cb7c,5D:76:14:94:FE:74,,-85,1761430131119
32405,1761430144014.0,0adab909-eb8f-4baf-9eed-7a4cc889cb7c,04:DF:EC:09:61:3E,,-84,1761430131119
32406,1761430144041.0,0adab909-eb8f-4baf-9eed-7a4cc889cb7c,73:22:28:66:B6:19,,-82,1761430131119
32407,1761430144067.0,0adab909-eb8f-4baf-9eed-7a4cc889cb7c,CF:33:36:32:4C:1E,Govee_H6054_4C1E,-75,1761430131119
32408,1761430144088.0,0adab909-eb8f-4baf-9eed-7a4cc889cb7c,02:8E:55:5C:14:05,,-91,1761430131119
32409,1761430144102.0,0adab909-eb8f-4baf-9eed-7a4cc889cb7c,5D:76:14:94:FE:74,,-85,1761430131119
32410,1761430144180.0,0adab909-eb8f-4baf-9eed-7a4cc889cb7c,FF:10:10:AE:A7:64,Sunset lights,-67,1761430131119
32411,1761430145165.0,0adab909-eb8f-4baf-9eed-7a4cc889cb7c,D1:AB:2A:F1:1A:F5,,-77,1761430131119
32412,1761430145248.0,0adab909-eb8f-4baf-9eed-7a4cc889cb7c,6C:03:C2:7A:3B:65,,-78,1761430131119
32413,1761430731050.0,0adab909-eb8f-4baf-9eed-7a4cc889cb7c,6C:03:C2:7A:3B:65,,-84,1761430730941
32414,1761430731091.0,0adab909-eb8f-4baf-9eed-7a4cc889cb7c,49:56:83:49:4F:20,,-86,1761430730941
32415,1761430731317.0,0adab909-eb8f-4baf-9eed-7a4cc889cb7c,FF:10:10:AE:A7:64,Sunset lights,-68,1761430730941
32416,1761430731350.0,0adab909-eb8f-4baf-9eed-7a4cc889cb7c,60:74:F4:72:90:3F,ihoment_H601B_903F,-81,1761430730941
32417,1761430731675.0,0adab909-eb8f-4baf-9eed-7a4cc889cb7c,CF:33:36:32:4C:1E,Govee_H6054_4C1E,-71,1761430730941
32418,1761430736488.0,0adab909-eb8f-4baf-9eed-7a4cc889cb7c,60:74:F4:73:99:E7,ihoment_H601B_99E7,-88,1761430730941
32419,1761430743800.0,0adab909-eb8f-4baf-9eed-7a4cc889cb7c,23:58:9D:A2:1E:D8,,-90,1761430730941
32420,1761430743959.0,0adab909-eb8f-4baf-9eed-7a4cc889cb7c,6C:03:C2:7A:3B:65,,-82,1761430730941
32421,1761430743984.0,0adab909-eb8f-4baf-9eed-7a4cc889cb7c,09:4E:B2:D9:75:51,,-84,1761430730941
32422,1761430744264.0,0adab909-eb8f-4baf-9eed-7a4cc889cb7c,CF:33:36:32:4C:1E,Govee_H6054_4C1E,-77,1761430730941
32423,1761430744727.0,0adab909-eb8f-4baf-9eed-7a4cc889cb7c,D1:AB:2A:F1:1A:F5,,-85,1761430730941
32424,1761430745942.0,0adab909-eb8f-4baf-9eed-7a4cc889cb7c,49:56:83:49:4F:20,,-78,1761430730941
32425,1761430745984.0,0adab909-eb8f-4baf-9eed-7a4cc889cb7c,FF:10:10:AE:A7:64,Sunset lights,-65,1761430730941
32426,1761430746014.0,0adab909-eb8f-4baf-9eed-7a4cc889cb7c,60:74:F4:72:90:3F,ihoment_H601B_903F,-76,1761430730941
32427,1761431330965.0,0adab909-eb8f-4baf-9eed-7a4cc889cb7c,FF:10:10:AE:A7:64,Sunset lights,-82,1761431330913
32428,1761431331011.0,0adab909-eb8f-4baf-9eed-7a4cc889cb7c,60:74:F4:72:90:3F,ihoment_H601B_903F,-93,1761431330913
32429,1761431331042.0,0adab909-eb8f-4baf-9eed-7a4cc889cb7c,CF:33:36:32:4C:1E,Govee_H6054_4C1E,-76,1761431330913
32430,1761431332292.0,0adab909-eb8f-4baf-9eed-7a4cc889cb7c,60:74:F4:73:99:E7,ihoment_H601B_99E7,-90,1761431330913
32431,1761431332325.0,0adab909-eb8f-4baf-9eed-7a4cc889cb7c,49:56:83:49:4F:20,,-70,1761431330913
32432,1761431333291.0,0adab909-eb8f-4baf-9eed-7a4cc889cb7c,6C:03:C2:7A:3B:65,,-66,1761431330913
32433,1761431343880.0,0adab909-eb8f-4baf-9eed-7a4cc889cb7c,FF:10:10:AE:A7:64,Sunset lights,-76,1761431330913
32434,1761431343921.0,0adab909-eb8f-4baf-9eed-7a4cc889cb7c,CF:33:36:32:4C:1E,Govee_H6054_4C1E,-71,1761431330913
32435,1761431343947.0,0adab909-eb8f-4baf-9eed-7a4cc889cb7c,49:56:83:49:4F:20,,-72,1761431330913
32436,1761431343971.0,0adab909-eb8f-4baf-9eed-7a4cc889cb7c,60:74:F4:73:99:E7,ihoment_H601B_99E7,-84,1761431330913
32437,1761431344018.0,0adab909-eb8f-4baf-9eed-7a4cc889cb7c,20:E3:73:9D:8B:66,,-93,1761431330913
32438,1761431344039.0,0adab909-eb8f-4baf-9eed-7a4cc889cb7c,6C:03:C2:7A:3B:65,,-66,1761431330913
32439,1761431346027.0,0adab909-eb8f-4baf-9eed-7a4cc889cb7c,C7:4B:FD:31:BC:55,,-81,1761431330913
32440,1761431346765.0,0adab909-eb8f-4baf-9eed-7a4cc889cb7c,CD:58:40:F4:6A:58,,-80,1761431330913
32441,1761431931034.0,0adab909-eb8f-4baf-9eed-7a4cc889cb7c,CF:33:36:32:4C:1E,Govee_H6054_4C1E,-87,1761431930966
32442,1761431931678.0,0adab909-eb8f-4baf-9eed-7a4cc889cb7c,FF:10:10:AE:A7:64,Sunset lights,-84,1761431930966
32443,1761431932394.0,0adab909-eb8f-4baf-9eed-7a4cc889cb7c,77:29:53:30:AD:E6,,-84,1761431930966
32444,1761431932416.0,0adab909-eb8f-4baf-9eed-7a4cc889cb7c,4A:BB:74:FF:49:8C,,-86,1761431930966
32445,1761431943872.0,0adab909-eb8f-4baf-9eed-7a4cc889cb7c,77:29:53:30:AD:E6,,-83,1761431930966
32446,1761431943966.0,0adab909-eb8f-4baf-9eed-7a4cc889cb7c,08:EE:5B:B8:2B:F4,,-89,1761431930966
32447,1761431944011.0,0adab909-eb8f-4baf-9eed-7a4cc889cb7c,CF:33:36:32:4C:1E,Govee_H6054_4C1E,-82,1761431930966
32448,1761431945019.0,0adab909-eb8f-4baf-9eed-7a4cc889cb7c,D3:75:85:B1:BC:20,,-82,1761431930966
32449,1761431945078.0,0adab909-eb8f-4baf-9eed-7a4cc889cb7c,60:74:F4:72:90:3F,ihoment_H601B_903F,-90,1761431930966
32450,1761432531160.0,0adab909-eb8f-4baf-9eed-7a4cc889cb7c,FF:10:10:AE:A7:64,Sunset lights,-73,1761432531134
32451,1761432531196.0,0adab909-eb8f-4baf-9eed-7a4cc889cb7c,60:74:F4:73:99:E7,ihoment_H601B_99E7,-91,1761432531134
32452,1761432531521.0,0adab909-eb8f-4baf-9eed-7a4cc889cb7c,CF:33:36:32:4C:1E,Govee_H6054_4C1E,-80,1761432531134
32453,1761432531614.0,0adab909-eb8f-4baf-9eed-7a4cc889cb7c,60:74:F4:72:90:3F,ihoment_H601B_903F,-93,1761432531134
32454,1761432533431.0,0adab909-eb8f-4baf-9eed-7a4cc889cb7c,77:29:53:30:AD:E6,,-77,1761432531134
32455,1761432533833.0,0adab909-eb8f-4baf-9eed-7a4cc889cb7c,4A:BB:74:FF:49:8C,,-76,1761432531134
32456,1761432544053.0,0adab909-eb8f-4baf-9eed-7a4cc889cb7c,1E:D0:45:02:5D:8C,,-72,1761432531134
32457,1761432544083.0,0adab909-eb8f-4baf-9eed-7a4cc889cb7c,60:74:F4:73:99:E7,ihoment_H601B_99E7,-82,1761432531134
32458,1761432544112.0,0adab909-eb8f-4baf-9eed-7a4cc889cb7c,60:74:F4:72:90:3F,ihoment_H601B_903F,-76,1761432531134
32459,1761432544150.0,0adab909-eb8f-4baf-9eed-7a4cc889cb7c,CF:33:36:32:4C:1E,Govee_H6054_4C1E,-78,1761432531134
32460,1761432545075.0,0adab909-eb8f-4baf-9eed-7a4cc889cb7c,FF:10:10:AE:A7:64,Sunset lights,-66,1761432531134
32461,1761432545105.0,0adab909-eb8f-4baf-9eed-7a4cc889cb7c,4A:BB:74:FF:49:8C,,-90,1761432531134
32462,1761432546093.0,0adab909-eb8f-4baf-9eed-7a4cc889cb7c,77:29:53:30:AD:E6,,-79,1761432531134
32463,1761433131205.0,0adab909-eb8f-4baf-9eed-7a4cc889cb7c,60:74:F4:73:99:E7,ihoment_H601B_99E7,-87,1761433131082
32464,1761433131231.0,0adab909-eb8f-4baf-9eed-7a4cc889cb7c,FF:10:10:AE:A7:64,Sunset lights,-76,1761433131082
32465,1761433131514.0,0adab909-eb8f-4baf-9eed-7a4cc889cb7c,CF:33:36:32:4C:1E,Govee_H6054_4C1E,-77,1761433131082
32466,1761433131831.0,0adab909-eb8f-4baf-9eed-7a4cc889cb7c,74:4C:06:5D:D1:B2,,-91,1761433131082
32467,1761433133093.0,0adab909-eb8f-4baf-9eed-7a4cc889cb7c,60:74:F4:72:90:3F,ihoment_H601B_903F,-80,1761433131082
32468,1761433136926.0,0adab909-eb8f-4baf-9eed-7a4cc889cb7c,7E:4E:60:02:A5:D3,,-80,1761433131082
32469,1761433141404.0,0adab909-eb8f-4baf-9eed-7a4cc889cb7c,43:BC:6E:31:79:F8,,-94,1761433131082
32470,1761433143938.0,0adab909-eb8f-4baf-9eed-7a4cc889cb7c,3D:D4:95:31:DB:EF,,-79,1761433131082
32471,1761433144006.0,0adab909-eb8f-4baf-9eed-7a4cc889cb7c,CF:33:36:32:4C:1E,Govee_H6054_4C1E,-74,1761433131082
32472,1761433144033.0,0adab909-eb8f-4baf-9eed-7a4cc889cb7c,FF:10:10:AE:A7:64,Sunset lights,-71,1761433131082
32473,1761433144104.0,0adab909-eb8f-4baf-9eed-7a4cc889cb7c,60:74:F4:72:90:3F,ihoment_H601B_903F,-80,1761433131082
32474,1761433146062.0,0adab909-eb8f-4baf-9eed-7a4cc889cb7c,C7:91:49:54:E6:92,,-84,1761433131082
32475,1761433757692.0,0adab909-eb8f-4baf-9eed-7a4cc889cb7c,CF:33:36:32:4C:1E,Govee_H6054_4C1E,-78,1761433757689
32476,1761433757720.0,0adab909-eb8f-4baf-9eed-7a4cc889cb7c,7E:4E:60:02:A5:D3,,-85,1761433757689
32477,1761433758091.0,0adab909-eb8f-4baf-9eed-7a4cc889cb7c,FF:10:10:AE:A7:64,Sunset lights,-69,1761433757689
32478,1761433758362.0,0adab909-eb8f-4baf-9eed-7a4cc889cb7c,60:74:F4:73:99:E7,ihoment_H601B_99E7,-84,1761433757689
32479,1761433759388.0,0adab909-eb8f-4baf-9eed-7a4cc889cb7c,74:4C:06:5D:D1:B2,,-85,1761433757689
32480,1761433760284.0,0adab909-eb8f-4baf-9eed-7a4cc889cb7c,60:74:F4:72:90:3F,ihoment_H601B_903F,-82,1761433757689
32481,1761433762539.0,0adab909-eb8f-4baf-9eed-7a4cc889cb7c,43:BC:6E:31:79:F8,,-96,1761433757689
32482,1761433770522.0,0adab909-eb8f-4baf-9eed-7a4cc889cb7c,FF:10:10:AE:A7:64,Sunset lights,-70,1761433757689
32483,1761433770597.0,0adab909-eb8f-4baf-9eed-7a4cc889cb7c,10:51:B1:B0:C9:65,,-85,1761433757689
32484,1761433770626.0,0adab909-eb8f-4baf-9eed-7a4cc889cb7c,CF:33:36:32:4C:1E,Govee_H6054_4C1E,-81,1761433757689
32485,1761433771551.0,0adab909-eb8f-4baf-9eed-7a4cc889cb7c,60:74:F4:72:90:3F,ihoment_H601B_903F,-85,1761433757689
32486,1761433771582.0,0adab909-eb8f-4baf-9eed-7a4cc889cb7c,43:BC:6E:31:79:F8,,-89,1761433757689
32487,1761433771624.0,0adab909-eb8f-4baf-9eed-7a4cc889cb7c,60:74:F4:73:99:E7,ihoment_H601B_99E7,-88,1761433757689
32488,1761433772622.0,0adab909-eb8f-4baf-9eed-7a4cc889cb7c,7E:4E:60:02:A5:D3,,-86,1761433757689
32489,1761434631744.0,0adab909-eb8f-4baf-9eed-7a4cc889cb7c,CF:33:36:32:4C:1E,Govee_H6054_4C1E,-75,1761434630986
32490,1761434632057.0,0adab909-eb8f-4baf-9eed-7a4cc889cb7c,FF:10:10:AE:A7:64,Sunset lights,-79,1761434630986
32491,1761434632430.0,0adab909-eb8f-4baf-9eed-7a4cc889cb7c,42:0A:BA:CB:91:EC,,-84,1761434630986
32492,1761434633347.0,0adab909-eb8f-4baf-9eed-7a4cc889cb7c,51:0E:D8:7C:16:4D,,-87,1761434630986
32493,1761434644001.0,0adab909-eb8f-4baf-9eed-7a4cc889cb7c,CF:33:36:32:4C:1E,Govee_H6054_4C1E,-76,1761434630986
32494,1761434644028.0,0adab909-eb8f-4baf-9eed-7a4cc889cb7c,FF:10:10:AE:A7:64,Sunset lights,-79,1761434630986
32495,1761434644073.0,0adab909-eb8f-4baf-9eed-7a4cc889cb7c,51:0E:D8:7C:16:4D,,-93,1761434630986
32496,1761434645144.0,0adab909-eb8f-4baf-9eed-7a4cc889cb7c,36:1F:CB:3D:D7:5F,,-84,1761434630986
32497,1761434920525.0,0adab909-eb8f-4baf-9eed-7a4cc889cb7c,60:74:F4:72:90:3F,ihoment_H601B_903F,-74,1761434920481
32498,1761434920559.0,0adab909-eb8f-4baf-9eed-7a4cc889cb7c,CF:33:36:32:4C:1E,Govee_H6054_4C1E,-76,1761434920481
32499,1761434920890.0,0adab909-eb8f-4baf-9eed-7a4cc889cb7c,FF:10:10:AE:A7:64,Sunset lights,-70,1761434920481
32500,1761434921907.0,0adab909-eb8f-4baf-9eed-7a4cc889cb7c,51:0E:D8:7C:16:4D,,-78,1761434920481
32501,1761434923165.0,0adab909-eb8f-4baf-9eed-7a4cc889cb7c,42:0A:BA:CB:91:EC,,-73,1761434920481
32502,1761434925686.0,0adab909-eb8f-4baf-9eed-7a4cc889cb7c,60:74:F4:73:99:E7,ihoment_H601B_99E7,-80,1761434920481
32503,1761435531816.0,0adab909-eb8f-4baf-9eed-7a4cc889cb7c,60:74:F4:72:90:3F,ihoment_H601B_903F,-73,1761435531415
32504,1761435531832.0,0adab909-eb8f-4baf-9eed-7a4cc889cb7c,FF:10:10:AE:A7:64,Sunset lights,-69,1761435531415
32505,1761435532452.0,0adab909-eb8f-4baf-9eed-7a4cc889cb7c,CF:33:36:32:4C:1E,Govee_H6054_4C1E,-76,1761435531415
32506,1761435532482.0,0adab909-eb8f-4baf-9eed-7a4cc889cb7c,42:0A:BA:CB:91:EC,,-80,1761435531415
32507,1761435532814.0,0adab909-eb8f-4baf-9eed-7a4cc889cb7c,51:0E:D8:7C:16:4D,,-80,1761435531415
32508,1761435535651.0,0adab909-eb8f-4baf-9eed-7a4cc889cb7c,60:74:F4:73:99:E7,ihoment_H601B_99E7,-80,1761435531415
32509,1761436131929.0,0adab909-eb8f-4baf-9eed-7a4cc889cb7c,CF:33:36:32:4C:1E,Govee_H6054_4C1E,-77,1761436131927
32510,1761436132099.0,0adab909-eb8f-4baf-9eed-7a4cc889cb7c,FF:10:10:AE:A7:64,Sunset lights,-68,1761436131927
32511,1761436132508.0,0adab909-eb8f-4baf-9eed-7a4cc889cb7c,60:74:F4:72:90:3F,ihoment_H601B_903F,-75,1761436131927
32512,1761436133488.0,0adab909-eb8f-4baf-9eed-7a4cc889cb7c,4F:A1:D2:E0:86:8E,,-77,1761436131927
32513,1761436134446.0,0adab909-eb8f-4baf-9eed-7a4cc889cb7c,53:38:FA:C2:AE:3E,,-73,1761436131927
32514,1761436139530.0,0adab909-eb8f-4baf-9eed-7a4cc889cb7c,60:74:F4:73:99:E7,ihoment_H601B_99E7,-84,1761436131927
32515,1761436963466.0,0adab909-eb8f-4baf-9eed-7a4cc889cb7c,FF:10:10:AE:A7:64,Sunset lights,-70,1761436963380
32516,1761436963794.0,0adab909-eb8f-4baf-9eed-7a4cc889cb7c,CF:33:36:32:4C:1E,Govee_H6054_4C1E,-77,1761436963380
32517,1761436963816.0,0adab909-eb8f-4baf-9eed-7a4cc889cb7c,60:74:F4:72:90:3F,ihoment_H601B_903F,-75,1761436963380
32518,1761436964424.0,0adab909-eb8f-4baf-9eed-7a4cc889cb7c,4F:A1:D2:E0:86:8E,,-79,1761436963380
32519,1761436964799.0,0adab909-eb8f-4baf-9eed-7a4cc889cb7c,60:74:F4:73:99:E7,ihoment_H601B_99E7,-82,1761436963380
32520,1761436965054.0,0adab909-eb8f-4baf-9eed-7a4cc889cb7c,53:38:FA:C2:AE:3E,,-83,1761436963380
32521,1761436975345.0,0adab909-eb8f-4baf-9eed-7a4cc889cb7c,4D:8B:45:2D:17:32,,-89,1761436963380
32522,1761437562255.0,0adab909-eb8f-4baf-9eed-7a4cc889cb7c,FF:10:10:AE:A7:64,Sunset lights,-73,1761437562244
32523,1761437562634.0,0adab909-eb8f-4baf-9eed-7a4cc889cb7c,60:74:F4:73:99:E7,ihoment_H601B_99E7,-87,1761437562244
32524,1761437562674.0,0adab909-eb8f-4baf-9eed-7a4cc889cb7c,60:74:F4:72:90:3F,ihoment_H601B_903F,-79,1761437562244
32525,1761437564270.0,0adab909-eb8f-4baf-9eed-7a4cc889cb7c,70:D9:CA:49:D7:DB,,-79,1761437562244
32526,1761437564603.0,0adab909-eb8f-4baf-9eed-7a4cc889cb7c,CF:33:36:32:4C:1E,Govee_H6054_4C1E,-77,1761437562244
32527,1761437566491.0,0adab909-eb8f-4baf-9eed-7a4cc889cb7c,55:69:4A:E4:18:15,,-88,1761437562244
32528,1761437569122.0,0adab909-eb8f-4baf-9eed-7a4cc889cb7c,7C:E1:5A:A2:EB:BE,,-78,1761437562244
32529,1761437574212.0,0adab909-eb8f-4baf-9eed-7a4cc889cb7c,4F:47:1B:0D:57:17,,-89,1761437562244
32530,1761438345438.0,0adab909-eb8f-4baf-9eed-7a4cc889cb7c,CF:33:36:32:4C:1E,Govee_H6054_4C1E,-82,1761438345405
32531,1761438345474.0,0adab909-eb8f-4baf-9eed-7a4cc889cb7c,FF:10:10:AE:A7:64,Sunset lights,-71,1761438345405
32532,1761438345545.0,0adab909-eb8f-4baf-9eed-7a4cc889cb7c,7C:E1:5A:A2:EB:BE,,-82,1761438345405
32533,1761438345799.0,0adab909-eb8f-4baf-9eed-7a4cc889cb7c,60:74:F4:73:99:E7,ihoment_H601B_99E7,-85,1761438345405
32534,1761438345831.0,0adab909-eb8f-4baf-9eed-7a4cc889cb7c,60:74:F4:72:90:3F,ihoment_H601B_903F,-78,1761438345405
32535,1761438348733.0,0adab909-eb8f-4baf-9eed-7a4cc889cb7c,70:D9:CA:49:D7:DB,,-84,1761438345405
32536,1761438350622.0,0adab909-eb8f-4baf-9eed-7a4cc889cb7c,55:69:4A:E4:18:15,,-91,1761438345405
32537,1761438521440.0,0adab909-eb8f-4baf-9eed-7a4cc889cb7c,FF:10:10:AE:A7:64,Sunset lights,-67,1761438521413
32538,1761438521475.0,0adab909-eb8f-4baf-9eed-7a4cc889cb7c,CF:33:36:32:4C:1E,Govee_H6054_4C1E,-78,1761438521413
32539,1761438521827.0,0adab909-eb8f-4baf-9eed-7a4cc889cb7c,60:74:F4:72:90:3F,ihoment_H601B_903F,-72,1761438521413
32540,1761438522790.0,0adab909-eb8f-4baf-9eed-7a4cc889cb7c,60:74:F4:73:99:E7,ihoment_H601B_99E7,-80,1761438521413
32541,1761438522820.0,0adab909-eb8f-4baf-9eed-7a4cc889cb7c,64:B1:02:BE:48:B1,,-84,1761438521413
32542,1761438523772.0,0adab909-eb8f-4baf-9eed-7a4cc889cb7c,70:D9:CA:49:D7:DB,,-84,1761438521413
32543,1761439245744.0,0adab909-eb8f-4baf-9eed-7a4cc889cb7c,CF:33:36:32:4C:1E,Govee_H6054_4C1E,-72,1761439245391
32544,1761439245766.0,0adab909-eb8f-4baf-9eed-7a4cc889cb7c,60:74:F4:72:90:3F,ihoment_H601B_903F,-74,1761439245391
32545,1761439245784.0,0adab909-eb8f-4baf-9eed-7a4cc889cb7c,64:B1:02:BE:48:B1,,-77,1761439245391
32546,1761439246083.0,0adab909-eb8f-4baf-9eed-7a4cc889cb7c,FF:10:10:AE:A7:64,Sunset lights,-71,1761439245391
32547,1761439246104.0,0adab909-eb8f-4baf-9eed-7a4cc889cb7c,5D:8D:5F:46:19:57,,-84,1761439245391
32548,1761439246761.0,0adab909-eb8f-4baf-9eed-7a4cc889cb7c,7E:BE:7C:87:9F:A8,,-82,1761439245391
32549,1761439246778.0,0adab909-eb8f-4baf-9eed-7a4cc889cb7c,45:21:EE:B4:21:1E,,-90,1761439245391
32550,1761439251883.0,0adab909-eb8f-4baf-9eed-7a4cc889cb7c,60:74:F4:73:99:E7,ihoment_H601B_99E7,-84,1761439245391
32551,1761439257298.0,0adab909-eb8f-4baf-9eed-7a4cc889cb7c,4B:1F:E3:C5:4A:F6,,-94,1761439245391
32552,1761439845408.0,0adab909-eb8f-4baf-9eed-7a4cc889cb7c,5D:8D:5F:46:19:57,,-89,1761439845373
32553,1761439845426.0,0adab909-eb8f-4baf-9eed-7a4cc889cb7c,CF:33:36:32:4C:1E,Govee_H6054_4C1E,-79,1761439845373
32554,1761439845771.0,0adab909-eb8f-4baf-9eed-7a4cc889cb7c,60:74:F4:73:99:E7,ihoment_H601B_99E7,-79,1761439845373
32555,1761439845834.0,0adab909-eb8f-4baf-9eed-7a4cc889cb7c,59:9A:B4:47:41:53,,-81,1761439845373
32556,1761439846064.0,0adab909-eb8f-4baf-9eed-7a4cc889cb7c,FF:10:10:AE:A7:64,Sunset lights,-78,1761439845373
32557,1761439847096.0,0adab909-eb8f-4baf-9eed-7a4cc889cb7c,60:74:F4:72:90:3F,ihoment_H601B_903F,-76,1761439845373
32558,1761439847403.0,0adab909-eb8f-4baf-9eed-7a4cc889cb7c,7E:BE:7C:87:9F:A8,,-81,1761439845373
32559,1761439849628.0,0adab909-eb8f-4baf-9eed-7a4cc889cb7c,52:55:2B:BE:38:DD,,-90,1761439845373
32560,1761440378406.0,0adab909-eb8f-4baf-9eed-7a4cc889cb7c,FF:10:10:AE:A7:64,Sunset lights,-67,1761440378368
32561,1761440378443.0,0adab909-eb8f-4baf-9eed-7a4cc889cb7c,60:74:F4:72:90:3F,ihoment_H601B_903F,-76,1761440378368
32562,1761440378754.0,0adab909-eb8f-4baf-9eed-7a4cc889cb7c,CF:33:36:32:4C:1E,Govee_H6054_4C1E,-75,1761440378368
32563,1761440379090.0,0adab909-eb8f-4baf-9eed-7a4cc889cb7c,3A:67:9C:55:8B:B8,,-92,1761440378368
32564,1761440379743.0,0adab909-eb8f-4baf-9eed-7a4cc889cb7c,60:74:F4:73:99:E7,ihoment_H601B_99E7,-79,1761440378368
32565,1761440380432.0,0adab909-eb8f-4baf-9eed-7a4cc889cb7c,40:88:B2:A9:1C:D2,,-81,1761440378368
32566,1761440385539.0,0adab909-eb8f-4baf-9eed-7a4cc889cb7c,59:9A:B4:47:41:53,,-79,1761440378368
32567,1761440977808.0,0adab909-eb8f-4baf-9eed-7a4cc889cb7c,FF:10:10:AE:A7:64,Sunset lights,-66,1761440977626
32568,1761440978132.0,0adab909-eb8f-4baf-9eed-7a4cc889cb7c,60:74:F4:72:90:3F,ihoment_H601B_903F,-76,1761440977626
32569,1761440979152.0,0adab909-eb8f-4baf-9eed-7a4cc889cb7c,60:74:F4:73:99:E7,ihoment_H601B_99E7,-92,1761440977626
32570,1761440979461.0,0adab909-eb8f-4baf-9eed-7a4cc889cb7c,CF:33:36:32:4C:1E,Govee_H6054_4C1E,-78,1761440977626
32571,1761440979699.0,0adab909-eb8f-4baf-9eed-7a4cc889cb7c,7F:7B:6E:19:B3:E5,,-93,1761440977626
32572,1761440979719.0,0adab909-eb8f-4baf-9eed-7a4cc889cb7c,40:88:B2:A9:1C:D2,,-87,1761440977626
32573,1761440980998.0,0adab909-eb8f-4baf-9eed-7a4cc889cb7c,59:9A:B4:47:41:53,,-83,1761440977626
32574,1761441578605.0,0adab909-eb8f-4baf-9eed-7a4cc889cb7c,FF:10:10:AE:A7:64,Sunset lights,-68,1761441578603
32575,1761441578616.0,0adab909-eb8f-4baf-9eed-7a4cc889cb7c,61:25:6A:5B:3C:75,,-75,1761441578603
32576,1761441578782.0,0adab909-eb8f-4baf-9eed-7a4cc889cb7c,60:74:F4:72:90:3F,ihoment_H601B_903F,-73,1761441578603
32577,1761441578800.0,0adab909-eb8f-4baf-9eed-7a4cc889cb7c,60:74:F4:73:99:E7,ihoment_H601B_99E7,-80,1761441578603
32578,1761441579424.0,0adab909-eb8f-4baf-9eed-7a4cc889cb7c,CF:33:36:32:4C:1E,Govee_H6054_4C1E,-80,1761441578603
32579,1761441582654.0,0adab909-eb8f-4baf-9eed-7a4cc889cb7c,7E:C0:94:A5:44:28,,-84,1761441578603
32580,1761441587459.0,0adab909-eb8f-4baf-9eed-7a4cc889cb7c,52:E5:AB:AB:19:57,,-90,1761441578603
32581,1761442362700.0,0adab909-eb8f-4baf-9eed-7a4cc889cb7c,CF:33:36:32:4C:1E,Govee_H6054_4C1E,-79,1761442362391
32582,1761442362720.0,0adab909-eb8f-4baf-9eed-7a4cc889cb7c,60:74:F4:72:90:3F,ihoment_H601B_903F,-76,1761442362391
32583,1761442362745.0,0adab909-eb8f-4baf-9eed-7a4cc889cb7c,61:25:6A:5B:3C:75,,-79,1761442362391
32584,1761442362756.0,0adab909-eb8f-4baf-9eed-7a4cc889cb7c,FF:10:10:AE:A7:64,Sunset lights,-68,1761442362391
32585,1761442364698.0,0adab909-eb8f-4baf-9eed-7a4cc889cb7c,60:74:F4:73:99:E7,ihoment_H601B_99E7,-80,1761442362391
32586,1761442364723.0,0adab909-eb8f-4baf-9eed-7a4cc889cb7c,50:17:71:C8:47:D5,,-91,1761442362391
32587,1761442367598.0,0adab909-eb8f-4baf-9eed-7a4cc889cb7c,7E:C0:94:A5:44:28,,-86,1761442362391
32588,1761442371377.0,0adab909-eb8f-4baf-9eed-7a4cc889cb7c,42:9B:4E:78:EB:E9,,-85,1761442362391
32589,1761442963594.0,0adab909-eb8f-4baf-9eed-7a4cc889cb7c,60:74:F4:73:99:E7,ihoment_H601B_99E7,-93,1761442963363
32590,1761442963610.0,0adab909-eb8f-4baf-9eed-7a4cc889cb7c,FF:10:10:AE:A7:64,Sunset lights,-70,1761442963363
32591,1761442963733.0,0adab909-eb8f-4baf-9eed-7a4cc889cb7c,CF:33:36:32:4C:1E,Govee_H6054_4C1E,-77,1761442963363
32592,1761442964741.0,0adab909-eb8f-4baf-9eed-7a4cc889cb7c,76:74:57:82:F0:53,,-85,1761442963363
32593,1761442964759.0,0adab909-eb8f-4baf-9eed-7a4cc889cb7c,60:74:F4:72:90:3F,ihoment_H601B_903F,-72,1761442963363
32594,1761442965327.0,0adab909-eb8f-4baf-9eed-7a4cc889cb7c,5C:1F:9F:C6:EC:81,,-75,1761442963363
32595,1761442965653.0,0adab909-eb8f-4baf-9eed-7a4cc889cb7c,42:9B:4E:78:EB:E9,,-87,1761442963363
32596,1761442975266.0,0adab909-eb8f-4baf-9eed-7a4cc889cb7c,40:9A:DC:A0:24:99,,-91,1761442963363
32597,1761443563587.0,0adab909-eb8f-4baf-9eed-7a4cc889cb7c,CF:33:36:32:4C:1E,Govee_H6054_4C1E,-79,1761443563585
32598,1761443563601.0,0adab909-eb8f-4baf-9eed-7a4cc889cb7c,60:74:F4:72:90:3F,ihoment_H601B_903F,-74,1761443563585
32599,1761443563611.0,0adab909-eb8f-4baf-9eed-7a4cc889cb7c,FF:10:10:AE:A7:64,Sunset lights,-71,1761443563585
32600,1761443563793.0,0adab909-eb8f-4baf-9eed-7a4cc889cb7c,76:74:57:82:F0:53,,-84,1761443563585
32601,1761443563824.0,0adab909-eb8f-4baf-9eed-7a4cc889cb7c,60:74:F4:73:99:E7,ihoment_H601B_99E7,-79,1761443563585
32602,1761443564766.0,0adab909-eb8f-4baf-9eed-7a4cc889cb7c,5C:1F:9F:C6:EC:81,,-81,1761443563585
32603,1761443569571.0,0adab909-eb8f-4baf-9eed-7a4cc889cb7c,62:14:B4:5F:16:97,,-86,1761443563585
32604,1761443575382.0,0adab909-eb8f-4baf-9eed-7a4cc889cb7c,40:9A:DC:A0:24:99,,-93,1761443563585
32605,1761444164205.0,0adab909-eb8f-4baf-9eed-7a4cc889cb7c,CF:33:36:32:4C:1E,Govee_H6054_4C1E,-78,1761444164198
32606,1761444164290.0,0adab909-eb8f-4baf-9eed-7a4cc889cb7c,60:74:F4:72:90:3F,ihoment_H601B_903F,-76,1761444164198
32607,1761444164433.0,0adab909-eb8f-4baf-9eed-7a4cc889cb7c,FF:10:10:AE:A7:64,Sunset lights,-71,1761444164198
32608,1761444164544.0,0adab909-eb8f-4baf-9eed-7a4cc889cb7c,5C:1F:9F:C6:EC:81,,-79,1761444164198
32609,1761444165563.0,0adab909-eb8f-4baf-9eed-7a4cc889cb7c,62:14:B4:5F:16:97,,-88,1761444164198
32610,1761444168085.0,0adab909-eb8f-4baf-9eed-7a4cc889cb7c,60:74:F4:73:99:E7,ihoment_H601B_99E7,-79,1761444164198
32611,1761444173538.0,0adab909-eb8f-4baf-9eed-7a4cc889cb7c,76:74:57:82:F0:53,,-82,1761444164198
32612,1761444694340.0,0adab909-eb8f-4baf-9eed-7a4cc889cb7c,CF:33:36:32:4C:1E,Govee_H6054_4C1E,-80,1761444694322
32613,1761444694732.0,0adab909-eb8f-4baf-9eed-7a4cc889cb7c,FF:10:10:AE:A7:64,Sunset lights,-71,1761444694322
32614,1761444694746.0,0adab909-eb8f-4baf-9eed-7a4cc889cb7c,60:74:F4:72:90:3F,ihoment_H601B_903F,-73,1761444694322
32615,1761444696003.0,0adab909-eb8f-4baf-9eed-7a4cc889cb7c,59:55:37:9A:C7:0E,,-74,1761444694322
32616,1761444698556.0,0adab909-eb8f-4baf-9eed-7a4cc889cb7c,60:74:F4:73:99:E7,ihoment_H601B_99E7,-79,1761444694322
32617,1761444699206.0,0adab909-eb8f-4baf-9eed-7a4cc889cb7c,49:91:24:07:26:1B,,-74,1761444694322
32618,1761445294345.0,0adab909-eb8f-4baf-9eed-7a4cc889cb7c,60:74:F4:72:90:3F,ihoment_H601B_903F,-75,1761445294321
32619,1761445294365.0,0adab909-eb8f-4baf-9eed-7a4cc889cb7c,CF:33:36:32:4C:1E,Govee_H6054_4C1E,-79,1761445294321
32620,1761445295358.0,0adab909-eb8f-4baf-9eed-7a4cc889cb7c,FF:10:10:AE:A7:64,Sunset lights,-70,1761445294321
32621,1761445295642.0,0adab909-eb8f-4baf-9eed-7a4cc889cb7c,60:74:F4:73:99:E7,ihoment_H601B_99E7,-80,1761445294321
32622,1761445296405.0,0adab909-eb8f-4baf-9eed-7a4cc889cb7c,59:55:37:9A:C7:0E,,-80,1761445294321
32623,1761445296966.0,0adab909-eb8f-4baf-9eed-7a4cc889cb7c,7B:63:90:8F:C8:69,,-88,1761445294321
32624,1761445298244.0,0adab909-eb8f-4baf-9eed-7a4cc889cb7c,49:91:24:07:26:1B,,-74,1761445294321
32625,1761445895609.0,0adab909-eb8f-4baf-9eed-7a4cc889cb7c,5A:64:03:5B:E3:71,,-82,1761445895607
32626,1761445895900.0,0adab909-eb8f-4baf-9eed-7a4cc889cb7c,60:74:F4:73:99:E7,ihoment_H601B_99E7,-79,1761445895607
32627,1761445895917.0,0adab909-eb8f-4baf-9eed-7a4cc889cb7c,CF:33:36:32:4C:1E,Govee_H6054_4C1E,-73,1761445895607
32628,1761445895927.0,0adab909-eb8f-4baf-9eed-7a4cc889cb7c,FF:10:10:AE:A7:64,Sunset lights,-69,1761445895607
32629,1761445896103.0,0adab909-eb8f-4baf-9eed-7a4cc889cb7c,60:74:F4:72:90:3F,ihoment_H601B_903F,-79,1761445895607
32630,1761445897019.0,0adab909-eb8f-4baf-9eed-7a4cc889cb7c,49:91:24:07:26:1B,,-86,1761445895607
32631,1761445897678.0,0adab909-eb8f-4baf-9eed-7a4cc889cb7c,5C:EF:7E:66:4E:76,,-90,1761445895607
32632,1761446427589.0,0adab909-eb8f-4baf-9eed-7a4cc889cb7c,60:74:F4:72:90:3F,ihoment_H601B_903F,-74,1761446427586
32633,1761446427602.0,0adab909-eb8f-4baf-9eed-7a4cc889cb7c,CF:33:36:32:4C:1E,Govee_H6054_4C1E,-77,1761446427586
32634,1761446427774.0,0adab909-eb8f-4baf-9eed-7a4cc889cb7c,60:74:F4:73:99:E7,ihoment_H601B_99E7,-79,1761446427586
32635,1761446427792.0,0adab909-eb8f-4baf-9eed-7a4cc889cb7c,FF:10:10:AE:A7:64,Sunset lights,-69,1761446427586
32636,1761446428451.0,0adab909-eb8f-4baf-9eed-7a4cc889cb7c,5A:3A:BB:80:39:4E,,-75,1761446427586
32637,1761446428785.0,0adab909-eb8f-4baf-9eed-7a4cc889cb7c,5C:EF:7E:66:4E:76,,-91,1761446427586
32638,1761446429074.0,0adab909-eb8f-4baf-9eed-7a4cc889cb7c,5A:64:03:5B:E3:71,,-73,1761446427586
32639,1761447027527.0,0adab909-eb8f-4baf-9eed-7a4cc889cb7c,CF:33:36:32:4C:1E,Govee_H6054_4C1E,-78,1761447027522
32640,1761447028035.0,0adab909-eb8f-4baf-9eed-7a4cc889cb7c,FF:10:10:AE:A7:64,Sunset lights,-76,1761447027522
32641,1761447028052.0,0adab909-eb8f-4baf-9eed-7a4cc889cb7c,60:74:F4:72:90:3F,ihoment_H601B_903F,-77,1761447027522
32642,1761447028741.0,0adab909-eb8f-4baf-9eed-7a4cc889cb7c,5A:3A:BB:80:39:4E,,-81,1761447027522
32643,1761447028757.0,0adab909-eb8f-4baf-9eed-7a4cc889cb7c,60:74:F4:73:99:E7,ihoment_H601B_99E7,-81,1761447027522
32644,1761447029118.0,0adab909-eb8f-4baf-9eed-7a4cc889cb7c,51:EE:E9:4D:89:03,,-93,1761447027522
32645,1761447032574.0,0adab909-eb8f-4baf-9eed-7a4cc889cb7c,47:27:0C:E2:E5:45,,-92,1761447027522
32646,1761447627519.0,0adab909-eb8f-4baf-9eed-7a4cc889cb7c,79:2D:FC:EE:2C:A6,,-84,1761447627516
32647,1761447627534.0,0adab909-eb8f-4baf-9eed-7a4cc889cb7c,5C:A7:42:62:27:F5,,-76,1761447627516
32648,1761447627712.0,0adab909-eb8f-4baf-9eed-7a4cc889cb7c,CF:33:36:32:4C:1E,Govee_H6054_4C1E,-76,1761447627516
32649,1761447627765.0,0adab909-eb8f-4baf-9eed-7a4cc889cb7c,60:74:F4:73:99:E7,ihoment_H601B_99E7,-81,1761447627516
32650,1761447628656.0,0adab909-eb8f-4baf-9eed-7a4cc889cb7c,FF:10:10:AE:A7:64,Sunset lights,-69,1761447627516
32651,1761447629021.0,0adab909-eb8f-4baf-9eed-7a4cc889cb7c,60:74:F4:72:90:3F,ihoment_H601B_903F,-78,1761447627516
32652,1761448234535.0,0adab909-eb8f-4baf-9eed-7a4cc889cb7c,FF:10:10:AE:A7:64,Sunset lights,-71,1761448234532
32653,1761448234549.0,0adab909-eb8f-4baf-9eed-7a4cc889cb7c,CF:33:36:32:4C:1E,Govee_H6054_4C1E,-82,1761448234532
32654,1761448234739.0,0adab909-eb8f-4baf-9eed-7a4cc889cb7c,60:74:F4:73:99:E7,ihoment_H601B_99E7,-82,1761448234532
32655,1761448235041.0,0adab909-eb8f-4baf-9eed-7a4cc889cb7c,5E:16:88:42:D0:D9,,-71,1761448234532
32656,1761448235059.0,0adab909-eb8f-4baf-9eed-7a4cc889cb7c,60:74:F4:72:90:3F,ihoment_H601B_903F,-79,1761448234532
32657,1761448235380.0,0adab909-eb8f-4baf-9eed-7a4cc889cb7c,5C:A7:42:62:27:F5,,-75,1761448234532
32658,1761448834517.0,0adab909-eb8f-4baf-9eed-7a4cc889cb7c,5E:16:88:42:D0:D9,,-82,1761448834514
32659,1761448834702.0,0adab909-eb8f-4baf-9eed-7a4cc889cb7c,70:A4:6D:01:55:F2,,-85,1761448834514
32660,1761448834717.0,0adab909-eb8f-4baf-9eed-7a4cc889cb7c,CF:33:36:32:4C:1E,Govee_H6054_4C1E,-75,1761448834514
32661,1761448835071.0,0adab909-eb8f-4baf-9eed-7a4cc889cb7c,60:74:F4:72:90:3F,ihoment_H601B_903F,-78,1761448834514
32662,1761448835326.0,0adab909-eb8f-4baf-9eed-7a4cc889cb7c,FF:10:10:AE:A7:64,Sunset lights,-71,1761448834514
32663,1761448836686.0,0adab909-eb8f-4baf-9eed-7a4cc889cb7c,60:74:F4:73:99:E7,ihoment_H601B_99E7,-81,1761448834514
32664,1761448843379.0,0adab909-eb8f-4baf-9eed-7a4cc889cb7c,66:19:3A:BB:42:84,,-90,1761448834514
32665,1761448844641.0,0adab909-eb8f-4baf-9eed-7a4cc889cb7c,5C:A7:42:62:27:F5,,-85,1761448834514
32666,1761448845675.0,0adab909-eb8f-4baf-9eed-7a4cc889cb7c,4E:E9:8C:22:CF:FE,,-91,1761448834514
32667,1761449371340.0,0adab909-eb8f-4baf-9eed-7a4cc889cb7c,CF:33:36:32:4C:1E,Govee_H6054_4C1E,-76,1761449371333
32668,1761449372291.0,0adab909-eb8f-4baf-9eed-7a4cc889cb7c,FF:10:10:AE:A7:64,Sunset lights,-71,1761449371333
32669,1761449372973.0,0adab909-eb8f-4baf-9eed-7a4cc889cb7c,60:74:F4:73:99:E7,ihoment_H601B_99E7,-90,1761449371333
32670,1761449373279.0,0adab909-eb8f-4baf-9eed-7a4cc889cb7c,60:74:F4:72:90:3F,ihoment_H601B_903F,-76,1761449371333
32671,1761449373612.0,0adab909-eb8f-4baf-9eed-7a4cc889cb7c,77:EB:01:8C:2D:5B,,-91,1761449371333
32672,1761449374282.0,0adab909-eb8f-4baf-9eed-7a4cc889cb7c,5E:16:88:42:D0:D9,,-83,1761449371333
32673,1761449374296.0,0adab909-eb8f-4baf-9eed-7a4cc889cb7c,70:E1:E6:8E:F4:2D,,-92,1761449371333
32674,1761449375828.0,0adab909-eb8f-4baf-9eed-7a4cc889cb7c,6B:23:0C:1C:3C:94,,-81,1761449371333
32675,1761449377415.0,0adab909-eb8f-4baf-9eed-7a4cc889cb7c,70:A4:6D:01:55:F2,,-84,1761449371333
32676,1761449966389.0,0adab909-eb8f-4baf-9eed-7a4cc889cb7c,6B:23:0C:1C:3C:94,,-75,1761449966320
32677,1761449966407.0,0adab909-eb8f-4baf-9eed-7a4cc889cb7c,FF:10:10:AE:A7:64,Sunset lights,-71,1761449966320
32678,1761449966703.0,0adab909-eb8f-4baf-9eed-7a4cc889cb7c,CF:33:36:32:4C:1E,Govee_H6054_4C1E,-79,1761449966320
32679,1761449967720.0,0adab909-eb8f-4baf-9eed-7a4cc889cb7c,60:74:F4:72:90:3F,ihoment_H601B_903F,-73,1761449966320
32680,1761449968636.0,0adab909-eb8f-4baf-9eed-7a4cc889cb7c,60:74:F4:73:99:E7,ihoment_H601B_99E7,-82,1761449966320
32681,1761449968653.0,0adab909-eb8f-4baf-9eed-7a4cc889cb7c,79:82:92:F1:C3:EB,,-87,1761449966320
32682,1761449971917.0,0adab909-eb8f-4baf-9eed-7a4cc889cb7c,79:34:36:9E:A3:4D,,-91,1761449966320
32683,1761449974449.0,0adab909-eb8f-4baf-9eed-7a4cc889cb7c,77:EB:01:8C:2D:5B,,-92,1761449966320
32684,1761450566349.0,0adab909-eb8f-4baf-9eed-7a4cc889cb7c,FF:10:10:AE:A7:64,Sunset lights,-67,1761450566263
32685,1761450566718.0,0adab909-eb8f-4baf-9eed-7a4cc889cb7c,CF:33:36:32:4C:1E,Govee_H6054_4C1E,-76,1761450566263
32686,1761450566733.0,0adab909-eb8f-4baf-9eed-7a4cc889cb7c,53:1F:E5:CB:4B:BE,,-80,1761450566263
32687,1761450567323.0,0adab909-eb8f-4baf-9eed-7a4cc889cb7c,79:82:92:F1:C3:EB,,-82,1761450566263
32688,1761450567663.0,0adab909-eb8f-4baf-9eed-7a4cc889cb7c,60:74:F4:72:90:3F,ihoment_H601B_903F,-73,1761450566263
32689,1761450569560.0,0adab909-eb8f-4baf-9eed-7a4cc889cb7c,60:74:F4:73:99:E7,ihoment_H601B_99E7,-83,1761450566263
32690,1761450578203.0,0adab909-eb8f-4baf-9eed-7a4cc889cb7c,77:EB:01:8C:2D:5B,,-93,1761450566263
32691,1761451165323.0,0adab909-eb8f-4baf-9eed-7a4cc889cb7c,CF:33:36:32:4C:1E,Govee_H6054_4C1E,-81,1761451165264
32692,1761451165342.0,0adab909-eb8f-4baf-9eed-7a4cc889cb7c,53:1F:E5:CB:4B:BE,,-75,1761451165264
32693,1761451165699.0,0adab909-eb8f-4baf-9eed-7a4cc889cb7c,60:74:F4:72:90:3F,ihoment_H601B_903F,-73,1761451165264
32694,1761451166055.0,0adab909-eb8f-4baf-9eed-7a4cc889cb7c,79:82:92:F1:C3:EB,,-76,1761451165264
32695,1761451167618.0,0adab909-eb8f-4baf-9eed-7a4cc889cb7c,FF:10:10:AE:A7:64,Sunset lights,-69,1761451165264
32696,1761451168557.0,0adab909-eb8f-4baf-9eed-7a4cc889cb7c,60:74:F4:73:99:E7,ihoment_H601B_99E7,-88,1761451165264
32697,1761451169539.0,0adab909-eb8f-4baf-9eed-7a4cc889cb7c,62:94:16:57:46:33,,-90,1761451165264
32698,1761451175301.0,0adab909-eb8f-4baf-9eed-7a4cc889cb7c,6C:A0:F5:F8:B9:96,,-90,1761451165264
32699,1761451766694.0,0adab909-eb8f-4baf-9eed-7a4cc889cb7c,CF:33:36:32:4C:1E,Govee_H6054_4C1E,-77,1761451766691
32700,1761451766937.0,0adab909-eb8f-4baf-9eed-7a4cc889cb7c,60:74:F4:73:99:E7,ihoment_H601B_99E7,-83,1761451766691
32701,1761451766954.0,0adab909-eb8f-4baf-9eed-7a4cc889cb7c,60:74:F4:72:90:3F,ihoment_H601B_903F,-73,1761451766691
32702,1761451766984.0,0adab909-eb8f-4baf-9eed-7a4cc889cb7c,7E:C2:DD:3A:0C:BF,,-88,1761451766691
32703,1761451767023.0,0adab909-eb8f-4baf-9eed-7a4cc889cb7c,FF:10:10:AE:A7:64,Sunset lights,-77,1761451766691
32704,1761451768273.0,0adab909-eb8f-4baf-9eed-7a4cc889cb7c,7C:9C:4F:DB:C0:77,,-75,1761451766691
32705,1761451768298.0,0adab909-eb8f-4baf-9eed-7a4cc889cb7c,51:A9:3D:5E:D0:2B,,-81,1761451766691
32706,1761451777552.0,0adab909-eb8f-4baf-9eed-7a4cc889cb7c,6C:A0:F5:F8:B9:96,,-91,1761451766691
32707,1761452298476.0,0adab909-eb8f-4baf-9eed-7a4cc889cb7c,FF:10:10:AE:A7:64,Sunset lights,-69,1761452298270
32708,1761452298677.0,0adab909-eb8f-4baf-9eed-7a4cc889cb7c,CF:33:36:32:4C:1E,Govee_H6054_4C1E,-75,1761452298270
32709,1761452299333.0,0adab909-eb8f-4baf-9eed-7a4cc889cb7c,7C:9C:4F:DB:C0:77,,-75,1761452298270
32710,1761452301552.0,0adab909-eb8f-4baf-9eed-7a4cc889cb7c,60:74:F4:73:99:E7,ihoment_H601B_99E7,-82,1761452298270
32711,1761452303774.0,0adab909-eb8f-4baf-9eed-7a4cc889cb7c,60:74:F4:72:90:3F,ihoment_H601B_903F,-77,1761452298270
32712,1761452305707.0,0adab909-eb8f-4baf-9eed-7a4cc889cb7c,51:A9:3D:5E:D0:2B,,-73,1761452298270
32713,1761452307644.0,0adab909-eb8f-4baf-9eed-7a4cc889cb7c,70:91:90:EE:D4:F8,,-90,1761452298270
32714,1761452898463.0,0adab909-eb8f-4baf-9eed-7a4cc889cb7c,CF:33:36:32:4C:1E,Govee_H6054_4C1E,-78,1761452898458
32715,1761452899055.0,0adab909-eb8f-4baf-9eed-7a4cc889cb7c,60:74:F4:72:90:3F,ihoment_H601B_903F,-77,1761452898458
32716,1761452899302.0,0adab909-eb8f-4baf-9eed-7a4cc889cb7c,FF:10:10:AE:A7:64,Sunset lights,-68,1761452898458
32717,1761452899315.0,0adab909-eb8f-4baf-9eed-7a4cc889cb7c,7C:9C:4F:DB:C0:77,,-76,1761452898458
32718,1761452899609.0,0adab909-eb8f-4baf-9eed-7a4cc889cb7c,60:74:F4:73:99:E7,ihoment_H601B_99E7,-82,1761452898458
32719,1761452901880.0,0adab909-eb8f-4baf-9eed-7a4cc889cb7c,4A:12:05:05:D5:76,,-73,1761452898458
32720,1761452907959.0,0adab909-eb8f-4baf-9eed-7a4cc889cb7c,76:EA:54:14:D6:05,,-78,1761452898458
32721,1761453498480.0,0adab909-eb8f-4baf-9eed-7a4cc889cb7c,FF:10:10:AE:A7:64,Sunset lights,-68,1761453498477
32722,1761453498496.0,0adab909-eb8f-4baf-9eed-7a4cc889cb7c,7B:4B:A3:56:27:A2,,-75,1761453498477
32723,1761453498506.0,0adab909-eb8f-4baf-9eed-7a4cc889cb7c,4A:12:05:05:D5:76,,-80,1761453498477
32724,1761453498516.0,0adab909-eb8f-4baf-9eed-7a4cc889cb7c,60:74:F4:72:90:3F,ihoment_H601B_903F,-76,1761453498477
32725,1761453499335.0,0adab909-eb8f-4baf-9eed-7a4cc889cb7c,CF:33:36:32:4C:1E,Govee_H6054_4C1E,-78,1761453498477
32726,1761453499696.0,0adab909-eb8f-4baf-9eed-7a4cc889cb7c,60:74:F4:73:99:E7,ihoment_H601B_99E7,-82,1761453498477
32727,1761454329599.0,0adab909-eb8f-4baf-9eed-7a4cc889cb7c,FF:10:10:AE:A7:64,Sunset lights,-68,1761454329433
32728,1761454329626.0,0adab909-eb8f-4baf-9eed-7a4cc889cb7c,CF:33:36:32:4C:1E,Govee_H6054_4C1E,-76,1761454329433
32729,1761454329641.0,0adab909-eb8f-4baf-9eed-7a4cc889cb7c,60:74:F4:73:99:E7,ihoment_H601B_99E7,-82,1761454329433
32730,1761454329954.0,0adab909-eb8f-4baf-9eed-7a4cc889cb7c,60:74:F4:72:90:3F,ihoment_H601B_903F,-77,1761454329433
32731,1761454330287.0,0adab909-eb8f-4baf-9eed-7a4cc889cb7c,42:54:99:38:B6:14,,-88,1761454329433
32732,1761454330307.0,0adab909-eb8f-4baf-9eed-7a4cc889cb7c,65:DE:2C:E2:08:76,,-80,1761454329433
32733,1761454331929.0,0adab909-eb8f-4baf-9eed-7a4cc889cb7c,7B:4B:A3:56:27:A2,,-82,1761454329433
32734,1761454341169.0,0adab909-eb8f-4baf-9eed-7a4cc889cb7c,51:E1:9A:52:38:54,,-94,1761454329433
32735,1761454930355.0,0adab909-eb8f-4baf-9eed-7a4cc889cb7c,65:DE:2C:E2:08:76,,-79,1761454929481
32736,1761454930623.0,0adab909-eb8f-4baf-9eed-7a4cc889cb7c,5B:CB:07:5C:86:BC,,-84,1761454929481
32737,1761454930644.0,0adab909-eb8f-4baf-9eed-7a4cc889cb7c,60:74:F4:73:99:E7,ihoment_H601B_99E7,-80,1761454929481
32738,1761454930655.0,0adab909-eb8f-4baf-9eed-7a4cc889cb7c,FF:10:10:AE:A7:64,Sunset lights,-69,1761454929481
32739,1761454930946.0,0adab909-eb8f-4baf-9eed-7a4cc889cb7c,7C:A2:D0:35:E1:D9,,-83,1761454929481
32740,1761454931269.0,0adab909-eb8f-4baf-9eed-7a4cc889cb7c,60:74:F4:72:90:3F,ihoment_H601B_903F,-75,1761454929481
32741,1761454931543.0,0adab909-eb8f-4baf-9eed-7a4cc889cb7c,51:E1:9A:52:38:54,,-93,1761454929481
32742,1761454933525.0,0adab909-eb8f-4baf-9eed-7a4cc889cb7c,CF:33:36:32:4C:1E,Govee_H6054_4C1E,-76,1761454929481
32743,1761455529452.0,0adab909-eb8f-4baf-9eed-7a4cc889cb7c,7C:A2:D0:35:E1:D9,,-78,1761455529242
32744,1761455529465.0,0adab909-eb8f-4baf-9eed-7a4cc889cb7c,FF:10:10:AE:A7:64,Sunset lights,-69,1761455529242
32745,1761455529627.0,0adab909-eb8f-4baf-9eed-7a4cc889cb7c,CF:33:36:32:4C:1E,Govee_H6054_4C1E,-74,1761455529242
32746,1761455530289.0,0adab909-eb8f-4baf-9eed-7a4cc889cb7c,65:DE:2C:E2:08:76,,-82,1761455529242
32747,1761455530306.0,0adab909-eb8f-4baf-9eed-7a4cc889cb7c,60:74:F4:72:90:3F,ihoment_H601B_903F,-74,1761455529242
32748,1761455532184.0,0adab909-eb8f-4baf-9eed-7a4cc889cb7c,4C:A8:E4:DE:E7:4F,,-79,1761455529242
32749,1761455533488.0,0adab909-eb8f-4baf-9eed-7a4cc889cb7c,60:74:F4:73:99:E7,ihoment_H601B_99E7,-81,1761455529242
32750,1761455534137.0,0adab909-eb8f-4baf-9eed-7a4cc889cb7c,5B:CB:07:5C:86:BC,,-85,1761455529242
32751,1761455536361.0,0adab909-eb8f-4baf-9eed-7a4cc889cb7c,52:E7:15:E0:9F:D9,,-86,1761455529242
32752,1761456060245.0,0adab909-eb8f-4baf-9eed-7a4cc889cb7c,CF:33:36:32:4C:1E,Govee_H6054_4C1E,-77,1761456060216
32753,1761456060298.0,0adab909-eb8f-4baf-9eed-7a4cc889cb7c,7C:A2:D0:35:E1:D9,,-75,1761456060216
32754,1761456060642.0,0adab909-eb8f-4baf-9eed-7a4cc889cb7c,FF:10:10:AE:A7:64,Sunset lights,-68,1761456060216
32755,1761456060942.0,0adab909-eb8f-4baf-9eed-7a4cc889cb7c,60:74:F4:72:90:3F,ihoment_H601B_903F,-76,1761456060216
32756,1761456061580.0,0adab909-eb8f-4baf-9eed-7a4cc889cb7c,60:74:F4:73:99:E7,ihoment_H601B_99E7,-79,1761456060216
32757,1761456061595.0,0adab909-eb8f-4baf-9eed-7a4cc889cb7c,6E:30:98:B7:8D:78,,-84,1761456060216
32758,1761456062515.0,0adab909-eb8f-4baf-9eed-7a4cc889cb7c,52:E7:15:E0:9F:D9,,-84,1761456060216
32759,1761456661288.0,0adab909-eb8f-4baf-9eed-7a4cc889cb7c,46:CA:D7:40:E2:23,,-84,1761456661211
32760,1761456661308.0,0adab909-eb8f-4baf-9eed-7a4cc889cb7c,FF:10:10:AE:A7:64,Sunset lights,-69,1761456661211
32761,1761456661695.0,0adab909-eb8f-4baf-9eed-7a4cc889cb7c,6E:30:98:B7:8D:78,,-82,1761456661211
32762,1761456661712.0,0adab909-eb8f-4baf-9eed-7a4cc889cb7c,CF:33:36:32:4C:1E,Govee_H6054_4C1E,-76,1761456661211
32763,1761456661919.0,0adab909-eb8f-4baf-9eed-7a4cc889cb7c,60:74:F4:72:90:3F,ihoment_H601B_903F,-76,1761456661211
32764,1761456662539.0,0adab909-eb8f-4baf-9eed-7a4cc889cb7c,4A:C1:B7:D8:3F:A0,,-82,1761456661211
32765,1761456662564.0,0adab909-eb8f-4baf-9eed-7a4cc889cb7c,64:84:3D:04:7A:5E,,-89,1761456661211
32766,1761456665489.0,0adab909-eb8f-4baf-9eed-7a4cc889cb7c,60:74:F4:73:99:E7,ihoment_H601B_99E7,-79,1761456661211
32767,1761456670244.0,0adab909-eb8f-4baf-9eed-7a4cc889cb7c,6E:82:0E:D1:45:B5,,-94,1761456661211
32768,1761457259979.0,0adab909-eb8f-4baf-9eed-7a4cc889cb7c,CF:33:36:32:4C:1E,Govee_H6054_4C1E,-81,1761457259944
32769,1761457260039.0,0adab909-eb8f-4baf-9eed-7a4cc889cb7c,4A:C1:B7:D8:3F:A0,,-76,1761457259944
32770,1761457260361.0,0adab909-eb8f-4baf-9eed-7a4cc889cb7c,42:47:C3:0E:8A:88,,-83,1761457259944
32771,1761457260375.0,0adab909-eb8f-4baf-9eed-7a4cc889cb7c,FF:10:10:AE:A7:64,Sunset lights,-69,1761457259944
32772,1761457260717.0,0adab909-eb8f-4baf-9eed-7a4cc889cb7c,46:CA:D7:40:E2:23,,-83,1761457259944
32773,1761457261380.0,0adab909-eb8f-4baf-9eed-7a4cc889cb7c,60:74:F4:73:99:E7,ihoment_H601B_99E7,-80,1761457259944
32774,1761457262625.0,0adab909-eb8f-4baf-9eed-7a4cc889cb7c,60:74:F4:72:90:3F,ihoment_H601B_903F,-76,1761457259944
32775,1761457270899.0,0adab909-eb8f-4baf-9eed-7a4cc889cb7c,56:FD:08:4B:2B:A4,,-89,1761457259944
32776,1761457861556.0,0adab909-eb8f-4baf-9eed-7a4cc889cb7c,60:74:F4:72:90:3F,ihoment_H601B_903F,-75,1761457861552
32777,1761457861573.0,0adab909-eb8f-4baf-9eed-7a4cc889cb7c,47:32:85:E0:61:0D,,-76,1761457861552
32778,1761457861870.0,0adab909-eb8f-4baf-9eed-7a4cc889cb7c,60:74:F4:73:99:E7,ihoment_H601B_99E7,-81,1761457861552
32779,1761457861885.0,0adab909-eb8f-4baf-9eed-7a4cc889cb7c,CF:33:36:32:4C:1E,Govee_H6054_4C1E,-75,1761457861552
32780,1761457862648.0,0adab909-eb8f-4baf-9eed-7a4cc889cb7c,6E:82:0E:D1:45:B5,,-92,1761457861552
32781,1761457862946.0,0adab909-eb8f-4baf-9eed-7a4cc889cb7c,FF:10:10:AE:A7:64,Sunset lights,-76,1761457861552
32782,1761457864648.0,0adab909-eb8f-4baf-9eed-7a4cc889cb7c,42:47:C3:0E:8A:88,,-83,1761457861552
32783,1761458693276.0,0adab909-eb8f-4baf-9eed-7a4cc889cb7c,FF:10:10:AE:A7:64,Sunset lights,-69,1761458693202
32784,1761458693609.0,0adab909-eb8f-4baf-9eed-7a4cc889cb7c,CF:33:36:32:4C:1E,Govee_H6054_4C1E,-76,1761458693202
32785,1761458693625.0,0adab909-eb8f-4baf-9eed-7a4cc889cb7c,60:74:F4:73:99:E7,ihoment_H601B_99E7,-80,1761458693202
32786,1761458693636.0,0adab909-eb8f-4baf-9eed-7a4cc889cb7c,72:E1:6D:3D:BC:7E,,-81,1761458693202
32787,1761458695504.0,0adab909-eb8f-4baf-9eed-7a4cc889cb7c,60:74:F4:72:90:3F,ihoment_H601B_903F,-73,1761458693202
32788,1761458695856.0,0adab909-eb8f-4baf-9eed-7a4cc889cb7c,47:32:85:E0:61:0D,,-82,1761458693202
32789,1761458700297.0,0adab909-eb8f-4baf-9eed-7a4cc889cb7c,54:23:93:A0:DA:BA,,-94,1761458693202
32790,1761458993551.0,0adab909-eb8f-4baf-9eed-7a4cc889cb7c,CF:33:36:32:4C:1E,Govee_H6054_4C1E,-85,1761458993237
32791,1761458993607.0,0adab909-eb8f-4baf-9eed-7a4cc889cb7c,60:74:F4:72:90:3F,ihoment_H601B_903F,-78,1761458993237
32792,1761458993969.0,0adab909-eb8f-4baf-9eed-7a4cc889cb7c,FF:10:10:AE:A7:64,Sunset lights,-82,1761458993237
32793,1761458994317.0,0adab909-eb8f-4baf-9eed-7a4cc889cb7c,72:E1:6D:3D:BC:7E,,-87,1761458993237
32794,1761458994887.0,0adab909-eb8f-4baf-9eed-7a4cc889cb7c,47:32:85:E0:61:0D,,-81,1761458993237
32795,1761458995539.0,0adab909-eb8f-4baf-9eed-7a4cc889cb7c,60:74:F4:73:99:E7,ihoment_H601B_99E7,-79,1761458993237
32796,1761459593403.0,0adab909-eb8f-4baf-9eed-7a4cc889cb7c,CF:33:36:32:4C:1E,Govee_H6054_4C1E,-80,1761459593399
32797,1761459593418.0,0adab909-eb8f-4baf-9eed-7a4cc889cb7c,57:03:67:2B:64:2B,,-76,1761459593399
32798,1761459593610.0,0adab909-eb8f-4baf-9eed-7a4cc889cb7c,60:74:F4:72:90:3F,ihoment_H601B_903F,-73,1761459593399
32799,1761459593631.0,0adab909-eb8f-4baf-9eed-7a4cc889cb7c,FF:10:10:AE:A7:64,Sunset lights,-69,1761459593399
32800,1761459595566.0,0adab909-eb8f-4baf-9eed-7a4cc889cb7c,72:E1:6D:3D:BC:7E,,-82,1761459593399
32801,1761459596525.0,0adab909-eb8f-4baf-9eed-7a4cc889cb7c,60:74:F4:73:99:E7,ihoment_H601B_99E7,-80,1761459593399
32802,1761459597424.0,0adab909-eb8f-4baf-9eed-7a4cc889cb7c,7A:F7:EA:74:7A:51,,-91,1761459593399
32803,1761460125595.0,0adab909-eb8f-4baf-9eed-7a4cc889cb7c,FF:10:10:AE:A7:64,Sunset lights,-69,1761460125174
32804,1761460125613.0,0adab909-eb8f-4baf-9eed-7a4cc889cb7c,CF:33:36:32:4C:1E,Govee_H6054_4C1E,-76,1761460125174
32805,1761460126228.0,0adab909-eb8f-4baf-9eed-7a4cc889cb7c,57:03:67:2B:64:2B,,-79,1761460125174
32806,1761460126600.0,0adab909-eb8f-4baf-9eed-7a4cc889cb7c,60:74:F4:72:90:3F,ihoment_H601B_903F,-72,1761460125174
32807,1761460127516.0,0adab909-eb8f-4baf-9eed-7a4cc889cb7c,60:74:F4:73:99:E7,ihoment_H601B_99E7,-81,1761460125174
32808,1761460128491.0,0adab909-eb8f-4baf-9eed-7a4cc889cb7c,72:E1:6D:3D:BC:7E,,-81,1761460125174
32809,1761460725639.0,0adab909-eb8f-4baf-9eed-7a4cc889cb7c,60:74:F4:73:99:E7,ihoment_H601B_99E7,-81,1761460725199
32810,1761460725655.0,0adab909-eb8f-4baf-9eed-7a4cc889cb7c,60:74:F4:72:90:3F,ihoment_H601B_903F,-73,1761460725199
32811,1761460725902.0,0adab909-eb8f-4baf-9eed-7a4cc889cb7c,FF:10:10:AE:A7:64,Sunset lights,-75,1761460725199
32812,1761460726264.0,0adab909-eb8f-4baf-9eed-7a4cc889cb7c,CF:33:36:32:4C:1E,Govee_H6054_4C1E,-80,1761460725199
32813,1761460726281.0,0adab909-eb8f-4baf-9eed-7a4cc889cb7c,41:05:D7:C7:08:95,,-79,1761460725199
32814,1761460726852.0,0adab909-eb8f-4baf-9eed-7a4cc889cb7c,45:67:A8:A1:EE:ED,,-73,1761460725199
32815,1761461325242.0,0adab909-eb8f-4baf-9eed-7a4cc889cb7c,CF:33:36:32:4C:1E,Govee_H6054_4C1E,-84,1761461325191
32816,1761461325299.0,0adab909-eb8f-4baf-9eed-7a4cc889cb7c,FF:10:10:AE:A7:64,Sunset lights,-73,1761461325191
32817,1761461325622.0,0adab909-eb8f-4baf-9eed-7a4cc889cb7c,60:74:F4:73:99:E7,ihoment_H601B_99E7,-87,1761461325191
32818,1761461325958.0,0adab909-eb8f-4baf-9eed-7a4cc889cb7c,41:05:D7:C7:08:95,,-86,1761461325191
32819,1761461327233.0,0adab909-eb8f-4baf-9eed-7a4cc889cb7c,60:74:F4:72:90:3F,ihoment_H601B_903F,-74,1761461325191
32820,1761461327559.0,0adab909-eb8f-4baf-9eed-7a4cc889cb7c,45:67:A8:A1:EE:ED,,-84,1761461325191
32821,1761461331724.0,0adab909-eb8f-4baf-9eed-7a4cc889cb7c,64:CE:D2:AE:E6:18,,-89,1761461325191
32822,1761461937949.0,0adab909-eb8f-4baf-9eed-7a4cc889cb7c,FF:10:10:AE:A7:64,Sunset lights,-74,1761461937932
32823,1761461937969.0,0adab909-eb8f-4baf-9eed-7a4cc889cb7c,41:05:D7:C7:08:95,,-82,1761461937932
32824,1761461938353.0,0adab909-eb8f-4baf-9eed-7a4cc889cb7c,60:74:F4:73:99:E7,ihoment_H601B_99E7,-84,1761461937932
32825,1761461938626.0,0adab909-eb8f-4baf-9eed-7a4cc889cb7c,64:CE:D2:AE:E6:18,,-89,1761461937932
32826,1761461938965.0,0adab909-eb8f-4baf-9eed-7a4cc889cb7c,40:16:85:7C:44:3E,,-86,1761461937932
32827,1761461939314.0,0adab909-eb8f-4baf-9eed-7a4cc889cb7c,60:74:F4:72:90:3F,ihoment_H601B_903F,-73,1761461937932
32828,1761461939332.0,0adab909-eb8f-4baf-9eed-7a4cc889cb7c,CF:33:36:32:4C:1E,Govee_H6054_4C1E,-76,1761461937932
32829,1761461943147.0,0adab909-eb8f-4baf-9eed-7a4cc889cb7c,57:E1:F3:4A:91:4C,,-95,1761461937932
32830,1761462539244.0,0adab909-eb8f-4baf-9eed-7a4cc889cb7c,40:16:85:7C:44:3E,,-87,1761462539164
32831,1761462539259.0,0adab909-eb8f-4baf-9eed-7a4cc889cb7c,60:74:F4:72:90:3F,ihoment_H601B_903F,-79,1761462539164
32832,1761462539540.0,0adab909-eb8f-4baf-9eed-7a4cc889cb7c,CF:33:36:32:4C:1E,Govee_H6054_4C1E,-81,1761462539164
32833,1761462539877.0,0adab909-eb8f-4baf-9eed-7a4cc889cb7c,47:6A:65:FF:0C:AF,,-88,1761462539164
32834,1761462539922.0,0adab909-eb8f-4baf-9eed-7a4cc889cb7c,FF:10:10:AE:A7:64,Sunset lights,-85,1761462539164
32835,1761462545382.0,0adab909-eb8f-4baf-9eed-7a4cc889cb7c,60:74:F4:73:99:E7,ihoment_H601B_99E7,-79,1761462539164
32836,1761462547314.0,0adab909-eb8f-4baf-9eed-7a4cc889cb7c,57:E1:F3:4A:91:4C,,-92,1761462539164
32837,1761463139235.0,0adab909-eb8f-4baf-9eed-7a4cc889cb7c,60:74:F4:72:90:3F,ihoment_H601B_903F,-75,1761463139151
32838,1761463139579.0,0adab909-eb8f-4baf-9eed-7a4cc889cb7c,FF:10:10:AE:A7:64,Sunset lights,-68,1761463139151
32839,1761463139605.0,0adab909-eb8f-4baf-9eed-7a4cc889cb7c,5A:28:87:0E:DD:D9,,-77,1761463139151
32840,1761463141242.0,0adab909-eb8f-4baf-9eed-7a4cc889cb7c,CF:33:36:32:4C:1E,Govee_H6054_4C1E,-72,1761463139151
32841,1761463141488.0,0adab909-eb8f-4baf-9eed-7a4cc889cb7c,47:6A:65:FF:0C:AF,,-79,1761463139151
32842,1761463143413.0,0adab909-eb8f-4baf-9eed-7a4cc889cb7c,7B:0D:C7:F3:82:F6,,-84,1761463139151
32843,1761463145023.0,0adab909-eb8f-4baf-9eed-7a4cc889cb7c,60:74:F4:73:99:E7,ihoment_H601B_99E7,-86,1761463139151
32844,1761463792836.0,0adab909-eb8f-4baf-9eed-7a4cc889cb7c,FF:10:10:AE:A7:64,Sunset lights,-71,1761463792150
32845,1761463792854.0,0adab909-eb8f-4baf-9eed-7a4cc889cb7c,6E:60:42:76:8E:06,,-90,1761463792150
32846,1761463792875.0,0adab909-eb8f-4baf-9eed-7a4cc889cb7c,61:27:15:F8:E6:52,,-76,1761463792150
32847,1761463793232.0,0adab909-eb8f-4baf-9eed-7a4cc889cb7c,7B:0D:C7:F3:82:F6,,-80,1761463792150
32848,1761463793246.0,0adab909-eb8f-4baf-9eed-7a4cc889cb7c,70:CA:BF:7C:7B:CC,,-75,1761463792150
32849,1761463805040.0,0adab909-eb8f-4baf-9eed-7a4cc889cb7c,70:CA:BF:7C:7B:CC,,-77,1761463792150
32850,1761463805081.0,0adab909-eb8f-4baf-9eed-7a4cc889cb7c,FF:10:10:AE:A7:64,Sunset lights,-73,1761463792150
32851,1761463805115.0,0adab909-eb8f-4baf-9eed-7a4cc889cb7c,E9:3D:6C:64:96:70,,-88,1761463792150
32852,1761463805193.0,0adab909-eb8f-4baf-9eed-7a4cc889cb7c,61:27:15:F8:E6:52,,-76,1761463792150
32853,1761463805205.0,0adab909-eb8f-4baf-9eed-7a4cc889cb7c,27:06:F3:F6:77:01,,-94,1761463792150
32854,1761463806164.0,0adab909-eb8f-4baf-9eed-7a4cc889cb7c,7B:0D:C7:F3:82:F6,,-79,1761463792150
32855,1761463806185.0,0adab909-eb8f-4baf-9eed-7a4cc889cb7c,E9:16:CE:65:14:3E,,-89,1761463792150
32856,1761463806199.0,0adab909-eb8f-4baf-9eed-7a4cc889cb7c,6E:60:42:76:8E:06,,-82,1761463792150
32857,1761464392394.0,0adab909-eb8f-4baf-9eed-7a4cc889cb7c,70:CA:BF:7C:7B:CC,,-76,1761464392390
32858,1761464392587.0,0adab909-eb8f-4baf-9eed-7a4cc889cb7c,70:AC:CB:06:9F:7F,,-91,1761464392390
32859,1761464393227.0,0adab909-eb8f-4baf-9eed-7a4cc889cb7c,FF:10:10:AE:A7:64,Sunset lights,-75,1761464392390
32860,1761464393245.0,0adab909-eb8f-4baf-9eed-7a4cc889cb7c,61:27:15:F8:E6:52,,-79,1761464392390
32861,1761464393254.0,0adab909-eb8f-4baf-9eed-7a4cc889cb7c,5C:77:BF:22:15:AD,,-74,1761464392390
32862,1761464394533.0,0adab909-eb8f-4baf-9eed-7a4cc889cb7c,71:CA:53:F8:CF:FF,,-70,1761464392390
32863,1761464397090.0,0adab909-eb8f-4baf-9eed-7a4cc889cb7c,6E:60:42:76:8E:06,,-84,1761464392390
32864,1761464992426.0,0adab909-eb8f-4baf-9eed-7a4cc889cb7c,77:38:E4:9A:42:03,,-85,1761464992193
32865,1761464992606.0,0adab909-eb8f-4baf-9eed-7a4cc889cb7c,5C:77:BF:22:15:AD,,-88,1761464992193
32866,1761464992623.0,0adab909-eb8f-4baf-9eed-7a4cc889cb7c,51:D9:D5:3E:CF:A4,,-84,1761464992193
32867,1761464993548.0,0adab909-eb8f-4baf-9eed-7a4cc889cb7c,FF:10:10:AE:A7:64,Sunset lights,-72,1761464992193
32868,1761464994855.0,0adab909-eb8f-4baf-9eed-7a4cc889cb7c,7A:93:6A:84:41:9D,,-85,1761464992193
32869,1761464995166.0,0adab909-eb8f-4baf-9eed-7a4cc889cb7c,20:7B:B2:9F:E9:07,,-91,1761464992193
32870,1761465000895.0,0adab909-eb8f-4baf-9eed-7a4cc889cb7c,71:CA:53:F8:CF:FF,,-73,1761464992193
32871,1761465003132.0,0adab909-eb8f-4baf-9eed-7a4cc889cb7c,70:AC:CB:06:9F:7F,,-91,1761464992193
32872,1761465533870.0,0adab909-eb8f-4baf-9eed-7a4cc889cb7c,5C:77:BF:22:15:AD,,-80,1761465533576
32873,1761465533888.0,0adab909-eb8f-4baf-9eed-7a4cc889cb7c,77:38:E4:9A:42:03,,-84,1761465533576
32874,1761465534614.0,0adab909-eb8f-4baf-9eed-7a4cc889cb7c,49:24:59:E8:70:90,,-89,1761465533576
32875,1761465535234.0,0adab909-eb8f-4baf-9eed-7a4cc889cb7c,51:D9:D5:3E:CF:A4,,-81,1761465533576
32876,1761465535881.0,0adab909-eb8f-4baf-9eed-7a4cc889cb7c,FF:10:10:AE:A7:64,Sunset lights,-71,1761465533576
32877,1761465542608.0,0adab909-eb8f-4baf-9eed-7a4cc889cb7c,67:93:32:12:71:BD,,-75,1761465533576
32878,1761465543563.0,0adab909-eb8f-4baf-9eed-7a4cc889cb7c,55:06:64:0B:EF:74,,-84,1761465533576
32879,1761466366174.0,0adab909-eb8f-4baf-9eed-7a4cc889cb7c,FF:10:10:AE:A7:64,Sunset lights,-79,1761466365163
32880,1761466366778.0,0adab909-eb8f-4baf-9eed-7a4cc889cb7c,48:4C:6E:AC:16:0B,,-88,1761466365163
32881,1761466366790.0,0adab909-eb8f-4baf-9eed-7a4cc889cb7c,50:68:FB:F4:33:62,,-87,1761466365163
32882,1761466367200.0,0adab909-eb8f-4baf-9eed-7a4cc889cb7c,7C:FD:F3:3C:47:F5,,-87,1761466365163
32883,1761466371387.0,0adab909-eb8f-4baf-9eed-7a4cc889cb7c,59:B7:13:CC:76:F1,,-79,1761466365163
32884,1761466371649.0,0adab909-eb8f-4baf-9eed-7a4cc889cb7c,5C:77:BF:22:15:AD,,-81,1761466365163
32885,1761466373577.0,0adab909-eb8f-4baf-9eed-7a4cc889cb7c,61:50:DC:D8:C8:3F,,-74,1761466365163
32886,1761466376772.0,0adab909-eb8f-4baf-9eed-7a4cc889cb7c,77:A3:47:54:9F:DC,,-84,1761466365163
32887,1761466854159.0,0adab909-eb8f-4baf-9eed-7a4cc889cb7c,FF:10:10:AE:A7:64,Sunset lights,-73,1761466854146
32888,1761466854546.0,0adab909-eb8f-4baf-9eed-7a4cc889cb7c,77:A3:47:54:9F:DC,,-80,1761466854146
32889,1761466854574.0,0adab909-eb8f-4baf-9eed-7a4cc889cb7c,48:4C:6E:AC:16:0B,,-85,1761466854146
32890,1761466854856.0,0adab909-eb8f-4baf-9eed-7a4cc889cb7c,7C:FD:F3:3C:47:F5,,-83,1761466854146
32891,1761466860921.0,0adab909-eb8f-4baf-9eed-7a4cc889cb7c,58:80:50:CB:0D:FE,,-92,1761466854146
32892,1761466861587.0,0adab909-eb8f-4baf-9eed-7a4cc889cb7c,61:50:DC:D8:C8:3F,,-75,1761466854146
32893,1761467521606.0,0adab909-eb8f-4baf-9eed-7a4cc889cb7c,74:BE:EB:AC:7B:F0,,-79,1761467521176
32894,1761467521941.0,0adab909-eb8f-4baf-9eed-7a4cc889cb7c,7F:A9:E7:E0:74:78,,-83,1761467521176
32895,1761467522543.0,0adab909-eb8f-4baf-9eed-7a4cc889cb7c,49:97:94:00:E0:CA,,-79,1761467521176
32896,1761467522902.0,0adab909-eb8f-4baf-9eed-7a4cc889cb7c,72:FB:39:F3:A3:58,,-81,1761467521176
32897,1761467523233.0,0adab909-eb8f-4baf-9eed-7a4cc889cb7c,FF:10:10:AE:A7:64,Sunset lights,-75,1761467521176
32898,1761467916314.0,0adab909-eb8f-4baf-9eed-7a4cc889cb7c,FF:10:10:AE:A7:64,Sunset lights,-66,1761467916263
32899,1761467916367.0,0adab909-eb8f-4baf-9eed-7a4cc889cb7c,7F:A9:E7:E0:74:78,,-78,1761467916263
32900,1761467916695.0,0adab909-eb8f-4baf-9eed-7a4cc889cb7c,4C:96:8A:ED:6A:01,SPEN NA,-61,1761467916263
32901,1761467917041.0,0adab909-eb8f-4baf-9eed-7a4cc889cb7c,49:97:94:00:E0:CA,,-81,1761467916263
32902,1761467917325.0,0adab909-eb8f-4baf-9eed-7a4cc889cb7c,4C:96:8A:ED:6A:01,SPEN NA,-65,1761467916263
32903,1761467917651.0,0adab909-eb8f-4baf-9eed-7a4cc889cb7c,4C:96:8A:ED:6A:01,SPEN NA,-67,1761467916263
32904,1761467917956.0,0adab909-eb8f-4baf-9eed-7a4cc889cb7c,4C:96:8A:ED:6A:01,SPEN NA,-70,1761467916263
32905,1761467918272.0,0adab909-eb8f-4baf-9eed-7a4cc889cb7c,4C:96:8A:ED:6A:01,SPEN NA,-60,1761467916263
32906,1761467918584.0,0adab909-eb8f-4baf-9eed-7a4cc889cb7c,4C:96:8A:ED:6A:01,SPEN NA,-62,1761467916263
32907,1761467918918.0,0adab909-eb8f-4baf-9eed-7a4cc889cb7c,4C:96:8A:ED:6A:01,SPEN NA,-70,1761467916263
32908,1761467919223.0,0adab909-eb8f-4baf-9eed-7a4cc889cb7c,4C:96:8A:ED:6A:01,SPEN NA,-61,1761467916263
32909,1761467919865.0,0adab909-eb8f-4baf-9eed-7a4cc889cb7c,4C:96:8A:ED:6A:01,SPEN NA,-70,1761467916263
32910,1761467920491.0,0adab909-eb8f-4baf-9eed-7a4cc889cb7c,4C:96:8A:ED:6A:01,SPEN NA,-62,1761467916263
32911,1761467921222.0,0adab909-eb8f-4baf-9eed-7a4cc889cb7c,4C:96:8A:ED:6A:01,SPEN NA,-60,1761467916263
32912,1761467921259.0,0adab909-eb8f-4baf-9eed-7a4cc889cb7c,72:FB:39:F3:A3:58,,-88,1761467916263
32913,1761467921521.0,0adab909-eb8f-4baf-9eed-7a4cc889cb7c,4C:96:8A:ED:6A:01,SPEN NA,-61,1761467916263
32914,1761467921851.0,0adab909-eb8f-4baf-9eed-7a4cc889cb7c,4C:96:8A:ED:6A:01,SPEN NA,-68,1761467916263
32915,1761467922149.0,0adab909-eb8f-4baf-9eed-7a4cc889cb7c,4C:96:8A:ED:6A:01,SPEN NA,-60,1761467916263
32916,1761467922488.0,0adab909-eb8f-4baf-9eed-7a4cc889cb7c,4C:96:8A:ED:6A:01,SPEN NA,-66,1761467916263
32917,1761467923753.0,0adab909-eb8f-4baf-9eed-7a4cc889cb7c,4C:96:8A:ED:6A:01,SPEN NA,-68,1761467916263
32918,1761467924067.0,0adab909-eb8f-4baf-9eed-7a4cc889cb7c,4C:96:8A:ED:6A:01,SPEN NA,-60,1761467916263
32919,1761467924360.0,0adab909-eb8f-4baf-9eed-7a4cc889cb7c,4C:96:8A:ED:6A:01,SPEN NA,-66,1761467916263
32920,1761467924686.0,0adab909-eb8f-4baf-9eed-7a4cc889cb7c,4C:96:8A:ED:6A:01,SPEN NA,-64,1761467916263
32921,1761467925313.0,0adab909-eb8f-4baf-9eed-7a4cc889cb7c,4C:96:8A:ED:6A:01,SPEN NA,-61,1761467916263
32922,1761467925641.0,0adab909-eb8f-4baf-9eed-7a4cc889cb7c,4C:96:8A:ED:6A:01,SPEN NA,-68,1761467916263
32923,1761467925950.0,0adab909-eb8f-4baf-9eed-7a4cc889cb7c,4C:96:8A:ED:6A:01,SPEN NA,-60,1761467916263
32924,1761467926905.0,0adab909-eb8f-4baf-9eed-7a4cc889cb7c,4C:96:8A:ED:6A:01,SPEN NA,-60,1761467916263
32925,1761467928239.0,0adab909-eb8f-4baf-9eed-7a4cc889cb7c,4C:96:8A:ED:6A:01,SPEN NA,-66,1761467916263
32926,1761467928555.0,0adab909-eb8f-4baf-9eed-7a4cc889cb7c,4C:96:8A:ED:6A:01,SPEN NA,-63,1761467916263
32927,1761467929181.0,0adab909-eb8f-4baf-9eed-7a4cc889cb7c,4C:96:8A:ED:6A:01,SPEN NA,-60,1761467916263
32928,1761467929221.0,0adab909-eb8f-4baf-9eed-7a4cc889cb7c,72:FB:39:F3:A3:58,,-87,1761467916263
32929,1761467930197.0,0adab909-eb8f-4baf-9eed-7a4cc889cb7c,FF:10:10:AE:A7:64,Sunset lights,-68,1761467916263
32930,1761467931182.0,0adab909-eb8f-4baf-9eed-7a4cc889cb7c,49:97:94:00:E0:CA,,-86,1761467916263
32931,1761467931213.0,0adab909-eb8f-4baf-9eed-7a4cc889cb7c,7F:A9:E7:E0:74:78,,-82,1761467916263
32932,1761468616870.0,0adab909-eb8f-4baf-9eed-7a4cc889cb7c,FF:10:10:AE:A7:64,Sunset lights,-72,1761468616804
32933,1761468618148.0,0adab909-eb8f-4baf-9eed-7a4cc889cb7c,7F:A9:E7:E0:74:78,,-89,1761468616804
32934,1761468618434.0,0adab909-eb8f-4baf-9eed-7a4cc889cb7c,76:75:C6:F4:16:39,,-70,1761468616804
32935,1761468619155.0,0adab909-eb8f-4baf-9eed-7a4cc889cb7c,65:9B:E1:C7:DA:B6,,-83,1761468616804
32936,1761468627436.0,0adab909-eb8f-4baf-9eed-7a4cc889cb7c,7B:7E:3D:B6:2B:05,,-90,1761468616804
32937,1761468629662.0,0adab909-eb8f-4baf-9eed-7a4cc889cb7c,7F:A9:E7:E0:74:78,,-87,1761468616804
32938,1761468629753.0,0adab909-eb8f-4baf-9eed-7a4cc889cb7c,FF:10:10:AE:A7:64,Sunset lights,-68,1761468616804
32939,1761468630758.0,0adab909-eb8f-4baf-9eed-7a4cc889cb7c,7B:7E:3D:B6:2B:05,,-88,1761468616804
32940,1761468630852.0,0adab909-eb8f-4baf-9eed-7a4cc889cb7c,65:9B:E1:C7:DA:B6,,-79,1761468616804
32941,1761468631773.0,0adab909-eb8f-4baf-9eed-7a4cc889cb7c,FD:67:EF:8B:73:AF,,-87,1761468616804
32942,1761469431387.0,0adab909-eb8f-4baf-9eed-7a4cc889cb7c,6F:66:9D:95:03:89,,-86,1761469431286
32943,1761469431663.0,0adab909-eb8f-4baf-9eed-7a4cc889cb7c,FF:10:10:AE:A7:64,Sunset lights,-75,1761469431286
32944,1761469433278.0,0adab909-eb8f-4baf-9eed-7a4cc889cb7c,77:45:B7:83:60:92,,-74,1761469431286
32945,1761469434924.0,0adab909-eb8f-4baf-9eed-7a4cc889cb7c,68:F6:3E:9F:B0:ED,,-92,1761469431286
32946,1761469434950.0,0adab909-eb8f-4baf-9eed-7a4cc889cb7c,53:43:EF:19:74:33,,-89,1761469431286
32947,1761469444335.0,0adab909-eb8f-4baf-9eed-7a4cc889cb7c,FF:10:10:AE:A7:64,Sunset lights,-70,1761469431286
32948,1761469445273.0,0adab909-eb8f-4baf-9eed-7a4cc889cb7c,6F:66:9D:95:03:89,,-84,1761469431286
32949,1761469445310.0,0adab909-eb8f-4baf-9eed-7a4cc889cb7c,77:45:B7:83:60:92,,-71,1761469431286
32950,1761469731489.0,0adab909-eb8f-4baf-9eed-7a4cc889cb7c,FF:10:10:AE:A7:64,Sunset lights,-75,1761469731387
32951,1761469732058.0,0adab909-eb8f-4baf-9eed-7a4cc889cb7c,77:45:B7:83:60:92,,-77,1761469731387
32952,1761469732474.0,0adab909-eb8f-4baf-9eed-7a4cc889cb7c,68:F6:3E:9F:B0:ED,,-89,1761469731387
32953,1761469733085.0,0adab909-eb8f-4baf-9eed-7a4cc889cb7c,6F:66:9D:95:03:89,,-91,1761469731387
32954,1761469733499.0,0adab909-eb8f-4baf-9eed-7a4cc889cb7c,53:43:EF:19:74:33,,-85,1761469731387
32955,1761469744258.0,0adab909-eb8f-4baf-9eed-7a4cc889cb7c,68:F6:3E:9F:B0:ED,,-86,1761469731387
32956,1761469744324.0,0adab909-eb8f-4baf-9eed-7a4cc889cb7c,6F:66:9D:95:03:89,,-86,1761469731387
32957,1761469745322.0,0adab909-eb8f-4baf-9eed-7a4cc889cb7c,FF:10:10:AE:A7:64,Sunset lights,-73,1761469731387
32958,1761469745360.0,0adab909-eb8f-4baf-9eed-7a4cc889cb7c,E5:2F:FD:0E:B0:15,,-89,1761469731387
32959,1761470331386.0,0adab909-eb8f-4baf-9eed-7a4cc889cb7c,75:95:92:A3:DC:B3,,-88,1761470331249
32960,1761470331630.0,0adab909-eb8f-4baf-9eed-7a4cc889cb7c,62:74:8C:63:10:28,,-91,1761470331249
32961,1761470331651.0,0adab909-eb8f-4baf-9eed-7a4cc889cb7c,FF:10:10:AE:A7:64,Sunset lights,-75,1761470331249
32962,1761470332608.0,0adab909-eb8f-4baf-9eed-7a4cc889cb7c,62:75:D5:25:3B:C1,,-87,1761470331249
32963,1761470344100.0,0adab909-eb8f-4baf-9eed-7a4cc889cb7c,D5:14:C8:49:AD:06,,-84,1761470331249
32964,1761470344426.0,0adab909-eb8f-4baf-9eed-7a4cc889cb7c,FF:10:10:AE:A7:64,Sunset lights,-70,1761470331249
32965,1761470344457.0,0adab909-eb8f-4baf-9eed-7a4cc889cb7c,62:75:D5:25:3B:C1,,-90,1761470331249
32966,1761470344886.0,0adab909-eb8f-4baf-9eed-7a4cc889cb7c,75:95:92:A3:DC:B3,,-94,1761470331249
32967,1761470345191.0,0adab909-eb8f-4baf-9eed-7a4cc889cb7c,21:64:6C:16:4E:5E,,-93,1761470331249
32968,1761470346365.0,0adab909-eb8f-4baf-9eed-7a4cc889cb7c,E0:5D:6E:19:2D:72,,-80,1761470331249
32969,1761470931480.0,0adab909-eb8f-4baf-9eed-7a4cc889cb7c,FF:10:10:AE:A7:64,Sunset lights,-72,1761470931355
32970,1761470932977.0,0adab909-eb8f-4baf-9eed-7a4cc889cb7c,75:95:92:A3:DC:B3,,-87,1761470931355
32971,1761470933636.0,0adab909-eb8f-4baf-9eed-7a4cc889cb7c,3B:1F:BC:D6:15:8F,,-92,1761470931355
32972,1761470934968.0,0adab909-eb8f-4baf-9eed-7a4cc889cb7c,5C:74:49:B3:BD:59,,-68,1761470931355
32973,1761470943635.0,0adab909-eb8f-4baf-9eed-7a4cc889cb7c,63:92:CE:7D:A2:CF,,-88,1761470931355
32974,1761470944208.0,0adab909-eb8f-4baf-9eed-7a4cc889cb7c,27:95:03:0F:0C:16,,-90,1761470931355
32975,1761470944410.0,0adab909-eb8f-4baf-9eed-7a4cc889cb7c,F2:3E:E1:06:F7:1D,,-91,1761470931355
32976,1761470945250.0,0adab909-eb8f-4baf-9eed-7a4cc889cb7c,FF:10:10:AE:A7:64,Sunset lights,-70,1761470931355
32977,1761470945273.0,0adab909-eb8f-4baf-9eed-7a4cc889cb7c,63:92:CE:7D:A2:CF,,-87,1761470931355
32978,1761471531116.0,0adab909-eb8f-4baf-9eed-7a4cc889cb7c,5D:1E:E6:A3:8B:46,,-83,1761471530987
32979,1761471531370.0,0adab909-eb8f-4baf-9eed-7a4cc889cb7c,4E:FB:38:27:F3:16,,-90,1761471530987
32980,1761471531707.0,0adab909-eb8f-4baf-9eed-7a4cc889cb7c,FF:10:10:AE:A7:64,Sunset lights,-76,1761471530987
32981,1761471531729.0,0adab909-eb8f-4baf-9eed-7a4cc889cb7c,64:02:10:83:5F:83,,-84,1761471530987
32982,1761471532016.0,0adab909-eb8f-4baf-9eed-7a4cc889cb7c,5C:74:49:B3:BD:59,,-71,1761471530987
32983,1761471533293.0,0adab909-eb8f-4baf-9eed-7a4cc889cb7c,78:5B:C2:ED:4A:C9,,-70,1761471530987
32984,1761471543878.0,0adab909-eb8f-4baf-9eed-7a4cc889cb7c,4E:FB:38:27:F3:16,,-85,1761471530987
32985,1761471544020.0,0adab909-eb8f-4baf-9eed-7a4cc889cb7c,DE:A1:03:93:19:43,,-72,1761471530987
32986,1761471544039.0,0adab909-eb8f-4baf-9eed-7a4cc889cb7c,5C:74:49:B3:BD:59,,-76,1761471530987
32987,1761471544057.0,0adab909-eb8f-4baf-9eed-7a4cc889cb7c,FF:10:10:AE:A7:64,Sunset lights,-73,1761471530987
32988,1761471545953.0,0adab909-eb8f-4baf-9eed-7a4cc889cb7c,5D:1E:E6:A3:8B:46,,-88,1761471530987
32989,1761471545983.0,0adab909-eb8f-4baf-9eed-7a4cc889cb7c,78:5B:C2:ED:4A:C9,,-73,1761471530987
32990,1761471546066.0,0adab909-eb8f-4baf-9eed-7a4cc889cb7c,64:02:10:83:5F:83,,-86,1761471530987
32991,1761471546859.0,0adab909-eb8f-4baf-9eed-7a4cc889cb7c,FF:10:10:AE:A7:64,Sunset lights,-73,1761471530987
32992,1761472130968.0,0adab909-eb8f-4baf-9eed-7a4cc889cb7c,67:1F:E8:A2:B2:97,,-85,1761472130963
32993,1761472131066.0,0adab909-eb8f-4baf-9eed-7a4cc889cb7c,FF:10:10:AE:A7:64,Sunset lights,-83,1761472130963
32994,1761472132426.0,0adab909-eb8f-4baf-9eed-7a4cc889cb7c,4F:F7:70:D8:FA:F4,,-87,1761472130963
32995,1761472132662.0,0adab909-eb8f-4baf-9eed-7a4cc889cb7c,4F:8B:95:31:80:81,,-70,1761472130963
32996,1761472132963.0,0adab909-eb8f-4baf-9eed-7a4cc889cb7c,5D:1E:E6:A3:8B:46,,-83,1761472130963
32997,1761472143948.0,0adab909-eb8f-4baf-9eed-7a4cc889cb7c,5D:1E:E6:A3:8B:46,,-82,1761472130963
32998,1761472144813.0,0adab909-eb8f-4baf-9eed-7a4cc889cb7c,4F:F7:70:D8:FA:F4,,-88,1761472130963
32999,1761472144840.0,0adab909-eb8f-4baf-9eed-7a4cc889cb7c,2D:2A:B1:DC:76:72,,-89,1761472130963
33000,1761472146782.0,0adab909-eb8f-4baf-9eed-7a4cc889cb7c,FD:C5:F8:81:FD:C2,,-86,1761472130963
33001,1761472730964.0,0adab909-eb8f-4baf-9eed-7a4cc889cb7c,FF:10:10:AE:A7:64,Sunset lights,-80,1761472730913
33002,1761472731036.0,0adab909-eb8f-4baf-9eed-7a4cc889cb7c,4F:F7:70:D8:FA:F4,,-84,1761472730913
33003,1761472731329.0,0adab909-eb8f-4baf-9eed-7a4cc889cb7c,67:1F:E8:A2:B2:97,,-87,1761472730913
33004,1761472731403.0,0adab909-eb8f-4baf-9eed-7a4cc889cb7c,4C:4A:1D:6E:34:C7,,-87,1761472730913
33005,1761472734213.0,0adab909-eb8f-4baf-9eed-7a4cc889cb7c,4F:8B:95:31:80:81,,-72,1761472730913
33006,1761472743963.0,0adab909-eb8f-4baf-9eed-7a4cc889cb7c,4F:F7:70:D8:FA:F4,,-83,1761472730913
33007,1761472744856.0,0adab909-eb8f-4baf-9eed-7a4cc889cb7c,67:1F:E8:A2:B2:97,,-77,1761472730913
33008,1761472745348.0,0adab909-eb8f-4baf-9eed-7a4cc889cb7c,FF:10:10:AE:A7:64,Sunset lights,-82,1761472730913
33009,1761472745810.0,0adab909-eb8f-4baf-9eed-7a4cc889cb7c,00:0A:95:01:7C:EB,,-91,1761472730913
33010,1761472745952.0,0adab909-eb8f-4baf-9eed-7a4cc889cb7c,E7:F3:DF:F0:27:85,,-83,1761472730913
33011,1761473331754.0,0adab909-eb8f-4baf-9eed-7a4cc889cb7c,FF:10:10:AE:A7:64,Sunset lights,-89,1761473331023
33012,1761473332125.0,0adab909-eb8f-4baf-9eed-7a4cc889cb7c,44:2D:21:97:FB:D0,,-91,1761473331023
33013,1761473342617.0,0adab909-eb8f-4baf-9eed-7a4cc889cb7c,4F:8B:95:31:80:81,,-72,1761473331023
33014,1761473342647.0,0adab909-eb8f-4baf-9eed-7a4cc889cb7c,4C:4A:1D:6E:34:C7,,-82,1761473331023
33015,1761473916478.0,0adab909-eb8f-4baf-9eed-7a4cc889cb7c,63:13:5D:4C:D4:F5,,-90,1761473916091
33016,1761473917494.0,0adab909-eb8f-4baf-9eed-7a4cc889cb7c,FF:10:10:AE:A7:64,Sunset lights,-73,1761473916091
33017,1761473919063.0,0adab909-eb8f-4baf-9eed-7a4cc889cb7c,44:2D:21:97:FB:D0,,-88,1761473916091
33018,1761473920964.0,0adab909-eb8f-4baf-9eed-7a4cc889cb7c,46:4F:94:B1:1D:26,,-81,1761473916091
33019,1761474533200.0,0adab909-eb8f-4baf-9eed-7a4cc889cb7c,47:7B:38:32:42:C3,,-89,1761474533191
33020,1761474533229.0,0adab909-eb8f-4baf-9eed-7a4cc889cb7c,FF:10:10:AE:A7:64,Sunset lights,-77,1761474533191
33021,1761474533526.0,0adab909-eb8f-4baf-9eed-7a4cc889cb7c,6D:8E:C6:DB:A1:CB,,-76,1761474533191
33022,1761474536750.0,0adab909-eb8f-4baf-9eed-7a4cc889cb7c,78:C1:02:97:F2:3A,,-88,1761474533191
33023,1761474543432.0,0adab909-eb8f-4baf-9eed-7a4cc889cb7c,46:4F:94:B1:1D:26,,-94,1761474533191
33024,1761475157489.0,0adab909-eb8f-4baf-9eed-7a4cc889cb7c,75:CD:28:A5:6F:D7,,-92,1761475156092
33025,1761475724312.0,0adab909-eb8f-4baf-9eed-7a4cc889cb7c,66:D4:DA:58:84:CF,,-88,1761475724309
33026,1761475728972.0,0adab909-eb8f-4baf-9eed-7a4cc889cb7c,74:A6:ED:FC:D4:07,,-88,1761475724309
33027,1761475729644.0,0adab909-eb8f-4baf-9eed-7a4cc889cb7c,46:14:B9:D1:1B:69,,-86,1761475724309
33028,1761476304482.0,0adab909-eb8f-4baf-9eed-7a4cc889cb7c,4C:96:8A:ED:6A:01,SPEN NA,-49,1761476304418
33029,1761476304503.0,0adab909-eb8f-4baf-9eed-7a4cc889cb7c,FF:10:10:AE:A7:64,Sunset lights,-84,1761476304418
33030,1761476305222.0,0adab909-eb8f-4baf-9eed-7a4cc889cb7c,4C:96:8A:ED:6A:01,SPEN NA,127,1761476304418
33031,1761476305763.0,0adab909-eb8f-4baf-9eed-7a4cc889cb7c,4C:96:8A:ED:6A:01,SPEN NA,-45,1761476304418
33032,1761476305788.0,0adab909-eb8f-4baf-9eed-7a4cc889cb7c,5B:3A:4D:E6:40:B2,,-86,1761476304418
33033,1761476306087.0,0adab909-eb8f-4baf-9eed-7a4cc889cb7c,4C:96:8A:ED:6A:01,SPEN NA,-50,1761476304418
33034,1761476306115.0,0adab909-eb8f-4baf-9eed-7a4cc889cb7c,6F:7C:66:9E:87:69,,-86,1761476304418
33035,1761476306410.0,0adab909-eb8f-4baf-9eed-7a4cc889cb7c,4C:96:8A:ED:6A:01,SPEN NA,-46,1761476304418
33036,1761476306430.0,0adab909-eb8f-4baf-9eed-7a4cc889cb7c,4C:CD:B8:17:C8:E3,,-88,1761476304418
33037,1761476307084.0,0adab909-eb8f-4baf-9eed-7a4cc889cb7c,69:99:79:78:2A:85,,-89,1761476304418
33038,1761476307431.0,0adab909-eb8f-4baf-9eed-7a4cc889cb7c,4C:96:8A:ED:6A:01,SPEN NA,-46,1761476304418
33039,1761476308055.0,0adab909-eb8f-4baf-9eed-7a4cc889cb7c,4C:96:8A:ED:6A:01,SPEN NA,-49,1761476304418
33040,1761476308367.0,0adab909-eb8f-4baf-9eed-7a4cc889cb7c,4C:96:8A:ED:6A:01,SPEN NA,-45,1761476304418
33041,1761476308699.0,0adab909-eb8f-4baf-9eed-7a4cc889cb7c,4C:96:8A:ED:6A:01,SPEN NA,-46,1761476304418
33042,1761476312586.0,0adab909-eb8f-4baf-9eed-7a4cc889cb7c,4C:96:8A:ED:6A:01,SPEN NA,-50,1761476304418
33043,1761476898968.0,0adab909-eb8f-4baf-9eed-7a4cc889cb7c,57:9C:49:38:EF:88,,-73,1761476898911
33044,1761476899341.0,0adab909-eb8f-4baf-9eed-7a4cc889cb7c,4C:CD:B8:17:C8:E3,,-90,1761476898911
33045,1761476900270.0,0adab909-eb8f-4baf-9eed-7a4cc889cb7c,47:7C:86:9D:D0:BE,,-85,1761476898911
33046,1761476900301.0,0adab909-eb8f-4baf-9eed-7a4cc889cb7c,FF:10:10:AE:A7:64,Sunset lights,-85,1761476898911
33047,1761476903790.0,0adab909-eb8f-4baf-9eed-7a4cc889cb7c,6F:7C:66:9E:87:69,,-86,1761476898911
33048,1761476904088.0,0adab909-eb8f-4baf-9eed-7a4cc889cb7c,69:99:79:78:2A:85,,-83,1761476898911
33049,1761476911471.0,0adab909-eb8f-4baf-9eed-7a4cc889cb7c,4A:66:EF:03:AA:1D,,-71,1761476898911
33050,1761477711323.0,0adab909-eb8f-4baf-9eed-7a4cc889cb7c,77:DF:05:B0:6E:13,,-80,1761477711232
33051,1761477711627.0,0adab909-eb8f-4baf-9eed-7a4cc889cb7c,FF:10:10:AE:A7:64,Sunset lights,-85,1761477711232
33052,1761477712572.0,0adab909-eb8f-4baf-9eed-7a4cc889cb7c,6D:42:69:05:5C:34,,-91,1761477711232
33053,1761477712608.0,0adab909-eb8f-4baf-9eed-7a4cc889cb7c,72:79:AB:EF:7D:F9,,-67,1761477711232
33054,1761477712919.0,0adab909-eb8f-4baf-9eed-7a4cc889cb7c,78:39:09:92:37:6E,,-84,1761477711232
33055,1761477713905.0,0adab909-eb8f-4baf-9eed-7a4cc889cb7c,7D:9B:66:46:D3:A9,,-87,1761477711232
33056,1761477716478.0,0adab909-eb8f-4baf-9eed-7a4cc889cb7c,4C:D9:BA:E7:B7:9B,,-91,1761477711232
33057,1761478311273.0,0adab909-eb8f-4baf-9eed-7a4cc889cb7c,6D:42:69:05:5C:34,,-88,1761478311222
33058,1761478311412.0,0adab909-eb8f-4baf-9eed-7a4cc889cb7c,FF:10:10:AE:A7:64,Sunset lights,-83,1761478311222
33059,1761478311437.0,0adab909-eb8f-4baf-9eed-7a4cc889cb7c,45:A7:17:C1:32:5C,,-88,1761478311222
33060,1761478313591.0,0adab909-eb8f-4baf-9eed-7a4cc889cb7c,77:DF:05:B0:6E:13,,-68,1761478311222
33061,1761478313687.0,0adab909-eb8f-4baf-9eed-7a4cc889cb7c,4B:60:72:80:6C:EE,,-91,1761478311222
33062,1761478313705.0,0adab909-eb8f-4baf-9eed-7a4cc889cb7c,4C:D9:BA:E7:B7:9B,,-83,1761478311222
33063,1761478315177.0,0adab909-eb8f-4baf-9eed-7a4cc889cb7c,78:39:09:92:37:6E,,-88,1761478311222
33064,1761478316136.0,0adab909-eb8f-4baf-9eed-7a4cc889cb7c,72:79:AB:EF:7D:F9,,-74,1761478311222
33065,1761478911922.0,0adab909-eb8f-4baf-9eed-7a4cc889cb7c,72:79:AB:EF:7D:F9,,-83,1761478911867
33066,1761478912954.0,0adab909-eb8f-4baf-9eed-7a4cc889cb7c,FF:10:10:AE:A7:64,Sunset lights,-77,1761478911867
33067,1761478912977.0,0adab909-eb8f-4baf-9eed-7a4cc889cb7c,62:7E:40:EA:4E:B2,,-85,1761478911867
33068,1761478914536.0,0adab909-eb8f-4baf-9eed-7a4cc889cb7c,45:A7:17:C1:32:5C,,-90,1761478911867
33069,1761478914833.0,0adab909-eb8f-4baf-9eed-7a4cc889cb7c,6D:42:69:05:5C:34,,-86,1761478911867
33070,1761478916769.0,0adab909-eb8f-4baf-9eed-7a4cc889cb7c,4B:60:72:80:6C:EE,,-93,1761478911867
33071,1761478921216.0,0adab909-eb8f-4baf-9eed-7a4cc889cb7c,6F:C4:91:D2:D9:CD,,-87,1761478911867
33072,1761479511948.0,0adab909-eb8f-4baf-9eed-7a4cc889cb7c,FF:10:10:AE:A7:64,Sunset lights,-92,1761479511878
33073,1761479512019.0,0adab909-eb8f-4baf-9eed-7a4cc889cb7c,62:7E:40:EA:4E:B2,,-92,1761479511878
33074,1761479512238.0,0adab909-eb8f-4baf-9eed-7a4cc889cb7c,6F:C4:91:D2:D9:CD,,-96,1761479511878
33075,1761479512639.0,0adab909-eb8f-4baf-9eed-7a4cc889cb7c,74:BB:E7:26:24:59,,-92,1761479511878
33076,1761480060605.0,0adab909-eb8f-4baf-9eed-7a4cc889cb7c,6F:C4:91:D2:D9:CD,,-93,1761480059906
33077,1761480061261.0,0adab909-eb8f-4baf-9eed-7a4cc889cb7c,7C:78:DB:91:A8:8B,,-84,1761480059906
33078,1761480061307.0,0adab909-eb8f-4baf-9eed-7a4cc889cb7c,4F:5C:FA:FE:4B:DE,,-71,1761480059906
33079,1761480061639.0,0adab909-eb8f-4baf-9eed-7a4cc889cb7c,52:20:DD:84:29:18,,-83,1761480059906
33080,1761480061657.0,0adab909-eb8f-4baf-9eed-7a4cc889cb7c,74:BB:E7:26:24:59,,-82,1761480059906
33081,1761480062836.0,0adab909-eb8f-4baf-9eed-7a4cc889cb7c,FF:10:10:AE:A7:64,Sunset lights,-88,1761480059906
33082,1761480063214.0,0adab909-eb8f-4baf-9eed-7a4cc889cb7c,6D:67:BB:C1:80:BC,,-84,1761480059906
33083,1761480063789.0,0adab909-eb8f-4baf-9eed-7a4cc889cb7c,6B:2F:86:62:AE:4E,,-91,1761480059906
33084,1761480072773.0,0adab909-eb8f-4baf-9eed-7a4cc889cb7c,6B:2F:86:62:AE:4E,,-90,1761480059906
33085,1761480072796.0,0adab909-eb8f-4baf-9eed-7a4cc889cb7c,7C:78:DB:91:A8:8B,,-85,1761480059906
33086,1761480072813.0,0adab909-eb8f-4baf-9eed-7a4cc889cb7c,FF:10:10:AE:A7:64,Sunset lights,-86,1761480059906
33087,1761480073762.0,0adab909-eb8f-4baf-9eed-7a4cc889cb7c,6F:C4:91:D2:D9:CD,,-86,1761480059906
33088,1761480073796.0,0adab909-eb8f-4baf-9eed-7a4cc889cb7c,52:20:DD:84:29:18,,-85,1761480059906
33089,1761480073926.0,0adab909-eb8f-4baf-9eed-7a4cc889cb7c,6D:67:BB:C1:80:BC,,-86,1761480059906
33090,1761480655433.0,0adab909-eb8f-4baf-9eed-7a4cc889cb7c,6D:67:BB:C1:80:BC,,-78,1761480654692
33091,1761480656053.0,0adab909-eb8f-4baf-9eed-7a4cc889cb7c,52:20:DD:84:29:18,,-85,1761480654692
33092,1761480656085.0,0adab909-eb8f-4baf-9eed-7a4cc889cb7c,7B:70:E0:DB:8E:E3,,-90,1761480654692
33093,1761480656244.0,0adab909-eb8f-4baf-9eed-7a4cc889cb7c,4B:67:E8:A7:C1:07,,-85,1761480654692
33094,1761480656407.0,0adab909-eb8f-4baf-9eed-7a4cc889cb7c,4B:09:BF:B6:29:CC,,-88,1761480654692
33095,1761480657134.0,0adab909-eb8f-4baf-9eed-7a4cc889cb7c,5A:43:67:4E:0D:1B,,-86,1761480654692
33096,1761480657225.0,0adab909-eb8f-4baf-9eed-7a4cc889cb7c,FF:10:10:AE:A7:64,Sunset lights,-76,1761480654692
33097,1761480660430.0,0adab909-eb8f-4baf-9eed-7a4cc889cb7c,5F:5C:6E:09:78:8A,,-81,1761480654692
33098,1761480668599.0,0adab909-eb8f-4baf-9eed-7a4cc889cb7c,FF:10:10:AE:A7:64,Sunset lights,-81,1761480654692
33099,1761480668631.0,0adab909-eb8f-4baf-9eed-7a4cc889cb7c,F6:2A:CB:CE:3F:E2,,-82,1761480654692
33100,1761480668649.0,0adab909-eb8f-4baf-9eed-7a4cc889cb7c,4B:67:E8:A7:C1:07,,-85,1761480654692
33101,1761480668669.0,0adab909-eb8f-4baf-9eed-7a4cc889cb7c,6D:67:BB:C1:80:BC,,-69,1761480654692
33102,1761480668695.0,0adab909-eb8f-4baf-9eed-7a4cc889cb7c,52:20:DD:84:29:18,,-85,1761480654692
33103,1761480668737.0,0adab909-eb8f-4baf-9eed-7a4cc889cb7c,4B:09:BF:B6:29:CC,,-79,1761480654692
33104,1761481313979.0,0adab909-eb8f-4baf-9eed-7a4cc889cb7c,5F:5C:6E:09:78:8A,,-82,1761481311319
33105,1761481313999.0,0adab909-eb8f-4baf-9eed-7a4cc889cb7c,4B:09:BF:B6:29:CC,,-83,1761481311319
33106,1761481314272.0,0adab909-eb8f-4baf-9eed-7a4cc889cb7c,4F:42:91:50:AB:CB,,-90,1761481311319
33107,1761481315566.0,0adab909-eb8f-4baf-9eed-7a4cc889cb7c,FF:10:10:AE:A7:64,Sunset lights,-81,1761481311319
33108,1761481316212.0,0adab909-eb8f-4baf-9eed-7a4cc889cb7c,4B:67:E8:A7:C1:07,,-85,1761481311319
33109,1761481912411.0,0adab909-eb8f-4baf-9eed-7a4cc889cb7c,FF:10:10:AE:A7:64,Sunset lights,-83,1761481911342
33110,1761481912448.0,0adab909-eb8f-4baf-9eed-7a4cc889cb7c,7C:77:D3:B7:16:C2,,-83,1761481911342
33111,1761481912702.0,0adab909-eb8f-4baf-9eed-7a4cc889cb7c,6C:FF:DC:5C:37:D1,,-78,1761481911342
33112,1761481913359.0,0adab909-eb8f-4baf-9eed-7a4cc889cb7c,65:51:A6:E1:A7:B2,,-81,1761481911342
33113,1761481917242.0,0adab909-eb8f-4baf-9eed-7a4cc889cb7c,60:39:11:E9:0C:9B,,-71,1761481911342
33114,1761482485397.0,0adab909-eb8f-4baf-9eed-7a4cc889cb7c,6C:FF:DC:5C:37:D1,,-88,1761482485271
33115,1761482486300.0,0adab909-eb8f-4baf-9eed-7a4cc889cb7c,65:51:A6:E1:A7:B2,,-89,1761482485271
33116,1761482486371.0,0adab909-eb8f-4baf-9eed-7a4cc889cb7c,7C:77:D3:B7:16:C2,,-86,1761482485271
33117,1761482487312.0,0adab909-eb8f-4baf-9eed-7a4cc889cb7c,FF:10:10:AE:A7:64,Sunset lights,-77,1761482485271
33118,1761482492721.0,0adab909-eb8f-4baf-9eed-7a4cc889cb7c,60:39:11:E9:0C:9B,,-88,1761482485271
33119,1761482493697.0,0adab909-eb8f-4baf-9eed-7a4cc889cb7c,71:FE:B3:73:32:25,,-91,1761482485271
33120,1761482498140.0,0adab909-eb8f-4baf-9eed-7a4cc889cb7c,C9:B7:D5:CE:8A:C9,,-84,1761482485271
33121,1761482498241.0,0adab909-eb8f-4baf-9eed-7a4cc889cb7c,15:6A:25:FD:9F:8B,,-91,1761482485271
33122,1761482499188.0,0adab909-eb8f-4baf-9eed-7a4cc889cb7c,6C:FF:DC:5C:37:D1,,-87,1761482485271
33123,1761482499280.0,0adab909-eb8f-4baf-9eed-7a4cc889cb7c,FF:10:10:AE:A7:64,Sunset lights,-81,1761482485271
33124,1761482499303.0,0adab909-eb8f-4baf-9eed-7a4cc889cb7c,7C:77:D3:B7:16:C2,,-83,1761482485271
33125,1761482500084.0,0adab909-eb8f-4baf-9eed-7a4cc889cb7c,65:51:A6:E1:A7:B2,,-92,1761482485271
33126,1761483087457.0,0adab909-eb8f-4baf-9eed-7a4cc889cb7c,67:F7:40:9C:6A:7C,,-78,1761483085263
33127,1761483090227.0,0adab909-eb8f-4baf-9eed-7a4cc889cb7c,57:99:26:24:FF:A3,,-74,1761483085263
33128,1761483098233.0,0adab909-eb8f-4baf-9eed-7a4cc889cb7c,57:99:26:24:FF:A3,,-76,1761483085263
33129,1761483098307.0,0adab909-eb8f-4baf-9eed-7a4cc889cb7c,57:B6:CC:04:4B:22,,-85,1761483085263
33130,1761483098359.0,0adab909-eb8f-4baf-9eed-7a4cc889cb7c,FF:10:10:AE:A7:64,Sunset lights,-84,1761483085263
33131,1761483098480.0,0adab909-eb8f-4baf-9eed-7a4cc889cb7c,7C:77:D3:B7:16:C2,,-87,1761483085263
33132,1761483098680.0,0adab909-eb8f-4baf-9eed-7a4cc889cb7c,E5:D4:A4:62:2D:5D,,-82,1761483085263
33133,1761483098714.0,0adab909-eb8f-4baf-9eed-7a4cc889cb7c,67:F7:40:9C:6A:7C,,-82,1761483085263
33134,1761483099706.0,0adab909-eb8f-4baf-9eed-7a4cc889cb7c,D3:5E:C8:DE:F7:50,,-76,1761483085263
33135,1761483099923.0,0adab909-eb8f-4baf-9eed-7a4cc889cb7c,C5:ED:6D:CF:EE:A3,,-78,1761483085263
33136,1761483100901.0,0adab909-eb8f-4baf-9eed-7a4cc889cb7c,F6:2A:CB:CE:3F:E2,,-89,1761483085263
33137,1761483686081.0,0adab909-eb8f-4baf-9eed-7a4cc889cb7c,60:AF:0E:65:C5:26,,-89,1761483685260
33138,1761483686343.0,0adab909-eb8f-4baf-9eed-7a4cc889cb7c,FF:10:10:AE:A7:64,Sunset lights,-82,1761483685260
33139,1761483686791.0,0adab909-eb8f-4baf-9eed-7a4cc889cb7c,57:B6:CC:04:4B:22,,-85,1761483685260
33140,1761483687982.0,0adab909-eb8f-4baf-9eed-7a4cc889cb7c,57:99:26:24:FF:A3,,-83,1761483685260
33141,1761483688002.0,0adab909-eb8f-4baf-9eed-7a4cc889cb7c,67:F7:40:9C:6A:7C,,-85,1761483685260
33142,1761484277370.0,0adab909-eb8f-4baf-9eed-7a4cc889cb7c,FF:10:10:AE:A7:64,Sunset lights,-81,1761484277336
33143,1761484277708.0,0adab909-eb8f-4baf-9eed-7a4cc889cb7c,5E:86:EB:2B:3A:D5,,-87,1761484277336
33144,1761484277792.0,0adab909-eb8f-4baf-9eed-7a4cc889cb7c,77:66:55:7E:19:DB,,-84,1761484277336
33145,1761484278511.0,0adab909-eb8f-4baf-9eed-7a4cc889cb7c,60:AF:0E:65:C5:26,,-88,1761484277336
33146,1761484278704.0,0adab909-eb8f-4baf-9eed-7a4cc889cb7c,47:1C:DC:DE:C7:69,,-88,1761484277336
33147,1761484901939.0,0adab909-eb8f-4baf-9eed-7a4cc889cb7c,77:66:55:7E:19:DB,,-84,1761484901917
33148,1761484901986.0,0adab909-eb8f-4baf-9eed-7a4cc889cb7c,FF:10:10:AE:A7:64,Sunset lights,-85,1761484901917
33149,1761484902006.0,0adab909-eb8f-4baf-9eed-7a4cc889cb7c,76:06:0F:23:42:86,,-90,1761484901917
33150,1761484902725.0,0adab909-eb8f-4baf-9eed-7a4cc889cb7c,5E:86:EB:2B:3A:D5,,-79,1761484901917
33151,1761484911748.0,0adab909-eb8f-4baf-9eed-7a4cc889cb7c,5A:96:81:D2:B2:FA,,-81,1761484901917
33152,1761485502346.0,0adab909-eb8f-4baf-9eed-7a4cc889cb7c,F4:FE:FB:45:44:C9,[TV] Samsung 7 Series (50),-77,1761485501911
33153,1761485503260.0,0adab909-eb8f-4baf-9eed-7a4cc889cb7c,F4:FE:FB:45:44:C9,[TV] Samsung 7 Series (50),-86,1761485501911
33154,1761485503348.0,0adab909-eb8f-4baf-9eed-7a4cc889cb7c,6E:91:C1:D9:D6:17,,-91,1761485501911
33155,1761485503389.0,0adab909-eb8f-4baf-9eed-7a4cc889cb7c,5B:31:50:7F:7A:98,,-83,1761485501911
33156,1761485503931.0,0adab909-eb8f-4baf-9eed-7a4cc889cb7c,79:51:99:01:BD:F7,,-79,1761485501911
33157,1761485504529.0,0adab909-eb8f-4baf-9eed-7a4cc889cb7c,C3:F5:7F:8B:F1:7D,Hue Lamp,-81,1761485501911
33158,1761485507488.0,0adab909-eb8f-4baf-9eed-7a4cc889cb7c,44:27:F3:4F:E6:95,XiaomiWatchS1Active E695,-93,1761485501911
33159,1761485514936.0,0adab909-eb8f-4baf-9eed-7a4cc889cb7c,F4:FE:FB:45:44:C9,[TV] Samsung 7 Series (50),-78,1761485501911
33160,1761485514970.0,0adab909-eb8f-4baf-9eed-7a4cc889cb7c,06:4E:63:FF:B3:FF,,-62,1761485501911
33161,1761485515030.0,0adab909-eb8f-4baf-9eed-7a4cc889cb7c,79:51:99:01:BD:F7,,-80,1761485501911
33162,1761485515057.0,0adab909-eb8f-4baf-9eed-7a4cc889cb7c,C6:5A:FF:79:AD:38,,-85,1761485501911
33163,1761485515557.0,0adab909-eb8f-4baf-9eed-7a4cc889cb7c,EF:A7:5B:79:9C:E7,,-70,1761485501911
33164,1761485515738.0,0adab909-eb8f-4baf-9eed-7a4cc889cb7c,E2:B2:C7:5D:EC:C9,,-77,1761485501911
33165,1761485516792.0,0adab909-eb8f-4baf-9eed-7a4cc889cb7c,5B:31:50:7F:7A:98,,-83,1761485501911
33166,1761485962949.0,0adab909-eb8f-4baf-9eed-7a4cc889cb7c,C3:F5:7F:8B:F1:7D,Hue Lamp,-88,1761485962860
33167,1761485964757.0,0adab909-eb8f-4baf-9eed-7a4cc889cb7c,F4:FE:FB:45:44:C9,[TV] Samsung 7 Series (50),-92,1761485962860
33168,1761485965230.0,0adab909-eb8f-4baf-9eed-7a4cc889cb7c,5B:31:50:7F:7A:98,,-89,1761485962860
33169,1761485965247.0,0adab909-eb8f-4baf-9eed-7a4cc889cb7c,F4:FE:FB:45:44:C9,[TV] Samsung 7 Series (50),-78,1761485962860
33170,1761485965824.0,0adab909-eb8f-4baf-9eed-7a4cc889cb7c,79:51:99:01:BD:F7,,-84,1761485962860
33171,1761486544890.0,0adab909-eb8f-4baf-9eed-7a4cc889cb7c,FF:10:10:AE:A7:64,Sunset lights,-82,1761486544841
33172,1761486544915.0,0adab909-eb8f-4baf-9eed-7a4cc889cb7c,4C:96:8A:ED:6A:01,SPEN NA,-62,1761486544841
33173,1761486545019.0,0adab909-eb8f-4baf-9eed-7a4cc889cb7c,4C:96:8A:ED:6A:01,SPEN NA,-59,1761486544841
33174,1761486545558.0,0adab909-eb8f-4baf-9eed-7a4cc889cb7c,4C:96:8A:ED:6A:01,SPEN NA,-66,1761486544841
33175,1761486545660.0,0adab909-eb8f-4baf-9eed-7a4cc889cb7c,4C:96:8A:ED:6A:01,SPEN NA,-66,1761486544841
33176,1761486545672.0,0adab909-eb8f-4baf-9eed-7a4cc889cb7c,44:BD:BB:4A:C6:C0,,-84,1761486544841
33177,1761486545869.0,0adab909-eb8f-4baf-9eed-7a4cc889cb7c,4C:96:8A:ED:6A:01,SPEN NA,-59,1761486544841
33178,1761486546214.0,0adab909-eb8f-4baf-9eed-7a4cc889cb7c,46:A2:72:07:44:94,,-90,1761486544841
33179,1761486546287.0,0adab909-eb8f-4baf-9eed-7a4cc889cb7c,4C:96:8A:ED:6A:01,SPEN NA,127,1761486544841
33180,1761486546661.0,0adab909-eb8f-4baf-9eed-7a4cc889cb7c,5B:0F:47:E5:C5:8C,,-87,1761486544841
33181,1761486546677.0,0adab909-eb8f-4baf-9eed-7a4cc889cb7c,6E:91:C1:D9:D6:17,,-78,1761486544841
33182,1761486546910.0,0adab909-eb8f-4baf-9eed-7a4cc889cb7c,4C:96:8A:ED:6A:01,SPEN NA,-62,1761486544841
33183,1761486547439.0,0adab909-eb8f-4baf-9eed-7a4cc889cb7c,4C:96:8A:ED:6A:01,SPEN NA,-67,1761486544841
33184,1761486547540.0,0adab909-eb8f-4baf-9eed-7a4cc889cb7c,4C:96:8A:ED:6A:01,SPEN NA,-67,1761486544841
33185,1761486547638.0,0adab909-eb8f-4baf-9eed-7a4cc889cb7c,4C:96:8A:ED:6A:01,SPEN NA,-67,1761486544841
33186,1761486547857.0,0adab909-eb8f-4baf-9eed-7a4cc889cb7c,4C:96:8A:ED:6A:01,SPEN NA,-64,1761486544841
33187,1761486548177.0,0adab909-eb8f-4baf-9eed-7a4cc889cb7c,4C:96:8A:ED:6A:01,SPEN NA,-65,1761486544841
33188,1761486548279.0,0adab909-eb8f-4baf-9eed-7a4cc889cb7c,4C:96:8A:ED:6A:01,SPEN NA,-64,1761486544841
33189,1761486548390.0,0adab909-eb8f-4baf-9eed-7a4cc889cb7c,4C:96:8A:ED:6A:01,SPEN NA,-66,1761486544841
33190,1761486548498.0,0adab909-eb8f-4baf-9eed-7a4cc889cb7c,4C:96:8A:ED:6A:01,SPEN NA,-68,1761486544841
33191,1761486548919.0,0adab909-eb8f-4baf-9eed-7a4cc889cb7c,4C:96:8A:ED:6A:01,SPEN NA,-62,1761486544841
33192,1761486549245.0,0adab909-eb8f-4baf-9eed-7a4cc889cb7c,4C:96:8A:ED:6A:01,SPEN NA,127,1761486544841
33193,1761486549766.0,0adab909-eb8f-4baf-9eed-7a4cc889cb7c,4C:96:8A:ED:6A:01,SPEN NA,-62,1761486544841
33194,1761486550388.0,0adab909-eb8f-4baf-9eed-7a4cc889cb7c,4C:96:8A:ED:6A:01,SPEN NA,-66,1761486544841
33195,1761486550481.0,0adab909-eb8f-4baf-9eed-7a4cc889cb7c,4C:96:8A:ED:6A:01,SPEN NA,-66,1761486544841
33196,1761486550808.0,0adab909-eb8f-4baf-9eed-7a4cc889cb7c,4C:96:8A:ED:6A:01,SPEN NA,-64,1761486544841
33197,1761486550905.0,0adab909-eb8f-4baf-9eed-7a4cc889cb7c,4C:96:8A:ED:6A:01,SPEN NA,-64,1761486544841
33198,1761486551005.0,0adab909-eb8f-4baf-9eed-7a4cc889cb7c,4C:96:8A:ED:6A:01,SPEN NA,-66,1761486544841
33199,1761486551113.0,0adab909-eb8f-4baf-9eed-7a4cc889cb7c,4C:96:8A:ED:6A:01,SPEN NA,-66,1761486544841
33200,1761486551218.0,0adab909-eb8f-4baf-9eed-7a4cc889cb7c,4C:96:8A:ED:6A:01,SPEN NA,-66,1761486544841
33201,1761486551336.0,0adab909-eb8f-4baf-9eed-7a4cc889cb7c,4C:96:8A:ED:6A:01,SPEN NA,-67,1761486544841
33202,1761486551640.0,0adab909-eb8f-4baf-9eed-7a4cc889cb7c,4C:96:8A:ED:6A:01,SPEN NA,-64,1761486544841
33203,1761486552075.0,0adab909-eb8f-4baf-9eed-7a4cc889cb7c,4C:96:8A:ED:6A:01,SPEN NA,127,1761486544841
33204,1761486552295.0,0adab909-eb8f-4baf-9eed-7a4cc889cb7c,4C:96:8A:ED:6A:01,SPEN NA,-67,1761486544841
33205,1761486552393.0,0adab909-eb8f-4baf-9eed-7a4cc889cb7c,4C:96:8A:ED:6A:01,SPEN NA,-69,1761486544841
33206,1761486552702.0,0adab909-eb8f-4baf-9eed-7a4cc889cb7c,4C:96:8A:ED:6A:01,SPEN NA,-64,1761486544841
33207,1761486552794.0,0adab909-eb8f-4baf-9eed-7a4cc889cb7c,4C:96:8A:ED:6A:01,SPEN NA,-64,1761486544841
33208,1761486553012.0,0adab909-eb8f-4baf-9eed-7a4cc889cb7c,4C:96:8A:ED:6A:01,SPEN NA,127,1761486544841
33209,1761486553119.0,0adab909-eb8f-4baf-9eed-7a4cc889cb7c,4C:96:8A:ED:6A:01,SPEN NA,-66,1761486544841
33210,1761486553231.0,0adab909-eb8f-4baf-9eed-7a4cc889cb7c,4C:96:8A:ED:6A:01,SPEN NA,-68,1761486544841
33211,1761486553338.0,0adab909-eb8f-4baf-9eed-7a4cc889cb7c,4C:96:8A:ED:6A:01,SPEN NA,-67,1761486544841
33212,1761486553441.0,0adab909-eb8f-4baf-9eed-7a4cc889cb7c,4C:96:8A:ED:6A:01,SPEN NA,-68,1761486544841
33213,1761486553541.0,0adab909-eb8f-4baf-9eed-7a4cc889cb7c,4C:96:8A:ED:6A:01,SPEN NA,-61,1761486544841
33214,1761486553629.0,0adab909-eb8f-4baf-9eed-7a4cc889cb7c,4C:96:8A:ED:6A:01,SPEN NA,-63,1761486544841
33215,1761486555030.0,0adab909-eb8f-4baf-9eed-7a4cc889cb7c,4C:96:8A:ED:6A:01,SPEN NA,-64,1761486544841
33216,1761486555219.0,0adab909-eb8f-4baf-9eed-7a4cc889cb7c,4C:96:8A:ED:6A:01,SPEN NA,-67,1761486544841
33217,1761486555331.0,0adab909-eb8f-4baf-9eed-7a4cc889cb7c,4C:96:8A:ED:6A:01,SPEN NA,-67,1761486544841
33218,1761486555652.0,0adab909-eb8f-4baf-9eed-7a4cc889cb7c,4C:96:8A:ED:6A:01,SPEN NA,-63,1761486544841
33219,1761486555750.0,0adab909-eb8f-4baf-9eed-7a4cc889cb7c,4C:96:8A:ED:6A:01,SPEN NA,-63,1761486544841
33220,1761486555848.0,0adab909-eb8f-4baf-9eed-7a4cc889cb7c,4C:96:8A:ED:6A:01,SPEN NA,-64,1761486544841
33221,1761486555958.0,0adab909-eb8f-4baf-9eed-7a4cc889cb7c,4C:96:8A:ED:6A:01,SPEN NA,-65,1761486544841
33222,1761486556267.0,0adab909-eb8f-4baf-9eed-7a4cc889cb7c,4C:96:8A:ED:6A:01,SPEN NA,-68,1761486544841
33223,1761486556479.0,0adab909-eb8f-4baf-9eed-7a4cc889cb7c,4C:96:8A:ED:6A:01,SPEN NA,-61,1761486544841
33224,1761486556791.0,0adab909-eb8f-4baf-9eed-7a4cc889cb7c,4C:96:8A:ED:6A:01,SPEN NA,-64,1761486544841
33225,1761486557414.0,0adab909-eb8f-4baf-9eed-7a4cc889cb7c,4C:96:8A:ED:6A:01,SPEN NA,-62,1761486544841
33226,1761486557779.0,0adab909-eb8f-4baf-9eed-7a4cc889cb7c,46:A2:72:07:44:94,,-87,1761486544841
33227,1761486557814.0,0adab909-eb8f-4baf-9eed-7a4cc889cb7c,4C:96:8A:ED:6A:01,SPEN NA,-63,1761486544841
33228,1761486558200.0,0adab909-eb8f-4baf-9eed-7a4cc889cb7c,6E:91:C1:D9:D6:17,,-86,1761486544841
33229,1761486558668.0,0adab909-eb8f-4baf-9eed-7a4cc889cb7c,FF:10:10:AE:A7:64,Sunset lights,-82,1761486544841
33230,1761486558743.0,0adab909-eb8f-4baf-9eed-7a4cc889cb7c,FB:17:1D:D3:2D:F8,,-78,1761486544841
33231,1761486558790.0,0adab909-eb8f-4baf-9eed-7a4cc889cb7c,5B:0F:47:E5:C5:8C,,-78,1761486544841
33232,1761486558891.0,0adab909-eb8f-4baf-9eed-7a4cc889cb7c,44:BD:BB:4A:C6:C0,,-84,1761486544841
33233,1761486559749.0,0adab909-eb8f-4baf-9eed-7a4cc889cb7c,E6:F6:D4:7E:4D:FB,,-85,1761486544841
33234,1761487311308.0,0adab909-eb8f-4baf-9eed-7a4cc889cb7c,FF:10:10:AE:A7:64,Sunset lights,-86,1761487311239
33235,1761487312708.0,0adab909-eb8f-4baf-9eed-7a4cc889cb7c,32:BF:8E:91:7D:F6,,-91,1761487311239
33236,1761487312725.0,0adab909-eb8f-4baf-9eed-7a4cc889cb7c,5B:0F:47:E5:C5:8C,,-84,1761487311239
33237,1761487314980.0,0adab909-eb8f-4baf-9eed-7a4cc889cb7c,79:08:16:1F:CB:00,,-91,1761487311239
33238,1761487315796.0,0adab909-eb8f-4baf-9eed-7a4cc889cb7c,46:A2:72:07:44:94,,-87,1761487311239
33239,1761487315961.0,0adab909-eb8f-4baf-9eed-7a4cc889cb7c,63:BA:77:EF:6C:68,,-79,1761487311239
33240,1761487911578.0,0adab909-eb8f-4baf-9eed-7a4cc889cb7c,79:08:16:1F:CB:00,,-87,1761487911574
33241,1761487911596.0,0adab909-eb8f-4baf-9eed-7a4cc889cb7c,6A:A6:75:90:C9:3B,,-91,1761487911574
33242,1761487913044.0,0adab909-eb8f-4baf-9eed-7a4cc889cb7c,60:61:F9:C3:3F:16,,-91,1761487911574
33243,1761487913198.0,0adab909-eb8f-4baf-9eed-7a4cc889cb7c,7E:4C:A8:AA:94:84,,-88,1761487911574
33244,1761487916283.0,0adab909-eb8f-4baf-9eed-7a4cc889cb7c,63:C1:30:60:87:52,,-91,1761487911574
33245,1761487917060.0,0adab909-eb8f-4baf-9eed-7a4cc889cb7c,FF:10:10:AE:A7:64,Sunset lights,-83,1761487911574
33246,1761487921229.0,0adab909-eb8f-4baf-9eed-7a4cc889cb7c,75:15:56:C9:36:F1,,-87,1761487911574
33247,1761488511406.0,0adab909-eb8f-4baf-9eed-7a4cc889cb7c,6A:A6:75:90:C9:3B,,-90,1761488511402
33248,1761488511427.0,0adab909-eb8f-4baf-9eed-7a4cc889cb7c,79:08:16:1F:CB:00,,-88,1761488511402
33249,1761488511450.0,0adab909-eb8f-4baf-9eed-7a4cc889cb7c,7E:4C:A8:AA:94:84,,-88,1761488511402
33250,1761488512089.0,0adab909-eb8f-4baf-9eed-7a4cc889cb7c,FF:10:10:AE:A7:64,Sunset lights,-81,1761488511402
33251,1761489112616.0,0adab909-eb8f-4baf-9eed-7a4cc889cb7c,FF:10:10:AE:A7:64,Sunset lights,-79,1761489112611
33252,1761489112662.0,0adab909-eb8f-4baf-9eed-7a4cc889cb7c,5C:BA:11:F9:D8:E2,,-83,1761489112611
33253,1761489112718.0,0adab909-eb8f-4baf-9eed-7a4cc889cb7c,58:6D:70:DE:00:91,,-87,1761489112611
33254,1761489113704.0,0adab909-eb8f-4baf-9eed-7a4cc889cb7c,6A:A6:75:90:C9:3B,,-83,1761489112611
33255,1761489114357.0,0adab909-eb8f-4baf-9eed-7a4cc889cb7c,51:EE:49:7D:1D:4E,,-91,1761489112611
33256,1761489597506.0,0adab909-eb8f-4baf-9eed-7a4cc889cb7c,58:6D:70:DE:00:91,,-93,1761489597486
33257,1761489597640.0,0adab909-eb8f-4baf-9eed-7a4cc889cb7c,FF:10:10:AE:A7:64,Sunset lights,-84,1761489597486
33258,1761489598460.0,0adab909-eb8f-4baf-9eed-7a4cc889cb7c,76:53:A2:2B:3F:4B,,-85,1761489597486
33259,1761489599135.0,0adab909-eb8f-4baf-9eed-7a4cc889cb7c,5C:BA:11:F9:D8:E2,,-79,1761489597486
33260,1761489601338.0,0adab909-eb8f-4baf-9eed-7a4cc889cb7c,41:FA:1E:B6:B8:68,,-88,1761489597486
33261,1761490197482.0,0adab909-eb8f-4baf-9eed-7a4cc889cb7c,FF:10:10:AE:A7:64,Sunset lights,-84,1761490197449
33262,1761490197512.0,0adab909-eb8f-4baf-9eed-7a4cc889cb7c,76:53:A2:2B:3F:4B,,-88,1761490197449
33263,1761490197528.0,0adab909-eb8f-4baf-9eed-7a4cc889cb7c,43:86:5F:A6:4A:EE,,-85,1761490197449
33264,1761490198861.0,0adab909-eb8f-4baf-9eed-7a4cc889cb7c,4A:C0:5D:45:C5:18,,-81,1761490197449
33265,1761490199785.0,0adab909-eb8f-4baf-9eed-7a4cc889cb7c,58:6D:70:DE:00:91,,-78,1761490197449
33266,1761490797482.0,0adab909-eb8f-4baf-9eed-7a4cc889cb7c,6D:09:08:B7:C2:DE,,-86,1761490797478
33267,1761490797545.0,0adab909-eb8f-4baf-9eed-7a4cc889cb7c,43:86:5F:A6:4A:EE,,-84,1761490797478
33268,1761490797570.0,0adab909-eb8f-4baf-9eed-7a4cc889cb7c,68:32:5E:A3:16:A1,,-92,1761490797478
33269,1761490798498.0,0adab909-eb8f-4baf-9eed-7a4cc889cb7c,76:53:A2:2B:3F:4B,,-83,1761490797478
33270,1761490800100.0,0adab909-eb8f-4baf-9eed-7a4cc889cb7c,4A:C0:5D:45:C5:18,,-81,1761490797478
33271,1761490800441.0,0adab909-eb8f-4baf-9eed-7a4cc889cb7c,FF:10:10:AE:A7:64,Sunset lights,-82,1761490797478
33272,1761491391323.0,0adab909-eb8f-4baf-9eed-7a4cc889cb7c,75:B5:16:CE:5E:FD,,-85,1761491391174
33273,1761491391645.0,0adab909-eb8f-4baf-9eed-7a4cc889cb7c,5D:B5:81:55:2B:7C,,-86,1761491391174
33274,1761491391900.0,0adab909-eb8f-4baf-9eed-7a4cc889cb7c,FF:10:10:AE:A7:64,Sunset lights,-70,1761491391174
33275,1761491393211.0,0adab909-eb8f-4baf-9eed-7a4cc889cb7c,5A:82:24:BF:1B:BD,,-77,1761491391174
33276,1761491393239.0,0adab909-eb8f-4baf-9eed-7a4cc889cb7c,7E:EF:AD:C9:CA:02,,-88,1761491391174
33277,1761491394195.0,0adab909-eb8f-4baf-9eed-7a4cc889cb7c,6D:09:08:B7:C2:DE,,-81,1761491391174
33278,1761491404038.0,0adab909-eb8f-4baf-9eed-7a4cc889cb7c,5D:B5:81:55:2B:7C,,-84,1761491391174
33279,1761491404063.0,0adab909-eb8f-4baf-9eed-7a4cc889cb7c,FF:10:10:AE:A7:64,Sunset lights,-70,1761491391174
33280,1761491404114.0,0adab909-eb8f-4baf-9eed-7a4cc889cb7c,6D:09:08:B7:C2:DE,,-82,1761491391174
33281,1761491405189.0,0adab909-eb8f-4baf-9eed-7a4cc889cb7c,C1:B3:B5:AC:35:58,,-88,1761491391174
33282,1761491405657.0,0adab909-eb8f-4baf-9eed-7a4cc889cb7c,7E:EF:AD:C9:CA:02,,-87,1761491391174
33283,1761491406546.0,0adab909-eb8f-4baf-9eed-7a4cc889cb7c,0A:66:48:56:6E:79,,-93,1761491391174
33284,1761491991311.0,0adab909-eb8f-4baf-9eed-7a4cc889cb7c,FF:10:10:AE:A7:64,Sunset lights,-81,1761491991214
33285,1761491992607.0,0adab909-eb8f-4baf-9eed-7a4cc889cb7c,61:1B:A6:F1:52:25,,-88,1761491991214
33286,1761491993534.0,0adab909-eb8f-4baf-9eed-7a4cc889cb7c,75:B5:16:CE:5E:FD,,-92,1761491991214
33287,1761491995453.0,0adab909-eb8f-4baf-9eed-7a4cc889cb7c,7E:EF:AD:C9:CA:02,,-93,1761491991214
33288,1761491995873.0,0adab909-eb8f-4baf-9eed-7a4cc889cb7c,5D:B5:81:55:2B:7C,,-93,1761491991214
33289,1761492004137.0,0adab909-eb8f-4baf-9eed-7a4cc889cb7c,61:1B:A6:F1:52:25,,-89,1761491991214
33290,1761492005286.0,0adab909-eb8f-4baf-9eed-7a4cc889cb7c,FF:10:10:AE:A7:64,Sunset lights,-75,1761491991214
33291,1761492591892.0,0adab909-eb8f-4baf-9eed-7a4cc889cb7c,FF:10:10:AE:A7:64,Sunset lights,-76,1761492591189
33292,1761492592220.0,0adab909-eb8f-4baf-9eed-7a4cc889cb7c,5D:B5:81:55:2B:7C,,-91,1761492591189
33293,1761492592263.0,0adab909-eb8f-4baf-9eed-7a4cc889cb7c,7E:EF:AD:C9:CA:02,,-92,1761492591189
33294,1761492594487.0,0adab909-eb8f-4baf-9eed-7a4cc889cb7c,75:B5:16:CE:5E:FD,,-86,1761492591189
33295,1761492600578.0,0adab909-eb8f-4baf-9eed-7a4cc889cb7c,76:0A:5E:35:45:90,,-88,1761492591189
33296,1761492604056.0,0adab909-eb8f-4baf-9eed-7a4cc889cb7c,FF:10:10:AE:A7:64,Sunset lights,-70,1761492591189
33297,1761492604525.0,0adab909-eb8f-4baf-9eed-7a4cc889cb7c,43:C4:77:CF:DD:56,,-91,1761492591189
33298,1761492604676.0,0adab909-eb8f-4baf-9eed-7a4cc889cb7c,76:0A:5E:35:45:90,,-87,1761492591189
33299,1761492604696.0,0adab909-eb8f-4baf-9eed-7a4cc889cb7c,75:B5:16:CE:5E:FD,,-85,1761492591189
33300,1761492606186.0,0adab909-eb8f-4baf-9eed-7a4cc889cb7c,D9:73:AD:C7:9A:A9,,-88,1761492591189
33301,1761492606470.0,0adab909-eb8f-4baf-9eed-7a4cc889cb7c,CC:44:37:88:22:B5,,-92,1761492591189
33302,1761493191163.0,0adab909-eb8f-4baf-9eed-7a4cc889cb7c,FF:10:10:AE:A7:64,Sunset lights,-72,1761493191074
33303,1761493192065.0,0adab909-eb8f-4baf-9eed-7a4cc889cb7c,79:61:5B:AA:0F:87,,-86,1761493191074
33304,1761493192795.0,0adab909-eb8f-4baf-9eed-7a4cc889cb7c,7B:EB:AA:2D:F9:AB,,-84,1761493191074
33305,1761493194105.0,0adab909-eb8f-4baf-9eed-7a4cc889cb7c,76:0A:5E:35:45:90,,-89,1761493191074
33306,1761493196239.0,0adab909-eb8f-4baf-9eed-7a4cc889cb7c,6E:22:BC:E8:49:A6,,-87,1761493191074
33307,1761493204040.0,0adab909-eb8f-4baf-9eed-7a4cc889cb7c,FF:10:10:AE:A7:64,Sunset lights,-72,1761493191074
33308,1761493204081.0,0adab909-eb8f-4baf-9eed-7a4cc889cb7c,7B:EB:AA:2D:F9:AB,,-85,1761493191074
33309,1761493205112.0,0adab909-eb8f-4baf-9eed-7a4cc889cb7c,F6:E1:1B:E3:B8:24,,-83,1761493191074
33310,1761493205218.0,0adab909-eb8f-4baf-9eed-7a4cc889cb7c,D7:AB:53:F5:36:68,,-92,1761493191074
33311,1761493205979.0,0adab909-eb8f-4baf-9eed-7a4cc889cb7c,DD:11:DF:6D:0C:EB,,-78,1761493191074
33312,1761494092408.0,0adab909-eb8f-4baf-9eed-7a4cc889cb7c,FF:10:10:AE:A7:64,Sunset lights,-77,1761494092201
33313,1761494093950.0,0adab909-eb8f-4baf-9eed-7a4cc889cb7c,79:61:5B:AA:0F:87,,-88,1761494092201
33314,1761494093967.0,0adab909-eb8f-4baf-9eed-7a4cc889cb7c,6C:5D:94:B7:23:A8,,-90,1761494092201
33315,1761494093978.0,0adab909-eb8f-4baf-9eed-7a4cc889cb7c,72:ED:F4:6A:2D:24,,-78,1761494092201
33316,1761494095535.0,0adab909-eb8f-4baf-9eed-7a4cc889cb7c,4A:D3:B8:EA:5D:0B,,-83,1761494092201
33317,1761494391943.0,0adab909-eb8f-4baf-9eed-7a4cc889cb7c,72:ED:F4:6A:2D:24,,-84,1761494391899
33318,1761494391999.0,0adab909-eb8f-4baf-9eed-7a4cc889cb7c,FF:10:10:AE:A7:64,Sunset lights,-76,1761494391899
33319,1761494393810.0,0adab909-eb8f-4baf-9eed-7a4cc889cb7c,4A:D3:B8:EA:5D:0B,,-81,1761494391899
33320,1761494394499.0,0adab909-eb8f-4baf-9eed-7a4cc889cb7c,79:61:5B:AA:0F:87,,-88,1761494391899
33321,1761495048366.0,0adab909-eb8f-4baf-9eed-7a4cc889cb7c,6E:10:1F:6D:E8:3B,,-87,1761495046001
33322,1761495049331.0,0adab909-eb8f-4baf-9eed-7a4cc889cb7c,6A:F3:62:79:59:80,,-91,1761495046001
33323,1761495049357.0,0adab909-eb8f-4baf-9eed-7a4cc889cb7c,67:C2:33:3D:B9:A5,,-80,1761495046001
33324,1761495050299.0,0adab909-eb8f-4baf-9eed-7a4cc889cb7c,72:ED:F4:6A:2D:24,,-87,1761495046001
33325,1761495053747.0,0adab909-eb8f-4baf-9eed-7a4cc889cb7c,FF:10:10:AE:A7:64,Sunset lights,-88,1761495046001
33326,1761495059009.0,0adab909-eb8f-4baf-9eed-7a4cc889cb7c,FF:10:10:AE:A7:64,Sunset lights,-88,1761495046001
33327,1761495060021.0,0adab909-eb8f-4baf-9eed-7a4cc889cb7c,10:D3:D3:4A:26:70,,-86,1761495046001
33328,1761495646059.0,0adab909-eb8f-4baf-9eed-7a4cc889cb7c,6A:B0:9C:D9:99:9F,,-91,1761495646000
33329,1761495647407.0,0adab909-eb8f-4baf-9eed-7a4cc889cb7c,6A:F3:62:79:59:80,,-92,1761495646000
33330,1761495648048.0,0adab909-eb8f-4baf-9eed-7a4cc889cb7c,51:D2:CF:D1:F5:4E,,-91,1761495646000
33331,1761495650903.0,0adab909-eb8f-4baf-9eed-7a4cc889cb7c,CF:33:36:32:4C:1E,Govee_H6054_4C1E,-86,1761495646000
33332,1761495656690.0,0adab909-eb8f-4baf-9eed-7a4cc889cb7c,FF:10:10:AE:A7:64,Sunset lights,-88,1761495646000
33333,1761495658977.0,0adab909-eb8f-4baf-9eed-7a4cc889cb7c,6A:B0:9C:D9:99:9F,,-94,1761495646000
33334,1761495659029.0,0adab909-eb8f-4baf-9eed-7a4cc889cb7c,CF:33:36:32:4C:1E,Govee_H6054_4C1E,-84,1761495646000
33335,1761495659052.0,0adab909-eb8f-4baf-9eed-7a4cc889cb7c,51:D2:CF:D1:F5:4E,,-87,1761495646000
33336,1761495659070.0,0adab909-eb8f-4baf-9eed-7a4cc889cb7c,23:97:21:8A:CF:B7,,-96,1761495646000
33337,1761495660047.0,0adab909-eb8f-4baf-9eed-7a4cc889cb7c,E8:AE:53:CE:33:0D,,-86,1761495646000
33338,1761496246085.0,0adab909-eb8f-4baf-9eed-7a4cc889cb7c,51:D2:CF:D1:F5:4E,,-93,1761496246005
33339,1761496248017.0,0adab909-eb8f-4baf-9eed-7a4cc889cb7c,CF:33:36:32:4C:1E,Govee_H6054_4C1E,-85,1761496246005
33340,1761496248039.0,0adab909-eb8f-4baf-9eed-7a4cc889cb7c,6A:B0:9C:D9:99:9F,,-90,1761496246005
33341,1761496248617.0,0adab909-eb8f-4baf-9eed-7a4cc889cb7c,FF:10:10:AE:A7:64,Sunset lights,-89,1761496246005
33342,1761496248949.0,0adab909-eb8f-4baf-9eed-7a4cc889cb7c,44:F4:D5:92:F0:13,,-91,1761496246005
33343,1761496251214.0,0adab909-eb8f-4baf-9eed-7a4cc889cb7c,74:D9:D4:D3:5E:CF,,-87,1761496246005
33344,1761496256943.0,0adab909-eb8f-4baf-9eed-7a4cc889cb7c,6A:F3:62:79:59:80,,-93,1761496246005
33345,1761496257995.0,0adab909-eb8f-4baf-9eed-7a4cc889cb7c,51:99:EF:5F:FE:36,,-93,1761496246005
33346,1761496258308.0,0adab909-eb8f-4baf-9eed-7a4cc889cb7c,6E:10:1F:6D:E8:3B,,-88,1761496246005
33347,1761496821421.0,0adab909-eb8f-4baf-9eed-7a4cc889cb7c,6C:86:52:F7:B3:87,,-78,1761496821381
33348,1761496821576.0,0adab909-eb8f-4baf-9eed-7a4cc889cb7c,FF:10:10:AE:A7:64,Sunset lights,-77,1761496821381
33349,1761496821602.0,0adab909-eb8f-4baf-9eed-7a4cc889cb7c,4C:96:8A:ED:6A:01,SPEN NA,-47,1761496821381
33350,1761496821837.0,0adab909-eb8f-4baf-9eed-7a4cc889cb7c,4C:96:8A:ED:6A:01,SPEN NA,-46,1761496821381
33351,1761496821862.0,0adab909-eb8f-4baf-9eed-7a4cc889cb7c,78:EF:B5:08:5C:3D,,-88,1761496821381
33352,1761496821918.0,0adab909-eb8f-4baf-9eed-7a4cc889cb7c,4C:96:8A:ED:6A:01,SPEN NA,-52,1761496821381
33353,1761496822029.0,0adab909-eb8f-4baf-9eed-7a4cc889cb7c,4C:96:8A:ED:6A:01,SPEN NA,-49,1761496821381
33354,1761496823792.0,0adab909-eb8f-4baf-9eed-7a4cc889cb7c,CF:33:36:32:4C:1E,Govee_H6054_4C1E,-81,1761496821381
33355,1761496823808.0,0adab909-eb8f-4baf-9eed-7a4cc889cb7c,4C:96:8A:ED:6A:01,SPEN NA,-47,1761496821381
33356,1761496823903.0,0adab909-eb8f-4baf-9eed-7a4cc889cb7c,4C:96:8A:ED:6A:01,SPEN NA,-47,1761496821381
33357,1761496825831.0,0adab909-eb8f-4baf-9eed-7a4cc889cb7c,4C:96:8A:ED:6A:01,SPEN NA,-51,1761496821381
33358,1761496825919.0,0adab909-eb8f-4baf-9eed-7a4cc889cb7c,4C:96:8A:ED:6A:01,SPEN NA,-49,1761496821381
33359,1761496827709.0,0adab909-eb8f-4baf-9eed-7a4cc889cb7c,4C:96:8A:ED:6A:01,SPEN NA,-46,1761496821381
33360,1761496827776.0,0adab909-eb8f-4baf-9eed-7a4cc889cb7c,5D:C3:BB:59:4F:37,,-85,1761496821381
33361,1761496827793.0,0adab909-eb8f-4baf-9eed-7a4cc889cb7c,4C:96:8A:ED:6A:01,SPEN NA,-46,1761496821381
33362,1761496829497.0,0adab909-eb8f-4baf-9eed-7a4cc889cb7c,4C:96:8A:ED:6A:01,SPEN NA,-47,1761496821381
33363,1761496829597.0,0adab909-eb8f-4baf-9eed-7a4cc889cb7c,4C:96:8A:ED:6A:01,SPEN NA,-47,1761496821381
33364,1761496831184.0,0adab909-eb8f-4baf-9eed-7a4cc889cb7c,4C:96:8A:ED:6A:01,SPEN NA,-51,1761496821381
33365,1761496831201.0,0adab909-eb8f-4baf-9eed-7a4cc889cb7c,5B:AE:E9:C7:09:28,,-88,1761496821381
33366,1761496831271.0,0adab909-eb8f-4baf-9eed-7a4cc889cb7c,4C:96:8A:ED:6A:01,SPEN NA,-50,1761496821381
33367,1761496833075.0,0adab909-eb8f-4baf-9eed-7a4cc889cb7c,4C:96:8A:ED:6A:01,SPEN NA,-46,1761496821381
33368,1761496834315.0,0adab909-eb8f-4baf-9eed-7a4cc889cb7c,4C:96:8A:ED:6A:01,SPEN NA,-46,1761496821381
33369,1761496834340.0,0adab909-eb8f-4baf-9eed-7a4cc889cb7c,F2:3C:AD:21:84:8C,,-85,1761496821381
33370,1761496834355.0,0adab909-eb8f-4baf-9eed-7a4cc889cb7c,5D:C3:BB:59:4F:37,,-85,1761496821381
33371,1761496835264.0,0adab909-eb8f-4baf-9eed-7a4cc889cb7c,FF:10:10:AE:A7:64,Sunset lights,-84,1761496821381
33372,1761496835349.0,0adab909-eb8f-4baf-9eed-7a4cc889cb7c,DD:11:DF:6D:0C:EB,,-78,1761496821381
33373,1761496835396.0,0adab909-eb8f-4baf-9eed-7a4cc889cb7c,CF:33:36:32:4C:1E,Govee_H6054_4C1E,-79,1761496821381
33374,1761497361698.0,0adab909-eb8f-4baf-9eed-7a4cc889cb7c,CF:33:36:32:4C:1E,Govee_H6054_4C1E,-78,1761497361673
33375,1761497361729.0,0adab909-eb8f-4baf-9eed-7a4cc889cb7c,6B:DA:97:17:48:65,,-84,1761497361673
33376,1761497361767.0,0adab909-eb8f-4baf-9eed-7a4cc889cb7c,4C:96:8A:ED:6A:01,SPEN NA,-49,1761497361673
33377,1761497361800.0,0adab909-eb8f-4baf-9eed-7a4cc889cb7c,78:EF:B5:08:5C:3D,,-90,1761497361673
33378,1761497362083.0,0adab909-eb8f-4baf-9eed-7a4cc889cb7c,4C:96:8A:ED:6A:01,SPEN NA,-51,1761497361673
33379,1761497362099.0,0adab909-eb8f-4baf-9eed-7a4cc889cb7c,FF:10:10:AE:A7:64,Sunset lights,-84,1761497361673
33380,1761497362404.0,0adab909-eb8f-4baf-9eed-7a4cc889cb7c,4C:96:8A:ED:6A:01,SPEN NA,-57,1761497361673
33381,1761497362716.0,0adab909-eb8f-4baf-9eed-7a4cc889cb7c,4C:96:8A:ED:6A:01,SPEN NA,-46,1761497361673
33382,1761497363050.0,0adab909-eb8f-4baf-9eed-7a4cc889cb7c,4C:96:8A:ED:6A:01,SPEN NA,-46,1761497361673
33383,1761497363065.0,0adab909-eb8f-4baf-9eed-7a4cc889cb7c,6C:86:52:F7:B3:87,,-78,1761497361673
33384,1761497363356.0,0adab909-eb8f-4baf-9eed-7a4cc889cb7c,4C:96:8A:ED:6A:01,SPEN NA,-50,1761497361673
33385,1761497364296.0,0adab909-eb8f-4baf-9eed-7a4cc889cb7c,4C:96:8A:ED:6A:01,SPEN NA,-50,1761497361673
33386,1761497364614.0,0adab909-eb8f-4baf-9eed-7a4cc889cb7c,4C:96:8A:ED:6A:01,SPEN NA,-46,1761497361673
33387,1761497364922.0,0adab909-eb8f-4baf-9eed-7a4cc889cb7c,4C:96:8A:ED:6A:01,SPEN NA,-46,1761497361673
33388,1761497365638.0,0adab909-eb8f-4baf-9eed-7a4cc889cb7c,5D:C3:BB:59:4F:37,,-88,1761497361673
33389,1761497365655.0,0adab909-eb8f-4baf-9eed-7a4cc889cb7c,4C:96:8A:ED:6A:01,SPEN NA,-46,1761497361673
33390,1761497366288.0,0adab909-eb8f-4baf-9eed-7a4cc889cb7c,4C:96:8A:ED:6A:01,SPEN NA,-51,1761497361673
33391,1761497366593.0,0adab909-eb8f-4baf-9eed-7a4cc889cb7c,4C:96:8A:ED:6A:01,SPEN NA,-46,1761497361673
33392,1761497367251.0,0adab909-eb8f-4baf-9eed-7a4cc889cb7c,4C:96:8A:ED:6A:01,SPEN NA,-51,1761497361673
33393,1761497367852.0,0adab909-eb8f-4baf-9eed-7a4cc889cb7c,4C:96:8A:ED:6A:01,SPEN NA,-46,1761497361673
33394,1761497368135.0,0adab909-eb8f-4baf-9eed-7a4cc889cb7c,5B:AE:E9:C7:09:28,,-87,1761497361673
33395,1761497368503.0,0adab909-eb8f-4baf-9eed-7a4cc889cb7c,4C:96:8A:ED:6A:01,SPEN NA,-47,1761497361673
33396,1761497369752.0,0adab909-eb8f-4baf-9eed-7a4cc889cb7c,4C:96:8A:ED:6A:01,SPEN NA,-47,1761497361673
33397,1761497370082.0,0adab909-eb8f-4baf-9eed-7a4cc889cb7c,4C:96:8A:ED:6A:01,SPEN NA,-51,1761497361673
33398,1761497370396.0,0adab909-eb8f-4baf-9eed-7a4cc889cb7c,4C:96:8A:ED:6A:01,SPEN NA,-46,1761497361673
33399,1761497370713.0,0adab909-eb8f-4baf-9eed-7a4cc889cb7c,4C:96:8A:ED:6A:01,SPEN NA,-46,1761497361673
33400,1761497373972.0,0adab909-eb8f-4baf-9eed-7a4cc889cb7c,4C:96:8A:ED:6A:01,SPEN NA,-50,1761497361673
33401,1761497374565.0,0adab909-eb8f-4baf-9eed-7a4cc889cb7c,4C:96:8A:ED:6A:01,SPEN NA,-46,1761497361673
33402,1761497374581.0,0adab909-eb8f-4baf-9eed-7a4cc889cb7c,FF:10:10:AE:A7:64,Sunset lights,-80,1761497361673
33403,1761497374593.0,0adab909-eb8f-4baf-9eed-7a4cc889cb7c,CF:33:36:32:4C:1E,Govee_H6054_4C1E,-83,1761497361673
33404,1761497374696.0,0adab909-eb8f-4baf-9eed-7a4cc889cb7c,30:EC:2C:10:68:CC,,-94,1761497361673
33405,1761497374712.0,0adab909-eb8f-4baf-9eed-7a4cc889cb7c,5D:C3:BB:59:4F:37,,-86,1761497361673
33406,1761497375661.0,0adab909-eb8f-4baf-9eed-7a4cc889cb7c,C1:66:60:18:A1:6B,,-76,1761497361673
33407,1761497375695.0,0adab909-eb8f-4baf-9eed-7a4cc889cb7c,6C:86:52:F7:B3:87,,-76,1761497361673
33408,1761497376666.0,0adab909-eb8f-4baf-9eed-7a4cc889cb7c,5B:AE:E9:C7:09:28,,-86,1761497361673
33409,1761497376684.0,0adab909-eb8f-4baf-9eed-7a4cc889cb7c,78:EF:B5:08:5C:3D,,-93,1761497361673
33410,1761498142059.0,0adab909-eb8f-4baf-9eed-7a4cc889cb7c,47:5B:5E:0C:67:2C,,-88,1761498142024
33411,1761498142115.0,0adab909-eb8f-4baf-9eed-7a4cc889cb7c,FF:10:10:AE:A7:64,Sunset lights,-75,1761498142024
33412,1761498142133.0,0adab909-eb8f-4baf-9eed-7a4cc889cb7c,79:8D:4D:88:B2:CA,,-90,1761498142024
33413,1761498142772.0,0adab909-eb8f-4baf-9eed-7a4cc889cb7c,78:F2:7C:9C:66:9A,,-93,1761498142024
33414,1761498143686.0,0adab909-eb8f-4baf-9eed-7a4cc889cb7c,6C:86:52:F7:B3:87,,-80,1761498142024
33415,1761498144040.0,0adab909-eb8f-4baf-9eed-7a4cc889cb7c,51:BF:18:50:B8:23,,-91,1761498142024
33416,1761498145006.0,0adab909-eb8f-4baf-9eed-7a4cc889cb7c,57:52:39:F8:9B:6F,,-86,1761498142024
33417,1761498145024.0,0adab909-eb8f-4baf-9eed-7a4cc889cb7c,43:77:C7:3D:D8:CA,,-92,1761498142024
33418,1761498145288.0,0adab909-eb8f-4baf-9eed-7a4cc889cb7c,CF:33:36:32:4C:1E,Govee_H6054_4C1E,-82,1761498142024
33419,1761498578429.0,0adab909-eb8f-4baf-9eed-7a4cc889cb7c,CF:33:36:32:4C:1E,Govee_H6054_4C1E,-77,1761498578426
33420,1761498578447.0,0adab909-eb8f-4baf-9eed-7a4cc889cb7c,FF:10:10:AE:A7:64,Sunset lights,-82,1761498578426
33421,1761498578489.0,0adab909-eb8f-4baf-9eed-7a4cc889cb7c,5A:49:EE:FA:5A:7A,,-80,1761498578426
33422,1761498579131.0,0adab909-eb8f-4baf-9eed-7a4cc889cb7c,43:77:C7:3D:D8:CA,,-86,1761498578426
33423,1761498579828.0,0adab909-eb8f-4baf-9eed-7a4cc889cb7c,47:5B:5E:0C:67:2C,,-88,1761498578426
33424,1761498580433.0,0adab909-eb8f-4baf-9eed-7a4cc889cb7c,78:F2:7C:9C:66:9A,,-91,1761498578426
33425,1761498581712.0,0adab909-eb8f-4baf-9eed-7a4cc889cb7c,7D:1D:5F:25:AC:39,,-88,1761498578426
33426,1761498584908.0,0adab909-eb8f-4baf-9eed-7a4cc889cb7c,51:BF:18:50:B8:23,,-90,1761498578426
33427,1761498586790.0,0adab909-eb8f-4baf-9eed-7a4cc889cb7c,57:52:39:F8:9B:6F,,-85,1761498578426
33428,1761498589123.0,0adab909-eb8f-4baf-9eed-7a4cc889cb7c,66:F6:50:0A:8E:B6,,-86,1761498578426
33429,1761498591266.0,0adab909-eb8f-4baf-9eed-7a4cc889cb7c,CF:33:36:32:4C:1E,Govee_H6054_4C1E,-81,1761498578426
33430,1761498591318.0,0adab909-eb8f-4baf-9eed-7a4cc889cb7c,FF:10:10:AE:A7:64,Sunset lights,-81,1761498578426
33431,1761498591347.0,0adab909-eb8f-4baf-9eed-7a4cc889cb7c,47:5B:5E:0C:67:2C,,-84,1761498578426
33432,1761498591408.0,0adab909-eb8f-4baf-9eed-7a4cc889cb7c,78:F2:7C:9C:66:9A,,-83,1761498578426
33433,1761498592292.0,0adab909-eb8f-4baf-9eed-7a4cc889cb7c,32:1F:2F:58:16:90,,-90,1761498578426
33434,1761498592320.0,0adab909-eb8f-4baf-9eed-7a4cc889cb7c,5A:49:EE:FA:5A:7A,,-72,1761498578426
33435,1761498592387.0,0adab909-eb8f-4baf-9eed-7a4cc889cb7c,51:BF:18:50:B8:23,,-89,1761498578426
33436,1761498592413.0,0adab909-eb8f-4baf-9eed-7a4cc889cb7c,66:F6:50:0A:8E:B6,,-90,1761498578426
33437,1761499144408.0,0adab909-eb8f-4baf-9eed-7a4cc889cb7c,FF:10:10:AE:A7:64,Sunset lights,-79,1761499142988
33438,1761499144703.0,0adab909-eb8f-4baf-9eed-7a4cc889cb7c,76:EC:53:32:02:76,,-89,1761499142988
33439,1761499144964.0,0adab909-eb8f-4baf-9eed-7a4cc889cb7c,CF:33:36:32:4C:1E,Govee_H6054_4C1E,-79,1761499142988
33440,1761499145017.0,0adab909-eb8f-4baf-9eed-7a4cc889cb7c,73:56:1E:B5:66:BE,,-83,1761499142988
33441,1761499145985.0,0adab909-eb8f-4baf-9eed-7a4cc889cb7c,5A:49:EE:FA:5A:7A,,-78,1761499142988
33442,1761499147220.0,0adab909-eb8f-4baf-9eed-7a4cc889cb7c,78:F2:7C:9C:66:9A,,-87,1761499142988
33443,1761499151715.0,0adab909-eb8f-4baf-9eed-7a4cc889cb7c,63:95:D5:77:0B:DA,,-87,1761499142988
33444,1761499155994.0,0adab909-eb8f-4baf-9eed-7a4cc889cb7c,78:F2:7C:9C:66:9A,,-89,1761499142988
33445,1761499156936.0,0adab909-eb8f-4baf-9eed-7a4cc889cb7c,63:95:D5:77:0B:DA,,-86,1761499142988
33446,1761499156979.0,0adab909-eb8f-4baf-9eed-7a4cc889cb7c,FF:10:10:AE:A7:64,Sunset lights,-77,1761499142988
33447,1761499157034.0,0adab909-eb8f-4baf-9eed-7a4cc889cb7c,76:EC:53:32:02:76,,-86,1761499142988
33448,1761499157054.0,0adab909-eb8f-4baf-9eed-7a4cc889cb7c,5A:49:EE:FA:5A:7A,,-75,1761499142988
33449,1761499158840.0,0adab909-eb8f-4baf-9eed-7a4cc889cb7c,CF:33:36:32:4C:1E,Govee_H6054_4C1E,-79,1761499142988
33450,1761499971177.0,0adab909-eb8f-4baf-9eed-7a4cc889cb7c,FF:10:10:AE:A7:64,Sunset lights,-79,1761499971159
33451,1761499971243.0,0adab909-eb8f-4baf-9eed-7a4cc889cb7c,48:45:C6:12:25:87,,-92,1761499971159
33452,1761499971288.0,0adab909-eb8f-4baf-9eed-7a4cc889cb7c,76:EC:53:32:02:76,,-84,1761499971159
33453,1761499972521.0,0adab909-eb8f-4baf-9eed-7a4cc889cb7c,CF:33:36:32:4C:1E,Govee_H6054_4C1E,-85,1761499971159
33454,1761499972538.0,0adab909-eb8f-4baf-9eed-7a4cc889cb7c,5A:49:EE:FA:5A:7A,,-84,1761499971159
33455,1761499972885.0,0adab909-eb8f-4baf-9eed-7a4cc889cb7c,42:D6:70:33:34:2E,,-84,1761499971159
33456,1761499973512.0,0adab909-eb8f-4baf-9eed-7a4cc889cb7c,63:95:D5:77:0B:DA,,-86,1761499971159
33457,1761499985073.0,0adab909-eb8f-4baf-9eed-7a4cc889cb7c,76:EC:53:32:02:76,,-85,1761499971159
33458,1761499985967.0,0adab909-eb8f-4baf-9eed-7a4cc889cb7c,2F:A9:3E:F2:9F:35,,-93,1761499971159
33459,1761499985984.0,0adab909-eb8f-4baf-9eed-7a4cc889cb7c,FF:10:10:AE:A7:64,Sunset lights,-83,1761499971159
33460,1761499985995.0,0adab909-eb8f-4baf-9eed-7a4cc889cb7c,5A:49:EE:FA:5A:7A,,-83,1761499971159
33461,1761499986064.0,0adab909-eb8f-4baf-9eed-7a4cc889cb7c,FD:FB:62:4A:7E:F8,,-82,1761499971159
33462,1761499986084.0,0adab909-eb8f-4baf-9eed-7a4cc889cb7c,42:D6:70:33:34:2E,,-81,1761499971159
33463,1761499986916.0,0adab909-eb8f-4baf-9eed-7a4cc889cb7c,48:45:C6:12:25:87,,-85,1761499971159
33464,1761499986976.0,0adab909-eb8f-4baf-9eed-7a4cc889cb7c,F4:28:21:1C:9E:5D,,-78,1761499971159
33465,1761500571506.0,0adab909-eb8f-4baf-9eed-7a4cc889cb7c,FF:10:10:AE:A7:64,Sunset lights,-83,1761500570771
33466,1761500572147.0,0adab909-eb8f-4baf-9eed-7a4cc889cb7c,6C:34:AE:8C:60:AC,,-91,1761500570771
33467,1761500572168.0,0adab909-eb8f-4baf-9eed-7a4cc889cb7c,53:9D:5B:B5:90:F6,,-90,1761500570771
33468,1761500572438.0,0adab909-eb8f-4baf-9eed-7a4cc889cb7c,75:77:2A:9B:04:DF,,-89,1761500570771
33469,1761500572792.0,0adab909-eb8f-4baf-9eed-7a4cc889cb7c,CF:33:36:32:4C:1E,Govee_H6054_4C1E,-82,1761500570771
33470,1761500573450.0,0adab909-eb8f-4baf-9eed-7a4cc889cb7c,4F:CC:82:B5:34:14,,-78,1761500570771
33471,1761500581795.0,0adab909-eb8f-4baf-9eed-7a4cc889cb7c,42:D6:70:33:34:2E,,-88,1761500570771
33472,1761501170805.0,0adab909-eb8f-4baf-9eed-7a4cc889cb7c,6C:34:AE:8C:60:AC,,-89,1761501170783
33473,1761501170856.0,0adab909-eb8f-4baf-9eed-7a4cc889cb7c,CF:33:36:32:4C:1E,Govee_H6054_4C1E,-85,1761501170783
33474,1761501170906.0,0adab909-eb8f-4baf-9eed-7a4cc889cb7c,60:74:F4:72:90:3F,ihoment_H601B_903F,-83,1761501170783
33475,1761501170927.0,0adab909-eb8f-4baf-9eed-7a4cc889cb7c,60:74:F4:73:99:E7,ihoment_H601B_99E7,-85,1761501170783
33476,1761501171193.0,0adab909-eb8f-4baf-9eed-7a4cc889cb7c,FF:10:10:AE:A7:64,Sunset lights,-76,1761501170783
33477,1761501171490.0,0adab909-eb8f-4baf-9eed-7a4cc889cb7c,4F:CC:82:B5:34:14,,-83,1761501170783
33478,1761501171822.0,0adab909-eb8f-4baf-9eed-7a4cc889cb7c,75:77:2A:9B:04:DF,,-85,1761501170783
33479,1761501173911.0,0adab909-eb8f-4baf-9eed-7a4cc889cb7c,76:D0:65:AE:76:99,,-92,1761501170783
33480,1761501173945.0,0adab909-eb8f-4baf-9eed-7a4cc889cb7c,58:F5:81:9A:0C:BE,,-90,1761501170783
33481,1761501183670.0,0adab909-eb8f-4baf-9eed-7a4cc889cb7c,FF:10:10:AE:A7:64,Sunset lights,-76,1761501170783
33482,1761501183709.0,0adab909-eb8f-4baf-9eed-7a4cc889cb7c,CF:33:36:32:4C:1E,Govee_H6054_4C1E,-73,1761501170783
33483,1761501183756.0,0adab909-eb8f-4baf-9eed-7a4cc889cb7c,60:74:F4:73:99:E7,ihoment_H601B_99E7,-82,1761501170783
33484,1761501184745.0,0adab909-eb8f-4baf-9eed-7a4cc889cb7c,75:77:2A:9B:04:DF,,-87,1761501170783
33485,1761501185568.0,0adab909-eb8f-4baf-9eed-7a4cc889cb7c,1C:32:DA:57:86:03,,-91,1761501170783
33486,1761501186603.0,0adab909-eb8f-4baf-9eed-7a4cc889cb7c,FF:10:10:AE:A7:64,Sunset lights,-76,1761501170783
33487,1761501770874.0,0adab909-eb8f-4baf-9eed-7a4cc889cb7c,72:01:48:6E:1C:CF,,-86,1761501770774
33488,1761501771191.0,0adab909-eb8f-4baf-9eed-7a4cc889cb7c,CF:33:36:32:4C:1E,Govee_H6054_4C1E,-87,1761501770774
33489,1761501771217.0,0adab909-eb8f-4baf-9eed-7a4cc889cb7c,6A:A9:0A:FB:63:9D,,-79,1761501770774
33490,1761501771532.0,0adab909-eb8f-4baf-9eed-7a4cc889cb7c,FF:10:10:AE:A7:64,Sunset lights,-86,1761501770774
33491,1761501771811.0,0adab909-eb8f-4baf-9eed-7a4cc889cb7c,6A:76:E8:70:C0:FA,,-86,1761501770774
33492,1761501773073.0,0adab909-eb8f-4baf-9eed-7a4cc889cb7c,59:67:E1:6E:74:AC,,-86,1761501770774
33493,1761501773780.0,0adab909-eb8f-4baf-9eed-7a4cc889cb7c,75:77:2A:9B:04:DF,,-85,1761501770774
33494,1761501774738.0,0adab909-eb8f-4baf-9eed-7a4cc889cb7c,4F:CC:82:B5:34:14,,-89,1761501770774
33495,1761501783643.0,0adab909-eb8f-4baf-9eed-7a4cc889cb7c,6A:76:E8:70:C0:FA,,-85,1761501770774
33496,1761501783665.0,0adab909-eb8f-4baf-9eed-7a4cc889cb7c,E4:AE:65:17:1A:34,,-85,1761501770774
33497,1761501783835.0,0adab909-eb8f-4baf-9eed-7a4cc889cb7c,7C:50:5C:79:C6:92,,-83,1761501770774
33498,1761501784430.0,0adab909-eb8f-4baf-9eed-7a4cc889cb7c,CF:33:36:32:4C:1E,Govee_H6054_4C1E,-71,1761501770774
33499,1761501784718.0,0adab909-eb8f-4baf-9eed-7a4cc889cb7c,6A:A9:0A:FB:63:9D,,-76,1761501770774
33500,1761501785455.0,0adab909-eb8f-4baf-9eed-7a4cc889cb7c,59:67:E1:6E:74:AC,,-79,1761501770774
33501,1761501785606.0,0adab909-eb8f-4baf-9eed-7a4cc889cb7c,EB:F1:36:45:CB:B0,,-90,1761501770774
33502,1761501785621.0,0adab909-eb8f-4baf-9eed-7a4cc889cb7c,F2:E8:DA:26:3C:FD,,-83,1761501770774
33503,1761501786544.0,0adab909-eb8f-4baf-9eed-7a4cc889cb7c,72:01:48:6E:1C:CF,,-82,1761501770774
33504,1761502371056.0,0adab909-eb8f-4baf-9eed-7a4cc889cb7c,CF:33:36:32:4C:1E,Govee_H6054_4C1E,-81,1761502370968
33505,1761502371349.0,0adab909-eb8f-4baf-9eed-7a4cc889cb7c,7E:77:24:8C:B1:56,,-77,1761502370968
33506,1761502371732.0,0adab909-eb8f-4baf-9eed-7a4cc889cb7c,FF:10:10:AE:A7:64,Sunset lights,-79,1761502370968
33507,1761502372030.0,0adab909-eb8f-4baf-9eed-7a4cc889cb7c,7C:50:5C:79:C6:92,,-84,1761502370968
33508,1761502373611.0,0adab909-eb8f-4baf-9eed-7a4cc889cb7c,6A:76:E8:70:C0:FA,,-78,1761502370968
33509,1761502373940.0,0adab909-eb8f-4baf-9eed-7a4cc889cb7c,5D:0C:D2:92:EB:02,,-75,1761502370968
33510,1761502382969.0,0adab909-eb8f-4baf-9eed-7a4cc889cb7c,72:01:48:6E:1C:CF,,-86,1761502370968
33511,1761502770887.0,0adab909-eb8f-4baf-9eed-7a4cc889cb7c,CF:33:36:32:4C:1E,Govee_H6054_4C1E,-81,1761502770791
33512,1761502770916.0,0adab909-eb8f-4baf-9eed-7a4cc889cb7c,7E:77:24:8C:B1:56,,-82,1761502770791
33513,1761502771289.0,0adab909-eb8f-4baf-9eed-7a4cc889cb7c,45:50:6E:ED:1A:42,,-87,1761502770791
33514,1761502771481.0,0adab909-eb8f-4baf-9eed-7a4cc889cb7c,6A:76:E8:70:C0:FA,,-79,1761502770791
33515,1761502771540.0,0adab909-eb8f-4baf-9eed-7a4cc889cb7c,7C:50:5C:79:C6:92,,-80,1761502770791
33516,1761502774108.0,0adab909-eb8f-4baf-9eed-7a4cc889cb7c,FF:10:10:AE:A7:64,Sunset lights,-82,1761502770791
33517,1761502779543.0,0adab909-eb8f-4baf-9eed-7a4cc889cb7c,47:74:3E:A8:88:99,,-92,1761502770791
33518,1761503571039.0,0adab909-eb8f-4baf-9eed-7a4cc889cb7c,56:FC:FE:A2:B9:A4,,-89,1761503571005
33519,1761503571400.0,0adab909-eb8f-4baf-9eed-7a4cc889cb7c,CF:33:36:32:4C:1E,Govee_H6054_4C1E,-82,1761503571005
33520,1761503571452.0,0adab909-eb8f-4baf-9eed-7a4cc889cb7c,FF:10:10:AE:A7:64,Sunset lights,-87,1761503571005
33521,1761503572381.0,0adab909-eb8f-4baf-9eed-7a4cc889cb7c,4D:BD:8A:DB:3A:47,,-71,1761503571005
33522,1761503573341.0,0adab909-eb8f-4baf-9eed-7a4cc889cb7c,67:9F:42:BB:04:98,,-91,1761503571005
33523,1761503573956.0,0adab909-eb8f-4baf-9eed-7a4cc889cb7c,45:50:6E:ED:1A:42,,-88,1761503571005
33524,1761503575915.0,0adab909-eb8f-4baf-9eed-7a4cc889cb7c,4A:60:67:92:A4:3F,,-90,1761503571005
33525,1761504171992.0,0adab909-eb8f-4baf-9eed-7a4cc889cb7c,CF:33:36:32:4C:1E,Govee_H6054_4C1E,-80,1761504171840
33526,1761504172294.0,0adab909-eb8f-4baf-9eed-7a4cc889cb7c,FF:10:10:AE:A7:64,Sunset lights,-87,1761504171840
33527,1761504172316.0,0adab909-eb8f-4baf-9eed-7a4cc889cb7c,4D:BD:8A:DB:3A:47,,-76,1761504171840
33528,1761504172338.0,0adab909-eb8f-4baf-9eed-7a4cc889cb7c,53:FD:29:05:9F:E0,,-88,1761504171840
33529,1761504172510.0,0adab909-eb8f-4baf-9eed-7a4cc889cb7c,76:03:E1:B3:05:5B,,-94,1761504171840
33530,1761504172576.0,0adab909-eb8f-4baf-9eed-7a4cc889cb7c,56:FC:FE:A2:B9:A4,,-86,1761504171840
33531,1761504174479.0,0adab909-eb8f-4baf-9eed-7a4cc889cb7c,67:9F:42:BB:04:98,,-78,1761504171840
33532,1761504771841.0,0adab909-eb8f-4baf-9eed-7a4cc889cb7c,FF:10:10:AE:A7:64,Sunset lights,-87,1761504771803
33533,1761504771873.0,0adab909-eb8f-4baf-9eed-7a4cc889cb7c,CF:33:36:32:4C:1E,Govee_H6054_4C1E,-78,1761504771803
33534,1761504771894.0,0adab909-eb8f-4baf-9eed-7a4cc889cb7c,56:FC:FE:A2:B9:A4,,-89,1761504771803
33535,1761504771923.0,0adab909-eb8f-4baf-9eed-7a4cc889cb7c,4D:BD:8A:DB:3A:47,,-82,1761504771803
33536,1761504773151.0,0adab909-eb8f-4baf-9eed-7a4cc889cb7c,53:FD:29:05:9F:E0,,-82,1761504771803
33537,1761504774133.0,0adab909-eb8f-4baf-9eed-7a4cc889cb7c,51:DD:C2:B0:B4:53,,-91,1761504771803
33538,1761504778744.0,0adab909-eb8f-4baf-9eed-7a4cc889cb7c,47:97:C4:98:22:0C,,-82,1761504771803
33539,1761505371907.0,0adab909-eb8f-4baf-9eed-7a4cc889cb7c,FF:10:10:AE:A7:64,Sunset lights,-86,1761505371893
33540,1761505371982.0,0adab909-eb8f-4baf-9eed-7a4cc889cb7c,51:DD:C2:B0:B4:53,,-87,1761505371893
33541,1761505372022.0,0adab909-eb8f-4baf-9eed-7a4cc889cb7c,CF:33:36:32:4C:1E,Govee_H6054_4C1E,-82,1761505371893
33542,1761505372641.0,0adab909-eb8f-4baf-9eed-7a4cc889cb7c,58:66:51:95:75:ED,,-85,1761505371893
33543,1761505372896.0,0adab909-eb8f-4baf-9eed-7a4cc889cb7c,68:E0:69:34:7B:AD,,-91,1761505371893
33544,1761505373294.0,0adab909-eb8f-4baf-9eed-7a4cc889cb7c,4D:BD:8A:DB:3A:47,,-78,1761505371893
33545,1761505374208.0,0adab909-eb8f-4baf-9eed-7a4cc889cb7c,53:F1:70:3C:50:5E,,-91,1761505371893
33546,1761505380930.0,0adab909-eb8f-4baf-9eed-7a4cc889cb7c,47:97:C4:98:22:0C,,-81,1761505371893
33547,1761505972393.0,0adab909-eb8f-4baf-9eed-7a4cc889cb7c,45:8E:BE:47:BF:79,,-86,1761505971922
33548,1761505972529.0,0adab909-eb8f-4baf-9eed-7a4cc889cb7c,68:E0:69:34:7B:AD,,-88,1761505971922
33549,1761505972730.0,0adab909-eb8f-4baf-9eed-7a4cc889cb7c,CF:33:36:32:4C:1E,Govee_H6054_4C1E,-78,1761505971922
33550,1761505973222.0,0adab909-eb8f-4baf-9eed-7a4cc889cb7c,FF:10:10:AE:A7:64,Sunset lights,-79,1761505971922
33551,1761505973598.0,0adab909-eb8f-4baf-9eed-7a4cc889cb7c,73:C2:BD:FB:66:7E,,-88,1761505971922
33552,1761505976126.0,0adab909-eb8f-4baf-9eed-7a4cc889cb7c,58:66:51:95:75:ED,,-91,1761505971922
33553,1761505976416.0,0adab909-eb8f-4baf-9eed-7a4cc889cb7c,6E:72:7E:BB:2A:3D,,-81,1761505971922
33554,1761506502851.0,0adab909-eb8f-4baf-9eed-7a4cc889cb7c,6E:72:7E:BB:2A:3D,,-88,1761506502764
33555,1761506502870.0,0adab909-eb8f-4baf-9eed-7a4cc889cb7c,FF:10:10:AE:A7:64,Sunset lights,-79,1761506502764
33556,1761506504499.0,0adab909-eb8f-4baf-9eed-7a4cc889cb7c,45:8E:BE:47:BF:79,,-84,1761506502764
33557,1761506505438.0,0adab909-eb8f-4baf-9eed-7a4cc889cb7c,73:C2:BD:FB:66:7E,,-92,1761506502764
33558,1761506506075.0,0adab909-eb8f-4baf-9eed-7a4cc889cb7c,68:E0:69:34:7B:AD,,-77,1761506502764
33559,1761506507020.0,0adab909-eb8f-4baf-9eed-7a4cc889cb7c,58:66:51:95:75:ED,,-92,1761506502764
33560,1761506510572.0,0adab909-eb8f-4baf-9eed-7a4cc889cb7c,64:4A:AB:05:C7:52,,-84,1761506502764
33561,1761506515658.0,0adab909-eb8f-4baf-9eed-7a4cc889cb7c,FF:10:10:AE:A7:64,Sunset lights,-76,1761506502764
33562,1761506515754.0,0adab909-eb8f-4baf-9eed-7a4cc889cb7c,03:4A:F5:60:B4:C8,,-81,1761506502764
33563,1761506515777.0,0adab909-eb8f-4baf-9eed-7a4cc889cb7c,6E:72:7E:BB:2A:3D,,-84,1761506502764
33564,1761506516805.0,0adab909-eb8f-4baf-9eed-7a4cc889cb7c,1F:A9:1B:28:3E:66,,-92,1761506502764
33565,1761506516827.0,0adab909-eb8f-4baf-9eed-7a4cc889cb7c,68:E0:69:34:7B:AD,,-78,1761506502764
33566,1761506516843.0,0adab909-eb8f-4baf-9eed-7a4cc889cb7c,E0:74:B8:7F:E6:9B,,-79,1761506502764
33567,1761506516854.0,0adab909-eb8f-4baf-9eed-7a4cc889cb7c,45:8E:BE:47:BF:79,,-82,1761506502764
33568,1761506516865.0,0adab909-eb8f-4baf-9eed-7a4cc889cb7c,64:4A:AB:05:C7:52,,-83,1761506502764
33569,1761506517620.0,0adab909-eb8f-4baf-9eed-7a4cc889cb7c,DF:6A:CA:86:EE:27,,-87,1761506502764
33570,1761506900757.0,0adab909-eb8f-4baf-9eed-7a4cc889cb7c,73:C2:BD:FB:66:7E,,-90,1761506900641
33571,1761506900784.0,0adab909-eb8f-4baf-9eed-7a4cc889cb7c,6E:72:7E:BB:2A:3D,,-86,1761506900641
33572,1761506901090.0,0adab909-eb8f-4baf-9eed-7a4cc889cb7c,64:4A:AB:05:C7:52,,-86,1761506900641
33573,1761506901120.0,0adab909-eb8f-4baf-9eed-7a4cc889cb7c,60:74:77:71:4A:B6,,-90,1761506900641
33574,1761506901390.0,0adab909-eb8f-4baf-9eed-7a4cc889cb7c,FF:10:10:AE:A7:64,Sunset lights,-73,1761506900641
33575,1761506901750.0,0adab909-eb8f-4baf-9eed-7a4cc889cb7c,58:66:51:95:75:ED,,-93,1761506900641
33576,1761506902352.0,0adab909-eb8f-4baf-9eed-7a4cc889cb7c,5C:A8:5B:A2:B2:7A,,-81,1761506900641
33577,1761506903946.0,0adab909-eb8f-4baf-9eed-7a4cc889cb7c,75:4B:2D:9E:D1:56,,-83,1761506900641
33578,1761506907782.0,0adab909-eb8f-4baf-9eed-7a4cc889cb7c,1F:2E:5F:DD:EF:05,,-92,1761506900641
33579,1761506913734.0,0adab909-eb8f-4baf-9eed-7a4cc889cb7c,6E:72:7E:BB:2A:3D,,-82,1761506900641
33580,1761506913772.0,0adab909-eb8f-4baf-9eed-7a4cc889cb7c,64:4A:AB:05:C7:52,,-72,1761506900641
33581,1761506913794.0,0adab909-eb8f-4baf-9eed-7a4cc889cb7c,0A:F1:03:73:4A:16,,-85,1761506900641
33582,1761506913813.0,0adab909-eb8f-4baf-9eed-7a4cc889cb7c,58:66:51:95:75:ED,,-91,1761506900641
33583,1761506913835.0,0adab909-eb8f-4baf-9eed-7a4cc889cb7c,75:4B:2D:9E:D1:56,,-79,1761506900641
33584,1761506914746.0,0adab909-eb8f-4baf-9eed-7a4cc889cb7c,CD:1A:D5:DB:D6:25,,-89,1761506900641
33585,1761506914778.0,0adab909-eb8f-4baf-9eed-7a4cc889cb7c,FF:10:10:AE:A7:64,Sunset lights,-66,1761506900641
33586,1761506914798.0,0adab909-eb8f-4baf-9eed-7a4cc889cb7c,5C:A8:5B:A2:B2:7A,,-73,1761506900641
33587,1761506914852.0,0adab909-eb8f-4baf-9eed-7a4cc889cb7c,73:C2:BD:FB:66:7E,,-75,1761506900641
33588,1761506915820.0,0adab909-eb8f-4baf-9eed-7a4cc889cb7c,DF:6A:CA:86:EE:27,,-87,1761506900641
33589,1761507543946.0,0adab909-eb8f-4baf-9eed-7a4cc889cb7c,FF:10:10:AE:A7:64,Sunset lights,-76,1761507543900
33590,1761507544043.0,0adab909-eb8f-4baf-9eed-7a4cc889cb7c,75:4B:2D:9E:D1:56,,-92,1761507543900
33591,1761507545601.0,0adab909-eb8f-4baf-9eed-7a4cc889cb7c,56:15:F5:36:B4:84,,-82,1761507543900
33592,1761507546284.0,0adab909-eb8f-4baf-9eed-7a4cc889cb7c,60:74:77:71:4A:B6,,-91,1761507543900
33593,1761507548836.0,0adab909-eb8f-4baf-9eed-7a4cc889cb7c,4F:64:27:AC:EB:11,,-85,1761507543900
33594,1761507549337.0,0adab909-eb8f-4baf-9eed-7a4cc889cb7c,48:74:12:A0:DB:82,,-100,1761507543900
33595,1761507563394.0,0adab909-eb8f-4baf-9eed-7a4cc889cb7c,4F:64:27:AC:EB:11,,-85,1761507543900
33596,1761507563481.0,0adab909-eb8f-4baf-9eed-7a4cc889cb7c,1F:83:81:27:6F:46,,-71,1761507543900
33597,1761507563527.0,0adab909-eb8f-4baf-9eed-7a4cc889cb7c,FF:10:10:AE:A7:64,Sunset lights,-78,1761507543900
33598,1761507563568.0,0adab909-eb8f-4baf-9eed-7a4cc889cb7c,60:74:77:71:4A:B6,,-85,1761507543900
33599,1761507564497.0,0adab909-eb8f-4baf-9eed-7a4cc889cb7c,04:90:06:B5:67:8A,,-91,1761507543900
33600,1761507564551.0,0adab909-eb8f-4baf-9eed-7a4cc889cb7c,75:4B:2D:9E:D1:56,,-86,1761507543900
33601,1761507564581.0,0adab909-eb8f-4baf-9eed-7a4cc889cb7c,C3:0C:7B:CB:C3:D8,,-88,1761507543900
33602,1761507566061.0,0adab909-eb8f-4baf-9eed-7a4cc889cb7c,C9:AE:10:F8:D3:B7,,-92,1761507543900
33603,1761508118817.0,0adab909-eb8f-4baf-9eed-7a4cc889cb7c,4A:99:0B:94:C8:11,,-88,1761508117416
33604,1761508118890.0,0adab909-eb8f-4baf-9eed-7a4cc889cb7c,60:A6:E2:7E:34:41,,-90,1761508117416
33605,1761508119098.0,0adab909-eb8f-4baf-9eed-7a4cc889cb7c,44:C8:19:EC:93:16,,-88,1761508117416
33606,1761508119478.0,0adab909-eb8f-4baf-9eed-7a4cc889cb7c,4F:64:27:AC:EB:11,,-85,1761508117416
33607,1761508119720.0,0adab909-eb8f-4baf-9eed-7a4cc889cb7c,FF:10:10:AE:A7:64,Sunset lights,-83,1761508117416
33608,1761508121075.0,0adab909-eb8f-4baf-9eed-7a4cc889cb7c,56:15:F5:36:B4:84,,-84,1761508117416
33609,1761508130386.0,0adab909-eb8f-4baf-9eed-7a4cc889cb7c,56:15:F5:36:B4:84,,-84,1761508117416
33610,1761508130427.0,0adab909-eb8f-4baf-9eed-7a4cc889cb7c,37:0F:4F:00:7A:91,,-82,1761508117416
33611,1761508130484.0,0adab909-eb8f-4baf-9eed-7a4cc889cb7c,FF:10:10:AE:A7:64,Sunset lights,-77,1761508117416
33612,1761508131441.0,0adab909-eb8f-4baf-9eed-7a4cc889cb7c,4A:99:0B:94:C8:11,,-88,1761508117416
33613,1761508131524.0,0adab909-eb8f-4baf-9eed-7a4cc889cb7c,F6:41:18:FE:76:FD,,-82,1761508117416
33614,1761508131554.0,0adab909-eb8f-4baf-9eed-7a4cc889cb7c,4F:64:27:AC:EB:11,,-83,1761508117416
33615,1761508131574.0,0adab909-eb8f-4baf-9eed-7a4cc889cb7c,44:C8:19:EC:93:16,,-82,1761508117416
33616,1761508132287.0,0adab909-eb8f-4baf-9eed-7a4cc889cb7c,60:A6:E2:7E:34:41,,-91,1761508117416
33617,1761508132365.0,0adab909-eb8f-4baf-9eed-7a4cc889cb7c,FC:C9:DB:6D:25:4A,,-86,1761508117416
33618,1761508760330.0,0adab909-eb8f-4baf-9eed-7a4cc889cb7c,19:59:81:EB:F5:75,,-94,1761508759880
33619,1761508760358.0,0adab909-eb8f-4baf-9eed-7a4cc889cb7c,47:77:75:63:96:2A,,-90,1761508759880
33620,1761508762837.0,0adab909-eb8f-4baf-9eed-7a4cc889cb7c,FF:10:10:AE:A7:64,Sunset lights,-85,1761508759880
33621,1761508767021.0,0adab909-eb8f-4baf-9eed-7a4cc889cb7c,70:B0:8C:AE:49:72,,-84,1761508759880
33622,1761508767358.0,0adab909-eb8f-4baf-9eed-7a4cc889cb7c,44:C8:19:EC:93:16,,-89,1761508759880
33623,1761508767967.0,0adab909-eb8f-4baf-9eed-7a4cc889cb7c,79:DA:14:CB:38:F2,,-76,1761508759880
33624,1761508769238.0,0adab909-eb8f-4baf-9eed-7a4cc889cb7c,60:A6:E2:7E:34:41,,-84,1761508759880
33625,1761508772835.0,0adab909-eb8f-4baf-9eed-7a4cc889cb7c,29:96:1E:14:6D:23,,-70,1761508759880
33626,1761508772897.0,0adab909-eb8f-4baf-9eed-7a4cc889cb7c,D7:64:72:CD:9C:C8,,-89,1761508759880
33627,1761508773814.0,0adab909-eb8f-4baf-9eed-7a4cc889cb7c,47:77:75:63:96:2A,,-82,1761508759880
33628,1761508774744.0,0adab909-eb8f-4baf-9eed-7a4cc889cb7c,60:A6:E2:7E:34:41,,-85,1761508759880
33629,1761508774795.0,0adab909-eb8f-4baf-9eed-7a4cc889cb7c,44:C8:19:EC:93:16,,-85,1761508759880
33630,1761508774899.0,0adab909-eb8f-4baf-9eed-7a4cc889cb7c,DB:46:3E:59:02:6E,,-81,1761508759880
33631,1761509301875.0,0adab909-eb8f-4baf-9eed-7a4cc889cb7c,FF:10:10:AE:A7:64,Sunset lights,-82,1761509300715
33632,1761509304019.0,0adab909-eb8f-4baf-9eed-7a4cc889cb7c,47:77:75:63:96:2A,,-90,1761509300715
33633,1761509313608.0,0adab909-eb8f-4baf-9eed-7a4cc889cb7c,FF:10:10:AE:A7:64,Sunset lights,-82,1761509300715
33634,1761509313656.0,0adab909-eb8f-4baf-9eed-7a4cc889cb7c,36:97:70:82:DE:C3,,-80,1761509300715
33635,1761509313860.0,0adab909-eb8f-4baf-9eed-7a4cc889cb7c,FC:8B:08:06:4C:AC,,-77,1761509300715
33636,1761510111173.0,0adab909-eb8f-4baf-9eed-7a4cc889cb7c,FF:10:10:AE:A7:64,Sunset lights,-79,1761510111101
33637,1761510111244.0,0adab909-eb8f-4baf-9eed-7a4cc889cb7c,75:D8:79:9F:08:82,,-91,1761510111101
33638,1761510111938.0,0adab909-eb8f-4baf-9eed-7a4cc889cb7c,46:88:F2:BE:44:95,,127,1761510111101
33639,1761510111962.0,0adab909-eb8f-4baf-9eed-7a4cc889cb7c,5A:0A:69:9C:93:9A,,-92,1761510111101
33640,1761510112772.0,0adab909-eb8f-4baf-9eed-7a4cc889cb7c,6F:D4:67:37:DE:FD,,-94,1761510111101
33641,1761510115745.0,0adab909-eb8f-4baf-9eed-7a4cc889cb7c,63:1F:A0:56:78:AE,,-87,1761510111101
33642,1761510124266.0,0adab909-eb8f-4baf-9eed-7a4cc889cb7c,FF:10:10:AE:A7:64,Sunset lights,-80,1761510111101
33643,1761510124290.0,0adab909-eb8f-4baf-9eed-7a4cc889cb7c,23:40:07:09:CC:F9,,-85,1761510111101
33644,1761510124307.0,0adab909-eb8f-4baf-9eed-7a4cc889cb7c,6F:D4:67:37:DE:FD,,-89,1761510111101
33645,1761510124327.0,0adab909-eb8f-4baf-9eed-7a4cc889cb7c,46:88:F2:BE:44:95,,-87,1761510111101
33646,1761510124497.0,0adab909-eb8f-4baf-9eed-7a4cc889cb7c,DE:31:AD:43:D0:2D,,-87,1761510111101
33647,1761510125259.0,0adab909-eb8f-4baf-9eed-7a4cc889cb7c,75:D8:79:9F:08:82,,-90,1761510111101
33648,1761510125298.0,0adab909-eb8f-4baf-9eed-7a4cc889cb7c,4C:25:84:95:6F:B3,,-89,1761510111101
33649,1761510125402.0,0adab909-eb8f-4baf-9eed-7a4cc889cb7c,5A:0A:69:9C:93:9A,,-85,1761510111101
33650,1761510711546.0,0adab909-eb8f-4baf-9eed-7a4cc889cb7c,FF:10:10:AE:A7:64,Sunset lights,-83,1761510711079
33651,1761510713733.0,0adab909-eb8f-4baf-9eed-7a4cc889cb7c,75:D8:79:9F:08:82,,-92,1761510711079
33652,1761510723999.0,0adab909-eb8f-4baf-9eed-7a4cc889cb7c,23:EB:78:3E:6D:74,,-92,1761510711079
33653,1761510725126.0,0adab909-eb8f-4baf-9eed-7a4cc889cb7c,FF:10:10:AE:A7:64,Sunset lights,-77,1761510711079
33654,1761510725173.0,0adab909-eb8f-4baf-9eed-7a4cc889cb7c,4C:25:84:95:6F:B3,,-92,1761510711079
33655,1761510725220.0,0adab909-eb8f-4baf-9eed-7a4cc889cb7c,F7:A4:D5:FE:84:9C,,-78,1761510711079
33656,1761511311129.0,0adab909-eb8f-4baf-9eed-7a4cc889cb7c,6F:E6:38:61:FC:5C,,-92,1761511311057
33657,1761511311160.0,0adab909-eb8f-4baf-9eed-7a4cc889cb7c,FF:10:10:AE:A7:64,Sunset lights,-87,1761511311057
33658,1761511311219.0,0adab909-eb8f-4baf-9eed-7a4cc889cb7c,66:CA:98:D8:BD:C6,,-93,1761511311057
33659,1761511312443.0,0adab909-eb8f-4baf-9eed-7a4cc889cb7c,46:88:F2:BE:44:95,,-82,1761511311057
33660,1761511321410.0,0adab909-eb8f-4baf-9eed-7a4cc889cb7c,69:B1:17:C2:4E:1E,,-93,1761511311057
33661,1761511323957.0,0adab909-eb8f-4baf-9eed-7a4cc889cb7c,11:BD:CF:54:3C:A5,,-78,1761511311057
33662,1761511324087.0,0adab909-eb8f-4baf-9eed-7a4cc889cb7c,6F:E6:38:61:FC:5C,,-83,1761511311057
33663,1761511324130.0,0adab909-eb8f-4baf-9eed-7a4cc889cb7c,E5:54:86:22:2A:D2,,-87,1761511311057
33664,1761511324149.0,0adab909-eb8f-4baf-9eed-7a4cc889cb7c,FF:10:10:AE:A7:64,Sunset lights,-80,1761511311057
33665,1761511325097.0,0adab909-eb8f-4baf-9eed-7a4cc889cb7c,46:88:F2:BE:44:95,,-81,1761511311057
33666,1761511911118.0,0adab909-eb8f-4baf-9eed-7a4cc889cb7c,6F:E6:38:61:FC:5C,,-84,1761511911051
33667,1761511911167.0,0adab909-eb8f-4baf-9eed-7a4cc889cb7c,5D:9C:33:29:22:F3,,-88,1761511911051
33668,1761511912748.0,0adab909-eb8f-4baf-9eed-7a4cc889cb7c,76:D9:E9:19:C0:0B,,-77,1761511911051
33669,1761511913062.0,0adab909-eb8f-4baf-9eed-7a4cc889cb7c,FF:10:10:AE:A7:64,Sunset lights,-77,1761511911051
33670,1761511922725.0,0adab909-eb8f-4baf-9eed-7a4cc889cb7c,01:62:60:DA:F5:B4,,-92,1761511911051
33671,1761511923954.0,0adab909-eb8f-4baf-9eed-7a4cc889cb7c,DB:46:3E:59:02:6E,,-76,1761511911051
33672,1761511923983.0,0adab909-eb8f-4baf-9eed-7a4cc889cb7c,FF:10:10:AE:A7:64,Sunset lights,-75,1761511911051
33673,1761511924001.0,0adab909-eb8f-4baf-9eed-7a4cc889cb7c,11:CA:F3:CD:F7:FE,,-84,1761511911051
33674,1761511924014.0,0adab909-eb8f-4baf-9eed-7a4cc889cb7c,76:D9:E9:19:C0:0B,,-83,1761511911051
33675,1761511924118.0,0adab909-eb8f-4baf-9eed-7a4cc889cb7c,5D:9C:33:29:22:F3,,-82,1761511911051
33676,1761512511241.0,0adab909-eb8f-4baf-9eed-7a4cc889cb7c,FF:10:10:AE:A7:64,Sunset lights,-79,1761512511134
33677,1761512512863.0,0adab909-eb8f-4baf-9eed-7a4cc889cb7c,76:D9:E9:19:C0:0B,,-90,1761512511134
33678,1761512514097.0,0adab909-eb8f-4baf-9eed-7a4cc889cb7c,5D:9C:33:29:22:F3,,-89,1761512511134
33679,1761512514421.0,0adab909-eb8f-4baf-9eed-7a4cc889cb7c,56:42:C1:A9:06:25,,-84,1761512511134
33680,1761512523996.0,0adab909-eb8f-4baf-9eed-7a4cc889cb7c,F7:B9:9F:42:8D:9A,,-82,1761512511134
33681,1761512524041.0,0adab909-eb8f-4baf-9eed-7a4cc889cb7c,FF:10:10:AE:A7:64,Sunset lights,-75,1761512511134
33682,1761512524068.0,0adab909-eb8f-4baf-9eed-7a4cc889cb7c,56:42:C1:A9:06:25,,-81,1761512511134
33683,1761512524095.0,0adab909-eb8f-4baf-9eed-7a4cc889cb7c,27:B7:AC:09:EF:82,,-82,1761512511134
33684,1761513111492.0,0adab909-eb8f-4baf-9eed-7a4cc889cb7c,FF:10:10:AE:A7:64,Sunset lights,-73,1761513111099
33685,1761513112136.0,0adab909-eb8f-4baf-9eed-7a4cc889cb7c,5D:9C:33:29:22:F3,,-88,1761513111099
33686,1761513112804.0,0adab909-eb8f-4baf-9eed-7a4cc889cb7c,76:D9:E9:19:C0:0B,,-84,1761513111099
33687,1761513114399.0,0adab909-eb8f-4baf-9eed-7a4cc889cb7c,56:42:C1:A9:06:25,,-85,1761513111099
33688,1761513124012.0,0adab909-eb8f-4baf-9eed-7a4cc889cb7c,E1:10:2B:4C:A7:94,,-86,1761513111099
33689,1761513124052.0,0adab909-eb8f-4baf-9eed-7a4cc889cb7c,3D:AE:B1:96:0E:2E,,-82,1761513111099
33690,1761513125083.0,0adab909-eb8f-4baf-9eed-7a4cc889cb7c,F0:82:C5:47:F3:AB,,-72,1761513111099
33691,1761513125105.0,0adab909-eb8f-4baf-9eed-7a4cc889cb7c,FF:10:10:AE:A7:64,Sunset lights,-69,1761513111099
33692,1761513125124.0,0adab909-eb8f-4baf-9eed-7a4cc889cb7c,DB:46:3E:59:02:6E,,-87,1761513111099
33693,1761513125144.0,0adab909-eb8f-4baf-9eed-7a4cc889cb7c,56:42:C1:A9:06:25,,-85,1761513111099
33694,1761513711211.0,0adab909-eb8f-4baf-9eed-7a4cc889cb7c,FF:10:10:AE:A7:64,Sunset lights,-82,1761513711159
33695,1761513711273.0,0adab909-eb8f-4baf-9eed-7a4cc889cb7c,56:42:C1:A9:06:25,,-82,1761513711159
33696,1761513711901.0,0adab909-eb8f-4baf-9eed-7a4cc889cb7c,43:86:58:FB:FE:E5,,-91,1761513711159
33697,1761513712570.0,0adab909-eb8f-4baf-9eed-7a4cc889cb7c,66:6B:7A:BB:8B:B0,,-85,1761513711159
33698,1761513714129.0,0adab909-eb8f-4baf-9eed-7a4cc889cb7c,5B:72:D4:29:8D:16,,-89,1761513711159
33699,1761513724108.0,0adab909-eb8f-4baf-9eed-7a4cc889cb7c,FF:10:10:AE:A7:64,Sunset lights,-77,1761513711159
33700,1761513724137.0,0adab909-eb8f-4baf-9eed-7a4cc889cb7c,0A:5A:13:44:BB:D3,,-86,1761513711159
33701,1761513725117.0,0adab909-eb8f-4baf-9eed-7a4cc889cb7c,43:86:58:FB:FE:E5,,-76,1761513711159
33702,1761513725240.0,0adab909-eb8f-4baf-9eed-7a4cc889cb7c,56:42:C1:A9:06:25,,-82,1761513711159
33703,1761514311204.0,0adab909-eb8f-4baf-9eed-7a4cc889cb7c,FF:10:10:AE:A7:64,Sunset lights,-82,1761514311143
33704,1761514311858.0,0adab909-eb8f-4baf-9eed-7a4cc889cb7c,43:86:58:FB:FE:E5,,-77,1761514311143
33705,1761514312242.0,0adab909-eb8f-4baf-9eed-7a4cc889cb7c,66:6B:7A:BB:8B:B0,,-84,1761514311143
33706,1761514313467.0,0adab909-eb8f-4baf-9eed-7a4cc889cb7c,51:69:6D:FC:49:B8,,-83,1761514311143
33707,1761514324294.0,0adab909-eb8f-4baf-9eed-7a4cc889cb7c,FF:10:10:AE:A7:64,Sunset lights,-79,1761514311143
33708,1761514324317.0,0adab909-eb8f-4baf-9eed-7a4cc889cb7c,66:6B:7A:BB:8B:B0,,-82,1761514311143
33709,1761514324393.0,0adab909-eb8f-4baf-9eed-7a4cc889cb7c,3A:DF:6E:58:B8:5C,,-78,1761514311143
33710,1761514324424.0,0adab909-eb8f-4baf-9eed-7a4cc889cb7c,D7:1A:A4:03:6C:84,,-89,1761514311143
33711,1761514326230.0,0adab909-eb8f-4baf-9eed-7a4cc889cb7c,DB:46:3E:59:02:6E,,-75,1761514311143
33712,1761514714746.0,0adab909-eb8f-4baf-9eed-7a4cc889cb7c,F4:FE:FB:45:44:C9,[TV] Samsung 7 Series (50),-94,1761514714521
33713,1761514715289.0,0adab909-eb8f-4baf-9eed-7a4cc889cb7c,43:86:58:FB:FE:E5,,-93,1761514714521
33714,1761514716151.0,0adab909-eb8f-4baf-9eed-7a4cc889cb7c,C3:F5:7F:8B:F1:7D,Hue Lamp,-88,1761514714521
33715,1761514717179.0,0adab909-eb8f-4baf-9eed-7a4cc889cb7c,7A:A2:DC:6D:1E:E7,,-90,1761514714521
33716,1761514717843.0,0adab909-eb8f-4baf-9eed-7a4cc889cb7c,F4:FE:FB:45:44:C9,[TV] Samsung 7 Series (50),-70,1761514714521
33717,1761514728449.0,0adab909-eb8f-4baf-9eed-7a4cc889cb7c,C3:F5:7F:8B:F1:7D,Hue Lamp,-87,1761514714521
33718,1761514728490.0,0adab909-eb8f-4baf-9eed-7a4cc889cb7c,39:47:7E:53:87:B9,,-91,1761514714521
33719,1761514728517.0,0adab909-eb8f-4baf-9eed-7a4cc889cb7c,7A:A2:DC:6D:1E:E7,,-82,1761514714521
33720,1761514728541.0,0adab909-eb8f-4baf-9eed-7a4cc889cb7c,F4:FE:FB:45:44:C9,[TV] Samsung 7 Series (50),-71,1761514714521
33721,1761514729408.0,0adab909-eb8f-4baf-9eed-7a4cc889cb7c,CF:40:C6:40:4D:64,,-76,1761514714521
33722,1761515375015.0,0adab909-eb8f-4baf-9eed-7a4cc889cb7c,7A:A2:DC:6D:1E:E7,,-79,1761515374583
33723,1761515375681.0,0adab909-eb8f-4baf-9eed-7a4cc889cb7c,70:04:B7:E6:71:9A,,-84,1761515374583
33724,1761515376408.0,0adab909-eb8f-4baf-9eed-7a4cc889cb7c,F4:FE:FB:45:44:C9,[TV] Samsung 7 Series (50),-85,1761515374583
33725,1761515378886.0,0adab909-eb8f-4baf-9eed-7a4cc889cb7c,F4:FE:FB:45:44:C9,[TV] Samsung 7 Series (50),-77,1761515374583
33726,1761515378916.0,0adab909-eb8f-4baf-9eed-7a4cc889cb7c,C3:F5:7F:8B:F1:7D,Hue Lamp,-77,1761515374583
33727,1761515385549.0,0adab909-eb8f-4baf-9eed-7a4cc889cb7c,4A:98:98:AA:3C:93,,-91,1761515374583
33728,1761515387628.0,0adab909-eb8f-4baf-9eed-7a4cc889cb7c,C3:F5:7F:8B:F1:7D,Hue Lamp,-78,1761515374583
33729,1761515388637.0,0adab909-eb8f-4baf-9eed-7a4cc889cb7c,F4:FE:FB:45:44:C9,[TV] Samsung 7 Series (50),-74,1761515374583
33730,1761515904581.0,0adab909-eb8f-4baf-9eed-7a4cc889cb7c,FF:10:10:AE:A7:64,Sunset lights,-81,1761515904487
33731,1761515905509.0,0adab909-eb8f-4baf-9eed-7a4cc889cb7c,5C:6C:02:A7:8E:99,,-82,1761515904487
33732,1761515905812.0,0adab909-eb8f-4baf-9eed-7a4cc889cb7c,4A:98:98:AA:3C:93,,-81,1761515904487
33733,1761515906207.0,0adab909-eb8f-4baf-9eed-7a4cc889cb7c,75:51:83:8B:AD:3F,,-93,1761515904487
33734,1761515917368.0,0adab909-eb8f-4baf-9eed-7a4cc889cb7c,FF:10:10:AE:A7:64,Sunset lights,-76,1761515904487
33735,1761515917409.0,0adab909-eb8f-4baf-9eed-7a4cc889cb7c,39:B1:2B:A1:B1:9D,,-88,1761515904487
33736,1761515917472.0,0adab909-eb8f-4baf-9eed-7a4cc889cb7c,EE:19:74:72:5F:AE,,-80,1761515904487
33737,1761515918374.0,0adab909-eb8f-4baf-9eed-7a4cc889cb7c,F0:51:4C:84:56:72,,-83,1761515904487
33738,1761515918413.0,0adab909-eb8f-4baf-9eed-7a4cc889cb7c,5C:6C:02:A7:8E:99,,-88,1761515904487
33739,1761515918472.0,0adab909-eb8f-4baf-9eed-7a4cc889cb7c,C8:77:DF:5A:A1:61,,-79,1761515904487
33740,1761515918496.0,0adab909-eb8f-4baf-9eed-7a4cc889cb7c,4A:98:98:AA:3C:93,,-80,1761515904487
33741,1761516947262.0,0adab909-eb8f-4baf-9eed-7a4cc889cb7c,FF:10:10:AE:A7:64,Sunset lights,-74,1761516947204
33742,1761516947372.0,0adab909-eb8f-4baf-9eed-7a4cc889cb7c,4B:1A:00:7E:EC:BD,,-88,1761516947204
33743,1761516950195.0,0adab909-eb8f-4baf-9eed-7a4cc889cb7c,7D:35:E4:CA:D2:E6,,-80,1761516947204
33744,1761516957830.0,0adab909-eb8f-4baf-9eed-7a4cc889cb7c,4E:38:D5:45:E3:B8,,-88,1761516947204
33745,1761516960111.0,0adab909-eb8f-4baf-9eed-7a4cc889cb7c,7D:35:E4:CA:D2:E6,,-82,1761516947204
33746,1761516960248.0,0adab909-eb8f-4baf-9eed-7a4cc889cb7c,FF:10:10:AE:A7:64,Sunset lights,-73,1761516947204
33747,1761516960299.0,0adab909-eb8f-4baf-9eed-7a4cc889cb7c,4E:38:D5:45:E3:B8,,-91,1761516947204
33748,1761516961234.0,0adab909-eb8f-4baf-9eed-7a4cc889cb7c,C3:86:76:36:4F:0A,,-76,1761516947204
33749,1761516961391.0,0adab909-eb8f-4baf-9eed-7a4cc889cb7c,F0:14:71:D9:75:F8,,-91,1761516947204
33750,1761516961433.0,0adab909-eb8f-4baf-9eed-7a4cc889cb7c,1D:36:85:20:A4:CD,,-75,1761516947204
33751,1761516962431.0,0adab909-eb8f-4baf-9eed-7a4cc889cb7c,DA:9F:DD:97:07:3E,,-88,1761516947204
33752,1761517311412.0,0adab909-eb8f-4baf-9eed-7a4cc889cb7c,4B:1A:00:7E:EC:BD,,-81,1761517311243
33753,1761517311632.0,0adab909-eb8f-4baf-9eed-7a4cc889cb7c,7D:35:E4:CA:D2:E6,,-74,1761517311243
33754,1761517312336.0,0adab909-eb8f-4baf-9eed-7a4cc889cb7c,4E:38:D5:45:E3:B8,,-80,1761517311243
33755,1761517313280.0,0adab909-eb8f-4baf-9eed-7a4cc889cb7c,FF:10:10:AE:A7:64,Sunset lights,-76,1761517311243
33756,1761517324173.0,0adab909-eb8f-4baf-9eed-7a4cc889cb7c,4E:38:D5:45:E3:B8,,-81,1761517311243
33757,1761517324231.0,0adab909-eb8f-4baf-9eed-7a4cc889cb7c,F0:14:71:D9:75:F8,,-75,1761517311243
33758,1761517324258.0,0adab909-eb8f-4baf-9eed-7a4cc889cb7c,7D:35:E4:CA:D2:E6,,-74,1761517311243
33759,1761517324283.0,0adab909-eb8f-4baf-9eed-7a4cc889cb7c,13:05:44:AB:9C:92,,-85,1761517311243
33760,1761517324303.0,0adab909-eb8f-4baf-9eed-7a4cc889cb7c,4B:1A:00:7E:EC:BD,,-76,1761517311243
33761,1761517324352.0,0adab909-eb8f-4baf-9eed-7a4cc889cb7c,FF:9B:48:62:85:84,,-78,1761517311243
33762,1761517324373.0,0adab909-eb8f-4baf-9eed-7a4cc889cb7c,FF:10:10:AE:A7:64,Sunset lights,-75,1761517311243
33763,1761517911313.0,0adab909-eb8f-4baf-9eed-7a4cc889cb7c,FF:10:10:AE:A7:64,Sunset lights,-77,1761517911249
33764,1761517911599.0,0adab909-eb8f-4baf-9eed-7a4cc889cb7c,66:EC:10:96:91:C1,,-80,1761517911249
33765,1761517911694.0,0adab909-eb8f-4baf-9eed-7a4cc889cb7c,65:2E:9B:42:1B:9F,,-94,1761517911249
33766,1761517911725.0,0adab909-eb8f-4baf-9eed-7a4cc889cb7c,4E:38:D5:45:E3:B8,,-91,1761517911249
33767,1761517924179.0,0adab909-eb8f-4baf-9eed-7a4cc889cb7c,3C:CE:92:DF:12:1E,,-75,1761517911249
33768,1761517924226.0,0adab909-eb8f-4baf-9eed-7a4cc889cb7c,FF:10:10:AE:A7:64,Sunset lights,-73,1761517911249
33769,1761517924256.0,0adab909-eb8f-4baf-9eed-7a4cc889cb7c,66:EC:10:96:91:C1,,-79,1761517911249
33770,1761517925180.0,0adab909-eb8f-4baf-9eed-7a4cc889cb7c,C6:9A:55:A1:12:37,,-82,1761517911249
33771,1761517926242.0,0adab909-eb8f-4baf-9eed-7a4cc889cb7c,4E:38:D5:45:E3:B8,,-81,1761517911249
33772,1761518604729.0,0adab909-eb8f-4baf-9eed-7a4cc889cb7c,FF:10:10:AE:A7:64,Sunset lights,-79,1761518604725
33773,1761518605328.0,0adab909-eb8f-4baf-9eed-7a4cc889cb7c,65:2E:9B:42:1B:9F,,-82,1761518604725
33774,1761518606036.0,0adab909-eb8f-4baf-9eed-7a4cc889cb7c,64:06:13:2E:6C:3E,,-87,1761518604725
33775,1761518606448.0,0adab909-eb8f-4baf-9eed-7a4cc889cb7c,66:EC:10:96:91:C1,,-74,1761518604725
33776,1761518617298.0,0adab909-eb8f-4baf-9eed-7a4cc889cb7c,77:50:11:BD:90:02,,-80,1761518604725
33777,1761519136644.0,0adab909-eb8f-4baf-9eed-7a4cc889cb7c,53:9E:0D:99:74:D7,,-83,1761519136610
33778,1761519136736.0,0adab909-eb8f-4baf-9eed-7a4cc889cb7c,6B:D7:F8:8A:BD:30,,-82,1761519136610
33779,1761519138366.0,0adab909-eb8f-4baf-9eed-7a4cc889cb7c,FF:10:10:AE:A7:64,Sunset lights,-83,1761519136610
33780,1761519139304.0,0adab909-eb8f-4baf-9eed-7a4cc889cb7c,64:06:13:2E:6C:3E,,-85,1761519136610
33781,1761519736669.0,0adab909-eb8f-4baf-9eed-7a4cc889cb7c,53:9E:0D:99:74:D7,,-81,1761519736651
33782,1761519736719.0,0adab909-eb8f-4baf-9eed-7a4cc889cb7c,6B:D7:F8:8A:BD:30,,-84,1761519736651
33783,1761519737403.0,0adab909-eb8f-4baf-9eed-7a4cc889cb7c,FF:10:10:AE:A7:64,Sunset lights,-79,1761519736651
33784,1761519737699.0,0adab909-eb8f-4baf-9eed-7a4cc889cb7c,64:06:13:2E:6C:3E,,-85,1761519736651
33785,1761520337637.0,0adab909-eb8f-4baf-9eed-7a4cc889cb7c,6B:D7:F8:8A:BD:30,,-82,1761520337606
33786,1761520337708.0,0adab909-eb8f-4baf-9eed-7a4cc889cb7c,FF:10:10:AE:A7:64,Sunset lights,-78,1761520337606
33787,1761520338993.0,0adab909-eb8f-4baf-9eed-7a4cc889cb7c,53:9E:0D:99:74:D7,,-79,1761520337606
33788,1761520339006.0,0adab909-eb8f-4baf-9eed-7a4cc889cb7c,74:E7:01:CB:EE:94,,-86,1761520337606
33789,1761520984757.0,0adab909-eb8f-4baf-9eed-7a4cc889cb7c,5C:9D:2F:69:02:62,,-86,1761520984649
33790,1761520984793.0,0adab909-eb8f-4baf-9eed-7a4cc889cb7c,FF:10:10:AE:A7:64,Sunset lights,-82,1761520984649
33791,1761520986389.0,0adab909-eb8f-4baf-9eed-7a4cc889cb7c,74:E7:01:CB:EE:94,,-86,1761520984649
33792,1761520987672.0,0adab909-eb8f-4baf-9eed-7a4cc889cb7c,79:7B:3C:09:69:44,,-82,1761520984649
33793,1761521384894.0,0adab909-eb8f-4baf-9eed-7a4cc889cb7c,FF:10:10:AE:A7:64,Sunset lights,-76,1761521384891
33794,1761521385398.0,0adab909-eb8f-4baf-9eed-7a4cc889cb7c,79:7B:3C:09:69:44,,-77,1761521384891
33795,1761521387569.0,0adab909-eb8f-4baf-9eed-7a4cc889cb7c,5C:9D:2F:69:02:62,,-78,1761521384891
33796,1761521395297.0,0adab909-eb8f-4baf-9eed-7a4cc889cb7c,7A:2D:3B:38:BF:55,,-84,1761521384891
33797,1761522285244.0,0adab909-eb8f-4baf-9eed-7a4cc889cb7c,FF:10:10:AE:A7:64,Sunset lights,-75,1761522285240
33798,1761522285260.0,0adab909-eb8f-4baf-9eed-7a4cc889cb7c,7A:2D:3B:38:BF:55,,-86,1761522285240
33799,1761522285781.0,0adab909-eb8f-4baf-9eed-7a4cc889cb7c,49:AA:5A:C5:A2:8C,,-82,1761522285240
33800,1761522287078.0,0adab909-eb8f-4baf-9eed-7a4cc889cb7c,79:7B:3C:09:69:44,,-86,1761522285240
33801,1761522516629.0,0adab909-eb8f-4baf-9eed-7a4cc889cb7c,5F:73:78:51:3E:3E,,-84,1761522516592
33802,1761522517658.0,0adab909-eb8f-4baf-9eed-7a4cc889cb7c,FF:10:10:AE:A7:64,Sunset lights,-74,1761522516592
33803,1761522517963.0,0adab909-eb8f-4baf-9eed-7a4cc889cb7c,49:AA:5A:C5:A2:8C,,-78,1761522516592
33804,1761522518343.0,0adab909-eb8f-4baf-9eed-7a4cc889cb7c,7A:2D:3B:38:BF:55,,-85,1761522516592
33805,1761523116875.0,0adab909-eb8f-4baf-9eed-7a4cc889cb7c,49:AA:5A:C5:A2:8C,,-79,1761523116872
33806,1761523117677.0,0adab909-eb8f-4baf-9eed-7a4cc889cb7c,FF:10:10:AE:A7:64,Sunset lights,-74,1761523116872
33807,1761523120294.0,0adab909-eb8f-4baf-9eed-7a4cc889cb7c,5F:73:78:51:3E:3E,,-77,1761523116872
33808,1761523121618.0,0adab909-eb8f-4baf-9eed-7a4cc889cb7c,7A:2D:3B:38:BF:55,,-88,1761523116872
