timestamp,device_id,bt_address,bt_name,bt_rssi
1762733115770,0adab909-eb8f-4baf-9eed-7a4cc889cb7c,E6:68:C6:AB:E4:2D,SumUp 418,-83
1762733716137,0adab909-eb8f-4baf-9eed-7a4cc889cb7c,E6:68:C6:AB:E4:2D,SumUp 418,-84
1762733718857,0adab909-eb8f-4baf-9eed-7a4cc889cb7c,F8:77:B8:5F:E4:89,[TV] Samsung 5 Series (55),-88
1762733722935,0adab909-eb8f-4baf-9eed-7a4cc889cb7c,68:EB:BB:58:29:F0,NA,-86
1762734548186,0adab909-eb8f-4baf-9eed-7a4cc889cb7c,E6:68:C6:AB:E4:2D,SumUp 418,-90
1762734549206,0adab909-eb8f-4baf-9eed-7a4cc889cb7c,71:D4:A4:50:96:48,NA,-87
1762734555542,0adab909-eb8f-4baf-9eed-7a4cc889cb7c,F8:77:B8:5F:E4:89,[TV] Samsung 5 Series (55),-89
1762735146579,0adab909-eb8f-4baf-9eed-7a4cc889cb7c,E6:68:C6:AB:E4:2D,SumUp 418,-82
1762735155236,0adab909-eb8f-4baf-9eed-7a4cc889cb7c,71:D4:A4:50:96:48,NA,-84
1762735748073,0adab909-eb8f-4baf-9eed-7a4cc889cb7c,79:92:72:FA:A7:5A,NA,-84
1762735748390,0adab909-eb8f-4baf-9eed-7a4cc889cb7c,E6:68:C6:AB:E4:2D,SumUp 418,-90
1762736279926,0adab909-eb8f-4baf-9eed-7a4cc889cb7c,E6:68:C6:AB:E4:2D,SumUp 418,-83
1762736280742,0adab909-eb8f-4baf-9eed-7a4cc889cb7c,44:8D:72:63:08:F4,NA,-85
1762736880072,0adab909-eb8f-4baf-9eed-7a4cc889cb7c,44:8D:72:63:08:F4,NA,-75
1762736880091,0adab909-eb8f-4baf-9eed-7a4cc889cb7c,E6:68:C6:AB:E4:2D,SumUp 418,-87
1762737480133,0adab909-eb8f-4baf-9eed-7a4cc889cb7c,67:AB:E4:75:2E:2C,NA,-74
1762737481760,0adab909-eb8f-4baf-9eed-7a4cc889cb7c,E6:68:C6:AB:E4:2D,SumUp 418,-82
1762738122915,0adab909-eb8f-4baf-9eed-7a4cc889cb7c,E6:68:C6:AB:E4:2D,SumUp 418,-82
1762738123141,0adab909-eb8f-4baf-9eed-7a4cc889cb7c,67:AB:E4:75:2E:2C,NA,-73
1762738726642,0adab909-eb8f-4baf-9eed-7a4cc889cb7c,59:75:C8:12:84:21,NA,-78
1762738726660,0adab909-eb8f-4baf-9eed-7a4cc889cb7c,F8:77:B8:5F:E4:89,[TV] Samsung 5 Series (55),-88
1762738730835,0adab909-eb8f-4baf-9eed-7a4cc889cb7c,E6:68:C6:AB:E4:2D,SumUp 418,-88
1762739322901,0adab909-eb8f-4baf-9eed-7a4cc889cb7c,50:FB:AA:05:B5:3E,NA,-88
1762739323061,0adab909-eb8f-4baf-9eed-7a4cc889cb7c,59:75:C8:12:84:21,NA,-77
1762739324366,0adab909-eb8f-4baf-9eed-7a4cc889cb7c,E6:68:C6:AB:E4:2D,SumUp 418,-90
1762739854661,0adab909-eb8f-4baf-9eed-7a4cc889cb7c,E6:68:C6:AB:E4:2D,SumUp 418,-83
1762739855071,0adab909-eb8f-4baf-9eed-7a4cc889cb7c,68:A0:E7:86:71:AC,NA,-77
1762740455662,0adab909-eb8f-4baf-9eed-7a4cc889cb7c,E6:68:C6:AB:E4:2D,SumUp 418,-82
1762740457955,0adab909-eb8f-4baf-9eed-7a4cc889cb7c,68:A0:E7:86:71:AC,NA,-79
1762740463434,0adab909-eb8f-4baf-9eed-7a4cc889cb7c,57:1A:24:EB:0D:F1,NA,-88
1762741053698,0adab909-eb8f-4baf-9eed-7a4cc889cb7c,E6:68:C6:AB:E4:2D,SumUp 418,-83
1762741055026,0adab909-eb8f-4baf-9eed-7a4cc889cb7c,78:E2:98:13:B5:E9,NA,-78
1762741654979,0adab909-eb8f-4baf-9eed-7a4cc889cb7c,E6:68:C6:AB:E4:2D,SumUp 418,-83
1762741655267,0adab909-eb8f-4baf-9eed-7a4cc889cb7c,43:A7:27:2A:E6:97,NA,-80
1762742187161,0adab909-eb8f-4baf-9eed-7a4cc889cb7c,51:C5:07:95:BF:BD,NA,-70
1762742189119,0adab909-eb8f-4baf-9eed-7a4cc889cb7c,E6:68:C6:AB:E4:2D,SumUp 418,-86
1762742785641,0adab909-eb8f-4baf-9eed-7a4cc889cb7c,51:C5:07:95:BF:BD,NA,-79
1762742785850,0adab909-eb8f-4baf-9eed-7a4cc889cb7c,E6:68:C6:AB:E4:2D,SumUp 418,-82
1762742793100,0adab909-eb8f-4baf-9eed-7a4cc889cb7c,F8:77:B8:5F:E4:89,[TV] Samsung 5 Series (55),-91
1762743386844,0adab909-eb8f-4baf-9eed-7a4cc889cb7c,E6:68:C6:AB:E4:2D,SumUp 418,-82
1762743394420,0adab909-eb8f-4baf-9eed-7a4cc889cb7c,41:66:02:03:CF:87,NA,-89
1762743395441,0adab909-eb8f-4baf-9eed-7a4cc889cb7c,F8:77:B8:5F:E4:89,[TV] Samsung 5 Series (55),-89
1762743919743,0adab909-eb8f-4baf-9eed-7a4cc889cb7c,E6:68:C6:AB:E4:2D,SumUp 418,-80
1762743921370,0adab909-eb8f-4baf-9eed-7a4cc889cb7c,69:B2:51:12:F3:68,NA,-84
1762743921635,0adab909-eb8f-4baf-9eed-7a4cc889cb7c,41:66:02:03:CF:87,NA,-88
1762744519631,0adab909-eb8f-4baf-9eed-7a4cc889cb7c,E6:68:C6:AB:E4:2D,SumUp 418,-81
1762745117653,0adab909-eb8f-4baf-9eed-7a4cc889cb7c,E6:68:C6:AB:E4:2D,SumUp 418,-82
1762745118347,0adab909-eb8f-4baf-9eed-7a4cc889cb7c,53:78:C4:B9:6A:03,NA,-84
1762745123501,0adab909-eb8f-4baf-9eed-7a4cc889cb7c,F8:77:B8:5F:E4:89,[TV] Samsung 5 Series (55),-90
1762745717882,0adab909-eb8f-4baf-9eed-7a4cc889cb7c,E6:68:C6:AB:E4:2D,SumUp 418,-81
1762745718296,0adab909-eb8f-4baf-9eed-7a4cc889cb7c,53:78:C4:B9:6A:03,NA,-85
1762745721265,0adab909-eb8f-4baf-9eed-7a4cc889cb7c,F8:77:B8:5F:E4:89,[TV] Samsung 5 Series (55),-91
1762746548597,0adab909-eb8f-4baf-9eed-7a4cc889cb7c,62:3F:FA:F2:E5:43,NA,-84
1762746549606,0adab909-eb8f-4baf-9eed-7a4cc889cb7c,E6:68:C6:AB:E4:2D,SumUp 418,-82
1762747149314,0adab909-eb8f-4baf-9eed-7a4cc889cb7c,F8:77:B8:5F:E4:89,[TV] Samsung 5 Series (55),-93
1762747150946,0adab909-eb8f-4baf-9eed-7a4cc889cb7c,56:7C:92:66:2A:B1,NA,-86
1762747152526,0adab909-eb8f-4baf-9eed-7a4cc889cb7c,E6:68:C6:AB:E4:2D,SumUp 418,-82
1762747748907,0adab909-eb8f-4baf-9eed-7a4cc889cb7c,E6:68:C6:AB:E4:2D,SumUp 418,-82
1762748281682,0adab909-eb8f-4baf-9eed-7a4cc889cb7c,E6:68:C6:AB:E4:2D,SumUp 418,-82
1762748880990,0adab909-eb8f-4baf-9eed-7a4cc889cb7c,E6:68:C6:AB:E4:2D,SumUp 418,-83
1762748886761,0adab909-eb8f-4baf-9eed-7a4cc889cb7c,7C:A2:40:64:0E:5E,NA,-90
1762749480677,0adab909-eb8f-4baf-9eed-7a4cc889cb7c,E6:68:C6:AB:E4:2D,SumUp 418,-82
1762749486765,0adab909-eb8f-4baf-9eed-7a4cc889cb7c,5A:68:24:51:4A:C9,NA,-88
1762750132936,0adab909-eb8f-4baf-9eed-7a4cc889cb7c,49:2E:65:2B:03:49,NA,-80
1762750132956,0adab909-eb8f-4baf-9eed-7a4cc889cb7c,E6:68:C6:AB:E4:2D,SumUp 418,-83
1762750732759,0adab909-eb8f-4baf-9eed-7a4cc889cb7c,E6:68:C6:AB:E4:2D,SumUp 418,-83
1762751332963,0adab909-eb8f-4baf-9eed-7a4cc889cb7c,E6:68:C6:AB:E4:2D,SumUp 418,-83
1762751333962,0adab909-eb8f-4baf-9eed-7a4cc889cb7c,53:13:B0:A6:4E:AA,NA,-85
1762751864607,0adab909-eb8f-4baf-9eed-7a4cc889cb7c,E6:68:C6:AB:E4:2D,SumUp 418,-83
1762751864924,0adab909-eb8f-4baf-9eed-7a4cc889cb7c,53:13:B0:A6:4E:AA,NA,-86
1762751870408,0adab909-eb8f-4baf-9eed-7a4cc889cb7c,4B:6C:E5:F2:18:E3,NA,-91
1762752463589,0adab909-eb8f-4baf-9eed-7a4cc889cb7c,E6:68:C6:AB:E4:2D,SumUp 418,-82
1762753067536,0adab909-eb8f-4baf-9eed-7a4cc889cb7c,E6:68:C6:AB:E4:2D,SumUp 418,-82
1762754279950,0adab909-eb8f-4baf-9eed-7a4cc889cb7c,4C:96:8A:ED:6A:01,SPEN NA,127
1762754280277,0adab909-eb8f-4baf-9eed-7a4cc889cb7c,4C:96:8A:ED:6A:01,SPEN NA,-67
1762754280541,0adab909-eb8f-4baf-9eed-7a4cc889cb7c,4C:03:E4:E3:06:75,NA,-90
1762754280564,0adab909-eb8f-4baf-9eed-7a4cc889cb7c,E6:68:C6:AB:E4:2D,SumUp 418,-93
1762754280584,0adab909-eb8f-4baf-9eed-7a4cc889cb7c,4C:96:8A:ED:6A:01,SPEN NA,-63
1762754280890,0adab909-eb8f-4baf-9eed-7a4cc889cb7c,4C:96:8A:ED:6A:01,SPEN NA,-59
1762754281228,0adab909-eb8f-4baf-9eed-7a4cc889cb7c,4C:96:8A:ED:6A:01,SPEN NA,-62
1762754281562,0adab909-eb8f-4baf-9eed-7a4cc889cb7c,4C:96:8A:ED:6A:01,SPEN NA,-58
1762754281852,0adab909-eb8f-4baf-9eed-7a4cc889cb7c,4C:96:8A:ED:6A:01,SPEN NA,-59
1762754282784,0adab909-eb8f-4baf-9eed-7a4cc889cb7c,4C:96:8A:ED:6A:01,SPEN NA,-63
1762754283107,0adab909-eb8f-4baf-9eed-7a4cc889cb7c,4C:96:8A:ED:6A:01,SPEN NA,-66
1762754283741,0adab909-eb8f-4baf-9eed-7a4cc889cb7c,4C:96:8A:ED:6A:01,SPEN NA,-62
1762754284060,0adab909-eb8f-4baf-9eed-7a4cc889cb7c,4C:96:8A:ED:6A:01,SPEN NA,-67
1762754284681,0adab909-eb8f-4baf-9eed-7a4cc889cb7c,4C:96:8A:ED:6A:01,SPEN NA,-63
1762754285709,0adab909-eb8f-4baf-9eed-7a4cc889cb7c,4C:96:8A:ED:6A:01,SPEN NA,-61
1762754286343,0adab909-eb8f-4baf-9eed-7a4cc889cb7c,4C:96:8A:ED:6A:01,SPEN NA,-62
1762754286682,0adab909-eb8f-4baf-9eed-7a4cc889cb7c,4C:96:8A:ED:6A:01,SPEN NA,-63
1762754286988,0adab909-eb8f-4baf-9eed-7a4cc889cb7c,4C:96:8A:ED:6A:01,SPEN NA,-65
1762754287322,0adab909-eb8f-4baf-9eed-7a4cc889cb7c,4C:96:8A:ED:6A:01,SPEN NA,-61
1762754287623,0adab909-eb8f-4baf-9eed-7a4cc889cb7c,4C:96:8A:ED:6A:01,SPEN NA,-64
1762754287940,0adab909-eb8f-4baf-9eed-7a4cc889cb7c,4C:96:8A:ED:6A:01,SPEN NA,-65
1762754288250,0adab909-eb8f-4baf-9eed-7a4cc889cb7c,4C:96:8A:ED:6A:01,SPEN NA,-62
1762754288570,0adab909-eb8f-4baf-9eed-7a4cc889cb7c,4C:96:8A:ED:6A:01,SPEN NA,-60
1762754288878,0adab909-eb8f-4baf-9eed-7a4cc889cb7c,4C:96:8A:ED:6A:01,SPEN NA,-65
1762754289196,0adab909-eb8f-4baf-9eed-7a4cc889cb7c,4C:96:8A:ED:6A:01,SPEN NA,-61
1762754290142,0adab909-eb8f-4baf-9eed-7a4cc889cb7c,4C:96:8A:ED:6A:01,SPEN NA,-60
1762754290467,0adab909-eb8f-4baf-9eed-7a4cc889cb7c,4C:96:8A:ED:6A:01,SPEN NA,-63
1762754291495,0adab909-eb8f-4baf-9eed-7a4cc889cb7c,4C:96:8A:ED:6A:01,SPEN NA,-57
1762754292141,0adab909-eb8f-4baf-9eed-7a4cc889cb7c,4C:96:8A:ED:6A:01,SPEN NA,-60
1762754934568,0adab909-eb8f-4baf-9eed-7a4cc889cb7c,78:56:7E:67:99:19,NA,-83
1762754935724,0adab909-eb8f-4baf-9eed-7a4cc889cb7c,E6:68:C6:AB:E4:2D,SumUp 418,-92
1762754935919,0adab909-eb8f-4baf-9eed-7a4cc889cb7c,56:84:89:D4:DF:C4,NA,-88
1762755531933,0adab909-eb8f-4baf-9eed-7a4cc889cb7c,E6:68:C6:AB:E4:2D,SumUp 418,-89
1762755538074,0adab909-eb8f-4baf-9eed-7a4cc889cb7c,78:56:7E:67:99:19,NA,-88
1762756132840,0adab909-eb8f-4baf-9eed-7a4cc889cb7c,75:4F:43:5C:AB:73,NA,-88
1762756138696,0adab909-eb8f-4baf-9eed-7a4cc889cb7c,41:B5:9A:6D:2D:0E,NA,-91
1762756140307,0adab909-eb8f-4baf-9eed-7a4cc889cb7c,E6:68:C6:AB:E4:2D,SumUp 418,-90
1762756144753,0adab909-eb8f-4baf-9eed-7a4cc889cb7c,84:C8:A0:8B:BD:3D,JBL BAR 800,-82
1762756144827,0adab909-eb8f-4baf-9eed-7a4cc889cb7c,C1:CE:92:A9:40:89,NA,-88
1762756732354,0adab909-eb8f-4baf-9eed-7a4cc889cb7c,75:4F:43:5C:AB:73,NA,-82
1762756743995,0adab909-eb8f-4baf-9eed-7a4cc889cb7c,22:91:79:C9:29:23,NA,-90
1762756744891,0adab909-eb8f-4baf-9eed-7a4cc889cb7c,84:C8:A0:8B:BD:3D,JBL BAR 800,-80
1762756744917,0adab909-eb8f-4baf-9eed-7a4cc889cb7c,DD:FB:08:FC:58:B0,NA,-85
1762756744950,0adab909-eb8f-4baf-9eed-7a4cc889cb7c,75:4F:43:5C:AB:73,NA,-82
1762757134857,0adab909-eb8f-4baf-9eed-7a4cc889cb7c,71:B5:15:4A:97:D6,NA,-86
1762757134878,0adab909-eb8f-4baf-9eed-7a4cc889cb7c,5E:E9:0A:85:10:0A,NA,-82
1762757135482,0adab909-eb8f-4baf-9eed-7a4cc889cb7c,54:44:44:E3:59:6D,NA,-90
1762757135495,0adab909-eb8f-4baf-9eed-7a4cc889cb7c,65:44:3B:E4:ED:D9,NA,-91
1762757135789,0adab909-eb8f-4baf-9eed-7a4cc889cb7c,59:9F:28:13:17:1E,NA,-92
1762757136081,0adab909-eb8f-4baf-9eed-7a4cc889cb7c,AC:73:52:08:CD:4C,NA,-96
1762757136179,0adab909-eb8f-4baf-9eed-7a4cc889cb7c,45:62:A4:61:7F:F3,NA,-89
1762757137471,0adab909-eb8f-4baf-9eed-7a4cc889cb7c,4A:1F:EB:DB:94:FC,NA,-87
1762757138700,0adab909-eb8f-4baf-9eed-7a4cc889cb7c,5D:97:3F:A9:AD:4E,NA,-79
1762757139761,0adab909-eb8f-4baf-9eed-7a4cc889cb7c,74:FC:48:26:DC:91,NA,-81
1762757142272,0adab909-eb8f-4baf-9eed-7a4cc889cb7c,70:18:8F:5B:3A:8E,NA,-85
1762757145451,0adab909-eb8f-4baf-9eed-7a4cc889cb7c,47:75:1D:1A:91:25,NA,-82
1762757689817,0adab909-eb8f-4baf-9eed-7a4cc889cb7c,6F:34:8A:A0:0C:48,NA,-86
1762757689859,0adab909-eb8f-4baf-9eed-7a4cc889cb7c,BE:59:C9:00:02:DA,ELK-BLEDOM   ,-91
1762757697119,0adab909-eb8f-4baf-9eed-7a4cc889cb7c,05:EE:91:5A:31:AE,NA,-91
1762757700639,0adab909-eb8f-4baf-9eed-7a4cc889cb7c,C4:40:F6:55:E5:4A,OPPO A15,-100
1762758883172,0adab909-eb8f-4baf-9eed-7a4cc889cb7c,84:25:3F:A3:1F:C2,mitte-home MH22340108,-93
1762759487843,0adab909-eb8f-4baf-9eed-7a4cc889cb7c,84:25:3F:A3:1F:C2,mitte-home MH22340108,-90
1762760105213,0adab909-eb8f-4baf-9eed-7a4cc889cb7c,84:25:3F:A3:1F:C2,mitte-home MH22340108,-91
1762760105516,0adab909-eb8f-4baf-9eed-7a4cc889cb7c,7D:A6:85:17:9A:DC,NA,-79
1762760112272,0adab909-eb8f-4baf-9eed-7a4cc889cb7c,D8:CF:BF:51:E4:4D,NA,-93
1762761109200,0adab909-eb8f-4baf-9eed-7a4cc889cb7c,7D:42:11:A2:E4:2A,NA,-68
1762761110843,0adab909-eb8f-4baf-9eed-7a4cc889cb7c,66:D9:D3:69:71:81,NA,-87
1762761111202,0adab909-eb8f-4baf-9eed-7a4cc889cb7c,7C:F7:C0:A9:9A:E8,NA,-82
1762761111550,0adab909-eb8f-4baf-9eed-7a4cc889cb7c,84:25:3F:A3:1F:C2,mitte-home MH22340108,-89
1762761112154,0adab909-eb8f-4baf-9eed-7a4cc889cb7c,69:91:38:62:F9:38,NA,-82
1762761115349,0adab909-eb8f-4baf-9eed-7a4cc889cb7c,98:04:ED:A2:3E:1C,S295b50867b2bc14bC,-85
1762761121164,0adab909-eb8f-4baf-9eed-7a4cc889cb7c,46:09:E1:15:7A:B7,NA,-78
1762761467710,0adab909-eb8f-4baf-9eed-7a4cc889cb7c,46:09:E1:15:7A:B7,NA,-78
1762761467727,0adab909-eb8f-4baf-9eed-7a4cc889cb7c,7D:42:11:A2:E4:2A,NA,-76
1762761468221,0adab909-eb8f-4baf-9eed-7a4cc889cb7c,69:91:38:62:F9:38,NA,-77
1762761468373,0adab909-eb8f-4baf-9eed-7a4cc889cb7c,68:CA:C4:8A:40:9C,mbasg,-100
1762761468834,0adab909-eb8f-4baf-9eed-7a4cc889cb7c,5F:91:F4:52:AD:EA,NA,-91
1762761468848,0adab909-eb8f-4baf-9eed-7a4cc889cb7c,7C:F7:C0:A9:9A:E8,NA,-83
1762761469777,0adab909-eb8f-4baf-9eed-7a4cc889cb7c,50:FB:51:EC:AA:BB,NA,-92
1762761471012,0adab909-eb8f-4baf-9eed-7a4cc889cb7c,84:25:3F:A3:1F:C2,mitte-home MH22340108,-91
1762761472671,0adab909-eb8f-4baf-9eed-7a4cc889cb7c,6D:4B:97:F6:3A:A0,NA,-88
1762761473657,0adab909-eb8f-4baf-9eed-7a4cc889cb7c,D8:CF:BF:51:E4:4D,NA,-94
1762761474288,0adab909-eb8f-4baf-9eed-7a4cc889cb7c,77:8A:C1:2C:99:89,NA,-89
1762761475554,0adab909-eb8f-4baf-9eed-7a4cc889cb7c,4B:F4:ED:BB:3D:2D,NA,-90
1762761477150,0adab909-eb8f-4baf-9eed-7a4cc889cb7c,6B:38:D6:80:EE:AC,NA,-88
1762761477789,0adab909-eb8f-4baf-9eed-7a4cc889cb7c,4E:40:44:01:55:AA,NA,-91
1762762067879,0adab909-eb8f-4baf-9eed-7a4cc889cb7c,98:04:ED:A2:3E:1C,S295b50867b2bc14bC,-84
1762762067894,0adab909-eb8f-4baf-9eed-7a4cc889cb7c,52:1F:9C:4E:50:2B,NA,-83
1762762067904,0adab909-eb8f-4baf-9eed-7a4cc889cb7c,55:87:A1:7E:60:C9,NA,-65
1762762067935,0adab909-eb8f-4baf-9eed-7a4cc889cb7c,2C:60:C1:67:EA:03,NA,-90
1762762068086,0adab909-eb8f-4baf-9eed-7a4cc889cb7c,68:CA:C4:8A:40:9C,mbasg,-96
1762762068193,0adab909-eb8f-4baf-9eed-7a4cc889cb7c,D8:CF:BF:51:E4:4D,NA,-90
1762762068221,0adab909-eb8f-4baf-9eed-7a4cc889cb7c,4D:72:DC:64:24:55,NA,-83
1762762068236,0adab909-eb8f-4baf-9eed-7a4cc889cb7c,84:25:3F:A3:1F:C2,mitte-home MH22340108,-90
1762762068248,0adab909-eb8f-4baf-9eed-7a4cc889cb7c,79:D9:C3:C4:E2:76,NA,-88
1762762068540,0adab909-eb8f-4baf-9eed-7a4cc889cb7c,6B:99:B9:99:95:5F,NA,-69
1762762069797,0adab909-eb8f-4baf-9eed-7a4cc889cb7c,5F:CC:0A:E9:89:EA,NA,-85
1762762070810,0adab909-eb8f-4baf-9eed-7a4cc889cb7c,77:8A:C1:2C:99:89,NA,-88
1762762071662,0adab909-eb8f-4baf-9eed-7a4cc889cb7c,68:CA:C4:8A:40:9C,mbasg,-99
1762762072380,0adab909-eb8f-4baf-9eed-7a4cc889cb7c,73:6E:11:44:AB:AE,NA,-90
1762762073629,0adab909-eb8f-4baf-9eed-7a4cc889cb7c,5F:91:F4:52:AD:EA,NA,-87
1762762077170,0adab909-eb8f-4baf-9eed-7a4cc889cb7c,4C:67:0C:00:AA:43,NA,-83
1762762668027,0adab909-eb8f-4baf-9eed-7a4cc889cb7c,52:1F:9C:4E:50:2B,NA,-86
1762762668357,0adab909-eb8f-4baf-9eed-7a4cc889cb7c,6B:99:B9:99:95:5F,NA,-73
1762762668373,0adab909-eb8f-4baf-9eed-7a4cc889cb7c,28:3E:4A:F9:99:D0,NA,-83
1762762668387,0adab909-eb8f-4baf-9eed-7a4cc889cb7c,53:75:3D:C0:47:1F,NA,-81
1762762668523,0adab909-eb8f-4baf-9eed-7a4cc889cb7c,55:87:A1:7E:60:C9,NA,-74
1762762668879,0adab909-eb8f-4baf-9eed-7a4cc889cb7c,98:04:ED:A2:3E:1C,S295b50867b2bc14bC,-89
1762762669172,0adab909-eb8f-4baf-9eed-7a4cc889cb7c,84:25:3F:A3:1F:C2,mitte-home MH22340108,-86
1762762669803,0adab909-eb8f-4baf-9eed-7a4cc889cb7c,D8:CF:BF:51:E4:4D,NA,-86
1762762669825,0adab909-eb8f-4baf-9eed-7a4cc889cb7c,73:6E:11:44:AB:AE,NA,-91
1762762670432,0adab909-eb8f-4baf-9eed-7a4cc889cb7c,5A:D6:CD:CC:4C:78,NA,-90
1762762670789,0adab909-eb8f-4baf-9eed-7a4cc889cb7c,4D:72:DC:64:24:55,NA,-88
1762762671058,0adab909-eb8f-4baf-9eed-7a4cc889cb7c,79:D9:C3:C4:E2:76,NA,-90
1762762671964,0adab909-eb8f-4baf-9eed-7a4cc889cb7c,68:CA:C4:8A:40:9C,mbasg,-100
1762762672712,0adab909-eb8f-4baf-9eed-7a4cc889cb7c,6E:EC:F8:6B:E6:DB,NA,-91
1762762673352,0adab909-eb8f-4baf-9eed-7a4cc889cb7c,65:6D:DC:78:B9:A5,NA,-84
1762762675267,0adab909-eb8f-4baf-9eed-7a4cc889cb7c,65:A7:B3:47:EB:60,NA,-87
1762762676192,0adab909-eb8f-4baf-9eed-7a4cc889cb7c,77:2C:65:55:8D:07,NA,-88
1762762677495,0adab909-eb8f-4baf-9eed-7a4cc889cb7c,70:17:34:1A:8D:99,NA,-91
1762762678445,0adab909-eb8f-4baf-9eed-7a4cc889cb7c,7C:1F:72:15:BB:AF,NA,-91
1762763199471,0adab909-eb8f-4baf-9eed-7a4cc889cb7c,5A:69:31:B5:6F:0F,NA,-82
1762763199485,0adab909-eb8f-4baf-9eed-7a4cc889cb7c,7C:31:1E:9F:2E:8C,NA,-81
1762763199500,0adab909-eb8f-4baf-9eed-7a4cc889cb7c,56:0F:D2:9D:48:42,NA,-88
1762763199516,0adab909-eb8f-4baf-9eed-7a4cc889cb7c,98:04:ED:A2:3E:1C,S295b50867b2bc14bC,-86
1762763199530,0adab909-eb8f-4baf-9eed-7a4cc889cb7c,65:A7:B3:47:EB:60,NA,-87
1762763200151,0adab909-eb8f-4baf-9eed-7a4cc889cb7c,71:32:DC:4C:C3:75,NA,-76
1762763200538,0adab909-eb8f-4baf-9eed-7a4cc889cb7c,68:CA:C4:8A:40:9C,mbasg,-100
1762763200803,0adab909-eb8f-4baf-9eed-7a4cc889cb7c,6B:99:B9:99:95:5F,NA,-81
1762763200843,0adab909-eb8f-4baf-9eed-7a4cc889cb7c,84:25:3F:A3:1F:C2,mitte-home MH22340108,-85
1762763201478,0adab909-eb8f-4baf-9eed-7a4cc889cb7c,04:A5:EE:34:62:CC,NA,-88
1762763202113,0adab909-eb8f-4baf-9eed-7a4cc889cb7c,48:A6:D4:E7:BA:14,NA,-81
1762763202131,0adab909-eb8f-4baf-9eed-7a4cc889cb7c,77:2C:65:55:8D:07,NA,-90
1762763202415,0adab909-eb8f-4baf-9eed-7a4cc889cb7c,43:24:E7:31:65:1E,NA,-91
1762763203761,0adab909-eb8f-4baf-9eed-7a4cc889cb7c,44:64:49:01:E4:31,NA,-93
1762763204991,0adab909-eb8f-4baf-9eed-7a4cc889cb7c,61:50:1C:1A:B5:32,NA,-94
1762763205214,0adab909-eb8f-4baf-9eed-7a4cc889cb7c,68:CA:C4:8A:40:9C,mbasg,-100
1762763205650,0adab909-eb8f-4baf-9eed-7a4cc889cb7c,D8:CF:BF:51:E4:4D,NA,-93
1762763208539,0adab909-eb8f-4baf-9eed-7a4cc889cb7c,4D:72:DC:64:24:55,NA,-88
1762763208848,0adab909-eb8f-4baf-9eed-7a4cc889cb7c,5A:D6:CD:CC:4C:78,NA,-88
1762763208870,0adab909-eb8f-4baf-9eed-7a4cc889cb7c,5D:31:38:6C:37:75,NA,-92
1762763799449,0adab909-eb8f-4baf-9eed-7a4cc889cb7c,61:50:1C:1A:B5:32,NA,-84
1762763799487,0adab909-eb8f-4baf-9eed-7a4cc889cb7c,07:74:EB:65:06:8E,NA,-90
1762763799501,0adab909-eb8f-4baf-9eed-7a4cc889cb7c,D8:CF:BF:51:E4:4D,NA,-86
1762763799813,0adab909-eb8f-4baf-9eed-7a4cc889cb7c,5A:69:31:B5:6F:0F,NA,-88
1762763799836,0adab909-eb8f-4baf-9eed-7a4cc889cb7c,64:20:43:44:91:49,NA,-65
1762763800155,0adab909-eb8f-4baf-9eed-7a4cc889cb7c,84:25:3F:A3:1F:C2,mitte-home MH22340108,-86
1762763800172,0adab909-eb8f-4baf-9eed-7a4cc889cb7c,98:04:ED:A2:3E:1C,S295b50867b2bc14bC,-84
1762763800185,0adab909-eb8f-4baf-9eed-7a4cc889cb7c,71:32:DC:4C:C3:75,NA,-72
1762763800266,0adab909-eb8f-4baf-9eed-7a4cc889cb7c,68:CA:C4:8A:40:9C,mbasg,-98
1762763800496,0adab909-eb8f-4baf-9eed-7a4cc889cb7c,5D:31:38:6C:37:75,NA,-95
1762763800516,0adab909-eb8f-4baf-9eed-7a4cc889cb7c,57:83:F0:CB:B2:83,NA,-72
1762763800724,0adab909-eb8f-4baf-9eed-7a4cc889cb7c,68:CA:C4:8A:40:9C,mbasg,-100
1762763801477,0adab909-eb8f-4baf-9eed-7a4cc889cb7c,7C:31:1E:9F:2E:8C,NA,-84
1762763801770,0adab909-eb8f-4baf-9eed-7a4cc889cb7c,43:24:E7:31:65:1E,NA,-95
1762763801795,0adab909-eb8f-4baf-9eed-7a4cc889cb7c,48:A6:D4:E7:BA:14,NA,-76
1762763803689,0adab909-eb8f-4baf-9eed-7a4cc889cb7c,55:AD:1F:E0:BA:52,NA,-76
1762763804614,0adab909-eb8f-4baf-9eed-7a4cc889cb7c,71:8B:3D:DB:F0:87,NA,-90
1762763806544,0adab909-eb8f-4baf-9eed-7a4cc889cb7c,7C:74:A3:8B:CF:5D,NA,-89
1762763806558,0adab909-eb8f-4baf-9eed-7a4cc889cb7c,26:8D:F4:D6:B1:AF,NA,-91
1762763807589,0adab909-eb8f-4baf-9eed-7a4cc889cb7c,77:2C:65:55:8D:07,NA,-93
1762763811684,0adab909-eb8f-4baf-9eed-7a4cc889cb7c,44:64:49:01:E4:31,NA,-93
1762764276363,0adab909-eb8f-4baf-9eed-7a4cc889cb7c,49:FC:46:01:4D:05,NA,-62
1762764276384,0adab909-eb8f-4baf-9eed-7a4cc889cb7c,54:CB:30:21:DD:EB,NA,-80
1762764276396,0adab909-eb8f-4baf-9eed-7a4cc889cb7c,64:20:43:44:91:49,NA,-69
1762764276712,0adab909-eb8f-4baf-9eed-7a4cc889cb7c,63:A4:40:A2:A3:90,NA,-90
1762764276731,0adab909-eb8f-4baf-9eed-7a4cc889cb7c,7C:74:A3:8B:CF:5D,NA,-91
1762764276793,0adab909-eb8f-4baf-9eed-7a4cc889cb7c,68:CA:C4:8A:40:9C,mbasg,-98
1762764277065,0adab909-eb8f-4baf-9eed-7a4cc889cb7c,84:25:3F:A3:1F:C2,mitte-home MH22340108,-84
1762764277371,0adab909-eb8f-4baf-9eed-7a4cc889cb7c,67:E8:6D:A3:D1:83,NA,-85
1762764277735,0adab909-eb8f-4baf-9eed-7a4cc889cb7c,55:AD:1F:E0:BA:52,NA,-74
1762764277750,0adab909-eb8f-4baf-9eed-7a4cc889cb7c,71:52:FB:A3:31:96,NA,-87
1762764277762,0adab909-eb8f-4baf-9eed-7a4cc889cb7c,71:8B:3D:DB:F0:87,NA,-89
1762764278024,0adab909-eb8f-4baf-9eed-7a4cc889cb7c,64:DB:B0:11:24:79,NA,-86
1762764278317,0adab909-eb8f-4baf-9eed-7a4cc889cb7c,98:04:ED:A2:3E:1C,S295b50867b2bc14bC,-86
1762764279024,0adab909-eb8f-4baf-9eed-7a4cc889cb7c,D8:CF:BF:51:E4:4D,NA,-90
1762764279266,0adab909-eb8f-4baf-9eed-7a4cc889cb7c,4B:EC:A6:DC:29:A9,NA,-85
1762764279286,0adab909-eb8f-4baf-9eed-7a4cc889cb7c,44:46:DA:9B:5F:16,NA,-85
1762764280243,0adab909-eb8f-4baf-9eed-7a4cc889cb7c,6C:72:9F:AA:7A:0A,NA,-88
1762764280898,0adab909-eb8f-4baf-9eed-7a4cc889cb7c,57:83:F0:CB:B2:83,NA,-74
1762764283165,0adab909-eb8f-4baf-9eed-7a4cc889cb7c,62:E2:D5:08:84:49,NA,-89
1762764288242,0adab909-eb8f-4baf-9eed-7a4cc889cb7c,40:43:00:10:A0:D8,NA,-91
1762764930467,0adab909-eb8f-4baf-9eed-7a4cc889cb7c,5B:D9:2B:65:B2:4A,NA,-73
1762764930503,0adab909-eb8f-4baf-9eed-7a4cc889cb7c,84:25:3F:A3:1F:C2,mitte-home MH22340108,-93
1762764930857,0adab909-eb8f-4baf-9eed-7a4cc889cb7c,71:07:F2:73:31:CD,NA,-86
1762764931198,0adab909-eb8f-4baf-9eed-7a4cc889cb7c,63:A4:40:A2:A3:90,NA,-90
1762764931280,0adab909-eb8f-4baf-9eed-7a4cc889cb7c,68:CA:C4:8A:40:9C,mbasg,-100
1762764931928,0adab909-eb8f-4baf-9eed-7a4cc889cb7c,68:CA:C4:8A:40:9C,mbasg,-100
1762764932135,0adab909-eb8f-4baf-9eed-7a4cc889cb7c,64:DB:B0:11:24:79,NA,-88
1762764932411,0adab909-eb8f-4baf-9eed-7a4cc889cb7c,49:FC:46:01:4D:05,NA,-76
1762764932429,0adab909-eb8f-4baf-9eed-7a4cc889cb7c,70:16:EE:07:ED:9B,NA,-77
1762764932749,0adab909-eb8f-4baf-9eed-7a4cc889cb7c,5C:3A:D1:A4:4E:D1,NA,-62
1762764933382,0adab909-eb8f-4baf-9eed-7a4cc889cb7c,5A:59:C3:46:9F:BA,NA,-88
1762764934336,0adab909-eb8f-4baf-9eed-7a4cc889cb7c,72:BB:B1:4D:21:CC,NA,-80
1762764935673,0adab909-eb8f-4baf-9eed-7a4cc889cb7c,52:25:AB:E1:D1:60,NA,-85
1762764937251,0adab909-eb8f-4baf-9eed-7a4cc889cb7c,45:CF:49:45:94:DD,NA,-90
1762764937527,0adab909-eb8f-4baf-9eed-7a4cc889cb7c,7E:94:F6:00:F9:C5,NA,-90
1762764938835,0adab909-eb8f-4baf-9eed-7a4cc889cb7c,6C:72:9F:AA:7A:0A,NA,-90
1762764939508,0adab909-eb8f-4baf-9eed-7a4cc889cb7c,62:E2:D5:08:84:49,NA,-94
1762764941412,0adab909-eb8f-4baf-9eed-7a4cc889cb7c,98:04:ED:A2:3E:1C,S295b50867b2bc14bC,-85
1762765497849,0adab909-eb8f-4baf-9eed-7a4cc889cb7c,7E:94:F6:00:F9:C5,NA,-80
1762765497881,0adab909-eb8f-4baf-9eed-7a4cc889cb7c,98:04:ED:A2:3E:1C,S295b50867b2bc14bC,-79
1762765497897,0adab909-eb8f-4baf-9eed-7a4cc889cb7c,5A:59:C3:46:9F:BA,NA,-87
1762765497915,0adab909-eb8f-4baf-9eed-7a4cc889cb7c,71:07:F2:73:31:CD,NA,-81
1762765498198,0adab909-eb8f-4baf-9eed-7a4cc889cb7c,53:50:91:F7:C6:43,NA,-84
1762765498232,0adab909-eb8f-4baf-9eed-7a4cc889cb7c,84:25:3F:A3:1F:C2,mitte-home MH22340108,-74
1762765498496,0adab909-eb8f-4baf-9eed-7a4cc889cb7c,6D:E1:52:F0:70:2D,NA,-90
1762765498526,0adab909-eb8f-4baf-9eed-7a4cc889cb7c,61:C7:BE:74:A2:1D,NA,-81
1762765498543,0adab909-eb8f-4baf-9eed-7a4cc889cb7c,45:CF:49:45:94:DD,NA,-78
1762765498865,0adab909-eb8f-4baf-9eed-7a4cc889cb7c,6A:D1:D2:9A:5C:5E,NA,-82
1762765498954,0adab909-eb8f-4baf-9eed-7a4cc889cb7c,68:CA:C4:8A:40:9C,mbasg,-97
1762765499845,0adab909-eb8f-4baf-9eed-7a4cc889cb7c,69:C5:96:92:31:EA,NA,-83
1762765500125,0adab909-eb8f-4baf-9eed-7a4cc889cb7c,58:EF:F9:A0:7F:B5,NA,-88
1762765500162,0adab909-eb8f-4baf-9eed-7a4cc889cb7c,48:D6:A8:16:4B:6A,NA,-86
1762765500469,0adab909-eb8f-4baf-9eed-7a4cc889cb7c,5B:D9:2B:65:B2:4A,NA,-67
1762765500488,0adab909-eb8f-4baf-9eed-7a4cc889cb7c,48:E9:AF:25:57:2A,NA,-79
1762765500789,0adab909-eb8f-4baf-9eed-7a4cc889cb7c,3B:9F:2F:F9:9E:67,NA,-92
1762765501096,0adab909-eb8f-4baf-9eed-7a4cc889cb7c,52:25:AB:E1:D1:60,NA,-84
1762765504927,0adab909-eb8f-4baf-9eed-7a4cc889cb7c,D8:CF:BF:51:E4:4D,NA,-86
1762765504957,0adab909-eb8f-4baf-9eed-7a4cc889cb7c,70:16:EE:07:ED:9B,NA,-68
1762765512441,0adab909-eb8f-4baf-9eed-7a4cc889cb7c,20:28:BC:1A:1F:47,NA,-100
1762765517281,0adab909-eb8f-4baf-9eed-7a4cc889cb7c,11:82:BC:5C:D9:47,NA,-91
1762765517306,0adab909-eb8f-4baf-9eed-7a4cc889cb7c,16:6E:50:2C:6B:9D,NA,-70
1762765517321,0adab909-eb8f-4baf-9eed-7a4cc889cb7c,5B:D9:2B:65:B2:4A,NA,-71
1762765517338,0adab909-eb8f-4baf-9eed-7a4cc889cb7c,0A:E5:34:6D:45:28,NA,-58
1762765517362,0adab909-eb8f-4baf-9eed-7a4cc889cb7c,5A:59:C3:46:9F:BA,NA,-94
1762765517378,0adab909-eb8f-4baf-9eed-7a4cc889cb7c,38:94:E0:85:15:AB,NA,-75
1762765517396,0adab909-eb8f-4baf-9eed-7a4cc889cb7c,3C:62:71:1F:1F:5D,NA,-90
1762765517415,0adab909-eb8f-4baf-9eed-7a4cc889cb7c,05:CE:36:DF:EB:F2,NA,-66
1762765517447,0adab909-eb8f-4baf-9eed-7a4cc889cb7c,1E:DA:D0:56:BC:8B,NA,-79
1762765517462,0adab909-eb8f-4baf-9eed-7a4cc889cb7c,6D:E1:52:F0:70:2D,NA,-88
1762765517479,0adab909-eb8f-4baf-9eed-7a4cc889cb7c,39:5B:6D:57:A7:D2,NA,-94
1762765518440,0adab909-eb8f-4baf-9eed-7a4cc889cb7c,19:86:55:4D:6E:3B,NA,-78
1762765518472,0adab909-eb8f-4baf-9eed-7a4cc889cb7c,DA:0B:18:25:D1:C1,NA,-81
1762765518517,0adab909-eb8f-4baf-9eed-7a4cc889cb7c,73:65:FF:3F:A0:99,NA,-87
1762765518540,0adab909-eb8f-4baf-9eed-7a4cc889cb7c,7E:94:F6:00:F9:C5,NA,-80
1762765518553,0adab909-eb8f-4baf-9eed-7a4cc889cb7c,69:C5:96:92:31:EA,NA,-88
1762765518564,0adab909-eb8f-4baf-9eed-7a4cc889cb7c,24:CD:AB:27:FD:DF,NA,-87
1762765518575,0adab909-eb8f-4baf-9eed-7a4cc889cb7c,71:07:F2:73:31:CD,NA,-85
1762765518589,0adab909-eb8f-4baf-9eed-7a4cc889cb7c,21:0B:C3:BC:EC:3B,NA,-89
1762765518600,0adab909-eb8f-4baf-9eed-7a4cc889cb7c,61:C7:BE:74:A2:1D,NA,-88
1762765518611,0adab909-eb8f-4baf-9eed-7a4cc889cb7c,84:25:3F:A3:1F:C2,mitte-home MH22340108,-77
1762765518621,0adab909-eb8f-4baf-9eed-7a4cc889cb7c,D2:A9:8A:2F:BF:40,NA,-90
1762765519293,0adab909-eb8f-4baf-9eed-7a4cc889cb7c,F6:1C:68:94:62:02,NA,-89
1762765519324,0adab909-eb8f-4baf-9eed-7a4cc889cb7c,53:50:91:F7:C6:43,NA,-83
1762765519338,0adab909-eb8f-4baf-9eed-7a4cc889cb7c,3B:9F:2F:F9:9E:67,NA,-84
1762765519353,0adab909-eb8f-4baf-9eed-7a4cc889cb7c,5F:6D:A6:5D:0E:A7,NA,-94
1762765520286,0adab909-eb8f-4baf-9eed-7a4cc889cb7c,98:04:ED:A2:3E:1C,S295b50867b2bc14bC,-83
1762765520316,0adab909-eb8f-4baf-9eed-7a4cc889cb7c,0A:E5:34:6D:45:28,NA,-61
1762766431835,0adab909-eb8f-4baf-9eed-7a4cc889cb7c,55:65:95:9F:1A:C7,NA,-89
1762766431862,0adab909-eb8f-4baf-9eed-7a4cc889cb7c,98:04:ED:A2:3E:1C,S295b50867b2bc14bC,-87
1762766432002,0adab909-eb8f-4baf-9eed-7a4cc889cb7c,6D:E1:52:F0:70:2D,NA,-92
1762766432411,0adab909-eb8f-4baf-9eed-7a4cc889cb7c,84:25:3F:A3:1F:C2,mitte-home MH22340108,-90
1762766432425,0adab909-eb8f-4baf-9eed-7a4cc889cb7c,D8:CF:BF:51:E4:4D,NA,-87
1762766432435,0adab909-eb8f-4baf-9eed-7a4cc889cb7c,4F:08:71:32:1D:2D,NA,-92
1762766432757,0adab909-eb8f-4baf-9eed-7a4cc889cb7c,6D:18:CA:53:EF:6D,NA,-81
1762766432824,0adab909-eb8f-4baf-9eed-7a4cc889cb7c,68:3F:74:13:DD:76,NA,-82
1762766433445,0adab909-eb8f-4baf-9eed-7a4cc889cb7c,69:C5:96:92:31:EA,NA,-85
1762766433784,0adab909-eb8f-4baf-9eed-7a4cc889cb7c,73:5D:08:C2:94:2C,NA,-88
1762766434020,0adab909-eb8f-4baf-9eed-7a4cc889cb7c,68:CA:C4:8A:40:9C,mbasg,-99
1762766434701,0adab909-eb8f-4baf-9eed-7a4cc889cb7c,71:EA:A0:DD:F4:69,NA,-87
1762766434714,0adab909-eb8f-4baf-9eed-7a4cc889cb7c,70:05:2B:21:8A:5C,NA,-84
1762766434730,0adab909-eb8f-4baf-9eed-7a4cc889cb7c,6B:BF:D8:7A:7E:0F,NA,-88
1762766435015,0adab909-eb8f-4baf-9eed-7a4cc889cb7c,6D:C0:20:DD:A4:8E,NA,-87
1762766435032,0adab909-eb8f-4baf-9eed-7a4cc889cb7c,4D:A5:89:76:84:BE,NA,-88
1762766435403,0adab909-eb8f-4baf-9eed-7a4cc889cb7c,5B:D9:2B:65:B2:4A,NA,-61
1762766435707,0adab909-eb8f-4baf-9eed-7a4cc889cb7c,7E:0D:45:B4:45:DB,NA,-93
1762766435963,0adab909-eb8f-4baf-9eed-7a4cc889cb7c,76:BF:97:E8:EC:48,NA,-82
1762766437606,0adab909-eb8f-4baf-9eed-7a4cc889cb7c,47:52:ED:E5:47:FA,NA,-89
1762766440468,0adab909-eb8f-4baf-9eed-7a4cc889cb7c,2A:02:AD:33:5C:37,NA,-91
1762766443350,0adab909-eb8f-4baf-9eed-7a4cc889cb7c,18:90:67:26:AA:8F,NA,-87
1762766443371,0adab909-eb8f-4baf-9eed-7a4cc889cb7c,78:D4:52:FF:55:1B,NA,-90
1762766443381,0adab909-eb8f-4baf-9eed-7a4cc889cb7c,11:5D:08:E9:B4:86,NA,-89
1762766443393,0adab909-eb8f-4baf-9eed-7a4cc889cb7c,78:88:BB:37:D6:33,NA,-90
1762766444006,0adab909-eb8f-4baf-9eed-7a4cc889cb7c,7D:78:F4:6F:F0:5A,NA,-88
1762766963003,0adab909-eb8f-4baf-9eed-7a4cc889cb7c,0F:B3:F4:B6:CC:16,NA,-86
1762766963023,0adab909-eb8f-4baf-9eed-7a4cc889cb7c,5B:D9:2B:65:B2:4A,NA,-66
1762766963040,0adab909-eb8f-4baf-9eed-7a4cc889cb7c,51:DB:5D:43:1B:B6,NA,-73
1762766963062,0adab909-eb8f-4baf-9eed-7a4cc889cb7c,70:05:2B:21:8A:5C,NA,-88
1762766963153,0adab909-eb8f-4baf-9eed-7a4cc889cb7c,5C:C1:49:FB:8F:6D,NA,-85
1762766963796,0adab909-eb8f-4baf-9eed-7a4cc889cb7c,84:25:3F:A3:1F:C2,mitte-home MH22340108,-81
1762766963843,0adab909-eb8f-4baf-9eed-7a4cc889cb7c,7A:D4:C4:A9:81:C1,NA,-87
1762766963867,0adab909-eb8f-4baf-9eed-7a4cc889cb7c,7D:DF:0E:99:5B:EC,NA,-94
1762766964023,0adab909-eb8f-4baf-9eed-7a4cc889cb7c,68:CA:C4:8A:40:9C,mbasg,-91
1762766964156,0adab909-eb8f-4baf-9eed-7a4cc889cb7c,61:53:3A:5E:F9:6F,NA,-89
1762766965144,0adab909-eb8f-4baf-9eed-7a4cc889cb7c,68:CA:C4:8A:40:9C,mbasg,-92
1762766965721,0adab909-eb8f-4baf-9eed-7a4cc889cb7c,4D:A5:89:76:84:BE,NA,-87
1762766965746,0adab909-eb8f-4baf-9eed-7a4cc889cb7c,6D:18:CA:53:EF:6D,NA,-83
1762766966607,0adab909-eb8f-4baf-9eed-7a4cc889cb7c,20:28:BC:1A:1F:47,[LG] webOS TV OLED65C17LB,-100
1762766967345,0adab909-eb8f-4baf-9eed-7a4cc889cb7c,6B:BF:D8:7A:7E:0F,NA,-89
1762766967626,0adab909-eb8f-4baf-9eed-7a4cc889cb7c,D8:CF:BF:51:E4:4D,NA,-81
1762766967935,0adab909-eb8f-4baf-9eed-7a4cc889cb7c,98:04:ED:A2:3E:1C,S295b50867b2bc14bC,-76
1762766968615,0adab909-eb8f-4baf-9eed-7a4cc889cb7c,69:DB:4C:88:33:75,NA,-94
1762766968937,0adab909-eb8f-4baf-9eed-7a4cc889cb7c,64:98:72:44:C2:2A,NA,-83
1762766970830,0adab909-eb8f-4baf-9eed-7a4cc889cb7c,5F:F0:C4:20:27:9D,NA,-84
1762766971137,0adab909-eb8f-4baf-9eed-7a4cc889cb7c,47:52:ED:E5:47:FA,NA,-84
1762766971194,0adab909-eb8f-4baf-9eed-7a4cc889cb7c,6D:C0:20:DD:A4:8E,NA,-77
1762766971540,0adab909-eb8f-4baf-9eed-7a4cc889cb7c,60:90:D1:0F:67:2D,NA,-94
1762766973743,0adab909-eb8f-4baf-9eed-7a4cc889cb7c,1F:FA:18:4F:D7:0D,NA,-89
1762766975617,0adab909-eb8f-4baf-9eed-7a4cc889cb7c,D8:CF:BF:51:E4:4D,NA,-83
1762766975655,0adab909-eb8f-4baf-9eed-7a4cc889cb7c,39:5E:B9:E9:56:D3,NA,-82
1762766975708,0adab909-eb8f-4baf-9eed-7a4cc889cb7c,32:2D:E8:DE:F7:12,NA,-94
1762766975773,0adab909-eb8f-4baf-9eed-7a4cc889cb7c,D7:D0:39:D3:4C:E8,NA,-91
1762766975800,0adab909-eb8f-4baf-9eed-7a4cc889cb7c,98:04:ED:A2:3E:1C,S295b50867b2bc14bC,-83
1762766975835,0adab909-eb8f-4baf-9eed-7a4cc889cb7c,07:03:30:C2:9F:50,NA,-76
1762766975864,0adab909-eb8f-4baf-9eed-7a4cc889cb7c,3B:40:09:50:57:3D,NA,-83
1762766975885,0adab909-eb8f-4baf-9eed-7a4cc889cb7c,03:C9:DA:6D:3A:EB,NA,-71
1762766975905,0adab909-eb8f-4baf-9eed-7a4cc889cb7c,25:B8:2E:4F:69:21,NA,-76
1762766975927,0adab909-eb8f-4baf-9eed-7a4cc889cb7c,3C:5E:9B:70:37:29,NA,-47
1762766975951,0adab909-eb8f-4baf-9eed-7a4cc889cb7c,51:DB:5D:43:1B:B6,NA,-70
1762766975975,0adab909-eb8f-4baf-9eed-7a4cc889cb7c,33:98:D5:47:44:4D,NA,-92
1762766976027,0adab909-eb8f-4baf-9eed-7a4cc889cb7c,5F:F0:C4:20:27:9D,NA,-85
1762766976050,0adab909-eb8f-4baf-9eed-7a4cc889cb7c,3E:01:6E:44:10:96,NA,-63
1762766976068,0adab909-eb8f-4baf-9eed-7a4cc889cb7c,9E:7B:EF:81:78:BC,NA,-90
1762766976127,0adab909-eb8f-4baf-9eed-7a4cc889cb7c,3B:6A:67:DF:03:91,NA,-62
1762766976155,0adab909-eb8f-4baf-9eed-7a4cc889cb7c,47:52:ED:E5:47:FA,NA,-82
1762766976189,0adab909-eb8f-4baf-9eed-7a4cc889cb7c,E4:53:E9:D1:9B:1B,NA,-84
1762766976217,0adab909-eb8f-4baf-9eed-7a4cc889cb7c,70:05:2B:21:8A:5C,NA,-82
1762766976665,0adab909-eb8f-4baf-9eed-7a4cc889cb7c,5C:C1:49:FB:8F:6D,NA,-84
1762766976695,0adab909-eb8f-4baf-9eed-7a4cc889cb7c,7C:0C:35:D7:CD:B0,LE-Bose QC45,-89
1762766976719,0adab909-eb8f-4baf-9eed-7a4cc889cb7c,6D:C0:20:DD:A4:8E,NA,-87
1762766976751,0adab909-eb8f-4baf-9eed-7a4cc889cb7c,84:25:3F:A3:1F:C2,mitte-home MH22340108,-74
1762766976781,0adab909-eb8f-4baf-9eed-7a4cc889cb7c,4D:25:F7:7D:AC:FE,NA,-81
1762766976828,0adab909-eb8f-4baf-9eed-7a4cc889cb7c,6D:18:CA:53:EF:6D,NA,-78
1762766976899,0adab909-eb8f-4baf-9eed-7a4cc889cb7c,6B:BF:D8:7A:7E:0F,NA,-90
1762766976924,0adab909-eb8f-4baf-9eed-7a4cc889cb7c,FF:CC:AA:8A:C7:EE,NA,-82
1762766976956,0adab909-eb8f-4baf-9eed-7a4cc889cb7c,7A:D4:C4:A9:81:C1,NA,-86
1762766976985,0adab909-eb8f-4baf-9eed-7a4cc889cb7c,4D:A5:89:76:84:BE,NA,-86
1762766977632,0adab909-eb8f-4baf-9eed-7a4cc889cb7c,61:53:3A:5E:F9:6F,NA,-87
1762766977660,0adab909-eb8f-4baf-9eed-7a4cc889cb7c,03:1E:DE:28:FB:AC,NA,-91
1762766977722,0adab909-eb8f-4baf-9eed-7a4cc889cb7c,64:98:72:44:C2:2A,NA,-83
1762766977742,0adab909-eb8f-4baf-9eed-7a4cc889cb7c,5B:D9:2B:65:B2:4A,NA,-60
1762766977757,0adab909-eb8f-4baf-9eed-7a4cc889cb7c,69:DB:4C:88:33:75,NA,-87
1762766977774,0adab909-eb8f-4baf-9eed-7a4cc889cb7c,7D:DF:0E:99:5B:EC,NA,-88
1762767564401,0adab909-eb8f-4baf-9eed-7a4cc889cb7c,65:2B:97:4C:3B:C6,NA,-92
1762767565390,0adab909-eb8f-4baf-9eed-7a4cc889cb7c,84:25:3F:A3:1F:C2,mitte-home MH22340108,-87
1762767565491,0adab909-eb8f-4baf-9eed-7a4cc889cb7c,20:28:BC:1A:1F:47,[LG] webOS TV OLED65C17LB,-100
1762767565729,0adab909-eb8f-4baf-9eed-7a4cc889cb7c,64:98:72:44:C2:2A,NA,-89
1762767565754,0adab909-eb8f-4baf-9eed-7a4cc889cb7c,7A:D4:C4:A9:81:C1,NA,-93
1762767566013,0adab909-eb8f-4baf-9eed-7a4cc889cb7c,49:AF:8C:00:72:CE,NA,-61
1762767568911,0adab909-eb8f-4baf-9eed-7a4cc889cb7c,98:04:ED:A2:3E:1C,S295b50867b2bc14bC,-82
1762767569300,0adab909-eb8f-4baf-9eed-7a4cc889cb7c,70:43:BC:36:27:AB,NA,-74
1762767572136,0adab909-eb8f-4baf-9eed-7a4cc889cb7c,D8:CF:BF:51:E4:4D,NA,-90
1762767574062,0adab909-eb8f-4baf-9eed-7a4cc889cb7c,5C:C1:49:FB:8F:6D,NA,-90
1762767863201,0adab909-eb8f-4baf-9eed-7a4cc889cb7c,98:04:ED:A2:3E:1C,S295b50867b2bc14bC,-86
1762767863221,0adab909-eb8f-4baf-9eed-7a4cc889cb7c,51:C7:1B:01:11:B3,NA,-87
1762767863547,0adab909-eb8f-4baf-9eed-7a4cc889cb7c,84:25:3F:A3:1F:C2,mitte-home MH22340108,-88
1762767863858,0adab909-eb8f-4baf-9eed-7a4cc889cb7c,49:AF:8C:00:72:CE,NA,-70
1762767865770,0adab909-eb8f-4baf-9eed-7a4cc889cb7c,D8:CF:BF:51:E4:4D,NA,-80
1762767869317,0adab909-eb8f-4baf-9eed-7a4cc889cb7c,76:06:BB:60:16:17,NA,-89
1762767869622,0adab909-eb8f-4baf-9eed-7a4cc889cb7c,70:43:BC:36:27:AB,NA,-74
1762768480850,0adab909-eb8f-4baf-9eed-7a4cc889cb7c,70:43:BC:36:27:AB,NA,-78
1762768480889,0adab909-eb8f-4baf-9eed-7a4cc889cb7c,49:AF:8C:00:72:CE,NA,-78
1762768481112,0adab909-eb8f-4baf-9eed-7a4cc889cb7c,84:25:3F:A3:1F:C2,mitte-home MH22340108,-88
1762768481134,0adab909-eb8f-4baf-9eed-7a4cc889cb7c,7D:0B:C7:86:33:80,NA,-85
1762768481515,0adab909-eb8f-4baf-9eed-7a4cc889cb7c,98:04:ED:A2:3E:1C,S295b50867b2bc14bC,-85
1762768482121,0adab909-eb8f-4baf-9eed-7a4cc889cb7c,3A:92:22:31:1C:25,NA,-92
1762768482740,0adab909-eb8f-4baf-9eed-7a4cc889cb7c,D8:CF:BF:51:E4:4D,NA,-86
1762768484998,0adab909-eb8f-4baf-9eed-7a4cc889cb7c,47:B0:DE:50:C8:D3,NA,-87
1762768486986,0adab909-eb8f-4baf-9eed-7a4cc889cb7c,20:28:BC:1A:1F:47,[LG] webOS TV OLED65C17LB,-100
1762768493450,0adab909-eb8f-4baf-9eed-7a4cc889cb7c,20:28:BC:1A:1F:47,[LG] webOS TV OLED65C17LB,-100
1762769104465,0adab909-eb8f-4baf-9eed-7a4cc889cb7c,49:AF:8C:00:72:CE,NA,-78
1762769104492,0adab909-eb8f-4baf-9eed-7a4cc889cb7c,84:25:3F:A3:1F:C2,mitte-home MH22340108,-88
1762769104772,0adab909-eb8f-4baf-9eed-7a4cc889cb7c,D8:CF:BF:51:E4:4D,NA,-89
1762769104794,0adab909-eb8f-4baf-9eed-7a4cc889cb7c,59:3A:84:2F:4B:71,NA,-83
1762769105447,0adab909-eb8f-4baf-9eed-7a4cc889cb7c,98:04:ED:A2:3E:1C,S295b50867b2bc14bC,-90
1762769105495,0adab909-eb8f-4baf-9eed-7a4cc889cb7c,47:B0:DE:50:C8:D3,NA,-89
1762769107367,0adab909-eb8f-4baf-9eed-7a4cc889cb7c,70:43:BC:36:27:AB,NA,-77
1762769107661,0adab909-eb8f-4baf-9eed-7a4cc889cb7c,98:04:ED:BC:A8:A3,S61cb085cb4067bacC,-94
1762769107678,0adab909-eb8f-4baf-9eed-7a4cc889cb7c,76:06:BB:60:16:17,NA,-84
1762769116003,0adab909-eb8f-4baf-9eed-7a4cc889cb7c,7B:CC:C0:EE:21:E1,NA,-91
1762769801140,0adab909-eb8f-4baf-9eed-7a4cc889cb7c,84:25:3F:A3:1F:C2,mitte-home MH22340108,-88
1762769801163,0adab909-eb8f-4baf-9eed-7a4cc889cb7c,7C:E8:B3:DD:BB:49,NA,-81
1762769801817,0adab909-eb8f-4baf-9eed-7a4cc889cb7c,5F:80:52:CE:02:95,NA,-93
1762769801834,0adab909-eb8f-4baf-9eed-7a4cc889cb7c,70:2D:7B:4D:72:52,NA,-64
1762769802377,0adab909-eb8f-4baf-9eed-7a4cc889cb7c,54:BC:5F:F1:A6:47,NA,-77
1762769802421,0adab909-eb8f-4baf-9eed-7a4cc889cb7c,58:AF:DF:AD:7B:C9,NA,-68
1762769802435,0adab909-eb8f-4baf-9eed-7a4cc889cb7c,4E:FA:E3:CD:2D:2A,NA,-89
1762769802755,0adab909-eb8f-4baf-9eed-7a4cc889cb7c,9E:7B:EF:81:78:BC,NA,-92
1762769802776,0adab909-eb8f-4baf-9eed-7a4cc889cb7c,D8:CF:BF:51:E4:4D,NA,-89
1762769803752,0adab909-eb8f-4baf-9eed-7a4cc889cb7c,47:BF:7E:B6:C4:5D,NA,-71
1762769804961,0adab909-eb8f-4baf-9eed-7a4cc889cb7c,52:96:3C:BB:12:EE,NA,-85
1762769805297,0adab909-eb8f-4baf-9eed-7a4cc889cb7c,7B:95:9D:2F:C5:91,NA,-69
1762769807237,0adab909-eb8f-4baf-9eed-7a4cc889cb7c,98:04:ED:A2:3E:1C,S295b50867b2bc14bC,-85
1762769812994,0adab909-eb8f-4baf-9eed-7a4cc889cb7c,16:D7:36:27:90:D2,NA,-90
1762770320821,0adab909-eb8f-4baf-9eed-7a4cc889cb7c,5F:80:52:CE:02:95,NA,-84
1762770321059,0adab909-eb8f-4baf-9eed-7a4cc889cb7c,84:25:3F:A3:1F:C2,mitte-home MH22340108,-83
1762770321136,0adab909-eb8f-4baf-9eed-7a4cc889cb7c,98:04:ED:A2:3E:1C,S295b50867b2bc14bC,-83
1762770321152,0adab909-eb8f-4baf-9eed-7a4cc889cb7c,71:26:A6:B9:DE:90,NA,-73
1762770321162,0adab909-eb8f-4baf-9eed-7a4cc889cb7c,47:BF:7E:B6:C4:5D,NA,-74
1762770321174,0adab909-eb8f-4baf-9eed-7a4cc889cb7c,70:2D:7B:4D:72:52,NA,-62
1762770321735,0adab909-eb8f-4baf-9eed-7a4cc889cb7c,58:AF:DF:AD:7B:C9,NA,-66
1762770321749,0adab909-eb8f-4baf-9eed-7a4cc889cb7c,52:96:3C:BB:12:EE,NA,-89
1762770322400,0adab909-eb8f-4baf-9eed-7a4cc889cb7c,69:69:FB:3D:DF:37,NA,-81
1762770324633,0adab909-eb8f-4baf-9eed-7a4cc889cb7c,D8:CF:BF:51:E4:4D,NA,-89
1762770324659,0adab909-eb8f-4baf-9eed-7a4cc889cb7c,7B:95:9D:2F:C5:91,NA,-66
1762770330065,0adab909-eb8f-4baf-9eed-7a4cc889cb7c,7A:CA:FF:2C:01:80,NA,-79
1762770331057,0adab909-eb8f-4baf-9eed-7a4cc889cb7c,61:F3:86:4E:C7:84,NA,-82
1762771152629,0adab909-eb8f-4baf-9eed-7a4cc889cb7c,46:59:DD:28:9C:A1,NA,-76
1762771153425,0adab909-eb8f-4baf-9eed-7a4cc889cb7c,71:C6:E2:C6:B3:2E,NA,-87
1762771153472,0adab909-eb8f-4baf-9eed-7a4cc889cb7c,69:69:FB:3D:DF:37,NA,-84
1762771153491,0adab909-eb8f-4baf-9eed-7a4cc889cb7c,49:50:20:B0:C7:E9,NA,-61
1762771153759,0adab909-eb8f-4baf-9eed-7a4cc889cb7c,98:04:ED:A2:3E:1C,S295b50867b2bc14bC,-82
1762771153785,0adab909-eb8f-4baf-9eed-7a4cc889cb7c,23:42:2E:CC:45:11,NA,-91
1762771153800,0adab909-eb8f-4baf-9eed-7a4cc889cb7c,58:F4:FA:D0:6B:2D,NA,-83
1762771154093,0adab909-eb8f-4baf-9eed-7a4cc889cb7c,84:25:3F:A3:1F:C2,mitte-home MH22340108,-82
1762771154440,0adab909-eb8f-4baf-9eed-7a4cc889cb7c,63:1D:7B:80:13:49,NA,-91
1762771156338,0adab909-eb8f-4baf-9eed-7a4cc889cb7c,74:E1:DE:57:32:42,NA,-67
1762771156658,0adab909-eb8f-4baf-9eed-7a4cc889cb7c,47:8D:59:6D:0B:F0,NA,-85
1762771157637,0adab909-eb8f-4baf-9eed-7a4cc889cb7c,40:36:58:82:83:CE,NA,-66
1762771157956,0adab909-eb8f-4baf-9eed-7a4cc889cb7c,D8:CF:BF:51:E4:4D,NA,-91
1762771159511,0adab909-eb8f-4baf-9eed-7a4cc889cb7c,5B:0D:FB:24:FF:5A,NA,-84
1762771159838,0adab909-eb8f-4baf-9eed-7a4cc889cb7c,54:CD:62:CA:F2:F1,NA,-84
1762771751397,0adab909-eb8f-4baf-9eed-7a4cc889cb7c,58:AE:B4:FF:A0:D1,NA,-84
1762771751899,0adab909-eb8f-4baf-9eed-7a4cc889cb7c,46:59:DD:28:9C:A1,NA,-74
1762771752252,0adab909-eb8f-4baf-9eed-7a4cc889cb7c,40:7A:0A:FC:12:78,NA,-57
1762771752589,0adab909-eb8f-4baf-9eed-7a4cc889cb7c,74:E1:DE:57:32:42,NA,-70
1762771752611,0adab909-eb8f-4baf-9eed-7a4cc889cb7c,7E:99:1D:16:78:FA,NA,-71
1762771753528,0adab909-eb8f-4baf-9eed-7a4cc889cb7c,47:3F:58:5F:D4:78,NA,-91
1762771753547,0adab909-eb8f-4baf-9eed-7a4cc889cb7c,98:04:ED:A2:3E:1C,S295b50867b2bc14bC,-87
1762771753793,0adab909-eb8f-4baf-9eed-7a4cc889cb7c,69:30:15:CD:56:D8,NA,-81
1762771758344,0adab909-eb8f-4baf-9eed-7a4cc889cb7c,6C:ED:FC:12:3C:52,NA,-92
1762771758621,0adab909-eb8f-4baf-9eed-7a4cc889cb7c,84:25:3F:A3:1F:C2,mitte-home MH22340108,-89
1762771759002,0adab909-eb8f-4baf-9eed-7a4cc889cb7c,26:E9:64:6D:50:FD,NA,-93
1762771763119,0adab909-eb8f-4baf-9eed-7a4cc889cb7c,40:36:58:82:83:CE,NA,-70
1762772060397,0adab909-eb8f-4baf-9eed-7a4cc889cb7c,5E:EF:C5:10:09:00,NA,-70
1762772060427,0adab909-eb8f-4baf-9eed-7a4cc889cb7c,74:E1:DE:57:32:42,NA,-71
1762772060757,0adab909-eb8f-4baf-9eed-7a4cc889cb7c,40:7A:0A:FC:12:78,NA,-51
1762772061055,0adab909-eb8f-4baf-9eed-7a4cc889cb7c,84:25:3F:A3:1F:C2,mitte-home MH22340108,-91
1762772061421,0adab909-eb8f-4baf-9eed-7a4cc889cb7c,5F:A0:7A:B0:3D:E9,NA,-82
1762772061459,0adab909-eb8f-4baf-9eed-7a4cc889cb7c,7E:99:1D:16:78:FA,NA,-67
1762772062381,0adab909-eb8f-4baf-9eed-7a4cc889cb7c,47:8D:59:6D:0B:F0,NA,-84
1762772062661,0adab909-eb8f-4baf-9eed-7a4cc889cb7c,98:04:ED:A2:3E:1C,S295b50867b2bc14bC,-80
1762772063347,0adab909-eb8f-4baf-9eed-7a4cc889cb7c,40:36:58:82:83:CE,NA,-70
1762772064948,0adab909-eb8f-4baf-9eed-7a4cc889cb7c,D8:CF:BF:51:E4:4D,NA,-87
1762772066220,0adab909-eb8f-4baf-9eed-7a4cc889cb7c,43:F0:DD:13:7B:DF,NA,-89
1762772067143,0adab909-eb8f-4baf-9eed-7a4cc889cb7c,69:30:15:CD:56:D8,NA,-81
1762772070350,0adab909-eb8f-4baf-9eed-7a4cc889cb7c,1D:E6:6D:40:E8:70,NA,-93
1762772071338,0adab909-eb8f-4baf-9eed-7a4cc889cb7c,05:B0:6A:0B:E3:E1,NA,-93
1762772711071,0adab909-eb8f-4baf-9eed-7a4cc889cb7c,49:BE:23:08:F8:29,NA,-73
1762772711119,0adab909-eb8f-4baf-9eed-7a4cc889cb7c,84:25:3F:A3:1F:C2,mitte-home MH22340108,-80
1762772711139,0adab909-eb8f-4baf-9eed-7a4cc889cb7c,7E:99:1D:16:78:FA,NA,-73
1762772711748,0adab909-eb8f-4baf-9eed-7a4cc889cb7c,40:7A:0A:FC:12:78,NA,-62
1762772712097,0adab909-eb8f-4baf-9eed-7a4cc889cb7c,5B:74:42:06:2B:01,NA,-81
1762772712390,0adab909-eb8f-4baf-9eed-7a4cc889cb7c,5E:EF:C5:10:09:00,NA,-68
1762772712404,0adab909-eb8f-4baf-9eed-7a4cc889cb7c,53:65:2A:85:8F:06,NA,-88
1762772713375,0adab909-eb8f-4baf-9eed-7a4cc889cb7c,45:4D:5E:63:2B:EC,NA,-84
1762772714004,0adab909-eb8f-4baf-9eed-7a4cc889cb7c,98:04:ED:A2:3E:1C,S295b50867b2bc14bC,-81
1762772714337,0adab909-eb8f-4baf-9eed-7a4cc889cb7c,64:05:18:3E:F8:C5,NA,-84
1762772715008,0adab909-eb8f-4baf-9eed-7a4cc889cb7c,62:37:2A:95:46:9C,NA,-69
1762772722046,0adab909-eb8f-4baf-9eed-7a4cc889cb7c,D8:CF:BF:51:E4:4D,NA,-83
1762773311062,0adab909-eb8f-4baf-9eed-7a4cc889cb7c,43:F0:DD:13:7B:DF,NA,-87
1762773311112,0adab909-eb8f-4baf-9eed-7a4cc889cb7c,84:25:3F:A3:1F:C2,mitte-home MH22340108,-77
1762773311134,0adab909-eb8f-4baf-9eed-7a4cc889cb7c,6D:7B:D1:8B:6B:B1,NA,-63
1762773311780,0adab909-eb8f-4baf-9eed-7a4cc889cb7c,7F:1A:A5:75:70:61,NA,-68
1762773312100,0adab909-eb8f-4baf-9eed-7a4cc889cb7c,53:65:2A:85:8F:06,NA,-80
1762773312453,0adab909-eb8f-4baf-9eed-7a4cc889cb7c,49:BE:23:08:F8:29,NA,-71
1762773314026,0adab909-eb8f-4baf-9eed-7a4cc889cb7c,7C:A3:9F:A5:DC:70,NA,-72
1762773314328,0adab909-eb8f-4baf-9eed-7a4cc889cb7c,45:4D:5E:63:2B:EC,NA,-85
1762773315948,0adab909-eb8f-4baf-9eed-7a4cc889cb7c,7F:33:DA:9D:B5:0C,NA,-89
1762773316263,0adab909-eb8f-4baf-9eed-7a4cc889cb7c,98:04:ED:A2:3E:1C,S295b50867b2bc14bC,-83
1762773319170,0adab909-eb8f-4baf-9eed-7a4cc889cb7c,D8:CF:BF:51:E4:4D,NA,-88
1762773319423,0adab909-eb8f-4baf-9eed-7a4cc889cb7c,62:37:2A:95:46:9C,NA,-73
1762773322026,0adab909-eb8f-4baf-9eed-7a4cc889cb7c,1C:EF:42:63:B2:23,NA,-87
1762773911464,0adab909-eb8f-4baf-9eed-7a4cc889cb7c,6A:5C:26:36:D4:F6,NA,-80
1762773911481,0adab909-eb8f-4baf-9eed-7a4cc889cb7c,4A:8B:BC:1C:51:31,NA,-80
1762773911766,0adab909-eb8f-4baf-9eed-7a4cc889cb7c,70:27:29:22:33:69,NA,-73
1762773911780,0adab909-eb8f-4baf-9eed-7a4cc889cb7c,7A:FF:C0:BD:E9:C3,NA,-69
1762773911790,0adab909-eb8f-4baf-9eed-7a4cc889cb7c,6D:7B:D1:8B:6B:B1,NA,-76
1762773911802,0adab909-eb8f-4baf-9eed-7a4cc889cb7c,7C:A3:9F:A5:DC:70,NA,-69
1762773912098,0adab909-eb8f-4baf-9eed-7a4cc889cb7c,7F:1A:A5:75:70:61,NA,-52
1762773912742,0adab909-eb8f-4baf-9eed-7a4cc889cb7c,84:25:3F:A3:1F:C2,mitte-home MH22340108,-76
1762773912758,0adab909-eb8f-4baf-9eed-7a4cc889cb7c,7D:9D:CC:25:71:66,NA,-68
1762773913378,0adab909-eb8f-4baf-9eed-7a4cc889cb7c,60:1F:BC:68:B7:B9,NA,-85
1762773913391,0adab909-eb8f-4baf-9eed-7a4cc889cb7c,7F:33:DA:9D:B5:0C,NA,-82
1762773914008,0adab909-eb8f-4baf-9eed-7a4cc889cb7c,9E:7B:EF:81:78:BC,NA,-91
1762773915297,0adab909-eb8f-4baf-9eed-7a4cc889cb7c,98:04:ED:A2:3E:1C,S295b50867b2bc14bC,-86
1762773915969,0adab909-eb8f-4baf-9eed-7a4cc889cb7c,58:7C:50:D5:BE:DB,NA,-91
1762773919798,0adab909-eb8f-4baf-9eed-7a4cc889cb7c,61:A0:10:3A:20:70,NA,-87
1762773921333,0adab909-eb8f-4baf-9eed-7a4cc889cb7c,6F:09:A7:73:E6:47,JBL TUNE225TWS-LE,-83
1762774484625,0adab909-eb8f-4baf-9eed-7a4cc889cb7c,98:04:ED:A2:3E:1C,S295b50867b2bc14bC,-88
1762774484948,0adab909-eb8f-4baf-9eed-7a4cc889cb7c,5B:27:81:59:30:5C,NA,-82
1762774485332,0adab909-eb8f-4baf-9eed-7a4cc889cb7c,70:27:29:22:33:69,NA,-86
1762774485353,0adab909-eb8f-4baf-9eed-7a4cc889cb7c,69:E3:90:59:D6:38,NA,-71
1762774485367,0adab909-eb8f-4baf-9eed-7a4cc889cb7c,63:0F:48:C5:BF:ED,NA,-74
1762774485874,0adab909-eb8f-4baf-9eed-7a4cc889cb7c,7A:FF:C0:BD:E9:C3,NA,-62
1762774486845,0adab909-eb8f-4baf-9eed-7a4cc889cb7c,6C:6D:76:77:D5:8E,NA,-81
1762774487130,0adab909-eb8f-4baf-9eed-7a4cc889cb7c,7F:33:DA:9D:B5:0C,NA,-79
1762774487152,0adab909-eb8f-4baf-9eed-7a4cc889cb7c,D8:CF:BF:51:E4:4D,NA,-87
1762774488137,0adab909-eb8f-4baf-9eed-7a4cc889cb7c,1C:54:9E:89:7F:7F,Herr schonscheck,-88
1762774491012,0adab909-eb8f-4baf-9eed-7a4cc889cb7c,D9:29:B5:2D:B1:AD,FMT100_6123085_LE,-91
1762774493237,0adab909-eb8f-4baf-9eed-7a4cc889cb7c,7D:9D:CC:25:71:66,NA,-77
1762774494561,0adab909-eb8f-4baf-9eed-7a4cc889cb7c,1C:54:9E:89:0C:67,Frau schmitt 1,-91
1762774495525,0adab909-eb8f-4baf-9eed-7a4cc889cb7c,61:A0:10:3A:20:70,NA,-87
1762775126651,0adab909-eb8f-4baf-9eed-7a4cc889cb7c,7E:4E:31:A9:74:AC,NA,-89
1762775126690,0adab909-eb8f-4baf-9eed-7a4cc889cb7c,79:5C:0C:25:C2:0A,NA,-79
1762775127007,0adab909-eb8f-4baf-9eed-7a4cc889cb7c,42:A9:74:3E:63:A5,NA,-78
1762775127037,0adab909-eb8f-4baf-9eed-7a4cc889cb7c,7A:FF:C0:BD:E9:C3,NA,-65
1762775127617,0adab909-eb8f-4baf-9eed-7a4cc889cb7c,41:4B:43:02:3E:D8,NA,-69
1762775128360,0adab909-eb8f-4baf-9eed-7a4cc889cb7c,5D:68:E7:68:E2:50,NA,-78
1762775128969,0adab909-eb8f-4baf-9eed-7a4cc889cb7c,69:E3:90:59:D6:38,NA,-61
1762775129914,0adab909-eb8f-4baf-9eed-7a4cc889cb7c,7D:9D:CC:25:71:66,NA,-61
1762775130199,0adab909-eb8f-4baf-9eed-7a4cc889cb7c,54:29:17:A6:30:73,NA,-66
1762775130220,0adab909-eb8f-4baf-9eed-7a4cc889cb7c,73:16:7E:6A:6D:CB,NA,-69
1762775132773,0adab909-eb8f-4baf-9eed-7a4cc889cb7c,84:25:3F:A3:1F:C2,mitte-home MH22340108,-91
1762775133433,0adab909-eb8f-4baf-9eed-7a4cc889cb7c,60:1F:BC:68:B7:B9,NA,-91
1762775675986,0adab909-eb8f-4baf-9eed-7a4cc889cb7c,79:5C:0C:25:C2:0A,NA,-74
1762775676226,0adab909-eb8f-4baf-9eed-7a4cc889cb7c,61:B0:C9:1B:DE:1D,NA,-94
1762775676245,0adab909-eb8f-4baf-9eed-7a4cc889cb7c,62:42:08:A1:CC:3B,NA,-70
1762775676258,0adab909-eb8f-4baf-9eed-7a4cc889cb7c,84:25:3F:A3:1F:C2,mitte-home MH22340108,-89
1762775676587,0adab909-eb8f-4baf-9eed-7a4cc889cb7c,60:33:B1:A2:44:EB,NA,-76
1762775676605,0adab909-eb8f-4baf-9eed-7a4cc889cb7c,7A:21:04:81:E8:3E,NA,-81
1762775676624,0adab909-eb8f-4baf-9eed-7a4cc889cb7c,6D:D8:5A:DB:E1:9D,NA,-72
1762775679764,0adab909-eb8f-4baf-9eed-7a4cc889cb7c,42:A9:74:3E:63:A5,NA,-89
1762775680144,0adab909-eb8f-4baf-9eed-7a4cc889cb7c,54:29:17:A6:30:73,NA,-71
1762775680752,0adab909-eb8f-4baf-9eed-7a4cc889cb7c,5D:68:E7:68:E2:50,NA,-82
1762775685020,0adab909-eb8f-4baf-9eed-7a4cc889cb7c,E0:8F:4C:82:FF:9A,LAPTOP-D9651C91,-84
1762776709365,0adab909-eb8f-4baf-9eed-7a4cc889cb7c,98:04:ED:A2:3E:1C,S295b50867b2bc14bC,-89
1762776709381,0adab909-eb8f-4baf-9eed-7a4cc889cb7c,84:25:3F:A3:1F:C2,mitte-home MH22340108,-67
1762776710087,0adab909-eb8f-4baf-9eed-7a4cc889cb7c,6D:D8:5A:DB:E1:9D,NA,-93
1762776710716,0adab909-eb8f-4baf-9eed-7a4cc889cb7c,62:42:08:A1:CC:3B,NA,-89
1762776710734,0adab909-eb8f-4baf-9eed-7a4cc889cb7c,61:B0:C9:1B:DE:1D,NA,-70
1762776711362,0adab909-eb8f-4baf-9eed-7a4cc889cb7c,18:90:67:26:AA:8F,NA,-82
1762776711383,0adab909-eb8f-4baf-9eed-7a4cc889cb7c,1D:CD:95:21:EC:D3,NA,-92
1762776712280,0adab909-eb8f-4baf-9eed-7a4cc889cb7c,4E:84:EC:71:D3:E0,NA,-91
1762776712310,0adab909-eb8f-4baf-9eed-7a4cc889cb7c,62:BA:F5:DB:D9:98,NA,-70
1762776712649,0adab909-eb8f-4baf-9eed-7a4cc889cb7c,54:29:17:A6:30:73,NA,-76
1762776720294,0adab909-eb8f-4baf-9eed-7a4cc889cb7c,15:B7:61:21:0A:7F,NA,-92
1762776872367,0adab909-eb8f-4baf-9eed-7a4cc889cb7c,43:7C:19:E4:1A:E1,NA,-70
1762776872388,0adab909-eb8f-4baf-9eed-7a4cc889cb7c,98:04:ED:A2:3E:1C,S295b50867b2bc14bC,-84
1762776872743,0adab909-eb8f-4baf-9eed-7a4cc889cb7c,54:29:17:A6:30:73,NA,-81
1762776873091,0adab909-eb8f-4baf-9eed-7a4cc889cb7c,54:24:99:CE:16:0E,NA,-90
1762776873108,0adab909-eb8f-4baf-9eed-7a4cc889cb7c,1D:CD:95:21:EC:D3,NA,-94
1762776873329,0adab909-eb8f-4baf-9eed-7a4cc889cb7c,15:B7:61:21:0A:7F,NA,-92
1762776873345,0adab909-eb8f-4baf-9eed-7a4cc889cb7c,4E:84:EC:71:D3:E0,NA,-78
1762776873358,0adab909-eb8f-4baf-9eed-7a4cc889cb7c,62:42:08:A1:CC:3B,NA,-70
1762776873717,0adab909-eb8f-4baf-9eed-7a4cc889cb7c,62:BA:F5:DB:D9:98,NA,-83
1762776881040,0adab909-eb8f-4baf-9eed-7a4cc889cb7c,41:91:EA:8A:6D:C0,NA,-88
1762776884889,0adab909-eb8f-4baf-9eed-7a4cc889cb7c,04:8E:94:47:3F:89,NA,-89
1762777614794,0adab909-eb8f-4baf-9eed-7a4cc889cb7c,0A:43:F9:D2:37:C8,NA,-89
1762777614828,0adab909-eb8f-4baf-9eed-7a4cc889cb7c,42:DF:98:75:9D:D9,NA,-78
1762777616012,0adab909-eb8f-4baf-9eed-7a4cc889cb7c,43:7C:19:E4:1A:E1,NA,-76
1762777616332,0adab909-eb8f-4baf-9eed-7a4cc889cb7c,54:24:99:CE:16:0E,NA,-71
1762777618887,0adab909-eb8f-4baf-9eed-7a4cc889cb7c,5A:62:A1:42:0C:47,NA,-90
1762777625328,0adab909-eb8f-4baf-9eed-7a4cc889cb7c,98:04:ED:A2:3E:1C,S295b50867b2bc14bC,-88
1762778271326,0adab909-eb8f-4baf-9eed-7a4cc889cb7c,5A:62:A1:42:0C:47,NA,-88
1762778271662,0adab909-eb8f-4baf-9eed-7a4cc889cb7c,98:04:ED:A2:3E:1C,S295b50867b2bc14bC,-85
1762778271687,0adab909-eb8f-4baf-9eed-7a4cc889cb7c,71:5E:36:01:E5:C7,NA,-90
1762778271706,0adab909-eb8f-4baf-9eed-7a4cc889cb7c,7D:7F:05:90:22:70,NA,-62
1762778273172,0adab909-eb8f-4baf-9eed-7a4cc889cb7c,C0:3C:59:48:48:D7,ODIONS-SR,-88
1762778273313,0adab909-eb8f-4baf-9eed-7a4cc889cb7c,40:B2:65:6F:80:A9,NA,-82
1762778273675,0adab909-eb8f-4baf-9eed-7a4cc889cb7c,6F:3D:4A:23:33:28,NA,-77
1762778274290,0adab909-eb8f-4baf-9eed-7a4cc889cb7c,54:29:17:A6:30:73,NA,-84
1762778274321,0adab909-eb8f-4baf-9eed-7a4cc889cb7c,68:CA:C4:8A:40:9C,mbasg,-100
1762778274594,0adab909-eb8f-4baf-9eed-7a4cc889cb7c,09:04:AD:5C:C1:B5,NA,-87
1762778274613,0adab909-eb8f-4baf-9eed-7a4cc889cb7c,49:30:B1:EF:BD:4C,NA,-70
1762778276546,0adab909-eb8f-4baf-9eed-7a4cc889cb7c,84:25:3F:A3:1F:C2,mitte-home MH22340108,-91
1762778278462,0adab909-eb8f-4baf-9eed-7a4cc889cb7c,69:F1:13:B5:EB:58,NA,-83
1762778282588,0adab909-eb8f-4baf-9eed-7a4cc889cb7c,5D:BF:3A:20:D5:63,NA,-82
1762778286480,0adab909-eb8f-4baf-9eed-7a4cc889cb7c,68:CA:C4:8A:40:9C,mbasg,-100
1762778871680,0adab909-eb8f-4baf-9eed-7a4cc889cb7c,46:92:6F:6E:29:3C,NA,-89
1762778871698,0adab909-eb8f-4baf-9eed-7a4cc889cb7c,7D:7F:05:90:22:70,NA,-61
1762778871979,0adab909-eb8f-4baf-9eed-7a4cc889cb7c,70:FD:50:8D:B2:1D,NA,-86
1762778871999,0adab909-eb8f-4baf-9eed-7a4cc889cb7c,5E:9A:4D:0F:0E:64,NA,-79
1762778872027,0adab909-eb8f-4baf-9eed-7a4cc889cb7c,C0:3C:59:48:48:D7,ODIONS-SR,-86
1762778872321,0adab909-eb8f-4baf-9eed-7a4cc889cb7c,71:5E:36:01:E5:C7,NA,-74
1762778872964,0adab909-eb8f-4baf-9eed-7a4cc889cb7c,49:30:B1:EF:BD:4C,NA,-75
1762778872982,0adab909-eb8f-4baf-9eed-7a4cc889cb7c,6F:3D:4A:23:33:28,NA,-86
1762778873920,0adab909-eb8f-4baf-9eed-7a4cc889cb7c,5F:96:15:B6:B2:CD,NA,-86
1762778874193,0adab909-eb8f-4baf-9eed-7a4cc889cb7c,68:CA:C4:8A:40:9C,mbasg,-99
1762778874597,0adab909-eb8f-4baf-9eed-7a4cc889cb7c,7E:27:A9:48:32:A4,NA,-82
1762778875212,0adab909-eb8f-4baf-9eed-7a4cc889cb7c,84:25:3F:A3:1F:C2,mitte-home MH22340108,-93
1762778876519,0adab909-eb8f-4baf-9eed-7a4cc889cb7c,35:1A:53:86:72:52,NA,-92
1762778880677,0adab909-eb8f-4baf-9eed-7a4cc889cb7c,01:28:C0:FC:23:A0,NA,-93
1762778882538,0adab909-eb8f-4baf-9eed-7a4cc889cb7c,70:63:D9:D0:E8:0B,NA,-88
1762779470744,0adab909-eb8f-4baf-9eed-7a4cc889cb7c,70:63:D9:D0:E8:0B,NA,-89
1762779471131,0adab909-eb8f-4baf-9eed-7a4cc889cb7c,5B:CE:7E:62:BB:B8,NA,-79
1762779471266,0adab909-eb8f-4baf-9eed-7a4cc889cb7c,98:04:ED:A2:3E:1C,S295b50867b2bc14bC,-89
1762779471328,0adab909-eb8f-4baf-9eed-7a4cc889cb7c,C0:3C:59:48:48:D7,ODIONS-SR,-86
1762779471345,0adab909-eb8f-4baf-9eed-7a4cc889cb7c,68:CA:C4:8A:40:9C,mbasg,-100
1762779471358,0adab909-eb8f-4baf-9eed-7a4cc889cb7c,5D:C5:11:E9:DB:8D,NA,-82
1762779471369,0adab909-eb8f-4baf-9eed-7a4cc889cb7c,7E:27:A9:48:32:A4,NA,-84
1762779471379,0adab909-eb8f-4baf-9eed-7a4cc889cb7c,6F:3D:4A:23:33:28,NA,-82
1762779471635,0adab909-eb8f-4baf-9eed-7a4cc889cb7c,73:D8:35:63:A6:0F,NA,-72
1762779473897,0adab909-eb8f-4baf-9eed-7a4cc889cb7c,6A:FB:C0:DE:F8:37,NA,-87
1762779476482,0adab909-eb8f-4baf-9eed-7a4cc889cb7c,84:25:3F:A3:1F:C2,mitte-home MH22340108,-94
1762779478990,0adab909-eb8f-4baf-9eed-7a4cc889cb7c,5F:96:15:B6:B2:CD,NA,-87
1762779479011,0adab909-eb8f-4baf-9eed-7a4cc889cb7c,64:B1:B8:4F:25:BC,NA,-88
1762779479676,0adab909-eb8f-4baf-9eed-7a4cc889cb7c,5E:9A:4D:0F:0E:64,NA,-80
1762779481244,0adab909-eb8f-4baf-9eed-7a4cc889cb7c,46:92:6F:6E:29:3C,NA,-93
1762779481269,0adab909-eb8f-4baf-9eed-7a4cc889cb7c,70:FD:50:8D:B2:1D,NA,-93
1762780002320,0adab909-eb8f-4baf-9eed-7a4cc889cb7c,5D:C5:11:E9:DB:8D,NA,-76
1762780002341,0adab909-eb8f-4baf-9eed-7a4cc889cb7c,66:65:00:94:FB:73,NA,-81
1762780002354,0adab909-eb8f-4baf-9eed-7a4cc889cb7c,43:F9:85:04:7A:7A,NA,-85
1762780002365,0adab909-eb8f-4baf-9eed-7a4cc889cb7c,4B:08:FA:AA:88:5B,NA,-86
1762780002498,0adab909-eb8f-4baf-9eed-7a4cc889cb7c,68:CA:C4:8A:40:9C,mbasg,-100
1762780002757,0adab909-eb8f-4baf-9eed-7a4cc889cb7c,68:CA:C4:8A:40:9C,mbasg,-100
1762780003345,0adab909-eb8f-4baf-9eed-7a4cc889cb7c,01:B1:BC:EA:EF:6A,NA,-93
1762780003696,0adab909-eb8f-4baf-9eed-7a4cc889cb7c,69:7E:25:86:E9:6B,NA,-85
1762780003713,0adab909-eb8f-4baf-9eed-7a4cc889cb7c,5B:CE:7E:62:BB:B8,NA,-76
1762780003964,0adab909-eb8f-4baf-9eed-7a4cc889cb7c,53:F4:E2:1C:0F:E1,NA,-78
1762780004589,0adab909-eb8f-4baf-9eed-7a4cc889cb7c,79:3E:79:36:B7:71,NA,-84
1762780005250,0adab909-eb8f-4baf-9eed-7a4cc889cb7c,84:25:3F:A3:1F:C2,mitte-home MH22340108,-93
1762780005906,0adab909-eb8f-4baf-9eed-7a4cc889cb7c,6F:76:37:FF:0F:43,NA,-94
1762780006257,0adab909-eb8f-4baf-9eed-7a4cc889cb7c,6F:3D:4A:23:33:28,NA,-87
1762780006847,0adab909-eb8f-4baf-9eed-7a4cc889cb7c,6A:FB:C0:DE:F8:37,NA,-79
1762780006864,0adab909-eb8f-4baf-9eed-7a4cc889cb7c,73:D8:35:63:A6:0F,NA,-73
1762780007976,0adab909-eb8f-4baf-9eed-7a4cc889cb7c,C0:3C:59:48:48:D7,ODIONS-SR,-77
1762780602696,0adab909-eb8f-4baf-9eed-7a4cc889cb7c,5D:C5:11:E9:DB:8D,NA,-70
1762780602717,0adab909-eb8f-4baf-9eed-7a4cc889cb7c,6F:3D:4A:23:33:28,NA,-73
1762780603041,0adab909-eb8f-4baf-9eed-7a4cc889cb7c,79:3E:79:36:B7:71,NA,-87
1762780603055,0adab909-eb8f-4baf-9eed-7a4cc889cb7c,79:A7:9C:86:56:CF,NA,-87
1762780603318,0adab909-eb8f-4baf-9eed-7a4cc889cb7c,69:7E:25:86:E9:6B,NA,-79
1762780603344,0adab909-eb8f-4baf-9eed-7a4cc889cb7c,75:0F:C3:7C:33:F8,NA,-85
1762780603359,0adab909-eb8f-4baf-9eed-7a4cc889cb7c,53:F4:E2:1C:0F:E1,NA,-77
1762780603651,0adab909-eb8f-4baf-9eed-7a4cc889cb7c,71:7F:87:0C:8D:A7,NA,-88
1762780604031,0adab909-eb8f-4baf-9eed-7a4cc889cb7c,C0:3C:59:48:48:D7,ODIONS-SR,-100
1762780604321,0adab909-eb8f-4baf-9eed-7a4cc889cb7c,40:B5:0D:1C:B2:E8,NA,-66
1762780605316,0adab909-eb8f-4baf-9eed-7a4cc889cb7c,65:E1:39:C3:AB:4F,NA,-81
1762780605575,0adab909-eb8f-4baf-9eed-7a4cc889cb7c,98:04:ED:A2:3E:1C,S295b50867b2bc14bC,-86
1762780606536,0adab909-eb8f-4baf-9eed-7a4cc889cb7c,05:70:7A:10:CF:30,NA,-90
1762780607914,0adab909-eb8f-4baf-9eed-7a4cc889cb7c,68:CA:C4:8A:40:9C,mbasg,-100
1762780608779,0adab909-eb8f-4baf-9eed-7a4cc889cb7c,62:36:1F:6A:F5:5B,NA,-87
1762780610669,0adab909-eb8f-4baf-9eed-7a4cc889cb7c,49:41:CC:2A:46:58,NA,-87
1762780611059,0adab909-eb8f-4baf-9eed-7a4cc889cb7c,4D:31:70:07:9B:B5,NA,-78
1762780611336,0adab909-eb8f-4baf-9eed-7a4cc889cb7c,84:25:3F:A3:1F:C2,mitte-home MH22340108,-91
1762780615768,0adab909-eb8f-4baf-9eed-7a4cc889cb7c,C0:3C:59:48:48:D7,ODIONS-SR,-100
1762781202340,0adab909-eb8f-4baf-9eed-7a4cc889cb7c,6F:3D:4A:23:33:28,NA,-82
1762781202694,0adab909-eb8f-4baf-9eed-7a4cc889cb7c,53:F4:E2:1C:0F:E1,NA,-69
1762781202723,0adab909-eb8f-4baf-9eed-7a4cc889cb7c,6B:01:8C:E3:88:FB,NA,-66
1762781202736,0adab909-eb8f-4baf-9eed-7a4cc889cb7c,65:BC:A7:C5:37:8C,NA,-94
1762781203047,0adab909-eb8f-4baf-9eed-7a4cc889cb7c,44:C2:12:71:78:FD,NA,-83
1762781203078,0adab909-eb8f-4baf-9eed-7a4cc889cb7c,65:E1:39:C3:AB:4F,NA,-85
1762781203350,0adab909-eb8f-4baf-9eed-7a4cc889cb7c,5C:CF:70:45:0F:E4,NA,-89
1762781203671,0adab909-eb8f-4baf-9eed-7a4cc889cb7c,7A:6F:C3:05:B8:3C,NA,-81
1762781203891,0adab909-eb8f-4baf-9eed-7a4cc889cb7c,68:CA:C4:8A:40:9C,mbasg,-100
1762781204310,0adab909-eb8f-4baf-9eed-7a4cc889cb7c,63:6C:BF:DE:2D:F7,NA,-89
1762781204326,0adab909-eb8f-4baf-9eed-7a4cc889cb7c,4D:31:70:07:9B:B5,NA,-72
1762781204338,0adab909-eb8f-4baf-9eed-7a4cc889cb7c,84:25:3F:A3:1F:C2,mitte-home MH22340108,-91
1762781204351,0adab909-eb8f-4baf-9eed-7a4cc889cb7c,C0:3C:59:48:48:D7,ODIONS-SR,-100
1762781204669,0adab909-eb8f-4baf-9eed-7a4cc889cb7c,75:0F:C3:7C:33:F8,NA,-91
1762781204933,0adab909-eb8f-4baf-9eed-7a4cc889cb7c,37:7D:26:D9:13:4C,NA,-92
1762781205639,0adab909-eb8f-4baf-9eed-7a4cc889cb7c,40:B5:0D:1C:B2:E8,NA,-67
1762781206889,0adab909-eb8f-4baf-9eed-7a4cc889cb7c,75:2B:38:28:60:98,NA,-88
1762781208815,0adab909-eb8f-4baf-9eed-7a4cc889cb7c,71:7F:87:0C:8D:A7,NA,-88
1762781209509,0adab909-eb8f-4baf-9eed-7a4cc889cb7c,C0:3C:59:48:48:D7,ODIONS-SR,-86
1762781674376,0adab909-eb8f-4baf-9eed-7a4cc889cb7c,4F:45:B5:94:AF:6E,NA,-64
1762781674419,0adab909-eb8f-4baf-9eed-7a4cc889cb7c,60:CF:24:B6:61:7B,NA,-84
1762781674752,0adab909-eb8f-4baf-9eed-7a4cc889cb7c,63:6C:BF:DE:2D:F7,NA,-92
1762781674776,0adab909-eb8f-4baf-9eed-7a4cc889cb7c,65:E1:39:C3:AB:4F,NA,-73
1762781674788,0adab909-eb8f-4baf-9eed-7a4cc889cb7c,84:25:3F:A3:1F:C2,mitte-home MH22340108,-86
1762781675042,0adab909-eb8f-4baf-9eed-7a4cc889cb7c,4D:31:70:07:9B:B5,NA,-75
1762781675105,0adab909-eb8f-4baf-9eed-7a4cc889cb7c,68:CA:C4:8A:40:9C,mbasg,-98
1762781675426,0adab909-eb8f-4baf-9eed-7a4cc889cb7c,53:F4:E2:1C:0F:E1,NA,-68
1762781675676,0adab909-eb8f-4baf-9eed-7a4cc889cb7c,44:C2:12:71:78:FD,NA,-72
1762781676066,0adab909-eb8f-4baf-9eed-7a4cc889cb7c,6B:01:8C:E3:88:FB,NA,-65
1762781677619,0adab909-eb8f-4baf-9eed-7a4cc889cb7c,5C:CF:70:45:0F:E4,NA,-91
1762781677640,0adab909-eb8f-4baf-9eed-7a4cc889cb7c,65:BC:A7:C5:37:8C,NA,-90
1762781677981,0adab909-eb8f-4baf-9eed-7a4cc889cb7c,C0:3C:59:48:48:D7,ODIONS-SR,-83
1762781679535,0adab909-eb8f-4baf-9eed-7a4cc889cb7c,51:90:CD:47:9A:A5,NA,-85
1762781679554,0adab909-eb8f-4baf-9eed-7a4cc889cb7c,6F:3D:4A:23:33:28,NA,-65
1762781680178,0adab909-eb8f-4baf-9eed-7a4cc889cb7c,64:C7:0C:F3:F4:5E,NA,-93
1762781680456,0adab909-eb8f-4baf-9eed-7a4cc889cb7c,98:04:ED:A2:3E:1C,S295b50867b2bc14bC,-86
1762781685270,0adab909-eb8f-4baf-9eed-7a4cc889cb7c,C0:3C:59:48:48:D7,ODIONS-SR,-86
1762781685644,0adab909-eb8f-4baf-9eed-7a4cc889cb7c,75:2B:38:28:60:98,NA,-88
1762782273324,0adab909-eb8f-4baf-9eed-7a4cc889cb7c,76:5B:A7:93:D5:9C,NA,-73
1762782273666,0adab909-eb8f-4baf-9eed-7a4cc889cb7c,6B:7C:0A:AF:66:01,NA,-84
1762782273683,0adab909-eb8f-4baf-9eed-7a4cc889cb7c,4A:6B:59:BD:47:F9,NA,-79
1762782273701,0adab909-eb8f-4baf-9eed-7a4cc889cb7c,49:F2:34:A4:8D:F3,NA,-85
1762782273712,0adab909-eb8f-4baf-9eed-7a4cc889cb7c,6D:C2:0A:A9:7D:32,NA,-91
1762782273723,0adab909-eb8f-4baf-9eed-7a4cc889cb7c,4D:D3:1E:D0:65:0F,NA,-62
1762782274014,0adab909-eb8f-4baf-9eed-7a4cc889cb7c,4F:45:B5:94:AF:6E,NA,-57
1762782274670,0adab909-eb8f-4baf-9eed-7a4cc889cb7c,59:59:13:1B:AF:2F,NA,-75
1762782274964,0adab909-eb8f-4baf-9eed-7a4cc889cb7c,62:05:03:97:69:2D,NA,-90
1762782274979,0adab909-eb8f-4baf-9eed-7a4cc889cb7c,98:04:ED:A2:3E:1C,S295b50867b2bc14bC,-81
1762782276051,0adab909-eb8f-4baf-9eed-7a4cc889cb7c,68:CA:C4:8A:40:9C,mbasg,-100
1762782276251,0adab909-eb8f-4baf-9eed-7a4cc889cb7c,84:25:3F:A3:1F:C2,mitte-home MH22340108,-91
1762782276676,0adab909-eb8f-4baf-9eed-7a4cc889cb7c,C0:3C:59:48:48:D7,ODIONS-SR,-100
1762782277532,0adab909-eb8f-4baf-9eed-7a4cc889cb7c,7D:CB:82:6C:6A:C7,NA,-71
1762782277552,0adab909-eb8f-4baf-9eed-7a4cc889cb7c,44:C2:12:71:78:FD,NA,-83
1762782277847,0adab909-eb8f-4baf-9eed-7a4cc889cb7c,01:6D:90:F5:CC:31,NA,-92
1762782277875,0adab909-eb8f-4baf-9eed-7a4cc889cb7c,43:77:D2:76:CD:77,NA,-88
1762782278778,0adab909-eb8f-4baf-9eed-7a4cc889cb7c,08:95:5E:9B:8A:DC,NA,-90
1762782278801,0adab909-eb8f-4baf-9eed-7a4cc889cb7c,4D:8E:02:9E:E6:FC,NA,-90
1762782278813,0adab909-eb8f-4baf-9eed-7a4cc889cb7c,1B:69:CA:42:A7:E6,NA,-89
1762782281051,0adab909-eb8f-4baf-9eed-7a4cc889cb7c,68:9C:23:B8:D4:E9,NA,-88
1762782281782,0adab909-eb8f-4baf-9eed-7a4cc889cb7c,C0:3C:59:48:48:D7,ODIONS-SR,-87
1762782285540,0adab909-eb8f-4baf-9eed-7a4cc889cb7c,4D:2C:2A:63:45:4B,NA,-91
1762783174962,0adab909-eb8f-4baf-9eed-7a4cc889cb7c,4A:6B:59:BD:47:F9,NA,-84
1762783175267,0adab909-eb8f-4baf-9eed-7a4cc889cb7c,7B:A5:5B:D9:4D:55,NA,-90
1762783175281,0adab909-eb8f-4baf-9eed-7a4cc889cb7c,7D:CB:82:6C:6A:C7,NA,-63
1762783175293,0adab909-eb8f-4baf-9eed-7a4cc889cb7c,5A:90:A5:E9:F7:DA,NA,-84
1762783175304,0adab909-eb8f-4baf-9eed-7a4cc889cb7c,6D:C2:0A:A9:7D:32,NA,-90
1762783175318,0adab909-eb8f-4baf-9eed-7a4cc889cb7c,68:CA:C4:8A:40:9C,mbasg,-100
1762783175332,0adab909-eb8f-4baf-9eed-7a4cc889cb7c,C0:3C:59:48:48:D7,ODIONS-SR,-86
1762783175414,0adab909-eb8f-4baf-9eed-7a4cc889cb7c,68:48:B3:B2:FC:B5,NA,-56
1762783175784,0adab909-eb8f-4baf-9eed-7a4cc889cb7c,6C:58:11:49:92:AA,NA,-72
1762783176016,0adab909-eb8f-4baf-9eed-7a4cc889cb7c,52:2B:6B:C8:57:8D,NA,-91
1762783176398,0adab909-eb8f-4baf-9eed-7a4cc889cb7c,98:04:ED:A2:3E:1C,S295b50867b2bc14bC,-86
1762783176416,0adab909-eb8f-4baf-9eed-7a4cc889cb7c,55:D5:55:69:01:C0,NA,-91
1762783176690,0adab909-eb8f-4baf-9eed-7a4cc889cb7c,75:9F:77:04:E2:AF,NA,-53
1762783176746,0adab909-eb8f-4baf-9eed-7a4cc889cb7c,62:D9:A5:25:41:54,NA,-91
1762783177674,0adab909-eb8f-4baf-9eed-7a4cc889cb7c,5C:54:DA:AA:3F:A8,NA,-97
1762783178027,0adab909-eb8f-4baf-9eed-7a4cc889cb7c,6E:AE:DD:DB:E3:07,NA,-91
1762783178568,0adab909-eb8f-4baf-9eed-7a4cc889cb7c,50:40:D7:06:B0:A4,NA,-88
1762783178609,0adab909-eb8f-4baf-9eed-7a4cc889cb7c,44:EC:72:0A:8A:53,NA,-95
1762783180244,0adab909-eb8f-4baf-9eed-7a4cc889cb7c,61:DA:8F:33:E7:6D,NA,-71
1762783182220,0adab909-eb8f-4baf-9eed-7a4cc889cb7c,68:CA:C4:8A:40:9C,mbasg,-100
1762783182768,0adab909-eb8f-4baf-9eed-7a4cc889cb7c,62:15:B6:3D:6B:01,NA,-92
1762783183113,0adab909-eb8f-4baf-9eed-7a4cc889cb7c,45:99:09:07:B7:3D,NA,-92
1762783707344,0adab909-eb8f-4baf-9eed-7a4cc889cb7c,5E:DF:12:05:C6:DC,NA,-70
1762783707638,0adab909-eb8f-4baf-9eed-7a4cc889cb7c,75:9F:77:04:E2:AF,NA,-58
1762783707659,0adab909-eb8f-4baf-9eed-7a4cc889cb7c,4A:6B:59:BD:47:F9,NA,-76
1762783707979,0adab909-eb8f-4baf-9eed-7a4cc889cb7c,7B:A5:5B:D9:4D:55,NA,-94
1762783708331,0adab909-eb8f-4baf-9eed-7a4cc889cb7c,84:25:3F:A3:1F:C2,mitte-home MH22340108,-87
1762783708350,0adab909-eb8f-4baf-9eed-7a4cc889cb7c,64:35:22:C7:3B:87,NA,-90
1762783708622,0adab909-eb8f-4baf-9eed-7a4cc889cb7c,45:99:09:07:B7:3D,NA,-84
1762783709235,0adab909-eb8f-4baf-9eed-7a4cc889cb7c,79:EA:88:A9:5A:7A,NA,-86
1762783709258,0adab909-eb8f-4baf-9eed-7a4cc889cb7c,6F:67:6A:28:C2:A5,NA,-80
1762783710246,0adab909-eb8f-4baf-9eed-7a4cc889cb7c,52:37:A7:A6:82:D3,NA,-87
1762783710274,0adab909-eb8f-4baf-9eed-7a4cc889cb7c,C0:3C:59:48:48:D7,ODIONS-SR,-82
1762783710835,0adab909-eb8f-4baf-9eed-7a4cc889cb7c,5C:54:DA:AA:3F:A8,NA,-91
1762783710956,0adab909-eb8f-4baf-9eed-7a4cc889cb7c,68:CA:C4:8A:40:9C,mbasg,-100
1762783711212,0adab909-eb8f-4baf-9eed-7a4cc889cb7c,6C:58:11:49:92:AA,NA,-63
1762783711512,0adab909-eb8f-4baf-9eed-7a4cc889cb7c,62:15:B6:3D:6B:01,NA,-91
1762783712509,0adab909-eb8f-4baf-9eed-7a4cc889cb7c,68:CA:C4:8A:40:9C,mbasg,-100
1762783713411,0adab909-eb8f-4baf-9eed-7a4cc889cb7c,1E:3D:5C:28:CB:5F,NA,-88
1762783713790,0adab909-eb8f-4baf-9eed-7a4cc889cb7c,50:40:D7:06:B0:A4,NA,-81
1762783713809,0adab909-eb8f-4baf-9eed-7a4cc889cb7c,98:04:ED:A2:3E:1C,S295b50867b2bc14bC,-77
1762783714398,0adab909-eb8f-4baf-9eed-7a4cc889cb7c,6A:22:8A:36:1F:58,NA,-84
1762783716293,0adab909-eb8f-4baf-9eed-7a4cc889cb7c,44:20:6F:3C:A8:EB,NA,-93
1762783717233,0adab909-eb8f-4baf-9eed-7a4cc889cb7c,7D:88:A5:0F:D6:03,NA,-83
1762783718227,0adab909-eb8f-4baf-9eed-7a4cc889cb7c,4C:AA:4F:21:60:75,NA,-90
1762783719216,0adab909-eb8f-4baf-9eed-7a4cc889cb7c,6B:31:02:04:5C:BA,NA,-91
1762783719230,0adab909-eb8f-4baf-9eed-7a4cc889cb7c,55:D5:55:69:01:C0,NA,-84
1762783719241,0adab909-eb8f-4baf-9eed-7a4cc889cb7c,44:EC:72:0A:8A:53,NA,-86
1762784091626,0adab909-eb8f-4baf-9eed-7a4cc889cb7c,68:48:B3:B2:FC:B5,NA,-71
1762784091639,0adab909-eb8f-4baf-9eed-7a4cc889cb7c,84:25:3F:A3:1F:C2,mitte-home MH22340108,-87
1762784091662,0adab909-eb8f-4baf-9eed-7a4cc889cb7c,6D:4D:E1:48:83:E0,NA,-90
1762784091677,0adab909-eb8f-4baf-9eed-7a4cc889cb7c,6F:72:D2:01:AF:35,NA,-63
1762784091862,0adab909-eb8f-4baf-9eed-7a4cc889cb7c,C0:3C:59:48:48:D7,ODIONS-SR,-100
1762784092317,0adab909-eb8f-4baf-9eed-7a4cc889cb7c,50:40:D7:06:B0:A4,NA,-91
1762784092336,0adab909-eb8f-4baf-9eed-7a4cc889cb7c,77:3C:8F:B7:D1:57,NA,-88
1762784093247,0adab909-eb8f-4baf-9eed-7a4cc889cb7c,6A:22:8A:36:1F:58,NA,-92
1762784093561,0adab909-eb8f-4baf-9eed-7a4cc889cb7c,6C:58:11:49:92:AA,NA,-87
1762784093574,0adab909-eb8f-4baf-9eed-7a4cc889cb7c,6F:67:6A:28:C2:A5,NA,-80
1762784096476,0adab909-eb8f-4baf-9eed-7a4cc889cb7c,59:F4:DF:DF:B7:94,NA,-93
1762784096801,0adab909-eb8f-4baf-9eed-7a4cc889cb7c,5E:DF:12:05:C6:DC,NA,-83
1762784097782,0adab909-eb8f-4baf-9eed-7a4cc889cb7c,79:E4:B3:A9:FD:45,NA,-76
1762784098291,0adab909-eb8f-4baf-9eed-7a4cc889cb7c,C0:3C:59:48:48:D7,ODIONS-SR,-97
1762784103179,0adab909-eb8f-4baf-9eed-7a4cc889cb7c,62:15:B6:3D:6B:01,NA,-94
1762784752452,0adab909-eb8f-4baf-9eed-7a4cc889cb7c,6F:B5:DF:5F:AA:9C,NA,-70
1762784752582,0adab909-eb8f-4baf-9eed-7a4cc889cb7c,C0:3C:59:48:48:D7,ODIONS-SR,-100
1762784752705,0adab909-eb8f-4baf-9eed-7a4cc889cb7c,54:C1:39:E8:29:2F,NA,-81
1762784752737,0adab909-eb8f-4baf-9eed-7a4cc889cb7c,5E:DF:12:05:C6:DC,NA,-83
1762784753010,0adab909-eb8f-4baf-9eed-7a4cc889cb7c,6B:34:7E:B5:5F:17,NA,-78
1762784753674,0adab909-eb8f-4baf-9eed-7a4cc889cb7c,84:25:3F:A3:1F:C2,mitte-home MH22340108,-88
1762784753936,0adab909-eb8f-4baf-9eed-7a4cc889cb7c,53:1B:DF:AE:9D:AF,NA,-91
1762784753951,0adab909-eb8f-4baf-9eed-7a4cc889cb7c,5D:86:48:28:6D:CD,NA,-90
1762784753970,0adab909-eb8f-4baf-9eed-7a4cc889cb7c,43:DF:7A:7E:26:B8,NA,-89
1762784754116,0adab909-eb8f-4baf-9eed-7a4cc889cb7c,68:CA:C4:8A:40:9C,mbasg,-100
1762784754264,0adab909-eb8f-4baf-9eed-7a4cc889cb7c,6F:72:D2:01:AF:35,NA,-61
1762784754909,0adab909-eb8f-4baf-9eed-7a4cc889cb7c,75:13:CC:4E:09:58,NA,-91
1762784755278,0adab909-eb8f-4baf-9eed-7a4cc889cb7c,79:E4:B3:A9:FD:45,NA,-85
1762784755917,0adab909-eb8f-4baf-9eed-7a4cc889cb7c,6D:4D:E1:48:83:E0,NA,-90
1762784756887,0adab909-eb8f-4baf-9eed-7a4cc889cb7c,98:04:ED:A2:3E:1C,S295b50867b2bc14bC,-87
1762784758151,0adab909-eb8f-4baf-9eed-7a4cc889cb7c,77:3C:8F:B7:D1:57,NA,-88
1762784758837,0adab909-eb8f-4baf-9eed-7a4cc889cb7c,C0:3C:59:48:48:D7,ODIONS-SR,-82
1762784760681,0adab909-eb8f-4baf-9eed-7a4cc889cb7c,6F:67:6A:28:C2:A5,NA,-84
1762784761676,0adab909-eb8f-4baf-9eed-7a4cc889cb7c,6F:79:FE:4A:85:10,NA,-89
1762784761698,0adab909-eb8f-4baf-9eed-7a4cc889cb7c,4C:D2:AC:78:F9:17,NA,-88
1762785287246,0adab909-eb8f-4baf-9eed-7a4cc889cb7c,55:82:8A:DB:0A:A9,NA,-90
1762785287272,0adab909-eb8f-4baf-9eed-7a4cc889cb7c,6F:72:D2:01:AF:35,NA,-64
1762785287303,0adab909-eb8f-4baf-9eed-7a4cc889cb7c,50:69:F7:62:10:94,NA,-72
1762785287514,0adab909-eb8f-4baf-9eed-7a4cc889cb7c,C0:3C:59:48:48:D7,ODIONS-SR,-100
1762785287955,0adab909-eb8f-4baf-9eed-7a4cc889cb7c,6F:B5:DF:5F:AA:9C,NA,-73
1762785287970,0adab909-eb8f-4baf-9eed-7a4cc889cb7c,79:E4:B3:A9:FD:45,NA,-75
1762785287981,0adab909-eb8f-4baf-9eed-7a4cc889cb7c,6F:79:FE:4A:85:10,NA,-88
1762785287990,0adab909-eb8f-4baf-9eed-7a4cc889cb7c,84:25:3F:A3:1F:C2,mitte-home MH22340108,-93
1762785288001,0adab909-eb8f-4baf-9eed-7a4cc889cb7c,4C:D2:AC:78:F9:17,NA,-88
1762785288248,0adab909-eb8f-4baf-9eed-7a4cc889cb7c,68:CA:C4:8A:40:9C,mbasg,-100
1762785288901,0adab909-eb8f-4baf-9eed-7a4cc889cb7c,4C:56:AA:D8:EB:47,NA,-87
1762785288918,0adab909-eb8f-4baf-9eed-7a4cc889cb7c,6B:34:7E:B5:5F:17,NA,-76
1762785288931,0adab909-eb8f-4baf-9eed-7a4cc889cb7c,7E:6C:6B:D7:FA:78,NA,-75
1762785289463,0adab909-eb8f-4baf-9eed-7a4cc889cb7c,68:CA:C4:8A:40:9C,mbasg,-100
1762785289880,0adab909-eb8f-4baf-9eed-7a4cc889cb7c,48:8E:6D:1D:B8:5E,NA,-91
1762785290115,0adab909-eb8f-4baf-9eed-7a4cc889cb7c,C0:3C:59:48:48:D7,ODIONS-SR,-88
1762785291776,0adab909-eb8f-4baf-9eed-7a4cc889cb7c,54:C1:39:E8:29:2F,NA,-82
1762785292401,0adab909-eb8f-4baf-9eed-7a4cc889cb7c,76:CA:00:E8:1E:AB,NA,-85
1762785292419,0adab909-eb8f-4baf-9eed-7a4cc889cb7c,7F:5C:94:5F:CC:6C,NA,-89
1762785296270,0adab909-eb8f-4baf-9eed-7a4cc889cb7c,98:04:ED:A2:3E:1C,S295b50867b2bc14bC,-83
1762786135315,0adab909-eb8f-4baf-9eed-7a4cc889cb7c,7E:34:2A:C4:BE:2C,NA,-69
1762786135392,0adab909-eb8f-4baf-9eed-7a4cc889cb7c,98:04:ED:A2:3E:1C,S295b50867b2bc14bC,-85
1762786135753,0adab909-eb8f-4baf-9eed-7a4cc889cb7c,50:69:F7:62:10:94,NA,-74
1762786137601,0adab909-eb8f-4baf-9eed-7a4cc889cb7c,57:34:53:8B:20:23,NA,-80
1762786137987,0adab909-eb8f-4baf-9eed-7a4cc889cb7c,C0:3C:59:48:48:D7,ODIONS-SR,-86
1762786138015,0adab909-eb8f-4baf-9eed-7a4cc889cb7c,84:25:3F:A3:1F:C2,mitte-home MH22340108,-91
1762786138032,0adab909-eb8f-4baf-9eed-7a4cc889cb7c,6A:F5:5F:46:63:AD,NA,-76
1762786139406,0adab909-eb8f-4baf-9eed-7a4cc889cb7c,59:CC:1D:CB:80:99,NA,-84
1762786139538,0adab909-eb8f-4baf-9eed-7a4cc889cb7c,43:66:5B:F5:12:F3,NA,-77
1762786140145,0adab909-eb8f-4baf-9eed-7a4cc889cb7c,68:E4:D3:51:8F:5C,NA,-84
1762786735258,0adab909-eb8f-4baf-9eed-7a4cc889cb7c,57:34:53:8B:20:23,NA,-76
1762786735275,0adab909-eb8f-4baf-9eed-7a4cc889cb7c,98:04:ED:A2:3E:1C,S295b50867b2bc14bC,-85
1762786735624,0adab909-eb8f-4baf-9eed-7a4cc889cb7c,43:66:5B:F5:12:F3,NA,-80
1762786736284,0adab909-eb8f-4baf-9eed-7a4cc889cb7c,78:95:0C:4D:47:26,NA,-73
1762786736324,0adab909-eb8f-4baf-9eed-7a4cc889cb7c,6A:F5:5F:46:63:AD,NA,-64
1762786736918,0adab909-eb8f-4baf-9eed-7a4cc889cb7c,67:57:58:9A:F7:C2,NA,-69
1762786737248,0adab909-eb8f-4baf-9eed-7a4cc889cb7c,84:25:3F:A3:1F:C2,mitte-home MH22340108,-87
1762786737647,0adab909-eb8f-4baf-9eed-7a4cc889cb7c,C0:3C:59:48:48:D7,ODIONS-SR,-100
1762786738162,0adab909-eb8f-4baf-9eed-7a4cc889cb7c,59:CC:1D:CB:80:99,NA,-74
1762786741386,0adab909-eb8f-4baf-9eed-7a4cc889cb7c,4A:FF:A6:01:15:D7,NA,-88
1762786744153,0adab909-eb8f-4baf-9eed-7a4cc889cb7c,C0:3C:59:48:48:D7,ODIONS-SR,-81
1762786747803,0adab909-eb8f-4baf-9eed-7a4cc889cb7c,68:E4:D3:51:8F:5C,NA,-76
1762787140302,0adab909-eb8f-4baf-9eed-7a4cc889cb7c,78:95:0C:4D:47:26,NA,-77
1762787140650,0adab909-eb8f-4baf-9eed-7a4cc889cb7c,84:25:3F:A3:1F:C2,mitte-home MH22340108,-82
1762787140664,0adab909-eb8f-4baf-9eed-7a4cc889cb7c,98:04:ED:A2:3E:1C,S295b50867b2bc14bC,-86
1762787140705,0adab909-eb8f-4baf-9eed-7a4cc889cb7c,73:09:69:A5:2F:7C,NA,-82
1762787141333,0adab909-eb8f-4baf-9eed-7a4cc889cb7c,57:34:53:8B:20:23,NA,-72
1762787141352,0adab909-eb8f-4baf-9eed-7a4cc889cb7c,67:57:58:9A:F7:C2,NA,-70
1762787141401,0adab909-eb8f-4baf-9eed-7a4cc889cb7c,C0:3C:59:48:48:D7,ODIONS-SR,-100
1762787141971,0adab909-eb8f-4baf-9eed-7a4cc889cb7c,43:66:5B:F5:12:F3,NA,-76
1762787141994,0adab909-eb8f-4baf-9eed-7a4cc889cb7c,6A:F5:5F:46:63:AD,NA,-69
1762787148776,0adab909-eb8f-4baf-9eed-7a4cc889cb7c,C0:3C:59:48:48:D7,ODIONS-SR,-81
1762787740467,0adab909-eb8f-4baf-9eed-7a4cc889cb7c,67:57:58:9A:F7:C2,NA,-62
1762787740480,0adab909-eb8f-4baf-9eed-7a4cc889cb7c,84:25:3F:A3:1F:C2,mitte-home MH22340108,-88
1762787740618,0adab909-eb8f-4baf-9eed-7a4cc889cb7c,98:04:ED:A2:3E:1C,S295b50867b2bc14bC,-79
1762787740959,0adab909-eb8f-4baf-9eed-7a4cc889cb7c,73:67:F1:5B:BE:2D,NA,-73
1762787741298,0adab909-eb8f-4baf-9eed-7a4cc889cb7c,69:ED:62:55:A3:44,NA,-74
1762787741392,0adab909-eb8f-4baf-9eed-7a4cc889cb7c,C0:3C:59:48:48:D7,ODIONS-SR,-85
1762787741607,0adab909-eb8f-4baf-9eed-7a4cc889cb7c,78:95:0C:4D:47:26,NA,-71
1762787743839,0adab909-eb8f-4baf-9eed-7a4cc889cb7c,73:09:69:A5:2F:7C,NA,-74
1762787743857,0adab909-eb8f-4baf-9eed-7a4cc889cb7c,57:34:53:8B:20:23,NA,-78
1762787744471,0adab909-eb8f-4baf-9eed-7a4cc889cb7c,48:CE:E3:79:18:91,NA,-75
1762788338963,0adab909-eb8f-4baf-9eed-7a4cc889cb7c,84:25:3F:A3:1F:C2,mitte-home MH22340108,-77
1762788339173,0adab909-eb8f-4baf-9eed-7a4cc889cb7c,98:04:ED:A2:3E:1C,S295b50867b2bc14bC,-77
1762788339193,0adab909-eb8f-4baf-9eed-7a4cc889cb7c,73:67:F1:5B:BE:2D,NA,-73
1762788340103,0adab909-eb8f-4baf-9eed-7a4cc889cb7c,C0:3C:59:48:48:D7,ODIONS-SR,-100
1762788342581,0adab909-eb8f-4baf-9eed-7a4cc889cb7c,64:FB:77:BB:4F:87,NA,-70
1762788342622,0adab909-eb8f-4baf-9eed-7a4cc889cb7c,C0:3C:59:48:48:D7,ODIONS-SR,-81
1762788348741,0adab909-eb8f-4baf-9eed-7a4cc889cb7c,69:ED:62:55:A3:44,NA,-74
1762788869707,0adab909-eb8f-4baf-9eed-7a4cc889cb7c,17:01:01:01:42:41,SWL-BT,-77
1762788870104,0adab909-eb8f-4baf-9eed-7a4cc889cb7c,54:29:64:FA:3D:06,NA,-80
1762788870405,0adab909-eb8f-4baf-9eed-7a4cc889cb7c,6C:0B:5E:31:4B:87,NA,-84
1762788870432,0adab909-eb8f-4baf-9eed-7a4cc889cb7c,45:7A:46:DE:FB:DD,NA,-83
1762788871060,0adab909-eb8f-4baf-9eed-7a4cc889cb7c,46:9A:74:ED:1A:DA,NA,-89
1762788873246,0adab909-eb8f-4baf-9eed-7a4cc889cb7c,6B:BF:12:AD:7B:60,NA,-81
1762788874925,0adab909-eb8f-4baf-9eed-7a4cc889cb7c,50:19:06:13:C2:40,NA,-75
1762788878082,0adab909-eb8f-4baf-9eed-7a4cc889cb7c,A4:04:50:14:F7:AD,My VW 1468,-93
1762788878137,0adab909-eb8f-4baf-9eed-7a4cc889cb7c,59:D3:36:4F:12:F3,NA,-86
1762788879395,0adab909-eb8f-4baf-9eed-7a4cc889cb7c,27:26:99:60:44:99,NA,-80
1762788879670,0adab909-eb8f-4baf-9eed-7a4cc889cb7c,F4:A0:C3:BF:91:EC,IDW19,-89
1762788879694,0adab909-eb8f-4baf-9eed-7a4cc889cb7c,30:04:FF:56:F7:98,NA,-92
1762788880077,0adab909-eb8f-4baf-9eed-7a4cc889cb7c,F0:A3:B2:6B:37:FB,NA,-100
1762788895599,0adab909-eb8f-4baf-9eed-7a4cc889cb7c,05:81:2A:23:4C:9A,NA,-73
1762788895624,0adab909-eb8f-4baf-9eed-7a4cc889cb7c,6C:0B:5E:31:4B:87,NA,-68
1762788895640,0adab909-eb8f-4baf-9eed-7a4cc889cb7c,2A:53:24:7D:CB:93,NA,-75
1762788895662,0adab909-eb8f-4baf-9eed-7a4cc889cb7c,0D:49:31:36:FD:BF,NA,-90
1762788895680,0adab909-eb8f-4baf-9eed-7a4cc889cb7c,1C:86:9A:3B:44:DF,NA,-88
1762788895700,0adab909-eb8f-4baf-9eed-7a4cc889cb7c,16:E4:76:D6:DB:38,NA,-83
1762788896658,0adab909-eb8f-4baf-9eed-7a4cc889cb7c,2F:7F:A0:12:31:AA,NA,-89
1762788896693,0adab909-eb8f-4baf-9eed-7a4cc889cb7c,BC:45:5B:54:96:60,NA,-92
1762788896719,0adab909-eb8f-4baf-9eed-7a4cc889cb7c,E1:12:5F:7E:45:2C,SmartSolar HQ22233C6AR,-83
1762788896745,0adab909-eb8f-4baf-9eed-7a4cc889cb7c,23:3E:64:54:78:9D,NA,-79
1762788896772,0adab909-eb8f-4baf-9eed-7a4cc889cb7c,5B:3D:C1:43:47:6A,NA,-88
1762788896802,0adab909-eb8f-4baf-9eed-7a4cc889cb7c,54:29:64:FA:3D:06,NA,-88
1762788896823,0adab909-eb8f-4baf-9eed-7a4cc889cb7c,68:72:C3:D5:23:41,NA,-90
1762788896849,0adab909-eb8f-4baf-9eed-7a4cc889cb7c,D4:9D:C0:5C:13:9B,NA,-88
1762788896898,0adab909-eb8f-4baf-9eed-7a4cc889cb7c,27:26:99:60:44:99,NA,-84
1762788897650,0adab909-eb8f-4baf-9eed-7a4cc889cb7c,F2:EA:67:A9:CE:12,NA,-93
1762788897712,0adab909-eb8f-4baf-9eed-7a4cc889cb7c,57:7E:FD:C5:C8:24,NA,-87
1762789477934,0adab909-eb8f-4baf-9eed-7a4cc889cb7c,E6:68:C6:AB:E4:2D,SumUp 418,-88
1762789478222,0adab909-eb8f-4baf-9eed-7a4cc889cb7c,58:5C:6D:67:49:92,NA,-93
1762789478250,0adab909-eb8f-4baf-9eed-7a4cc889cb7c,6F:F2:26:06:9D:FD,NA,-88
1762789489629,0adab909-eb8f-4baf-9eed-7a4cc889cb7c,84:C8:A0:8B:BD:3D,JBL BAR 800,-80
1762790086307,0adab909-eb8f-4baf-9eed-7a4cc889cb7c,4C:5A:C5:9F:11:43,NA,-85
1762790087281,0adab909-eb8f-4baf-9eed-7a4cc889cb7c,44:2A:0B:73:43:52,NA,-83
1762790709061,0adab909-eb8f-4baf-9eed-7a4cc889cb7c,E6:68:C6:AB:E4:2D,SumUp 418,-88
1762790721983,0adab909-eb8f-4baf-9eed-7a4cc889cb7c,E6:68:C6:AB:E4:2D,SumUp 418,-81
1762791280761,0adab909-eb8f-4baf-9eed-7a4cc889cb7c,E6:68:C6:AB:E4:2D,SumUp 418,-88
1762791280809,0adab909-eb8f-4baf-9eed-7a4cc889cb7c,45:FA:6F:85:BA:17,NA,-87
1762791282400,0adab909-eb8f-4baf-9eed-7a4cc889cb7c,5A:A0:3A:0D:FF:DA,NA,-85
1762791292903,0adab909-eb8f-4baf-9eed-7a4cc889cb7c,E6:68:C6:AB:E4:2D,SumUp 418,-89
1762791294891,0adab909-eb8f-4baf-9eed-7a4cc889cb7c,84:C8:A0:8B:BD:3D,JBL BAR 800,-84
1762791294939,0adab909-eb8f-4baf-9eed-7a4cc889cb7c,5A:A0:3A:0D:FF:DA,NA,-86
1762792128490,0adab909-eb8f-4baf-9eed-7a4cc889cb7c,40:84:C0:11:62:C4,NA,-92
1762792128933,0adab909-eb8f-4baf-9eed-7a4cc889cb7c,5A:A0:3A:0D:FF:DA,NA,-89
1762792130161,0adab909-eb8f-4baf-9eed-7a4cc889cb7c,E6:68:C6:AB:E4:2D,SumUp 418,-86
1762792131066,0adab909-eb8f-4baf-9eed-7a4cc889cb7c,7C:02:C6:DF:75:BA,NA,-87
1762792140536,0adab909-eb8f-4baf-9eed-7a4cc889cb7c,84:C8:A0:8B:BD:3D,JBL BAR 800,-80
1762792140561,0adab909-eb8f-4baf-9eed-7a4cc889cb7c,E6:68:C6:AB:E4:2D,SumUp 418,-85
1762792141486,0adab909-eb8f-4baf-9eed-7a4cc889cb7c,7C:02:C6:DF:75:BA,NA,-85
1762792141563,0adab909-eb8f-4baf-9eed-7a4cc889cb7c,5A:A0:3A:0D:FF:DA,NA,-90
1762792542608,0adab909-eb8f-4baf-9eed-7a4cc889cb7c,79:F4:35:8B:D0:3A,NA,-82
1762792543966,0adab909-eb8f-4baf-9eed-7a4cc889cb7c,7C:02:C6:DF:75:BA,NA,-71
1762794293675,0adab909-eb8f-4baf-9eed-7a4cc889cb7c,E6:68:C6:AB:E4:2D,SumUp 418,-91
1762794294421,0adab909-eb8f-4baf-9eed-7a4cc889cb7c,53:DA:69:0C:3A:8B,NA,-81
1762794295926,0adab909-eb8f-4baf-9eed-7a4cc889cb7c,7E:CF:B2:5E:78:DB,NA,-88
1762794670858,0adab909-eb8f-4baf-9eed-7a4cc889cb7c,6F:32:3A:C0:1C:90,NA,-94
1762794671571,0adab909-eb8f-4baf-9eed-7a4cc889cb7c,E6:68:C6:AB:E4:2D,SumUp 418,-88
1762794673505,0adab909-eb8f-4baf-9eed-7a4cc889cb7c,43:65:11:64:7B:34,NA,-83
1762795571088,0adab909-eb8f-4baf-9eed-7a4cc889cb7c,7F:5E:54:FD:E7:3B,NA,-89
1762795572145,0adab909-eb8f-4baf-9eed-7a4cc889cb7c,6D:D2:25:A1:C8:BA,NA,-93
1762795572734,0adab909-eb8f-4baf-9eed-7a4cc889cb7c,E6:68:C6:AB:E4:2D,SumUp 418,-91
1762795580142,0adab909-eb8f-4baf-9eed-7a4cc889cb7c,6F:32:3A:C0:1C:90,NA,-89
1762796172477,0adab909-eb8f-4baf-9eed-7a4cc889cb7c,E6:68:C6:AB:E4:2D,SumUp 418,-90
1762796172524,0adab909-eb8f-4baf-9eed-7a4cc889cb7c,49:F9:EB:5C:32:77,NA,-91
1762796172538,0adab909-eb8f-4baf-9eed-7a4cc889cb7c,7F:5E:54:FD:E7:3B,NA,-87
1762796479424,0adab909-eb8f-4baf-9eed-7a4cc889cb7c,7F:5E:54:FD:E7:3B,NA,-89
1762796480357,0adab909-eb8f-4baf-9eed-7a4cc889cb7c,E6:68:C6:AB:E4:2D,SumUp 418,-89
1762797142553,0adab909-eb8f-4baf-9eed-7a4cc889cb7c,E6:68:C6:AB:E4:2D,SumUp 418,-92
1762797143869,0adab909-eb8f-4baf-9eed-7a4cc889cb7c,66:5D:FD:CB:22:C0,NA,-77
1762797904369,0adab909-eb8f-4baf-9eed-7a4cc889cb7c,4A:BF:D1:E7:ED:9E,NA,-80
1762797905005,0adab909-eb8f-4baf-9eed-7a4cc889cb7c,E6:68:C6:AB:E4:2D,SumUp 418,-89
1762798438966,0adab909-eb8f-4baf-9eed-7a4cc889cb7c,E6:68:C6:AB:E4:2D,SumUp 418,-88
1762798438989,0adab909-eb8f-4baf-9eed-7a4cc889cb7c,62:1C:96:DE:B3:39,NA,-91
1762798443554,0adab909-eb8f-4baf-9eed-7a4cc889cb7c,4A:C1:01:F9:38:94,NA,-76
1762798444107,0adab909-eb8f-4baf-9eed-7a4cc889cb7c,56:9E:08:70:3A:AD,NA,-83
1762800315448,0adab909-eb8f-4baf-9eed-7a4cc889cb7c,E6:68:C6:AB:E4:2D,SumUp 418,-94
1762800672305,0adab909-eb8f-4baf-9eed-7a4cc889cb7c,E6:68:C6:AB:E4:2D,SumUp 418,-93
1762801281845,0adab909-eb8f-4baf-9eed-7a4cc889cb7c,47:7B:50:34:42:22,NA,-83
1762801282807,0adab909-eb8f-4baf-9eed-7a4cc889cb7c,E6:68:C6:AB:E4:2D,SumUp 418,-91
1762801284772,0adab909-eb8f-4baf-9eed-7a4cc889cb7c,4B:9D:52:EF:F6:6E,NA,-82
1762801874873,0adab909-eb8f-4baf-9eed-7a4cc889cb7c,41:74:6B:AE:F3:A1,NA,-85
1762801876185,0adab909-eb8f-4baf-9eed-7a4cc889cb7c,6F:0F:4A:A3:5B:BE,NA,-87
1762801878075,0adab909-eb8f-4baf-9eed-7a4cc889cb7c,E6:68:C6:AB:E4:2D,SumUp 418,-91
1762801878727,0adab909-eb8f-4baf-9eed-7a4cc889cb7c,5C:FA:77:E8:C4:0D,NA,-85
1762802549662,0adab909-eb8f-4baf-9eed-7a4cc889cb7c,4C:96:8A:ED:6A:01,SPEN NA,-55
1762802549978,0adab909-eb8f-4baf-9eed-7a4cc889cb7c,4C:96:8A:ED:6A:01,SPEN NA,-56
1762802550300,0adab909-eb8f-4baf-9eed-7a4cc889cb7c,4C:96:8A:ED:6A:01,SPEN NA,-51
1762802550580,0adab909-eb8f-4baf-9eed-7a4cc889cb7c,E6:68:C6:AB:E4:2D,SumUp 418,-90
1762802550607,0adab909-eb8f-4baf-9eed-7a4cc889cb7c,4C:96:8A:ED:6A:01,SPEN NA,-48
1762802551005,0adab909-eb8f-4baf-9eed-7a4cc889cb7c,7C:F7:05:9D:C6:84,NA,-83
1762802551548,0adab909-eb8f-4baf-9eed-7a4cc889cb7c,4C:96:8A:ED:6A:01,SPEN NA,-48
1762802552597,0adab909-eb8f-4baf-9eed-7a4cc889cb7c,4C:96:8A:ED:6A:01,SPEN NA,-48
1762802552813,0adab909-eb8f-4baf-9eed-7a4cc889cb7c,4C:96:8A:ED:6A:01,SPEN NA,-47
1762802553557,0adab909-eb8f-4baf-9eed-7a4cc889cb7c,4C:96:8A:ED:6A:01,SPEN NA,-48
1762802554194,0adab909-eb8f-4baf-9eed-7a4cc889cb7c,4C:96:8A:ED:6A:01,SPEN NA,-52
1762802554511,0adab909-eb8f-4baf-9eed-7a4cc889cb7c,4C:96:8A:ED:6A:01,SPEN NA,-50
1762802554821,0adab909-eb8f-4baf-9eed-7a4cc889cb7c,4C:96:8A:ED:6A:01,SPEN NA,-49
1762802555168,0adab909-eb8f-4baf-9eed-7a4cc889cb7c,4C:96:8A:ED:6A:01,SPEN NA,-52
1762802555469,0adab909-eb8f-4baf-9eed-7a4cc889cb7c,4C:96:8A:ED:6A:01,SPEN NA,-52
1762802555767,0adab909-eb8f-4baf-9eed-7a4cc889cb7c,4C:96:8A:ED:6A:01,SPEN NA,-54
1762802556078,0adab909-eb8f-4baf-9eed-7a4cc889cb7c,4C:96:8A:ED:6A:01,SPEN NA,-48
1762802556391,0adab909-eb8f-4baf-9eed-7a4cc889cb7c,4C:96:8A:ED:6A:01,SPEN NA,-51
1762802557019,0adab909-eb8f-4baf-9eed-7a4cc889cb7c,4C:96:8A:ED:6A:01,SPEN NA,-58
1762802557304,0adab909-eb8f-4baf-9eed-7a4cc889cb7c,4C:96:8A:ED:6A:01,SPEN NA,-51
1762802557427,0adab909-eb8f-4baf-9eed-7a4cc889cb7c,4C:96:8A:ED:6A:01,SPEN NA,-49
1762802561127,0adab909-eb8f-4baf-9eed-7a4cc889cb7c,4C:96:8A:ED:6A:01,SPEN NA,-46
1762803149978,0adab909-eb8f-4baf-9eed-7a4cc889cb7c,5E:D2:95:6C:E9:16,NA,-86
1762803151924,0adab909-eb8f-4baf-9eed-7a4cc889cb7c,49:59:51:08:0F:91,NA,-87
1762803773744,0adab909-eb8f-4baf-9eed-7a4cc889cb7c,49:59:51:08:0F:91,NA,-88
1762803774059,0adab909-eb8f-4baf-9eed-7a4cc889cb7c,5E:D2:95:6C:E9:16,NA,-79
1762803775723,0adab909-eb8f-4baf-9eed-7a4cc889cb7c,E6:68:C6:AB:E4:2D,SumUp 418,-92
1762804372715,0adab909-eb8f-4baf-9eed-7a4cc889cb7c,62:ED:15:35:34:B0,NA,-84
1762804373967,0adab909-eb8f-4baf-9eed-7a4cc889cb7c,63:CD:B7:62:3F:FC,NA,-85
1762804377544,0adab909-eb8f-4baf-9eed-7a4cc889cb7c,E6:68:C6:AB:E4:2D,SumUp 418,-93
1762804973917,0adab909-eb8f-4baf-9eed-7a4cc889cb7c,67:97:09:F2:89:25,NA,-86
1762804974765,0adab909-eb8f-4baf-9eed-7a4cc889cb7c,53:19:62:57:5D:BD,NA,-93
1762804975077,0adab909-eb8f-4baf-9eed-7a4cc889cb7c,62:ED:15:35:34:B0,NA,-84
1762804976690,0adab909-eb8f-4baf-9eed-7a4cc889cb7c,E6:68:C6:AB:E4:2D,SumUp 418,-91
1762805574314,0adab909-eb8f-4baf-9eed-7a4cc889cb7c,47:74:0C:E1:D6:2C,NA,-90
1762805574469,0adab909-eb8f-4baf-9eed-7a4cc889cb7c,7D:94:13:D8:DE:05,NA,-86
1762805576722,0adab909-eb8f-4baf-9eed-7a4cc889cb7c,E6:68:C6:AB:E4:2D,SumUp 418,-88
1762805581235,0adab909-eb8f-4baf-9eed-7a4cc889cb7c,67:97:09:F2:89:25,NA,-90
1762806105761,0adab909-eb8f-4baf-9eed-7a4cc889cb7c,7D:94:13:D8:DE:05,NA,-91
1762806106420,0adab909-eb8f-4baf-9eed-7a4cc889cb7c,E6:68:C6:AB:E4:2D,SumUp 418,-88
1762806107978,0adab909-eb8f-4baf-9eed-7a4cc889cb7c,65:F5:16:EA:D2:D5,NA,-84
1762806705800,0adab909-eb8f-4baf-9eed-7a4cc889cb7c,E6:68:C6:AB:E4:2D,SumUp 418,-90
1762806707333,0adab909-eb8f-4baf-9eed-7a4cc889cb7c,7C:DB:4E:61:F4:86,NA,-86
1762806708069,0adab909-eb8f-4baf-9eed-7a4cc889cb7c,65:F5:16:EA:D2:D5,NA,-82
1762807305425,0adab909-eb8f-4baf-9eed-7a4cc889cb7c,E6:68:C6:AB:E4:2D,SumUp 418,-91
1762807306122,0adab909-eb8f-4baf-9eed-7a4cc889cb7c,71:A5:E5:44:53:33,NA,-82
1762807314427,0adab909-eb8f-4baf-9eed-7a4cc889cb7c,63:02:21:2B:E1:F7,NA,-91
1762807317311,0adab909-eb8f-4baf-9eed-7a4cc889cb7c,79:EF:C0:AD:76:1C,NA,-87
1762808138733,0adab909-eb8f-4baf-9eed-7a4cc889cb7c,E6:68:C6:AB:E4:2D,SumUp 418,-84
1762808138771,0adab909-eb8f-4baf-9eed-7a4cc889cb7c,5C:2F:B0:67:A8:22,NA,-85
1762808140290,0adab909-eb8f-4baf-9eed-7a4cc889cb7c,62:53:30:D1:7F:04,NA,-90
1762808147332,0adab909-eb8f-4baf-9eed-7a4cc889cb7c,5F:6E:B5:F5:AB:C2,NA,-91
1762808150282,0adab909-eb8f-4baf-9eed-7a4cc889cb7c,E6:68:C6:AB:E4:2D,SumUp 418,-90
1762808151506,0adab909-eb8f-4baf-9eed-7a4cc889cb7c,84:C8:A0:8B:BD:3D,JBL BAR 800,-81
1762808500244,0adab909-eb8f-4baf-9eed-7a4cc889cb7c,5F:6E:B5:F5:AB:C2,NA,-81
1762808500282,0adab909-eb8f-4baf-9eed-7a4cc889cb7c,E6:68:C6:AB:E4:2D,SumUp 418,-88
1762808500312,0adab909-eb8f-4baf-9eed-7a4cc889cb7c,5C:2F:B0:67:A8:22,NA,-82
1762808512101,0adab909-eb8f-4baf-9eed-7a4cc889cb7c,5C:2F:B0:67:A8:22,NA,-83
1762808512162,0adab909-eb8f-4baf-9eed-7a4cc889cb7c,84:C8:A0:8B:BD:3D,JBL BAR 800,-79
1762808512189,0adab909-eb8f-4baf-9eed-7a4cc889cb7c,E6:68:C6:AB:E4:2D,SumUp 418,-92
1762809159407,0adab909-eb8f-4baf-9eed-7a4cc889cb7c,60:83:B5:2B:9A:21,NA,-75
1762809159996,0adab909-eb8f-4baf-9eed-7a4cc889cb7c,E6:68:C6:AB:E4:2D,SumUp 418,-92
1762809160017,0adab909-eb8f-4baf-9eed-7a4cc889cb7c,56:39:BA:B5:21:35,NA,-81
1762809172330,0adab909-eb8f-4baf-9eed-7a4cc889cb7c,60:83:B5:2B:9A:21,NA,-74
1762809173339,0adab909-eb8f-4baf-9eed-7a4cc889cb7c,E6:68:C6:AB:E4:2D,SumUp 418,-89
1762809174282,0adab909-eb8f-4baf-9eed-7a4cc889cb7c,56:39:BA:B5:21:35,NA,-82
1762809174450,0adab909-eb8f-4baf-9eed-7a4cc889cb7c,84:C8:A0:8B:BD:3D,JBL BAR 800,-82
1762809175227,0adab909-eb8f-4baf-9eed-7a4cc889cb7c,D4:0D:35:33:7F:DD,NA,-78
1762809175809,0adab909-eb8f-4baf-9eed-7a4cc889cb7c,60:83:B5:2B:9A:21,NA,-77
1762809951729,0adab909-eb8f-4baf-9eed-7a4cc889cb7c,60:83:B5:2B:9A:21,NA,-86
1762809952721,0adab909-eb8f-4baf-9eed-7a4cc889cb7c,E6:68:C6:AB:E4:2D,SumUp 418,-89
1762809952754,0adab909-eb8f-4baf-9eed-7a4cc889cb7c,7F:4E:5C:01:4B:7F,NA,-78
1762809954326,0adab909-eb8f-4baf-9eed-7a4cc889cb7c,67:58:54:C8:10:AE,NA,-89
1762809964592,0adab909-eb8f-4baf-9eed-7a4cc889cb7c,7F:4E:5C:01:4B:7F,NA,-78
1762810552176,0adab909-eb8f-4baf-9eed-7a4cc889cb7c,60:83:B5:2B:9A:21,NA,-84
1762810552462,0adab909-eb8f-4baf-9eed-7a4cc889cb7c,E6:68:C6:AB:E4:2D,SumUp 418,-90
1762810556960,0adab909-eb8f-4baf-9eed-7a4cc889cb7c,6D:2C:72:13:BA:69,NA,-73
1762810564602,0adab909-eb8f-4baf-9eed-7a4cc889cb7c,60:83:B5:2B:9A:21,NA,-84
1762810565756,0adab909-eb8f-4baf-9eed-7a4cc889cb7c,E6:68:C6:AB:E4:2D,SumUp 418,-90
1762811152673,0adab909-eb8f-4baf-9eed-7a4cc889cb7c,6D:2C:72:13:BA:69,NA,-89
1762811164230,0adab909-eb8f-4baf-9eed-7a4cc889cb7c,71:FB:5F:3E:97:A7,NA,-90
1762811164520,0adab909-eb8f-4baf-9eed-7a4cc889cb7c,84:C8:A0:8B:BD:3D,JBL BAR 800,-83
1762811753446,0adab909-eb8f-4baf-9eed-7a4cc889cb7c,4A:F7:60:D4:27:60,NA,-83
1762811760178,0adab909-eb8f-4baf-9eed-7a4cc889cb7c,4B:F6:66:BA:67:69,NA,-82
1762811760771,0adab909-eb8f-4baf-9eed-7a4cc889cb7c,E6:68:C6:AB:E4:2D,SumUp 418,-84
1762811764701,0adab909-eb8f-4baf-9eed-7a4cc889cb7c,E6:68:C6:AB:E4:2D,SumUp 418,-87
1762811764760,0adab909-eb8f-4baf-9eed-7a4cc889cb7c,84:C8:A0:8B:BD:3D,JBL BAR 800,-73
1762811765787,0adab909-eb8f-4baf-9eed-7a4cc889cb7c,4B:F6:66:BA:67:69,NA,-83
1762812355572,0adab909-eb8f-4baf-9eed-7a4cc889cb7c,4B:F6:66:BA:67:69,NA,-90
1762812355890,0adab909-eb8f-4baf-9eed-7a4cc889cb7c,59:26:AB:7E:1C:26,NA,-81
1762812357837,0adab909-eb8f-4baf-9eed-7a4cc889cb7c,E6:68:C6:AB:E4:2D,SumUp 418,-88
1762812953634,0adab909-eb8f-4baf-9eed-7a4cc889cb7c,59:26:AB:7E:1C:26,NA,-90
1762812953925,0adab909-eb8f-4baf-9eed-7a4cc889cb7c,E6:68:C6:AB:E4:2D,SumUp 418,-90
1762813547309,0adab909-eb8f-4baf-9eed-7a4cc889cb7c,45:D1:5D:9E:B5:BE,NA,-82
1762813552165,0adab909-eb8f-4baf-9eed-7a4cc889cb7c,E6:68:C6:AB:E4:2D,SumUp 418,-88
1762814146700,0adab909-eb8f-4baf-9eed-7a4cc889cb7c,49:1C:F0:E4:94:B0,NA,-85
1762814148629,0adab909-eb8f-4baf-9eed-7a4cc889cb7c,E6:68:C6:AB:E4:2D,SumUp 418,-85
1762814149976,0adab909-eb8f-4baf-9eed-7a4cc889cb7c,7A:92:CE:4D:E3:4A,NA,-86
1762814149990,0adab909-eb8f-4baf-9eed-7a4cc889cb7c,5B:8E:D2:D7:93:A9,NA,-86
1762814744675,0adab909-eb8f-4baf-9eed-7a4cc889cb7c,7A:92:CE:4D:E3:4A,NA,-79
1762814745590,0adab909-eb8f-4baf-9eed-7a4cc889cb7c,E6:68:C6:AB:E4:2D,SumUp 418,-85
1762814747261,0adab909-eb8f-4baf-9eed-7a4cc889cb7c,66:B2:76:50:BC:96,NA,-91
1762814751391,0adab909-eb8f-4baf-9eed-7a4cc889cb7c,5B:8E:D2:D7:93:A9,NA,-86
1762815183223,0adab909-eb8f-4baf-9eed-7a4cc889cb7c,4F:8C:0F:09:D4:84,NA,-82
1762815191038,0adab909-eb8f-4baf-9eed-7a4cc889cb7c,49:15:76:D9:A7:E7,NA,-90
1762815191054,0adab909-eb8f-4baf-9eed-7a4cc889cb7c,E6:68:C6:AB:E4:2D,SumUp 418,-88
1762816081296,0adab909-eb8f-4baf-9eed-7a4cc889cb7c,4F:8C:0F:09:D4:84,NA,-83
1762816085833,0adab909-eb8f-4baf-9eed-7a4cc889cb7c,6F:F3:DC:22:D8:BF,NA,-85
1762816086181,0adab909-eb8f-4baf-9eed-7a4cc889cb7c,E6:68:C6:AB:E4:2D,SumUp 418,-89
1762816382205,0adab909-eb8f-4baf-9eed-7a4cc889cb7c,6B:1D:E0:C0:D9:50,NA,-88
1762816382633,0adab909-eb8f-4baf-9eed-7a4cc889cb7c,E6:68:C6:AB:E4:2D,SumUp 418,-84
1762816384599,0adab909-eb8f-4baf-9eed-7a4cc889cb7c,6F:F3:DC:22:D8:BF,NA,-84
1762816981583,0adab909-eb8f-4baf-9eed-7a4cc889cb7c,E6:68:C6:AB:E4:2D,SumUp 418,-84
1762816982593,0adab909-eb8f-4baf-9eed-7a4cc889cb7c,6B:1D:E0:C0:D9:50,NA,-85
1762816985851,0adab909-eb8f-4baf-9eed-7a4cc889cb7c,62:62:B5:16:BC:77,NA,-84
1762817514598,0adab909-eb8f-4baf-9eed-7a4cc889cb7c,49:02:60:7D:10:7F,NA,-88
1762817514896,0adab909-eb8f-4baf-9eed-7a4cc889cb7c,E6:68:C6:AB:E4:2D,SumUp 418,-88
1762817516466,0adab909-eb8f-4baf-9eed-7a4cc889cb7c,6D:6F:24:8F:94:1D,NA,-83
1762817519995,0adab909-eb8f-4baf-9eed-7a4cc889cb7c,69:DC:72:11:3D:04,NA,-84
1762818113422,0adab909-eb8f-4baf-9eed-7a4cc889cb7c,5A:F1:D0:87:C7:86,NA,-86
1762818113882,0adab909-eb8f-4baf-9eed-7a4cc889cb7c,E6:68:C6:AB:E4:2D,SumUp 418,-88
1762818115536,0adab909-eb8f-4baf-9eed-7a4cc889cb7c,6D:26:A8:75:AB:C5,NA,-84
1762818118447,0adab909-eb8f-4baf-9eed-7a4cc889cb7c,6D:6F:24:8F:94:1D,NA,-79
1762818713293,0adab909-eb8f-4baf-9eed-7a4cc889cb7c,E6:68:C6:AB:E4:2D,SumUp 418,-88
1762818713562,0adab909-eb8f-4baf-9eed-7a4cc889cb7c,5A:F1:D0:87:C7:86,NA,-91
1762818715166,0adab909-eb8f-4baf-9eed-7a4cc889cb7c,6D:26:A8:75:AB:C5,NA,-88
1762819544888,0adab909-eb8f-4baf-9eed-7a4cc889cb7c,E6:68:C6:AB:E4:2D,SumUp 418,-88
1762819549703,0adab909-eb8f-4baf-9eed-7a4cc889cb7c,40:FA:83:6C:A5:C9,NA,-84
1762819550062,0adab909-eb8f-4baf-9eed-7a4cc889cb7c,5E:DF:61:37:CA:2C,NA,-85
1762820144447,0adab909-eb8f-4baf-9eed-7a4cc889cb7c,40:FA:83:6C:A5:C9,NA,-84
1762820144559,0adab909-eb8f-4baf-9eed-7a4cc889cb7c,51:40:C3:4F:63:90,NA,-83
1762820144593,0adab909-eb8f-4baf-9eed-7a4cc889cb7c,E6:68:C6:AB:E4:2D,SumUp 418,-85
1762820155204,0adab909-eb8f-4baf-9eed-7a4cc889cb7c,6D:5C:88:2C:4D:C1,NA,-88
1762820744561,0adab909-eb8f-4baf-9eed-7a4cc889cb7c,6D:5C:88:2C:4D:C1,NA,-89
1762820745903,0adab909-eb8f-4baf-9eed-7a4cc889cb7c,E6:68:C6:AB:E4:2D,SumUp 418,-89
1762820746891,0adab909-eb8f-4baf-9eed-7a4cc889cb7c,4A:3C:21:F6:23:01,NA,-81
1762820746905,0adab909-eb8f-4baf-9eed-7a4cc889cb7c,40:3A:AE:1B:2E:2F,NA,-85
1762821081903,0adab909-eb8f-4baf-9eed-7a4cc889cb7c,53:D5:BD:14:B9:01,NA,-83
1762821082866,0adab909-eb8f-4baf-9eed-7a4cc889cb7c,E6:68:C6:AB:E4:2D,SumUp 418,-89
1762821091546,0adab909-eb8f-4baf-9eed-7a4cc889cb7c,6D:5C:88:2C:4D:C1,NA,-82
1762821681182,0adab909-eb8f-4baf-9eed-7a4cc889cb7c,53:D5:BD:14:B9:01,NA,-89
1762821686095,0adab909-eb8f-4baf-9eed-7a4cc889cb7c,4A:96:C5:84:D4:63,NA,-85
1762821690278,0adab909-eb8f-4baf-9eed-7a4cc889cb7c,66:E7:62:7E:5F:5A,NA,-88
1762822281154,0adab909-eb8f-4baf-9eed-7a4cc889cb7c,57:83:6F:3C:D2:30,NA,-93
1762822281492,0adab909-eb8f-4baf-9eed-7a4cc889cb7c,E6:68:C6:AB:E4:2D,SumUp 418,-83
1762823009245,0adab909-eb8f-4baf-9eed-7a4cc889cb7c,6E:51:E8:EB:94:18,NA,-80
1762823009802,0adab909-eb8f-4baf-9eed-7a4cc889cb7c,E6:68:C6:AB:E4:2D,SumUp 418,-84
1762823013088,0adab909-eb8f-4baf-9eed-7a4cc889cb7c,70:5C:55:72:E2:47,NA,-82
1762823013326,0adab909-eb8f-4baf-9eed-7a4cc889cb7c,4F:6A:CD:A1:82:49,NA,-87
1762823607503,0adab909-eb8f-4baf-9eed-7a4cc889cb7c,4F:6A:CD:A1:82:49,NA,-91
1762823608167,0adab909-eb8f-4baf-9eed-7a4cc889cb7c,6E:51:E8:EB:94:18,NA,-84
1762823609453,0adab909-eb8f-4baf-9eed-7a4cc889cb7c,E6:68:C6:AB:E4:2D,SumUp 418,-85
1762823616473,0adab909-eb8f-4baf-9eed-7a4cc889cb7c,70:5C:55:72:E2:47,NA,-88
1762824208211,0adab909-eb8f-4baf-9eed-7a4cc889cb7c,72:B4:C6:50:A7:6C,NA,-85
1762824209510,0adab909-eb8f-4baf-9eed-7a4cc889cb7c,E6:68:C6:AB:E4:2D,SumUp 418,-85
1762824216236,0adab909-eb8f-4baf-9eed-7a4cc889cb7c,41:6C:2C:8C:59:DA,NA,-91
1762824808886,0adab909-eb8f-4baf-9eed-7a4cc889cb7c,E6:68:C6:AB:E4:2D,SumUp 418,-88
1762824811058,0adab909-eb8f-4baf-9eed-7a4cc889cb7c,4A:64:D6:CC:71:1C,NA,-85
1762824815210,0adab909-eb8f-4baf-9eed-7a4cc889cb7c,56:60:2E:D1:8F:AF,NA,-90
1762825341871,0adab909-eb8f-4baf-9eed-7a4cc889cb7c,E6:68:C6:AB:E4:2D,SumUp 418,-88
1762825344382,0adab909-eb8f-4baf-9eed-7a4cc889cb7c,7B:D1:E6:C0:BE:F3,NA,-79
1762825939098,0adab909-eb8f-4baf-9eed-7a4cc889cb7c,E6:68:C6:AB:E4:2D,SumUp 418,-89
1762825939508,0adab909-eb8f-4baf-9eed-7a4cc889cb7c,7B:D1:E6:C0:BE:F3,NA,-80
1762825941754,0adab909-eb8f-4baf-9eed-7a4cc889cb7c,47:BA:A3:54:C7:4E,NA,-94
1762826540543,0adab909-eb8f-4baf-9eed-7a4cc889cb7c,E6:68:C6:AB:E4:2D,SumUp 418,-85
1762826542430,0adab909-eb8f-4baf-9eed-7a4cc889cb7c,79:0F:15:0C:69:B0,NA,-85
1762826544709,0adab909-eb8f-4baf-9eed-7a4cc889cb7c,64:A1:FC:D5:60:FF,NA,-89
1762827115850,0adab909-eb8f-4baf-9eed-7a4cc889cb7c,79:0F:15:0C:69:B0,NA,-89
1762827115866,0adab909-eb8f-4baf-9eed-7a4cc889cb7c,E6:68:C6:AB:E4:2D,SumUp 418,-86
1762827123254,0adab909-eb8f-4baf-9eed-7a4cc889cb7c,64:A1:FC:D5:60:FF,NA,-83
1762827715848,0adab909-eb8f-4baf-9eed-7a4cc889cb7c,6C:12:7D:07:A9:E3,NA,-88
1762827719098,0adab909-eb8f-4baf-9eed-7a4cc889cb7c,E6:68:C6:AB:E4:2D,SumUp 418,-89
1762828316481,0adab909-eb8f-4baf-9eed-7a4cc889cb7c,E6:68:C6:AB:E4:2D,SumUp 418,-84
1762828317475,0adab909-eb8f-4baf-9eed-7a4cc889cb7c,6C:12:7D:07:A9:E3,NA,-85
1762828873105,0adab909-eb8f-4baf-9eed-7a4cc889cb7c,E6:68:C6:AB:E4:2D,SumUp 418,-89
1762828878045,0adab909-eb8f-4baf-9eed-7a4cc889cb7c,5A:B2:89:D1:53:F3,NA,-81
1762829478066,0adab909-eb8f-4baf-9eed-7a4cc889cb7c,E6:68:C6:AB:E4:2D,SumUp 418,-88
1762830073792,0adab909-eb8f-4baf-9eed-7a4cc889cb7c,54:60:14:DA:87:E8,NA,-81
1762830076128,0adab909-eb8f-4baf-9eed-7a4cc889cb7c,4A:A8:DA:21:39:2B,NA,-84
1762830078007,0adab909-eb8f-4baf-9eed-7a4cc889cb7c,E6:68:C6:AB:E4:2D,SumUp 418,-87
1762830675114,0adab909-eb8f-4baf-9eed-7a4cc889cb7c,52:B3:6E:0B:3F:5A,NA,-83
1762830675379,0adab909-eb8f-4baf-9eed-7a4cc889cb7c,E6:68:C6:AB:E4:2D,SumUp 418,-84
1762831507454,0adab909-eb8f-4baf-9eed-7a4cc889cb7c,E6:68:C6:AB:E4:2D,SumUp 418,-85
1762831508413,0adab909-eb8f-4baf-9eed-7a4cc889cb7c,47:EF:F2:B1:11:04,NA,-78
1762831511201,0adab909-eb8f-4baf-9eed-7a4cc889cb7c,52:B3:6E:0B:3F:5A,NA,-88
1762832104976,0adab909-eb8f-4baf-9eed-7a4cc889cb7c,47:EF:F2:B1:11:04,NA,-79
1762832105004,0adab909-eb8f-4baf-9eed-7a4cc889cb7c,E6:68:C6:AB:E4:2D,SumUp 418,-84
1762832105963,0adab909-eb8f-4baf-9eed-7a4cc889cb7c,5F:44:F0:06:A4:6D,NA,-88
1762832705640,0adab909-eb8f-4baf-9eed-7a4cc889cb7c,78:05:8A:67:68:6A,NA,-93
1762832707214,0adab909-eb8f-4baf-9eed-7a4cc889cb7c,E6:68:C6:AB:E4:2D,SumUp 418,-88
1762832708450,0adab909-eb8f-4baf-9eed-7a4cc889cb7c,72:D7:7B:D5:EC:07,NA,-84
1762832708655,0adab909-eb8f-4baf-9eed-7a4cc889cb7c,4A:FC:55:98:34:CC,NA,-90
1762833238080,0adab909-eb8f-4baf-9eed-7a4cc889cb7c,E6:68:C6:AB:E4:2D,SumUp 418,-88
1762833238844,0adab909-eb8f-4baf-9eed-7a4cc889cb7c,72:D7:7B:D5:EC:07,NA,-84
1762833242032,0adab909-eb8f-4baf-9eed-7a4cc889cb7c,4A:FC:55:98:34:CC,NA,-87
1762833837260,0adab909-eb8f-4baf-9eed-7a4cc889cb7c,76:BE:76:F3:8A:D0,NA,-82
1762833839375,0adab909-eb8f-4baf-9eed-7a4cc889cb7c,E6:68:C6:AB:E4:2D,SumUp 418,-88
1762833845152,0adab909-eb8f-4baf-9eed-7a4cc889cb7c,7C:8F:12:6C:D4:AC,NA,-86
1762834435862,0adab909-eb8f-4baf-9eed-7a4cc889cb7c,E6:68:C6:AB:E4:2D,SumUp 418,-87
1762834436095,0adab909-eb8f-4baf-9eed-7a4cc889cb7c,46:5F:A8:2F:D8:A8,NA,-83
1762834438642,0adab909-eb8f-4baf-9eed-7a4cc889cb7c,76:BE:76:F3:8A:D0,NA,-85
1762834442544,0adab909-eb8f-4baf-9eed-7a4cc889cb7c,59:99:F0:B2:90:A5,NA,-89
1762834971296,0adab909-eb8f-4baf-9eed-7a4cc889cb7c,E6:68:C6:AB:E4:2D,SumUp 418,-88
1762834973292,0adab909-eb8f-4baf-9eed-7a4cc889cb7c,46:5F:A8:2F:D8:A8,NA,-94
1762834979726,0adab909-eb8f-4baf-9eed-7a4cc889cb7c,6E:40:62:AE:BF:B5,NA,-86
1762835571434,0adab909-eb8f-4baf-9eed-7a4cc889cb7c,67:B3:05:4E:DC:97,NA,-92
1762835574911,0adab909-eb8f-4baf-9eed-7a4cc889cb7c,E6:68:C6:AB:E4:2D,SumUp 418,-90
1762835577220,0adab909-eb8f-4baf-9eed-7a4cc889cb7c,6E:40:62:AE:BF:B5,NA,-88
1762836178730,0adab909-eb8f-4baf-9eed-7a4cc889cb7c,6C:EA:F7:32:D3:3A,NA,-85
1762836768751,0adab909-eb8f-4baf-9eed-7a4cc889cb7c,6C:EA:F7:32:D3:3A,NA,-85
1762836769098,0adab909-eb8f-4baf-9eed-7a4cc889cb7c,6B:1B:F4:80:C3:02,NA,-81
1762836771660,0adab909-eb8f-4baf-9eed-7a4cc889cb7c,E6:68:C6:AB:E4:2D,SumUp 418,-87
1762837299421,0adab909-eb8f-4baf-9eed-7a4cc889cb7c,47:DF:48:3C:B5:B5,NA,-80
1762837300010,0adab909-eb8f-4baf-9eed-7a4cc889cb7c,E6:68:C6:AB:E4:2D,SumUp 418,-82
1762837301984,0adab909-eb8f-4baf-9eed-7a4cc889cb7c,6C:8E:E3:B3:4C:9D,NA,-83
1762837304258,0adab909-eb8f-4baf-9eed-7a4cc889cb7c,46:69:F0:10:11:C1,NA,-86
1762837899022,0adab909-eb8f-4baf-9eed-7a4cc889cb7c,E6:68:C6:AB:E4:2D,SumUp 418,-85
1762837899677,0adab909-eb8f-4baf-9eed-7a4cc889cb7c,6D:E2:E8:E9:24:72,NA,-93
1762837902038,0adab909-eb8f-4baf-9eed-7a4cc889cb7c,77:DA:84:54:FE:C2,NA,-82
1762838500020,0adab909-eb8f-4baf-9eed-7a4cc889cb7c,E6:68:C6:AB:E4:2D,SumUp 418,-83
1762838500395,0adab909-eb8f-4baf-9eed-7a4cc889cb7c,77:DA:84:54:FE:C2,NA,-84
1762838500719,0adab909-eb8f-4baf-9eed-7a4cc889cb7c,6D:E2:E8:E9:24:72,NA,-83
1762838510669,0adab909-eb8f-4baf-9eed-7a4cc889cb7c,6D:AE:3B:3A:D4:A5,NA,-86
1762839123183,0adab909-eb8f-4baf-9eed-7a4cc889cb7c,57:D4:14:EF:98:8B,NA,-90
1762839124138,0adab909-eb8f-4baf-9eed-7a4cc889cb7c,E6:68:C6:AB:E4:2D,SumUp 418,-84
1762839124454,0adab909-eb8f-4baf-9eed-7a4cc889cb7c,6D:AE:3B:3A:D4:A5,NA,-85
1762839126048,0adab909-eb8f-4baf-9eed-7a4cc889cb7c,19:7A:25:1A:B7:04,NA,-89
1762839197787,0adab909-eb8f-4baf-9eed-7a4cc889cb7c,84:C8:A0:8B:BD:3D,JBL BAR 800,-85
1762839756329,0adab909-eb8f-4baf-9eed-7a4cc889cb7c,5F:62:3A:C3:6B:57,NA,-94
1762839757720,0adab909-eb8f-4baf-9eed-7a4cc889cb7c,58:C8:D1:BD:F7:AB,NA,-93
1762839758003,0adab909-eb8f-4baf-9eed-7a4cc889cb7c,E6:68:C6:AB:E4:2D,SumUp 418,-88
1762839768006,0adab909-eb8f-4baf-9eed-7a4cc889cb7c,50:95:E6:94:6A:78,NA,-92
1762840355160,0adab909-eb8f-4baf-9eed-7a4cc889cb7c,4C:96:8A:ED:6A:01,SPEN NA,-57
1762840355486,0adab909-eb8f-4baf-9eed-7a4cc889cb7c,4C:96:8A:ED:6A:01,SPEN NA,-65
1762840355799,0adab909-eb8f-4baf-9eed-7a4cc889cb7c,4C:96:8A:ED:6A:01,SPEN NA,-61
1762840356085,0adab909-eb8f-4baf-9eed-7a4cc889cb7c,E6:68:C6:AB:E4:2D,SumUp 418,-86
1762840356121,0adab909-eb8f-4baf-9eed-7a4cc889cb7c,4C:96:8A:ED:6A:01,SPEN NA,-58
1762840356433,0adab909-eb8f-4baf-9eed-7a4cc889cb7c,4C:96:8A:ED:6A:01,SPEN NA,-65
1762840356768,0adab909-eb8f-4baf-9eed-7a4cc889cb7c,5F:62:3A:C3:6B:57,NA,-76
1762840357056,0adab909-eb8f-4baf-9eed-7a4cc889cb7c,4C:96:8A:ED:6A:01,SPEN NA,-61
1762840357380,0adab909-eb8f-4baf-9eed-7a4cc889cb7c,4C:96:8A:ED:6A:01,SPEN NA,-66
1762840358962,0adab909-eb8f-4baf-9eed-7a4cc889cb7c,4C:96:8A:ED:6A:01,SPEN NA,-61
1762840359282,0adab909-eb8f-4baf-9eed-7a4cc889cb7c,4C:96:8A:ED:6A:01,SPEN NA,-64
1762840359695,0adab909-eb8f-4baf-9eed-7a4cc889cb7c,4C:96:8A:ED:6A:01,SPEN NA,-61
1762840360003,0adab909-eb8f-4baf-9eed-7a4cc889cb7c,4C:96:8A:ED:6A:01,SPEN NA,-61
1762840360323,0adab909-eb8f-4baf-9eed-7a4cc889cb7c,4C:96:8A:ED:6A:01,SPEN NA,-60
1762840360628,0adab909-eb8f-4baf-9eed-7a4cc889cb7c,4C:96:8A:ED:6A:01,SPEN NA,-61
1762840360935,0adab909-eb8f-4baf-9eed-7a4cc889cb7c,4C:96:8A:ED:6A:01,SPEN NA,-57
1762840361592,0adab909-eb8f-4baf-9eed-7a4cc889cb7c,4C:96:8A:ED:6A:01,SPEN NA,-61
1762840361832,0adab909-eb8f-4baf-9eed-7a4cc889cb7c,79:A9:D4:EB:8B:BC,NA,-91
1762840361877,0adab909-eb8f-4baf-9eed-7a4cc889cb7c,4C:96:8A:ED:6A:01,SPEN NA,-57
1762840362217,0adab909-eb8f-4baf-9eed-7a4cc889cb7c,4C:96:8A:ED:6A:01,SPEN NA,-65
1762840362505,0adab909-eb8f-4baf-9eed-7a4cc889cb7c,4C:96:8A:ED:6A:01,SPEN NA,-62
1762840362851,0adab909-eb8f-4baf-9eed-7a4cc889cb7c,4C:96:8A:ED:6A:01,SPEN NA,-57
1762840363156,0adab909-eb8f-4baf-9eed-7a4cc889cb7c,4C:96:8A:ED:6A:01,SPEN NA,-64
1762840363770,0adab909-eb8f-4baf-9eed-7a4cc889cb7c,4C:96:8A:ED:6A:01,SPEN NA,-57
1762840364100,0adab909-eb8f-4baf-9eed-7a4cc889cb7c,4C:96:8A:ED:6A:01,SPEN NA,-60
1762840364416,0adab909-eb8f-4baf-9eed-7a4cc889cb7c,4C:96:8A:ED:6A:01,SPEN NA,-59
1762840366103,0adab909-eb8f-4baf-9eed-7a4cc889cb7c,4C:96:8A:ED:6A:01,SPEN NA,-60
1762840366394,0adab909-eb8f-4baf-9eed-7a4cc889cb7c,4C:96:8A:ED:6A:01,SPEN NA,-56
1762840366721,0adab909-eb8f-4baf-9eed-7a4cc889cb7c,4C:96:8A:ED:6A:01,SPEN NA,-57
1762841152873,0adab909-eb8f-4baf-9eed-7a4cc889cb7c,59:99:AC:05:16:85,NA,-77
1762841152907,0adab909-eb8f-4baf-9eed-7a4cc889cb7c,E6:68:C6:AB:E4:2D,SumUp 418,-86
1762841751929,0adab909-eb8f-4baf-9eed-7a4cc889cb7c,6A:2C:20:08:70:91,NA,-77
1762841751965,0adab909-eb8f-4baf-9eed-7a4cc889cb7c,E6:68:C6:AB:E4:2D,SumUp 418,-86
1762841752000,0adab909-eb8f-4baf-9eed-7a4cc889cb7c,A4:22:01:8B:FE:B1,NA,-100
1762841752309,0adab909-eb8f-4baf-9eed-7a4cc889cb7c,A4:22:01:8B:FE:B1,Car Kit,-99
1762841753864,0adab909-eb8f-4baf-9eed-7a4cc889cb7c,54:12:0B:5F:83:4D,NA,-90
1762841763481,0adab909-eb8f-4baf-9eed-7a4cc889cb7c,4E:4D:C4:39:B6:17,NA,-90
1762842319378,0adab909-eb8f-4baf-9eed-7a4cc889cb7c,6A:2C:20:08:70:91,NA,-90
1762842320284,0adab909-eb8f-4baf-9eed-7a4cc889cb7c,E6:68:C6:AB:E4:2D,SumUp 418,-91
1762842328974,0adab909-eb8f-4baf-9eed-7a4cc889cb7c,4E:4D:C4:39:B6:17,NA,-86
1762842332280,0adab909-eb8f-4baf-9eed-7a4cc889cb7c,84:C8:A0:8B:BD:3D,JBL BAR 800,-82
1762842332351,0adab909-eb8f-4baf-9eed-7a4cc889cb7c,E6:68:C6:AB:E4:2D,SumUp 418,-92
1762842334232,0adab909-eb8f-4baf-9eed-7a4cc889cb7c,6A:2C:20:08:70:91,NA,-79
1762842951171,0adab909-eb8f-4baf-9eed-7a4cc889cb7c,E6:68:C6:AB:E4:2D,SumUp 418,-88
1762842951285,0adab909-eb8f-4baf-9eed-7a4cc889cb7c,6E:07:35:B9:44:FB,NA,-88
1762842952522,0adab909-eb8f-4baf-9eed-7a4cc889cb7c,4E:4D:C4:39:B6:17,NA,-77
1762842953792,0adab909-eb8f-4baf-9eed-7a4cc889cb7c,7C:64:F4:1A:57:8E,NA,-73
1762842964060,0adab909-eb8f-4baf-9eed-7a4cc889cb7c,84:C8:A0:8B:BD:3D,JBL BAR 800,-74
1762842964147,0adab909-eb8f-4baf-9eed-7a4cc889cb7c,E6:68:C6:AB:E4:2D,SumUp 418,-89
1762842966135,0adab909-eb8f-4baf-9eed-7a4cc889cb7c,7C:64:F4:1A:57:8E,NA,-74
1762843331540,0adab909-eb8f-4baf-9eed-7a4cc889cb7c,E6:68:C6:AB:E4:2D,SumUp 418,-87
1762843332879,0adab909-eb8f-4baf-9eed-7a4cc889cb7c,7C:64:F4:1A:57:8E,NA,-93
1762843340654,0adab909-eb8f-4baf-9eed-7a4cc889cb7c,57:26:65:F0:0C:AE,Fernseher im Schlafzimmer,-100
1762843342560,0adab909-eb8f-4baf-9eed-7a4cc889cb7c,40:58:99:A6:72:5A,NA,-89
1762843344077,0adab909-eb8f-4baf-9eed-7a4cc889cb7c,66:67:39:5C:D0:70,NA,-86
1762843918474,0adab909-eb8f-4baf-9eed-7a4cc889cb7c,6C:0B:5E:31:4B:87,NA,-91
1762843919322,0adab909-eb8f-4baf-9eed-7a4cc889cb7c,40:34:85:CC:EF:ED,NA,-92
1762843919652,0adab909-eb8f-4baf-9eed-7a4cc889cb7c,C6:BF:F6:B7:29:B6,MONITOR III A.N.C. [LE],-85
1762843919819,0adab909-eb8f-4baf-9eed-7a4cc889cb7c,00:03:19:60:73:CA,NA,-100
1762843919954,0adab909-eb8f-4baf-9eed-7a4cc889cb7c,53:97:02:5A:06:18,NA,-91
1762843920025,0adab909-eb8f-4baf-9eed-7a4cc889cb7c,41:99:81:07:B5:E4,NA,-85
1762843920848,0adab909-eb8f-4baf-9eed-7a4cc889cb7c,F0:A3:B2:6B:37:FB,UPD-BJ00R,-94
1762843921931,0adab909-eb8f-4baf-9eed-7a4cc889cb7c,5B:51:40:D3:51:AC,NA,-90
1762843922299,0adab909-eb8f-4baf-9eed-7a4cc889cb7c,27:C5:74:35:F8:F2,NA,-90
1762843923187,0adab909-eb8f-4baf-9eed-7a4cc889cb7c,8C:59:DC:F2:0E:0C,DOTTS,-83
1762843923908,0adab909-eb8f-4baf-9eed-7a4cc889cb7c,3D:F3:FB:59:A3:9C,NA,-82
1762843924196,0adab909-eb8f-4baf-9eed-7a4cc889cb7c,25:5D:07:4C:F3:51,NA,-93
1762843927180,0adab909-eb8f-4baf-9eed-7a4cc889cb7c,54:67:06:3A:3C:84,OPPO A16,-100
1762843928736,0adab909-eb8f-4baf-9eed-7a4cc889cb7c,2C:D1:C6:EF:DF:AA,My VW 6915,-88
1762844532842,0adab909-eb8f-4baf-9eed-7a4cc889cb7c,44:E3:93:8D:BC:54,NA,-88
1762844534269,0adab909-eb8f-4baf-9eed-7a4cc889cb7c,49:7E:99:CC:6E:D8,NA,-85
1762844534452,0adab909-eb8f-4baf-9eed-7a4cc889cb7c,59:0C:AC:AD:3B:72,NA,-92
1762844535051,0adab909-eb8f-4baf-9eed-7a4cc889cb7c,68:CA:C4:8A:40:9C,mbasg,-98
1762844536123,0adab909-eb8f-4baf-9eed-7a4cc889cb7c,84:25:3F:A3:1F:C2,mitte-home MH22340108,-85
1762844536138,0adab909-eb8f-4baf-9eed-7a4cc889cb7c,64:16:77:D4:2A:AA,NA,-87
1762844539675,0adab909-eb8f-4baf-9eed-7a4cc889cb7c,54:17:96:29:EE:55,NA,-84
1762845075661,0adab909-eb8f-4baf-9eed-7a4cc889cb7c,68:CA:C4:8A:40:9C,mbasg,-95
1762845076575,0adab909-eb8f-4baf-9eed-7a4cc889cb7c,64:16:77:D4:2A:AA,NA,-88
1762845076594,0adab909-eb8f-4baf-9eed-7a4cc889cb7c,84:25:3F:A3:1F:C2,mitte-home MH22340108,-91
1762845076960,0adab909-eb8f-4baf-9eed-7a4cc889cb7c,79:1A:20:6C:38:4D,NA,-91
1762845079818,0adab909-eb8f-4baf-9eed-7a4cc889cb7c,6B:31:A2:AC:1D:6F,NA,-88
1762845082749,0adab909-eb8f-4baf-9eed-7a4cc889cb7c,68:BD:A9:03:A6:C2,NA,-87
1762845761645,0adab909-eb8f-4baf-9eed-7a4cc889cb7c,68:BD:A9:03:A6:C2,NA,-91
1762845762052,0adab909-eb8f-4baf-9eed-7a4cc889cb7c,4D:B6:8F:5D:B5:35,NA,-94
1762845762298,0adab909-eb8f-4baf-9eed-7a4cc889cb7c,5E:D2:45:B7:6E:96,NA,-73
1762845762314,0adab909-eb8f-4baf-9eed-7a4cc889cb7c,84:25:3F:A3:1F:C2,mitte-home MH22340108,-88
1762845762361,0adab909-eb8f-4baf-9eed-7a4cc889cb7c,68:CA:C4:8A:40:9C,mbasg,-100
1762845762768,0adab909-eb8f-4baf-9eed-7a4cc889cb7c,68:CA:C4:8A:40:9C,mbasg,-100
1762845762990,0adab909-eb8f-4baf-9eed-7a4cc889cb7c,7A:C6:D7:DE:7B:40,Jabra Evolve2 65,-93
1762845766200,0adab909-eb8f-4baf-9eed-7a4cc889cb7c,79:1A:20:6C:38:4D,NA,-85
1762845767458,0adab909-eb8f-4baf-9eed-7a4cc889cb7c,6B:31:A2:AC:1D:6F,NA,-91
1762845768741,0adab909-eb8f-4baf-9eed-7a4cc889cb7c,55:3C:E3:12:1C:46,NA,-69
1762846650770,0adab909-eb8f-4baf-9eed-7a4cc889cb7c,68:CA:C4:8A:40:9C,mbasg,-100
1762846651346,0adab909-eb8f-4baf-9eed-7a4cc889cb7c,5D:88:6F:3A:7B:25,NA,-66
1762846651605,0adab909-eb8f-4baf-9eed-7a4cc889cb7c,4D:52:D3:22:EB:A5,Jabra Evolve2 65,-80
1762846652237,0adab909-eb8f-4baf-9eed-7a4cc889cb7c,71:2B:90:5F:E7:E4,NA,-91
1762846655519,0adab909-eb8f-4baf-9eed-7a4cc889cb7c,50:1B:F0:EA:F6:20,NA,-88
1762846655537,0adab909-eb8f-4baf-9eed-7a4cc889cb7c,58:CB:F6:85:B8:20,NA,-86
1762846657755,0adab909-eb8f-4baf-9eed-7a4cc889cb7c,84:25:3F:A3:1F:C2,mitte-home MH22340108,-90
1762846951903,0adab909-eb8f-4baf-9eed-7a4cc889cb7c,5D:88:6F:3A:7B:25,NA,-65
1762846951946,0adab909-eb8f-4baf-9eed-7a4cc889cb7c,6D:15:04:E1:CB:6D,NA,-88
1762846952010,0adab909-eb8f-4baf-9eed-7a4cc889cb7c,76:0C:AD:8C:EF:3A,NA,-86
1762846952339,0adab909-eb8f-4baf-9eed-7a4cc889cb7c,6E:D3:D9:8F:E2:89,NA,-82
1762846952600,0adab909-eb8f-4baf-9eed-7a4cc889cb7c,84:25:3F:A3:1F:C2,mitte-home MH22340108,-90
1762846953945,0adab909-eb8f-4baf-9eed-7a4cc889cb7c,71:2B:90:5F:E7:E4,NA,-87
1762846954122,0adab909-eb8f-4baf-9eed-7a4cc889cb7c,68:CA:C4:8A:40:9C,mbasg,-100
1762846954514,0adab909-eb8f-4baf-9eed-7a4cc889cb7c,4D:52:D3:22:EB:A5,Jabra Evolve2 65,-76
1762846955847,0adab909-eb8f-4baf-9eed-7a4cc889cb7c,69:A7:49:36:B4:5A,Jabra Evolve2 65,-80
1762846958072,0adab909-eb8f-4baf-9eed-7a4cc889cb7c,6C:46:35:52:96:7C,NA,-66
1762846958684,0adab909-eb8f-4baf-9eed-7a4cc889cb7c,58:CB:F6:85:B8:20,NA,-88
1762847551977,0adab909-eb8f-4baf-9eed-7a4cc889cb7c,59:E5:7B:C5:81:96,NA,-70
1762847552253,0adab909-eb8f-4baf-9eed-7a4cc889cb7c,84:25:3F:A3:1F:C2,mitte-home MH22340108,-95
1762847552270,0adab909-eb8f-4baf-9eed-7a4cc889cb7c,52:A0:BF:37:50:8C,NA,-84
1762847552290,0adab909-eb8f-4baf-9eed-7a4cc889cb7c,98:04:ED:A2:3E:1C,S295b50867b2bc14bC,-91
1762847552640,0adab909-eb8f-4baf-9eed-7a4cc889cb7c,4A:E0:13:23:B6:7D,NA,-84
1762847552660,0adab909-eb8f-4baf-9eed-7a4cc889cb7c,54:FA:94:50:94:B5,Jabra Evolve2 65,-81
1762847552671,0adab909-eb8f-4baf-9eed-7a4cc889cb7c,77:0D:47:CF:25:26,NA,-72
1762847553279,0adab909-eb8f-4baf-9eed-7a4cc889cb7c,7D:90:BC:36:0F:1B,NA,-84
1762847553847,0adab909-eb8f-4baf-9eed-7a4cc889cb7c,76:0C:AD:8C:EF:3A,NA,-89
1762847554296,0adab909-eb8f-4baf-9eed-7a4cc889cb7c,68:CA:C4:8A:40:9C,mbasg,-100
1762847555492,0adab909-eb8f-4baf-9eed-7a4cc889cb7c,7E:A3:64:8A:DC:7D,NA,-92
1762847555509,0adab909-eb8f-4baf-9eed-7a4cc889cb7c,7C:0A:47:48:AF:7D,NA,-94
1762847557102,0adab909-eb8f-4baf-9eed-7a4cc889cb7c,54:5F:26:3B:88:58,NA,-93
1762847560995,0adab909-eb8f-4baf-9eed-7a4cc889cb7c,7F:3D:7F:B5:84:87,Jabra Evolve2 65,-92
1762847562272,0adab909-eb8f-4baf-9eed-7a4cc889cb7c,6E:75:2A:7C:71:0F,NA,-90
1762848370014,0adab909-eb8f-4baf-9eed-7a4cc889cb7c,68:CA:C4:8A:40:9C,mbasg,-97
1762848370261,0adab909-eb8f-4baf-9eed-7a4cc889cb7c,59:E5:7B:C5:81:96,NA,-72
1762848370299,0adab909-eb8f-4baf-9eed-7a4cc889cb7c,4A:E0:13:23:B6:7D,NA,-81
1762848370338,0adab909-eb8f-4baf-9eed-7a4cc889cb7c,75:51:00:FF:57:28,Jabra Evolve2 65,-94
1762848370354,0adab909-eb8f-4baf-9eed-7a4cc889cb7c,98:04:ED:A2:3E:1C,S295b50867b2bc14bC,-85
1762848370578,0adab909-eb8f-4baf-9eed-7a4cc889cb7c,84:25:3F:A3:1F:C2,mitte-home MH22340108,-94
1762848370614,0adab909-eb8f-4baf-9eed-7a4cc889cb7c,52:30:55:47:B7:20,NA,-91
1762848371375,0adab909-eb8f-4baf-9eed-7a4cc889cb7c,6A:DD:87:62:7E:06,NA,-92
1762848371424,0adab909-eb8f-4baf-9eed-7a4cc889cb7c,76:0C:AD:8C:EF:3A,NA,-90
1762848371585,0adab909-eb8f-4baf-9eed-7a4cc889cb7c,54:33:71:6B:FF:3F,NA,-85
1762848372237,0adab909-eb8f-4baf-9eed-7a4cc889cb7c,77:D9:B6:4A:7A:D2,NA,-92
1762848372391,0adab909-eb8f-4baf-9eed-7a4cc889cb7c,68:CA:C4:8A:40:9C,mbasg,-100
1762848372496,0adab909-eb8f-4baf-9eed-7a4cc889cb7c,5D:71:14:41:82:85,NA,-90
1762848374457,0adab909-eb8f-4baf-9eed-7a4cc889cb7c,6B:38:D3:2B:4B:33,Jabra Evolve2 65,-76
1762848375115,0adab909-eb8f-4baf-9eed-7a4cc889cb7c,6B:F6:65:25:B1:83,NA,-88
1762848376068,0adab909-eb8f-4baf-9eed-7a4cc889cb7c,4D:2F:47:18:8E:C5,NA,-88
1762848670195,0adab909-eb8f-4baf-9eed-7a4cc889cb7c,98:04:ED:A2:3E:1C,S295b50867b2bc14bC,-89
1762848670594,0adab909-eb8f-4baf-9eed-7a4cc889cb7c,49:31:A0:49:60:FA,NA,-82
1762848670790,0adab909-eb8f-4baf-9eed-7a4cc889cb7c,68:CA:C4:8A:40:9C,mbasg,-100
1762848670937,0adab909-eb8f-4baf-9eed-7a4cc889cb7c,4A:E0:13:23:B6:7D,NA,-83
1762848671260,0adab909-eb8f-4baf-9eed-7a4cc889cb7c,7D:46:58:06:39:43,NA,-88
1762848671281,0adab909-eb8f-4baf-9eed-7a4cc889cb7c,76:83:23:1D:86:39,NA,-92
1762848671293,0adab909-eb8f-4baf-9eed-7a4cc889cb7c,45:0D:06:8B:78:DA,NA,-92
1762848671303,0adab909-eb8f-4baf-9eed-7a4cc889cb7c,5D:71:14:41:82:85,NA,-90
1762848671313,0adab909-eb8f-4baf-9eed-7a4cc889cb7c,84:25:3F:A3:1F:C2,mitte-home MH22340108,-87
1762848671898,0adab909-eb8f-4baf-9eed-7a4cc889cb7c,50:40:D9:EB:BC:CB,NA,-90
1762848671916,0adab909-eb8f-4baf-9eed-7a4cc889cb7c,6B:F6:65:25:B1:83,NA,-90
1762848671929,0adab909-eb8f-4baf-9eed-7a4cc889cb7c,4D:2F:47:18:8E:C5,NA,-92
1762848672231,0adab909-eb8f-4baf-9eed-7a4cc889cb7c,77:D9:B6:4A:7A:D2,NA,-92
1762848672566,0adab909-eb8f-4baf-9eed-7a4cc889cb7c,61:1C:93:EE:E2:02,NA,-83
1762848672900,0adab909-eb8f-4baf-9eed-7a4cc889cb7c,52:30:55:47:B7:20,NA,-90
1762848672919,0adab909-eb8f-4baf-9eed-7a4cc889cb7c,79:30:A7:AA:7B:5C,NA,-78
1762848677369,0adab909-eb8f-4baf-9eed-7a4cc889cb7c,49:3B:A0:20:FF:7B,NA,-90
1762848680372,0adab909-eb8f-4baf-9eed-7a4cc889cb7c,68:CA:C4:8A:40:9C,mbasg,-100
1762848680917,0adab909-eb8f-4baf-9eed-7a4cc889cb7c,6A:EF:A3:40:DD:26,Jabra Evolve2 65,-84
1762848680935,0adab909-eb8f-4baf-9eed-7a4cc889cb7c,65:B0:F8:95:15:CA,NA,-71
1762849568965,0adab909-eb8f-4baf-9eed-7a4cc889cb7c,84:25:3F:A3:1F:C2,mitte-home MH22340108,-86
1762849569013,0adab909-eb8f-4baf-9eed-7a4cc889cb7c,79:30:A7:AA:7B:5C,NA,-70
1762849569048,0adab909-eb8f-4baf-9eed-7a4cc889cb7c,65:B0:F8:95:15:CA,NA,-75
1762849569091,0adab909-eb8f-4baf-9eed-7a4cc889cb7c,66:80:93:30:89:A5,NA,-71
1762849569252,0adab909-eb8f-4baf-9eed-7a4cc889cb7c,68:CA:C4:8A:40:9C,mbasg,-100
1762849569391,0adab909-eb8f-4baf-9eed-7a4cc889cb7c,98:04:ED:A2:3E:1C,S295b50867b2bc14bC,-89
1762849569630,0adab909-eb8f-4baf-9eed-7a4cc889cb7c,61:63:80:D2:C8:C1,NA,-92
1762849569658,0adab909-eb8f-4baf-9eed-7a4cc889cb7c,6F:75:D6:31:E5:02,Jabra Evolve2 65,-90
1762849569977,0adab909-eb8f-4baf-9eed-7a4cc889cb7c,66:2E:28:96:9A:31,NA,-91
1762849570321,0adab909-eb8f-4baf-9eed-7a4cc889cb7c,47:DF:48:F5:FD:85,Jabra Evolve2 65,-89
1762849571273,0adab909-eb8f-4baf-9eed-7a4cc889cb7c,7D:46:58:06:39:43,NA,-88
1762849571518,0adab909-eb8f-4baf-9eed-7a4cc889cb7c,40:52:32:A5:79:F6,NA,-91
1762849571538,0adab909-eb8f-4baf-9eed-7a4cc889cb7c,49:3B:A0:20:FF:7B,NA,-84
1762849571908,0adab909-eb8f-4baf-9eed-7a4cc889cb7c,5E:2F:3C:20:7E:C6,NA,-94
1762849572155,0adab909-eb8f-4baf-9eed-7a4cc889cb7c,68:CA:C4:8A:40:9C,mbasg,-100
1762849572200,0adab909-eb8f-4baf-9eed-7a4cc889cb7c,4C:D7:1C:CD:32:AF,NA,-88
1762849572322,0adab909-eb8f-4baf-9eed-7a4cc889cb7c,49:31:A0:49:60:FA,NA,-89
1762849579929,0adab909-eb8f-4baf-9eed-7a4cc889cb7c,52:EC:8D:EE:55:BA,NA,-91
1762850091802,0adab909-eb8f-4baf-9eed-7a4cc889cb7c,66:80:93:30:89:A5,NA,-79
1762850091821,0adab909-eb8f-4baf-9eed-7a4cc889cb7c,67:A7:F5:18:52:D1,NA,-92
1762850091834,0adab909-eb8f-4baf-9eed-7a4cc889cb7c,98:04:ED:A2:3E:1C,S295b50867b2bc14bC,-86
1762850092201,0adab909-eb8f-4baf-9eed-7a4cc889cb7c,7C:AF:BE:1E:E3:96,NA,-84
1762850092497,0adab909-eb8f-4baf-9eed-7a4cc889cb7c,5D:08:F2:E6:CA:FA,NA,-89
1762850092518,0adab909-eb8f-4baf-9eed-7a4cc889cb7c,75:E9:0D:3F:3A:1D,NA,-79
1762850092784,0adab909-eb8f-4baf-9eed-7a4cc889cb7c,42:1C:FA:67:78:F7,NA,-88
1762850092806,0adab909-eb8f-4baf-9eed-7a4cc889cb7c,79:CD:56:2C:D2:22,NA,-90
1762850092818,0adab909-eb8f-4baf-9eed-7a4cc889cb7c,84:25:3F:A3:1F:C2,mitte-home MH22340108,-84
1762850092976,0adab909-eb8f-4baf-9eed-7a4cc889cb7c,68:CA:C4:8A:40:9C,mbasg,-98
1762850093154,0adab909-eb8f-4baf-9eed-7a4cc889cb7c,61:C8:FF:CB:84:5E,NA,-65
1762850093171,0adab909-eb8f-4baf-9eed-7a4cc889cb7c,49:D8:E0:C9:5D:0E,NA,-91
1762850093781,0adab909-eb8f-4baf-9eed-7a4cc889cb7c,67:5C:05:5C:BE:59,NA,-94
1762850093797,0adab909-eb8f-4baf-9eed-7a4cc889cb7c,65:F4:CA:54:CF:99,NA,-87
1762850094132,0adab909-eb8f-4baf-9eed-7a4cc889cb7c,7C:89:D8:41:0A:70,Jabra Evolve2 65,-72
1762850096968,0adab909-eb8f-4baf-9eed-7a4cc889cb7c,50:DD:33:93:24:6C,NA,-91
1762850096996,0adab909-eb8f-4baf-9eed-7a4cc889cb7c,71:7B:0A:41:E2:06,NA,-82
1762850097357,0adab909-eb8f-4baf-9eed-7a4cc889cb7c,6F:75:D6:31:E5:02,Jabra Evolve2 65,-81
1762850098266,0adab909-eb8f-4baf-9eed-7a4cc889cb7c,70:F2:F3:AF:7B:20,Jabra Evolve2 65,-87
1762850098917,0adab909-eb8f-4baf-9eed-7a4cc889cb7c,32:D5:EC:FA:FD:55,NA,-90
1762850099542,0adab909-eb8f-4baf-9eed-7a4cc889cb7c,75:AB:B2:6A:77:45,NA,-89
1762850099832,0adab909-eb8f-4baf-9eed-7a4cc889cb7c,52:EC:8D:EE:55:BA,NA,-87
1762850101434,0adab909-eb8f-4baf-9eed-7a4cc889cb7c,4C:D7:1C:CD:32:AF,NA,-85
1762850102424,0adab909-eb8f-4baf-9eed-7a4cc889cb7c,65:ED:40:4E:6C:6D,NA,-90
1762850102764,0adab909-eb8f-4baf-9eed-7a4cc889cb7c,5C:54:05:18:1D:FD,NA,-65
1762850692888,0adab909-eb8f-4baf-9eed-7a4cc889cb7c,71:7B:0A:41:E2:06,NA,-84
1762850693242,0adab909-eb8f-4baf-9eed-7a4cc889cb7c,98:04:ED:A2:3E:1C,S295b50867b2bc14bC,-82
1762850693309,0adab909-eb8f-4baf-9eed-7a4cc889cb7c,5C:54:05:18:1D:FD,NA,-70
1762850693427,0adab909-eb8f-4baf-9eed-7a4cc889cb7c,68:CA:C4:8A:40:9C,mbasg,-100
1762850693616,0adab909-eb8f-4baf-9eed-7a4cc889cb7c,84:25:3F:A3:1F:C2,mitte-home MH22340108,-84
1762850693889,0adab909-eb8f-4baf-9eed-7a4cc889cb7c,67:A7:F5:18:52:D1,NA,-83
1762850693902,0adab909-eb8f-4baf-9eed-7a4cc889cb7c,7C:AF:BE:1E:E3:96,NA,-85
1762850694225,0adab909-eb8f-4baf-9eed-7a4cc889cb7c,49:D8:E0:C9:5D:0E,NA,-83
1762850694597,0adab909-eb8f-4baf-9eed-7a4cc889cb7c,79:CD:56:2C:D2:22,NA,-89
1762850694614,0adab909-eb8f-4baf-9eed-7a4cc889cb7c,5D:08:F2:E6:CA:FA,NA,-91
1762850694627,0adab909-eb8f-4baf-9eed-7a4cc889cb7c,78:63:D8:44:2D:90,NA,-85
1762850694638,0adab909-eb8f-4baf-9eed-7a4cc889cb7c,42:1C:FA:67:78:F7,NA,-90
1762850694861,0adab909-eb8f-4baf-9eed-7a4cc889cb7c,75:E9:0D:3F:3A:1D,NA,-79
1762850695149,0adab909-eb8f-4baf-9eed-7a4cc889cb7c,61:C8:FF:CB:84:5E,NA,-70
1762850695172,0adab909-eb8f-4baf-9eed-7a4cc889cb7c,4A:23:EC:E3:03:A2,NA,-82
1762850697778,0adab909-eb8f-4baf-9eed-7a4cc889cb7c,69:FA:FC:99:06:AE,NA,-91
1762850698697,0adab909-eb8f-4baf-9eed-7a4cc889cb7c,67:5C:05:5C:BE:59,NA,-87
1762850704808,0adab909-eb8f-4baf-9eed-7a4cc889cb7c,1D:78:DB:EB:0A:DA,NA,-85
1762850705429,0adab909-eb8f-4baf-9eed-7a4cc889cb7c,7F:55:14:93:75:A7,NA,-92
1762851293139,0adab909-eb8f-4baf-9eed-7a4cc889cb7c,5E:38:ED:AE:23:E6,NA,-83
1762851293952,0adab909-eb8f-4baf-9eed-7a4cc889cb7c,4A:23:EC:E3:03:A2,NA,-81
1762851293968,0adab909-eb8f-4baf-9eed-7a4cc889cb7c,7D:F4:7D:1E:C2:AE,NA,-83
1762851293979,0adab909-eb8f-4baf-9eed-7a4cc889cb7c,59:B7:DA:DB:E9:B4,NA,-83
1762851294258,0adab909-eb8f-4baf-9eed-7a4cc889cb7c,5A:DB:C9:3A:7B:63,NA,-61
1762851294279,0adab909-eb8f-4baf-9eed-7a4cc889cb7c,36:8C:E6:73:9D:4D,NA,-94
1762851294293,0adab909-eb8f-4baf-9eed-7a4cc889cb7c,5A:B9:EE:1E:98:7B,NA,-93
1762851294307,0adab909-eb8f-4baf-9eed-7a4cc889cb7c,48:4C:1F:F0:B6:A4,NA,-92
1762851294318,0adab909-eb8f-4baf-9eed-7a4cc889cb7c,68:CA:C4:8A:40:9C,mbasg,-99
1762851294328,0adab909-eb8f-4baf-9eed-7a4cc889cb7c,61:81:C2:8A:51:46,NA,-72
1762851294719,0adab909-eb8f-4baf-9eed-7a4cc889cb7c,68:CA:C4:8A:40:9C,mbasg,-97
1762851295168,0adab909-eb8f-4baf-9eed-7a4cc889cb7c,98:04:ED:A2:3E:1C,S295b50867b2bc14bC,-89
1762851295183,0adab909-eb8f-4baf-9eed-7a4cc889cb7c,78:63:D8:44:2D:90,NA,-91
1762851295195,0adab909-eb8f-4baf-9eed-7a4cc889cb7c,7C:AF:BE:1E:E3:96,NA,-91
1762851296157,0adab909-eb8f-4baf-9eed-7a4cc889cb7c,4D:06:B3:1E:8F:D4,NA,-83
1762851296538,0adab909-eb8f-4baf-9eed-7a4cc889cb7c,84:25:3F:A3:1F:C2,mitte-home MH22340108,-84
1762851297823,0adab909-eb8f-4baf-9eed-7a4cc889cb7c,5D:B1:3F:92:EB:49,NA,-68
1762851301918,0adab909-eb8f-4baf-9eed-7a4cc889cb7c,4F:4B:86:B7:0C:EE,NA,-89
1762851303937,0adab909-eb8f-4baf-9eed-7a4cc889cb7c,20:28:BC:1A:1F:47,[LG] webOS TV OLED65C17LB,-100
1762851305169,0adab909-eb8f-4baf-9eed-7a4cc889cb7c,5B:EA:1E:02:AE:BC,NA,-89
1762851999070,0adab909-eb8f-4baf-9eed-7a4cc889cb7c,53:23:43:AE:AC:FC,NA,-86
1762851999086,0adab909-eb8f-4baf-9eed-7a4cc889cb7c,5D:B1:3F:92:EB:49,NA,-62
1762851999097,0adab909-eb8f-4baf-9eed-7a4cc889cb7c,47:07:F1:A7:37:FD,NA,-84
1762851999755,0adab909-eb8f-4baf-9eed-7a4cc889cb7c,45:A9:37:B3:96:69,NA,-92
1762852000001,0adab909-eb8f-4baf-9eed-7a4cc889cb7c,68:CA:C4:8A:40:9C,mbasg,-97
1762852000072,0adab909-eb8f-4baf-9eed-7a4cc889cb7c,4D:06:B3:1E:8F:D4,NA,-84
1762852000091,0adab909-eb8f-4baf-9eed-7a4cc889cb7c,67:20:B6:A5:2F:01,NA,-93
1762852000107,0adab909-eb8f-4baf-9eed-7a4cc889cb7c,5E:3C:BA:55:3C:56,NA,-76
1762852000410,0adab909-eb8f-4baf-9eed-7a4cc889cb7c,42:F4:F1:1B:E2:53,NA,-85
1762852000430,0adab909-eb8f-4baf-9eed-7a4cc889cb7c,61:81:C2:8A:51:46,NA,-78
1762852000734,0adab909-eb8f-4baf-9eed-7a4cc889cb7c,46:03:F0:D4:03:D7,NA,-85
1762852000754,0adab909-eb8f-4baf-9eed-7a4cc889cb7c,72:49:EE:65:5C:85,NA,-85
1762852001287,0adab909-eb8f-4baf-9eed-7a4cc889cb7c,68:CA:C4:8A:40:9C,mbasg,-100
1762852001351,0adab909-eb8f-4baf-9eed-7a4cc889cb7c,75:16:3E:CD:BE:05,NA,-81
1762852001371,0adab909-eb8f-4baf-9eed-7a4cc889cb7c,72:CE:4F:6D:60:1E,NA,-88
1762852001751,0adab909-eb8f-4baf-9eed-7a4cc889cb7c,84:25:3F:A3:1F:C2,mitte-home MH22340108,-84
1762852002036,0adab909-eb8f-4baf-9eed-7a4cc889cb7c,12:DC:C0:2F:4B:91,NA,-93
1762852002365,0adab909-eb8f-4baf-9eed-7a4cc889cb7c,5A:DB:C9:3A:7B:63,NA,-75
1762852003309,0adab909-eb8f-4baf-9eed-7a4cc889cb7c,59:AA:A4:C8:A0:78,NA,-88
1762852005538,0adab909-eb8f-4baf-9eed-7a4cc889cb7c,5D:D3:8B:9D:81:0F,NA,-91
1762852010652,0adab909-eb8f-4baf-9eed-7a4cc889cb7c,98:04:ED:A2:3E:1C,S295b50867b2bc14bC,-92
1762852010673,0adab909-eb8f-4baf-9eed-7a4cc889cb7c,42:AC:77:1E:41:3A,Jabra Evolve2 65,-88
1762852297682,0adab909-eb8f-4baf-9eed-7a4cc889cb7c,72:49:EE:65:5C:85,NA,-84
1762852297706,0adab909-eb8f-4baf-9eed-7a4cc889cb7c,4D:06:B3:1E:8F:D4,NA,-87
1762852297724,0adab909-eb8f-4baf-9eed-7a4cc889cb7c,47:07:F1:A7:37:FD,NA,-84
1762852297754,0adab909-eb8f-4baf-9eed-7a4cc889cb7c,98:04:ED:A2:3E:1C,S295b50867b2bc14bC,-88
1762852297780,0adab909-eb8f-4baf-9eed-7a4cc889cb7c,68:CA:C4:8A:40:9C,mbasg,-95
1762852298030,0adab909-eb8f-4baf-9eed-7a4cc889cb7c,61:81:C2:8A:51:46,NA,-81
1762852298059,0adab909-eb8f-4baf-9eed-7a4cc889cb7c,46:03:F0:D4:03:D7,NA,-77
1762852298074,0adab909-eb8f-4baf-9eed-7a4cc889cb7c,60:E0:00:0F:B0:48,NA,-51
1762852298398,0adab909-eb8f-4baf-9eed-7a4cc889cb7c,67:20:B6:A5:2F:01,NA,-88
1762852298415,0adab909-eb8f-4baf-9eed-7a4cc889cb7c,84:25:3F:A3:1F:C2,mitte-home MH22340108,-86
1762852298673,0adab909-eb8f-4baf-9eed-7a4cc889cb7c,5E:3C:BA:55:3C:56,NA,-75
1762852298696,0adab909-eb8f-4baf-9eed-7a4cc889cb7c,57:ED:A9:D2:FE:96,NA,-54
1762852298710,0adab909-eb8f-4baf-9eed-7a4cc889cb7c,5D:D3:8B:9D:81:0F,NA,-89
1762852299045,0adab909-eb8f-4baf-9eed-7a4cc889cb7c,98:04:ED:BC:A8:A3,S61cb085cb4067bacC,-91
1762852299321,0adab909-eb8f-4baf-9eed-7a4cc889cb7c,45:A9:37:B3:96:69,NA,-88
1762852299884,0adab909-eb8f-4baf-9eed-7a4cc889cb7c,68:CA:C4:8A:40:9C,mbasg,-95
1762852300309,0adab909-eb8f-4baf-9eed-7a4cc889cb7c,53:23:43:AE:AC:FC,NA,-87
1762852301576,0adab909-eb8f-4baf-9eed-7a4cc889cb7c,72:CE:4F:6D:60:1E,NA,-89
1762852302566,0adab909-eb8f-4baf-9eed-7a4cc889cb7c,12:DC:C0:2F:4B:91,NA,-83
1762852303201,0adab909-eb8f-4baf-9eed-7a4cc889cb7c,42:F4:F1:1B:E2:53,NA,-84
1762852303220,0adab909-eb8f-4baf-9eed-7a4cc889cb7c,75:16:3E:CD:BE:05,NA,-85
1762852307411,0adab909-eb8f-4baf-9eed-7a4cc889cb7c,42:AC:77:1E:41:3A,Jabra Evolve2 65,-87
1762852898955,0adab909-eb8f-4baf-9eed-7a4cc889cb7c,84:25:3F:A3:1F:C2,mitte-home MH22340108,-92
1762852899270,0adab909-eb8f-4baf-9eed-7a4cc889cb7c,57:ED:A9:D2:FE:96,NA,-67
1762852899285,0adab909-eb8f-4baf-9eed-7a4cc889cb7c,98:04:ED:BC:A8:A3,S61cb085cb4067bacC,-90
1762852899583,0adab909-eb8f-4baf-9eed-7a4cc889cb7c,64:75:3C:A9:1D:1D,NA,-84
1762852899601,0adab909-eb8f-4baf-9eed-7a4cc889cb7c,5B:86:7C:BE:A7:49,NA,-88
1762852899612,0adab909-eb8f-4baf-9eed-7a4cc889cb7c,48:91:A9:87:EF:5B,NA,-89
1762852899626,0adab909-eb8f-4baf-9eed-7a4cc889cb7c,60:E0:00:0F:B0:48,NA,-53
1762852899637,0adab909-eb8f-4baf-9eed-7a4cc889cb7c,72:59:55:94:96:44,NA,-88
1762852899807,0adab909-eb8f-4baf-9eed-7a4cc889cb7c,68:CA:C4:8A:40:9C,mbasg,-100
1762852899821,0adab909-eb8f-4baf-9eed-7a4cc889cb7c,68:CA:C4:8A:40:9C,mbasg,-98
1762852899952,0adab909-eb8f-4baf-9eed-7a4cc889cb7c,6A:6B:07:C7:D5:2B,NA,-84
1762852900558,0adab909-eb8f-4baf-9eed-7a4cc889cb7c,51:AE:6D:04:C1:08,NA,-89
1762852900573,0adab909-eb8f-4baf-9eed-7a4cc889cb7c,6C:D5:E1:F3:4E:77,NA,-88
1762852900916,0adab909-eb8f-4baf-9eed-7a4cc889cb7c,5E:3C:BA:55:3C:56,NA,-74
1762852901163,0adab909-eb8f-4baf-9eed-7a4cc889cb7c,51:2E:7C:0C:5A:AA,NA,-93
1762852901182,0adab909-eb8f-4baf-9eed-7a4cc889cb7c,98:04:ED:A2:3E:1C,S295b50867b2bc14bC,-81
1762852902794,0adab909-eb8f-4baf-9eed-7a4cc889cb7c,65:C7:BF:06:BC:CE,NA,-91
1762852902812,0adab909-eb8f-4baf-9eed-7a4cc889cb7c,5E:06:7D:97:84:5A,NA,-90
1762852903138,0adab909-eb8f-4baf-9eed-7a4cc889cb7c,75:16:3E:CD:BE:05,NA,-86
1762852903750,0adab909-eb8f-4baf-9eed-7a4cc889cb7c,42:F4:F1:1B:E2:53,NA,-87
1762852904130,0adab909-eb8f-4baf-9eed-7a4cc889cb7c,15:A9:2C:D7:85:96,NA,-82
1762852904435,0adab909-eb8f-4baf-9eed-7a4cc889cb7c,51:BA:7F:D0:02:AD,Jabra Evolve2 65,-90
1762852911434,0adab909-eb8f-4baf-9eed-7a4cc889cb7c,6B:3D:F0:C8:73:2E,Jabra Evolve2 65,-80
1762853497667,0adab909-eb8f-4baf-9eed-7a4cc889cb7c,51:2E:7C:0C:5A:AA,NA,-89
1762853497688,0adab909-eb8f-4baf-9eed-7a4cc889cb7c,6A:90:59:BC:C0:2C,NA,-60
1762853497701,0adab909-eb8f-4baf-9eed-7a4cc889cb7c,5D:1C:FF:5C:37:DB,NA,-74
1762853498349,0adab909-eb8f-4baf-9eed-7a4cc889cb7c,98:04:ED:A2:3E:1C,S295b50867b2bc14bC,-88
1762853498363,0adab909-eb8f-4baf-9eed-7a4cc889cb7c,6C:D5:E1:F3:4E:77,NA,-89
1762853498374,0adab909-eb8f-4baf-9eed-7a4cc889cb7c,64:75:3C:A9:1D:1D,NA,-81
1762853498391,0adab909-eb8f-4baf-9eed-7a4cc889cb7c,5B:86:7C:BE:A7:49,NA,-90
1762853498729,0adab909-eb8f-4baf-9eed-7a4cc889cb7c,5E:06:7D:97:84:5A,NA,-90
1762853499004,0adab909-eb8f-4baf-9eed-7a4cc889cb7c,44:93:48:7C:79:E4,NA,-84
1762853499018,0adab909-eb8f-4baf-9eed-7a4cc889cb7c,22:A2:0C:AA:55:04,NA,-83
1762853500006,0adab909-eb8f-4baf-9eed-7a4cc889cb7c,68:CA:C4:8A:40:9C,mbasg,-100
1762853500930,0adab909-eb8f-4baf-9eed-7a4cc889cb7c,65:C7:BF:06:BC:CE,NA,-86
1762853500949,0adab909-eb8f-4baf-9eed-7a4cc889cb7c,4E:9B:BC:F9:31:50,NA,-78
1762853501657,0adab909-eb8f-4baf-9eed-7a4cc889cb7c,68:CA:C4:8A:40:9C,mbasg,-100
1762853502580,0adab909-eb8f-4baf-9eed-7a4cc889cb7c,6A:6B:07:C7:D5:2B,NA,-83
1762853502858,0adab909-eb8f-4baf-9eed-7a4cc889cb7c,43:17:15:BB:81:F4,NA,-92
1762853502877,0adab909-eb8f-4baf-9eed-7a4cc889cb7c,84:25:3F:A3:1F:C2,mitte-home MH22340108,-90
1762853502892,0adab909-eb8f-4baf-9eed-7a4cc889cb7c,7E:74:DF:3D:22:26,NA,-91
1762853503154,0adab909-eb8f-4baf-9eed-7a4cc889cb7c,51:AE:6D:04:C1:08,NA,-94
1762853503504,0adab909-eb8f-4baf-9eed-7a4cc889cb7c,67:8A:BA:83:3C:6E,NA,-88
1762853503524,0adab909-eb8f-4baf-9eed-7a4cc889cb7c,48:91:A9:87:EF:5B,NA,-79
1762853503537,0adab909-eb8f-4baf-9eed-7a4cc889cb7c,4E:1E:95:E4:7E:81,NA,-88
1762853505708,0adab909-eb8f-4baf-9eed-7a4cc889cb7c,59:AE:43:57:62:2A,NA,-81
1762853507313,0adab909-eb8f-4baf-9eed-7a4cc889cb7c,5B:36:B2:9B:2C:B2,Jabra Evolve2 65,-90
1762853509566,0adab909-eb8f-4baf-9eed-7a4cc889cb7c,6D:66:25:9A:F3:8C,Jabra Evolve2 65,-92
1762854330914,0adab909-eb8f-4baf-9eed-7a4cc889cb7c,98:04:ED:A2:3E:1C,S295b50867b2bc14bC,-85
1762854330931,0adab909-eb8f-4baf-9eed-7a4cc889cb7c,84:25:3F:A3:1F:C2,mitte-home MH22340108,-87
1762854330942,0adab909-eb8f-4baf-9eed-7a4cc889cb7c,6E:C6:45:E3:D0:E0,NA,-82
1762854331237,0adab909-eb8f-4baf-9eed-7a4cc889cb7c,57:62:73:07:7D:24,NA,-93
1762854331255,0adab909-eb8f-4baf-9eed-7a4cc889cb7c,44:93:48:7C:79:E4,NA,-79
1762854331573,0adab909-eb8f-4baf-9eed-7a4cc889cb7c,6A:90:59:BC:C0:2C,NA,-67
1762854331596,0adab909-eb8f-4baf-9eed-7a4cc889cb7c,6C:83:E4:CF:65:C6,NA,-76
1762854331850,0adab909-eb8f-4baf-9eed-7a4cc889cb7c,7B:4A:AF:B4:26:88,NA,-94
1762854332320,0adab909-eb8f-4baf-9eed-7a4cc889cb7c,68:CA:C4:8A:40:9C,mbasg,-96
1762854332513,0adab909-eb8f-4baf-9eed-7a4cc889cb7c,71:B6:9F:6F:36:29,NA,-82
1762854332838,0adab909-eb8f-4baf-9eed-7a4cc889cb7c,63:C2:21:5D:7A:A4,NA,-94
1762854333494,0adab909-eb8f-4baf-9eed-7a4cc889cb7c,66:DC:8E:1D:D2:AF,NA,-88
1762854334119,0adab909-eb8f-4baf-9eed-7a4cc889cb7c,7E:74:DF:3D:22:26,NA,-93
1762854334442,0adab909-eb8f-4baf-9eed-7a4cc889cb7c,4E:1E:95:E4:7E:81,NA,-89
1762854334455,0adab909-eb8f-4baf-9eed-7a4cc889cb7c,60:3B:AF:AD:95:7A,NA,-83
1762854334778,0adab909-eb8f-4baf-9eed-7a4cc889cb7c,56:9B:E0:33:59:00,NA,-84
1762854335143,0adab909-eb8f-4baf-9eed-7a4cc889cb7c,74:87:69:33:0B:0A,NA,-91
1762854336022,0adab909-eb8f-4baf-9eed-7a4cc889cb7c,20:04:13:F1:0E:A0,NA,-85
1762854336675,0adab909-eb8f-4baf-9eed-7a4cc889cb7c,7B:B8:BB:C5:C7:77,Jabra Evolve2 65,-89
1762854337646,0adab909-eb8f-4baf-9eed-7a4cc889cb7c,6A:33:19:4B:15:DC,NA,-89
1762854338909,0adab909-eb8f-4baf-9eed-7a4cc889cb7c,5A:75:F4:06:AD:AF,Jabra Evolve2 65,-90
1762854338927,0adab909-eb8f-4baf-9eed-7a4cc889cb7c,56:B8:5C:6C:22:A0,NA,-89
1762854339556,0adab909-eb8f-4baf-9eed-7a4cc889cb7c,4E:81:75:E2:64:0D,NA,-82
1762854341162,0adab909-eb8f-4baf-9eed-7a4cc889cb7c,53:8E:A3:74:7B:93,NA,-70
1762854341490,0adab909-eb8f-4baf-9eed-7a4cc889cb7c,53:09:0D:DD:C2:17,NA,-83
1762854930856,0adab909-eb8f-4baf-9eed-7a4cc889cb7c,72:BD:51:D1:E3:72,NA,-88
1762854930875,0adab909-eb8f-4baf-9eed-7a4cc889cb7c,84:25:3F:A3:1F:C2,mitte-home MH22340108,-86
1762854930918,0adab909-eb8f-4baf-9eed-7a4cc889cb7c,98:04:ED:A2:3E:1C,S295b50867b2bc14bC,-85
1762854931169,0adab909-eb8f-4baf-9eed-7a4cc889cb7c,68:CA:C4:8A:40:9C,mbasg,-94
1762854931246,0adab909-eb8f-4baf-9eed-7a4cc889cb7c,66:DC:8E:1D:D2:AF,NA,-85
1762854931267,0adab909-eb8f-4baf-9eed-7a4cc889cb7c,7B:4A:AF:B4:26:88,NA,-84
1762854931474,0adab909-eb8f-4baf-9eed-7a4cc889cb7c,68:CA:C4:8A:40:9C,mbasg,-93
1762854931864,0adab909-eb8f-4baf-9eed-7a4cc889cb7c,70:32:12:D3:FF:E6,NA,-67
1762854931925,0adab909-eb8f-4baf-9eed-7a4cc889cb7c,7A:3D:E8:BB:73:2C,NA,-85
1762854931941,0adab909-eb8f-4baf-9eed-7a4cc889cb7c,60:97:96:AB:97:89,NA,-85
1762854932155,0adab909-eb8f-4baf-9eed-7a4cc889cb7c,6F:C2:98:7C:C8:16,NA,-77
1762854932177,0adab909-eb8f-4baf-9eed-7a4cc889cb7c,58:D5:53:64:73:21,NA,-93
1762854932196,0adab909-eb8f-4baf-9eed-7a4cc889cb7c,7B:4A:0C:8B:91:14,NA,-78
1762854932208,0adab909-eb8f-4baf-9eed-7a4cc889cb7c,48:F2:92:48:37:02,NA,-91
1762854932558,0adab909-eb8f-4baf-9eed-7a4cc889cb7c,71:B6:9F:6F:36:29,NA,-71
1762854932575,0adab909-eb8f-4baf-9eed-7a4cc889cb7c,6A:33:19:4B:15:DC,NA,-88
1762854933173,0adab909-eb8f-4baf-9eed-7a4cc889cb7c,63:C2:21:5D:7A:A4,NA,-86
1762854933788,0adab909-eb8f-4baf-9eed-7a4cc889cb7c,6F:69:85:A4:65:49,NA,-82
1762854934153,0adab909-eb8f-4baf-9eed-7a4cc889cb7c,74:87:69:33:0B:0A,NA,-84
1762854934793,0adab909-eb8f-4baf-9eed-7a4cc889cb7c,66:37:40:D3:06:FD,Jabra Evolve2 65,-92
1762854934812,0adab909-eb8f-4baf-9eed-7a4cc889cb7c,6C:83:E4:CF:65:C6,NA,-80
1762854935095,0adab909-eb8f-4baf-9eed-7a4cc889cb7c,49:C8:25:3D:4E:C5,NA,-92
1762854935416,0adab909-eb8f-4baf-9eed-7a4cc889cb7c,6F:48:56:30:D6:4F,NA,-88
1762854936043,0adab909-eb8f-4baf-9eed-7a4cc889cb7c,48:E5:C2:60:43:AC,NA,-91
1762854938917,0adab909-eb8f-4baf-9eed-7a4cc889cb7c,7D:97:79:69:B3:BC,NA,-91
1762854939894,0adab909-eb8f-4baf-9eed-7a4cc889cb7c,98:04:ED:BC:A8:A3,S61cb085cb4067bacC,-92
1762854942147,0adab909-eb8f-4baf-9eed-7a4cc889cb7c,71:38:8C:21:E6:88,NA,-90
1762854942815,0adab909-eb8f-4baf-9eed-7a4cc889cb7c,4C:53:8D:CC:69:5E,Jabra Evolve2 65,-96
1762855530857,0adab909-eb8f-4baf-9eed-7a4cc889cb7c,98:04:ED:A2:3E:1C,S295b50867b2bc14bC,-82
1762855530896,0adab909-eb8f-4baf-9eed-7a4cc889cb7c,84:25:3F:A3:1F:C2,mitte-home MH22340108,-85
1762855530925,0adab909-eb8f-4baf-9eed-7a4cc889cb7c,42:EE:E3:7E:BD:EB,NA,-82
1762855531208,0adab909-eb8f-4baf-9eed-7a4cc889cb7c,6F:48:56:30:D6:4F,NA,-81
1762855531233,0adab909-eb8f-4baf-9eed-7a4cc889cb7c,6F:69:85:A4:65:49,NA,-80
1762855531250,0adab909-eb8f-4baf-9eed-7a4cc889cb7c,98:04:ED:BC:A8:A3,S61cb085cb4067bacC,-91
1762855531275,0adab909-eb8f-4baf-9eed-7a4cc889cb7c,4F:C6:B0:AA:AB:4E,JBL TUNE225TWS-LE,-83
1762855531545,0adab909-eb8f-4baf-9eed-7a4cc889cb7c,68:CA:C4:8A:40:9C,mbasg,-100
1762855531562,0adab909-eb8f-4baf-9eed-7a4cc889cb7c,62:9B:ED:20:C1:85,NA,-89
1762855532253,0adab909-eb8f-4baf-9eed-7a4cc889cb7c,78:1D:AA:08:6E:F0,NA,-82
1762855532270,0adab909-eb8f-4baf-9eed-7a4cc889cb7c,56:0B:F7:F9:85:6A,Jabra Evolve2 65,-87
1762855532550,0adab909-eb8f-4baf-9eed-7a4cc889cb7c,7B:4A:0C:8B:91:14,NA,-63
1762855532854,0adab909-eb8f-4baf-9eed-7a4cc889cb7c,66:DC:8E:1D:D2:AF,NA,-88
1762855532876,0adab909-eb8f-4baf-9eed-7a4cc889cb7c,7A:63:8A:C3:9F:20,NA,-91
1762855534141,0adab909-eb8f-4baf-9eed-7a4cc889cb7c,4B:20:C3:16:D1:58,JBL TUNE225TWS-LE,-88
1762855534476,0adab909-eb8f-4baf-9eed-7a4cc889cb7c,67:E8:F9:8E:BC:B1,NA,-80
1762855534494,0adab909-eb8f-4baf-9eed-7a4cc889cb7c,68:9E:11:E5:6F:74,NA,-92
1762855534504,0adab909-eb8f-4baf-9eed-7a4cc889cb7c,41:9B:48:28:F4:DE,NA,-90
1762855535065,0adab909-eb8f-4baf-9eed-7a4cc889cb7c,70:32:12:D3:FF:E6,NA,-58
1762855535464,0adab909-eb8f-4baf-9eed-7a4cc889cb7c,5D:CC:DA:D1:C8:BC,NA,-87
1762855535945,0adab909-eb8f-4baf-9eed-7a4cc889cb7c,68:CA:C4:8A:40:9C,mbasg,-100
1762855536065,0adab909-eb8f-4baf-9eed-7a4cc889cb7c,78:E8:90:B8:7A:AB,NA,-86
1762855536082,0adab909-eb8f-4baf-9eed-7a4cc889cb7c,7C:E8:21:86:EE:00,NA,-82
1762855540229,0adab909-eb8f-4baf-9eed-7a4cc889cb7c,60:D2:87:75:0E:6B,NA,-90
1762856169482,0adab909-eb8f-4baf-9eed-7a4cc889cb7c,4F:F9:47:84:2A:58,NA,-82
1762856169764,0adab909-eb8f-4baf-9eed-7a4cc889cb7c,84:25:3F:A3:1F:C2,mitte-home MH22340108,-80
1762856169785,0adab909-eb8f-4baf-9eed-7a4cc889cb7c,75:24:9B:E9:8E:57,NA,-89
1762856169801,0adab909-eb8f-4baf-9eed-7a4cc889cb7c,49:18:83:43:60:10,NA,-90
1762856170117,0adab909-eb8f-4baf-9eed-7a4cc889cb7c,42:EE:E3:7E:BD:EB,NA,-70
1762856170136,0adab909-eb8f-4baf-9eed-7a4cc889cb7c,00:32:04:D1:0F:9A,NA,-82
1762856170175,0adab909-eb8f-4baf-9eed-7a4cc889cb7c,68:CA:C4:8A:40:9C,mbasg,-100
1762856170415,0adab909-eb8f-4baf-9eed-7a4cc889cb7c,70:1D:F4:A5:16:86,NA,-90
1762856170717,0adab909-eb8f-4baf-9eed-7a4cc889cb7c,6A:88:13:60:6B:C7,NA,-76
1762856171048,0adab909-eb8f-4baf-9eed-7a4cc889cb7c,70:AA:2C:9D:5F:C0,NA,-85
1762856171064,0adab909-eb8f-4baf-9eed-7a4cc889cb7c,42:56:3D:62:C6:41,NA,-90
1762856171077,0adab909-eb8f-4baf-9eed-7a4cc889cb7c,50:19:54:2E:86:13,NA,-85
1762856171088,0adab909-eb8f-4baf-9eed-7a4cc889cb7c,6E:E3:BC:48:BA:50,NA,-85
1762856171350,0adab909-eb8f-4baf-9eed-7a4cc889cb7c,72:2E:25:07:56:32,NA,-74
1762856171370,0adab909-eb8f-4baf-9eed-7a4cc889cb7c,58:52:C3:6A:54:A7,Jabra Evolve2 65,-85
1762856171383,0adab909-eb8f-4baf-9eed-7a4cc889cb7c,98:04:ED:BC:A8:A3,S61cb085cb4067bacC,-91
1762856171396,0adab909-eb8f-4baf-9eed-7a4cc889cb7c,44:B3:AC:C9:FA:55,Jabra Evolve2 65,-90
1762856171407,0adab909-eb8f-4baf-9eed-7a4cc889cb7c,98:04:ED:A2:3E:1C,S295b50867b2bc14bC,-89
1762856171417,0adab909-eb8f-4baf-9eed-7a4cc889cb7c,62:9B:ED:20:C1:85,NA,-85
1762856171582,0adab909-eb8f-4baf-9eed-7a4cc889cb7c,20:28:BC:1A:1F:47,[LG] webOS TV OLED65C17LB,-100
1762856172988,0adab909-eb8f-4baf-9eed-7a4cc889cb7c,59:3B:33:CC:BE:50,NA,-90
1762856173327,0adab909-eb8f-4baf-9eed-7a4cc889cb7c,7A:63:8A:C3:9F:20,NA,-84
1762856174573,0adab909-eb8f-4baf-9eed-7a4cc889cb7c,5F:AA:3F:FB:28:00,NA,-93
1762856174913,0adab909-eb8f-4baf-9eed-7a4cc889cb7c,65:0C:A3:DE:85:E2,NA,-90
1762856177514,0adab909-eb8f-4baf-9eed-7a4cc889cb7c,6E:7D:22:E2:17:27,NA,-63
1762856178079,0adab909-eb8f-4baf-9eed-7a4cc889cb7c,71:64:FC:C3:22:07,NA,-79
1762856559109,0adab909-eb8f-4baf-9eed-7a4cc889cb7c,18:90:67:26:AA:8F,NA,-91
1762856559132,0adab909-eb8f-4baf-9eed-7a4cc889cb7c,4F:F9:47:84:2A:58,NA,-82
1762856559145,0adab909-eb8f-4baf-9eed-7a4cc889cb7c,6D:B0:A6:54:D8:7C,NA,-88
1762856559464,0adab909-eb8f-4baf-9eed-7a4cc889cb7c,72:2E:25:07:56:32,NA,-66
1762856559620,0adab909-eb8f-4baf-9eed-7a4cc889cb7c,68:CA:C4:8A:40:9C,mbasg,-93
1762856559770,0adab909-eb8f-4baf-9eed-7a4cc889cb7c,98:04:ED:A2:3E:1C,S295b50867b2bc14bC,-81
1762856559789,0adab909-eb8f-4baf-9eed-7a4cc889cb7c,75:24:9B:E9:8E:57,NA,-83
1762856559806,0adab909-eb8f-4baf-9eed-7a4cc889cb7c,74:A5:23:8D:BE:8A,NA,-92
1762856559821,0adab909-eb8f-4baf-9eed-7a4cc889cb7c,84:25:3F:A3:1F:C2,mitte-home MH22340108,-87
1762856559832,0adab909-eb8f-4baf-9eed-7a4cc889cb7c,5D:B5:69:A8:19:F9,NA,-88
1762856560124,0adab909-eb8f-4baf-9eed-7a4cc889cb7c,6A:2E:BD:AE:21:AA,NA,-88
1762856560137,0adab909-eb8f-4baf-9eed-7a4cc889cb7c,42:EE:E3:7E:BD:EB,NA,-73
1762856560838,0adab909-eb8f-4baf-9eed-7a4cc889cb7c,75:FA:1D:4C:0A:AD,NA,-95
1762856560853,0adab909-eb8f-4baf-9eed-7a4cc889cb7c,70:AA:2C:9D:5F:C0,NA,-79
1762857104862,0adab909-eb8f-4baf-9eed-7a4cc889cb7c,46:EE:E6:38:5E:1C,NA,-92
1762857106171,0adab909-eb8f-4baf-9eed-7a4cc889cb7c,7C:B5:23:4E:D8:9C,NA,-93
1762857106187,0adab909-eb8f-4baf-9eed-7a4cc889cb7c,62:78:C1:56:9E:F8,NA,-93
1762857106198,0adab909-eb8f-4baf-9eed-7a4cc889cb7c,5D:B3:42:44:61:39,NA,-94
1762857106217,0adab909-eb8f-4baf-9eed-7a4cc889cb7c,68:CA:C4:8A:40:9C,mbasg,-100
1762857107437,0adab909-eb8f-4baf-9eed-7a4cc889cb7c,6D:44:15:33:C1:6B,NA,-92
1762857108390,0adab909-eb8f-4baf-9eed-7a4cc889cb7c,72:2E:25:07:56:32,NA,-70
1762857108409,0adab909-eb8f-4baf-9eed-7a4cc889cb7c,75:24:9B:E9:8E:57,NA,-89
1762857108742,0adab909-eb8f-4baf-9eed-7a4cc889cb7c,6A:84:77:EA:DF:29,NA,-90
1762857108765,0adab909-eb8f-4baf-9eed-7a4cc889cb7c,6E:7D:22:E2:17:27,NA,-68
1762857108787,0adab909-eb8f-4baf-9eed-7a4cc889cb7c,79:54:4F:AA:08:FA,NA,-90
1762857116422,0adab909-eb8f-4baf-9eed-7a4cc889cb7c,77:DC:49:49:90:AB,NA,-86
1762857122248,0adab909-eb8f-4baf-9eed-7a4cc889cb7c,68:CA:C4:8A:40:9C,mbasg,-100
1762857724127,0adab909-eb8f-4baf-9eed-7a4cc889cb7c,6A:84:77:EA:DF:29,NA,-89
1762857724227,0adab909-eb8f-4baf-9eed-7a4cc889cb7c,98:04:ED:A2:3E:1C,S295b50867b2bc14bC,-91
1762857724897,0adab909-eb8f-4baf-9eed-7a4cc889cb7c,5D:B3:42:44:61:39,NA,-94
1762857725168,0adab909-eb8f-4baf-9eed-7a4cc889cb7c,4A:77:3A:D7:41:72,NA,-67
1762857726031,0adab909-eb8f-4baf-9eed-7a4cc889cb7c,68:CA:C4:8A:40:9C,mbasg,-100
1762857727078,0adab909-eb8f-4baf-9eed-7a4cc889cb7c,6D:44:15:33:C1:6B,NA,-90
1762857727101,0adab909-eb8f-4baf-9eed-7a4cc889cb7c,7C:B5:23:4E:D8:9C,NA,-90
1762857727417,0adab909-eb8f-4baf-9eed-7a4cc889cb7c,77:DC:49:49:90:AB,NA,-81
1762857728032,0adab909-eb8f-4baf-9eed-7a4cc889cb7c,1C:0C:26:77:8F:3C,NA,-92
1762857729327,0adab909-eb8f-4baf-9eed-7a4cc889cb7c,46:EE:E6:38:5E:1C,NA,-93
1762857729343,0adab909-eb8f-4baf-9eed-7a4cc889cb7c,7A:89:7A:27:EA:BA,NA,-70
1762857730948,0adab909-eb8f-4baf-9eed-7a4cc889cb7c,4E:71:97:C0:4E:EB,NA,-93
1762857733844,0adab909-eb8f-4baf-9eed-7a4cc889cb7c,47:6B:61:1C:EE:1D,NA,-93
1762858305915,0adab909-eb8f-4baf-9eed-7a4cc889cb7c,5D:78:BE:C3:49:C7,NA,-82
1762858305931,0adab909-eb8f-4baf-9eed-7a4cc889cb7c,73:55:F2:84:0B:DE,NA,-87
1762858305941,0adab909-eb8f-4baf-9eed-7a4cc889cb7c,4A:77:3A:D7:41:72,NA,-61
1762858305952,0adab909-eb8f-4baf-9eed-7a4cc889cb7c,6B:44:A8:30:5E:B3,NA,-83
1762858306417,0adab909-eb8f-4baf-9eed-7a4cc889cb7c,78:00:6B:24:82:51,NA,-86
1762858306724,0adab909-eb8f-4baf-9eed-7a4cc889cb7c,84:25:3F:A3:1F:C2,mitte-home MH22340108,-92
1762858306744,0adab909-eb8f-4baf-9eed-7a4cc889cb7c,56:B0:39:E6:4B:A9,NA,-92
1762858306756,0adab909-eb8f-4baf-9eed-7a4cc889cb7c,70:2F:92:7A:CF:28,NA,-80
1762858306880,0adab909-eb8f-4baf-9eed-7a4cc889cb7c,68:CA:C4:8A:40:9C,mbasg,-100
1762858307011,0adab909-eb8f-4baf-9eed-7a4cc889cb7c,98:04:ED:A2:3E:1C,S295b50867b2bc14bC,-84
1762858307036,0adab909-eb8f-4baf-9eed-7a4cc889cb7c,65:08:5D:2C:F8:F3,NA,-81
1762858307054,0adab909-eb8f-4baf-9eed-7a4cc889cb7c,5A:8D:79:27:C3:A5,NA,-91
1762858307713,0adab909-eb8f-4baf-9eed-7a4cc889cb7c,1E:2E:2F:BF:00:B1,NA,-90
1762858307973,0adab909-eb8f-4baf-9eed-7a4cc889cb7c,54:7E:DF:4F:95:3B,NA,-91
1762858307988,0adab909-eb8f-4baf-9eed-7a4cc889cb7c,4E:71:97:C0:4E:EB,NA,-91
1762858308938,0adab909-eb8f-4baf-9eed-7a4cc889cb7c,40:74:AC:8C:05:9C,NA,-91
1762858308961,0adab909-eb8f-4baf-9eed-7a4cc889cb7c,4D:7E:04:AE:8B:77,NA,-84
1762858310556,0adab909-eb8f-4baf-9eed-7a4cc889cb7c,7A:89:7A:27:EA:BA,NA,-59
1762858314395,0adab909-eb8f-4baf-9eed-7a4cc889cb7c,77:73:18:5A:0F:86,NA,-88
1762858315692,0adab909-eb8f-4baf-9eed-7a4cc889cb7c,47:6B:61:1C:EE:1D,NA,-94
1762858316942,0adab909-eb8f-4baf-9eed-7a4cc889cb7c,4C:1D:60:69:A9:42,NA,-88
1762858965113,0adab909-eb8f-4baf-9eed-7a4cc889cb7c,70:2F:92:7A:CF:28,NA,-79
1762858965157,0adab909-eb8f-4baf-9eed-7a4cc889cb7c,98:04:ED:A2:3E:1C,S295b50867b2bc14bC,-85
1762858965173,0adab909-eb8f-4baf-9eed-7a4cc889cb7c,84:25:3F:A3:1F:C2,mitte-home MH22340108,-82
1762858965183,0adab909-eb8f-4baf-9eed-7a4cc889cb7c,4F:76:8F:0B:93:ED,NA,-67
1762858965269,0adab909-eb8f-4baf-9eed-7a4cc889cb7c,43:84:B6:B4:FE:1A,NA,-82
1762858965286,0adab909-eb8f-4baf-9eed-7a4cc889cb7c,70:08:F4:19:CA:C0,NA,-82
1762858965672,0adab909-eb8f-4baf-9eed-7a4cc889cb7c,68:CA:C4:8A:40:9C,mbasg,-95
1762858965929,0adab909-eb8f-4baf-9eed-7a4cc889cb7c,44:8D:DE:CA:5C:F7,NA,-83
1762858966236,0adab909-eb8f-4baf-9eed-7a4cc889cb7c,65:08:5D:2C:F8:F3,NA,-83
1762858966255,0adab909-eb8f-4baf-9eed-7a4cc889cb7c,23:EC:95:79:BC:B7,NA,-89
1762858967259,0adab909-eb8f-4baf-9eed-7a4cc889cb7c,68:CA:C4:8A:40:9C,mbasg,-99
1762858967900,0adab909-eb8f-4baf-9eed-7a4cc889cb7c,6D:A8:F8:2C:5F:29,NA,-89
1762858969424,0adab909-eb8f-4baf-9eed-7a4cc889cb7c,7A:48:2C:53:9B:22,NA,-86
1762858971736,0adab909-eb8f-4baf-9eed-7a4cc889cb7c,74:84:D4:83:D2:76,NA,-83
1762858971957,0adab909-eb8f-4baf-9eed-7a4cc889cb7c,20:28:BC:1A:1F:47,[LG] webOS TV OLED65C17LB,-100
1762858972958,0adab909-eb8f-4baf-9eed-7a4cc889cb7c,6F:72:5A:8F:E0:0F,NA,-94
1762858972975,0adab909-eb8f-4baf-9eed-7a4cc889cb7c,6E:10:DD:61:60:77,NA,-88
1762858974850,0adab909-eb8f-4baf-9eed-7a4cc889cb7c,6D:37:60:75:C4:89,NA,-94
1762858975185,0adab909-eb8f-4baf-9eed-7a4cc889cb7c,53:D2:38:E6:90:34,NA,-69
1762858976167,0adab909-eb8f-4baf-9eed-7a4cc889cb7c,44:42:45:41:B7:36,NA,-93
1762858976531,0adab909-eb8f-4baf-9eed-7a4cc889cb7c,77:73:18:5A:0F:86,NA,-88
1762859477995,0adab909-eb8f-4baf-9eed-7a4cc889cb7c,98:04:ED:A2:3E:1C,S295b50867b2bc14bC,-89
1762859478338,0adab909-eb8f-4baf-9eed-7a4cc889cb7c,44:42:45:41:B7:36,NA,-86
1762859478359,0adab909-eb8f-4baf-9eed-7a4cc889cb7c,6D:37:60:75:C4:89,NA,-87
1762859478374,0adab909-eb8f-4baf-9eed-7a4cc889cb7c,4F:76:8F:0B:93:ED,NA,-81
1762859478391,0adab909-eb8f-4baf-9eed-7a4cc889cb7c,60:73:95:81:9A:9B,NA,-82
1762859478451,0adab909-eb8f-4baf-9eed-7a4cc889cb7c,68:CA:C4:8A:40:9C,mbasg,-97
1762859478684,0adab909-eb8f-4baf-9eed-7a4cc889cb7c,65:08:38:4A:25:78,NA,-87
1762859479321,0adab909-eb8f-4baf-9eed-7a4cc889cb7c,84:25:3F:A3:1F:C2,mitte-home MH22340108,-88
1762859479338,0adab909-eb8f-4baf-9eed-7a4cc889cb7c,7A:48:2C:53:9B:22,NA,-88
1762859479978,0adab909-eb8f-4baf-9eed-7a4cc889cb7c,45:24:D1:BA:D4:16,NA,-91
1762859480000,0adab909-eb8f-4baf-9eed-7a4cc889cb7c,76:B0:97:86:B1:0E,NA,-87
1762859480326,0adab909-eb8f-4baf-9eed-7a4cc889cb7c,49:76:FC:CA:ED:FE,NA,-88
1762859481282,0adab909-eb8f-4baf-9eed-7a4cc889cb7c,40:C7:6A:F4:0B:D1,NA,-86
1762859481899,0adab909-eb8f-4baf-9eed-7a4cc889cb7c,61:EE:71:BD:1E:85,Jabra Evolve2 65,-88
1762859482232,0adab909-eb8f-4baf-9eed-7a4cc889cb7c,53:D2:38:E6:90:34,NA,-80
1762859482861,0adab909-eb8f-4baf-9eed-7a4cc889cb7c,3C:B3:51:8B:F0:18,NA,-85
1762859482883,0adab909-eb8f-4baf-9eed-7a4cc889cb7c,77:73:18:5A:0F:86,NA,-90
1762859484752,0adab909-eb8f-4baf-9eed-7a4cc889cb7c,74:84:D4:83:D2:76,NA,-88
1762859485077,0adab909-eb8f-4baf-9eed-7a4cc889cb7c,60:51:CB:C8:32:60,Jabra Evolve2 65,-87
1762859485705,0adab909-eb8f-4baf-9eed-7a4cc889cb7c,5E:A2:73:A1:EE:B6,NA,-82
1762860275682,0adab909-eb8f-4baf-9eed-7a4cc889cb7c,60:73:95:81:9A:9B,NA,-79
1762860275698,0adab909-eb8f-4baf-9eed-7a4cc889cb7c,98:04:ED:A2:3E:1C,S295b50867b2bc14bC,-77
1762860275710,0adab909-eb8f-4baf-9eed-7a4cc889cb7c,43:2E:EA:B5:94:8E,NA,-67
1762860275730,0adab909-eb8f-4baf-9eed-7a4cc889cb7c,84:25:3F:A3:1F:C2,mitte-home MH22340108,-79
1762860275940,0adab909-eb8f-4baf-9eed-7a4cc889cb7c,20:28:BC:1A:1F:47,[LG] webOS TV OLED65C17LB,-91
1762860276003,0adab909-eb8f-4baf-9eed-7a4cc889cb7c,60:EC:64:94:43:96,NA,-80
1762860276708,0adab909-eb8f-4baf-9eed-7a4cc889cb7c,0F:33:98:9F:DF:3F,NA,-87
1762860277431,0adab909-eb8f-4baf-9eed-7a4cc889cb7c,3A:97:37:5A:B5:FD,NA,-87
1762860278271,0adab909-eb8f-4baf-9eed-7a4cc889cb7c,0A:25:BC:9E:2E:7C,NA,-83
1762860279993,0adab909-eb8f-4baf-9eed-7a4cc889cb7c,54:80:08:87:F3:4C,NA,-88
1762860280248,0adab909-eb8f-4baf-9eed-7a4cc889cb7c,47:10:F2:AE:F7:9E,NA,-84
1762860280553,0adab909-eb8f-4baf-9eed-7a4cc889cb7c,76:E3:0B:4C:62:7D,NA,-84
1762860280929,0adab909-eb8f-4baf-9eed-7a4cc889cb7c,2E:61:4E:0A:B5:DD,NA,-93
1762860282488,0adab909-eb8f-4baf-9eed-7a4cc889cb7c,74:62:E3:2F:37:97,NA,-84
1762860288199,0adab909-eb8f-4baf-9eed-7a4cc889cb7c,2F:82:88:80:36:A8,NA,-87
1762860288703,0adab909-eb8f-4baf-9eed-7a4cc889cb7c,84:25:3F:A3:1F:C2,mitte-home MH22340108,-80
1762860288754,0adab909-eb8f-4baf-9eed-7a4cc889cb7c,16:A0:30:E0:D3:FE,NA,-90
1762860288777,0adab909-eb8f-4baf-9eed-7a4cc889cb7c,80:C3:BA:16:E8:B2,MOMENTUM TW 3,-86
1762860288799,0adab909-eb8f-4baf-9eed-7a4cc889cb7c,98:04:ED:A2:3E:1C,S295b50867b2bc14bC,-76
1762860288825,0adab909-eb8f-4baf-9eed-7a4cc889cb7c,0D:A2:40:7B:91:16,NA,-76
1762860288846,0adab909-eb8f-4baf-9eed-7a4cc889cb7c,2F:82:88:80:36:A8,NA,-88
1762860288870,0adab909-eb8f-4baf-9eed-7a4cc889cb7c,10:43:F0:DF:A5:36,NA,-60
1762860288901,0adab909-eb8f-4baf-9eed-7a4cc889cb7c,3C:5F:CF:7A:4E:D8,NA,-85
1762860288928,0adab909-eb8f-4baf-9eed-7a4cc889cb7c,3A:97:37:5A:B5:FD,NA,-87
1762860288946,0adab909-eb8f-4baf-9eed-7a4cc889cb7c,13:8E:FF:33:35:FF,NA,-91
1762860288964,0adab909-eb8f-4baf-9eed-7a4cc889cb7c,10:50:7B:0A:FC:FB,NA,-93
1762860288986,0adab909-eb8f-4baf-9eed-7a4cc889cb7c,35:F0:12:A4:F6:D2,NA,-79
1762860289008,0adab909-eb8f-4baf-9eed-7a4cc889cb7c,2B:D9:1C:4A:A7:0E,NA,-85
1762860289027,0adab909-eb8f-4baf-9eed-7a4cc889cb7c,36:49:E0:81:C4:4E,NA,-76
1762860289049,0adab909-eb8f-4baf-9eed-7a4cc889cb7c,3E:6C:C6:81:7F:7B,NA,-91
1762860289077,0adab909-eb8f-4baf-9eed-7a4cc889cb7c,2E:61:4E:0A:B5:DD,NA,-85
1762860289098,0adab909-eb8f-4baf-9eed-7a4cc889cb7c,60:73:95:81:9A:9B,NA,-78
1762860289122,0adab909-eb8f-4baf-9eed-7a4cc889cb7c,3E:AE:4B:F7:46:29,NA,-79
1762860289755,0adab909-eb8f-4baf-9eed-7a4cc889cb7c,60:EC:64:94:43:96,NA,-81
1762860289786,0adab909-eb8f-4baf-9eed-7a4cc889cb7c,0F:33:98:9F:DF:3F,NA,-87
1762860289816,0adab909-eb8f-4baf-9eed-7a4cc889cb7c,FD:D7:F9:FE:5C:7C,NA,-91
1762860289855,0adab909-eb8f-4baf-9eed-7a4cc889cb7c,0A:25:BC:9E:2E:7C,NA,-88
1762860289885,0adab909-eb8f-4baf-9eed-7a4cc889cb7c,F9:B5:93:25:BF:A0,NA,-65
1762860290827,0adab909-eb8f-4baf-9eed-7a4cc889cb7c,43:2E:EA:B5:94:8E,NA,-65
1762860290868,0adab909-eb8f-4baf-9eed-7a4cc889cb7c,13:B4:A6:37:26:54,NA,-90
1762860291675,0adab909-eb8f-4baf-9eed-7a4cc889cb7c,EF:58:02:13:68:B0,NA,-82
1762860291721,0adab909-eb8f-4baf-9eed-7a4cc889cb7c,98:04:ED:A2:3E:1C,S295b50867b2bc14bC,-76
1762860291748,0adab909-eb8f-4baf-9eed-7a4cc889cb7c,2B:D9:1C:4A:A7:0E,NA,-86
1762860291770,0adab909-eb8f-4baf-9eed-7a4cc889cb7c,0D:A2:40:7B:91:16,NA,-76
1762860291790,0adab909-eb8f-4baf-9eed-7a4cc889cb7c,3E:6C:C6:81:7F:7B,NA,-92
1762860839836,0adab909-eb8f-4baf-9eed-7a4cc889cb7c,72:C1:12:7D:9D:E1,NA,-90
1762860839852,0adab909-eb8f-4baf-9eed-7a4cc889cb7c,4E:64:F3:F0:0A:DD,NA,-87
1762860839864,0adab909-eb8f-4baf-9eed-7a4cc889cb7c,4D:25:06:4F:FA:64,NA,-74
1762860839879,0adab909-eb8f-4baf-9eed-7a4cc889cb7c,5F:31:3E:63:6E:FC,NA,-75
1762860839896,0adab909-eb8f-4baf-9eed-7a4cc889cb7c,98:04:ED:A2:3E:1C,S295b50867b2bc14bC,-81
1762860840234,0adab909-eb8f-4baf-9eed-7a4cc889cb7c,4D:69:7F:92:0C:05,NA,-81
1762860840251,0adab909-eb8f-4baf-9eed-7a4cc889cb7c,84:25:3F:A3:1F:C2,mitte-home MH22340108,-86
1762860840503,0adab909-eb8f-4baf-9eed-7a4cc889cb7c,76:E3:0B:4C:62:7D,NA,-59
1762860840521,0adab909-eb8f-4baf-9eed-7a4cc889cb7c,76:1E:48:AF:D0:6D,NA,-82
1762860840532,0adab909-eb8f-4baf-9eed-7a4cc889cb7c,63:61:F8:BA:B2:2C,NA,-76
1762860840882,0adab909-eb8f-4baf-9eed-7a4cc889cb7c,4C:E0:1F:33:01:AD,NA,-82
1762860840902,0adab909-eb8f-4baf-9eed-7a4cc889cb7c,54:80:08:87:F3:4C,NA,-75
1762860840912,0adab909-eb8f-4baf-9eed-7a4cc889cb7c,68:CA:C4:8A:40:9C,mbasg,-96
1762860841187,0adab909-eb8f-4baf-9eed-7a4cc889cb7c,79:26:EA:3D:E7:C2,NA,-93
1762860841202,0adab909-eb8f-4baf-9eed-7a4cc889cb7c,4E:CB:08:DF:EE:97,NA,-68
1762860841214,0adab909-eb8f-4baf-9eed-7a4cc889cb7c,38:74:13:EA:9D:81,NA,-79
1762860841913,0adab909-eb8f-4baf-9eed-7a4cc889cb7c,60:57:D8:BB:BA:78,NA,-89
1762860841979,0adab909-eb8f-4baf-9eed-7a4cc889cb7c,56:38:9A:90:FA:E5,NA,-93
1762860843741,0adab909-eb8f-4baf-9eed-7a4cc889cb7c,62:C3:2D:56:67:C4,NA,-80
1762860843785,0adab909-eb8f-4baf-9eed-7a4cc889cb7c,55:42:9D:7F:F6:85,NA,-81
1762860843941,0adab909-eb8f-4baf-9eed-7a4cc889cb7c,68:CA:C4:8A:40:9C,mbasg,-93
1762860844820,0adab909-eb8f-4baf-9eed-7a4cc889cb7c,98:04:ED:BC:A8:A3,S61cb085cb4067bacC,-90
1762860844849,0adab909-eb8f-4baf-9eed-7a4cc889cb7c,6F:93:58:E0:64:FF,NA,-82
1762860844878,0adab909-eb8f-4baf-9eed-7a4cc889cb7c,4C:BC:B4:5A:4C:F6,NA,-89
1762860846637,0adab909-eb8f-4baf-9eed-7a4cc889cb7c,5E:68:AC:32:48:E7,NA,-92
1762860847724,0adab909-eb8f-4baf-9eed-7a4cc889cb7c,5B:24:02:AA:8F:A4,NA,-88
1762860847761,0adab909-eb8f-4baf-9eed-7a4cc889cb7c,57:47:37:CF:77:05,NA,-90
1762860852723,0adab909-eb8f-4baf-9eed-7a4cc889cb7c,57:47:37:CF:77:05,NA,-85
1762860852751,0adab909-eb8f-4baf-9eed-7a4cc889cb7c,2C:67:68:2A:CB:55,NA,-73
1762860852767,0adab909-eb8f-4baf-9eed-7a4cc889cb7c,1E:74:48:F4:EB:0B,NA,-67
1762860852787,0adab909-eb8f-4baf-9eed-7a4cc889cb7c,6F:93:58:E0:64:FF,NA,-84
1762860852824,0adab909-eb8f-4baf-9eed-7a4cc889cb7c,F9:BA:1F:BC:43:61,NA,-84
1762860852841,0adab909-eb8f-4baf-9eed-7a4cc889cb7c,84:25:3F:A3:1F:C2,mitte-home MH22340108,-88
1762860852858,0adab909-eb8f-4baf-9eed-7a4cc889cb7c,01:93:60:9E:DB:FD,NA,-83
1762860852877,0adab909-eb8f-4baf-9eed-7a4cc889cb7c,76:1E:48:AF:D0:6D,NA,-85
1762860852893,0adab909-eb8f-4baf-9eed-7a4cc889cb7c,17:BA:91:34:80:9C,NA,-76
1762860852909,0adab909-eb8f-4baf-9eed-7a4cc889cb7c,4C:BC:B4:5A:4C:F6,NA,-89
1762860852927,0adab909-eb8f-4baf-9eed-7a4cc889cb7c,EE:3C:F1:38:32:41,NA,-81
1762860852945,0adab909-eb8f-4baf-9eed-7a4cc889cb7c,5F:31:3E:63:6E:FC,NA,-75
1762860852964,0adab909-eb8f-4baf-9eed-7a4cc889cb7c,06:B1:9F:36:B7:43,NA,-88
1762860852999,0adab909-eb8f-4baf-9eed-7a4cc889cb7c,4E:CB:08:DF:EE:97,NA,-64
1762860853018,0adab909-eb8f-4baf-9eed-7a4cc889cb7c,38:74:13:EA:9D:81,NA,-86
1762860853816,0adab909-eb8f-4baf-9eed-7a4cc889cb7c,76:E3:0B:4C:62:7D,NA,-64
1762860853832,0adab909-eb8f-4baf-9eed-7a4cc889cb7c,C3:07:50:96:E2:F9,NA,-79
1762860853859,0adab909-eb8f-4baf-9eed-7a4cc889cb7c,62:C3:2D:56:67:C4,NA,-79
1762860853875,0adab909-eb8f-4baf-9eed-7a4cc889cb7c,E0:3B:BC:3E:3B:FC,NA,-82
1762860853966,0adab909-eb8f-4baf-9eed-7a4cc889cb7c,0D:1A:30:2E:ED:0A,NA,-92
1762860853990,0adab909-eb8f-4baf-9eed-7a4cc889cb7c,F7:30:6A:18:41:D1,NA,-91
1762860854004,0adab909-eb8f-4baf-9eed-7a4cc889cb7c,63:61:F8:BA:B2:2C,NA,-83
1762860854678,0adab909-eb8f-4baf-9eed-7a4cc889cb7c,F5:A7:03:28:D4:09,NA,-79
1762860854702,0adab909-eb8f-4baf-9eed-7a4cc889cb7c,3F:D9:F7:87:00:28,NA,-94
1762860854717,0adab909-eb8f-4baf-9eed-7a4cc889cb7c,4D:25:06:4F:FA:64,NA,-78
1762860854732,0adab909-eb8f-4baf-9eed-7a4cc889cb7c,55:42:9D:7F:F6:85,NA,-81
1762860854749,0adab909-eb8f-4baf-9eed-7a4cc889cb7c,EF:58:02:13:68:B0,NA,-81
1762860854798,0adab909-eb8f-4baf-9eed-7a4cc889cb7c,DF:25:77:FB:F5:DF,NA,-92
1762861325259,0adab909-eb8f-4baf-9eed-7a4cc889cb7c,40:64:96:C9:96:B3,NA,-86
1762861325280,0adab909-eb8f-4baf-9eed-7a4cc889cb7c,73:E9:20:EE:AA:DD,NA,-69
1762861325295,0adab909-eb8f-4baf-9eed-7a4cc889cb7c,98:04:ED:A2:3E:1C,S295b50867b2bc14bC,-86
1762861325308,0adab909-eb8f-4baf-9eed-7a4cc889cb7c,6C:F4:AF:45:50:35,Jabra Evolve2 65,-82
1762861325496,0adab909-eb8f-4baf-9eed-7a4cc889cb7c,66:11:EF:19:CC:4A,NA,-81
1762861325513,0adab909-eb8f-4baf-9eed-7a4cc889cb7c,19:A2:9C:B9:2B:42,NA,-80
1762861325576,0adab909-eb8f-4baf-9eed-7a4cc889cb7c,4E:CB:08:DF:EE:97,NA,-71
1762861325859,0adab909-eb8f-4baf-9eed-7a4cc889cb7c,84:25:3F:A3:1F:C2,mitte-home MH22340108,-85
1762861325878,0adab909-eb8f-4baf-9eed-7a4cc889cb7c,6F:93:58:E0:64:FF,NA,-88
1762861325890,0adab909-eb8f-4baf-9eed-7a4cc889cb7c,5E:68:AC:32:48:E7,NA,-94
1762861325901,0adab909-eb8f-4baf-9eed-7a4cc889cb7c,72:E1:44:85:FE:60,NA,-82
1762861326141,0adab909-eb8f-4baf-9eed-7a4cc889cb7c,4C:BC:B4:5A:4C:F6,NA,-87
1762861326497,0adab909-eb8f-4baf-9eed-7a4cc889cb7c,4D:69:7F:92:0C:05,NA,-82
1762861326515,0adab909-eb8f-4baf-9eed-7a4cc889cb7c,67:AE:3E:FD:53:DA,NA,-76
1762861326527,0adab909-eb8f-4baf-9eed-7a4cc889cb7c,62:C3:2D:56:67:C4,NA,-93
1762861326538,0adab909-eb8f-4baf-9eed-7a4cc889cb7c,56:66:BB:60:14:08,NA,-78
1762861326626,0adab909-eb8f-4baf-9eed-7a4cc889cb7c,68:CA:C4:8A:40:9C,mbasg,-100
1762861327185,0adab909-eb8f-4baf-9eed-7a4cc889cb7c,46:3A:26:24:9E:4F,NA,-78
1762861327462,0adab909-eb8f-4baf-9eed-7a4cc889cb7c,4D:C7:BB:12:06:68,Jabra Evolve2 D,-84
1762861327753,0adab909-eb8f-4baf-9eed-7a4cc889cb7c,76:1E:48:AF:D0:6D,NA,-89
1762861327824,0adab909-eb8f-4baf-9eed-7a4cc889cb7c,6C:FB:ED:1A:BC:7A,Jabra Evolve2 DS 55,-86
1762861328128,0adab909-eb8f-4baf-9eed-7a4cc889cb7c,42:AC:D8:E7:64:F3,NA,-85
1762861330643,0adab909-eb8f-4baf-9eed-7a4cc889cb7c,4E:64:F3:F0:0A:DD,NA,-94
1762861335833,0adab909-eb8f-4baf-9eed-7a4cc889cb7c,73:62:C8:22:A4:18,NA,-72
1762861337120,0adab909-eb8f-4baf-9eed-7a4cc889cb7c,7D:2E:BC:11:24:C5,Jabra Evolve2 D,-84
1762861337399,0adab909-eb8f-4baf-9eed-7a4cc889cb7c,40:B8:B5:24:D5:AB,Jabra Evolve2 65,-85
1762861996715,0adab909-eb8f-4baf-9eed-7a4cc889cb7c,79:A0:42:B3:9D:83,NA,-91
1762861996747,0adab909-eb8f-4baf-9eed-7a4cc889cb7c,45:6A:92:04:DD:E5,NA,-90
1762861996797,0adab909-eb8f-4baf-9eed-7a4cc889cb7c,62:D0:1F:DA:61:03,NA,-87
1762861997062,0adab909-eb8f-4baf-9eed-7a4cc889cb7c,98:04:ED:A2:3E:1C,S295b50867b2bc14bC,-91
1762861997395,0adab909-eb8f-4baf-9eed-7a4cc889cb7c,84:25:3F:A3:1F:C2,mitte-home MH22340108,-88
1762861997436,0adab909-eb8f-4baf-9eed-7a4cc889cb7c,72:3F:60:FF:B6:FD,NA,-77
1762861997453,0adab909-eb8f-4baf-9eed-7a4cc889cb7c,51:0F:73:AC:D5:DD,NA,-91
1762861997718,0adab909-eb8f-4baf-9eed-7a4cc889cb7c,61:92:CA:34:72:84,NA,-90
1762861998044,0adab909-eb8f-4baf-9eed-7a4cc889cb7c,70:EE:A1:E7:DB:69,NA,-85
1762861998430,0adab909-eb8f-4baf-9eed-7a4cc889cb7c,4D:25:91:A1:28:5E,NA,-84
1762861998653,0adab909-eb8f-4baf-9eed-7a4cc889cb7c,68:CA:C4:8A:40:9C,mbasg,-100
1762861998686,0adab909-eb8f-4baf-9eed-7a4cc889cb7c,46:3A:26:24:9E:4F,NA,-89
1762861998700,0adab909-eb8f-4baf-9eed-7a4cc889cb7c,66:26:2B:48:72:3E,NA,-72
1762861998999,0adab909-eb8f-4baf-9eed-7a4cc889cb7c,42:AC:D8:E7:64:F3,NA,-88
1762861999016,0adab909-eb8f-4baf-9eed-7a4cc889cb7c,73:E9:20:EE:AA:DD,NA,-59
1762861999360,0adab909-eb8f-4baf-9eed-7a4cc889cb7c,73:62:C8:22:A4:18,NA,-71
1762862001893,0adab909-eb8f-4baf-9eed-7a4cc889cb7c,64:49:50:28:95:39,NA,-91
1762862002226,0adab909-eb8f-4baf-9eed-7a4cc889cb7c,2B:EC:FA:B3:75:C1,NA,-91
1762862003845,0adab909-eb8f-4baf-9eed-7a4cc889cb7c,50:E5:F3:AF:44:1B,NA,-94
1762862004522,0adab909-eb8f-4baf-9eed-7a4cc889cb7c,77:4A:A2:99:3B:E6,NA,-94
1762862523841,0adab909-eb8f-4baf-9eed-7a4cc889cb7c,66:26:2B:48:72:3E,NA,-66
1762862523868,0adab909-eb8f-4baf-9eed-7a4cc889cb7c,61:92:CA:34:72:84,NA,-82
1762862524276,0adab909-eb8f-4baf-9eed-7a4cc889cb7c,5C:05:8E:8E:95:66,NA,-85
1762862524567,0adab909-eb8f-4baf-9eed-7a4cc889cb7c,6A:96:D6:0E:B4:DD,NA,-80
1762862524866,0adab909-eb8f-4baf-9eed-7a4cc889cb7c,84:25:3F:A3:1F:C2,mitte-home MH22340108,-87
1762862524932,0adab909-eb8f-4baf-9eed-7a4cc889cb7c,62:D0:1F:DA:61:03,NA,-81
1762862524949,0adab909-eb8f-4baf-9eed-7a4cc889cb7c,75:17:43:1A:7C:72,NA,-91
1762862524962,0adab909-eb8f-4baf-9eed-7a4cc889cb7c,45:6A:92:04:DD:E5,NA,-81
1762862525192,0adab909-eb8f-4baf-9eed-7a4cc889cb7c,98:04:ED:A2:3E:1C,S295b50867b2bc14bC,-84
1762862525221,0adab909-eb8f-4baf-9eed-7a4cc889cb7c,6A:A0:B8:B6:7F:02,NA,-72
1762862525951,0adab909-eb8f-4baf-9eed-7a4cc889cb7c,68:CA:C4:8A:40:9C,mbasg,-100
1762862526070,0adab909-eb8f-4baf-9eed-7a4cc889cb7c,68:CA:C4:8A:40:9C,mbasg,-95
1762862526141,0adab909-eb8f-4baf-9eed-7a4cc889cb7c,61:8E:62:65:EC:E5,NA,-84
1762862526193,0adab909-eb8f-4baf-9eed-7a4cc889cb7c,54:0B:4F:E5:A1:86,NA,-91
1762862526214,0adab909-eb8f-4baf-9eed-7a4cc889cb7c,4D:25:91:A1:28:5E,NA,-86
1762862526811,0adab909-eb8f-4baf-9eed-7a4cc889cb7c,69:7B:32:02:35:61,NA,-87
1762862527433,0adab909-eb8f-4baf-9eed-7a4cc889cb7c,7B:0F:ED:89:A8:4C,NA,-67
1762862527768,0adab909-eb8f-4baf-9eed-7a4cc889cb7c,53:D9:D2:6E:53:BE,NA,-90
1762862528074,0adab909-eb8f-4baf-9eed-7a4cc889cb7c,74:E8:F7:02:0B:A7,NA,-90
1762862529048,0adab909-eb8f-4baf-9eed-7a4cc889cb7c,62:82:50:D0:01:8C,Jabra Evolve2 65,-85
1762862530025,0adab909-eb8f-4baf-9eed-7a4cc889cb7c,61:65:66:AD:F6:B3,NA,-69
1762862530946,0adab909-eb8f-4baf-9eed-7a4cc889cb7c,4E:89:54:AE:21:BB,NA,-94
1762862531891,0adab909-eb8f-4baf-9eed-7a4cc889cb7c,68:BF:C0:EB:6C:D8,NA,-83
1762862532525,0adab909-eb8f-4baf-9eed-7a4cc889cb7c,2A:A0:DE:05:06:B5,NA,-92
1762863198875,0adab909-eb8f-4baf-9eed-7a4cc889cb7c,4F:82:A4:CF:77:28,NA,-76
1762863199181,0adab909-eb8f-4baf-9eed-7a4cc889cb7c,98:04:ED:A2:3E:1C,S295b50867b2bc14bC,-85
1762863199548,0adab909-eb8f-4baf-9eed-7a4cc889cb7c,74:04:2B:9B:F4:A1,NA,-91
1762863199810,0adab909-eb8f-4baf-9eed-7a4cc889cb7c,65:D6:4A:D5:F3:05,NA,-84
1762863199828,0adab909-eb8f-4baf-9eed-7a4cc889cb7c,4E:30:D1:EA:3C:CA,NA,-70
1762863199846,0adab909-eb8f-4baf-9eed-7a4cc889cb7c,7B:0F:ED:89:A8:4C,NA,-77
1762863199907,0adab909-eb8f-4baf-9eed-7a4cc889cb7c,68:CA:C4:8A:40:9C,mbasg,-100
1762863200178,0adab909-eb8f-4baf-9eed-7a4cc889cb7c,84:25:3F:A3:1F:C2,mitte-home MH22340108,-87
1762863200460,0adab909-eb8f-4baf-9eed-7a4cc889cb7c,5C:05:8E:8E:95:66,NA,-71
1762863200476,0adab909-eb8f-4baf-9eed-7a4cc889cb7c,63:97:C6:8C:5D:70,NA,-88
1762863201169,0adab909-eb8f-4baf-9eed-7a4cc889cb7c,4F:23:E0:9B:E9:BF,NA,-83
1762863201470,0adab909-eb8f-4baf-9eed-7a4cc889cb7c,7E:27:16:60:4C:F3,NA,-91
1762863201765,0adab909-eb8f-4baf-9eed-7a4cc889cb7c,69:7B:32:02:35:61,NA,-90
1762863202119,0adab909-eb8f-4baf-9eed-7a4cc889cb7c,38:5B:28:6B:59:B3,NA,-89
1762863202722,0adab909-eb8f-4baf-9eed-7a4cc889cb7c,68:BF:C0:EB:6C:D8,NA,-90
1762863203379,0adab909-eb8f-4baf-9eed-7a4cc889cb7c,76:BD:C2:9D:F7:91,NA,-89
1762863206565,0adab909-eb8f-4baf-9eed-7a4cc889cb7c,66:9E:B7:1D:84:A0,Jabra Elite 45h,-85
1762863208113,0adab909-eb8f-4baf-9eed-7a4cc889cb7c,61:65:66:AD:F6:B3,NA,-70
1762863964691,0adab909-eb8f-4baf-9eed-7a4cc889cb7c,4E:30:D1:EA:3C:CA,NA,-79
1762863964752,0adab909-eb8f-4baf-9eed-7a4cc889cb7c,7A:59:11:D9:1E:63,NA,-88
1762863964871,0adab909-eb8f-4baf-9eed-7a4cc889cb7c,51:22:71:F4:E4:15,NA,-74
1762863964907,0adab909-eb8f-4baf-9eed-7a4cc889cb7c,02:9F:FD:A9:07:B0,NA,-89
1762863964952,0adab909-eb8f-4baf-9eed-7a4cc889cb7c,98:04:ED:A2:3E:1C,S295b50867b2bc14bC,-92
1762863964996,0adab909-eb8f-4baf-9eed-7a4cc889cb7c,56:B2:47:1C:8E:EC,NA,-88
1762863965029,0adab909-eb8f-4baf-9eed-7a4cc889cb7c,4F:3A:47:AF:FE:D5,NA,-84
1762863965067,0adab909-eb8f-4baf-9eed-7a4cc889cb7c,84:25:3F:A3:1F:C2,mitte-home MH22340108,-88
1762863965346,0adab909-eb8f-4baf-9eed-7a4cc889cb7c,71:79:F8:3A:C5:72,NA,-91
1762863965364,0adab909-eb8f-4baf-9eed-7a4cc889cb7c,5E:58:54:19:E5:08,NA,-89
1762863965607,0adab909-eb8f-4baf-9eed-7a4cc889cb7c,68:CA:C4:8A:40:9C,mbasg,-98
1762863965677,0adab909-eb8f-4baf-9eed-7a4cc889cb7c,6E:36:FF:29:2E:85,NA,-70
1762863966618,0adab909-eb8f-4baf-9eed-7a4cc889cb7c,64:EE:2B:D8:3F:30,NA,-89
1762863966969,0adab909-eb8f-4baf-9eed-7a4cc889cb7c,3B:33:7A:60:BE:EE,NA,-92
1762863967638,0adab909-eb8f-4baf-9eed-7a4cc889cb7c,7B:05:FB:44:2E:32,NA,-73
1762863967655,0adab909-eb8f-4baf-9eed-7a4cc889cb7c,4B:91:8F:33:08:9E,NA,-79
1762863967896,0adab909-eb8f-4baf-9eed-7a4cc889cb7c,52:41:E2:4F:77:20,NA,-88
1762863969228,0adab909-eb8f-4baf-9eed-7a4cc889cb7c,7C:8E:8D:26:89:F8,NA,-89
1762863970810,0adab909-eb8f-4baf-9eed-7a4cc889cb7c,43:F4:C9:F1:31:37,Jabra Evolve2 65,-80
1762863971477,0adab909-eb8f-4baf-9eed-7a4cc889cb7c,46:2C:FC:51:B4:78,NA,-89
1762863971505,0adab909-eb8f-4baf-9eed-7a4cc889cb7c,58:D2:A5:B5:DC:E4,NA,-90
1762863974308,0adab909-eb8f-4baf-9eed-7a4cc889cb7c,76:0E:54:B8:1C:14,NA,-88
1762864565009,0adab909-eb8f-4baf-9eed-7a4cc889cb7c,6E:36:FF:29:2E:85,NA,-72
1762864565457,0adab909-eb8f-4baf-9eed-7a4cc889cb7c,84:25:3F:A3:1F:C2,mitte-home MH22340108,-85
1762864565474,0adab909-eb8f-4baf-9eed-7a4cc889cb7c,74:75:39:94:01:03,NA,-81
1762864565499,0adab909-eb8f-4baf-9eed-7a4cc889cb7c,70:AA:DA:8B:6B:E0,NA,-83
1762864565787,0adab909-eb8f-4baf-9eed-7a4cc889cb7c,7B:05:FB:44:2E:32,NA,-73
1762864566132,0adab909-eb8f-4baf-9eed-7a4cc889cb7c,19:5A:99:34:C1:E9,NA,-89
1762864566147,0adab909-eb8f-4baf-9eed-7a4cc889cb7c,43:A0:86:AC:E9:E7,NA,-85
1762864566368,0adab909-eb8f-4baf-9eed-7a4cc889cb7c,68:CA:C4:8A:40:9C,mbasg,-100
1762864566771,0adab909-eb8f-4baf-9eed-7a4cc889cb7c,02:B3:B6:69:FD:4B,NA,-91
1762864567105,0adab909-eb8f-4baf-9eed-7a4cc889cb7c,51:22:71:F4:E4:15,NA,-78
1762864567122,0adab909-eb8f-4baf-9eed-7a4cc889cb7c,98:04:ED:A2:3E:1C,S295b50867b2bc14bC,-90
1762864567132,0adab909-eb8f-4baf-9eed-7a4cc889cb7c,66:84:7F:08:D0:CB,NA,-86
1762864567142,0adab909-eb8f-4baf-9eed-7a4cc889cb7c,58:D2:A5:B5:DC:E4,NA,-91
1762864567480,0adab909-eb8f-4baf-9eed-7a4cc889cb7c,45:E5:73:04:9D:CD,NA,-85
1762864569012,0adab909-eb8f-4baf-9eed-7a4cc889cb7c,64:EE:2B:D8:3F:30,NA,-90
1762864569030,0adab909-eb8f-4baf-9eed-7a4cc889cb7c,4D:15:CA:02:E3:72,NA,-88
1762864569375,0adab909-eb8f-4baf-9eed-7a4cc889cb7c,53:B9:EA:89:5D:C3,NA,-91
1762864569619,0adab909-eb8f-4baf-9eed-7a4cc889cb7c,5E:58:54:19:E5:08,NA,-93
1762864571962,0adab909-eb8f-4baf-9eed-7a4cc889cb7c,46:2C:FC:51:B4:78,NA,-91
1762864573824,0adab909-eb8f-4baf-9eed-7a4cc889cb7c,76:0E:54:B8:1C:14,NA,-91
1762865120216,0adab909-eb8f-4baf-9eed-7a4cc889cb7c,84:25:3F:A3:1F:C2,mitte-home MH22340108,-87
1762865120239,0adab909-eb8f-4baf-9eed-7a4cc889cb7c,6B:F2:F4:B1:DA:D5,NA,-86
1762865120258,0adab909-eb8f-4baf-9eed-7a4cc889cb7c,31:C6:F2:80:AE:A8,NA,-92
1762865120272,0adab909-eb8f-4baf-9eed-7a4cc889cb7c,54:AD:1E:39:1D:B2,NA,-89
1762865120283,0adab909-eb8f-4baf-9eed-7a4cc889cb7c,4C:E6:8A:D0:8B:8C,NA,-87
1762865120293,0adab909-eb8f-4baf-9eed-7a4cc889cb7c,6D:AB:64:90:85:11,NA,-86
1762865120616,0adab909-eb8f-4baf-9eed-7a4cc889cb7c,98:04:ED:A2:3E:1C,S295b50867b2bc14bC,-82
1762865121150,0adab909-eb8f-4baf-9eed-7a4cc889cb7c,68:CA:C4:8A:40:9C,mbasg,-97
1762865121557,0adab909-eb8f-4baf-9eed-7a4cc889cb7c,74:75:39:94:01:03,NA,-72
1762865121900,0adab909-eb8f-4baf-9eed-7a4cc889cb7c,47:F6:1B:BC:88:4D,NA,-71
1762865122580,0adab909-eb8f-4baf-9eed-7a4cc889cb7c,69:DE:83:33:13:21,NA,-93
1762865122599,0adab909-eb8f-4baf-9eed-7a4cc889cb7c,78:96:3B:D5:EE:89,NA,-89
1762865122847,0adab909-eb8f-4baf-9eed-7a4cc889cb7c,07:C1:9B:3E:79:C5,NA,-88
1762865123262,0adab909-eb8f-4baf-9eed-7a4cc889cb7c,7B:2D:EB:1B:1A:B9,NA,-93
1762865124450,0adab909-eb8f-4baf-9eed-7a4cc889cb7c,75:DB:74:8E:89:66,NA,-88
1762865125358,0adab909-eb8f-4baf-9eed-7a4cc889cb7c,68:CA:C4:8A:40:9C,mbasg,-100
1762865125382,0adab909-eb8f-4baf-9eed-7a4cc889cb7c,51:FC:C2:56:71:6E,NA,-94
1762865125775,0adab909-eb8f-4baf-9eed-7a4cc889cb7c,70:68:52:21:E5:CC,NA,-83
1762865126722,0adab909-eb8f-4baf-9eed-7a4cc889cb7c,6F:69:E5:AB:C4:86,NA,-75
1762865127625,0adab909-eb8f-4baf-9eed-7a4cc889cb7c,75:79:6C:1D:D7:4E,Jabra Evolve2 65,-91
1762865131518,0adab909-eb8f-4baf-9eed-7a4cc889cb7c,66:13:19:DC:1D:03,NA,-94
1762865721760,0adab909-eb8f-4baf-9eed-7a4cc889cb7c,84:25:3F:A3:1F:C2,mitte-home MH22340108,-85
1762865722134,0adab909-eb8f-4baf-9eed-7a4cc889cb7c,44:32:48:B4:BE:64,NA,-70
1762865722154,0adab909-eb8f-4baf-9eed-7a4cc889cb7c,54:AD:1E:39:1D:B2,NA,-76
1762865722169,0adab909-eb8f-4baf-9eed-7a4cc889cb7c,70:68:52:21:E5:CC,NA,-80
1762865722183,0adab909-eb8f-4baf-9eed-7a4cc889cb7c,68:CA:C4:8A:40:9C,mbasg,-94
1762865722443,0adab909-eb8f-4baf-9eed-7a4cc889cb7c,50:D7:30:91:F0:99,NA,-93
1762865722462,0adab909-eb8f-4baf-9eed-7a4cc889cb7c,53:B9:EA:89:5D:C3,NA,-85
1762865722475,0adab909-eb8f-4baf-9eed-7a4cc889cb7c,47:F6:1B:BC:88:4D,NA,-83
1762865722734,0adab909-eb8f-4baf-9eed-7a4cc889cb7c,6F:69:E5:AB:C4:86,NA,-71
1762865722749,0adab909-eb8f-4baf-9eed-7a4cc889cb7c,45:71:EB:56:17:50,NA,-88
1762865722760,0adab909-eb8f-4baf-9eed-7a4cc889cb7c,98:04:ED:A2:3E:1C,S295b50867b2bc14bC,-86
1762865723782,0adab909-eb8f-4baf-9eed-7a4cc889cb7c,42:F0:97:36:A1:4D,NA,-82
1762865724081,0adab909-eb8f-4baf-9eed-7a4cc889cb7c,6E:C7:01:88:D1:D1,NA,-92
1762865724095,0adab909-eb8f-4baf-9eed-7a4cc889cb7c,7F:0C:35:B3:66:BA,NA,-93
1762865724713,0adab909-eb8f-4baf-9eed-7a4cc889cb7c,7B:AA:76:DE:9A:F2,NA,-82
1762865725026,0adab909-eb8f-4baf-9eed-7a4cc889cb7c,6B:DD:9F:4C:48:AC,NA,-87
1762865725671,0adab909-eb8f-4baf-9eed-7a4cc889cb7c,51:73:99:30:33:CB,Jabra Evolve2 65,-86
1762865729640,0adab909-eb8f-4baf-9eed-7a4cc889cb7c,68:CA:C4:8A:40:9C,mbasg,-96
1762865729836,0adab909-eb8f-4baf-9eed-7a4cc889cb7c,7A:A0:FE:C1:89:1B,NA,-92
1762865730820,0adab909-eb8f-4baf-9eed-7a4cc889cb7c,39:22:D4:7A:3E:9C,NA,-92
1762866320185,0adab909-eb8f-4baf-9eed-7a4cc889cb7c,98:04:ED:A2:3E:1C,S295b50867b2bc14bC,-87
1762866320200,0adab909-eb8f-4baf-9eed-7a4cc889cb7c,61:97:AC:3E:27:4F,NA,-73
1762866320596,0adab909-eb8f-4baf-9eed-7a4cc889cb7c,60:1D:CE:55:D3:12,NA,-85
1762866320881,0adab909-eb8f-4baf-9eed-7a4cc889cb7c,78:96:3B:D5:EE:89,NA,-89
1762866320897,0adab909-eb8f-4baf-9eed-7a4cc889cb7c,4E:14:5C:DC:12:74,NA,-73
1762866321238,0adab909-eb8f-4baf-9eed-7a4cc889cb7c,44:32:48:B4:BE:64,NA,-74
1762866322832,0adab909-eb8f-4baf-9eed-7a4cc889cb7c,84:25:3F:A3:1F:C2,mitte-home MH22340108,-86
1762866326308,0adab909-eb8f-4baf-9eed-7a4cc889cb7c,51:73:99:30:33:CB,Jabra Evolve2 65,-86
1762867005778,0adab909-eb8f-4baf-9eed-7a4cc889cb7c,84:25:3F:A3:1F:C2,mitte-home MH22340108,-83
1762867005803,0adab909-eb8f-4baf-9eed-7a4cc889cb7c,42:6B:E5:8E:EE:37,NA,-65
1762867006183,0adab909-eb8f-4baf-9eed-7a4cc889cb7c,61:97:AC:3E:27:4F,NA,-71
1762867006430,0adab909-eb8f-4baf-9eed-7a4cc889cb7c,98:04:ED:A2:3E:1C,S295b50867b2bc14bC,-84
1762867007090,0adab909-eb8f-4baf-9eed-7a4cc889cb7c,5A:75:9A:EE:CC:05,NA,-83
1762867007403,0adab909-eb8f-4baf-9eed-7a4cc889cb7c,7D:F4:98:A8:6C:8D,NA,-80
1762867007417,0adab909-eb8f-4baf-9eed-7a4cc889cb7c,56:4D:0B:E4:3F:3F,NA,-67
1762867009041,0adab909-eb8f-4baf-9eed-7a4cc889cb7c,7D:61:43:CB:E5:44,NA,-88
1762867011898,0adab909-eb8f-4baf-9eed-7a4cc889cb7c,40:C1:F8:4F:4F:EB,NA,-91
1762867011921,0adab909-eb8f-4baf-9eed-7a4cc889cb7c,45:D3:F4:B4:05:38,NA,-88
1762867014120,0adab909-eb8f-4baf-9eed-7a4cc889cb7c,60:1D:CE:55:D3:12,NA,-83
1762867305051,0adab909-eb8f-4baf-9eed-7a4cc889cb7c,56:4D:0B:E4:3F:3F,NA,-75
1762867305355,0adab909-eb8f-4baf-9eed-7a4cc889cb7c,42:6B:E5:8E:EE:37,NA,-84
1762867305375,0adab909-eb8f-4baf-9eed-7a4cc889cb7c,77:CE:3F:5C:A2:C0,NA,-76
1762867305635,0adab909-eb8f-4baf-9eed-7a4cc889cb7c,84:25:3F:A3:1F:C2,mitte-home MH22340108,-85
1762867306006,0adab909-eb8f-4baf-9eed-7a4cc889cb7c,60:1D:CE:55:D3:12,NA,-87
1762867308221,0adab909-eb8f-4baf-9eed-7a4cc889cb7c,98:04:ED:A2:3E:1C,S295b50867b2bc14bC,-85
1762867308536,0adab909-eb8f-4baf-9eed-7a4cc889cb7c,56:51:11:C6:2E:07,Jabra Evolve2 65,-88
1762867309203,0adab909-eb8f-4baf-9eed-7a4cc889cb7c,45:D3:F4:B4:05:38,NA,-85
1762867311409,0adab909-eb8f-4baf-9eed-7a4cc889cb7c,7D:F4:98:A8:6C:8D,NA,-87
1762867313665,0adab909-eb8f-4baf-9eed-7a4cc889cb7c,5B:B6:51:21:D3:80,NA,-85
1762867315274,0adab909-eb8f-4baf-9eed-7a4cc889cb7c,5A:75:9A:EE:CC:05,NA,-92
1762867315295,0adab909-eb8f-4baf-9eed-7a4cc889cb7c,7E:C4:BA:B8:D0:59,NA,-94
1762867906108,0adab909-eb8f-4baf-9eed-7a4cc889cb7c,98:04:ED:A2:3E:1C,S295b50867b2bc14bC,-88
1762867906126,0adab909-eb8f-4baf-9eed-7a4cc889cb7c,70:1E:86:92:E4:82,NA,-83
1762867906139,0adab909-eb8f-4baf-9eed-7a4cc889cb7c,50:E6:E6:7D:F2:2F,NA,-76
1762867906775,0adab909-eb8f-4baf-9eed-7a4cc889cb7c,56:4D:0B:E4:3F:3F,NA,-78
1762867907118,0adab909-eb8f-4baf-9eed-7a4cc889cb7c,7C:1B:00:23:5F:23,NA,-90
1762867907396,0adab909-eb8f-4baf-9eed-7a4cc889cb7c,84:25:3F:A3:1F:C2,mitte-home MH22340108,-79
1762867907681,0adab909-eb8f-4baf-9eed-7a4cc889cb7c,4D:F3:54:1F:F6:08,NA,-90
1762867907712,0adab909-eb8f-4baf-9eed-7a4cc889cb7c,77:CE:3F:5C:A2:C0,NA,-76
1762867908016,0adab909-eb8f-4baf-9eed-7a4cc889cb7c,5B:B6:51:21:D3:80,NA,-82
1762867908044,0adab909-eb8f-4baf-9eed-7a4cc889cb7c,75:00:3A:33:BF:F4,NA,-88
1762867909010,0adab909-eb8f-4baf-9eed-7a4cc889cb7c,5A:2A:13:16:DC:7F,Jabra Evolve2 65,-86
1762867910644,0adab909-eb8f-4baf-9eed-7a4cc889cb7c,7E:C4:BA:B8:D0:59,NA,-85
1762868504884,0adab909-eb8f-4baf-9eed-7a4cc889cb7c,98:04:ED:A2:3E:1C,S295b50867b2bc14bC,-87
1762868505056,0adab909-eb8f-4baf-9eed-7a4cc889cb7c,55:7D:BB:1D:49:00,NA,-75
1762868505098,0adab909-eb8f-4baf-9eed-7a4cc889cb7c,52:F1:69:1E:94:29,NA,-81
1762868505688,0adab909-eb8f-4baf-9eed-7a4cc889cb7c,6B:BD:EA:01:C3:91,NA,-72
1762868505713,0adab909-eb8f-4baf-9eed-7a4cc889cb7c,70:1E:86:92:E4:82,NA,-84
1762868505732,0adab909-eb8f-4baf-9eed-7a4cc889cb7c,84:25:3F:A3:1F:C2,mitte-home MH22340108,-84
1762869123061,0adab909-eb8f-4baf-9eed-7a4cc889cb7c,55:7D:BB:1D:49:00,NA,-75
1762869123089,0adab909-eb8f-4baf-9eed-7a4cc889cb7c,6B:BD:EA:01:C3:91,NA,-82
1762869123107,0adab909-eb8f-4baf-9eed-7a4cc889cb7c,84:25:3F:A3:1F:C2,mitte-home MH22340108,-89
1762869123443,0adab909-eb8f-4baf-9eed-7a4cc889cb7c,68:88:D8:A4:2E:86,NA,-91
1762869124349,0adab909-eb8f-4baf-9eed-7a4cc889cb7c,70:BF:AB:02:E1:44,NA,-82
1762869124367,0adab909-eb8f-4baf-9eed-7a4cc889cb7c,54:B5:D3:A2:0F:F5,NA,-90
1762869125673,0adab909-eb8f-4baf-9eed-7a4cc889cb7c,98:04:ED:A2:3E:1C,S295b50867b2bc14bC,-88
1762869128193,0adab909-eb8f-4baf-9eed-7a4cc889cb7c,73:27:8B:84:F1:0A,NA,-74
1762869985626,0adab909-eb8f-4baf-9eed-7a4cc889cb7c,84:25:3F:A3:1F:C2,mitte-home MH22340108,-86
1762869985659,0adab909-eb8f-4baf-9eed-7a4cc889cb7c,68:88:D8:A4:2E:86,NA,-82
1762869985682,0adab909-eb8f-4baf-9eed-7a4cc889cb7c,98:04:ED:A2:3E:1C,S295b50867b2bc14bC,-94
1762869986039,0adab909-eb8f-4baf-9eed-7a4cc889cb7c,59:3B:2B:54:31:B7,NA,-68
1762869988196,0adab909-eb8f-4baf-9eed-7a4cc889cb7c,4E:2F:97:66:A0:4C,NA,-70
1762869988533,0adab909-eb8f-4baf-9eed-7a4cc889cb7c,6A:C1:D2:BD:89:D7,NA,-79
1762869988557,0adab909-eb8f-4baf-9eed-7a4cc889cb7c,58:B1:89:2A:68:15,NA,-78
1762869990766,0adab909-eb8f-4baf-9eed-7a4cc889cb7c,64:18:B1:9A:0E:24,NA,-89
1762870286004,0adab909-eb8f-4baf-9eed-7a4cc889cb7c,6A:C1:D2:BD:89:D7,NA,-71
1762870286361,0adab909-eb8f-4baf-9eed-7a4cc889cb7c,84:25:3F:A3:1F:C2,mitte-home MH22340108,-83
1762870287284,0adab909-eb8f-4baf-9eed-7a4cc889cb7c,59:3B:2B:54:31:B7,NA,-71
1762870287962,0adab909-eb8f-4baf-9eed-7a4cc889cb7c,71:74:A1:02:BC:AE,NA,-92
1762870288309,0adab909-eb8f-4baf-9eed-7a4cc889cb7c,58:B1:89:2A:68:15,NA,-86
1762870288540,0adab909-eb8f-4baf-9eed-7a4cc889cb7c,7A:65:14:02:DA:CD,NA,-89
1762870291126,0adab909-eb8f-4baf-9eed-7a4cc889cb7c,98:04:ED:A2:3E:1C,S295b50867b2bc14bC,-88
1762870293095,0adab909-eb8f-4baf-9eed-7a4cc889cb7c,44:AF:D6:4A:1A:42,NA,-91
1762870934172,0adab909-eb8f-4baf-9eed-7a4cc889cb7c,7D:46:B4:18:5E:09,NA,-81
1762870935169,0adab909-eb8f-4baf-9eed-7a4cc889cb7c,84:25:3F:A3:1F:C2,mitte-home MH22340108,-90
1762870935196,0adab909-eb8f-4baf-9eed-7a4cc889cb7c,59:3B:2B:54:31:B7,NA,-71
1762870938963,0adab909-eb8f-4baf-9eed-7a4cc889cb7c,44:34:61:8B:71:71,NA,-90
1762870938995,0adab909-eb8f-4baf-9eed-7a4cc889cb7c,7A:65:14:02:DA:CD,NA,-87
1762870939947,0adab909-eb8f-4baf-9eed-7a4cc889cb7c,98:04:ED:A2:3E:1C,S295b50867b2bc14bC,-90
1762870946028,0adab909-eb8f-4baf-9eed-7a4cc889cb7c,4E:2F:97:66:A0:4C,NA,-79
1762871534194,0adab909-eb8f-4baf-9eed-7a4cc889cb7c,78:92:2A:C5:C5:AA,NA,-90
1762871534226,0adab909-eb8f-4baf-9eed-7a4cc889cb7c,98:04:ED:A2:3E:1C,S295b50867b2bc14bC,-87
1762871534516,0adab909-eb8f-4baf-9eed-7a4cc889cb7c,44:34:61:8B:71:71,NA,-77
1762871534863,0adab909-eb8f-4baf-9eed-7a4cc889cb7c,4D:B3:5B:7C:13:E8,NA,-55
1762871535133,0adab909-eb8f-4baf-9eed-7a4cc889cb7c,84:25:3F:A3:1F:C2,mitte-home MH22340108,-81
1762871537748,0adab909-eb8f-4baf-9eed-7a4cc889cb7c,78:D5:BE:5F:44:1F,NA,-61
1762871539960,0adab909-eb8f-4baf-9eed-7a4cc889cb7c,76:15:5D:19:27:4E,NA,-86
1762871546361,0adab909-eb8f-4baf-9eed-7a4cc889cb7c,6E:0E:8E:53:69:8E,NA,-92
1762872133797,0adab909-eb8f-4baf-9eed-7a4cc889cb7c,4D:B3:5B:7C:13:E8,NA,-58
1762872134162,0adab909-eb8f-4baf-9eed-7a4cc889cb7c,84:25:3F:A3:1F:C2,mitte-home MH22340108,-86
1762872134183,0adab909-eb8f-4baf-9eed-7a4cc889cb7c,98:04:ED:A2:3E:1C,S295b50867b2bc14bC,-90
1762872135124,0adab909-eb8f-4baf-9eed-7a4cc889cb7c,76:15:5D:19:27:4E,NA,-90
1762872136717,0adab909-eb8f-4baf-9eed-7a4cc889cb7c,78:D5:BE:5F:44:1F,NA,-61
1762872138011,0adab909-eb8f-4baf-9eed-7a4cc889cb7c,42:23:53:84:EE:0F,NA,-76
1762872964850,0adab909-eb8f-4baf-9eed-7a4cc889cb7c,5A:A0:E9:93:CF:8F,NA,-88
1762872964878,0adab909-eb8f-4baf-9eed-7a4cc889cb7c,42:23:53:84:EE:0F,NA,-73
1762872965241,0adab909-eb8f-4baf-9eed-7a4cc889cb7c,98:04:ED:A2:3E:1C,S295b50867b2bc14bC,-88
1762872966479,0adab909-eb8f-4baf-9eed-7a4cc889cb7c,75:DE:D9:9B:D4:01,NA,-58
1762872967517,0adab909-eb8f-4baf-9eed-7a4cc889cb7c,84:25:3F:A3:1F:C2,mitte-home MH22340108,-83
1762872970665,0adab909-eb8f-4baf-9eed-7a4cc889cb7c,49:BD:C4:BC:8E:CE,NA,-60
1762873565541,0adab909-eb8f-4baf-9eed-7a4cc889cb7c,84:25:3F:A3:1F:C2,mitte-home MH22340108,-88
1762873565884,0adab909-eb8f-4baf-9eed-7a4cc889cb7c,7A:86:57:2E:C0:51,NA,-73
1762873565905,0adab909-eb8f-4baf-9eed-7a4cc889cb7c,64:92:53:99:B9:CD,NA,-74
1762873566173,0adab909-eb8f-4baf-9eed-7a4cc889cb7c,5A:A0:E9:93:CF:8F,NA,-83
1762873568149,0adab909-eb8f-4baf-9eed-7a4cc889cb7c,98:04:ED:A2:3E:1C,S295b50867b2bc14bC,-86
1762874164898,0adab909-eb8f-4baf-9eed-7a4cc889cb7c,56:98:85:95:1A:5E,NA,-85
1762874165242,0adab909-eb8f-4baf-9eed-7a4cc889cb7c,53:38:E4:01:CA:D8,NA,-86
1762874165259,0adab909-eb8f-4baf-9eed-7a4cc889cb7c,64:92:53:99:B9:CD,NA,-81
1762874165430,0adab909-eb8f-4baf-9eed-7a4cc889cb7c,68:CA:C4:8A:40:9C,mbasg,-100
1762874165538,0adab909-eb8f-4baf-9eed-7a4cc889cb7c,84:25:3F:A3:1F:C2,mitte-home MH22340108,-82
1762874165896,0adab909-eb8f-4baf-9eed-7a4cc889cb7c,74:9D:04:20:E3:07,NA,-87
1762874165918,0adab909-eb8f-4baf-9eed-7a4cc889cb7c,7C:9D:24:7F:BB:69,NA,-91
1762874165933,0adab909-eb8f-4baf-9eed-7a4cc889cb7c,7F:87:8F:09:05:D2,NA,-89
1762874166254,0adab909-eb8f-4baf-9eed-7a4cc889cb7c,54:95:96:54:EB:1C,NA,-82
1762874166836,0adab909-eb8f-4baf-9eed-7a4cc889cb7c,74:E0:A6:6B:8C:8D,NA,-92
1762874167249,0adab909-eb8f-4baf-9eed-7a4cc889cb7c,98:04:ED:A2:3E:1C,S295b50867b2bc14bC,-88
1762874167878,0adab909-eb8f-4baf-9eed-7a4cc889cb7c,69:A5:77:D2:51:3A,NA,-93
1762874168269,0adab909-eb8f-4baf-9eed-7a4cc889cb7c,68:CA:C4:8A:40:9C,mbasg,-100
1762874168808,0adab909-eb8f-4baf-9eed-7a4cc889cb7c,62:0A:1D:9C:CF:EA,NA,-94
1762874169775,0adab909-eb8f-4baf-9eed-7a4cc889cb7c,48:08:38:C5:46:1D,NA,-90
1762874171699,0adab909-eb8f-4baf-9eed-7a4cc889cb7c,76:27:55:2E:C1:62,NA,-84
1762874172628,0adab909-eb8f-4baf-9eed-7a4cc889cb7c,78:74:45:F7:EC:1A,NA,-85
1762874476496,0adab909-eb8f-4baf-9eed-7a4cc889cb7c,98:04:ED:A2:3E:1C,S295b50867b2bc14bC,-76
1762874476519,0adab909-eb8f-4baf-9eed-7a4cc889cb7c,84:25:3F:A3:1F:C2,mitte-home MH22340108,-67
1762874476842,0adab909-eb8f-4baf-9eed-7a4cc889cb7c,00:CE:BE:3E:84:43,NA,-80
1762874477193,0adab909-eb8f-4baf-9eed-7a4cc889cb7c,6F:C9:0C:22:91:9E,NA,-76
1762874477234,0adab909-eb8f-4baf-9eed-7a4cc889cb7c,5D:2C:62:67:76:19,NA,-76
1762874482604,0adab909-eb8f-4baf-9eed-7a4cc889cb7c,75:57:22:82:A5:03,NA,-69
1762874485232,0adab909-eb8f-4baf-9eed-7a4cc889cb7c,05:44:63:38:8C:44,NA,-93
1762874489331,0adab909-eb8f-4baf-9eed-7a4cc889cb7c,10:23:EA:CE:90:3C,NA,-78
1762874489374,0adab909-eb8f-4baf-9eed-7a4cc889cb7c,D2:03:89:E7:39:80,NA,-70
1762874489396,0adab909-eb8f-4baf-9eed-7a4cc889cb7c,98:04:ED:A2:3E:1C,S295b50867b2bc14bC,-75
1762874489414,0adab909-eb8f-4baf-9eed-7a4cc889cb7c,00:CE:BE:3E:84:43,NA,-75
1762874489430,0adab909-eb8f-4baf-9eed-7a4cc889cb7c,38:24:FA:9F:3A:7B,NA,-79
1762874489448,0adab909-eb8f-4baf-9eed-7a4cc889cb7c,18:21:67:3B:96:AA,NA,-88
1762874489469,0adab909-eb8f-4baf-9eed-7a4cc889cb7c,06:4A:06:05:91:15,NA,-78
1762874489489,0adab909-eb8f-4baf-9eed-7a4cc889cb7c,84:25:3F:A3:1F:C2,mitte-home MH22340108,-69
1762874489507,0adab909-eb8f-4baf-9eed-7a4cc889cb7c,75:57:22:82:A5:03,NA,-70
1762874489528,0adab909-eb8f-4baf-9eed-7a4cc889cb7c,6F:C9:0C:22:91:9E,NA,-84
1762874489546,0adab909-eb8f-4baf-9eed-7a4cc889cb7c,03:DD:D6:FC:27:31,NA,-70
1762874490500,0adab909-eb8f-4baf-9eed-7a4cc889cb7c,2B:E6:2F:C9:1C:4A,NA,-76
1762874490538,0adab909-eb8f-4baf-9eed-7a4cc889cb7c,4E:DE:B0:A5:41:DD,LE-Bose QC45,-70
1762874490583,0adab909-eb8f-4baf-9eed-7a4cc889cb7c,11:B0:94:29:9E:9A,NA,-94
1762874491346,0adab909-eb8f-4baf-9eed-7a4cc889cb7c,06:5E:9C:AC:B1:61,NA,-88
1762874491382,0adab909-eb8f-4baf-9eed-7a4cc889cb7c,EC:2B:B7:7D:D9:EA,NA,-80
1762874491408,0adab909-eb8f-4baf-9eed-7a4cc889cb7c,19:DF:F8:F3:26:F0,NA,-92
1762874491495,0adab909-eb8f-4baf-9eed-7a4cc889cb7c,5D:2C:62:67:76:19,NA,-76
1762874492328,0adab909-eb8f-4baf-9eed-7a4cc889cb7c,10:23:EA:CE:90:3C,NA,-77
1762875119748,0adab909-eb8f-4baf-9eed-7a4cc889cb7c,53:C2:78:9F:AB:15,NA,-84
1762875120058,0adab909-eb8f-4baf-9eed-7a4cc889cb7c,AC:B2:FD:4A:08:B3,S0dfc04d10348bcc6C,-81
1762875120085,0adab909-eb8f-4baf-9eed-7a4cc889cb7c,64:8C:6D:5D:C0:C2,NA,-87
1762875120342,0adab909-eb8f-4baf-9eed-7a4cc889cb7c,C0:28:8D:37:89:73,NA,-83
1762875120694,0adab909-eb8f-4baf-9eed-7a4cc889cb7c,72:4A:D4:F7:45:02,NA,-87
1762875120786,0adab909-eb8f-4baf-9eed-7a4cc889cb7c,44:4C:C4:6B:A6:98,NA,-85
1762875120987,0adab909-eb8f-4baf-9eed-7a4cc889cb7c,5C:01:3B:3B:D4:B2,NA,-82
1762875121032,0adab909-eb8f-4baf-9eed-7a4cc889cb7c,5C:60:BA:9B:0A:FC,NA,-81
1762875121318,0adab909-eb8f-4baf-9eed-7a4cc889cb7c,62:F3:76:76:98:27,NA,-84
1762875121934,0adab909-eb8f-4baf-9eed-7a4cc889cb7c,74:D0:5F:C0:70:66,NA,-73
1762875121972,0adab909-eb8f-4baf-9eed-7a4cc889cb7c,4E:70:37:76:3D:46,NA,-81
1762875124210,0adab909-eb8f-4baf-9eed-7a4cc889cb7c,7F:40:EB:48:C6:19,NA,-89
1762875125911,0adab909-eb8f-4baf-9eed-7a4cc889cb7c,5F:C6:E4:76:9A:E7,NA,-88
1762875126081,0adab909-eb8f-4baf-9eed-7a4cc889cb7c,43:29:8D:3F:69:19,Jabra Evolve2 65,-93
1762875126170,0adab909-eb8f-4baf-9eed-7a4cc889cb7c,44:9A:EA:E0:2B:99,NA,-93
1762875126439,0adab909-eb8f-4baf-9eed-7a4cc889cb7c,73:BB:04:75:13:A4,NA,-93
1762875126858,0adab909-eb8f-4baf-9eed-7a4cc889cb7c,14:52:68:DE:4F:15,NA,-90
1762875127613,0adab909-eb8f-4baf-9eed-7a4cc889cb7c,00:00:AB:CD:17:9D,Airdopes 621,-66
1762875127749,0adab909-eb8f-4baf-9eed-7a4cc889cb7c,5E:5A:0E:58:5D:E5,NA,-88
1762875128406,0adab909-eb8f-4baf-9eed-7a4cc889cb7c,68:4B:D1:10:9D:DF,NA,-92
1762875132519,0adab909-eb8f-4baf-9eed-7a4cc889cb7c,25:CF:A9:8C:56:28,NA,-87
1762875132566,0adab909-eb8f-4baf-9eed-7a4cc889cb7c,30:41:D9:96:B4:21,NA,-86
1762875132597,0adab909-eb8f-4baf-9eed-7a4cc889cb7c,3F:07:5E:82:3D:33,NA,-89
1762875132626,0adab909-eb8f-4baf-9eed-7a4cc889cb7c,0C:82:51:75:A3:FB,NA,-91
1762875132664,0adab909-eb8f-4baf-9eed-7a4cc889cb7c,CA:B3:9A:5C:64:F0,NA,-94
1762875132697,0adab909-eb8f-4baf-9eed-7a4cc889cb7c,33:5C:18:9B:0F:1A,NA,-88
1762875132731,0adab909-eb8f-4baf-9eed-7a4cc889cb7c,02:20:DE:6C:DD:B2,NA,-88
1762875132761,0adab909-eb8f-4baf-9eed-7a4cc889cb7c,0C:9C:CD:B3:8A:B2,NA,-93
1762875132799,0adab909-eb8f-4baf-9eed-7a4cc889cb7c,08:02:27:B8:B0:A5,NA,-89
1762875132834,0adab909-eb8f-4baf-9eed-7a4cc889cb7c,33:C1:91:D9:4F:0B,NA,-90
1762875132866,0adab909-eb8f-4baf-9eed-7a4cc889cb7c,26:62:F3:91:1D:BB,NA,-85
1762875132897,0adab909-eb8f-4baf-9eed-7a4cc889cb7c,20:42:0B:64:1E:51,NA,-86
1762875132932,0adab909-eb8f-4baf-9eed-7a4cc889cb7c,4E:70:37:76:3D:46,NA,-79
1762875132992,0adab909-eb8f-4baf-9eed-7a4cc889cb7c,D0:D0:03:6C:42:0F,NA,-92
1762875133020,0adab909-eb8f-4baf-9eed-7a4cc889cb7c,F2:68:34:64:E1:A9,NA,-96
1762875133485,0adab909-eb8f-4baf-9eed-7a4cc889cb7c,3C:A9:E7:59:E1:96,NA,-86
1762875133520,0adab909-eb8f-4baf-9eed-7a4cc889cb7c,34:7A:85:EB:37:44,NA,-86
1762875133553,0adab909-eb8f-4baf-9eed-7a4cc889cb7c,05:71:38:39:0F:A1,NA,-91
1762875133585,0adab909-eb8f-4baf-9eed-7a4cc889cb7c,AC:B2:FD:4A:08:B3,S0dfc04d10348bcc6C,-91
1762875133619,0adab909-eb8f-4baf-9eed-7a4cc889cb7c,03:2F:51:07:09:0E,NA,-88
1762875133652,0adab909-eb8f-4baf-9eed-7a4cc889cb7c,C6:CB:96:F0:5A:DA,NA,-90
1762875133683,0adab909-eb8f-4baf-9eed-7a4cc889cb7c,5C:01:3B:3B:D4:B2,NA,-93
1762875133718,0adab909-eb8f-4baf-9eed-7a4cc889cb7c,10:39:A5:2C:F6:9D,NA,-90
1762875133754,0adab909-eb8f-4baf-9eed-7a4cc889cb7c,1C:0A:BC:30:72:E9,NA,-90
1762875133789,0adab909-eb8f-4baf-9eed-7a4cc889cb7c,1F:05:42:DF:95:76,NA,-83
1762875133822,0adab909-eb8f-4baf-9eed-7a4cc889cb7c,19:6B:21:91:B9:2B,NA,-91
1762875133855,0adab909-eb8f-4baf-9eed-7a4cc889cb7c,74:D0:5F:C0:70:66,NA,-84
1762875133893,0adab909-eb8f-4baf-9eed-7a4cc889cb7c,F0:70:4F:7B:2F:D9,NA,-75
1762875133933,0adab909-eb8f-4baf-9eed-7a4cc889cb7c,39:16:92:CF:4C:36,NA,-94
1762875133966,0adab909-eb8f-4baf-9eed-7a4cc889cb7c,7F:40:EB:48:C6:19,NA,-87
1762875133996,0adab909-eb8f-4baf-9eed-7a4cc889cb7c,12:57:72:36:E9:83,NA,-83
1762875134609,0adab909-eb8f-4baf-9eed-7a4cc889cb7c,3B:6E:04:E2:FC:26,NA,-88
1762875134816,0adab909-eb8f-4baf-9eed-7a4cc889cb7c,5B:0D:9C:69:03:A2,NA,-94
1762875134848,0adab909-eb8f-4baf-9eed-7a4cc889cb7c,D4:B9:2D:EF:48:E3,NA,-89
1762875695772,0adab909-eb8f-4baf-9eed-7a4cc889cb7c,72:CE:89:66:D6:F8,NA,-87
1762875696434,0adab909-eb8f-4baf-9eed-7a4cc889cb7c,17:A4:64:67:4E:D5,NA,-78
1762875696467,0adab909-eb8f-4baf-9eed-7a4cc889cb7c,7A:24:6E:85:DD:F1,NA,-79
1762875696667,0adab909-eb8f-4baf-9eed-7a4cc889cb7c,42:20:42:49:52:E8,NA,-82
1762875696694,0adab909-eb8f-4baf-9eed-7a4cc889cb7c,5E:25:26:00:4E:34,NA,-88
1762875697340,0adab909-eb8f-4baf-9eed-7a4cc889cb7c,61:BE:C9:0A:7E:0C,NA,-71
1762875698360,0adab909-eb8f-4baf-9eed-7a4cc889cb7c,54:62:42:E8:42:81,NA,-91
1762875698681,0adab909-eb8f-4baf-9eed-7a4cc889cb7c,79:CC:3E:6C:97:BA,NA,-73
1762875699038,0adab909-eb8f-4baf-9eed-7a4cc889cb7c,7F:53:CF:8E:04:C7,NA,-79
1762875699127,0adab909-eb8f-4baf-9eed-7a4cc889cb7c,46:4A:46:25:10:BF,NA,-100
1762875700065,0adab909-eb8f-4baf-9eed-7a4cc889cb7c,43:C7:35:E8:27:05,NA,-92
1762875700532,0adab909-eb8f-4baf-9eed-7a4cc889cb7c,4F:91:0C:31:7A:29,NA,-90
1762875700669,0adab909-eb8f-4baf-9eed-7a4cc889cb7c,E4:52:1E:40:39:87,S4fab57502bfc052dC,-85
1762875702583,0adab909-eb8f-4baf-9eed-7a4cc889cb7c,38:C6:46:CA:A2:97,NA,-92
1762875702612,0adab909-eb8f-4baf-9eed-7a4cc889cb7c,3E:07:14:C9:C1:AF,NA,-62
1762875702864,0adab909-eb8f-4baf-9eed-7a4cc889cb7c,6D:1E:CC:D4:92:AC,NA,-82
1762875703079,0adab909-eb8f-4baf-9eed-7a4cc889cb7c,73:C6:88:49:39:61,NA,-88
1762875703830,0adab909-eb8f-4baf-9eed-7a4cc889cb7c,57:D8:45:E3:6B:D5,NA,-85
1762875705489,0adab909-eb8f-4baf-9eed-7a4cc889cb7c,60:A1:79:E1:4B:6F,NA,-82
1762875707262,0adab909-eb8f-4baf-9eed-7a4cc889cb7c,5D:FD:2D:17:A5:52,NA,-78
1762875707400,0adab909-eb8f-4baf-9eed-7a4cc889cb7c,22:8C:F6:AF:9F:FE,NA,-85
1762875708091,0adab909-eb8f-4baf-9eed-7a4cc889cb7c,5C:65:CA:37:D8:56,NA,-91
1762875708243,0adab909-eb8f-4baf-9eed-7a4cc889cb7c,2E:39:D4:E4:19:09,NA,-89
1762875709554,0adab909-eb8f-4baf-9eed-7a4cc889cb7c,46:4A:46:25:10:BF,Joel,-100
1762875709626,0adab909-eb8f-4baf-9eed-7a4cc889cb7c,57:D8:45:E3:6B:D5,NA,-83
1762875709660,0adab909-eb8f-4baf-9eed-7a4cc889cb7c,7A:24:6E:85:DD:F1,NA,-80
1762875709870,0adab909-eb8f-4baf-9eed-7a4cc889cb7c,2E:39:D4:E4:19:09,NA,-90
1762875709944,0adab909-eb8f-4baf-9eed-7a4cc889cb7c,79:CC:3E:6C:97:BA,NA,-62
1762875710774,0adab909-eb8f-4baf-9eed-7a4cc889cb7c,C5:F5:35:D2:9D:3E,NA,-77
1762875710838,0adab909-eb8f-4baf-9eed-7a4cc889cb7c,6D:1E:CC:D4:92:AC,NA,-82
1762875712004,0adab909-eb8f-4baf-9eed-7a4cc889cb7c,7F:53:CF:8E:04:C7,NA,-81
1762876326695,0adab909-eb8f-4baf-9eed-7a4cc889cb7c,A4:C1:38:4A:E7:A9,ihoment_H6181_E7A9,-82
1762876326852,0adab909-eb8f-4baf-9eed-7a4cc889cb7c,84:C0:EF:3B:6E:FF,NA,-99
1762876327008,0adab909-eb8f-4baf-9eed-7a4cc889cb7c,44:6A:20:B6:BB:5A,NA,-72
1762876327197,0adab909-eb8f-4baf-9eed-7a4cc889cb7c,C3:5A:85:52:86:B5,NA,-100
1762876327412,0adab909-eb8f-4baf-9eed-7a4cc889cb7c,52:58:6B:9E:3A:BB,NA,-79
1762876327473,0adab909-eb8f-4baf-9eed-7a4cc889cb7c,63:CE:3F:0A:EE:A0,NA,-88
1762876327497,0adab909-eb8f-4baf-9eed-7a4cc889cb7c,84:C0:EF:3B:6E:FF,[TV] Samsung 6 Series (50),-78
1762876327559,0adab909-eb8f-4baf-9eed-7a4cc889cb7c,49:CF:58:F0:50:80,NA,-89
1762876327684,0adab909-eb8f-4baf-9eed-7a4cc889cb7c,76:94:15:7C:D7:33,NA,-95
1762876328105,0adab909-eb8f-4baf-9eed-7a4cc889cb7c,BE:89:E0:04:29:48,ELK-BLEDOM   ,-82
1762876328332,0adab909-eb8f-4baf-9eed-7a4cc889cb7c,39:74:42:EC:76:4C,NA,-75
1762876328905,0adab909-eb8f-4baf-9eed-7a4cc889cb7c,30:AF:7E:D8:AB:BC,Grundfos,-90
1762876329228,0adab909-eb8f-4baf-9eed-7a4cc889cb7c,60:FE:AF:67:CC:54,NA,-83
1762876329386,0adab909-eb8f-4baf-9eed-7a4cc889cb7c,3E:B2:E9:E0:A6:22,NA,-83
1762876329640,0adab909-eb8f-4baf-9eed-7a4cc889cb7c,4C:16:45:1B:26:05,NA,-85
1762876329672,0adab909-eb8f-4baf-9eed-7a4cc889cb7c,34:97:EE:03:23:A8,NA,-88
1762876329702,0adab909-eb8f-4baf-9eed-7a4cc889cb7c,6A:8F:EF:DA:AC:14,NA,-78
1762876330238,0adab909-eb8f-4baf-9eed-7a4cc889cb7c,60:74:F4:72:13:E3,ihoment_H6006_13E3,-79
1762876330273,0adab909-eb8f-4baf-9eed-7a4cc889cb7c,75:F2:37:31:E6:32,NA,-84
1762876330940,0adab909-eb8f-4baf-9eed-7a4cc889cb7c,3B:77:B0:5B:1F:95,NA,-81
1762876331266,0adab909-eb8f-4baf-9eed-7a4cc889cb7c,71:04:20:CA:6B:2D,NA,-81
1762876331350,0adab909-eb8f-4baf-9eed-7a4cc889cb7c,58:0C:FF:2B:D2:69,NA,-87
1762876331434,0adab909-eb8f-4baf-9eed-7a4cc889cb7c,F4:1A:7A:CE:E0:E3,1K1DA2502P2040,-84
1762876331810,0adab909-eb8f-4baf-9eed-7a4cc889cb7c,60:74:F4:70:E2:CF,ihoment_H6006_E2CF,-86
1762876331874,0adab909-eb8f-4baf-9eed-7a4cc889cb7c,5A:82:C5:00:60:82,NA,-89
1762876331906,0adab909-eb8f-4baf-9eed-7a4cc889cb7c,5A:52:04:AA:DE:FB,NA,-94
1762876332158,0adab909-eb8f-4baf-9eed-7a4cc889cb7c,C6:38:32:34:76:36,Govee_H61BE_7636,-82
1762876332183,0adab909-eb8f-4baf-9eed-7a4cc889cb7c,7B:67:F8:8F:A6:88,NA,-89
1762876332271,0adab909-eb8f-4baf-9eed-7a4cc889cb7c,6A:06:D1:C5:47:89,NA,-86
1762876333001,0adab909-eb8f-4baf-9eed-7a4cc889cb7c,44:64:0D:C5:14:0B,NA,-89
1762876333910,0adab909-eb8f-4baf-9eed-7a4cc889cb7c,70:97:41:86:E3:7D,NA,-94
1762876335099,0adab909-eb8f-4baf-9eed-7a4cc889cb7c,60:8B:4D:9A:0F:B6,NA,-78
1762876335185,0adab909-eb8f-4baf-9eed-7a4cc889cb7c,70:06:01:24:D1:C0,NA,-90
1762876335216,0adab909-eb8f-4baf-9eed-7a4cc889cb7c,60:74:F4:A1:6E:4B,GBK_H6168_6E4B,-81
1762876335293,0adab909-eb8f-4baf-9eed-7a4cc889cb7c,00:60:37:6C:A5:DB,DTCO-SB G 188     ,-90
1762876336831,0adab909-eb8f-4baf-9eed-7a4cc889cb7c,6F:6F:6E:A3:5A:FE,NA,-87
1762876336861,0adab909-eb8f-4baf-9eed-7a4cc889cb7c,4E:58:9C:B7:2B:9C,NA,-91
1762876336888,0adab909-eb8f-4baf-9eed-7a4cc889cb7c,4D:AC:A7:B0:1D:28,NA,-92
1762876336995,0adab909-eb8f-4baf-9eed-7a4cc889cb7c,13:3D:46:48:6F:CF,NA,-84
1762876337111,0adab909-eb8f-4baf-9eed-7a4cc889cb7c,62:45:97:F8:A8:59,NA,-85
1762876337825,0adab909-eb8f-4baf-9eed-7a4cc889cb7c,70:97:41:86:E3:7D,[LG] webOS TV OLED65B19LA,-100
1762876338742,0adab909-eb8f-4baf-9eed-7a4cc889cb7c,1A:8C:B8:70:B0:96,NA,-86
1762876338954,0adab909-eb8f-4baf-9eed-7a4cc889cb7c,52:80:89:36:FD:6D,NA,-78
1762876346296,0adab909-eb8f-4baf-9eed-7a4cc889cb7c,6A:06:D1:C5:47:89,NA,-76
1762876346344,0adab909-eb8f-4baf-9eed-7a4cc889cb7c,E6:4F:C4:C5:AC:17,NA,-91
1762876346376,0adab909-eb8f-4baf-9eed-7a4cc889cb7c,6A:8F:EF:DA:AC:14,NA,-73
1762876346410,0adab909-eb8f-4baf-9eed-7a4cc889cb7c,C6:38:32:34:76:36,Govee_H61BE_7636,-78
1762876346492,0adab909-eb8f-4baf-9eed-7a4cc889cb7c,43:D8:6F:47:0A:FA,NA,-83
1762876346535,0adab909-eb8f-4baf-9eed-7a4cc889cb7c,CC:39:A3:65:21:79,NA,-86
1762876347280,0adab909-eb8f-4baf-9eed-7a4cc889cb7c,3B:77:B0:5B:1F:95,NA,-78
1762876347310,0adab909-eb8f-4baf-9eed-7a4cc889cb7c,62:45:97:F8:A8:59,NA,-78
1762876347336,0adab909-eb8f-4baf-9eed-7a4cc889cb7c,19:C6:9E:B9:FA:66,NA,-87
1762876347376,0adab909-eb8f-4baf-9eed-7a4cc889cb7c,65:FC:30:79:3A:70,NA,-91
1762876347405,0adab909-eb8f-4baf-9eed-7a4cc889cb7c,2A:F9:2B:99:B9:45,NA,-91
1762876347439,0adab909-eb8f-4baf-9eed-7a4cc889cb7c,6C:29:D4:44:69:4B,NA,-91
1762876347476,0adab909-eb8f-4baf-9eed-7a4cc889cb7c,28:76:43:1E:08:66,NA,-92
1762876347512,0adab909-eb8f-4baf-9eed-7a4cc889cb7c,4C:16:45:1B:26:05,NA,-83
1762876347535,0adab909-eb8f-4baf-9eed-7a4cc889cb7c,52:80:89:36:FD:6D,NA,-80
1762876347564,0adab909-eb8f-4baf-9eed-7a4cc889cb7c,39:74:42:EC:76:4C,NA,-92
1762876348379,0adab909-eb8f-4baf-9eed-7a4cc889cb7c,70:06:01:24:D1:C0,NA,-77
1762876348489,0adab909-eb8f-4baf-9eed-7a4cc889cb7c,73:9A:93:E7:86:E8,NA,-88
1762876348530,0adab909-eb8f-4baf-9eed-7a4cc889cb7c,79:54:3E:AA:FE:79,NA,-89
1762876349191,0adab909-eb8f-4baf-9eed-7a4cc889cb7c,28:07:08:FC:6F:FB,NA,-91
1762876897792,0adab909-eb8f-4baf-9eed-7a4cc889cb7c,43:6A:D1:33:81:CC,NA,-81
1762876905493,0adab909-eb8f-4baf-9eed-7a4cc889cb7c,41:F8:35:F8:23:D1,NA,-78
1762876905700,0adab909-eb8f-4baf-9eed-7a4cc889cb7c,76:94:CC:80:42:47,NA,-69
1762876905745,0adab909-eb8f-4baf-9eed-7a4cc889cb7c,76:41:9B:B0:DE:89,NA,-88
1762876905787,0adab909-eb8f-4baf-9eed-7a4cc889cb7c,73:7E:36:35:90:82,NA,-85
1762876910198,0adab909-eb8f-4baf-9eed-7a4cc889cb7c,14:33:B3:24:06:71,NA,-87
1762876910673,0adab909-eb8f-4baf-9eed-7a4cc889cb7c,14:33:B3:24:06:71,NA,-83
1762876910712,0adab909-eb8f-4baf-9eed-7a4cc889cb7c,03:D4:0E:AA:75:58,NA,-88
1762876912737,0adab909-eb8f-4baf-9eed-7a4cc889cb7c,3C:68:16:11:A3:75,PB 2.6.0,-84
1762877483221,0adab909-eb8f-4baf-9eed-7a4cc889cb7c,4C:96:8A:ED:6A:01,SPEN NA,-61
1762877483543,0adab909-eb8f-4baf-9eed-7a4cc889cb7c,4C:96:8A:ED:6A:01,SPEN NA,-58
1762877483890,0adab909-eb8f-4baf-9eed-7a4cc889cb7c,4D:98:4A:90:54:E6,NA,-71
1762877484512,0adab909-eb8f-4baf-9eed-7a4cc889cb7c,4C:96:8A:ED:6A:01,SPEN NA,-62
1762877486500,0adab909-eb8f-4baf-9eed-7a4cc889cb7c,E6:68:C6:AB:E4:2D,SumUp 418,-90
1762877486518,0adab909-eb8f-4baf-9eed-7a4cc889cb7c,4C:96:8A:ED:6A:01,SPEN NA,-58
1762877486819,0adab909-eb8f-4baf-9eed-7a4cc889cb7c,4C:96:8A:ED:6A:01,SPEN NA,-65
1762877487138,0adab909-eb8f-4baf-9eed-7a4cc889cb7c,4C:96:8A:ED:6A:01,SPEN NA,-63
1762877487752,0adab909-eb8f-4baf-9eed-7a4cc889cb7c,4C:96:8A:ED:6A:01,SPEN NA,-63
1762877488400,0adab909-eb8f-4baf-9eed-7a4cc889cb7c,4C:96:8A:ED:6A:01,SPEN NA,-63
1762877488706,0adab909-eb8f-4baf-9eed-7a4cc889cb7c,4C:96:8A:ED:6A:01,SPEN NA,-63
1762877489022,0adab909-eb8f-4baf-9eed-7a4cc889cb7c,4C:96:8A:ED:6A:01,SPEN NA,-63
1762877489339,0adab909-eb8f-4baf-9eed-7a4cc889cb7c,4C:96:8A:ED:6A:01,SPEN NA,-59
1762877489659,0adab909-eb8f-4baf-9eed-7a4cc889cb7c,4C:96:8A:ED:6A:01,SPEN NA,-63
1762877489967,0adab909-eb8f-4baf-9eed-7a4cc889cb7c,4C:96:8A:ED:6A:01,SPEN NA,-61
1762877490601,0adab909-eb8f-4baf-9eed-7a4cc889cb7c,4C:96:8A:ED:6A:01,SPEN NA,-63
1762877491561,0adab909-eb8f-4baf-9eed-7a4cc889cb7c,4C:96:8A:ED:6A:01,SPEN NA,-63
1762877492265,0adab909-eb8f-4baf-9eed-7a4cc889cb7c,4C:96:8A:ED:6A:01,SPEN NA,-57
1762877492484,0adab909-eb8f-4baf-9eed-7a4cc889cb7c,4C:96:8A:ED:6A:01,SPEN NA,-63
1762877493229,0adab909-eb8f-4baf-9eed-7a4cc889cb7c,4C:96:8A:ED:6A:01,SPEN NA,-57
1762877493524,0adab909-eb8f-4baf-9eed-7a4cc889cb7c,4C:96:8A:ED:6A:01,SPEN NA,-63
1762877493829,0adab909-eb8f-4baf-9eed-7a4cc889cb7c,4C:96:8A:ED:6A:01,SPEN NA,-61
1762877494142,0adab909-eb8f-4baf-9eed-7a4cc889cb7c,4C:96:8A:ED:6A:01,SPEN NA,-58
1762878233195,0adab909-eb8f-4baf-9eed-7a4cc889cb7c,E6:68:C6:AB:E4:2D,SumUp 418,-92
1762878233222,0adab909-eb8f-4baf-9eed-7a4cc889cb7c,41:FE:C1:26:BF:58,NA,-60
1762878831942,0adab909-eb8f-4baf-9eed-7a4cc889cb7c,E6:68:C6:AB:E4:2D,SumUp 418,-93
1762878832898,0adab909-eb8f-4baf-9eed-7a4cc889cb7c,41:FE:C1:26:BF:58,NA,-64
1762878833882,0adab909-eb8f-4baf-9eed-7a4cc889cb7c,72:5B:82:39:FF:F0,NA,-71
1762879433703,0adab909-eb8f-4baf-9eed-7a4cc889cb7c,42:EF:38:88:3B:E2,NA,-66
1762879433723,0adab909-eb8f-4baf-9eed-7a4cc889cb7c,5C:9F:13:BC:BD:8E,NA,-74
1762880015099,0adab909-eb8f-4baf-9eed-7a4cc889cb7c,42:EF:38:88:3B:E2,NA,-76
1762880015115,0adab909-eb8f-4baf-9eed-7a4cc889cb7c,5C:9F:13:BC:BD:8E,NA,-89
1762880018835,0adab909-eb8f-4baf-9eed-7a4cc889cb7c,62:C5:CC:A2:E1:EC,NA,-85
1762880616250,0adab909-eb8f-4baf-9eed-7a4cc889cb7c,6D:29:65:F7:E3:81,NA,-79
1762881217023,0adab909-eb8f-4baf-9eed-7a4cc889cb7c,6D:29:65:F7:E3:81,NA,-69
1762881220505,0adab909-eb8f-4baf-9eed-7a4cc889cb7c,77:4B:DF:33:B2:D5,NA,-73
1762881221831,0adab909-eb8f-4baf-9eed-7a4cc889cb7c,5E:64:16:6A:B4:75,NA,-92
1762881827323,0adab909-eb8f-4baf-9eed-7a4cc889cb7c,4E:7E:43:19:F6:87,NA,-69
1762881829159,0adab909-eb8f-4baf-9eed-7a4cc889cb7c,49:6C:A4:8F:62:A0,NA,-64
1762881829189,0adab909-eb8f-4baf-9eed-7a4cc889cb7c,E6:68:C6:AB:E4:2D,SumUp 418,-92
1762882425518,0adab909-eb8f-4baf-9eed-7a4cc889cb7c,4E:7E:43:19:F6:87,NA,-88
1762882430669,0adab909-eb8f-4baf-9eed-7a4cc889cb7c,49:6C:A4:8F:62:A0,NA,-70
1762883026081,0adab909-eb8f-4baf-9eed-7a4cc889cb7c,42:12:5F:C3:AE:63,NA,-88
1762883027362,0adab909-eb8f-4baf-9eed-7a4cc889cb7c,4E:7E:43:19:F6:87,NA,-73
1762883027383,0adab909-eb8f-4baf-9eed-7a4cc889cb7c,45:89:4B:86:E6:B4,NA,-69
1762883616081,0adab909-eb8f-4baf-9eed-7a4cc889cb7c,55:32:18:19:1C:18,NA,-88
1762883616453,0adab909-eb8f-4baf-9eed-7a4cc889cb7c,7C:AB:C5:50:98:79,NA,-69
1762883617137,0adab909-eb8f-4baf-9eed-7a4cc889cb7c,E6:68:C6:AB:E4:2D,SumUp 418,-92
1762883619363,0adab909-eb8f-4baf-9eed-7a4cc889cb7c,A8:00:E3:1F:19:9A,NA,-96
1762883622848,0adab909-eb8f-4baf-9eed-7a4cc889cb7c,45:89:4B:86:E6:B4,NA,-61
1762883627960,0adab909-eb8f-4baf-9eed-7a4cc889cb7c,7C:AB:C5:50:98:79,NA,-77
1762883628006,0adab909-eb8f-4baf-9eed-7a4cc889cb7c,30:AA:96:3A:6D:0C,NA,-87
1762883628077,0adab909-eb8f-4baf-9eed-7a4cc889cb7c,84:C8:A0:8B:BD:3D,JBL BAR 800,-78
1762883628150,0adab909-eb8f-4baf-9eed-7a4cc889cb7c,55:32:18:19:1C:18,NA,-83
1762883630882,0adab909-eb8f-4baf-9eed-7a4cc889cb7c,45:89:4B:86:E6:B4,NA,-66
1762884215468,0adab909-eb8f-4baf-9eed-7a4cc889cb7c,7C:AB:C5:50:98:79,NA,-62
1762884215528,0adab909-eb8f-4baf-9eed-7a4cc889cb7c,55:32:18:19:1C:18,NA,-86
1762884216439,0adab909-eb8f-4baf-9eed-7a4cc889cb7c,48:93:6E:47:D6:44,NA,-68
1762884218364,0adab909-eb8f-4baf-9eed-7a4cc889cb7c,A8:00:E3:1F:19:6A,NA,-90
1762884218659,0adab909-eb8f-4baf-9eed-7a4cc889cb7c,A8:00:E3:1F:19:9A,NA,-92
1762884227934,0adab909-eb8f-4baf-9eed-7a4cc889cb7c,A8:00:E3:1F:19:9A,NA,-90
1762884228088,0adab909-eb8f-4baf-9eed-7a4cc889cb7c,84:C8:A0:8B:BD:3D,JBL BAR 800,-77
1762884228120,0adab909-eb8f-4baf-9eed-7a4cc889cb7c,7C:AB:C5:50:98:79,NA,-61
1762884230057,0adab909-eb8f-4baf-9eed-7a4cc889cb7c,55:32:18:19:1C:18,NA,-89
1762884733935,0adab909-eb8f-4baf-9eed-7a4cc889cb7c,5E:AC:17:1C:F8:13,NA,-89
1762884735312,0adab909-eb8f-4baf-9eed-7a4cc889cb7c,62:75:AD:94:BC:FB,NA,-87
1762884736343,0adab909-eb8f-4baf-9eed-7a4cc889cb7c,57:26:65:F0:0C:AE,Fernseher im Schlafzimmer,-100
1762884737823,0adab909-eb8f-4baf-9eed-7a4cc889cb7c,66:B1:CC:2D:53:39,NA,-88
1762885337617,0adab909-eb8f-4baf-9eed-7a4cc889cb7c,5E:AC:17:1C:F8:13,NA,-89
1762885338339,0adab909-eb8f-4baf-9eed-7a4cc889cb7c,66:B1:CC:2D:53:39,NA,-85
1762885339368,0adab909-eb8f-4baf-9eed-7a4cc889cb7c,72:2B:54:23:4C:BC,NA,-89
1762885930627,0adab909-eb8f-4baf-9eed-7a4cc889cb7c,54:7F:EF:62:8B:32,NA,-85
1762885932004,0adab909-eb8f-4baf-9eed-7a4cc889cb7c,65:F9:A6:D8:01:72,NA,-85
1762885934206,0adab909-eb8f-4baf-9eed-7a4cc889cb7c,6D:37:00:2E:02:25,NA,-94
1762885937748,0adab909-eb8f-4baf-9eed-7a4cc889cb7c,6E:5D:93:6A:92:01,NA,-87
1762885938035,0adab909-eb8f-4baf-9eed-7a4cc889cb7c,72:2B:54:23:4C:BC,NA,-90
1762886523941,0adab909-eb8f-4baf-9eed-7a4cc889cb7c,57:26:65:F0:0C:AE,Fernseher im Schlafzimmer,-97
1762886527147,0adab909-eb8f-4baf-9eed-7a4cc889cb7c,78:7A:FA:DB:EE:30,NA,-87
1762886531709,0adab909-eb8f-4baf-9eed-7a4cc889cb7c,65:F9:A6:D8:01:72,NA,-84
1762887185010,0adab909-eb8f-4baf-9eed-7a4cc889cb7c,78:7A:FA:DB:EE:30,NA,-92
1762887185897,0adab909-eb8f-4baf-9eed-7a4cc889cb7c,72:90:F9:39:FB:DC,NA,-88
1762887194607,0adab909-eb8f-4baf-9eed-7a4cc889cb7c,68:1E:74:01:95:EC,NA,-86
1762887712978,0adab909-eb8f-4baf-9eed-7a4cc889cb7c,72:90:F9:39:FB:DC,NA,-73
1762887713949,0adab909-eb8f-4baf-9eed-7a4cc889cb7c,68:1E:74:01:95:EC,NA,-80
1762887718133,0adab909-eb8f-4baf-9eed-7a4cc889cb7c,6E:76:A0:82:99:21,NA,-80
1762888375536,0adab909-eb8f-4baf-9eed-7a4cc889cb7c,6E:76:A0:82:99:21,NA,-73
1762888375869,0adab909-eb8f-4baf-9eed-7a4cc889cb7c,7B:56:B5:91:6B:5D,NA,-82
1762888882951,0adab909-eb8f-4baf-9eed-7a4cc889cb7c,7B:56:B5:91:6B:5D,NA,-78
1762888885931,0adab909-eb8f-4baf-9eed-7a4cc889cb7c,42:88:75:80:B0:A4,NA,-80
1762888893002,0adab909-eb8f-4baf-9eed-7a4cc889cb7c,6E:76:A0:82:99:21,NA,-79
1762889542765,0adab909-eb8f-4baf-9eed-7a4cc889cb7c,7B:56:B5:91:6B:5D,NA,-76
1762889543653,0adab909-eb8f-4baf-9eed-7a4cc889cb7c,4A:30:37:59:66:EE,NA,-85
1762889550131,0adab909-eb8f-4baf-9eed-7a4cc889cb7c,50:89:9C:50:87:A6,NA,-75
1762889555493,0adab909-eb8f-4baf-9eed-7a4cc889cb7c,D3:4F:71:9F:59:8E,NA,-85
1762889555590,0adab909-eb8f-4baf-9eed-7a4cc889cb7c,84:C8:A0:8B:BD:3D,JBL BAR 800,-80
1762889555622,0adab909-eb8f-4baf-9eed-7a4cc889cb7c,0D:70:6D:36:40:3B,NA,-87
1762889557626,0adab909-eb8f-4baf-9eed-7a4cc889cb7c,7B:56:B5:91:6B:5D,NA,-69
1762890169834,0adab909-eb8f-4baf-9eed-7a4cc889cb7c,7B:03:5E:8C:10:C0,NA,-73
1762890169977,0adab909-eb8f-4baf-9eed-7a4cc889cb7c,4A:30:37:59:66:EE,NA,-87
1762890173685,0adab909-eb8f-4baf-9eed-7a4cc889cb7c,50:89:9C:50:87:A6,NA,-76
1762890769641,0adab909-eb8f-4baf-9eed-7a4cc889cb7c,7B:03:5E:8C:10:C0,NA,-81
1762890775308,0adab909-eb8f-4baf-9eed-7a4cc889cb7c,50:89:9C:50:87:A6,NA,-69
1762891303022,0adab909-eb8f-4baf-9eed-7a4cc889cb7c,7C:94:0F:70:50:49,NA,-64
1762891303694,0adab909-eb8f-4baf-9eed-7a4cc889cb7c,6D:19:F9:68:A2:E2,NA,-72
1762892202641,0adab909-eb8f-4baf-9eed-7a4cc889cb7c,7B:62:F5:FF:AD:5A,NA,-88
1762892203300,0adab909-eb8f-4baf-9eed-7a4cc889cb7c,6D:19:F9:68:A2:E2,NA,-73
1762892210741,0adab909-eb8f-4baf-9eed-7a4cc889cb7c,7C:94:0F:70:50:49,NA,-75
1762892501628,0adab909-eb8f-4baf-9eed-7a4cc889cb7c,53:DE:65:CC:83:BE,NA,-86
1762892504220,0adab909-eb8f-4baf-9eed-7a4cc889cb7c,7B:62:F5:FF:AD:5A,NA,-82
1762892505444,0adab909-eb8f-4baf-9eed-7a4cc889cb7c,7C:94:0F:70:50:49,NA,-81
1762893102367,0adab909-eb8f-4baf-9eed-7a4cc889cb7c,53:DE:65:CC:83:BE,NA,-80
1762893104856,0adab909-eb8f-4baf-9eed-7a4cc889cb7c,7F:F2:2C:33:F6:07,NA,-85
1762893114151,0adab909-eb8f-4baf-9eed-7a4cc889cb7c,79:0F:D5:B0:E6:BD,NA,-81
1762893934857,0adab909-eb8f-4baf-9eed-7a4cc889cb7c,4F:A3:6A:A0:F8:7D,NA,-71
1762893936117,0adab909-eb8f-4baf-9eed-7a4cc889cb7c,5B:40:3C:3E:D0:28,NA,-84
1762893936140,0adab909-eb8f-4baf-9eed-7a4cc889cb7c,79:0F:D5:B0:E6:BD,NA,-81
1762894296582,0adab909-eb8f-4baf-9eed-7a4cc889cb7c,4F:A3:6A:A0:F8:7D,NA,-76
1762894297809,0adab909-eb8f-4baf-9eed-7a4cc889cb7c,64:A0:F3:AD:28:09,NA,-79
1762894298809,0adab909-eb8f-4baf-9eed-7a4cc889cb7c,5B:40:3C:3E:D0:28,NA,-80
1762894315203,0adab909-eb8f-4baf-9eed-7a4cc889cb7c,84:C8:A0:8B:BD:3D,JBL BAR 800,-82
1762894315313,0adab909-eb8f-4baf-9eed-7a4cc889cb7c,4F:A3:6A:A0:F8:7D,NA,-72
1762895153054,0adab909-eb8f-4baf-9eed-7a4cc889cb7c,4F:A3:6A:A0:F8:7D,NA,-66
1762895160021,0adab909-eb8f-4baf-9eed-7a4cc889cb7c,64:A0:F3:AD:28:09,NA,-77
1762895161680,0adab909-eb8f-4baf-9eed-7a4cc889cb7c,70:F6:AB:05:DD:B7,NA,-65
1762895164334,0adab909-eb8f-4baf-9eed-7a4cc889cb7c,84:C8:A0:8B:BD:3D,JBL BAR 800,-79
1762895165303,0adab909-eb8f-4baf-9eed-7a4cc889cb7c,72:80:C0:14:D5:69,NA,-83
1762895751294,0adab909-eb8f-4baf-9eed-7a4cc889cb7c,70:F6:AB:05:DD:B7,NA,-67
1762895753264,0adab909-eb8f-4baf-9eed-7a4cc889cb7c,5B:60:C7:6C:22:F4,NA,-72
1762895764192,0adab909-eb8f-4baf-9eed-7a4cc889cb7c,70:F6:AB:05:DD:B7,NA,-65
1762895765301,0adab909-eb8f-4baf-9eed-7a4cc889cb7c,5B:60:C7:6C:22:F4,NA,-77
1762895765365,0adab909-eb8f-4baf-9eed-7a4cc889cb7c,84:C8:A0:8B:BD:3D,JBL BAR 800,-81
1762896352552,0adab909-eb8f-4baf-9eed-7a4cc889cb7c,70:F6:AB:05:DD:B7,NA,-61
1762896352786,0adab909-eb8f-4baf-9eed-7a4cc889cb7c,5B:60:C7:6C:22:F4,NA,-73
1762896353770,0adab909-eb8f-4baf-9eed-7a4cc889cb7c,4D:07:19:97:F1:10,NA,-88
1762896364359,0adab909-eb8f-4baf-9eed-7a4cc889cb7c,70:F6:AB:05:DD:B7,NA,-66
1762896365562,0adab909-eb8f-4baf-9eed-7a4cc889cb7c,4D:07:19:97:F1:10,NA,-87
1762896365633,0adab909-eb8f-4baf-9eed-7a4cc889cb7c,84:C8:A0:8B:BD:3D,JBL BAR 800,-70
1762896951778,0adab909-eb8f-4baf-9eed-7a4cc889cb7c,48:E8:79:A6:D0:5A,NA,-63
1762896954613,0adab909-eb8f-4baf-9eed-7a4cc889cb7c,79:84:63:D9:54:60,NA,-81
1762896964552,0adab909-eb8f-4baf-9eed-7a4cc889cb7c,84:C8:A0:8B:BD:3D,JBL BAR 800,-84
1762896964628,0adab909-eb8f-4baf-9eed-7a4cc889cb7c,79:84:63:D9:54:60,NA,-86
1762896965829,0adab909-eb8f-4baf-9eed-7a4cc889cb7c,48:E8:79:A6:D0:5A,NA,-58
1762897551914,0adab909-eb8f-4baf-9eed-7a4cc889cb7c,48:E8:79:A6:D0:5A,NA,-67
1762897554076,0adab909-eb8f-4baf-9eed-7a4cc889cb7c,79:84:63:D9:54:60,NA,-84
1762897555047,0adab909-eb8f-4baf-9eed-7a4cc889cb7c,65:11:D1:57:2A:C9,NA,-86
1762897564865,0adab909-eb8f-4baf-9eed-7a4cc889cb7c,48:E8:79:A6:D0:5A,NA,-64
1762897564909,0adab909-eb8f-4baf-9eed-7a4cc889cb7c,84:C8:A0:8B:BD:3D,JBL BAR 800,-77
1762898154696,0adab909-eb8f-4baf-9eed-7a4cc889cb7c,64:81:BE:B9:A0:38,NA,-84
1762898154733,0adab909-eb8f-4baf-9eed-7a4cc889cb7c,52:E1:68:CF:ED:37,NA,-67
1762898160719,0adab909-eb8f-4baf-9eed-7a4cc889cb7c,55:4C:3A:6B:AE:24,NA,-86
1762898164667,0adab909-eb8f-4baf-9eed-7a4cc889cb7c,F4:F5:9D:7E:CB:8B,NA,-82
1762898164696,0adab909-eb8f-4baf-9eed-7a4cc889cb7c,55:4C:3A:6B:AE:24,NA,-75
1762898164759,0adab909-eb8f-4baf-9eed-7a4cc889cb7c,84:C8:A0:8B:BD:3D,JBL BAR 800,-75
1762898165624,0adab909-eb8f-4baf-9eed-7a4cc889cb7c,52:E1:68:CF:ED:37,NA,-60
1762898499831,0adab909-eb8f-4baf-9eed-7a4cc889cb7c,52:E1:68:CF:ED:37,NA,-59
1762898510527,0adab909-eb8f-4baf-9eed-7a4cc889cb7c,64:81:BE:B9:A0:38,NA,-88
1762899157889,0adab909-eb8f-4baf-9eed-7a4cc889cb7c,52:E1:68:CF:ED:37,NA,-85
1762899160485,0adab909-eb8f-4baf-9eed-7a4cc889cb7c,50:C9:9D:47:E8:2E,NA,-85
1762899164672,0adab909-eb8f-4baf-9eed-7a4cc889cb7c,60:92:E8:90:07:1C,NA,-79
1762899757732,0adab909-eb8f-4baf-9eed-7a4cc889cb7c,67:E6:2B:DD:4A:E5,NA,-66
1762899759527,0adab909-eb8f-4baf-9eed-7a4cc889cb7c,50:C9:9D:47:E8:2E,NA,-80
1762899760115,0adab909-eb8f-4baf-9eed-7a4cc889cb7c,60:92:E8:90:07:1C,NA,-83
1762900345095,0adab909-eb8f-4baf-9eed-7a4cc889cb7c,67:E6:2B:DD:4A:E5,NA,-68
1762900345127,0adab909-eb8f-4baf-9eed-7a4cc889cb7c,73:DC:43:A2:E2:CD,NA,-88
1762900876477,0adab909-eb8f-4baf-9eed-7a4cc889cb7c,77:AB:2E:A1:D4:40,NA,-65
1762900886418,0adab909-eb8f-4baf-9eed-7a4cc889cb7c,73:DC:43:A2:E2:CD,NA,-93
1762901597794,0adab909-eb8f-4baf-9eed-7a4cc889cb7c,7A:A3:93:F6:8B:68,NA,-88
1762901598265,0adab909-eb8f-4baf-9eed-7a4cc889cb7c,77:AB:2E:A1:D4:40,NA,-82
1762901605308,0adab909-eb8f-4baf-9eed-7a4cc889cb7c,57:72:9E:AB:63:91,NA,-85
1762902076475,0adab909-eb8f-4baf-9eed-7a4cc889cb7c,57:72:9E:AB:63:91,NA,-87
1762902076508,0adab909-eb8f-4baf-9eed-7a4cc889cb7c,5F:E2:9D:27:6C:42,NA,-66
1762902078504,0adab909-eb8f-4baf-9eed-7a4cc889cb7c,66:26:35:6B:EE:D1,NA,-86
1762902677495,0adab909-eb8f-4baf-9eed-7a4cc889cb7c,5F:E2:9D:27:6C:42,NA,-66
1762903278493,0adab909-eb8f-4baf-9eed-7a4cc889cb7c,40:D4:4B:F1:6A:82,NA,-67
1762903280037,0adab909-eb8f-4baf-9eed-7a4cc889cb7c,75:9A:C4:37:26:5F,NA,-89
1762903877824,0adab909-eb8f-4baf-9eed-7a4cc889cb7c,40:D4:4B:F1:6A:82,NA,-71
1762903879773,0adab909-eb8f-4baf-9eed-7a4cc889cb7c,50:6E:4D:F6:11:62,NA,-81
1762904507076,0adab909-eb8f-4baf-9eed-7a4cc889cb7c,7D:27:C7:9A:9E:23,NA,-67
1762905106570,0adab909-eb8f-4baf-9eed-7a4cc889cb7c,7D:27:C7:9A:9E:23,NA,-65
1762905114609,0adab909-eb8f-4baf-9eed-7a4cc889cb7c,57:D4:4C:66:8F:3F,NA,-83
1762905707155,0adab909-eb8f-4baf-9eed-7a4cc889cb7c,7D:27:C7:9A:9E:23,NA,-70
1762905710071,0adab909-eb8f-4baf-9eed-7a4cc889cb7c,57:D4:4C:66:8F:3F,NA,-84
1762906348426,0adab909-eb8f-4baf-9eed-7a4cc889cb7c,6F:3B:C7:D9:BE:CF,NA,-84
1762906349714,0adab909-eb8f-4baf-9eed-7a4cc889cb7c,69:28:3F:1D:D4:11,NA,-64
1762906949773,0adab909-eb8f-4baf-9eed-7a4cc889cb7c,69:28:3F:1D:D4:11,NA,-63
1762906958411,0adab909-eb8f-4baf-9eed-7a4cc889cb7c,7B:8D:65:27:CD:AB,NA,-89
1762907549370,0adab909-eb8f-4baf-9eed-7a4cc889cb7c,4B:B0:75:EF:54:B7,NA,-78
1762907549414,0adab909-eb8f-4baf-9eed-7a4cc889cb7c,52:25:28:71:E4:C3,NA,-60
1762907551670,0adab909-eb8f-4baf-9eed-7a4cc889cb7c,4A:20:E7:6E:D8:0A,NA,-89
1762908122095,0adab909-eb8f-4baf-9eed-7a4cc889cb7c,52:25:28:71:E4:C3,NA,-68
1762908124610,0adab909-eb8f-4baf-9eed-7a4cc889cb7c,4A:20:E7:6E:D8:0A,NA,-82
1762908126908,0adab909-eb8f-4baf-9eed-7a4cc889cb7c,4B:B0:75:EF:54:B7,NA,-76
1762908721758,0adab909-eb8f-4baf-9eed-7a4cc889cb7c,7E:2C:F4:94:C1:C5,NA,-73
1762908723690,0adab909-eb8f-4baf-9eed-7a4cc889cb7c,4F:80:91:D2:B7:15,NA,-82
1762908725017,0adab909-eb8f-4baf-9eed-7a4cc889cb7c,77:BB:58:62:59:93,NA,-81
1762909322775,0adab909-eb8f-4baf-9eed-7a4cc889cb7c,7E:2C:F4:94:C1:C5,NA,-66
1762909325654,0adab909-eb8f-4baf-9eed-7a4cc889cb7c,4F:80:91:D2:B7:15,NA,-84
1762909330461,0adab909-eb8f-4baf-9eed-7a4cc889cb7c,77:BB:58:62:59:93,NA,-85
1762909331064,0adab909-eb8f-4baf-9eed-7a4cc889cb7c,71:B8:13:91:F9:A5,NA,-95
1762910007443,0adab909-eb8f-4baf-9eed-7a4cc889cb7c,62:3C:66:F9:F1:D7,NA,-82
1762910008085,0adab909-eb8f-4baf-9eed-7a4cc889cb7c,77:EC:B3:B9:36:D0,NA,-64
1762910019333,0adab909-eb8f-4baf-9eed-7a4cc889cb7c,6E:D5:B0:38:7F:CF,NA,-80
1762910606747,0adab909-eb8f-4baf-9eed-7a4cc889cb7c,6E:D5:B0:38:7F:CF,NA,-81
1762910607439,0adab909-eb8f-4baf-9eed-7a4cc889cb7c,77:EC:B3:B9:36:D0,NA,-72
1762911207062,0adab909-eb8f-4baf-9eed-7a4cc889cb7c,77:EC:B3:B9:36:D0,NA,-63
1762911210225,0adab909-eb8f-4baf-9eed-7a4cc889cb7c,6E:D5:B0:38:7F:CF,NA,-89
1762911740714,0adab909-eb8f-4baf-9eed-7a4cc889cb7c,76:BA:DD:44:29:38,NA,-64
1762911746803,0adab909-eb8f-4baf-9eed-7a4cc889cb7c,59:A5:1F:ED:EC:4E,NA,-83
1762912340068,0adab909-eb8f-4baf-9eed-7a4cc889cb7c,76:BA:DD:44:29:38,NA,-65
1762912350312,0adab909-eb8f-4baf-9eed-7a4cc889cb7c,59:A5:1F:ED:EC:4E,NA,-80
1762912939079,0adab909-eb8f-4baf-9eed-7a4cc889cb7c,5B:42:2D:3B:EA:91,NA,-69
1762913539794,0adab909-eb8f-4baf-9eed-7a4cc889cb7c,5B:42:2D:3B:EA:91,NA,-70
1762913551193,0adab909-eb8f-4baf-9eed-7a4cc889cb7c,5F:11:BB:E8:7F:10,NA,-79
1762914070692,0adab909-eb8f-4baf-9eed-7a4cc889cb7c,64:B0:D3:0C:79:5F,NA,-65
1762914672383,0adab909-eb8f-4baf-9eed-7a4cc889cb7c,64:B0:D3:0C:79:5F,NA,-68
1762914681378,0adab909-eb8f-4baf-9eed-7a4cc889cb7c,43:A6:1D:6A:BD:C3,NA,-80
1762915272034,0adab909-eb8f-4baf-9eed-7a4cc889cb7c,64:15:CD:5A:CA:08,NA,-65
1762916103722,0adab909-eb8f-4baf-9eed-7a4cc889cb7c,68:7B:9B:1C:8A:36,NA,-79
1762916103991,0adab909-eb8f-4baf-9eed-7a4cc889cb7c,64:15:CD:5A:CA:08,NA,-63
1762916703718,0adab909-eb8f-4baf-9eed-7a4cc889cb7c,7F:A0:13:75:D2:8E,NA,-58
1762916712090,0adab909-eb8f-4baf-9eed-7a4cc889cb7c,55:C1:E8:ED:30:A3,NA,-87
1762917305620,0adab909-eb8f-4baf-9eed-7a4cc889cb7c,7F:A0:13:75:D2:8E,NA,-59
1762918115386,0adab909-eb8f-4baf-9eed-7a4cc889cb7c,56:9F:B4:C0:0E:8C,NA,-64
1762918121494,0adab909-eb8f-4baf-9eed-7a4cc889cb7c,41:35:B5:0A:25:E5,NA,-81
1762918416662,0adab909-eb8f-4baf-9eed-7a4cc889cb7c,56:9F:B4:C0:0E:8C,NA,-61
1762918418210,0adab909-eb8f-4baf-9eed-7a4cc889cb7c,41:35:B5:0A:25:E5,NA,-84
1762919015343,0adab909-eb8f-4baf-9eed-7a4cc889cb7c,56:9F:B4:C0:0E:8C,NA,-77
1762919615877,0adab909-eb8f-4baf-9eed-7a4cc889cb7c,72:4A:56:63:28:6E,NA,-60
1762919618471,0adab909-eb8f-4baf-9eed-7a4cc889cb7c,50:BD:BD:E1:61:44,NA,-84
1762920146641,0adab909-eb8f-4baf-9eed-7a4cc889cb7c,72:4A:56:63:28:6E,NA,-60
1762920747688,0adab909-eb8f-4baf-9eed-7a4cc889cb7c,75:2C:45:61:94:11,NA,-82
1762920757879,0adab909-eb8f-4baf-9eed-7a4cc889cb7c,56:D6:7F:DB:4E:7B,NA,-82
1762921347029,0adab909-eb8f-4baf-9eed-7a4cc889cb7c,75:2C:45:61:94:11,NA,-81
1762921347316,0adab909-eb8f-4baf-9eed-7a4cc889cb7c,56:D6:7F:DB:4E:7B,NA,-83
1762921880608,0adab909-eb8f-4baf-9eed-7a4cc889cb7c,4F:1E:90:9E:B6:A4,NA,-79
1762921882841,0adab909-eb8f-4baf-9eed-7a4cc889cb7c,75:2C:45:61:94:11,NA,-70
1762922478620,0adab909-eb8f-4baf-9eed-7a4cc889cb7c,60:41:86:EE:CF:89,NA,-60
1762922484102,0adab909-eb8f-4baf-9eed-7a4cc889cb7c,4F:1E:90:9E:B6:A4,NA,-82
1762923079642,0adab909-eb8f-4baf-9eed-7a4cc889cb7c,60:41:86:EE:CF:89,NA,-65
1762923081589,0adab909-eb8f-4baf-9eed-7a4cc889cb7c,4F:1E:90:9E:B6:A4,NA,-75
1762923910264,0adab909-eb8f-4baf-9eed-7a4cc889cb7c,4C:68:18:6F:48:C8,NA,-66
1762923915404,0adab909-eb8f-4baf-9eed-7a4cc889cb7c,52:CA:F9:52:DC:22,NA,-79
1762924510595,0adab909-eb8f-4baf-9eed-7a4cc889cb7c,4C:68:18:6F:48:C8,NA,-64
1762924510878,0adab909-eb8f-4baf-9eed-7a4cc889cb7c,52:CA:F9:52:DC:22,NA,-81
1762924517997,0adab909-eb8f-4baf-9eed-7a4cc889cb7c,6A:3B:D5:BC:14:6F,NA,-93
1762925110223,0adab909-eb8f-4baf-9eed-7a4cc889cb7c,42:E0:4E:2B:60:7E,NA,-64
1762925115141,0adab909-eb8f-4baf-9eed-7a4cc889cb7c,59:F8:7B:60:25:EF,NA,-84
1762925642991,0adab909-eb8f-4baf-9eed-7a4cc889cb7c,42:E0:4E:2B:60:7E,NA,-59
1762926243514,0adab909-eb8f-4baf-9eed-7a4cc889cb7c,46:57:9C:21:DB:7D,NA,-56
1762927119656,0adab909-eb8f-4baf-9eed-7a4cc889cb7c,4C:96:8A:ED:6A:01,SPEN NA,-58
1762927120038,0adab909-eb8f-4baf-9eed-7a4cc889cb7c,46:57:9C:21:DB:7D,NA,-60
1762927120072,0adab909-eb8f-4baf-9eed-7a4cc889cb7c,4C:96:8A:ED:6A:01,SPEN NA,-64
1762927120308,0adab909-eb8f-4baf-9eed-7a4cc889cb7c,4C:96:8A:ED:6A:01,SPEN NA,-66
1762927120731,0adab909-eb8f-4baf-9eed-7a4cc889cb7c,4C:96:8A:ED:6A:01,SPEN NA,-65
1762927121279,0adab909-eb8f-4baf-9eed-7a4cc889cb7c,4C:96:8A:ED:6A:01,SPEN NA,-61
1762927123261,0adab909-eb8f-4baf-9eed-7a4cc889cb7c,4C:96:8A:ED:6A:01,SPEN NA,-66
1762927123564,0adab909-eb8f-4baf-9eed-7a4cc889cb7c,4C:96:8A:ED:6A:01,SPEN NA,-61
1762927123882,0adab909-eb8f-4baf-9eed-7a4cc889cb7c,4C:96:8A:ED:6A:01,SPEN NA,-62
1762927124221,0adab909-eb8f-4baf-9eed-7a4cc889cb7c,4C:96:8A:ED:6A:01,SPEN NA,-67
1762927124536,0adab909-eb8f-4baf-9eed-7a4cc889cb7c,4C:96:8A:ED:6A:01,SPEN NA,-62
1762927124831,0adab909-eb8f-4baf-9eed-7a4cc889cb7c,4C:96:8A:ED:6A:01,SPEN NA,-60
1762927125794,0adab909-eb8f-4baf-9eed-7a4cc889cb7c,4C:96:8A:ED:6A:01,SPEN NA,-62
1762927126094,0adab909-eb8f-4baf-9eed-7a4cc889cb7c,4C:96:8A:ED:6A:01,SPEN NA,-60
1762927126406,0adab909-eb8f-4baf-9eed-7a4cc889cb7c,4C:96:8A:ED:6A:01,SPEN NA,-63
1762927127467,0adab909-eb8f-4baf-9eed-7a4cc889cb7c,4C:96:8A:ED:6A:01,SPEN NA,-62
1762927127776,0adab909-eb8f-4baf-9eed-7a4cc889cb7c,4C:96:8A:ED:6A:01,SPEN NA,-64
1762927128412,0adab909-eb8f-4baf-9eed-7a4cc889cb7c,4C:96:8A:ED:6A:01,SPEN NA,-61
1762927128730,0adab909-eb8f-4baf-9eed-7a4cc889cb7c,4C:96:8A:ED:6A:01,SPEN NA,-63
1762927129046,0adab909-eb8f-4baf-9eed-7a4cc889cb7c,4C:96:8A:ED:6A:01,SPEN NA,-66
1762927129349,0adab909-eb8f-4baf-9eed-7a4cc889cb7c,4C:96:8A:ED:6A:01,SPEN NA,-64
1762927130940,0adab909-eb8f-4baf-9eed-7a4cc889cb7c,4C:96:8A:ED:6A:01,SPEN NA,-59
1762927131254,0adab909-eb8f-4baf-9eed-7a4cc889cb7c,4C:96:8A:ED:6A:01,SPEN NA,-64
1762927131570,0adab909-eb8f-4baf-9eed-7a4cc889cb7c,4C:96:8A:ED:6A:01,SPEN NA,-61
1762927131835,0adab909-eb8f-4baf-9eed-7a4cc889cb7c,72:0A:2D:FA:37:C8,NA,-81
1762927131848,0adab909-eb8f-4baf-9eed-7a4cc889cb7c,4C:96:8A:ED:6A:01,SPEN NA,-66
1762927432134,0adab909-eb8f-4baf-9eed-7a4cc889cb7c,46:57:9C:21:DB:7D,NA,-63
1762928032107,0adab909-eb8f-4baf-9eed-7a4cc889cb7c,5B:04:5E:A4:7C:F7,NA,-61
1762928040106,0adab909-eb8f-4baf-9eed-7a4cc889cb7c,72:0A:2D:FA:37:C8,NA,-80
1762928633201,0adab909-eb8f-4baf-9eed-7a4cc889cb7c,5B:04:5E:A4:7C:F7,NA,-72
1762928643751,0adab909-eb8f-4baf-9eed-7a4cc889cb7c,65:9B:EA:84:DC:1F,NA,-78
1762929519778,0adab909-eb8f-4baf-9eed-7a4cc889cb7c,54:62:49:D7:02:76,NA,-70
1762929527741,0adab909-eb8f-4baf-9eed-7a4cc889cb7c,4F:A2:61:A7:D3:9C,NA,-85
1762929698526,0adab909-eb8f-4baf-9eed-7a4cc889cb7c,7B:40:38:D0:92:3A,NA,-87
1762929702066,0adab909-eb8f-4baf-9eed-7a4cc889cb7c,5E:FD:B0:E8:F0:A3,NA,-77
1762929702486,0adab909-eb8f-4baf-9eed-7a4cc889cb7c,40:58:99:A6:72:5A,NA,-85
1762929702693,0adab909-eb8f-4baf-9eed-7a4cc889cb7c,7C:37:51:7B:F8:C3,NA,-89
1762929702715,0adab909-eb8f-4baf-9eed-7a4cc889cb7c,4D:2D:88:A4:98:92,NA,-95
1762929707257,0adab909-eb8f-4baf-9eed-7a4cc889cb7c,75:4C:64:71:19:5A,NA,-92
1762929709782,0adab909-eb8f-4baf-9eed-7a4cc889cb7c,64:11:17:95:2A:21,NA,-88
1762930311518,0adab909-eb8f-4baf-9eed-7a4cc889cb7c,68:71:B6:EB:97:AB,NA,-82
1762930311535,0adab909-eb8f-4baf-9eed-7a4cc889cb7c,46:21:7F:48:93:8D,NA,-90
1762930311861,0adab909-eb8f-4baf-9eed-7a4cc889cb7c,2C:DC:AD:79:EB:FE,Audi MMI 1240,-99
1762930311878,0adab909-eb8f-4baf-9eed-7a4cc889cb7c,C6:38:32:34:76:36,Govee_H61BE_7636,-82
1762930312226,0adab909-eb8f-4baf-9eed-7a4cc889cb7c,48:0E:C2:D2:62:F9,NA,-84
1762930312240,0adab909-eb8f-4baf-9eed-7a4cc889cb7c,60:74:F4:70:E2:CF,ihoment_H6006_E2CF,-81
1762930312885,0adab909-eb8f-4baf-9eed-7a4cc889cb7c,79:03:DC:1A:66:6F,NA,-91
1762930313209,0adab909-eb8f-4baf-9eed-7a4cc889cb7c,6E:81:18:55:6E:5A,NA,-82
1762930313853,0adab909-eb8f-4baf-9eed-7a4cc889cb7c,60:74:F4:72:13:E3,ihoment_H6006_13E3,-87
1762930314133,0adab909-eb8f-4baf-9eed-7a4cc889cb7c,4F:C6:C5:85:A2:4D,NA,-75
1762930317061,0adab909-eb8f-4baf-9eed-7a4cc889cb7c,1F:D1:7C:B7:61:14,NA,-92
1762930317378,0adab909-eb8f-4baf-9eed-7a4cc889cb7c,30:AE:A4:9C:80:EA,TBox 22002,-99
1762930318020,0adab909-eb8f-4baf-9eed-7a4cc889cb7c,64:03:E4:41:F2:47,NA,-82
1762930323116,0adab909-eb8f-4baf-9eed-7a4cc889cb7c,50:53:EB:44:14:0F,NA,-91
1762930957826,0adab909-eb8f-4baf-9eed-7a4cc889cb7c,68:CA:C4:8A:40:9C,mbasg,-97
1762930957948,0adab909-eb8f-4baf-9eed-7a4cc889cb7c,4A:A2:D6:F9:66:24,NA,-77
1762930957968,0adab909-eb8f-4baf-9eed-7a4cc889cb7c,44:66:68:FB:96:B2,NA,-82
1762930958335,0adab909-eb8f-4baf-9eed-7a4cc889cb7c,60:E4:89:E8:C9:46,NA,-83
1762930958361,0adab909-eb8f-4baf-9eed-7a4cc889cb7c,77:E3:36:20:6F:53,NA,-83
1762930958384,0adab909-eb8f-4baf-9eed-7a4cc889cb7c,1D:78:A1:04:82:3A,NA,-81
1762930958651,0adab909-eb8f-4baf-9eed-7a4cc889cb7c,84:25:3F:A3:1F:C2,mitte-home MH22340108,-92
1762930966962,0adab909-eb8f-4baf-9eed-7a4cc889cb7c,72:F7:58:FC:C8:54,Jabra Evolve2 65,-80
1762931559668,0adab909-eb8f-4baf-9eed-7a4cc889cb7c,C0:3C:59:48:48:D7,ODIONS-SR,-86
1762931559934,0adab909-eb8f-4baf-9eed-7a4cc889cb7c,10:F8:42:7D:C5:15,NA,-81
1762931560202,0adab909-eb8f-4baf-9eed-7a4cc889cb7c,60:E4:89:E8:C9:46,NA,-88
1762931560242,0adab909-eb8f-4baf-9eed-7a4cc889cb7c,4A:A2:D6:F9:66:24,NA,-75
1762931561197,0adab909-eb8f-4baf-9eed-7a4cc889cb7c,77:E3:36:20:6F:53,NA,-88
1762931561685,0adab909-eb8f-4baf-9eed-7a4cc889cb7c,68:CA:C4:8A:40:9C,mbasg,-100
1762931563127,0adab909-eb8f-4baf-9eed-7a4cc889cb7c,84:25:3F:A3:1F:C2,mitte-home MH22340108,-93
1762931565698,0adab909-eb8f-4baf-9eed-7a4cc889cb7c,7E:45:FC:3A:94:55,NA,-78
1762931566929,0adab909-eb8f-4baf-9eed-7a4cc889cb7c,44:66:68:FB:96:B2,NA,-88
1762932209222,0adab909-eb8f-4baf-9eed-7a4cc889cb7c,4A:A2:D6:F9:66:24,NA,-79
1762932209811,0adab909-eb8f-4baf-9eed-7a4cc889cb7c,61:15:92:AE:B2:DC,NA,127
1762932210437,0adab909-eb8f-4baf-9eed-7a4cc889cb7c,68:CA:C4:8A:40:9C,mbasg,-100
1762932210502,0adab909-eb8f-4baf-9eed-7a4cc889cb7c,59:22:77:05:B6:55,Jabra Evolve2 65,-81
1762932211452,0adab909-eb8f-4baf-9eed-7a4cc889cb7c,1F:BF:6B:22:8F:E2,NA,-91
1762932211824,0adab909-eb8f-4baf-9eed-7a4cc889cb7c,64:9A:7D:A5:49:E1,NA,-86
1762932211854,0adab909-eb8f-4baf-9eed-7a4cc889cb7c,6F:32:5A:3A:4B:CD,NA,-87
1762932212433,0adab909-eb8f-4baf-9eed-7a4cc889cb7c,84:25:3F:A3:1F:C2,mitte-home MH22340108,-90
1762932213331,0adab909-eb8f-4baf-9eed-7a4cc889cb7c,7E:45:FC:3A:94:55,NA,-83
1762932904144,0adab909-eb8f-4baf-9eed-7a4cc889cb7c,49:41:C6:50:52:99,NA,-84
1762932904195,0adab909-eb8f-4baf-9eed-7a4cc889cb7c,76:FF:5C:89:52:CD,NA,-87
1762932904270,0adab909-eb8f-4baf-9eed-7a4cc889cb7c,C0:3C:59:48:48:D7,ODIONS-SR,-100
1762932904842,0adab909-eb8f-4baf-9eed-7a4cc889cb7c,6C:D5:FF:CC:2B:0A,NA,-89
1762932904861,0adab909-eb8f-4baf-9eed-7a4cc889cb7c,D8:CF:BF:51:E4:4D,NA,-79
1762932905492,0adab909-eb8f-4baf-9eed-7a4cc889cb7c,5D:48:0F:56:B9:88,NA,-85
1762932905513,0adab909-eb8f-4baf-9eed-7a4cc889cb7c,68:CA:C4:8A:40:9C,mbasg,-97
1762932905829,0adab909-eb8f-4baf-9eed-7a4cc889cb7c,4B:73:23:A2:80:5E,NA,-79
1762932909953,0adab909-eb8f-4baf-9eed-7a4cc889cb7c,5F:7B:88:32:CD:57,NA,-79
1762932910297,0adab909-eb8f-4baf-9eed-7a4cc889cb7c,62:30:4E:95:CE:65,NA,-84
1762933287063,0adab909-eb8f-4baf-9eed-7a4cc889cb7c,4B:73:23:A2:80:5E,NA,-79
1762933287105,0adab909-eb8f-4baf-9eed-7a4cc889cb7c,76:FF:5C:89:52:CD,NA,-75
1762933287128,0adab909-eb8f-4baf-9eed-7a4cc889cb7c,62:30:4E:95:CE:65,NA,-90
1762933287450,0adab909-eb8f-4baf-9eed-7a4cc889cb7c,49:41:C6:50:52:99,NA,-77
1762933287803,0adab909-eb8f-4baf-9eed-7a4cc889cb7c,6C:D5:FF:CC:2B:0A,NA,-83
1762933288328,0adab909-eb8f-4baf-9eed-7a4cc889cb7c,C0:3C:59:48:48:D7,ODIONS-SR,-96
1762933288421,0adab909-eb8f-4baf-9eed-7a4cc889cb7c,D8:CF:BF:51:E4:4D,NA,-65
1762933289388,0adab909-eb8f-4baf-9eed-7a4cc889cb7c,5D:48:0F:56:B9:88,NA,-85
1762933291002,0adab909-eb8f-4baf-9eed-7a4cc889cb7c,5F:7B:88:32:CD:57,NA,-81
1762933291097,0adab909-eb8f-4baf-9eed-7a4cc889cb7c,68:CA:C4:8A:40:9C,mbasg,-100
1762933298968,0adab909-eb8f-4baf-9eed-7a4cc889cb7c,41:58:BC:4A:EB:13,Jabra Evolve2 65,-81
1762933952352,0adab909-eb8f-4baf-9eed-7a4cc889cb7c,5E:79:5F:D1:84:06,NA,-81
1762933952375,0adab909-eb8f-4baf-9eed-7a4cc889cb7c,4F:AF:E7:41:FC:8F,NA,-81
1762933952388,0adab909-eb8f-4baf-9eed-7a4cc889cb7c,D8:CF:BF:51:E4:4D,NA,-87
1762933952609,0adab909-eb8f-4baf-9eed-7a4cc889cb7c,68:CA:C4:8A:40:9C,mbasg,-99
1762933952702,0adab909-eb8f-4baf-9eed-7a4cc889cb7c,74:D7:3B:81:68:9A,NA,-85
1762933952765,0adab909-eb8f-4baf-9eed-7a4cc889cb7c,68:CA:C4:8A:40:9C,mbasg,-94
1762933952999,0adab909-eb8f-4baf-9eed-7a4cc889cb7c,4C:45:A2:08:C3:A1,NA,-88
1762933953659,0adab909-eb8f-4baf-9eed-7a4cc889cb7c,49:E7:F3:F0:75:A6,NA,-87
1762933953681,0adab909-eb8f-4baf-9eed-7a4cc889cb7c,5F:02:54:D7:69:24,NA,-93
1762933953942,0adab909-eb8f-4baf-9eed-7a4cc889cb7c,40:0B:3B:5B:59:7B,NA,-92
1762933953955,0adab909-eb8f-4baf-9eed-7a4cc889cb7c,46:20:AE:98:86:23,NA,-93
1762933954437,0adab909-eb8f-4baf-9eed-7a4cc889cb7c,C0:3C:59:48:48:D7,ODIONS-SR,-95
1762933957775,0adab909-eb8f-4baf-9eed-7a4cc889cb7c,76:FF:5C:89:52:CD,NA,-87
1762933959726,0adab909-eb8f-4baf-9eed-7a4cc889cb7c,49:CC:2D:D3:03:5A,NA,-90
1762933959743,0adab909-eb8f-4baf-9eed-7a4cc889cb7c,5F:7B:88:32:CD:57,NA,-87
1762933961679,0adab909-eb8f-4baf-9eed-7a4cc889cb7c,4A:2B:61:1E:5F:D9,NA,-90
1762933962000,0adab909-eb8f-4baf-9eed-7a4cc889cb7c,70:00:1B:1B:FF:CA,NA,-89
1762933963554,0adab909-eb8f-4baf-9eed-7a4cc889cb7c,61:99:CB:80:12:D1,NA,-91
1762934581401,0adab909-eb8f-4baf-9eed-7a4cc889cb7c,5C:DA:B8:43:93:87,NA,-70
1762934581417,0adab909-eb8f-4baf-9eed-7a4cc889cb7c,84:25:3F:A3:1F:C2,mitte-home MH22340108,-90
1762934581429,0adab909-eb8f-4baf-9eed-7a4cc889cb7c,58:B9:41:3C:18:BF,NA,-81
1762934581439,0adab909-eb8f-4baf-9eed-7a4cc889cb7c,51:05:E9:70:45:34,NA,-84
1762934581449,0adab909-eb8f-4baf-9eed-7a4cc889cb7c,45:AD:3D:56:A7:BE,NA,-84
1762934581568,0adab909-eb8f-4baf-9eed-7a4cc889cb7c,5D:2F:9A:26:FB:0E,NA,-76
1762934581819,0adab909-eb8f-4baf-9eed-7a4cc889cb7c,C0:3C:59:48:48:D7,ODIONS-SR,-85
1762934581841,0adab909-eb8f-4baf-9eed-7a4cc889cb7c,5B:3F:BA:F4:E2:CC,NA,-76
1762934581857,0adab909-eb8f-4baf-9eed-7a4cc889cb7c,75:42:32:13:D8:0E,NA,-72
1762934581875,0adab909-eb8f-4baf-9eed-7a4cc889cb7c,70:89:EE:02:CE:2D,NA,-72
1762934581887,0adab909-eb8f-4baf-9eed-7a4cc889cb7c,49:E7:F3:F0:75:A6,NA,-69
1762934581897,0adab909-eb8f-4baf-9eed-7a4cc889cb7c,53:C2:FB:FB:EC:A8,NA,-72
1762934582160,0adab909-eb8f-4baf-9eed-7a4cc889cb7c,49:CC:2D:D3:03:5A,NA,-80
1762934582179,0adab909-eb8f-4baf-9eed-7a4cc889cb7c,70:00:1B:1B:FF:CA,NA,-77
1762934582604,0adab909-eb8f-4baf-9eed-7a4cc889cb7c,68:CA:C4:8A:40:9C,mbasg,-86
1762934582788,0adab909-eb8f-4baf-9eed-7a4cc889cb7c,D8:CF:BF:51:E4:4D,NA,-70
1762934583784,0adab909-eb8f-4baf-9eed-7a4cc889cb7c,53:D3:A1:17:1C:7F,NA,-92
1762934586678,0adab909-eb8f-4baf-9eed-7a4cc889cb7c,4C:45:A2:08:C3:A1,NA,-76
1762934586980,0adab909-eb8f-4baf-9eed-7a4cc889cb7c,61:99:CB:80:12:D1,NA,-88
1762934588602,0adab909-eb8f-4baf-9eed-7a4cc889cb7c,55:A2:BC:0B:7A:CC,Jabra Evolve2 65,-87
1762934589239,0adab909-eb8f-4baf-9eed-7a4cc889cb7c,63:82:90:7C:DA:99,Jabra Evolve2 65,-76
1762934589563,0adab909-eb8f-4baf-9eed-7a4cc889cb7c,77:B4:64:CB:62:7E,Jabra Evolve2 65,-78
1762934590223,0adab909-eb8f-4baf-9eed-7a4cc889cb7c,2D:DF:CB:96:E1:CE,NA,-88
1762934591851,0adab909-eb8f-4baf-9eed-7a4cc889cb7c,05:87:41:4B:96:C3,NA,-93
1762934592104,0adab909-eb8f-4baf-9eed-7a4cc889cb7c,66:5F:32:00:CF:A9,NA,-74
1762934593694,0adab909-eb8f-4baf-9eed-7a4cc889cb7c,4A:2B:61:1E:5F:D9,NA,-73
1762935147139,0adab909-eb8f-4baf-9eed-7a4cc889cb7c,98:04:ED:A2:3E:1C,S295b50867b2bc14bC,-84
1762935147510,0adab909-eb8f-4baf-9eed-7a4cc889cb7c,5E:CB:67:66:69:36,NA,-81
1762935147532,0adab909-eb8f-4baf-9eed-7a4cc889cb7c,7E:9A:39:26:E7:9D,NA,-87
1762935147577,0adab909-eb8f-4baf-9eed-7a4cc889cb7c,68:CA:C4:8A:40:9C,mbasg,-99
1762935147835,0adab909-eb8f-4baf-9eed-7a4cc889cb7c,20:48:5F:7F:A4:5A,NA,-88
1762935147853,0adab909-eb8f-4baf-9eed-7a4cc889cb7c,58:B9:41:3C:18:BF,NA,-88
1762935147864,0adab909-eb8f-4baf-9eed-7a4cc889cb7c,2F:7B:9B:69:D6:BB,NA,-82
1762935147874,0adab909-eb8f-4baf-9eed-7a4cc889cb7c,5F:0D:74:88:7A:65,NA,-85
1762935148096,0adab909-eb8f-4baf-9eed-7a4cc889cb7c,68:CA:C4:8A:40:9C,mbasg,-100
1762935148122,0adab909-eb8f-4baf-9eed-7a4cc889cb7c,77:B4:64:CB:62:7E,Jabra Evolve2 65,-87
1762935148136,0adab909-eb8f-4baf-9eed-7a4cc889cb7c,05:BC:8B:E2:F5:AF,NA,-87
1762935148149,0adab909-eb8f-4baf-9eed-7a4cc889cb7c,45:AD:3D:56:A7:BE,NA,-89
1762935148162,0adab909-eb8f-4baf-9eed-7a4cc889cb7c,65:45:E0:A0:7D:72,NA,-83
1762935148434,0adab909-eb8f-4baf-9eed-7a4cc889cb7c,84:25:3F:A3:1F:C2,mitte-home MH22340108,-86
1762935148789,0adab909-eb8f-4baf-9eed-7a4cc889cb7c,6F:CD:FB:87:CD:9E,Jabra Evolve2 65,-81
1762935148963,0adab909-eb8f-4baf-9eed-7a4cc889cb7c,C0:3C:59:48:48:D7,ODIONS-SR,-78
1762935149128,0adab909-eb8f-4baf-9eed-7a4cc889cb7c,4E:65:1E:76:1E:1A,NA,-84
1762935149399,0adab909-eb8f-4baf-9eed-7a4cc889cb7c,48:A0:E8:61:8D:AE,NA,-83
1762935149415,0adab909-eb8f-4baf-9eed-7a4cc889cb7c,15:23:DF:86:EB:B1,NA,-77
1762935149779,0adab909-eb8f-4baf-9eed-7a4cc889cb7c,70:3B:47:37:C4:EE,NA,-83
1762935150375,0adab909-eb8f-4baf-9eed-7a4cc889cb7c,D8:CF:BF:51:E4:4D,NA,-87
1762935150402,0adab909-eb8f-4baf-9eed-7a4cc889cb7c,41:41:AA:B8:BB:33,NA,-67
1762935150762,0adab909-eb8f-4baf-9eed-7a4cc889cb7c,5D:2F:9A:26:FB:0E,NA,-94
1762935151020,0adab909-eb8f-4baf-9eed-7a4cc889cb7c,51:05:E9:70:45:34,NA,-87
1762935151957,0adab909-eb8f-4baf-9eed-7a4cc889cb7c,49:E7:F3:F0:75:A6,NA,-78
1762935153286,0adab909-eb8f-4baf-9eed-7a4cc889cb7c,53:0C:33:64:F7:05,NA,-82
1762935153903,0adab909-eb8f-4baf-9eed-7a4cc889cb7c,67:2B:3B:43:62:EE,NA,-77
1762935881057,0adab909-eb8f-4baf-9eed-7a4cc889cb7c,57:EC:2A:84:01:AA,NA,-90
1762935881070,0adab909-eb8f-4baf-9eed-7a4cc889cb7c,98:04:ED:A2:3E:1C,S295b50867b2bc14bC,-79
1762935881082,0adab909-eb8f-4baf-9eed-7a4cc889cb7c,84:25:3F:A3:1F:C2,mitte-home MH22340108,-91
1762935881103,0adab909-eb8f-4baf-9eed-7a4cc889cb7c,68:CA:C4:8A:40:9C,mbasg,-94
1762935881122,0adab909-eb8f-4baf-9eed-7a4cc889cb7c,C0:3C:59:48:48:D7,ODIONS-SR,-74
1762935881245,0adab909-eb8f-4baf-9eed-7a4cc889cb7c,7F:30:0A:42:1D:A1,NA,-71
1762935881555,0adab909-eb8f-4baf-9eed-7a4cc889cb7c,5F:0D:74:88:7A:65,NA,-92
1762935881574,0adab909-eb8f-4baf-9eed-7a4cc889cb7c,64:2F:83:48:4D:04,NA,-93
1762935881588,0adab909-eb8f-4baf-9eed-7a4cc889cb7c,2E:6F:65:E3:16:85,NA,-78
1762935881598,0adab909-eb8f-4baf-9eed-7a4cc889cb7c,65:45:E0:A0:7D:72,NA,-90
1762935881608,0adab909-eb8f-4baf-9eed-7a4cc889cb7c,D8:CF:BF:51:E4:4D,NA,-91
1762935881891,0adab909-eb8f-4baf-9eed-7a4cc889cb7c,6E:F5:3D:1F:E2:16,NA,-88
1762935881912,0adab909-eb8f-4baf-9eed-7a4cc889cb7c,73:11:31:84:0F:DB,NA,-93
1762935881923,0adab909-eb8f-4baf-9eed-7a4cc889cb7c,4E:65:1E:76:1E:1A,NA,-82
1762935882534,0adab909-eb8f-4baf-9eed-7a4cc889cb7c,53:0C:33:64:F7:05,NA,-78
1762935882553,0adab909-eb8f-4baf-9eed-7a4cc889cb7c,7E:9A:39:26:E7:9D,NA,-89
1762935883516,0adab909-eb8f-4baf-9eed-7a4cc889cb7c,6C:AA:EA:BC:0D:95,NA,-74
1762935883879,0adab909-eb8f-4baf-9eed-7a4cc889cb7c,63:B4:AE:E7:ED:6E,NA,-87
1762935884163,0adab909-eb8f-4baf-9eed-7a4cc889cb7c,45:71:90:FC:FE:7B,NA,-76
1762935885104,0adab909-eb8f-4baf-9eed-7a4cc889cb7c,06:19:A7:94:41:2A,NA,-82
1762935885137,0adab909-eb8f-4baf-9eed-7a4cc889cb7c,54:70:28:73:D9:03,NA,-90
1762935886720,0adab909-eb8f-4baf-9eed-7a4cc889cb7c,78:F3:F2:F8:71:FC,Jabra Evolve2 65,-82
1762935889611,0adab909-eb8f-4baf-9eed-7a4cc889cb7c,72:25:2A:4F:F1:7C,NA,-91
1762935891538,0adab909-eb8f-4baf-9eed-7a4cc889cb7c,7B:88:7A:BE:57:42,NA,-93
1762935892828,0adab909-eb8f-4baf-9eed-7a4cc889cb7c,6A:73:60:3E:27:8B,Jabra Evolve2 65,-84
1762936670417,0adab909-eb8f-4baf-9eed-7a4cc889cb7c,C0:3C:59:48:48:D7,ODIONS-SR,-97
1762936670467,0adab909-eb8f-4baf-9eed-7a4cc889cb7c,51:47:B5:6C:6A:04,NA,-89
1762936670500,0adab909-eb8f-4baf-9eed-7a4cc889cb7c,66:F6:1E:7B:E3:B8,NA,-94
1762936670514,0adab909-eb8f-4baf-9eed-7a4cc889cb7c,78:EB:E9:56:D3:01,NA,-94
1762936670527,0adab909-eb8f-4baf-9eed-7a4cc889cb7c,7F:30:0A:42:1D:A1,NA,-74
1762936670537,0adab909-eb8f-4baf-9eed-7a4cc889cb7c,70:EB:3E:8A:77:5C,NA,-92
1762936670867,0adab909-eb8f-4baf-9eed-7a4cc889cb7c,55:F9:A3:D6:37:B4,NA,-79
1762936670930,0adab909-eb8f-4baf-9eed-7a4cc889cb7c,68:CA:C4:8A:40:9C,mbasg,-100
1762936671842,0adab909-eb8f-4baf-9eed-7a4cc889cb7c,1E:B0:E2:C8:D8:29,NA,-79
1762936672084,0adab909-eb8f-4baf-9eed-7a4cc889cb7c,98:04:ED:A2:3E:1C,S295b50867b2bc14bC,-84
1762936672102,0adab909-eb8f-4baf-9eed-7a4cc889cb7c,41:2F:6B:92:11:8E,NA,-96
1762936672115,0adab909-eb8f-4baf-9eed-7a4cc889cb7c,84:25:3F:A3:1F:C2,mitte-home MH22340108,-90
1762936672128,0adab909-eb8f-4baf-9eed-7a4cc889cb7c,17:38:FE:89:F9:4D,NA,-79
1762936672473,0adab909-eb8f-4baf-9eed-7a4cc889cb7c,4C:2B:AF:A2:01:F6,NA,-90
1762936672743,0adab909-eb8f-4baf-9eed-7a4cc889cb7c,7E:9E:84:8F:D9:BC,NA,-90
1762936672760,0adab909-eb8f-4baf-9eed-7a4cc889cb7c,4B:8B:3E:75:5F:4D,NA,-81
1762936673073,0adab909-eb8f-4baf-9eed-7a4cc889cb7c,56:79:F0:74:B4:A6,Jabra Evolve2 65,-88
1762936674048,0adab909-eb8f-4baf-9eed-7a4cc889cb7c,7E:8B:D1:35:DD:DA,NA,-76
1762936674090,0adab909-eb8f-4baf-9eed-7a4cc889cb7c,D8:CF:BF:51:E4:4D,NA,-89
1762936674340,0adab909-eb8f-4baf-9eed-7a4cc889cb7c,52:01:D4:1A:DC:DE,NA,-94
1762936674583,0adab909-eb8f-4baf-9eed-7a4cc889cb7c,68:CA:C4:8A:40:9C,mbasg,-100
1762936675302,0adab909-eb8f-4baf-9eed-7a4cc889cb7c,45:71:90:FC:FE:7B,NA,-75
1762936675690,0adab909-eb8f-4baf-9eed-7a4cc889cb7c,5F:B8:C7:D4:64:AF,Jabra Evolve2 65,-76
1762936679044,0adab909-eb8f-4baf-9eed-7a4cc889cb7c,28:95:29:FA:4A:91,LAPTOP-5U0I60IN,-100
1762936682073,0adab909-eb8f-4baf-9eed-7a4cc889cb7c,57:EC:2A:84:01:AA,NA,-84
1762937269313,0adab909-eb8f-4baf-9eed-7a4cc889cb7c,98:04:ED:A2:3E:1C,S295b50867b2bc14bC,-85
1762937269328,0adab909-eb8f-4baf-9eed-7a4cc889cb7c,84:25:3F:A3:1F:C2,mitte-home MH22340108,-85
1762937269337,0adab909-eb8f-4baf-9eed-7a4cc889cb7c,0C:1D:6B:26:0C:79,NA,-76
1762937269347,0adab909-eb8f-4baf-9eed-7a4cc889cb7c,41:31:A1:C5:FE:A6,NA,-89
1762937269357,0adab909-eb8f-4baf-9eed-7a4cc889cb7c,49:C8:EB:64:33:61,NA,-87
1762937269393,0adab909-eb8f-4baf-9eed-7a4cc889cb7c,68:CA:C4:8A:40:9C,mbasg,-97
1762937269463,0adab909-eb8f-4baf-9eed-7a4cc889cb7c,C0:3C:59:48:48:D7,ODIONS-SR,-85
1762937269822,0adab909-eb8f-4baf-9eed-7a4cc889cb7c,55:F9:A3:D6:37:B4,NA,-76
1762937269847,0adab909-eb8f-4baf-9eed-7a4cc889cb7c,58:BF:9C:A1:34:B9,NA,-82
1762937270156,0adab909-eb8f-4baf-9eed-7a4cc889cb7c,7F:AE:73:89:EF:B3,NA,-87
1762937270454,0adab909-eb8f-4baf-9eed-7a4cc889cb7c,04:82:14:BE:4B:AA,NA,-88
1762937270797,0adab909-eb8f-4baf-9eed-7a4cc889cb7c,5B:ED:2F:C3:77:57,NA,-85
1762937271139,0adab909-eb8f-4baf-9eed-7a4cc889cb7c,61:21:5D:05:64:4E,NA,-92
1762937271156,0adab909-eb8f-4baf-9eed-7a4cc889cb7c,24:1A:E1:98:1A:EF,NA,-76
1762937272034,0adab909-eb8f-4baf-9eed-7a4cc889cb7c,7E:9E:84:8F:D9:BC,NA,-87
1762937272051,0adab909-eb8f-4baf-9eed-7a4cc889cb7c,44:D5:F6:EE:F4:B3,NA,-80
1762937272380,0adab909-eb8f-4baf-9eed-7a4cc889cb7c,5F:B8:C7:D4:64:AF,Jabra Evolve2 65,-75
1762937272699,0adab909-eb8f-4baf-9eed-7a4cc889cb7c,55:F1:54:15:79:3E,NA,-81
1762937273355,0adab909-eb8f-4baf-9eed-7a4cc889cb7c,6B:F0:95:9D:F9:55,NA,-92
1762937273453,0adab909-eb8f-4baf-9eed-7a4cc889cb7c,68:CA:C4:8A:40:9C,mbasg,-100
1762937276227,0adab909-eb8f-4baf-9eed-7a4cc889cb7c,44:E6:8E:5F:2B:32,NA,-70
1762937277854,0adab909-eb8f-4baf-9eed-7a4cc889cb7c,4B:8B:3E:75:5F:4D,NA,-92
1762937279135,0adab909-eb8f-4baf-9eed-7a4cc889cb7c,7F:E6:CD:E5:F8:BE,Jabra Evolve2 65,-90
1762937280388,0adab909-eb8f-4baf-9eed-7a4cc889cb7c,54:EF:81:EF:EC:C6,NA,-65
1762937281329,0adab909-eb8f-4baf-9eed-7a4cc889cb7c,43:4D:30:6A:BB:2F,NA,-91
1762937570123,0adab909-eb8f-4baf-9eed-7a4cc889cb7c,7E:9E:84:8F:D9:BC,NA,-86
1762937570257,0adab909-eb8f-4baf-9eed-7a4cc889cb7c,C0:3C:59:48:48:D7,ODIONS-SR,-78
1762937570476,0adab909-eb8f-4baf-9eed-7a4cc889cb7c,4B:21:9C:50:99:B8,Jabra Evolve2 65,-74
1762937570492,0adab909-eb8f-4baf-9eed-7a4cc889cb7c,98:04:ED:A2:3E:1C,S295b50867b2bc14bC,-77
1762937570510,0adab909-eb8f-4baf-9eed-7a4cc889cb7c,55:F1:54:15:79:3E,NA,-82
1762937570774,0adab909-eb8f-4baf-9eed-7a4cc889cb7c,24:1A:E1:98:1A:EF,NA,-80
1762937570803,0adab909-eb8f-4baf-9eed-7a4cc889cb7c,55:F9:A3:D6:37:B4,NA,-87
1762937571120,0adab909-eb8f-4baf-9eed-7a4cc889cb7c,3F:E5:0F:4E:6A:CD,NA,-82
1762937571143,0adab909-eb8f-4baf-9eed-7a4cc889cb7c,29:58:E1:8E:D9:84,NA,-94
1762937571154,0adab909-eb8f-4baf-9eed-7a4cc889cb7c,D8:CF:BF:51:E4:4D,NA,-87
1762937571163,0adab909-eb8f-4baf-9eed-7a4cc889cb7c,84:25:3F:A3:1F:C2,mitte-home MH22340108,-83
1762937571172,0adab909-eb8f-4baf-9eed-7a4cc889cb7c,44:D5:F6:EE:F4:B3,NA,-71
1762937571429,0adab909-eb8f-4baf-9eed-7a4cc889cb7c,43:4D:30:6A:BB:2F,NA,-91
1762937571467,0adab909-eb8f-4baf-9eed-7a4cc889cb7c,5B:ED:2F:C3:77:57,NA,-83
1762937572129,0adab909-eb8f-4baf-9eed-7a4cc889cb7c,41:31:A1:C5:FE:A6,NA,-93
1762937572733,0adab909-eb8f-4baf-9eed-7a4cc889cb7c,54:EF:81:EF:EC:C6,NA,-68
1762937573076,0adab909-eb8f-4baf-9eed-7a4cc889cb7c,44:E6:8E:5F:2B:32,NA,-73
1762937573102,0adab909-eb8f-4baf-9eed-7a4cc889cb7c,68:CA:C4:8A:40:9C,mbasg,-100
1762937573366,0adab909-eb8f-4baf-9eed-7a4cc889cb7c,58:BF:9C:A1:34:B9,NA,-83
1762937574019,0adab909-eb8f-4baf-9eed-7a4cc889cb7c,71:AA:80:0C:97:24,Jabra Evolve2 65,-85
1762937574041,0adab909-eb8f-4baf-9eed-7a4cc889cb7c,78:EE:D5:42:A2:5A,NA,-86
1762937574387,0adab909-eb8f-4baf-9eed-7a4cc889cb7c,59:8C:12:58:F8:B7,NA,-89
1762937575980,0adab909-eb8f-4baf-9eed-7a4cc889cb7c,7F:AE:73:89:EF:B3,NA,-91
1762937577650,0adab909-eb8f-4baf-9eed-7a4cc889cb7c,68:CA:C4:8A:40:9C,mbasg,-100
1762937578204,0adab909-eb8f-4baf-9eed-7a4cc889cb7c,49:C8:EB:64:33:61,NA,-92
1762938114103,0adab909-eb8f-4baf-9eed-7a4cc889cb7c,14:19:15:B9:64:54,NA,-78
1762938114143,0adab909-eb8f-4baf-9eed-7a4cc889cb7c,7A:C7:08:08:9E:7E,NA,-72
1762938114409,0adab909-eb8f-4baf-9eed-7a4cc889cb7c,C0:3C:59:48:48:D7,ODIONS-SR,-94
1762938114460,0adab909-eb8f-4baf-9eed-7a4cc889cb7c,65:98:9B:65:C6:C5,NA,-76
1762938114483,0adab909-eb8f-4baf-9eed-7a4cc889cb7c,43:4D:30:6A:BB:2F,NA,-83
1762938114535,0adab909-eb8f-4baf-9eed-7a4cc889cb7c,59:8C:12:58:F8:B7,NA,-92
1762938114793,0adab909-eb8f-4baf-9eed-7a4cc889cb7c,84:25:3F:A3:1F:C2,mitte-home MH22340108,-88
1762938114815,0adab909-eb8f-4baf-9eed-7a4cc889cb7c,98:04:ED:A2:3E:1C,S295b50867b2bc14bC,-86
1762938114833,0adab909-eb8f-4baf-9eed-7a4cc889cb7c,5B:ED:2F:C3:77:57,NA,-93
1762938115111,0adab909-eb8f-4baf-9eed-7a4cc889cb7c,4B:0A:EB:99:5D:A0,NA,-66
1762938115445,0adab909-eb8f-4baf-9eed-7a4cc889cb7c,53:B2:D7:44:A1:A1,NA,-87
1762938115460,0adab909-eb8f-4baf-9eed-7a4cc889cb7c,03:1E:54:11:61:49,NA,-75
1762938115637,0adab909-eb8f-4baf-9eed-7a4cc889cb7c,68:CA:C4:8A:40:9C,mbasg,-99
1762938116486,0adab909-eb8f-4baf-9eed-7a4cc889cb7c,68:CA:C4:8A:40:9C,mbasg,-98
1762938116695,0adab909-eb8f-4baf-9eed-7a4cc889cb7c,4B:21:9C:50:99:B8,Jabra Evolve2 65,-79
1762938120695,0adab909-eb8f-4baf-9eed-7a4cc889cb7c,20:27:1B:F1:10:A6,NA,-87
1762938120710,0adab909-eb8f-4baf-9eed-7a4cc889cb7c,55:F1:54:15:79:3E,NA,-85
1762938123711,0adab909-eb8f-4baf-9eed-7a4cc889cb7c,58:BF:9C:A1:34:B9,NA,-91
1762938827089,0adab909-eb8f-4baf-9eed-7a4cc889cb7c,98:04:ED:A2:3E:1C,S295b50867b2bc14bC,-83
1762938827504,0adab909-eb8f-4baf-9eed-7a4cc889cb7c,4B:0A:EB:99:5D:A0,NA,-69
1762938827577,0adab909-eb8f-4baf-9eed-7a4cc889cb7c,68:CA:C4:8A:40:9C,mbasg,-100
1762938827662,0adab909-eb8f-4baf-9eed-7a4cc889cb7c,C0:3C:59:48:48:D7,ODIONS-SR,-85
1762938827802,0adab909-eb8f-4baf-9eed-7a4cc889cb7c,75:06:ED:0C:78:46,NA,-87
1762938827817,0adab909-eb8f-4baf-9eed-7a4cc889cb7c,74:97:06:ED:83:7F,NA,-87
1762938827838,0adab909-eb8f-4baf-9eed-7a4cc889cb7c,84:25:3F:A3:1F:C2,mitte-home MH22340108,-82
1762938828092,0adab909-eb8f-4baf-9eed-7a4cc889cb7c,65:C4:9F:B6:63:17,NA,-89
1762938828456,0adab909-eb8f-4baf-9eed-7a4cc889cb7c,17:EA:D0:C6:4C:7D,NA,-73
1762938828748,0adab909-eb8f-4baf-9eed-7a4cc889cb7c,52:FD:58:45:0A:D6,NA,-80
1762938829285,0adab909-eb8f-4baf-9eed-7a4cc889cb7c,68:CA:C4:8A:40:9C,mbasg,-100
1762938829373,0adab909-eb8f-4baf-9eed-7a4cc889cb7c,73:D3:E1:55:73:CF,NA,-92
1762938829438,0adab909-eb8f-4baf-9eed-7a4cc889cb7c,75:C5:99:39:58:A0,NA,-75
1762938829736,0adab909-eb8f-4baf-9eed-7a4cc889cb7c,65:98:9B:65:C6:C5,NA,-75
1762938830062,0adab909-eb8f-4baf-9eed-7a4cc889cb7c,72:80:EC:29:01:0D,NA,-87
1762938830395,0adab909-eb8f-4baf-9eed-7a4cc889cb7c,05:99:29:33:F4:D3,NA,-72
1762938831003,0adab909-eb8f-4baf-9eed-7a4cc889cb7c,69:38:F5:0C:92:C1,NA,-89
1762938831020,0adab909-eb8f-4baf-9eed-7a4cc889cb7c,5C:E6:1F:20:0F:9E,NA,-90
1762938831323,0adab909-eb8f-4baf-9eed-7a4cc889cb7c,70:52:D9:72:34:BC,Jabra Evolve2 65,-93
1762938831928,0adab909-eb8f-4baf-9eed-7a4cc889cb7c,77:52:78:2B:07:E8,NA,-82
1762938831944,0adab909-eb8f-4baf-9eed-7a4cc889cb7c,57:2E:2B:EE:A2:E6,Jabra Evolve2 65,-84
1762938832576,0adab909-eb8f-4baf-9eed-7a4cc889cb7c,44:FE:85:81:A1:66,NA,-87
1762938835140,0adab909-eb8f-4baf-9eed-7a4cc889cb7c,52:00:82:DF:29:06,NA,-90
1762938835527,0adab909-eb8f-4baf-9eed-7a4cc889cb7c,5C:A3:71:08:C2:72,NA,-90
1762938835784,0adab909-eb8f-4baf-9eed-7a4cc889cb7c,2F:90:96:5F:E9:C3,NA,-86
1762939427116,0adab909-eb8f-4baf-9eed-7a4cc889cb7c,98:04:ED:A2:3E:1C,S295b50867b2bc14bC,-77
1762939427134,0adab909-eb8f-4baf-9eed-7a4cc889cb7c,05:99:29:33:F4:D3,NA,-79
1762939427478,0adab909-eb8f-4baf-9eed-7a4cc889cb7c,77:01:AE:21:04:68,NA,-82
1762939427504,0adab909-eb8f-4baf-9eed-7a4cc889cb7c,84:25:3F:A3:1F:C2,mitte-home MH22340108,-85
1762939427608,0adab909-eb8f-4baf-9eed-7a4cc889cb7c,C0:3C:59:48:48:D7,ODIONS-SR,-80
1762939428108,0adab909-eb8f-4baf-9eed-7a4cc889cb7c,7F:11:74:D5:56:E7,Jabra Evolve2 65,-74
1762939428131,0adab909-eb8f-4baf-9eed-7a4cc889cb7c,38:4E:C3:A8:34:31,NA,-73
1762939428410,0adab909-eb8f-4baf-9eed-7a4cc889cb7c,52:FD:58:45:0A:D6,NA,-81
1762939429092,0adab909-eb8f-4baf-9eed-7a4cc889cb7c,58:AE:B1:9D:F8:E0,NA,-71
1762939429108,0adab909-eb8f-4baf-9eed-7a4cc889cb7c,5A:92:08:35:F6:3C,NA,-68
1762939429418,0adab909-eb8f-4baf-9eed-7a4cc889cb7c,65:98:9B:65:C6:C5,NA,-75
1762939430363,0adab909-eb8f-4baf-9eed-7a4cc889cb7c,38:F9:F5:8D:88:59,NA,-96
1762939431019,0adab909-eb8f-4baf-9eed-7a4cc889cb7c,55:C4:B6:8F:3A:D8,NA,-90
1762939433556,0adab909-eb8f-4baf-9eed-7a4cc889cb7c,73:D3:E1:55:73:CF,NA,-91
1762939434866,0adab909-eb8f-4baf-9eed-7a4cc889cb7c,6E:B6:76:8F:ED:A7,NA,-71
1762939994520,0adab909-eb8f-4baf-9eed-7a4cc889cb7c,5A:92:08:35:F6:3C,NA,-77
1762939995473,0adab909-eb8f-4baf-9eed-7a4cc889cb7c,32:C9:1A:1E:79:EC,NA,-81
1762939995940,0adab909-eb8f-4baf-9eed-7a4cc889cb7c,C0:3C:59:48:48:D7,ODIONS-SR,-86
1762939996075,0adab909-eb8f-4baf-9eed-7a4cc889cb7c,74:DF:E0:72:4B:37,NA,-78
1762939996731,0adab909-eb8f-4baf-9eed-7a4cc889cb7c,78:0F:3D:DB:FE:FD,NA,-96
1762939997967,0adab909-eb8f-4baf-9eed-7a4cc889cb7c,1E:9C:B2:69:11:0C,NA,-87
1762939997988,0adab909-eb8f-4baf-9eed-7a4cc889cb7c,98:04:ED:A2:3E:1C,S295b50867b2bc14bC,-86
1762939998357,0adab909-eb8f-4baf-9eed-7a4cc889cb7c,D8:CF:BF:51:E4:4D,NA,-96
1762939999021,0adab909-eb8f-4baf-9eed-7a4cc889cb7c,84:25:3F:A3:1F:C2,mitte-home MH22340108,-90
1762940001214,0adab909-eb8f-4baf-9eed-7a4cc889cb7c,7F:11:74:D5:56:E7,Jabra Evolve2 65,-85
1762940002838,0adab909-eb8f-4baf-9eed-7a4cc889cb7c,71:90:01:69:63:3B,NA,-88
1762940003765,0adab909-eb8f-4baf-9eed-7a4cc889cb7c,56:92:FB:06:BF:B3,NA,-71
1762940006035,0adab909-eb8f-4baf-9eed-7a4cc889cb7c,77:01:AE:21:04:68,NA,-88
1762940006648,0adab909-eb8f-4baf-9eed-7a4cc889cb7c,6E:B6:76:8F:ED:A7,NA,-80
1762940534093,0adab909-eb8f-4baf-9eed-7a4cc889cb7c,6E:06:BB:35:A1:21,NA,-89
1762940534135,0adab909-eb8f-4baf-9eed-7a4cc889cb7c,32:C9:1A:1E:79:EC,NA,-76
1762940534450,0adab909-eb8f-4baf-9eed-7a4cc889cb7c,65:22:50:79:E0:88,Jabra Evolve2 65,-91
1762940534504,0adab909-eb8f-4baf-9eed-7a4cc889cb7c,98:04:ED:A2:3E:1C,S295b50867b2bc14bC,-88
1762940535106,0adab909-eb8f-4baf-9eed-7a4cc889cb7c,36:B1:19:58:A4:63,NA,-86
1762940535180,0adab909-eb8f-4baf-9eed-7a4cc889cb7c,5D:C0:E9:BE:66:D0,NA,-72
1762940535424,0adab909-eb8f-4baf-9eed-7a4cc889cb7c,84:25:3F:A3:1F:C2,mitte-home MH22340108,-93
1762940536091,0adab909-eb8f-4baf-9eed-7a4cc889cb7c,C0:3C:59:48:48:D7,ODIONS-SR,-78
1762940536382,0adab909-eb8f-4baf-9eed-7a4cc889cb7c,43:9F:4B:35:46:C9,NA,-71
1762940536995,0adab909-eb8f-4baf-9eed-7a4cc889cb7c,74:DF:E0:72:4B:37,NA,-76
1762940537014,0adab909-eb8f-4baf-9eed-7a4cc889cb7c,56:92:FB:06:BF:B3,NA,-66
1762940543088,0adab909-eb8f-4baf-9eed-7a4cc889cb7c,5B:66:3B:2E:26:5B,NA,-87
1762941187144,0adab909-eb8f-4baf-9eed-7a4cc889cb7c,07:AC:F0:69:55:22,NA,-76
1762941187165,0adab909-eb8f-4baf-9eed-7a4cc889cb7c,71:B2:E1:4A:E0:C9,NA,-74
1762941187195,0adab909-eb8f-4baf-9eed-7a4cc889cb7c,98:04:ED:A2:3E:1C,S295b50867b2bc14bC,-79
1762941187675,0adab909-eb8f-4baf-9eed-7a4cc889cb7c,C0:3C:59:48:48:D7,ODIONS-SR,-73
1762941187883,0adab909-eb8f-4baf-9eed-7a4cc889cb7c,68:E8:F7:B8:8A:9E,NA,-72
1762941188506,0adab909-eb8f-4baf-9eed-7a4cc889cb7c,5D:C0:E9:BE:66:D0,NA,-67
1762941188525,0adab909-eb8f-4baf-9eed-7a4cc889cb7c,84:25:3F:A3:1F:C2,mitte-home MH22340108,-87
1762941188812,0adab909-eb8f-4baf-9eed-7a4cc889cb7c,60:79:82:F1:39:07,NA,-85
1762941189440,0adab909-eb8f-4baf-9eed-7a4cc889cb7c,D8:CF:BF:51:E4:4D,NA,-88
1762941191036,0adab909-eb8f-4baf-9eed-7a4cc889cb7c,75:5E:12:C1:F3:97,NA,-66
1762941191057,0adab909-eb8f-4baf-9eed-7a4cc889cb7c,62:24:5E:9F:AB:C7,NA,-84
1762941191374,0adab909-eb8f-4baf-9eed-7a4cc889cb7c,6E:06:BB:35:A1:21,NA,-92
1762941192002,0adab909-eb8f-4baf-9eed-7a4cc889cb7c,0D:F8:B8:64:70:D9,NA,-80
1762941192016,0adab909-eb8f-4baf-9eed-7a4cc889cb7c,67:F3:F0:CF:18:92,NA,-88
1762941192330,0adab909-eb8f-4baf-9eed-7a4cc889cb7c,76:89:35:1A:FA:3D,NA,-88
1762941192350,0adab909-eb8f-4baf-9eed-7a4cc889cb7c,48:1D:F4:1A:9C:D9,Jabra Evolve2 5,-90
1762941193915,0adab909-eb8f-4baf-9eed-7a4cc889cb7c,6A:B7:B6:7B:53:47,NA,-91
1762941195215,0adab909-eb8f-4baf-9eed-7a4cc889cb7c,45:D8:DF:EA:1A:BB,Jabra Evolve2 65,-74
1762941197775,0adab909-eb8f-4baf-9eed-7a4cc889cb7c,66:9E:4E:53:D5:EB,Jabra Evolve2 65,-82
1762941199095,0adab909-eb8f-4baf-9eed-7a4cc889cb7c,43:9F:4B:35:46:C9,NA,-67
1762941717763,0adab909-eb8f-4baf-9eed-7a4cc889cb7c,6C:EE:4C:C2:6C:58,NA,-61
1762941717779,0adab909-eb8f-4baf-9eed-7a4cc889cb7c,06:A8:8B:ED:48:57,NA,-85
1762941717788,0adab909-eb8f-4baf-9eed-7a4cc889cb7c,98:04:ED:A2:3E:1C,S295b50867b2bc14bC,-85
1762941718759,0adab909-eb8f-4baf-9eed-7a4cc889cb7c,6E:06:BB:35:A1:21,NA,-86
1762941719062,0adab909-eb8f-4baf-9eed-7a4cc889cb7c,59:0B:81:84:0C:54,NA,-70
1762941719076,0adab909-eb8f-4baf-9eed-7a4cc889cb7c,76:89:35:1A:FA:3D,NA,-86
1762941719402,0adab909-eb8f-4baf-9eed-7a4cc889cb7c,60:79:82:F1:39:07,NA,-84
1762941720027,0adab909-eb8f-4baf-9eed-7a4cc889cb7c,34:DC:36:0A:21:E0,NA,-70
1762941720372,0adab909-eb8f-4baf-9eed-7a4cc889cb7c,84:25:3F:A3:1F:C2,mitte-home MH22340108,-85
1762941721013,0adab909-eb8f-4baf-9eed-7a4cc889cb7c,45:D8:DF:EA:1A:BB,Jabra Evolve2 65,-80
1762941721612,0adab909-eb8f-4baf-9eed-7a4cc889cb7c,68:E8:F7:B8:8A:9E,NA,-72
1762941722587,0adab909-eb8f-4baf-9eed-7a4cc889cb7c,43:35:62:CB:34:50,NA,-91
1762941726894,0adab909-eb8f-4baf-9eed-7a4cc889cb7c,C0:3C:59:48:48:D7,ODIONS-SR,-79
1762942277110,0adab909-eb8f-4baf-9eed-7a4cc889cb7c,68:E8:F7:B8:8A:9E,NA,-76
1762942277129,0adab909-eb8f-4baf-9eed-7a4cc889cb7c,34:DC:36:0A:21:E0,NA,-72
1762942277479,0adab909-eb8f-4baf-9eed-7a4cc889cb7c,4E:23:35:01:F7:AE,NA,-86
1762942277783,0adab909-eb8f-4baf-9eed-7a4cc889cb7c,98:04:ED:A2:3E:1C,S295b50867b2bc14bC,-86
1762942277811,0adab909-eb8f-4baf-9eed-7a4cc889cb7c,6C:EE:4C:C2:6C:58,NA,-61
1762942278108,0adab909-eb8f-4baf-9eed-7a4cc889cb7c,84:25:3F:A3:1F:C2,mitte-home MH22340108,-91
1762942278408,0adab909-eb8f-4baf-9eed-7a4cc889cb7c,2C:2B:4E:11:2C:7D,NA,-79
1762942278871,0adab909-eb8f-4baf-9eed-7a4cc889cb7c,C0:3C:59:48:48:D7,ODIONS-SR,-79
1762942279042,0adab909-eb8f-4baf-9eed-7a4cc889cb7c,4B:55:5F:A0:DA:90,Jabra Evolve2 65,-77
1762942279692,0adab909-eb8f-4baf-9eed-7a4cc889cb7c,59:0B:81:84:0C:54,NA,-71
1762942280361,0adab909-eb8f-4baf-9eed-7a4cc889cb7c,67:6B:4B:E8:5D:2C,NA,-77
1762942280703,0adab909-eb8f-4baf-9eed-7a4cc889cb7c,6A:F4:D2:2C:1A:F0,NA,-86
1762942282582,0adab909-eb8f-4baf-9eed-7a4cc889cb7c,49:5C:B5:74:F2:57,NA,-90
1762942289279,0adab909-eb8f-4baf-9eed-7a4cc889cb7c,7A:D4:D1:45:64:52,NA,-88
1762942904091,0adab909-eb8f-4baf-9eed-7a4cc889cb7c,98:04:ED:A2:3E:1C,S295b50867b2bc14bC,-82
1762942904106,0adab909-eb8f-4baf-9eed-7a4cc889cb7c,36:3B:72:F1:33:35,NA,-78
1762942904785,0adab909-eb8f-4baf-9eed-7a4cc889cb7c,32:CA:66:6D:CB:BE,NA,-82
1762942905073,0adab909-eb8f-4baf-9eed-7a4cc889cb7c,4E:23:35:01:F7:AE,NA,-85
1762942905628,0adab909-eb8f-4baf-9eed-7a4cc889cb7c,C0:3C:59:48:48:D7,ODIONS-SR,-75
1762942905728,0adab909-eb8f-4baf-9eed-7a4cc889cb7c,45:FC:D1:C6:87:17,NA,-75
1762942905994,0adab909-eb8f-4baf-9eed-7a4cc889cb7c,41:67:61:B3:58:B1,NA,-78
1762942906027,0adab909-eb8f-4baf-9eed-7a4cc889cb7c,6A:F4:D2:2C:1A:F0,NA,-86
1762942907014,0adab909-eb8f-4baf-9eed-7a4cc889cb7c,69:B3:76:40:97:56,Jabra Evolve2 65,-79
1762942908289,0adab909-eb8f-4baf-9eed-7a4cc889cb7c,57:AC:EB:02:C5:BD,Jabra Evolve2 65,-88
1762942908588,0adab909-eb8f-4baf-9eed-7a4cc889cb7c,78:B2:FB:18:CF:F1,NA,-79
1762942909265,0adab909-eb8f-4baf-9eed-7a4cc889cb7c,78:66:AC:EE:5D:B4,NA,-64
1762942910201,0adab909-eb8f-4baf-9eed-7a4cc889cb7c,84:25:3F:A3:1F:C2,mitte-home MH22340108,-88
1762942913399,0adab909-eb8f-4baf-9eed-7a4cc889cb7c,7A:D4:D1:45:64:52,NA,-86
1762942914982,0adab909-eb8f-4baf-9eed-7a4cc889cb7c,58:B1:2C:50:C1:73,NA,-76
1762942915270,0adab909-eb8f-4baf-9eed-7a4cc889cb7c,5B:F5:A3:C6:8A:96,NA,-87
1762943474041,0adab909-eb8f-4baf-9eed-7a4cc889cb7c,98:04:ED:A2:3E:1C,S295b50867b2bc14bC,-88
1762943474086,0adab909-eb8f-4baf-9eed-7a4cc889cb7c,45:9D:A5:4D:DB:CA,NA,-74
1762943474419,0adab909-eb8f-4baf-9eed-7a4cc889cb7c,17:30:3E:41:26:6A,NA,-75
1762943474455,0adab909-eb8f-4baf-9eed-7a4cc889cb7c,7F:DA:DC:BF:4D:39,NA,-90
1762943474487,0adab909-eb8f-4baf-9eed-7a4cc889cb7c,84:25:3F:A3:1F:C2,mitte-home MH22340108,-90
1762943474753,0adab909-eb8f-4baf-9eed-7a4cc889cb7c,45:FC:D1:C6:87:17,NA,-73
1762943475095,0adab909-eb8f-4baf-9eed-7a4cc889cb7c,3B:93:2A:F6:8E:2F,NA,-75
1762943475279,0adab909-eb8f-4baf-9eed-7a4cc889cb7c,C0:3C:59:48:48:D7,ODIONS-SR,-79
1762943475384,0adab909-eb8f-4baf-9eed-7a4cc889cb7c,5B:63:F2:BF:F9:E8,NA,-84
1762943475730,0adab909-eb8f-4baf-9eed-7a4cc889cb7c,46:49:FB:E7:C8:64,NA,-73
1762943476371,0adab909-eb8f-4baf-9eed-7a4cc889cb7c,51:51:17:BE:DF:A2,NA,-86
1762943478908,0adab909-eb8f-4baf-9eed-7a4cc889cb7c,53:F7:FE:1E:3A:4A,NA,-66
1762943478946,0adab909-eb8f-4baf-9eed-7a4cc889cb7c,69:B3:76:40:97:56,Jabra Evolve2 65,-73
1762943479888,0adab909-eb8f-4baf-9eed-7a4cc889cb7c,D8:CF:BF:51:E4:4D,NA,-92
1762943480800,0adab909-eb8f-4baf-9eed-7a4cc889cb7c,75:BE:FB:A9:33:FB,NA,-84
1762944106013,0adab909-eb8f-4baf-9eed-7a4cc889cb7c,71:B4:60:B5:68:4A,NA,-89
1762944106402,0adab909-eb8f-4baf-9eed-7a4cc889cb7c,98:04:ED:A2:3E:1C,S295b50867b2bc14bC,-77
1762944106431,0adab909-eb8f-4baf-9eed-7a4cc889cb7c,40:53:38:21:47:4E,NA,-81
1762944106453,0adab909-eb8f-4baf-9eed-7a4cc889cb7c,7F:DA:DC:BF:4D:39,NA,-84
1762944106474,0adab909-eb8f-4baf-9eed-7a4cc889cb7c,45:9D:A5:4D:DB:CA,NA,-70
1762944106498,0adab909-eb8f-4baf-9eed-7a4cc889cb7c,C0:3C:59:48:48:D7,ODIONS-SR,-76
1762944106751,0adab909-eb8f-4baf-9eed-7a4cc889cb7c,22:F2:3A:63:42:56,NA,-81
1762944107009,0adab909-eb8f-4baf-9eed-7a4cc889cb7c,72:F2:56:03:B9:81,Jabra Evolve2 65,-88
1762944107360,0adab909-eb8f-4baf-9eed-7a4cc889cb7c,45:FC:D1:C6:87:17,NA,-65
1762944107404,0adab909-eb8f-4baf-9eed-7a4cc889cb7c,5B:63:F2:BF:F9:E8,NA,-88
1762944107963,0adab909-eb8f-4baf-9eed-7a4cc889cb7c,10:3C:EE:0E:06:BF,NA,-82
1762944108317,0adab909-eb8f-4baf-9eed-7a4cc889cb7c,75:BE:FB:A9:33:FB,NA,-81
1762944108336,0adab909-eb8f-4baf-9eed-7a4cc889cb7c,84:25:3F:A3:1F:C2,mitte-home MH22340108,-89
1762944108632,0adab909-eb8f-4baf-9eed-7a4cc889cb7c,58:B1:2C:50:C1:73,NA,-82
1762944114058,0adab909-eb8f-4baf-9eed-7a4cc889cb7c,51:51:17:BE:DF:A2,NA,-85
1762944115067,0adab909-eb8f-4baf-9eed-7a4cc889cb7c,62:14:D8:45:17:7F,NA,-91
1762944115402,0adab909-eb8f-4baf-9eed-7a4cc889cb7c,78:09:37:45:9C:EF,NA,-71
1762944117592,0adab909-eb8f-4baf-9eed-7a4cc889cb7c,5B:BD:6B:44:C1:9B,Jabra Evolve2 65,-88
1762944713022,0adab909-eb8f-4baf-9eed-7a4cc889cb7c,3A:A4:32:E8:FE:D4,NA,-75
1762944713036,0adab909-eb8f-4baf-9eed-7a4cc889cb7c,84:25:3F:A3:1F:C2,mitte-home MH22340108,-85
1762944713047,0adab909-eb8f-4baf-9eed-7a4cc889cb7c,68:65:6B:69:C9:60,NA,-74
1762944713078,0adab909-eb8f-4baf-9eed-7a4cc889cb7c,51:51:17:BE:DF:A2,NA,-90
1762944713148,0adab909-eb8f-4baf-9eed-7a4cc889cb7c,C0:3C:59:48:48:D7,ODIONS-SR,-74
1762944713399,0adab909-eb8f-4baf-9eed-7a4cc889cb7c,98:04:ED:A2:3E:1C,S295b50867b2bc14bC,-85
1762944713431,0adab909-eb8f-4baf-9eed-7a4cc889cb7c,65:C2:06:B0:0F:B1,NA,-85
1762944713450,0adab909-eb8f-4baf-9eed-7a4cc889cb7c,3F:8C:F5:E0:69:9C,NA,-86
1762944713756,0adab909-eb8f-4baf-9eed-7a4cc889cb7c,5D:DC:54:69:84:86,NA,-66
1762944714046,0adab909-eb8f-4baf-9eed-7a4cc889cb7c,75:BE:FB:A9:33:FB,NA,-90
1762944714394,0adab909-eb8f-4baf-9eed-7a4cc889cb7c,5F:19:F3:F6:0D:8C,NA,-63
1762944714447,0adab909-eb8f-4baf-9eed-7a4cc889cb7c,56:02:A4:58:FD:E5,NA,-88
1762944715992,0adab909-eb8f-4baf-9eed-7a4cc889cb7c,68:B1:92:44:97:48,NA,-65
1762944716316,0adab909-eb8f-4baf-9eed-7a4cc889cb7c,D8:CF:BF:51:E4:4D,NA,-88
1762944718259,0adab909-eb8f-4baf-9eed-7a4cc889cb7c,71:B1:9A:47:26:47,NA,-90
1762944720767,0adab909-eb8f-4baf-9eed-7a4cc889cb7c,58:A0:CB:3B:7C:CE,Jabra Evolve2 65,-87
1762944721442,0adab909-eb8f-4baf-9eed-7a4cc889cb7c,4B:7F:F3:F1:F7:9B,Jabra Evolve2 65,-76
1762944721477,0adab909-eb8f-4baf-9eed-7a4cc889cb7c,73:93:4D:CC:60:07,NA,-59
1762944725570,0adab909-eb8f-4baf-9eed-7a4cc889cb7c,42:01:AC:2D:DF:95,NA,-71
1762945425431,0adab909-eb8f-4baf-9eed-7a4cc889cb7c,98:04:ED:A2:3E:1C,S295b50867b2bc14bC,-83
1762945425458,0adab909-eb8f-4baf-9eed-7a4cc889cb7c,84:25:3F:A3:1F:C2,mitte-home MH22340108,-86
1762945425484,0adab909-eb8f-4baf-9eed-7a4cc889cb7c,7E:9D:DF:29:8D:27,NA,-84
1762945425540,0adab909-eb8f-4baf-9eed-7a4cc889cb7c,29:99:18:B4:52:03,NA,-82
1762945425577,0adab909-eb8f-4baf-9eed-7a4cc889cb7c,5F:19:F3:F6:0D:8C,NA,-79
1762945426851,0adab909-eb8f-4baf-9eed-7a4cc889cb7c,4D:CF:B2:F3:29:BA,NA,-88
1762945426891,0adab909-eb8f-4baf-9eed-7a4cc889cb7c,63:4B:05:64:95:3C,NA,-87
1762945426926,0adab909-eb8f-4baf-9eed-7a4cc889cb7c,61:DD:3C:54:0C:39,NA,-73
1762945427824,0adab909-eb8f-4baf-9eed-7a4cc889cb7c,5D:DC:54:69:84:86,NA,-72
1762945428703,0adab909-eb8f-4baf-9eed-7a4cc889cb7c,C0:3C:59:48:48:D7,ODIONS-SR,-68
1762945430003,0adab909-eb8f-4baf-9eed-7a4cc889cb7c,56:02:A4:58:FD:E5,NA,-86
1762945430041,0adab909-eb8f-4baf-9eed-7a4cc889cb7c,4B:7F:F3:F1:F7:9B,Jabra Evolve2 65,-84
1762945430067,0adab909-eb8f-4baf-9eed-7a4cc889cb7c,71:B1:9A:47:26:47,NA,-84
1762945432578,0adab909-eb8f-4baf-9eed-7a4cc889cb7c,D8:CF:BF:51:E4:4D,NA,-85
1762945432619,0adab909-eb8f-4baf-9eed-7a4cc889cb7c,42:01:AC:2D:DF:95,NA,-69
1762945433241,0adab909-eb8f-4baf-9eed-7a4cc889cb7c,71:41:8B:05:5E:0B,NA,-79
1762945916097,0adab909-eb8f-4baf-9eed-7a4cc889cb7c,84:25:3F:A3:1F:C2,mitte-home MH22340108,-73
1762945916456,0adab909-eb8f-4baf-9eed-7a4cc889cb7c,74:7B:98:24:23:B8,Jabra Evolve2 5,-70
1762945916757,0adab909-eb8f-4baf-9eed-7a4cc889cb7c,12:92:F5:E2:58:4E,NA,-93
1762945917397,0adab909-eb8f-4baf-9eed-7a4cc889cb7c,6D:9D:9C:13:79:A9,NA,-91
1762945919650,0adab909-eb8f-4baf-9eed-7a4cc889cb7c,CA:43:3B:D4:A2:CC,NA,-77
1762945921220,0adab909-eb8f-4baf-9eed-7a4cc889cb7c,4F:B4:65:99:AC:1E,NA,-90
1762945922788,0adab909-eb8f-4baf-9eed-7a4cc889cb7c,C0:3C:59:48:48:D7,ODIONS-SR,-100
1762945923138,0adab909-eb8f-4baf-9eed-7a4cc889cb7c,98:04:ED:A2:3E:1C,S295b50867b2bc14bC,-90
1762945924080,0adab909-eb8f-4baf-9eed-7a4cc889cb7c,5D:64:DD:0C:3F:8C,NA,-90
1762945928304,0adab909-eb8f-4baf-9eed-7a4cc889cb7c,7E:9D:DF:29:8D:27,NA,-93
1762946526012,0adab909-eb8f-4baf-9eed-7a4cc889cb7c,06:02:9F:CD:18:E8,NA,-95
1762946526396,0adab909-eb8f-4baf-9eed-7a4cc889cb7c,7E:AB:DE:90:72:4A,NA,-77
1762946526426,0adab909-eb8f-4baf-9eed-7a4cc889cb7c,7C:92:0A:DE:B6:7C,NA,-55
1762946527044,0adab909-eb8f-4baf-9eed-7a4cc889cb7c,3F:F0:E6:2C:38:77,NA,-83
1762946528953,0adab909-eb8f-4baf-9eed-7a4cc889cb7c,6F:E8:3E:07:E6:63,NA,-74
1762946530353,0adab909-eb8f-4baf-9eed-7a4cc889cb7c,C0:3C:59:48:48:D7,ODIONS-SR,-85
1762946530566,0adab909-eb8f-4baf-9eed-7a4cc889cb7c,45:7E:9C:DF:25:8C,NA,-63
1762946531205,0adab909-eb8f-4baf-9eed-7a4cc889cb7c,52:B8:C7:22:A6:58,NA,-86
1762946533137,0adab909-eb8f-4baf-9eed-7a4cc889cb7c,6F:86:DF:A9:05:09,Jabra Evolve2 65,-90
1762946533458,0adab909-eb8f-4baf-9eed-7a4cc889cb7c,79:9E:1E:F8:75:50,NA,-91
1762946533792,0adab909-eb8f-4baf-9eed-7a4cc889cb7c,63:62:6F:11:F2:6E,Jabra Evolve2 65,-73
1762946534087,0adab909-eb8f-4baf-9eed-7a4cc889cb7c,98:04:ED:A2:3E:1C,S295b50867b2bc14bC,-90
1762946536002,0adab909-eb8f-4baf-9eed-7a4cc889cb7c,5B:A4:16:93:D4:76,NA,-87
1762946536043,0adab909-eb8f-4baf-9eed-7a4cc889cb7c,84:25:3F:A3:1F:C2,mitte-home MH22340108,-95
1762947200079,0adab909-eb8f-4baf-9eed-7a4cc889cb7c,50:E1:BC:BE:67:F2,NA,-82
1762947200381,0adab909-eb8f-4baf-9eed-7a4cc889cb7c,84:25:3F:A3:1F:C2,mitte-home MH22340108,-61
1762947200424,0adab909-eb8f-4baf-9eed-7a4cc889cb7c,6B:8E:76:EC:13:52,NA,-79
1762947200438,0adab909-eb8f-4baf-9eed-7a4cc889cb7c,46:20:E5:D6:71:FA,NA,-86
1762947201679,0adab909-eb8f-4baf-9eed-7a4cc889cb7c,00:B0:A2:68:9A:59,NA,-91
1762947202064,0adab909-eb8f-4baf-9eed-7a4cc889cb7c,98:04:ED:A2:3E:1C,S295b50867b2bc14bC,-91
1762947202686,0adab909-eb8f-4baf-9eed-7a4cc889cb7c,50:A9:4C:79:CA:2E,Jabra Evolve2 5,-82
1762947205897,0adab909-eb8f-4baf-9eed-7a4cc889cb7c,C0:3C:59:48:48:D7,ODIONS-SR,-72
1762947209725,0adab909-eb8f-4baf-9eed-7a4cc889cb7c,6E:79:50:7E:FC:8B,NA,-95
1762947675613,0adab909-eb8f-4baf-9eed-7a4cc889cb7c,84:25:3F:A3:1F:C2,mitte-home MH22340108,-89
1762947675636,0adab909-eb8f-4baf-9eed-7a4cc889cb7c,98:04:ED:A2:3E:1C,S295b50867b2bc14bC,-84
1762947675974,0adab909-eb8f-4baf-9eed-7a4cc889cb7c,6B:8E:76:EC:13:52,NA,-82
1762947675992,0adab909-eb8f-4baf-9eed-7a4cc889cb7c,6E:6A:66:09:84:37,NA,-83
1762947676323,0adab909-eb8f-4baf-9eed-7a4cc889cb7c,4D:AF:FE:56:BC:00,NA,-91
1762947676654,0adab909-eb8f-4baf-9eed-7a4cc889cb7c,46:20:E5:D6:71:FA,NA,-76
1762947676682,0adab909-eb8f-4baf-9eed-7a4cc889cb7c,C0:3C:59:48:48:D7,ODIONS-SR,-86
1762947676963,0adab909-eb8f-4baf-9eed-7a4cc889cb7c,4C:07:CC:CB:66:92,NA,-90
1762947676983,0adab909-eb8f-4baf-9eed-7a4cc889cb7c,50:E1:BC:BE:67:F2,NA,-68
1762947676998,0adab909-eb8f-4baf-9eed-7a4cc889cb7c,02:91:A7:B6:66:6E,NA,-77
1762947677270,0adab909-eb8f-4baf-9eed-7a4cc889cb7c,43:43:EA:E3:2A:4C,NA,-91
1762947677306,0adab909-eb8f-4baf-9eed-7a4cc889cb7c,1A:29:97:C5:20:FE,NA,-82
1762947677968,0adab909-eb8f-4baf-9eed-7a4cc889cb7c,69:8F:07:83:51:BC,NA,-83
1762947678283,0adab909-eb8f-4baf-9eed-7a4cc889cb7c,57:64:ED:D3:43:69,Jabra Evolve2 65,-94
1762947678542,0adab909-eb8f-4baf-9eed-7a4cc889cb7c,79:E6:79:AF:28:D3,Jabra Evolve2 65,-88
1762947684345,0adab909-eb8f-4baf-9eed-7a4cc889cb7c,57:FB:31:5C:BF:0E,NA,-76
1762947687234,0adab909-eb8f-4baf-9eed-7a4cc889cb7c,45:2B:6F:75:B1:24,NA,-88
1762947687489,0adab909-eb8f-4baf-9eed-7a4cc889cb7c,4D:D7:DD:B0:F4:1C,NA,-86
1762948524065,0adab909-eb8f-4baf-9eed-7a4cc889cb7c,C0:3C:59:48:48:D7,ODIONS-SR,-86
1762948524341,0adab909-eb8f-4baf-9eed-7a4cc889cb7c,6B:B9:61:00:FC:D8,NA,-75
1762948524365,0adab909-eb8f-4baf-9eed-7a4cc889cb7c,98:04:ED:A2:3E:1C,S295b50867b2bc14bC,-86
1762948524390,0adab909-eb8f-4baf-9eed-7a4cc889cb7c,84:25:3F:A3:1F:C2,mitte-home MH22340108,-84
1762948524715,0adab909-eb8f-4baf-9eed-7a4cc889cb7c,0E:C6:75:CD:92:8D,NA,-84
1762948525065,0adab909-eb8f-4baf-9eed-7a4cc889cb7c,48:51:98:78:75:36,NA,-76
1762948527277,0adab909-eb8f-4baf-9eed-7a4cc889cb7c,48:DD:E8:FF:FC:91,NA,-83
1762948527884,0adab909-eb8f-4baf-9eed-7a4cc889cb7c,6E:6A:66:09:84:37,NA,-92
1762948528182,0adab909-eb8f-4baf-9eed-7a4cc889cb7c,62:29:2A:8C:0A:03,NA,-85
1762948531119,0adab909-eb8f-4baf-9eed-7a4cc889cb7c,4D:6C:B3:0E:8E:CC,NA,-88
1762948532714,0adab909-eb8f-4baf-9eed-7a4cc889cb7c,33:EF:C6:7C:DD:36,NA,-82
1762948533027,0adab909-eb8f-4baf-9eed-7a4cc889cb7c,1E:52:38:96:4C:EE,NA,-76
1762948534629,0adab909-eb8f-4baf-9eed-7a4cc889cb7c,6D:E1:66:07:4E:3D,NA,-82
1762949143045,0adab909-eb8f-4baf-9eed-7a4cc889cb7c,7E:16:CC:1C:14:4B,NA,-91
1762949143070,0adab909-eb8f-4baf-9eed-7a4cc889cb7c,71:40:4D:70:E4:56,NA,-93
1762949143086,0adab909-eb8f-4baf-9eed-7a4cc889cb7c,7C:58:70:24:3A:95,NA,-92
1762949143101,0adab909-eb8f-4baf-9eed-7a4cc889cb7c,62:29:2A:8C:0A:03,NA,-78
1762949143446,0adab909-eb8f-4baf-9eed-7a4cc889cb7c,84:25:3F:A3:1F:C2,mitte-home MH22340108,-72
1762949143475,0adab909-eb8f-4baf-9eed-7a4cc889cb7c,D8:CF:BF:51:E4:4D,NA,-65
1762949143496,0adab909-eb8f-4baf-9eed-7a4cc889cb7c,72:60:A6:72:D4:E2,NA,127
1762949143724,0adab909-eb8f-4baf-9eed-7a4cc889cb7c,6D:CB:A4:CF:74:29,Jabra Evolve2 5,-93
1762949144052,0adab909-eb8f-4baf-9eed-7a4cc889cb7c,4A:8F:4E:19:06:98,NA,-86
1762949144386,0adab909-eb8f-4baf-9eed-7a4cc889cb7c,6A:08:B2:5A:1F:65,NA,-92
1762949144406,0adab909-eb8f-4baf-9eed-7a4cc889cb7c,58:CC:1C:AE:62:F8,NA,-94
1762949144419,0adab909-eb8f-4baf-9eed-7a4cc889cb7c,48:51:98:78:75:36,NA,-80
1762949144432,0adab909-eb8f-4baf-9eed-7a4cc889cb7c,6D:E1:66:07:4E:3D,NA,-80
1762949145050,0adab909-eb8f-4baf-9eed-7a4cc889cb7c,68:8E:D7:E9:A7:DE,NA,-90
1762949145068,0adab909-eb8f-4baf-9eed-7a4cc889cb7c,49:A8:98:74:65:89,NA,-89
1762949145206,0adab909-eb8f-4baf-9eed-7a4cc889cb7c,C0:3C:59:48:48:D7,ODIONS-SR,-100
1762949145379,0adab909-eb8f-4baf-9eed-7a4cc889cb7c,08:65:F0:BD:47:00,IOTBT700,-86
1762949145600,0adab909-eb8f-4baf-9eed-7a4cc889cb7c,68:CA:C4:8A:40:9C,mbasg,-100
1762949145692,0adab909-eb8f-4baf-9eed-7a4cc889cb7c,55:0F:2A:85:6F:1C,NA,-88
1762949146023,0adab909-eb8f-4baf-9eed-7a4cc889cb7c,71:F7:9A:7D:90:FD,NA,-87
1762949147281,0adab909-eb8f-4baf-9eed-7a4cc889cb7c,54:BC:B4:77:09:C2,NA,-80
1762949148944,0adab909-eb8f-4baf-9eed-7a4cc889cb7c,75:97:60:5E:4F:3D,NA,-93
1762949148964,0adab909-eb8f-4baf-9eed-7a4cc889cb7c,63:01:4A:F4:96:B0,NA,-91
1762949149231,0adab909-eb8f-4baf-9eed-7a4cc889cb7c,CA:43:3B:D4:A2:CC,NA,-85
1762949149811,0adab909-eb8f-4baf-9eed-7a4cc889cb7c,57:27:D2:F1:B6:31,NA,-90
1762949151120,0adab909-eb8f-4baf-9eed-7a4cc889cb7c,59:42:24:64:5C:1B,NA,-88
1762949152399,0adab909-eb8f-4baf-9eed-7a4cc889cb7c,48:70:AA:6F:C4:82,NA,-82
1762949152720,0adab909-eb8f-4baf-9eed-7a4cc889cb7c,AC:B2:FD:4A:08:B3,S0dfc04d10348bcc6C,-85
1762949153065,0adab909-eb8f-4baf-9eed-7a4cc889cb7c,28:3C:90:11:68:FF,NA,-93
1762949154991,0adab909-eb8f-4baf-9eed-7a4cc889cb7c,2B:4D:94:33:48:CE,NA,-94
1762949156246,0adab909-eb8f-4baf-9eed-7a4cc889cb7c,C0:3C:59:48:48:D7,ODIONS-SR,-100
1762949517109,0adab909-eb8f-4baf-9eed-7a4cc889cb7c,72:B1:0F:10:A8:EB,NA,-46
1762949517937,0adab909-eb8f-4baf-9eed-7a4cc889cb7c,34:90:EA:4B:87:3B,My CUPRA 0365,-81
1762950132997,0adab909-eb8f-4baf-9eed-7a4cc889cb7c,72:B1:0F:10:A8:EB,NA,-53
1762950133077,0adab909-eb8f-4baf-9eed-7a4cc889cb7c,34:90:EA:4B:87:3B,My CUPRA 0365,-67
1762950133325,0adab909-eb8f-4baf-9eed-7a4cc889cb7c,6E:C3:F1:38:84:1C,b;SAR;535;102;1;739;Johannesk,-91
1762950134009,0adab909-eb8f-4baf-9eed-7a4cc889cb7c,7E:57:58:B9:6A:8F,NA,-83
1762950134335,0adab909-eb8f-4baf-9eed-7a4cc889cb7c,56:D8:EF:23:A9:24,NA,-92
1762950134355,0adab909-eb8f-4baf-9eed-7a4cc889cb7c,40:95:FB:89:E6:CF,NA,-87
1762950134612,0adab909-eb8f-4baf-9eed-7a4cc889cb7c,4F:15:1F:A7:A7:35,NA,-86
1762950145500,0adab909-eb8f-4baf-9eed-7a4cc889cb7c,75:18:C6:E8:27:B5,NA,-84
1762950698956,0adab909-eb8f-4baf-9eed-7a4cc889cb7c,46:04:71:7F:F2:53,NA,-55
1762950698981,0adab909-eb8f-4baf-9eed-7a4cc889cb7c,30:F9:4B:CC:17:63,Arzt 1,-87
1762950698996,0adab909-eb8f-4baf-9eed-7a4cc889cb7c,30:F9:4B:CC:2E:85,Wartezimmer,-69
1762950699334,0adab909-eb8f-4baf-9eed-7a4cc889cb7c,75:C4:FA:C7:45:B0,NA,-71
1762950699353,0adab909-eb8f-4baf-9eed-7a4cc889cb7c,30:F9:4B:CB:47:2C,Arzt 2,-83
1762950699696,0adab909-eb8f-4baf-9eed-7a4cc889cb7c,67:A4:67:BB:14:B1,NA,-78
1762950699992,0adab909-eb8f-4baf-9eed-7a4cc889cb7c,77:5E:0C:20:7F:ED,NA,-88
1762950700291,0adab909-eb8f-4baf-9eed-7a4cc889cb7c,70:8A:54:81:26:57,NA,-81
1762950701240,0adab909-eb8f-4baf-9eed-7a4cc889cb7c,30:F9:4B:CB:47:FB,Anmeldung,-89
1762950704150,0adab909-eb8f-4baf-9eed-7a4cc889cb7c,54:D2:72:EE:5E:84,Nuki_1EEE5E84,-73
1762950704819,0adab909-eb8f-4baf-9eed-7a4cc889cb7c,00:1A:22:12:2E:C1,CC-RT-BLE,-84
1762950704837,0adab909-eb8f-4baf-9eed-7a4cc889cb7c,00:A8:59:EA:A6:4A,NA,-100
1762950704940,0adab909-eb8f-4baf-9eed-7a4cc889cb7c,58:9E:C6:05:81:A4,elmeg D131,-96
1762950706692,0adab909-eb8f-4baf-9eed-7a4cc889cb7c,30:F9:4B:CB:48:1A,Zimmer 3,-88
1762950712702,0adab909-eb8f-4baf-9eed-7a4cc889cb7c,00:A8:59:EA:A6:4A,GEQUDIO GX5+,-100
1762951302112,0adab909-eb8f-4baf-9eed-7a4cc889cb7c,57:14:66:BA:97:05,NA,-54
1762951302132,0adab909-eb8f-4baf-9eed-7a4cc889cb7c,46:04:71:7F:F2:53,NA,-63
1762951302167,0adab909-eb8f-4baf-9eed-7a4cc889cb7c,6F:BA:3D:05:74:2C,NA,-54
1762951302475,0adab909-eb8f-4baf-9eed-7a4cc889cb7c,30:F9:4B:CC:2E:85,Wartezimmer,-88
1762951303091,0adab909-eb8f-4baf-9eed-7a4cc889cb7c,54:D2:72:EE:5E:84,Nuki_1EEE5E84,-82
1762951303127,0adab909-eb8f-4baf-9eed-7a4cc889cb7c,30:F9:4B:CB:47:FB,Anmeldung,-89
1762951304419,0adab909-eb8f-4baf-9eed-7a4cc889cb7c,4C:3C:10:E1:BB:36,NA,-55
1762951305402,0adab909-eb8f-4baf-9eed-7a4cc889cb7c,30:F9:4B:CB:47:2C,Arzt 2,-88
1762951305721,0adab909-eb8f-4baf-9eed-7a4cc889cb7c,6F:5E:4E:9E:15:C8,NA,-82
1762951305986,0adab909-eb8f-4baf-9eed-7a4cc889cb7c,75:C4:FA:C7:45:B0,NA,-75
1762951307950,0adab909-eb8f-4baf-9eed-7a4cc889cb7c,00:1A:22:12:2E:C1,CC-RT-BLE,-87
1762951309229,0adab909-eb8f-4baf-9eed-7a4cc889cb7c,00:A8:59:EA:A6:4A,GEQUDIO GX5+,-100
1762951309825,0adab909-eb8f-4baf-9eed-7a4cc889cb7c,70:8A:54:81:26:57,NA,-89
1762951877707,0adab909-eb8f-4baf-9eed-7a4cc889cb7c,30:F9:4B:CC:2E:85,Wartezimmer,-78
1762951877724,0adab909-eb8f-4baf-9eed-7a4cc889cb7c,46:04:71:7F:F2:53,NA,-58
1762951877736,0adab909-eb8f-4baf-9eed-7a4cc889cb7c,55:04:C7:8F:F2:DF,NA,-56
1762951878086,0adab909-eb8f-4baf-9eed-7a4cc889cb7c,6E:FA:5C:06:D9:CA,NA,-68
1762951878692,0adab909-eb8f-4baf-9eed-7a4cc889cb7c,59:26:4E:1C:CC:80,NA,-54
1762951878713,0adab909-eb8f-4baf-9eed-7a4cc889cb7c,6D:28:7D:48:8F:05,NA,-92
1762951878726,0adab909-eb8f-4baf-9eed-7a4cc889cb7c,30:F9:4B:CB:47:FB,Anmeldung,-88
1762951879065,0adab909-eb8f-4baf-9eed-7a4cc889cb7c,4F:51:7A:DB:A2:3D,NA,-75
1762951881929,0adab909-eb8f-4baf-9eed-7a4cc889cb7c,6F:5E:4E:9E:15:C8,NA,-83
1762951888024,0adab909-eb8f-4baf-9eed-7a4cc889cb7c,54:D2:72:EE:5E:84,Nuki_1EEE5E84,-79
1762952478070,0adab909-eb8f-4baf-9eed-7a4cc889cb7c,6E:FA:5C:06:D9:CA,NA,-57
1762952478093,0adab909-eb8f-4baf-9eed-7a4cc889cb7c,55:04:C7:8F:F2:DF,NA,-61
1762952478112,0adab909-eb8f-4baf-9eed-7a4cc889cb7c,4F:51:7A:DB:A2:3D,NA,-71
1762952478145,0adab909-eb8f-4baf-9eed-7a4cc889cb7c,59:26:4E:1C:CC:80,NA,-57
1762952478170,0adab909-eb8f-4baf-9eed-7a4cc889cb7c,30:F9:4B:CC:2E:85,Wartezimmer,-73
1762952478214,0adab909-eb8f-4baf-9eed-7a4cc889cb7c,71:19:D1:ED:F0:66,NA,-61
1762952480312,0adab909-eb8f-4baf-9eed-7a4cc889cb7c,6F:5E:4E:9E:15:C8,NA,-82
1762952480646,0adab909-eb8f-4baf-9eed-7a4cc889cb7c,30:F9:4B:CB:47:FB,Anmeldung,-90
1762952487980,0adab909-eb8f-4baf-9eed-7a4cc889cb7c,54:D2:72:EE:5E:84,Nuki_1EEE5E84,-73
1762953201171,0adab909-eb8f-4baf-9eed-7a4cc889cb7c,4F:51:7A:DB:A2:3D,NA,-85
1762953201187,0adab909-eb8f-4baf-9eed-7a4cc889cb7c,30:F9:4B:CC:2E:85,Wartezimmer,-80
1762953201530,0adab909-eb8f-4baf-9eed-7a4cc889cb7c,79:FA:9E:E4:F7:A8,NA,-60
1762953201591,0adab909-eb8f-4baf-9eed-7a4cc889cb7c,7D:0A:76:29:CB:D6,NA,-83
1762953201873,0adab909-eb8f-4baf-9eed-7a4cc889cb7c,71:19:D1:ED:F0:66,NA,-61
1762953201898,0adab909-eb8f-4baf-9eed-7a4cc889cb7c,7F:9D:DD:E9:50:AD,NA,-58
1762953202152,0adab909-eb8f-4baf-9eed-7a4cc889cb7c,6F:74:ED:E5:AC:D9,NA,-93
1762953202169,0adab909-eb8f-4baf-9eed-7a4cc889cb7c,30:F9:4B:CB:47:2C,Arzt 2,-90
1762953202478,0adab909-eb8f-4baf-9eed-7a4cc889cb7c,63:B6:59:E8:AB:3C,NA,-55
1762953203130,0adab909-eb8f-4baf-9eed-7a4cc889cb7c,54:D2:72:EE:5E:84,Nuki_1EEE5E84,-79
1762953203539,0adab909-eb8f-4baf-9eed-7a4cc889cb7c,00:A8:59:EA:A6:4A,GEQUDIO GX5+,-100
1762953203776,0adab909-eb8f-4baf-9eed-7a4cc889cb7c,30:F9:4B:CB:47:FB,Anmeldung,-88
1762953212083,0adab909-eb8f-4baf-9eed-7a4cc889cb7c,30:F9:4B:CC:17:63,Arzt 1,-95
1762953802417,0adab909-eb8f-4baf-9eed-7a4cc889cb7c,30:F9:4B:CC:2E:85,Wartezimmer,-81
1762953802605,0adab909-eb8f-4baf-9eed-7a4cc889cb7c,68:92:12:2B:E3:6B,NA,-56
1762953802650,0adab909-eb8f-4baf-9eed-7a4cc889cb7c,64:2E:CD:36:77:4C,NA,-79
1762953802708,0adab909-eb8f-4baf-9eed-7a4cc889cb7c,69:67:0F:3D:AE:24,NA,-70
1762953802740,0adab909-eb8f-4baf-9eed-7a4cc889cb7c,30:F9:4B:CB:47:FB,Anmeldung,-94
1762953802772,0adab909-eb8f-4baf-9eed-7a4cc889cb7c,30:F9:4B:CB:47:2C,Arzt 2,-88
1762953802909,0adab909-eb8f-4baf-9eed-7a4cc889cb7c,57:1A:6C:ED:69:16,NA,-54
1762953803539,0adab909-eb8f-4baf-9eed-7a4cc889cb7c,57:FE:FE:EE:54:4C,NA,-55
1762953804791,0adab909-eb8f-4baf-9eed-7a4cc889cb7c,55:C6:84:DB:42:7A,NA,-91
1762953805153,0adab909-eb8f-4baf-9eed-7a4cc889cb7c,54:D2:72:EE:5E:84,Nuki_1EEE5E84,-73
1762953805457,0adab909-eb8f-4baf-9eed-7a4cc889cb7c,30:F9:4B:CC:17:63,Arzt 1,-93
1762953809057,0adab909-eb8f-4baf-9eed-7a4cc889cb7c,7D:0A:76:29:CB:D6,NA,-80
1762954401392,0adab909-eb8f-4baf-9eed-7a4cc889cb7c,6A:A6:6F:A1:30:8E,NA,-77
1762954401406,0adab909-eb8f-4baf-9eed-7a4cc889cb7c,69:67:0F:3D:AE:24,NA,-59
1762954401417,0adab909-eb8f-4baf-9eed-7a4cc889cb7c,30:F9:4B:CC:2E:85,Wartezimmer,-79
1762954401428,0adab909-eb8f-4baf-9eed-7a4cc889cb7c,68:92:12:2B:E3:6B,NA,-58
1762954401532,0adab909-eb8f-4baf-9eed-7a4cc889cb7c,57:FE:FE:EE:54:4C,NA,-59
1762954401900,0adab909-eb8f-4baf-9eed-7a4cc889cb7c,64:2E:CD:36:77:4C,NA,-81
1762954402224,0adab909-eb8f-4baf-9eed-7a4cc889cb7c,57:1A:6C:ED:69:16,NA,-63
1762954403254,0adab909-eb8f-4baf-9eed-7a4cc889cb7c,30:F9:4B:CB:47:FB,Anmeldung,-90
1762954407371,0adab909-eb8f-4baf-9eed-7a4cc889cb7c,30:F9:4B:CB:47:2C,Arzt 2,-91
1762954410208,0adab909-eb8f-4baf-9eed-7a4cc889cb7c,54:D2:72:EE:5E:84,Nuki_1EEE5E84,-82
1762954410239,0adab909-eb8f-4baf-9eed-7a4cc889cb7c,30:F9:4B:CC:17:63,Arzt 1,-95
1762954412224,0adab909-eb8f-4baf-9eed-7a4cc889cb7c,00:A8:59:EA:A6:4A,GEQUDIO GX5+,-100
1762955071304,0adab909-eb8f-4baf-9eed-7a4cc889cb7c,59:ED:40:14:F5:16,NA,-58
1762955071319,0adab909-eb8f-4baf-9eed-7a4cc889cb7c,30:F9:4B:CB:47:2C,Arzt 2,-88
1762955071335,0adab909-eb8f-4baf-9eed-7a4cc889cb7c,6F:D5:D8:24:A0:5E,NA,-58
1762955071348,0adab909-eb8f-4baf-9eed-7a4cc889cb7c,4A:D2:BA:40:E8:68,NA,-61
1762955071360,0adab909-eb8f-4baf-9eed-7a4cc889cb7c,30:F9:4B:CC:2E:85,Wartezimmer,-76
1762955071493,0adab909-eb8f-4baf-9eed-7a4cc889cb7c,6A:A6:6F:A1:30:8E,NA,-87
1762955072011,0adab909-eb8f-4baf-9eed-7a4cc889cb7c,00:A8:59:EA:A6:4A,GEQUDIO GX5+,-100
1762955072470,0adab909-eb8f-4baf-9eed-7a4cc889cb7c,63:7E:DC:B2:3F:74,NA,-73
1762955072490,0adab909-eb8f-4baf-9eed-7a4cc889cb7c,30:F9:4B:CB:47:FB,Anmeldung,-90
1762955072504,0adab909-eb8f-4baf-9eed-7a4cc889cb7c,46:B5:82:68:BA:7C,NA,-60
1762955671356,0adab909-eb8f-4baf-9eed-7a4cc889cb7c,4A:D2:BA:40:E8:68,NA,-62
1762955671370,0adab909-eb8f-4baf-9eed-7a4cc889cb7c,30:F9:4B:CC:2E:85,Wartezimmer,-82
1762955671443,0adab909-eb8f-4baf-9eed-7a4cc889cb7c,59:ED:40:14:F5:16,NA,-63
1762955671466,0adab909-eb8f-4baf-9eed-7a4cc889cb7c,46:B5:82:68:BA:7C,NA,-76
1762955671504,0adab909-eb8f-4baf-9eed-7a4cc889cb7c,6F:D5:D8:24:A0:5E,NA,-63
1762955671864,0adab909-eb8f-4baf-9eed-7a4cc889cb7c,78:F9:A5:48:6A:96,NA,-87
1762955672439,0adab909-eb8f-4baf-9eed-7a4cc889cb7c,30:F9:4B:CB:47:2C,Arzt 2,-86
1762955673138,0adab909-eb8f-4baf-9eed-7a4cc889cb7c,63:7E:DC:B2:3F:74,NA,-79
1762955673418,0adab909-eb8f-4baf-9eed-7a4cc889cb7c,30:F9:4B:CB:47:FB,Anmeldung,-88
1762955674389,0adab909-eb8f-4baf-9eed-7a4cc889cb7c,30:F9:4B:CC:17:63,Arzt 1,-89
1762955676374,0adab909-eb8f-4baf-9eed-7a4cc889cb7c,00:A8:59:EA:A6:4A,GEQUDIO GX5+,-100
1762955676937,0adab909-eb8f-4baf-9eed-7a4cc889cb7c,54:D2:72:EE:5E:84,Nuki_1EEE5E84,-82
1762956271297,0adab909-eb8f-4baf-9eed-7a4cc889cb7c,4A:06:AB:D0:B4:2D,NA,-60
1762956271470,0adab909-eb8f-4baf-9eed-7a4cc889cb7c,62:08:1A:4F:4A:06,NA,-60
1762956271486,0adab909-eb8f-4baf-9eed-7a4cc889cb7c,45:D3:19:FD:DF:F4,NA,-83
1762956271812,0adab909-eb8f-4baf-9eed-7a4cc889cb7c,78:F9:A5:48:6A:96,NA,-81
1762956271828,0adab909-eb8f-4baf-9eed-7a4cc889cb7c,53:9E:3B:21:AE:FC,NA,-66
1762956272142,0adab909-eb8f-4baf-9eed-7a4cc889cb7c,30:F9:4B:CC:2E:85,Wartezimmer,-82
1762956272763,0adab909-eb8f-4baf-9eed-7a4cc889cb7c,67:51:B4:B3:FE:0F,NA,-60
1762956273022,0adab909-eb8f-4baf-9eed-7a4cc889cb7c,00:A8:59:EA:A6:4A,GEQUDIO GX5+,-100
1762956276993,0adab909-eb8f-4baf-9eed-7a4cc889cb7c,30:F9:4B:CC:17:63,Arzt 1,-94
1762956279213,0adab909-eb8f-4baf-9eed-7a4cc889cb7c,30:F9:4B:CB:47:2C,Arzt 2,-94
1762956283010,0adab909-eb8f-4baf-9eed-7a4cc889cb7c,54:D2:72:EE:5E:84,Nuki_1EEE5E84,-82
1762956700635,0adab909-eb8f-4baf-9eed-7a4cc889cb7c,62:08:1A:4F:4A:06,NA,-71
1762956700649,0adab909-eb8f-4baf-9eed-7a4cc889cb7c,53:9E:3B:21:AE:FC,NA,-76
1762956700910,0adab909-eb8f-4baf-9eed-7a4cc889cb7c,45:D3:19:FD:DF:F4,NA,-76
1762956700944,0adab909-eb8f-4baf-9eed-7a4cc889cb7c,30:F9:4B:CC:2E:85,Wartezimmer,-84
1762956700959,0adab909-eb8f-4baf-9eed-7a4cc889cb7c,30:F9:4B:CB:47:2C,Arzt 2,-90
1762956700997,0adab909-eb8f-4baf-9eed-7a4cc889cb7c,4A:06:AB:D0:B4:2D,NA,-64
1762956702220,0adab909-eb8f-4baf-9eed-7a4cc889cb7c,61:A8:FE:68:E9:B3,NA,-85
1762956702510,0adab909-eb8f-4baf-9eed-7a4cc889cb7c,67:51:B4:B3:FE:0F,NA,-58
1762956705421,0adab909-eb8f-4baf-9eed-7a4cc889cb7c,30:F9:4B:CB:47:FB,Anmeldung,-90
1762957531052,0adab909-eb8f-4baf-9eed-7a4cc889cb7c,30:F9:4B:CB:47:2C,Arzt 2,-92
1762957531346,0adab909-eb8f-4baf-9eed-7a4cc889cb7c,7F:30:A8:43:A0:91,NA,-78
1762957531363,0adab909-eb8f-4baf-9eed-7a4cc889cb7c,30:F9:4B:CC:2E:85,Wartezimmer,-76
1762957531374,0adab909-eb8f-4baf-9eed-7a4cc889cb7c,41:96:F1:C8:47:F2,NA,-66
1762957531437,0adab909-eb8f-4baf-9eed-7a4cc889cb7c,6A:CB:11:B8:21:CA,NA,-62
1762957531671,0adab909-eb8f-4baf-9eed-7a4cc889cb7c,5E:77:88:E2:28:03,NA,127
1762957532363,0adab909-eb8f-4baf-9eed-7a4cc889cb7c,30:F9:4B:CB:47:FB,Anmeldung,-86
1762957532664,0adab909-eb8f-4baf-9eed-7a4cc889cb7c,66:DB:05:88:88:75,NA,-71
1762957533113,0adab909-eb8f-4baf-9eed-7a4cc889cb7c,58:9E:C6:05:81:A4,elmeg D131,-100
1762957533949,0adab909-eb8f-4baf-9eed-7a4cc889cb7c,54:89:BE:69:3A:F1,NA,-93
1762957534628,0adab909-eb8f-4baf-9eed-7a4cc889cb7c,61:A8:FE:68:E9:B3,NA,-76
1762957537199,0adab909-eb8f-4baf-9eed-7a4cc889cb7c,00:A8:59:EA:A6:4A,GEQUDIO GX5+,-100
1762957537508,0adab909-eb8f-4baf-9eed-7a4cc889cb7c,54:D2:72:EE:5E:84,Nuki_1EEE5E84,-81
1762958133703,0adab909-eb8f-4baf-9eed-7a4cc889cb7c,65:AF:89:DE:52:A5,NA,-69
1762958133777,0adab909-eb8f-4baf-9eed-7a4cc889cb7c,65:5A:C4:72:F6:AD,NA,-69
1762958133869,0adab909-eb8f-4baf-9eed-7a4cc889cb7c,42:7A:35:2A:71:41,NA,-84
1762958133945,0adab909-eb8f-4baf-9eed-7a4cc889cb7c,30:F9:4B:CC:2E:85,Wartezimmer,-81
1762958134056,0adab909-eb8f-4baf-9eed-7a4cc889cb7c,46:02:D6:5E:10:F5,NA,-72
1762958134439,0adab909-eb8f-4baf-9eed-7a4cc889cb7c,66:DB:05:88:88:75,NA,-66
1762958135280,0adab909-eb8f-4baf-9eed-7a4cc889cb7c,30:F9:4B:CB:47:2C,Arzt 2,-89
1762958136912,0adab909-eb8f-4baf-9eed-7a4cc889cb7c,7F:30:A8:43:A0:91,NA,-83
1762958137670,0adab909-eb8f-4baf-9eed-7a4cc889cb7c,00:A8:59:EA:A6:4A,GEQUDIO GX5+,-100
1762958142957,0adab909-eb8f-4baf-9eed-7a4cc889cb7c,30:F9:4B:CB:47:FB,Anmeldung,-92
1762958571520,0adab909-eb8f-4baf-9eed-7a4cc889cb7c,30:F9:4B:CC:2E:85,Wartezimmer,-76
1762958571552,0adab909-eb8f-4baf-9eed-7a4cc889cb7c,44:5B:1A:C4:DF:36,NA,-78
1762958571760,0adab909-eb8f-4baf-9eed-7a4cc889cb7c,66:DB:05:88:88:75,NA,-60
1762958571832,0adab909-eb8f-4baf-9eed-7a4cc889cb7c,6A:64:3E:DD:A7:5B,NA,-56
1762958572044,0adab909-eb8f-4baf-9eed-7a4cc889cb7c,30:F9:4B:CB:47:FB,Anmeldung,-86
1762958572500,0adab909-eb8f-4baf-9eed-7a4cc889cb7c,75:76:85:E9:E5:D1,NA,-57
1762958572520,0adab909-eb8f-4baf-9eed-7a4cc889cb7c,4B:6C:E4:2A:2C:F5,NA,-56
1762958572538,0adab909-eb8f-4baf-9eed-7a4cc889cb7c,30:F9:4B:CB:47:2C,Arzt 2,-87
1762958572554,0adab909-eb8f-4baf-9eed-7a4cc889cb7c,42:7A:35:2A:71:41,NA,-84
1762958572575,0adab909-eb8f-4baf-9eed-7a4cc889cb7c,00:1A:22:12:2E:C1,CC-RT-BLE,-87
1762958572914,0adab909-eb8f-4baf-9eed-7a4cc889cb7c,54:D2:72:EE:5E:84,Nuki_1EEE5E84,-77
1762958574537,0adab909-eb8f-4baf-9eed-7a4cc889cb7c,73:0A:A1:14:70:99,NA,-86
1762958577776,0adab909-eb8f-4baf-9eed-7a4cc889cb7c,30:F9:4B:CC:17:63,Arzt 1,-93
1762958582283,0adab909-eb8f-4baf-9eed-7a4cc889cb7c,00:A8:59:EA:A6:4A,GEQUDIO GX5+,-100
1762959102568,0adab909-eb8f-4baf-9eed-7a4cc889cb7c,30:F9:4B:CC:2E:85,Wartezimmer,-90
1762959102606,0adab909-eb8f-4baf-9eed-7a4cc889cb7c,47:FA:39:6E:E7:A9,NA,-61
1762959103252,0adab909-eb8f-4baf-9eed-7a4cc889cb7c,4B:6C:E4:2A:2C:F5,NA,-54
1762959103619,0adab909-eb8f-4baf-9eed-7a4cc889cb7c,6A:64:3E:DD:A7:5B,NA,-71
1762959103700,0adab909-eb8f-4baf-9eed-7a4cc889cb7c,75:76:85:E9:E5:D1,NA,-67
1762959104267,0adab909-eb8f-4baf-9eed-7a4cc889cb7c,42:7A:35:2A:71:41,NA,-79
1762959104324,0adab909-eb8f-4baf-9eed-7a4cc889cb7c,54:D2:72:EE:5E:84,Nuki_1EEE5E84,-84
1762959105544,0adab909-eb8f-4baf-9eed-7a4cc889cb7c,44:5B:1A:C4:DF:36,NA,-79
1762959109720,0adab909-eb8f-4baf-9eed-7a4cc889cb7c,64:56:55:5B:8F:81,NA,-96
1762959112875,0adab909-eb8f-4baf-9eed-7a4cc889cb7c,30:F9:4B:CB:47:2C,Arzt 2,-90
1762959702583,0adab909-eb8f-4baf-9eed-7a4cc889cb7c,30:F9:4B:CC:2E:85,Wartezimmer,-84
1762959702598,0adab909-eb8f-4baf-9eed-7a4cc889cb7c,6A:C7:1B:BB:7A:BF,NA,-61
1762959702616,0adab909-eb8f-4baf-9eed-7a4cc889cb7c,47:FA:39:6E:E7:A9,NA,-63
1762959702953,0adab909-eb8f-4baf-9eed-7a4cc889cb7c,7D:66:FF:77:45:E3,NA,-56
1762959703298,0adab909-eb8f-4baf-9eed-7a4cc889cb7c,7A:E1:43:45:83:62,NA,-55
1762959703612,0adab909-eb8f-4baf-9eed-7a4cc889cb7c,4F:BB:14:E9:41:BD,NA,-85
1762959706237,0adab909-eb8f-4baf-9eed-7a4cc889cb7c,44:5B:1A:C4:DF:36,NA,-82
1762959710331,0adab909-eb8f-4baf-9eed-7a4cc889cb7c,54:D2:72:EE:5E:84,Nuki_1EEE5E84,-79
1762960289953,0adab909-eb8f-4baf-9eed-7a4cc889cb7c,65:C2:1C:18:92:21,NA,-73
1762960290001,0adab909-eb8f-4baf-9eed-7a4cc889cb7c,63:D6:45:59:45:96,NA,-86
1762960290123,0adab909-eb8f-4baf-9eed-7a4cc889cb7c,5D:CB:99:74:9D:18,NA,-91
1762960290140,0adab909-eb8f-4baf-9eed-7a4cc889cb7c,73:0F:03:A3:1B:0A,NA,-89
1762960290194,0adab909-eb8f-4baf-9eed-7a4cc889cb7c,A0:D7:F3:1E:47:CB,[TV] Samsung AU7199 65 TV,-94
1762960290330,0adab909-eb8f-4baf-9eed-7a4cc889cb7c,61:EF:20:B9:B7:50,NA,-80
1762960290352,0adab909-eb8f-4baf-9eed-7a4cc889cb7c,E4:65:B8:C8:A0:1E,IPSTube_C8A01E,-90
1762960290370,0adab909-eb8f-4baf-9eed-7a4cc889cb7c,60:C0:5E:C8:8E:B3,NA,-88
1762960290381,0adab909-eb8f-4baf-9eed-7a4cc889cb7c,76:C1:B2:D8:95:32,NA,-93
1762960290394,0adab909-eb8f-4baf-9eed-7a4cc889cb7c,B0:10:A0:32:04:7A,Safc0a927908b8219C,-69
1762960290408,0adab909-eb8f-4baf-9eed-7a4cc889cb7c,51:30:FB:67:40:69,NA,-87
1762960290602,0adab909-eb8f-4baf-9eed-7a4cc889cb7c,6D:67:FA:0F:58:00,NA,-84
1762960290634,0adab909-eb8f-4baf-9eed-7a4cc889cb7c,30:B0:44:B2:31:F2,NA,-78
1762960290657,0adab909-eb8f-4baf-9eed-7a4cc889cb7c,64:78:AE:C1:D5:C3,NA,-85
1762960290678,0adab909-eb8f-4baf-9eed-7a4cc889cb7c,F0:A8:82:3B:1B:B4,smartBox-88D2,-100
1762960291006,0adab909-eb8f-4baf-9eed-7a4cc889cb7c,50:05:B2:EE:72:DB,NA,-79
1762960291030,0adab909-eb8f-4baf-9eed-7a4cc889cb7c,16:24:B3:66:07:D8,NA,-76
1762960291273,0adab909-eb8f-4baf-9eed-7a4cc889cb7c,4C:78:E0:13:84:D8,NA,-90
1762960291296,0adab909-eb8f-4baf-9eed-7a4cc889cb7c,59:4D:69:DC:CB:4C,NA,-90
1762960291328,0adab909-eb8f-4baf-9eed-7a4cc889cb7c,0D:28:89:CE:09:1A,NA,-90
1762960291359,0adab909-eb8f-4baf-9eed-7a4cc889cb7c,74:F8:15:0E:D2:42,NA,-82
1762960291376,0adab909-eb8f-4baf-9eed-7a4cc889cb7c,6D:DB:99:B3:55:2A,NA,-81
1762960291564,0adab909-eb8f-4baf-9eed-7a4cc889cb7c,49:B6:DD:A1:53:70,NA,-88
1762960291610,0adab909-eb8f-4baf-9eed-7a4cc889cb7c,3B:8F:8C:DE:EC:6B,NA,-89
1762960292236,0adab909-eb8f-4baf-9eed-7a4cc889cb7c,68:2C:51:7E:D7:F9,NA,-85
1762960292545,0adab909-eb8f-4baf-9eed-7a4cc889cb7c,65:52:50:11:D3:0E,NA,-79
1762960292566,0adab909-eb8f-4baf-9eed-7a4cc889cb7c,7B:99:66:6C:58:3C,NA,-83
1762960292582,0adab909-eb8f-4baf-9eed-7a4cc889cb7c,44:E7:60:A7:E4:3A,NA,-84
1762960292603,0adab909-eb8f-4baf-9eed-7a4cc889cb7c,65:56:EF:1F:20:32,NA,-82
1762960292622,0adab909-eb8f-4baf-9eed-7a4cc889cb7c,34:DF:FA:83:CE:E8,NA,-83
1762960292640,0adab909-eb8f-4baf-9eed-7a4cc889cb7c,64:8C:14:8B:46:4B,NA,-85
1762960292831,0adab909-eb8f-4baf-9eed-7a4cc889cb7c,51:6A:A7:08:D0:A2,NA,-86
1762960292865,0adab909-eb8f-4baf-9eed-7a4cc889cb7c,68:DF:8E:1E:4B:B3,NA,-80
1762960292894,0adab909-eb8f-4baf-9eed-7a4cc889cb7c,4C:04:0C:E6:F1:F5,NA,-86
1762960292919,0adab909-eb8f-4baf-9eed-7a4cc889cb7c,41:1A:21:E1:70:86,NA,-88
1762960292960,0adab909-eb8f-4baf-9eed-7a4cc889cb7c,4F:43:F9:94:3C:9E,NA,-82
1762960293002,0adab909-eb8f-4baf-9eed-7a4cc889cb7c,46:66:1C:91:02:CE,NA,-82
1762960293201,0adab909-eb8f-4baf-9eed-7a4cc889cb7c,41:35:59:12:4A:3A,NA,-70
1762960293285,0adab909-eb8f-4baf-9eed-7a4cc889cb7c,00:87:23:99:8D:23,BT-8D23,-90
1762960293836,0adab909-eb8f-4baf-9eed-7a4cc889cb7c,67:67:30:49:59:C0,NA,-88
1762960294112,0adab909-eb8f-4baf-9eed-7a4cc889cb7c,2C:DC:AD:54:66:15,NA,-97
1762960294456,0adab909-eb8f-4baf-9eed-7a4cc889cb7c,60:80:27:01:85:18,NA,-85
1762960294487,0adab909-eb8f-4baf-9eed-7a4cc889cb7c,B4:C2:6A:03:3E:1C,NA,-90
1762960294804,0adab909-eb8f-4baf-9eed-7a4cc889cb7c,42:F4:CC:F2:81:07,NA,-88
1762960294920,0adab909-eb8f-4baf-9eed-7a4cc889cb7c,65:D2:CA:10:59:5E,NA,-91
1762960295445,0adab909-eb8f-4baf-9eed-7a4cc889cb7c,46:38:96:39:AC:5A,NA,-83
1762960295931,0adab909-eb8f-4baf-9eed-7a4cc889cb7c,AC:C3:58:82:B3:0A,BT_PEUGEOT,-92
1762960296099,0adab909-eb8f-4baf-9eed-7a4cc889cb7c,52:D2:AE:44:AD:94,NA,-89
1762960296388,0adab909-eb8f-4baf-9eed-7a4cc889cb7c,40:5D:65:AE:6F:AB,NA,-77
1762960296425,0adab909-eb8f-4baf-9eed-7a4cc889cb7c,6C:DB:45:47:94:7A,NA,-86
1762960297117,0adab909-eb8f-4baf-9eed-7a4cc889cb7c,90:3A:E6:48:01:B3,NA,-100
1762960297760,0adab909-eb8f-4baf-9eed-7a4cc889cb7c,7C:55:63:CF:8A:4C,NA,-91
1762960298464,0adab909-eb8f-4baf-9eed-7a4cc889cb7c,3F:BE:13:13:F6:BE,NA,-86
1762960299317,0adab909-eb8f-4baf-9eed-7a4cc889cb7c,8C:59:DC:F2:87:F4,DOTTS,-91
1762960299339,0adab909-eb8f-4baf-9eed-7a4cc889cb7c,48:18:F2:E7:8B:A5,NA,-91
1762960300004,0adab909-eb8f-4baf-9eed-7a4cc889cb7c,7E:CB:75:AB:69:19,NA,-81
1762960300398,0adab909-eb8f-4baf-9eed-7a4cc889cb7c,54:43:CD:9A:D5:42,NA,-89
1762960300759,0adab909-eb8f-4baf-9eed-7a4cc889cb7c,1B:40:E6:22:8B:9F,NA,-90
1762960300839,0adab909-eb8f-4baf-9eed-7a4cc889cb7c,54:CE:C8:60:10:FC,NA,-91
1762960301438,0adab909-eb8f-4baf-9eed-7a4cc889cb7c,5C:4D:22:D3:1A:63,NA,-80
1762960301801,0adab909-eb8f-4baf-9eed-7a4cc889cb7c,58:C6:85:63:87:3C,NA,-82
1762960302306,0adab909-eb8f-4baf-9eed-7a4cc889cb7c,25:F2:ED:09:4F:09,NA,127
1762960302836,0adab909-eb8f-4baf-9eed-7a4cc889cb7c,76:29:67:82:69:0C,NA,-85
1762960302888,0adab909-eb8f-4baf-9eed-7a4cc889cb7c,65:2C:FF:30:5D:BD,NA,-92
1762960302906,0adab909-eb8f-4baf-9eed-7a4cc889cb7c,4D:11:FB:93:60:69,NA,-80
1762960302979,0adab909-eb8f-4baf-9eed-7a4cc889cb7c,32:13:8B:3C:97:1C,NA,-93
1762960304499,0adab909-eb8f-4baf-9eed-7a4cc889cb7c,2C:DC:AD:54:66:15,Audi MMI 0298,-97
1762960304990,0adab909-eb8f-4baf-9eed-7a4cc889cb7c,90:3A:E6:48:01:B3,AUDI MMI 126,-100
1762960305093,0adab909-eb8f-4baf-9eed-7a4cc889cb7c,E0:6B:FE:5A:DB:A9,Ultra 5CDD,-76
1762960305114,0adab909-eb8f-4baf-9eed-7a4cc889cb7c,67:67:30:49:59:C0,NA,-85
1762960305167,0adab909-eb8f-4baf-9eed-7a4cc889cb7c,41:35:59:12:4A:3A,NA,-72
1762960305187,0adab909-eb8f-4baf-9eed-7a4cc889cb7c,05:29:D7:BB:D9:31,NA,-84
1762960305243,0adab909-eb8f-4baf-9eed-7a4cc889cb7c,77:A5:00:54:21:67,NA,-63
1762960305261,0adab909-eb8f-4baf-9eed-7a4cc889cb7c,2E:94:77:D7:BC:C4,NA,-88
1762960305296,0adab909-eb8f-4baf-9eed-7a4cc889cb7c,2B:05:F6:E1:7B:9C,NA,-81
1762960305327,0adab909-eb8f-4baf-9eed-7a4cc889cb7c,14:06:E3:D9:B5:B8,NA,-91
1762960305364,0adab909-eb8f-4baf-9eed-7a4cc889cb7c,41:1B:EE:90:06:91,NA,-89
1762960305397,0adab909-eb8f-4baf-9eed-7a4cc889cb7c,DD:62:1F:E7:56:30,NA,-89
1762960305416,0adab909-eb8f-4baf-9eed-7a4cc889cb7c,76:C1:B2:D8:95:32,NA,-80
1762960305438,0adab909-eb8f-4baf-9eed-7a4cc889cb7c,6B:13:03:B4:58:B0,NA,-83
1762960305455,0adab909-eb8f-4baf-9eed-7a4cc889cb7c,64:78:AE:C1:D5:C3,NA,-88
1762960305498,0adab909-eb8f-4baf-9eed-7a4cc889cb7c,16:24:B3:66:07:D8,NA,-83
1762960305529,0adab909-eb8f-4baf-9eed-7a4cc889cb7c,46:4F:84:6C:D9:8D,NA,-80
1762960305561,0adab909-eb8f-4baf-9eed-7a4cc889cb7c,40:5D:65:AE:6F:AB,NA,-74
1762960305584,0adab909-eb8f-4baf-9eed-7a4cc889cb7c,51:6A:A7:08:D0:A2,NA,-76
1762960305603,0adab909-eb8f-4baf-9eed-7a4cc889cb7c,30:B0:44:B2:31:F2,NA,-82
1762960305645,0adab909-eb8f-4baf-9eed-7a4cc889cb7c,65:52:50:11:D3:0E,NA,-79
1762960305665,0adab909-eb8f-4baf-9eed-7a4cc889cb7c,F4:4E:FD:9A:40:5A,CH09,-71
1762960305693,0adab909-eb8f-4baf-9eed-7a4cc889cb7c,7B:82:CA:DC:DC:9E,NA,-81
1762960305779,0adab909-eb8f-4baf-9eed-7a4cc889cb7c,42:F4:CC:F2:81:07,NA,-89
1762960305808,0adab909-eb8f-4baf-9eed-7a4cc889cb7c,49:CA:51:0B:3D:AD,NA,-82
1762960306426,0adab909-eb8f-4baf-9eed-7a4cc889cb7c,65:56:EF:1F:20:32,NA,-87
1762960306447,0adab909-eb8f-4baf-9eed-7a4cc889cb7c,2B:2D:4E:FC:D3:6B,NA,-89
1762960306465,0adab909-eb8f-4baf-9eed-7a4cc889cb7c,4C:AE:8A:AB:F5:09,NA,-79
1762960306482,0adab909-eb8f-4baf-9eed-7a4cc889cb7c,34:DF:FA:83:CE:E8,NA,-75
1762960306494,0adab909-eb8f-4baf-9eed-7a4cc889cb7c,C8:A4:7D:81:26:5A,JBL Tune 770NC-LE,-81
1762960306511,0adab909-eb8f-4baf-9eed-7a4cc889cb7c,DE:BD:0B:46:89:FC,NA,-77
1762960306527,0adab909-eb8f-4baf-9eed-7a4cc889cb7c,4E:64:45:BD:AA:C6,NA,-73
1762960306544,0adab909-eb8f-4baf-9eed-7a4cc889cb7c,B0:10:A0:32:04:7A,Safc0a927908b8219C,-79
1762960306558,0adab909-eb8f-4baf-9eed-7a4cc889cb7c,56:07:8F:AC:0D:95,NA,-72
1762960306574,0adab909-eb8f-4baf-9eed-7a4cc889cb7c,44:16:40:58:D1:D6,LE_WH-XB910N,-83
1762960306597,0adab909-eb8f-4baf-9eed-7a4cc889cb7c,DC:71:DD:2F:11:32,NA,-86
1762960306634,0adab909-eb8f-4baf-9eed-7a4cc889cb7c,1B:40:E6:22:8B:9F,NA,-87
1762960306660,0adab909-eb8f-4baf-9eed-7a4cc889cb7c,25:2A:17:09:4B:BE,NA,-91
1762960306679,0adab909-eb8f-4baf-9eed-7a4cc889cb7c,D4:C4:91:7B:FD:A5,NA,-78
1762960306697,0adab909-eb8f-4baf-9eed-7a4cc889cb7c,37:AE:09:02:02:A0,NA,-91
1762960306718,0adab909-eb8f-4baf-9eed-7a4cc889cb7c,8C:59:DC:FF:A5:7B,DOTTS,-87
1762960306748,0adab909-eb8f-4baf-9eed-7a4cc889cb7c,65:C2:1C:18:92:21,NA,-90
1762960306769,0adab909-eb8f-4baf-9eed-7a4cc889cb7c,DC:D3:40:50:14:AA,NA,-86
1762960306785,0adab909-eb8f-4baf-9eed-7a4cc889cb7c,80:47:86:CE:4C:C9,NA,-92
1762960306802,0adab909-eb8f-4baf-9eed-7a4cc889cb7c,41:42:52:E8:AA:F7,NA,-90
1762960306833,0adab909-eb8f-4baf-9eed-7a4cc889cb7c,FE:91:DE:10:FB:EE,� ,-85
1762960307178,0adab909-eb8f-4baf-9eed-7a4cc889cb7c,3F:BE:13:13:F6:BE,NA,-86
1762960307261,0adab909-eb8f-4baf-9eed-7a4cc889cb7c,49:B6:DD:A1:53:70,NA,-91
1762960307300,0adab909-eb8f-4baf-9eed-7a4cc889cb7c,CC:78:5A:78:79:B2,NA,-67
1762960307325,0adab909-eb8f-4baf-9eed-7a4cc889cb7c,31:EF:5E:4A:3E:F5,NA,-85
1762960969035,0adab909-eb8f-4baf-9eed-7a4cc889cb7c,7E:AA:1E:49:B4:B0,NA,-55
1762960969070,0adab909-eb8f-4baf-9eed-7a4cc889cb7c,21:E2:EB:8D:EC:D4,NA,-77
1762960969087,0adab909-eb8f-4baf-9eed-7a4cc889cb7c,43:8F:53:AC:67:33,NA,-50
1762960969105,0adab909-eb8f-4baf-9eed-7a4cc889cb7c,68:23:FE:FB:56:1E,NA,-55
1762960969442,0adab909-eb8f-4baf-9eed-7a4cc889cb7c,CC:D3:1E:76:70:21,WPC323211032054,-78
1762960969711,0adab909-eb8f-4baf-9eed-7a4cc889cb7c,42:AB:C3:A9:FE:1E,NA,-81
1762960970364,0adab909-eb8f-4baf-9eed-7a4cc889cb7c,18:9C:2C:E9:3E:2E,NA,-73
1762960970738,0adab909-eb8f-4baf-9eed-7a4cc889cb7c,9F:DA:07:2B:7F:3A,JLab GO Pop+-BLE,-82
1762960971016,0adab909-eb8f-4baf-9eed-7a4cc889cb7c,77:AC:2D:41:CF:9D,NA,-87
1762960971326,0adab909-eb8f-4baf-9eed-7a4cc889cb7c,79:B9:59:73:70:F1,NA,-73
1762960971357,0adab909-eb8f-4baf-9eed-7a4cc889cb7c,7D:A4:F9:A5:95:29,NA,-87
1762960972262,0adab909-eb8f-4baf-9eed-7a4cc889cb7c,77:8D:AE:80:1E:A1,NA,-83
1762960972315,0adab909-eb8f-4baf-9eed-7a4cc889cb7c,54:77:08:96:6F:22,NA,-93
1762960972966,0adab909-eb8f-4baf-9eed-7a4cc889cb7c,46:0D:CB:40:5F:E0,NA,-87
1762960973584,0adab909-eb8f-4baf-9eed-7a4cc889cb7c,54:A8:52:65:6E:AB,NA,-58
1762960974184,0adab909-eb8f-4baf-9eed-7a4cc889cb7c,76:6C:C1:2C:02:A1,NA,-69
1762960974206,0adab909-eb8f-4baf-9eed-7a4cc889cb7c,71:32:8B:3B:3D:5F,NA,-82
1762960974515,0adab909-eb8f-4baf-9eed-7a4cc889cb7c,BC:25:F0:15:47:61,LF0BC25F0154761070,-89
1762960974536,0adab909-eb8f-4baf-9eed-7a4cc889cb7c,72:83:F2:C9:EF:37,NA,-75
1762960974554,0adab909-eb8f-4baf-9eed-7a4cc889cb7c,76:B7:BB:A7:96:70,NA,-43
1762960975134,0adab909-eb8f-4baf-9eed-7a4cc889cb7c,51:9F:94:63:2B:FF,NA,-81
1762960975159,0adab909-eb8f-4baf-9eed-7a4cc889cb7c,BC:25:F0:15:3F:C9,LF1BC25F0153FC9071,-85
1762960975189,0adab909-eb8f-4baf-9eed-7a4cc889cb7c,5A:56:61:63:E6:08,NA,-85
1762960975822,0adab909-eb8f-4baf-9eed-7a4cc889cb7c,7A:B9:24:1F:B5:5A,NA,-80
1762960976110,0adab909-eb8f-4baf-9eed-7a4cc889cb7c,65:C2:BB:B0:FF:7E,NA,-82
1762960976478,0adab909-eb8f-4baf-9eed-7a4cc889cb7c,55:BB:1A:1A:6A:79,NA,-68
1762960979666,0adab909-eb8f-4baf-9eed-7a4cc889cb7c,79:7A:AD:43:3B:65,NA,-86
1762960979706,0adab909-eb8f-4baf-9eed-7a4cc889cb7c,7C:98:46:DD:7A:F7,NA,-89
1762960979994,0adab909-eb8f-4baf-9eed-7a4cc889cb7c,44:B0:F0:5A:CB:CE,NA,-83
1762960981257,0adab909-eb8f-4baf-9eed-7a4cc889cb7c,50:E1:49:F8:95:56,NA,-88
1762960981876,0adab909-eb8f-4baf-9eed-7a4cc889cb7c,3E:4B:05:BE:62:7A,NA,-61
1762960981905,0adab909-eb8f-4baf-9eed-7a4cc889cb7c,77:8D:AE:80:1E:A1,NA,-88
1762960981932,0adab909-eb8f-4baf-9eed-7a4cc889cb7c,D9:F2:9D:C2:64:1F,b;SAR;153;112;2;741;Betriebsh,-83
1762960981951,0adab909-eb8f-4baf-9eed-7a4cc889cb7c,DA:34:4A:54:51:17,NA,-84
1762960981970,0adab909-eb8f-4baf-9eed-7a4cc889cb7c,78:A1:40:8B:73:80,LE_WH-1000XM5,-52
1762960981989,0adab909-eb8f-4baf-9eed-7a4cc889cb7c,72:83:F2:C9:EF:37,NA,-86
1762960982010,0adab909-eb8f-4baf-9eed-7a4cc889cb7c,FD:D5:B3:F8:CE:E6,b;SAR;600;108;2;741;Matzenber,-72
1762960982032,0adab909-eb8f-4baf-9eed-7a4cc889cb7c,7E:AA:1E:49:B4:B0,NA,-59
1762960982050,0adab909-eb8f-4baf-9eed-7a4cc889cb7c,76:B7:BB:A7:96:70,NA,-53
1762960982069,0adab909-eb8f-4baf-9eed-7a4cc889cb7c,76:6C:C1:2C:02:A1,NA,-63
1762960982089,0adab909-eb8f-4baf-9eed-7a4cc889cb7c,58:F6:1B:E6:9A:0F,NA,-84
1762960982110,0adab909-eb8f-4baf-9eed-7a4cc889cb7c,61:DF:B7:F8:40:85,JBL TUNE BEAM-LE,-60
1762960982130,0adab909-eb8f-4baf-9eed-7a4cc889cb7c,51:9F:94:63:2B:FF,NA,-84
1762960982907,0adab909-eb8f-4baf-9eed-7a4cc889cb7c,68:23:FE:FB:56:1E,NA,-62
1762960982945,0adab909-eb8f-4baf-9eed-7a4cc889cb7c,21:E2:EB:8D:EC:D4,NA,-69
1762960982977,0adab909-eb8f-4baf-9eed-7a4cc889cb7c,54:A8:52:65:6E:AB,NA,-65
1762960983008,0adab909-eb8f-4baf-9eed-7a4cc889cb7c,3B:8A:71:21:74:06,NA,-72
1762960983033,0adab909-eb8f-4baf-9eed-7a4cc889cb7c,6D:44:D7:99:86:A0,NA,-61
1762960983057,0adab909-eb8f-4baf-9eed-7a4cc889cb7c,12:C8:C2:C4:08:43,NA,-52
1762960983077,0adab909-eb8f-4baf-9eed-7a4cc889cb7c,F4:D4:39:FD:2B:19,NA,-78
1762960983097,0adab909-eb8f-4baf-9eed-7a4cc889cb7c,0B:52:01:31:8B:75,NA,-88
1762960983121,0adab909-eb8f-4baf-9eed-7a4cc889cb7c,6F:80:CB:7F:D1:68,NA,-81
1762960983150,0adab909-eb8f-4baf-9eed-7a4cc889cb7c,55:BB:1A:1A:6A:79,NA,-76
1762960983817,0adab909-eb8f-4baf-9eed-7a4cc889cb7c,4B:87:2D:5B:F4:92,NA,-85
1762960983842,0adab909-eb8f-4baf-9eed-7a4cc889cb7c,64:08:70:9E:86:1F,NA,-82
1762960983876,0adab909-eb8f-4baf-9eed-7a4cc889cb7c,55:D6:3E:CB:19:9D,NA,-91
1762960983931,0adab909-eb8f-4baf-9eed-7a4cc889cb7c,BC:25:F0:15:55:99,LF1BC25F0155599072,-93
1762960983950,0adab909-eb8f-4baf-9eed-7a4cc889cb7c,0E:FA:3B:F1:56:C6,NA,-78
1762960983964,0adab909-eb8f-4baf-9eed-7a4cc889cb7c,46:0D:CB:40:5F:E0,NA,-81
1762960983981,0adab909-eb8f-4baf-9eed-7a4cc889cb7c,5C:CE:EB:15:31:30,NA,-87
1762960983998,0adab909-eb8f-4baf-9eed-7a4cc889cb7c,C6:9F:68:20:4E:94,NA,-86
1762960984014,0adab909-eb8f-4baf-9eed-7a4cc889cb7c,77:AC:2D:41:CF:9D,NA,-87
1762960984047,0adab909-eb8f-4baf-9eed-7a4cc889cb7c,ED:C3:70:57:5C:6A,NA,-64
1762960984865,0adab909-eb8f-4baf-9eed-7a4cc889cb7c,69:90:9E:34:06:B7,NA,-66
1762960984887,0adab909-eb8f-4baf-9eed-7a4cc889cb7c,EE:53:C4:4D:69:C6,NA,-86
1762960984916,0adab909-eb8f-4baf-9eed-7a4cc889cb7c,02:80:C9:91:06:8A,NA,-63
1762960984940,0adab909-eb8f-4baf-9eed-7a4cc889cb7c,12:C8:C2:C4:08:43,NA,-58
1762960984959,0adab909-eb8f-4baf-9eed-7a4cc889cb7c,FD:D5:B3:F8:CE:E6,b;SAR;600;108;2;741;Matzenber,-74
1762960984982,0adab909-eb8f-4baf-9eed-7a4cc889cb7c,7A:B9:24:1F:B5:5A,NA,-82
1762960985000,0adab909-eb8f-4baf-9eed-7a4cc889cb7c,7E:70:0C:93:34:DB,NA,-94
1762961548925,0adab909-eb8f-4baf-9eed-7a4cc889cb7c,35:7E:A8:33:DF:0E,NA,-72
1762961548994,0adab909-eb8f-4baf-9eed-7a4cc889cb7c,56:D2:8E:0F:9B:D5,NA,-48
1762961549013,0adab909-eb8f-4baf-9eed-7a4cc889cb7c,7C:D0:F5:78:0B:28,NA,-61
1762961549034,0adab909-eb8f-4baf-9eed-7a4cc889cb7c,4E:F7:99:21:65:B6,NA,-68
1762961549296,0adab909-eb8f-4baf-9eed-7a4cc889cb7c,7B:3D:F7:AB:4F:BD,NA,-64
1762961549329,0adab909-eb8f-4baf-9eed-7a4cc889cb7c,26:D7:86:8A:90:BD,NA,-56
1762961549617,0adab909-eb8f-4baf-9eed-7a4cc889cb7c,75:82:02:4B:5F:45,NA,-79
1762961549663,0adab909-eb8f-4baf-9eed-7a4cc889cb7c,7F:C6:64:72:F8:6C,NA,-87
1762961549692,0adab909-eb8f-4baf-9eed-7a4cc889cb7c,7F:9D:6D:79:F3:46,NA,-58
1762961549715,0adab909-eb8f-4baf-9eed-7a4cc889cb7c,5B:4C:D6:1A:58:BF,NA,-71
1762961549988,0adab909-eb8f-4baf-9eed-7a4cc889cb7c,4A:02:CC:36:78:7B,NA,-54
1762961550535,0adab909-eb8f-4baf-9eed-7a4cc889cb7c,A0:78:17:AD:73:B8,Mohasin’s MacBook Pro,-100
1762961550677,0adab909-eb8f-4baf-9eed-7a4cc889cb7c,54:A8:52:65:6E:AB,NA,-68
1762961551883,0adab909-eb8f-4baf-9eed-7a4cc889cb7c,68:23:FE:FB:56:1E,NA,-61
1762961552884,0adab909-eb8f-4baf-9eed-7a4cc889cb7c,68:E0:85:0A:D3:D2,NA,-75
1762961555451,0adab909-eb8f-4baf-9eed-7a4cc889cb7c,57:C2:6B:B8:4B:01,NA,-90
1762961555988,0adab909-eb8f-4baf-9eed-7a4cc889cb7c,0C:4F:8D:C3:E3:66,NA,-62
1762961558064,0adab909-eb8f-4baf-9eed-7a4cc889cb7c,53:5E:7A:D6:55:F5,NA,-77
1762961558585,0adab909-eb8f-4baf-9eed-7a4cc889cb7c,6F:3C:05:61:17:19,NA,-54
1762961558977,0adab909-eb8f-4baf-9eed-7a4cc889cb7c,62:DA:A8:62:D8:3D,NA,-77
1762961560896,0adab909-eb8f-4baf-9eed-7a4cc889cb7c,5F:2F:81:DD:13:0D,NA,-87
1762961561753,0adab909-eb8f-4baf-9eed-7a4cc889cb7c,4A:7F:70:DA:AE:A3,NA,-94
1762961561779,0adab909-eb8f-4baf-9eed-7a4cc889cb7c,78:A1:40:8B:73:80,LE_WH-1000XM5,-48
1762961561799,0adab909-eb8f-4baf-9eed-7a4cc889cb7c,7F:9D:6D:79:F3:46,NA,-71
1762961561828,0adab909-eb8f-4baf-9eed-7a4cc889cb7c,5B:4C:D6:1A:58:BF,NA,-63
1762961561867,0adab909-eb8f-4baf-9eed-7a4cc889cb7c,0C:4F:8D:C3:E3:66,NA,-56
1762961561887,0adab909-eb8f-4baf-9eed-7a4cc889cb7c,1A:E6:FD:AF:31:FF,NA,-49
1762961561905,0adab909-eb8f-4baf-9eed-7a4cc889cb7c,FA:77:68:83:93:82,b;SAR;555;129;1;344;Rathaus,-71
1762961561923,0adab909-eb8f-4baf-9eed-7a4cc889cb7c,56:D2:8E:0F:9B:D5,NA,-51
1762961561947,0adab909-eb8f-4baf-9eed-7a4cc889cb7c,7C:D0:F5:78:0B:28,NA,-58
1762961561982,0adab909-eb8f-4baf-9eed-7a4cc889cb7c,62:DA:A8:62:D8:3D,NA,-77
1762961562010,0adab909-eb8f-4baf-9eed-7a4cc889cb7c,12:37:A3:9D:C9:8D,NA,-54
1762961562872,0adab909-eb8f-4baf-9eed-7a4cc889cb7c,68:23:FE:FB:56:1E,NA,-47
1762961562913,0adab909-eb8f-4baf-9eed-7a4cc889cb7c,27:EA:1D:A0:A7:00,NA,-85
1762961562941,0adab909-eb8f-4baf-9eed-7a4cc889cb7c,35:7E:A8:33:DF:0E,NA,-81
1762961562961,0adab909-eb8f-4baf-9eed-7a4cc889cb7c,7D:9E:9E:68:23:32,NA,-91
1762961562981,0adab909-eb8f-4baf-9eed-7a4cc889cb7c,6F:EA:3B:0A:3B:39,NA,-71
1762961563020,0adab909-eb8f-4baf-9eed-7a4cc889cb7c,4E:F7:99:21:65:B6,NA,-58
1762961563044,0adab909-eb8f-4baf-9eed-7a4cc889cb7c,68:E0:85:0A:D3:D2,NA,-80
1762961563065,0adab909-eb8f-4baf-9eed-7a4cc889cb7c,28:D9:60:E0:15:0B,NA,-90
1762961563090,0adab909-eb8f-4baf-9eed-7a4cc889cb7c,0B:DC:24:15:F4:C4,NA,-59
1762961563740,0adab909-eb8f-4baf-9eed-7a4cc889cb7c,F2:AD:04:29:0A:49,NA,-68
1762961563770,0adab909-eb8f-4baf-9eed-7a4cc889cb7c,2F:15:1F:F5:BF:0B,NA,-83
1762961563893,0adab909-eb8f-4baf-9eed-7a4cc889cb7c,52:46:87:85:25:A2,NA,-68
1762961563930,0adab909-eb8f-4baf-9eed-7a4cc889cb7c,6F:3C:05:61:17:19,NA,-69
1762961563950,0adab909-eb8f-4baf-9eed-7a4cc889cb7c,75:82:02:4B:5F:45,NA,-78
1762961564664,0adab909-eb8f-4baf-9eed-7a4cc889cb7c,CB:2D:3A:6A:D4:A7,NA,-60
1762961564769,0adab909-eb8f-4baf-9eed-7a4cc889cb7c,6F:3C:05:61:17:19,NA,-59
1762961564797,0adab909-eb8f-4baf-9eed-7a4cc889cb7c,FD:D5:B3:F8:CE:E6,b;SAR;600;108;2;709;Matzenber,-66
1762961564816,0adab909-eb8f-4baf-9eed-7a4cc889cb7c,75:82:02:4B:5F:45,NA,-83
1762961564843,0adab909-eb8f-4baf-9eed-7a4cc889cb7c,6F:EA:3B:0A:3B:39,NA,-71
1762962148421,0adab909-eb8f-4baf-9eed-7a4cc889cb7c,40:58:99:A6:72:5A,NA,-80
1762962148468,0adab909-eb8f-4baf-9eed-7a4cc889cb7c,4E:83:18:F8:51:6C,NA,-89
1762962149099,0adab909-eb8f-4baf-9eed-7a4cc889cb7c,C0:B5:D7:2D:AC:24,NA,-100
1762962149162,0adab909-eb8f-4baf-9eed-7a4cc889cb7c,6E:A9:B9:78:B8:77,NA,-85
1762962149184,0adab909-eb8f-4baf-9eed-7a4cc889cb7c,3D:EC:DF:06:F9:23,NA,-83
1762962149707,0adab909-eb8f-4baf-9eed-7a4cc889cb7c,F0:45:DA:CB:43:05,R-Link,-100
1762962149744,0adab909-eb8f-4baf-9eed-7a4cc889cb7c,7C:D0:F5:78:0B:28,NA,-77
1762962150060,0adab909-eb8f-4baf-9eed-7a4cc889cb7c,59:6C:D7:C0:2F:6F,NA,-91
1762962150711,0adab909-eb8f-4baf-9eed-7a4cc889cb7c,16:77:DB:45:2F:0D,NA,-85
1762962152480,0adab909-eb8f-4baf-9eed-7a4cc889cb7c,18:4F:32:2B:87:5E,KDL-43W809,-100
1762962152677,0adab909-eb8f-4baf-9eed-7a4cc889cb7c,17:2D:A5:4E:7E:44,NA,-77
1762962152693,0adab909-eb8f-4baf-9eed-7a4cc889cb7c,4B:8B:5D:9E:E5:09,NA,-85
1762962152789,0adab909-eb8f-4baf-9eed-7a4cc889cb7c,BC:75:36:06:FB:BE,Skoda BT 3619,-100
1762962152952,0adab909-eb8f-4baf-9eed-7a4cc889cb7c,7F:1C:F2:94:A1:6C,NA,-92
1762962152969,0adab909-eb8f-4baf-9eed-7a4cc889cb7c,58:E0:50:B4:99:17,NA,-94
1762962152980,0adab909-eb8f-4baf-9eed-7a4cc889cb7c,7B:15:FA:82:14:37,NA,-91
1762962153333,0adab909-eb8f-4baf-9eed-7a4cc889cb7c,61:71:FA:9F:7C:0B,NA,-82
1762962153588,0adab909-eb8f-4baf-9eed-7a4cc889cb7c,54:1C:98:26:44:D0,S41 2274 LE,-91
1762962153632,0adab909-eb8f-4baf-9eed-7a4cc889cb7c,3A:BA:97:DC:4F:0D,NA,-82
1762962155497,0adab909-eb8f-4baf-9eed-7a4cc889cb7c,C0:B5:D7:2D:AC:24,KD-43XG8399,-96
1762962155925,0adab909-eb8f-4baf-9eed-7a4cc889cb7c,60:88:C5:C5:43:0C,NA,-90
1762962156240,0adab909-eb8f-4baf-9eed-7a4cc889cb7c,13:56:75:52:D5:2C,NA,-88
1762962157464,0adab909-eb8f-4baf-9eed-7a4cc889cb7c,49:82:D4:A1:EC:F4,NA,-86
1762962160334,0adab909-eb8f-4baf-9eed-7a4cc889cb7c,05:EC:4F:98:93:56,NA,-87
1762962677920,0adab909-eb8f-4baf-9eed-7a4cc889cb7c,57:06:82:D2:18:33,NA,-69
1762963649382,0adab909-eb8f-4baf-9eed-7a4cc889cb7c,4F:76:C3:BE:31:26,NA,-85
1762963660326,0adab909-eb8f-4baf-9eed-7a4cc889cb7c,3B:A0:3D:34:80:7A,NA,-85
1762963660376,0adab909-eb8f-4baf-9eed-7a4cc889cb7c,4F:76:C3:BE:31:26,NA,-83
1762963950077,0adab909-eb8f-4baf-9eed-7a4cc889cb7c,4F:76:C3:BE:31:26,NA,-84
1762963960253,0adab909-eb8f-4baf-9eed-7a4cc889cb7c,84:C8:A0:8B:BD:3D,JBL BAR 800,-78
1762963962391,0adab909-eb8f-4baf-9eed-7a4cc889cb7c,4F:76:C3:BE:31:26,NA,-81
1762964778221,0adab909-eb8f-4baf-9eed-7a4cc889cb7c,6A:AD:55:66:64:7D,NA,-71
1762964787443,0adab909-eb8f-4baf-9eed-7a4cc889cb7c,5B:42:99:90:25:2A,NA,-83
1762965171320,0adab909-eb8f-4baf-9eed-7a4cc889cb7c,5B:42:99:90:25:2A,NA,-86
1762965172075,0adab909-eb8f-4baf-9eed-7a4cc889cb7c,6A:AD:55:66:64:7D,NA,-69
1762965173675,0adab909-eb8f-4baf-9eed-7a4cc889cb7c,74:13:A3:CE:0F:FC,NA,-69
1762965772148,0adab909-eb8f-4baf-9eed-7a4cc889cb7c,64:CF:02:F2:7E:69,NA,-78
1762965776897,0adab909-eb8f-4baf-9eed-7a4cc889cb7c,74:13:A3:CE:0F:FC,NA,-81
1762966491983,0adab909-eb8f-4baf-9eed-7a4cc889cb7c,64:CF:02:F2:7E:69,NA,-62
1762966492305,0adab909-eb8f-4baf-9eed-7a4cc889cb7c,6D:C1:7E:85:93:C0,NA,-75
1762966498372,0adab909-eb8f-4baf-9eed-7a4cc889cb7c,54:67:42:49:DF:4D,NA,-69
1762966503831,0adab909-eb8f-4baf-9eed-7a4cc889cb7c,FD:5D:C5:45:01:64,NA,-79
1762966503882,0adab909-eb8f-4baf-9eed-7a4cc889cb7c,6D:C1:7E:85:93:C0,NA,-74
1762966504886,0adab909-eb8f-4baf-9eed-7a4cc889cb7c,64:CF:02:F2:7E:69,NA,-75
1762966902570,0adab909-eb8f-4baf-9eed-7a4cc889cb7c,6D:C1:7E:85:93:C0,NA,-81
1762966903143,0adab909-eb8f-4baf-9eed-7a4cc889cb7c,7A:FD:D0:08:3D:14,NA,-84
1762966905054,0adab909-eb8f-4baf-9eed-7a4cc889cb7c,64:CF:02:F2:7E:69,NA,-73
1762967691898,0adab909-eb8f-4baf-9eed-7a4cc889cb7c,7F:F0:C3:CB:E8:08,NA,-69
1762967692835,0adab909-eb8f-4baf-9eed-7a4cc889cb7c,68:7C:A3:40:20:DB,NA,-81
1762967723720,0adab909-eb8f-4baf-9eed-7a4cc889cb7c,84:C8:A0:8B:BD:3D,JBL BAR 800,-78
1762967723751,0adab909-eb8f-4baf-9eed-7a4cc889cb7c,68:7C:A3:40:20:DB,NA,-78
1762967724613,0adab909-eb8f-4baf-9eed-7a4cc889cb7c,7F:F0:C3:CB:E8:08,NA,-69
1762968088550,0adab909-eb8f-4baf-9eed-7a4cc889cb7c,68:7C:A3:40:20:DB,NA,-79
1762968092022,0adab909-eb8f-4baf-9eed-7a4cc889cb7c,62:12:83:B8:25:CF,NA,-86
1762968095832,0adab909-eb8f-4baf-9eed-7a4cc889cb7c,7F:F0:C3:CB:E8:08,NA,-64
1762968100636,0adab909-eb8f-4baf-9eed-7a4cc889cb7c,68:7C:A3:40:20:DB,NA,-70
1762968100721,0adab909-eb8f-4baf-9eed-7a4cc889cb7c,84:C8:A0:8B:BD:3D,JBL BAR 800,-72
1762968100779,0adab909-eb8f-4baf-9eed-7a4cc889cb7c,7F:F0:C3:CB:E8:08,NA,-60
1762968545523,0adab909-eb8f-4baf-9eed-7a4cc889cb7c,84:C8:A0:8B:BD:3D,JBL BAR 800,-78
1762968545563,0adab909-eb8f-4baf-9eed-7a4cc889cb7c,24:54:E8:D2:61:7D,NA,-70
1762968545615,0adab909-eb8f-4baf-9eed-7a4cc889cb7c,68:7C:A3:40:20:DB,NA,-73
1762968545676,0adab909-eb8f-4baf-9eed-7a4cc889cb7c,7B:D1:A5:E7:33:E4,NA,-63
1762968760807,0adab909-eb8f-4baf-9eed-7a4cc889cb7c,68:7C:A3:40:20:DB,NA,-81
1762968761499,0adab909-eb8f-4baf-9eed-7a4cc889cb7c,7B:D1:A5:E7:33:E4,NA,-71
1762968773660,0adab909-eb8f-4baf-9eed-7a4cc889cb7c,24:54:E8:D2:61:7D,NA,-74
1762968773712,0adab909-eb8f-4baf-9eed-7a4cc889cb7c,84:C8:A0:8B:BD:3D,JBL BAR 800,-72
1762968773749,0adab909-eb8f-4baf-9eed-7a4cc889cb7c,68:7C:A3:40:20:DB,NA,-76
1762968774694,0adab909-eb8f-4baf-9eed-7a4cc889cb7c,7B:D1:A5:E7:33:E4,NA,-53
1762969360651,0adab909-eb8f-4baf-9eed-7a4cc889cb7c,7B:D1:A5:E7:33:E4,NA,-71
1762969363166,0adab909-eb8f-4baf-9eed-7a4cc889cb7c,58:E3:8E:54:63:88,NA,-80
1762969365083,0adab909-eb8f-4baf-9eed-7a4cc889cb7c,5E:21:86:0D:5B:8B,NA,-88
1762969373534,0adab909-eb8f-4baf-9eed-7a4cc889cb7c,7B:D1:A5:E7:33:E4,NA,-71
1762969374426,0adab909-eb8f-4baf-9eed-7a4cc889cb7c,5E:21:86:0D:5B:8B,NA,-81
1762969375532,0adab909-eb8f-4baf-9eed-7a4cc889cb7c,84:C8:A0:8B:BD:3D,JBL BAR 800,-79
1762970097164,0adab909-eb8f-4baf-9eed-7a4cc889cb7c,5E:21:86:0D:5B:8B,NA,-77
1762970097223,0adab909-eb8f-4baf-9eed-7a4cc889cb7c,6C:1E:FF:E9:ED:DA,NA,-72
1762970097526,0adab909-eb8f-4baf-9eed-7a4cc889cb7c,58:E3:8E:54:63:88,NA,127
1762970481724,0adab909-eb8f-4baf-9eed-7a4cc889cb7c,6C:1E:FF:E9:ED:DA,NA,-74
1762970483633,0adab909-eb8f-4baf-9eed-7a4cc889cb7c,7E:89:01:13:48:31,NA,-83
1762970486253,0adab909-eb8f-4baf-9eed-7a4cc889cb7c,5F:37:7B:26:9C:2C,NA,-74
1762970491721,0adab909-eb8f-4baf-9eed-7a4cc889cb7c,7B:C0:7C:01:B0:3E,NA,-84
1762971303530,0adab909-eb8f-4baf-9eed-7a4cc889cb7c,5F:37:7B:26:9C:2C,NA,-73
1762971306096,0adab909-eb8f-4baf-9eed-7a4cc889cb7c,49:D5:09:A2:2A:99,NA,-71
1762971309572,0adab909-eb8f-4baf-9eed-7a4cc889cb7c,7E:89:01:13:48:31,NA,-79
1762971769925,0adab909-eb8f-4baf-9eed-7a4cc889cb7c,72:8E:43:16:36:2C,NA,-75
1762971770827,0adab909-eb8f-4baf-9eed-7a4cc889cb7c,53:FC:D6:29:BC:A1,NA,-89
1762971773420,0adab909-eb8f-4baf-9eed-7a4cc889cb7c,49:D5:09:A2:2A:99,NA,-70
1762972368442,0adab909-eb8f-4baf-9eed-7a4cc889cb7c,CC:D3:C1:22:45:3E,NA,-100
1762972368700,0adab909-eb8f-4baf-9eed-7a4cc889cb7c,63:08:DD:C0:AB:96,NA,-80
1762972375296,0adab909-eb8f-4baf-9eed-7a4cc889cb7c,57:26:65:F0:0C:AE,Fernseher im Schlafzimmer,-90
1762972376450,0adab909-eb8f-4baf-9eed-7a4cc889cb7c,CC:D3:C1:22:45:3E,TOSHIBA TV,-100
1762972380485,0adab909-eb8f-4baf-9eed-7a4cc889cb7c,63:08:DD:C0:AB:96,NA,-76
1762972380542,0adab909-eb8f-4baf-9eed-7a4cc889cb7c,35:B6:F2:B9:14:33,NA,-84
1762972900808,0adab909-eb8f-4baf-9eed-7a4cc889cb7c,46:DA:47:A7:49:53,NA,-92
1762972903091,0adab909-eb8f-4baf-9eed-7a4cc889cb7c,63:08:DD:C0:AB:96,NA,-83
1762973478247,0adab909-eb8f-4baf-9eed-7a4cc889cb7c,46:DA:47:A7:49:53,NA,-90
1762973478266,0adab909-eb8f-4baf-9eed-7a4cc889cb7c,63:08:DD:C0:AB:96,NA,-80
1762973479826,0adab909-eb8f-4baf-9eed-7a4cc889cb7c,64:CF:FA:3C:12:1D,NA,-85
1762974129721,0adab909-eb8f-4baf-9eed-7a4cc889cb7c,46:B9:98:AA:9C:A5,NA,-85
1762974139639,0adab909-eb8f-4baf-9eed-7a4cc889cb7c,7B:E8:D8:E7:6C:BE,NA,-87
1762974956858,0adab909-eb8f-4baf-9eed-7a4cc889cb7c,46:B9:98:AA:9C:A5,NA,-73
1762974956882,0adab909-eb8f-4baf-9eed-7a4cc889cb7c,73:AD:05:DF:7E:9A,NA,-84
1762974961573,0adab909-eb8f-4baf-9eed-7a4cc889cb7c,7B:E8:D8:E7:6C:BE,NA,-82
1762975314758,0adab909-eb8f-4baf-9eed-7a4cc889cb7c,4C:1E:65:18:34:5C,NA,-69
1762975316140,0adab909-eb8f-4baf-9eed-7a4cc889cb7c,73:AD:05:DF:7E:9A,NA,-86
1762975321947,0adab909-eb8f-4baf-9eed-7a4cc889cb7c,52:C3:07:EE:D6:91,NA,-72
1762975889114,0adab909-eb8f-4baf-9eed-7a4cc889cb7c,4C:1E:65:18:34:5C,NA,-88
1762975891342,0adab909-eb8f-4baf-9eed-7a4cc889cb7c,52:C3:07:EE:D6:91,NA,-88
1762975901022,0adab909-eb8f-4baf-9eed-7a4cc889cb7c,35:17:E3:77:A2:C9,NA,-81
1762976532693,0adab909-eb8f-4baf-9eed-7a4cc889cb7c,4C:1E:65:18:34:5C,NA,-69
1762977412623,0adab909-eb8f-4baf-9eed-7a4cc889cb7c,74:D3:5C:C3:3C:B4,NA,-65
1762977413627,0adab909-eb8f-4baf-9eed-7a4cc889cb7c,50:7C:6A:BD:8C:0E,NA,-84
1762977711674,0adab909-eb8f-4baf-9eed-7a4cc889cb7c,78:BB:0D:AD:15:E7,NA,-91
1762977712648,0adab909-eb8f-4baf-9eed-7a4cc889cb7c,74:D3:5C:C3:3C:B4,NA,-66
1762977713242,0adab909-eb8f-4baf-9eed-7a4cc889cb7c,7C:31:46:8F:EB:AC,NA,-68
1762978288639,0adab909-eb8f-4baf-9eed-7a4cc889cb7c,7C:31:46:8F:EB:AC,NA,-81
1762978288665,0adab909-eb8f-4baf-9eed-7a4cc889cb7c,66:C5:EF:D8:8E:0E,NA,-65
1762978292494,0adab909-eb8f-4baf-9eed-7a4cc889cb7c,78:BB:0D:AD:15:E7,NA,-91
1762979189778,0adab909-eb8f-4baf-9eed-7a4cc889cb7c,4B:70:48:3D:0B:EC,NA,-94
1762979191055,0adab909-eb8f-4baf-9eed-7a4cc889cb7c,66:C5:EF:D8:8E:0E,NA,-70
1762979200653,0adab909-eb8f-4baf-9eed-7a4cc889cb7c,69:6F:05:F7:CE:E4,NA,-76
1762979490642,0adab909-eb8f-4baf-9eed-7a4cc889cb7c,66:C5:EF:D8:8E:0E,NA,-68
1762979490954,0adab909-eb8f-4baf-9eed-7a4cc889cb7c,4B:70:48:3D:0B:EC,NA,-84
1762979495410,0adab909-eb8f-4baf-9eed-7a4cc889cb7c,69:6F:05:F7:CE:E4,NA,-78
1762979502504,0adab909-eb8f-4baf-9eed-7a4cc889cb7c,0B:62:33:05:FB:3E,NA,-74
1762979502684,0adab909-eb8f-4baf-9eed-7a4cc889cb7c,84:C8:A0:8B:BD:3D,JBL BAR 800,-78
1762979503524,0adab909-eb8f-4baf-9eed-7a4cc889cb7c,66:C5:EF:D8:8E:0E,NA,-71
1762979504479,0adab909-eb8f-4baf-9eed-7a4cc889cb7c,84:C8:A0:8B:BD:3D,JBL BAR 800,-73
1762980248352,0adab909-eb8f-4baf-9eed-7a4cc889cb7c,4D:A3:66:41:58:45,NA,-70
1762980249547,0adab909-eb8f-4baf-9eed-7a4cc889cb7c,74:B2:FD:DC:C2:E8,NA,-72
1762980250291,0adab909-eb8f-4baf-9eed-7a4cc889cb7c,5B:24:DF:04:8E:4C,NA,-82
1762980261204,0adab909-eb8f-4baf-9eed-7a4cc889cb7c,5B:24:DF:04:8E:4C,NA,-82
1762980261243,0adab909-eb8f-4baf-9eed-7a4cc889cb7c,4D:A3:66:41:58:45,NA,-64
1762980262228,0adab909-eb8f-4baf-9eed-7a4cc889cb7c,35:98:F9:A3:BD:AF,NA,-79
1762980712346,0adab909-eb8f-4baf-9eed-7a4cc889cb7c,4D:A3:66:41:58:45,NA,-68
1762980716823,0adab909-eb8f-4baf-9eed-7a4cc889cb7c,74:B2:FD:DC:C2:E8,NA,-83
1762980722950,0adab909-eb8f-4baf-9eed-7a4cc889cb7c,5B:24:DF:04:8E:4C,NA,-87
1762980724300,0adab909-eb8f-4baf-9eed-7a4cc889cb7c,11:8A:F8:60:3B:55,NA,-58
1762980725323,0adab909-eb8f-4baf-9eed-7a4cc889cb7c,84:C8:A0:8B:BD:3D,JBL BAR 800,-82
1762980726339,0adab909-eb8f-4baf-9eed-7a4cc889cb7c,4D:A3:66:41:58:45,NA,-65
1762981312012,0adab909-eb8f-4baf-9eed-7a4cc889cb7c,7D:1A:B4:48:AF:37,NA,-70
1762981312727,0adab909-eb8f-4baf-9eed-7a4cc889cb7c,5A:39:06:DF:4B:19,NA,-67
1762981312953,0adab909-eb8f-4baf-9eed-7a4cc889cb7c,71:B6:2D:A4:40:92,NA,-83
1762981317548,0adab909-eb8f-4baf-9eed-7a4cc889cb7c,E6:68:C6:AB:E4:2D,SumUp 418,-91
1762981324215,0adab909-eb8f-4baf-9eed-7a4cc889cb7c,5A:39:06:DF:4B:19,NA,-59
1762981324280,0adab909-eb8f-4baf-9eed-7a4cc889cb7c,84:C8:A0:8B:BD:3D,JBL BAR 800,-70
1762981324316,0adab909-eb8f-4baf-9eed-7a4cc889cb7c,C8:8F:47:B5:88:49,NA,-82
1762981911738,0adab909-eb8f-4baf-9eed-7a4cc889cb7c,5A:39:06:DF:4B:19,NA,-74
1762981912405,0adab909-eb8f-4baf-9eed-7a4cc889cb7c,71:B6:2D:A4:40:92,NA,-87
1762981917503,0adab909-eb8f-4baf-9eed-7a4cc889cb7c,7D:1A:B4:48:AF:37,NA,-75
1762981924298,0adab909-eb8f-4baf-9eed-7a4cc889cb7c,22:38:CD:CA:EB:83,NA,-92
1762981925219,0adab909-eb8f-4baf-9eed-7a4cc889cb7c,5A:39:06:DF:4B:19,NA,-70
1762981926336,0adab909-eb8f-4baf-9eed-7a4cc889cb7c,84:C8:A0:8B:BD:3D,JBL BAR 800,-78
1762982511850,0adab909-eb8f-4baf-9eed-7a4cc889cb7c,73:54:0B:99:14:ED,NA,-91
1762982514110,0adab909-eb8f-4baf-9eed-7a4cc889cb7c,43:BA:4C:A4:4C:6B,NA,-70
1762982514143,0adab909-eb8f-4baf-9eed-7a4cc889cb7c,68:10:67:F2:E2:04,NA,-73
1762982524003,0adab909-eb8f-4baf-9eed-7a4cc889cb7c,68:10:67:F2:E2:04,NA,-74
1762982524025,0adab909-eb8f-4baf-9eed-7a4cc889cb7c,1D:12:C1:4A:26:7E,NA,-67
1762982524043,0adab909-eb8f-4baf-9eed-7a4cc889cb7c,84:C8:A0:8B:BD:3D,JBL BAR 800,-78
1762982526044,0adab909-eb8f-4baf-9eed-7a4cc889cb7c,07:09:90:6B:8B:C4,NA,-89
1762982526087,0adab909-eb8f-4baf-9eed-7a4cc889cb7c,73:54:0B:99:14:ED,NA,-86
1762982526135,0adab909-eb8f-4baf-9eed-7a4cc889cb7c,43:BA:4C:A4:4C:6B,NA,-79
1762983112792,0adab909-eb8f-4baf-9eed-7a4cc889cb7c,68:10:67:F2:E2:04,NA,-69
1762983115331,0adab909-eb8f-4baf-9eed-7a4cc889cb7c,61:95:68:6E:F6:4C,NA,-91
1762983117571,0adab909-eb8f-4baf-9eed-7a4cc889cb7c,43:BA:4C:A4:4C:6B,NA,-79
1762983123949,0adab909-eb8f-4baf-9eed-7a4cc889cb7c,84:C8:A0:8B:BD:3D,JBL BAR 800,-78
1762983123982,0adab909-eb8f-4baf-9eed-7a4cc889cb7c,0A:D3:98:33:34:9B,NA,-65
1762983124044,0adab909-eb8f-4baf-9eed-7a4cc889cb7c,68:10:67:F2:E2:04,NA,-71
1762983125119,0adab909-eb8f-4baf-9eed-7a4cc889cb7c,33:16:02:F7:EE:8A,NA,-85
1762983711158,0adab909-eb8f-4baf-9eed-7a4cc889cb7c,61:95:68:6E:F6:4C,NA,-88
1762983713110,0adab909-eb8f-4baf-9eed-7a4cc889cb7c,68:10:67:F2:E2:04,NA,-73
1762983724092,0adab909-eb8f-4baf-9eed-7a4cc889cb7c,68:10:67:F2:E2:04,NA,-67
1762983724127,0adab909-eb8f-4baf-9eed-7a4cc889cb7c,10:5C:2F:43:C5:B7,NA,-67
1762983724211,0adab909-eb8f-4baf-9eed-7a4cc889cb7c,84:C8:A0:8B:BD:3D,JBL BAR 800,-79
1762984289887,0adab909-eb8f-4baf-9eed-7a4cc889cb7c,72:DC:E0:E0:EF:A5,NA,-85
1762984292066,0adab909-eb8f-4baf-9eed-7a4cc889cb7c,6B:F7:5F:2E:33:B6,NA,-63
1762984294700,0adab909-eb8f-4baf-9eed-7a4cc889cb7c,5C:AB:0B:F5:44:77,NA,-81
1762984302121,0adab909-eb8f-4baf-9eed-7a4cc889cb7c,84:C8:A0:8B:BD:3D,JBL BAR 800,-81
1762984303051,0adab909-eb8f-4baf-9eed-7a4cc889cb7c,6B:F7:5F:2E:33:B6,NA,-68
1762984911448,0adab909-eb8f-4baf-9eed-7a4cc889cb7c,66:59:2F:56:37:36,NA,-78
1762984913784,0adab909-eb8f-4baf-9eed-7a4cc889cb7c,6B:F7:5F:2E:33:B6,NA,-69
1762984916352,0adab909-eb8f-4baf-9eed-7a4cc889cb7c,5C:AB:0B:F5:44:77,NA,-68
1762984924093,0adab909-eb8f-4baf-9eed-7a4cc889cb7c,84:C8:A0:8B:BD:3D,JBL BAR 800,-81
1762984925022,0adab909-eb8f-4baf-9eed-7a4cc889cb7c,6B:F7:5F:2E:33:B6,NA,-72
1762985511321,0adab909-eb8f-4baf-9eed-7a4cc889cb7c,57:28:D4:26:EC:BF,NA,-67
1762985511993,0adab909-eb8f-4baf-9eed-7a4cc889cb7c,66:59:2F:56:37:36,NA,-93
1762985524265,0adab909-eb8f-4baf-9eed-7a4cc889cb7c,57:28:D4:26:EC:BF,NA,-64
1762985526113,0adab909-eb8f-4baf-9eed-7a4cc889cb7c,66:9B:D8:CA:D5:18,NA,-77
1762985526258,0adab909-eb8f-4baf-9eed-7a4cc889cb7c,66:59:2F:56:37:36,NA,-88
1762985526285,0adab909-eb8f-4baf-9eed-7a4cc889cb7c,E7:2F:2C:AF:84:19,NA,-88
1762986175620,0adab909-eb8f-4baf-9eed-7a4cc889cb7c,6F:B8:74:A7:E3:97,NA,-82
1762986772629,0adab909-eb8f-4baf-9eed-7a4cc889cb7c,5B:9E:71:F8:D6:EF,NA,-72
1762986774625,0adab909-eb8f-4baf-9eed-7a4cc889cb7c,62:71:93:DD:E2:DC,NA,-87
1762986777793,0adab909-eb8f-4baf-9eed-7a4cc889cb7c,4F:25:89:A0:72:D4,NA,-85
1762987367885,0adab909-eb8f-4baf-9eed-7a4cc889cb7c,5B:9E:71:F8:D6:EF,NA,-67
1762987373390,0adab909-eb8f-4baf-9eed-7a4cc889cb7c,4F:25:89:A0:72:D4,NA,-78
1762987973516,0adab909-eb8f-4baf-9eed-7a4cc889cb7c,42:C6:38:84:7A:39,NA,-58
1762987978225,0adab909-eb8f-4baf-9eed-7a4cc889cb7c,73:F7:4D:E1:F0:48,NA,-79
1762988504729,0adab909-eb8f-4baf-9eed-7a4cc889cb7c,42:C6:38:84:7A:39,NA,-70
1762989104677,0adab909-eb8f-4baf-9eed-7a4cc889cb7c,5A:47:A5:09:02:84,NA,-66
1762989104698,0adab909-eb8f-4baf-9eed-7a4cc889cb7c,41:48:D6:BB:12:10,NA,-80
1762989108589,0adab909-eb8f-4baf-9eed-7a4cc889cb7c,6D:90:41:41:9B:A3,NA,-89
1762989705024,0adab909-eb8f-4baf-9eed-7a4cc889cb7c,5A:47:A5:09:02:84,NA,-73
1762989714660,0adab909-eb8f-4baf-9eed-7a4cc889cb7c,6D:90:41:41:9B:A3,NA,-84
1762990537001,0adab909-eb8f-4baf-9eed-7a4cc889cb7c,68:74:EF:02:18:24,NA,-71
1762990537672,0adab909-eb8f-4baf-9eed-7a4cc889cb7c,48:A1:4E:DC:D4:54,NA,-85
1762990538655,0adab909-eb8f-4baf-9eed-7a4cc889cb7c,76:42:A4:9D:0D:89,NA,-84
1762991137283,0adab909-eb8f-4baf-9eed-7a4cc889cb7c,68:74:EF:02:18:24,NA,-60
1762991138297,0adab909-eb8f-4baf-9eed-7a4cc889cb7c,5D:84:BB:31:E4:BA,NA,-86
1762991736837,0adab909-eb8f-4baf-9eed-7a4cc889cb7c,5B:6B:A7:20:48:4B,NA,-64
1762991736955,0adab909-eb8f-4baf-9eed-7a4cc889cb7c,5D:84:BB:31:E4:BA,NA,-78
1762991744370,0adab909-eb8f-4baf-9eed-7a4cc889cb7c,50:F3:5B:9E:41:25,NA,-78
1762992292650,0adab909-eb8f-4baf-9eed-7a4cc889cb7c,44:03:B6:94:55:7E,NA,-79
1762992293361,0adab909-eb8f-4baf-9eed-7a4cc889cb7c,5B:6B:A7:20:48:4B,NA,-63
1762992297803,0adab909-eb8f-4baf-9eed-7a4cc889cb7c,50:F3:5B:9E:41:25,NA,-82
1762992892609,0adab909-eb8f-4baf-9eed-7a4cc889cb7c,5B:6B:A7:20:48:4B,NA,-65
1762992892942,0adab909-eb8f-4baf-9eed-7a4cc889cb7c,44:03:B6:94:55:7E,NA,-79
1762992901357,0adab909-eb8f-4baf-9eed-7a4cc889cb7c,50:F3:5B:9E:41:25,NA,-78
1762993494945,0adab909-eb8f-4baf-9eed-7a4cc889cb7c,50:30:A5:33:F3:C0,NA,-71
1762993497821,0adab909-eb8f-4baf-9eed-7a4cc889cb7c,44:03:B6:94:55:7E,NA,-79
1762993498471,0adab909-eb8f-4baf-9eed-7a4cc889cb7c,61:20:45:A2:8F:ED,NA,-77
1762994093307,0adab909-eb8f-4baf-9eed-7a4cc889cb7c,7E:BE:E4:69:F3:EF,NA,-87
1762994093325,0adab909-eb8f-4baf-9eed-7a4cc889cb7c,50:30:A5:33:F3:C0,NA,-67
1762994097837,0adab909-eb8f-4baf-9eed-7a4cc889cb7c,61:20:45:A2:8F:ED,NA,-82
1762994624972,0adab909-eb8f-4baf-9eed-7a4cc889cb7c,7E:BE:E4:69:F3:EF,NA,-83
1762994626294,0adab909-eb8f-4baf-9eed-7a4cc889cb7c,50:30:A5:33:F3:C0,NA,-68
1762995224759,0adab909-eb8f-4baf-9eed-7a4cc889cb7c,7F:EB:D5:63:C7:32,NA,-66
1762995226629,0adab909-eb8f-4baf-9eed-7a4cc889cb7c,68:89:3C:06:EF:14,NA,-77
1762995231393,0adab909-eb8f-4baf-9eed-7a4cc889cb7c,6F:09:41:E0:2E:55,NA,-80
1762995823766,0adab909-eb8f-4baf-9eed-7a4cc889cb7c,6F:09:41:E0:2E:55,NA,-82
1762995824296,0adab909-eb8f-4baf-9eed-7a4cc889cb7c,7F:EB:D5:63:C7:32,NA,-58
1762995828119,0adab909-eb8f-4baf-9eed-7a4cc889cb7c,68:89:3C:06:EF:14,NA,-85
1762996354577,0adab909-eb8f-4baf-9eed-7a4cc889cb7c,6A:D6:3F:7F:7F:A6,NA,-60
1762996354901,0adab909-eb8f-4baf-9eed-7a4cc889cb7c,74:69:89:A2:B2:FA,NA,-80
1762996366470,0adab909-eb8f-4baf-9eed-7a4cc889cb7c,42:66:5E:EF:2F:89,NA,-81
1762996954575,0adab909-eb8f-4baf-9eed-7a4cc889cb7c,6A:D6:3F:7F:7F:A6,NA,-64
1762996954975,0adab909-eb8f-4baf-9eed-7a4cc889cb7c,74:69:89:A2:B2:FA,NA,-83
1762996955987,0adab909-eb8f-4baf-9eed-7a4cc889cb7c,42:66:5E:EF:2F:89,NA,-78
1762997555551,0adab909-eb8f-4baf-9eed-7a4cc889cb7c,6E:B5:3D:61:2D:90,NA,-65
1762997558630,0adab909-eb8f-4baf-9eed-7a4cc889cb7c,5D:3F:F8:A4:B6:E6,NA,-85
1762998154836,0adab909-eb8f-4baf-9eed-7a4cc889cb7c,5D:3F:F8:A4:B6:E6,NA,-80
1762998155249,0adab909-eb8f-4baf-9eed-7a4cc889cb7c,6E:B5:3D:61:2D:90,NA,-62
1762998686850,0adab909-eb8f-4baf-9eed-7a4cc889cb7c,6E:B5:3D:61:2D:90,NA,-67
1762998687303,0adab909-eb8f-4baf-9eed-7a4cc889cb7c,5D:3F:F8:A4:B6:E6,NA,-88
1762998690144,0adab909-eb8f-4baf-9eed-7a4cc889cb7c,70:41:98:E8:42:C4,NA,-80
1762999286957,0adab909-eb8f-4baf-9eed-7a4cc889cb7c,47:2D:96:B1:5D:CA,NA,-59
1762999287551,0adab909-eb8f-4baf-9eed-7a4cc889cb7c,40:08:86:FF:AE:8C,NA,-82
1762999293732,0adab909-eb8f-4baf-9eed-7a4cc889cb7c,70:41:98:E8:42:C4,NA,-86
1762999887350,0adab909-eb8f-4baf-9eed-7a4cc889cb7c,47:2D:96:B1:5D:CA,NA,-60
1762999888704,0adab909-eb8f-4baf-9eed-7a4cc889cb7c,40:08:86:FF:AE:8C,NA,-82
1762999897878,0adab909-eb8f-4baf-9eed-7a4cc889cb7c,58:1C:17:A9:2D:44,NA,-81
1763000510920,0adab909-eb8f-4baf-9eed-7a4cc889cb7c,79:AE:64:7B:75:AC,NA,-61
1763000513476,0adab909-eb8f-4baf-9eed-7a4cc889cb7c,58:1C:17:A9:2D:44,NA,-82
1763000514823,0adab909-eb8f-4baf-9eed-7a4cc889cb7c,64:6D:9E:E2:B4:47,NA,-89
1763001110940,0adab909-eb8f-4baf-9eed-7a4cc889cb7c,79:AE:64:7B:75:AC,NA,-79
1763001110959,0adab909-eb8f-4baf-9eed-7a4cc889cb7c,64:6D:9E:E2:B4:47,NA,-81
1763001117064,0adab909-eb8f-4baf-9eed-7a4cc889cb7c,58:1C:17:A9:2D:44,NA,-86
1763001711048,0adab909-eb8f-4baf-9eed-7a4cc889cb7c,79:AE:64:7B:75:AC,NA,-64
1763001711333,0adab909-eb8f-4baf-9eed-7a4cc889cb7c,64:6D:9E:E2:B4:47,NA,-80
1763001721235,0adab909-eb8f-4baf-9eed-7a4cc889cb7c,5F:31:02:31:AA:AD,NA,-64
1763001722468,0adab909-eb8f-4baf-9eed-7a4cc889cb7c,51:45:6B:DC:EE:49,NA,-88
1763002542480,0adab909-eb8f-4baf-9eed-7a4cc889cb7c,7F:14:01:2C:59:44,NA,-74
1763002542516,0adab909-eb8f-4baf-9eed-7a4cc889cb7c,5F:31:02:31:AA:AD,NA,-64
1763002543869,0adab909-eb8f-4baf-9eed-7a4cc889cb7c,4B:1A:DE:55:00:83,NA,-79
1763003142709,0adab909-eb8f-4baf-9eed-7a4cc889cb7c,4B:1A:DE:55:00:83,NA,-82
1763003143873,0adab909-eb8f-4baf-9eed-7a4cc889cb7c,6E:F9:11:DF:F7:45,NA,-65
1763003148024,0adab909-eb8f-4baf-9eed-7a4cc889cb7c,7F:14:01:2C:59:44,NA,-88
1763003743331,0adab909-eb8f-4baf-9eed-7a4cc889cb7c,52:DB:C6:AD:DD:03,NA,-80
1763003745454,0adab909-eb8f-4baf-9eed-7a4cc889cb7c,6E:F9:11:DF:F7:45,NA,-66
1763003749273,0adab909-eb8f-4baf-9eed-7a4cc889cb7c,7D:A0:5B:F6:C2:32,NA,-77
1763004275506,0adab909-eb8f-4baf-9eed-7a4cc889cb7c,5C:79:D2:C1:02:D7,NA,-68
1763004276464,0adab909-eb8f-4baf-9eed-7a4cc889cb7c,52:DB:C6:AD:DD:03,NA,-81
1763004874867,0adab909-eb8f-4baf-9eed-7a4cc889cb7c,5C:79:D2:C1:02:D7,NA,-59
1763004876832,0adab909-eb8f-4baf-9eed-7a4cc889cb7c,66:E8:5F:6A:AE:59,NA,-84
1763005474472,0adab909-eb8f-4baf-9eed-7a4cc889cb7c,5C:79:D2:C1:02:D7,NA,-69
1763005479049,0adab909-eb8f-4baf-9eed-7a4cc889cb7c,61:31:CA:98:50:BE,NA,-81
1763005480281,0adab909-eb8f-4baf-9eed-7a4cc889cb7c,66:E8:5F:6A:AE:59,NA,-83
1763005994508,0adab909-eb8f-4baf-9eed-7a4cc889cb7c,49:FD:34:7B:F2:7B,NA,-60
1763005999359,0adab909-eb8f-4baf-9eed-7a4cc889cb7c,58:8A:44:53:B5:F5,NA,-86
1763006004405,0adab909-eb8f-4baf-9eed-7a4cc889cb7c,61:31:CA:98:50:BE,NA,-83
1763006593865,0adab909-eb8f-4baf-9eed-7a4cc889cb7c,58:8A:44:53:B5:F5,NA,-79
1763006594489,0adab909-eb8f-4baf-9eed-7a4cc889cb7c,49:FD:34:7B:F2:7B,NA,-60
1763006594778,0adab909-eb8f-4baf-9eed-7a4cc889cb7c,70:73:DF:D6:B6:B2,NA,-88
1763007194227,0adab909-eb8f-4baf-9eed-7a4cc889cb7c,49:FD:34:7B:F2:7B,NA,-57
1763007196734,0adab909-eb8f-4baf-9eed-7a4cc889cb7c,58:8A:44:53:B5:F5,NA,-82
1763007198411,0adab909-eb8f-4baf-9eed-7a4cc889cb7c,70:73:DF:D6:B6:B2,NA,-85
1763007793939,0adab909-eb8f-4baf-9eed-7a4cc889cb7c,5F:C0:E5:90:1D:6A,NA,-60
1763007802931,0adab909-eb8f-4baf-9eed-7a4cc889cb7c,63:F0:31:08:70:87,NA,-87
1763008325430,0adab909-eb8f-4baf-9eed-7a4cc889cb7c,5F:C0:E5:90:1D:6A,NA,-70
1763008325441,0adab909-eb8f-4baf-9eed-7a4cc889cb7c,5F:B9:EA:1A:5B:E8,NA,-81
1763008332236,0adab909-eb8f-4baf-9eed-7a4cc889cb7c,63:F0:31:08:70:87,NA,-82
1763008926433,0adab909-eb8f-4baf-9eed-7a4cc889cb7c,4C:8A:61:B7:05:FB,NA,-80
1763008926813,0adab909-eb8f-4baf-9eed-7a4cc889cb7c,41:C0:DC:B0:D7:61,NA,-65
1763008930932,0adab909-eb8f-4baf-9eed-7a4cc889cb7c,4C:7F:6B:BE:BD:A5,NA,-80
1763009525376,0adab909-eb8f-4baf-9eed-7a4cc889cb7c,41:C0:DC:B0:D7:61,NA,-68
1763009526635,0adab909-eb8f-4baf-9eed-7a4cc889cb7c,4C:8A:61:B7:05:FB,NA,-81
1763009528526,0adab909-eb8f-4baf-9eed-7a4cc889cb7c,4C:7F:6B:BE:BD:A5,NA,-86
1763010357605,0adab909-eb8f-4baf-9eed-7a4cc889cb7c,44:F0:D9:DA:FD:55,NA,-79
1763010359757,0adab909-eb8f-4baf-9eed-7a4cc889cb7c,4F:4E:DD:9B:1C:8C,NA,-65
1763010364231,0adab909-eb8f-4baf-9eed-7a4cc889cb7c,5D:E3:C7:4C:2D:ED,NA,-80
1763010957740,0adab909-eb8f-4baf-9eed-7a4cc889cb7c,44:F0:D9:DA:FD:55,NA,-75
1763010957758,0adab909-eb8f-4baf-9eed-7a4cc889cb7c,5D:E3:C7:4C:2D:ED,NA,-81
1763010958832,0adab909-eb8f-4baf-9eed-7a4cc889cb7c,4F:4E:DD:9B:1C:8C,NA,-64
1763011557423,0adab909-eb8f-4baf-9eed-7a4cc889cb7c,7F:4F:45:7C:5C:D6,NA,-61
1763011561682,0adab909-eb8f-4baf-9eed-7a4cc889cb7c,5C:5F:BC:4B:CB:8D,NA,-76
1763012090428,0adab909-eb8f-4baf-9eed-7a4cc889cb7c,7F:4F:45:7C:5C:D6,NA,-61
1763012090791,0adab909-eb8f-4baf-9eed-7a4cc889cb7c,6F:60:13:EA:1E:EF,NA,-78
1763012097203,0adab909-eb8f-4baf-9eed-7a4cc889cb7c,56:AA:6E:A0:21:A6,NA,-88
1763012689425,0adab909-eb8f-4baf-9eed-7a4cc889cb7c,7F:4F:45:7C:5C:D6,NA,-65
1763012691151,0adab909-eb8f-4baf-9eed-7a4cc889cb7c,7E:86:01:74:15:44,NA,-83
1763012694688,0adab909-eb8f-4baf-9eed-7a4cc889cb7c,76:41:11:23:83:7F,NA,-81
1763013091542,0adab909-eb8f-4baf-9eed-7a4cc889cb7c,4C:96:8A:ED:6A:01,SPEN NA,-58
1763013091579,0adab909-eb8f-4baf-9eed-7a4cc889cb7c,5A:51:1D:C4:5D:00,NA,-59
1763013092281,0adab909-eb8f-4baf-9eed-7a4cc889cb7c,4C:96:8A:ED:6A:01,SPEN NA,-61
1763013092592,0adab909-eb8f-4baf-9eed-7a4cc889cb7c,4C:96:8A:ED:6A:01,SPEN NA,-61
1763013092918,0adab909-eb8f-4baf-9eed-7a4cc889cb7c,4C:96:8A:ED:6A:01,SPEN NA,-62
1763013093226,0adab909-eb8f-4baf-9eed-7a4cc889cb7c,4C:96:8A:ED:6A:01,SPEN NA,-65
1763013093527,0adab909-eb8f-4baf-9eed-7a4cc889cb7c,4C:96:8A:ED:6A:01,SPEN NA,-61
1763013093855,0adab909-eb8f-4baf-9eed-7a4cc889cb7c,4C:96:8A:ED:6A:01,SPEN NA,-62
1763013093873,0adab909-eb8f-4baf-9eed-7a4cc889cb7c,7E:86:01:74:15:44,NA,-82
1763013094162,0adab909-eb8f-4baf-9eed-7a4cc889cb7c,4C:96:8A:ED:6A:01,SPEN NA,-65
1763013094493,0adab909-eb8f-4baf-9eed-7a4cc889cb7c,4C:96:8A:ED:6A:01,SPEN NA,-57
1763013094815,0adab909-eb8f-4baf-9eed-7a4cc889cb7c,4C:96:8A:ED:6A:01,SPEN NA,-58
1763013095127,0adab909-eb8f-4baf-9eed-7a4cc889cb7c,4C:96:8A:ED:6A:01,SPEN NA,-65
1763013095429,0adab909-eb8f-4baf-9eed-7a4cc889cb7c,4C:96:8A:ED:6A:01,SPEN NA,-62
1763013096080,0adab909-eb8f-4baf-9eed-7a4cc889cb7c,4C:96:8A:ED:6A:01,SPEN NA,-66
1763013096379,0adab909-eb8f-4baf-9eed-7a4cc889cb7c,4C:96:8A:ED:6A:01,SPEN NA,-64
1763013097653,0adab909-eb8f-4baf-9eed-7a4cc889cb7c,4C:96:8A:ED:6A:01,SPEN NA,-65
1763013097676,0adab909-eb8f-4baf-9eed-7a4cc889cb7c,76:41:11:23:83:7F,NA,-76
1763013100251,0adab909-eb8f-4baf-9eed-7a4cc889cb7c,4C:96:8A:ED:6A:01,SPEN NA,-62
1763013100574,0adab909-eb8f-4baf-9eed-7a4cc889cb7c,4C:96:8A:ED:6A:01,SPEN NA,-61
1763013101220,0adab909-eb8f-4baf-9eed-7a4cc889cb7c,4C:96:8A:ED:6A:01,SPEN NA,-61
1763013101517,0adab909-eb8f-4baf-9eed-7a4cc889cb7c,4C:96:8A:ED:6A:01,SPEN NA,-58
1763013101850,0adab909-eb8f-4baf-9eed-7a4cc889cb7c,4C:96:8A:ED:6A:01,SPEN NA,-65
1763013102473,0adab909-eb8f-4baf-9eed-7a4cc889cb7c,4C:96:8A:ED:6A:01,SPEN NA,-59
1763013102792,0adab909-eb8f-4baf-9eed-7a4cc889cb7c,4C:96:8A:ED:6A:01,SPEN NA,-65
1763013103723,0adab909-eb8f-4baf-9eed-7a4cc889cb7c,4C:96:8A:ED:6A:01,SPEN NA,-66
1763013891344,0adab909-eb8f-4baf-9eed-7a4cc889cb7c,7E:86:01:74:15:44,NA,-81
1763013892012,0adab909-eb8f-4baf-9eed-7a4cc889cb7c,5A:51:1D:C4:5D:00,NA,-55
1763013894235,0adab909-eb8f-4baf-9eed-7a4cc889cb7c,55:6B:F6:3F:EE:DD,NA,-68
1763014491677,0adab909-eb8f-4baf-9eed-7a4cc889cb7c,6C:F1:4C:BF:D8:26,NA,-60
1763014493604,0adab909-eb8f-4baf-9eed-7a4cc889cb7c,55:6B:F6:3F:EE:DD,NA,-77
1763014497118,0adab909-eb8f-4baf-9eed-7a4cc889cb7c,66:84:86:46:6B:AA,NA,-80
1763015092765,0adab909-eb8f-4baf-9eed-7a4cc889cb7c,66:84:86:46:6B:AA,NA,-86
1763015093739,0adab909-eb8f-4baf-9eed-7a4cc889cb7c,6C:F1:4C:BF:D8:26,NA,-55
1763015104264,0adab909-eb8f-4baf-9eed-7a4cc889cb7c,4A:7F:DD:97:E4:AE,NA,-70
1763015504889,0adab909-eb8f-4baf-9eed-7a4cc889cb7c,6C:F1:4C:BF:D8:26,NA,-67
1763015505241,0adab909-eb8f-4baf-9eed-7a4cc889cb7c,4A:7F:DD:97:E4:AE,NA,-88
1763015517054,0adab909-eb8f-4baf-9eed-7a4cc889cb7c,66:84:86:46:6B:AA,NA,-88
1763015517735,0adab909-eb8f-4baf-9eed-7a4cc889cb7c,84:C8:A0:8B:BD:3D,JBL BAR 800,-85
1763015517795,0adab909-eb8f-4baf-9eed-7a4cc889cb7c,6C:F1:4C:BF:D8:26,NA,-61
1763015518868,0adab909-eb8f-4baf-9eed-7a4cc889cb7c,CC:DE:F0:DC:23:23,NA,-90
1763016184076,0adab909-eb8f-4baf-9eed-7a4cc889cb7c,78:8D:94:4B:70:65,NA,-83
1763016185024,0adab909-eb8f-4baf-9eed-7a4cc889cb7c,1E:CC:94:DA:CF:84,NA,-93
1763016185061,0adab909-eb8f-4baf-9eed-7a4cc889cb7c,3D:D4:F8:C2:76:96,NA,-88
1763016185372,0adab909-eb8f-4baf-9eed-7a4cc889cb7c,5A:ED:FE:16:90:E8,NA,-82
1763016185394,0adab909-eb8f-4baf-9eed-7a4cc889cb7c,78:D7:A5:06:78:34,NA,-84
1763016185675,0adab909-eb8f-4baf-9eed-7a4cc889cb7c,2A:52:FC:09:87:F7,NA,-91
1763016186056,0adab909-eb8f-4baf-9eed-7a4cc889cb7c,40:58:99:A6:72:5A,NA,-84
1763016186955,0adab909-eb8f-4baf-9eed-7a4cc889cb7c,43:11:26:33:B2:A9,NA,-93
1763016186986,0adab909-eb8f-4baf-9eed-7a4cc889cb7c,5E:52:FE:8C:BE:D2,NA,-79
1763016188900,0adab909-eb8f-4baf-9eed-7a4cc889cb7c,2E:E7:C4:D0:94:74,NA,-86
1763016189217,0adab909-eb8f-4baf-9eed-7a4cc889cb7c,31:EC:C3:07:FA:99,NA,-94
1763016189551,0adab909-eb8f-4baf-9eed-7a4cc889cb7c,6F:93:F0:98:85:D9,NA,-86
1763016189838,0adab909-eb8f-4baf-9eed-7a4cc889cb7c,72:CF:D3:F3:1F:E1,NA,-78
1763016190148,0adab909-eb8f-4baf-9eed-7a4cc889cb7c,57:55:0A:28:5B:E8,NA,-73
1763016190175,0adab909-eb8f-4baf-9eed-7a4cc889cb7c,54:2E:B3:AD:43:46,NA,-83
1763016190192,0adab909-eb8f-4baf-9eed-7a4cc889cb7c,F1:29:5C:7E:95:53,NA,-73
1763016190228,0adab909-eb8f-4baf-9eed-7a4cc889cb7c,40:58:99:A6:72:5A,NA,-92
1763016190249,0adab909-eb8f-4baf-9eed-7a4cc889cb7c,2E:E7:C4:D0:94:74,NA,-87
1763016190267,0adab909-eb8f-4baf-9eed-7a4cc889cb7c,0D:5D:4E:6C:A4:F5,NA,-92
1763016190290,0adab909-eb8f-4baf-9eed-7a4cc889cb7c,5E:52:FE:8C:BE:D2,NA,-90
1763016190313,0adab909-eb8f-4baf-9eed-7a4cc889cb7c,78:8D:94:4B:70:65,NA,-81
1763016190327,0adab909-eb8f-4baf-9eed-7a4cc889cb7c,5A:ED:FE:16:90:E8,NA,-83
1763016190384,0adab909-eb8f-4baf-9eed-7a4cc889cb7c,22:F6:2C:CA:F3:9F,NA,-93
1763016190412,0adab909-eb8f-4baf-9eed-7a4cc889cb7c,09:5C:0B:71:9F:35,NA,-81
1763016190427,0adab909-eb8f-4baf-9eed-7a4cc889cb7c,13:05:E6:5E:A7:27,NA,-85
1763016191223,0adab909-eb8f-4baf-9eed-7a4cc889cb7c,4A:AB:0A:50:2B:EE,NA,-87
1763016191253,0adab909-eb8f-4baf-9eed-7a4cc889cb7c,6F:93:F0:98:85:D9,NA,-78
1763016191273,0adab909-eb8f-4baf-9eed-7a4cc889cb7c,1C:E8:9E:B6:D4:AE,Refrigerato,-85
1763016191293,0adab909-eb8f-4baf-9eed-7a4cc889cb7c,79:90:8C:45:B1:4B,NA,-91
1763016191309,0adab909-eb8f-4baf-9eed-7a4cc889cb7c,10:01:7E:5B:7D:36,NA,-94
1763016191334,0adab909-eb8f-4baf-9eed-7a4cc889cb7c,35:08:F3:D1:5C:65,NA,-81
1763016191351,0adab909-eb8f-4baf-9eed-7a4cc889cb7c,F8:77:B8:26:C5:85,NA,-87
1763016191366,0adab909-eb8f-4baf-9eed-7a4cc889cb7c,3D:D4:F8:C2:76:96,NA,-82
1763016191408,0adab909-eb8f-4baf-9eed-7a4cc889cb7c,03:99:C8:A8:F2:8C,NA,-90
1763016192236,0adab909-eb8f-4baf-9eed-7a4cc889cb7c,44:5C:E9:77:C5:09,NA,-88
1763016192349,0adab909-eb8f-4baf-9eed-7a4cc889cb7c,2A:52:FC:09:87:F7,NA,-85
1763016192390,0adab909-eb8f-4baf-9eed-7a4cc889cb7c,FD:54:C1:9E:4C:05,NA,-87
1763016708647,0adab909-eb8f-4baf-9eed-7a4cc889cb7c,F8:FB:90:F1:83:9D,NA,-83
1763016708670,0adab909-eb8f-4baf-9eed-7a4cc889cb7c,6C:0B:5E:31:4B:87,NA,-79
1763016708690,0adab909-eb8f-4baf-9eed-7a4cc889cb7c,01:65:15:CB:AB:6A,NA,-81
1763016710506,0adab909-eb8f-4baf-9eed-7a4cc889cb7c,1A:7A:FB:01:23:77,NA,-79
1763016712321,0adab909-eb8f-4baf-9eed-7a4cc889cb7c,EC:C5:7F:64:EE:C4,DP C221.CAN,-91
1763016714127,0adab909-eb8f-4baf-9eed-7a4cc889cb7c,7F:FF:6E:9B:3A:3D,NA,-67
1763016714311,0adab909-eb8f-4baf-9eed-7a4cc889cb7c,27:DE:19:04:2C:EC,NA,-73
1763016715911,0adab909-eb8f-4baf-9eed-7a4cc889cb7c,6A:A2:CD:4F:94:81,NA,-68
1763016719170,0adab909-eb8f-4baf-9eed-7a4cc889cb7c,2C:D1:C6:E4:10:78,My Skoda 5166,-100
1763016720124,0adab909-eb8f-4baf-9eed-7a4cc889cb7c,EC:C5:7F:64:EE:C4,DP C221.CAN,-82
1763016720158,0adab909-eb8f-4baf-9eed-7a4cc889cb7c,7F:FF:6E:9B:3A:3D,NA,-76
1763016720174,0adab909-eb8f-4baf-9eed-7a4cc889cb7c,1A:31:2A:A4:91:C3,NA,-81
1763016720217,0adab909-eb8f-4baf-9eed-7a4cc889cb7c,68:FC:CA:BC:75:ED,NA,-86
1763016722196,0adab909-eb8f-4baf-9eed-7a4cc889cb7c,63:6F:2E:5C:38:03,NA,-79
1763016722228,0adab909-eb8f-4baf-9eed-7a4cc889cb7c,3D:D2:7C:9F:12:E3,NA,-85
1763017409064,0adab909-eb8f-4baf-9eed-7a4cc889cb7c,75:62:A4:0C:29:4B,NA,-90
1763017409417,0adab909-eb8f-4baf-9eed-7a4cc889cb7c,68:CA:C4:8A:40:9C,mbasg,-100
1763017412626,0adab909-eb8f-4baf-9eed-7a4cc889cb7c,44:CB:B6:BF:99:83,NA,-74
1763017415136,0adab909-eb8f-4baf-9eed-7a4cc889cb7c,84:25:3F:A3:1F:C2,mitte-home MH22340108,-94
1763017415149,0adab909-eb8f-4baf-9eed-7a4cc889cb7c,4A:DC:BF:EF:BD:E6,NA,-94
1763017419632,0adab909-eb8f-4baf-9eed-7a4cc889cb7c,5C:69:BC:63:D2:0E,NA,-89
1763017908149,0adab909-eb8f-4baf-9eed-7a4cc889cb7c,68:CA:C4:8A:40:9C,mbasg,-100
1763017908451,0adab909-eb8f-4baf-9eed-7a4cc889cb7c,84:25:3F:A3:1F:C2,mitte-home MH22340108,-91
1763017910380,0adab909-eb8f-4baf-9eed-7a4cc889cb7c,41:B8:0B:F5:7C:32,NA,-84
1763017912043,0adab909-eb8f-4baf-9eed-7a4cc889cb7c,7F:F2:6E:23:61:0B,NA,-93
1763017913902,0adab909-eb8f-4baf-9eed-7a4cc889cb7c,44:CB:B6:BF:99:83,NA,-81
1763018475733,0adab909-eb8f-4baf-9eed-7a4cc889cb7c,6A:DF:09:D8:51:F7,NA,-92
1763018476676,0adab909-eb8f-4baf-9eed-7a4cc889cb7c,74:82:E7:C1:DF:F3,NA,-79
1763018476702,0adab909-eb8f-4baf-9eed-7a4cc889cb7c,5A:92:98:75:58:58,NA,-94
1763018477676,0adab909-eb8f-4baf-9eed-7a4cc889cb7c,7D:93:CF:40:0F:2E,NA,-88
1763018478234,0adab909-eb8f-4baf-9eed-7a4cc889cb7c,7A:1B:9A:AF:C5:E0,NA,-91
1763018482746,0adab909-eb8f-4baf-9eed-7a4cc889cb7c,68:CA:C4:8A:40:9C,mbasg,-100
1763018482761,0adab909-eb8f-4baf-9eed-7a4cc889cb7c,7A:62:05:CB:C8:CA,NA,-78
1763019083697,0adab909-eb8f-4baf-9eed-7a4cc889cb7c,7A:62:05:CB:C8:CA,NA,-76
1763019084036,0adab909-eb8f-4baf-9eed-7a4cc889cb7c,7D:93:CF:40:0F:2E,NA,-91
1763019084064,0adab909-eb8f-4baf-9eed-7a4cc889cb7c,40:FC:1D:FF:B5:1F,NA,-91
1763019084981,0adab909-eb8f-4baf-9eed-7a4cc889cb7c,5A:92:98:75:58:58,NA,-89
1763019085354,0adab909-eb8f-4baf-9eed-7a4cc889cb7c,74:82:E7:C1:DF:F3,NA,-86
1763019086000,0adab909-eb8f-4baf-9eed-7a4cc889cb7c,68:CA:C4:8A:40:9C,mbasg,-100
1763019089346,0adab909-eb8f-4baf-9eed-7a4cc889cb7c,5D:9E:9B:F6:04:99,Jabra Evolve2 65,-81
1763019092618,0adab909-eb8f-4baf-9eed-7a4cc889cb7c,63:A9:AC:76:1F:70,NA,-85
1763019695958,0adab909-eb8f-4baf-9eed-7a4cc889cb7c,7C:0A:83:6B:1E:1B,NA,-84
1763019695998,0adab909-eb8f-4baf-9eed-7a4cc889cb7c,7D:93:CF:40:0F:2E,NA,-88
1763019696723,0adab909-eb8f-4baf-9eed-7a4cc889cb7c,40:FC:1D:FF:B5:1F,NA,-91
1763019697077,0adab909-eb8f-4baf-9eed-7a4cc889cb7c,66:65:11:39:89:14,NA,127
1763019698224,0adab909-eb8f-4baf-9eed-7a4cc889cb7c,63:A9:AC:76:1F:70,NA,-79
1763019698280,0adab909-eb8f-4baf-9eed-7a4cc889cb7c,68:CA:C4:8A:40:9C,mbasg,-100
1763019698587,0adab909-eb8f-4baf-9eed-7a4cc889cb7c,84:25:3F:A3:1F:C2,mitte-home MH22340108,-92
1763019699264,0adab909-eb8f-4baf-9eed-7a4cc889cb7c,48:C7:5C:9D:B1:FC,NA,-90
1763019700212,0adab909-eb8f-4baf-9eed-7a4cc889cb7c,73:D0:5E:BA:A6:B2,Jabra Evolve2 65,-93
1763019706304,0adab909-eb8f-4baf-9eed-7a4cc889cb7c,5D:9E:9B:F6:04:99,Jabra Evolve2 65,-82
1763020548347,0adab909-eb8f-4baf-9eed-7a4cc889cb7c,79:57:27:CC:C5:1E,NA,-85
1763020548369,0adab909-eb8f-4baf-9eed-7a4cc889cb7c,64:20:47:FC:73:1E,NA,-90
1763020548399,0adab909-eb8f-4baf-9eed-7a4cc889cb7c,5B:5E:FB:0F:01:11,NA,-89
1763020549217,0adab909-eb8f-4baf-9eed-7a4cc889cb7c,68:CA:C4:8A:40:9C,mbasg,-100
1763020549662,0adab909-eb8f-4baf-9eed-7a4cc889cb7c,84:25:3F:A3:1F:C2,mitte-home MH22340108,-87
1763020549681,0adab909-eb8f-4baf-9eed-7a4cc889cb7c,56:11:C9:C1:8C:4C,NA,-89
1763020549943,0adab909-eb8f-4baf-9eed-7a4cc889cb7c,61:CA:5C:7E:B3:EA,NA,-84
1763020549962,0adab909-eb8f-4baf-9eed-7a4cc889cb7c,4D:CF:53:ED:8E:95,Jabra Evolve2 65,-80
1763020549980,0adab909-eb8f-4baf-9eed-7a4cc889cb7c,50:47:FE:F3:F3:B5,NA,-79
1763020550651,0adab909-eb8f-4baf-9eed-7a4cc889cb7c,98:04:ED:A2:3E:1C,S295b50867b2bc14bC,-91
1763020552249,0adab909-eb8f-4baf-9eed-7a4cc889cb7c,41:B3:5B:3C:1F:7B,NA,-91
1763020552537,0adab909-eb8f-4baf-9eed-7a4cc889cb7c,68:CA:C4:8A:40:9C,mbasg,-96
1763020552551,0adab909-eb8f-4baf-9eed-7a4cc889cb7c,58:2F:C1:E4:3F:74,NA,-94
1763020553516,0adab909-eb8f-4baf-9eed-7a4cc889cb7c,7F:90:0C:D7:DA:F9,NA,-80
1763020553533,0adab909-eb8f-4baf-9eed-7a4cc889cb7c,68:C4:38:A1:26:4A,NA,-76
1763020554801,0adab909-eb8f-4baf-9eed-7a4cc889cb7c,5E:3C:EF:EF:D3:7E,Jabra Evolve2 65,-92
1763020555130,0adab909-eb8f-4baf-9eed-7a4cc889cb7c,62:C8:26:DC:9A:01,NA,-94
1763020555153,0adab909-eb8f-4baf-9eed-7a4cc889cb7c,7C:95:2C:6E:A0:FA,NA,-93
1763020556418,0adab909-eb8f-4baf-9eed-7a4cc889cb7c,6C:79:EE:B6:D7:D3,NA,-94
1763020559639,0adab909-eb8f-4baf-9eed-7a4cc889cb7c,59:07:C4:92:22:FB,NA,-87
1763021020537,0adab909-eb8f-4baf-9eed-7a4cc889cb7c,62:F7:49:7E:4C:99,NA,-86
1763021021529,0adab909-eb8f-4baf-9eed-7a4cc889cb7c,68:CA:C4:8A:40:9C,mbasg,-100
1763021022066,0adab909-eb8f-4baf-9eed-7a4cc889cb7c,50:47:FE:F3:F3:B5,NA,-80
1763021022079,0adab909-eb8f-4baf-9eed-7a4cc889cb7c,72:93:AB:83:9F:0C,NA,-90
1763021022415,0adab909-eb8f-4baf-9eed-7a4cc889cb7c,7E:C9:DF:83:88:E8,NA,-70
1763021022723,0adab909-eb8f-4baf-9eed-7a4cc889cb7c,65:CD:96:95:75:80,NA,-70
1763021022747,0adab909-eb8f-4baf-9eed-7a4cc889cb7c,5D:23:45:E6:A8:41,Jabra Evolve2 65,-86
1763021023001,0adab909-eb8f-4baf-9eed-7a4cc889cb7c,68:CA:C4:8A:40:9C,mbasg,-99
1763021024014,0adab909-eb8f-4baf-9eed-7a4cc889cb7c,75:56:48:98:6E:91,NA,-88
1763021024029,0adab909-eb8f-4baf-9eed-7a4cc889cb7c,6C:D3:47:E1:F2:6C,NA,-88
1763021028205,0adab909-eb8f-4baf-9eed-7a4cc889cb7c,46:4D:68:EC:9D:97,NA,-81
1763021620347,0adab909-eb8f-4baf-9eed-7a4cc889cb7c,5D:23:45:E6:A8:41,Jabra Evolve2 65,-81
1763021620365,0adab909-eb8f-4baf-9eed-7a4cc889cb7c,50:47:FE:F3:F3:B5,NA,-78
1763021620698,0adab909-eb8f-4baf-9eed-7a4cc889cb7c,7E:C9:DF:83:88:E8,NA,-65
1763021621071,0adab909-eb8f-4baf-9eed-7a4cc889cb7c,6F:89:B9:10:8A:74,NA,-85
1763021621091,0adab909-eb8f-4baf-9eed-7a4cc889cb7c,68:CA:C4:8A:40:9C,mbasg,-100
1763021621351,0adab909-eb8f-4baf-9eed-7a4cc889cb7c,84:25:3F:A3:1F:C2,mitte-home MH22340108,-85
1763021621366,0adab909-eb8f-4baf-9eed-7a4cc889cb7c,65:CD:96:95:75:80,NA,-66
1763021621709,0adab909-eb8f-4baf-9eed-7a4cc889cb7c,6C:D3:47:E1:F2:6C,NA,-86
1763021621987,0adab909-eb8f-4baf-9eed-7a4cc889cb7c,46:4D:68:EC:9D:97,NA,-81
1763021622000,0adab909-eb8f-4baf-9eed-7a4cc889cb7c,76:6B:DC:3F:8C:49,NA,-91
1763021623259,0adab909-eb8f-4baf-9eed-7a4cc889cb7c,65:9A:BC:4B:7C:44,NA,-87
1763021623885,0adab909-eb8f-4baf-9eed-7a4cc889cb7c,72:93:AB:83:9F:0C,NA,-88
1763021623901,0adab909-eb8f-4baf-9eed-7a4cc889cb7c,75:56:48:98:6E:91,NA,-89
1763021625572,0adab909-eb8f-4baf-9eed-7a4cc889cb7c,64:38:B7:DF:9C:08,Jabra Evolve2 65,-91
1763021629004,0adab909-eb8f-4baf-9eed-7a4cc889cb7c,4D:24:F0:7B:CF:3D,NA,-85
1763021630294,0adab909-eb8f-4baf-9eed-7a4cc889cb7c,7F:90:0C:D7:DA:F9,NA,-84
1763022221393,0adab909-eb8f-4baf-9eed-7a4cc889cb7c,84:25:3F:A3:1F:C2,mitte-home MH22340108,-86
1763022221412,0adab909-eb8f-4baf-9eed-7a4cc889cb7c,7D:C1:1A:84:44:4F,NA,-87
1763022222003,0adab909-eb8f-4baf-9eed-7a4cc889cb7c,4F:78:C7:B2:8A:F7,NA,-78
1763022222063,0adab909-eb8f-4baf-9eed-7a4cc889cb7c,73:89:D4:C7:10:BA,NA,-90
1763022222666,0adab909-eb8f-4baf-9eed-7a4cc889cb7c,48:AF:C6:11:B7:07,NA,-94
1763022223338,0adab909-eb8f-4baf-9eed-7a4cc889cb7c,5E:13:6D:EE:16:67,NA,-88
1763022223634,0adab909-eb8f-4baf-9eed-7a4cc889cb7c,77:B4:79:5E:3E:61,NA,-83
1763022223653,0adab909-eb8f-4baf-9eed-7a4cc889cb7c,68:CA:C4:8A:40:9C,mbasg,-100
1763022224553,0adab909-eb8f-4baf-9eed-7a4cc889cb7c,49:C0:F7:C1:88:B1,NA,-93
1763022224597,0adab909-eb8f-4baf-9eed-7a4cc889cb7c,68:CA:C4:8A:40:9C,mbasg,-100
1763022225532,0adab909-eb8f-4baf-9eed-7a4cc889cb7c,44:AF:F4:5C:13:95,NA,-82
1763022225548,0adab909-eb8f-4baf-9eed-7a4cc889cb7c,79:6A:02:D4:0A:6C,NA,-67
1763022225559,0adab909-eb8f-4baf-9eed-7a4cc889cb7c,61:F8:B1:AE:C9:9D,NA,-83
1763022226815,0adab909-eb8f-4baf-9eed-7a4cc889cb7c,65:9A:BC:4B:7C:44,NA,-87
1763022227466,0adab909-eb8f-4baf-9eed-7a4cc889cb7c,6F:89:B9:10:8A:74,NA,-86
1763022230666,0adab909-eb8f-4baf-9eed-7a4cc889cb7c,98:04:ED:A2:3E:1C,S295b50867b2bc14bC,-92
1763022231320,0adab909-eb8f-4baf-9eed-7a4cc889cb7c,46:CE:35:8D:88:92,NA,-92
1763022233224,0adab909-eb8f-4baf-9eed-7a4cc889cb7c,65:77:04:6D:63:D1,NA,-93
1763022823636,0adab909-eb8f-4baf-9eed-7a4cc889cb7c,73:89:D4:C7:10:BA,NA,-90
1763022823656,0adab909-eb8f-4baf-9eed-7a4cc889cb7c,7D:C1:1A:84:44:4F,NA,-85
1763022823666,0adab909-eb8f-4baf-9eed-7a4cc889cb7c,7C:79:2A:E1:37:D0,NA,-89
1763022823959,0adab909-eb8f-4baf-9eed-7a4cc889cb7c,79:6A:02:D4:0A:6C,NA,-72
1763022824154,0adab909-eb8f-4baf-9eed-7a4cc889cb7c,68:CA:C4:8A:40:9C,mbasg,-100
1763022824311,0adab909-eb8f-4baf-9eed-7a4cc889cb7c,84:25:3F:A3:1F:C2,mitte-home MH22340108,-88
1763022824331,0adab909-eb8f-4baf-9eed-7a4cc889cb7c,61:F5:4D:23:15:36,NA,-84
1763022824409,0adab909-eb8f-4baf-9eed-7a4cc889cb7c,68:CA:C4:8A:40:9C,mbasg,-92
1763022824651,0adab909-eb8f-4baf-9eed-7a4cc889cb7c,6D:2B:61:F6:FC:C6,NA,-87
1763022824669,0adab909-eb8f-4baf-9eed-7a4cc889cb7c,4F:78:C7:B2:8A:F7,NA,-76
1763022824946,0adab909-eb8f-4baf-9eed-7a4cc889cb7c,4E:B1:20:20:0E:3D,NA,-89
1763022825886,0adab909-eb8f-4baf-9eed-7a4cc889cb7c,46:CE:35:8D:88:92,NA,-87
1763022828154,0adab909-eb8f-4baf-9eed-7a4cc889cb7c,64:35:10:7B:9B:60,NA,-80
1763022831313,0adab909-eb8f-4baf-9eed-7a4cc889cb7c,62:66:48:C7:D4:CC,NA,-84
1763022833901,0adab909-eb8f-4baf-9eed-7a4cc889cb7c,4F:50:AF:5E:E6:19,NA,-93
1763022834890,0adab909-eb8f-4baf-9eed-7a4cc889cb7c,41:FB:7B:C4:61:2E,NA,-86
1763023423799,0adab909-eb8f-4baf-9eed-7a4cc889cb7c,60:BA:5B:9B:42:22,NA,-88
1763023424615,0adab909-eb8f-4baf-9eed-7a4cc889cb7c,64:35:10:7B:9B:60,NA,-88
1763023424640,0adab909-eb8f-4baf-9eed-7a4cc889cb7c,56:5D:91:21:8D:26,NA,-92
1763023424845,0adab909-eb8f-4baf-9eed-7a4cc889cb7c,68:CA:C4:8A:40:9C,mbasg,-99
1763023425003,0adab909-eb8f-4baf-9eed-7a4cc889cb7c,49:54:80:45:3D:A7,NA,-71
1763023425025,0adab909-eb8f-4baf-9eed-7a4cc889cb7c,84:25:3F:A3:1F:C2,mitte-home MH22340108,-91
1763023425667,0adab909-eb8f-4baf-9eed-7a4cc889cb7c,61:80:57:40:EE:60,NA,-84
1763023425956,0adab909-eb8f-4baf-9eed-7a4cc889cb7c,7A:61:D7:3F:EF:71,NA,-85
1763023425977,0adab909-eb8f-4baf-9eed-7a4cc889cb7c,61:F5:4D:23:15:36,NA,-80
1763023426556,0adab909-eb8f-4baf-9eed-7a4cc889cb7c,49:7A:F8:24:C5:40,NA,-84
1763023426923,0adab909-eb8f-4baf-9eed-7a4cc889cb7c,70:3F:CB:9D:D4:64,NA,-93
1763023427211,0adab909-eb8f-4baf-9eed-7a4cc889cb7c,42:DB:AE:2B:6E:9C,NA,-85
1763023427544,0adab909-eb8f-4baf-9eed-7a4cc889cb7c,6C:68:A3:B4:05:8B,NA,-88
1763023429695,0adab909-eb8f-4baf-9eed-7a4cc889cb7c,68:CA:C4:8A:40:9C,mbasg,-100
1763023430750,0adab909-eb8f-4baf-9eed-7a4cc889cb7c,62:66:48:C7:D4:CC,NA,-89
1763023431713,0adab909-eb8f-4baf-9eed-7a4cc889cb7c,6D:9A:03:F7:8E:47,NA,-68
1763023435598,0adab909-eb8f-4baf-9eed-7a4cc889cb7c,7E:EA:97:A9:D1:B6,NA,-92
1763024022510,0adab909-eb8f-4baf-9eed-7a4cc889cb7c,84:25:3F:A3:1F:C2,mitte-home MH22340108,-89
1763024022678,0adab909-eb8f-4baf-9eed-7a4cc889cb7c,49:54:80:45:3D:A7,NA,-74
1763024022971,0adab909-eb8f-4baf-9eed-7a4cc889cb7c,7A:61:D7:3F:EF:71,NA,-85
1763024022986,0adab909-eb8f-4baf-9eed-7a4cc889cb7c,4A:82:E1:CD:3A:D0,NA,-91
1763024023151,0adab909-eb8f-4baf-9eed-7a4cc889cb7c,68:CA:C4:8A:40:9C,mbasg,-100
1763024023660,0adab909-eb8f-4baf-9eed-7a4cc889cb7c,6D:9A:03:F7:8E:47,NA,-75
1763024024249,0adab909-eb8f-4baf-9eed-7a4cc889cb7c,62:97:E3:D7:9F:9A,NA,-94
1763024024656,0adab909-eb8f-4baf-9eed-7a4cc889cb7c,76:88:4C:DE:3C:5E,Jabra Evolve2 65,-91
1763024025580,0adab909-eb8f-4baf-9eed-7a4cc889cb7c,71:F8:D2:D5:70:96,NA,-90
1763024025600,0adab909-eb8f-4baf-9eed-7a4cc889cb7c,44:03:0B:75:4E:DA,NA,-90
1763024027765,0adab909-eb8f-4baf-9eed-7a4cc889cb7c,66:92:4E:07:80:32,NA,-94
1763024029385,0adab909-eb8f-4baf-9eed-7a4cc889cb7c,43:C6:8D:4B:66:59,NA,-79
1763024030145,0adab909-eb8f-4baf-9eed-7a4cc889cb7c,68:CA:C4:8A:40:9C,mbasg,-100
1763024030339,0adab909-eb8f-4baf-9eed-7a4cc889cb7c,42:DB:AE:2B:6E:9C,NA,-85
1763024646334,0adab909-eb8f-4baf-9eed-7a4cc889cb7c,68:CA:C4:8A:40:9C,mbasg,-100
1763024646725,0adab909-eb8f-4baf-9eed-7a4cc889cb7c,62:97:E3:D7:9F:9A,NA,-91
1763024646747,0adab909-eb8f-4baf-9eed-7a4cc889cb7c,44:03:0B:75:4E:DA,NA,-92
1763024646761,0adab909-eb8f-4baf-9eed-7a4cc889cb7c,7C:D6:83:86:B8:7A,NA,-88
1763024647380,0adab909-eb8f-4baf-9eed-7a4cc889cb7c,72:CE:0C:68:C9:4A,NA,-90
1763024647397,0adab909-eb8f-4baf-9eed-7a4cc889cb7c,47:E4:A3:7A:FC:84,NA,-87
1763024647413,0adab909-eb8f-4baf-9eed-7a4cc889cb7c,43:C6:8D:4B:66:59,NA,-75
1763024647675,0adab909-eb8f-4baf-9eed-7a4cc889cb7c,49:54:80:45:3D:A7,NA,-63
1763024647691,0adab909-eb8f-4baf-9eed-7a4cc889cb7c,71:F8:D2:D5:70:96,NA,-89
1763024648063,0adab909-eb8f-4baf-9eed-7a4cc889cb7c,42:36:A0:CA:DD:3B,NA,-90
1763024648356,0adab909-eb8f-4baf-9eed-7a4cc889cb7c,77:D0:2F:00:15:96,NA,-92
1763024648999,0adab909-eb8f-4baf-9eed-7a4cc889cb7c,76:15:04:BC:C0:E3,NA,-88
1763024649337,0adab909-eb8f-4baf-9eed-7a4cc889cb7c,65:38:D4:73:AB:6F,NA,-84
1763024649634,0adab909-eb8f-4baf-9eed-7a4cc889cb7c,84:25:3F:A3:1F:C2,mitte-home MH22340108,-89
1763024649939,0adab909-eb8f-4baf-9eed-7a4cc889cb7c,47:08:13:69:17:27,NA,-88
1763024650299,0adab909-eb8f-4baf-9eed-7a4cc889cb7c,6D:9A:03:F7:8E:47,NA,-75
1763024652204,0adab909-eb8f-4baf-9eed-7a4cc889cb7c,98:04:ED:A2:3E:1C,S295b50867b2bc14bC,-89
1763024652235,0adab909-eb8f-4baf-9eed-7a4cc889cb7c,71:19:47:B0:67:23,Jabra Evolve2 65,-85
1763024653450,0adab909-eb8f-4baf-9eed-7a4cc889cb7c,7B:27:16:2E:66:E8,NA,-89
1763024657336,0adab909-eb8f-4baf-9eed-7a4cc889cb7c,65:FB:AF:DE:F4:2D,NA,-82
1763025071933,0adab909-eb8f-4baf-9eed-7a4cc889cb7c,5B:B4:16:5E:B3:6A,NA,-71
1763025072519,0adab909-eb8f-4baf-9eed-7a4cc889cb7c,6B:09:AF:4F:A2:39,NA,-89
1763025072534,0adab909-eb8f-4baf-9eed-7a4cc889cb7c,74:2F:4D:28:A6:ED,NA,-88
1763025072545,0adab909-eb8f-4baf-9eed-7a4cc889cb7c,7B:27:16:2E:66:E8,NA,-85
1763025072709,0adab909-eb8f-4baf-9eed-7a4cc889cb7c,68:CA:C4:8A:40:9C,mbasg,-100
1763025072816,0adab909-eb8f-4baf-9eed-7a4cc889cb7c,78:4A:26:13:07:13,NA,-74
1763025073838,0adab909-eb8f-4baf-9eed-7a4cc889cb7c,43:C6:8D:4B:66:59,NA,-83
1763025074168,0adab909-eb8f-4baf-9eed-7a4cc889cb7c,65:38:D4:73:AB:6F,NA,-87
1763025074188,0adab909-eb8f-4baf-9eed-7a4cc889cb7c,42:36:A0:CA:DD:3B,NA,-89
1763025074461,0adab909-eb8f-4baf-9eed-7a4cc889cb7c,84:25:3F:A3:1F:C2,mitte-home MH22340108,-93
1763025074769,0adab909-eb8f-4baf-9eed-7a4cc889cb7c,4C:69:08:07:BF:B9,Jabra Evolve2 65,-79
1763025075313,0adab909-eb8f-4baf-9eed-7a4cc889cb7c,68:CA:C4:8A:40:9C,mbasg,-99
1763025075472,0adab909-eb8f-4baf-9eed-7a4cc889cb7c,4C:32:D5:06:74:97,NA,-88
1763025076105,0adab909-eb8f-4baf-9eed-7a4cc889cb7c,5C:88:6D:B3:71:2B,NA,-85
1763025083784,0adab909-eb8f-4baf-9eed-7a4cc889cb7c,7A:C8:F9:23:07:7E,NA,-94
1763025713259,0adab909-eb8f-4baf-9eed-7a4cc889cb7c,65:38:D4:73:AB:6F,NA,-83
1763025713274,0adab909-eb8f-4baf-9eed-7a4cc889cb7c,72:F9:6C:6E:91:3A,NA,-79
1763025713683,0adab909-eb8f-4baf-9eed-7a4cc889cb7c,53:51:AC:7E:7C:DA,NA,-81
1763025713702,0adab909-eb8f-4baf-9eed-7a4cc889cb7c,84:25:3F:A3:1F:C2,mitte-home MH22340108,-81
1763025713933,0adab909-eb8f-4baf-9eed-7a4cc889cb7c,44:1F:A9:5F:45:8D,Jabra Evolve2 65,-83
1763025713948,0adab909-eb8f-4baf-9eed-7a4cc889cb7c,6A:07:CF:13:5B:58,NA,-88
1763025714276,0adab909-eb8f-4baf-9eed-7a4cc889cb7c,4F:47:FC:39:85:68,NA,-88
1763025714551,0adab909-eb8f-4baf-9eed-7a4cc889cb7c,68:CA:C4:8A:40:9C,mbasg,-100
1763025714920,0adab909-eb8f-4baf-9eed-7a4cc889cb7c,5B:B4:16:5E:B3:6A,NA,-62
1763025715527,0adab909-eb8f-4baf-9eed-7a4cc889cb7c,7E:07:B5:4A:31:2B,NA,-84
1763025715542,0adab909-eb8f-4baf-9eed-7a4cc889cb7c,73:F1:00:DE:00:AF,NA,-82
1763025718148,0adab909-eb8f-4baf-9eed-7a4cc889cb7c,64:DE:C6:03:8B:14,NA,-86
1763025719402,0adab909-eb8f-4baf-9eed-7a4cc889cb7c,6A:94:92:BF:BB:5B,NA,-83
1763025719419,0adab909-eb8f-4baf-9eed-7a4cc889cb7c,CF:3A:37:12:AD:DE,H613_46046,-89
1763025720342,0adab909-eb8f-4baf-9eed-7a4cc889cb7c,78:6F:BE:56:11:B3,NA,-91
1763025721022,0adab909-eb8f-4baf-9eed-7a4cc889cb7c,41:0C:01:15:30:21,NA,-89
1763025722885,0adab909-eb8f-4baf-9eed-7a4cc889cb7c,55:F3:47:19:F3:A0,NA,-85
1763025722904,0adab909-eb8f-4baf-9eed-7a4cc889cb7c,78:4A:26:13:07:13,NA,-69
1763025724880,0adab909-eb8f-4baf-9eed-7a4cc889cb7c,41:E0:4B:F4:29:19,Jabra Evolve2 65,-90
1763026448174,0adab909-eb8f-4baf-9eed-7a4cc889cb7c,41:0C:01:15:30:21,NA,-91
1763026448202,0adab909-eb8f-4baf-9eed-7a4cc889cb7c,4D:B8:05:17:CF:A3,NA,-89
1763026448229,0adab909-eb8f-4baf-9eed-7a4cc889cb7c,6A:07:CF:13:5B:58,NA,-90
1763026448622,0adab909-eb8f-4baf-9eed-7a4cc889cb7c,5E:5B:E1:E5:F9:66,NA,-82
1763026448647,0adab909-eb8f-4baf-9eed-7a4cc889cb7c,6A:94:92:BF:BB:5B,NA,-89
1763026448968,0adab909-eb8f-4baf-9eed-7a4cc889cb7c,68:CA:C4:8A:40:9C,mbasg,-95
1763026448986,0adab909-eb8f-4baf-9eed-7a4cc889cb7c,78:6F:BE:56:11:B3,NA,-91
1763026449004,0adab909-eb8f-4baf-9eed-7a4cc889cb7c,84:25:3F:A3:1F:C2,mitte-home MH22340108,-88
1763026449629,0adab909-eb8f-4baf-9eed-7a4cc889cb7c,7E:07:B5:4A:31:2B,NA,-89
1763026449646,0adab909-eb8f-4baf-9eed-7a4cc889cb7c,98:04:ED:A2:3E:1C,S295b50867b2bc14bC,-91
1763026449806,0adab909-eb8f-4baf-9eed-7a4cc889cb7c,68:CA:C4:8A:40:9C,mbasg,-98
1763026449940,0adab909-eb8f-4baf-9eed-7a4cc889cb7c,4E:7A:33:58:D0:E5,NA,-82
1763026450281,0adab909-eb8f-4baf-9eed-7a4cc889cb7c,45:5B:52:88:0A:18,NA,-70
1763026451238,0adab909-eb8f-4baf-9eed-7a4cc889cb7c,4D:4E:4D:65:77:F4,NA,-92
1763026454144,0adab909-eb8f-4baf-9eed-7a4cc889cb7c,6E:B3:53:18:A3:8D,NA,-89
1763026455350,0adab909-eb8f-4baf-9eed-7a4cc889cb7c,4D:42:3F:A6:9E:90,NA,-86
1763026455407,0adab909-eb8f-4baf-9eed-7a4cc889cb7c,4C:4A:51:EF:52:BB,NA,-85
1763026455446,0adab909-eb8f-4baf-9eed-7a4cc889cb7c,7D:BF:17:F9:E1:51,Jabra Evolve2 65,-91
1763026455473,0adab909-eb8f-4baf-9eed-7a4cc889cb7c,56:85:79:3A:84:01,Jabra Evolve2 65,-76
1763026456031,0adab909-eb8f-4baf-9eed-7a4cc889cb7c,70:CC:1D:30:09:71,NA,-85
1763026978669,0adab909-eb8f-4baf-9eed-7a4cc889cb7c,7E:07:B5:4A:31:2B,NA,-86
1763026978725,0adab909-eb8f-4baf-9eed-7a4cc889cb7c,4C:4A:51:EF:52:BB,NA,-90
1763026978748,0adab909-eb8f-4baf-9eed-7a4cc889cb7c,84:25:3F:A3:1F:C2,mitte-home MH22340108,-88
1763026978760,0adab909-eb8f-4baf-9eed-7a4cc889cb7c,6E:B3:53:18:A3:8D,NA,-88
1763026978924,0adab909-eb8f-4baf-9eed-7a4cc889cb7c,68:CA:C4:8A:40:9C,mbasg,-99
1763026979044,0adab909-eb8f-4baf-9eed-7a4cc889cb7c,4D:4E:4D:65:77:F4,NA,-85
1763026979709,0adab909-eb8f-4baf-9eed-7a4cc889cb7c,6B:3D:DC:16:13:84,NA,-85
1763026979748,0adab909-eb8f-4baf-9eed-7a4cc889cb7c,41:99:80:D5:66:F7,NA,-89
1763026980312,0adab909-eb8f-4baf-9eed-7a4cc889cb7c,58:B3:18:19:51:E7,NA,-84
1763026980966,0adab909-eb8f-4baf-9eed-7a4cc889cb7c,4D:B8:05:17:CF:A3,NA,-90
1763026981008,0adab909-eb8f-4baf-9eed-7a4cc889cb7c,5E:5B:E1:E5:F9:66,NA,-81
1763026981606,0adab909-eb8f-4baf-9eed-7a4cc889cb7c,45:5B:52:88:0A:18,NA,-72
1763026981884,0adab909-eb8f-4baf-9eed-7a4cc889cb7c,43:5B:DC:B4:26:5C,NA,-86
1763026982895,0adab909-eb8f-4baf-9eed-7a4cc889cb7c,4F:3F:CA:0B:28:FC,NA,-94
1763026983197,0adab909-eb8f-4baf-9eed-7a4cc889cb7c,56:85:79:3A:84:01,Jabra Evolve2 65,-82
1763026983835,0adab909-eb8f-4baf-9eed-7a4cc889cb7c,5B:20:DE:F4:DB:C1,NA,-94
1763026986369,0adab909-eb8f-4baf-9eed-7a4cc889cb7c,98:04:ED:A2:3E:1C,S295b50867b2bc14bC,-95
1763026986696,0adab909-eb8f-4baf-9eed-7a4cc889cb7c,43:AD:D8:0A:0A:FB,NA,-88
1763026987656,0adab909-eb8f-4baf-9eed-7a4cc889cb7c,70:CC:1D:30:09:71,NA,-87
1763026987983,0adab909-eb8f-4baf-9eed-7a4cc889cb7c,4D:42:3F:A6:9E:90,NA,-87
1763026990534,0adab909-eb8f-4baf-9eed-7a4cc889cb7c,75:0B:A2:0B:69:A5,NA,-91
1763027774599,0adab909-eb8f-4baf-9eed-7a4cc889cb7c,63:22:5E:20:FC:44,NA,-91
1763027774618,0adab909-eb8f-4baf-9eed-7a4cc889cb7c,6E:96:D3:05:9B:BF,NA,-92
1763027774633,0adab909-eb8f-4baf-9eed-7a4cc889cb7c,43:5B:DC:B4:26:5C,NA,-90
1763027774910,0adab909-eb8f-4baf-9eed-7a4cc889cb7c,5D:95:05:19:2E:6F,NA,-75
1763027774960,0adab909-eb8f-4baf-9eed-7a4cc889cb7c,48:02:8F:BC:01:E0,NA,-83
1763027775198,0adab909-eb8f-4baf-9eed-7a4cc889cb7c,70:72:18:83:79:5C,NA,-74
1763027775261,0adab909-eb8f-4baf-9eed-7a4cc889cb7c,84:25:3F:A3:1F:C2,mitte-home MH22340108,-92
1763027775561,0adab909-eb8f-4baf-9eed-7a4cc889cb7c,4A:1E:9F:BD:5E:F8,NA,-91
1763027775903,0adab909-eb8f-4baf-9eed-7a4cc889cb7c,41:69:64:03:7D:B8,NA,-89
1763027776699,0adab909-eb8f-4baf-9eed-7a4cc889cb7c,68:CA:C4:8A:40:9C,mbasg,-100
1763027777389,0adab909-eb8f-4baf-9eed-7a4cc889cb7c,68:CA:C4:8A:40:9C,mbasg,-100
1763027777488,0adab909-eb8f-4baf-9eed-7a4cc889cb7c,43:AD:D8:0A:0A:FB,NA,-96
1763027778130,0adab909-eb8f-4baf-9eed-7a4cc889cb7c,7D:6E:9A:ED:EE:FD,NA,-93
1763027778145,0adab909-eb8f-4baf-9eed-7a4cc889cb7c,5B:2D:0C:43:BA:B5,NA,-92
1763027778772,0adab909-eb8f-4baf-9eed-7a4cc889cb7c,73:9B:82:38:40:AF,NA,-92
1763027779742,0adab909-eb8f-4baf-9eed-7a4cc889cb7c,47:2A:D4:99:FA:82,Jabra Evolve2 65,-89
1763027780376,0adab909-eb8f-4baf-9eed-7a4cc889cb7c,4C:29:42:02:E8:B9,NA,-84
1763027785789,0adab909-eb8f-4baf-9eed-7a4cc889cb7c,59:3B:F1:93:56:15,NA,-90
1763028094739,0adab909-eb8f-4baf-9eed-7a4cc889cb7c,4A:1E:9F:BD:5E:F8,NA,-84
1763028094753,0adab909-eb8f-4baf-9eed-7a4cc889cb7c,78:6D:E8:EA:51:FB,NA,-90
1763028095071,0adab909-eb8f-4baf-9eed-7a4cc889cb7c,63:22:5E:20:FC:44,NA,-79
1763028095739,0adab909-eb8f-4baf-9eed-7a4cc889cb7c,73:9B:82:38:40:AF,NA,-84
1763028095758,0adab909-eb8f-4baf-9eed-7a4cc889cb7c,5D:95:05:19:2E:6F,NA,-73
1763028096056,0adab909-eb8f-4baf-9eed-7a4cc889cb7c,68:CA:C4:8A:40:9C,mbasg,-100
1763028096379,0adab909-eb8f-4baf-9eed-7a4cc889cb7c,70:91:A6:A7:DD:0F,NA,-91
1763028096970,0adab909-eb8f-4baf-9eed-7a4cc889cb7c,41:69:64:03:7D:B8,NA,-89
1763028098932,0adab909-eb8f-4baf-9eed-7a4cc889cb7c,5B:2D:0C:43:BA:B5,NA,-92
1763028098952,0adab909-eb8f-4baf-9eed-7a4cc889cb7c,48:02:8F:BC:01:E0,NA,-78
1763028098965,0adab909-eb8f-4baf-9eed-7a4cc889cb7c,68:CA:C4:8A:40:9C,mbasg,-97
1763028099862,0adab909-eb8f-4baf-9eed-7a4cc889cb7c,43:AD:D8:0A:0A:FB,NA,-88
1763028101776,0adab909-eb8f-4baf-9eed-7a4cc889cb7c,59:3B:F1:93:56:15,NA,-93
1763028101794,0adab909-eb8f-4baf-9eed-7a4cc889cb7c,7D:6E:9A:ED:EE:FD,NA,-91
1763028102402,0adab909-eb8f-4baf-9eed-7a4cc889cb7c,68:EF:63:E2:F8:10,NA,-88
1763028102461,0adab909-eb8f-4baf-9eed-7a4cc889cb7c,45:94:56:FC:EA:B8,Jabra Evolve2 65,-94
1763028102725,0adab909-eb8f-4baf-9eed-7a4cc889cb7c,84:25:3F:A3:1F:C2,mitte-home MH22340108,-94
1763028841462,0adab909-eb8f-4baf-9eed-7a4cc889cb7c,6E:96:D3:05:9B:BF,NA,-88
1763028841481,0adab909-eb8f-4baf-9eed-7a4cc889cb7c,71:C6:2D:C4:7A:5C,NA,-84
1763028841620,0adab909-eb8f-4baf-9eed-7a4cc889cb7c,5D:48:19:47:0D:CD,NA,-79
1763028841934,0adab909-eb8f-4baf-9eed-7a4cc889cb7c,84:25:3F:A3:1F:C2,mitte-home MH22340108,-88
1763028841959,0adab909-eb8f-4baf-9eed-7a4cc889cb7c,6D:7C:D6:07:12:CC,NA,-68
1763028842268,0adab909-eb8f-4baf-9eed-7a4cc889cb7c,68:CA:C4:8A:40:9C,mbasg,-100
1763028842597,0adab909-eb8f-4baf-9eed-7a4cc889cb7c,5C:3D:0F:92:BF:EF,NA,-69
1763028842886,0adab909-eb8f-4baf-9eed-7a4cc889cb7c,7D:E8:4C:90:C0:9C,NA,-89
1763028844180,0adab909-eb8f-4baf-9eed-7a4cc889cb7c,68:CA:C4:8A:40:9C,mbasg,-100
1763028844850,0adab909-eb8f-4baf-9eed-7a4cc889cb7c,5A:11:39:A1:E4:E1,NA,-92
1763028846471,0adab909-eb8f-4baf-9eed-7a4cc889cb7c,70:9B:46:D0:EF:5A,NA,-91
1763029441606,0adab909-eb8f-4baf-9eed-7a4cc889cb7c,46:73:F3:F3:6B:86,NA,-82
1763029441620,0adab909-eb8f-4baf-9eed-7a4cc889cb7c,5C:3D:0F:92:BF:EF,NA,-70
1763029441642,0adab909-eb8f-4baf-9eed-7a4cc889cb7c,68:CA:C4:8A:40:9C,mbasg,-100
1763029441656,0adab909-eb8f-4baf-9eed-7a4cc889cb7c,70:9B:46:D0:EF:5A,NA,-95
1763029441668,0adab909-eb8f-4baf-9eed-7a4cc889cb7c,71:C6:2D:C4:7A:5C,NA,-82
1763029441971,0adab909-eb8f-4baf-9eed-7a4cc889cb7c,7D:E8:4C:90:C0:9C,NA,-90
1763029442572,0adab909-eb8f-4baf-9eed-7a4cc889cb7c,48:4F:E5:2B:F9:49,NA,-93
1763029443224,0adab909-eb8f-4baf-9eed-7a4cc889cb7c,84:25:3F:A3:1F:C2,mitte-home MH22340108,-92
1763029443581,0adab909-eb8f-4baf-9eed-7a4cc889cb7c,4E:37:CA:40:9D:A5,NA,-86
1763029443875,0adab909-eb8f-4baf-9eed-7a4cc889cb7c,5A:11:39:A1:E4:E1,NA,-85
1763029444823,0adab909-eb8f-4baf-9eed-7a4cc889cb7c,4B:DF:FB:FD:A7:E9,NA,-86
1763029445480,0adab909-eb8f-4baf-9eed-7a4cc889cb7c,47:D4:95:FF:18:6A,NA,-86
1763029446274,0adab909-eb8f-4baf-9eed-7a4cc889cb7c,68:CA:C4:8A:40:9C,mbasg,-99
1763029447119,0adab909-eb8f-4baf-9eed-7a4cc889cb7c,6D:7C:D6:07:12:CC,NA,-71
1763029448371,0adab909-eb8f-4baf-9eed-7a4cc889cb7c,5D:19:80:7A:93:FE,NA,-94
1763029450623,0adab909-eb8f-4baf-9eed-7a4cc889cb7c,58:85:BD:C0:1E:45,NA,-92
1763029453183,0adab909-eb8f-4baf-9eed-7a4cc889cb7c,70:1F:C0:69:82:16,NA,-93
1763030042291,0adab909-eb8f-4baf-9eed-7a4cc889cb7c,6D:7C:D6:07:12:CC,NA,-79
1763030042660,0adab909-eb8f-4baf-9eed-7a4cc889cb7c,6A:BA:81:90:A9:D7,NA,-93
1763030043613,0adab909-eb8f-4baf-9eed-7a4cc889cb7c,5C:3D:0F:92:BF:EF,NA,-78
1763030050047,0adab909-eb8f-4baf-9eed-7a4cc889cb7c,68:CA:C4:8A:40:9C,mbasg,-100
1763030051311,0adab909-eb8f-4baf-9eed-7a4cc889cb7c,77:DC:1D:11:58:AA,NA,-88
1763030051950,0adab909-eb8f-4baf-9eed-7a4cc889cb7c,5C:01:05:CE:1A:CD,NA,-92
1763030586563,0adab909-eb8f-4baf-9eed-7a4cc889cb7c,5B:70:01:A8:0C:C7,NA,-91
1763030586993,0adab909-eb8f-4baf-9eed-7a4cc889cb7c,84:25:3F:A3:1F:C2,mitte-home MH22340108,-91
1763030587286,0adab909-eb8f-4baf-9eed-7a4cc889cb7c,6A:39:36:78:A3:28,NA,-77
1763030589895,0adab909-eb8f-4baf-9eed-7a4cc889cb7c,68:CA:C4:8A:40:9C,mbasg,-100
1763030590474,0adab909-eb8f-4baf-9eed-7a4cc889cb7c,5C:01:05:CE:1A:CD,NA,-86
1763030594633,0adab909-eb8f-4baf-9eed-7a4cc889cb7c,42:63:DF:E3:E3:EA,NA,-90
1763030597229,0adab909-eb8f-4baf-9eed-7a4cc889cb7c,7A:55:A7:07:D1:BA,NA,-86
1763031186957,0adab909-eb8f-4baf-9eed-7a4cc889cb7c,6A:39:36:78:A3:28,NA,-75
1763031187003,0adab909-eb8f-4baf-9eed-7a4cc889cb7c,7A:55:A7:07:D1:BA,NA,-77
1763031187285,0adab909-eb8f-4baf-9eed-7a4cc889cb7c,4D:60:26:0B:EF:89,NA,-84
1763031190392,0adab909-eb8f-4baf-9eed-7a4cc889cb7c,68:CA:C4:8A:40:9C,mbasg,-100
1763031190829,0adab909-eb8f-4baf-9eed-7a4cc889cb7c,68:CA:C4:8A:40:9C,mbasg,-100
1763031194008,0adab909-eb8f-4baf-9eed-7a4cc889cb7c,61:E9:92:B6:36:E2,NA,-95
1763031194037,0adab909-eb8f-4baf-9eed-7a4cc889cb7c,84:25:3F:A3:1F:C2,mitte-home MH22340108,-92
1763031787218,0adab909-eb8f-4baf-9eed-7a4cc889cb7c,49:2A:6C:33:61:0C,NA,-92
1763031787637,0adab909-eb8f-4baf-9eed-7a4cc889cb7c,42:F9:94:6E:9B:D9,NA,-85
1763031787653,0adab909-eb8f-4baf-9eed-7a4cc889cb7c,57:FA:A8:1C:ED:A1,NA,-85
1763031788291,0adab909-eb8f-4baf-9eed-7a4cc889cb7c,6C:4E:49:65:BB:0A,NA,-70
1763031788588,0adab909-eb8f-4baf-9eed-7a4cc889cb7c,7E:7C:C1:9F:B1:6B,NA,-91
1763031788671,0adab909-eb8f-4baf-9eed-7a4cc889cb7c,68:CA:C4:8A:40:9C,mbasg,-100
1763031788838,0adab909-eb8f-4baf-9eed-7a4cc889cb7c,77:E5:34:66:A6:1A,NA,-90
1763031788854,0adab909-eb8f-4baf-9eed-7a4cc889cb7c,84:25:3F:A3:1F:C2,mitte-home MH22340108,-90
1763031788866,0adab909-eb8f-4baf-9eed-7a4cc889cb7c,58:02:D7:4C:CD:41,NA,-84
1763031788937,0adab909-eb8f-4baf-9eed-7a4cc889cb7c,68:CA:C4:8A:40:9C,mbasg,-99
1763031789525,0adab909-eb8f-4baf-9eed-7a4cc889cb7c,36:B8:0A:40:B3:46,NA,-85
1763031789542,0adab909-eb8f-4baf-9eed-7a4cc889cb7c,42:78:B5:E8:C5:50,NA,-89
1763031790469,0adab909-eb8f-4baf-9eed-7a4cc889cb7c,98:04:ED:A2:3E:1C,S295b50867b2bc14bC,-90
1763031792118,0adab909-eb8f-4baf-9eed-7a4cc889cb7c,7B:63:48:5F:EB:82,NA,-89
1763031792444,0adab909-eb8f-4baf-9eed-7a4cc889cb7c,5F:67:C5:44:BB:1D,NA,-79
1763031793348,0adab909-eb8f-4baf-9eed-7a4cc889cb7c,70:89:EB:0A:A0:89,NA,-90
1763031794347,0adab909-eb8f-4baf-9eed-7a4cc889cb7c,5F:7B:33:12:19:8C,NA,-89
1763031796579,0adab909-eb8f-4baf-9eed-7a4cc889cb7c,6F:D4:1F:15:2D:8B,NA,-87
1763031797810,0adab909-eb8f-4baf-9eed-7a4cc889cb7c,64:4D:25:A5:B6:5E,NA,-91
1763031797835,0adab909-eb8f-4baf-9eed-7a4cc889cb7c,7F:01:A4:91:1A:AE,NA,-92
1763031798169,0adab909-eb8f-4baf-9eed-7a4cc889cb7c,78:EC:4E:72:16:D9,NA,-92
1763031798190,0adab909-eb8f-4baf-9eed-7a4cc889cb7c,79:CC:A3:4C:20:0A,NA,-91
1763032387655,0adab909-eb8f-4baf-9eed-7a4cc889cb7c,6C:4E:49:65:BB:0A,NA,-77
1763032387971,0adab909-eb8f-4baf-9eed-7a4cc889cb7c,56:E8:82:3A:57:2B,NA,-91
1763032387986,0adab909-eb8f-4baf-9eed-7a4cc889cb7c,77:E5:34:66:A6:1A,NA,-82
1763032388555,0adab909-eb8f-4baf-9eed-7a4cc889cb7c,52:FF:C6:DB:25:CA,NA,-90
1763032388572,0adab909-eb8f-4baf-9eed-7a4cc889cb7c,72:10:F3:A2:A1:C2,NA,-90
1763032388946,0adab909-eb8f-4baf-9eed-7a4cc889cb7c,4D:99:14:B3:62:07,NA,-85
1763032388964,0adab909-eb8f-4baf-9eed-7a4cc889cb7c,84:25:3F:A3:1F:C2,mitte-home MH22340108,-93
1763032390214,0adab909-eb8f-4baf-9eed-7a4cc889cb7c,68:CA:C4:8A:40:9C,mbasg,-100
1763032392708,0adab909-eb8f-4baf-9eed-7a4cc889cb7c,7E:7C:C1:9F:B1:6B,NA,-90
1763032393986,0adab909-eb8f-4baf-9eed-7a4cc889cb7c,7C:D0:81:3F:C1:F4,NA,-94
1763032394008,0adab909-eb8f-4baf-9eed-7a4cc889cb7c,78:EC:4E:72:16:D9,NA,-91
1763032394959,0adab909-eb8f-4baf-9eed-7a4cc889cb7c,15:FA:71:6A:FF:EE,NA,-89
1763032395959,0adab909-eb8f-4baf-9eed-7a4cc889cb7c,7B:9F:7A:56:24:04,NA,-94
1763032397021,0adab909-eb8f-4baf-9eed-7a4cc889cb7c,68:CA:C4:8A:40:9C,mbasg,-100
1763032397920,0adab909-eb8f-4baf-9eed-7a4cc889cb7c,63:45:44:6C:3A:E1,NA,-91
1763032398852,0adab909-eb8f-4baf-9eed-7a4cc889cb7c,71:C5:5F:8F:86:40,NA,-87
1763032919230,0adab909-eb8f-4baf-9eed-7a4cc889cb7c,47:E8:C5:A6:AE:49,NA,-81
1763032919873,0adab909-eb8f-4baf-9eed-7a4cc889cb7c,56:E8:82:3A:57:2B,NA,-88
1763032920226,0adab909-eb8f-4baf-9eed-7a4cc889cb7c,78:EB:F1:0E:4D:66,NA,-94
1763032920578,0adab909-eb8f-4baf-9eed-7a4cc889cb7c,78:EC:4E:72:16:D9,NA,-91
1763032920592,0adab909-eb8f-4baf-9eed-7a4cc889cb7c,84:25:3F:A3:1F:C2,mitte-home MH22340108,-88
1763032920605,0adab909-eb8f-4baf-9eed-7a4cc889cb7c,75:76:17:A5:31:AB,NA,-73
1763032921524,0adab909-eb8f-4baf-9eed-7a4cc889cb7c,40:0D:45:23:EA:A8,NA,-87
1763032922458,0adab909-eb8f-4baf-9eed-7a4cc889cb7c,4D:99:14:B3:62:07,NA,-86
1763032922475,0adab909-eb8f-4baf-9eed-7a4cc889cb7c,72:10:F3:A2:A1:C2,NA,-92
1763032924041,0adab909-eb8f-4baf-9eed-7a4cc889cb7c,7B:9F:7A:56:24:04,NA,-93
1763032928199,0adab909-eb8f-4baf-9eed-7a4cc889cb7c,52:FF:C6:DB:25:CA,NA,-92
1763032928219,0adab909-eb8f-4baf-9eed-7a4cc889cb7c,2D:B3:58:5D:FA:1D,NA,-85
1763032928265,0adab909-eb8f-4baf-9eed-7a4cc889cb7c,68:CA:C4:8A:40:9C,mbasg,-100
1763032929812,0adab909-eb8f-4baf-9eed-7a4cc889cb7c,63:45:44:6C:3A:E1,NA,-86
1763033518655,0adab909-eb8f-4baf-9eed-7a4cc889cb7c,68:CA:C4:8A:40:9C,mbasg,-100
1763033518797,0adab909-eb8f-4baf-9eed-7a4cc889cb7c,40:0D:45:23:EA:A8,NA,-82
1763033519718,0adab909-eb8f-4baf-9eed-7a4cc889cb7c,30:43:47:52:38:58,NA,-92
1763033520691,0adab909-eb8f-4baf-9eed-7a4cc889cb7c,84:25:3F:A3:1F:C2,mitte-home MH22340108,-93
1763033521036,0adab909-eb8f-4baf-9eed-7a4cc889cb7c,47:E8:C5:A6:AE:49,NA,-83
1763033521051,0adab909-eb8f-4baf-9eed-7a4cc889cb7c,47:B4:B4:5E:B7:A4,NA,-92
1763033524874,0adab909-eb8f-4baf-9eed-7a4cc889cb7c,49:CD:D8:00:67:D1,NA,-89
1763033524898,0adab909-eb8f-4baf-9eed-7a4cc889cb7c,98:04:ED:A2:3E:1C,S295b50867b2bc14bC,-92
1763033526101,0adab909-eb8f-4baf-9eed-7a4cc889cb7c,6E:5D:36:13:50:15,NA,-86
1763033528019,0adab909-eb8f-4baf-9eed-7a4cc889cb7c,78:EB:F1:0E:4D:66,NA,-85
1763033529344,0adab909-eb8f-4baf-9eed-7a4cc889cb7c,7D:23:76:D2:9D:92,NA,-87
1763034119194,0adab909-eb8f-4baf-9eed-7a4cc889cb7c,5D:CA:9E:CC:1E:9B,NA,-81
1763034119243,0adab909-eb8f-4baf-9eed-7a4cc889cb7c,55:EE:18:70:A8:ED,NA,-76
1763034119277,0adab909-eb8f-4baf-9eed-7a4cc889cb7c,48:BB:BC:D8:9F:50,NA,-76
1763034119301,0adab909-eb8f-4baf-9eed-7a4cc889cb7c,3A:98:98:03:DB:63,NA,-79
1763034119540,0adab909-eb8f-4baf-9eed-7a4cc889cb7c,98:04:ED:A2:3E:1C,S295b50867b2bc14bC,-84
1763034119580,0adab909-eb8f-4baf-9eed-7a4cc889cb7c,62:16:61:32:6C:F6,NA,-72
1763034119867,0adab909-eb8f-4baf-9eed-7a4cc889cb7c,7B:4B:5A:F9:CE:23,NA,-74
1763034120521,0adab909-eb8f-4baf-9eed-7a4cc889cb7c,84:25:3F:A3:1F:C2,mitte-home MH22340108,-91
1763034120863,0adab909-eb8f-4baf-9eed-7a4cc889cb7c,5A:1D:16:B6:1A:7E,NA,-88
1763034120898,0adab909-eb8f-4baf-9eed-7a4cc889cb7c,49:0D:25:A9:03:FF,NA,-85
1763034121203,0adab909-eb8f-4baf-9eed-7a4cc889cb7c,42:98:B9:03:CB:2F,NA,-73
1763034121826,0adab909-eb8f-4baf-9eed-7a4cc889cb7c,4C:17:C4:73:F0:C9,NA,-70
1763034121920,0adab909-eb8f-4baf-9eed-7a4cc889cb7c,68:CA:C4:8A:40:9C,mbasg,-98
1763034122123,0adab909-eb8f-4baf-9eed-7a4cc889cb7c,78:42:29:06:FB:14,NA,-79
1763034122151,0adab909-eb8f-4baf-9eed-7a4cc889cb7c,4A:DE:BC:55:90:EC,NA,-79
1763034122366,0adab909-eb8f-4baf-9eed-7a4cc889cb7c,68:CA:C4:8A:40:9C,mbasg,-94
1763034122442,0adab909-eb8f-4baf-9eed-7a4cc889cb7c,52:AE:3D:BC:01:3E,NA,-94
1763034122904,0adab909-eb8f-4baf-9eed-7a4cc889cb7c,6C:60:C9:FF:9B:63,NA,-79
1763034123845,0adab909-eb8f-4baf-9eed-7a4cc889cb7c,6F:82:3F:51:BD:A1,NA,-84
1763034124348,0adab909-eb8f-4baf-9eed-7a4cc889cb7c,68:40:4B:75:C4:E4,NA,-92
1763034124382,0adab909-eb8f-4baf-9eed-7a4cc889cb7c,7C:9C:1B:AD:4B:2A,NA,-92
1763034125991,0adab909-eb8f-4baf-9eed-7a4cc889cb7c,58:84:25:FC:DE:8C,NA,-77
1763034126030,0adab909-eb8f-4baf-9eed-7a4cc889cb7c,40:BE:E1:78:15:15,NA,-83
1763034128892,0adab909-eb8f-4baf-9eed-7a4cc889cb7c,7B:23:D9:93:A1:50,NA,-87
1763034132059,0adab909-eb8f-4baf-9eed-7a4cc889cb7c,78:42:29:06:FB:14,NA,-78
1763034132101,0adab909-eb8f-4baf-9eed-7a4cc889cb7c,98:04:ED:A2:3E:1C,S295b50867b2bc14bC,-83
1763034132129,0adab909-eb8f-4baf-9eed-7a4cc889cb7c,84:25:3F:A3:1F:C2,mitte-home MH22340108,-83
1763034132168,0adab909-eb8f-4baf-9eed-7a4cc889cb7c,40:BE:E1:78:15:15,NA,-78
1763034132190,0adab909-eb8f-4baf-9eed-7a4cc889cb7c,5B:B5:A3:2D:C8:46,Jabra Evolve2 65,-84
1763034132213,0adab909-eb8f-4baf-9eed-7a4cc889cb7c,48:BB:BC:D8:9F:50,NA,-74
1763034132240,0adab909-eb8f-4baf-9eed-7a4cc889cb7c,5A:1D:16:B6:1A:7E,NA,-78
1763034132263,0adab909-eb8f-4baf-9eed-7a4cc889cb7c,35:31:90:6E:11:09,NA,-62
1763034132286,0adab909-eb8f-4baf-9eed-7a4cc889cb7c,25:B1:70:4F:DA:B9,NA,-72
1763034132314,0adab909-eb8f-4baf-9eed-7a4cc889cb7c,30:B6:66:3D:E6:44,NA,-72
1763034132337,0adab909-eb8f-4baf-9eed-7a4cc889cb7c,18:F5:D8:31:6E:AB,NA,-84
1763034132375,0adab909-eb8f-4baf-9eed-7a4cc889cb7c,49:0D:25:A9:03:FF,NA,-85
1763034132396,0adab909-eb8f-4baf-9eed-7a4cc889cb7c,DA:92:41:7C:D8:D6,NA,-89
1763034132414,0adab909-eb8f-4baf-9eed-7a4cc889cb7c,42:98:B9:03:CB:2F,NA,-72
1763034133147,0adab909-eb8f-4baf-9eed-7a4cc889cb7c,4A:DE:BC:55:90:EC,NA,-76
1763034133170,0adab909-eb8f-4baf-9eed-7a4cc889cb7c,68:40:4B:75:C4:E4,NA,-88
1763034133251,0adab909-eb8f-4baf-9eed-7a4cc889cb7c,4C:17:C4:73:F0:C9,NA,-67
1763034133277,0adab909-eb8f-4baf-9eed-7a4cc889cb7c,7B:4B:5A:F9:CE:23,NA,-70
1763034133301,0adab909-eb8f-4baf-9eed-7a4cc889cb7c,32:CC:89:2F:98:22,NA,-89
1763034134123,0adab909-eb8f-4baf-9eed-7a4cc889cb7c,03:6E:47:E4:7D:46,NA,-77
1763034134173,0adab909-eb8f-4baf-9eed-7a4cc889cb7c,1E:A0:A6:28:36:3B,NA,-95
1763034134191,0adab909-eb8f-4baf-9eed-7a4cc889cb7c,2D:F1:49:4D:36:19,NA,-78
1763034134211,0adab909-eb8f-4baf-9eed-7a4cc889cb7c,EB:69:F9:C2:AD:63,NA,-84
1763034134228,0adab909-eb8f-4baf-9eed-7a4cc889cb7c,3A:98:98:03:DB:63,NA,-73
1763034134250,0adab909-eb8f-4baf-9eed-7a4cc889cb7c,6C:60:C9:FF:9B:63,NA,-78
1763034877373,0adab909-eb8f-4baf-9eed-7a4cc889cb7c,72:DF:D3:F0:F9:9D,NA,-86
1763034877447,0adab909-eb8f-4baf-9eed-7a4cc889cb7c,6C:60:C9:FF:9B:63,NA,-86
1763034877470,0adab909-eb8f-4baf-9eed-7a4cc889cb7c,45:4B:08:3C:2F:C9,NA,-87
1763034877494,0adab909-eb8f-4baf-9eed-7a4cc889cb7c,15:91:0B:02:BF:D0,NA,-76
1763034877518,0adab909-eb8f-4baf-9eed-7a4cc889cb7c,98:04:ED:A2:3E:1C,S295b50867b2bc14bC,-78
1763034877538,0adab909-eb8f-4baf-9eed-7a4cc889cb7c,5E:FD:C1:00:52:73,NA,-92
1763034877639,0adab909-eb8f-4baf-9eed-7a4cc889cb7c,69:A5:F9:A9:D6:2A,NA,-86
1763034877658,0adab909-eb8f-4baf-9eed-7a4cc889cb7c,42:98:B9:03:CB:2F,NA,-80
1763034878314,0adab909-eb8f-4baf-9eed-7a4cc889cb7c,4F:29:7D:22:C8:5F,NA,-93
1763034878334,0adab909-eb8f-4baf-9eed-7a4cc889cb7c,73:8B:01:30:11:F6,NA,-87
1763034878909,0adab909-eb8f-4baf-9eed-7a4cc889cb7c,7B:4B:5A:F9:CE:23,NA,-74
1763034879020,0adab909-eb8f-4baf-9eed-7a4cc889cb7c,68:CA:C4:8A:40:9C,mbasg,-100
1763034879290,0adab909-eb8f-4baf-9eed-7a4cc889cb7c,71:DF:01:1F:D1:53,NA,-85
1763034879906,0adab909-eb8f-4baf-9eed-7a4cc889cb7c,84:25:3F:A3:1F:C2,mitte-home MH22340108,-89
1763034880232,0adab909-eb8f-4baf-9eed-7a4cc889cb7c,46:F8:AF:80:FE:55,NA,-71
1763034880252,0adab909-eb8f-4baf-9eed-7a4cc889cb7c,6F:82:3F:51:BD:A1,NA,-82
1763034881864,0adab909-eb8f-4baf-9eed-7a4cc889cb7c,60:61:FE:34:03:E9,NA,-87
1763034882460,0adab909-eb8f-4baf-9eed-7a4cc889cb7c,4C:D1:C4:4B:A0:E9,NA,-87
1763034884725,0adab909-eb8f-4baf-9eed-7a4cc889cb7c,65:14:86:DD:F5:23,NA,-85
1763034885335,0adab909-eb8f-4baf-9eed-7a4cc889cb7c,50:DA:01:C3:9F:56,NA,-81
1763034885672,0adab909-eb8f-4baf-9eed-7a4cc889cb7c,6D:6F:5B:D3:2A:B9,NA,-93
1763034886338,0adab909-eb8f-4baf-9eed-7a4cc889cb7c,54:10:B5:FC:9B:4C,Jabra Evolve2 65,-85
1763035325083,0adab909-eb8f-4baf-9eed-7a4cc889cb7c,5C:7A:FE:09:9B:5E,NA,-76
1763035325103,0adab909-eb8f-4baf-9eed-7a4cc889cb7c,84:25:3F:A3:1F:C2,mitte-home MH22340108,-82
1763035325123,0adab909-eb8f-4baf-9eed-7a4cc889cb7c,69:A5:F9:A9:D6:2A,NA,-82
1763035325139,0adab909-eb8f-4baf-9eed-7a4cc889cb7c,98:04:ED:A2:3E:1C,S295b50867b2bc14bC,-76
1763035325173,0adab909-eb8f-4baf-9eed-7a4cc889cb7c,60:61:FE:34:03:E9,NA,-87
1763035325189,0adab909-eb8f-4baf-9eed-7a4cc889cb7c,5E:FD:C1:00:52:73,NA,-89
1763035325204,0adab909-eb8f-4baf-9eed-7a4cc889cb7c,42:30:4E:8C:1A:0D,NA,-86
1763035325222,0adab909-eb8f-4baf-9eed-7a4cc889cb7c,68:CA:C4:8A:40:9C,mbasg,-99
1763035325237,0adab909-eb8f-4baf-9eed-7a4cc889cb7c,6E:FB:56:01:D2:E8,NA,-49
1763035325261,0adab909-eb8f-4baf-9eed-7a4cc889cb7c,67:36:9C:EA:DF:67,NA,-77
1763035325282,0adab909-eb8f-4baf-9eed-7a4cc889cb7c,71:DF:01:1F:D1:53,NA,-88
1763035325300,0adab909-eb8f-4baf-9eed-7a4cc889cb7c,50:DA:01:C3:9F:56,NA,-80
1763035326208,0adab909-eb8f-4baf-9eed-7a4cc889cb7c,72:DF:D3:F0:F9:9D,NA,-77
1763035326232,0adab909-eb8f-4baf-9eed-7a4cc889cb7c,0A:9C:6F:96:4B:BC,NA,-71
1763035326538,0adab909-eb8f-4baf-9eed-7a4cc889cb7c,6C:60:C9:FF:9B:63,NA,-78
1763035326578,0adab909-eb8f-4baf-9eed-7a4cc889cb7c,45:4B:08:3C:2F:C9,NA,-81
1763035326847,0adab909-eb8f-4baf-9eed-7a4cc889cb7c,73:8B:01:30:11:F6,NA,-85
1763035327193,0adab909-eb8f-4baf-9eed-7a4cc889cb7c,42:98:B9:03:CB:2F,NA,-76
1763035328781,0adab909-eb8f-4baf-9eed-7a4cc889cb7c,4F:29:7D:22:C8:5F,NA,-81
1763035329468,0adab909-eb8f-4baf-9eed-7a4cc889cb7c,7B:F1:DA:0D:2B:FC,NA,-80
1763035331350,0adab909-eb8f-4baf-9eed-7a4cc889cb7c,1C:54:9E:89:0C:67,Frau schmitt 1,-93
1763035332910,0adab909-eb8f-4baf-9eed-7a4cc889cb7c,42:6F:C3:AC:63:31,NA,-75
1763035333295,0adab909-eb8f-4baf-9eed-7a4cc889cb7c,65:C3:27:DF:9E:59,Jabra Evolve2 65,-53
1763036279560,0adab909-eb8f-4baf-9eed-7a4cc889cb7c,63:AD:CF:12:A5:8F,NA,-81
1763036279578,0adab909-eb8f-4baf-9eed-7a4cc889cb7c,98:04:ED:A2:3E:1C,S295b50867b2bc14bC,-88
1763036279591,0adab909-eb8f-4baf-9eed-7a4cc889cb7c,6A:F0:FE:C2:F8:E7,NA,-89
1763036279627,0adab909-eb8f-4baf-9eed-7a4cc889cb7c,5A:80:FB:0F:60:5F,NA,-94
1763036280272,0adab909-eb8f-4baf-9eed-7a4cc889cb7c,6A:D6:11:F7:39:54,NA,-63
1763036280290,0adab909-eb8f-4baf-9eed-7a4cc889cb7c,67:36:9C:EA:DF:67,NA,-80
1763036280504,0adab909-eb8f-4baf-9eed-7a4cc889cb7c,49:26:92:08:EB:B8,NA,-83
1763036280523,0adab909-eb8f-4baf-9eed-7a4cc889cb7c,42:6F:C3:AC:63:31,NA,-90
1763036280536,0adab909-eb8f-4baf-9eed-7a4cc889cb7c,3A:FB:5A:96:D1:7A,NA,-82
1763036280965,0adab909-eb8f-4baf-9eed-7a4cc889cb7c,68:CA:C4:8A:40:9C,mbasg,-97
1763036281150,0adab909-eb8f-4baf-9eed-7a4cc889cb7c,84:25:3F:A3:1F:C2,mitte-home MH22340108,-88
1763036281470,0adab909-eb8f-4baf-9eed-7a4cc889cb7c,70:16:5F:C8:F9:7A,NA,-88
1763036282425,0adab909-eb8f-4baf-9eed-7a4cc889cb7c,6F:66:EF:A3:90:54,NA,-89
1763036283408,0adab909-eb8f-4baf-9eed-7a4cc889cb7c,5F:45:87:C6:4B:AB,Jabra Evolve2 65,-91
1763036284101,0adab909-eb8f-4baf-9eed-7a4cc889cb7c,7F:60:D4:2C:2C:DD,NA,-81
1763036284370,0adab909-eb8f-4baf-9eed-7a4cc889cb7c,55:AE:36:A0:C5:D1,NA,-84
1763036284667,0adab909-eb8f-4baf-9eed-7a4cc889cb7c,52:97:A4:69:E9:51,Jabra Evolve2 65,-81
1763036285350,0adab909-eb8f-4baf-9eed-7a4cc889cb7c,56:5F:67:D2:D6:D7,NA,-79
1763036287236,0adab909-eb8f-4baf-9eed-7a4cc889cb7c,69:A1:65:AF:9C:ED,NA,-88
1763036290791,0adab909-eb8f-4baf-9eed-7a4cc889cb7c,44:FB:B6:FA:D9:77,NA,-54
1763036578421,0adab909-eb8f-4baf-9eed-7a4cc889cb7c,6A:F0:FE:C2:F8:E7,NA,-81
1763036578437,0adab909-eb8f-4baf-9eed-7a4cc889cb7c,42:6F:C3:AC:63:31,NA,-85
1763036578447,0adab909-eb8f-4baf-9eed-7a4cc889cb7c,84:25:3F:A3:1F:C2,mitte-home MH22340108,-84
1763036578459,0adab909-eb8f-4baf-9eed-7a4cc889cb7c,68:CA:C4:8A:40:9C,mbasg,-96
1763036578530,0adab909-eb8f-4baf-9eed-7a4cc889cb7c,98:04:ED:A2:3E:1C,S295b50867b2bc14bC,-86
1763036578547,0adab909-eb8f-4baf-9eed-7a4cc889cb7c,7F:60:D4:2C:2C:DD,NA,-84
1763036578576,0adab909-eb8f-4baf-9eed-7a4cc889cb7c,09:BB:34:72:2E:05,NA,-83
1763036578861,0adab909-eb8f-4baf-9eed-7a4cc889cb7c,70:16:5F:C8:F9:7A,NA,-86
1763036578909,0adab909-eb8f-4baf-9eed-7a4cc889cb7c,63:AD:CF:12:A5:8F,NA,-59
1763036579548,0adab909-eb8f-4baf-9eed-7a4cc889cb7c,6A:D6:11:F7:39:54,NA,-82
1763036579652,0adab909-eb8f-4baf-9eed-7a4cc889cb7c,68:CA:C4:8A:40:9C,mbasg,-99
1763036579871,0adab909-eb8f-4baf-9eed-7a4cc889cb7c,44:FB:B6:FA:D9:77,NA,-88
1763036579888,0adab909-eb8f-4baf-9eed-7a4cc889cb7c,69:A1:65:AF:9C:ED,NA,-84
1763036580484,0adab909-eb8f-4baf-9eed-7a4cc889cb7c,56:5F:67:D2:D6:D7,NA,-82
1763036580503,0adab909-eb8f-4baf-9eed-7a4cc889cb7c,49:26:92:08:EB:B8,NA,-86
1763036581442,0adab909-eb8f-4baf-9eed-7a4cc889cb7c,5A:80:FB:0F:60:5F,NA,-86
1763036581807,0adab909-eb8f-4baf-9eed-7a4cc889cb7c,6F:66:EF:A3:90:54,NA,-85
1763036582394,0adab909-eb8f-4baf-9eed-7a4cc889cb7c,52:97:A4:69:E9:51,Jabra Evolve2 65,-72
1763036583738,0adab909-eb8f-4baf-9eed-7a4cc889cb7c,44:CB:EF:8B:F4:5B,NA,-75
1763036588834,0adab909-eb8f-4baf-9eed-7a4cc889cb7c,78:89:4C:28:05:0D,Jabra Evolve2 65,-90
1763037174208,0adab909-eb8f-4baf-9eed-7a4cc889cb7c,49:5E:83:C6:9B:40,NA,-79
1763037174247,0adab909-eb8f-4baf-9eed-7a4cc889cb7c,58:17:3A:82:3B:77,NA,-80
1763037174269,0adab909-eb8f-4baf-9eed-7a4cc889cb7c,62:54:05:96:D6:D5,NA,-91
1763037174293,0adab909-eb8f-4baf-9eed-7a4cc889cb7c,4F:6B:87:5A:04:F1,NA,-91
1763037174356,0adab909-eb8f-4baf-9eed-7a4cc889cb7c,55:AE:36:A0:C5:D1,NA,-92
1763037174379,0adab909-eb8f-4baf-9eed-7a4cc889cb7c,84:25:3F:A3:1F:C2,mitte-home MH22340108,-86
1763037174396,0adab909-eb8f-4baf-9eed-7a4cc889cb7c,98:04:ED:A2:3E:1C,S295b50867b2bc14bC,-93
1763037174417,0adab909-eb8f-4baf-9eed-7a4cc889cb7c,44:CB:EF:8B:F4:5B,NA,-85
1763037174515,0adab909-eb8f-4baf-9eed-7a4cc889cb7c,46:1C:B0:15:3C:FF,NA,-86
1763037174781,0adab909-eb8f-4baf-9eed-7a4cc889cb7c,5C:CE:32:0D:13:AD,NA,-91
1763037174818,0adab909-eb8f-4baf-9eed-7a4cc889cb7c,28:E8:63:1C:08:48,NA,-85
1763037175095,0adab909-eb8f-4baf-9eed-7a4cc889cb7c,47:C1:4D:71:AA:3C,NA,-72
1763037175113,0adab909-eb8f-4baf-9eed-7a4cc889cb7c,58:60:95:BF:BF:FE,NA,-91
1763037176393,0adab909-eb8f-4baf-9eed-7a4cc889cb7c,76:32:CA:9E:94:65,NA,-87
1763037176764,0adab909-eb8f-4baf-9eed-7a4cc889cb7c,4C:DE:92:16:11:A2,NA,-90
1763037177900,0adab909-eb8f-4baf-9eed-7a4cc889cb7c,68:CA:C4:8A:40:9C,mbasg,-100
1763037178074,0adab909-eb8f-4baf-9eed-7a4cc889cb7c,68:CA:C4:8A:40:9C,mbasg,-100
1763037180618,0adab909-eb8f-4baf-9eed-7a4cc889cb7c,51:94:28:2A:94:7E,Jabra Evolve2 65,-78
1763037834096,0adab909-eb8f-4baf-9eed-7a4cc889cb7c,76:32:CA:9E:94:65,NA,-86
1763037834145,0adab909-eb8f-4baf-9eed-7a4cc889cb7c,49:5E:83:C6:9B:40,NA,-71
1763037834163,0adab909-eb8f-4baf-9eed-7a4cc889cb7c,46:1C:B0:15:3C:FF,NA,-91
1763037834175,0adab909-eb8f-4baf-9eed-7a4cc889cb7c,7B:35:A4:6C:47:77,NA,-86
1763037834187,0adab909-eb8f-4baf-9eed-7a4cc889cb7c,44:CB:EF:8B:F4:5B,NA,-81
1763037834474,0adab909-eb8f-4baf-9eed-7a4cc889cb7c,84:25:3F:A3:1F:C2,mitte-home MH22340108,-87
1763037834493,0adab909-eb8f-4baf-9eed-7a4cc889cb7c,5C:CE:32:0D:13:AD,NA,-92
1763037835099,0adab909-eb8f-4baf-9eed-7a4cc889cb7c,47:C1:4D:71:AA:3C,NA,-74
1763037836061,0adab909-eb8f-4baf-9eed-7a4cc889cb7c,62:FC:08:7E:E4:0A,NA,-86
1763037837049,0adab909-eb8f-4baf-9eed-7a4cc889cb7c,47:84:44:CE:83:7F,NA,-82
1763037838242,0adab909-eb8f-4baf-9eed-7a4cc889cb7c,68:CA:C4:8A:40:9C,mbasg,-100
1763037838924,0adab909-eb8f-4baf-9eed-7a4cc889cb7c,4C:DE:92:16:11:A2,NA,-88
1763037839053,0adab909-eb8f-4baf-9eed-7a4cc889cb7c,68:CA:C4:8A:40:9C,mbasg,-97
1763037839326,0adab909-eb8f-4baf-9eed-7a4cc889cb7c,6B:A0:8E:B1:7D:6F,NA,-90
1763037842821,0adab909-eb8f-4baf-9eed-7a4cc889cb7c,51:94:28:2A:94:7E,Jabra Evolve2 65,-80
1763038322749,0adab909-eb8f-4baf-9eed-7a4cc889cb7c,98:04:ED:A2:3E:1C,S295b50867b2bc14bC,-82
1763038322784,0adab909-eb8f-4baf-9eed-7a4cc889cb7c,84:25:3F:A3:1F:C2,mitte-home MH22340108,-78
1763038323104,0adab909-eb8f-4baf-9eed-7a4cc889cb7c,4F:A9:DF:D4:E7:68,NA,-81
1763038323494,0adab909-eb8f-4baf-9eed-7a4cc889cb7c,60:5D:3F:5C:7F:B4,Jabra Evolve2 5,-81
1763038323522,0adab909-eb8f-4baf-9eed-7a4cc889cb7c,4C:CE:32:64:4B:F0,NA,-85
1763038324083,0adab909-eb8f-4baf-9eed-7a4cc889cb7c,41:63:F1:88:FC:5E,NA,-72
1763038325706,0adab909-eb8f-4baf-9eed-7a4cc889cb7c,48:B3:FA:32:13:42,NA,-76
1763038329256,0adab909-eb8f-4baf-9eed-7a4cc889cb7c,62:FC:08:7E:E4:0A,NA,-86
1763038335630,0adab909-eb8f-4baf-9eed-7a4cc889cb7c,98:04:ED:A2:3E:1C,S295b50867b2bc14bC,-80
1763038335683,0adab909-eb8f-4baf-9eed-7a4cc889cb7c,84:25:3F:A3:1F:C2,mitte-home MH22340108,-75
1763038335703,0adab909-eb8f-4baf-9eed-7a4cc889cb7c,07:26:85:53:44:41,NA,-86
1763038335722,0adab909-eb8f-4baf-9eed-7a4cc889cb7c,41:63:F1:88:FC:5E,NA,-69
1763038335782,0adab909-eb8f-4baf-9eed-7a4cc889cb7c,0E:AF:F2:0A:2C:5C,NA,-81
1763038335797,0adab909-eb8f-4baf-9eed-7a4cc889cb7c,60:5D:3F:5C:7F:B4,Jabra Evolve2 5,-80
1763038335828,0adab909-eb8f-4baf-9eed-7a4cc889cb7c,48:B3:FA:32:13:42,NA,-76
1763038335847,0adab909-eb8f-4baf-9eed-7a4cc889cb7c,D0:C1:77:9F:77:70,NA,-80
1763038335888,0adab909-eb8f-4baf-9eed-7a4cc889cb7c,11:49:77:EF:00:6F,NA,-88
1763038335911,0adab909-eb8f-4baf-9eed-7a4cc889cb7c,0E:D3:64:10:84:50,NA,-92
1763038336756,0adab909-eb8f-4baf-9eed-7a4cc889cb7c,4C:CE:32:64:4B:F0,NA,-90
1763038336780,0adab909-eb8f-4baf-9eed-7a4cc889cb7c,62:FC:08:7E:E4:0A,NA,-87
1763038336797,0adab909-eb8f-4baf-9eed-7a4cc889cb7c,1C:11:80:E3:6D:58,NA,-88
1763038337776,0adab909-eb8f-4baf-9eed-7a4cc889cb7c,4F:A9:DF:D4:E7:68,NA,-82
1763038338615,0adab909-eb8f-4baf-9eed-7a4cc889cb7c,60:5D:3F:5C:7F:B4,Jabra Evolve2 5,-79
1763038338642,0adab909-eb8f-4baf-9eed-7a4cc889cb7c,0E:D3:64:10:84:50,NA,-90
1763038919623,0adab909-eb8f-4baf-9eed-7a4cc889cb7c,6E:C9:B1:52:4F:53,NA,-80
1763038919642,0adab909-eb8f-4baf-9eed-7a4cc889cb7c,46:EF:11:9F:23:8C,NA,-80
1763038919666,0adab909-eb8f-4baf-9eed-7a4cc889cb7c,54:93:95:34:DD:57,NA,-79
1763038919687,0adab909-eb8f-4baf-9eed-7a4cc889cb7c,48:FE:5E:C0:E7:8A,NA,-80
1763038919700,0adab909-eb8f-4baf-9eed-7a4cc889cb7c,68:AE:5A:D9:EC:DC,NA,-83
1763038920007,0adab909-eb8f-4baf-9eed-7a4cc889cb7c,4C:CE:32:64:4B:F0,NA,-86
1763038920027,0adab909-eb8f-4baf-9eed-7a4cc889cb7c,4F:A9:DF:D4:E7:68,NA,-68
1763038920044,0adab909-eb8f-4baf-9eed-7a4cc889cb7c,49:C2:95:37:3D:BC,NA,-81
1763038920320,0adab909-eb8f-4baf-9eed-7a4cc889cb7c,47:84:44:CE:83:7F,NA,-81
1763038921536,0adab909-eb8f-4baf-9eed-7a4cc889cb7c,68:CA:C4:8A:40:9C,mbasg,-98
1763038921556,0adab909-eb8f-4baf-9eed-7a4cc889cb7c,4D:4C:7A:28:C7:B8,NA,-84
1763038921928,0adab909-eb8f-4baf-9eed-7a4cc889cb7c,84:25:3F:A3:1F:C2,mitte-home MH22340108,-91
1763038922250,0adab909-eb8f-4baf-9eed-7a4cc889cb7c,71:77:1A:8B:93:A9,NA,-88
1763038922700,0adab909-eb8f-4baf-9eed-7a4cc889cb7c,68:CA:C4:8A:40:9C,mbasg,-100
1763038923181,0adab909-eb8f-4baf-9eed-7a4cc889cb7c,6B:3A:86:70:68:06,NA,-89
1763038924176,0adab909-eb8f-4baf-9eed-7a4cc889cb7c,55:66:23:0E:B1:E6,NA,-88
1763038924198,0adab909-eb8f-4baf-9eed-7a4cc889cb7c,58:32:FE:41:05:E8,Jabra Evolve2 65,-83
1763038925119,0adab909-eb8f-4baf-9eed-7a4cc889cb7c,79:34:E3:3A:B4:4C,NA,-89
1763038927059,0adab909-eb8f-4baf-9eed-7a4cc889cb7c,48:B3:FA:32:13:42,NA,-61
1763038927704,0adab909-eb8f-4baf-9eed-7a4cc889cb7c,7F:72:B9:EC:60:D1,NA,-91
1763039498073,0adab909-eb8f-4baf-9eed-7a4cc889cb7c,7C:F5:6B:31:83:88,NA,-83
1763039498153,0adab909-eb8f-4baf-9eed-7a4cc889cb7c,59:E9:3A:F8:82:23,NA,-88
1763039498422,0adab909-eb8f-4baf-9eed-7a4cc889cb7c,84:25:3F:A3:1F:C2,mitte-home MH22340108,-87
1763039498442,0adab909-eb8f-4baf-9eed-7a4cc889cb7c,48:FE:5E:C0:E7:8A,NA,-83
1763039498460,0adab909-eb8f-4baf-9eed-7a4cc889cb7c,4A:CA:5A:30:C7:8F,NA,-77
1763039498481,0adab909-eb8f-4baf-9eed-7a4cc889cb7c,4F:A9:DF:D4:E7:68,NA,-83
1763039499090,0adab909-eb8f-4baf-9eed-7a4cc889cb7c,63:7F:EB:65:DA:4F,NA,-84
1763039499110,0adab909-eb8f-4baf-9eed-7a4cc889cb7c,46:EF:11:9F:23:8C,NA,-82
1763039499421,0adab909-eb8f-4baf-9eed-7a4cc889cb7c,98:04:ED:A2:3E:1C,S295b50867b2bc14bC,-88
1763039499703,0adab909-eb8f-4baf-9eed-7a4cc889cb7c,54:93:95:34:DD:57,NA,-86
1763039499721,0adab909-eb8f-4baf-9eed-7a4cc889cb7c,30:70:54:E0:6C:7B,NA,-91
1763039500026,0adab909-eb8f-4baf-9eed-7a4cc889cb7c,69:B9:49:31:64:7C,NA,-91
1763039500087,0adab909-eb8f-4baf-9eed-7a4cc889cb7c,68:CA:C4:8A:40:9C,mbasg,-100
1763039500652,0adab909-eb8f-4baf-9eed-7a4cc889cb7c,7F:72:B9:EC:60:D1,NA,-84
1763039501047,0adab909-eb8f-4baf-9eed-7a4cc889cb7c,44:6C:94:6B:FE:65,NA,-81
1763039501630,0adab909-eb8f-4baf-9eed-7a4cc889cb7c,57:B4:0E:7F:FC:49,NA,-79
1763039505819,0adab909-eb8f-4baf-9eed-7a4cc889cb7c,48:B3:FA:32:13:42,NA,-88
1763040112203,0adab909-eb8f-4baf-9eed-7a4cc889cb7c,48:5C:BE:BE:03:2B,NA,-81
1763040112226,0adab909-eb8f-4baf-9eed-7a4cc889cb7c,69:2E:EC:3B:BC:45,NA,-85
1763040112254,0adab909-eb8f-4baf-9eed-7a4cc889cb7c,7C:76:5B:3B:15:01,NA,-81
1763040112306,0adab909-eb8f-4baf-9eed-7a4cc889cb7c,68:CA:C4:8A:40:9C,mbasg,-99
1763040112555,0adab909-eb8f-4baf-9eed-7a4cc889cb7c,7C:F5:6B:31:83:88,NA,-81
1763040112609,0adab909-eb8f-4baf-9eed-7a4cc889cb7c,4A:CA:5A:30:C7:8F,NA,-80
1763040112927,0adab909-eb8f-4baf-9eed-7a4cc889cb7c,63:F3:50:C4:C5:5E,NA,-82
1763040112944,0adab909-eb8f-4baf-9eed-7a4cc889cb7c,57:B4:0E:7F:FC:49,NA,-81
1763040113198,0adab909-eb8f-4baf-9eed-7a4cc889cb7c,44:6C:94:6B:FE:65,NA,-86
1763040113216,0adab909-eb8f-4baf-9eed-7a4cc889cb7c,7C:E5:DF:A4:F9:88,NA,-82
1763040113578,0adab909-eb8f-4baf-9eed-7a4cc889cb7c,61:AE:8A:22:B8:61,NA,-89
1763040113595,0adab909-eb8f-4baf-9eed-7a4cc889cb7c,63:92:B2:56:14:EC,NA,-90
1763040114199,0adab909-eb8f-4baf-9eed-7a4cc889cb7c,5F:D6:E2:FE:2D:FC,NA,-89
1763040114214,0adab909-eb8f-4baf-9eed-7a4cc889cb7c,98:04:ED:A2:3E:1C,S295b50867b2bc14bC,-89
1763040114304,0adab909-eb8f-4baf-9eed-7a4cc889cb7c,68:CA:C4:8A:40:9C,mbasg,-98
1763040114530,0adab909-eb8f-4baf-9eed-7a4cc889cb7c,77:B6:09:8F:5D:BC,NA,-91
1763040114547,0adab909-eb8f-4baf-9eed-7a4cc889cb7c,69:B9:49:31:64:7C,NA,-83
1763040114836,0adab909-eb8f-4baf-9eed-7a4cc889cb7c,84:25:3F:A3:1F:C2,mitte-home MH22340108,-89
1763040115159,0adab909-eb8f-4baf-9eed-7a4cc889cb7c,40:0B:5C:39:F0:4A,NA,-86
1763040115175,0adab909-eb8f-4baf-9eed-7a4cc889cb7c,09:0B:DD:2A:10:3E,NA,-91
1763040116418,0adab909-eb8f-4baf-9eed-7a4cc889cb7c,59:E9:3A:F8:82:23,NA,-86
1763040116751,0adab909-eb8f-4baf-9eed-7a4cc889cb7c,4B:41:03:27:2C:D6,Jabra Evolve2 65,-83
1763040118674,0adab909-eb8f-4baf-9eed-7a4cc889cb7c,71:31:91:D4:6E:FE,NA,-90
1763040122175,0adab909-eb8f-4baf-9eed-7a4cc889cb7c,63:7F:EB:65:DA:4F,NA,-91
1763040122880,0adab909-eb8f-4baf-9eed-7a4cc889cb7c,71:FB:08:71:2F:9F,Jabra Evolve2 65,-89
1763040721048,0adab909-eb8f-4baf-9eed-7a4cc889cb7c,6B:08:23:32:DD:33,NA,-90
1763040721090,0adab909-eb8f-4baf-9eed-7a4cc889cb7c,67:4C:01:BE:FE:73,NA,-78
1763040721109,0adab909-eb8f-4baf-9eed-7a4cc889cb7c,6C:FF:BC:66:8E:F4,NA,-89
1763040721444,0adab909-eb8f-4baf-9eed-7a4cc889cb7c,58:E7:D4:CB:49:A8,NA,-75
1763040721471,0adab909-eb8f-4baf-9eed-7a4cc889cb7c,76:A5:B3:D5:8A:39,NA,-77
1763040722076,0adab909-eb8f-4baf-9eed-7a4cc889cb7c,5F:18:2B:78:77:25,NA,-82
1763040722410,0adab909-eb8f-4baf-9eed-7a4cc889cb7c,84:25:3F:A3:1F:C2,mitte-home MH22340108,-83
1763040722762,0adab909-eb8f-4baf-9eed-7a4cc889cb7c,67:F1:5E:EE:EB:FF,NA,-90
1763040724003,0adab909-eb8f-4baf-9eed-7a4cc889cb7c,40:00:91:42:3B:18,NA,-89
1763040724103,0adab909-eb8f-4baf-9eed-7a4cc889cb7c,68:CA:C4:8A:40:9C,mbasg,-97
1763040724279,0adab909-eb8f-4baf-9eed-7a4cc889cb7c,5D:EC:F3:AD:F9:7C,NA,-91
1763040724300,0adab909-eb8f-4baf-9eed-7a4cc889cb7c,40:0B:5C:39:F0:4A,NA,-85
1763040724672,0adab909-eb8f-4baf-9eed-7a4cc889cb7c,40:93:4E:C2:90:70,NA,-89
1763040724928,0adab909-eb8f-4baf-9eed-7a4cc889cb7c,61:C3:A8:91:FD:56,Jabra Evolve2 65,-88
1763040724943,0adab909-eb8f-4baf-9eed-7a4cc889cb7c,98:04:ED:A2:3E:1C,S295b50867b2bc14bC,-89
1763040725886,0adab909-eb8f-4baf-9eed-7a4cc889cb7c,6F:C6:F7:5B:8B:A8,NA,-91
1763040726231,0adab909-eb8f-4baf-9eed-7a4cc889cb7c,68:02:41:22:87:1A,Jabra Evolve2 65,-89
1763040726245,0adab909-eb8f-4baf-9eed-7a4cc889cb7c,7E:89:CD:F1:5B:CF,NA,-77
1763040728473,0adab909-eb8f-4baf-9eed-7a4cc889cb7c,5B:F2:5B:1B:FB:9D,NA,-90
1763041293663,0adab909-eb8f-4baf-9eed-7a4cc889cb7c,6A:36:F7:9F:94:D8,NA,-90
1763041293970,0adab909-eb8f-4baf-9eed-7a4cc889cb7c,68:CA:C4:8A:40:9C,mbasg,-100
1763041294705,0adab909-eb8f-4baf-9eed-7a4cc889cb7c,67:4C:01:BE:FE:73,NA,-88
1763041294717,0adab909-eb8f-4baf-9eed-7a4cc889cb7c,76:A5:B3:D5:8A:39,NA,-76
1763041294993,0adab909-eb8f-4baf-9eed-7a4cc889cb7c,84:25:3F:A3:1F:C2,mitte-home MH22340108,-94
1763041295610,0adab909-eb8f-4baf-9eed-7a4cc889cb7c,77:75:DC:F0:C3:A9,NA,-87
1763041295624,0adab909-eb8f-4baf-9eed-7a4cc889cb7c,7E:26:13:46:B3:39,NA,-87
1763041299163,0adab909-eb8f-4baf-9eed-7a4cc889cb7c,6C:01:0A:1A:98:55,NA,-88
1763041301442,0adab909-eb8f-4baf-9eed-7a4cc889cb7c,48:33:3C:22:52:BD,NA,-88
1763041954382,0adab909-eb8f-4baf-9eed-7a4cc889cb7c,5F:34:2F:02:E2:E5,NA,-91
1763041955040,0adab909-eb8f-4baf-9eed-7a4cc889cb7c,66:79:3C:B0:35:D3,NA,-89
1763041955365,0adab909-eb8f-4baf-9eed-7a4cc889cb7c,6C:01:0A:1A:98:55,NA,-85
1763041955382,0adab909-eb8f-4baf-9eed-7a4cc889cb7c,67:4C:01:BE:FE:73,NA,-88
1763041955394,0adab909-eb8f-4baf-9eed-7a4cc889cb7c,84:25:3F:A3:1F:C2,mitte-home MH22340108,-92
1763041955670,0adab909-eb8f-4baf-9eed-7a4cc889cb7c,77:75:DC:F0:C3:A9,NA,-88
1763041955685,0adab909-eb8f-4baf-9eed-7a4cc889cb7c,7E:26:13:46:B3:39,NA,-89
1763041957095,0adab909-eb8f-4baf-9eed-7a4cc889cb7c,68:CA:C4:8A:40:9C,mbasg,-100
1763041957616,0adab909-eb8f-4baf-9eed-7a4cc889cb7c,7F:15:57:66:AB:92,NA,-70
1763041957888,0adab909-eb8f-4baf-9eed-7a4cc889cb7c,48:33:3C:22:52:BD,NA,-86
1763041959458,0adab909-eb8f-4baf-9eed-7a4cc889cb7c,68:CA:C4:8A:40:9C,mbasg,-100
1763041963991,0adab909-eb8f-4baf-9eed-7a4cc889cb7c,7D:7F:B8:30:77:5B,NA,-91
1763041964607,0adab909-eb8f-4baf-9eed-7a4cc889cb7c,6A:36:F7:9F:94:D8,NA,-84
1763041965589,0adab909-eb8f-4baf-9eed-7a4cc889cb7c,33:BA:34:9D:3A:B9,NA,-88
1763042518744,0adab909-eb8f-4baf-9eed-7a4cc889cb7c,7C:5F:92:4B:52:D4,NA,-78
1763042519081,0adab909-eb8f-4baf-9eed-7a4cc889cb7c,4E:DE:4D:B0:C1:AA,Jabra Evolve2 5,-58
1763042519110,0adab909-eb8f-4baf-9eed-7a4cc889cb7c,7D:CB:BF:69:8F:31,NA,-83
1763042520057,0adab909-eb8f-4baf-9eed-7a4cc889cb7c,43:70:5B:AE:87:2B,NA,-86
1763042522639,0adab909-eb8f-4baf-9eed-7a4cc889cb7c,2A:BC:25:0C:28:80,NA,-90
1763043098026,0adab909-eb8f-4baf-9eed-7a4cc889cb7c,7F:D2:59:E6:7D:50,NA,-71
1763043098081,0adab909-eb8f-4baf-9eed-7a4cc889cb7c,02:84:90:36:20:AF,NA,-88
1763043099072,0adab909-eb8f-4baf-9eed-7a4cc889cb7c,41:35:70:9C:A1:DD,Jabra Evolve2 5,-63
1763043101010,0adab909-eb8f-4baf-9eed-7a4cc889cb7c,84:25:3F:A3:1F:C2,mitte-home MH22340108,-93
1763043101263,0adab909-eb8f-4baf-9eed-7a4cc889cb7c,6F:4F:0C:2F:17:35,NA,-87
1763043102586,0adab909-eb8f-4baf-9eed-7a4cc889cb7c,7D:CB:BF:69:8F:31,NA,-83
1763043107739,0adab909-eb8f-4baf-9eed-7a4cc889cb7c,1A:72:14:AE:39:13,NA,-95
1763043960430,0adab909-eb8f-4baf-9eed-7a4cc889cb7c,7F:D2:59:E6:7D:50,NA,-77
1763043960452,0adab909-eb8f-4baf-9eed-7a4cc889cb7c,50:06:91:4E:D1:9F,Jabra Evolve2 5,-66
1763043962020,0adab909-eb8f-4baf-9eed-7a4cc889cb7c,7B:75:F5:24:3D:8F,NA,-90
1763043969374,0adab909-eb8f-4baf-9eed-7a4cc889cb7c,45:85:55:6A:2E:29,NA,-79
1763044560700,0adab909-eb8f-4baf-9eed-7a4cc889cb7c,79:40:9F:2E:9B:22,Jabra Evolve2 5,-71
1763044560715,0adab909-eb8f-4baf-9eed-7a4cc889cb7c,45:85:55:6A:2E:29,NA,-87
1763044561675,0adab909-eb8f-4baf-9eed-7a4cc889cb7c,7B:75:F5:24:3D:8F,NA,-86
1763044567739,0adab909-eb8f-4baf-9eed-7a4cc889cb7c,90:F1:57:BC:5F:79,NA,-93
1763045160060,0adab909-eb8f-4baf-9eed-7a4cc889cb7c,79:40:9F:2E:9B:22,Jabra Evolve2 5,-66
1763045160075,0adab909-eb8f-4baf-9eed-7a4cc889cb7c,0F:8D:A1:2B:E1:83,NA,-86
1763045160721,0adab909-eb8f-4baf-9eed-7a4cc889cb7c,45:85:55:6A:2E:29,NA,-76
1763045164946,0adab909-eb8f-4baf-9eed-7a4cc889cb7c,16:17:3C:78:FD:13,NA,-85
1763045661522,0adab909-eb8f-4baf-9eed-7a4cc889cb7c,5A:C0:9D:5A:A6:E9,NA,-73
1763045661896,0adab909-eb8f-4baf-9eed-7a4cc889cb7c,60:3F:95:05:ED:C3,Jabra Evolve2 5,-59
1763045666020,0adab909-eb8f-4baf-9eed-7a4cc889cb7c,19:45:B9:45:9A:72,NA,-88
1763045667654,0adab909-eb8f-4baf-9eed-7a4cc889cb7c,54:80:92:C1:CD:E1,NA,-87
1763046261882,0adab909-eb8f-4baf-9eed-7a4cc889cb7c,60:3F:95:05:ED:C3,Jabra Evolve2 5,-67
1763046262530,0adab909-eb8f-4baf-9eed-7a4cc889cb7c,5A:C0:9D:5A:A6:E9,NA,-79
1763046263459,0adab909-eb8f-4baf-9eed-7a4cc889cb7c,27:C7:1E:F7:5E:C1,NA,-82
1763046264126,0adab909-eb8f-4baf-9eed-7a4cc889cb7c,54:80:92:C1:CD:E1,NA,-85
1763046266656,0adab909-eb8f-4baf-9eed-7a4cc889cb7c,84:25:3F:A3:1F:C2,mitte-home MH22340108,-92
1763046269578,0adab909-eb8f-4baf-9eed-7a4cc889cb7c,90:F1:57:BC:5F:79,NA,-91
1763046672807,0adab909-eb8f-4baf-9eed-7a4cc889cb7c,4D:D3:01:C8:10:63,NA,-78
1763046673208,0adab909-eb8f-4baf-9eed-7a4cc889cb7c,6B:83:26:E7:8E:D3,NA,-80
1763046673532,0adab909-eb8f-4baf-9eed-7a4cc889cb7c,6A:77:8A:5D:33:06,NA,-91
1763046674190,0adab909-eb8f-4baf-9eed-7a4cc889cb7c,70:85:99:60:22:DA,NA,-88
1763046674211,0adab909-eb8f-4baf-9eed-7a4cc889cb7c,42:78:E7:71:42:44,NA,-88
1763046674226,0adab909-eb8f-4baf-9eed-7a4cc889cb7c,16:65:9B:8E:D0:E6,NA,-88
1763046674239,0adab909-eb8f-4baf-9eed-7a4cc889cb7c,46:43:AB:0B:55:83,NA,-93
1763046674420,0adab909-eb8f-4baf-9eed-7a4cc889cb7c,6F:A7:9C:4F:22:46,NA,-81
1763046675134,0adab909-eb8f-4baf-9eed-7a4cc889cb7c,46:32:5B:AF:0E:63,NA,-93
1763046675148,0adab909-eb8f-4baf-9eed-7a4cc889cb7c,7A:56:31:B6:0A:AC,NA,-94
1763046675435,0adab909-eb8f-4baf-9eed-7a4cc889cb7c,84:25:3F:A3:1F:C2,mitte-home MH22340108,-92
1763046677053,0adab909-eb8f-4baf-9eed-7a4cc889cb7c,7C:BA:7D:AE:D0:F8,NA,-91
1763046677075,0adab909-eb8f-4baf-9eed-7a4cc889cb7c,54:4C:91:8A:42:98,NA,-90
1763046678013,0adab909-eb8f-4baf-9eed-7a4cc889cb7c,47:BE:A4:C7:4E:2A,NA,-88
1763046679939,0adab909-eb8f-4baf-9eed-7a4cc889cb7c,7D:10:CB:F1:A0:97,NA,-94
1763046680220,0adab909-eb8f-4baf-9eed-7a4cc889cb7c,75:7C:67:C5:45:4A,NA,-88
1763046680302,0adab909-eb8f-4baf-9eed-7a4cc889cb7c,68:CA:C4:8A:40:9C,mbasg,-100
1763047357527,0adab909-eb8f-4baf-9eed-7a4cc889cb7c,6A:77:8A:5D:33:06,NA,-88
1763047357682,0adab909-eb8f-4baf-9eed-7a4cc889cb7c,68:CA:C4:8A:40:9C,mbasg,-100
1763047357872,0adab909-eb8f-4baf-9eed-7a4cc889cb7c,6B:CE:8E:BB:65:90,NA,-86
1763047357888,0adab909-eb8f-4baf-9eed-7a4cc889cb7c,46:27:17:20:25:3C,NA,-87
1763047357903,0adab909-eb8f-4baf-9eed-7a4cc889cb7c,28:3C:90:11:68:FF,NA,-93
1763047357921,0adab909-eb8f-4baf-9eed-7a4cc889cb7c,66:2A:76:E1:51:D7,NA,-87
1763047357945,0adab909-eb8f-4baf-9eed-7a4cc889cb7c,4E:6A:10:CB:9E:46,NA,-88
1763047357966,0adab909-eb8f-4baf-9eed-7a4cc889cb7c,53:BA:EB:37:7C:00,NA,-89
1763047357988,0adab909-eb8f-4baf-9eed-7a4cc889cb7c,5C:60:BA:9B:0A:FC,NA,-89
1763047358808,0adab909-eb8f-4baf-9eed-7a4cc889cb7c,60:4B:0C:5A:52:C4,NA,-91
1763047358848,0adab909-eb8f-4baf-9eed-7a4cc889cb7c,54:4C:91:8A:42:98,NA,-88
1763047358867,0adab909-eb8f-4baf-9eed-7a4cc889cb7c,6B:C0:F6:E0:25:5A,NA,-85
1763047358884,0adab909-eb8f-4baf-9eed-7a4cc889cb7c,49:82:2B:C5:C8:9D,NA,-89
1763047358898,0adab909-eb8f-4baf-9eed-7a4cc889cb7c,64:92:37:79:4A:79,NA,-84
1763047359105,0adab909-eb8f-4baf-9eed-7a4cc889cb7c,10:82:B2:CA:CD:3B,NA,-88
1763047359511,0adab909-eb8f-4baf-9eed-7a4cc889cb7c,5C:77:69:CA:18:C1,NA,-90
1763047359829,0adab909-eb8f-4baf-9eed-7a4cc889cb7c,46:BB:3C:60:D1:EB,NA,-87
1763047359852,0adab909-eb8f-4baf-9eed-7a4cc889cb7c,66:F1:47:BA:36:E9,NA,-88
1763047360704,0adab909-eb8f-4baf-9eed-7a4cc889cb7c,69:EF:F9:A5:71:38,NA,-86
1763047360740,0adab909-eb8f-4baf-9eed-7a4cc889cb7c,6E:A9:BC:B0:EC:A1,NA,-76
1763047361088,0adab909-eb8f-4baf-9eed-7a4cc889cb7c,6F:2E:96:7E:3A:7B,NA,-89
1763047361110,0adab909-eb8f-4baf-9eed-7a4cc889cb7c,75:7C:67:C5:45:4A,NA,-82
1763047361686,0adab909-eb8f-4baf-9eed-7a4cc889cb7c,FC:BF:CE:D4:56:6A,I 70,-82
1763047361704,0adab909-eb8f-4baf-9eed-7a4cc889cb7c,6D:FA:79:2E:EF:6A,NA,-91
1763047362946,0adab909-eb8f-4baf-9eed-7a4cc889cb7c,00:15:42:08:9A:3C,Eingang B6,-90
1763047364236,0adab909-eb8f-4baf-9eed-7a4cc889cb7c,63:AE:F6:85:19:95,NA,-91
1763047364984,0adab909-eb8f-4baf-9eed-7a4cc889cb7c,5C:C6:11:AC:82:83,NA,-89
1763047365060,0adab909-eb8f-4baf-9eed-7a4cc889cb7c,23:A7:8C:1C:80:9D,NA,-91
1763047365367,0adab909-eb8f-4baf-9eed-7a4cc889cb7c,73:C6:AC:85:E4:E9,Jabra Evolve2 65,-78
1763047367111,0adab909-eb8f-4baf-9eed-7a4cc889cb7c,5C:01:3B:3B:D4:B2,NA,-95
1763047368355,0adab909-eb8f-4baf-9eed-7a4cc889cb7c,BC:14:85:E4:B5:54,NA,-100
1763047368479,0adab909-eb8f-4baf-9eed-7a4cc889cb7c,6B:97:9E:CC:2B:B8,NA,-92
1763047377239,0adab909-eb8f-4baf-9eed-7a4cc889cb7c,4F:CC:AA:0A:B5:EF,NA,-90
1763047377282,0adab909-eb8f-4baf-9eed-7a4cc889cb7c,60:F7:AB:44:3C:D2,NA,-88
1763047377311,0adab909-eb8f-4baf-9eed-7a4cc889cb7c,D8:AD:22:80:C5:7A,NA,-79
1763047377382,0adab909-eb8f-4baf-9eed-7a4cc889cb7c,2D:50:AB:A3:E8:95,NA,-89
1763047377416,0adab909-eb8f-4baf-9eed-7a4cc889cb7c,5C:01:3B:3B:D4:B2,NA,-90
1763047377451,0adab909-eb8f-4baf-9eed-7a4cc889cb7c,0D:0B:DA:F1:DF:D9,NA,-81
1763047377486,0adab909-eb8f-4baf-9eed-7a4cc889cb7c,10:82:B2:CA:CD:3B,NA,-84
1763047377516,0adab909-eb8f-4baf-9eed-7a4cc889cb7c,D0:D0:03:6C:42:0F,NA,-87
1763047377544,0adab909-eb8f-4baf-9eed-7a4cc889cb7c,00:51:B2:AB:4D:45,NA,-90
1763047377570,0adab909-eb8f-4baf-9eed-7a4cc889cb7c,6D:FA:79:2E:EF:6A,NA,-92
1763047378214,0adab909-eb8f-4baf-9eed-7a4cc889cb7c,C6:CD:80:67:E1:30,NA,-83
1763047378257,0adab909-eb8f-4baf-9eed-7a4cc889cb7c,40:EB:36:E4:E6:66,NA,-93
1763047378288,0adab909-eb8f-4baf-9eed-7a4cc889cb7c,6E:A9:BC:B0:EC:A1,NA,-77
1763047378332,0adab909-eb8f-4baf-9eed-7a4cc889cb7c,60:4B:0C:5A:52:C4,NA,-89
1763047378434,0adab909-eb8f-4baf-9eed-7a4cc889cb7c,1A:CA:73:47:18:0B,NA,-90
1763047378475,0adab909-eb8f-4baf-9eed-7a4cc889cb7c,46:BB:3C:60:D1:EB,NA,-91
1763047378546,0adab909-eb8f-4baf-9eed-7a4cc889cb7c,28:0A:F2:B0:EE:86,NA,-93
1763047379302,0adab909-eb8f-4baf-9eed-7a4cc889cb7c,6B:CE:8E:BB:65:90,NA,-89
1763047379338,0adab909-eb8f-4baf-9eed-7a4cc889cb7c,19:6F:2E:2D:13:0E,NA,-82
1763047379373,0adab909-eb8f-4baf-9eed-7a4cc889cb7c,5C:C6:11:AC:82:83,NA,-93
1763047379411,0adab909-eb8f-4baf-9eed-7a4cc889cb7c,DA:1F:D7:CA:B3:7F,NA,-85
1763047379446,0adab909-eb8f-4baf-9eed-7a4cc889cb7c,63:AE:F6:85:19:95,NA,-88
1763047379483,0adab909-eb8f-4baf-9eed-7a4cc889cb7c,63:66:08:00:C0:C5,NA,-88
1763047919187,0adab909-eb8f-4baf-9eed-7a4cc889cb7c,53:D2:F2:10:15:ED,NA,-71
1763047919261,0adab909-eb8f-4baf-9eed-7a4cc889cb7c,6D:21:C7:CC:57:1A,NA,-91
1763047919956,0adab909-eb8f-4baf-9eed-7a4cc889cb7c,EB:B9:7C:09:F9:AC,NA,-91
1763047921338,0adab909-eb8f-4baf-9eed-7a4cc889cb7c,6E:E5:32:68:96:BE,NA,-81
1763047921608,0adab909-eb8f-4baf-9eed-7a4cc889cb7c,4C:1D:57:8C:B7:8F,NA,-85
1763047921774,0adab909-eb8f-4baf-9eed-7a4cc889cb7c,52:4E:47:3B:F1:45,NA,-77
1763047921968,0adab909-eb8f-4baf-9eed-7a4cc889cb7c,04:07:67:70:12:49,NA,-83
1763047922113,0adab909-eb8f-4baf-9eed-7a4cc889cb7c,5C:9B:08:84:F2:15,NA,-86
1763047922554,0adab909-eb8f-4baf-9eed-7a4cc889cb7c,68:AE:41:5B:0A:78,NA,-100
1763047923921,0adab909-eb8f-4baf-9eed-7a4cc889cb7c,51:A3:21:C2:C0:DD,NA,-68
1763047923966,0adab909-eb8f-4baf-9eed-7a4cc889cb7c,46:9C:C8:7D:85:E2,NA,-89
1763047924067,0adab909-eb8f-4baf-9eed-7a4cc889cb7c,8C:59:DC:F5:70:CC,631619,-87
1763047924098,0adab909-eb8f-4baf-9eed-7a4cc889cb7c,4F:79:B6:3A:DD:4A,NA,-69
1763047925912,0adab909-eb8f-4baf-9eed-7a4cc889cb7c,6C:C2:44:30:BC:46,NA,-85
1763047925984,0adab909-eb8f-4baf-9eed-7a4cc889cb7c,40:47:86:E9:5E:5E,NA,-56
1763047926148,0adab909-eb8f-4baf-9eed-7a4cc889cb7c,41:21:FE:E1:A1:A8,NA,-88
1763047927451,0adab909-eb8f-4baf-9eed-7a4cc889cb7c,48:5C:2C:72:F2:AD,NA,-99
1763047927560,0adab909-eb8f-4baf-9eed-7a4cc889cb7c,50:48:41:E7:0B:AE,NA,-90
1763047927729,0adab909-eb8f-4baf-9eed-7a4cc889cb7c,72:6C:A7:33:51:69,NA,-86
1763047929492,0adab909-eb8f-4baf-9eed-7a4cc889cb7c,7D:68:2A:DB:4A:3B,NA,-83
1763047931520,0adab909-eb8f-4baf-9eed-7a4cc889cb7c,4F:04:55:68:A9:D0,NA,-88
1763047931967,0adab909-eb8f-4baf-9eed-7a4cc889cb7c,EB:B9:7C:09:F9:AC,SW-XC725,-99
1763047945776,0adab909-eb8f-4baf-9eed-7a4cc889cb7c,55:C1:F6:5C:D0:70,JBL Damian Pr,-70
1763047945819,0adab909-eb8f-4baf-9eed-7a4cc889cb7c,A5:AA:9D:8E:D6:E8,b;SAR;582;165;2;342;Rastpfuhl,-72
1763047945889,0adab909-eb8f-4baf-9eed-7a4cc889cb7c,F8:4E:58:E3:E4:7F,NA,-87
1763047945921,0adab909-eb8f-4baf-9eed-7a4cc889cb7c,7C:CB:AC:19:64:A3,NA,-78
1763047945996,0adab909-eb8f-4baf-9eed-7a4cc889cb7c,8C:59:DC:F2:07:72,DOTTS,-88
1763047946024,0adab909-eb8f-4baf-9eed-7a4cc889cb7c,19:87:9A:62:C2:29,NA,-88
1763047946050,0adab909-eb8f-4baf-9eed-7a4cc889cb7c,00:7D:3B:6E:61:72,NA,-71
1763047946901,0adab909-eb8f-4baf-9eed-7a4cc889cb7c,2A:6B:46:1B:5B:13,NA,-73
1763047946931,0adab909-eb8f-4baf-9eed-7a4cc889cb7c,53:D2:F2:10:15:ED,NA,-87
1763047946978,0adab909-eb8f-4baf-9eed-7a4cc889cb7c,12:8A:83:9A:06:0E,NA,-88
1763047947004,0adab909-eb8f-4baf-9eed-7a4cc889cb7c,23:B3:CC:B5:C7:AB,NA,-87
1763047947030,0adab909-eb8f-4baf-9eed-7a4cc889cb7c,EF:38:38:6A:1A:CA,NA,-85
1763047947051,0adab909-eb8f-4baf-9eed-7a4cc889cb7c,51:A3:21:C2:C0:DD,NA,-85
1763047947073,0adab909-eb8f-4baf-9eed-7a4cc889cb7c,E2:70:EA:6F:A4:26,NA,-87
1763047947145,0adab909-eb8f-4baf-9eed-7a4cc889cb7c,E0:9D:13:78:CC:11,[TV] Samsung AU6979 55 TV,-87
1763047947175,0adab909-eb8f-4baf-9eed-7a4cc889cb7c,3F:CF:93:A7:A0:E4,b;SAR;126;102;1;346;Dudweiler,-87
1763047947197,0adab909-eb8f-4baf-9eed-7a4cc889cb7c,12:24:9E:CA:42:2E,NA,-90
1763047947227,0adab909-eb8f-4baf-9eed-7a4cc889cb7c,15:07:F1:A2:ED:C4,NA,-74
1763047947256,0adab909-eb8f-4baf-9eed-7a4cc889cb7c,62:50:B4:1F:DC:63,NA,-77
1763047947772,0adab909-eb8f-4baf-9eed-7a4cc889cb7c,B0:E4:5C:85:2F:13,NA,-87
1763047947811,0adab909-eb8f-4baf-9eed-7a4cc889cb7c,8C:59:DC:F5:70:CC,631619,-71
1763047947832,0adab909-eb8f-4baf-9eed-7a4cc889cb7c,FC:67:1F:EC:A7:A4,TY,-88
1763047947854,0adab909-eb8f-4baf-9eed-7a4cc889cb7c,6C:31:4D:16:DC:E1,NA,-91
1763047947909,0adab909-eb8f-4baf-9eed-7a4cc889cb7c,67:CD:AB:58:D2:A5,NA,-86
1763047948126,0adab909-eb8f-4baf-9eed-7a4cc889cb7c,C8:A6:EF:9D:5E:0D,NA,-93
1763048521661,0adab909-eb8f-4baf-9eed-7a4cc889cb7c,6F:84:9D:70:A2:99,NA,-69
1763048533470,0adab909-eb8f-4baf-9eed-7a4cc889cb7c,6F:84:9D:70:A2:99,NA,-69
1763048533756,0adab909-eb8f-4baf-9eed-7a4cc889cb7c,84:C8:A0:8B:BD:3D,JBL BAR 800,-80
1763048533777,0adab909-eb8f-4baf-9eed-7a4cc889cb7c,0E:50:5E:52:C7:8B,NA,-94
1763049074369,0adab909-eb8f-4baf-9eed-7a4cc889cb7c,6F:84:9D:70:A2:99,NA,-75
1763049088715,0adab909-eb8f-4baf-9eed-7a4cc889cb7c,6F:84:9D:70:A2:99,NA,-66
1763049683003,0adab909-eb8f-4baf-9eed-7a4cc889cb7c,78:F1:AC:B6:8B:10,NA,-74
1763050492131,0adab909-eb8f-4baf-9eed-7a4cc889cb7c,6F:E9:0D:9C:8B:06,NA,-77
1763051092239,0adab909-eb8f-4baf-9eed-7a4cc889cb7c,6F:E9:0D:9C:8B:06,NA,-75
1763051605062,0adab909-eb8f-4baf-9eed-7a4cc889cb7c,6F:E9:0D:9C:8B:06,NA,-77
1763051616616,0adab909-eb8f-4baf-9eed-7a4cc889cb7c,6F:E9:0D:9C:8B:06,NA,-68
1763051617521,0adab909-eb8f-4baf-9eed-7a4cc889cb7c,84:C8:A0:8B:BD:3D,JBL BAR 800,-83
1763052072353,0adab909-eb8f-4baf-9eed-7a4cc889cb7c,75:FE:28:A7:19:4D,NA,-60
1763052086390,0adab909-eb8f-4baf-9eed-7a4cc889cb7c,75:FE:28:A7:19:4D,NA,-67
1763052087126,0adab909-eb8f-4baf-9eed-7a4cc889cb7c,84:C8:A0:8B:BD:3D,JBL BAR 800,-84
1763052822609,0adab909-eb8f-4baf-9eed-7a4cc889cb7c,75:FE:28:A7:19:4D,NA,-74
1763053479067,0adab909-eb8f-4baf-9eed-7a4cc889cb7c,57:74:25:2F:E6:0B,NA,-75
1763054079280,0adab909-eb8f-4baf-9eed-7a4cc889cb7c,57:74:25:2F:E6:0B,NA,-78
1763054679344,0adab909-eb8f-4baf-9eed-7a4cc889cb7c,46:5A:FF:48:3F:B5,NA,-79
1763054682489,0adab909-eb8f-4baf-9eed-7a4cc889cb7c,5E:5F:39:F6:04:18,NA,-93
1763055304951,0adab909-eb8f-4baf-9eed-7a4cc889cb7c,46:5A:FF:48:3F:B5,NA,-77
1763055902762,0adab909-eb8f-4baf-9eed-7a4cc889cb7c,5F:7D:E8:51:7E:49,NA,-77
1763055904317,0adab909-eb8f-4baf-9eed-7a4cc889cb7c,6E:DD:4E:CE:56:3D,NA,-70
1763055915259,0adab909-eb8f-4baf-9eed-7a4cc889cb7c,6E:DD:4E:CE:56:3D,NA,-72
1763055915335,0adab909-eb8f-4baf-9eed-7a4cc889cb7c,84:C8:A0:8B:BD:3D,JBL BAR 800,-82
1763055916175,0adab909-eb8f-4baf-9eed-7a4cc889cb7c,DE:1C:8D:71:5B:36,NA,-73
1763055916217,0adab909-eb8f-4baf-9eed-7a4cc889cb7c,5F:7D:E8:51:7E:49,NA,-69
1763056289424,0adab909-eb8f-4baf-9eed-7a4cc889cb7c,54:B7:33:EE:73:30,NA,-59
1763056290659,0adab909-eb8f-4baf-9eed-7a4cc889cb7c,A8:00:E3:1F:19:9A,NA,-91
1763056290687,0adab909-eb8f-4baf-9eed-7a4cc889cb7c,A8:00:E3:1F:19:6A,NA,-85
1763056290998,0adab909-eb8f-4baf-9eed-7a4cc889cb7c,6E:DD:4E:CE:56:3D,NA,-65
1763056302310,0adab909-eb8f-4baf-9eed-7a4cc889cb7c,54:B7:33:EE:73:30,NA,-58
1763056302356,0adab909-eb8f-4baf-9eed-7a4cc889cb7c,6E:DD:4E:CE:56:3D,NA,-70
1763056303362,0adab909-eb8f-4baf-9eed-7a4cc889cb7c,A8:00:E3:1F:19:9A,NA,-82
1763056303433,0adab909-eb8f-4baf-9eed-7a4cc889cb7c,A8:00:E3:1F:19:6A,NA,-89
1763056303465,0adab909-eb8f-4baf-9eed-7a4cc889cb7c,84:C8:A0:8B:BD:3D,JBL BAR 800,-73
1763056920019,0adab909-eb8f-4baf-9eed-7a4cc889cb7c,70:6D:21:93:0D:27,NA,-68
1763056921263,0adab909-eb8f-4baf-9eed-7a4cc889cb7c,54:B7:33:EE:73:30,NA,-70
1763056922494,0adab909-eb8f-4baf-9eed-7a4cc889cb7c,7E:C5:BD:93:8C:CE,NA,-94
1763056927504,0adab909-eb8f-4baf-9eed-7a4cc889cb7c,A8:00:E3:1F:19:9A,NA,-95
1763056929483,0adab909-eb8f-4baf-9eed-7a4cc889cb7c,A8:00:E3:1F:19:6A,NA,-91
1763056932371,0adab909-eb8f-4baf-9eed-7a4cc889cb7c,C6:1D:C2:79:8C:3A,NA,-69
1763056932401,0adab909-eb8f-4baf-9eed-7a4cc889cb7c,70:6D:21:93:0D:27,NA,-68
1763056932528,0adab909-eb8f-4baf-9eed-7a4cc889cb7c,54:B7:33:EE:73:30,NA,-70
1763056933455,0adab909-eb8f-4baf-9eed-7a4cc889cb7c,84:C8:A0:8B:BD:3D,JBL BAR 800,-77
1763056933578,0adab909-eb8f-4baf-9eed-7a4cc889cb7c,A8:00:E3:1F:19:6A,NA,-87
1763057692316,0adab909-eb8f-4baf-9eed-7a4cc889cb7c,46:9C:C3:7C:0A:FE,NA,-69
1763057692626,0adab909-eb8f-4baf-9eed-7a4cc889cb7c,A8:00:E3:1F:19:6A,NA,-90
1763057693943,0adab909-eb8f-4baf-9eed-7a4cc889cb7c,70:6D:21:93:0D:27,NA,-62
1763057698407,0adab909-eb8f-4baf-9eed-7a4cc889cb7c,7E:C5:BD:93:8C:CE,NA,-90
1763057704224,0adab909-eb8f-4baf-9eed-7a4cc889cb7c,84:C8:A0:8B:BD:3D,JBL BAR 800,-75
1763057704270,0adab909-eb8f-4baf-9eed-7a4cc889cb7c,E5:BE:B5:FE:26:D7,NA,-58
1763057705201,0adab909-eb8f-4baf-9eed-7a4cc889cb7c,46:9C:C3:7C:0A:FE,NA,-61
1763057705236,0adab909-eb8f-4baf-9eed-7a4cc889cb7c,70:6D:21:93:0D:27,NA,-65
1763057705264,0adab909-eb8f-4baf-9eed-7a4cc889cb7c,36:3D:8C:4A:75:45,NA,-80
1763058107067,0adab909-eb8f-4baf-9eed-7a4cc889cb7c,70:6D:21:93:0D:27,NA,-90
1763058109973,0adab909-eb8f-4baf-9eed-7a4cc889cb7c,50:15:3B:53:54:68,NA,-84
1763058732996,0adab909-eb8f-4baf-9eed-7a4cc889cb7c,A8:00:E3:1F:19:9A,NA,-95
1763058733016,0adab909-eb8f-4baf-9eed-7a4cc889cb7c,41:D1:8E:58:32:FC,NA,-80
1763059340064,0adab909-eb8f-4baf-9eed-7a4cc889cb7c,41:D1:8E:58:32:FC,NA,-84
1763059971817,0adab909-eb8f-4baf-9eed-7a4cc889cb7c,44:8F:94:65:18:2C,NA,-90
1763060474294,0adab909-eb8f-4baf-9eed-7a4cc889cb7c,44:8F:94:65:18:2C,NA,-82
1763060485854,0adab909-eb8f-4baf-9eed-7a4cc889cb7c,44:8F:94:65:18:2C,NA,-83
1763061082970,0adab909-eb8f-4baf-9eed-7a4cc889cb7c,44:8F:94:65:18:2C,NA,-71
1763061083626,0adab909-eb8f-4baf-9eed-7a4cc889cb7c,72:23:F3:20:21:E0,NA,-75
1763061933103,0adab909-eb8f-4baf-9eed-7a4cc889cb7c,A8:00:E3:1F:19:9A,NA,-93
1763061934302,0adab909-eb8f-4baf-9eed-7a4cc889cb7c,74:5E:84:23:60:CA,NA,-64
1763061934372,0adab909-eb8f-4baf-9eed-7a4cc889cb7c,7C:C4:78:09:C6:B5,NA,-67
1763061934629,0adab909-eb8f-4baf-9eed-7a4cc889cb7c,A8:00:E3:1F:19:6A,NA,-92
1763062552623,0adab909-eb8f-4baf-9eed-7a4cc889cb7c,14:67:91:0B:4F:5D,NA,-88
1763062552917,0adab909-eb8f-4baf-9eed-7a4cc889cb7c,74:5E:84:23:60:CA,NA,-66
1763062553863,0adab909-eb8f-4baf-9eed-7a4cc889cb7c,61:40:BA:2C:26:3C,NA,-76
1763062553880,0adab909-eb8f-4baf-9eed-7a4cc889cb7c,A8:00:E3:1F:19:6A,NA,-95
1763062554226,0adab909-eb8f-4baf-9eed-7a4cc889cb7c,59:F6:B7:DB:A1:79,NA,-92
1763062554478,0adab909-eb8f-4baf-9eed-7a4cc889cb7c,A8:00:E3:1F:19:9A,NA,-95
1763063152331,0adab909-eb8f-4baf-9eed-7a4cc889cb7c,77:F6:E7:C8:FA:22,NA,-85
1763063152639,0adab909-eb8f-4baf-9eed-7a4cc889cb7c,A8:00:E3:1F:19:9A,NA,-90
1763063156191,0adab909-eb8f-4baf-9eed-7a4cc889cb7c,6C:85:C3:1C:5B:51,NA,-86
1763063164482,0adab909-eb8f-4baf-9eed-7a4cc889cb7c,15:E2:06:B9:4F:BA,NA,-88
1763063164509,0adab909-eb8f-4baf-9eed-7a4cc889cb7c,84:C8:A0:8B:BD:3D,JBL BAR 800,-76
1763063751986,0adab909-eb8f-4baf-9eed-7a4cc889cb7c,6C:85:C3:1C:5B:51,NA,-74
1763063753865,0adab909-eb8f-4baf-9eed-7a4cc889cb7c,51:AA:2F:4F:64:DF,NA,-69
1763063754485,0adab909-eb8f-4baf-9eed-7a4cc889cb7c,6D:82:42:95:56:54,NA,-78
1763064230637,0adab909-eb8f-4baf-9eed-7a4cc889cb7c,64:B5:D4:31:56:62,NA,-72
1763064231563,0adab909-eb8f-4baf-9eed-7a4cc889cb7c,6D:82:42:95:56:54,NA,-84
1763064237000,0adab909-eb8f-4baf-9eed-7a4cc889cb7c,40:45:EA:B2:A0:EA,NA,-76
1763064244226,0adab909-eb8f-4baf-9eed-7a4cc889cb7c,84:C8:A0:8B:BD:3D,JBL BAR 800,-80
1763064245224,0adab909-eb8f-4baf-9eed-7a4cc889cb7c,64:B5:D4:31:56:62,NA,-74
1763064833219,0adab909-eb8f-4baf-9eed-7a4cc889cb7c,64:B5:D4:31:56:62,NA,-70
1763064834526,0adab909-eb8f-4baf-9eed-7a4cc889cb7c,5C:95:11:6F:94:67,NA,-84
1763064835510,0adab909-eb8f-4baf-9eed-7a4cc889cb7c,40:45:EA:B2:A0:EA,NA,-73
1763065430695,0adab909-eb8f-4baf-9eed-7a4cc889cb7c,64:B5:D4:31:56:62,NA,-72
1763065432237,0adab909-eb8f-4baf-9eed-7a4cc889cb7c,6B:3F:1C:7C:A0:FB,NA,-78
1763065432574,0adab909-eb8f-4baf-9eed-7a4cc889cb7c,A8:00:E3:1F:19:9A,NA,-94
1763065443091,0adab909-eb8f-4baf-9eed-7a4cc889cb7c,64:B5:D4:31:56:62,NA,-73
1763065443198,0adab909-eb8f-4baf-9eed-7a4cc889cb7c,84:C8:A0:8B:BD:3D,JBL BAR 800,-75
1763065444268,0adab909-eb8f-4baf-9eed-7a4cc889cb7c,6B:3F:1C:7C:A0:FB,NA,-80
1763065444340,0adab909-eb8f-4baf-9eed-7a4cc889cb7c,6D:DC:CB:2E:AD:1D,NA,-70
1763066031220,0adab909-eb8f-4baf-9eed-7a4cc889cb7c,A8:00:E3:1F:19:9A,NA,-90
1763066031642,0adab909-eb8f-4baf-9eed-7a4cc889cb7c,6D:DC:CB:2E:AD:1D,NA,-69
1763066033802,0adab909-eb8f-4baf-9eed-7a4cc889cb7c,56:08:EF:49:61:09,NA,-82
1763066034155,0adab909-eb8f-4baf-9eed-7a4cc889cb7c,46:9F:5D:04:4E:4F,NA,-63
1763066045066,0adab909-eb8f-4baf-9eed-7a4cc889cb7c,84:C8:A0:8B:BD:3D,JBL BAR 800,-91
1763066045161,0adab909-eb8f-4baf-9eed-7a4cc889cb7c,6D:DC:CB:2E:AD:1D,NA,-75
1763066047038,0adab909-eb8f-4baf-9eed-7a4cc889cb7c,56:08:EF:49:61:09,NA,-82
1763066632287,0adab909-eb8f-4baf-9eed-7a4cc889cb7c,56:08:EF:49:61:09,NA,-79
1763066632314,0adab909-eb8f-4baf-9eed-7a4cc889cb7c,6D:DC:CB:2E:AD:1D,NA,-66
1763066638314,0adab909-eb8f-4baf-9eed-7a4cc889cb7c,65:22:D8:B7:E0:27,NA,-77
1763066644058,0adab909-eb8f-4baf-9eed-7a4cc889cb7c,56:08:EF:49:61:09,NA,-79
1763066644087,0adab909-eb8f-4baf-9eed-7a4cc889cb7c,84:C8:A0:8B:BD:3D,JBL BAR 800,-80
1763066644103,0adab909-eb8f-4baf-9eed-7a4cc889cb7c,6D:DC:CB:2E:AD:1D,NA,-65
1763067231269,0adab909-eb8f-4baf-9eed-7a4cc889cb7c,45:8C:4C:19:DA:AD,NA,-92
1763067231919,0adab909-eb8f-4baf-9eed-7a4cc889cb7c,65:22:D8:B7:E0:27,NA,-70
1763067232870,0adab909-eb8f-4baf-9eed-7a4cc889cb7c,58:96:31:D0:85:7E,NA,-70
1763067244102,0adab909-eb8f-4baf-9eed-7a4cc889cb7c,58:96:31:D0:85:7E,NA,-73
1763067244131,0adab909-eb8f-4baf-9eed-7a4cc889cb7c,84:C8:A0:8B:BD:3D,JBL BAR 800,-88
1763067244196,0adab909-eb8f-4baf-9eed-7a4cc889cb7c,04:82:8C:7B:D2:01,NA,-76
1763067246147,0adab909-eb8f-4baf-9eed-7a4cc889cb7c,45:8C:4C:19:DA:AD,NA,-81
1763067706634,0adab909-eb8f-4baf-9eed-7a4cc889cb7c,58:96:31:D0:85:7E,NA,-69
1763067707010,0adab909-eb8f-4baf-9eed-7a4cc889cb7c,65:22:D8:B7:E0:27,NA,-76
1763067707334,0adab909-eb8f-4baf-9eed-7a4cc889cb7c,69:A5:C7:6E:00:3E,NA,-82
1763067715963,0adab909-eb8f-4baf-9eed-7a4cc889cb7c,45:9D:3A:B7:5E:76,NA,-77
1763067719548,0adab909-eb8f-4baf-9eed-7a4cc889cb7c,58:96:31:D0:85:7E,NA,-65
1763067719595,0adab909-eb8f-4baf-9eed-7a4cc889cb7c,84:C8:A0:8B:BD:3D,JBL BAR 800,-78
1763067720536,0adab909-eb8f-4baf-9eed-7a4cc889cb7c,69:A5:C7:6E:00:3E,NA,-78
1763067720593,0adab909-eb8f-4baf-9eed-7a4cc889cb7c,3A:06:17:0F:91:86,NA,-68
1763068431524,0adab909-eb8f-4baf-9eed-7a4cc889cb7c,6D:B3:2B:78:ED:5D,NA,-88
1763068431894,0adab909-eb8f-4baf-9eed-7a4cc889cb7c,45:9D:3A:B7:5E:76,NA,-76
1763068444343,0adab909-eb8f-4baf-9eed-7a4cc889cb7c,84:C8:A0:8B:BD:3D,JBL BAR 800,-84
1763068444470,0adab909-eb8f-4baf-9eed-7a4cc889cb7c,6D:B3:2B:78:ED:5D,NA,-84
1763069031473,0adab909-eb8f-4baf-9eed-7a4cc889cb7c,45:9D:3A:B7:5E:76,NA,-77
1763069032112,0adab909-eb8f-4baf-9eed-7a4cc889cb7c,6D:B3:2B:78:ED:5D,NA,-80
1763069033774,0adab909-eb8f-4baf-9eed-7a4cc889cb7c,61:07:5D:B7:D7:DF,NA,-79
1763069045325,0adab909-eb8f-4baf-9eed-7a4cc889cb7c,6D:B3:2B:78:ED:5D,NA,-72
1763069633215,0adab909-eb8f-4baf-9eed-7a4cc889cb7c,7E:5D:93:75:53:D2,NA,-85
1763069636378,0adab909-eb8f-4baf-9eed-7a4cc889cb7c,78:0C:8F:FA:4F:83,NA,-73
1763069644145,0adab909-eb8f-4baf-9eed-7a4cc889cb7c,84:C8:A0:8B:BD:3D,JBL BAR 800,-80
1763069645246,0adab909-eb8f-4baf-9eed-7a4cc889cb7c,1A:E5:98:72:38:62,NA,-84
1763069645351,0adab909-eb8f-4baf-9eed-7a4cc889cb7c,7E:5D:93:75:53:D2,NA,-65
1763070232591,0adab909-eb8f-4baf-9eed-7a4cc889cb7c,7E:5D:93:75:53:D2,NA,-70
1763070233917,0adab909-eb8f-4baf-9eed-7a4cc889cb7c,78:0C:8F:FA:4F:83,NA,-69
1763070241878,0adab909-eb8f-4baf-9eed-7a4cc889cb7c,4D:FF:DB:7C:54:A4,NA,-92
1763070833883,0adab909-eb8f-4baf-9eed-7a4cc889cb7c,7E:5D:93:75:53:D2,NA,-72
1763070835489,0adab909-eb8f-4baf-9eed-7a4cc889cb7c,5E:67:A4:D0:15:49,NA,-84
1763070837745,0adab909-eb8f-4baf-9eed-7a4cc889cb7c,4C:A7:3A:C2:BC:8E,NA,-91
1763071433202,0adab909-eb8f-4baf-9eed-7a4cc889cb7c,5E:67:A4:D0:15:49,NA,-65
1763071433574,0adab909-eb8f-4baf-9eed-7a4cc889cb7c,75:04:17:77:53:3E,NA,-81
1763071435201,0adab909-eb8f-4baf-9eed-7a4cc889cb7c,4C:A7:3A:C2:BC:8E,NA,-87
1763071444494,0adab909-eb8f-4baf-9eed-7a4cc889cb7c,4E:21:89:9E:A0:0C,NA,-81
1763071966205,0adab909-eb8f-4baf-9eed-7a4cc889cb7c,75:04:17:77:53:3E,NA,-61
1763071969146,0adab909-eb8f-4baf-9eed-7a4cc889cb7c,50:9C:84:A8:A6:B9,NA,-87
1763071971060,0adab909-eb8f-4baf-9eed-7a4cc889cb7c,7A:D3:B6:10:BF:A6,NA,-72
1763072565211,0adab909-eb8f-4baf-9eed-7a4cc889cb7c,64:6D:21:92:C0:5F,NA,-61
1763073165214,0adab909-eb8f-4baf-9eed-7a4cc889cb7c,64:6D:21:92:C0:5F,NA,-62
1763073177354,0adab909-eb8f-4baf-9eed-7a4cc889cb7c,43:8C:A9:C4:0F:B8,NA,-60
1763073975831,0adab909-eb8f-4baf-9eed-7a4cc889cb7c,7D:D8:16:68:23:2C,NA,-70
1763074276224,0adab909-eb8f-4baf-9eed-7a4cc889cb7c,7D:D8:16:68:23:2C,NA,-65
1763074278708,0adab909-eb8f-4baf-9eed-7a4cc889cb7c,62:2C:EE:D8:3B:00,NA,-65
1763074876210,0adab909-eb8f-4baf-9eed-7a4cc889cb7c,6F:4D:1C:B0:AD:33,NA,-86
1763074876908,0adab909-eb8f-4baf-9eed-7a4cc889cb7c,4F:E0:F7:DC:A3:8D,NA,-70
1763074878166,0adab909-eb8f-4baf-9eed-7a4cc889cb7c,62:2C:EE:D8:3B:00,NA,-71
1763075708198,0adab909-eb8f-4baf-9eed-7a4cc889cb7c,4F:E0:F7:DC:A3:8D,NA,-65
1763075711029,0adab909-eb8f-4baf-9eed-7a4cc889cb7c,41:77:26:E4:26:49,NA,-85
1763076308180,0adab909-eb8f-4baf-9eed-7a4cc889cb7c,4B:C9:6A:2E:86:5F,NA,-65
1763076314603,0adab909-eb8f-4baf-9eed-7a4cc889cb7c,65:13:3F:C9:B9:E5,NA,-89
1763076907807,0adab909-eb8f-4baf-9eed-7a4cc889cb7c,4B:C9:6A:2E:86:5F,NA,-68
1763076908528,0adab909-eb8f-4baf-9eed-7a4cc889cb7c,42:36:79:BD:8B:06,NA,-73
1763076909104,0adab909-eb8f-4baf-9eed-7a4cc889cb7c,65:13:3F:C9:B9:E5,NA,-85
1763077349162,0adab909-eb8f-4baf-9eed-7a4cc889cb7c,5D:A7:E9:91:62:54,NA,-60
1763077351024,0adab909-eb8f-4baf-9eed-7a4cc889cb7c,5D:F5:5D:69:52:FB,NA,-85
1763077353598,0adab909-eb8f-4baf-9eed-7a4cc889cb7c,42:36:79:BD:8B:06,NA,-65
1763077948894,0adab909-eb8f-4baf-9eed-7a4cc889cb7c,5D:A7:E9:91:62:54,NA,-69
1763077960356,0adab909-eb8f-4baf-9eed-7a4cc889cb7c,6C:EF:04:E6:EB:5F,NA,-66
1763078548827,0adab909-eb8f-4baf-9eed-7a4cc889cb7c,5C:4A:11:19:9C:DE,NA,-66
1763078549502,0adab909-eb8f-4baf-9eed-7a4cc889cb7c,45:17:C1:11:99:0D,NA,-84
1763079352169,0adab909-eb8f-4baf-9eed-7a4cc889cb7c,70:7F:1B:1A:95:E7,NA,-69
1763079352495,0adab909-eb8f-4baf-9eed-7a4cc889cb7c,5C:4A:11:19:9C:DE,NA,-64
1763079952786,0adab909-eb8f-4baf-9eed-7a4cc889cb7c,5C:4A:11:19:9C:DE,NA,-68
1763079957721,0adab909-eb8f-4baf-9eed-7a4cc889cb7c,70:7F:1B:1A:95:E7,NA,-66
1763080553465,0adab909-eb8f-4baf-9eed-7a4cc889cb7c,62:C2:52:BA:EE:C3,NA,-63
1763080553740,0adab909-eb8f-4baf-9eed-7a4cc889cb7c,4E:2A:C5:FF:50:9F,NA,-65
1763080556074,0adab909-eb8f-4baf-9eed-7a4cc889cb7c,59:B3:9D:BF:7D:91,NA,-90
1763081085461,0adab909-eb8f-4baf-9eed-7a4cc889cb7c,62:C2:52:BA:EE:C3,NA,-64
1763081095148,0adab909-eb8f-4baf-9eed-7a4cc889cb7c,4E:2A:C5:FF:50:9F,NA,-84
1763081685192,0adab909-eb8f-4baf-9eed-7a4cc889cb7c,47:1F:A9:07:DC:F9,NA,-60
1763082285139,0adab909-eb8f-4baf-9eed-7a4cc889cb7c,47:1F:A9:07:DC:F9,NA,-61
1763082286550,0adab909-eb8f-4baf-9eed-7a4cc889cb7c,77:5E:7B:8B:31:2C,NA,-74
1763082287145,0adab909-eb8f-4baf-9eed-7a4cc889cb7c,66:4A:00:BE:CA:44,NA,-86
1763083023135,0adab909-eb8f-4baf-9eed-7a4cc889cb7c,55:59:C7:94:5A:0E,NA,-66
1763083028940,0adab909-eb8f-4baf-9eed-7a4cc889cb7c,74:71:E7:16:BF:7B,NA,-89
1763083323795,0adab909-eb8f-4baf-9eed-7a4cc889cb7c,55:59:C7:94:5A:0E,NA,-74
1763083327645,0adab909-eb8f-4baf-9eed-7a4cc889cb7c,74:71:E7:16:BF:7B,NA,-68
1763083922943,0adab909-eb8f-4baf-9eed-7a4cc889cb7c,67:51:C6:1C:12:E4,NA,-71
1763083927936,0adab909-eb8f-4baf-9eed-7a4cc889cb7c,78:9E:C6:F3:45:A7,NA,-71
1763084823179,0adab909-eb8f-4baf-9eed-7a4cc889cb7c,67:51:C6:1C:12:E4,NA,-71
1763084827302,0adab909-eb8f-4baf-9eed-7a4cc889cb7c,48:5A:38:C1:2A:0E,NA,-89
1763084832178,0adab909-eb8f-4baf-9eed-7a4cc889cb7c,78:9E:C6:F3:45:A7,NA,-77
1763085354955,0adab909-eb8f-4baf-9eed-7a4cc889cb7c,62:B5:72:8C:FC:8F,NA,-81
1763085355752,0adab909-eb8f-4baf-9eed-7a4cc889cb7c,5D:9C:31:87:2F:1D,NA,-73
1763085360888,0adab909-eb8f-4baf-9eed-7a4cc889cb7c,64:F3:18:D6:D5:A6,NA,-77
1763085954689,0adab909-eb8f-4baf-9eed-7a4cc889cb7c,61:AB:72:89:E5:EA,NA,-88
1763085955372,0adab909-eb8f-4baf-9eed-7a4cc889cb7c,5D:9C:31:87:2F:1D,NA,-68
1763085956377,0adab909-eb8f-4baf-9eed-7a4cc889cb7c,64:F3:18:D6:D5:A6,NA,-76
1763086554938,0adab909-eb8f-4baf-9eed-7a4cc889cb7c,7D:DE:17:B7:56:E8,NA,-73
1763086555456,0adab909-eb8f-4baf-9eed-7a4cc889cb7c,59:57:D3:3A:3C:F7,NA,-79
1763086556082,0adab909-eb8f-4baf-9eed-7a4cc889cb7c,61:AB:72:89:E5:EA,NA,-90
1763087088714,0adab909-eb8f-4baf-9eed-7a4cc889cb7c,7D:DE:17:B7:56:E8,NA,-72
1763087092888,0adab909-eb8f-4baf-9eed-7a4cc889cb7c,59:57:D3:3A:3C:F7,NA,-79
1763087093829,0adab909-eb8f-4baf-9eed-7a4cc889cb7c,63:AA:D5:DE:F7:A6,NA,-86
1763087687401,0adab909-eb8f-4baf-9eed-7a4cc889cb7c,7D:DE:17:B7:56:E8,NA,-66
1763087691581,0adab909-eb8f-4baf-9eed-7a4cc889cb7c,75:63:F4:63:94:9B,NA,-70
1763087693841,0adab909-eb8f-4baf-9eed-7a4cc889cb7c,44:DD:2C:C7:64:D0,NA,-77
1763088288037,0adab909-eb8f-4baf-9eed-7a4cc889cb7c,75:63:F4:63:94:9B,NA,-65
1763088289947,0adab909-eb8f-4baf-9eed-7a4cc889cb7c,61:E7:93:B5:97:1E,NA,-91
1763088295423,0adab909-eb8f-4baf-9eed-7a4cc889cb7c,44:DD:2C:C7:64:D0,NA,-67
1763089025435,0adab909-eb8f-4baf-9eed-7a4cc889cb7c,75:63:F4:63:94:9B,NA,-63
1763089026686,0adab909-eb8f-4baf-9eed-7a4cc889cb7c,47:2B:6C:93:3F:98,NA,-68
1763089325747,0adab909-eb8f-4baf-9eed-7a4cc889cb7c,7D:37:37:D4:C7:C1,NA,-65
1763089331503,0adab909-eb8f-4baf-9eed-7a4cc889cb7c,47:2B:6C:93:3F:98,NA,-72
1763089926084,0adab909-eb8f-4baf-9eed-7a4cc889cb7c,4D:60:1D:E8:40:AA,NA,-78
1763089926712,0adab909-eb8f-4baf-9eed-7a4cc889cb7c,7D:37:37:D4:C7:C1,NA,-69
1763090526700,0adab909-eb8f-4baf-9eed-7a4cc889cb7c,7D:37:37:D4:C7:C1,NA,-71
1763090527105,0adab909-eb8f-4baf-9eed-7a4cc889cb7c,4D:60:1D:E8:40:AA,NA,-85
1763090531613,0adab909-eb8f-4baf-9eed-7a4cc889cb7c,63:E3:FB:0A:97:F0,NA,-66
1763091084706,0adab909-eb8f-4baf-9eed-7a4cc889cb7c,62:14:4A:DD:6D:AB,NA,-69
1763091085678,0adab909-eb8f-4baf-9eed-7a4cc889cb7c,45:86:96:E2:9A:04,NA,-84
1763091086986,0adab909-eb8f-4baf-9eed-7a4cc889cb7c,63:E3:FB:0A:97:F0,NA,-72
1763091685022,0adab909-eb8f-4baf-9eed-7a4cc889cb7c,77:F6:E8:7E:85:4B,NA,-77
1763091686003,0adab909-eb8f-4baf-9eed-7a4cc889cb7c,5C:21:EC:13:F9:1F,NA,-82
1763091686305,0adab909-eb8f-4baf-9eed-7a4cc889cb7c,62:14:4A:DD:6D:AB,NA,-67
1763092285034,0adab909-eb8f-4baf-9eed-7a4cc889cb7c,4F:3C:5C:86:01:94,NA,-81
1763092285689,0adab909-eb8f-4baf-9eed-7a4cc889cb7c,62:14:4A:DD:6D:AB,NA,-77
1763092286598,0adab909-eb8f-4baf-9eed-7a4cc889cb7c,77:F6:E8:7E:85:4B,NA,-67
1763092884967,0adab909-eb8f-4baf-9eed-7a4cc889cb7c,7C:BB:6C:44:45:7D,NA,-73
1763092894997,0adab909-eb8f-4baf-9eed-7a4cc889cb7c,6F:32:77:56:FD:E0,NA,-79
1763093715983,0adab909-eb8f-4baf-9eed-7a4cc889cb7c,68:41:AB:1D:26:93,NA,-64
1763093719849,0adab909-eb8f-4baf-9eed-7a4cc889cb7c,49:A3:88:3B:9A:20,NA,-72
1763094317338,0adab909-eb8f-4baf-9eed-7a4cc889cb7c,68:41:AB:1D:26:93,NA,-66
1763094325279,0adab909-eb8f-4baf-9eed-7a4cc889cb7c,49:A3:88:3B:9A:20,NA,-66
1763095028623,0adab909-eb8f-4baf-9eed-7a4cc889cb7c,70:C6:3F:CE:0B:30,NA,-66
1763095030302,0adab909-eb8f-4baf-9eed-7a4cc889cb7c,4B:D7:1B:B4:5F:59,NA,-62
1763095328816,0adab909-eb8f-4baf-9eed-7a4cc889cb7c,4B:D7:1B:B4:5F:59,NA,-67
1763095335430,0adab909-eb8f-4baf-9eed-7a4cc889cb7c,70:C6:3F:CE:0B:30,NA,-61
1763095930393,0adab909-eb8f-4baf-9eed-7a4cc889cb7c,4B:D7:1B:B4:5F:59,NA,-62
1763095931025,0adab909-eb8f-4baf-9eed-7a4cc889cb7c,70:C6:3F:CE:0B:30,NA,-72
1763096529016,0adab909-eb8f-4baf-9eed-7a4cc889cb7c,44:A7:10:3D:10:22,NA,-66
1763096538709,0adab909-eb8f-4baf-9eed-7a4cc889cb7c,6D:DD:F6:A9:13:FC,NA,-92
1763096540531,0adab909-eb8f-4baf-9eed-7a4cc889cb7c,5D:39:BC:34:F1:72,NA,-71
1763097360650,0adab909-eb8f-4baf-9eed-7a4cc889cb7c,41:3D:CA:1D:38:02,NA,-71
1763097363251,0adab909-eb8f-4baf-9eed-7a4cc889cb7c,5D:80:2D:31:33:1E,NA,-75
1763097959803,0adab909-eb8f-4baf-9eed-7a4cc889cb7c,41:3D:CA:1D:38:02,NA,-68
1763097964755,0adab909-eb8f-4baf-9eed-7a4cc889cb7c,5D:80:2D:31:33:1E,NA,-75
1763098561290,0adab909-eb8f-4baf-9eed-7a4cc889cb7c,41:3D:CA:1D:38:02,NA,-62
1763098562985,0adab909-eb8f-4baf-9eed-7a4cc889cb7c,6A:F6:F3:CA:81:59,NA,-86
1763098564791,0adab909-eb8f-4baf-9eed-7a4cc889cb7c,5D:15:83:20:7A:B6,NA,-74
1763098957672,0adab909-eb8f-4baf-9eed-7a4cc889cb7c,41:3D:CA:1D:38:02,NA,-65
1763098961847,0adab909-eb8f-4baf-9eed-7a4cc889cb7c,5A:86:DA:0D:1B:02,NA,-81
1763098967874,0adab909-eb8f-4baf-9eed-7a4cc889cb7c,5D:15:83:20:7A:B6,NA,-81
1763099558007,0adab909-eb8f-4baf-9eed-7a4cc889cb7c,70:B8:E8:C2:2D:00,NA,-74
1763099558653,0adab909-eb8f-4baf-9eed-7a4cc889cb7c,6E:AE:49:26:A5:11,NA,-77
1763099569539,0adab909-eb8f-4baf-9eed-7a4cc889cb7c,5D:15:83:20:7A:B6,NA,-65
1763100157488,0adab909-eb8f-4baf-9eed-7a4cc889cb7c,4C:96:8A:ED:6A:01,SPEN NA,-62
1763100158126,0adab909-eb8f-4baf-9eed-7a4cc889cb7c,70:B8:E8:C2:2D:00,NA,-76
1763100158443,0adab909-eb8f-4baf-9eed-7a4cc889cb7c,4C:96:8A:ED:6A:01,SPEN NA,-61
1763100158746,0adab909-eb8f-4baf-9eed-7a4cc889cb7c,4C:96:8A:ED:6A:01,SPEN NA,-57
1763100159377,0adab909-eb8f-4baf-9eed-7a4cc889cb7c,4C:96:8A:ED:6A:01,SPEN NA,-60
1763100159691,0adab909-eb8f-4baf-9eed-7a4cc889cb7c,6B:52:F9:08:7F:F3,NA,-88
1763100159710,0adab909-eb8f-4baf-9eed-7a4cc889cb7c,4C:96:8A:ED:6A:01,SPEN NA,-57
1763100160013,0adab909-eb8f-4baf-9eed-7a4cc889cb7c,4C:96:8A:ED:6A:01,SPEN NA,-60
1763100160969,0adab909-eb8f-4baf-9eed-7a4cc889cb7c,4C:96:8A:ED:6A:01,SPEN NA,-65
1763100161272,0adab909-eb8f-4baf-9eed-7a4cc889cb7c,4C:96:8A:ED:6A:01,SPEN NA,-60
1763100161586,0adab909-eb8f-4baf-9eed-7a4cc889cb7c,4C:96:8A:ED:6A:01,SPEN NA,-61
1763100161901,0adab909-eb8f-4baf-9eed-7a4cc889cb7c,4C:96:8A:ED:6A:01,SPEN NA,-65
1763100162568,0adab909-eb8f-4baf-9eed-7a4cc889cb7c,6E:AE:49:26:A5:11,NA,-80
1763100162952,0adab909-eb8f-4baf-9eed-7a4cc889cb7c,4C:96:8A:ED:6A:01,SPEN NA,-64
1763100163258,0adab909-eb8f-4baf-9eed-7a4cc889cb7c,4C:96:8A:ED:6A:01,SPEN NA,-60
1763100164517,0adab909-eb8f-4baf-9eed-7a4cc889cb7c,4C:96:8A:ED:6A:01,SPEN NA,-61
1763100165479,0adab909-eb8f-4baf-9eed-7a4cc889cb7c,4C:96:8A:ED:6A:01,SPEN NA,-61
1763100165775,0adab909-eb8f-4baf-9eed-7a4cc889cb7c,4C:96:8A:ED:6A:01,SPEN NA,-64
1763100166409,0adab909-eb8f-4baf-9eed-7a4cc889cb7c,4C:96:8A:ED:6A:01,SPEN NA,-61
1763100167050,0adab909-eb8f-4baf-9eed-7a4cc889cb7c,4C:96:8A:ED:6A:01,SPEN NA,-60
1763100167374,0adab909-eb8f-4baf-9eed-7a4cc889cb7c,4C:96:8A:ED:6A:01,SPEN NA,-61
1763100167689,0adab909-eb8f-4baf-9eed-7a4cc889cb7c,4C:96:8A:ED:6A:01,SPEN NA,-65
1763100168001,0adab909-eb8f-4baf-9eed-7a4cc889cb7c,4C:96:8A:ED:6A:01,SPEN NA,-60
1763100771862,0adab909-eb8f-4baf-9eed-7a4cc889cb7c,46:EA:8C:99:A0:58,NA,-82
1763100773460,0adab909-eb8f-4baf-9eed-7a4cc889cb7c,41:6B:95:C5:F9:39,NA,-79
1763100779303,0adab909-eb8f-4baf-9eed-7a4cc889cb7c,6B:52:F9:08:7F:F3,NA,-88
1763101371897,0adab909-eb8f-4baf-9eed-7a4cc889cb7c,46:EA:8C:99:A0:58,NA,-74
1763101373496,0adab909-eb8f-4baf-9eed-7a4cc889cb7c,70:E1:16:C6:F6:F5,NA,-92
1763101375433,0adab909-eb8f-4baf-9eed-7a4cc889cb7c,71:40:24:6C:51:CB,NA,-76
1763102061088,0adab909-eb8f-4baf-9eed-7a4cc889cb7c,6A:41:54:63:50:BD,NA,-78
1763102074003,0adab909-eb8f-4baf-9eed-7a4cc889cb7c,6A:41:54:63:50:BD,NA,-69
1763102075128,0adab909-eb8f-4baf-9eed-7a4cc889cb7c,84:C8:A0:8B:BD:3D,JBL BAR 800,-79
1763102571395,0adab909-eb8f-4baf-9eed-7a4cc889cb7c,6A:41:54:63:50:BD,NA,-77
1763103132444,0adab909-eb8f-4baf-9eed-7a4cc889cb7c,94:AC:3B:E8:9F:44,GL-F2,-100
1763103134487,0adab909-eb8f-4baf-9eed-7a4cc889cb7c,00:73:42:0C:25:3A,FM38,-100
1763103143507,0adab909-eb8f-4baf-9eed-7a4cc889cb7c,E1:12:5F:7E:45:2C,SmartSolar HQ22233C6AR,-93
1763103733960,0adab909-eb8f-4baf-9eed-7a4cc889cb7c,4F:BA:6A:49:59:10,Jabra Evolve2 65,-73
1763103734265,0adab909-eb8f-4baf-9eed-7a4cc889cb7c,71:37:FF:0F:28:53,NA,-79
1763103734577,0adab909-eb8f-4baf-9eed-7a4cc889cb7c,84:25:3F:A3:1F:C2,mitte-home MH22340108,-83
1763104447710,0adab909-eb8f-4baf-9eed-7a4cc889cb7c,84:25:3F:A3:1F:C2,mitte-home MH22340108,-80
1763104447746,0adab909-eb8f-4baf-9eed-7a4cc889cb7c,57:B2:1E:EF:A6:0C,NA,-81
1763104449452,0adab909-eb8f-4baf-9eed-7a4cc889cb7c,5E:32:D9:66:69:FB,Jabra Evolve2 65,-91
1763104452679,0adab909-eb8f-4baf-9eed-7a4cc889cb7c,5A:31:56:DD:24:AB,Jabra Evolve2 65,-70
1763104457832,0adab909-eb8f-4baf-9eed-7a4cc889cb7c,84:25:3F:A3:1F:C2,mitte-home MH22340108,-74
1763104457847,0adab909-eb8f-4baf-9eed-7a4cc889cb7c,57:B2:1E:EF:A6:0C,NA,-80
1763104457865,0adab909-eb8f-4baf-9eed-7a4cc889cb7c,25:AC:C9:78:A6:35,NA,-84
1763104457960,0adab909-eb8f-4baf-9eed-7a4cc889cb7c,E8:B6:36:15:2B:5F,NA,-80
1763104458038,0adab909-eb8f-4baf-9eed-7a4cc889cb7c,26:95:99:60:2C:F2,NA,-50
1763104459949,0adab909-eb8f-4baf-9eed-7a4cc889cb7c,43:B8:D9:49:BB:63,NA,-85
1763104972091,0adab909-eb8f-4baf-9eed-7a4cc889cb7c,41:0A:09:5A:CC:30,NA,-69
1763104972342,0adab909-eb8f-4baf-9eed-7a4cc889cb7c,84:25:3F:A3:1F:C2,mitte-home MH22340108,-81
1763104974278,0adab909-eb8f-4baf-9eed-7a4cc889cb7c,7A:09:C2:B6:FA:FC,Jabra Evolve2 65,-79
1763104978771,0adab909-eb8f-4baf-9eed-7a4cc889cb7c,78:24:99:5C:F5:7E,NA,-73
1763105503986,0adab909-eb8f-4baf-9eed-7a4cc889cb7c,6D:F2:64:6D:80:AB,NA,-81
1763105504630,0adab909-eb8f-4baf-9eed-7a4cc889cb7c,41:0A:09:5A:CC:30,NA,-70
1763105505243,0adab909-eb8f-4baf-9eed-7a4cc889cb7c,84:25:3F:A3:1F:C2,mitte-home MH22340108,-91
1763105507139,0adab909-eb8f-4baf-9eed-7a4cc889cb7c,7A:09:C2:B6:FA:FC,Jabra Evolve2 65,-75
1763105508137,0adab909-eb8f-4baf-9eed-7a4cc889cb7c,78:24:99:5C:F5:7E,NA,-77
1763106248054,0adab909-eb8f-4baf-9eed-7a4cc889cb7c,6D:40:FD:A8:3A:79,Jabra Evolve2 65,-87
1763106248405,0adab909-eb8f-4baf-9eed-7a4cc889cb7c,69:EC:0A:F3:14:EF,NA,-64
1763106248781,0adab909-eb8f-4baf-9eed-7a4cc889cb7c,84:25:3F:A3:1F:C2,mitte-home MH22340108,-89
1763106250003,0adab909-eb8f-4baf-9eed-7a4cc889cb7c,64:E8:15:0D:A9:A9,NA,-60
1763106258991,0adab909-eb8f-4baf-9eed-7a4cc889cb7c,56:D9:44:36:FF:B8,NA,-89
1763106850826,0adab909-eb8f-4baf-9eed-7a4cc889cb7c,4C:D8:0A:69:03:D7,NA,-75
1763106850877,0adab909-eb8f-4baf-9eed-7a4cc889cb7c,55:99:86:24:AA:40,NA,-73
1763106852054,0adab909-eb8f-4baf-9eed-7a4cc889cb7c,84:25:3F:A3:1F:C2,mitte-home MH22340108,-91
1763106853351,0adab909-eb8f-4baf-9eed-7a4cc889cb7c,5E:41:AF:1D:1C:AA,Jabra Evolve2 65,-82
1763106859742,0adab909-eb8f-4baf-9eed-7a4cc889cb7c,77:09:AE:BE:BF:C0,NA,-87
1763107450041,0adab909-eb8f-4baf-9eed-7a4cc889cb7c,72:88:17:58:30:FC,NA,-88
1763107450066,0adab909-eb8f-4baf-9eed-7a4cc889cb7c,4C:D8:0A:69:03:D7,NA,-57
1763107450077,0adab909-eb8f-4baf-9eed-7a4cc889cb7c,84:25:3F:A3:1F:C2,mitte-home MH22340108,-79
1763107450856,0adab909-eb8f-4baf-9eed-7a4cc889cb7c,56:D9:44:36:FF:B8,NA,-81
1763107451914,0adab909-eb8f-4baf-9eed-7a4cc889cb7c,7F:A0:1F:78:99:D1,NA,-93
1763107452803,0adab909-eb8f-4baf-9eed-7a4cc889cb7c,55:99:86:24:AA:40,NA,-60
1763107452828,0adab909-eb8f-4baf-9eed-7a4cc889cb7c,5A:64:F7:3D:19:F6,Jabra Evolve2 5,-85
1763107453100,0adab909-eb8f-4baf-9eed-7a4cc889cb7c,5E:41:AF:1D:1C:AA,Jabra Evolve2 65,-79
1763108156864,0adab909-eb8f-4baf-9eed-7a4cc889cb7c,84:25:3F:A3:1F:C2,mitte-home MH22340108,-83
1763108158165,0adab909-eb8f-4baf-9eed-7a4cc889cb7c,49:B2:29:DC:C7:A2,NA,-87
1763108158190,0adab909-eb8f-4baf-9eed-7a4cc889cb7c,77:3A:27:6F:EB:3D,NA,-58
1763108160043,0adab909-eb8f-4baf-9eed-7a4cc889cb7c,6A:EA:B6:1A:1F:E2,NA,-85
1763108160060,0adab909-eb8f-4baf-9eed-7a4cc889cb7c,69:11:55:9E:49:EB,Jabra Evolve2 65,-79
1763108161692,0adab909-eb8f-4baf-9eed-7a4cc889cb7c,7C:B0:26:B7:52:FB,NA,-54
1763108168670,0adab909-eb8f-4baf-9eed-7a4cc889cb7c,7F:A0:1F:78:99:D1,NA,-90
1763108515583,0adab909-eb8f-4baf-9eed-7a4cc889cb7c,84:25:3F:A3:1F:C2,mitte-home MH22340108,-76
1763108517790,0adab909-eb8f-4baf-9eed-7a4cc889cb7c,6C:D2:6A:B4:F2:42,NA,-91
1763108517808,0adab909-eb8f-4baf-9eed-7a4cc889cb7c,51:6F:F0:07:F1:B5,NA,-85
1763108518464,0adab909-eb8f-4baf-9eed-7a4cc889cb7c,69:CF:36:5E:D7:10,NA,-89
1763108518481,0adab909-eb8f-4baf-9eed-7a4cc889cb7c,44:11:34:15:89:B6,Jabra Evolve2 65,-88
1763108519748,0adab909-eb8f-4baf-9eed-7a4cc889cb7c,7A:2B:E1:50:ED:1B,Jabra Evolve2 5,-90
1763108519764,0adab909-eb8f-4baf-9eed-7a4cc889cb7c,77:3A:27:6F:EB:3D,NA,-52
1763108519774,0adab909-eb8f-4baf-9eed-7a4cc889cb7c,4A:9B:37:17:CB:D1,NA,-91
1763108521985,0adab909-eb8f-4baf-9eed-7a4cc889cb7c,62:76:D7:E4:D8:BD,Jabra Evolve2 65,-70
1763108521999,0adab909-eb8f-4baf-9eed-7a4cc889cb7c,7C:B0:26:B7:52:FB,NA,-60
1763108526201,0adab909-eb8f-4baf-9eed-7a4cc889cb7c,58:70:7F:16:56:3E,NA,-91
1763109114303,0adab909-eb8f-4baf-9eed-7a4cc889cb7c,57:10:24:DC:C7:E0,NA,-78
1763109114331,0adab909-eb8f-4baf-9eed-7a4cc889cb7c,84:25:3F:A3:1F:C2,mitte-home MH22340108,-62
1763109114718,0adab909-eb8f-4baf-9eed-7a4cc889cb7c,76:FC:D7:87:07:2F,Jabra Evolve2 5,-82
1763109115661,0adab909-eb8f-4baf-9eed-7a4cc889cb7c,2B:B6:2B:0F:9F:63,NA,-86
1763109115939,0adab909-eb8f-4baf-9eed-7a4cc889cb7c,CA:43:3B:D4:A2:CC,NA,-87
1763109117247,0adab909-eb8f-4baf-9eed-7a4cc889cb7c,07:2B:21:19:A0:09,NA,-95
1763109117580,0adab909-eb8f-4baf-9eed-7a4cc889cb7c,61:16:48:7D:D8:FC,NA,-85
1763109117875,0adab909-eb8f-4baf-9eed-7a4cc889cb7c,7B:6A:43:D1:12:4A,NA,-92
1763109118855,0adab909-eb8f-4baf-9eed-7a4cc889cb7c,64:79:4A:CE:2E:88,NA,-95
1763109127156,0adab909-eb8f-4baf-9eed-7a4cc889cb7c,35:4A:AB:AE:37:44,NA,-81
1763109127183,0adab909-eb8f-4baf-9eed-7a4cc889cb7c,84:25:3F:A3:1F:C2,mitte-home MH22340108,-67
1763109127205,0adab909-eb8f-4baf-9eed-7a4cc889cb7c,3B:A5:6E:98:53:2B,NA,-89
1763109127245,0adab909-eb8f-4baf-9eed-7a4cc889cb7c,3F:57:F8:83:B1:05,NA,-85
1763109127270,0adab909-eb8f-4baf-9eed-7a4cc889cb7c,25:72:A7:8E:DA:AA,NA,-86
1763109127294,0adab909-eb8f-4baf-9eed-7a4cc889cb7c,3A:F5:44:02:FA:76,NA,-87
1763109128146,0adab909-eb8f-4baf-9eed-7a4cc889cb7c,CA:43:3B:D4:A2:CC,NA,-87
1763109128171,0adab909-eb8f-4baf-9eed-7a4cc889cb7c,3D:E3:8C:E2:56:78,NA,-91
1763109128194,0adab909-eb8f-4baf-9eed-7a4cc889cb7c,5B:C4:3E:21:41:00,NA,-87
1763109128216,0adab909-eb8f-4baf-9eed-7a4cc889cb7c,1C:D5:53:B4:A3:63,NA,-73
1763109128258,0adab909-eb8f-4baf-9eed-7a4cc889cb7c,66:15:98:46:6F:51,NA,-82
1763109128283,0adab909-eb8f-4baf-9eed-7a4cc889cb7c,E1:88:A4:FA:75:C3,NA,-86
1763109128299,0adab909-eb8f-4baf-9eed-7a4cc889cb7c,01:88:0F:E2:EA:58,NA,-90
1763109128321,0adab909-eb8f-4baf-9eed-7a4cc889cb7c,76:FC:D7:87:07:2F,Jabra Evolve2 5,-82
1763109128341,0adab909-eb8f-4baf-9eed-7a4cc889cb7c,7B:6A:43:D1:12:4A,NA,-90
1763109129141,0adab909-eb8f-4baf-9eed-7a4cc889cb7c,33:82:6F:32:BB:D7,NA,-86
1763109129184,0adab909-eb8f-4baf-9eed-7a4cc889cb7c,0B:E1:BB:8D:0E:81,NA,-78
1763109129326,0adab909-eb8f-4baf-9eed-7a4cc889cb7c,57:10:24:DC:C7:E0,NA,-85
1763109129348,0adab909-eb8f-4baf-9eed-7a4cc889cb7c,CC:A2:E7:35:92:72,LE_WH-1000XM4,-91
1763109782182,0adab909-eb8f-4baf-9eed-7a4cc889cb7c,57:10:24:DC:C7:E0,NA,-70
1763109783715,0adab909-eb8f-4baf-9eed-7a4cc889cb7c,84:25:3F:A3:1F:C2,mitte-home MH22340108,-88
1763109792686,0adab909-eb8f-4baf-9eed-7a4cc889cb7c,7A:CB:06:AC:28:E8,Jabra Evolve2 65,-92
1763110293497,0adab909-eb8f-4baf-9eed-7a4cc889cb7c,76:C4:81:1A:CC:CB,NA,-69
1763110293854,0adab909-eb8f-4baf-9eed-7a4cc889cb7c,84:25:3F:A3:1F:C2,mitte-home MH22340108,-82
1763110293875,0adab909-eb8f-4baf-9eed-7a4cc889cb7c,69:CD:D6:75:C3:8D,NA,-79
1763110298040,0adab909-eb8f-4baf-9eed-7a4cc889cb7c,6F:98:76:A4:9E:58,NA,-70
1763110305423,0adab909-eb8f-4baf-9eed-7a4cc889cb7c,7C:B7:35:70:77:6C,NA,-88
1763110912619,0adab909-eb8f-4baf-9eed-7a4cc889cb7c,6F:98:76:A4:9E:58,NA,127
1763110912636,0adab909-eb8f-4baf-9eed-7a4cc889cb7c,84:25:3F:A3:1F:C2,mitte-home MH22340108,-87
1763110912996,0adab909-eb8f-4baf-9eed-7a4cc889cb7c,76:C4:81:1A:CC:CB,NA,-75
1763110913938,0adab909-eb8f-4baf-9eed-7a4cc889cb7c,66:69:40:A8:7A:4F,NA,-91
1763110913955,0adab909-eb8f-4baf-9eed-7a4cc889cb7c,65:F4:45:8C:C4:0F,NA,-89
1763110914267,0adab909-eb8f-4baf-9eed-7a4cc889cb7c,66:89:04:75:9E:51,NA,-86
1763110918711,0adab909-eb8f-4baf-9eed-7a4cc889cb7c,68:02:1E:30:CF:81,Jabra Evolve2 65,-89
1763111512657,0adab909-eb8f-4baf-9eed-7a4cc889cb7c,76:C4:81:1A:CC:CB,NA,-72
1763111513611,0adab909-eb8f-4baf-9eed-7a4cc889cb7c,66:89:04:75:9E:51,NA,-80
1763111514244,0adab909-eb8f-4baf-9eed-7a4cc889cb7c,84:25:3F:A3:1F:C2,mitte-home MH22340108,-85
1763111516497,0adab909-eb8f-4baf-9eed-7a4cc889cb7c,49:11:70:83:C0:45,NA,-94
1763111519758,0adab909-eb8f-4baf-9eed-7a4cc889cb7c,4F:BF:90:01:D6:4E,NA,-76
1763111520359,0adab909-eb8f-4baf-9eed-7a4cc889cb7c,78:2D:F9:6B:DC:9A,NA,-71
1763111523814,0adab909-eb8f-4baf-9eed-7a4cc889cb7c,5A:50:8E:6F:5E:CC,NA,-86
1763112299920,0adab909-eb8f-4baf-9eed-7a4cc889cb7c,84:25:3F:A3:1F:C2,mitte-home MH22340108,-84
1763112300952,0adab909-eb8f-4baf-9eed-7a4cc889cb7c,78:2D:F9:6B:DC:9A,NA,-76
1763112301600,0adab909-eb8f-4baf-9eed-7a4cc889cb7c,4F:BF:90:01:D6:4E,NA,-76
1763112304204,0adab909-eb8f-4baf-9eed-7a4cc889cb7c,7F:0D:7E:65:C6:6A,NA,-83
1763112306078,0adab909-eb8f-4baf-9eed-7a4cc889cb7c,6D:92:95:20:47:BA,NA,-93
1763112308918,0adab909-eb8f-4baf-9eed-7a4cc889cb7c,4E:48:CF:34:D4:F3,NA,-88
1763112309892,0adab909-eb8f-4baf-9eed-7a4cc889cb7c,7A:55:F6:30:BA:D2,Jabra Evolve2 65,-78
1763112900646,0adab909-eb8f-4baf-9eed-7a4cc889cb7c,7C:CC:A5:9A:5C:7D,NA,-90
1763112901267,0adab909-eb8f-4baf-9eed-7a4cc889cb7c,4E:9E:D6:64:A3:49,NA,-71
1763112901285,0adab909-eb8f-4baf-9eed-7a4cc889cb7c,84:25:3F:A3:1F:C2,mitte-home MH22340108,-82
1763112901618,0adab909-eb8f-4baf-9eed-7a4cc889cb7c,68:40:AF:DC:3B:06,NA,-69
1763112902898,0adab909-eb8f-4baf-9eed-7a4cc889cb7c,51:83:28:93:A2:58,Jabra Evolve2 65,-80
1763112903217,0adab909-eb8f-4baf-9eed-7a4cc889cb7c,49:2A:1A:51:ED:BA,NA,-85
1763112905126,0adab909-eb8f-4baf-9eed-7a4cc889cb7c,4E:48:CF:34:D4:F3,NA,-88
1763112909590,0adab909-eb8f-4baf-9eed-7a4cc889cb7c,57:4F:92:21:BC:8B,NA,-90
1763112910919,0adab909-eb8f-4baf-9eed-7a4cc889cb7c,6D:92:95:20:47:BA,NA,-89
1763113500384,0adab909-eb8f-4baf-9eed-7a4cc889cb7c,4D:F1:74:78:6F:8C,NA,-78
1763113501643,0adab909-eb8f-4baf-9eed-7a4cc889cb7c,84:25:3F:A3:1F:C2,mitte-home MH22340108,-91
1763113501666,0adab909-eb8f-4baf-9eed-7a4cc889cb7c,68:40:AF:DC:3B:06,NA,-78
1763113501680,0adab909-eb8f-4baf-9eed-7a4cc889cb7c,51:83:28:93:A2:58,Jabra Evolve2 65,-86
1763113501693,0adab909-eb8f-4baf-9eed-7a4cc889cb7c,56:33:6A:0A:D8:13,Jabra Evolve2 65,-92
1763113501707,0adab909-eb8f-4baf-9eed-7a4cc889cb7c,7C:22:FA:22:07:F8,NA,-88
1763113503853,0adab909-eb8f-4baf-9eed-7a4cc889cb7c,4E:9E:D6:64:A3:49,NA,-87
1763113504185,0adab909-eb8f-4baf-9eed-7a4cc889cb7c,52:6A:BC:16:3B:79,Jabra Evolve2 65,-88
1763113505127,0adab909-eb8f-4baf-9eed-7a4cc889cb7c,61:A8:14:FF:7F:74,NA,-92
1763113505812,0adab909-eb8f-4baf-9eed-7a4cc889cb7c,52:E0:41:3C:60:4D,Jabra Evolve2 5,-91
1763113506148,0adab909-eb8f-4baf-9eed-7a4cc889cb7c,45:FB:B7:80:3E:08,NA,-83
1763113509636,0adab909-eb8f-4baf-9eed-7a4cc889cb7c,73:F9:B2:B0:78:5B,NA,-90
1763113510898,0adab909-eb8f-4baf-9eed-7a4cc889cb7c,6C:D3:D2:E4:BB:7A,NA,-92
1763113925186,0adab909-eb8f-4baf-9eed-7a4cc889cb7c,84:25:3F:A3:1F:C2,mitte-home MH22340108,-76
1763113925203,0adab909-eb8f-4baf-9eed-7a4cc889cb7c,7C:22:FA:22:07:F8,NA,-87
1763113925217,0adab909-eb8f-4baf-9eed-7a4cc889cb7c,4C:9B:CC:2F:35:59,NA,-92
1763113925229,0adab909-eb8f-4baf-9eed-7a4cc889cb7c,77:C4:0C:11:B8:A4,NA,-90
1763113925580,0adab909-eb8f-4baf-9eed-7a4cc889cb7c,4B:7F:64:59:7C:2E,NA,-85
1763113926536,0adab909-eb8f-4baf-9eed-7a4cc889cb7c,4E:9E:D6:64:A3:49,NA,-82
1763113927130,0adab909-eb8f-4baf-9eed-7a4cc889cb7c,41:1C:BF:D5:6A:78,Jabra Evolve2 65,-83
1763113927794,0adab909-eb8f-4baf-9eed-7a4cc889cb7c,4D:F1:74:78:6F:8C,NA,-85
1763113928120,0adab909-eb8f-4baf-9eed-7a4cc889cb7c,7B:83:2F:25:10:64,NA,-91
1763113929085,0adab909-eb8f-4baf-9eed-7a4cc889cb7c,7F:73:A8:C0:27:AF,Jabra Evolve2 65,-90
1763113929721,0adab909-eb8f-4baf-9eed-7a4cc889cb7c,73:F9:B2:B0:78:5B,NA,-88
1763113931670,0adab909-eb8f-4baf-9eed-7a4cc889cb7c,68:40:AF:DC:3B:06,NA,-69
1763113931947,0adab909-eb8f-4baf-9eed-7a4cc889cb7c,51:31:D1:C3:EF:CC,NA,-90
1763113931962,0adab909-eb8f-4baf-9eed-7a4cc889cb7c,45:FB:B7:80:3E:08,NA,-87
1763113931976,0adab909-eb8f-4baf-9eed-7a4cc889cb7c,52:E0:41:3C:60:4D,Jabra Evolve2 5,-91
1763113933287,0adab909-eb8f-4baf-9eed-7a4cc889cb7c,41:8E:17:D4:CB:FA,NA,-71
1763113935192,0adab909-eb8f-4baf-9eed-7a4cc889cb7c,72:E8:5A:7F:6F:6C,NA,-75
1763114525542,0adab909-eb8f-4baf-9eed-7a4cc889cb7c,55:A7:FB:36:59:48,NA,-80
1763114526190,0adab909-eb8f-4baf-9eed-7a4cc889cb7c,84:25:3F:A3:1F:C2,mitte-home MH22340108,-84
1763114526818,0adab909-eb8f-4baf-9eed-7a4cc889cb7c,4A:7A:17:13:35:02,NA,-81
1763114527169,0adab909-eb8f-4baf-9eed-7a4cc889cb7c,55:21:88:C5:DD:CE,NA,-88
1763114528767,0adab909-eb8f-4baf-9eed-7a4cc889cb7c,41:1C:BF:D5:6A:78,Jabra Evolve2 65,-81
1763114529382,0adab909-eb8f-4baf-9eed-7a4cc889cb7c,68:AD:1E:C7:C5:C5,NA,-88
1763114529399,0adab909-eb8f-4baf-9eed-7a4cc889cb7c,73:5D:EA:3C:44:9E,NA,-88
1763114531658,0adab909-eb8f-4baf-9eed-7a4cc889cb7c,60:68:B6:5B:5F:88,NA,-84
1763114532240,0adab909-eb8f-4baf-9eed-7a4cc889cb7c,47:C7:C7:63:CD:96,Jabra Evolve2 65,-92
1763114532262,0adab909-eb8f-4baf-9eed-7a4cc889cb7c,5C:D8:D9:28:45:76,Jabra Evolve2 65,-91
1763114533250,0adab909-eb8f-4baf-9eed-7a4cc889cb7c,70:EC:4D:ED:9C:F1,NA,-87
1763115093508,0adab909-eb8f-4baf-9eed-7a4cc889cb7c,84:25:3F:A3:1F:C2,mitte-home MH22340108,-76
1763115093856,0adab909-eb8f-4baf-9eed-7a4cc889cb7c,7F:49:B6:F5:F9:4D,NA,-83
1763115093881,0adab909-eb8f-4baf-9eed-7a4cc889cb7c,4A:7A:17:13:35:02,NA,-77
1763115095806,0adab909-eb8f-4baf-9eed-7a4cc889cb7c,60:68:B6:5B:5F:88,NA,-88
1763115095823,0adab909-eb8f-4baf-9eed-7a4cc889cb7c,55:A7:FB:36:59:48,NA,-83
1763115096084,0adab909-eb8f-4baf-9eed-7a4cc889cb7c,68:AD:1E:C7:C5:C5,NA,-92
1763115096098,0adab909-eb8f-4baf-9eed-7a4cc889cb7c,65:7A:57:12:D1:28,NA,-91
1763115096111,0adab909-eb8f-4baf-9eed-7a4cc889cb7c,73:5D:EA:3C:44:9E,NA,-92
1763115099298,0adab909-eb8f-4baf-9eed-7a4cc889cb7c,50:BA:33:BF:97:E6,Jabra Evolve2 65,-80
1763115101527,0adab909-eb8f-4baf-9eed-7a4cc889cb7c,70:EC:4D:ED:9C:F1,NA,-76
1763115102856,0adab909-eb8f-4baf-9eed-7a4cc889cb7c,55:21:88:C5:DD:CE,NA,-90
1763115696786,0adab909-eb8f-4baf-9eed-7a4cc889cb7c,84:25:3F:A3:1F:C2,mitte-home MH22340108,-81
1763115697133,0adab909-eb8f-4baf-9eed-7a4cc889cb7c,5A:D9:DB:87:46:84,NA,-79
1763115697774,0adab909-eb8f-4baf-9eed-7a4cc889cb7c,4C:D3:37:00:EC:EA,NA,-91
1763115698100,0adab909-eb8f-4baf-9eed-7a4cc889cb7c,6A:99:60:54:3A:FC,NA,-94
1763115698434,0adab909-eb8f-4baf-9eed-7a4cc889cb7c,5B:10:BA:49:F7:99,Jabra Evolve2 65,-85
1763115698732,0adab909-eb8f-4baf-9eed-7a4cc889cb7c,58:07:0B:DA:AF:27,NA,-85
1763115700656,0adab909-eb8f-4baf-9eed-7a4cc889cb7c,4B:B3:1C:7B:13:7A,NA,-94
1763115700963,0adab909-eb8f-4baf-9eed-7a4cc889cb7c,7F:49:B6:F5:F9:4D,NA,-90
1763115701582,0adab909-eb8f-4baf-9eed-7a4cc889cb7c,5D:17:2A:AC:DD:DE,NA,-82
1763115703510,0adab909-eb8f-4baf-9eed-7a4cc889cb7c,52:D4:29:08:02:15,NA,-83
1763116325016,0adab909-eb8f-4baf-9eed-7a4cc889cb7c,7E:C7:83:2A:36:2E,NA,-95
1763116325036,0adab909-eb8f-4baf-9eed-7a4cc889cb7c,84:25:3F:A3:1F:C2,mitte-home MH22340108,-82
1763116325317,0adab909-eb8f-4baf-9eed-7a4cc889cb7c,48:FE:3A:27:17:FD,NA,-87
1763116325370,0adab909-eb8f-4baf-9eed-7a4cc889cb7c,54:74:D1:5A:CA:80,NA,-77
1763116326295,0adab909-eb8f-4baf-9eed-7a4cc889cb7c,7C:8E:E1:BD:C2:43,Jabra Evolve2 5,-90
1763116327228,0adab909-eb8f-4baf-9eed-7a4cc889cb7c,5D:17:2A:AC:DD:DE,NA,-86
1763116327881,0adab909-eb8f-4baf-9eed-7a4cc889cb7c,5B:10:BA:49:F7:99,Jabra Evolve2 65,-82
1763116328520,0adab909-eb8f-4baf-9eed-7a4cc889cb7c,4C:D3:37:00:EC:EA,NA,-91
1763116330472,0adab909-eb8f-4baf-9eed-7a4cc889cb7c,58:07:0B:DA:AF:27,NA,-85
1763116330788,0adab909-eb8f-4baf-9eed-7a4cc889cb7c,76:5C:EC:1A:FE:AB,Jabra Evolve2 65,-90
1763116331470,0adab909-eb8f-4baf-9eed-7a4cc889cb7c,7D:A6:E6:6E:3F:C1,NA,-89
1763116924629,0adab909-eb8f-4baf-9eed-7a4cc889cb7c,54:74:D1:5A:CA:80,NA,-67
1763116924689,0adab909-eb8f-4baf-9eed-7a4cc889cb7c,7C:8E:E1:BD:C2:43,Jabra Evolve2 5,-90
1763116924704,0adab909-eb8f-4baf-9eed-7a4cc889cb7c,7D:A6:E6:6E:3F:C1,NA,-83
1763116924756,0adab909-eb8f-4baf-9eed-7a4cc889cb7c,84:25:3F:A3:1F:C2,mitte-home MH22340108,-81
1763116925028,0adab909-eb8f-4baf-9eed-7a4cc889cb7c,66:8E:7C:A3:95:3D,NA,-78
1763116925613,0adab909-eb8f-4baf-9eed-7a4cc889cb7c,4C:D9:1B:93:00:04,NA,-90
1763116925985,0adab909-eb8f-4baf-9eed-7a4cc889cb7c,48:FE:3A:27:17:FD,NA,-85
1763116926956,0adab909-eb8f-4baf-9eed-7a4cc889cb7c,65:F7:4B:B0:EF:9D,NA,-70
1763116927897,0adab909-eb8f-4baf-9eed-7a4cc889cb7c,52:2C:E4:6C:48:B9,NA,-94
1763116929815,0adab909-eb8f-4baf-9eed-7a4cc889cb7c,57:FA:E9:56:84:AE,NA,-94
1763116930461,0adab909-eb8f-4baf-9eed-7a4cc889cb7c,76:5C:EC:1A:FE:AB,Jabra Evolve2 65,-88
1763116932050,0adab909-eb8f-4baf-9eed-7a4cc889cb7c,56:E9:44:DC:5D:3C,Jabra Evolve2 65,-73
1763116932673,0adab909-eb8f-4baf-9eed-7a4cc889cb7c,4F:21:B6:99:95:03,NA,-93
1763116935937,0adab909-eb8f-4baf-9eed-7a4cc889cb7c,69:0F:75:74:38:DC,NA,-90
1763117642851,0adab909-eb8f-4baf-9eed-7a4cc889cb7c,84:25:3F:A3:1F:C2,mitte-home MH22340108,-92
1763117643778,0adab909-eb8f-4baf-9eed-7a4cc889cb7c,4C:D4:73:AF:94:F2,NA,-87
1763117644133,0adab909-eb8f-4baf-9eed-7a4cc889cb7c,76:77:8F:E8:88:16,NA,-72
1763117645351,0adab909-eb8f-4baf-9eed-7a4cc889cb7c,48:0A:DC:E9:EE:B9,NA,-92
1763117645711,0adab909-eb8f-4baf-9eed-7a4cc889cb7c,42:63:AC:54:61:06,NA,-89
1763117646343,0adab909-eb8f-4baf-9eed-7a4cc889cb7c,44:FE:3B:11:5C:F4,NA,-85
1763117647308,0adab909-eb8f-4baf-9eed-7a4cc889cb7c,63:43:52:C0:E5:3C,Jabra Evolve2 65,-78
1763117647608,0adab909-eb8f-4baf-9eed-7a4cc889cb7c,54:61:F9:DB:29:1A,NA,-91
1763117648909,0adab909-eb8f-4baf-9eed-7a4cc889cb7c,49:FE:0C:88:A3:48,NA,-91
1763117649549,0adab909-eb8f-4baf-9eed-7a4cc889cb7c,46:75:D6:7D:AB:46,NA,-90
1763117651111,0adab909-eb8f-4baf-9eed-7a4cc889cb7c,4E:58:E2:B3:94:C5,NA,-66
1763117654949,0adab909-eb8f-4baf-9eed-7a4cc889cb7c,6E:A1:1F:30:6F:35,NA,-90
1763118256121,0adab909-eb8f-4baf-9eed-7a4cc889cb7c,63:43:52:C0:E5:3C,Jabra Evolve2 65,-79
1763118256426,0adab909-eb8f-4baf-9eed-7a4cc889cb7c,6A:25:EC:62:DC:B6,NA,-81
1763118256446,0adab909-eb8f-4baf-9eed-7a4cc889cb7c,48:0A:DC:E9:EE:B9,NA,-81
1763118257076,0adab909-eb8f-4baf-9eed-7a4cc889cb7c,84:25:3F:A3:1F:C2,mitte-home MH22340108,-91
1763118258953,0adab909-eb8f-4baf-9eed-7a4cc889cb7c,44:FE:3B:11:5C:F4,NA,-92
1763118260849,0adab909-eb8f-4baf-9eed-7a4cc889cb7c,7C:8E:7C:E1:66:8C,NA,-90
1763118260865,0adab909-eb8f-4baf-9eed-7a4cc889cb7c,57:F4:47:C0:EA:59,NA,-89
1763118261509,0adab909-eb8f-4baf-9eed-7a4cc889cb7c,41:B1:35:41:43:94,NA,-84
1763118262180,0adab909-eb8f-4baf-9eed-7a4cc889cb7c,43:41:41:7F:95:2D,Jabra Evolve2 65,-88
1763118262201,0adab909-eb8f-4baf-9eed-7a4cc889cb7c,46:75:D6:7D:AB:46,NA,-85
1763118262483,0adab909-eb8f-4baf-9eed-7a4cc889cb7c,73:AD:6E:F2:3C:ED,Jabra Evolve2 5,-91
1763118262499,0adab909-eb8f-4baf-9eed-7a4cc889cb7c,71:C9:F8:40:23:78,NA,-92
1763118263181,0adab909-eb8f-4baf-9eed-7a4cc889cb7c,4C:D4:73:AF:94:F2,NA,-88
1763118263769,0adab909-eb8f-4baf-9eed-7a4cc889cb7c,5A:C5:64:AE:8B:0B,NA,-86
1763118264403,0adab909-eb8f-4baf-9eed-7a4cc889cb7c,7D:A4:E4:8B:6B:5E,NA,-81
1763118264426,0adab909-eb8f-4baf-9eed-7a4cc889cb7c,46:E3:BE:98:C4:9B,NA,-84
1763118265031,0adab909-eb8f-4baf-9eed-7a4cc889cb7c,CA:43:3B:D4:A2:CC,NA,-91
1763118265409,0adab909-eb8f-4baf-9eed-7a4cc889cb7c,54:51:EE:3E:3B:B2,NA,-90
1763118266032,0adab909-eb8f-4baf-9eed-7a4cc889cb7c,4A:8C:2A:4B:2D:EE,NA,-81
1763118266933,0adab909-eb8f-4baf-9eed-7a4cc889cb7c,44:4E:A2:43:13:5F,NA,-84
1763118683270,0adab909-eb8f-4baf-9eed-7a4cc889cb7c,55:55:48:D7:02:D7,NA,-79
1763118685614,0adab909-eb8f-4baf-9eed-7a4cc889cb7c,1C:54:9E:89:7F:7F,Herr schonscheck,-93
1763118685852,0adab909-eb8f-4baf-9eed-7a4cc889cb7c,4A:41:80:07:60:9F,Jabra Evolve2 65,-66
1763118686915,0adab909-eb8f-4baf-9eed-7a4cc889cb7c,56:71:94:35:EA:59,NA,-94
1763118691960,0adab909-eb8f-4baf-9eed-7a4cc889cb7c,41:C4:47:4A:7A:70,NA,-84
1763119335098,0adab909-eb8f-4baf-9eed-7a4cc889cb7c,6B:67:EB:F0:6D:BD,NA,-88
1763119336131,0adab909-eb8f-4baf-9eed-7a4cc889cb7c,49:45:C6:4B:A5:1A,NA,-92
1763119336410,0adab909-eb8f-4baf-9eed-7a4cc889cb7c,57:49:24:D0:AE:BB,NA,-59
1763119336444,0adab909-eb8f-4baf-9eed-7a4cc889cb7c,84:25:3F:A3:1F:C2,mitte-home MH22340108,-88
1763119336472,0adab909-eb8f-4baf-9eed-7a4cc889cb7c,5A:A1:86:D4:25:1B,NA,-58
1763119336764,0adab909-eb8f-4baf-9eed-7a4cc889cb7c,43:22:69:FC:AB:3C,NA,-75
1763119341531,0adab909-eb8f-4baf-9eed-7a4cc889cb7c,79:61:D1:00:DC:B9,Jabra Evolve2 65,-74
1763119876273,0adab909-eb8f-4baf-9eed-7a4cc889cb7c,5A:A1:86:D4:25:1B,NA,-55
1763119876841,0adab909-eb8f-4baf-9eed-7a4cc889cb7c,57:49:24:D0:AE:BB,NA,-59
1763119877181,0adab909-eb8f-4baf-9eed-7a4cc889cb7c,45:19:D1:89:BA:CA,NA,-70
1763119878100,0adab909-eb8f-4baf-9eed-7a4cc889cb7c,84:25:3F:A3:1F:C2,mitte-home MH22340108,-90
1763119880656,0adab909-eb8f-4baf-9eed-7a4cc889cb7c,43:22:69:FC:AB:3C,NA,-77
1763119881337,0adab909-eb8f-4baf-9eed-7a4cc889cb7c,7A:2B:5B:00:E0:4B,NA,-90
1763119882606,0adab909-eb8f-4baf-9eed-7a4cc889cb7c,49:45:C6:4B:A5:1A,NA,-88
1763119882643,0adab909-eb8f-4baf-9eed-7a4cc889cb7c,5B:6A:16:EA:DF:37,Jabra Evolve2 65,-91
1763119886799,0adab909-eb8f-4baf-9eed-7a4cc889cb7c,1C:54:9E:89:7F:7F,Herr schonscheck,-93
1763119887933,0adab909-eb8f-4baf-9eed-7a4cc889cb7c,6C:31:43:30:D5:0F,NA,-87
1763119888897,0adab909-eb8f-4baf-9eed-7a4cc889cb7c,2B:21:5C:8A:79:05,NA,-65
1763119888937,0adab909-eb8f-4baf-9eed-7a4cc889cb7c,79:61:D1:00:DC:B9,Jabra Evolve2 65,-66
1763119888959,0adab909-eb8f-4baf-9eed-7a4cc889cb7c,1E:6E:6C:1A:3B:C8,NA,-82
1763119888977,0adab909-eb8f-4baf-9eed-7a4cc889cb7c,03:7C:94:7B:FC:54,NA,-88
1763119888995,0adab909-eb8f-4baf-9eed-7a4cc889cb7c,84:25:3F:A3:1F:C2,mitte-home MH22340108,-77
1763119889018,0adab909-eb8f-4baf-9eed-7a4cc889cb7c,1E:82:B8:9C:03:70,NA,-54
1763119889042,0adab909-eb8f-4baf-9eed-7a4cc889cb7c,16:5B:27:04:60:D8,NA,-76
1763119889064,0adab909-eb8f-4baf-9eed-7a4cc889cb7c,45:19:D1:89:BA:CA,NA,-71
1763119889081,0adab909-eb8f-4baf-9eed-7a4cc889cb7c,57:49:24:D0:AE:BB,NA,-47
1763120629445,0adab909-eb8f-4baf-9eed-7a4cc889cb7c,64:31:D4:8A:3C:CF,NA,-54
1763120629487,0adab909-eb8f-4baf-9eed-7a4cc889cb7c,49:45:C6:4B:A5:1A,NA,-90
1763120629530,0adab909-eb8f-4baf-9eed-7a4cc889cb7c,84:25:3F:A3:1F:C2,mitte-home MH22340108,-93
1763120629847,0adab909-eb8f-4baf-9eed-7a4cc889cb7c,4C:80:23:45:D1:DD,NA,127
1763120630524,0adab909-eb8f-4baf-9eed-7a4cc889cb7c,7C:62:32:CA:6F:8E,NA,-81
1763120631755,0adab909-eb8f-4baf-9eed-7a4cc889cb7c,7D:8F:C2:D3:C9:E3,NA,-91
1763120631774,0adab909-eb8f-4baf-9eed-7a4cc889cb7c,68:F0:36:1B:68:42,NA,-76
1763120632721,0adab909-eb8f-4baf-9eed-7a4cc889cb7c,42:B6:2C:14:46:1C,Jabra Evolve2 65,-62
1763120633312,0adab909-eb8f-4baf-9eed-7a4cc889cb7c,57:C2:3F:FF:05:84,NA,-89
1763120635617,0adab909-eb8f-4baf-9eed-7a4cc889cb7c,6A:8D:C3:7C:FB:C0,NA,-92
1763120636213,0adab909-eb8f-4baf-9eed-7a4cc889cb7c,D9:29:B5:2D:B1:AD,FMT100_6123085_LE,-93
1763120636905,0adab909-eb8f-4baf-9eed-7a4cc889cb7c,62:94:21:8A:C0:40,NA,-53
1763120697854,0adab909-eb8f-4baf-9eed-7a4cc889cb7c,2B:5D:A8:8B:B6:BD,NA,-68
1763120697884,0adab909-eb8f-4baf-9eed-7a4cc889cb7c,7C:62:32:CA:6F:8E,NA,-74
1763120697916,0adab909-eb8f-4baf-9eed-7a4cc889cb7c,64:31:D4:8A:3C:CF,NA,-51
1763120697963,0adab909-eb8f-4baf-9eed-7a4cc889cb7c,18:69:E9:7F:1A:5F,NA,-77
1763120698003,0adab909-eb8f-4baf-9eed-7a4cc889cb7c,07:B5:08:FC:6E:3E,NA,-75
1763120698149,0adab909-eb8f-4baf-9eed-7a4cc889cb7c,0D:D8:C7:22:52:1F,NA,-82
1763120698178,0adab909-eb8f-4baf-9eed-7a4cc889cb7c,4C:80:23:45:D1:DD,NA,127
1763120698233,0adab909-eb8f-4baf-9eed-7a4cc889cb7c,03:7C:94:7B:FC:54,NA,-87
1763120698891,0adab909-eb8f-4baf-9eed-7a4cc889cb7c,84:25:3F:A3:1F:C2,mitte-home MH22340108,-86
1763120698986,0adab909-eb8f-4baf-9eed-7a4cc889cb7c,71:FC:60:DF:79:EA,NA,-95
1763120699009,0adab909-eb8f-4baf-9eed-7a4cc889cb7c,74:09:2E:33:CD:A2,Jabra Evolve2 5,-92
1763120699025,0adab909-eb8f-4baf-9eed-7a4cc889cb7c,5C:E2:F7:69:76:64,NA,-88
1763120699053,0adab909-eb8f-4baf-9eed-7a4cc889cb7c,4A:30:7A:A3:35:9E,NA,-95
1763120699071,0adab909-eb8f-4baf-9eed-7a4cc889cb7c,7F:6D:D0:83:F1:14,NA,-95
1763120699093,0adab909-eb8f-4baf-9eed-7a4cc889cb7c,62:94:21:8A:C0:40,NA,-59
1763120699114,0adab909-eb8f-4baf-9eed-7a4cc889cb7c,FA:DA:F0:9F:43:47,NA,-58
1763120699130,0adab909-eb8f-4baf-9eed-7a4cc889cb7c,38:49:A0:AB:27:79,NA,-89
1763120699142,0adab909-eb8f-4baf-9eed-7a4cc889cb7c,6A:8D:C3:7C:FB:C0,NA,-87
1763121205059,0adab909-eb8f-4baf-9eed-7a4cc889cb7c,84:25:3F:A3:1F:C2,mitte-home MH22340108,-85
1763121205078,0adab909-eb8f-4baf-9eed-7a4cc889cb7c,7A:15:9A:F0:B0:11,NA,-92
1763121205089,0adab909-eb8f-4baf-9eed-7a4cc889cb7c,47:E7:70:A2:AF:E4,NA,-89
1763121205366,0adab909-eb8f-4baf-9eed-7a4cc889cb7c,64:31:D4:8A:3C:CF,NA,-80
1763121206015,0adab909-eb8f-4baf-9eed-7a4cc889cb7c,7C:62:32:CA:6F:8E,NA,-79
1763121206311,0adab909-eb8f-4baf-9eed-7a4cc889cb7c,53:96:9C:5F:20:A3,NA,-94
1763121206991,0adab909-eb8f-4baf-9eed-7a4cc889cb7c,5F:46:8F:9E:F4:87,NA,-89
1763121207662,0adab909-eb8f-4baf-9eed-7a4cc889cb7c,6E:D8:B0:98:10:5D,NA,-91
1763121207905,0adab909-eb8f-4baf-9eed-7a4cc889cb7c,73:88:7E:8E:10:4B,NA,-92
1763121208567,0adab909-eb8f-4baf-9eed-7a4cc889cb7c,67:AC:4D:5F:51:C3,NA,-91
1763121212739,0adab909-eb8f-4baf-9eed-7a4cc889cb7c,57:A0:FE:8D:1D:F5,Jabra Evolve2 65,-91
1763121213373,0adab909-eb8f-4baf-9eed-7a4cc889cb7c,6C:07:21:F7:8A:70,Jabra Evolve2 65,-71
1763121213728,0adab909-eb8f-4baf-9eed-7a4cc889cb7c,62:94:21:8A:C0:40,NA,-84
1763121214295,0adab909-eb8f-4baf-9eed-7a4cc889cb7c,4C:79:7F:7A:F9:CD,NA,-92
1763121687405,0adab909-eb8f-4baf-9eed-7a4cc889cb7c,50:C4:A7:2F:B1:16,NA,-86
1763121687430,0adab909-eb8f-4baf-9eed-7a4cc889cb7c,84:25:3F:A3:1F:C2,mitte-home MH22340108,-84
1763121687799,0adab909-eb8f-4baf-9eed-7a4cc889cb7c,67:AC:4D:5F:51:C3,NA,-92
1763121688410,0adab909-eb8f-4baf-9eed-7a4cc889cb7c,64:31:D4:8A:3C:CF,NA,-71
1763121688729,0adab909-eb8f-4baf-9eed-7a4cc889cb7c,43:6C:02:BC:4B:4C,NA,-77
1763121689369,0adab909-eb8f-4baf-9eed-7a4cc889cb7c,7D:8F:C2:D3:C9:E3,NA,-89
1763121689998,0adab909-eb8f-4baf-9eed-7a4cc889cb7c,4C:79:7F:7A:F9:CD,NA,-93
1763121690361,0adab909-eb8f-4baf-9eed-7a4cc889cb7c,6E:D8:B0:98:10:5D,NA,-94
1763121690664,0adab909-eb8f-4baf-9eed-7a4cc889cb7c,47:E7:70:A2:AF:E4,NA,-88
1763121691006,0adab909-eb8f-4baf-9eed-7a4cc889cb7c,6C:07:21:F7:8A:70,Jabra Evolve2 65,-80
1763121691610,0adab909-eb8f-4baf-9eed-7a4cc889cb7c,5F:FF:89:D5:8A:5A,NA,-89
1763121693586,0adab909-eb8f-4baf-9eed-7a4cc889cb7c,62:94:21:8A:C0:40,NA,-72
1763121693817,0adab909-eb8f-4baf-9eed-7a4cc889cb7c,67:8E:B4:D6:AA:78,Jabra Evolve2 65,-88
1763122568523,0adab909-eb8f-4baf-9eed-7a4cc889cb7c,74:D4:59:09:6C:A7,NA,-80
1763122569708,0adab909-eb8f-4baf-9eed-7a4cc889cb7c,5F:FF:89:D5:8A:5A,NA,-95
1763122570391,0adab909-eb8f-4baf-9eed-7a4cc889cb7c,73:F1:89:31:1B:D1,NA,-84
1763122570674,0adab909-eb8f-4baf-9eed-7a4cc889cb7c,84:25:3F:A3:1F:C2,mitte-home MH22340108,-93
1763122571646,0adab909-eb8f-4baf-9eed-7a4cc889cb7c,41:6C:68:86:76:DB,NA,-84
1763122572604,0adab909-eb8f-4baf-9eed-7a4cc889cb7c,70:B7:F0:EC:8A:B7,Jabra Evolve2 65,-81
1763122572933,0adab909-eb8f-4baf-9eed-7a4cc889cb7c,72:13:FC:7F:D5:7D,NA,-70
1763122573587,0adab909-eb8f-4baf-9eed-7a4cc889cb7c,2D:72:29:90:A5:BB,NA,-89
1763122576208,0adab909-eb8f-4baf-9eed-7a4cc889cb7c,58:9B:D1:8C:9B:BB,NA,-95
1763122577438,0adab909-eb8f-4baf-9eed-7a4cc889cb7c,53:96:9C:5F:20:A3,NA,-91
1763123102422,0adab909-eb8f-4baf-9eed-7a4cc889cb7c,73:F1:89:31:1B:D1,NA,-82
1763123102462,0adab909-eb8f-4baf-9eed-7a4cc889cb7c,74:D4:59:09:6C:A7,NA,-70
1763123102797,0adab909-eb8f-4baf-9eed-7a4cc889cb7c,4E:17:E1:5E:DA:37,NA,-88
1763123102816,0adab909-eb8f-4baf-9eed-7a4cc889cb7c,7D:71:F2:BA:EE:B8,NA,-83
1763123102838,0adab909-eb8f-4baf-9eed-7a4cc889cb7c,73:25:21:B0:06:67,Jabra Evolve2 65,-76
1763123102861,0adab909-eb8f-4baf-9eed-7a4cc889cb7c,6C:D5:C1:42:1D:1D,NA,-81
1763123103108,0adab909-eb8f-4baf-9eed-7a4cc889cb7c,84:25:3F:A3:1F:C2,mitte-home MH22340108,-79
1763123103750,0adab909-eb8f-4baf-9eed-7a4cc889cb7c,2C:5F:B7:5F:87:75,NA,-88
1763123103764,0adab909-eb8f-4baf-9eed-7a4cc889cb7c,04:30:15:40:F2:E4,NA,-84
1763123103786,0adab909-eb8f-4baf-9eed-7a4cc889cb7c,1C:54:9E:89:7F:7F,Herr schonscheck,-91
1763123104131,0adab909-eb8f-4baf-9eed-7a4cc889cb7c,6C:A0:D7:5F:2B:B0,NA,-84
1763123104392,0adab909-eb8f-4baf-9eed-7a4cc889cb7c,37:94:D0:FC:BB:DB,NA,-92
1763123104408,0adab909-eb8f-4baf-9eed-7a4cc889cb7c,68:2B:09:77:3F:8E,NA,-92
1763123108598,0adab909-eb8f-4baf-9eed-7a4cc889cb7c,6B:C1:5B:24:B1:8E,NA,-94
1763123110175,0adab909-eb8f-4baf-9eed-7a4cc889cb7c,72:13:FC:7F:D5:7D,NA,-74
1763123111467,0adab909-eb8f-4baf-9eed-7a4cc889cb7c,55:23:98:A4:EE:7B,Jabra Evolve2 65,-88
1763123113041,0adab909-eb8f-4baf-9eed-7a4cc889cb7c,41:6C:68:86:76:DB,NA,-80
1763123702727,0adab909-eb8f-4baf-9eed-7a4cc889cb7c,84:25:3F:A3:1F:C2,mitte-home MH22340108,-80
1763123702810,0adab909-eb8f-4baf-9eed-7a4cc889cb7c,54:B0:39:4B:56:D4,NA,-72
1763123703392,0adab909-eb8f-4baf-9eed-7a4cc889cb7c,73:F1:89:31:1B:D1,NA,-86
1763123705080,0adab909-eb8f-4baf-9eed-7a4cc889cb7c,60:68:AF:39:4E:D5,NA,-67
1763123705096,0adab909-eb8f-4baf-9eed-7a4cc889cb7c,41:6C:68:86:76:DB,NA,-91
1763123705706,0adab909-eb8f-4baf-9eed-7a4cc889cb7c,7D:71:F2:BA:EE:B8,NA,-83
1763123705972,0adab909-eb8f-4baf-9eed-7a4cc889cb7c,5E:D6:2B:B2:71:23,NA,-88
1763123706010,0adab909-eb8f-4baf-9eed-7a4cc889cb7c,4A:D0:CC:F0:C0:7F,Jabra Evolve2 65,-76
1763123706648,0adab909-eb8f-4baf-9eed-7a4cc889cb7c,4E:17:E1:5E:DA:37,NA,-87
1763123710505,0adab909-eb8f-4baf-9eed-7a4cc889cb7c,79:BF:90:B9:EA:6D,Jabra Evolve2 65,-91
1763124302636,0adab909-eb8f-4baf-9eed-7a4cc889cb7c,4B:20:93:A2:FE:E4,NA,-86
1763124302695,0adab909-eb8f-4baf-9eed-7a4cc889cb7c,84:25:3F:A3:1F:C2,mitte-home MH22340108,-85
1763124304373,0adab909-eb8f-4baf-9eed-7a4cc889cb7c,54:B0:39:4B:56:D4,NA,-84
1763124304395,0adab909-eb8f-4baf-9eed-7a4cc889cb7c,70:36:38:DF:59:BF,NA,-90
1763124307566,0adab909-eb8f-4baf-9eed-7a4cc889cb7c,5E:D6:2B:B2:71:23,NA,-92
1763124307583,0adab909-eb8f-4baf-9eed-7a4cc889cb7c,60:68:AF:39:4E:D5,NA,-81
1763124309817,0adab909-eb8f-4baf-9eed-7a4cc889cb7c,4A:D0:CC:F0:C0:7F,Jabra Evolve2 65,-79
1763124313662,0adab909-eb8f-4baf-9eed-7a4cc889cb7c,4B:55:F9:52:18:6E,NA,-91
1763124902149,0adab909-eb8f-4baf-9eed-7a4cc889cb7c,84:25:3F:A3:1F:C2,mitte-home MH22340108,-81
1763124902165,0adab909-eb8f-4baf-9eed-7a4cc889cb7c,4B:55:F9:52:18:6E,NA,-85
1763124902508,0adab909-eb8f-4baf-9eed-7a4cc889cb7c,42:7F:11:9B:D5:2F,NA,-66
1763124904831,0adab909-eb8f-4baf-9eed-7a4cc889cb7c,77:41:AB:81:E5:39,Jabra Evolve2 65,-79
1763124909909,0adab909-eb8f-4baf-9eed-7a4cc889cb7c,7C:20:29:CE:2C:8B,NA,-74
1763125434752,0adab909-eb8f-4baf-9eed-7a4cc889cb7c,84:25:3F:A3:1F:C2,mitte-home MH22340108,-82
1763125435400,0adab909-eb8f-4baf-9eed-7a4cc889cb7c,42:7F:11:9B:D5:2F,NA,-77
1763125436343,0adab909-eb8f-4baf-9eed-7a4cc889cb7c,4D:27:DF:50:76:CF,NA,-89
1763125436687,0adab909-eb8f-4baf-9eed-7a4cc889cb7c,77:41:AB:81:E5:39,Jabra Evolve2 65,-83
1763125437595,0adab909-eb8f-4baf-9eed-7a4cc889cb7c,7F:83:7E:1E:E1:AE,NA,-88
1763125440167,0adab909-eb8f-4baf-9eed-7a4cc889cb7c,5B:18:41:81:72:7C,NA,-93
1763125440184,0adab909-eb8f-4baf-9eed-7a4cc889cb7c,4B:20:93:A2:FE:E4,NA,-90
1763125445988,0adab909-eb8f-4baf-9eed-7a4cc889cb7c,7C:20:29:CE:2C:8B,NA,-77
1763125446913,0adab909-eb8f-4baf-9eed-7a4cc889cb7c,51:A2:4B:A5:C1:6B,NA,-91
1763126032952,0adab909-eb8f-4baf-9eed-7a4cc889cb7c,67:E2:0A:6F:42:70,NA,-76
1763126033620,0adab909-eb8f-4baf-9eed-7a4cc889cb7c,84:25:3F:A3:1F:C2,mitte-home MH22340108,-81
1763126037776,0adab909-eb8f-4baf-9eed-7a4cc889cb7c,68:B1:48:75:41:0A,Jabra Evolve2 65,-93
1763126038060,0adab909-eb8f-4baf-9eed-7a4cc889cb7c,68:25:D5:EA:C7:58,NA,-69
1763126038679,0adab909-eb8f-4baf-9eed-7a4cc889cb7c,52:80:5C:60:D9:EB,NA,-94
1763126633348,0adab909-eb8f-4baf-9eed-7a4cc889cb7c,68:B1:48:75:41:0A,Jabra Evolve2 65,-89
1763126633729,0adab909-eb8f-4baf-9eed-7a4cc889cb7c,84:25:3F:A3:1F:C2,mitte-home MH22340108,-80
1763126634054,0adab909-eb8f-4baf-9eed-7a4cc889cb7c,67:E2:0A:6F:42:70,NA,-71
1763126634964,0adab909-eb8f-4baf-9eed-7a4cc889cb7c,68:25:D5:EA:C7:58,NA,-69
1763126639181,0adab909-eb8f-4baf-9eed-7a4cc889cb7c,44:72:18:A9:D2:89,NA,-91
1763126639196,0adab909-eb8f-4baf-9eed-7a4cc889cb7c,51:6B:FD:BC:08:37,NA,-91
1763126640436,0adab909-eb8f-4baf-9eed-7a4cc889cb7c,6F:72:8F:19:69:9C,NA,-87
1763127305975,0adab909-eb8f-4baf-9eed-7a4cc889cb7c,84:25:3F:A3:1F:C2,mitte-home MH22340108,-79
1763127306149,0adab909-eb8f-4baf-9eed-7a4cc889cb7c,6D:4F:0D:B9:35:86,NA,-73
1763127308704,0adab909-eb8f-4baf-9eed-7a4cc889cb7c,7F:12:7A:DF:C6:AE,NA,-75
1763127309941,0adab909-eb8f-4baf-9eed-7a4cc889cb7c,5B:8D:70:6A:78:3A,NA,-90
1763127311857,0adab909-eb8f-4baf-9eed-7a4cc889cb7c,4A:C8:33:B5:38:FA,NA,-88
1763127314427,0adab909-eb8f-4baf-9eed-7a4cc889cb7c,6B:7B:23:97:5A:7C,NA,-91
1763127905986,0adab909-eb8f-4baf-9eed-7a4cc889cb7c,6D:4F:0D:B9:35:86,NA,-83
1763127906189,0adab909-eb8f-4baf-9eed-7a4cc889cb7c,84:25:3F:A3:1F:C2,mitte-home MH22340108,-79
1763127906500,0adab909-eb8f-4baf-9eed-7a4cc889cb7c,58:72:77:11:3E:F8,NA,-85
1763127911611,0adab909-eb8f-4baf-9eed-7a4cc889cb7c,7A:56:93:A3:AA:91,NA,-88
1763127912608,0adab909-eb8f-4baf-9eed-7a4cc889cb7c,6B:7B:23:97:5A:7C,NA,-94
1763128506968,0adab909-eb8f-4baf-9eed-7a4cc889cb7c,84:25:3F:A3:1F:C2,mitte-home MH22340108,-81
1763128508652,0adab909-eb8f-4baf-9eed-7a4cc889cb7c,50:AC:53:32:76:9D,NA,-88
1763128508927,0adab909-eb8f-4baf-9eed-7a4cc889cb7c,7A:76:25:06:9C:8A,NA,-79
1763128510153,0adab909-eb8f-4baf-9eed-7a4cc889cb7c,49:72:D4:3D:9A:4B,NA,-89
1763128510545,0adab909-eb8f-4baf-9eed-7a4cc889cb7c,55:BA:E3:85:EC:04,NA,-72
1763128511480,0adab909-eb8f-4baf-9eed-7a4cc889cb7c,69:B4:6D:86:5B:C0,NA,-91
1763128511758,0adab909-eb8f-4baf-9eed-7a4cc889cb7c,6C:BE:0A:D9:02:2B,NA,-86
1763129202620,0adab909-eb8f-4baf-9eed-7a4cc889cb7c,7A:76:25:06:9C:8A,NA,-82
1763129203036,0adab909-eb8f-4baf-9eed-7a4cc889cb7c,84:25:3F:A3:1F:C2,mitte-home MH22340108,-84
1763129205656,0adab909-eb8f-4baf-9eed-7a4cc889cb7c,51:B7:16:8B:A3:95,NA,-89
1763129205724,0adab909-eb8f-4baf-9eed-7a4cc889cb7c,47:D2:A0:91:3D:7E,NA,-89
1763129205747,0adab909-eb8f-4baf-9eed-7a4cc889cb7c,4B:72:26:68:AB:69,NA,-89
1763129207432,0adab909-eb8f-4baf-9eed-7a4cc889cb7c,64:96:FE:5E:18:C2,NA,-91
1763129207548,0adab909-eb8f-4baf-9eed-7a4cc889cb7c,42:94:D6:34:F6:17,NA,-87
1763129209220,0adab909-eb8f-4baf-9eed-7a4cc889cb7c,4B:FC:BE:E4:37:5C,NA,-80
1763129209256,0adab909-eb8f-4baf-9eed-7a4cc889cb7c,64:21:23:C3:36:58,NA,-83
1763129213361,0adab909-eb8f-4baf-9eed-7a4cc889cb7c,5C:60:5A:B5:22:FB,Jabra Evolve2 65,-92
1763129213406,0adab909-eb8f-4baf-9eed-7a4cc889cb7c,50:AC:53:32:76:9D,NA,-82
1763129215192,0adab909-eb8f-4baf-9eed-7a4cc889cb7c,7A:76:25:06:9C:8A,NA,-76
1763129215268,0adab909-eb8f-4baf-9eed-7a4cc889cb7c,0B:29:F9:CB:F9:7F,NA,-87
1763129215294,0adab909-eb8f-4baf-9eed-7a4cc889cb7c,84:25:3F:A3:1F:C2,mitte-home MH22340108,-80
1763129215335,0adab909-eb8f-4baf-9eed-7a4cc889cb7c,26:9E:93:C3:61:5B,NA,-70
1763129215367,0adab909-eb8f-4baf-9eed-7a4cc889cb7c,4B:FC:BE:E4:37:5C,NA,-87
1763129215396,0adab909-eb8f-4baf-9eed-7a4cc889cb7c,0B:A8:18:71:3D:C0,NA,-82
1763129215408,0adab909-eb8f-4baf-9eed-7a4cc889cb7c,26:CF:8F:DA:2C:DC,NA,-69
1763129215427,0adab909-eb8f-4baf-9eed-7a4cc889cb7c,07:13:F6:FA:31:2A,NA,-63
1763129215481,0adab909-eb8f-4baf-9eed-7a4cc889cb7c,47:D2:A0:91:3D:7E,NA,-94
1763129217256,0adab909-eb8f-4baf-9eed-7a4cc889cb7c,50:AC:53:32:76:9D,NA,-90
1763129803949,0adab909-eb8f-4baf-9eed-7a4cc889cb7c,5C:38:16:DC:3F:01,NA,-88
1763129804305,0adab909-eb8f-4baf-9eed-7a4cc889cb7c,58:80:96:26:3B:7F,NA,-62
1763129805230,0adab909-eb8f-4baf-9eed-7a4cc889cb7c,84:25:3F:A3:1F:C2,mitte-home MH22340108,-82
1763129805595,0adab909-eb8f-4baf-9eed-7a4cc889cb7c,42:94:D6:34:F6:17,NA,-85
1763129807209,0adab909-eb8f-4baf-9eed-7a4cc889cb7c,6B:8B:C5:C8:48:6B,NA,-66
1763129815217,0adab909-eb8f-4baf-9eed-7a4cc889cb7c,47:D2:A0:91:3D:7E,NA,-94
1763129815523,0adab909-eb8f-4baf-9eed-7a4cc889cb7c,4B:FC:BE:E4:37:5C,NA,-88
1763130103432,0adab909-eb8f-4baf-9eed-7a4cc889cb7c,58:80:96:26:3B:7F,NA,-67
1763130104378,0adab909-eb8f-4baf-9eed-7a4cc889cb7c,6B:91:C6:B0:F4:57,NA,-93
1763130105365,0adab909-eb8f-4baf-9eed-7a4cc889cb7c,42:C8:40:56:E4:69,NA,-89
1763130107561,0adab909-eb8f-4baf-9eed-7a4cc889cb7c,84:25:3F:A3:1F:C2,mitte-home MH22340108,-83
1763130111357,0adab909-eb8f-4baf-9eed-7a4cc889cb7c,6B:8B:C5:C8:48:6B,NA,-65
1763130112980,0adab909-eb8f-4baf-9eed-7a4cc889cb7c,59:BF:36:68:5F:2D,NA,-84
1763130702517,0adab909-eb8f-4baf-9eed-7a4cc889cb7c,84:25:3F:A3:1F:C2,mitte-home MH22340108,-85
1763130702841,0adab909-eb8f-4baf-9eed-7a4cc889cb7c,6B:DE:05:8C:62:B0,NA,-92
1763130702856,0adab909-eb8f-4baf-9eed-7a4cc889cb7c,59:BF:36:68:5F:2D,NA,-84
1763130702881,0adab909-eb8f-4baf-9eed-7a4cc889cb7c,66:DE:67:22:7B:09,NA,-92
1763130702898,0adab909-eb8f-4baf-9eed-7a4cc889cb7c,42:C8:40:56:E4:69,NA,-88
1763130703281,0adab909-eb8f-4baf-9eed-7a4cc889cb7c,58:80:96:26:3B:7F,NA,-73
1763130704869,0adab909-eb8f-4baf-9eed-7a4cc889cb7c,5C:38:16:DC:3F:01,NA,-87
1763130705796,0adab909-eb8f-4baf-9eed-7a4cc889cb7c,2D:4C:A8:F1:F3:EE,NA,-92
1763130709666,0adab909-eb8f-4baf-9eed-7a4cc889cb7c,77:7B:3F:DD:2C:F8,NA,-90
1763131270557,0adab909-eb8f-4baf-9eed-7a4cc889cb7c,5C:4C:20:BC:53:A7,Jabra Evolve2 5,-60
1763131271286,0adab909-eb8f-4baf-9eed-7a4cc889cb7c,38:5F:B7:F9:49:03,NA,-90
1763131271870,0adab909-eb8f-4baf-9eed-7a4cc889cb7c,54:C1:0A:90:D9:2A,NA,-81
1763131272531,0adab909-eb8f-4baf-9eed-7a4cc889cb7c,3F:05:43:BD:70:C5,NA,-87
1763131273763,0adab909-eb8f-4baf-9eed-7a4cc889cb7c,84:25:3F:A3:1F:C2,mitte-home MH22340108,-91
1763131275753,0adab909-eb8f-4baf-9eed-7a4cc889cb7c,56:EA:B1:E4:9D:36,NA,-89
1763131281496,0adab909-eb8f-4baf-9eed-7a4cc889cb7c,41:C9:4B:B7:F1:98,NA,-88
1763131282449,0adab909-eb8f-4baf-9eed-7a4cc889cb7c,CA:43:3B:D4:A2:CC,NA,-81
1763131282805,0adab909-eb8f-4baf-9eed-7a4cc889cb7c,1A:96:10:BE:98:7A,NA,-94
1763131934420,0adab909-eb8f-4baf-9eed-7a4cc889cb7c,4D:74:97:59:E5:45,Jabra Evolve2 5,-56
1763131936479,0adab909-eb8f-4baf-9eed-7a4cc889cb7c,3E:D7:C6:2F:7A:FE,NA,-82
1763132511271,0adab909-eb8f-4baf-9eed-7a4cc889cb7c,AC:B2:FD:4A:08:B3,S0dfc04d10348bcc6C,-86
1763132511300,0adab909-eb8f-4baf-9eed-7a4cc889cb7c,4C:08:99:DF:79:6C,NA,-71
1763132511328,0adab909-eb8f-4baf-9eed-7a4cc889cb7c,4B:22:AA:3A:F2:E4,Jabra Evolve2 5,-55
1763132511703,0adab909-eb8f-4baf-9eed-7a4cc889cb7c,28:9D:89:D9:C3:1F,NA,-81
1763132511973,0adab909-eb8f-4baf-9eed-7a4cc889cb7c,CA:43:3B:D4:A2:CC,NA,-52
1763132516809,0adab909-eb8f-4baf-9eed-7a4cc889cb7c,57:37:98:81:F6:09,NA,-90
1763132521249,0adab909-eb8f-4baf-9eed-7a4cc889cb7c,6A:73:30:49:CE:21,NA,-91
1763132521549,0adab909-eb8f-4baf-9eed-7a4cc889cb7c,6C:29:3B:27:50:A6,NA,-93
1763133146666,0adab909-eb8f-4baf-9eed-7a4cc889cb7c,46:B1:31:30:ED:CF,NA,-75
1763133146701,0adab909-eb8f-4baf-9eed-7a4cc889cb7c,5B:AF:26:DA:A7:9C,NA,-79
1763133148626,0adab909-eb8f-4baf-9eed-7a4cc889cb7c,84:25:3F:A3:1F:C2,mitte-home MH22340108,-90
1763133825642,0adab909-eb8f-4baf-9eed-7a4cc889cb7c,6D:14:36:94:D1:6D,Jabra Evolve2 5,-81
1763133825663,0adab909-eb8f-4baf-9eed-7a4cc889cb7c,84:25:3F:A3:1F:C2,mitte-home MH22340108,-61
1763133825679,0adab909-eb8f-4baf-9eed-7a4cc889cb7c,5C:B7:65:F4:AC:DD,NA,-85
1763133826658,0adab909-eb8f-4baf-9eed-7a4cc889cb7c,46:B1:31:30:ED:CF,NA,-88
1763133831127,0adab909-eb8f-4baf-9eed-7a4cc889cb7c,5B:AF:26:DA:A7:9C,NA,-91
1763133832097,0adab909-eb8f-4baf-9eed-7a4cc889cb7c,4D:8D:21:89:6A:47,NA,-90
1763133834342,0adab909-eb8f-4baf-9eed-7a4cc889cb7c,70:28:3B:85:62:D0,NA,-92
1763133835611,0adab909-eb8f-4baf-9eed-7a4cc889cb7c,75:1C:24:DB:76:5C,NA,-81
1763133835634,0adab909-eb8f-4baf-9eed-7a4cc889cb7c,1C:35:52:E7:EF:1E,NA,-88
1763133836590,0adab909-eb8f-4baf-9eed-7a4cc889cb7c,AC:B2:FD:4A:08:B3,S0dfc04d10348bcc6C,-91
1763133836852,0adab909-eb8f-4baf-9eed-7a4cc889cb7c,53:E6:55:0F:3A:11,NA,-91
1763133837501,0adab909-eb8f-4baf-9eed-7a4cc889cb7c,63:34:18:64:07:B4,NA,-78
1763134335526,0adab909-eb8f-4baf-9eed-7a4cc889cb7c,7E:7A:A7:CC:E7:12,NA,-79
1763134337942,0adab909-eb8f-4baf-9eed-7a4cc889cb7c,15:2A:51:65:EA:F2,NA,-74
1763134344602,0adab909-eb8f-4baf-9eed-7a4cc889cb7c,75:64:CB:C1:FD:BF,NA,-82
1763134344630,0adab909-eb8f-4baf-9eed-7a4cc889cb7c,4C:14:38:BF:67:9C,NA,-78
1763134882346,0adab909-eb8f-4baf-9eed-7a4cc889cb7c,64:05:9E:86:4E:4B,NA,-82
1763134882376,0adab909-eb8f-4baf-9eed-7a4cc889cb7c,37:07:A2:50:91:90,NA,-88
1763134882717,0adab909-eb8f-4baf-9eed-7a4cc889cb7c,24:B8:B0:23:46:4C,NA,-83
1763134882764,0adab909-eb8f-4baf-9eed-7a4cc889cb7c,50:26:CA:F0:C6:4E,NA,-89
1763134883053,0adab909-eb8f-4baf-9eed-7a4cc889cb7c,52:A8:E8:D6:5F:D5,NA,-91
1763134883073,0adab909-eb8f-4baf-9eed-7a4cc889cb7c,7B:53:AB:81:08:60,NA,-79
1763134883093,0adab909-eb8f-4baf-9eed-7a4cc889cb7c,56:72:82:18:C2:D8,NA,-88
1763134883664,0adab909-eb8f-4baf-9eed-7a4cc889cb7c,58:17:57:F7:4C:D4,NA,-85
1763134883945,0adab909-eb8f-4baf-9eed-7a4cc889cb7c,49:F6:8B:BA:FE:6B,NA,-84
1763134884032,0adab909-eb8f-4baf-9eed-7a4cc889cb7c,45:DD:6F:61:5D:BE,NA,-91
1763134884342,0adab909-eb8f-4baf-9eed-7a4cc889cb7c,3B:81:D2:C1:81:9E,NA,-87
1763134884568,0adab909-eb8f-4baf-9eed-7a4cc889cb7c,4B:8F:AD:CE:36:11,NA,-89
1763134884600,0adab909-eb8f-4baf-9eed-7a4cc889cb7c,5A:F6:BA:17:FC:B2,NA,-89
1763134884689,0adab909-eb8f-4baf-9eed-7a4cc889cb7c,20:BA:36:05:82:5B,DHL LPS,-91
1763134885604,0adab909-eb8f-4baf-9eed-7a4cc889cb7c,8C:59:DC:F2:81:F5,DOTTS,-74
1763134885664,0adab909-eb8f-4baf-9eed-7a4cc889cb7c,30:AF:7E:D8:AB:BC,Grundfos,-91
1763134886286,0adab909-eb8f-4baf-9eed-7a4cc889cb7c,41:F2:4C:1B:8D:97,NA,-87
1763134887270,0adab909-eb8f-4baf-9eed-7a4cc889cb7c,29:A9:96:24:3A:2E,NA,-83
1763134887804,0adab909-eb8f-4baf-9eed-7a4cc889cb7c,8C:26:AA:EE:DD:4B,NA,-87
1763134888408,0adab909-eb8f-4baf-9eed-7a4cc889cb7c,6C:45:95:22:6D:42,NA,-91
1763134888449,0adab909-eb8f-4baf-9eed-7a4cc889cb7c,4B:6A:BF:35:64:93,NA,-82
1763134889111,0adab909-eb8f-4baf-9eed-7a4cc889cb7c,6A:FA:A8:84:31:B6,NA,-83
1763134889139,0adab909-eb8f-4baf-9eed-7a4cc889cb7c,8C:59:DC:F2:0A:5C,DOTTS,-90
1763134889701,0adab909-eb8f-4baf-9eed-7a4cc889cb7c,49:CA:C6:11:FD:21,NA,-82
1763134889734,0adab909-eb8f-4baf-9eed-7a4cc889cb7c,73:12:02:3A:6A:4C,NA,-83
1763134890405,0adab909-eb8f-4baf-9eed-7a4cc889cb7c,7C:DD:ED:79:C9:EF,NA,-92
1763134890477,0adab909-eb8f-4baf-9eed-7a4cc889cb7c,63:AE:BC:3F:EC:7E,NA,-88
1763134890689,0adab909-eb8f-4baf-9eed-7a4cc889cb7c,6D:4F:6F:7D:09:48,NA,-89
1763134890829,0adab909-eb8f-4baf-9eed-7a4cc889cb7c,00:87:23:99:8D:23,BT-8D23,-100
1763134891401,0adab909-eb8f-4baf-9eed-7a4cc889cb7c,65:F9:87:7E:6E:51,NA,-86
1763134891660,0adab909-eb8f-4baf-9eed-7a4cc889cb7c,4A:08:17:4B:09:82,NA,-90
1763134891702,0adab909-eb8f-4baf-9eed-7a4cc889cb7c,62:E6:6A:6B:AA:D0,Echo Plus-6RC,-90
1763134892188,0adab909-eb8f-4baf-9eed-7a4cc889cb7c,55:B2:D0:29:BF:74,NA,-81
1763134892469,0adab909-eb8f-4baf-9eed-7a4cc889cb7c,7C:E5:33:CE:71:D3,NA,-85
1763134892708,0adab909-eb8f-4baf-9eed-7a4cc889cb7c,71:EB:E9:52:74:9B,NA,-88
1763134892985,0adab909-eb8f-4baf-9eed-7a4cc889cb7c,16:2C:08:C8:C3:2C,NA,-89
1763134894418,0adab909-eb8f-4baf-9eed-7a4cc889cb7c,52:7E:E5:D8:25:67,NA,-82
1763134895162,0adab909-eb8f-4baf-9eed-7a4cc889cb7c,1B:52:C1:41:A8:36,NA,-90
1763134895192,0adab909-eb8f-4baf-9eed-7a4cc889cb7c,73:12:02:3A:6A:4C,NA,-78
1763134895212,0adab909-eb8f-4baf-9eed-7a4cc889cb7c,8C:59:DC:FD:E9:1F,DOTTS,-90
1763134895237,0adab909-eb8f-4baf-9eed-7a4cc889cb7c,45:DD:6F:61:5D:BE,NA,-88
1763134895264,0adab909-eb8f-4baf-9eed-7a4cc889cb7c,07:38:55:72:9C:F6,NA,-91
1763134895285,0adab909-eb8f-4baf-9eed-7a4cc889cb7c,FB:9D:A0:A2:D3:B0,NA,-86
1763134895302,0adab909-eb8f-4baf-9eed-7a4cc889cb7c,C6:45:1F:CF:E0:B9,NA,-84
1763134895318,0adab909-eb8f-4baf-9eed-7a4cc889cb7c,E8:AA:CB:E4:06:27,NA,-88
1763134895334,0adab909-eb8f-4baf-9eed-7a4cc889cb7c,E6:46:E9:86:B9:F9,NA,-89
1763134895353,0adab909-eb8f-4baf-9eed-7a4cc889cb7c,7C:DD:ED:79:C9:EF,NA,-89
1763134895372,0adab909-eb8f-4baf-9eed-7a4cc889cb7c,41:F2:4C:1B:8D:97,NA,-86
1763134895391,0adab909-eb8f-4baf-9eed-7a4cc889cb7c,52:A8:E8:D6:5F:D5,NA,-87
1763134895408,0adab909-eb8f-4baf-9eed-7a4cc889cb7c,52:7E:E5:D8:25:67,NA,-85
1763134896152,0adab909-eb8f-4baf-9eed-7a4cc889cb7c,7C:E5:33:CE:71:D3,NA,-83
1763134896244,0adab909-eb8f-4baf-9eed-7a4cc889cb7c,58:17:57:F7:4C:D4,NA,-82
1763134896316,0adab909-eb8f-4baf-9eed-7a4cc889cb7c,49:F6:8B:BA:FE:6B,NA,-87
1763134896343,0adab909-eb8f-4baf-9eed-7a4cc889cb7c,50:26:CA:F0:C6:4E,NA,-80
1763134896362,0adab909-eb8f-4baf-9eed-7a4cc889cb7c,4D:EB:C7:1C:B9:B8,NA,-79
1763134896384,0adab909-eb8f-4baf-9eed-7a4cc889cb7c,CA:F4:51:6D:92:3E,NA,-85
1763134897314,0adab909-eb8f-4baf-9eed-7a4cc889cb7c,16:2C:08:C8:C3:2C,NA,-83
1763134897344,0adab909-eb8f-4baf-9eed-7a4cc889cb7c,04:34:E0:26:89:6F,NA,-93
1763134897378,0adab909-eb8f-4baf-9eed-7a4cc889cb7c,63:AE:BC:3F:EC:7E,NA,-74
1763134897396,0adab909-eb8f-4baf-9eed-7a4cc889cb7c,D8:A3:5C:B4:36:57,NA,-90
1763134898103,0adab909-eb8f-4baf-9eed-7a4cc889cb7c,E8:AA:CB:EB:54:F1,NA,-81
1763135510796,0adab909-eb8f-4baf-9eed-7a4cc889cb7c,6D:4B:FF:33:74:3D,NA,-89
1763135512719,0adab909-eb8f-4baf-9eed-7a4cc889cb7c,00:08:E0:14:64:D6,NA,-100
1763135512825,0adab909-eb8f-4baf-9eed-7a4cc889cb7c,04:5B:22:FC:E1:3F,NA,-87
1763135515180,0adab909-eb8f-4baf-9eed-7a4cc889cb7c,43:CF:A0:9E:84:7B,NA,-92
1763135515211,0adab909-eb8f-4baf-9eed-7a4cc889cb7c,02:0D:C4:0D:5B:AF,NA,-100
1763135518130,0adab909-eb8f-4baf-9eed-7a4cc889cb7c,02:0D:C4:0D:5B:AF,BT-5BAF,-96
1763135523118,0adab909-eb8f-4baf-9eed-7a4cc889cb7c,3E:E0:90:AC:5E:BB,NA,-92
1763135523493,0adab909-eb8f-4baf-9eed-7a4cc889cb7c,63:74:43:1B:8C:12,NA,-90
1763135530510,0adab909-eb8f-4baf-9eed-7a4cc889cb7c,26:31:7C:FB:EE:AF,NA,-76
1763135531759,0adab909-eb8f-4baf-9eed-7a4cc889cb7c,61:BD:32:A2:5D:FD,NA,-81
1763136109570,0adab909-eb8f-4baf-9eed-7a4cc889cb7c,6D:32:8D:4A:78:47,NA,-85
1763136122732,0adab909-eb8f-4baf-9eed-7a4cc889cb7c,6D:32:8D:4A:78:47,NA,-86
1763136722050,0adab909-eb8f-4baf-9eed-7a4cc889cb7c,5B:C3:AA:CF:C5:DE,NA,-83
1763136728883,0adab909-eb8f-4baf-9eed-7a4cc889cb7c,5B:C3:AA:CF:C5:DE,NA,-87
1763136729930,0adab909-eb8f-4baf-9eed-7a4cc889cb7c,84:C8:A0:8B:BD:3D,JBL BAR 800,-90
1763137327200,0adab909-eb8f-4baf-9eed-7a4cc889cb7c,5B:C3:AA:CF:C5:DE,NA,-62
1763137338014,0adab909-eb8f-4baf-9eed-7a4cc889cb7c,E6:68:C6:AB:E4:2D,SumUp 418,-91
1763137339314,0adab909-eb8f-4baf-9eed-7a4cc889cb7c,5B:C3:AA:CF:C5:DE,NA,-64
1763137339339,0adab909-eb8f-4baf-9eed-7a4cc889cb7c,84:C8:A0:8B:BD:3D,JBL BAR 800,-70
1763137339365,0adab909-eb8f-4baf-9eed-7a4cc889cb7c,E6:68:C6:AB:E4:2D,SumUp 418,-93
1763138112676,0adab909-eb8f-4baf-9eed-7a4cc889cb7c,58:F3:13:F5:73:30,NA,-85
1763138122289,0adab909-eb8f-4baf-9eed-7a4cc889cb7c,4E:AA:0C:B4:1D:EC,NA,-91
1763138125036,0adab909-eb8f-4baf-9eed-7a4cc889cb7c,58:F3:13:F5:73:30,NA,-67
1763138126109,0adab909-eb8f-4baf-9eed-7a4cc889cb7c,84:C8:A0:8B:BD:3D,JBL BAR 800,-81
1763138475734,0adab909-eb8f-4baf-9eed-7a4cc889cb7c,58:F3:13:F5:73:30,NA,-75
1763139173238,0adab909-eb8f-4baf-9eed-7a4cc889cb7c,58:F3:13:F5:73:30,NA,-75
1763139712041,0adab909-eb8f-4baf-9eed-7a4cc889cb7c,58:F3:13:F5:73:30,NA,-76
1763140543953,0adab909-eb8f-4baf-9eed-7a4cc889cb7c,61:5E:A9:02:94:15,NA,-71
1763140914693,0adab909-eb8f-4baf-9eed-7a4cc889cb7c,61:5E:A9:02:94:15,NA,-76
1763140921004,0adab909-eb8f-4baf-9eed-7a4cc889cb7c,64:62:28:F4:AA:A8,NA,-94
1763141606265,0adab909-eb8f-4baf-9eed-7a4cc889cb7c,64:EB:89:FE:EA:77,NA,-75
1763141608815,0adab909-eb8f-4baf-9eed-7a4cc889cb7c,64:62:28:F4:AA:A8,NA,-93
1763141608835,0adab909-eb8f-4baf-9eed-7a4cc889cb7c,75:72:C3:03:76:C9,NA,-72
1763142315294,0adab909-eb8f-4baf-9eed-7a4cc889cb7c,64:EB:89:FE:EA:77,NA,-84
1763142315989,0adab909-eb8f-4baf-9eed-7a4cc889cb7c,75:72:C3:03:76:C9,NA,-78
1763142940257,0adab909-eb8f-4baf-9eed-7a4cc889cb7c,7A:11:07:19:55:64,NA,-76
1763142941891,0adab909-eb8f-4baf-9eed-7a4cc889cb7c,74:E0:F6:28:77:08,NA,-79
1763143527297,0adab909-eb8f-4baf-9eed-7a4cc889cb7c,4E:62:48:4C:7D:1C,NA,-77
1763143528307,0adab909-eb8f-4baf-9eed-7a4cc889cb7c,7A:11:07:19:55:64,NA,-76
1763143894872,0adab909-eb8f-4baf-9eed-7a4cc889cb7c,5F:0F:11:DE:64:E2,NA,-76
1763143907288,0adab909-eb8f-4baf-9eed-7a4cc889cb7c,84:C8:A0:8B:BD:3D,JBL BAR 800,-87
1763143908448,0adab909-eb8f-4baf-9eed-7a4cc889cb7c,F5:D6:79:F8:82:47,NA,-82
1763144499215,0adab909-eb8f-4baf-9eed-7a4cc889cb7c,5F:0F:11:DE:64:E2,NA,-75
1763145073603,0adab909-eb8f-4baf-9eed-7a4cc889cb7c,5F:0F:11:DE:64:E2,NA,-89
1763145079341,0adab909-eb8f-4baf-9eed-7a4cc889cb7c,62:A7:9B:31:19:5A,NA,-84
1763145674761,0adab909-eb8f-4baf-9eed-7a4cc889cb7c,62:A7:9B:31:19:5A,NA,-86
1763146345480,0adab909-eb8f-4baf-9eed-7a4cc889cb7c,7E:9D:9C:35:31:21,NA,-85
1763146346390,0adab909-eb8f-4baf-9eed-7a4cc889cb7c,53:2A:68:9E:95:22,NA,-62
1763146910807,0adab909-eb8f-4baf-9eed-7a4cc889cb7c,53:2A:68:9E:95:22,NA,-76
1763147535508,0adab909-eb8f-4baf-9eed-7a4cc889cb7c,53:2A:68:9E:95:22,NA,-82
1763147536480,0adab909-eb8f-4baf-9eed-7a4cc889cb7c,42:35:52:7A:30:6D,NA,-88
1763148096221,0adab909-eb8f-4baf-9eed-7a4cc889cb7c,72:89:4E:27:0F:F8,NA,-94
1763148096616,0adab909-eb8f-4baf-9eed-7a4cc889cb7c,67:2D:FE:09:89:BF,NA,-73
1763148101358,0adab909-eb8f-4baf-9eed-7a4cc889cb7c,74:66:96:E1:5A:1C,NA,-92
1763148674809,0adab909-eb8f-4baf-9eed-7a4cc889cb7c,72:89:4E:27:0F:F8,NA,-74
1763148674830,0adab909-eb8f-4baf-9eed-7a4cc889cb7c,67:2D:FE:09:89:BF,NA,-77
1763148676736,0adab909-eb8f-4baf-9eed-7a4cc889cb7c,74:66:96:E1:5A:1C,NA,-94
1763149274440,0adab909-eb8f-4baf-9eed-7a4cc889cb7c,7C:D8:EE:B5:C9:6C,NA,-80
1763149274462,0adab909-eb8f-4baf-9eed-7a4cc889cb7c,45:BF:5D:EF:CC:2F,NA,-73
1763149274830,0adab909-eb8f-4baf-9eed-7a4cc889cb7c,73:88:EE:C4:1C:9A,NA,-94
1763150106453,0adab909-eb8f-4baf-9eed-7a4cc889cb7c,45:BF:5D:EF:CC:2F,NA,-71
1763150107091,0adab909-eb8f-4baf-9eed-7a4cc889cb7c,40:DC:50:24:44:38,NA,-72
1763150705943,0adab909-eb8f-4baf-9eed-7a4cc889cb7c,72:D9:25:91:E1:74,NA,-74
1763150715211,0adab909-eb8f-4baf-9eed-7a4cc889cb7c,40:DC:50:24:44:38,NA,-84
1763150717745,0adab909-eb8f-4baf-9eed-7a4cc889cb7c,84:C8:A0:8B:BD:3D,JBL BAR 800,-79
1763150717770,0adab909-eb8f-4baf-9eed-7a4cc889cb7c,72:D9:25:91:E1:74,NA,-73
1763150719842,0adab909-eb8f-4baf-9eed-7a4cc889cb7c,3F:D2:A3:DE:53:09,NA,-85
1763151371126,0adab909-eb8f-4baf-9eed-7a4cc889cb7c,48:AB:96:CC:79:E8,NA,-84
1763151372102,0adab909-eb8f-4baf-9eed-7a4cc889cb7c,72:D9:25:91:E1:74,NA,-72
1763151670873,0adab909-eb8f-4baf-9eed-7a4cc889cb7c,5E:A6:2A:C2:F6:51,NA,-80
1763151673426,0adab909-eb8f-4baf-9eed-7a4cc889cb7c,48:AB:96:CC:79:E8,NA,-90
1763152270108,0adab909-eb8f-4baf-9eed-7a4cc889cb7c,42:71:A0:67:66:A7,NA,-92
1763152270153,0adab909-eb8f-4baf-9eed-7a4cc889cb7c,5E:A6:2A:C2:F6:51,NA,-65
1763152271586,0adab909-eb8f-4baf-9eed-7a4cc889cb7c,C4:3D:1A:EA:E1:91,NA,-100
1763152276119,0adab909-eb8f-4baf-9eed-7a4cc889cb7c,C4:3D:1A:EA:E1:91,ARGININE,-92
1763152277211,0adab909-eb8f-4baf-9eed-7a4cc889cb7c,42:C6:EF:22:7E:14,NA,-89
1763152872177,0adab909-eb8f-4baf-9eed-7a4cc889cb7c,5E:A6:2A:C2:F6:51,NA,-60
1763152879201,0adab909-eb8f-4baf-9eed-7a4cc889cb7c,78:C8:6A:A8:F2:A0,NA,-90
1763153703164,0adab909-eb8f-4baf-9eed-7a4cc889cb7c,4C:96:8A:ED:6A:01,SPEN NA,127
1763153703466,0adab909-eb8f-4baf-9eed-7a4cc889cb7c,73:66:56:85:AE:07,NA,-93
1763153703486,0adab909-eb8f-4baf-9eed-7a4cc889cb7c,4F:06:4D:E0:EB:CF,NA,-63
1763153703500,0adab909-eb8f-4baf-9eed-7a4cc889cb7c,4C:96:8A:ED:6A:01,SPEN NA,-44
1763153703791,0adab909-eb8f-4baf-9eed-7a4cc889cb7c,4C:96:8A:ED:6A:01,SPEN NA,-55
1763153704119,0adab909-eb8f-4baf-9eed-7a4cc889cb7c,4C:96:8A:ED:6A:01,SPEN NA,-44
1763153704432,0adab909-eb8f-4baf-9eed-7a4cc889cb7c,4C:96:8A:ED:6A:01,SPEN NA,-44
1763153704734,0adab909-eb8f-4baf-9eed-7a4cc889cb7c,4C:96:8A:ED:6A:01,SPEN NA,-48
1763153705699,0adab909-eb8f-4baf-9eed-7a4cc889cb7c,4C:96:8A:ED:6A:01,SPEN NA,-48
1763153706645,0adab909-eb8f-4baf-9eed-7a4cc889cb7c,4C:96:8A:ED:6A:01,SPEN NA,-48
1763153707990,0adab909-eb8f-4baf-9eed-7a4cc889cb7c,4C:96:8A:ED:6A:01,SPEN NA,-44
1763153708312,0adab909-eb8f-4baf-9eed-7a4cc889cb7c,4C:96:8A:ED:6A:01,SPEN NA,127
1763153708640,0adab909-eb8f-4baf-9eed-7a4cc889cb7c,4C:96:8A:ED:6A:01,SPEN NA,-55
1763153708953,0adab909-eb8f-4baf-9eed-7a4cc889cb7c,4C:96:8A:ED:6A:01,SPEN NA,-50
1763153709903,0adab909-eb8f-4baf-9eed-7a4cc889cb7c,4C:96:8A:ED:6A:01,SPEN NA,-44
1763153710533,0adab909-eb8f-4baf-9eed-7a4cc889cb7c,4C:96:8A:ED:6A:01,SPEN NA,-48
1763153710839,0adab909-eb8f-4baf-9eed-7a4cc889cb7c,4C:96:8A:ED:6A:01,SPEN NA,-44
1763153711137,0adab909-eb8f-4baf-9eed-7a4cc889cb7c,4C:96:8A:ED:6A:01,SPEN NA,-44
1763153711458,0adab909-eb8f-4baf-9eed-7a4cc889cb7c,4C:96:8A:ED:6A:01,SPEN NA,-48
1763153711776,0adab909-eb8f-4baf-9eed-7a4cc889cb7c,4C:96:8A:ED:6A:01,SPEN NA,-43
1763153712102,0adab909-eb8f-4baf-9eed-7a4cc889cb7c,4C:96:8A:ED:6A:01,SPEN NA,-43
1763153712740,0adab909-eb8f-4baf-9eed-7a4cc889cb7c,4C:96:8A:ED:6A:01,SPEN NA,-44
1763153713035,0adab909-eb8f-4baf-9eed-7a4cc889cb7c,4C:96:8A:ED:6A:01,SPEN NA,-44
1763153713458,0adab909-eb8f-4baf-9eed-7a4cc889cb7c,4C:96:8A:ED:6A:01,SPEN NA,-48
1763153714726,0adab909-eb8f-4baf-9eed-7a4cc889cb7c,4C:96:8A:ED:6A:01,SPEN NA,-46
1763153715031,0adab909-eb8f-4baf-9eed-7a4cc889cb7c,4C:96:8A:ED:6A:01,SPEN NA,-44
1763153715969,0adab909-eb8f-4baf-9eed-7a4cc889cb7c,4C:96:8A:ED:6A:01,SPEN NA,-44
1763153716060,0adab909-eb8f-4baf-9eed-7a4cc889cb7c,84:C8:A0:8B:BD:3D,JBL BAR 800,-79
1763153716102,0adab909-eb8f-4baf-9eed-7a4cc889cb7c,4F:06:4D:E0:EB:CF,NA,-64
1763154303106,0adab909-eb8f-4baf-9eed-7a4cc889cb7c,4F:06:4D:E0:EB:CF,NA,-67
1763154306710,0adab909-eb8f-4baf-9eed-7a4cc889cb7c,55:14:68:BF:75:2E,NA,-94
1763154905076,0adab909-eb8f-4baf-9eed-7a4cc889cb7c,70:55:94:89:D7:30,NA,-73
1763154906054,0adab909-eb8f-4baf-9eed-7a4cc889cb7c,63:6D:BB:87:77:EC,NA,-79
1763154916094,0adab909-eb8f-4baf-9eed-7a4cc889cb7c,22:FD:B3:B7:EC:B6,NA,-81
1763154916187,0adab909-eb8f-4baf-9eed-7a4cc889cb7c,63:6D:BB:87:77:EC,NA,-81
1763154916228,0adab909-eb8f-4baf-9eed-7a4cc889cb7c,55:14:68:BF:75:2E,NA,-93
1763154917209,0adab909-eb8f-4baf-9eed-7a4cc889cb7c,84:C8:A0:8B:BD:3D,JBL BAR 800,-81
1763154918292,0adab909-eb8f-4baf-9eed-7a4cc889cb7c,70:55:94:89:D7:30,NA,-61
1763155491990,0adab909-eb8f-4baf-9eed-7a4cc889cb7c,63:6D:BB:87:77:EC,NA,-82
1763155492685,0adab909-eb8f-4baf-9eed-7a4cc889cb7c,70:55:94:89:D7:30,NA,-82
1763155963321,0adab909-eb8f-4baf-9eed-7a4cc889cb7c,51:25:E4:98:0B:59,NA,-75
1763155966294,0adab909-eb8f-4baf-9eed-7a4cc889cb7c,54:08:F6:F7:91:A4,NA,-88
1763155968261,0adab909-eb8f-4baf-9eed-7a4cc889cb7c,66:38:14:6A:1E:B4,NA,-88
1763156692328,0adab909-eb8f-4baf-9eed-7a4cc889cb7c,61:DE:16:D5:A1:DE,NA,-83
1763156692954,0adab909-eb8f-4baf-9eed-7a4cc889cb7c,51:25:E4:98:0B:59,NA,-73
1763157519751,0adab909-eb8f-4baf-9eed-7a4cc889cb7c,64:B3:F1:5E:96:2B,NA,-84
1763157520761,0adab909-eb8f-4baf-9eed-7a4cc889cb7c,66:42:A9:38:65:A7,NA,-67
1763157521053,0adab909-eb8f-4baf-9eed-7a4cc889cb7c,78:50:42:85:BB:45,NA,-89
1763157532557,0adab909-eb8f-4baf-9eed-7a4cc889cb7c,66:42:A9:38:65:A7,NA,-69
1763157532693,0adab909-eb8f-4baf-9eed-7a4cc889cb7c,84:C8:A0:8B:BD:3D,JBL BAR 800,-84
1763157533664,0adab909-eb8f-4baf-9eed-7a4cc889cb7c,F8:D9:D8:94:CB:9A,NA,-79
1763157534614,0adab909-eb8f-4baf-9eed-7a4cc889cb7c,D5:4B:12:65:BB:49,NA,-87
1763157681151,0adab909-eb8f-4baf-9eed-7a4cc889cb7c,66:42:A9:38:65:A7,NA,-67
1763157682426,0adab909-eb8f-4baf-9eed-7a4cc889cb7c,64:B3:F1:5E:96:2B,NA,-88
1763158472531,0adab909-eb8f-4baf-9eed-7a4cc889cb7c,66:42:A9:38:65:A7,NA,-71
1763158474982,0adab909-eb8f-4baf-9eed-7a4cc889cb7c,46:E8:DF:6E:8B:8E,NA,-89
1763158483638,0adab909-eb8f-4baf-9eed-7a4cc889cb7c,E1:F6:CA:F9:BC:75,NA,-91
1763158483767,0adab909-eb8f-4baf-9eed-7a4cc889cb7c,66:42:A9:38:65:A7,NA,-71
1763158483793,0adab909-eb8f-4baf-9eed-7a4cc889cb7c,46:E8:DF:6E:8B:8E,NA,-91
1763158871748,0adab909-eb8f-4baf-9eed-7a4cc889cb7c,65:BF:96:AA:D3:54,NA,-83
1763158883026,0adab909-eb8f-4baf-9eed-7a4cc889cb7c,65:BF:96:AA:D3:54,NA,-82
1763159538222,0adab909-eb8f-4baf-9eed-7a4cc889cb7c,65:BF:96:AA:D3:54,NA,-73
1763159538261,0adab909-eb8f-4baf-9eed-7a4cc889cb7c,4C:96:8A:ED:6A:01,SPEN NA,-65
1763159538428,0adab909-eb8f-4baf-9eed-7a4cc889cb7c,4C:96:8A:ED:6A:01,SPEN NA,-66
1763159538747,0adab909-eb8f-4baf-9eed-7a4cc889cb7c,4C:96:8A:ED:6A:01,SPEN NA,-60
1763159539490,0adab909-eb8f-4baf-9eed-7a4cc889cb7c,4C:96:8A:ED:6A:01,SPEN NA,-60
1763159540110,0adab909-eb8f-4baf-9eed-7a4cc889cb7c,4C:96:8A:ED:6A:01,SPEN NA,-60
1763159540387,0adab909-eb8f-4baf-9eed-7a4cc889cb7c,64:8A:FF:E6:1D:23,NA,-87
1763159541685,0adab909-eb8f-4baf-9eed-7a4cc889cb7c,4C:96:8A:ED:6A:01,SPEN NA,-61
1763159542319,0adab909-eb8f-4baf-9eed-7a4cc889cb7c,4C:96:8A:ED:6A:01,SPEN NA,-65
1763159543256,0adab909-eb8f-4baf-9eed-7a4cc889cb7c,4C:96:8A:ED:6A:01,SPEN NA,-61
1763159543590,0adab909-eb8f-4baf-9eed-7a4cc889cb7c,4C:96:8A:ED:6A:01,SPEN NA,-66
1763159543897,0adab909-eb8f-4baf-9eed-7a4cc889cb7c,4C:96:8A:ED:6A:01,SPEN NA,-63
1763159544215,0adab909-eb8f-4baf-9eed-7a4cc889cb7c,4C:96:8A:ED:6A:01,SPEN NA,-60
1763159544552,0adab909-eb8f-4baf-9eed-7a4cc889cb7c,4C:96:8A:ED:6A:01,SPEN NA,-61
1763159544839,0adab909-eb8f-4baf-9eed-7a4cc889cb7c,4C:96:8A:ED:6A:01,SPEN NA,-59
1763159545162,0adab909-eb8f-4baf-9eed-7a4cc889cb7c,4C:96:8A:ED:6A:01,SPEN NA,-60
1763159545478,0adab909-eb8f-4baf-9eed-7a4cc889cb7c,4C:96:8A:ED:6A:01,SPEN NA,-66
1763159545892,0adab909-eb8f-4baf-9eed-7a4cc889cb7c,4C:96:8A:ED:6A:01,SPEN NA,-65
1763159546523,0adab909-eb8f-4baf-9eed-7a4cc889cb7c,4C:96:8A:ED:6A:01,SPEN NA,-61
1763159547054,0adab909-eb8f-4baf-9eed-7a4cc889cb7c,4C:96:8A:ED:6A:01,SPEN NA,-66
1763159547374,0adab909-eb8f-4baf-9eed-7a4cc889cb7c,4C:96:8A:ED:6A:01,SPEN NA,-65
1763159548410,0adab909-eb8f-4baf-9eed-7a4cc889cb7c,4C:96:8A:ED:6A:01,SPEN NA,-62
1763159548735,0adab909-eb8f-4baf-9eed-7a4cc889cb7c,4C:96:8A:ED:6A:01,SPEN NA,-63
1763159549993,0adab909-eb8f-4baf-9eed-7a4cc889cb7c,4C:96:8A:ED:6A:01,SPEN NA,-63
1763159550294,0adab909-eb8f-4baf-9eed-7a4cc889cb7c,4C:96:8A:ED:6A:01,SPEN NA,-66
1763159550624,0adab909-eb8f-4baf-9eed-7a4cc889cb7c,4C:96:8A:ED:6A:01,SPEN NA,-63
1763159551015,0adab909-eb8f-4baf-9eed-7a4cc889cb7c,4C:96:8A:ED:6A:01,SPEN NA,-63
1763159551959,0adab909-eb8f-4baf-9eed-7a4cc889cb7c,64:8A:FF:E6:1D:23,NA,-86
1763159552047,0adab909-eb8f-4baf-9eed-7a4cc889cb7c,84:C8:A0:8B:BD:3D,JBL BAR 800,-82
1763159553016,0adab909-eb8f-4baf-9eed-7a4cc889cb7c,65:BF:96:AA:D3:54,NA,-70
1763160078673,0adab909-eb8f-4baf-9eed-7a4cc889cb7c,69:66:0B:A1:A2:85,NA,-77
1763160078794,0adab909-eb8f-4baf-9eed-7a4cc889cb7c,4C:96:8A:ED:6A:01,SPEN NA,-69
1763160079420,0adab909-eb8f-4baf-9eed-7a4cc889cb7c,4C:96:8A:ED:6A:01,SPEN NA,-71
1763160079735,0adab909-eb8f-4baf-9eed-7a4cc889cb7c,4C:96:8A:ED:6A:01,SPEN NA,-62
1763160080350,0adab909-eb8f-4baf-9eed-7a4cc889cb7c,4C:96:8A:ED:6A:01,SPEN NA,-65
1763160080994,0adab909-eb8f-4baf-9eed-7a4cc889cb7c,4C:96:8A:ED:6A:01,SPEN NA,-65
1763160081315,0adab909-eb8f-4baf-9eed-7a4cc889cb7c,4C:96:8A:ED:6A:01,SPEN NA,-65
1763160081629,0adab909-eb8f-4baf-9eed-7a4cc889cb7c,4C:96:8A:ED:6A:01,SPEN NA,-62
1763160081960,0adab909-eb8f-4baf-9eed-7a4cc889cb7c,4C:96:8A:ED:6A:01,SPEN NA,-63
1763160082272,0adab909-eb8f-4baf-9eed-7a4cc889cb7c,4C:96:8A:ED:6A:01,SPEN NA,-67
1763160082555,0adab909-eb8f-4baf-9eed-7a4cc889cb7c,4C:96:8A:ED:6A:01,SPEN NA,-63
1763160082904,0adab909-eb8f-4baf-9eed-7a4cc889cb7c,4C:96:8A:ED:6A:01,SPEN NA,-65
1763160082924,0adab909-eb8f-4baf-9eed-7a4cc889cb7c,5B:43:07:F8:85:79,NA,-90
1763160083222,0adab909-eb8f-4baf-9eed-7a4cc889cb7c,4C:96:8A:ED:6A:01,SPEN NA,-66
1763160083511,0adab909-eb8f-4baf-9eed-7a4cc889cb7c,4C:96:8A:ED:6A:01,SPEN NA,-63
1763160083862,0adab909-eb8f-4baf-9eed-7a4cc889cb7c,4C:96:8A:ED:6A:01,SPEN NA,-69
1763160084148,0adab909-eb8f-4baf-9eed-7a4cc889cb7c,4C:96:8A:ED:6A:01,SPEN NA,-66
1763160085519,0adab909-eb8f-4baf-9eed-7a4cc889cb7c,4C:96:8A:ED:6A:01,SPEN NA,-67
1763160087701,0adab909-eb8f-4baf-9eed-7a4cc889cb7c,4C:96:8A:ED:6A:01,SPEN NA,-68
1763160088354,0adab909-eb8f-4baf-9eed-7a4cc889cb7c,4C:96:8A:ED:6A:01,SPEN NA,-61
1763160088974,0adab909-eb8f-4baf-9eed-7a4cc889cb7c,4C:96:8A:ED:6A:01,SPEN NA,-65
1763160089306,0adab909-eb8f-4baf-9eed-7a4cc889cb7c,4C:96:8A:ED:6A:01,SPEN NA,-67
1763160089622,0adab909-eb8f-4baf-9eed-7a4cc889cb7c,4C:96:8A:ED:6A:01,SPEN NA,-68
1763160089950,0adab909-eb8f-4baf-9eed-7a4cc889cb7c,4C:96:8A:ED:6A:01,SPEN NA,-68
1763160090231,0adab909-eb8f-4baf-9eed-7a4cc889cb7c,4C:96:8A:ED:6A:01,SPEN NA,-61
1763160090551,0adab909-eb8f-4baf-9eed-7a4cc889cb7c,4C:96:8A:ED:6A:01,SPEN NA,-67
1763160091585,0adab909-eb8f-4baf-9eed-7a4cc889cb7c,4C:96:8A:ED:6A:01,SPEN NA,-67
1763160091609,0adab909-eb8f-4baf-9eed-7a4cc889cb7c,69:66:0B:A1:A2:85,NA,-71
1763160093814,0adab909-eb8f-4baf-9eed-7a4cc889cb7c,84:C8:A0:8B:BD:3D,JBL BAR 800,-85
1763160831537,0adab909-eb8f-4baf-9eed-7a4cc889cb7c,69:66:0B:A1:A2:85,NA,-70
1763160833168,0adab909-eb8f-4baf-9eed-7a4cc889cb7c,5B:43:07:F8:85:79,NA,-85
1763160836727,0adab909-eb8f-4baf-9eed-7a4cc889cb7c,4E:78:D8:95:29:2C,NA,-93
1763160844116,0adab909-eb8f-4baf-9eed-7a4cc889cb7c,C1:56:92:17:F0:B9,NA,-84
1763160844229,0adab909-eb8f-4baf-9eed-7a4cc889cb7c,69:66:0B:A1:A2:85,NA,-73
1763160845267,0adab909-eb8f-4baf-9eed-7a4cc889cb7c,5B:43:07:F8:85:79,NA,-88
1763160846077,0adab909-eb8f-4baf-9eed-7a4cc889cb7c,84:C8:A0:8B:BD:3D,JBL BAR 800,-87
1763161431898,0adab909-eb8f-4baf-9eed-7a4cc889cb7c,69:66:0B:A1:A2:85,NA,-69
1763161431939,0adab909-eb8f-4baf-9eed-7a4cc889cb7c,6B:EB:CA:0E:8A:D5,NA,-77
1763161444275,0adab909-eb8f-4baf-9eed-7a4cc889cb7c,69:66:0B:A1:A2:85,NA,-61
1763161444307,0adab909-eb8f-4baf-9eed-7a4cc889cb7c,6B:EB:CA:0E:8A:D5,NA,-78
1763161444333,0adab909-eb8f-4baf-9eed-7a4cc889cb7c,1A:80:51:E4:5C:60,NA,-80
1763161444379,0adab909-eb8f-4baf-9eed-7a4cc889cb7c,84:C8:A0:8B:BD:3D,JBL BAR 800,-85
1763161447112,0adab909-eb8f-4baf-9eed-7a4cc889cb7c,FA:FA:5A:18:57:53,NA,-75
1763162031901,0adab909-eb8f-4baf-9eed-7a4cc889cb7c,5A:0A:F4:43:7F:BE,NA,-79
1763162033151,0adab909-eb8f-4baf-9eed-7a4cc889cb7c,7C:21:8D:48:C7:B7,NA,-94
1763162044233,0adab909-eb8f-4baf-9eed-7a4cc889cb7c,5A:0A:F4:43:7F:BE,NA,-76
1763162045099,0adab909-eb8f-4baf-9eed-7a4cc889cb7c,84:C8:A0:8B:BD:3D,JBL BAR 800,-81
1763162563959,0adab909-eb8f-4baf-9eed-7a4cc889cb7c,5A:0A:F4:43:7F:BE,NA,-61
1763163233433,0adab909-eb8f-4baf-9eed-7a4cc889cb7c,66:5A:C3:7A:5B:79,NA,-79
1763163233753,0adab909-eb8f-4baf-9eed-7a4cc889cb7c,42:BB:AA:54:88:28,NA,-63
1763163831537,0adab909-eb8f-4baf-9eed-7a4cc889cb7c,42:BB:AA:54:88:28,NA,-62
1763163831837,0adab909-eb8f-4baf-9eed-7a4cc889cb7c,59:06:71:82:D3:0E,NA,-94
1763163832819,0adab909-eb8f-4baf-9eed-7a4cc889cb7c,4C:62:00:EC:04:7E,NA,-82
1763164364712,0adab909-eb8f-4baf-9eed-7a4cc889cb7c,42:BB:AA:54:88:28,NA,-57
1763164366957,0adab909-eb8f-4baf-9eed-7a4cc889cb7c,4C:62:00:EC:04:7E,NA,-86
1763164966372,0adab909-eb8f-4baf-9eed-7a4cc889cb7c,6D:B7:73:7F:09:3C,NA,-66
1763165565212,0adab909-eb8f-4baf-9eed-7a4cc889cb7c,76:49:E7:6F:65:FA,NA,-82
1763165565240,0adab909-eb8f-4baf-9eed-7a4cc889cb7c,6D:B7:73:7F:09:3C,NA,-64
1763165570543,0adab909-eb8f-4baf-9eed-7a4cc889cb7c,67:E5:B2:AC:50:80,NA,-89
1763166228606,0adab909-eb8f-4baf-9eed-7a4cc889cb7c,7F:69:96:5D:D7:BB,NA,-68
1763166229884,0adab909-eb8f-4baf-9eed-7a4cc889cb7c,76:49:E7:6F:65:FA,NA,-81
1763166682672,0adab909-eb8f-4baf-9eed-7a4cc889cb7c,53:8E:41:5E:97:A5,NA,-78
1763166684362,0adab909-eb8f-4baf-9eed-7a4cc889cb7c,7F:69:96:5D:D7:BB,NA,-71
1763167283952,0adab909-eb8f-4baf-9eed-7a4cc889cb7c,7C:47:9F:CC:A8:7B,NA,-56
1763167287827,0adab909-eb8f-4baf-9eed-7a4cc889cb7c,7D:26:E8:C9:4A:11,NA,-88
1763167882696,0adab909-eb8f-4baf-9eed-7a4cc889cb7c,7C:47:9F:CC:A8:7B,NA,-62
1763168557017,0adab909-eb8f-4baf-9eed-7a4cc889cb7c,4C:7E:B0:33:E0:6F,NA,-57
1763169157372,0adab909-eb8f-4baf-9eed-7a4cc889cb7c,4C:7E:B0:33:E0:6F,NA,-66
1763169158342,0adab909-eb8f-4baf-9eed-7a4cc889cb7c,5B:82:5F:37:08:83,NA,-93
1763169161936,0adab909-eb8f-4baf-9eed-7a4cc889cb7c,5B:8E:98:37:E2:FA,NA,-86
1763169756938,0adab909-eb8f-4baf-9eed-7a4cc889cb7c,7D:D1:09:B3:EC:26,NA,-57
1763169757977,0adab909-eb8f-4baf-9eed-7a4cc889cb7c,4A:14:12:C2:AF:28,NA,-90
1763169765617,0adab909-eb8f-4baf-9eed-7a4cc889cb7c,60:86:B8:78:66:A8,NA,-86
1763170430353,0adab909-eb8f-4baf-9eed-7a4cc889cb7c,7D:D1:09:B3:EC:26,NA,-61
1763170431296,0adab909-eb8f-4baf-9eed-7a4cc889cb7c,60:86:B8:78:66:A8,NA,-86
1763171031697,0adab909-eb8f-4baf-9eed-7a4cc889cb7c,7D:D1:09:B3:EC:26,NA,-60
1763171034591,0adab909-eb8f-4baf-9eed-7a4cc889cb7c,75:ED:33:9E:60:C8,NA,-91
1763171040995,0adab909-eb8f-4baf-9eed-7a4cc889cb7c,79:AF:38:39:9A:AD,NA,-89
1763171629961,0adab909-eb8f-4baf-9eed-7a4cc889cb7c,71:88:E6:1F:A7:DC,NA,-56
1763172263961,0adab909-eb8f-4baf-9eed-7a4cc889cb7c,71:88:E6:1F:A7:DC,NA,-56
1763172273846,0adab909-eb8f-4baf-9eed-7a4cc889cb7c,4B:33:49:67:B0:F7,NA,-85
1763172866250,0adab909-eb8f-4baf-9eed-7a4cc889cb7c,7C:DE:9E:38:35:C5,NA,-66
1763173997615,0adab909-eb8f-4baf-9eed-7a4cc889cb7c,61:3F:F3:26:2D:6B,NA,-63
1763173997944,0adab909-eb8f-4baf-9eed-7a4cc889cb7c,64:E9:DD:69:CB:A7,NA,-81
1763174597316,0adab909-eb8f-4baf-9eed-7a4cc889cb7c,61:3F:F3:26:2D:6B,NA,-69
1763174601229,0adab909-eb8f-4baf-9eed-7a4cc889cb7c,64:E9:DD:69:CB:A7,NA,-84
1763174602132,0adab909-eb8f-4baf-9eed-7a4cc889cb7c,67:FC:AE:43:21:92,NA,-92
1763175198898,0adab909-eb8f-4baf-9eed-7a4cc889cb7c,44:64:A3:1B:A3:BA,NA,-58
1763175198920,0adab909-eb8f-4baf-9eed-7a4cc889cb7c,76:71:B7:2D:52:33,NA,-89
1763175797892,0adab909-eb8f-4baf-9eed-7a4cc889cb7c,44:64:A3:1B:A3:BA,NA,-58
1763175798589,0adab909-eb8f-4baf-9eed-7a4cc889cb7c,76:71:B7:2D:52:33,NA,-84
1763176328840,0adab909-eb8f-4baf-9eed-7a4cc889cb7c,43:9F:55:BB:2F:B5,NA,-87
1763176329879,0adab909-eb8f-4baf-9eed-7a4cc889cb7c,44:64:A3:1B:A3:BA,NA,-58
1763176929247,0adab909-eb8f-4baf-9eed-7a4cc889cb7c,4A:E5:22:F4:FE:17,NA,-68
1763176932152,0adab909-eb8f-4baf-9eed-7a4cc889cb7c,43:9F:55:BB:2F:B5,NA,-85
1763177529110,0adab909-eb8f-4baf-9eed-7a4cc889cb7c,4A:E5:22:F4:FE:17,NA,-62
1763177530259,0adab909-eb8f-4baf-9eed-7a4cc889cb7c,7B:19:88:59:41:CA,NA,-82
1763178360844,0adab909-eb8f-4baf-9eed-7a4cc889cb7c,7B:19:88:59:41:CA,NA,-84
1763178361579,0adab909-eb8f-4baf-9eed-7a4cc889cb7c,70:F3:B6:79:14:31,NA,-67
1763178961033,0adab909-eb8f-4baf-9eed-7a4cc889cb7c,69:C7:BF:9B:DC:41,NA,-84
1763178962243,0adab909-eb8f-4baf-9eed-7a4cc889cb7c,5E:57:C5:18:C6:E0,NA,-66
1763179562292,0adab909-eb8f-4baf-9eed-7a4cc889cb7c,5E:57:C5:18:C6:E0,NA,-70
1763179564181,0adab909-eb8f-4baf-9eed-7a4cc889cb7c,69:C7:BF:9B:DC:41,NA,-86
1763179571251,0adab909-eb8f-4baf-9eed-7a4cc889cb7c,76:40:03:D3:AE:E6,NA,-90
1763180192314,0adab909-eb8f-4baf-9eed-7a4cc889cb7c,7F:0F:E0:E1:43:B4,NA,-70
1763180195199,0adab909-eb8f-4baf-9eed-7a4cc889cb7c,54:42:9F:C3:42:4E,NA,-83
1763180494917,0adab909-eb8f-4baf-9eed-7a4cc889cb7c,54:42:9F:C3:42:4E,NA,-82
1763180494933,0adab909-eb8f-4baf-9eed-7a4cc889cb7c,7F:0F:E0:E1:43:B4,NA,-59
1763181092198,0adab909-eb8f-4baf-9eed-7a4cc889cb7c,7F:0F:E0:E1:43:B4,NA,-68
1763181098008,0adab909-eb8f-4baf-9eed-7a4cc889cb7c,54:42:9F:C3:42:4E,NA,-89
1763181104099,0adab909-eb8f-4baf-9eed-7a4cc889cb7c,78:9B:0D:5E:81:55,NA,-93
1763181693270,0adab909-eb8f-4baf-9eed-7a4cc889cb7c,6B:13:0C:B0:AE:1F,NA,-60
1763181693849,0adab909-eb8f-4baf-9eed-7a4cc889cb7c,71:C7:6F:12:0F:05,NA,-78
1763181697785,0adab909-eb8f-4baf-9eed-7a4cc889cb7c,78:9B:0D:5E:81:55,NA,-86
1763182527080,0adab909-eb8f-4baf-9eed-7a4cc889cb7c,6E:73:1D:D7:D8:55,NA,-68
1763182528351,0adab909-eb8f-4baf-9eed-7a4cc889cb7c,71:C7:6F:12:0F:05,NA,-90
1763183128067,0adab909-eb8f-4baf-9eed-7a4cc889cb7c,48:48:1C:A3:86:33,NA,-85
1763183129078,0adab909-eb8f-4baf-9eed-7a4cc889cb7c,6E:73:1D:D7:D8:55,NA,-67
1763183725547,0adab909-eb8f-4baf-9eed-7a4cc889cb7c,44:16:D1:02:75:28,NA,-62
1763183731320,0adab909-eb8f-4baf-9eed-7a4cc889cb7c,48:48:1C:A3:86:33,NA,-86
1763184257251,0adab909-eb8f-4baf-9eed-7a4cc889cb7c,44:16:D1:02:75:28,NA,-70
1763184691625,0adab909-eb8f-4baf-9eed-7a4cc889cb7c,44:16:D1:02:75:28,NA,-66
1763184693803,0adab909-eb8f-4baf-9eed-7a4cc889cb7c,62:BE:15:00:C4:9D,NA,-83
1763184697329,0adab909-eb8f-4baf-9eed-7a4cc889cb7c,5E:AC:37:EB:CF:7C,NA,-90
1763185457950,0adab909-eb8f-4baf-9eed-7a4cc889cb7c,62:BE:15:00:C4:9D,NA,-86
1763185457969,0adab909-eb8f-4baf-9eed-7a4cc889cb7c,58:03:A7:B0:26:F0,NA,-70
1763185502385,0adab909-eb8f-4baf-9eed-7a4cc889cb7c,58:03:A7:B0:26:F0,NA,-67
1763186320831,0adab909-eb8f-4baf-9eed-7a4cc889cb7c,68:2D:F3:B2:51:D0,NA,-80
1763186321602,0adab909-eb8f-4baf-9eed-7a4cc889cb7c,51:77:F2:E0:EE:27,NA,-73
1763186402339,0adab909-eb8f-4baf-9eed-7a4cc889cb7c,51:77:F2:E0:EE:27,NA,-72
1763186402397,0adab909-eb8f-4baf-9eed-7a4cc889cb7c,84:C8:A0:8B:BD:3D,JBL BAR 800,-79
1763186403124,0adab909-eb8f-4baf-9eed-7a4cc889cb7c,68:2D:F3:B2:51:D0,NA,-65
1763186634173,0adab909-eb8f-4baf-9eed-7a4cc889cb7c,51:77:F2:E0:EE:27,NA,-61
1763186634204,0adab909-eb8f-4baf-9eed-7a4cc889cb7c,68:2D:F3:B2:51:D0,NA,-72
1763187521116,0adab909-eb8f-4baf-9eed-7a4cc889cb7c,76:96:CA:9E:A5:C9,NA,-76
1763187522111,0adab909-eb8f-4baf-9eed-7a4cc889cb7c,71:3E:95:40:43:15,NA,-58
1763188053871,0adab909-eb8f-4baf-9eed-7a4cc889cb7c,71:3E:95:40:43:15,NA,-62
1763188058020,0adab909-eb8f-4baf-9eed-7a4cc889cb7c,74:7E:87:5E:A5:3B,NA,-87
1763188059885,0adab909-eb8f-4baf-9eed-7a4cc889cb7c,76:96:CA:9E:A5:C9,NA,-85
1763188352976,0adab909-eb8f-4baf-9eed-7a4cc889cb7c,44:BF:8E:9D:DD:CB,NA,-69
1763188353871,0adab909-eb8f-4baf-9eed-7a4cc889cb7c,71:3E:95:40:43:15,NA,-68
1763188924796,0adab909-eb8f-4baf-9eed-7a4cc889cb7c,61:AD:7A:AE:E0:3E,NA,-64
1763188931852,0adab909-eb8f-4baf-9eed-7a4cc889cb7c,75:21:A6:B9:23:D6,NA,-91
1763189553823,0adab909-eb8f-4baf-9eed-7a4cc889cb7c,61:AD:7A:AE:E0:3E,NA,-62
1763190085103,0adab909-eb8f-4baf-9eed-7a4cc889cb7c,65:17:34:B2:4E:33,NA,-67
1763190087116,0adab909-eb8f-4baf-9eed-7a4cc889cb7c,5B:2F:60:C9:4D:9B,NA,-92
1763190687035,0adab909-eb8f-4baf-9eed-7a4cc889cb7c,65:17:34:B2:4E:33,NA,-66
1763191286108,0adab909-eb8f-4baf-9eed-7a4cc889cb7c,65:17:34:B2:4E:33,NA,-66
1763191922465,0adab909-eb8f-4baf-9eed-7a4cc889cb7c,61:06:3A:D2:30:A1,NA,-70
1763192521746,0adab909-eb8f-4baf-9eed-7a4cc889cb7c,6A:7D:24:0E:4A:2B,NA,-87
1763192522108,0adab909-eb8f-4baf-9eed-7a4cc889cb7c,61:06:3A:D2:30:A1,NA,-65
1763193122784,0adab909-eb8f-4baf-9eed-7a4cc889cb7c,54:34:9C:C8:A0:25,NA,-62
1763193953053,0adab909-eb8f-4baf-9eed-7a4cc889cb7c,54:34:9C:C8:A0:25,NA,-60
1763194555035,0adab909-eb8f-4baf-9eed-7a4cc889cb7c,43:64:18:5B:28:02,NA,-59
1763195154037,0adab909-eb8f-4baf-9eed-7a4cc889cb7c,43:64:18:5B:28:02,NA,-65
1763195686713,0adab909-eb8f-4baf-9eed-7a4cc889cb7c,43:64:18:5B:28:02,NA,-66
1763196286262,0adab909-eb8f-4baf-9eed-7a4cc889cb7c,57:59:A8:41:99:89,NA,-61
1763196885929,0adab909-eb8f-4baf-9eed-7a4cc889cb7c,57:59:A8:41:99:89,NA,-63
1763197408862,0adab909-eb8f-4baf-9eed-7a4cc889cb7c,77:F4:F1:74:EB:4C,NA,-65
1763197413062,0adab909-eb8f-4baf-9eed-7a4cc889cb7c,74:E7:36:23:C5:58,NA,-91
1763197420414,0adab909-eb8f-4baf-9eed-7a4cc889cb7c,77:F4:F1:74:EB:4C,NA,-78
1763197420453,0adab909-eb8f-4baf-9eed-7a4cc889cb7c,84:C8:A0:8B:BD:3D,JBL BAR 800,-75
1763197882269,0adab909-eb8f-4baf-9eed-7a4cc889cb7c,74:E7:36:23:C5:58,NA,-91
1763197882549,0adab909-eb8f-4baf-9eed-7a4cc889cb7c,77:F4:F1:74:EB:4C,NA,-64
1763197893212,0adab909-eb8f-4baf-9eed-7a4cc889cb7c,77:F4:F1:74:EB:4C,NA,-64
1763197893397,0adab909-eb8f-4baf-9eed-7a4cc889cb7c,84:C8:A0:8B:BD:3D,JBL BAR 800,-82
1763198500979,0adab909-eb8f-4baf-9eed-7a4cc889cb7c,77:F4:F1:74:EB:4C,NA,-77
1763198506425,0adab909-eb8f-4baf-9eed-7a4cc889cb7c,50:76:53:88:0E:A3,NA,-87
1763198513527,0adab909-eb8f-4baf-9eed-7a4cc889cb7c,84:C8:A0:8B:BD:3D,JBL BAR 800,-79
1763198514706,0adab909-eb8f-4baf-9eed-7a4cc889cb7c,77:F4:F1:74:EB:4C,NA,-73
1763199101897,0adab909-eb8f-4baf-9eed-7a4cc889cb7c,50:76:53:88:0E:A3,NA,-84
1763199102168,0adab909-eb8f-4baf-9eed-7a4cc889cb7c,7F:E6:E0:97:A1:DB,NA,-61
1763199114517,0adab909-eb8f-4baf-9eed-7a4cc889cb7c,7F:E6:E0:97:A1:DB,NA,-66
1763199115401,0adab909-eb8f-4baf-9eed-7a4cc889cb7c,84:C8:A0:8B:BD:3D,JBL BAR 800,-86
1763199711517,0adab909-eb8f-4baf-9eed-7a4cc889cb7c,7F:E6:E0:97:A1:DB,NA,-72
1763199724160,0adab909-eb8f-4baf-9eed-7a4cc889cb7c,84:C8:A0:8B:BD:3D,JBL BAR 800,-75
1763199724206,0adab909-eb8f-4baf-9eed-7a4cc889cb7c,7F:E6:E0:97:A1:DB,NA,-64
1763200311198,0adab909-eb8f-4baf-9eed-7a4cc889cb7c,7F:E6:E0:97:A1:DB,NA,-63
1763200311224,0adab909-eb8f-4baf-9eed-7a4cc889cb7c,47:C9:41:02:69:5A,NA,-88
1763200318230,0adab909-eb8f-4baf-9eed-7a4cc889cb7c,72:F5:98:62:49:56,NA,-69
1763200324212,0adab909-eb8f-4baf-9eed-7a4cc889cb7c,84:C8:A0:8B:BD:3D,JBL BAR 800,-87
1763200325100,0adab909-eb8f-4baf-9eed-7a4cc889cb7c,72:F5:98:62:49:56,NA,-69
1763200325207,0adab909-eb8f-4baf-9eed-7a4cc889cb7c,47:C9:41:02:69:5A,NA,-90
1763200915443,0adab909-eb8f-4baf-9eed-7a4cc889cb7c,72:F5:98:62:49:56,NA,-76
1763200916719,0adab909-eb8f-4baf-9eed-7a4cc889cb7c,42:3F:52:07:39:19,NA,-92
1763201521635,0adab909-eb8f-4baf-9eed-7a4cc889cb7c,72:F5:98:62:49:56,NA,-80
1763201522135,0adab909-eb8f-4baf-9eed-7a4cc889cb7c,42:3F:52:07:39:19,NA,-92
1763201524795,0adab909-eb8f-4baf-9eed-7a4cc889cb7c,6B:D7:38:E6:28:7C,NA,-74
1763202121068,0adab909-eb8f-4baf-9eed-7a4cc889cb7c,6B:D7:38:E6:28:7C,NA,-69
1763202127454,0adab909-eb8f-4baf-9eed-7a4cc889cb7c,7D:AE:1F:4A:E3:F4,NA,-89
1763202132904,0adab909-eb8f-4baf-9eed-7a4cc889cb7c,6B:D7:38:E6:28:7C,NA,-70
1763202134954,0adab909-eb8f-4baf-9eed-7a4cc889cb7c,84:C8:A0:8B:BD:3D,JBL BAR 800,-80
1763202719839,0adab909-eb8f-4baf-9eed-7a4cc889cb7c,6B:D7:38:E6:28:7C,NA,-64
1763202732746,0adab909-eb8f-4baf-9eed-7a4cc889cb7c,6B:D7:38:E6:28:7C,NA,-62
1763202733803,0adab909-eb8f-4baf-9eed-7a4cc889cb7c,84:C8:A0:8B:BD:3D,JBL BAR 800,-82
1763203312653,0adab909-eb8f-4baf-9eed-7a4cc889cb7c,71:91:B8:A7:71:21,NA,-79
1763203325567,0adab909-eb8f-4baf-9eed-7a4cc889cb7c,71:91:B8:A7:71:21,NA,-80
1763203931731,0adab909-eb8f-4baf-9eed-7a4cc889cb7c,71:91:B8:A7:71:21,NA,-70
1763203942980,0adab909-eb8f-4baf-9eed-7a4cc889cb7c,71:91:B8:A7:71:21,NA,-71
1763203944920,0adab909-eb8f-4baf-9eed-7a4cc889cb7c,84:C8:A0:8B:BD:3D,JBL BAR 800,-79
1763204570751,0adab909-eb8f-4baf-9eed-7a4cc889cb7c,5D:4C:2C:A5:42:9A,NA,-83
1763204583591,0adab909-eb8f-4baf-9eed-7a4cc889cb7c,84:C8:A0:8B:BD:3D,JBL BAR 800,-80
1763204583633,0adab909-eb8f-4baf-9eed-7a4cc889cb7c,5D:4C:2C:A5:42:9A,NA,-84
1763205090859,0adab909-eb8f-4baf-9eed-7a4cc889cb7c,5D:4C:2C:A5:42:9A,NA,-73
1763205093457,0adab909-eb8f-4baf-9eed-7a4cc889cb7c,35:61:42:46:DF:B0,NA,-95
1763205682105,0adab909-eb8f-4baf-9eed-7a4cc889cb7c,5D:4C:2C:A5:42:9A,NA,-75
1763205693704,0adab909-eb8f-4baf-9eed-7a4cc889cb7c,5D:4C:2C:A5:42:9A,NA,-76
1763206371045,0adab909-eb8f-4baf-9eed-7a4cc889cb7c,4B:72:FF:54:C9:1D,NA,-87
1763206963762,0adab909-eb8f-4baf-9eed-7a4cc889cb7c,4B:72:FF:54:C9:1D,NA,-87
1763206969368,0adab909-eb8f-4baf-9eed-7a4cc889cb7c,7C:82:B3:84:A0:93,NA,-84
1763207650991,0adab909-eb8f-4baf-9eed-7a4cc889cb7c,55:FD:0E:27:5E:A3,NA,-85
1763208092087,0adab909-eb8f-4baf-9eed-7a4cc889cb7c,67:EA:6B:11:ED:FD,NA,-75
1763208092488,0adab909-eb8f-4baf-9eed-7a4cc889cb7c,64:A4:FE:41:93:13,NA,-93
1763208093114,0adab909-eb8f-4baf-9eed-7a4cc889cb7c,1D:D5:A3:3B:C2:95,NA,-92
1763208093396,0adab909-eb8f-4baf-9eed-7a4cc889cb7c,4F:1D:BE:A8:6F:51,NA,-89
1763208095411,0adab909-eb8f-4baf-9eed-7a4cc889cb7c,60:64:2B:A6:47:DA,NA,-84
1763208095428,0adab909-eb8f-4baf-9eed-7a4cc889cb7c,67:34:D0:31:7F:1E,NA,-84
1763208097554,0adab909-eb8f-4baf-9eed-7a4cc889cb7c,00:60:37:47:A1:05,EOX_R500,-91
1763208101144,0adab909-eb8f-4baf-9eed-7a4cc889cb7c,7D:53:71:70:C8:CA,NA,-87
1763208101169,0adab909-eb8f-4baf-9eed-7a4cc889cb7c,5D:B2:C4:C6:7C:3D,NA,-89
1763208102094,0adab909-eb8f-4baf-9eed-7a4cc889cb7c,52:56:C8:35:58:2D,NA,-90
1763208104028,0adab909-eb8f-4baf-9eed-7a4cc889cb7c,76:60:53:6E:D9:1E,NA,-83
1763208707790,0adab909-eb8f-4baf-9eed-7a4cc889cb7c,02:47:08:10:06:F4,S 53,-63
1763208707983,0adab909-eb8f-4baf-9eed-7a4cc889cb7c,4F:5A:36:3D:4F:47,NA,-62
1763208708359,0adab909-eb8f-4baf-9eed-7a4cc889cb7c,4E:63:18:1D:19:CF,NA,-91
1763208709226,0adab909-eb8f-4baf-9eed-7a4cc889cb7c,47:43:3B:59:F6:31,NA,-56
1763208710562,0adab909-eb8f-4baf-9eed-7a4cc889cb7c,E4:98:BB:65:B6:9D,LEDnetWF02000865B69D,-81
1763208715558,0adab909-eb8f-4baf-9eed-7a4cc889cb7c,CC:B1:1A:36:74:29,[TV] Samsung 5 Series (32),-90
1763208717005,0adab909-eb8f-4baf-9eed-7a4cc889cb7c,2B:90:E9:C7:EC:A1,NA,-82
1763208717950,0adab909-eb8f-4baf-9eed-7a4cc889cb7c,CC:B1:1A:36:74:29,[TV] Samsung 5 Series (32),-74
1763208718585,0adab909-eb8f-4baf-9eed-7a4cc889cb7c,40:79:12:57:36:D5,NA,-96
1763208720248,0adab909-eb8f-4baf-9eed-7a4cc889cb7c,D0:03:DF:8C:CA:57,NA,-100
1763208727178,0adab909-eb8f-4baf-9eed-7a4cc889cb7c,24:08:C2:6C:33:D0,b;SAR;597;108;2;345;Luisentha,-79
1763208727211,0adab909-eb8f-4baf-9eed-7a4cc889cb7c,1C:72:60:B8:D2:26,NA,-77
1763208727258,0adab909-eb8f-4baf-9eed-7a4cc889cb7c,92:A6:73:DB:10:B9,b;SAR;541;122;1;341;Schafbrü,-56
1763208727284,0adab909-eb8f-4baf-9eed-7a4cc889cb7c,4F:5A:36:3D:4F:47,NA,-71
1763208727340,0adab909-eb8f-4baf-9eed-7a4cc889cb7c,47:43:3B:59:F6:31,NA,-65
1763208728308,0adab909-eb8f-4baf-9eed-7a4cc889cb7c,ED:AE:FC:20:84:50,NA,-92
1763208728338,0adab909-eb8f-4baf-9eed-7a4cc889cb7c,71:48:C2:6A:C0:5B,NA,-91
1763208728369,0adab909-eb8f-4baf-9eed-7a4cc889cb7c,28:63:A5:C0:4B:9B,NA,-94
1763208728426,0adab909-eb8f-4baf-9eed-7a4cc889cb7c,2B:90:E9:C7:EC:A1,NA,-81
1763208729229,0adab909-eb8f-4baf-9eed-7a4cc889cb7c,21:78:25:BB:7B:7E,NA,-76
1763208729256,0adab909-eb8f-4baf-9eed-7a4cc889cb7c,07:F2:11:88:EF:32,NA,-91
1763208729368,0adab909-eb8f-4baf-9eed-7a4cc889cb7c,80:C3:BA:32:1A:5A,MOMENTUM 4,-86
1763209279923,0adab909-eb8f-4baf-9eed-7a4cc889cb7c,47:D7:35:54:AD:00,[LG] webOS TV UJ651V,-85
1763209280223,0adab909-eb8f-4baf-9eed-7a4cc889cb7c,4C:A6:D2:D4:2E:8A,NA,-88
1763209280573,0adab909-eb8f-4baf-9eed-7a4cc889cb7c,7C:A6:B0:63:FD:07,GBK_H7090_FD07,-81
1763209280770,0adab909-eb8f-4baf-9eed-7a4cc889cb7c,1C:86:9A:17:EE:CB,NA,-94
1763209280950,0adab909-eb8f-4baf-9eed-7a4cc889cb7c,2C:C3:E3:5E:F2:A3,NA,-91
1763209281280,0adab909-eb8f-4baf-9eed-7a4cc889cb7c,79:A6:46:11:D0:2C,NA,-80
1763209282337,0adab909-eb8f-4baf-9eed-7a4cc889cb7c,1C:86:9A:17:EE:CB,[TV] Samsung AU7199 55 TV,-90
1763209283106,0adab909-eb8f-4baf-9eed-7a4cc889cb7c,66:88:5E:9A:44:0B,MYRRDIN-2025-R,-84
1763209283790,0adab909-eb8f-4baf-9eed-7a4cc889cb7c,C0:E7:BF:7F:34:4B,NA,-88
1763209284108,0adab909-eb8f-4baf-9eed-7a4cc889cb7c,9C:8C:6E:DF:C1:A9,[TV] Samsung 6 Series (50),-85
1763209284163,0adab909-eb8f-4baf-9eed-7a4cc889cb7c,02:EC:95:DF:28:AA,NA,-87
1763209284733,0adab909-eb8f-4baf-9eed-7a4cc889cb7c,5B:59:4F:B1:6D:DF,NA,-88
1763209284840,0adab909-eb8f-4baf-9eed-7a4cc889cb7c,00:30:03:56:79:A6,DMRRBA-007,-91
1763209286695,0adab909-eb8f-4baf-9eed-7a4cc889cb7c,5D:30:7E:54:B4:4E,NA,-82
1763209287030,0adab909-eb8f-4baf-9eed-7a4cc889cb7c,BE:27:ED:00:1C:E2,ELK-BLEDOM       ,-85
1763209288324,0adab909-eb8f-4baf-9eed-7a4cc889cb7c,78:93:C3:C9:3E:BD,NA,-94
1763209288492,0adab909-eb8f-4baf-9eed-7a4cc889cb7c,78:93:C3:C9:23:0F,Smart TV,-100
1763209288858,0adab909-eb8f-4baf-9eed-7a4cc889cb7c,24:E6:68:6E:2C:0D,NA,-88
1763209289949,0adab909-eb8f-4baf-9eed-7a4cc889cb7c,26:FB:E3:08:9D:FB,NA,-89
1763209290847,0adab909-eb8f-4baf-9eed-7a4cc889cb7c,3A:7F:DB:DA:CE:24,NA,-87
1763209291417,0adab909-eb8f-4baf-9eed-7a4cc889cb7c,F8:4E:58:EA:08:37,Samsung Q60CA 43,-100
1763209292417,0adab909-eb8f-4baf-9eed-7a4cc889cb7c,46:08:6A:55:40:BC,JBL LIVE660NC-LE,-90
1763209297967,0adab909-eb8f-4baf-9eed-7a4cc889cb7c,78:93:C3:C9:3E:BD,Smart TV,-94
1763209298476,0adab909-eb8f-4baf-9eed-7a4cc889cb7c,F8:4E:58:EA:08:37,Samsung Q60CA 43,-100
1763209914785,0adab909-eb8f-4baf-9eed-7a4cc889cb7c,FC:E8:06:2D:D8:C2,EDIFIER R1280DB,-100
1763209915747,0adab909-eb8f-4baf-9eed-7a4cc889cb7c,56:84:6C:32:66:1A,NA,-97
1763209916384,0adab909-eb8f-4baf-9eed-7a4cc889cb7c,16:06:0D:A5:E5:E8,NA,-87
1763209917028,0adab909-eb8f-4baf-9eed-7a4cc889cb7c,6A:21:C3:41:A3:C3,NA,-94
1763209917202,0adab909-eb8f-4baf-9eed-7a4cc889cb7c,B2:FA:52:B9:D3:E8,NA,-100
1763209919231,0adab909-eb8f-4baf-9eed-7a4cc889cb7c,00:1E:42:57:C2:94,FMC130_0776862,-97
1763209919410,0adab909-eb8f-4baf-9eed-7a4cc889cb7c,B2:FA:52:B9:D3:E8,BT SPEAKER,-100
1763209919933,0adab909-eb8f-4baf-9eed-7a4cc889cb7c,7F:FA:86:64:BB:A2,NA,-65
1763209922078,0adab909-eb8f-4baf-9eed-7a4cc889cb7c,41:A1:D0:F5:CE:E6,NA,-86
1763209922112,0adab909-eb8f-4baf-9eed-7a4cc889cb7c,40:CB:C0:F0:AB:F6,NA,-93
1763209922163,0adab909-eb8f-4baf-9eed-7a4cc889cb7c,69:A4:42:BB:79:A5,NA,-90
1763209924141,0adab909-eb8f-4baf-9eed-7a4cc889cb7c,F4:4E:FD:1C:EE:2C,Carkit,-100
1763209925511,0adab909-eb8f-4baf-9eed-7a4cc889cb7c,6F:DF:D8:2A:FF:C7,NA,-84
1763209925575,0adab909-eb8f-4baf-9eed-7a4cc889cb7c,C2:18:03:FD:24:4C,NA,-93
1763209925700,0adab909-eb8f-4baf-9eed-7a4cc889cb7c,00:23:3D:0E:69:DB,NA,-100
1763209926477,0adab909-eb8f-4baf-9eed-7a4cc889cb7c,08:FB:EA:6D:31:0D,NA,-100
1763209928666,0adab909-eb8f-4baf-9eed-7a4cc889cb7c,00:23:3D:0E:69:DB,Ford Audio,-100
1763209935222,0adab909-eb8f-4baf-9eed-7a4cc889cb7c,31:DB:48:8B:13:DC,NA,-88
1763209935357,0adab909-eb8f-4baf-9eed-7a4cc889cb7c,64:E7:D8:59:5A:83,NA,-93
1763209935390,0adab909-eb8f-4baf-9eed-7a4cc889cb7c,42:5C:30:B4:38:5A,NA,-87
1763209935428,0adab909-eb8f-4baf-9eed-7a4cc889cb7c,08:47:81:4F:FD:75,NA,-94
1763209935453,0adab909-eb8f-4baf-9eed-7a4cc889cb7c,D8:C8:0C:89:AC:92,TY,-89
1763209935476,0adab909-eb8f-4baf-9eed-7a4cc889cb7c,1E:9E:DC:40:25:52,NA,-93
1763209936291,0adab909-eb8f-4baf-9eed-7a4cc889cb7c,64:15:D2:BF:0F:D4,NA,-89
1763209936331,0adab909-eb8f-4baf-9eed-7a4cc889cb7c,E3:42:9C:62:E8:8D,NA,-92
1763209936404,0adab909-eb8f-4baf-9eed-7a4cc889cb7c,90:F6:44:8C:15:BB,HUAWEI WATCH FIT 3-5BB,-85
1763209936432,0adab909-eb8f-4baf-9eed-7a4cc889cb7c,F8:F6:C6:4E:CB:0C,NA,-84
1763209936489,0adab909-eb8f-4baf-9eed-7a4cc889cb7c,E0:9D:13:7D:2C:2D,NA,-94
1763209937219,0adab909-eb8f-4baf-9eed-7a4cc889cb7c,59:3F:CB:F6:C2:1F,NA,-82
1763209937282,0adab909-eb8f-4baf-9eed-7a4cc889cb7c,59:DF:F2:55:8F:63,NA,-87
1763209938133,0adab909-eb8f-4baf-9eed-7a4cc889cb7c,56:84:6C:32:66:1A,NA,-88
1763209938166,0adab909-eb8f-4baf-9eed-7a4cc889cb7c,D6:92:5F:A2:A7:79,NA,-91
1763209938205,0adab909-eb8f-4baf-9eed-7a4cc889cb7c,6A:21:C3:41:A3:C3,NA,-94
1763210522991,0adab909-eb8f-4baf-9eed-7a4cc889cb7c,75:34:8B:6F:E8:18,NA,-63
1763210523042,0adab909-eb8f-4baf-9eed-7a4cc889cb7c,4A:F0:28:13:3D:B9,NA,-91
1763210523269,0adab909-eb8f-4baf-9eed-7a4cc889cb7c,67:4C:38:FD:DC:56,NA,-75
1763210523621,0adab909-eb8f-4baf-9eed-7a4cc889cb7c,CB:61:14:EB:FD:03,LE-돌멩 Beats Studio Pro,-59
1763210523669,0adab909-eb8f-4baf-9eed-7a4cc889cb7c,B0:38:E2:5F:23:3C,NA,-74
1763210523894,0adab909-eb8f-4baf-9eed-7a4cc889cb7c,BE:27:B6:00:0E:A0,ELK-BLEDDM    ,-84
1763210523921,0adab909-eb8f-4baf-9eed-7a4cc889cb7c,36:46:3E:B5:91:3F,QHM-T913,-87
1763210523982,0adab909-eb8f-4baf-9eed-7a4cc889cb7c,41:42:90:58:60:74,BLE_892XA2,-56
1763210524004,0adab909-eb8f-4baf-9eed-7a4cc889cb7c,4B:EB:27:24:8F:D9,NA,-70
1763210524203,0adab909-eb8f-4baf-9eed-7a4cc889cb7c,42:AC:18:A9:A0:00,NA,-62
1763210524227,0adab909-eb8f-4baf-9eed-7a4cc889cb7c,54:F8:AE:FF:82:CE,NA,-65
1763210524248,0adab909-eb8f-4baf-9eed-7a4cc889cb7c,56:DE:18:A5:AB:7E,NA,-73
1763210524531,0adab909-eb8f-4baf-9eed-7a4cc889cb7c,41:50:1E:80:C9:A9,NA,-81
1763210524840,0adab909-eb8f-4baf-9eed-7a4cc889cb7c,0B:E6:2C:0B:38:42,NA,-71
1763210524866,0adab909-eb8f-4baf-9eed-7a4cc889cb7c,36:46:3E:C0:6A:92,QHM-T6A9,-89
1763210524892,0adab909-eb8f-4baf-9eed-7a4cc889cb7c,63:F4:36:DC:3D:AE,NA,-79
1763210525539,0adab909-eb8f-4baf-9eed-7a4cc889cb7c,CC:B1:1A:89:06:F3,[TV] mika ^~^,-86
1763210525736,0adab909-eb8f-4baf-9eed-7a4cc889cb7c,44:27:45:FD:BE:4D,NA,-98
1763210525777,0adab909-eb8f-4baf-9eed-7a4cc889cb7c,F4:C5:26:AB:87:C9,IDW13,-57
1763210525831,0adab909-eb8f-4baf-9eed-7a4cc889cb7c,78:91:9B:29:45:07,NA,-85
1763210525854,0adab909-eb8f-4baf-9eed-7a4cc889cb7c,5A:7D:42:76:2B:12,NA,-81
1763210526174,0adab909-eb8f-4baf-9eed-7a4cc889cb7c,D0:D0:03:75:05:E2,[TV] Samsung 7 Series (65),-78
1763210526245,0adab909-eb8f-4baf-9eed-7a4cc889cb7c,9E:2D:DF:38:EE:3C,Ruich app,-81
1763210526285,0adab909-eb8f-4baf-9eed-7a4cc889cb7c,28:E6:A9:CE:ED:26,"""75"""" Crystal UHD""",-92
1763210526476,0adab909-eb8f-4baf-9eed-7a4cc889cb7c,7E:08:80:54:49:3B,Youngdo_Ble,-76
1763210526506,0adab909-eb8f-4baf-9eed-7a4cc889cb7c,0E:AC:80:53:0E:DF,NA,-75
1763210526561,0adab909-eb8f-4baf-9eed-7a4cc889cb7c,5C:AD:4F:BD:05:33,NA,-79
1763210526586,0adab909-eb8f-4baf-9eed-7a4cc889cb7c,78:02:B7:16:B0:03,QX11(ID-B003),-77
1763210526705,0adab909-eb8f-4baf-9eed-7a4cc889cb7c,9E:2D:DF:38:EE:3D,Ruich,-95
1763210527177,0adab909-eb8f-4baf-9eed-7a4cc889cb7c,6B:08:68:86:BF:7D,NA,-73
1763210527456,0adab909-eb8f-4baf-9eed-7a4cc889cb7c,0E:FE:C3:64:E7:CA,NA,-89
1763210527835,0adab909-eb8f-4baf-9eed-7a4cc889cb7c,10:01:00:00:07:32,QHM-0732,-88
1763210528194,0adab909-eb8f-4baf-9eed-7a4cc889cb7c,3B:49:54:80:08:7E,Youngdo_Music,-86
1763210528478,0adab909-eb8f-4baf-9eed-7a4cc889cb7c,C8:12:0B:55:38:09,NA,-99
1763210528582,0adab909-eb8f-4baf-9eed-7a4cc889cb7c,D0:D0:03:75:05:E2,[TV] Samsung 7 Series (65),-100
1763210528702,0adab909-eb8f-4baf-9eed-7a4cc889cb7c,78:02:B7:4B:0C:2E,Y6,-73
1763210529049,0adab909-eb8f-4baf-9eed-7a4cc889cb7c,42:35:41:67:42:7A,NA,-88
1763210529644,0adab909-eb8f-4baf-9eed-7a4cc889cb7c,60:EE:75:5C:5E:E1,NA,-87
1763210529683,0adab909-eb8f-4baf-9eed-7a4cc889cb7c,4D:CA:B2:94:83:83,NA,-67
1763210529978,0adab909-eb8f-4baf-9eed-7a4cc889cb7c,7E:30:27:49:CE:21,NA,-85
1763210530241,0adab909-eb8f-4baf-9eed-7a4cc889cb7c,40:A0:08:63:3F:BE,NA,-92
1763210530276,0adab909-eb8f-4baf-9eed-7a4cc889cb7c,20:B6:D4:5B:79:18,NA,-65
1763210531348,0adab909-eb8f-4baf-9eed-7a4cc889cb7c,79:3D:D4:2F:79:7D,NA,-88
1763210531540,0adab909-eb8f-4baf-9eed-7a4cc889cb7c,64:07:F6:B6:BF:D3,[TV] Samsung 8 Series (65),-93
1763210531607,0adab909-eb8f-4baf-9eed-7a4cc889cb7c,6C:31:91:A0:3C:33,NA,-80
1763210531955,0adab909-eb8f-4baf-9eed-7a4cc889cb7c,70:01:78:5B:36:3F,NA,-78
1763210533537,0adab909-eb8f-4baf-9eed-7a4cc889cb7c,6A:33:BE:11:FD:F2,NA,-63
1763210533872,0adab909-eb8f-4baf-9eed-7a4cc889cb7c,50:F8:40:AF:F8:2B,NA,-88
1763210535051,0adab909-eb8f-4baf-9eed-7a4cc889cb7c,41:42:0E:73:E1:D9,NA,-95
1763210536286,0adab909-eb8f-4baf-9eed-7a4cc889cb7c,C8:12:0B:55:38:09,[TV] Samsung AU6979 65 TV,-99
1763210536585,0adab909-eb8f-4baf-9eed-7a4cc889cb7c,41:42:0E:73:E1:D9,HCS418,-95
1763210543013,0adab909-eb8f-4baf-9eed-7a4cc889cb7c,BD:03:D7:7B:AE:A4,b;SAR;808;108;2;154;Matzenber,-69
1763210543037,0adab909-eb8f-4baf-9eed-7a4cc889cb7c,80:C3:BA:32:25:AB,MOMENTUM 4,-54
1763210543057,0adab909-eb8f-4baf-9eed-7a4cc889cb7c,75:34:8B:6F:E8:18,NA,-70
1763210543101,0adab909-eb8f-4baf-9eed-7a4cc889cb7c,41:FB:FC:F9:41:79,NA,-78
1763210543124,0adab909-eb8f-4baf-9eed-7a4cc889cb7c,10:12:0D:D3:38:3F,NA,-76
1763210543140,0adab909-eb8f-4baf-9eed-7a4cc889cb7c,98:71:4D:7D:73:5C,Sf808e5b35000b6d7C,-85
1763210543169,0adab909-eb8f-4baf-9eed-7a4cc889cb7c,54:F8:AE:FF:82:CE,NA,-61
1763210543202,0adab909-eb8f-4baf-9eed-7a4cc889cb7c,6A:33:BE:11:FD:F2,NA,-71
1763210543224,0adab909-eb8f-4baf-9eed-7a4cc889cb7c,20:B6:D4:5B:79:18,NA,-77
1763210543262,0adab909-eb8f-4baf-9eed-7a4cc889cb7c,00:C3:F4:F5:0B:97,NA,-81
1763210543281,0adab909-eb8f-4baf-9eed-7a4cc889cb7c,42:AC:18:A9:A0:00,NA,-66
1763210544149,0adab909-eb8f-4baf-9eed-7a4cc889cb7c,56:DE:18:A5:AB:7E,NA,-82
1763210544173,0adab909-eb8f-4baf-9eed-7a4cc889cb7c,4B:EB:27:24:8F:D9,NA,-56
1763210544238,0adab909-eb8f-4baf-9eed-7a4cc889cb7c,41:42:90:58:60:74,BLE_892XA2,-59
1763210544261,0adab909-eb8f-4baf-9eed-7a4cc889cb7c,B0:38:E2:5F:23:3C,NA,-82
1763210544305,0adab909-eb8f-4baf-9eed-7a4cc889cb7c,F4:C5:26:AB:87:C9,IDW13,-59
1763210545146,0adab909-eb8f-4baf-9eed-7a4cc889cb7c,6C:31:91:A0:3C:33,NA,-85
1763210545220,0adab909-eb8f-4baf-9eed-7a4cc889cb7c,41:FB:FC:6E:7A:5E,NA,-63
1763210545246,0adab909-eb8f-4baf-9eed-7a4cc889cb7c,67:4C:38:FD:DC:56,NA,-79
1763210545267,0adab909-eb8f-4baf-9eed-7a4cc889cb7c,C1:11:33:C9:3F:F1,NA,-64
1763210545288,0adab909-eb8f-4baf-9eed-7a4cc889cb7c,26:F4:74:07:A2:56,NA,-92
1763211074036,0adab909-eb8f-4baf-9eed-7a4cc889cb7c,CB:61:14:EB:FD:03,LE-돌멩 Beats Studio Pro,-60
1763211074707,0adab909-eb8f-4baf-9eed-7a4cc889cb7c,21:95:D7:46:D2:14,NA,-72
1763211074742,0adab909-eb8f-4baf-9eed-7a4cc889cb7c,42:AC:18:A9:A0:00,NA,-71
1763211074760,0adab909-eb8f-4baf-9eed-7a4cc889cb7c,7D:85:C7:00:97:62,NA,-72
1763211075619,0adab909-eb8f-4baf-9eed-7a4cc889cb7c,44:2F:DA:F5:3F:2E,NA,-76
1763211078267,0adab909-eb8f-4baf-9eed-7a4cc889cb7c,FC:3C:D7:4C:35:4F,TY,-95
1763211080445,0adab909-eb8f-4baf-9eed-7a4cc889cb7c,3E:EA:0E:96:7F:D0,NA,-94
1763211080463,0adab909-eb8f-4baf-9eed-7a4cc889cb7c,49:9E:DD:C5:AF:0D,NA,-89
1763211083148,0adab909-eb8f-4baf-9eed-7a4cc889cb7c,FB:41:75:55:5B:1A,GBT-CARKIT,-99
1763211084319,0adab909-eb8f-4baf-9eed-7a4cc889cb7c,65:40:73:CF:8B:97,NA,-76
1763211085852,0adab909-eb8f-4baf-9eed-7a4cc889cb7c,7F:FA:86:64:BB:A2,NA,-68
1763211085872,0adab909-eb8f-4baf-9eed-7a4cc889cb7c,3D:07:87:37:4B:A1,NA,-77
1763211707186,0adab909-eb8f-4baf-9eed-7a4cc889cb7c,71:8C:7F:ED:FD:3E,NA,-76
1763211707482,0adab909-eb8f-4baf-9eed-7a4cc889cb7c,30:0E:EC:7F:AE:BE,NA,-74
1763211709400,0adab909-eb8f-4baf-9eed-7a4cc889cb7c,22:94:2F:DE:24:78,NA,-86
1763211711636,0adab909-eb8f-4baf-9eed-7a4cc889cb7c,6C:CF:5F:47:1F:5A,NA,-84
1763211712641,0adab909-eb8f-4baf-9eed-7a4cc889cb7c,58:9A:9C:50:E4:65,NA,-91
1763211712983,0adab909-eb8f-4baf-9eed-7a4cc889cb7c,7B:6B:27:D3:5D:8E,NA,-69
1763211713900,0adab909-eb8f-4baf-9eed-7a4cc889cb7c,73:F2:A2:F4:85:10,NA,-81
1763211714827,0adab909-eb8f-4baf-9eed-7a4cc889cb7c,76:C0:67:8A:32:B9,NA,-85
1763211717163,0adab909-eb8f-4baf-9eed-7a4cc889cb7c,B8:F2:55:01:42:44,Convence,-92
1763212274073,0adab909-eb8f-4baf-9eed-7a4cc889cb7c,3D:B6:08:F9:E6:93,NA,-87
1763212274354,0adab909-eb8f-4baf-9eed-7a4cc889cb7c,26:CC:BC:CD:A6:E0,NA,-94
1763212275691,0adab909-eb8f-4baf-9eed-7a4cc889cb7c,6B:73:72:EA:6D:1F,NA,-79
1763212276027,0adab909-eb8f-4baf-9eed-7a4cc889cb7c,4F:00:83:56:B3:19,NA,-75
1763212276653,0adab909-eb8f-4baf-9eed-7a4cc889cb7c,64:D8:1B:44:26:6C,NA,-99
1763212277246,0adab909-eb8f-4baf-9eed-7a4cc889cb7c,A8:00:E3:96:CC:24,NA,-89
1763212280633,0adab909-eb8f-4baf-9eed-7a4cc889cb7c,72:FD:BA:3F:96:C4,NA,-97
1763212280660,0adab909-eb8f-4baf-9eed-7a4cc889cb7c,5E:8A:88:43:F2:19,NA,-91
1763212281693,0adab909-eb8f-4baf-9eed-7a4cc889cb7c,64:D8:1B:44:26:6C,Android TV,-99
1763212903436,0adab909-eb8f-4baf-9eed-7a4cc889cb7c,47:D2:59:75:8E:A0,NA,-69
1763213496521,0adab909-eb8f-4baf-9eed-7a4cc889cb7c,47:D2:59:75:8E:A0,NA,-68
1763213502313,0adab909-eb8f-4baf-9eed-7a4cc889cb7c,61:C6:3D:C6:66:FD,NA,-86
1763214198689,0adab909-eb8f-4baf-9eed-7a4cc889cb7c,65:F2:A9:A6:58:0A,NA,-70
1763214205690,0adab909-eb8f-4baf-9eed-7a4cc889cb7c,56:F3:B3:DA:34:C2,NA,-87
1763214907567,0adab909-eb8f-4baf-9eed-7a4cc889cb7c,65:F2:A9:A6:58:0A,NA,-66
1763214913969,0adab909-eb8f-4baf-9eed-7a4cc889cb7c,41:55:36:03:DE:68,NA,-86
1763214919414,0adab909-eb8f-4baf-9eed-7a4cc889cb7c,65:F2:A9:A6:58:0A,NA,-73
1763214921835,0adab909-eb8f-4baf-9eed-7a4cc889cb7c,84:C8:A0:8B:BD:3D,JBL BAR 800,-73
1763215466092,0adab909-eb8f-4baf-9eed-7a4cc889cb7c,57:3B:C4:15:F7:9C,NA,-68
1763215469362,0adab909-eb8f-4baf-9eed-7a4cc889cb7c,41:55:36:03:DE:68,NA,-94
1763216041827,0adab909-eb8f-4baf-9eed-7a4cc889cb7c,57:3B:C4:15:F7:9C,NA,-76
1763216045384,0adab909-eb8f-4baf-9eed-7a4cc889cb7c,7F:7A:4A:73:E6:AF,NA,-88
1763216640219,0adab909-eb8f-4baf-9eed-7a4cc889cb7c,57:3B:C4:15:F7:9C,NA,-75
1763216648906,0adab909-eb8f-4baf-9eed-7a4cc889cb7c,7F:7A:4A:73:E6:AF,NA,-91
1763217206411,0adab909-eb8f-4baf-9eed-7a4cc889cb7c,43:CD:A3:24:39:AA,NA,-79
1763217215749,0adab909-eb8f-4baf-9eed-7a4cc889cb7c,7F:E2:10:5C:E8:C4,NA,-86
1763217841092,0adab909-eb8f-4baf-9eed-7a4cc889cb7c,43:CD:A3:24:39:AA,NA,-68
1763217872161,0adab909-eb8f-4baf-9eed-7a4cc889cb7c,84:C8:A0:8B:BD:3D,JBL BAR 800,-79
1763217872199,0adab909-eb8f-4baf-9eed-7a4cc889cb7c,43:CD:A3:24:39:AA,NA,-71
1763218373053,0adab909-eb8f-4baf-9eed-7a4cc889cb7c,7F:25:CB:22:CB:1F,NA,-72
1763218971779,0adab909-eb8f-4baf-9eed-7a4cc889cb7c,7F:25:CB:22:CB:1F,NA,-79
1763218984598,0adab909-eb8f-4baf-9eed-7a4cc889cb7c,84:C8:A0:8B:BD:3D,JBL BAR 800,-77
1763218985858,0adab909-eb8f-4baf-9eed-7a4cc889cb7c,7F:25:CB:22:CB:1F,NA,-76
1763219573420,0adab909-eb8f-4baf-9eed-7a4cc889cb7c,7F:25:CB:22:CB:1F,NA,-74
1763220107124,0adab909-eb8f-4baf-9eed-7a4cc889cb7c,69:7A:2E:D2:F2:E8,NA,-85
1763220110052,0adab909-eb8f-4baf-9eed-7a4cc889cb7c,65:B3:AF:9A:38:F5,NA,-67
1763220762671,0adab909-eb8f-4baf-9eed-7a4cc889cb7c,65:B3:AF:9A:38:F5,NA,-64
1763220764992,0adab909-eb8f-4baf-9eed-7a4cc889cb7c,7E:6A:72:03:E6:CA,NA,-86
1763221361774,0adab909-eb8f-4baf-9eed-7a4cc889cb7c,65:B3:AF:9A:38:F5,NA,-73
1763221374182,0adab909-eb8f-4baf-9eed-7a4cc889cb7c,65:B3:AF:9A:38:F5,NA,-65
1763221374310,0adab909-eb8f-4baf-9eed-7a4cc889cb7c,84:C8:A0:8B:BD:3D,JBL BAR 800,-73
1763222015734,0adab909-eb8f-4baf-9eed-7a4cc889cb7c,5B:C2:BB:23:14:34,NA,-82
1763222615243,0adab909-eb8f-4baf-9eed-7a4cc889cb7c,5B:C2:BB:23:14:34,NA,-72
1763223214704,0adab909-eb8f-4baf-9eed-7a4cc889cb7c,5B:C2:BB:23:14:34,NA,-72
1763223226813,0adab909-eb8f-4baf-9eed-7a4cc889cb7c,5B:C2:BB:23:14:34,NA,-69
1763223710161,0adab909-eb8f-4baf-9eed-7a4cc889cb7c,64:A4:D1:5B:D9:C3,NA,-68
1763224301150,0adab909-eb8f-4baf-9eed-7a4cc889cb7c,64:A4:D1:5B:D9:C3,NA,-70
1763225094419,0adab909-eb8f-4baf-9eed-7a4cc889cb7c,64:A4:D1:5B:D9:C3,NA,-67
1763225627392,0adab909-eb8f-4baf-9eed-7a4cc889cb7c,48:77:2C:FD:E8:14,NA,-83
1763225627415,0adab909-eb8f-4baf-9eed-7a4cc889cb7c,4C:96:8A:ED:6A:01,SPEN NA,127
1763225627621,0adab909-eb8f-4baf-9eed-7a4cc889cb7c,4C:96:8A:ED:6A:01,SPEN NA,-56
1763225627732,0adab909-eb8f-4baf-9eed-7a4cc889cb7c,4C:96:8A:ED:6A:01,SPEN NA,-57
1763225628673,0adab909-eb8f-4baf-9eed-7a4cc889cb7c,4C:96:8A:ED:6A:01,SPEN NA,-50
1763225629600,0adab909-eb8f-4baf-9eed-7a4cc889cb7c,4C:96:8A:ED:6A:01,SPEN NA,-50
1763225629950,0adab909-eb8f-4baf-9eed-7a4cc889cb7c,4C:96:8A:ED:6A:01,SPEN NA,-52
1763225630260,0adab909-eb8f-4baf-9eed-7a4cc889cb7c,4C:96:8A:ED:6A:01,SPEN NA,-51
1763225630905,0adab909-eb8f-4baf-9eed-7a4cc889cb7c,4D:42:BC:48:E9:3A,NA,-85
1763225630946,0adab909-eb8f-4baf-9eed-7a4cc889cb7c,4C:96:8A:ED:6A:01,SPEN NA,-54
1763225631207,0adab909-eb8f-4baf-9eed-7a4cc889cb7c,4C:96:8A:ED:6A:01,SPEN NA,-52
1763225631506,0adab909-eb8f-4baf-9eed-7a4cc889cb7c,4C:96:8A:ED:6A:01,SPEN NA,-50
1763225631815,0adab909-eb8f-4baf-9eed-7a4cc889cb7c,4C:96:8A:ED:6A:01,SPEN NA,-53
1763225632771,0adab909-eb8f-4baf-9eed-7a4cc889cb7c,4C:96:8A:ED:6A:01,SPEN NA,-54
1763225633077,0adab909-eb8f-4baf-9eed-7a4cc889cb7c,4C:96:8A:ED:6A:01,SPEN NA,-52
1763225633443,0adab909-eb8f-4baf-9eed-7a4cc889cb7c,4C:96:8A:ED:6A:01,SPEN NA,-51
1763225633863,0adab909-eb8f-4baf-9eed-7a4cc889cb7c,4C:96:8A:ED:6A:01,SPEN NA,-54
1763225634165,0adab909-eb8f-4baf-9eed-7a4cc889cb7c,4C:96:8A:ED:6A:01,SPEN NA,-51
1763225634815,0adab909-eb8f-4baf-9eed-7a4cc889cb7c,4C:96:8A:ED:6A:01,SPEN NA,-52
1763225635113,0adab909-eb8f-4baf-9eed-7a4cc889cb7c,4C:96:8A:ED:6A:01,SPEN NA,-51
1763225635429,0adab909-eb8f-4baf-9eed-7a4cc889cb7c,4C:96:8A:ED:6A:01,SPEN NA,-50
1763225635753,0adab909-eb8f-4baf-9eed-7a4cc889cb7c,4C:96:8A:ED:6A:01,SPEN NA,-52
1763225636054,0adab909-eb8f-4baf-9eed-7a4cc889cb7c,4C:96:8A:ED:6A:01,SPEN NA,-51
1763225636373,0adab909-eb8f-4baf-9eed-7a4cc889cb7c,4C:96:8A:ED:6A:01,SPEN NA,-50
1763225637002,0adab909-eb8f-4baf-9eed-7a4cc889cb7c,4C:96:8A:ED:6A:01,SPEN NA,-52
1763225637313,0adab909-eb8f-4baf-9eed-7a4cc889cb7c,4C:96:8A:ED:6A:01,SPEN NA,-50
1763225637637,0adab909-eb8f-4baf-9eed-7a4cc889cb7c,4C:96:8A:ED:6A:01,SPEN NA,-52
1763225638262,0adab909-eb8f-4baf-9eed-7a4cc889cb7c,4C:96:8A:ED:6A:01,SPEN NA,-50
1763225638570,0adab909-eb8f-4baf-9eed-7a4cc889cb7c,4C:96:8A:ED:6A:01,SPEN NA,-51
1763225638883,0adab909-eb8f-4baf-9eed-7a4cc889cb7c,4C:96:8A:ED:6A:01,SPEN NA,-49
1763225639229,0adab909-eb8f-4baf-9eed-7a4cc889cb7c,4C:96:8A:ED:6A:01,SPEN NA,-50
1763225640233,0adab909-eb8f-4baf-9eed-7a4cc889cb7c,84:C8:A0:8B:BD:3D,JBL BAR 800,-75
1763225640255,0adab909-eb8f-4baf-9eed-7a4cc889cb7c,4C:96:8A:ED:6A:01,SPEN NA,-50
1763225640384,0adab909-eb8f-4baf-9eed-7a4cc889cb7c,48:77:2C:FD:E8:14,NA,-72
1763226129026,0adab909-eb8f-4baf-9eed-7a4cc889cb7c,4C:96:8A:ED:6A:01,SPEN NA,-50
1763226129132,0adab909-eb8f-4baf-9eed-7a4cc889cb7c,4C:96:8A:ED:6A:01,SPEN NA,-50
1763226129186,0adab909-eb8f-4baf-9eed-7a4cc889cb7c,48:77:2C:FD:E8:14,NA,-76
1763226129226,0adab909-eb8f-4baf-9eed-7a4cc889cb7c,4C:96:8A:ED:6A:01,SPEN NA,-51
1763226131355,0adab909-eb8f-4baf-9eed-7a4cc889cb7c,4C:96:8A:ED:6A:01,SPEN NA,-49
1763226131446,0adab909-eb8f-4baf-9eed-7a4cc889cb7c,4C:96:8A:ED:6A:01,SPEN NA,-51
1763226133029,0adab909-eb8f-4baf-9eed-7a4cc889cb7c,4C:96:8A:ED:6A:01,SPEN NA,-56
1763226133116,0adab909-eb8f-4baf-9eed-7a4cc889cb7c,4C:96:8A:ED:6A:01,SPEN NA,-58
1763226134820,0adab909-eb8f-4baf-9eed-7a4cc889cb7c,4C:96:8A:ED:6A:01,SPEN NA,-63
1763226134914,0adab909-eb8f-4baf-9eed-7a4cc889cb7c,4C:96:8A:ED:6A:01,SPEN NA,-58
1763226136903,0adab909-eb8f-4baf-9eed-7a4cc889cb7c,4C:96:8A:ED:6A:01,SPEN NA,-61
1763226136994,0adab909-eb8f-4baf-9eed-7a4cc889cb7c,4C:96:8A:ED:6A:01,SPEN NA,-57
1763226138686,0adab909-eb8f-4baf-9eed-7a4cc889cb7c,4C:96:8A:ED:6A:01,SPEN NA,-58
1763226138790,0adab909-eb8f-4baf-9eed-7a4cc889cb7c,4C:96:8A:ED:6A:01,SPEN NA,-58
1763226140370,0adab909-eb8f-4baf-9eed-7a4cc889cb7c,4C:96:8A:ED:6A:01,SPEN NA,-52
1763226140489,0adab909-eb8f-4baf-9eed-7a4cc889cb7c,4C:96:8A:ED:6A:01,SPEN NA,-53
1763226141870,0adab909-eb8f-4baf-9eed-7a4cc889cb7c,48:77:2C:FD:E8:14,NA,-73
1763226141956,0adab909-eb8f-4baf-9eed-7a4cc889cb7c,84:C8:A0:8B:BD:3D,JBL BAR 800,-76
1763226143013,0adab909-eb8f-4baf-9eed-7a4cc889cb7c,4C:96:8A:ED:6A:01,SPEN NA,-53
1763226948675,0adab909-eb8f-4baf-9eed-7a4cc889cb7c,77:44:74:78:6C:AA,NA,-73
1763227552072,0adab909-eb8f-4baf-9eed-7a4cc889cb7c,77:44:74:78:6C:AA,NA,-73
1763227561693,0adab909-eb8f-4baf-9eed-7a4cc889cb7c,50:CC:7F:CC:9A:D5,NA,-88
1763228155621,0adab909-eb8f-4baf-9eed-7a4cc889cb7c,70:84:BB:52:87:F3,NA,-67
1763228752400,0adab909-eb8f-4baf-9eed-7a4cc889cb7c,63:A0:5C:4F:C2:5B,NA,-87
1763228754309,0adab909-eb8f-4baf-9eed-7a4cc889cb7c,70:84:BB:52:87:F3,NA,-71
1763228764361,0adab909-eb8f-4baf-9eed-7a4cc889cb7c,84:C8:A0:8B:BD:3D,JBL BAR 800,-82
1763228764397,0adab909-eb8f-4baf-9eed-7a4cc889cb7c,63:A0:5C:4F:C2:5B,NA,-93
1763228766419,0adab909-eb8f-4baf-9eed-7a4cc889cb7c,70:84:BB:52:87:F3,NA,-67
1763229361605,0adab909-eb8f-4baf-9eed-7a4cc889cb7c,46:B3:0C:FE:96:F7,NA,-86
1763229713951,0adab909-eb8f-4baf-9eed-7a4cc889cb7c,46:B3:0C:FE:96:F7,NA,-82
1763230275303,0adab909-eb8f-4baf-9eed-7a4cc889cb7c,46:B3:0C:FE:96:F7,NA,-84
1763230928296,0adab909-eb8f-4baf-9eed-7a4cc889cb7c,77:E9:23:23:E6:74,NA,-80
1763231515371,0adab909-eb8f-4baf-9eed-7a4cc889cb7c,77:E9:23:23:E6:74,NA,-89
1763232076636,0adab909-eb8f-4baf-9eed-7a4cc889cb7c,62:CF:FD:4E:AD:91,NA,-85
1763232737635,0adab909-eb8f-4baf-9eed-7a4cc889cb7c,62:CF:FD:4E:AD:91,NA,-90
1763233312616,0adab909-eb8f-4baf-9eed-7a4cc889cb7c,6F:3B:56:05:FB:F9,NA,-79
1763233313573,0adab909-eb8f-4baf-9eed-7a4cc889cb7c,70:58:B1:42:0F:71,NA,-93
1763233952589,0adab909-eb8f-4baf-9eed-7a4cc889cb7c,70:A2:19:C1:C5:5C,NA,-88
1763233953221,0adab909-eb8f-4baf-9eed-7a4cc889cb7c,6F:3B:56:05:FB:F9,NA,-59
1763234484270,0adab909-eb8f-4baf-9eed-7a4cc889cb7c,70:A2:19:C1:C5:5C,NA,-88
1763234484317,0adab909-eb8f-4baf-9eed-7a4cc889cb7c,45:22:25:F6:7C:15,NA,-66
1763235076504,0adab909-eb8f-4baf-9eed-7a4cc889cb7c,59:96:78:0E:75:04,NA,-82
1763235079697,0adab909-eb8f-4baf-9eed-7a4cc889cb7c,45:22:25:F6:7C:15,NA,-53
1763235082555,0adab909-eb8f-4baf-9eed-7a4cc889cb7c,6B:95:E5:B7:3B:44,NA,-91
1763235088647,0adab909-eb8f-4baf-9eed-7a4cc889cb7c,84:C8:A0:8B:BD:3D,JBL BAR 800,-89
1763235088822,0adab909-eb8f-4baf-9eed-7a4cc889cb7c,59:96:78:0E:75:04,NA,-81
1763235089837,0adab909-eb8f-4baf-9eed-7a4cc889cb7c,F2:5A:C7:BB:46:49,NA,-79
1763235089867,0adab909-eb8f-4baf-9eed-7a4cc889cb7c,45:22:25:F6:7C:15,NA,-50
1763235684446,0adab909-eb8f-4baf-9eed-7a4cc889cb7c,45:FB:5A:65:15:C4,NA,-62
1763235686372,0adab909-eb8f-4baf-9eed-7a4cc889cb7c,59:96:78:0E:75:04,NA,-66
1763235696238,0adab909-eb8f-4baf-9eed-7a4cc889cb7c,59:96:78:0E:75:04,NA,-69
1763235696265,0adab909-eb8f-4baf-9eed-7a4cc889cb7c,45:FB:5A:65:15:C4,NA,-60
1763235696387,0adab909-eb8f-4baf-9eed-7a4cc889cb7c,84:C8:A0:8B:BD:3D,JBL BAR 800,-93
1763235696540,0adab909-eb8f-4baf-9eed-7a4cc889cb7c,53:1E:35:C6:C3:88,NA,-87
1763235697001,0adab909-eb8f-4baf-9eed-7a4cc889cb7c,F2:5A:C7:BB:46:49,NA,-78
1763235697570,0adab909-eb8f-4baf-9eed-7a4cc889cb7c,F3:11:61:C7:CD:DD,NA,-66
1763236285947,0adab909-eb8f-4baf-9eed-7a4cc889cb7c,45:FB:5A:65:15:C4,NA,-61
1763236286283,0adab909-eb8f-4baf-9eed-7a4cc889cb7c,55:44:39:28:AB:92,NA,-84
1763236298082,0adab909-eb8f-4baf-9eed-7a4cc889cb7c,53:1E:35:C6:C3:88,NA,-93
1763236298555,0adab909-eb8f-4baf-9eed-7a4cc889cb7c,45:FB:5A:65:15:C4,NA,-55
1763236299523,0adab909-eb8f-4baf-9eed-7a4cc889cb7c,84:C8:A0:8B:BD:3D,JBL BAR 800,-77
1763236300530,0adab909-eb8f-4baf-9eed-7a4cc889cb7c,3C:37:E5:8D:79:69,NA,-92
1763236880884,0adab909-eb8f-4baf-9eed-7a4cc889cb7c,7B:FD:CA:79:14:A5,NA,-70
1763236881862,0adab909-eb8f-4baf-9eed-7a4cc889cb7c,55:44:39:28:AB:92,NA,-73
1763236891527,0adab909-eb8f-4baf-9eed-7a4cc889cb7c,5A:89:2F:03:EF:4A,NA,-91
1763237533211,0adab909-eb8f-4baf-9eed-7a4cc889cb7c,5A:89:2F:03:EF:4A,NA,-89
1763238116755,0adab909-eb8f-4baf-9eed-7a4cc889cb7c,5C:B4:3C:C5:3D:7D,NA,-94
1763239029601,0adab909-eb8f-4baf-9eed-7a4cc889cb7c,3A:89:F2:89:A3:D4,NA,-88
1763239029899,0adab909-eb8f-4baf-9eed-7a4cc889cb7c,84:C8:A0:8B:BD:3D,JBL BAR 800,-85
1763239030380,0adab909-eb8f-4baf-9eed-7a4cc889cb7c,FD:C6:EF:0E:47:8C,NA,-82
1763240090117,0adab909-eb8f-4baf-9eed-7a4cc889cb7c,5D:BD:DC:74:12:83,NA,-88
1763240680165,0adab909-eb8f-4baf-9eed-7a4cc889cb7c,5D:CB:51:0A:E0:0C,NA,-87
1763241286311,0adab909-eb8f-4baf-9eed-7a4cc889cb7c,5D:CB:51:0A:E0:0C,NA,-91
1763241706148,0adab909-eb8f-4baf-9eed-7a4cc889cb7c,71:0F:06:8B:70:0F,NA,-85
1763242937032,0adab909-eb8f-4baf-9eed-7a4cc889cb7c,48:6E:1C:A0:62:7B,NA,-89
1763242938369,0adab909-eb8f-4baf-9eed-7a4cc889cb7c,6C:74:A7:B0:98:8C,NA,-91
1763242946696,0adab909-eb8f-4baf-9eed-7a4cc889cb7c,C3:13:4A:9C:8E:13,NA,-75
1763242946767,0adab909-eb8f-4baf-9eed-7a4cc889cb7c,84:C8:A0:8B:BD:3D,JBL BAR 800,-86
1763242946832,0adab909-eb8f-4baf-9eed-7a4cc889cb7c,08:BF:31:64:39:27,NA,-85
1763243927943,0adab909-eb8f-4baf-9eed-7a4cc889cb7c,45:42:29:9F:A3:B9,NA,-80
1763243928648,0adab909-eb8f-4baf-9eed-7a4cc889cb7c,7A:11:A1:FD:BE:CF,NA,-85
1763243933066,0adab909-eb8f-4baf-9eed-7a4cc889cb7c,24:7C:FB:21:44:62,NA,-78
1763243934161,0adab909-eb8f-4baf-9eed-7a4cc889cb7c,7A:11:A1:FD:BE:CF,NA,-82
1763243935068,0adab909-eb8f-4baf-9eed-7a4cc889cb7c,84:C8:A0:8B:BD:3D,JBL BAR 800,-77
1763244231877,0adab909-eb8f-4baf-9eed-7a4cc889cb7c,55:0B:EB:E1:E4:9A,NA,-88
1763244244719,0adab909-eb8f-4baf-9eed-7a4cc889cb7c,84:C8:A0:8B:BD:3D,JBL BAR 800,-75
1763244244776,0adab909-eb8f-4baf-9eed-7a4cc889cb7c,07:F3:A9:61:96:55,NA,-73
1763244245622,0adab909-eb8f-4baf-9eed-7a4cc889cb7c,FA:BE:02:5B:DA:18,NA,-77
1763244247643,0adab909-eb8f-4baf-9eed-7a4cc889cb7c,07:F3:A9:61:96:55,NA,-91
1763244833147,0adab909-eb8f-4baf-9eed-7a4cc889cb7c,55:0B:EB:E1:E4:9A,NA,-80
1763244834372,0adab909-eb8f-4baf-9eed-7a4cc889cb7c,7B:3D:A2:4F:0D:CF,NA,-90
1763244845696,0adab909-eb8f-4baf-9eed-7a4cc889cb7c,84:C8:A0:8B:BD:3D,JBL BAR 800,-82
1763245432899,0adab909-eb8f-4baf-9eed-7a4cc889cb7c,55:0B:EB:E1:E4:9A,NA,-81
1763245433876,0adab909-eb8f-4baf-9eed-7a4cc889cb7c,7B:3D:A2:4F:0D:CF,NA,-91
1763245444717,0adab909-eb8f-4baf-9eed-7a4cc889cb7c,55:0B:EB:E1:E4:9A,NA,-80
1763245445839,0adab909-eb8f-4baf-9eed-7a4cc889cb7c,84:C8:A0:8B:BD:3D,JBL BAR 800,-84
1763246032850,0adab909-eb8f-4baf-9eed-7a4cc889cb7c,67:3E:3E:E3:E7:34,NA,-82
1763246033128,0adab909-eb8f-4baf-9eed-7a4cc889cb7c,5C:F8:A7:EE:CB:FE,NA,-90
1763246042095,0adab909-eb8f-4baf-9eed-7a4cc889cb7c,47:9A:6D:C1:2A:5A,NA,-90
1763246044754,0adab909-eb8f-4baf-9eed-7a4cc889cb7c,84:C8:A0:8B:BD:3D,JBL BAR 800,-85
1763246633190,0adab909-eb8f-4baf-9eed-7a4cc889cb7c,5A:88:BF:95:AF:83,NA,-85
1763246633261,0adab909-eb8f-4baf-9eed-7a4cc889cb7c,5C:F8:A7:EE:CB:FE,NA,-86
1763246644835,0adab909-eb8f-4baf-9eed-7a4cc889cb7c,84:C8:A0:8B:BD:3D,JBL BAR 800,-80
1763246646949,0adab909-eb8f-4baf-9eed-7a4cc889cb7c,5A:88:BF:95:AF:83,NA,-90
1763247232468,0adab909-eb8f-4baf-9eed-7a4cc889cb7c,56:42:52:81:87:BA,NA,-89
1763247232494,0adab909-eb8f-4baf-9eed-7a4cc889cb7c,6F:5C:C4:4C:33:B3,NA,-78
1763247237217,0adab909-eb8f-4baf-9eed-7a4cc889cb7c,57:F6:FB:7F:1F:A2,NA,-85
1763247244773,0adab909-eb8f-4baf-9eed-7a4cc889cb7c,56:42:52:81:87:BA,NA,-87
1763247245714,0adab909-eb8f-4baf-9eed-7a4cc889cb7c,84:C8:A0:8B:BD:3D,JBL BAR 800,-75
1763247679360,0adab909-eb8f-4baf-9eed-7a4cc889cb7c,4C:96:8A:ED:6A:01,SPEN NA,-47
1763247679671,0adab909-eb8f-4baf-9eed-7a4cc889cb7c,4C:96:8A:ED:6A:01,SPEN NA,-47
1763247680326,0adab909-eb8f-4baf-9eed-7a4cc889cb7c,4C:96:8A:ED:6A:01,SPEN NA,-48
1763247680639,0adab909-eb8f-4baf-9eed-7a4cc889cb7c,4C:96:8A:ED:6A:01,SPEN NA,-47
1763247680964,0adab909-eb8f-4baf-9eed-7a4cc889cb7c,4C:96:8A:ED:6A:01,SPEN NA,-51
1763247681289,0adab909-eb8f-4baf-9eed-7a4cc889cb7c,4C:96:8A:ED:6A:01,SPEN NA,-47
1763247681599,0adab909-eb8f-4baf-9eed-7a4cc889cb7c,4C:96:8A:ED:6A:01,SPEN NA,-47
1763247681620,0adab909-eb8f-4baf-9eed-7a4cc889cb7c,5C:E2:21:9B:81:44,NA,-80
1763247682541,0adab909-eb8f-4baf-9eed-7a4cc889cb7c,4C:96:8A:ED:6A:01,SPEN NA,-48
1763247683274,0adab909-eb8f-4baf-9eed-7a4cc889cb7c,4C:96:8A:ED:6A:01,SPEN NA,-47
1763247683910,0adab909-eb8f-4baf-9eed-7a4cc889cb7c,4C:96:8A:ED:6A:01,SPEN NA,-50
1763247684206,0adab909-eb8f-4baf-9eed-7a4cc889cb7c,4C:96:8A:ED:6A:01,SPEN NA,-48
1763247685170,0adab909-eb8f-4baf-9eed-7a4cc889cb7c,4C:96:8A:ED:6A:01,SPEN NA,-47
1763247685471,0adab909-eb8f-4baf-9eed-7a4cc889cb7c,4C:96:8A:ED:6A:01,SPEN NA,-47
1763247685794,0adab909-eb8f-4baf-9eed-7a4cc889cb7c,4C:96:8A:ED:6A:01,SPEN NA,-49
1763247686110,0adab909-eb8f-4baf-9eed-7a4cc889cb7c,4C:96:8A:ED:6A:01,SPEN NA,-46
1763247686422,0adab909-eb8f-4baf-9eed-7a4cc889cb7c,4C:96:8A:ED:6A:01,SPEN NA,-48
1763247686736,0adab909-eb8f-4baf-9eed-7a4cc889cb7c,4C:96:8A:ED:6A:01,SPEN NA,-51
1763247687046,0adab909-eb8f-4baf-9eed-7a4cc889cb7c,4C:96:8A:ED:6A:01,SPEN NA,-46
1763247687696,0adab909-eb8f-4baf-9eed-7a4cc889cb7c,4C:96:8A:ED:6A:01,SPEN NA,-51
1763247688005,0adab909-eb8f-4baf-9eed-7a4cc889cb7c,4C:96:8A:ED:6A:01,SPEN NA,-47
1763247688318,0adab909-eb8f-4baf-9eed-7a4cc889cb7c,4C:96:8A:ED:6A:01,SPEN NA,-47
1763247689264,0adab909-eb8f-4baf-9eed-7a4cc889cb7c,4C:96:8A:ED:6A:01,SPEN NA,-48
1763247689679,0adab909-eb8f-4baf-9eed-7a4cc889cb7c,4C:96:8A:ED:6A:01,SPEN NA,-51
1763247690949,0adab909-eb8f-4baf-9eed-7a4cc889cb7c,4C:96:8A:ED:6A:01,SPEN NA,-47
1763247691264,0adab909-eb8f-4baf-9eed-7a4cc889cb7c,4C:96:8A:ED:6A:01,SPEN NA,-48
1763247691582,0adab909-eb8f-4baf-9eed-7a4cc889cb7c,4C:96:8A:ED:6A:01,SPEN NA,-51
1763247691879,0adab909-eb8f-4baf-9eed-7a4cc889cb7c,4C:96:8A:ED:6A:01,SPEN NA,-47
1763248435992,0adab909-eb8f-4baf-9eed-7a4cc889cb7c,56:08:49:28:F5:09,NA,-80
1763249033572,0adab909-eb8f-4baf-9eed-7a4cc889cb7c,72:2D:56:C3:B5:CA,NA,-80
1763249636481,0adab909-eb8f-4baf-9eed-7a4cc889cb7c,60:08:5A:51:39:AE,NA,-81
1763250089719,0adab909-eb8f-4baf-9eed-7a4cc889cb7c,6D:0A:DF:F5:CF:E0,NA,-83
1763250827643,0adab909-eb8f-4baf-9eed-7a4cc889cb7c,79:1A:AF:04:A9:FE,NA,-78
1763250829454,0adab909-eb8f-4baf-9eed-7a4cc889cb7c,7E:57:E9:54:D2:D6,NA,-86
1763251317443,0adab909-eb8f-4baf-9eed-7a4cc889cb7c,44:54:77:90:76:08,NA,-85
1763251318498,0adab909-eb8f-4baf-9eed-7a4cc889cb7c,65:A3:CE:A5:D4:71,NA,-82
1763251328769,0adab909-eb8f-4baf-9eed-7a4cc889cb7c,6D:47:31:25:3F:09,NA,-88
1763252028489,0adab909-eb8f-4baf-9eed-7a4cc889cb7c,5E:4A:26:51:31:F9,NA,-78
1763252029060,0adab909-eb8f-4baf-9eed-7a4cc889cb7c,44:54:77:90:76:08,NA,-89
1763252828455,0adab909-eb8f-4baf-9eed-7a4cc889cb7c,56:F5:4F:35:C2:D4,NA,-80
1763252832648,0adab909-eb8f-4baf-9eed-7a4cc889cb7c,7A:E0:40:BC:84:21,NA,-87
1763252839350,0adab909-eb8f-4baf-9eed-7a4cc889cb7c,62:34:4F:90:C2:82,NA,-85
1763253128680,0adab909-eb8f-4baf-9eed-7a4cc889cb7c,65:E7:8E:1E:D4:9C,NA,-85
1763253132532,0adab909-eb8f-4baf-9eed-7a4cc889cb7c,62:34:4F:90:C2:82,NA,-84
1763253135417,0adab909-eb8f-4baf-9eed-7a4cc889cb7c,7A:E0:40:BC:84:21,NA,-88
1763253727414,0adab909-eb8f-4baf-9eed-7a4cc889cb7c,67:28:F1:E7:E3:BC,NA,-81
1763254327423,0adab909-eb8f-4baf-9eed-7a4cc889cb7c,7C:86:75:96:2E:A6,NA,-90
1763254328431,0adab909-eb8f-4baf-9eed-7a4cc889cb7c,5F:41:AE:3B:27:49,NA,-84
1763255024823,0adab909-eb8f-4baf-9eed-7a4cc889cb7c,7C:86:75:96:2E:A6,NA,-88
1763255025814,0adab909-eb8f-4baf-9eed-7a4cc889cb7c,7A:88:22:D5:E5:11,NA,-89
1763255625409,0adab909-eb8f-4baf-9eed-7a4cc889cb7c,4D:A7:1C:BB:A1:CF,NA,-83
1763255634592,0adab909-eb8f-4baf-9eed-7a4cc889cb7c,6F:A4:86:52:F4:BE,NA,-84
1763256125358,0adab909-eb8f-4baf-9eed-7a4cc889cb7c,54:B9:CA:30:37:5A,NA,-91
1763256125381,0adab909-eb8f-4baf-9eed-7a4cc889cb7c,61:13:52:08:7D:4B,NA,-84
1763256906920,0adab909-eb8f-4baf-9eed-7a4cc889cb7c,45:D7:7E:7F:38:B2,NA,-84
1763257507686,0adab909-eb8f-4baf-9eed-7a4cc889cb7c,66:FB:B1:1B:32:47,NA,-88
1763258107331,0adab909-eb8f-4baf-9eed-7a4cc889cb7c,77:71:D2:F4:9A:E3,NA,-84
1763258107349,0adab909-eb8f-4baf-9eed-7a4cc889cb7c,41:AC:D6:3F:5D:55,NA,-87
1763258521712,0adab909-eb8f-4baf-9eed-7a4cc889cb7c,4B:A9:CF:51:ED:A1,NA,-84
1763258522692,0adab909-eb8f-4baf-9eed-7a4cc889cb7c,5B:3E:CC:2E:CB:B3,NA,-86
1763258524949,0adab909-eb8f-4baf-9eed-7a4cc889cb7c,45:7E:41:21:BB:18,NA,-90
1763259311163,0adab909-eb8f-4baf-9eed-7a4cc889cb7c,7B:42:58:1F:EB:22,NA,-88
1763259313142,0adab909-eb8f-4baf-9eed-7a4cc889cb7c,59:40:E6:53:FC:13,NA,-84
1763259911627,0adab909-eb8f-4baf-9eed-7a4cc889cb7c,7B:42:58:1F:EB:22,NA,-88
1763259912312,0adab909-eb8f-4baf-9eed-7a4cc889cb7c,52:43:75:86:01:31,NA,-88
1763259916419,0adab909-eb8f-4baf-9eed-7a4cc889cb7c,74:97:33:57:FB:09,NA,-88
1763260445641,0adab909-eb8f-4baf-9eed-7a4cc889cb7c,4E:0E:8B:19:7D:B7,NA,-84
1763260446943,0adab909-eb8f-4baf-9eed-7a4cc889cb7c,5F:5B:C9:17:B2:AC,NA,-86
1763261043312,0adab909-eb8f-4baf-9eed-7a4cc889cb7c,6F:07:34:F1:83:31,NA,-85
1763261043609,0adab909-eb8f-4baf-9eed-7a4cc889cb7c,42:0D:78:AB:94:5B,NA,-83
1763261517611,0adab909-eb8f-4baf-9eed-7a4cc889cb7c,51:28:DE:80:61:2C,NA,-86
1763261520526,0adab909-eb8f-4baf-9eed-7a4cc889cb7c,42:0D:78:AB:94:5B,NA,-89
1763262344461,0adab909-eb8f-4baf-9eed-7a4cc889cb7c,51:ED:31:A6:ED:68,NA,-87
1763262943548,0adab909-eb8f-4baf-9eed-7a4cc889cb7c,76:DC:AA:34:E6:22,NA,-86
1763262953269,0adab909-eb8f-4baf-9eed-7a4cc889cb7c,79:1D:27:9B:26:25,NA,-88
1763263540612,0adab909-eb8f-4baf-9eed-7a4cc889cb7c,79:1D:27:9B:26:25,NA,-88
1763263540996,0adab909-eb8f-4baf-9eed-7a4cc889cb7c,56:7B:C3:61:E0:14,NA,-85
1763264323567,0adab909-eb8f-4baf-9eed-7a4cc889cb7c,70:68:C3:CB:20:EF,NA,-87
1763265234678,0adab909-eb8f-4baf-9eed-7a4cc889cb7c,67:10:41:FF:8B:A1,NA,-91
1763265834626,0adab909-eb8f-4baf-9eed-7a4cc889cb7c,67:10:41:FF:8B:A1,NA,-88
1763265844939,0adab909-eb8f-4baf-9eed-7a4cc889cb7c,5D:F2:B6:59:C6:ED,NA,-89
1763266365519,0adab909-eb8f-4baf-9eed-7a4cc889cb7c,54:F3:D2:3F:88:2D,NA,-85
1763267015529,0adab909-eb8f-4baf-9eed-7a4cc889cb7c,4D:37:0D:AC:E9:17,NA,-84
1763267566867,0adab909-eb8f-4baf-9eed-7a4cc889cb7c,4D:37:0D:AC:E9:17,NA,-91
1763268168543,0adab909-eb8f-4baf-9eed-7a4cc889cb7c,62:2F:B3:3D:6B:26,NA,-82
1763268701549,0adab909-eb8f-4baf-9eed-7a4cc889cb7c,62:2F:B3:3D:6B:26,NA,-82
1763269301881,0adab909-eb8f-4baf-9eed-7a4cc889cb7c,5B:3F:60:F4:5C:28,NA,-88
1763270322620,0adab909-eb8f-4baf-9eed-7a4cc889cb7c,7B:F1:34:9B:C0:87,NA,-87
1763270641863,0adab909-eb8f-4baf-9eed-7a4cc889cb7c,53:44:EB:57:89:B8,NA,-83
1763271252146,0adab909-eb8f-4baf-9eed-7a4cc889cb7c,53:44:EB:57:89:B8,NA,-82
1763271739734,0adab909-eb8f-4baf-9eed-7a4cc889cb7c,5F:C7:C4:2D:DB:C0,NA,-81
1763272287552,0adab909-eb8f-4baf-9eed-7a4cc889cb7c,75:6F:A6:AE:71:6D,NA,-91
1763272289154,0adab909-eb8f-4baf-9eed-7a4cc889cb7c,5F:C7:C4:2D:DB:C0,NA,-79
1763272890139,0adab909-eb8f-4baf-9eed-7a4cc889cb7c,76:37:11:CE:00:2E,NA,-89
1763272891111,0adab909-eb8f-4baf-9eed-7a4cc889cb7c,75:6F:A6:AE:71:6D,NA,-87
1763273487234,0adab909-eb8f-4baf-9eed-7a4cc889cb7c,7C:AD:6F:7F:81:AD,NA,-86
1763274089234,0adab909-eb8f-4baf-9eed-7a4cc889cb7c,7C:AD:6F:7F:81:AD,NA,-88
1763274089249,0adab909-eb8f-4baf-9eed-7a4cc889cb7c,50:F1:D6:BC:4F:C3,NA,-90
1763275521569,0adab909-eb8f-4baf-9eed-7a4cc889cb7c,42:33:6E:12:EB:95,NA,-84
1763275942161,0adab909-eb8f-4baf-9eed-7a4cc889cb7c,02:9A:D5:D9:2D:FA,NA,-92
1763275942183,0adab909-eb8f-4baf-9eed-7a4cc889cb7c,77:A8:70:27:7B:3F,NA,-86
1763276474169,0adab909-eb8f-4baf-9eed-7a4cc889cb7c,77:A8:70:27:7B:3F,NA,-89
1763277072862,0adab909-eb8f-4baf-9eed-7a4cc889cb7c,54:0C:C9:7B:0D:31,NA,-84
1763277673852,0adab909-eb8f-4baf-9eed-7a4cc889cb7c,65:A6:33:93:AE:D6,NA,-77
1763277728146,0adab909-eb8f-4baf-9eed-7a4cc889cb7c,65:A6:33:93:AE:D6,NA,-74
1763277728182,0adab909-eb8f-4baf-9eed-7a4cc889cb7c,84:C8:A0:8B:BD:3D,JBL BAR 800,-80
1763278559499,0adab909-eb8f-4baf-9eed-7a4cc889cb7c,65:A6:33:93:AE:D6,NA,-78
1763279003663,0adab909-eb8f-4baf-9eed-7a4cc889cb7c,64:D1:9B:59:ED:59,NA,-89
1763279015354,0adab909-eb8f-4baf-9eed-7a4cc889cb7c,84:C8:A0:8B:BD:3D,JBL BAR 800,-82
1763279015490,0adab909-eb8f-4baf-9eed-7a4cc889cb7c,C0:8B:54:8D:92:95,NA,-85
1763279015641,0adab909-eb8f-4baf-9eed-7a4cc889cb7c,20:4D:22:CA:B5:C4,NA,-88
1763279015813,0adab909-eb8f-4baf-9eed-7a4cc889cb7c,6D:B4:20:E6:2E:BE,NA,-93
1763279015947,0adab909-eb8f-4baf-9eed-7a4cc889cb7c,64:D1:9B:59:ED:59,NA,-89
1763279579688,0adab909-eb8f-4baf-9eed-7a4cc889cb7c,E6:68:C6:AB:E4:2D,SumUp 418,-91
1763279580676,0adab909-eb8f-4baf-9eed-7a4cc889cb7c,64:D1:9B:59:ED:59,NA,-81
1763279581569,0adab909-eb8f-4baf-9eed-7a4cc889cb7c,4A:56:9B:2B:2F:8F,NA,-93
1763279589818,0adab909-eb8f-4baf-9eed-7a4cc889cb7c,64:D1:9B:59:ED:59,NA,-86
1763279589885,0adab909-eb8f-4baf-9eed-7a4cc889cb7c,32:3F:E6:18:B6:91,NA,-83
1763280353776,0adab909-eb8f-4baf-9eed-7a4cc889cb7c,73:91:B9:BD:B2:3A,NA,-84
1763280364335,0adab909-eb8f-4baf-9eed-7a4cc889cb7c,1C:07:22:D1:09:9B,NA,-84
1763280364396,0adab909-eb8f-4baf-9eed-7a4cc889cb7c,84:C8:A0:8B:BD:3D,JBL BAR 800,-74
1763280364643,0adab909-eb8f-4baf-9eed-7a4cc889cb7c,EE:4F:25:B7:57:CA,NA,-72
1763280953767,0adab909-eb8f-4baf-9eed-7a4cc889cb7c,67:9B:A9:09:4A:80,NA,-93
1763280954677,0adab909-eb8f-4baf-9eed-7a4cc889cb7c,73:91:B9:BD:B2:3A,NA,-86
1763280964324,0adab909-eb8f-4baf-9eed-7a4cc889cb7c,84:C8:A0:8B:BD:3D,JBL BAR 800,-78
1763280964366,0adab909-eb8f-4baf-9eed-7a4cc889cb7c,73:91:B9:BD:B2:3A,NA,-85
1763281552551,0adab909-eb8f-4baf-9eed-7a4cc889cb7c,5F:3D:2A:9E:2F:BE,NA,-85
1763281566009,0adab909-eb8f-4baf-9eed-7a4cc889cb7c,5F:3D:2A:9E:2F:BE,NA,-84
1763281566057,0adab909-eb8f-4baf-9eed-7a4cc889cb7c,84:C8:A0:8B:BD:3D,JBL BAR 800,-75
1763282151216,0adab909-eb8f-4baf-9eed-7a4cc889cb7c,79:49:D4:5F:D7:1E,NA,-83
1763282163126,0adab909-eb8f-4baf-9eed-7a4cc889cb7c,40:3A:F0:89:AA:5E,NA,-79
1763282164229,0adab909-eb8f-4baf-9eed-7a4cc889cb7c,84:C8:A0:8B:BD:3D,JBL BAR 800,-73
1763282165101,0adab909-eb8f-4baf-9eed-7a4cc889cb7c,40:3A:F0:89:AA:5E,NA,-76
1763282165227,0adab909-eb8f-4baf-9eed-7a4cc889cb7c,79:49:D4:5F:D7:1E,NA,-86
1763282167052,0adab909-eb8f-4baf-9eed-7a4cc889cb7c,84:C8:A0:8B:BD:3D,JBL BAR 800,-73
1763282752246,0adab909-eb8f-4baf-9eed-7a4cc889cb7c,79:49:D4:5F:D7:1E,NA,-91
1763283351420,0adab909-eb8f-4baf-9eed-7a4cc889cb7c,67:53:22:F8:AC:90,NA,-94
1763283351472,0adab909-eb8f-4baf-9eed-7a4cc889cb7c,53:E6:8E:27:7E:96,NA,127
1763283364267,0adab909-eb8f-4baf-9eed-7a4cc889cb7c,84:C8:A0:8B:BD:3D,JBL BAR 800,-82
1763283365405,0adab909-eb8f-4baf-9eed-7a4cc889cb7c,67:53:22:F8:AC:90,NA,-83
1763283952364,0adab909-eb8f-4baf-9eed-7a4cc889cb7c,52:5F:74:D1:FE:D7,NA,-88
1763283966207,0adab909-eb8f-4baf-9eed-7a4cc889cb7c,15:1A:35:12:6A:B1,NA,-88
1763283966250,0adab909-eb8f-4baf-9eed-7a4cc889cb7c,84:C8:A0:8B:BD:3D,JBL BAR 800,-75
1763283966298,0adab909-eb8f-4baf-9eed-7a4cc889cb7c,52:5F:74:D1:FE:D7,NA,-85
1763284553029,0adab909-eb8f-4baf-9eed-7a4cc889cb7c,5C:ED:48:D3:71:38,NA,-83
1763284557140,0adab909-eb8f-4baf-9eed-7a4cc889cb7c,7D:C0:08:F0:B6:4E,NA,-84
1763284565341,0adab909-eb8f-4baf-9eed-7a4cc889cb7c,5C:ED:48:D3:71:38,NA,-81
1763284567170,0adab909-eb8f-4baf-9eed-7a4cc889cb7c,7D:C0:08:F0:B6:4E,NA,-84
1763284567191,0adab909-eb8f-4baf-9eed-7a4cc889cb7c,84:C8:A0:8B:BD:3D,JBL BAR 800,-85
1763285133387,0adab909-eb8f-4baf-9eed-7a4cc889cb7c,55:2D:F1:4F:01:2B,NA,-86
1763285137721,0adab909-eb8f-4baf-9eed-7a4cc889cb7c,53:57:F1:38:82:35,NA,-77
1763285140176,0adab909-eb8f-4baf-9eed-7a4cc889cb7c,07:AB:03:48:11:93,NA,-87
1763285140230,0adab909-eb8f-4baf-9eed-7a4cc889cb7c,D6:8A:DC:1E:D7:67,NA,-85
1763285764233,0adab909-eb8f-4baf-9eed-7a4cc889cb7c,31:59:FD:7D:48:6B,NA,-86
1763285765291,0adab909-eb8f-4baf-9eed-7a4cc889cb7c,84:C8:A0:8B:BD:3D,JBL BAR 800,-84
1763285765342,0adab909-eb8f-4baf-9eed-7a4cc889cb7c,53:57:F1:38:82:35,NA,-82
1763286354086,0adab909-eb8f-4baf-9eed-7a4cc889cb7c,61:3B:BA:4F:C0:C2,NA,-86
1763286356905,0adab909-eb8f-4baf-9eed-7a4cc889cb7c,6E:9E:B7:AA:A6:39,NA,-91
1763287031754,0adab909-eb8f-4baf-9eed-7a4cc889cb7c,61:3B:BA:4F:C0:C2,NA,-85
1763287332139,0adab909-eb8f-4baf-9eed-7a4cc889cb7c,4F:90:87:3D:F8:64,NA,-85
1763288234659,0adab909-eb8f-4baf-9eed-7a4cc889cb7c,79:22:8E:01:C2:C4,NA,-80
1763288532060,0adab909-eb8f-4baf-9eed-7a4cc889cb7c,52:25:92:E9:DA:3C,NA,-92
1763288533719,0adab909-eb8f-4baf-9eed-7a4cc889cb7c,79:22:8E:01:C2:C4,NA,-81
1763289120261,0adab909-eb8f-4baf-9eed-7a4cc889cb7c,62:94:A0:DE:B1:8A,NA,-90
1763289124934,0adab909-eb8f-4baf-9eed-7a4cc889cb7c,7E:FF:01:D3:6D:57,NA,-91
1763289132621,0adab909-eb8f-4baf-9eed-7a4cc889cb7c,84:C8:A0:8B:BD:3D,JBL BAR 800,-80
1763289133574,0adab909-eb8f-4baf-9eed-7a4cc889cb7c,E8:3F:70:4D:D5:A3,NA,-77
1763289719351,0adab909-eb8f-4baf-9eed-7a4cc889cb7c,62:94:A0:DE:B1:8A,NA,-89
1763289724506,0adab909-eb8f-4baf-9eed-7a4cc889cb7c,7E:FF:01:D3:6D:57,NA,-83
1763290478371,0adab909-eb8f-4baf-9eed-7a4cc889cb7c,CE:F6:92:C3:52:69,NA,-93
1763291105713,0adab909-eb8f-4baf-9eed-7a4cc889cb7c,5E:3D:F5:AD:8C:E2,NA,-89
1763291107609,0adab909-eb8f-4baf-9eed-7a4cc889cb7c,56:D6:66:0D:06:ED,NA,-90
1763291889718,0adab909-eb8f-4baf-9eed-7a4cc889cb7c,5E:3D:F5:AD:8C:E2,NA,-81
1763291895567,0adab909-eb8f-4baf-9eed-7a4cc889cb7c,6B:B5:6C:34:F7:5A,NA,-84
1763292189103,0adab909-eb8f-4baf-9eed-7a4cc889cb7c,5A:73:50:F1:17:DE,NA,-88
1763292194286,0adab909-eb8f-4baf-9eed-7a4cc889cb7c,75:86:3B:9D:18:FB,NA,-85
1763292836522,0adab909-eb8f-4baf-9eed-7a4cc889cb7c,84:C8:A0:8B:BD:3D,JBL BAR 800,-83
1763293320344,0adab909-eb8f-4baf-9eed-7a4cc889cb7c,46:7D:C3:37:04:31,NA,-88
1763293325159,0adab909-eb8f-4baf-9eed-7a4cc889cb7c,75:86:3B:9D:18:FB,NA,-85
1763293903507,0adab909-eb8f-4baf-9eed-7a4cc889cb7c,69:BB:36:04:B0:52,NA,-86
1763293903791,0adab909-eb8f-4baf-9eed-7a4cc889cb7c,76:08:DA:F0:EA:44,NA,-84
1763294698530,0adab909-eb8f-4baf-9eed-7a4cc889cb7c,69:BB:36:04:B0:52,NA,-78
1763294709512,0adab909-eb8f-4baf-9eed-7a4cc889cb7c,69:BB:36:04:B0:52,NA,-83
1763294711400,0adab909-eb8f-4baf-9eed-7a4cc889cb7c,84:C8:A0:8B:BD:3D,JBL BAR 800,-74
1763295298739,0adab909-eb8f-4baf-9eed-7a4cc889cb7c,73:3B:84:3C:C1:D4,NA,-93
1763295308305,0adab909-eb8f-4baf-9eed-7a4cc889cb7c,43:F2:B5:B0:BF:D4,NA,-86
1763295325441,0adab909-eb8f-4baf-9eed-7a4cc889cb7c,84:C8:A0:8B:BD:3D,JBL BAR 800,-77
