local_timezone,timestamp,device_id,screen_status,local_date_time,local_date,local_time,local_hour,local_minute,assigned_segments
Europe/Berlin,1759236216326,0adab909-eb8f-4baf-9eed-7a4cc889cb7c,0,2025-09-30 14:43:36,2025-09-30,14:43:36,14,43,"[daily_RR0SS#2025-09-30 00:00:00,2025-09-30 23:59:59;1759183200000,1759269599999]"
Europe/Berlin,1759236216338,0adab909-eb8f-4baf-9eed-7a4cc889cb7c,2,2025-09-30 14:43:36,2025-09-30,14:43:36,14,43,"[daily_RR0SS#2025-09-30 00:00:00,2025-09-30 23:59:59;1759183200000,1759269599999]"
Europe/Berlin,1759236541918,0adab909-eb8f-4baf-9eed-7a4cc889cb7c,1,2025-09-30 14:49:01,2025-09-30,14:49:01,14,49,"[daily_RR0SS#2025-09-30 00:00:00,2025-09-30 23:59:59;1759183200000,1759269599999]"
Europe/Berlin,1759236544597,0adab909-eb8f-4baf-9eed-7a4cc889cb7c,3,2025-09-30 14:49:04,2025-09-30,14:49:04,14,49,"[daily_RR0SS#2025-09-30 00:00:00,2025-09-30 23:59:59;1759183200000,1759269599999]"
Europe/Berlin,1759237283902,0adab909-eb8f-4baf-9eed-7a4cc889cb7c,0,2025-09-30 15:01:23,2025-09-30,15:01:23,15,1,"[daily_RR0SS#2025-09-30 00:00:00,2025-09-30 23:59:59;1759183200000,1759269599999]"
Europe/Berlin,1759237432308,0adab909-eb8f-4baf-9eed-7a4cc889cb7c,1,2025-09-30 15:03:52,2025-09-30,15:03:52,15,3,"[daily_RR0SS#2025-09-30 00:00:00,2025-09-30 23:59:59;1759183200000,1759269599999]"
Europe/Berlin,1759237436069,0adab909-eb8f-4baf-9eed-7a4cc889cb7c,3,2025-09-30 15:03:56,2025-09-30,15:03:56,15,3,"[daily_RR0SS#2025-09-30 00:00:00,2025-09-30 23:59:59;1759183200000,1759269599999]"
Europe/Berlin,1759240896710,0adab909-eb8f-4baf-9eed-7a4cc889cb7c,0,2025-09-30 16:01:36,2025-09-30,16:01:36,16,1,"[daily_RR0SS#2025-09-30 00:00:00,2025-09-30 23:59:59;1759183200000,1759269599999]"
Europe/Berlin,1759241084549,0adab909-eb8f-4baf-9eed-7a4cc889cb7c,1,2025-09-30 16:04:44,2025-09-30,16:04:44,16,4,"[daily_RR0SS#2025-09-30 00:00:00,2025-09-30 23:59:59;1759183200000,1759269599999]"
Europe/Berlin,1759241085735,0adab909-eb8f-4baf-9eed-7a4cc889cb7c,3,2025-09-30 16:04:45,2025-09-30,16:04:45,16,4,"[daily_RR0SS#2025-09-30 00:00:00,2025-09-30 23:59:59;1759183200000,1759269599999]"
Europe/Berlin,1759241711678,0adab909-eb8f-4baf-9eed-7a4cc889cb7c,0,2025-09-30 16:15:11,2025-09-30,16:15:11,16,15,"[daily_RR0SS#2025-09-30 00:00:00,2025-09-30 23:59:59;1759183200000,1759269599999]"
Europe/Berlin,1759242398751,0adab909-eb8f-4baf-9eed-7a4cc889cb7c,1,2025-09-30 16:26:38,2025-09-30,16:26:38,16,26,"[daily_RR0SS#2025-09-30 00:00:00,2025-09-30 23:59:59;1759183200000,1759269599999]"
Europe/Berlin,1759242399847,0adab909-eb8f-4baf-9eed-7a4cc889cb7c,3,2025-09-30 16:26:39,2025-09-30,16:26:39,16,26,"[daily_RR0SS#2025-09-30 00:00:00,2025-09-30 23:59:59;1759183200000,1759269599999]"
Europe/Berlin,1759242412892,0adab909-eb8f-4baf-9eed-7a4cc889cb7c,0,2025-09-30 16:26:52,2025-09-30,16:26:52,16,26,"[daily_RR0SS#2025-09-30 00:00:00,2025-09-30 23:59:59;1759183200000,1759269599999]"
Europe/Berlin,1759242412900,0adab909-eb8f-4baf-9eed-7a4cc889cb7c,2,2025-09-30 16:26:52,2025-09-30,16:26:52,16,26,"[daily_RR0SS#2025-09-30 00:00:00,2025-09-30 23:59:59;1759183200000,1759269599999]"
Europe/Berlin,1759242413481,0adab909-eb8f-4baf-9eed-7a4cc889cb7c,1,2025-09-30 16:26:53,2025-09-30,16:26:53,16,26,"[daily_RR0SS#2025-09-30 00:00:00,2025-09-30 23:59:59;1759183200000,1759269599999]"
Europe/Berlin,1759242415210,0adab909-eb8f-4baf-9eed-7a4cc889cb7c,0,2025-09-30 16:26:55,2025-09-30,16:26:55,16,26,"[daily_RR0SS#2025-09-30 00:00:00,2025-09-30 23:59:59;1759183200000,1759269599999]"
Europe/Berlin,1759242415215,0adab909-eb8f-4baf-9eed-7a4cc889cb7c,2,2025-09-30 16:26:55,2025-09-30,16:26:55,16,26,"[daily_RR0SS#2025-09-30 00:00:00,2025-09-30 23:59:59;1759183200000,1759269599999]"
Europe/Berlin,1759242529529,0adab909-eb8f-4baf-9eed-7a4cc889cb7c,1,2025-09-30 16:28:49,2025-09-30,16:28:49,16,28,"[daily_RR0SS#2025-09-30 00:00:00,2025-09-30 23:59:59;1759183200000,1759269599999]"
Europe/Berlin,1759242530258,0adab909-eb8f-4baf-9eed-7a4cc889cb7c,3,2025-09-30 16:28:50,2025-09-30,16:28:50,16,28,"[daily_RR0SS#2025-09-30 00:00:00,2025-09-30 23:59:59;1759183200000,1759269599999]"
Europe/Berlin,1759244338244,0adab909-eb8f-4baf-9eed-7a4cc889cb7c,0,2025-09-30 16:58:58,2025-09-30,16:58:58,16,58,"[daily_RR0SS#2025-09-30 00:00:00,2025-09-30 23:59:59;1759183200000,1759269599999]"
Europe/Berlin,1759244338255,0adab909-eb8f-4baf-9eed-7a4cc889cb7c,2,2025-09-30 16:58:58,2025-09-30,16:58:58,16,58,"[daily_RR0SS#2025-09-30 00:00:00,2025-09-30 23:59:59;1759183200000,1759269599999]"
Europe/Berlin,1759248795898,0adab909-eb8f-4baf-9eed-7a4cc889cb7c,1,2025-09-30 18:13:15,2025-09-30,18:13:15,18,13,"[daily_RR0SS#2025-09-30 00:00:00,2025-09-30 23:59:59;1759183200000,1759269599999]"
Europe/Berlin,1759248797430,0adab909-eb8f-4baf-9eed-7a4cc889cb7c,3,2025-09-30 18:13:17,2025-09-30,18:13:17,18,13,"[daily_RR0SS#2025-09-30 00:00:00,2025-09-30 23:59:59;1759183200000,1759269599999]"
Europe/Berlin,1759249436284,0adab909-eb8f-4baf-9eed-7a4cc889cb7c,0,2025-09-30 18:23:56,2025-09-30,18:23:56,18,23,"[daily_RR0SS#2025-09-30 00:00:00,2025-09-30 23:59:59;1759183200000,1759269599999]"
Europe/Berlin,1759249465962,0adab909-eb8f-4baf-9eed-7a4cc889cb7c,1,2025-09-30 18:24:25,2025-09-30,18:24:25,18,24,"[daily_RR0SS#2025-09-30 00:00:00,2025-09-30 23:59:59;1759183200000,1759269599999]"
Europe/Berlin,1759249473962,0adab909-eb8f-4baf-9eed-7a4cc889cb7c,3,2025-09-30 18:24:33,2025-09-30,18:24:33,18,24,"[daily_RR0SS#2025-09-30 00:00:00,2025-09-30 23:59:59;1759183200000,1759269599999]"
Europe/Berlin,1759256232625,0adab909-eb8f-4baf-9eed-7a4cc889cb7c,0,2025-09-30 20:17:12,2025-09-30,20:17:12,20,17,"[daily_RR0SS#2025-09-30 00:00:00,2025-09-30 23:59:59;1759183200000,1759269599999]"
Europe/Berlin,1759256232641,0adab909-eb8f-4baf-9eed-7a4cc889cb7c,2,2025-09-30 20:17:12,2025-09-30,20:17:12,20,17,"[daily_RR0SS#2025-09-30 00:00:00,2025-09-30 23:59:59;1759183200000,1759269599999]"
Europe/Berlin,1759256535141,0adab909-eb8f-4baf-9eed-7a4cc889cb7c,1,2025-09-30 20:22:15,2025-09-30,20:22:15,20,22,"[daily_RR0SS#2025-09-30 00:00:00,2025-09-30 23:59:59;1759183200000,1759269599999]"
Europe/Berlin,1759256536783,0adab909-eb8f-4baf-9eed-7a4cc889cb7c,0,2025-09-30 20:22:16,2025-09-30,20:22:16,20,22,"[daily_RR0SS#2025-09-30 00:00:00,2025-09-30 23:59:59;1759183200000,1759269599999]"
Europe/Berlin,1759256536790,0adab909-eb8f-4baf-9eed-7a4cc889cb7c,2,2025-09-30 20:22:16,2025-09-30,20:22:16,20,22,"[daily_RR0SS#2025-09-30 00:00:00,2025-09-30 23:59:59;1759183200000,1759269599999]"
Europe/Berlin,1759256544790,0adab909-eb8f-4baf-9eed-7a4cc889cb7c,1,2025-09-30 20:22:24,2025-09-30,20:22:24,20,22,"[daily_RR0SS#2025-09-30 00:00:00,2025-09-30 23:59:59;1759183200000,1759269599999]"
Europe/Berlin,1759256545439,0adab909-eb8f-4baf-9eed-7a4cc889cb7c,3,2025-09-30 20:22:25,2025-09-30,20:22:25,20,22,"[daily_RR0SS#2025-09-30 00:00:00,2025-09-30 23:59:59;1759183200000,1759269599999]"
Europe/Berlin,1759257153367,0adab909-eb8f-4baf-9eed-7a4cc889cb7c,0,2025-09-30 20:32:33,2025-09-30,20:32:33,20,32,"[daily_RR0SS#2025-09-30 00:00:00,2025-09-30 23:59:59;1759183200000,1759269599999]"
Europe/Berlin,1759262235957,0adab909-eb8f-4baf-9eed-7a4cc889cb7c,1,2025-09-30 21:57:15,2025-09-30,21:57:15,21,57,"[daily_RR0SS#2025-09-30 00:00:00,2025-09-30 23:59:59;1759183200000,1759269599999]"
Europe/Berlin,1759262242285,0adab909-eb8f-4baf-9eed-7a4cc889cb7c,0,2025-09-30 21:57:22,2025-09-30,21:57:22,21,57,"[daily_RR0SS#2025-09-30 00:00:00,2025-09-30 23:59:59;1759183200000,1759269599999]"
Europe/Berlin,1759262242296,0adab909-eb8f-4baf-9eed-7a4cc889cb7c,2,2025-09-30 21:57:22,2025-09-30,21:57:22,21,57,"[daily_RR0SS#2025-09-30 00:00:00,2025-09-30 23:59:59;1759183200000,1759269599999]"
Europe/Berlin,1759262550893,0adab909-eb8f-4baf-9eed-7a4cc889cb7c,1,2025-09-30 22:02:30,2025-09-30,22:02:30,22,2,"[daily_RR0SS#2025-09-30 00:00:00,2025-09-30 23:59:59;1759183200000,1759269599999]"
Europe/Berlin,1759262551635,0adab909-eb8f-4baf-9eed-7a4cc889cb7c,3,2025-09-30 22:02:31,2025-09-30,22:02:31,22,2,"[daily_RR0SS#2025-09-30 00:00:00,2025-09-30 23:59:59;1759183200000,1759269599999]"
Europe/Berlin,1759262563662,0adab909-eb8f-4baf-9eed-7a4cc889cb7c,0,2025-09-30 22:02:43,2025-09-30,22:02:43,22,2,"[daily_RR0SS#2025-09-30 00:00:00,2025-09-30 23:59:59;1759183200000,1759269599999]"
Europe/Berlin,1759262563673,0adab909-eb8f-4baf-9eed-7a4cc889cb7c,2,2025-09-30 22:02:43,2025-09-30,22:02:43,22,2,"[daily_RR0SS#2025-09-30 00:00:00,2025-09-30 23:59:59;1759183200000,1759269599999]"
Europe/Berlin,1759262689452,0adab909-eb8f-4baf-9eed-7a4cc889cb7c,1,2025-09-30 22:04:49,2025-09-30,22:04:49,22,4,"[daily_RR0SS#2025-09-30 00:00:00,2025-09-30 23:59:59;1759183200000,1759269599999]"
Europe/Berlin,1759262691280,0adab909-eb8f-4baf-9eed-7a4cc889cb7c,3,2025-09-30 22:04:51,2025-09-30,22:04:51,22,4,"[daily_RR0SS#2025-09-30 00:00:00,2025-09-30 23:59:59;1759183200000,1759269599999]"
Europe/Berlin,1759268157690,0adab909-eb8f-4baf-9eed-7a4cc889cb7c,0,2025-09-30 23:35:57,2025-09-30,23:35:57,23,35,"[daily_RR0SS#2025-09-30 00:00:00,2025-09-30 23:59:59;1759183200000,1759269599999]"
Europe/Berlin,1759268157694,0adab909-eb8f-4baf-9eed-7a4cc889cb7c,2,2025-09-30 23:35:57,2025-09-30,23:35:57,23,35,"[daily_RR0SS#2025-09-30 00:00:00,2025-09-30 23:59:59;1759183200000,1759269599999]"
Europe/Berlin,1759268586491,0adab909-eb8f-4baf-9eed-7a4cc889cb7c,1,2025-09-30 23:43:06,2025-09-30,23:43:06,23,43,"[daily_RR0SS#2025-09-30 00:00:00,2025-09-30 23:59:59;1759183200000,1759269599999]"
Europe/Berlin,1759268590409,0adab909-eb8f-4baf-9eed-7a4cc889cb7c,0,2025-09-30 23:43:10,2025-09-30,23:43:10,23,43,"[daily_RR0SS#2025-09-30 00:00:00,2025-09-30 23:59:59;1759183200000,1759269599999]"
Europe/Berlin,1759268590420,0adab909-eb8f-4baf-9eed-7a4cc889cb7c,2,2025-09-30 23:43:10,2025-09-30,23:43:10,23,43,"[daily_RR0SS#2025-09-30 00:00:00,2025-09-30 23:59:59;1759183200000,1759269599999]"
Europe/Berlin,1759291409564,0adab909-eb8f-4baf-9eed-7a4cc889cb7c,1,2025-10-01 06:03:29,2025-10-01,06:03:29,6,3,"[daily_RR0SS#2025-10-01 00:00:00,2025-10-01 23:59:59;1759269600000,1759355999999]"
Europe/Berlin,1759303404553,0adab909-eb8f-4baf-9eed-7a4cc889cb7c,0,2025-10-01 09:23:24,2025-10-01,09:23:24,9,23,"[daily_RR0SS#2025-10-01 00:00:00,2025-10-01 23:59:59;1759269600000,1759355999999]"
Europe/Berlin,1759303404567,0adab909-eb8f-4baf-9eed-7a4cc889cb7c,2,2025-10-01 09:23:24,2025-10-01,09:23:24,9,23,"[daily_RR0SS#2025-10-01 00:00:00,2025-10-01 23:59:59;1759269600000,1759355999999]"
Europe/Berlin,1759303430854,0adab909-eb8f-4baf-9eed-7a4cc889cb7c,1,2025-10-01 09:23:50,2025-10-01,09:23:50,9,23,"[daily_RR0SS#2025-10-01 00:00:00,2025-10-01 23:59:59;1759269600000,1759355999999]"
Europe/Berlin,1759303433077,0adab909-eb8f-4baf-9eed-7a4cc889cb7c,0,2025-10-01 09:23:53,2025-10-01,09:23:53,9,23,"[daily_RR0SS#2025-10-01 00:00:00,2025-10-01 23:59:59;1759269600000,1759355999999]"
Europe/Berlin,1759303433085,0adab909-eb8f-4baf-9eed-7a4cc889cb7c,2,2025-10-01 09:23:53,2025-10-01,09:23:53,9,23,"[daily_RR0SS#2025-10-01 00:00:00,2025-10-01 23:59:59;1759269600000,1759355999999]"
Europe/Berlin,1759303463006,0adab909-eb8f-4baf-9eed-7a4cc889cb7c,1,2025-10-01 09:24:23,2025-10-01,09:24:23,9,24,"[daily_RR0SS#2025-10-01 00:00:00,2025-10-01 23:59:59;1759269600000,1759355999999]"
Europe/Berlin,1759303464162,0adab909-eb8f-4baf-9eed-7a4cc889cb7c,3,2025-10-01 09:24:24,2025-10-01,09:24:24,9,24,"[daily_RR0SS#2025-10-01 00:00:00,2025-10-01 23:59:59;1759269600000,1759355999999]"
Europe/Berlin,1759307232443,0adab909-eb8f-4baf-9eed-7a4cc889cb7c,0,2025-10-01 10:27:12,2025-10-01,10:27:12,10,27,"[daily_RR0SS#2025-10-01 00:00:00,2025-10-01 23:59:59;1759269600000,1759355999999]"
Europe/Berlin,1759307232457,0adab909-eb8f-4baf-9eed-7a4cc889cb7c,2,2025-10-01 10:27:12,2025-10-01,10:27:12,10,27,"[daily_RR0SS#2025-10-01 00:00:00,2025-10-01 23:59:59;1759269600000,1759355999999]"
Europe/Berlin,1759307315398,0adab909-eb8f-4baf-9eed-7a4cc889cb7c,1,2025-10-01 10:28:35,2025-10-01,10:28:35,10,28,"[daily_RR0SS#2025-10-01 00:00:00,2025-10-01 23:59:59;1759269600000,1759355999999]"
Europe/Berlin,1759307319223,0adab909-eb8f-4baf-9eed-7a4cc889cb7c,3,2025-10-01 10:28:39,2025-10-01,10:28:39,10,28,"[daily_RR0SS#2025-10-01 00:00:00,2025-10-01 23:59:59;1759269600000,1759355999999]"
Europe/Berlin,1759307875925,0adab909-eb8f-4baf-9eed-7a4cc889cb7c,0,2025-10-01 10:37:55,2025-10-01,10:37:55,10,37,"[daily_RR0SS#2025-10-01 00:00:00,2025-10-01 23:59:59;1759269600000,1759355999999]"
Europe/Berlin,1759307875942,0adab909-eb8f-4baf-9eed-7a4cc889cb7c,2,2025-10-01 10:37:55,2025-10-01,10:37:55,10,37,"[daily_RR0SS#2025-10-01 00:00:00,2025-10-01 23:59:59;1759269600000,1759355999999]"
Europe/Berlin,1759307914386,0adab909-eb8f-4baf-9eed-7a4cc889cb7c,1,2025-10-01 10:38:34,2025-10-01,10:38:34,10,38,"[daily_RR0SS#2025-10-01 00:00:00,2025-10-01 23:59:59;1759269600000,1759355999999]"
Europe/Berlin,1759307915897,0adab909-eb8f-4baf-9eed-7a4cc889cb7c,3,2025-10-01 10:38:35,2025-10-01,10:38:35,10,38,"[daily_RR0SS#2025-10-01 00:00:00,2025-10-01 23:59:59;1759269600000,1759355999999]"
Europe/Berlin,1759308736996,0adab909-eb8f-4baf-9eed-7a4cc889cb7c,0,2025-10-01 10:52:16,2025-10-01,10:52:16,10,52,"[daily_RR0SS#2025-10-01 00:00:00,2025-10-01 23:59:59;1759269600000,1759355999999]"
Europe/Berlin,1759308737010,0adab909-eb8f-4baf-9eed-7a4cc889cb7c,2,2025-10-01 10:52:17,2025-10-01,10:52:17,10,52,"[daily_RR0SS#2025-10-01 00:00:00,2025-10-01 23:59:59;1759269600000,1759355999999]"
Europe/Berlin,1759308858762,0adab909-eb8f-4baf-9eed-7a4cc889cb7c,1,2025-10-01 10:54:18,2025-10-01,10:54:18,10,54,"[daily_RR0SS#2025-10-01 00:00:00,2025-10-01 23:59:59;1759269600000,1759355999999]"
Europe/Berlin,1759308859704,0adab909-eb8f-4baf-9eed-7a4cc889cb7c,3,2025-10-01 10:54:19,2025-10-01,10:54:19,10,54,"[daily_RR0SS#2025-10-01 00:00:00,2025-10-01 23:59:59;1759269600000,1759355999999]"
Europe/Berlin,1759309488528,0adab909-eb8f-4baf-9eed-7a4cc889cb7c,0,2025-10-01 11:04:48,2025-10-01,11:04:48,11,4,"[daily_RR0SS#2025-10-01 00:00:00,2025-10-01 23:59:59;1759269600000,1759355999999]"
Europe/Berlin,1759309488537,0adab909-eb8f-4baf-9eed-7a4cc889cb7c,2,2025-10-01 11:04:48,2025-10-01,11:04:48,11,4,"[daily_RR0SS#2025-10-01 00:00:00,2025-10-01 23:59:59;1759269600000,1759355999999]"
Europe/Berlin,1759310266819,0adab909-eb8f-4baf-9eed-7a4cc889cb7c,1,2025-10-01 11:17:46,2025-10-01,11:17:46,11,17,"[daily_RR0SS#2025-10-01 00:00:00,2025-10-01 23:59:59;1759269600000,1759355999999]"
Europe/Berlin,1759310273152,0adab909-eb8f-4baf-9eed-7a4cc889cb7c,0,2025-10-01 11:17:53,2025-10-01,11:17:53,11,17,"[daily_RR0SS#2025-10-01 00:00:00,2025-10-01 23:59:59;1759269600000,1759355999999]"
Europe/Berlin,1759310273160,0adab909-eb8f-4baf-9eed-7a4cc889cb7c,2,2025-10-01 11:17:53,2025-10-01,11:17:53,11,17,"[daily_RR0SS#2025-10-01 00:00:00,2025-10-01 23:59:59;1759269600000,1759355999999]"
Europe/Berlin,1759310507057,0adab909-eb8f-4baf-9eed-7a4cc889cb7c,1,2025-10-01 11:21:47,2025-10-01,11:21:47,11,21,"[daily_RR0SS#2025-10-01 00:00:00,2025-10-01 23:59:59;1759269600000,1759355999999]"
Europe/Berlin,1759310507821,0adab909-eb8f-4baf-9eed-7a4cc889cb7c,3,2025-10-01 11:21:47,2025-10-01,11:21:47,11,21,"[daily_RR0SS#2025-10-01 00:00:00,2025-10-01 23:59:59;1759269600000,1759355999999]"
Europe/Berlin,1759310753477,0adab909-eb8f-4baf-9eed-7a4cc889cb7c,0,2025-10-01 11:25:53,2025-10-01,11:25:53,11,25,"[daily_RR0SS#2025-10-01 00:00:00,2025-10-01 23:59:59;1759269600000,1759355999999]"
Europe/Berlin,1759310753488,0adab909-eb8f-4baf-9eed-7a4cc889cb7c,2,2025-10-01 11:25:53,2025-10-01,11:25:53,11,25,"[daily_RR0SS#2025-10-01 00:00:00,2025-10-01 23:59:59;1759269600000,1759355999999]"
Europe/Berlin,1759310905079,0adab909-eb8f-4baf-9eed-7a4cc889cb7c,1,2025-10-01 11:28:25,2025-10-01,11:28:25,11,28,"[daily_RR0SS#2025-10-01 00:00:00,2025-10-01 23:59:59;1759269600000,1759355999999]"
Europe/Berlin,1759310907262,0adab909-eb8f-4baf-9eed-7a4cc889cb7c,3,2025-10-01 11:28:27,2025-10-01,11:28:27,11,28,"[daily_RR0SS#2025-10-01 00:00:00,2025-10-01 23:59:59;1759269600000,1759355999999]"
Europe/Berlin,1759312202771,0adab909-eb8f-4baf-9eed-7a4cc889cb7c,0,2025-10-01 11:50:02,2025-10-01,11:50:02,11,50,"[daily_RR0SS#2025-10-01 00:00:00,2025-10-01 23:59:59;1759269600000,1759355999999]"
Europe/Berlin,1759312684770,0adab909-eb8f-4baf-9eed-7a4cc889cb7c,1,2025-10-01 11:58:04,2025-10-01,11:58:04,11,58,"[daily_RR0SS#2025-10-01 00:00:00,2025-10-01 23:59:59;1759269600000,1759355999999]"
Europe/Berlin,1759312719803,0adab909-eb8f-4baf-9eed-7a4cc889cb7c,0,2025-10-01 11:58:39,2025-10-01,11:58:39,11,58,"[daily_RR0SS#2025-10-01 00:00:00,2025-10-01 23:59:59;1759269600000,1759355999999]"
Europe/Berlin,1759312719814,0adab909-eb8f-4baf-9eed-7a4cc889cb7c,2,2025-10-01 11:58:39,2025-10-01,11:58:39,11,58,"[daily_RR0SS#2025-10-01 00:00:00,2025-10-01 23:59:59;1759269600000,1759355999999]"
Europe/Berlin,1759312771101,0adab909-eb8f-4baf-9eed-7a4cc889cb7c,1,2025-10-01 11:59:31,2025-10-01,11:59:31,11,59,"[daily_RR0SS#2025-10-01 00:00:00,2025-10-01 23:59:59;1759269600000,1759355999999]"
Europe/Berlin,1759312806646,0adab909-eb8f-4baf-9eed-7a4cc889cb7c,0,2025-10-01 12:00:06,2025-10-01,12:00:06,12,0,"[daily_RR0SS#2025-10-01 00:00:00,2025-10-01 23:59:59;1759269600000,1759355999999]"
Europe/Berlin,1759312806790,0adab909-eb8f-4baf-9eed-7a4cc889cb7c,2,2025-10-01 12:00:06,2025-10-01,12:00:06,12,0,"[daily_RR0SS#2025-10-01 00:00:00,2025-10-01 23:59:59;1759269600000,1759355999999]"
Europe/Berlin,1759314539034,0adab909-eb8f-4baf-9eed-7a4cc889cb7c,1,2025-10-01 12:28:59,2025-10-01,12:28:59,12,28,"[daily_RR0SS#2025-10-01 00:00:00,2025-10-01 23:59:59;1759269600000,1759355999999]"
Europe/Berlin,1759314548960,0adab909-eb8f-4baf-9eed-7a4cc889cb7c,3,2025-10-01 12:29:08,2025-10-01,12:29:08,12,29,"[daily_RR0SS#2025-10-01 00:00:00,2025-10-01 23:59:59;1759269600000,1759355999999]"
Europe/Berlin,1759315302313,0adab909-eb8f-4baf-9eed-7a4cc889cb7c,0,2025-10-01 12:41:42,2025-10-01,12:41:42,12,41,"[daily_RR0SS#2025-10-01 00:00:00,2025-10-01 23:59:59;1759269600000,1759355999999]"
Europe/Berlin,1759315945446,0adab909-eb8f-4baf-9eed-7a4cc889cb7c,1,2025-10-01 12:52:25,2025-10-01,12:52:25,12,52,"[daily_RR0SS#2025-10-01 00:00:00,2025-10-01 23:59:59;1759269600000,1759355999999]"
Europe/Berlin,1759315949271,0adab909-eb8f-4baf-9eed-7a4cc889cb7c,3,2025-10-01 12:52:29,2025-10-01,12:52:29,12,52,"[daily_RR0SS#2025-10-01 00:00:00,2025-10-01 23:59:59;1759269600000,1759355999999]"
Europe/Berlin,1759316064238,0adab909-eb8f-4baf-9eed-7a4cc889cb7c,0,2025-10-01 12:54:24,2025-10-01,12:54:24,12,54,"[daily_RR0SS#2025-10-01 00:00:00,2025-10-01 23:59:59;1759269600000,1759355999999]"
Europe/Berlin,1759316064250,0adab909-eb8f-4baf-9eed-7a4cc889cb7c,2,2025-10-01 12:54:24,2025-10-01,12:54:24,12,54,"[daily_RR0SS#2025-10-01 00:00:00,2025-10-01 23:59:59;1759269600000,1759355999999]"
Europe/Berlin,1759316527383,0adab909-eb8f-4baf-9eed-7a4cc889cb7c,1,2025-10-01 13:02:07,2025-10-01,13:02:07,13,2,"[daily_RR0SS#2025-10-01 00:00:00,2025-10-01 23:59:59;1759269600000,1759355999999]"
Europe/Berlin,1759316529621,0adab909-eb8f-4baf-9eed-7a4cc889cb7c,3,2025-10-01 13:02:09,2025-10-01,13:02:09,13,2,"[daily_RR0SS#2025-10-01 00:00:00,2025-10-01 23:59:59;1759269600000,1759355999999]"
Europe/Berlin,1759317722327,0adab909-eb8f-4baf-9eed-7a4cc889cb7c,0,2025-10-01 13:22:02,2025-10-01,13:22:02,13,22,"[daily_RR0SS#2025-10-01 00:00:00,2025-10-01 23:59:59;1759269600000,1759355999999]"
Europe/Berlin,1759317816542,0adab909-eb8f-4baf-9eed-7a4cc889cb7c,1,2025-10-01 13:23:36,2025-10-01,13:23:36,13,23,"[daily_RR0SS#2025-10-01 00:00:00,2025-10-01 23:59:59;1759269600000,1759355999999]"
Europe/Berlin,1759317819354,0adab909-eb8f-4baf-9eed-7a4cc889cb7c,3,2025-10-01 13:23:39,2025-10-01,13:23:39,13,23,"[daily_RR0SS#2025-10-01 00:00:00,2025-10-01 23:59:59;1759269600000,1759355999999]"
Europe/Berlin,1759317833803,0adab909-eb8f-4baf-9eed-7a4cc889cb7c,0,2025-10-01 13:23:53,2025-10-01,13:23:53,13,23,"[daily_RR0SS#2025-10-01 00:00:00,2025-10-01 23:59:59;1759269600000,1759355999999]"
Europe/Berlin,1759317833815,0adab909-eb8f-4baf-9eed-7a4cc889cb7c,2,2025-10-01 13:23:53,2025-10-01,13:23:53,13,23,"[daily_RR0SS#2025-10-01 00:00:00,2025-10-01 23:59:59;1759269600000,1759355999999]"
Europe/Berlin,1759318686657,0adab909-eb8f-4baf-9eed-7a4cc889cb7c,1,2025-10-01 13:38:06,2025-10-01,13:38:06,13,38,"[daily_RR0SS#2025-10-01 00:00:00,2025-10-01 23:59:59;1759269600000,1759355999999]"
Europe/Berlin,1759318689119,0adab909-eb8f-4baf-9eed-7a4cc889cb7c,3,2025-10-01 13:38:09,2025-10-01,13:38:09,13,38,"[daily_RR0SS#2025-10-01 00:00:00,2025-10-01 23:59:59;1759269600000,1759355999999]"
Europe/Berlin,1759319222455,0adab909-eb8f-4baf-9eed-7a4cc889cb7c,0,2025-10-01 13:47:02,2025-10-01,13:47:02,13,47,"[daily_RR0SS#2025-10-01 00:00:00,2025-10-01 23:59:59;1759269600000,1759355999999]"
Europe/Berlin,1759319222459,0adab909-eb8f-4baf-9eed-7a4cc889cb7c,2,2025-10-01 13:47:02,2025-10-01,13:47:02,13,47,"[daily_RR0SS#2025-10-01 00:00:00,2025-10-01 23:59:59;1759269600000,1759355999999]"
Europe/Berlin,1759322244708,0adab909-eb8f-4baf-9eed-7a4cc889cb7c,1,2025-10-01 14:37:24,2025-10-01,14:37:24,14,37,"[daily_RR0SS#2025-10-01 00:00:00,2025-10-01 23:59:59;1759269600000,1759355999999]"
Europe/Berlin,1759322247223,0adab909-eb8f-4baf-9eed-7a4cc889cb7c,3,2025-10-01 14:37:27,2025-10-01,14:37:27,14,37,"[daily_RR0SS#2025-10-01 00:00:00,2025-10-01 23:59:59;1759269600000,1759355999999]"
Europe/Berlin,1759324048445,0adab909-eb8f-4baf-9eed-7a4cc889cb7c,0,2025-10-01 15:07:28,2025-10-01,15:07:28,15,7,"[daily_RR0SS#2025-10-01 00:00:00,2025-10-01 23:59:59;1759269600000,1759355999999]"
Europe/Berlin,1759324048455,0adab909-eb8f-4baf-9eed-7a4cc889cb7c,2,2025-10-01 15:07:28,2025-10-01,15:07:28,15,7,"[daily_RR0SS#2025-10-01 00:00:00,2025-10-01 23:59:59;1759269600000,1759355999999]"
Europe/Berlin,1759324134097,0adab909-eb8f-4baf-9eed-7a4cc889cb7c,1,2025-10-01 15:08:54,2025-10-01,15:08:54,15,8,"[daily_RR0SS#2025-10-01 00:00:00,2025-10-01 23:59:59;1759269600000,1759355999999]"
Europe/Berlin,1759324135783,0adab909-eb8f-4baf-9eed-7a4cc889cb7c,0,2025-10-01 15:08:55,2025-10-01,15:08:55,15,8,"[daily_RR0SS#2025-10-01 00:00:00,2025-10-01 23:59:59;1759269600000,1759355999999]"
Europe/Berlin,1759324135799,0adab909-eb8f-4baf-9eed-7a4cc889cb7c,2,2025-10-01 15:08:55,2025-10-01,15:08:55,15,8,"[daily_RR0SS#2025-10-01 00:00:00,2025-10-01 23:59:59;1759269600000,1759355999999]"
Europe/Berlin,1759324201911,0adab909-eb8f-4baf-9eed-7a4cc889cb7c,1,2025-10-01 15:10:01,2025-10-01,15:10:01,15,10,"[daily_RR0SS#2025-10-01 00:00:00,2025-10-01 23:59:59;1759269600000,1759355999999]"
Europe/Berlin,1759324202717,0adab909-eb8f-4baf-9eed-7a4cc889cb7c,3,2025-10-01 15:10:02,2025-10-01,15:10:02,15,10,"[daily_RR0SS#2025-10-01 00:00:00,2025-10-01 23:59:59;1759269600000,1759355999999]"
Europe/Berlin,1759324310954,0adab909-eb8f-4baf-9eed-7a4cc889cb7c,0,2025-10-01 15:11:50,2025-10-01,15:11:50,15,11,"[daily_RR0SS#2025-10-01 00:00:00,2025-10-01 23:59:59;1759269600000,1759355999999]"
Europe/Berlin,1759324310965,0adab909-eb8f-4baf-9eed-7a4cc889cb7c,2,2025-10-01 15:11:50,2025-10-01,15:11:50,15,11,"[daily_RR0SS#2025-10-01 00:00:00,2025-10-01 23:59:59;1759269600000,1759355999999]"
Europe/Berlin,1759324402808,0adab909-eb8f-4baf-9eed-7a4cc889cb7c,1,2025-10-01 15:13:22,2025-10-01,15:13:22,15,13,"[daily_RR0SS#2025-10-01 00:00:00,2025-10-01 23:59:59;1759269600000,1759355999999]"
Europe/Berlin,1759324404617,0adab909-eb8f-4baf-9eed-7a4cc889cb7c,0,2025-10-01 15:13:24,2025-10-01,15:13:24,15,13,"[daily_RR0SS#2025-10-01 00:00:00,2025-10-01 23:59:59;1759269600000,1759355999999]"
Europe/Berlin,1759324404628,0adab909-eb8f-4baf-9eed-7a4cc889cb7c,2,2025-10-01 15:13:24,2025-10-01,15:13:24,15,13,"[daily_RR0SS#2025-10-01 00:00:00,2025-10-01 23:59:59;1759269600000,1759355999999]"
Europe/Berlin,1759325251068,0adab909-eb8f-4baf-9eed-7a4cc889cb7c,1,2025-10-01 15:27:31,2025-10-01,15:27:31,15,27,"[daily_RR0SS#2025-10-01 00:00:00,2025-10-01 23:59:59;1759269600000,1759355999999]"
Europe/Berlin,1759325253067,0adab909-eb8f-4baf-9eed-7a4cc889cb7c,0,2025-10-01 15:27:33,2025-10-01,15:27:33,15,27,"[daily_RR0SS#2025-10-01 00:00:00,2025-10-01 23:59:59;1759269600000,1759355999999]"
Europe/Berlin,1759325253073,0adab909-eb8f-4baf-9eed-7a4cc889cb7c,2,2025-10-01 15:27:33,2025-10-01,15:27:33,15,27,"[daily_RR0SS#2025-10-01 00:00:00,2025-10-01 23:59:59;1759269600000,1759355999999]"
Europe/Berlin,1759325510081,0adab909-eb8f-4baf-9eed-7a4cc889cb7c,1,2025-10-01 15:31:50,2025-10-01,15:31:50,15,31,"[daily_RR0SS#2025-10-01 00:00:00,2025-10-01 23:59:59;1759269600000,1759355999999]"
Europe/Berlin,1759325512559,0adab909-eb8f-4baf-9eed-7a4cc889cb7c,0,2025-10-01 15:31:52,2025-10-01,15:31:52,15,31,"[daily_RR0SS#2025-10-01 00:00:00,2025-10-01 23:59:59;1759269600000,1759355999999]"
Europe/Berlin,1759325512571,0adab909-eb8f-4baf-9eed-7a4cc889cb7c,2,2025-10-01 15:31:52,2025-10-01,15:31:52,15,31,"[daily_RR0SS#2025-10-01 00:00:00,2025-10-01 23:59:59;1759269600000,1759355999999]"
Europe/Berlin,1759326761646,0adab909-eb8f-4baf-9eed-7a4cc889cb7c,1,2025-10-01 15:52:41,2025-10-01,15:52:41,15,52,"[daily_RR0SS#2025-10-01 00:00:00,2025-10-01 23:59:59;1759269600000,1759355999999]"
Europe/Berlin,1759326772516,0adab909-eb8f-4baf-9eed-7a4cc889cb7c,0,2025-10-01 15:52:52,2025-10-01,15:52:52,15,52,"[daily_RR0SS#2025-10-01 00:00:00,2025-10-01 23:59:59;1759269600000,1759355999999]"
Europe/Berlin,1759326772528,0adab909-eb8f-4baf-9eed-7a4cc889cb7c,2,2025-10-01 15:52:52,2025-10-01,15:52:52,15,52,"[daily_RR0SS#2025-10-01 00:00:00,2025-10-01 23:59:59;1759269600000,1759355999999]"
Europe/Berlin,1759327479837,0adab909-eb8f-4baf-9eed-7a4cc889cb7c,1,2025-10-01 16:04:39,2025-10-01,16:04:39,16,4,"[daily_RR0SS#2025-10-01 00:00:00,2025-10-01 23:59:59;1759269600000,1759355999999]"
Europe/Berlin,1759327481006,0adab909-eb8f-4baf-9eed-7a4cc889cb7c,3,2025-10-01 16:04:41,2025-10-01,16:04:41,16,4,"[daily_RR0SS#2025-10-01 00:00:00,2025-10-01 23:59:59;1759269600000,1759355999999]"
Europe/Berlin,1759327499702,0adab909-eb8f-4baf-9eed-7a4cc889cb7c,0,2025-10-01 16:04:59,2025-10-01,16:04:59,16,4,"[daily_RR0SS#2025-10-01 00:00:00,2025-10-01 23:59:59;1759269600000,1759355999999]"
Europe/Berlin,1759327499716,0adab909-eb8f-4baf-9eed-7a4cc889cb7c,2,2025-10-01 16:04:59,2025-10-01,16:04:59,16,4,"[daily_RR0SS#2025-10-01 00:00:00,2025-10-01 23:59:59;1759269600000,1759355999999]"
Europe/Berlin,1759327603902,0adab909-eb8f-4baf-9eed-7a4cc889cb7c,1,2025-10-01 16:06:43,2025-10-01,16:06:43,16,6,"[daily_RR0SS#2025-10-01 00:00:00,2025-10-01 23:59:59;1759269600000,1759355999999]"
Europe/Berlin,1759327605513,0adab909-eb8f-4baf-9eed-7a4cc889cb7c,3,2025-10-01 16:06:45,2025-10-01,16:06:45,16,6,"[daily_RR0SS#2025-10-01 00:00:00,2025-10-01 23:59:59;1759269600000,1759355999999]"
Europe/Berlin,1759327633997,0adab909-eb8f-4baf-9eed-7a4cc889cb7c,0,2025-10-01 16:07:13,2025-10-01,16:07:13,16,7,"[daily_RR0SS#2025-10-01 00:00:00,2025-10-01 23:59:59;1759269600000,1759355999999]"
Europe/Berlin,1759327634003,0adab909-eb8f-4baf-9eed-7a4cc889cb7c,2,2025-10-01 16:07:14,2025-10-01,16:07:14,16,7,"[daily_RR0SS#2025-10-01 00:00:00,2025-10-01 23:59:59;1759269600000,1759355999999]"
Europe/Berlin,1759327634377,0adab909-eb8f-4baf-9eed-7a4cc889cb7c,1,2025-10-01 16:07:14,2025-10-01,16:07:14,16,7,"[daily_RR0SS#2025-10-01 00:00:00,2025-10-01 23:59:59;1759269600000,1759355999999]"
Europe/Berlin,1759327636084,0adab909-eb8f-4baf-9eed-7a4cc889cb7c,0,2025-10-01 16:07:16,2025-10-01,16:07:16,16,7,"[daily_RR0SS#2025-10-01 00:00:00,2025-10-01 23:59:59;1759269600000,1759355999999]"
Europe/Berlin,1759327636089,0adab909-eb8f-4baf-9eed-7a4cc889cb7c,2,2025-10-01 16:07:16,2025-10-01,16:07:16,16,7,"[daily_RR0SS#2025-10-01 00:00:00,2025-10-01 23:59:59;1759269600000,1759355999999]"
Europe/Berlin,1759327952714,0adab909-eb8f-4baf-9eed-7a4cc889cb7c,1,2025-10-01 16:12:32,2025-10-01,16:12:32,16,12,"[daily_RR0SS#2025-10-01 00:00:00,2025-10-01 23:59:59;1759269600000,1759355999999]"
Europe/Berlin,1759327954406,0adab909-eb8f-4baf-9eed-7a4cc889cb7c,0,2025-10-01 16:12:34,2025-10-01,16:12:34,16,12,"[daily_RR0SS#2025-10-01 00:00:00,2025-10-01 23:59:59;1759269600000,1759355999999]"
Europe/Berlin,1759327954416,0adab909-eb8f-4baf-9eed-7a4cc889cb7c,2,2025-10-01 16:12:34,2025-10-01,16:12:34,16,12,"[daily_RR0SS#2025-10-01 00:00:00,2025-10-01 23:59:59;1759269600000,1759355999999]"
Europe/Berlin,1759328247428,0adab909-eb8f-4baf-9eed-7a4cc889cb7c,1,2025-10-01 16:17:27,2025-10-01,16:17:27,16,17,"[daily_RR0SS#2025-10-01 00:00:00,2025-10-01 23:59:59;1759269600000,1759355999999]"
Europe/Berlin,1759328248131,0adab909-eb8f-4baf-9eed-7a4cc889cb7c,3,2025-10-01 16:17:28,2025-10-01,16:17:28,16,17,"[daily_RR0SS#2025-10-01 00:00:00,2025-10-01 23:59:59;1759269600000,1759355999999]"
Europe/Berlin,1759328280788,0adab909-eb8f-4baf-9eed-7a4cc889cb7c,0,2025-10-01 16:18:00,2025-10-01,16:18:00,16,18,"[daily_RR0SS#2025-10-01 00:00:00,2025-10-01 23:59:59;1759269600000,1759355999999]"
Europe/Berlin,1759328280823,0adab909-eb8f-4baf-9eed-7a4cc889cb7c,2,2025-10-01 16:18:00,2025-10-01,16:18:00,16,18,"[daily_RR0SS#2025-10-01 00:00:00,2025-10-01 23:59:59;1759269600000,1759355999999]"
Europe/Berlin,1759329398165,0adab909-eb8f-4baf-9eed-7a4cc889cb7c,1,2025-10-01 16:36:38,2025-10-01,16:36:38,16,36,"[daily_RR0SS#2025-10-01 00:00:00,2025-10-01 23:59:59;1759269600000,1759355999999]"
Europe/Berlin,1759329400289,0adab909-eb8f-4baf-9eed-7a4cc889cb7c,0,2025-10-01 16:36:40,2025-10-01,16:36:40,16,36,"[daily_RR0SS#2025-10-01 00:00:00,2025-10-01 23:59:59;1759269600000,1759355999999]"
Europe/Berlin,1759329400296,0adab909-eb8f-4baf-9eed-7a4cc889cb7c,2,2025-10-01 16:36:40,2025-10-01,16:36:40,16,36,"[daily_RR0SS#2025-10-01 00:00:00,2025-10-01 23:59:59;1759269600000,1759355999999]"
Europe/Berlin,1759329915996,0adab909-eb8f-4baf-9eed-7a4cc889cb7c,1,2025-10-01 16:45:15,2025-10-01,16:45:15,16,45,"[daily_RR0SS#2025-10-01 00:00:00,2025-10-01 23:59:59;1759269600000,1759355999999]"
Europe/Berlin,1759329917687,0adab909-eb8f-4baf-9eed-7a4cc889cb7c,0,2025-10-01 16:45:17,2025-10-01,16:45:17,16,45,"[daily_RR0SS#2025-10-01 00:00:00,2025-10-01 23:59:59;1759269600000,1759355999999]"
Europe/Berlin,1759329917693,0adab909-eb8f-4baf-9eed-7a4cc889cb7c,2,2025-10-01 16:45:17,2025-10-01,16:45:17,16,45,"[daily_RR0SS#2025-10-01 00:00:00,2025-10-01 23:59:59;1759269600000,1759355999999]"
Europe/Berlin,1759330162020,0adab909-eb8f-4baf-9eed-7a4cc889cb7c,1,2025-10-01 16:49:22,2025-10-01,16:49:22,16,49,"[daily_RR0SS#2025-10-01 00:00:00,2025-10-01 23:59:59;1759269600000,1759355999999]"
Europe/Berlin,1759330164053,0adab909-eb8f-4baf-9eed-7a4cc889cb7c,3,2025-10-01 16:49:24,2025-10-01,16:49:24,16,49,"[daily_RR0SS#2025-10-01 00:00:00,2025-10-01 23:59:59;1759269600000,1759355999999]"
Europe/Berlin,1759330208704,0adab909-eb8f-4baf-9eed-7a4cc889cb7c,0,2025-10-01 16:50:08,2025-10-01,16:50:08,16,50,"[daily_RR0SS#2025-10-01 00:00:00,2025-10-01 23:59:59;1759269600000,1759355999999]"
Europe/Berlin,1759330208718,0adab909-eb8f-4baf-9eed-7a4cc889cb7c,2,2025-10-01 16:50:08,2025-10-01,16:50:08,16,50,"[daily_RR0SS#2025-10-01 00:00:00,2025-10-01 23:59:59;1759269600000,1759355999999]"
Europe/Berlin,1759330286932,0adab909-eb8f-4baf-9eed-7a4cc889cb7c,1,2025-10-01 16:51:26,2025-10-01,16:51:26,16,51,"[daily_RR0SS#2025-10-01 00:00:00,2025-10-01 23:59:59;1759269600000,1759355999999]"
Europe/Berlin,1759330288680,0adab909-eb8f-4baf-9eed-7a4cc889cb7c,0,2025-10-01 16:51:28,2025-10-01,16:51:28,16,51,"[daily_RR0SS#2025-10-01 00:00:00,2025-10-01 23:59:59;1759269600000,1759355999999]"
Europe/Berlin,1759330288686,0adab909-eb8f-4baf-9eed-7a4cc889cb7c,2,2025-10-01 16:51:28,2025-10-01,16:51:28,16,51,"[daily_RR0SS#2025-10-01 00:00:00,2025-10-01 23:59:59;1759269600000,1759355999999]"
Europe/Berlin,1759330520265,0adab909-eb8f-4baf-9eed-7a4cc889cb7c,1,2025-10-01 16:55:20,2025-10-01,16:55:20,16,55,"[daily_RR0SS#2025-10-01 00:00:00,2025-10-01 23:59:59;1759269600000,1759355999999]"
Europe/Berlin,1759330522414,0adab909-eb8f-4baf-9eed-7a4cc889cb7c,3,2025-10-01 16:55:22,2025-10-01,16:55:22,16,55,"[daily_RR0SS#2025-10-01 00:00:00,2025-10-01 23:59:59;1759269600000,1759355999999]"
Europe/Berlin,1759330612173,0adab909-eb8f-4baf-9eed-7a4cc889cb7c,0,2025-10-01 16:56:52,2025-10-01,16:56:52,16,56,"[daily_RR0SS#2025-10-01 00:00:00,2025-10-01 23:59:59;1759269600000,1759355999999]"
Europe/Berlin,1759330612185,0adab909-eb8f-4baf-9eed-7a4cc889cb7c,2,2025-10-01 16:56:52,2025-10-01,16:56:52,16,56,"[daily_RR0SS#2025-10-01 00:00:00,2025-10-01 23:59:59;1759269600000,1759355999999]"
Europe/Berlin,1759330625176,0adab909-eb8f-4baf-9eed-7a4cc889cb7c,1,2025-10-01 16:57:05,2025-10-01,16:57:05,16,57,"[daily_RR0SS#2025-10-01 00:00:00,2025-10-01 23:59:59;1759269600000,1759355999999]"
Europe/Berlin,1759330626905,0adab909-eb8f-4baf-9eed-7a4cc889cb7c,0,2025-10-01 16:57:06,2025-10-01,16:57:06,16,57,"[daily_RR0SS#2025-10-01 00:00:00,2025-10-01 23:59:59;1759269600000,1759355999999]"
Europe/Berlin,1759330626911,0adab909-eb8f-4baf-9eed-7a4cc889cb7c,2,2025-10-01 16:57:06,2025-10-01,16:57:06,16,57,"[daily_RR0SS#2025-10-01 00:00:00,2025-10-01 23:59:59;1759269600000,1759355999999]"
Europe/Berlin,1759330635704,0adab909-eb8f-4baf-9eed-7a4cc889cb7c,1,2025-10-01 16:57:15,2025-10-01,16:57:15,16,57,"[daily_RR0SS#2025-10-01 00:00:00,2025-10-01 23:59:59;1759269600000,1759355999999]"
Europe/Berlin,1759330636698,0adab909-eb8f-4baf-9eed-7a4cc889cb7c,3,2025-10-01 16:57:16,2025-10-01,16:57:16,16,57,"[daily_RR0SS#2025-10-01 00:00:00,2025-10-01 23:59:59;1759269600000,1759355999999]"
Europe/Berlin,1759330648943,0adab909-eb8f-4baf-9eed-7a4cc889cb7c,0,2025-10-01 16:57:28,2025-10-01,16:57:28,16,57,"[daily_RR0SS#2025-10-01 00:00:00,2025-10-01 23:59:59;1759269600000,1759355999999]"
Europe/Berlin,1759330648959,0adab909-eb8f-4baf-9eed-7a4cc889cb7c,2,2025-10-01 16:57:28,2025-10-01,16:57:28,16,57,"[daily_RR0SS#2025-10-01 00:00:00,2025-10-01 23:59:59;1759269600000,1759355999999]"
Europe/Berlin,1759330652091,0adab909-eb8f-4baf-9eed-7a4cc889cb7c,1,2025-10-01 16:57:32,2025-10-01,16:57:32,16,57,"[daily_RR0SS#2025-10-01 00:00:00,2025-10-01 23:59:59;1759269600000,1759355999999]"
Europe/Berlin,1759330652889,0adab909-eb8f-4baf-9eed-7a4cc889cb7c,3,2025-10-01 16:57:32,2025-10-01,16:57:32,16,57,"[daily_RR0SS#2025-10-01 00:00:00,2025-10-01 23:59:59;1759269600000,1759355999999]"
Europe/Berlin,1759330658710,0adab909-eb8f-4baf-9eed-7a4cc889cb7c,0,2025-10-01 16:57:38,2025-10-01,16:57:38,16,57,"[daily_RR0SS#2025-10-01 00:00:00,2025-10-01 23:59:59;1759269600000,1759355999999]"
Europe/Berlin,1759330658730,0adab909-eb8f-4baf-9eed-7a4cc889cb7c,2,2025-10-01 16:57:38,2025-10-01,16:57:38,16,57,"[daily_RR0SS#2025-10-01 00:00:00,2025-10-01 23:59:59;1759269600000,1759355999999]"
Europe/Berlin,1759330659317,0adab909-eb8f-4baf-9eed-7a4cc889cb7c,1,2025-10-01 16:57:39,2025-10-01,16:57:39,16,57,"[daily_RR0SS#2025-10-01 00:00:00,2025-10-01 23:59:59;1759269600000,1759355999999]"
Europe/Berlin,1759330660306,0adab909-eb8f-4baf-9eed-7a4cc889cb7c,3,2025-10-01 16:57:40,2025-10-01,16:57:40,16,57,"[daily_RR0SS#2025-10-01 00:00:00,2025-10-01 23:59:59;1759269600000,1759355999999]"
Europe/Berlin,1759330667743,0adab909-eb8f-4baf-9eed-7a4cc889cb7c,0,2025-10-01 16:57:47,2025-10-01,16:57:47,16,57,"[daily_RR0SS#2025-10-01 00:00:00,2025-10-01 23:59:59;1759269600000,1759355999999]"
Europe/Berlin,1759330667759,0adab909-eb8f-4baf-9eed-7a4cc889cb7c,2,2025-10-01 16:57:47,2025-10-01,16:57:47,16,57,"[daily_RR0SS#2025-10-01 00:00:00,2025-10-01 23:59:59;1759269600000,1759355999999]"
Europe/Berlin,1759331154271,0adab909-eb8f-4baf-9eed-7a4cc889cb7c,1,2025-10-01 17:05:54,2025-10-01,17:05:54,17,5,"[daily_RR0SS#2025-10-01 00:00:00,2025-10-01 23:59:59;1759269600000,1759355999999]"
Europe/Berlin,1759331155735,0adab909-eb8f-4baf-9eed-7a4cc889cb7c,3,2025-10-01 17:05:55,2025-10-01,17:05:55,17,5,"[daily_RR0SS#2025-10-01 00:00:00,2025-10-01 23:59:59;1759269600000,1759355999999]"
Europe/Berlin,1759331189038,0adab909-eb8f-4baf-9eed-7a4cc889cb7c,0,2025-10-01 17:06:29,2025-10-01,17:06:29,17,6,"[daily_RR0SS#2025-10-01 00:00:00,2025-10-01 23:59:59;1759269600000,1759355999999]"
Europe/Berlin,1759331189052,0adab909-eb8f-4baf-9eed-7a4cc889cb7c,2,2025-10-01 17:06:29,2025-10-01,17:06:29,17,6,"[daily_RR0SS#2025-10-01 00:00:00,2025-10-01 23:59:59;1759269600000,1759355999999]"
Europe/Berlin,1759331777147,0adab909-eb8f-4baf-9eed-7a4cc889cb7c,1,2025-10-01 17:16:17,2025-10-01,17:16:17,17,16,"[daily_RR0SS#2025-10-01 00:00:00,2025-10-01 23:59:59;1759269600000,1759355999999]"
Europe/Berlin,1759331778755,0adab909-eb8f-4baf-9eed-7a4cc889cb7c,3,2025-10-01 17:16:18,2025-10-01,17:16:18,17,16,"[daily_RR0SS#2025-10-01 00:00:00,2025-10-01 23:59:59;1759269600000,1759355999999]"
Europe/Berlin,1759333348263,0adab909-eb8f-4baf-9eed-7a4cc889cb7c,0,2025-10-01 17:42:28,2025-10-01,17:42:28,17,42,"[daily_RR0SS#2025-10-01 00:00:00,2025-10-01 23:59:59;1759269600000,1759355999999]"
Europe/Berlin,1759338067134,0adab909-eb8f-4baf-9eed-7a4cc889cb7c,1,2025-10-01 19:01:07,2025-10-01,19:01:07,19,1,"[daily_RR0SS#2025-10-01 00:00:00,2025-10-01 23:59:59;1759269600000,1759355999999]"
Europe/Berlin,1759338072487,0adab909-eb8f-4baf-9eed-7a4cc889cb7c,3,2025-10-01 19:01:12,2025-10-01,19:01:12,19,1,"[daily_RR0SS#2025-10-01 00:00:00,2025-10-01 23:59:59;1759269600000,1759355999999]"
Europe/Berlin,1759338079546,0adab909-eb8f-4baf-9eed-7a4cc889cb7c,0,2025-10-01 19:01:19,2025-10-01,19:01:19,19,1,"[daily_RR0SS#2025-10-01 00:00:00,2025-10-01 23:59:59;1759269600000,1759355999999]"
Europe/Berlin,1759338079558,0adab909-eb8f-4baf-9eed-7a4cc889cb7c,2,2025-10-01 19:01:19,2025-10-01,19:01:19,19,1,"[daily_RR0SS#2025-10-01 00:00:00,2025-10-01 23:59:59;1759269600000,1759355999999]"
Europe/Berlin,1759339465165,0adab909-eb8f-4baf-9eed-7a4cc889cb7c,1,2025-10-01 19:24:25,2025-10-01,19:24:25,19,24,"[daily_RR0SS#2025-10-01 00:00:00,2025-10-01 23:59:59;1759269600000,1759355999999]"
Europe/Berlin,1759339468150,0adab909-eb8f-4baf-9eed-7a4cc889cb7c,3,2025-10-01 19:24:28,2025-10-01,19:24:28,19,24,"[daily_RR0SS#2025-10-01 00:00:00,2025-10-01 23:59:59;1759269600000,1759355999999]"
Europe/Berlin,1759339522413,0adab909-eb8f-4baf-9eed-7a4cc889cb7c,0,2025-10-01 19:25:22,2025-10-01,19:25:22,19,25,"[daily_RR0SS#2025-10-01 00:00:00,2025-10-01 23:59:59;1759269600000,1759355999999]"
Europe/Berlin,1759339522421,0adab909-eb8f-4baf-9eed-7a4cc889cb7c,2,2025-10-01 19:25:22,2025-10-01,19:25:22,19,25,"[daily_RR0SS#2025-10-01 00:00:00,2025-10-01 23:59:59;1759269600000,1759355999999]"
Europe/Berlin,1759339562039,0adab909-eb8f-4baf-9eed-7a4cc889cb7c,1,2025-10-01 19:26:02,2025-10-01,19:26:02,19,26,"[daily_RR0SS#2025-10-01 00:00:00,2025-10-01 23:59:59;1759269600000,1759355999999]"
Europe/Berlin,1759339564029,0adab909-eb8f-4baf-9eed-7a4cc889cb7c,3,2025-10-01 19:26:04,2025-10-01,19:26:04,19,26,"[daily_RR0SS#2025-10-01 00:00:00,2025-10-01 23:59:59;1759269600000,1759355999999]"
Europe/Berlin,1759339634835,0adab909-eb8f-4baf-9eed-7a4cc889cb7c,0,2025-10-01 19:27:14,2025-10-01,19:27:14,19,27,"[daily_RR0SS#2025-10-01 00:00:00,2025-10-01 23:59:59;1759269600000,1759355999999]"
Europe/Berlin,1759339634860,0adab909-eb8f-4baf-9eed-7a4cc889cb7c,2,2025-10-01 19:27:14,2025-10-01,19:27:14,19,27,"[daily_RR0SS#2025-10-01 00:00:00,2025-10-01 23:59:59;1759269600000,1759355999999]"
Europe/Berlin,1759339702066,0adab909-eb8f-4baf-9eed-7a4cc889cb7c,1,2025-10-01 19:28:22,2025-10-01,19:28:22,19,28,"[daily_RR0SS#2025-10-01 00:00:00,2025-10-01 23:59:59;1759269600000,1759355999999]"
Europe/Berlin,1759339704347,0adab909-eb8f-4baf-9eed-7a4cc889cb7c,3,2025-10-01 19:28:24,2025-10-01,19:28:24,19,28,"[daily_RR0SS#2025-10-01 00:00:00,2025-10-01 23:59:59;1759269600000,1759355999999]"
Europe/Berlin,1759339880961,0adab909-eb8f-4baf-9eed-7a4cc889cb7c,0,2025-10-01 19:31:20,2025-10-01,19:31:20,19,31,"[daily_RR0SS#2025-10-01 00:00:00,2025-10-01 23:59:59;1759269600000,1759355999999]"
Europe/Berlin,1759339880986,0adab909-eb8f-4baf-9eed-7a4cc889cb7c,2,2025-10-01 19:31:20,2025-10-01,19:31:20,19,31,"[daily_RR0SS#2025-10-01 00:00:00,2025-10-01 23:59:59;1759269600000,1759355999999]"
Europe/Berlin,1759339915746,0adab909-eb8f-4baf-9eed-7a4cc889cb7c,1,2025-10-01 19:31:55,2025-10-01,19:31:55,19,31,"[daily_RR0SS#2025-10-01 00:00:00,2025-10-01 23:59:59;1759269600000,1759355999999]"
Europe/Berlin,1759339917841,0adab909-eb8f-4baf-9eed-7a4cc889cb7c,3,2025-10-01 19:31:57,2025-10-01,19:31:57,19,31,"[daily_RR0SS#2025-10-01 00:00:00,2025-10-01 23:59:59;1759269600000,1759355999999]"
Europe/Berlin,1759340297810,0adab909-eb8f-4baf-9eed-7a4cc889cb7c,0,2025-10-01 19:38:17,2025-10-01,19:38:17,19,38,"[daily_RR0SS#2025-10-01 00:00:00,2025-10-01 23:59:59;1759269600000,1759355999999]"
Europe/Berlin,1759340297822,0adab909-eb8f-4baf-9eed-7a4cc889cb7c,2,2025-10-01 19:38:17,2025-10-01,19:38:17,19,38,"[daily_RR0SS#2025-10-01 00:00:00,2025-10-01 23:59:59;1759269600000,1759355999999]"
Europe/Berlin,1759340459354,0adab909-eb8f-4baf-9eed-7a4cc889cb7c,1,2025-10-01 19:40:59,2025-10-01,19:40:59,19,40,"[daily_RR0SS#2025-10-01 00:00:00,2025-10-01 23:59:59;1759269600000,1759355999999]"
Europe/Berlin,1759340461473,0adab909-eb8f-4baf-9eed-7a4cc889cb7c,3,2025-10-01 19:41:01,2025-10-01,19:41:01,19,41,"[daily_RR0SS#2025-10-01 00:00:00,2025-10-01 23:59:59;1759269600000,1759355999999]"
Europe/Berlin,1759340604654,0adab909-eb8f-4baf-9eed-7a4cc889cb7c,0,2025-10-01 19:43:24,2025-10-01,19:43:24,19,43,"[daily_RR0SS#2025-10-01 00:00:00,2025-10-01 23:59:59;1759269600000,1759355999999]"
Europe/Berlin,1759340604660,0adab909-eb8f-4baf-9eed-7a4cc889cb7c,2,2025-10-01 19:43:24,2025-10-01,19:43:24,19,43,"[daily_RR0SS#2025-10-01 00:00:00,2025-10-01 23:59:59;1759269600000,1759355999999]"
Europe/Berlin,1759340675425,0adab909-eb8f-4baf-9eed-7a4cc889cb7c,1,2025-10-01 19:44:35,2025-10-01,19:44:35,19,44,"[daily_RR0SS#2025-10-01 00:00:00,2025-10-01 23:59:59;1759269600000,1759355999999]"
Europe/Berlin,1759340677788,0adab909-eb8f-4baf-9eed-7a4cc889cb7c,3,2025-10-01 19:44:37,2025-10-01,19:44:37,19,44,"[daily_RR0SS#2025-10-01 00:00:00,2025-10-01 23:59:59;1759269600000,1759355999999]"
Europe/Berlin,1759340733819,0adab909-eb8f-4baf-9eed-7a4cc889cb7c,0,2025-10-01 19:45:33,2025-10-01,19:45:33,19,45,"[daily_RR0SS#2025-10-01 00:00:00,2025-10-01 23:59:59;1759269600000,1759355999999]"
Europe/Berlin,1759340733826,0adab909-eb8f-4baf-9eed-7a4cc889cb7c,2,2025-10-01 19:45:33,2025-10-01,19:45:33,19,45,"[daily_RR0SS#2025-10-01 00:00:00,2025-10-01 23:59:59;1759269600000,1759355999999]"
Europe/Berlin,1759340764274,0adab909-eb8f-4baf-9eed-7a4cc889cb7c,1,2025-10-01 19:46:04,2025-10-01,19:46:04,19,46,"[daily_RR0SS#2025-10-01 00:00:00,2025-10-01 23:59:59;1759269600000,1759355999999]"
Europe/Berlin,1759340766081,0adab909-eb8f-4baf-9eed-7a4cc889cb7c,3,2025-10-01 19:46:06,2025-10-01,19:46:06,19,46,"[daily_RR0SS#2025-10-01 00:00:00,2025-10-01 23:59:59;1759269600000,1759355999999]"
Europe/Berlin,1759340786392,0adab909-eb8f-4baf-9eed-7a4cc889cb7c,0,2025-10-01 19:46:26,2025-10-01,19:46:26,19,46,"[daily_RR0SS#2025-10-01 00:00:00,2025-10-01 23:59:59;1759269600000,1759355999999]"
Europe/Berlin,1759340786401,0adab909-eb8f-4baf-9eed-7a4cc889cb7c,2,2025-10-01 19:46:26,2025-10-01,19:46:26,19,46,"[daily_RR0SS#2025-10-01 00:00:00,2025-10-01 23:59:59;1759269600000,1759355999999]"
Europe/Berlin,1759341024349,0adab909-eb8f-4baf-9eed-7a4cc889cb7c,1,2025-10-01 19:50:24,2025-10-01,19:50:24,19,50,"[daily_RR0SS#2025-10-01 00:00:00,2025-10-01 23:59:59;1759269600000,1759355999999]"
Europe/Berlin,1759341024966,0adab909-eb8f-4baf-9eed-7a4cc889cb7c,3,2025-10-01 19:50:24,2025-10-01,19:50:24,19,50,"[daily_RR0SS#2025-10-01 00:00:00,2025-10-01 23:59:59;1759269600000,1759355999999]"
Europe/Berlin,1759341031826,0adab909-eb8f-4baf-9eed-7a4cc889cb7c,0,2025-10-01 19:50:31,2025-10-01,19:50:31,19,50,"[daily_RR0SS#2025-10-01 00:00:00,2025-10-01 23:59:59;1759269600000,1759355999999]"
Europe/Berlin,1759341031841,0adab909-eb8f-4baf-9eed-7a4cc889cb7c,2,2025-10-01 19:50:31,2025-10-01,19:50:31,19,50,"[daily_RR0SS#2025-10-01 00:00:00,2025-10-01 23:59:59;1759269600000,1759355999999]"
Europe/Berlin,1759341089964,0adab909-eb8f-4baf-9eed-7a4cc889cb7c,1,2025-10-01 19:51:29,2025-10-01,19:51:29,19,51,"[daily_RR0SS#2025-10-01 00:00:00,2025-10-01 23:59:59;1759269600000,1759355999999]"
Europe/Berlin,1759341091570,0adab909-eb8f-4baf-9eed-7a4cc889cb7c,0,2025-10-01 19:51:31,2025-10-01,19:51:31,19,51,"[daily_RR0SS#2025-10-01 00:00:00,2025-10-01 23:59:59;1759269600000,1759355999999]"
Europe/Berlin,1759341091589,0adab909-eb8f-4baf-9eed-7a4cc889cb7c,2,2025-10-01 19:51:31,2025-10-01,19:51:31,19,51,"[daily_RR0SS#2025-10-01 00:00:00,2025-10-01 23:59:59;1759269600000,1759355999999]"
Europe/Berlin,1759341858124,0adab909-eb8f-4baf-9eed-7a4cc889cb7c,1,2025-10-01 20:04:18,2025-10-01,20:04:18,20,4,"[daily_RR0SS#2025-10-01 00:00:00,2025-10-01 23:59:59;1759269600000,1759355999999]"
Europe/Berlin,1759341861718,0adab909-eb8f-4baf-9eed-7a4cc889cb7c,0,2025-10-01 20:04:21,2025-10-01,20:04:21,20,4,"[daily_RR0SS#2025-10-01 00:00:00,2025-10-01 23:59:59;1759269600000,1759355999999]"
Europe/Berlin,1759341861732,0adab909-eb8f-4baf-9eed-7a4cc889cb7c,2,2025-10-01 20:04:21,2025-10-01,20:04:21,20,4,"[daily_RR0SS#2025-10-01 00:00:00,2025-10-01 23:59:59;1759269600000,1759355999999]"
Europe/Berlin,1759342173863,0adab909-eb8f-4baf-9eed-7a4cc889cb7c,1,2025-10-01 20:09:33,2025-10-01,20:09:33,20,9,"[daily_RR0SS#2025-10-01 00:00:00,2025-10-01 23:59:59;1759269600000,1759355999999]"
Europe/Berlin,1759342176687,0adab909-eb8f-4baf-9eed-7a4cc889cb7c,0,2025-10-01 20:09:36,2025-10-01,20:09:36,20,9,"[daily_RR0SS#2025-10-01 00:00:00,2025-10-01 23:59:59;1759269600000,1759355999999]"
Europe/Berlin,1759342176704,0adab909-eb8f-4baf-9eed-7a4cc889cb7c,2,2025-10-01 20:09:36,2025-10-01,20:09:36,20,9,"[daily_RR0SS#2025-10-01 00:00:00,2025-10-01 23:59:59;1759269600000,1759355999999]"
Europe/Berlin,1759342230520,0adab909-eb8f-4baf-9eed-7a4cc889cb7c,1,2025-10-01 20:10:30,2025-10-01,20:10:30,20,10,"[daily_RR0SS#2025-10-01 00:00:00,2025-10-01 23:59:59;1759269600000,1759355999999]"
Europe/Berlin,1759342231991,0adab909-eb8f-4baf-9eed-7a4cc889cb7c,3,2025-10-01 20:10:31,2025-10-01,20:10:31,20,10,"[daily_RR0SS#2025-10-01 00:00:00,2025-10-01 23:59:59;1759269600000,1759355999999]"
Europe/Berlin,1759342464681,0adab909-eb8f-4baf-9eed-7a4cc889cb7c,0,2025-10-01 20:14:24,2025-10-01,20:14:24,20,14,"[daily_RR0SS#2025-10-01 00:00:00,2025-10-01 23:59:59;1759269600000,1759355999999]"
Europe/Berlin,1759342464702,0adab909-eb8f-4baf-9eed-7a4cc889cb7c,2,2025-10-01 20:14:24,2025-10-01,20:14:24,20,14,"[daily_RR0SS#2025-10-01 00:00:00,2025-10-01 23:59:59;1759269600000,1759355999999]"
Europe/Berlin,1759342480617,0adab909-eb8f-4baf-9eed-7a4cc889cb7c,1,2025-10-01 20:14:40,2025-10-01,20:14:40,20,14,"[daily_RR0SS#2025-10-01 00:00:00,2025-10-01 23:59:59;1759269600000,1759355999999]"
Europe/Berlin,1759342481545,0adab909-eb8f-4baf-9eed-7a4cc889cb7c,3,2025-10-01 20:14:41,2025-10-01,20:14:41,20,14,"[daily_RR0SS#2025-10-01 00:00:00,2025-10-01 23:59:59;1759269600000,1759355999999]"
Europe/Berlin,1759350414866,0adab909-eb8f-4baf-9eed-7a4cc889cb7c,0,2025-10-01 22:26:54,2025-10-01,22:26:54,22,26,"[daily_RR0SS#2025-10-01 00:00:00,2025-10-01 23:59:59;1759269600000,1759355999999]"
Europe/Berlin,1759350414882,0adab909-eb8f-4baf-9eed-7a4cc889cb7c,2,2025-10-01 22:26:54,2025-10-01,22:26:54,22,26,"[daily_RR0SS#2025-10-01 00:00:00,2025-10-01 23:59:59;1759269600000,1759355999999]"
Europe/Berlin,1759350768399,0adab909-eb8f-4baf-9eed-7a4cc889cb7c,1,2025-10-01 22:32:48,2025-10-01,22:32:48,22,32,"[daily_RR0SS#2025-10-01 00:00:00,2025-10-01 23:59:59;1759269600000,1759355999999]"
Europe/Berlin,1759350772391,0adab909-eb8f-4baf-9eed-7a4cc889cb7c,3,2025-10-01 22:32:52,2025-10-01,22:32:52,22,32,"[daily_RR0SS#2025-10-01 00:00:00,2025-10-01 23:59:59;1759269600000,1759355999999]"
Europe/Berlin,1759352258696,0adab909-eb8f-4baf-9eed-7a4cc889cb7c,0,2025-10-01 22:57:38,2025-10-01,22:57:38,22,57,"[daily_RR0SS#2025-10-01 00:00:00,2025-10-01 23:59:59;1759269600000,1759355999999]"
Europe/Berlin,1759352258710,0adab909-eb8f-4baf-9eed-7a4cc889cb7c,2,2025-10-01 22:57:38,2025-10-01,22:57:38,22,57,"[daily_RR0SS#2025-10-01 00:00:00,2025-10-01 23:59:59;1759269600000,1759355999999]"
Europe/Berlin,1759354562210,0adab909-eb8f-4baf-9eed-7a4cc889cb7c,1,2025-10-01 23:36:02,2025-10-01,23:36:02,23,36,"[daily_RR0SS#2025-10-01 00:00:00,2025-10-01 23:59:59;1759269600000,1759355999999]"
Europe/Berlin,1759354568628,0adab909-eb8f-4baf-9eed-7a4cc889cb7c,0,2025-10-01 23:36:08,2025-10-01,23:36:08,23,36,"[daily_RR0SS#2025-10-01 00:00:00,2025-10-01 23:59:59;1759269600000,1759355999999]"
Europe/Berlin,1759354568646,0adab909-eb8f-4baf-9eed-7a4cc889cb7c,2,2025-10-01 23:36:08,2025-10-01,23:36:08,23,36,"[daily_RR0SS#2025-10-01 00:00:00,2025-10-01 23:59:59;1759269600000,1759355999999]"
Europe/Berlin,1759379100699,0adab909-eb8f-4baf-9eed-7a4cc889cb7c,1,2025-10-02 06:25:00,2025-10-02,06:25:00,6,25,"[daily_RR0SS#2025-10-02 00:00:00,2025-10-02 23:59:59;1759356000000,1759442399999]"
Europe/Berlin,1759379115985,0adab909-eb8f-4baf-9eed-7a4cc889cb7c,0,2025-10-02 06:25:15,2025-10-02,06:25:15,6,25,"[daily_RR0SS#2025-10-02 00:00:00,2025-10-02 23:59:59;1759356000000,1759442399999]"
Europe/Berlin,1759379115996,0adab909-eb8f-4baf-9eed-7a4cc889cb7c,2,2025-10-02 06:25:15,2025-10-02,06:25:15,6,25,"[daily_RR0SS#2025-10-02 00:00:00,2025-10-02 23:59:59;1759356000000,1759442399999]"
Europe/Berlin,1759379400376,0adab909-eb8f-4baf-9eed-7a4cc889cb7c,1,2025-10-02 06:30:00,2025-10-02,06:30:00,6,30,"[daily_RR0SS#2025-10-02 00:00:00,2025-10-02 23:59:59;1759356000000,1759442399999]"
Europe/Berlin,1759379413445,0adab909-eb8f-4baf-9eed-7a4cc889cb7c,0,2025-10-02 06:30:13,2025-10-02,06:30:13,6,30,"[daily_RR0SS#2025-10-02 00:00:00,2025-10-02 23:59:59;1759356000000,1759442399999]"
Europe/Berlin,1759379413456,0adab909-eb8f-4baf-9eed-7a4cc889cb7c,2,2025-10-02 06:30:13,2025-10-02,06:30:13,6,30,"[daily_RR0SS#2025-10-02 00:00:00,2025-10-02 23:59:59;1759356000000,1759442399999]"
Europe/Berlin,1759393838869,0adab909-eb8f-4baf-9eed-7a4cc889cb7c,1,2025-10-02 10:30:38,2025-10-02,10:30:38,10,30,"[daily_RR0SS#2025-10-02 00:00:00,2025-10-02 23:59:59;1759356000000,1759442399999]"
Europe/Berlin,1759393845478,0adab909-eb8f-4baf-9eed-7a4cc889cb7c,0,2025-10-02 10:30:45,2025-10-02,10:30:45,10,30,"[daily_RR0SS#2025-10-02 00:00:00,2025-10-02 23:59:59;1759356000000,1759442399999]"
Europe/Berlin,1759393845495,0adab909-eb8f-4baf-9eed-7a4cc889cb7c,2,2025-10-02 10:30:45,2025-10-02,10:30:45,10,30,"[daily_RR0SS#2025-10-02 00:00:00,2025-10-02 23:59:59;1759356000000,1759442399999]"
Europe/Berlin,1759393846059,0adab909-eb8f-4baf-9eed-7a4cc889cb7c,1,2025-10-02 10:30:46,2025-10-02,10:30:46,10,30,"[daily_RR0SS#2025-10-02 00:00:00,2025-10-02 23:59:59;1759356000000,1759442399999]"
Europe/Berlin,1759393857520,0adab909-eb8f-4baf-9eed-7a4cc889cb7c,0,2025-10-02 10:30:57,2025-10-02,10:30:57,10,30,"[daily_RR0SS#2025-10-02 00:00:00,2025-10-02 23:59:59;1759356000000,1759442399999]"
Europe/Berlin,1759393857529,0adab909-eb8f-4baf-9eed-7a4cc889cb7c,2,2025-10-02 10:30:57,2025-10-02,10:30:57,10,30,"[daily_RR0SS#2025-10-02 00:00:00,2025-10-02 23:59:59;1759356000000,1759442399999]"
Europe/Berlin,1759393868390,0adab909-eb8f-4baf-9eed-7a4cc889cb7c,1,2025-10-02 10:31:08,2025-10-02,10:31:08,10,31,"[daily_RR0SS#2025-10-02 00:00:00,2025-10-02 23:59:59;1759356000000,1759442399999]"
Europe/Berlin,1759393872607,0adab909-eb8f-4baf-9eed-7a4cc889cb7c,3,2025-10-02 10:31:12,2025-10-02,10:31:12,10,31,"[daily_RR0SS#2025-10-02 00:00:00,2025-10-02 23:59:59;1759356000000,1759442399999]"
Europe/Berlin,1759398445645,0adab909-eb8f-4baf-9eed-7a4cc889cb7c,0,2025-10-02 11:47:25,2025-10-02,11:47:25,11,47,"[daily_RR0SS#2025-10-02 00:00:00,2025-10-02 23:59:59;1759356000000,1759442399999]"
Europe/Berlin,1759398445665,0adab909-eb8f-4baf-9eed-7a4cc889cb7c,2,2025-10-02 11:47:25,2025-10-02,11:47:25,11,47,"[daily_RR0SS#2025-10-02 00:00:00,2025-10-02 23:59:59;1759356000000,1759442399999]"
Europe/Berlin,1759398471263,0adab909-eb8f-4baf-9eed-7a4cc889cb7c,1,2025-10-02 11:47:51,2025-10-02,11:47:51,11,47,"[daily_RR0SS#2025-10-02 00:00:00,2025-10-02 23:59:59;1759356000000,1759442399999]"
Europe/Berlin,1759398472342,0adab909-eb8f-4baf-9eed-7a4cc889cb7c,3,2025-10-02 11:47:52,2025-10-02,11:47:52,11,47,"[daily_RR0SS#2025-10-02 00:00:00,2025-10-02 23:59:59;1759356000000,1759442399999]"
Europe/Berlin,1759399419338,0adab909-eb8f-4baf-9eed-7a4cc889cb7c,0,2025-10-02 12:03:39,2025-10-02,12:03:39,12,3,"[daily_RR0SS#2025-10-02 00:00:00,2025-10-02 23:59:59;1759356000000,1759442399999]"
Europe/Berlin,1759399419366,0adab909-eb8f-4baf-9eed-7a4cc889cb7c,2,2025-10-02 12:03:39,2025-10-02,12:03:39,12,3,"[daily_RR0SS#2025-10-02 00:00:00,2025-10-02 23:59:59;1759356000000,1759442399999]"
Europe/Berlin,1759400929638,0adab909-eb8f-4baf-9eed-7a4cc889cb7c,1,2025-10-02 12:28:49,2025-10-02,12:28:49,12,28,"[daily_RR0SS#2025-10-02 00:00:00,2025-10-02 23:59:59;1759356000000,1759442399999]"
Europe/Berlin,1759400947389,0adab909-eb8f-4baf-9eed-7a4cc889cb7c,0,2025-10-02 12:29:07,2025-10-02,12:29:07,12,29,"[daily_RR0SS#2025-10-02 00:00:00,2025-10-02 23:59:59;1759356000000,1759442399999]"
Europe/Berlin,1759400947398,0adab909-eb8f-4baf-9eed-7a4cc889cb7c,2,2025-10-02 12:29:07,2025-10-02,12:29:07,12,29,"[daily_RR0SS#2025-10-02 00:00:00,2025-10-02 23:59:59;1759356000000,1759442399999]"
Europe/Berlin,1759400959284,0adab909-eb8f-4baf-9eed-7a4cc889cb7c,1,2025-10-02 12:29:19,2025-10-02,12:29:19,12,29,"[daily_RR0SS#2025-10-02 00:00:00,2025-10-02 23:59:59;1759356000000,1759442399999]"
Europe/Berlin,1759400963128,0adab909-eb8f-4baf-9eed-7a4cc889cb7c,3,2025-10-02 12:29:23,2025-10-02,12:29:23,12,29,"[daily_RR0SS#2025-10-02 00:00:00,2025-10-02 23:59:59;1759356000000,1759442399999]"
Europe/Berlin,1759401808781,0adab909-eb8f-4baf-9eed-7a4cc889cb7c,0,2025-10-02 12:43:28,2025-10-02,12:43:28,12,43,"[daily_RR0SS#2025-10-02 00:00:00,2025-10-02 23:59:59;1759356000000,1759442399999]"
Europe/Berlin,1759401870614,0adab909-eb8f-4baf-9eed-7a4cc889cb7c,1,2025-10-02 12:44:30,2025-10-02,12:44:30,12,44,"[daily_RR0SS#2025-10-02 00:00:00,2025-10-02 23:59:59;1759356000000,1759442399999]"
Europe/Berlin,1759401877127,0adab909-eb8f-4baf-9eed-7a4cc889cb7c,0,2025-10-02 12:44:37,2025-10-02,12:44:37,12,44,"[daily_RR0SS#2025-10-02 00:00:00,2025-10-02 23:59:59;1759356000000,1759442399999]"
Europe/Berlin,1759401877133,0adab909-eb8f-4baf-9eed-7a4cc889cb7c,2,2025-10-02 12:44:37,2025-10-02,12:44:37,12,44,"[daily_RR0SS#2025-10-02 00:00:00,2025-10-02 23:59:59;1759356000000,1759442399999]"
Europe/Berlin,1759402097808,0adab909-eb8f-4baf-9eed-7a4cc889cb7c,1,2025-10-02 12:48:17,2025-10-02,12:48:17,12,48,"[daily_RR0SS#2025-10-02 00:00:00,2025-10-02 23:59:59;1759356000000,1759442399999]"
Europe/Berlin,1759402575874,0adab909-eb8f-4baf-9eed-7a4cc889cb7c,3,2025-10-02 12:56:15,2025-10-02,12:56:15,12,56,"[daily_RR0SS#2025-10-02 00:00:00,2025-10-02 23:59:59;1759356000000,1759442399999]"
Europe/Berlin,1759404951129,0adab909-eb8f-4baf-9eed-7a4cc889cb7c,0,2025-10-02 13:35:51,2025-10-02,13:35:51,13,35,"[daily_RR0SS#2025-10-02 00:00:00,2025-10-02 23:59:59;1759356000000,1759442399999]"
Europe/Berlin,1759405262870,0adab909-eb8f-4baf-9eed-7a4cc889cb7c,1,2025-10-02 13:41:02,2025-10-02,13:41:02,13,41,"[daily_RR0SS#2025-10-02 00:00:00,2025-10-02 23:59:59;1759356000000,1759442399999]"
Europe/Berlin,1759405265043,0adab909-eb8f-4baf-9eed-7a4cc889cb7c,3,2025-10-02 13:41:05,2025-10-02,13:41:05,13,41,"[daily_RR0SS#2025-10-02 00:00:00,2025-10-02 23:59:59;1759356000000,1759442399999]"
Europe/Berlin,1759406929310,0adab909-eb8f-4baf-9eed-7a4cc889cb7c,0,2025-10-02 14:08:49,2025-10-02,14:08:49,14,8,"[daily_RR0SS#2025-10-02 00:00:00,2025-10-02 23:59:59;1759356000000,1759442399999]"
Europe/Berlin,1759407484425,0adab909-eb8f-4baf-9eed-7a4cc889cb7c,1,2025-10-02 14:18:04,2025-10-02,14:18:04,14,18,"[daily_RR0SS#2025-10-02 00:00:00,2025-10-02 23:59:59;1759356000000,1759442399999]"
Europe/Berlin,1759407489261,0adab909-eb8f-4baf-9eed-7a4cc889cb7c,3,2025-10-02 14:18:09,2025-10-02,14:18:09,14,18,"[daily_RR0SS#2025-10-02 00:00:00,2025-10-02 23:59:59;1759356000000,1759442399999]"
Europe/Berlin,1759491732787,0adab909-eb8f-4baf-9eed-7a4cc889cb7c,0,2025-10-03 13:42:12,2025-10-03,13:42:12,13,42,"[daily_RR0SS#2025-10-03 00:00:00,2025-10-03 23:59:59;1759442400000,1759528799999]"
Europe/Berlin,1759492417789,0adab909-eb8f-4baf-9eed-7a4cc889cb7c,1,2025-10-03 13:53:37,2025-10-03,13:53:37,13,53,"[daily_RR0SS#2025-10-03 00:00:00,2025-10-03 23:59:59;1759442400000,1759528799999]"
Europe/Berlin,1759492421178,0adab909-eb8f-4baf-9eed-7a4cc889cb7c,3,2025-10-03 13:53:41,2025-10-03,13:53:41,13,53,"[daily_RR0SS#2025-10-03 00:00:00,2025-10-03 23:59:59;1759442400000,1759528799999]"
Europe/Berlin,1759492430076,0adab909-eb8f-4baf-9eed-7a4cc889cb7c,0,2025-10-03 13:53:50,2025-10-03,13:53:50,13,53,"[daily_RR0SS#2025-10-03 00:00:00,2025-10-03 23:59:59;1759442400000,1759528799999]"
Europe/Berlin,1759492430088,0adab909-eb8f-4baf-9eed-7a4cc889cb7c,2,2025-10-03 13:53:50,2025-10-03,13:53:50,13,53,"[daily_RR0SS#2025-10-03 00:00:00,2025-10-03 23:59:59;1759442400000,1759528799999]"
Europe/Berlin,1759492959686,0adab909-eb8f-4baf-9eed-7a4cc889cb7c,1,2025-10-03 14:02:39,2025-10-03,14:02:39,14,2,"[daily_RR0SS#2025-10-03 00:00:00,2025-10-03 23:59:59;1759442400000,1759528799999]"
Europe/Berlin,1759492961942,0adab909-eb8f-4baf-9eed-7a4cc889cb7c,3,2025-10-03 14:02:41,2025-10-03,14:02:41,14,2,"[daily_RR0SS#2025-10-03 00:00:00,2025-10-03 23:59:59;1759442400000,1759528799999]"
Europe/Berlin,1759494201825,0adab909-eb8f-4baf-9eed-7a4cc889cb7c,0,2025-10-03 14:23:21,2025-10-03,14:23:21,14,23,"[daily_RR0SS#2025-10-03 00:00:00,2025-10-03 23:59:59;1759442400000,1759528799999]"
Europe/Berlin,1759496557134,0adab909-eb8f-4baf-9eed-7a4cc889cb7c,1,2025-10-03 15:02:37,2025-10-03,15:02:37,15,2,"[daily_RR0SS#2025-10-03 00:00:00,2025-10-03 23:59:59;1759442400000,1759528799999]"
Europe/Berlin,1759496561482,0adab909-eb8f-4baf-9eed-7a4cc889cb7c,3,2025-10-03 15:02:41,2025-10-03,15:02:41,15,2,"[daily_RR0SS#2025-10-03 00:00:00,2025-10-03 23:59:59;1759442400000,1759528799999]"
Europe/Berlin,1759497254923,0adab909-eb8f-4baf-9eed-7a4cc889cb7c,0,2025-10-03 15:14:14,2025-10-03,15:14:14,15,14,"[daily_RR0SS#2025-10-03 00:00:00,2025-10-03 23:59:59;1759442400000,1759528799999]"
Europe/Berlin,1759497800626,0adab909-eb8f-4baf-9eed-7a4cc889cb7c,1,2025-10-03 15:23:20,2025-10-03,15:23:20,15,23,"[daily_RR0SS#2025-10-03 00:00:00,2025-10-03 23:59:59;1759442400000,1759528799999]"
Europe/Berlin,1759497816315,0adab909-eb8f-4baf-9eed-7a4cc889cb7c,3,2025-10-03 15:23:36,2025-10-03,15:23:36,15,23,"[daily_RR0SS#2025-10-03 00:00:00,2025-10-03 23:59:59;1759442400000,1759528799999]"
Europe/Berlin,1759497826741,0adab909-eb8f-4baf-9eed-7a4cc889cb7c,0,2025-10-03 15:23:46,2025-10-03,15:23:46,15,23,"[daily_RR0SS#2025-10-03 00:00:00,2025-10-03 23:59:59;1759442400000,1759528799999]"
Europe/Berlin,1759497826755,0adab909-eb8f-4baf-9eed-7a4cc889cb7c,2,2025-10-03 15:23:46,2025-10-03,15:23:46,15,23,"[daily_RR0SS#2025-10-03 00:00:00,2025-10-03 23:59:59;1759442400000,1759528799999]"
Europe/Berlin,1759497844132,0adab909-eb8f-4baf-9eed-7a4cc889cb7c,1,2025-10-03 15:24:04,2025-10-03,15:24:04,15,24,"[daily_RR0SS#2025-10-03 00:00:00,2025-10-03 23:59:59;1759442400000,1759528799999]"
Europe/Berlin,1759497848651,0adab909-eb8f-4baf-9eed-7a4cc889cb7c,3,2025-10-03 15:24:08,2025-10-03,15:24:08,15,24,"[daily_RR0SS#2025-10-03 00:00:00,2025-10-03 23:59:59;1759442400000,1759528799999]"
Europe/Berlin,1759506148128,0adab909-eb8f-4baf-9eed-7a4cc889cb7c,0,2025-10-03 17:42:28,2025-10-03,17:42:28,17,42,"[daily_RR0SS#2025-10-03 00:00:00,2025-10-03 23:59:59;1759442400000,1759528799999]"
Europe/Berlin,1759507470084,0adab909-eb8f-4baf-9eed-7a4cc889cb7c,1,2025-10-03 18:04:30,2025-10-03,18:04:30,18,4,"[daily_RR0SS#2025-10-03 00:00:00,2025-10-03 23:59:59;1759442400000,1759528799999]"
Europe/Berlin,1759507473665,0adab909-eb8f-4baf-9eed-7a4cc889cb7c,3,2025-10-03 18:04:33,2025-10-03,18:04:33,18,4,"[daily_RR0SS#2025-10-03 00:00:00,2025-10-03 23:59:59;1759442400000,1759528799999]"
Europe/Berlin,1759507503645,0adab909-eb8f-4baf-9eed-7a4cc889cb7c,0,2025-10-03 18:05:03,2025-10-03,18:05:03,18,5,"[daily_RR0SS#2025-10-03 00:00:00,2025-10-03 23:59:59;1759442400000,1759528799999]"
Europe/Berlin,1759507503661,0adab909-eb8f-4baf-9eed-7a4cc889cb7c,2,2025-10-03 18:05:03,2025-10-03,18:05:03,18,5,"[daily_RR0SS#2025-10-03 00:00:00,2025-10-03 23:59:59;1759442400000,1759528799999]"
Europe/Berlin,1759508834298,0adab909-eb8f-4baf-9eed-7a4cc889cb7c,1,2025-10-03 18:27:14,2025-10-03,18:27:14,18,27,"[daily_RR0SS#2025-10-03 00:00:00,2025-10-03 23:59:59;1759442400000,1759528799999]"
Europe/Berlin,1759508840765,0adab909-eb8f-4baf-9eed-7a4cc889cb7c,0,2025-10-03 18:27:20,2025-10-03,18:27:20,18,27,"[daily_RR0SS#2025-10-03 00:00:00,2025-10-03 23:59:59;1759442400000,1759528799999]"
Europe/Berlin,1759508840782,0adab909-eb8f-4baf-9eed-7a4cc889cb7c,2,2025-10-03 18:27:20,2025-10-03,18:27:20,18,27,"[daily_RR0SS#2025-10-03 00:00:00,2025-10-03 23:59:59;1759442400000,1759528799999]"
Europe/Berlin,1759509486858,0adab909-eb8f-4baf-9eed-7a4cc889cb7c,1,2025-10-03 18:38:06,2025-10-03,18:38:06,18,38,"[daily_RR0SS#2025-10-03 00:00:00,2025-10-03 23:59:59;1759442400000,1759528799999]"
Europe/Berlin,1759509489485,0adab909-eb8f-4baf-9eed-7a4cc889cb7c,0,2025-10-03 18:38:09,2025-10-03,18:38:09,18,38,"[daily_RR0SS#2025-10-03 00:00:00,2025-10-03 23:59:59;1759442400000,1759528799999]"
Europe/Berlin,1759509489494,0adab909-eb8f-4baf-9eed-7a4cc889cb7c,2,2025-10-03 18:38:09,2025-10-03,18:38:09,18,38,"[daily_RR0SS#2025-10-03 00:00:00,2025-10-03 23:59:59;1759442400000,1759528799999]"
Europe/Berlin,1759509604283,0adab909-eb8f-4baf-9eed-7a4cc889cb7c,1,2025-10-03 18:40:04,2025-10-03,18:40:04,18,40,"[daily_RR0SS#2025-10-03 00:00:00,2025-10-03 23:59:59;1759442400000,1759528799999]"
Europe/Berlin,1759509608035,0adab909-eb8f-4baf-9eed-7a4cc889cb7c,3,2025-10-03 18:40:08,2025-10-03,18:40:08,18,40,"[daily_RR0SS#2025-10-03 00:00:00,2025-10-03 23:59:59;1759442400000,1759528799999]"
Europe/Berlin,1759509657482,0adab909-eb8f-4baf-9eed-7a4cc889cb7c,0,2025-10-03 18:40:57,2025-10-03,18:40:57,18,40,"[daily_RR0SS#2025-10-03 00:00:00,2025-10-03 23:59:59;1759442400000,1759528799999]"
Europe/Berlin,1759509657500,0adab909-eb8f-4baf-9eed-7a4cc889cb7c,2,2025-10-03 18:40:57,2025-10-03,18:40:57,18,40,"[daily_RR0SS#2025-10-03 00:00:00,2025-10-03 23:59:59;1759442400000,1759528799999]"
Europe/Berlin,1759511423947,0adab909-eb8f-4baf-9eed-7a4cc889cb7c,1,2025-10-03 19:10:23,2025-10-03,19:10:23,19,10,"[daily_RR0SS#2025-10-03 00:00:00,2025-10-03 23:59:59;1759442400000,1759528799999]"
Europe/Berlin,1759511425390,0adab909-eb8f-4baf-9eed-7a4cc889cb7c,3,2025-10-03 19:10:25,2025-10-03,19:10:25,19,10,"[daily_RR0SS#2025-10-03 00:00:00,2025-10-03 23:59:59;1759442400000,1759528799999]"
Europe/Berlin,1759512147310,0adab909-eb8f-4baf-9eed-7a4cc889cb7c,0,2025-10-03 19:22:27,2025-10-03,19:22:27,19,22,"[daily_RR0SS#2025-10-03 00:00:00,2025-10-03 23:59:59;1759442400000,1759528799999]"
Europe/Berlin,1759513515145,0adab909-eb8f-4baf-9eed-7a4cc889cb7c,1,2025-10-03 19:45:15,2025-10-03,19:45:15,19,45,"[daily_RR0SS#2025-10-03 00:00:00,2025-10-03 23:59:59;1759442400000,1759528799999]"
Europe/Berlin,1759513519444,0adab909-eb8f-4baf-9eed-7a4cc889cb7c,3,2025-10-03 19:45:19,2025-10-03,19:45:19,19,45,"[daily_RR0SS#2025-10-03 00:00:00,2025-10-03 23:59:59;1759442400000,1759528799999]"
Europe/Berlin,1759526397209,0adab909-eb8f-4baf-9eed-7a4cc889cb7c,0,2025-10-03 23:19:57,2025-10-03,23:19:57,23,19,"[daily_RR0SS#2025-10-03 00:00:00,2025-10-03 23:59:59;1759442400000,1759528799999]"
Europe/Berlin,1759526397220,0adab909-eb8f-4baf-9eed-7a4cc889cb7c,2,2025-10-03 23:19:57,2025-10-03,23:19:57,23,19,"[daily_RR0SS#2025-10-03 00:00:00,2025-10-03 23:59:59;1759442400000,1759528799999]"
Europe/Berlin,1759526433338,0adab909-eb8f-4baf-9eed-7a4cc889cb7c,1,2025-10-03 23:20:33,2025-10-03,23:20:33,23,20,"[daily_RR0SS#2025-10-03 00:00:00,2025-10-03 23:59:59;1759442400000,1759528799999]"
Europe/Berlin,1759526456600,0adab909-eb8f-4baf-9eed-7a4cc889cb7c,0,2025-10-03 23:20:56,2025-10-03,23:20:56,23,20,"[daily_RR0SS#2025-10-03 00:00:00,2025-10-03 23:59:59;1759442400000,1759528799999]"
Europe/Berlin,1759526456608,0adab909-eb8f-4baf-9eed-7a4cc889cb7c,2,2025-10-03 23:20:56,2025-10-03,23:20:56,23,20,"[daily_RR0SS#2025-10-03 00:00:00,2025-10-03 23:59:59;1759442400000,1759528799999]"
Europe/Berlin,1759528527813,0adab909-eb8f-4baf-9eed-7a4cc889cb7c,1,2025-10-03 23:55:27,2025-10-03,23:55:27,23,55,"[daily_RR0SS#2025-10-03 00:00:00,2025-10-03 23:59:59;1759442400000,1759528799999]"
Europe/Berlin,1759528532051,0adab909-eb8f-4baf-9eed-7a4cc889cb7c,0,2025-10-03 23:55:32,2025-10-03,23:55:32,23,55,"[daily_RR0SS#2025-10-03 00:00:00,2025-10-03 23:59:59;1759442400000,1759528799999]"
Europe/Berlin,1759528532058,0adab909-eb8f-4baf-9eed-7a4cc889cb7c,2,2025-10-03 23:55:32,2025-10-03,23:55:32,23,55,"[daily_RR0SS#2025-10-03 00:00:00,2025-10-03 23:59:59;1759442400000,1759528799999]"
Europe/Berlin,1759551900681,0adab909-eb8f-4baf-9eed-7a4cc889cb7c,1,2025-10-04 06:25:00,2025-10-04,06:25:00,6,25,"[daily_RR0SS#2025-10-04 00:00:00,2025-10-04 23:59:59;1759528800000,1759615199999]"
Europe/Berlin,1759551914422,0adab909-eb8f-4baf-9eed-7a4cc889cb7c,0,2025-10-04 06:25:14,2025-10-04,06:25:14,6,25,"[daily_RR0SS#2025-10-04 00:00:00,2025-10-04 23:59:59;1759528800000,1759615199999]"
Europe/Berlin,1759551914440,0adab909-eb8f-4baf-9eed-7a4cc889cb7c,2,2025-10-04 06:25:14,2025-10-04,06:25:14,6,25,"[daily_RR0SS#2025-10-04 00:00:00,2025-10-04 23:59:59;1759528800000,1759615199999]"
Europe/Berlin,1759559400387,0adab909-eb8f-4baf-9eed-7a4cc889cb7c,1,2025-10-04 08:30:00,2025-10-04,08:30:00,8,30,"[daily_RR0SS#2025-10-04 00:00:00,2025-10-04 23:59:59;1759528800000,1759615199999]"
Europe/Berlin,1759559413908,0adab909-eb8f-4baf-9eed-7a4cc889cb7c,0,2025-10-04 08:30:13,2025-10-04,08:30:13,8,30,"[daily_RR0SS#2025-10-04 00:00:00,2025-10-04 23:59:59;1759528800000,1759615199999]"
Europe/Berlin,1759559413918,0adab909-eb8f-4baf-9eed-7a4cc889cb7c,2,2025-10-04 08:30:13,2025-10-04,08:30:13,8,30,"[daily_RR0SS#2025-10-04 00:00:00,2025-10-04 23:59:59;1759528800000,1759615199999]"
Europe/Berlin,1759564560061,0adab909-eb8f-4baf-9eed-7a4cc889cb7c,1,2025-10-04 09:56:00,2025-10-04,09:56:00,9,56,"[daily_RR0SS#2025-10-04 00:00:00,2025-10-04 23:59:59;1759528800000,1759615199999]"
Europe/Berlin,1759564567314,0adab909-eb8f-4baf-9eed-7a4cc889cb7c,0,2025-10-04 09:56:07,2025-10-04,09:56:07,9,56,"[daily_RR0SS#2025-10-04 00:00:00,2025-10-04 23:59:59;1759528800000,1759615199999]"
Europe/Berlin,1759564567327,0adab909-eb8f-4baf-9eed-7a4cc889cb7c,2,2025-10-04 09:56:07,2025-10-04,09:56:07,9,56,"[daily_RR0SS#2025-10-04 00:00:00,2025-10-04 23:59:59;1759528800000,1759615199999]"
Europe/Berlin,1759564567418,0adab909-eb8f-4baf-9eed-7a4cc889cb7c,1,2025-10-04 09:56:07,2025-10-04,09:56:07,9,56,"[daily_RR0SS#2025-10-04 00:00:00,2025-10-04 23:59:59;1759528800000,1759615199999]"
Europe/Berlin,1759564570132,0adab909-eb8f-4baf-9eed-7a4cc889cb7c,0,2025-10-04 09:56:10,2025-10-04,09:56:10,9,56,"[daily_RR0SS#2025-10-04 00:00:00,2025-10-04 23:59:59;1759528800000,1759615199999]"
Europe/Berlin,1759564570141,0adab909-eb8f-4baf-9eed-7a4cc889cb7c,2,2025-10-04 09:56:10,2025-10-04,09:56:10,9,56,"[daily_RR0SS#2025-10-04 00:00:00,2025-10-04 23:59:59;1759528800000,1759615199999]"
Europe/Berlin,1759564767706,0adab909-eb8f-4baf-9eed-7a4cc889cb7c,1,2025-10-04 09:59:27,2025-10-04,09:59:27,9,59,"[daily_RR0SS#2025-10-04 00:00:00,2025-10-04 23:59:59;1759528800000,1759615199999]"
Europe/Berlin,1759564770707,0adab909-eb8f-4baf-9eed-7a4cc889cb7c,3,2025-10-04 09:59:30,2025-10-04,09:59:30,9,59,"[daily_RR0SS#2025-10-04 00:00:00,2025-10-04 23:59:59;1759528800000,1759615199999]"
Europe/Berlin,1759567367731,0adab909-eb8f-4baf-9eed-7a4cc889cb7c,0,2025-10-04 10:42:47,2025-10-04,10:42:47,10,42,"[daily_RR0SS#2025-10-04 00:00:00,2025-10-04 23:59:59;1759528800000,1759615199999]"
Europe/Berlin,1759567367743,0adab909-eb8f-4baf-9eed-7a4cc889cb7c,2,2025-10-04 10:42:47,2025-10-04,10:42:47,10,42,"[daily_RR0SS#2025-10-04 00:00:00,2025-10-04 23:59:59;1759528800000,1759615199999]"
Europe/Berlin,1759567372794,0adab909-eb8f-4baf-9eed-7a4cc889cb7c,1,2025-10-04 10:42:52,2025-10-04,10:42:52,10,42,"[daily_RR0SS#2025-10-04 00:00:00,2025-10-04 23:59:59;1759528800000,1759615199999]"
Europe/Berlin,1759567375059,0adab909-eb8f-4baf-9eed-7a4cc889cb7c,3,2025-10-04 10:42:55,2025-10-04,10:42:55,10,42,"[daily_RR0SS#2025-10-04 00:00:00,2025-10-04 23:59:59;1759528800000,1759615199999]"
Europe/Berlin,1759568233564,0adab909-eb8f-4baf-9eed-7a4cc889cb7c,0,2025-10-04 10:57:13,2025-10-04,10:57:13,10,57,"[daily_RR0SS#2025-10-04 00:00:00,2025-10-04 23:59:59;1759528800000,1759615199999]"
Europe/Berlin,1759568233581,0adab909-eb8f-4baf-9eed-7a4cc889cb7c,2,2025-10-04 10:57:13,2025-10-04,10:57:13,10,57,"[daily_RR0SS#2025-10-04 00:00:00,2025-10-04 23:59:59;1759528800000,1759615199999]"
Europe/Berlin,1759569935625,0adab909-eb8f-4baf-9eed-7a4cc889cb7c,1,2025-10-04 11:25:35,2025-10-04,11:25:35,11,25,"[daily_RR0SS#2025-10-04 00:00:00,2025-10-04 23:59:59;1759528800000,1759615199999]"
Europe/Berlin,1759569936973,0adab909-eb8f-4baf-9eed-7a4cc889cb7c,3,2025-10-04 11:25:36,2025-10-04,11:25:36,11,25,"[daily_RR0SS#2025-10-04 00:00:00,2025-10-04 23:59:59;1759528800000,1759615199999]"
Europe/Berlin,1759569990449,0adab909-eb8f-4baf-9eed-7a4cc889cb7c,0,2025-10-04 11:26:30,2025-10-04,11:26:30,11,26,"[daily_RR0SS#2025-10-04 00:00:00,2025-10-04 23:59:59;1759528800000,1759615199999]"
Europe/Berlin,1759569990458,0adab909-eb8f-4baf-9eed-7a4cc889cb7c,2,2025-10-04 11:26:30,2025-10-04,11:26:30,11,26,"[daily_RR0SS#2025-10-04 00:00:00,2025-10-04 23:59:59;1759528800000,1759615199999]"
Europe/Berlin,1759570153664,0adab909-eb8f-4baf-9eed-7a4cc889cb7c,1,2025-10-04 11:29:13,2025-10-04,11:29:13,11,29,"[daily_RR0SS#2025-10-04 00:00:00,2025-10-04 23:59:59;1759528800000,1759615199999]"
Europe/Berlin,1759570156036,0adab909-eb8f-4baf-9eed-7a4cc889cb7c,3,2025-10-04 11:29:16,2025-10-04,11:29:16,11,29,"[daily_RR0SS#2025-10-04 00:00:00,2025-10-04 23:59:59;1759528800000,1759615199999]"
Europe/Berlin,1759570196136,0adab909-eb8f-4baf-9eed-7a4cc889cb7c,0,2025-10-04 11:29:56,2025-10-04,11:29:56,11,29,"[daily_RR0SS#2025-10-04 00:00:00,2025-10-04 23:59:59;1759528800000,1759615199999]"
Europe/Berlin,1759570196147,0adab909-eb8f-4baf-9eed-7a4cc889cb7c,2,2025-10-04 11:29:56,2025-10-04,11:29:56,11,29,"[daily_RR0SS#2025-10-04 00:00:00,2025-10-04 23:59:59;1759528800000,1759615199999]"
Europe/Berlin,1759570926114,0adab909-eb8f-4baf-9eed-7a4cc889cb7c,1,2025-10-04 11:42:06,2025-10-04,11:42:06,11,42,"[daily_RR0SS#2025-10-04 00:00:00,2025-10-04 23:59:59;1759528800000,1759615199999]"
Europe/Berlin,1759570928329,0adab909-eb8f-4baf-9eed-7a4cc889cb7c,3,2025-10-04 11:42:08,2025-10-04,11:42:08,11,42,"[daily_RR0SS#2025-10-04 00:00:00,2025-10-04 23:59:59;1759528800000,1759615199999]"
Europe/Berlin,1759570974218,0adab909-eb8f-4baf-9eed-7a4cc889cb7c,0,2025-10-04 11:42:54,2025-10-04,11:42:54,11,42,"[daily_RR0SS#2025-10-04 00:00:00,2025-10-04 23:59:59;1759528800000,1759615199999]"
Europe/Berlin,1759570974230,0adab909-eb8f-4baf-9eed-7a4cc889cb7c,2,2025-10-04 11:42:54,2025-10-04,11:42:54,11,42,"[daily_RR0SS#2025-10-04 00:00:00,2025-10-04 23:59:59;1759528800000,1759615199999]"
Europe/Berlin,1759573517552,0adab909-eb8f-4baf-9eed-7a4cc889cb7c,1,2025-10-04 12:25:17,2025-10-04,12:25:17,12,25,"[daily_RR0SS#2025-10-04 00:00:00,2025-10-04 23:59:59;1759528800000,1759615199999]"
Europe/Berlin,1759573520192,0adab909-eb8f-4baf-9eed-7a4cc889cb7c,3,2025-10-04 12:25:20,2025-10-04,12:25:20,12,25,"[daily_RR0SS#2025-10-04 00:00:00,2025-10-04 23:59:59;1759528800000,1759615199999]"
Europe/Berlin,1759574626521,0adab909-eb8f-4baf-9eed-7a4cc889cb7c,0,2025-10-04 12:43:46,2025-10-04,12:43:46,12,43,"[daily_RR0SS#2025-10-04 00:00:00,2025-10-04 23:59:59;1759528800000,1759615199999]"
Europe/Berlin,1759574626533,0adab909-eb8f-4baf-9eed-7a4cc889cb7c,2,2025-10-04 12:43:46,2025-10-04,12:43:46,12,43,"[daily_RR0SS#2025-10-04 00:00:00,2025-10-04 23:59:59;1759528800000,1759615199999]"
Europe/Berlin,1759574876931,0adab909-eb8f-4baf-9eed-7a4cc889cb7c,1,2025-10-04 12:47:56,2025-10-04,12:47:56,12,47,"[daily_RR0SS#2025-10-04 00:00:00,2025-10-04 23:59:59;1759528800000,1759615199999]"
Europe/Berlin,1759574948772,0adab909-eb8f-4baf-9eed-7a4cc889cb7c,3,2025-10-04 12:49:08,2025-10-04,12:49:08,12,49,"[daily_RR0SS#2025-10-04 00:00:00,2025-10-04 23:59:59;1759528800000,1759615199999]"
Europe/Berlin,1759578323774,0adab909-eb8f-4baf-9eed-7a4cc889cb7c,0,2025-10-04 13:45:23,2025-10-04,13:45:23,13,45,"[daily_RR0SS#2025-10-04 00:00:00,2025-10-04 23:59:59;1759528800000,1759615199999]"
Europe/Berlin,1759582838725,0adab909-eb8f-4baf-9eed-7a4cc889cb7c,1,2025-10-04 15:00:38,2025-10-04,15:00:38,15,0,"[daily_RR0SS#2025-10-04 00:00:00,2025-10-04 23:59:59;1759528800000,1759615199999]"
Europe/Berlin,1759582843061,0adab909-eb8f-4baf-9eed-7a4cc889cb7c,3,2025-10-04 15:00:43,2025-10-04,15:00:43,15,0,"[daily_RR0SS#2025-10-04 00:00:00,2025-10-04 23:59:59;1759528800000,1759615199999]"
Europe/Berlin,1759582849810,0adab909-eb8f-4baf-9eed-7a4cc889cb7c,0,2025-10-04 15:00:49,2025-10-04,15:00:49,15,0,"[daily_RR0SS#2025-10-04 00:00:00,2025-10-04 23:59:59;1759528800000,1759615199999]"
Europe/Berlin,1759582849834,0adab909-eb8f-4baf-9eed-7a4cc889cb7c,2,2025-10-04 15:00:49,2025-10-04,15:00:49,15,0,"[daily_RR0SS#2025-10-04 00:00:00,2025-10-04 23:59:59;1759528800000,1759615199999]"
Europe/Berlin,1759584321118,0adab909-eb8f-4baf-9eed-7a4cc889cb7c,1,2025-10-04 15:25:21,2025-10-04,15:25:21,15,25,"[daily_RR0SS#2025-10-04 00:00:00,2025-10-04 23:59:59;1759528800000,1759615199999]"
Europe/Berlin,1759584324893,0adab909-eb8f-4baf-9eed-7a4cc889cb7c,3,2025-10-04 15:25:24,2025-10-04,15:25:24,15,25,"[daily_RR0SS#2025-10-04 00:00:00,2025-10-04 23:59:59;1759528800000,1759615199999]"
Europe/Berlin,1759586758686,0adab909-eb8f-4baf-9eed-7a4cc889cb7c,0,2025-10-04 16:05:58,2025-10-04,16:05:58,16,5,"[daily_RR0SS#2025-10-04 00:00:00,2025-10-04 23:59:59;1759528800000,1759615199999]"
Europe/Berlin,1759586758736,0adab909-eb8f-4baf-9eed-7a4cc889cb7c,2,2025-10-04 16:05:58,2025-10-04,16:05:58,16,5,"[daily_RR0SS#2025-10-04 00:00:00,2025-10-04 23:59:59;1759528800000,1759615199999]"
Europe/Berlin,1759587420449,0adab909-eb8f-4baf-9eed-7a4cc889cb7c,1,2025-10-04 16:17:00,2025-10-04,16:17:00,16,17,"[daily_RR0SS#2025-10-04 00:00:00,2025-10-04 23:59:59;1759528800000,1759615199999]"
Europe/Berlin,1759587421502,0adab909-eb8f-4baf-9eed-7a4cc889cb7c,3,2025-10-04 16:17:01,2025-10-04,16:17:01,16,17,"[daily_RR0SS#2025-10-04 00:00:00,2025-10-04 23:59:59;1759528800000,1759615199999]"
Europe/Berlin,1759588029915,0adab909-eb8f-4baf-9eed-7a4cc889cb7c,0,2025-10-04 16:27:09,2025-10-04,16:27:09,16,27,"[daily_RR0SS#2025-10-04 00:00:00,2025-10-04 23:59:59;1759528800000,1759615199999]"
Europe/Berlin,1759593003886,0adab909-eb8f-4baf-9eed-7a4cc889cb7c,1,2025-10-04 17:50:03,2025-10-04,17:50:03,17,50,"[daily_RR0SS#2025-10-04 00:00:00,2025-10-04 23:59:59;1759528800000,1759615199999]"
Europe/Berlin,1759593009193,0adab909-eb8f-4baf-9eed-7a4cc889cb7c,3,2025-10-04 17:50:09,2025-10-04,17:50:09,17,50,"[daily_RR0SS#2025-10-04 00:00:00,2025-10-04 23:59:59;1759528800000,1759615199999]"
Europe/Berlin,1759593725045,0adab909-eb8f-4baf-9eed-7a4cc889cb7c,0,2025-10-04 18:02:05,2025-10-04,18:02:05,18,2,"[daily_RR0SS#2025-10-04 00:00:00,2025-10-04 23:59:59;1759528800000,1759615199999]"
Europe/Berlin,1759593725056,0adab909-eb8f-4baf-9eed-7a4cc889cb7c,2,2025-10-04 18:02:05,2025-10-04,18:02:05,18,2,"[daily_RR0SS#2025-10-04 00:00:00,2025-10-04 23:59:59;1759528800000,1759615199999]"
Europe/Berlin,1759593821845,0adab909-eb8f-4baf-9eed-7a4cc889cb7c,1,2025-10-04 18:03:41,2025-10-04,18:03:41,18,3,"[daily_RR0SS#2025-10-04 00:00:00,2025-10-04 23:59:59;1759528800000,1759615199999]"
Europe/Berlin,1759593823085,0adab909-eb8f-4baf-9eed-7a4cc889cb7c,3,2025-10-04 18:03:43,2025-10-04,18:03:43,18,3,"[daily_RR0SS#2025-10-04 00:00:00,2025-10-04 23:59:59;1759528800000,1759615199999]"
Europe/Berlin,1759594608181,0adab909-eb8f-4baf-9eed-7a4cc889cb7c,0,2025-10-04 18:16:48,2025-10-04,18:16:48,18,16,"[daily_RR0SS#2025-10-04 00:00:00,2025-10-04 23:59:59;1759528800000,1759615199999]"
Europe/Berlin,1759594761470,0adab909-eb8f-4baf-9eed-7a4cc889cb7c,1,2025-10-04 18:19:21,2025-10-04,18:19:21,18,19,"[daily_RR0SS#2025-10-04 00:00:00,2025-10-04 23:59:59;1759528800000,1759615199999]"
Europe/Berlin,1759594763680,0adab909-eb8f-4baf-9eed-7a4cc889cb7c,3,2025-10-04 18:19:23,2025-10-04,18:19:23,18,19,"[daily_RR0SS#2025-10-04 00:00:00,2025-10-04 23:59:59;1759528800000,1759615199999]"
Europe/Berlin,1759595375192,0adab909-eb8f-4baf-9eed-7a4cc889cb7c,0,2025-10-04 18:29:35,2025-10-04,18:29:35,18,29,"[daily_RR0SS#2025-10-04 00:00:00,2025-10-04 23:59:59;1759528800000,1759615199999]"
Europe/Berlin,1759597396477,0adab909-eb8f-4baf-9eed-7a4cc889cb7c,1,2025-10-04 19:03:16,2025-10-04,19:03:16,19,3,"[daily_RR0SS#2025-10-04 00:00:00,2025-10-04 23:59:59;1759528800000,1759615199999]"
Europe/Berlin,1759597408934,0adab909-eb8f-4baf-9eed-7a4cc889cb7c,0,2025-10-04 19:03:28,2025-10-04,19:03:28,19,3,"[daily_RR0SS#2025-10-04 00:00:00,2025-10-04 23:59:59;1759528800000,1759615199999]"
Europe/Berlin,1759597408954,0adab909-eb8f-4baf-9eed-7a4cc889cb7c,2,2025-10-04 19:03:28,2025-10-04,19:03:28,19,3,"[daily_RR0SS#2025-10-04 00:00:00,2025-10-04 23:59:59;1759528800000,1759615199999]"
Europe/Berlin,1759597954357,0adab909-eb8f-4baf-9eed-7a4cc889cb7c,1,2025-10-04 19:12:34,2025-10-04,19:12:34,19,12,"[daily_RR0SS#2025-10-04 00:00:00,2025-10-04 23:59:59;1759528800000,1759615199999]"
Europe/Berlin,1759597955759,0adab909-eb8f-4baf-9eed-7a4cc889cb7c,0,2025-10-04 19:12:35,2025-10-04,19:12:35,19,12,"[daily_RR0SS#2025-10-04 00:00:00,2025-10-04 23:59:59;1759528800000,1759615199999]"
Europe/Berlin,1759597955770,0adab909-eb8f-4baf-9eed-7a4cc889cb7c,2,2025-10-04 19:12:35,2025-10-04,19:12:35,19,12,"[daily_RR0SS#2025-10-04 00:00:00,2025-10-04 23:59:59;1759528800000,1759615199999]"
Europe/Berlin,1759597955859,0adab909-eb8f-4baf-9eed-7a4cc889cb7c,1,2025-10-04 19:12:35,2025-10-04,19:12:35,19,12,"[daily_RR0SS#2025-10-04 00:00:00,2025-10-04 23:59:59;1759528800000,1759615199999]"
Europe/Berlin,1759597956644,0adab909-eb8f-4baf-9eed-7a4cc889cb7c,3,2025-10-04 19:12:36,2025-10-04,19:12:36,19,12,"[daily_RR0SS#2025-10-04 00:00:00,2025-10-04 23:59:59;1759528800000,1759615199999]"
Europe/Berlin,1759598588210,0adab909-eb8f-4baf-9eed-7a4cc889cb7c,0,2025-10-04 19:23:08,2025-10-04,19:23:08,19,23,"[daily_RR0SS#2025-10-04 00:00:00,2025-10-04 23:59:59;1759528800000,1759615199999]"
Europe/Berlin,1759598678838,0adab909-eb8f-4baf-9eed-7a4cc889cb7c,1,2025-10-04 19:24:38,2025-10-04,19:24:38,19,24,"[daily_RR0SS#2025-10-04 00:00:00,2025-10-04 23:59:59;1759528800000,1759615199999]"
Europe/Berlin,1759598686391,0adab909-eb8f-4baf-9eed-7a4cc889cb7c,0,2025-10-04 19:24:46,2025-10-04,19:24:46,19,24,"[daily_RR0SS#2025-10-04 00:00:00,2025-10-04 23:59:59;1759528800000,1759615199999]"
Europe/Berlin,1759598686399,0adab909-eb8f-4baf-9eed-7a4cc889cb7c,2,2025-10-04 19:24:46,2025-10-04,19:24:46,19,24,"[daily_RR0SS#2025-10-04 00:00:00,2025-10-04 23:59:59;1759528800000,1759615199999]"
Europe/Berlin,1759598971590,0adab909-eb8f-4baf-9eed-7a4cc889cb7c,1,2025-10-04 19:29:31,2025-10-04,19:29:31,19,29,"[daily_RR0SS#2025-10-04 00:00:00,2025-10-04 23:59:59;1759528800000,1759615199999]"
Europe/Berlin,1759598977767,0adab909-eb8f-4baf-9eed-7a4cc889cb7c,3,2025-10-04 19:29:37,2025-10-04,19:29:37,19,29,"[daily_RR0SS#2025-10-04 00:00:00,2025-10-04 23:59:59;1759528800000,1759615199999]"
Europe/Berlin,1759599391101,0adab909-eb8f-4baf-9eed-7a4cc889cb7c,0,2025-10-04 19:36:31,2025-10-04,19:36:31,19,36,"[daily_RR0SS#2025-10-04 00:00:00,2025-10-04 23:59:59;1759528800000,1759615199999]"
Europe/Berlin,1759599391115,0adab909-eb8f-4baf-9eed-7a4cc889cb7c,2,2025-10-04 19:36:31,2025-10-04,19:36:31,19,36,"[daily_RR0SS#2025-10-04 00:00:00,2025-10-04 23:59:59;1759528800000,1759615199999]"
Europe/Berlin,1759599424770,0adab909-eb8f-4baf-9eed-7a4cc889cb7c,1,2025-10-04 19:37:04,2025-10-04,19:37:04,19,37,"[daily_RR0SS#2025-10-04 00:00:00,2025-10-04 23:59:59;1759528800000,1759615199999]"
Europe/Berlin,1759599428075,0adab909-eb8f-4baf-9eed-7a4cc889cb7c,3,2025-10-04 19:37:08,2025-10-04,19:37:08,19,37,"[daily_RR0SS#2025-10-04 00:00:00,2025-10-04 23:59:59;1759528800000,1759615199999]"
Europe/Berlin,1759599432363,0adab909-eb8f-4baf-9eed-7a4cc889cb7c,0,2025-10-04 19:37:12,2025-10-04,19:37:12,19,37,"[daily_RR0SS#2025-10-04 00:00:00,2025-10-04 23:59:59;1759528800000,1759615199999]"
Europe/Berlin,1759599432382,0adab909-eb8f-4baf-9eed-7a4cc889cb7c,2,2025-10-04 19:37:12,2025-10-04,19:37:12,19,37,"[daily_RR0SS#2025-10-04 00:00:00,2025-10-04 23:59:59;1759528800000,1759615199999]"
Europe/Berlin,1759599519604,0adab909-eb8f-4baf-9eed-7a4cc889cb7c,1,2025-10-04 19:38:39,2025-10-04,19:38:39,19,38,"[daily_RR0SS#2025-10-04 00:00:00,2025-10-04 23:59:59;1759528800000,1759615199999]"
Europe/Berlin,1759599520404,0adab909-eb8f-4baf-9eed-7a4cc889cb7c,3,2025-10-04 19:38:40,2025-10-04,19:38:40,19,38,"[daily_RR0SS#2025-10-04 00:00:00,2025-10-04 23:59:59;1759528800000,1759615199999]"
Europe/Berlin,1759599723994,0adab909-eb8f-4baf-9eed-7a4cc889cb7c,0,2025-10-04 19:42:03,2025-10-04,19:42:03,19,42,"[daily_RR0SS#2025-10-04 00:00:00,2025-10-04 23:59:59;1759528800000,1759615199999]"
Europe/Berlin,1759599724007,0adab909-eb8f-4baf-9eed-7a4cc889cb7c,2,2025-10-04 19:42:04,2025-10-04,19:42:04,19,42,"[daily_RR0SS#2025-10-04 00:00:00,2025-10-04 23:59:59;1759528800000,1759615199999]"
Europe/Berlin,1759599732546,0adab909-eb8f-4baf-9eed-7a4cc889cb7c,1,2025-10-04 19:42:12,2025-10-04,19:42:12,19,42,"[daily_RR0SS#2025-10-04 00:00:00,2025-10-04 23:59:59;1759528800000,1759615199999]"
Europe/Berlin,1759599735352,0adab909-eb8f-4baf-9eed-7a4cc889cb7c,3,2025-10-04 19:42:15,2025-10-04,19:42:15,19,42,"[daily_RR0SS#2025-10-04 00:00:00,2025-10-04 23:59:59;1759528800000,1759615199999]"
Europe/Berlin,1759599927716,0adab909-eb8f-4baf-9eed-7a4cc889cb7c,0,2025-10-04 19:45:27,2025-10-04,19:45:27,19,45,"[daily_RR0SS#2025-10-04 00:00:00,2025-10-04 23:59:59;1759528800000,1759615199999]"
Europe/Berlin,1759599927728,0adab909-eb8f-4baf-9eed-7a4cc889cb7c,2,2025-10-04 19:45:27,2025-10-04,19:45:27,19,45,"[daily_RR0SS#2025-10-04 00:00:00,2025-10-04 23:59:59;1759528800000,1759615199999]"
Europe/Berlin,1759599995099,0adab909-eb8f-4baf-9eed-7a4cc889cb7c,1,2025-10-04 19:46:35,2025-10-04,19:46:35,19,46,"[daily_RR0SS#2025-10-04 00:00:00,2025-10-04 23:59:59;1759528800000,1759615199999]"
Europe/Berlin,1759599997064,0adab909-eb8f-4baf-9eed-7a4cc889cb7c,3,2025-10-04 19:46:37,2025-10-04,19:46:37,19,46,"[daily_RR0SS#2025-10-04 00:00:00,2025-10-04 23:59:59;1759528800000,1759615199999]"
Europe/Berlin,1759600012480,0adab909-eb8f-4baf-9eed-7a4cc889cb7c,0,2025-10-04 19:46:52,2025-10-04,19:46:52,19,46,"[daily_RR0SS#2025-10-04 00:00:00,2025-10-04 23:59:59;1759528800000,1759615199999]"
Europe/Berlin,1759600012492,0adab909-eb8f-4baf-9eed-7a4cc889cb7c,2,2025-10-04 19:46:52,2025-10-04,19:46:52,19,46,"[daily_RR0SS#2025-10-04 00:00:00,2025-10-04 23:59:59;1759528800000,1759615199999]"
Europe/Berlin,1759600061568,0adab909-eb8f-4baf-9eed-7a4cc889cb7c,1,2025-10-04 19:47:41,2025-10-04,19:47:41,19,47,"[daily_RR0SS#2025-10-04 00:00:00,2025-10-04 23:59:59;1759528800000,1759615199999]"
Europe/Berlin,1759600062265,0adab909-eb8f-4baf-9eed-7a4cc889cb7c,3,2025-10-04 19:47:42,2025-10-04,19:47:42,19,47,"[daily_RR0SS#2025-10-04 00:00:00,2025-10-04 23:59:59;1759528800000,1759615199999]"
Europe/Berlin,1759600138363,0adab909-eb8f-4baf-9eed-7a4cc889cb7c,0,2025-10-04 19:48:58,2025-10-04,19:48:58,19,48,"[daily_RR0SS#2025-10-04 00:00:00,2025-10-04 23:59:59;1759528800000,1759615199999]"
Europe/Berlin,1759600138377,0adab909-eb8f-4baf-9eed-7a4cc889cb7c,2,2025-10-04 19:48:58,2025-10-04,19:48:58,19,48,"[daily_RR0SS#2025-10-04 00:00:00,2025-10-04 23:59:59;1759528800000,1759615199999]"
Europe/Berlin,1759600288067,0adab909-eb8f-4baf-9eed-7a4cc889cb7c,1,2025-10-04 19:51:28,2025-10-04,19:51:28,19,51,"[daily_RR0SS#2025-10-04 00:00:00,2025-10-04 23:59:59;1759528800000,1759615199999]"
Europe/Berlin,1759600289894,0adab909-eb8f-4baf-9eed-7a4cc889cb7c,0,2025-10-04 19:51:29,2025-10-04,19:51:29,19,51,"[daily_RR0SS#2025-10-04 00:00:00,2025-10-04 23:59:59;1759528800000,1759615199999]"
Europe/Berlin,1759600289907,0adab909-eb8f-4baf-9eed-7a4cc889cb7c,2,2025-10-04 19:51:29,2025-10-04,19:51:29,19,51,"[daily_RR0SS#2025-10-04 00:00:00,2025-10-04 23:59:59;1759528800000,1759615199999]"
Europe/Berlin,1759602870144,0adab909-eb8f-4baf-9eed-7a4cc889cb7c,1,2025-10-04 20:34:30,2025-10-04,20:34:30,20,34,"[daily_RR0SS#2025-10-04 00:00:00,2025-10-04 23:59:59;1759528800000,1759615199999]"
Europe/Berlin,1759602873409,0adab909-eb8f-4baf-9eed-7a4cc889cb7c,3,2025-10-04 20:34:33,2025-10-04,20:34:33,20,34,"[daily_RR0SS#2025-10-04 00:00:00,2025-10-04 23:59:59;1759528800000,1759615199999]"
Europe/Berlin,1759603484263,0adab909-eb8f-4baf-9eed-7a4cc889cb7c,0,2025-10-04 20:44:44,2025-10-04,20:44:44,20,44,"[daily_RR0SS#2025-10-04 00:00:00,2025-10-04 23:59:59;1759528800000,1759615199999]"
Europe/Berlin,1759605243761,0adab909-eb8f-4baf-9eed-7a4cc889cb7c,1,2025-10-04 21:14:03,2025-10-04,21:14:03,21,14,"[daily_RR0SS#2025-10-04 00:00:00,2025-10-04 23:59:59;1759528800000,1759615199999]"
Europe/Berlin,1759605245787,0adab909-eb8f-4baf-9eed-7a4cc889cb7c,3,2025-10-04 21:14:05,2025-10-04,21:14:05,21,14,"[daily_RR0SS#2025-10-04 00:00:00,2025-10-04 23:59:59;1759528800000,1759615199999]"
Europe/Berlin,1759605786042,0adab909-eb8f-4baf-9eed-7a4cc889cb7c,0,2025-10-04 21:23:06,2025-10-04,21:23:06,21,23,"[daily_RR0SS#2025-10-04 00:00:00,2025-10-04 23:59:59;1759528800000,1759615199999]"
Europe/Berlin,1759605786050,0adab909-eb8f-4baf-9eed-7a4cc889cb7c,2,2025-10-04 21:23:06,2025-10-04,21:23:06,21,23,"[daily_RR0SS#2025-10-04 00:00:00,2025-10-04 23:59:59;1759528800000,1759615199999]"
Europe/Berlin,1759605860471,0adab909-eb8f-4baf-9eed-7a4cc889cb7c,1,2025-10-04 21:24:20,2025-10-04,21:24:20,21,24,"[daily_RR0SS#2025-10-04 00:00:00,2025-10-04 23:59:59;1759528800000,1759615199999]"
Europe/Berlin,1759605864467,0adab909-eb8f-4baf-9eed-7a4cc889cb7c,3,2025-10-04 21:24:24,2025-10-04,21:24:24,21,24,"[daily_RR0SS#2025-10-04 00:00:00,2025-10-04 23:59:59;1759528800000,1759615199999]"
Europe/Berlin,1759606552971,0adab909-eb8f-4baf-9eed-7a4cc889cb7c,0,2025-10-04 21:35:52,2025-10-04,21:35:52,21,35,"[daily_RR0SS#2025-10-04 00:00:00,2025-10-04 23:59:59;1759528800000,1759615199999]"
Europe/Berlin,1759609691130,0adab909-eb8f-4baf-9eed-7a4cc889cb7c,1,2025-10-04 22:28:11,2025-10-04,22:28:11,22,28,"[daily_RR0SS#2025-10-04 00:00:00,2025-10-04 23:59:59;1759528800000,1759615199999]"
Europe/Berlin,1759609697147,0adab909-eb8f-4baf-9eed-7a4cc889cb7c,0,2025-10-04 22:28:17,2025-10-04,22:28:17,22,28,"[daily_RR0SS#2025-10-04 00:00:00,2025-10-04 23:59:59;1759528800000,1759615199999]"
Europe/Berlin,1759609697167,0adab909-eb8f-4baf-9eed-7a4cc889cb7c,2,2025-10-04 22:28:17,2025-10-04,22:28:17,22,28,"[daily_RR0SS#2025-10-04 00:00:00,2025-10-04 23:59:59;1759528800000,1759615199999]"
Europe/Berlin,1759609871883,0adab909-eb8f-4baf-9eed-7a4cc889cb7c,1,2025-10-04 22:31:11,2025-10-04,22:31:11,22,31,"[daily_RR0SS#2025-10-04 00:00:00,2025-10-04 23:59:59;1759528800000,1759615199999]"
Europe/Berlin,1759609872938,0adab909-eb8f-4baf-9eed-7a4cc889cb7c,3,2025-10-04 22:31:12,2025-10-04,22:31:12,22,31,"[daily_RR0SS#2025-10-04 00:00:00,2025-10-04 23:59:59;1759528800000,1759615199999]"
Europe/Berlin,1759610696572,0adab909-eb8f-4baf-9eed-7a4cc889cb7c,0,2025-10-04 22:44:56,2025-10-04,22:44:56,22,44,"[daily_RR0SS#2025-10-04 00:00:00,2025-10-04 23:59:59;1759528800000,1759615199999]"
Europe/Berlin,1759610696590,0adab909-eb8f-4baf-9eed-7a4cc889cb7c,2,2025-10-04 22:44:56,2025-10-04,22:44:56,22,44,"[daily_RR0SS#2025-10-04 00:00:00,2025-10-04 23:59:59;1759528800000,1759615199999]"
Europe/Berlin,1759610759175,0adab909-eb8f-4baf-9eed-7a4cc889cb7c,1,2025-10-04 22:45:59,2025-10-04,22:45:59,22,45,"[daily_RR0SS#2025-10-04 00:00:00,2025-10-04 23:59:59;1759528800000,1759615199999]"
Europe/Berlin,1759610760237,0adab909-eb8f-4baf-9eed-7a4cc889cb7c,3,2025-10-04 22:46:00,2025-10-04,22:46:00,22,46,"[daily_RR0SS#2025-10-04 00:00:00,2025-10-04 23:59:59;1759528800000,1759615199999]"
Europe/Berlin,1759615113657,0adab909-eb8f-4baf-9eed-7a4cc889cb7c,0,2025-10-04 23:58:33,2025-10-04,23:58:33,23,58,"[daily_RR0SS#2025-10-04 00:00:00,2025-10-04 23:59:59;1759528800000,1759615199999]"
Europe/Berlin,1759615113671,0adab909-eb8f-4baf-9eed-7a4cc889cb7c,2,2025-10-04 23:58:33,2025-10-04,23:58:33,23,58,"[daily_RR0SS#2025-10-04 00:00:00,2025-10-04 23:59:59;1759528800000,1759615199999]"
Europe/Berlin,1759615376426,0adab909-eb8f-4baf-9eed-7a4cc889cb7c,1,2025-10-05 00:02:56,2025-10-05,00:02:56,0,2,"[daily_RR0SS#2025-10-05 00:00:00,2025-10-05 23:59:59;1759615200000,1759701599999]"
Europe/Berlin,1759615377205,0adab909-eb8f-4baf-9eed-7a4cc889cb7c,3,2025-10-05 00:02:57,2025-10-05,00:02:57,0,2,"[daily_RR0SS#2025-10-05 00:00:00,2025-10-05 23:59:59;1759615200000,1759701599999]"
Europe/Berlin,1759615788102,0adab909-eb8f-4baf-9eed-7a4cc889cb7c,0,2025-10-05 00:09:48,2025-10-05,00:09:48,0,9,"[daily_RR0SS#2025-10-05 00:00:00,2025-10-05 23:59:59;1759615200000,1759701599999]"
Europe/Berlin,1759615788110,0adab909-eb8f-4baf-9eed-7a4cc889cb7c,2,2025-10-05 00:09:48,2025-10-05,00:09:48,0,9,"[daily_RR0SS#2025-10-05 00:00:00,2025-10-05 23:59:59;1759615200000,1759701599999]"
Europe/Berlin,1759615867095,0adab909-eb8f-4baf-9eed-7a4cc889cb7c,1,2025-10-05 00:11:07,2025-10-05,00:11:07,0,11,"[daily_RR0SS#2025-10-05 00:00:00,2025-10-05 23:59:59;1759615200000,1759701599999]"
Europe/Berlin,1759615867861,0adab909-eb8f-4baf-9eed-7a4cc889cb7c,3,2025-10-05 00:11:07,2025-10-05,00:11:07,0,11,"[daily_RR0SS#2025-10-05 00:00:00,2025-10-05 23:59:59;1759615200000,1759701599999]"
Europe/Berlin,1759616492798,0adab909-eb8f-4baf-9eed-7a4cc889cb7c,0,2025-10-05 00:21:32,2025-10-05,00:21:32,0,21,"[daily_RR0SS#2025-10-05 00:00:00,2025-10-05 23:59:59;1759615200000,1759701599999]"
Europe/Berlin,1759616492812,0adab909-eb8f-4baf-9eed-7a4cc889cb7c,2,2025-10-05 00:21:32,2025-10-05,00:21:32,0,21,"[daily_RR0SS#2025-10-05 00:00:00,2025-10-05 23:59:59;1759615200000,1759701599999]"
Europe/Berlin,1759616682185,0adab909-eb8f-4baf-9eed-7a4cc889cb7c,1,2025-10-05 00:24:42,2025-10-05,00:24:42,0,24,"[daily_RR0SS#2025-10-05 00:00:00,2025-10-05 23:59:59;1759615200000,1759701599999]"
Europe/Berlin,1759616688469,0adab909-eb8f-4baf-9eed-7a4cc889cb7c,3,2025-10-05 00:24:48,2025-10-05,00:24:48,0,24,"[daily_RR0SS#2025-10-05 00:00:00,2025-10-05 23:59:59;1759615200000,1759701599999]"
Europe/Berlin,1759618462928,0adab909-eb8f-4baf-9eed-7a4cc889cb7c,0,2025-10-05 00:54:22,2025-10-05,00:54:22,0,54,"[daily_RR0SS#2025-10-05 00:00:00,2025-10-05 23:59:59;1759615200000,1759701599999]"
Europe/Berlin,1759618462939,0adab909-eb8f-4baf-9eed-7a4cc889cb7c,2,2025-10-05 00:54:22,2025-10-05,00:54:22,0,54,"[daily_RR0SS#2025-10-05 00:00:00,2025-10-05 23:59:59;1759615200000,1759701599999]"
Europe/Berlin,1759638300526,0adab909-eb8f-4baf-9eed-7a4cc889cb7c,1,2025-10-05 06:25:00,2025-10-05,06:25:00,6,25,"[daily_RR0SS#2025-10-05 00:00:00,2025-10-05 23:59:59;1759615200000,1759701599999]"
Europe/Berlin,1759638311694,0adab909-eb8f-4baf-9eed-7a4cc889cb7c,0,2025-10-05 06:25:11,2025-10-05,06:25:11,6,25,"[daily_RR0SS#2025-10-05 00:00:00,2025-10-05 23:59:59;1759615200000,1759701599999]"
Europe/Berlin,1759638311704,0adab909-eb8f-4baf-9eed-7a4cc889cb7c,2,2025-10-05 06:25:11,2025-10-05,06:25:11,6,25,"[daily_RR0SS#2025-10-05 00:00:00,2025-10-05 23:59:59;1759615200000,1759701599999]"
Europe/Berlin,1759645800558,0adab909-eb8f-4baf-9eed-7a4cc889cb7c,1,2025-10-05 08:30:00,2025-10-05,08:30:00,8,30,"[daily_RR0SS#2025-10-05 00:00:00,2025-10-05 23:59:59;1759615200000,1759701599999]"
Europe/Berlin,1759645812406,0adab909-eb8f-4baf-9eed-7a4cc889cb7c,0,2025-10-05 08:30:12,2025-10-05,08:30:12,8,30,"[daily_RR0SS#2025-10-05 00:00:00,2025-10-05 23:59:59;1759615200000,1759701599999]"
Europe/Berlin,1759645812418,0adab909-eb8f-4baf-9eed-7a4cc889cb7c,2,2025-10-05 08:30:12,2025-10-05,08:30:12,8,30,"[daily_RR0SS#2025-10-05 00:00:00,2025-10-05 23:59:59;1759615200000,1759701599999]"
Europe/Berlin,1759648713264,0adab909-eb8f-4baf-9eed-7a4cc889cb7c,1,2025-10-05 09:18:33,2025-10-05,09:18:33,9,18,"[daily_RR0SS#2025-10-05 00:00:00,2025-10-05 23:59:59;1759615200000,1759701599999]"
Europe/Berlin,1759648715599,0adab909-eb8f-4baf-9eed-7a4cc889cb7c,0,2025-10-05 09:18:35,2025-10-05,09:18:35,9,18,"[daily_RR0SS#2025-10-05 00:00:00,2025-10-05 23:59:59;1759615200000,1759701599999]"
Europe/Berlin,1759648715605,0adab909-eb8f-4baf-9eed-7a4cc889cb7c,2,2025-10-05 09:18:35,2025-10-05,09:18:35,9,18,"[daily_RR0SS#2025-10-05 00:00:00,2025-10-05 23:59:59;1759615200000,1759701599999]"
Europe/Berlin,1759648715895,0adab909-eb8f-4baf-9eed-7a4cc889cb7c,1,2025-10-05 09:18:35,2025-10-05,09:18:35,9,18,"[daily_RR0SS#2025-10-05 00:00:00,2025-10-05 23:59:59;1759615200000,1759701599999]"
Europe/Berlin,1759648721246,0adab909-eb8f-4baf-9eed-7a4cc889cb7c,3,2025-10-05 09:18:41,2025-10-05,09:18:41,9,18,"[daily_RR0SS#2025-10-05 00:00:00,2025-10-05 23:59:59;1759615200000,1759701599999]"
Europe/Berlin,1759648747250,0adab909-eb8f-4baf-9eed-7a4cc889cb7c,0,2025-10-05 09:19:07,2025-10-05,09:19:07,9,19,"[daily_RR0SS#2025-10-05 00:00:00,2025-10-05 23:59:59;1759615200000,1759701599999]"
Europe/Berlin,1759648747258,0adab909-eb8f-4baf-9eed-7a4cc889cb7c,2,2025-10-05 09:19:07,2025-10-05,09:19:07,9,19,"[daily_RR0SS#2025-10-05 00:00:00,2025-10-05 23:59:59;1759615200000,1759701599999]"
Europe/Berlin,1759648793491,0adab909-eb8f-4baf-9eed-7a4cc889cb7c,1,2025-10-05 09:19:53,2025-10-05,09:19:53,9,19,"[daily_RR0SS#2025-10-05 00:00:00,2025-10-05 23:59:59;1759615200000,1759701599999]"
Europe/Berlin,1759648794341,0adab909-eb8f-4baf-9eed-7a4cc889cb7c,3,2025-10-05 09:19:54,2025-10-05,09:19:54,9,19,"[daily_RR0SS#2025-10-05 00:00:00,2025-10-05 23:59:59;1759615200000,1759701599999]"
Europe/Berlin,1759649730456,0adab909-eb8f-4baf-9eed-7a4cc889cb7c,0,2025-10-05 09:35:30,2025-10-05,09:35:30,9,35,"[daily_RR0SS#2025-10-05 00:00:00,2025-10-05 23:59:59;1759615200000,1759701599999]"
Europe/Berlin,1759649730467,0adab909-eb8f-4baf-9eed-7a4cc889cb7c,2,2025-10-05 09:35:30,2025-10-05,09:35:30,9,35,"[daily_RR0SS#2025-10-05 00:00:00,2025-10-05 23:59:59;1759615200000,1759701599999]"
Europe/Berlin,1759649789766,0adab909-eb8f-4baf-9eed-7a4cc889cb7c,1,2025-10-05 09:36:29,2025-10-05,09:36:29,9,36,"[daily_RR0SS#2025-10-05 00:00:00,2025-10-05 23:59:59;1759615200000,1759701599999]"
Europe/Berlin,1759649793163,0adab909-eb8f-4baf-9eed-7a4cc889cb7c,0,2025-10-05 09:36:33,2025-10-05,09:36:33,9,36,"[daily_RR0SS#2025-10-05 00:00:00,2025-10-05 23:59:59;1759615200000,1759701599999]"
Europe/Berlin,1759649793172,0adab909-eb8f-4baf-9eed-7a4cc889cb7c,2,2025-10-05 09:36:33,2025-10-05,09:36:33,9,36,"[daily_RR0SS#2025-10-05 00:00:00,2025-10-05 23:59:59;1759615200000,1759701599999]"
Europe/Berlin,1759649800019,0adab909-eb8f-4baf-9eed-7a4cc889cb7c,1,2025-10-05 09:36:40,2025-10-05,09:36:40,9,36,"[daily_RR0SS#2025-10-05 00:00:00,2025-10-05 23:59:59;1759615200000,1759701599999]"
Europe/Berlin,1759649803187,0adab909-eb8f-4baf-9eed-7a4cc889cb7c,0,2025-10-05 09:36:43,2025-10-05,09:36:43,9,36,"[daily_RR0SS#2025-10-05 00:00:00,2025-10-05 23:59:59;1759615200000,1759701599999]"
Europe/Berlin,1759649803194,0adab909-eb8f-4baf-9eed-7a4cc889cb7c,2,2025-10-05 09:36:43,2025-10-05,09:36:43,9,36,"[daily_RR0SS#2025-10-05 00:00:00,2025-10-05 23:59:59;1759615200000,1759701599999]"
Europe/Berlin,1759649807475,0adab909-eb8f-4baf-9eed-7a4cc889cb7c,1,2025-10-05 09:36:47,2025-10-05,09:36:47,9,36,"[daily_RR0SS#2025-10-05 00:00:00,2025-10-05 23:59:59;1759615200000,1759701599999]"
Europe/Berlin,1759649808120,0adab909-eb8f-4baf-9eed-7a4cc889cb7c,3,2025-10-05 09:36:48,2025-10-05,09:36:48,9,36,"[daily_RR0SS#2025-10-05 00:00:00,2025-10-05 23:59:59;1759615200000,1759701599999]"
Europe/Berlin,1759652355374,0adab909-eb8f-4baf-9eed-7a4cc889cb7c,0,2025-10-05 10:19:15,2025-10-05,10:19:15,10,19,"[daily_RR0SS#2025-10-05 00:00:00,2025-10-05 23:59:59;1759615200000,1759701599999]"
Europe/Berlin,1759652355387,0adab909-eb8f-4baf-9eed-7a4cc889cb7c,2,2025-10-05 10:19:15,2025-10-05,10:19:15,10,19,"[daily_RR0SS#2025-10-05 00:00:00,2025-10-05 23:59:59;1759615200000,1759701599999]"
Europe/Berlin,1759653540469,0adab909-eb8f-4baf-9eed-7a4cc889cb7c,1,2025-10-05 10:39:00,2025-10-05,10:39:00,10,39,"[daily_RR0SS#2025-10-05 00:00:00,2025-10-05 23:59:59;1759615200000,1759701599999]"
Europe/Berlin,1759653546944,0adab909-eb8f-4baf-9eed-7a4cc889cb7c,0,2025-10-05 10:39:06,2025-10-05,10:39:06,10,39,"[daily_RR0SS#2025-10-05 00:00:00,2025-10-05 23:59:59;1759615200000,1759701599999]"
Europe/Berlin,1759653546954,0adab909-eb8f-4baf-9eed-7a4cc889cb7c,2,2025-10-05 10:39:06,2025-10-05,10:39:06,10,39,"[daily_RR0SS#2025-10-05 00:00:00,2025-10-05 23:59:59;1759615200000,1759701599999]"
Europe/Berlin,1759654069309,0adab909-eb8f-4baf-9eed-7a4cc889cb7c,1,2025-10-05 10:47:49,2025-10-05,10:47:49,10,47,"[daily_RR0SS#2025-10-05 00:00:00,2025-10-05 23:59:59;1759615200000,1759701599999]"
Europe/Berlin,1759654070668,0adab909-eb8f-4baf-9eed-7a4cc889cb7c,3,2025-10-05 10:47:50,2025-10-05,10:47:50,10,47,"[daily_RR0SS#2025-10-05 00:00:00,2025-10-05 23:59:59;1759615200000,1759701599999]"
Europe/Berlin,1759654676616,0adab909-eb8f-4baf-9eed-7a4cc889cb7c,0,2025-10-05 10:57:56,2025-10-05,10:57:56,10,57,"[daily_RR0SS#2025-10-05 00:00:00,2025-10-05 23:59:59;1759615200000,1759701599999]"
Europe/Berlin,1759655258226,0adab909-eb8f-4baf-9eed-7a4cc889cb7c,1,2025-10-05 11:07:38,2025-10-05,11:07:38,11,7,"[daily_RR0SS#2025-10-05 00:00:00,2025-10-05 23:59:59;1759615200000,1759701599999]"
Europe/Berlin,1759655261113,0adab909-eb8f-4baf-9eed-7a4cc889cb7c,3,2025-10-05 11:07:41,2025-10-05,11:07:41,11,7,"[daily_RR0SS#2025-10-05 00:00:00,2025-10-05 23:59:59;1759615200000,1759701599999]"
Europe/Berlin,1759655285824,0adab909-eb8f-4baf-9eed-7a4cc889cb7c,0,2025-10-05 11:08:05,2025-10-05,11:08:05,11,8,"[daily_RR0SS#2025-10-05 00:00:00,2025-10-05 23:59:59;1759615200000,1759701599999]"
Europe/Berlin,1759655285834,0adab909-eb8f-4baf-9eed-7a4cc889cb7c,2,2025-10-05 11:08:05,2025-10-05,11:08:05,11,8,"[daily_RR0SS#2025-10-05 00:00:00,2025-10-05 23:59:59;1759615200000,1759701599999]"
Europe/Berlin,1759657453877,0adab909-eb8f-4baf-9eed-7a4cc889cb7c,1,2025-10-05 11:44:13,2025-10-05,11:44:13,11,44,"[daily_RR0SS#2025-10-05 00:00:00,2025-10-05 23:59:59;1759615200000,1759701599999]"
Europe/Berlin,1759657460466,0adab909-eb8f-4baf-9eed-7a4cc889cb7c,0,2025-10-05 11:44:20,2025-10-05,11:44:20,11,44,"[daily_RR0SS#2025-10-05 00:00:00,2025-10-05 23:59:59;1759615200000,1759701599999]"
Europe/Berlin,1759657460493,0adab909-eb8f-4baf-9eed-7a4cc889cb7c,2,2025-10-05 11:44:20,2025-10-05,11:44:20,11,44,"[daily_RR0SS#2025-10-05 00:00:00,2025-10-05 23:59:59;1759615200000,1759701599999]"
Europe/Berlin,1759658141667,0adab909-eb8f-4baf-9eed-7a4cc889cb7c,1,2025-10-05 11:55:41,2025-10-05,11:55:41,11,55,"[daily_RR0SS#2025-10-05 00:00:00,2025-10-05 23:59:59;1759615200000,1759701599999]"
Europe/Berlin,1759658144029,0adab909-eb8f-4baf-9eed-7a4cc889cb7c,3,2025-10-05 11:55:44,2025-10-05,11:55:44,11,55,"[daily_RR0SS#2025-10-05 00:00:00,2025-10-05 23:59:59;1759615200000,1759701599999]"
Europe/Berlin,1759659365680,0adab909-eb8f-4baf-9eed-7a4cc889cb7c,0,2025-10-05 12:16:05,2025-10-05,12:16:05,12,16,"[daily_RR0SS#2025-10-05 00:00:00,2025-10-05 23:59:59;1759615200000,1759701599999]"
Europe/Berlin,1759662629723,0adab909-eb8f-4baf-9eed-7a4cc889cb7c,1,2025-10-05 13:10:29,2025-10-05,13:10:29,13,10,"[daily_RR0SS#2025-10-05 00:00:00,2025-10-05 23:59:59;1759615200000,1759701599999]"
Europe/Berlin,1759662631548,0adab909-eb8f-4baf-9eed-7a4cc889cb7c,0,2025-10-05 13:10:31,2025-10-05,13:10:31,13,10,"[daily_RR0SS#2025-10-05 00:00:00,2025-10-05 23:59:59;1759615200000,1759701599999]"
Europe/Berlin,1759662631556,0adab909-eb8f-4baf-9eed-7a4cc889cb7c,2,2025-10-05 13:10:31,2025-10-05,13:10:31,13,10,"[daily_RR0SS#2025-10-05 00:00:00,2025-10-05 23:59:59;1759615200000,1759701599999]"
Europe/Berlin,1759662632041,0adab909-eb8f-4baf-9eed-7a4cc889cb7c,1,2025-10-05 13:10:32,2025-10-05,13:10:32,13,10,"[daily_RR0SS#2025-10-05 00:00:00,2025-10-05 23:59:59;1759615200000,1759701599999]"
Europe/Berlin,1759662633700,0adab909-eb8f-4baf-9eed-7a4cc889cb7c,3,2025-10-05 13:10:33,2025-10-05,13:10:33,13,10,"[daily_RR0SS#2025-10-05 00:00:00,2025-10-05 23:59:59;1759615200000,1759701599999]"
Europe/Berlin,1759663183425,0adab909-eb8f-4baf-9eed-7a4cc889cb7c,0,2025-10-05 13:19:43,2025-10-05,13:19:43,13,19,"[daily_RR0SS#2025-10-05 00:00:00,2025-10-05 23:59:59;1759615200000,1759701599999]"
Europe/Berlin,1759663183444,0adab909-eb8f-4baf-9eed-7a4cc889cb7c,2,2025-10-05 13:19:43,2025-10-05,13:19:43,13,19,"[daily_RR0SS#2025-10-05 00:00:00,2025-10-05 23:59:59;1759615200000,1759701599999]"
Europe/Berlin,1759663253373,0adab909-eb8f-4baf-9eed-7a4cc889cb7c,1,2025-10-05 13:20:53,2025-10-05,13:20:53,13,20,"[daily_RR0SS#2025-10-05 00:00:00,2025-10-05 23:59:59;1759615200000,1759701599999]"
Europe/Berlin,1759663264385,0adab909-eb8f-4baf-9eed-7a4cc889cb7c,0,2025-10-05 13:21:04,2025-10-05,13:21:04,13,21,"[daily_RR0SS#2025-10-05 00:00:00,2025-10-05 23:59:59;1759615200000,1759701599999]"
Europe/Berlin,1759663264395,0adab909-eb8f-4baf-9eed-7a4cc889cb7c,2,2025-10-05 13:21:04,2025-10-05,13:21:04,13,21,"[daily_RR0SS#2025-10-05 00:00:00,2025-10-05 23:59:59;1759615200000,1759701599999]"
Europe/Berlin,1759663282903,0adab909-eb8f-4baf-9eed-7a4cc889cb7c,1,2025-10-05 13:21:22,2025-10-05,13:21:22,13,21,"[daily_RR0SS#2025-10-05 00:00:00,2025-10-05 23:59:59;1759615200000,1759701599999]"
Europe/Berlin,1759663288451,0adab909-eb8f-4baf-9eed-7a4cc889cb7c,0,2025-10-05 13:21:28,2025-10-05,13:21:28,13,21,"[daily_RR0SS#2025-10-05 00:00:00,2025-10-05 23:59:59;1759615200000,1759701599999]"
Europe/Berlin,1759663288462,0adab909-eb8f-4baf-9eed-7a4cc889cb7c,2,2025-10-05 13:21:28,2025-10-05,13:21:28,13,21,"[daily_RR0SS#2025-10-05 00:00:00,2025-10-05 23:59:59;1759615200000,1759701599999]"
Europe/Berlin,1759663459708,0adab909-eb8f-4baf-9eed-7a4cc889cb7c,1,2025-10-05 13:24:19,2025-10-05,13:24:19,13,24,"[daily_RR0SS#2025-10-05 00:00:00,2025-10-05 23:59:59;1759615200000,1759701599999]"
Europe/Berlin,1759663511228,0adab909-eb8f-4baf-9eed-7a4cc889cb7c,0,2025-10-05 13:25:11,2025-10-05,13:25:11,13,25,"[daily_RR0SS#2025-10-05 00:00:00,2025-10-05 23:59:59;1759615200000,1759701599999]"
Europe/Berlin,1759663511239,0adab909-eb8f-4baf-9eed-7a4cc889cb7c,2,2025-10-05 13:25:11,2025-10-05,13:25:11,13,25,"[daily_RR0SS#2025-10-05 00:00:00,2025-10-05 23:59:59;1759615200000,1759701599999]"
Europe/Berlin,1759664689849,0adab909-eb8f-4baf-9eed-7a4cc889cb7c,1,2025-10-05 13:44:49,2025-10-05,13:44:49,13,44,"[daily_RR0SS#2025-10-05 00:00:00,2025-10-05 23:59:59;1759615200000,1759701599999]"
Europe/Berlin,1759664694892,0adab909-eb8f-4baf-9eed-7a4cc889cb7c,3,2025-10-05 13:44:54,2025-10-05,13:44:54,13,44,"[daily_RR0SS#2025-10-05 00:00:00,2025-10-05 23:59:59;1759615200000,1759701599999]"
Europe/Berlin,1759664739240,0adab909-eb8f-4baf-9eed-7a4cc889cb7c,0,2025-10-05 13:45:39,2025-10-05,13:45:39,13,45,"[daily_RR0SS#2025-10-05 00:00:00,2025-10-05 23:59:59;1759615200000,1759701599999]"
Europe/Berlin,1759664739256,0adab909-eb8f-4baf-9eed-7a4cc889cb7c,2,2025-10-05 13:45:39,2025-10-05,13:45:39,13,45,"[daily_RR0SS#2025-10-05 00:00:00,2025-10-05 23:59:59;1759615200000,1759701599999]"
Europe/Berlin,1759665212912,0adab909-eb8f-4baf-9eed-7a4cc889cb7c,1,2025-10-05 13:53:32,2025-10-05,13:53:32,13,53,"[daily_RR0SS#2025-10-05 00:00:00,2025-10-05 23:59:59;1759615200000,1759701599999]"
Europe/Berlin,1759665221346,0adab909-eb8f-4baf-9eed-7a4cc889cb7c,0,2025-10-05 13:53:41,2025-10-05,13:53:41,13,53,"[daily_RR0SS#2025-10-05 00:00:00,2025-10-05 23:59:59;1759615200000,1759701599999]"
Europe/Berlin,1759665221359,0adab909-eb8f-4baf-9eed-7a4cc889cb7c,2,2025-10-05 13:53:41,2025-10-05,13:53:41,13,53,"[daily_RR0SS#2025-10-05 00:00:00,2025-10-05 23:59:59;1759615200000,1759701599999]"
Europe/Berlin,1759665378624,0adab909-eb8f-4baf-9eed-7a4cc889cb7c,1,2025-10-05 13:56:18,2025-10-05,13:56:18,13,56,"[daily_RR0SS#2025-10-05 00:00:00,2025-10-05 23:59:59;1759615200000,1759701599999]"
Europe/Berlin,1759665382876,0adab909-eb8f-4baf-9eed-7a4cc889cb7c,0,2025-10-05 13:56:22,2025-10-05,13:56:22,13,56,"[daily_RR0SS#2025-10-05 00:00:00,2025-10-05 23:59:59;1759615200000,1759701599999]"
Europe/Berlin,1759665382908,0adab909-eb8f-4baf-9eed-7a4cc889cb7c,2,2025-10-05 13:56:22,2025-10-05,13:56:22,13,56,"[daily_RR0SS#2025-10-05 00:00:00,2025-10-05 23:59:59;1759615200000,1759701599999]"
Europe/Berlin,1759665524497,0adab909-eb8f-4baf-9eed-7a4cc889cb7c,1,2025-10-05 13:58:44,2025-10-05,13:58:44,13,58,"[daily_RR0SS#2025-10-05 00:00:00,2025-10-05 23:59:59;1759615200000,1759701599999]"
Europe/Berlin,1759665531093,0adab909-eb8f-4baf-9eed-7a4cc889cb7c,0,2025-10-05 13:58:51,2025-10-05,13:58:51,13,58,"[daily_RR0SS#2025-10-05 00:00:00,2025-10-05 23:59:59;1759615200000,1759701599999]"
Europe/Berlin,1759665531126,0adab909-eb8f-4baf-9eed-7a4cc889cb7c,2,2025-10-05 13:58:51,2025-10-05,13:58:51,13,58,"[daily_RR0SS#2025-10-05 00:00:00,2025-10-05 23:59:59;1759615200000,1759701599999]"
Europe/Berlin,1759665531297,0adab909-eb8f-4baf-9eed-7a4cc889cb7c,1,2025-10-05 13:58:51,2025-10-05,13:58:51,13,58,"[daily_RR0SS#2025-10-05 00:00:00,2025-10-05 23:59:59;1759615200000,1759701599999]"
Europe/Berlin,1759665535569,0adab909-eb8f-4baf-9eed-7a4cc889cb7c,0,2025-10-05 13:58:55,2025-10-05,13:58:55,13,58,"[daily_RR0SS#2025-10-05 00:00:00,2025-10-05 23:59:59;1759615200000,1759701599999]"
Europe/Berlin,1759665535583,0adab909-eb8f-4baf-9eed-7a4cc889cb7c,2,2025-10-05 13:58:55,2025-10-05,13:58:55,13,58,"[daily_RR0SS#2025-10-05 00:00:00,2025-10-05 23:59:59;1759615200000,1759701599999]"
Europe/Berlin,1759665887842,0adab909-eb8f-4baf-9eed-7a4cc889cb7c,1,2025-10-05 14:04:47,2025-10-05,14:04:47,14,4,"[daily_RR0SS#2025-10-05 00:00:00,2025-10-05 23:59:59;1759615200000,1759701599999]"
Europe/Berlin,1759665896059,0adab909-eb8f-4baf-9eed-7a4cc889cb7c,0,2025-10-05 14:04:56,2025-10-05,14:04:56,14,4,"[daily_RR0SS#2025-10-05 00:00:00,2025-10-05 23:59:59;1759615200000,1759701599999]"
Europe/Berlin,1759665896068,0adab909-eb8f-4baf-9eed-7a4cc889cb7c,2,2025-10-05 14:04:56,2025-10-05,14:04:56,14,4,"[daily_RR0SS#2025-10-05 00:00:00,2025-10-05 23:59:59;1759615200000,1759701599999]"
Europe/Berlin,1759667789876,0adab909-eb8f-4baf-9eed-7a4cc889cb7c,1,2025-10-05 14:36:29,2025-10-05,14:36:29,14,36,"[daily_RR0SS#2025-10-05 00:00:00,2025-10-05 23:59:59;1759615200000,1759701599999]"
Europe/Berlin,1759667801612,0adab909-eb8f-4baf-9eed-7a4cc889cb7c,0,2025-10-05 14:36:41,2025-10-05,14:36:41,14,36,"[daily_RR0SS#2025-10-05 00:00:00,2025-10-05 23:59:59;1759615200000,1759701599999]"
Europe/Berlin,1759667801621,0adab909-eb8f-4baf-9eed-7a4cc889cb7c,2,2025-10-05 14:36:41,2025-10-05,14:36:41,14,36,"[daily_RR0SS#2025-10-05 00:00:00,2025-10-05 23:59:59;1759615200000,1759701599999]"
Europe/Berlin,1759667968221,0adab909-eb8f-4baf-9eed-7a4cc889cb7c,1,2025-10-05 14:39:28,2025-10-05,14:39:28,14,39,"[daily_RR0SS#2025-10-05 00:00:00,2025-10-05 23:59:59;1759615200000,1759701599999]"
Europe/Berlin,1759667973190,0adab909-eb8f-4baf-9eed-7a4cc889cb7c,3,2025-10-05 14:39:33,2025-10-05,14:39:33,14,39,"[daily_RR0SS#2025-10-05 00:00:00,2025-10-05 23:59:59;1759615200000,1759701599999]"
Europe/Berlin,1759668664172,0adab909-eb8f-4baf-9eed-7a4cc889cb7c,0,2025-10-05 14:51:04,2025-10-05,14:51:04,14,51,"[daily_RR0SS#2025-10-05 00:00:00,2025-10-05 23:59:59;1759615200000,1759701599999]"
Europe/Berlin,1759668664187,0adab909-eb8f-4baf-9eed-7a4cc889cb7c,2,2025-10-05 14:51:04,2025-10-05,14:51:04,14,51,"[daily_RR0SS#2025-10-05 00:00:00,2025-10-05 23:59:59;1759615200000,1759701599999]"
Europe/Berlin,1759670464067,0adab909-eb8f-4baf-9eed-7a4cc889cb7c,1,2025-10-05 15:21:04,2025-10-05,15:21:04,15,21,"[daily_RR0SS#2025-10-05 00:00:00,2025-10-05 23:59:59;1759615200000,1759701599999]"
Europe/Berlin,1759670466266,0adab909-eb8f-4baf-9eed-7a4cc889cb7c,3,2025-10-05 15:21:06,2025-10-05,15:21:06,15,21,"[daily_RR0SS#2025-10-05 00:00:00,2025-10-05 23:59:59;1759615200000,1759701599999]"
Europe/Berlin,1759671353779,0adab909-eb8f-4baf-9eed-7a4cc889cb7c,0,2025-10-05 15:35:53,2025-10-05,15:35:53,15,35,"[daily_RR0SS#2025-10-05 00:00:00,2025-10-05 23:59:59;1759615200000,1759701599999]"
Europe/Berlin,1759671353791,0adab909-eb8f-4baf-9eed-7a4cc889cb7c,2,2025-10-05 15:35:53,2025-10-05,15:35:53,15,35,"[daily_RR0SS#2025-10-05 00:00:00,2025-10-05 23:59:59;1759615200000,1759701599999]"
Europe/Berlin,1759671525119,0adab909-eb8f-4baf-9eed-7a4cc889cb7c,1,2025-10-05 15:38:45,2025-10-05,15:38:45,15,38,"[daily_RR0SS#2025-10-05 00:00:00,2025-10-05 23:59:59;1759615200000,1759701599999]"
Europe/Berlin,1759671528453,0adab909-eb8f-4baf-9eed-7a4cc889cb7c,3,2025-10-05 15:38:48,2025-10-05,15:38:48,15,38,"[daily_RR0SS#2025-10-05 00:00:00,2025-10-05 23:59:59;1759615200000,1759701599999]"
Europe/Berlin,1759672375076,0adab909-eb8f-4baf-9eed-7a4cc889cb7c,0,2025-10-05 15:52:55,2025-10-05,15:52:55,15,52,"[daily_RR0SS#2025-10-05 00:00:00,2025-10-05 23:59:59;1759615200000,1759701599999]"
Europe/Berlin,1759677077285,0adab909-eb8f-4baf-9eed-7a4cc889cb7c,1,2025-10-05 17:11:17,2025-10-05,17:11:17,17,11,"[daily_RR0SS#2025-10-05 00:00:00,2025-10-05 23:59:59;1759615200000,1759701599999]"
Europe/Berlin,1759677291079,0adab909-eb8f-4baf-9eed-7a4cc889cb7c,3,2025-10-05 17:14:51,2025-10-05,17:14:51,17,14,"[daily_RR0SS#2025-10-05 00:00:00,2025-10-05 23:59:59;1759615200000,1759701599999]"
Europe/Berlin,1759678772611,0adab909-eb8f-4baf-9eed-7a4cc889cb7c,0,2025-10-05 17:39:32,2025-10-05,17:39:32,17,39,"[daily_RR0SS#2025-10-05 00:00:00,2025-10-05 23:59:59;1759615200000,1759701599999]"
Europe/Berlin,1759678772637,0adab909-eb8f-4baf-9eed-7a4cc889cb7c,2,2025-10-05 17:39:32,2025-10-05,17:39:32,17,39,"[daily_RR0SS#2025-10-05 00:00:00,2025-10-05 23:59:59;1759615200000,1759701599999]"
Europe/Berlin,1759680148558,0adab909-eb8f-4baf-9eed-7a4cc889cb7c,1,2025-10-05 18:02:28,2025-10-05,18:02:28,18,2,"[daily_RR0SS#2025-10-05 00:00:00,2025-10-05 23:59:59;1759615200000,1759701599999]"
Europe/Berlin,1759680152856,0adab909-eb8f-4baf-9eed-7a4cc889cb7c,3,2025-10-05 18:02:32,2025-10-05,18:02:32,18,2,"[daily_RR0SS#2025-10-05 00:00:00,2025-10-05 23:59:59;1759615200000,1759701599999]"
Europe/Berlin,1759680160844,0adab909-eb8f-4baf-9eed-7a4cc889cb7c,0,2025-10-05 18:02:40,2025-10-05,18:02:40,18,2,"[daily_RR0SS#2025-10-05 00:00:00,2025-10-05 23:59:59;1759615200000,1759701599999]"
Europe/Berlin,1759680160857,0adab909-eb8f-4baf-9eed-7a4cc889cb7c,2,2025-10-05 18:02:40,2025-10-05,18:02:40,18,2,"[daily_RR0SS#2025-10-05 00:00:00,2025-10-05 23:59:59;1759615200000,1759701599999]"
Europe/Berlin,1759682876082,0adab909-eb8f-4baf-9eed-7a4cc889cb7c,1,2025-10-05 18:47:56,2025-10-05,18:47:56,18,47,"[daily_RR0SS#2025-10-05 00:00:00,2025-10-05 23:59:59;1759615200000,1759701599999]"
Europe/Berlin,1759682879585,0adab909-eb8f-4baf-9eed-7a4cc889cb7c,3,2025-10-05 18:47:59,2025-10-05,18:47:59,18,47,"[daily_RR0SS#2025-10-05 00:00:00,2025-10-05 23:59:59;1759615200000,1759701599999]"
Europe/Berlin,1759682892698,0adab909-eb8f-4baf-9eed-7a4cc889cb7c,0,2025-10-05 18:48:12,2025-10-05,18:48:12,18,48,"[daily_RR0SS#2025-10-05 00:00:00,2025-10-05 23:59:59;1759615200000,1759701599999]"
Europe/Berlin,1759682892709,0adab909-eb8f-4baf-9eed-7a4cc889cb7c,2,2025-10-05 18:48:12,2025-10-05,18:48:12,18,48,"[daily_RR0SS#2025-10-05 00:00:00,2025-10-05 23:59:59;1759615200000,1759701599999]"
Europe/Berlin,1759683966571,0adab909-eb8f-4baf-9eed-7a4cc889cb7c,1,2025-10-05 19:06:06,2025-10-05,19:06:06,19,6,"[daily_RR0SS#2025-10-05 00:00:00,2025-10-05 23:59:59;1759615200000,1759701599999]"
Europe/Berlin,1759683969367,0adab909-eb8f-4baf-9eed-7a4cc889cb7c,3,2025-10-05 19:06:09,2025-10-05,19:06:09,19,6,"[daily_RR0SS#2025-10-05 00:00:00,2025-10-05 23:59:59;1759615200000,1759701599999]"
Europe/Berlin,1759684024007,0adab909-eb8f-4baf-9eed-7a4cc889cb7c,0,2025-10-05 19:07:04,2025-10-05,19:07:04,19,7,"[daily_RR0SS#2025-10-05 00:00:00,2025-10-05 23:59:59;1759615200000,1759701599999]"
Europe/Berlin,1759684024023,0adab909-eb8f-4baf-9eed-7a4cc889cb7c,2,2025-10-05 19:07:04,2025-10-05,19:07:04,19,7,"[daily_RR0SS#2025-10-05 00:00:00,2025-10-05 23:59:59;1759615200000,1759701599999]"
Europe/Berlin,1759685589224,0adab909-eb8f-4baf-9eed-7a4cc889cb7c,1,2025-10-05 19:33:09,2025-10-05,19:33:09,19,33,"[daily_RR0SS#2025-10-05 00:00:00,2025-10-05 23:59:59;1759615200000,1759701599999]"
Europe/Berlin,1759685591148,0adab909-eb8f-4baf-9eed-7a4cc889cb7c,0,2025-10-05 19:33:11,2025-10-05,19:33:11,19,33,"[daily_RR0SS#2025-10-05 00:00:00,2025-10-05 23:59:59;1759615200000,1759701599999]"
Europe/Berlin,1759685591158,0adab909-eb8f-4baf-9eed-7a4cc889cb7c,2,2025-10-05 19:33:11,2025-10-05,19:33:11,19,33,"[daily_RR0SS#2025-10-05 00:00:00,2025-10-05 23:59:59;1759615200000,1759701599999]"
Europe/Berlin,1759685664721,0adab909-eb8f-4baf-9eed-7a4cc889cb7c,1,2025-10-05 19:34:24,2025-10-05,19:34:24,19,34,"[daily_RR0SS#2025-10-05 00:00:00,2025-10-05 23:59:59;1759615200000,1759701599999]"
Europe/Berlin,1759685666039,0adab909-eb8f-4baf-9eed-7a4cc889cb7c,0,2025-10-05 19:34:26,2025-10-05,19:34:26,19,34,"[daily_RR0SS#2025-10-05 00:00:00,2025-10-05 23:59:59;1759615200000,1759701599999]"
Europe/Berlin,1759685666052,0adab909-eb8f-4baf-9eed-7a4cc889cb7c,2,2025-10-05 19:34:26,2025-10-05,19:34:26,19,34,"[daily_RR0SS#2025-10-05 00:00:00,2025-10-05 23:59:59;1759615200000,1759701599999]"
Europe/Berlin,1759685697347,0adab909-eb8f-4baf-9eed-7a4cc889cb7c,1,2025-10-05 19:34:57,2025-10-05,19:34:57,19,34,"[daily_RR0SS#2025-10-05 00:00:00,2025-10-05 23:59:59;1759615200000,1759701599999]"
Europe/Berlin,1759685698318,0adab909-eb8f-4baf-9eed-7a4cc889cb7c,3,2025-10-05 19:34:58,2025-10-05,19:34:58,19,34,"[daily_RR0SS#2025-10-05 00:00:00,2025-10-05 23:59:59;1759615200000,1759701599999]"
Europe/Berlin,1759686357812,0adab909-eb8f-4baf-9eed-7a4cc889cb7c,0,2025-10-05 19:45:57,2025-10-05,19:45:57,19,45,"[daily_RR0SS#2025-10-05 00:00:00,2025-10-05 23:59:59;1759615200000,1759701599999]"
Europe/Berlin,1759686357824,0adab909-eb8f-4baf-9eed-7a4cc889cb7c,2,2025-10-05 19:45:57,2025-10-05,19:45:57,19,45,"[daily_RR0SS#2025-10-05 00:00:00,2025-10-05 23:59:59;1759615200000,1759701599999]"
Europe/Berlin,1759686413541,0adab909-eb8f-4baf-9eed-7a4cc889cb7c,1,2025-10-05 19:46:53,2025-10-05,19:46:53,19,46,"[daily_RR0SS#2025-10-05 00:00:00,2025-10-05 23:59:59;1759615200000,1759701599999]"
Europe/Berlin,1759686416229,0adab909-eb8f-4baf-9eed-7a4cc889cb7c,3,2025-10-05 19:46:56,2025-10-05,19:46:56,19,46,"[daily_RR0SS#2025-10-05 00:00:00,2025-10-05 23:59:59;1759615200000,1759701599999]"
Europe/Berlin,1759692450454,0adab909-eb8f-4baf-9eed-7a4cc889cb7c,0,2025-10-05 21:27:30,2025-10-05,21:27:30,21,27,"[daily_RR0SS#2025-10-05 00:00:00,2025-10-05 23:59:59;1759615200000,1759701599999]"
Europe/Berlin,1759692450470,0adab909-eb8f-4baf-9eed-7a4cc889cb7c,2,2025-10-05 21:27:30,2025-10-05,21:27:30,21,27,"[daily_RR0SS#2025-10-05 00:00:00,2025-10-05 23:59:59;1759615200000,1759701599999]"
Europe/Berlin,1759692610125,0adab909-eb8f-4baf-9eed-7a4cc889cb7c,1,2025-10-05 21:30:10,2025-10-05,21:30:10,21,30,"[daily_RR0SS#2025-10-05 00:00:00,2025-10-05 23:59:59;1759615200000,1759701599999]"
Europe/Berlin,1759692611708,0adab909-eb8f-4baf-9eed-7a4cc889cb7c,3,2025-10-05 21:30:11,2025-10-05,21:30:11,21,30,"[daily_RR0SS#2025-10-05 00:00:00,2025-10-05 23:59:59;1759615200000,1759701599999]"
Europe/Berlin,1759692710576,0adab909-eb8f-4baf-9eed-7a4cc889cb7c,0,2025-10-05 21:31:50,2025-10-05,21:31:50,21,31,"[daily_RR0SS#2025-10-05 00:00:00,2025-10-05 23:59:59;1759615200000,1759701599999]"
Europe/Berlin,1759692710584,0adab909-eb8f-4baf-9eed-7a4cc889cb7c,2,2025-10-05 21:31:50,2025-10-05,21:31:50,21,31,"[daily_RR0SS#2025-10-05 00:00:00,2025-10-05 23:59:59;1759615200000,1759701599999]"
Europe/Berlin,1759695376688,0adab909-eb8f-4baf-9eed-7a4cc889cb7c,1,2025-10-05 22:16:16,2025-10-05,22:16:16,22,16,"[daily_RR0SS#2025-10-05 00:00:00,2025-10-05 23:59:59;1759615200000,1759701599999]"
Europe/Berlin,1759695379015,0adab909-eb8f-4baf-9eed-7a4cc889cb7c,3,2025-10-05 22:16:19,2025-10-05,22:16:19,22,16,"[daily_RR0SS#2025-10-05 00:00:00,2025-10-05 23:59:59;1759615200000,1759701599999]"
Europe/Berlin,1759695383995,0adab909-eb8f-4baf-9eed-7a4cc889cb7c,0,2025-10-05 22:16:23,2025-10-05,22:16:23,22,16,"[daily_RR0SS#2025-10-05 00:00:00,2025-10-05 23:59:59;1759615200000,1759701599999]"
Europe/Berlin,1759695384011,0adab909-eb8f-4baf-9eed-7a4cc889cb7c,2,2025-10-05 22:16:24,2025-10-05,22:16:24,22,16,"[daily_RR0SS#2025-10-05 00:00:00,2025-10-05 23:59:59;1759615200000,1759701599999]"
Europe/Berlin,1759697410359,0adab909-eb8f-4baf-9eed-7a4cc889cb7c,1,2025-10-05 22:50:10,2025-10-05,22:50:10,22,50,"[daily_RR0SS#2025-10-05 00:00:00,2025-10-05 23:59:59;1759615200000,1759701599999]"
Europe/Berlin,1759697413592,0adab909-eb8f-4baf-9eed-7a4cc889cb7c,0,2025-10-05 22:50:13,2025-10-05,22:50:13,22,50,"[daily_RR0SS#2025-10-05 00:00:00,2025-10-05 23:59:59;1759615200000,1759701599999]"
Europe/Berlin,1759697413600,0adab909-eb8f-4baf-9eed-7a4cc889cb7c,2,2025-10-05 22:50:13,2025-10-05,22:50:13,22,50,"[daily_RR0SS#2025-10-05 00:00:00,2025-10-05 23:59:59;1759615200000,1759701599999]"
Europe/Berlin,1759697544256,0adab909-eb8f-4baf-9eed-7a4cc889cb7c,1,2025-10-05 22:52:24,2025-10-05,22:52:24,22,52,"[daily_RR0SS#2025-10-05 00:00:00,2025-10-05 23:59:59;1759615200000,1759701599999]"
Europe/Berlin,1759697545055,0adab909-eb8f-4baf-9eed-7a4cc889cb7c,3,2025-10-05 22:52:25,2025-10-05,22:52:25,22,52,"[daily_RR0SS#2025-10-05 00:00:00,2025-10-05 23:59:59;1759615200000,1759701599999]"
Europe/Berlin,1759698851922,0adab909-eb8f-4baf-9eed-7a4cc889cb7c,0,2025-10-05 23:14:11,2025-10-05,23:14:11,23,14,"[daily_RR0SS#2025-10-05 00:00:00,2025-10-05 23:59:59;1759615200000,1759701599999]"
Europe/Berlin,1759698851938,0adab909-eb8f-4baf-9eed-7a4cc889cb7c,2,2025-10-05 23:14:11,2025-10-05,23:14:11,23,14,"[daily_RR0SS#2025-10-05 00:00:00,2025-10-05 23:59:59;1759615200000,1759701599999]"
Europe/Berlin,1759698911719,0adab909-eb8f-4baf-9eed-7a4cc889cb7c,1,2025-10-05 23:15:11,2025-10-05,23:15:11,23,15,"[daily_RR0SS#2025-10-05 00:00:00,2025-10-05 23:59:59;1759615200000,1759701599999]"
Europe/Berlin,1759698914063,0adab909-eb8f-4baf-9eed-7a4cc889cb7c,3,2025-10-05 23:15:14,2025-10-05,23:15:14,23,15,"[daily_RR0SS#2025-10-05 00:00:00,2025-10-05 23:59:59;1759615200000,1759701599999]"
Europe/Berlin,1759702533510,0adab909-eb8f-4baf-9eed-7a4cc889cb7c,0,2025-10-06 00:15:33,2025-10-06,00:15:33,0,15,"[daily_RR0SS#2025-10-06 00:00:00,2025-10-06 23:59:59;1759701600000,1759787999999]"
Europe/Berlin,1759702533521,0adab909-eb8f-4baf-9eed-7a4cc889cb7c,2,2025-10-06 00:15:33,2025-10-06,00:15:33,0,15,"[daily_RR0SS#2025-10-06 00:00:00,2025-10-06 23:59:59;1759701600000,1759787999999]"
Europe/Berlin,1759702598694,0adab909-eb8f-4baf-9eed-7a4cc889cb7c,1,2025-10-06 00:16:38,2025-10-06,00:16:38,0,16,"[daily_RR0SS#2025-10-06 00:00:00,2025-10-06 23:59:59;1759701600000,1759787999999]"
Europe/Berlin,1759702600974,0adab909-eb8f-4baf-9eed-7a4cc889cb7c,0,2025-10-06 00:16:40,2025-10-06,00:16:40,0,16,"[daily_RR0SS#2025-10-06 00:00:00,2025-10-06 23:59:59;1759701600000,1759787999999]"
Europe/Berlin,1759702600980,0adab909-eb8f-4baf-9eed-7a4cc889cb7c,2,2025-10-06 00:16:40,2025-10-06,00:16:40,0,16,"[daily_RR0SS#2025-10-06 00:00:00,2025-10-06 23:59:59;1759701600000,1759787999999]"
Europe/Berlin,1759724700924,0adab909-eb8f-4baf-9eed-7a4cc889cb7c,1,2025-10-06 06:25:00,2025-10-06,06:25:00,6,25,"[daily_RR0SS#2025-10-06 00:00:00,2025-10-06 23:59:59;1759701600000,1759787999999]"
Europe/Berlin,1759724717247,0adab909-eb8f-4baf-9eed-7a4cc889cb7c,0,2025-10-06 06:25:17,2025-10-06,06:25:17,6,25,"[daily_RR0SS#2025-10-06 00:00:00,2025-10-06 23:59:59;1759701600000,1759787999999]"
Europe/Berlin,1759724717292,0adab909-eb8f-4baf-9eed-7a4cc889cb7c,2,2025-10-06 06:25:17,2025-10-06,06:25:17,6,25,"[daily_RR0SS#2025-10-06 00:00:00,2025-10-06 23:59:59;1759701600000,1759787999999]"
Europe/Berlin,1759724729625,0adab909-eb8f-4baf-9eed-7a4cc889cb7c,1,2025-10-06 06:25:29,2025-10-06,06:25:29,6,25,"[daily_RR0SS#2025-10-06 00:00:00,2025-10-06 23:59:59;1759701600000,1759787999999]"
Europe/Berlin,1759724736207,0adab909-eb8f-4baf-9eed-7a4cc889cb7c,0,2025-10-06 06:25:36,2025-10-06,06:25:36,6,25,"[daily_RR0SS#2025-10-06 00:00:00,2025-10-06 23:59:59;1759701600000,1759787999999]"
Europe/Berlin,1759724736221,0adab909-eb8f-4baf-9eed-7a4cc889cb7c,2,2025-10-06 06:25:36,2025-10-06,06:25:36,6,25,"[daily_RR0SS#2025-10-06 00:00:00,2025-10-06 23:59:59;1759701600000,1759787999999]"
Europe/Berlin,1759725000404,0adab909-eb8f-4baf-9eed-7a4cc889cb7c,1,2025-10-06 06:30:00,2025-10-06,06:30:00,6,30,"[daily_RR0SS#2025-10-06 00:00:00,2025-10-06 23:59:59;1759701600000,1759787999999]"
Europe/Berlin,1759725009653,0adab909-eb8f-4baf-9eed-7a4cc889cb7c,0,2025-10-06 06:30:09,2025-10-06,06:30:09,6,30,"[daily_RR0SS#2025-10-06 00:00:00,2025-10-06 23:59:59;1759701600000,1759787999999]"
Europe/Berlin,1759725009658,0adab909-eb8f-4baf-9eed-7a4cc889cb7c,2,2025-10-06 06:30:09,2025-10-06,06:30:09,6,30,"[daily_RR0SS#2025-10-06 00:00:00,2025-10-06 23:59:59;1759701600000,1759787999999]"
Europe/Berlin,1759732202072,0adab909-eb8f-4baf-9eed-7a4cc889cb7c,1,2025-10-06 08:30:02,2025-10-06,08:30:02,8,30,"[daily_RR0SS#2025-10-06 00:00:00,2025-10-06 23:59:59;1759701600000,1759787999999]"
Europe/Berlin,1759732216571,0adab909-eb8f-4baf-9eed-7a4cc889cb7c,0,2025-10-06 08:30:16,2025-10-06,08:30:16,8,30,"[daily_RR0SS#2025-10-06 00:00:00,2025-10-06 23:59:59;1759701600000,1759787999999]"
Europe/Berlin,1759732216589,0adab909-eb8f-4baf-9eed-7a4cc889cb7c,2,2025-10-06 08:30:16,2025-10-06,08:30:16,8,30,"[daily_RR0SS#2025-10-06 00:00:00,2025-10-06 23:59:59;1759701600000,1759787999999]"
Europe/Berlin,1759732222015,0adab909-eb8f-4baf-9eed-7a4cc889cb7c,1,2025-10-06 08:30:22,2025-10-06,08:30:22,8,30,"[daily_RR0SS#2025-10-06 00:00:00,2025-10-06 23:59:59;1759701600000,1759787999999]"
Europe/Berlin,1759732228601,0adab909-eb8f-4baf-9eed-7a4cc889cb7c,0,2025-10-06 08:30:28,2025-10-06,08:30:28,8,30,"[daily_RR0SS#2025-10-06 00:00:00,2025-10-06 23:59:59;1759701600000,1759787999999]"
Europe/Berlin,1759732228612,0adab909-eb8f-4baf-9eed-7a4cc889cb7c,2,2025-10-06 08:30:28,2025-10-06,08:30:28,8,30,"[daily_RR0SS#2025-10-06 00:00:00,2025-10-06 23:59:59;1759701600000,1759787999999]"
Europe/Berlin,1759737856688,0adab909-eb8f-4baf-9eed-7a4cc889cb7c,1,2025-10-06 10:04:16,2025-10-06,10:04:16,10,4,"[daily_RR0SS#2025-10-06 00:00:00,2025-10-06 23:59:59;1759701600000,1759787999999]"
Europe/Berlin,1759737865247,0adab909-eb8f-4baf-9eed-7a4cc889cb7c,3,2025-10-06 10:04:25,2025-10-06,10:04:25,10,4,"[daily_RR0SS#2025-10-06 00:00:00,2025-10-06 23:59:59;1759701600000,1759787999999]"
Europe/Berlin,1759737869565,0adab909-eb8f-4baf-9eed-7a4cc889cb7c,0,2025-10-06 10:04:29,2025-10-06,10:04:29,10,4,"[daily_RR0SS#2025-10-06 00:00:00,2025-10-06 23:59:59;1759701600000,1759787999999]"
Europe/Berlin,1759737869583,0adab909-eb8f-4baf-9eed-7a4cc889cb7c,2,2025-10-06 10:04:29,2025-10-06,10:04:29,10,4,"[daily_RR0SS#2025-10-06 00:00:00,2025-10-06 23:59:59;1759701600000,1759787999999]"
Europe/Berlin,1759738013349,0adab909-eb8f-4baf-9eed-7a4cc889cb7c,1,2025-10-06 10:06:53,2025-10-06,10:06:53,10,6,"[daily_RR0SS#2025-10-06 00:00:00,2025-10-06 23:59:59;1759701600000,1759787999999]"
Europe/Berlin,1759738018342,0adab909-eb8f-4baf-9eed-7a4cc889cb7c,3,2025-10-06 10:06:58,2025-10-06,10:06:58,10,6,"[daily_RR0SS#2025-10-06 00:00:00,2025-10-06 23:59:59;1759701600000,1759787999999]"
Europe/Berlin,1759739477573,0adab909-eb8f-4baf-9eed-7a4cc889cb7c,0,2025-10-06 10:31:17,2025-10-06,10:31:17,10,31,"[daily_RR0SS#2025-10-06 00:00:00,2025-10-06 23:59:59;1759701600000,1759787999999]"
Europe/Berlin,1759739477579,0adab909-eb8f-4baf-9eed-7a4cc889cb7c,2,2025-10-06 10:31:17,2025-10-06,10:31:17,10,31,"[daily_RR0SS#2025-10-06 00:00:00,2025-10-06 23:59:59;1759701600000,1759787999999]"
Europe/Berlin,1759739491452,0adab909-eb8f-4baf-9eed-7a4cc889cb7c,1,2025-10-06 10:31:31,2025-10-06,10:31:31,10,31,"[daily_RR0SS#2025-10-06 00:00:00,2025-10-06 23:59:59;1759701600000,1759787999999]"
Europe/Berlin,1759739493442,0adab909-eb8f-4baf-9eed-7a4cc889cb7c,3,2025-10-06 10:31:33,2025-10-06,10:31:33,10,31,"[daily_RR0SS#2025-10-06 00:00:00,2025-10-06 23:59:59;1759701600000,1759787999999]"
Europe/Berlin,1759740196626,0adab909-eb8f-4baf-9eed-7a4cc889cb7c,0,2025-10-06 10:43:16,2025-10-06,10:43:16,10,43,"[daily_RR0SS#2025-10-06 00:00:00,2025-10-06 23:59:59;1759701600000,1759787999999]"
Europe/Berlin,1759740196638,0adab909-eb8f-4baf-9eed-7a4cc889cb7c,2,2025-10-06 10:43:16,2025-10-06,10:43:16,10,43,"[daily_RR0SS#2025-10-06 00:00:00,2025-10-06 23:59:59;1759701600000,1759787999999]"
Europe/Berlin,1759741664318,0adab909-eb8f-4baf-9eed-7a4cc889cb7c,1,2025-10-06 11:07:44,2025-10-06,11:07:44,11,7,"[daily_RR0SS#2025-10-06 00:00:00,2025-10-06 23:59:59;1759701600000,1759787999999]"
Europe/Berlin,1759741665676,0adab909-eb8f-4baf-9eed-7a4cc889cb7c,3,2025-10-06 11:07:45,2025-10-06,11:07:45,11,7,"[daily_RR0SS#2025-10-06 00:00:00,2025-10-06 23:59:59;1759701600000,1759787999999]"
Europe/Berlin,1759742659450,0adab909-eb8f-4baf-9eed-7a4cc889cb7c,0,2025-10-06 11:24:19,2025-10-06,11:24:19,11,24,"[daily_RR0SS#2025-10-06 00:00:00,2025-10-06 23:59:59;1759701600000,1759787999999]"
Europe/Berlin,1759742659458,0adab909-eb8f-4baf-9eed-7a4cc889cb7c,2,2025-10-06 11:24:19,2025-10-06,11:24:19,11,24,"[daily_RR0SS#2025-10-06 00:00:00,2025-10-06 23:59:59;1759701600000,1759787999999]"
Europe/Berlin,1759742688236,0adab909-eb8f-4baf-9eed-7a4cc889cb7c,1,2025-10-06 11:24:48,2025-10-06,11:24:48,11,24,"[daily_RR0SS#2025-10-06 00:00:00,2025-10-06 23:59:59;1759701600000,1759787999999]"
Europe/Berlin,1759742689749,0adab909-eb8f-4baf-9eed-7a4cc889cb7c,0,2025-10-06 11:24:49,2025-10-06,11:24:49,11,24,"[daily_RR0SS#2025-10-06 00:00:00,2025-10-06 23:59:59;1759701600000,1759787999999]"
Europe/Berlin,1759742689756,0adab909-eb8f-4baf-9eed-7a4cc889cb7c,2,2025-10-06 11:24:49,2025-10-06,11:24:49,11,24,"[daily_RR0SS#2025-10-06 00:00:00,2025-10-06 23:59:59;1759701600000,1759787999999]"
Europe/Berlin,1759744189773,0adab909-eb8f-4baf-9eed-7a4cc889cb7c,1,2025-10-06 11:49:49,2025-10-06,11:49:49,11,49,"[daily_RR0SS#2025-10-06 00:00:00,2025-10-06 23:59:59;1759701600000,1759787999999]"
Europe/Berlin,1759744195076,0adab909-eb8f-4baf-9eed-7a4cc889cb7c,0,2025-10-06 11:49:55,2025-10-06,11:49:55,11,49,"[daily_RR0SS#2025-10-06 00:00:00,2025-10-06 23:59:59;1759701600000,1759787999999]"
Europe/Berlin,1759744195083,0adab909-eb8f-4baf-9eed-7a4cc889cb7c,2,2025-10-06 11:49:55,2025-10-06,11:49:55,11,49,"[daily_RR0SS#2025-10-06 00:00:00,2025-10-06 23:59:59;1759701600000,1759787999999]"
Europe/Berlin,1759744195348,0adab909-eb8f-4baf-9eed-7a4cc889cb7c,1,2025-10-06 11:49:55,2025-10-06,11:49:55,11,49,"[daily_RR0SS#2025-10-06 00:00:00,2025-10-06 23:59:59;1759701600000,1759787999999]"
Europe/Berlin,1759744195836,0adab909-eb8f-4baf-9eed-7a4cc889cb7c,3,2025-10-06 11:49:55,2025-10-06,11:49:55,11,49,"[daily_RR0SS#2025-10-06 00:00:00,2025-10-06 23:59:59;1759701600000,1759787999999]"
Europe/Berlin,1759744804414,0adab909-eb8f-4baf-9eed-7a4cc889cb7c,0,2025-10-06 12:00:04,2025-10-06,12:00:04,12,0,"[daily_RR0SS#2025-10-06 00:00:00,2025-10-06 23:59:59;1759701600000,1759787999999]"
Europe/Berlin,1759745172705,0adab909-eb8f-4baf-9eed-7a4cc889cb7c,1,2025-10-06 12:06:12,2025-10-06,12:06:12,12,6,"[daily_RR0SS#2025-10-06 00:00:00,2025-10-06 23:59:59;1759701600000,1759787999999]"
Europe/Berlin,1759745175024,0adab909-eb8f-4baf-9eed-7a4cc889cb7c,3,2025-10-06 12:06:15,2025-10-06,12:06:15,12,6,"[daily_RR0SS#2025-10-06 00:00:00,2025-10-06 23:59:59;1759701600000,1759787999999]"
Europe/Berlin,1759745183109,0adab909-eb8f-4baf-9eed-7a4cc889cb7c,0,2025-10-06 12:06:23,2025-10-06,12:06:23,12,6,"[daily_RR0SS#2025-10-06 00:00:00,2025-10-06 23:59:59;1759701600000,1759787999999]"
Europe/Berlin,1759745183117,0adab909-eb8f-4baf-9eed-7a4cc889cb7c,2,2025-10-06 12:06:23,2025-10-06,12:06:23,12,6,"[daily_RR0SS#2025-10-06 00:00:00,2025-10-06 23:59:59;1759701600000,1759787999999]"
Europe/Berlin,1759747530984,0adab909-eb8f-4baf-9eed-7a4cc889cb7c,1,2025-10-06 12:45:30,2025-10-06,12:45:30,12,45,"[daily_RR0SS#2025-10-06 00:00:00,2025-10-06 23:59:59;1759701600000,1759787999999]"
Europe/Berlin,1759747533601,0adab909-eb8f-4baf-9eed-7a4cc889cb7c,0,2025-10-06 12:45:33,2025-10-06,12:45:33,12,45,"[daily_RR0SS#2025-10-06 00:00:00,2025-10-06 23:59:59;1759701600000,1759787999999]"
Europe/Berlin,1759747533619,0adab909-eb8f-4baf-9eed-7a4cc889cb7c,2,2025-10-06 12:45:33,2025-10-06,12:45:33,12,45,"[daily_RR0SS#2025-10-06 00:00:00,2025-10-06 23:59:59;1759701600000,1759787999999]"
Europe/Berlin,1759747539427,0adab909-eb8f-4baf-9eed-7a4cc889cb7c,1,2025-10-06 12:45:39,2025-10-06,12:45:39,12,45,"[daily_RR0SS#2025-10-06 00:00:00,2025-10-06 23:59:59;1759701600000,1759787999999]"
Europe/Berlin,1759747541880,0adab909-eb8f-4baf-9eed-7a4cc889cb7c,3,2025-10-06 12:45:41,2025-10-06,12:45:41,12,45,"[daily_RR0SS#2025-10-06 00:00:00,2025-10-06 23:59:59;1759701600000,1759787999999]"
Europe/Berlin,1759748178728,0adab909-eb8f-4baf-9eed-7a4cc889cb7c,0,2025-10-06 12:56:18,2025-10-06,12:56:18,12,56,"[daily_RR0SS#2025-10-06 00:00:00,2025-10-06 23:59:59;1759701600000,1759787999999]"
Europe/Berlin,1759748327002,0adab909-eb8f-4baf-9eed-7a4cc889cb7c,1,2025-10-06 12:58:47,2025-10-06,12:58:47,12,58,"[daily_RR0SS#2025-10-06 00:00:00,2025-10-06 23:59:59;1759701600000,1759787999999]"
Europe/Berlin,1759748335636,0adab909-eb8f-4baf-9eed-7a4cc889cb7c,0,2025-10-06 12:58:55,2025-10-06,12:58:55,12,58,"[daily_RR0SS#2025-10-06 00:00:00,2025-10-06 23:59:59;1759701600000,1759787999999]"
Europe/Berlin,1759748335647,0adab909-eb8f-4baf-9eed-7a4cc889cb7c,2,2025-10-06 12:58:55,2025-10-06,12:58:55,12,58,"[daily_RR0SS#2025-10-06 00:00:00,2025-10-06 23:59:59;1759701600000,1759787999999]"
Europe/Berlin,1759748764992,0adab909-eb8f-4baf-9eed-7a4cc889cb7c,1,2025-10-06 13:06:04,2025-10-06,13:06:04,13,6,"[daily_RR0SS#2025-10-06 00:00:00,2025-10-06 23:59:59;1759701600000,1759787999999]"
Europe/Berlin,1759748774816,0adab909-eb8f-4baf-9eed-7a4cc889cb7c,0,2025-10-06 13:06:14,2025-10-06,13:06:14,13,6,"[daily_RR0SS#2025-10-06 00:00:00,2025-10-06 23:59:59;1759701600000,1759787999999]"
Europe/Berlin,1759748774825,0adab909-eb8f-4baf-9eed-7a4cc889cb7c,2,2025-10-06 13:06:14,2025-10-06,13:06:14,13,6,"[daily_RR0SS#2025-10-06 00:00:00,2025-10-06 23:59:59;1759701600000,1759787999999]"
Europe/Berlin,1759749172690,0adab909-eb8f-4baf-9eed-7a4cc889cb7c,1,2025-10-06 13:12:52,2025-10-06,13:12:52,13,12,"[daily_RR0SS#2025-10-06 00:00:00,2025-10-06 23:59:59;1759701600000,1759787999999]"
Europe/Berlin,1759749175472,0adab909-eb8f-4baf-9eed-7a4cc889cb7c,3,2025-10-06 13:12:55,2025-10-06,13:12:55,13,12,"[daily_RR0SS#2025-10-06 00:00:00,2025-10-06 23:59:59;1759701600000,1759787999999]"
Europe/Berlin,1759750641895,0adab909-eb8f-4baf-9eed-7a4cc889cb7c,0,2025-10-06 13:37:21,2025-10-06,13:37:21,13,37,"[daily_RR0SS#2025-10-06 00:00:00,2025-10-06 23:59:59;1759701600000,1759787999999]"
Europe/Berlin,1759750641905,0adab909-eb8f-4baf-9eed-7a4cc889cb7c,2,2025-10-06 13:37:21,2025-10-06,13:37:21,13,37,"[daily_RR0SS#2025-10-06 00:00:00,2025-10-06 23:59:59;1759701600000,1759787999999]"
Europe/Berlin,1759751650146,0adab909-eb8f-4baf-9eed-7a4cc889cb7c,1,2025-10-06 13:54:10,2025-10-06,13:54:10,13,54,"[daily_RR0SS#2025-10-06 00:00:00,2025-10-06 23:59:59;1759701600000,1759787999999]"
Europe/Berlin,1759751652624,0adab909-eb8f-4baf-9eed-7a4cc889cb7c,3,2025-10-06 13:54:12,2025-10-06,13:54:12,13,54,"[daily_RR0SS#2025-10-06 00:00:00,2025-10-06 23:59:59;1759701600000,1759787999999]"
Europe/Berlin,1759753322960,0adab909-eb8f-4baf-9eed-7a4cc889cb7c,0,2025-10-06 14:22:02,2025-10-06,14:22:02,14,22,"[daily_RR0SS#2025-10-06 00:00:00,2025-10-06 23:59:59;1759701600000,1759787999999]"
Europe/Berlin,1759753815794,0adab909-eb8f-4baf-9eed-7a4cc889cb7c,1,2025-10-06 14:30:15,2025-10-06,14:30:15,14,30,"[daily_RR0SS#2025-10-06 00:00:00,2025-10-06 23:59:59;1759701600000,1759787999999]"
Europe/Berlin,1759753818397,0adab909-eb8f-4baf-9eed-7a4cc889cb7c,3,2025-10-06 14:30:18,2025-10-06,14:30:18,14,30,"[daily_RR0SS#2025-10-06 00:00:00,2025-10-06 23:59:59;1759701600000,1759787999999]"
Europe/Berlin,1759754434332,0adab909-eb8f-4baf-9eed-7a4cc889cb7c,0,2025-10-06 14:40:34,2025-10-06,14:40:34,14,40,"[daily_RR0SS#2025-10-06 00:00:00,2025-10-06 23:59:59;1759701600000,1759787999999]"
Europe/Berlin,1759754905136,0adab909-eb8f-4baf-9eed-7a4cc889cb7c,1,2025-10-06 14:48:25,2025-10-06,14:48:25,14,48,"[daily_RR0SS#2025-10-06 00:00:00,2025-10-06 23:59:59;1759701600000,1759787999999]"
Europe/Berlin,1759754908429,0adab909-eb8f-4baf-9eed-7a4cc889cb7c,3,2025-10-06 14:48:28,2025-10-06,14:48:28,14,48,"[daily_RR0SS#2025-10-06 00:00:00,2025-10-06 23:59:59;1759701600000,1759787999999]"
Europe/Berlin,1759754944947,0adab909-eb8f-4baf-9eed-7a4cc889cb7c,0,2025-10-06 14:49:04,2025-10-06,14:49:04,14,49,"[daily_RR0SS#2025-10-06 00:00:00,2025-10-06 23:59:59;1759701600000,1759787999999]"
Europe/Berlin,1759754944956,0adab909-eb8f-4baf-9eed-7a4cc889cb7c,2,2025-10-06 14:49:04,2025-10-06,14:49:04,14,49,"[daily_RR0SS#2025-10-06 00:00:00,2025-10-06 23:59:59;1759701600000,1759787999999]"
Europe/Berlin,1759755318301,0adab909-eb8f-4baf-9eed-7a4cc889cb7c,1,2025-10-06 14:55:18,2025-10-06,14:55:18,14,55,"[daily_RR0SS#2025-10-06 00:00:00,2025-10-06 23:59:59;1759701600000,1759787999999]"
Europe/Berlin,1759755321891,0adab909-eb8f-4baf-9eed-7a4cc889cb7c,3,2025-10-06 14:55:21,2025-10-06,14:55:21,14,55,"[daily_RR0SS#2025-10-06 00:00:00,2025-10-06 23:59:59;1759701600000,1759787999999]"
Europe/Berlin,1759755331763,0adab909-eb8f-4baf-9eed-7a4cc889cb7c,0,2025-10-06 14:55:31,2025-10-06,14:55:31,14,55,"[daily_RR0SS#2025-10-06 00:00:00,2025-10-06 23:59:59;1759701600000,1759787999999]"
Europe/Berlin,1759755331775,0adab909-eb8f-4baf-9eed-7a4cc889cb7c,2,2025-10-06 14:55:31,2025-10-06,14:55:31,14,55,"[daily_RR0SS#2025-10-06 00:00:00,2025-10-06 23:59:59;1759701600000,1759787999999]"
Europe/Berlin,1759755505855,0adab909-eb8f-4baf-9eed-7a4cc889cb7c,1,2025-10-06 14:58:25,2025-10-06,14:58:25,14,58,"[daily_RR0SS#2025-10-06 00:00:00,2025-10-06 23:59:59;1759701600000,1759787999999]"
Europe/Berlin,1759755508450,0adab909-eb8f-4baf-9eed-7a4cc889cb7c,3,2025-10-06 14:58:28,2025-10-06,14:58:28,14,58,"[daily_RR0SS#2025-10-06 00:00:00,2025-10-06 23:59:59;1759701600000,1759787999999]"
Europe/Berlin,1759756176696,0adab909-eb8f-4baf-9eed-7a4cc889cb7c,0,2025-10-06 15:09:36,2025-10-06,15:09:36,15,9,"[daily_RR0SS#2025-10-06 00:00:00,2025-10-06 23:59:59;1759701600000,1759787999999]"
Europe/Berlin,1759756693150,0adab909-eb8f-4baf-9eed-7a4cc889cb7c,1,2025-10-06 15:18:13,2025-10-06,15:18:13,15,18,"[daily_RR0SS#2025-10-06 00:00:00,2025-10-06 23:59:59;1759701600000,1759787999999]"
Europe/Berlin,1759756701698,0adab909-eb8f-4baf-9eed-7a4cc889cb7c,0,2025-10-06 15:18:21,2025-10-06,15:18:21,15,18,"[daily_RR0SS#2025-10-06 00:00:00,2025-10-06 23:59:59;1759701600000,1759787999999]"
Europe/Berlin,1759756701707,0adab909-eb8f-4baf-9eed-7a4cc889cb7c,2,2025-10-06 15:18:21,2025-10-06,15:18:21,15,18,"[daily_RR0SS#2025-10-06 00:00:00,2025-10-06 23:59:59;1759701600000,1759787999999]"
Europe/Berlin,1759756793194,0adab909-eb8f-4baf-9eed-7a4cc889cb7c,1,2025-10-06 15:19:53,2025-10-06,15:19:53,15,19,"[daily_RR0SS#2025-10-06 00:00:00,2025-10-06 23:59:59;1759701600000,1759787999999]"
Europe/Berlin,1759756796623,0adab909-eb8f-4baf-9eed-7a4cc889cb7c,3,2025-10-06 15:19:56,2025-10-06,15:19:56,15,19,"[daily_RR0SS#2025-10-06 00:00:00,2025-10-06 23:59:59;1759701600000,1759787999999]"
Europe/Berlin,1759756803547,0adab909-eb8f-4baf-9eed-7a4cc889cb7c,0,2025-10-06 15:20:03,2025-10-06,15:20:03,15,20,"[daily_RR0SS#2025-10-06 00:00:00,2025-10-06 23:59:59;1759701600000,1759787999999]"
Europe/Berlin,1759756803554,0adab909-eb8f-4baf-9eed-7a4cc889cb7c,2,2025-10-06 15:20:03,2025-10-06,15:20:03,15,20,"[daily_RR0SS#2025-10-06 00:00:00,2025-10-06 23:59:59;1759701600000,1759787999999]"
Europe/Berlin,1759758157733,0adab909-eb8f-4baf-9eed-7a4cc889cb7c,1,2025-10-06 15:42:37,2025-10-06,15:42:37,15,42,"[daily_RR0SS#2025-10-06 00:00:00,2025-10-06 23:59:59;1759701600000,1759787999999]"
Europe/Berlin,1759758160162,0adab909-eb8f-4baf-9eed-7a4cc889cb7c,3,2025-10-06 15:42:40,2025-10-06,15:42:40,15,42,"[daily_RR0SS#2025-10-06 00:00:00,2025-10-06 23:59:59;1759701600000,1759787999999]"
Europe/Berlin,1759758648502,0adab909-eb8f-4baf-9eed-7a4cc889cb7c,0,2025-10-06 15:50:48,2025-10-06,15:50:48,15,50,"[daily_RR0SS#2025-10-06 00:00:00,2025-10-06 23:59:59;1759701600000,1759787999999]"
Europe/Berlin,1759758648510,0adab909-eb8f-4baf-9eed-7a4cc889cb7c,2,2025-10-06 15:50:48,2025-10-06,15:50:48,15,50,"[daily_RR0SS#2025-10-06 00:00:00,2025-10-06 23:59:59;1759701600000,1759787999999]"
Europe/Berlin,1759759210126,0adab909-eb8f-4baf-9eed-7a4cc889cb7c,1,2025-10-06 16:00:10,2025-10-06,16:00:10,16,0,"[daily_RR0SS#2025-10-06 00:00:00,2025-10-06 23:59:59;1759701600000,1759787999999]"
Europe/Berlin,1759759213383,0adab909-eb8f-4baf-9eed-7a4cc889cb7c,0,2025-10-06 16:00:13,2025-10-06,16:00:13,16,0,"[daily_RR0SS#2025-10-06 00:00:00,2025-10-06 23:59:59;1759701600000,1759787999999]"
Europe/Berlin,1759759213395,0adab909-eb8f-4baf-9eed-7a4cc889cb7c,2,2025-10-06 16:00:13,2025-10-06,16:00:13,16,0,"[daily_RR0SS#2025-10-06 00:00:00,2025-10-06 23:59:59;1759701600000,1759787999999]"
Europe/Berlin,1759759213511,0adab909-eb8f-4baf-9eed-7a4cc889cb7c,1,2025-10-06 16:00:13,2025-10-06,16:00:13,16,0,"[daily_RR0SS#2025-10-06 00:00:00,2025-10-06 23:59:59;1759701600000,1759787999999]"
Europe/Berlin,1759759214273,0adab909-eb8f-4baf-9eed-7a4cc889cb7c,3,2025-10-06 16:00:14,2025-10-06,16:00:14,16,0,"[daily_RR0SS#2025-10-06 00:00:00,2025-10-06 23:59:59;1759701600000,1759787999999]"
Europe/Berlin,1759761536410,0adab909-eb8f-4baf-9eed-7a4cc889cb7c,0,2025-10-06 16:38:56,2025-10-06,16:38:56,16,38,"[daily_RR0SS#2025-10-06 00:00:00,2025-10-06 23:59:59;1759701600000,1759787999999]"
Europe/Berlin,1759761957309,0adab909-eb8f-4baf-9eed-7a4cc889cb7c,1,2025-10-06 16:45:57,2025-10-06,16:45:57,16,45,"[daily_RR0SS#2025-10-06 00:00:00,2025-10-06 23:59:59;1759701600000,1759787999999]"
Europe/Berlin,1759761960851,0adab909-eb8f-4baf-9eed-7a4cc889cb7c,3,2025-10-06 16:46:00,2025-10-06,16:46:00,16,46,"[daily_RR0SS#2025-10-06 00:00:00,2025-10-06 23:59:59;1759701600000,1759787999999]"
Europe/Berlin,1759762986134,0adab909-eb8f-4baf-9eed-7a4cc889cb7c,0,2025-10-06 17:03:06,2025-10-06,17:03:06,17,3,"[daily_RR0SS#2025-10-06 00:00:00,2025-10-06 23:59:59;1759701600000,1759787999999]"
Europe/Berlin,1759762988192,0adab909-eb8f-4baf-9eed-7a4cc889cb7c,1,2025-10-06 17:03:08,2025-10-06,17:03:08,17,3,"[daily_RR0SS#2025-10-06 00:00:00,2025-10-06 23:59:59;1759701600000,1759787999999]"
Europe/Berlin,1759764226207,0adab909-eb8f-4baf-9eed-7a4cc889cb7c,0,2025-10-06 17:23:46,2025-10-06,17:23:46,17,23,"[daily_RR0SS#2025-10-06 00:00:00,2025-10-06 23:59:59;1759701600000,1759787999999]"
Europe/Berlin,1759765826247,0adab909-eb8f-4baf-9eed-7a4cc889cb7c,1,2025-10-06 17:50:26,2025-10-06,17:50:26,17,50,"[daily_RR0SS#2025-10-06 00:00:00,2025-10-06 23:59:59;1759701600000,1759787999999]"
Europe/Berlin,1759765832875,0adab909-eb8f-4baf-9eed-7a4cc889cb7c,0,2025-10-06 17:50:32,2025-10-06,17:50:32,17,50,"[daily_RR0SS#2025-10-06 00:00:00,2025-10-06 23:59:59;1759701600000,1759787999999]"
Europe/Berlin,1759765832888,0adab909-eb8f-4baf-9eed-7a4cc889cb7c,2,2025-10-06 17:50:32,2025-10-06,17:50:32,17,50,"[daily_RR0SS#2025-10-06 00:00:00,2025-10-06 23:59:59;1759701600000,1759787999999]"
Europe/Berlin,1759765952245,0adab909-eb8f-4baf-9eed-7a4cc889cb7c,1,2025-10-06 17:52:32,2025-10-06,17:52:32,17,52,"[daily_RR0SS#2025-10-06 00:00:00,2025-10-06 23:59:59;1759701600000,1759787999999]"
Europe/Berlin,1759765954528,0adab909-eb8f-4baf-9eed-7a4cc889cb7c,3,2025-10-06 17:52:34,2025-10-06,17:52:34,17,52,"[daily_RR0SS#2025-10-06 00:00:00,2025-10-06 23:59:59;1759701600000,1759787999999]"
Europe/Berlin,1759766648106,0adab909-eb8f-4baf-9eed-7a4cc889cb7c,0,2025-10-06 18:04:08,2025-10-06,18:04:08,18,4,"[daily_RR0SS#2025-10-06 00:00:00,2025-10-06 23:59:59;1759701600000,1759787999999]"
Europe/Berlin,1759767088467,0adab909-eb8f-4baf-9eed-7a4cc889cb7c,1,2025-10-06 18:11:28,2025-10-06,18:11:28,18,11,"[daily_RR0SS#2025-10-06 00:00:00,2025-10-06 23:59:59;1759701600000,1759787999999]"
Europe/Berlin,1759767090888,0adab909-eb8f-4baf-9eed-7a4cc889cb7c,3,2025-10-06 18:11:30,2025-10-06,18:11:30,18,11,"[daily_RR0SS#2025-10-06 00:00:00,2025-10-06 23:59:59;1759701600000,1759787999999]"
Europe/Berlin,1759767814899,0adab909-eb8f-4baf-9eed-7a4cc889cb7c,0,2025-10-06 18:23:34,2025-10-06,18:23:34,18,23,"[daily_RR0SS#2025-10-06 00:00:00,2025-10-06 23:59:59;1759701600000,1759787999999]"
Europe/Berlin,1759768794710,0adab909-eb8f-4baf-9eed-7a4cc889cb7c,1,2025-10-06 18:39:54,2025-10-06,18:39:54,18,39,"[daily_RR0SS#2025-10-06 00:00:00,2025-10-06 23:59:59;1759701600000,1759787999999]"
Europe/Berlin,1759768804801,0adab909-eb8f-4baf-9eed-7a4cc889cb7c,0,2025-10-06 18:40:04,2025-10-06,18:40:04,18,40,"[daily_RR0SS#2025-10-06 00:00:00,2025-10-06 23:59:59;1759701600000,1759787999999]"
Europe/Berlin,1759768804819,0adab909-eb8f-4baf-9eed-7a4cc889cb7c,2,2025-10-06 18:40:04,2025-10-06,18:40:04,18,40,"[daily_RR0SS#2025-10-06 00:00:00,2025-10-06 23:59:59;1759701600000,1759787999999]"
Europe/Berlin,1759768962821,0adab909-eb8f-4baf-9eed-7a4cc889cb7c,1,2025-10-06 18:42:42,2025-10-06,18:42:42,18,42,"[daily_RR0SS#2025-10-06 00:00:00,2025-10-06 23:59:59;1759701600000,1759787999999]"
Europe/Berlin,1759768967896,0adab909-eb8f-4baf-9eed-7a4cc889cb7c,3,2025-10-06 18:42:47,2025-10-06,18:42:47,18,42,"[daily_RR0SS#2025-10-06 00:00:00,2025-10-06 23:59:59;1759701600000,1759787999999]"
Europe/Berlin,1759769109126,0adab909-eb8f-4baf-9eed-7a4cc889cb7c,0,2025-10-06 18:45:09,2025-10-06,18:45:09,18,45,"[daily_RR0SS#2025-10-06 00:00:00,2025-10-06 23:59:59;1759701600000,1759787999999]"
Europe/Berlin,1759769109140,0adab909-eb8f-4baf-9eed-7a4cc889cb7c,2,2025-10-06 18:45:09,2025-10-06,18:45:09,18,45,"[daily_RR0SS#2025-10-06 00:00:00,2025-10-06 23:59:59;1759701600000,1759787999999]"
Europe/Berlin,1759774847103,0adab909-eb8f-4baf-9eed-7a4cc889cb7c,1,2025-10-06 20:20:47,2025-10-06,20:20:47,20,20,"[daily_RR0SS#2025-10-06 00:00:00,2025-10-06 23:59:59;1759701600000,1759787999999]"
Europe/Berlin,1759774849019,0adab909-eb8f-4baf-9eed-7a4cc889cb7c,3,2025-10-06 20:20:49,2025-10-06,20:20:49,20,20,"[daily_RR0SS#2025-10-06 00:00:00,2025-10-06 23:59:59;1759701600000,1759787999999]"
Europe/Berlin,1759775352073,0adab909-eb8f-4baf-9eed-7a4cc889cb7c,0,2025-10-06 20:29:12,2025-10-06,20:29:12,20,29,"[daily_RR0SS#2025-10-06 00:00:00,2025-10-06 23:59:59;1759701600000,1759787999999]"
Europe/Berlin,1759775352093,0adab909-eb8f-4baf-9eed-7a4cc889cb7c,2,2025-10-06 20:29:12,2025-10-06,20:29:12,20,29,"[daily_RR0SS#2025-10-06 00:00:00,2025-10-06 23:59:59;1759701600000,1759787999999]"
Europe/Berlin,1759775579573,0adab909-eb8f-4baf-9eed-7a4cc889cb7c,1,2025-10-06 20:32:59,2025-10-06,20:32:59,20,32,"[daily_RR0SS#2025-10-06 00:00:00,2025-10-06 23:59:59;1759701600000,1759787999999]"
Europe/Berlin,1759775580503,0adab909-eb8f-4baf-9eed-7a4cc889cb7c,3,2025-10-06 20:33:00,2025-10-06,20:33:00,20,33,"[daily_RR0SS#2025-10-06 00:00:00,2025-10-06 23:59:59;1759701600000,1759787999999]"
Europe/Berlin,1759775763510,0adab909-eb8f-4baf-9eed-7a4cc889cb7c,0,2025-10-06 20:36:03,2025-10-06,20:36:03,20,36,"[daily_RR0SS#2025-10-06 00:00:00,2025-10-06 23:59:59;1759701600000,1759787999999]"
Europe/Berlin,1759775763520,0adab909-eb8f-4baf-9eed-7a4cc889cb7c,2,2025-10-06 20:36:03,2025-10-06,20:36:03,20,36,"[daily_RR0SS#2025-10-06 00:00:00,2025-10-06 23:59:59;1759701600000,1759787999999]"
Europe/Berlin,1759775854336,0adab909-eb8f-4baf-9eed-7a4cc889cb7c,1,2025-10-06 20:37:34,2025-10-06,20:37:34,20,37,"[daily_RR0SS#2025-10-06 00:00:00,2025-10-06 23:59:59;1759701600000,1759787999999]"
Europe/Berlin,1759775856186,0adab909-eb8f-4baf-9eed-7a4cc889cb7c,3,2025-10-06 20:37:36,2025-10-06,20:37:36,20,37,"[daily_RR0SS#2025-10-06 00:00:00,2025-10-06 23:59:59;1759701600000,1759787999999]"
Europe/Berlin,1759776467232,0adab909-eb8f-4baf-9eed-7a4cc889cb7c,0,2025-10-06 20:47:47,2025-10-06,20:47:47,20,47,"[daily_RR0SS#2025-10-06 00:00:00,2025-10-06 23:59:59;1759701600000,1759787999999]"
Europe/Berlin,1759777218642,0adab909-eb8f-4baf-9eed-7a4cc889cb7c,1,2025-10-06 21:00:18,2025-10-06,21:00:18,21,0,"[daily_RR0SS#2025-10-06 00:00:00,2025-10-06 23:59:59;1759701600000,1759787999999]"
Europe/Berlin,1759777221331,0adab909-eb8f-4baf-9eed-7a4cc889cb7c,3,2025-10-06 21:00:21,2025-10-06,21:00:21,21,0,"[daily_RR0SS#2025-10-06 00:00:00,2025-10-06 23:59:59;1759701600000,1759787999999]"
Europe/Berlin,1759778107006,0adab909-eb8f-4baf-9eed-7a4cc889cb7c,0,2025-10-06 21:15:07,2025-10-06,21:15:07,21,15,"[daily_RR0SS#2025-10-06 00:00:00,2025-10-06 23:59:59;1759701600000,1759787999999]"
Europe/Berlin,1759778768992,0adab909-eb8f-4baf-9eed-7a4cc889cb7c,1,2025-10-06 21:26:08,2025-10-06,21:26:08,21,26,"[daily_RR0SS#2025-10-06 00:00:00,2025-10-06 23:59:59;1759701600000,1759787999999]"
Europe/Berlin,1759778772446,0adab909-eb8f-4baf-9eed-7a4cc889cb7c,3,2025-10-06 21:26:12,2025-10-06,21:26:12,21,26,"[daily_RR0SS#2025-10-06 00:00:00,2025-10-06 23:59:59;1759701600000,1759787999999]"
Europe/Berlin,1759779161731,0adab909-eb8f-4baf-9eed-7a4cc889cb7c,0,2025-10-06 21:32:41,2025-10-06,21:32:41,21,32,"[daily_RR0SS#2025-10-06 00:00:00,2025-10-06 23:59:59;1759701600000,1759787999999]"
Europe/Berlin,1759779161742,0adab909-eb8f-4baf-9eed-7a4cc889cb7c,2,2025-10-06 21:32:41,2025-10-06,21:32:41,21,32,"[daily_RR0SS#2025-10-06 00:00:00,2025-10-06 23:59:59;1759701600000,1759787999999]"
Europe/Berlin,1759780266320,0adab909-eb8f-4baf-9eed-7a4cc889cb7c,1,2025-10-06 21:51:06,2025-10-06,21:51:06,21,51,"[daily_RR0SS#2025-10-06 00:00:00,2025-10-06 23:59:59;1759701600000,1759787999999]"
Europe/Berlin,1759780269001,0adab909-eb8f-4baf-9eed-7a4cc889cb7c,3,2025-10-06 21:51:09,2025-10-06,21:51:09,21,51,"[daily_RR0SS#2025-10-06 00:00:00,2025-10-06 23:59:59;1759701600000,1759787999999]"
Europe/Berlin,1759780387585,0adab909-eb8f-4baf-9eed-7a4cc889cb7c,0,2025-10-06 21:53:07,2025-10-06,21:53:07,21,53,"[daily_RR0SS#2025-10-06 00:00:00,2025-10-06 23:59:59;1759701600000,1759787999999]"
Europe/Berlin,1759780387592,0adab909-eb8f-4baf-9eed-7a4cc889cb7c,2,2025-10-06 21:53:07,2025-10-06,21:53:07,21,53,"[daily_RR0SS#2025-10-06 00:00:00,2025-10-06 23:59:59;1759701600000,1759787999999]"
Europe/Berlin,1759781556525,0adab909-eb8f-4baf-9eed-7a4cc889cb7c,1,2025-10-06 22:12:36,2025-10-06,22:12:36,22,12,"[daily_RR0SS#2025-10-06 00:00:00,2025-10-06 23:59:59;1759701600000,1759787999999]"
Europe/Berlin,1759781562305,0adab909-eb8f-4baf-9eed-7a4cc889cb7c,0,2025-10-06 22:12:42,2025-10-06,22:12:42,22,12,"[daily_RR0SS#2025-10-06 00:00:00,2025-10-06 23:59:59;1759701600000,1759787999999]"
Europe/Berlin,1759781562324,0adab909-eb8f-4baf-9eed-7a4cc889cb7c,2,2025-10-06 22:12:42,2025-10-06,22:12:42,22,12,"[daily_RR0SS#2025-10-06 00:00:00,2025-10-06 23:59:59;1759701600000,1759787999999]"
Europe/Berlin,1759781562503,0adab909-eb8f-4baf-9eed-7a4cc889cb7c,1,2025-10-06 22:12:42,2025-10-06,22:12:42,22,12,"[daily_RR0SS#2025-10-06 00:00:00,2025-10-06 23:59:59;1759701600000,1759787999999]"
Europe/Berlin,1759781563068,0adab909-eb8f-4baf-9eed-7a4cc889cb7c,3,2025-10-06 22:12:43,2025-10-06,22:12:43,22,12,"[daily_RR0SS#2025-10-06 00:00:00,2025-10-06 23:59:59;1759701600000,1759787999999]"
Europe/Berlin,1759781781316,0adab909-eb8f-4baf-9eed-7a4cc889cb7c,0,2025-10-06 22:16:21,2025-10-06,22:16:21,22,16,"[daily_RR0SS#2025-10-06 00:00:00,2025-10-06 23:59:59;1759701600000,1759787999999]"
Europe/Berlin,1759781781330,0adab909-eb8f-4baf-9eed-7a4cc889cb7c,2,2025-10-06 22:16:21,2025-10-06,22:16:21,22,16,"[daily_RR0SS#2025-10-06 00:00:00,2025-10-06 23:59:59;1759701600000,1759787999999]"
Europe/Berlin,1759782022351,0adab909-eb8f-4baf-9eed-7a4cc889cb7c,1,2025-10-06 22:20:22,2025-10-06,22:20:22,22,20,"[daily_RR0SS#2025-10-06 00:00:00,2025-10-06 23:59:59;1759701600000,1759787999999]"
Europe/Berlin,1759782024732,0adab909-eb8f-4baf-9eed-7a4cc889cb7c,3,2025-10-06 22:20:24,2025-10-06,22:20:24,22,20,"[daily_RR0SS#2025-10-06 00:00:00,2025-10-06 23:59:59;1759701600000,1759787999999]"
Europe/Berlin,1759782040020,0adab909-eb8f-4baf-9eed-7a4cc889cb7c,0,2025-10-06 22:20:40,2025-10-06,22:20:40,22,20,"[daily_RR0SS#2025-10-06 00:00:00,2025-10-06 23:59:59;1759701600000,1759787999999]"
Europe/Berlin,1759782040033,0adab909-eb8f-4baf-9eed-7a4cc889cb7c,2,2025-10-06 22:20:40,2025-10-06,22:20:40,22,20,"[daily_RR0SS#2025-10-06 00:00:00,2025-10-06 23:59:59;1759701600000,1759787999999]"
Europe/Berlin,1759782060430,0adab909-eb8f-4baf-9eed-7a4cc889cb7c,1,2025-10-06 22:21:00,2025-10-06,22:21:00,22,21,"[daily_RR0SS#2025-10-06 00:00:00,2025-10-06 23:59:59;1759701600000,1759787999999]"
Europe/Berlin,1759782066946,0adab909-eb8f-4baf-9eed-7a4cc889cb7c,0,2025-10-06 22:21:06,2025-10-06,22:21:06,22,21,"[daily_RR0SS#2025-10-06 00:00:00,2025-10-06 23:59:59;1759701600000,1759787999999]"
Europe/Berlin,1759782066961,0adab909-eb8f-4baf-9eed-7a4cc889cb7c,2,2025-10-06 22:21:06,2025-10-06,22:21:06,22,21,"[daily_RR0SS#2025-10-06 00:00:00,2025-10-06 23:59:59;1759701600000,1759787999999]"
Europe/Berlin,1759782083067,0adab909-eb8f-4baf-9eed-7a4cc889cb7c,1,2025-10-06 22:21:23,2025-10-06,22:21:23,22,21,"[daily_RR0SS#2025-10-06 00:00:00,2025-10-06 23:59:59;1759701600000,1759787999999]"
Europe/Berlin,1759782084214,0adab909-eb8f-4baf-9eed-7a4cc889cb7c,3,2025-10-06 22:21:24,2025-10-06,22:21:24,22,21,"[daily_RR0SS#2025-10-06 00:00:00,2025-10-06 23:59:59;1759701600000,1759787999999]"
Europe/Berlin,1759782460951,0adab909-eb8f-4baf-9eed-7a4cc889cb7c,0,2025-10-06 22:27:40,2025-10-06,22:27:40,22,27,"[daily_RR0SS#2025-10-06 00:00:00,2025-10-06 23:59:59;1759701600000,1759787999999]"
Europe/Berlin,1759782461005,0adab909-eb8f-4baf-9eed-7a4cc889cb7c,2,2025-10-06 22:27:41,2025-10-06,22:27:41,22,27,"[daily_RR0SS#2025-10-06 00:00:00,2025-10-06 23:59:59;1759701600000,1759787999999]"
Europe/Berlin,1759782566562,0adab909-eb8f-4baf-9eed-7a4cc889cb7c,1,2025-10-06 22:29:26,2025-10-06,22:29:26,22,29,"[daily_RR0SS#2025-10-06 00:00:00,2025-10-06 23:59:59;1759701600000,1759787999999]"
Europe/Berlin,1759782568948,0adab909-eb8f-4baf-9eed-7a4cc889cb7c,3,2025-10-06 22:29:28,2025-10-06,22:29:28,22,29,"[daily_RR0SS#2025-10-06 00:00:00,2025-10-06 23:59:59;1759701600000,1759787999999]"
Europe/Berlin,1759782588681,0adab909-eb8f-4baf-9eed-7a4cc889cb7c,0,2025-10-06 22:29:48,2025-10-06,22:29:48,22,29,"[daily_RR0SS#2025-10-06 00:00:00,2025-10-06 23:59:59;1759701600000,1759787999999]"
Europe/Berlin,1759782588690,0adab909-eb8f-4baf-9eed-7a4cc889cb7c,2,2025-10-06 22:29:48,2025-10-06,22:29:48,22,29,"[daily_RR0SS#2025-10-06 00:00:00,2025-10-06 23:59:59;1759701600000,1759787999999]"
Europe/Berlin,1759782600948,0adab909-eb8f-4baf-9eed-7a4cc889cb7c,1,2025-10-06 22:30:00,2025-10-06,22:30:00,22,30,"[daily_RR0SS#2025-10-06 00:00:00,2025-10-06 23:59:59;1759701600000,1759787999999]"
Europe/Berlin,1759782602096,0adab909-eb8f-4baf-9eed-7a4cc889cb7c,3,2025-10-06 22:30:02,2025-10-06,22:30:02,22,30,"[daily_RR0SS#2025-10-06 00:00:00,2025-10-06 23:59:59;1759701600000,1759787999999]"
Europe/Berlin,1759788714610,0adab909-eb8f-4baf-9eed-7a4cc889cb7c,0,2025-10-07 00:11:54,2025-10-07,00:11:54,0,11,"[daily_RR0SS#2025-10-07 00:00:00,2025-10-07 23:59:59;1759788000000,1759874399999]"
Europe/Berlin,1759788714618,0adab909-eb8f-4baf-9eed-7a4cc889cb7c,2,2025-10-07 00:11:54,2025-10-07,00:11:54,0,11,"[daily_RR0SS#2025-10-07 00:00:00,2025-10-07 23:59:59;1759788000000,1759874399999]"
Europe/Berlin,1759811100389,0adab909-eb8f-4baf-9eed-7a4cc889cb7c,1,2025-10-07 06:25:00,2025-10-07,06:25:00,6,25,"[daily_RR0SS#2025-10-07 00:00:00,2025-10-07 23:59:59;1759788000000,1759874399999]"
Europe/Berlin,1759811113466,0adab909-eb8f-4baf-9eed-7a4cc889cb7c,0,2025-10-07 06:25:13,2025-10-07,06:25:13,6,25,"[daily_RR0SS#2025-10-07 00:00:00,2025-10-07 23:59:59;1759788000000,1759874399999]"
Europe/Berlin,1759811113474,0adab909-eb8f-4baf-9eed-7a4cc889cb7c,2,2025-10-07 06:25:13,2025-10-07,06:25:13,6,25,"[daily_RR0SS#2025-10-07 00:00:00,2025-10-07 23:59:59;1759788000000,1759874399999]"
Europe/Berlin,1759818575965,0adab909-eb8f-4baf-9eed-7a4cc889cb7c,1,2025-10-07 08:29:35,2025-10-07,08:29:35,8,29,"[daily_RR0SS#2025-10-07 00:00:00,2025-10-07 23:59:59;1759788000000,1759874399999]"
Europe/Berlin,1759818591964,0adab909-eb8f-4baf-9eed-7a4cc889cb7c,0,2025-10-07 08:29:51,2025-10-07,08:29:51,8,29,"[daily_RR0SS#2025-10-07 00:00:00,2025-10-07 23:59:59;1759788000000,1759874399999]"
Europe/Berlin,1759818591972,0adab909-eb8f-4baf-9eed-7a4cc889cb7c,2,2025-10-07 08:29:51,2025-10-07,08:29:51,8,29,"[daily_RR0SS#2025-10-07 00:00:00,2025-10-07 23:59:59;1759788000000,1759874399999]"
Europe/Berlin,1759818600353,0adab909-eb8f-4baf-9eed-7a4cc889cb7c,1,2025-10-07 08:30:00,2025-10-07,08:30:00,8,30,"[daily_RR0SS#2025-10-07 00:00:00,2025-10-07 23:59:59;1759788000000,1759874399999]"
Europe/Berlin,1759818609825,0adab909-eb8f-4baf-9eed-7a4cc889cb7c,0,2025-10-07 08:30:09,2025-10-07,08:30:09,8,30,"[daily_RR0SS#2025-10-07 00:00:00,2025-10-07 23:59:59;1759788000000,1759874399999]"
Europe/Berlin,1759818609833,0adab909-eb8f-4baf-9eed-7a4cc889cb7c,2,2025-10-07 08:30:09,2025-10-07,08:30:09,8,30,"[daily_RR0SS#2025-10-07 00:00:00,2025-10-07 23:59:59;1759788000000,1759874399999]"
Europe/Berlin,1759819752293,0adab909-eb8f-4baf-9eed-7a4cc889cb7c,1,2025-10-07 08:49:12,2025-10-07,08:49:12,8,49,"[daily_RR0SS#2025-10-07 00:00:00,2025-10-07 23:59:59;1759788000000,1759874399999]"
Europe/Berlin,1759819758889,0adab909-eb8f-4baf-9eed-7a4cc889cb7c,0,2025-10-07 08:49:18,2025-10-07,08:49:18,8,49,"[daily_RR0SS#2025-10-07 00:00:00,2025-10-07 23:59:59;1759788000000,1759874399999]"
Europe/Berlin,1759819758896,0adab909-eb8f-4baf-9eed-7a4cc889cb7c,2,2025-10-07 08:49:18,2025-10-07,08:49:18,8,49,"[daily_RR0SS#2025-10-07 00:00:00,2025-10-07 23:59:59;1759788000000,1759874399999]"
Europe/Berlin,1759819759265,0adab909-eb8f-4baf-9eed-7a4cc889cb7c,1,2025-10-07 08:49:19,2025-10-07,08:49:19,8,49,"[daily_RR0SS#2025-10-07 00:00:00,2025-10-07 23:59:59;1759788000000,1759874399999]"
Europe/Berlin,1759819761853,0adab909-eb8f-4baf-9eed-7a4cc889cb7c,3,2025-10-07 08:49:21,2025-10-07,08:49:21,8,49,"[daily_RR0SS#2025-10-07 00:00:00,2025-10-07 23:59:59;1759788000000,1759874399999]"
Europe/Berlin,1759820298044,0adab909-eb8f-4baf-9eed-7a4cc889cb7c,0,2025-10-07 08:58:18,2025-10-07,08:58:18,8,58,"[daily_RR0SS#2025-10-07 00:00:00,2025-10-07 23:59:59;1759788000000,1759874399999]"
Europe/Berlin,1759820298051,0adab909-eb8f-4baf-9eed-7a4cc889cb7c,2,2025-10-07 08:58:18,2025-10-07,08:58:18,8,58,"[daily_RR0SS#2025-10-07 00:00:00,2025-10-07 23:59:59;1759788000000,1759874399999]"
Europe/Berlin,1759821603067,0adab909-eb8f-4baf-9eed-7a4cc889cb7c,1,2025-10-07 09:20:03,2025-10-07,09:20:03,9,20,"[daily_RR0SS#2025-10-07 00:00:00,2025-10-07 23:59:59;1759788000000,1759874399999]"
Europe/Berlin,1759821605198,0adab909-eb8f-4baf-9eed-7a4cc889cb7c,3,2025-10-07 09:20:05,2025-10-07,09:20:05,9,20,"[daily_RR0SS#2025-10-07 00:00:00,2025-10-07 23:59:59;1759788000000,1759874399999]"
Europe/Berlin,1759821891890,0adab909-eb8f-4baf-9eed-7a4cc889cb7c,0,2025-10-07 09:24:51,2025-10-07,09:24:51,9,24,"[daily_RR0SS#2025-10-07 00:00:00,2025-10-07 23:59:59;1759788000000,1759874399999]"
Europe/Berlin,1759821891901,0adab909-eb8f-4baf-9eed-7a4cc889cb7c,2,2025-10-07 09:24:51,2025-10-07,09:24:51,9,24,"[daily_RR0SS#2025-10-07 00:00:00,2025-10-07 23:59:59;1759788000000,1759874399999]"
Europe/Berlin,1759822199703,0adab909-eb8f-4baf-9eed-7a4cc889cb7c,1,2025-10-07 09:29:59,2025-10-07,09:29:59,9,29,"[daily_RR0SS#2025-10-07 00:00:00,2025-10-07 23:59:59;1759788000000,1759874399999]"
Europe/Berlin,1759822201508,0adab909-eb8f-4baf-9eed-7a4cc889cb7c,3,2025-10-07 09:30:01,2025-10-07,09:30:01,9,30,"[daily_RR0SS#2025-10-07 00:00:00,2025-10-07 23:59:59;1759788000000,1759874399999]"
Europe/Berlin,1759822893972,0adab909-eb8f-4baf-9eed-7a4cc889cb7c,0,2025-10-07 09:41:33,2025-10-07,09:41:33,9,41,"[daily_RR0SS#2025-10-07 00:00:00,2025-10-07 23:59:59;1759788000000,1759874399999]"
Europe/Berlin,1759822893982,0adab909-eb8f-4baf-9eed-7a4cc889cb7c,2,2025-10-07 09:41:33,2025-10-07,09:41:33,9,41,"[daily_RR0SS#2025-10-07 00:00:00,2025-10-07 23:59:59;1759788000000,1759874399999]"
Europe/Berlin,1759822969392,0adab909-eb8f-4baf-9eed-7a4cc889cb7c,1,2025-10-07 09:42:49,2025-10-07,09:42:49,9,42,"[daily_RR0SS#2025-10-07 00:00:00,2025-10-07 23:59:59;1759788000000,1759874399999]"
Europe/Berlin,1759822971125,0adab909-eb8f-4baf-9eed-7a4cc889cb7c,3,2025-10-07 09:42:51,2025-10-07,09:42:51,9,42,"[daily_RR0SS#2025-10-07 00:00:00,2025-10-07 23:59:59;1759788000000,1759874399999]"
Europe/Berlin,1759823260179,0adab909-eb8f-4baf-9eed-7a4cc889cb7c,0,2025-10-07 09:47:40,2025-10-07,09:47:40,9,47,"[daily_RR0SS#2025-10-07 00:00:00,2025-10-07 23:59:59;1759788000000,1759874399999]"
Europe/Berlin,1759823260196,0adab909-eb8f-4baf-9eed-7a4cc889cb7c,2,2025-10-07 09:47:40,2025-10-07,09:47:40,9,47,"[daily_RR0SS#2025-10-07 00:00:00,2025-10-07 23:59:59;1759788000000,1759874399999]"
Europe/Berlin,1759823260320,0adab909-eb8f-4baf-9eed-7a4cc889cb7c,1,2025-10-07 09:47:40,2025-10-07,09:47:40,9,47,"[daily_RR0SS#2025-10-07 00:00:00,2025-10-07 23:59:59;1759788000000,1759874399999]"
Europe/Berlin,1759823261210,0adab909-eb8f-4baf-9eed-7a4cc889cb7c,3,2025-10-07 09:47:41,2025-10-07,09:47:41,9,47,"[daily_RR0SS#2025-10-07 00:00:00,2025-10-07 23:59:59;1759788000000,1759874399999]"
Europe/Berlin,1759823377558,0adab909-eb8f-4baf-9eed-7a4cc889cb7c,0,2025-10-07 09:49:37,2025-10-07,09:49:37,9,49,"[daily_RR0SS#2025-10-07 00:00:00,2025-10-07 23:59:59;1759788000000,1759874399999]"
Europe/Berlin,1759823377593,0adab909-eb8f-4baf-9eed-7a4cc889cb7c,2,2025-10-07 09:49:37,2025-10-07,09:49:37,9,49,"[daily_RR0SS#2025-10-07 00:00:00,2025-10-07 23:59:59;1759788000000,1759874399999]"
Europe/Berlin,1759823638111,0adab909-eb8f-4baf-9eed-7a4cc889cb7c,1,2025-10-07 09:53:58,2025-10-07,09:53:58,9,53,"[daily_RR0SS#2025-10-07 00:00:00,2025-10-07 23:59:59;1759788000000,1759874399999]"
Europe/Berlin,1759823638961,0adab909-eb8f-4baf-9eed-7a4cc889cb7c,3,2025-10-07 09:53:58,2025-10-07,09:53:58,9,53,"[daily_RR0SS#2025-10-07 00:00:00,2025-10-07 23:59:59;1759788000000,1759874399999]"
Europe/Berlin,1759823658489,0adab909-eb8f-4baf-9eed-7a4cc889cb7c,0,2025-10-07 09:54:18,2025-10-07,09:54:18,9,54,"[daily_RR0SS#2025-10-07 00:00:00,2025-10-07 23:59:59;1759788000000,1759874399999]"
Europe/Berlin,1759823658506,0adab909-eb8f-4baf-9eed-7a4cc889cb7c,2,2025-10-07 09:54:18,2025-10-07,09:54:18,9,54,"[daily_RR0SS#2025-10-07 00:00:00,2025-10-07 23:59:59;1759788000000,1759874399999]"
Europe/Berlin,1759823731800,0adab909-eb8f-4baf-9eed-7a4cc889cb7c,1,2025-10-07 09:55:31,2025-10-07,09:55:31,9,55,"[daily_RR0SS#2025-10-07 00:00:00,2025-10-07 23:59:59;1759788000000,1759874399999]"
Europe/Berlin,1759823735042,0adab909-eb8f-4baf-9eed-7a4cc889cb7c,3,2025-10-07 09:55:35,2025-10-07,09:55:35,9,55,"[daily_RR0SS#2025-10-07 00:00:00,2025-10-07 23:59:59;1759788000000,1759874399999]"
Europe/Berlin,1759823840070,0adab909-eb8f-4baf-9eed-7a4cc889cb7c,0,2025-10-07 09:57:20,2025-10-07,09:57:20,9,57,"[daily_RR0SS#2025-10-07 00:00:00,2025-10-07 23:59:59;1759788000000,1759874399999]"
Europe/Berlin,1759823840102,0adab909-eb8f-4baf-9eed-7a4cc889cb7c,2,2025-10-07 09:57:20,2025-10-07,09:57:20,9,57,"[daily_RR0SS#2025-10-07 00:00:00,2025-10-07 23:59:59;1759788000000,1759874399999]"
Europe/Berlin,1759823844645,0adab909-eb8f-4baf-9eed-7a4cc889cb7c,1,2025-10-07 09:57:24,2025-10-07,09:57:24,9,57,"[daily_RR0SS#2025-10-07 00:00:00,2025-10-07 23:59:59;1759788000000,1759874399999]"
Europe/Berlin,1759823851829,0adab909-eb8f-4baf-9eed-7a4cc889cb7c,0,2025-10-07 09:57:31,2025-10-07,09:57:31,9,57,"[daily_RR0SS#2025-10-07 00:00:00,2025-10-07 23:59:59;1759788000000,1759874399999]"
Europe/Berlin,1759823851841,0adab909-eb8f-4baf-9eed-7a4cc889cb7c,2,2025-10-07 09:57:31,2025-10-07,09:57:31,9,57,"[daily_RR0SS#2025-10-07 00:00:00,2025-10-07 23:59:59;1759788000000,1759874399999]"
Europe/Berlin,1759823909097,0adab909-eb8f-4baf-9eed-7a4cc889cb7c,1,2025-10-07 09:58:29,2025-10-07,09:58:29,9,58,"[daily_RR0SS#2025-10-07 00:00:00,2025-10-07 23:59:59;1759788000000,1759874399999]"
Europe/Berlin,1759823911454,0adab909-eb8f-4baf-9eed-7a4cc889cb7c,3,2025-10-07 09:58:31,2025-10-07,09:58:31,9,58,"[daily_RR0SS#2025-10-07 00:00:00,2025-10-07 23:59:59;1759788000000,1759874399999]"
Europe/Berlin,1759823938662,0adab909-eb8f-4baf-9eed-7a4cc889cb7c,0,2025-10-07 09:58:58,2025-10-07,09:58:58,9,58,"[daily_RR0SS#2025-10-07 00:00:00,2025-10-07 23:59:59;1759788000000,1759874399999]"
Europe/Berlin,1759823938698,0adab909-eb8f-4baf-9eed-7a4cc889cb7c,2,2025-10-07 09:58:58,2025-10-07,09:58:58,9,58,"[daily_RR0SS#2025-10-07 00:00:00,2025-10-07 23:59:59;1759788000000,1759874399999]"
Europe/Berlin,1759824554235,0adab909-eb8f-4baf-9eed-7a4cc889cb7c,1,2025-10-07 10:09:14,2025-10-07,10:09:14,10,9,"[daily_RR0SS#2025-10-07 00:00:00,2025-10-07 23:59:59;1759788000000,1759874399999]"
Europe/Berlin,1759824556257,0adab909-eb8f-4baf-9eed-7a4cc889cb7c,3,2025-10-07 10:09:16,2025-10-07,10:09:16,10,9,"[daily_RR0SS#2025-10-07 00:00:00,2025-10-07 23:59:59;1759788000000,1759874399999]"
Europe/Berlin,1759824569002,0adab909-eb8f-4baf-9eed-7a4cc889cb7c,0,2025-10-07 10:09:29,2025-10-07,10:09:29,10,9,"[daily_RR0SS#2025-10-07 00:00:00,2025-10-07 23:59:59;1759788000000,1759874399999]"
Europe/Berlin,1759824569016,0adab909-eb8f-4baf-9eed-7a4cc889cb7c,2,2025-10-07 10:09:29,2025-10-07,10:09:29,10,9,"[daily_RR0SS#2025-10-07 00:00:00,2025-10-07 23:59:59;1759788000000,1759874399999]"
Europe/Berlin,1759824602065,0adab909-eb8f-4baf-9eed-7a4cc889cb7c,1,2025-10-07 10:10:02,2025-10-07,10:10:02,10,10,"[daily_RR0SS#2025-10-07 00:00:00,2025-10-07 23:59:59;1759788000000,1759874399999]"
Europe/Berlin,1759824604732,0adab909-eb8f-4baf-9eed-7a4cc889cb7c,3,2025-10-07 10:10:04,2025-10-07,10:10:04,10,10,"[daily_RR0SS#2025-10-07 00:00:00,2025-10-07 23:59:59;1759788000000,1759874399999]"
Europe/Berlin,1759824897792,0adab909-eb8f-4baf-9eed-7a4cc889cb7c,0,2025-10-07 10:14:57,2025-10-07,10:14:57,10,14,"[daily_RR0SS#2025-10-07 00:00:00,2025-10-07 23:59:59;1759788000000,1759874399999]"
Europe/Berlin,1759824897803,0adab909-eb8f-4baf-9eed-7a4cc889cb7c,2,2025-10-07 10:14:57,2025-10-07,10:14:57,10,14,"[daily_RR0SS#2025-10-07 00:00:00,2025-10-07 23:59:59;1759788000000,1759874399999]"
Europe/Berlin,1759825194455,0adab909-eb8f-4baf-9eed-7a4cc889cb7c,1,2025-10-07 10:19:54,2025-10-07,10:19:54,10,19,"[daily_RR0SS#2025-10-07 00:00:00,2025-10-07 23:59:59;1759788000000,1759874399999]"
Europe/Berlin,1759825195709,0adab909-eb8f-4baf-9eed-7a4cc889cb7c,3,2025-10-07 10:19:55,2025-10-07,10:19:55,10,19,"[daily_RR0SS#2025-10-07 00:00:00,2025-10-07 23:59:59;1759788000000,1759874399999]"
Europe/Berlin,1759825203213,0adab909-eb8f-4baf-9eed-7a4cc889cb7c,0,2025-10-07 10:20:03,2025-10-07,10:20:03,10,20,"[daily_RR0SS#2025-10-07 00:00:00,2025-10-07 23:59:59;1759788000000,1759874399999]"
Europe/Berlin,1759825203219,0adab909-eb8f-4baf-9eed-7a4cc889cb7c,2,2025-10-07 10:20:03,2025-10-07,10:20:03,10,20,"[daily_RR0SS#2025-10-07 00:00:00,2025-10-07 23:59:59;1759788000000,1759874399999]"
Europe/Berlin,1759825222235,0adab909-eb8f-4baf-9eed-7a4cc889cb7c,1,2025-10-07 10:20:22,2025-10-07,10:20:22,10,20,"[daily_RR0SS#2025-10-07 00:00:00,2025-10-07 23:59:59;1759788000000,1759874399999]"
Europe/Berlin,1759825222954,0adab909-eb8f-4baf-9eed-7a4cc889cb7c,3,2025-10-07 10:20:22,2025-10-07,10:20:22,10,20,"[daily_RR0SS#2025-10-07 00:00:00,2025-10-07 23:59:59;1759788000000,1759874399999]"
Europe/Berlin,1759825325961,0adab909-eb8f-4baf-9eed-7a4cc889cb7c,0,2025-10-07 10:22:05,2025-10-07,10:22:05,10,22,"[daily_RR0SS#2025-10-07 00:00:00,2025-10-07 23:59:59;1759788000000,1759874399999]"
Europe/Berlin,1759825325980,0adab909-eb8f-4baf-9eed-7a4cc889cb7c,2,2025-10-07 10:22:05,2025-10-07,10:22:05,10,22,"[daily_RR0SS#2025-10-07 00:00:00,2025-10-07 23:59:59;1759788000000,1759874399999]"
Europe/Berlin,1759825535084,0adab909-eb8f-4baf-9eed-7a4cc889cb7c,1,2025-10-07 10:25:35,2025-10-07,10:25:35,10,25,"[daily_RR0SS#2025-10-07 00:00:00,2025-10-07 23:59:59;1759788000000,1759874399999]"
Europe/Berlin,1759825537443,0adab909-eb8f-4baf-9eed-7a4cc889cb7c,3,2025-10-07 10:25:37,2025-10-07,10:25:37,10,25,"[daily_RR0SS#2025-10-07 00:00:00,2025-10-07 23:59:59;1759788000000,1759874399999]"
Europe/Berlin,1759825568258,0adab909-eb8f-4baf-9eed-7a4cc889cb7c,0,2025-10-07 10:26:08,2025-10-07,10:26:08,10,26,"[daily_RR0SS#2025-10-07 00:00:00,2025-10-07 23:59:59;1759788000000,1759874399999]"
Europe/Berlin,1759825568269,0adab909-eb8f-4baf-9eed-7a4cc889cb7c,2,2025-10-07 10:26:08,2025-10-07,10:26:08,10,26,"[daily_RR0SS#2025-10-07 00:00:00,2025-10-07 23:59:59;1759788000000,1759874399999]"
Europe/Berlin,1759825581838,0adab909-eb8f-4baf-9eed-7a4cc889cb7c,1,2025-10-07 10:26:21,2025-10-07,10:26:21,10,26,"[daily_RR0SS#2025-10-07 00:00:00,2025-10-07 23:59:59;1759788000000,1759874399999]"
Europe/Berlin,1759825582922,0adab909-eb8f-4baf-9eed-7a4cc889cb7c,3,2025-10-07 10:26:22,2025-10-07,10:26:22,10,26,"[daily_RR0SS#2025-10-07 00:00:00,2025-10-07 23:59:59;1759788000000,1759874399999]"
Europe/Berlin,1759825709066,0adab909-eb8f-4baf-9eed-7a4cc889cb7c,0,2025-10-07 10:28:29,2025-10-07,10:28:29,10,28,"[daily_RR0SS#2025-10-07 00:00:00,2025-10-07 23:59:59;1759788000000,1759874399999]"
Europe/Berlin,1759825709075,0adab909-eb8f-4baf-9eed-7a4cc889cb7c,2,2025-10-07 10:28:29,2025-10-07,10:28:29,10,28,"[daily_RR0SS#2025-10-07 00:00:00,2025-10-07 23:59:59;1759788000000,1759874399999]"
Europe/Berlin,1759826811859,0adab909-eb8f-4baf-9eed-7a4cc889cb7c,1,2025-10-07 10:46:51,2025-10-07,10:46:51,10,46,"[daily_RR0SS#2025-10-07 00:00:00,2025-10-07 23:59:59;1759788000000,1759874399999]"
Europe/Berlin,1759826814085,0adab909-eb8f-4baf-9eed-7a4cc889cb7c,3,2025-10-07 10:46:54,2025-10-07,10:46:54,10,46,"[daily_RR0SS#2025-10-07 00:00:00,2025-10-07 23:59:59;1759788000000,1759874399999]"
Europe/Berlin,1759826816125,0adab909-eb8f-4baf-9eed-7a4cc889cb7c,0,2025-10-07 10:46:56,2025-10-07,10:46:56,10,46,"[daily_RR0SS#2025-10-07 00:00:00,2025-10-07 23:59:59;1759788000000,1759874399999]"
Europe/Berlin,1759826816132,0adab909-eb8f-4baf-9eed-7a4cc889cb7c,2,2025-10-07 10:46:56,2025-10-07,10:46:56,10,46,"[daily_RR0SS#2025-10-07 00:00:00,2025-10-07 23:59:59;1759788000000,1759874399999]"
Europe/Berlin,1759826847960,0adab909-eb8f-4baf-9eed-7a4cc889cb7c,1,2025-10-07 10:47:27,2025-10-07,10:47:27,10,47,"[daily_RR0SS#2025-10-07 00:00:00,2025-10-07 23:59:59;1759788000000,1759874399999]"
Europe/Berlin,1759826848697,0adab909-eb8f-4baf-9eed-7a4cc889cb7c,3,2025-10-07 10:47:28,2025-10-07,10:47:28,10,47,"[daily_RR0SS#2025-10-07 00:00:00,2025-10-07 23:59:59;1759788000000,1759874399999]"
Europe/Berlin,1759826866210,0adab909-eb8f-4baf-9eed-7a4cc889cb7c,0,2025-10-07 10:47:46,2025-10-07,10:47:46,10,47,"[daily_RR0SS#2025-10-07 00:00:00,2025-10-07 23:59:59;1759788000000,1759874399999]"
Europe/Berlin,1759826866222,0adab909-eb8f-4baf-9eed-7a4cc889cb7c,2,2025-10-07 10:47:46,2025-10-07,10:47:46,10,47,"[daily_RR0SS#2025-10-07 00:00:00,2025-10-07 23:59:59;1759788000000,1759874399999]"
Europe/Berlin,1759826957460,0adab909-eb8f-4baf-9eed-7a4cc889cb7c,1,2025-10-07 10:49:17,2025-10-07,10:49:17,10,49,"[daily_RR0SS#2025-10-07 00:00:00,2025-10-07 23:59:59;1759788000000,1759874399999]"
Europe/Berlin,1759826958660,0adab909-eb8f-4baf-9eed-7a4cc889cb7c,3,2025-10-07 10:49:18,2025-10-07,10:49:18,10,49,"[daily_RR0SS#2025-10-07 00:00:00,2025-10-07 23:59:59;1759788000000,1759874399999]"
Europe/Berlin,1759827409707,0adab909-eb8f-4baf-9eed-7a4cc889cb7c,0,2025-10-07 10:56:49,2025-10-07,10:56:49,10,56,"[daily_RR0SS#2025-10-07 00:00:00,2025-10-07 23:59:59;1759788000000,1759874399999]"
Europe/Berlin,1759827409729,0adab909-eb8f-4baf-9eed-7a4cc889cb7c,2,2025-10-07 10:56:49,2025-10-07,10:56:49,10,56,"[daily_RR0SS#2025-10-07 00:00:00,2025-10-07 23:59:59;1759788000000,1759874399999]"
Europe/Berlin,1759827425088,0adab909-eb8f-4baf-9eed-7a4cc889cb7c,1,2025-10-07 10:57:05,2025-10-07,10:57:05,10,57,"[daily_RR0SS#2025-10-07 00:00:00,2025-10-07 23:59:59;1759788000000,1759874399999]"
Europe/Berlin,1759827426629,0adab909-eb8f-4baf-9eed-7a4cc889cb7c,3,2025-10-07 10:57:06,2025-10-07,10:57:06,10,57,"[daily_RR0SS#2025-10-07 00:00:00,2025-10-07 23:59:59;1759788000000,1759874399999]"
Europe/Berlin,1759828126403,0adab909-eb8f-4baf-9eed-7a4cc889cb7c,0,2025-10-07 11:08:46,2025-10-07,11:08:46,11,8,"[daily_RR0SS#2025-10-07 00:00:00,2025-10-07 23:59:59;1759788000000,1759874399999]"
Europe/Berlin,1759828126436,0adab909-eb8f-4baf-9eed-7a4cc889cb7c,2,2025-10-07 11:08:46,2025-10-07,11:08:46,11,8,"[daily_RR0SS#2025-10-07 00:00:00,2025-10-07 23:59:59;1759788000000,1759874399999]"
Europe/Berlin,1759828185239,0adab909-eb8f-4baf-9eed-7a4cc889cb7c,1,2025-10-07 11:09:45,2025-10-07,11:09:45,11,9,"[daily_RR0SS#2025-10-07 00:00:00,2025-10-07 23:59:59;1759788000000,1759874399999]"
Europe/Berlin,1759828186599,0adab909-eb8f-4baf-9eed-7a4cc889cb7c,3,2025-10-07 11:09:46,2025-10-07,11:09:46,11,9,"[daily_RR0SS#2025-10-07 00:00:00,2025-10-07 23:59:59;1759788000000,1759874399999]"
Europe/Berlin,1759828197102,0adab909-eb8f-4baf-9eed-7a4cc889cb7c,0,2025-10-07 11:09:57,2025-10-07,11:09:57,11,9,"[daily_RR0SS#2025-10-07 00:00:00,2025-10-07 23:59:59;1759788000000,1759874399999]"
Europe/Berlin,1759828197122,0adab909-eb8f-4baf-9eed-7a4cc889cb7c,2,2025-10-07 11:09:57,2025-10-07,11:09:57,11,9,"[daily_RR0SS#2025-10-07 00:00:00,2025-10-07 23:59:59;1759788000000,1759874399999]"
Europe/Berlin,1759828430049,0adab909-eb8f-4baf-9eed-7a4cc889cb7c,1,2025-10-07 11:13:50,2025-10-07,11:13:50,11,13,"[daily_RR0SS#2025-10-07 00:00:00,2025-10-07 23:59:59;1759788000000,1759874399999]"
Europe/Berlin,1759828431485,0adab909-eb8f-4baf-9eed-7a4cc889cb7c,3,2025-10-07 11:13:51,2025-10-07,11:13:51,11,13,"[daily_RR0SS#2025-10-07 00:00:00,2025-10-07 23:59:59;1759788000000,1759874399999]"
Europe/Berlin,1759828540294,0adab909-eb8f-4baf-9eed-7a4cc889cb7c,0,2025-10-07 11:15:40,2025-10-07,11:15:40,11,15,"[daily_RR0SS#2025-10-07 00:00:00,2025-10-07 23:59:59;1759788000000,1759874399999]"
Europe/Berlin,1759828540315,0adab909-eb8f-4baf-9eed-7a4cc889cb7c,2,2025-10-07 11:15:40,2025-10-07,11:15:40,11,15,"[daily_RR0SS#2025-10-07 00:00:00,2025-10-07 23:59:59;1759788000000,1759874399999]"
Europe/Berlin,1759828618060,0adab909-eb8f-4baf-9eed-7a4cc889cb7c,1,2025-10-07 11:16:58,2025-10-07,11:16:58,11,16,"[daily_RR0SS#2025-10-07 00:00:00,2025-10-07 23:59:59;1759788000000,1759874399999]"
Europe/Berlin,1759828620159,0adab909-eb8f-4baf-9eed-7a4cc889cb7c,3,2025-10-07 11:17:00,2025-10-07,11:17:00,11,17,"[daily_RR0SS#2025-10-07 00:00:00,2025-10-07 23:59:59;1759788000000,1759874399999]"
Europe/Berlin,1759828652549,0adab909-eb8f-4baf-9eed-7a4cc889cb7c,0,2025-10-07 11:17:32,2025-10-07,11:17:32,11,17,"[daily_RR0SS#2025-10-07 00:00:00,2025-10-07 23:59:59;1759788000000,1759874399999]"
Europe/Berlin,1759828652560,0adab909-eb8f-4baf-9eed-7a4cc889cb7c,2,2025-10-07 11:17:32,2025-10-07,11:17:32,11,17,"[daily_RR0SS#2025-10-07 00:00:00,2025-10-07 23:59:59;1759788000000,1759874399999]"
Europe/Berlin,1759828877162,0adab909-eb8f-4baf-9eed-7a4cc889cb7c,1,2025-10-07 11:21:17,2025-10-07,11:21:17,11,21,"[daily_RR0SS#2025-10-07 00:00:00,2025-10-07 23:59:59;1759788000000,1759874399999]"
Europe/Berlin,1759828878349,0adab909-eb8f-4baf-9eed-7a4cc889cb7c,3,2025-10-07 11:21:18,2025-10-07,11:21:18,11,21,"[daily_RR0SS#2025-10-07 00:00:00,2025-10-07 23:59:59;1759788000000,1759874399999]"
Europe/Berlin,1759829368800,0adab909-eb8f-4baf-9eed-7a4cc889cb7c,0,2025-10-07 11:29:28,2025-10-07,11:29:28,11,29,"[daily_RR0SS#2025-10-07 00:00:00,2025-10-07 23:59:59;1759788000000,1759874399999]"
Europe/Berlin,1759829368809,0adab909-eb8f-4baf-9eed-7a4cc889cb7c,2,2025-10-07 11:29:28,2025-10-07,11:29:28,11,29,"[daily_RR0SS#2025-10-07 00:00:00,2025-10-07 23:59:59;1759788000000,1759874399999]"
Europe/Berlin,1759829380248,0adab909-eb8f-4baf-9eed-7a4cc889cb7c,1,2025-10-07 11:29:40,2025-10-07,11:29:40,11,29,"[daily_RR0SS#2025-10-07 00:00:00,2025-10-07 23:59:59;1759788000000,1759874399999]"
Europe/Berlin,1759829382531,0adab909-eb8f-4baf-9eed-7a4cc889cb7c,3,2025-10-07 11:29:42,2025-10-07,11:29:42,11,29,"[daily_RR0SS#2025-10-07 00:00:00,2025-10-07 23:59:59;1759788000000,1759874399999]"
Europe/Berlin,1759829786189,0adab909-eb8f-4baf-9eed-7a4cc889cb7c,0,2025-10-07 11:36:26,2025-10-07,11:36:26,11,36,"[daily_RR0SS#2025-10-07 00:00:00,2025-10-07 23:59:59;1759788000000,1759874399999]"
Europe/Berlin,1759829786200,0adab909-eb8f-4baf-9eed-7a4cc889cb7c,2,2025-10-07 11:36:26,2025-10-07,11:36:26,11,36,"[daily_RR0SS#2025-10-07 00:00:00,2025-10-07 23:59:59;1759788000000,1759874399999]"
Europe/Berlin,1759829994695,0adab909-eb8f-4baf-9eed-7a4cc889cb7c,1,2025-10-07 11:39:54,2025-10-07,11:39:54,11,39,"[daily_RR0SS#2025-10-07 00:00:00,2025-10-07 23:59:59;1759788000000,1759874399999]"
Europe/Berlin,1759829996572,0adab909-eb8f-4baf-9eed-7a4cc889cb7c,0,2025-10-07 11:39:56,2025-10-07,11:39:56,11,39,"[daily_RR0SS#2025-10-07 00:00:00,2025-10-07 23:59:59;1759788000000,1759874399999]"
Europe/Berlin,1759829996583,0adab909-eb8f-4baf-9eed-7a4cc889cb7c,2,2025-10-07 11:39:56,2025-10-07,11:39:56,11,39,"[daily_RR0SS#2025-10-07 00:00:00,2025-10-07 23:59:59;1759788000000,1759874399999]"
Europe/Berlin,1759830109117,0adab909-eb8f-4baf-9eed-7a4cc889cb7c,1,2025-10-07 11:41:49,2025-10-07,11:41:49,11,41,"[daily_RR0SS#2025-10-07 00:00:00,2025-10-07 23:59:59;1759788000000,1759874399999]"
Europe/Berlin,1759830110972,0adab909-eb8f-4baf-9eed-7a4cc889cb7c,0,2025-10-07 11:41:50,2025-10-07,11:41:50,11,41,"[daily_RR0SS#2025-10-07 00:00:00,2025-10-07 23:59:59;1759788000000,1759874399999]"
Europe/Berlin,1759830110982,0adab909-eb8f-4baf-9eed-7a4cc889cb7c,2,2025-10-07 11:41:50,2025-10-07,11:41:50,11,41,"[daily_RR0SS#2025-10-07 00:00:00,2025-10-07 23:59:59;1759788000000,1759874399999]"
Europe/Berlin,1759831024038,0adab909-eb8f-4baf-9eed-7a4cc889cb7c,1,2025-10-07 11:57:04,2025-10-07,11:57:04,11,57,"[daily_RR0SS#2025-10-07 00:00:00,2025-10-07 23:59:59;1759788000000,1759874399999]"
Europe/Berlin,1759831025146,0adab909-eb8f-4baf-9eed-7a4cc889cb7c,3,2025-10-07 11:57:05,2025-10-07,11:57:05,11,57,"[daily_RR0SS#2025-10-07 00:00:00,2025-10-07 23:59:59;1759788000000,1759874399999]"
Europe/Berlin,1759833533133,0adab909-eb8f-4baf-9eed-7a4cc889cb7c,0,2025-10-07 12:38:53,2025-10-07,12:38:53,12,38,"[daily_RR0SS#2025-10-07 00:00:00,2025-10-07 23:59:59;1759788000000,1759874399999]"
Europe/Berlin,1759835224866,0adab909-eb8f-4baf-9eed-7a4cc889cb7c,1,2025-10-07 13:07:04,2025-10-07,13:07:04,13,7,"[daily_RR0SS#2025-10-07 00:00:00,2025-10-07 23:59:59;1759788000000,1759874399999]"
Europe/Berlin,1759835261221,0adab909-eb8f-4baf-9eed-7a4cc889cb7c,3,2025-10-07 13:07:41,2025-10-07,13:07:41,13,7,"[daily_RR0SS#2025-10-07 00:00:00,2025-10-07 23:59:59;1759788000000,1759874399999]"
Europe/Berlin,1759839143898,0adab909-eb8f-4baf-9eed-7a4cc889cb7c,0,2025-10-07 14:12:23,2025-10-07,14:12:23,14,12,"[daily_RR0SS#2025-10-07 00:00:00,2025-10-07 23:59:59;1759788000000,1759874399999]"
Europe/Berlin,1759839143916,0adab909-eb8f-4baf-9eed-7a4cc889cb7c,2,2025-10-07 14:12:23,2025-10-07,14:12:23,14,12,"[daily_RR0SS#2025-10-07 00:00:00,2025-10-07 23:59:59;1759788000000,1759874399999]"
Europe/Berlin,1759839394418,0adab909-eb8f-4baf-9eed-7a4cc889cb7c,1,2025-10-07 14:16:34,2025-10-07,14:16:34,14,16,"[daily_RR0SS#2025-10-07 00:00:00,2025-10-07 23:59:59;1759788000000,1759874399999]"
Europe/Berlin,1759839395330,0adab909-eb8f-4baf-9eed-7a4cc889cb7c,3,2025-10-07 14:16:35,2025-10-07,14:16:35,14,16,"[daily_RR0SS#2025-10-07 00:00:00,2025-10-07 23:59:59;1759788000000,1759874399999]"
Europe/Berlin,1759840729762,0adab909-eb8f-4baf-9eed-7a4cc889cb7c,0,2025-10-07 14:38:49,2025-10-07,14:38:49,14,38,"[daily_RR0SS#2025-10-07 00:00:00,2025-10-07 23:59:59;1759788000000,1759874399999]"
Europe/Berlin,1759840729772,0adab909-eb8f-4baf-9eed-7a4cc889cb7c,2,2025-10-07 14:38:49,2025-10-07,14:38:49,14,38,"[daily_RR0SS#2025-10-07 00:00:00,2025-10-07 23:59:59;1759788000000,1759874399999]"
Europe/Berlin,1759840882932,0adab909-eb8f-4baf-9eed-7a4cc889cb7c,1,2025-10-07 14:41:22,2025-10-07,14:41:22,14,41,"[daily_RR0SS#2025-10-07 00:00:00,2025-10-07 23:59:59;1759788000000,1759874399999]"
Europe/Berlin,1759841548685,0adab909-eb8f-4baf-9eed-7a4cc889cb7c,3,2025-10-07 14:52:28,2025-10-07,14:52:28,14,52,"[daily_RR0SS#2025-10-07 00:00:00,2025-10-07 23:59:59;1759788000000,1759874399999]"
Europe/Berlin,1759842311236,0adab909-eb8f-4baf-9eed-7a4cc889cb7c,0,2025-10-07 15:05:11,2025-10-07,15:05:11,15,5,"[daily_RR0SS#2025-10-07 00:00:00,2025-10-07 23:59:59;1759788000000,1759874399999]"
Europe/Berlin,1759843814032,0adab909-eb8f-4baf-9eed-7a4cc889cb7c,1,2025-10-07 15:30:14,2025-10-07,15:30:14,15,30,"[daily_RR0SS#2025-10-07 00:00:00,2025-10-07 23:59:59;1759788000000,1759874399999]"
Europe/Berlin,1759843818172,0adab909-eb8f-4baf-9eed-7a4cc889cb7c,3,2025-10-07 15:30:18,2025-10-07,15:30:18,15,30,"[daily_RR0SS#2025-10-07 00:00:00,2025-10-07 23:59:59;1759788000000,1759874399999]"
Europe/Berlin,1759844435548,0adab909-eb8f-4baf-9eed-7a4cc889cb7c,0,2025-10-07 15:40:35,2025-10-07,15:40:35,15,40,"[daily_RR0SS#2025-10-07 00:00:00,2025-10-07 23:59:59;1759788000000,1759874399999]"
Europe/Berlin,1759844435566,0adab909-eb8f-4baf-9eed-7a4cc889cb7c,2,2025-10-07 15:40:35,2025-10-07,15:40:35,15,40,"[daily_RR0SS#2025-10-07 00:00:00,2025-10-07 23:59:59;1759788000000,1759874399999]"
Europe/Berlin,1759844682666,0adab909-eb8f-4baf-9eed-7a4cc889cb7c,1,2025-10-07 15:44:42,2025-10-07,15:44:42,15,44,"[daily_RR0SS#2025-10-07 00:00:00,2025-10-07 23:59:59;1759788000000,1759874399999]"
Europe/Berlin,1759844684353,0adab909-eb8f-4baf-9eed-7a4cc889cb7c,0,2025-10-07 15:44:44,2025-10-07,15:44:44,15,44,"[daily_RR0SS#2025-10-07 00:00:00,2025-10-07 23:59:59;1759788000000,1759874399999]"
Europe/Berlin,1759844684378,0adab909-eb8f-4baf-9eed-7a4cc889cb7c,2,2025-10-07 15:44:44,2025-10-07,15:44:44,15,44,"[daily_RR0SS#2025-10-07 00:00:00,2025-10-07 23:59:59;1759788000000,1759874399999]"
Europe/Berlin,1759844932136,0adab909-eb8f-4baf-9eed-7a4cc889cb7c,1,2025-10-07 15:48:52,2025-10-07,15:48:52,15,48,"[daily_RR0SS#2025-10-07 00:00:00,2025-10-07 23:59:59;1759788000000,1759874399999]"
Europe/Berlin,1759844937348,0adab909-eb8f-4baf-9eed-7a4cc889cb7c,3,2025-10-07 15:48:57,2025-10-07,15:48:57,15,48,"[daily_RR0SS#2025-10-07 00:00:00,2025-10-07 23:59:59;1759788000000,1759874399999]"
Europe/Berlin,1759845432870,0adab909-eb8f-4baf-9eed-7a4cc889cb7c,0,2025-10-07 15:57:12,2025-10-07,15:57:12,15,57,"[daily_RR0SS#2025-10-07 00:00:00,2025-10-07 23:59:59;1759788000000,1759874399999]"
Europe/Berlin,1759845432904,0adab909-eb8f-4baf-9eed-7a4cc889cb7c,2,2025-10-07 15:57:12,2025-10-07,15:57:12,15,57,"[daily_RR0SS#2025-10-07 00:00:00,2025-10-07 23:59:59;1759788000000,1759874399999]"
Europe/Berlin,1759845922883,0adab909-eb8f-4baf-9eed-7a4cc889cb7c,1,2025-10-07 16:05:22,2025-10-07,16:05:22,16,5,"[daily_RR0SS#2025-10-07 00:00:00,2025-10-07 23:59:59;1759788000000,1759874399999]"
Europe/Berlin,1759845925798,0adab909-eb8f-4baf-9eed-7a4cc889cb7c,3,2025-10-07 16:05:25,2025-10-07,16:05:25,16,5,"[daily_RR0SS#2025-10-07 00:00:00,2025-10-07 23:59:59;1759788000000,1759874399999]"
Europe/Berlin,1759846608967,0adab909-eb8f-4baf-9eed-7a4cc889cb7c,0,2025-10-07 16:16:48,2025-10-07,16:16:48,16,16,"[daily_RR0SS#2025-10-07 00:00:00,2025-10-07 23:59:59;1759788000000,1759874399999]"
Europe/Berlin,1759847561933,0adab909-eb8f-4baf-9eed-7a4cc889cb7c,1,2025-10-07 16:32:41,2025-10-07,16:32:41,16,32,"[daily_RR0SS#2025-10-07 00:00:00,2025-10-07 23:59:59;1759788000000,1759874399999]"
Europe/Berlin,1759847566381,0adab909-eb8f-4baf-9eed-7a4cc889cb7c,3,2025-10-07 16:32:46,2025-10-07,16:32:46,16,32,"[daily_RR0SS#2025-10-07 00:00:00,2025-10-07 23:59:59;1759788000000,1759874399999]"
Europe/Berlin,1759847999093,0adab909-eb8f-4baf-9eed-7a4cc889cb7c,0,2025-10-07 16:39:59,2025-10-07,16:39:59,16,39,"[daily_RR0SS#2025-10-07 00:00:00,2025-10-07 23:59:59;1759788000000,1759874399999]"
Europe/Berlin,1759847999121,0adab909-eb8f-4baf-9eed-7a4cc889cb7c,2,2025-10-07 16:39:59,2025-10-07,16:39:59,16,39,"[daily_RR0SS#2025-10-07 00:00:00,2025-10-07 23:59:59;1759788000000,1759874399999]"
Europe/Berlin,1759848852183,0adab909-eb8f-4baf-9eed-7a4cc889cb7c,1,2025-10-07 16:54:12,2025-10-07,16:54:12,16,54,"[daily_RR0SS#2025-10-07 00:00:00,2025-10-07 23:59:59;1759788000000,1759874399999]"
Europe/Berlin,1759848856021,0adab909-eb8f-4baf-9eed-7a4cc889cb7c,3,2025-10-07 16:54:16,2025-10-07,16:54:16,16,54,"[daily_RR0SS#2025-10-07 00:00:00,2025-10-07 23:59:59;1759788000000,1759874399999]"
Europe/Berlin,1759848922629,0adab909-eb8f-4baf-9eed-7a4cc889cb7c,0,2025-10-07 16:55:22,2025-10-07,16:55:22,16,55,"[daily_RR0SS#2025-10-07 00:00:00,2025-10-07 23:59:59;1759788000000,1759874399999]"
Europe/Berlin,1759848922643,0adab909-eb8f-4baf-9eed-7a4cc889cb7c,2,2025-10-07 16:55:22,2025-10-07,16:55:22,16,55,"[daily_RR0SS#2025-10-07 00:00:00,2025-10-07 23:59:59;1759788000000,1759874399999]"
Europe/Berlin,1759849578361,0adab909-eb8f-4baf-9eed-7a4cc889cb7c,1,2025-10-07 17:06:18,2025-10-07,17:06:18,17,6,"[daily_RR0SS#2025-10-07 00:00:00,2025-10-07 23:59:59;1759788000000,1759874399999]"
Europe/Berlin,1759849580257,0adab909-eb8f-4baf-9eed-7a4cc889cb7c,0,2025-10-07 17:06:20,2025-10-07,17:06:20,17,6,"[daily_RR0SS#2025-10-07 00:00:00,2025-10-07 23:59:59;1759788000000,1759874399999]"
Europe/Berlin,1759849580268,0adab909-eb8f-4baf-9eed-7a4cc889cb7c,2,2025-10-07 17:06:20,2025-10-07,17:06:20,17,6,"[daily_RR0SS#2025-10-07 00:00:00,2025-10-07 23:59:59;1759788000000,1759874399999]"
Europe/Berlin,1759849599063,0adab909-eb8f-4baf-9eed-7a4cc889cb7c,1,2025-10-07 17:06:39,2025-10-07,17:06:39,17,6,"[daily_RR0SS#2025-10-07 00:00:00,2025-10-07 23:59:59;1759788000000,1759874399999]"
Europe/Berlin,1759849600576,0adab909-eb8f-4baf-9eed-7a4cc889cb7c,0,2025-10-07 17:06:40,2025-10-07,17:06:40,17,6,"[daily_RR0SS#2025-10-07 00:00:00,2025-10-07 23:59:59;1759788000000,1759874399999]"
Europe/Berlin,1759849600586,0adab909-eb8f-4baf-9eed-7a4cc889cb7c,2,2025-10-07 17:06:40,2025-10-07,17:06:40,17,6,"[daily_RR0SS#2025-10-07 00:00:00,2025-10-07 23:59:59;1759788000000,1759874399999]"
Europe/Berlin,1759849783128,0adab909-eb8f-4baf-9eed-7a4cc889cb7c,1,2025-10-07 17:09:43,2025-10-07,17:09:43,17,9,"[daily_RR0SS#2025-10-07 00:00:00,2025-10-07 23:59:59;1759788000000,1759874399999]"
Europe/Berlin,1759849784562,0adab909-eb8f-4baf-9eed-7a4cc889cb7c,0,2025-10-07 17:09:44,2025-10-07,17:09:44,17,9,"[daily_RR0SS#2025-10-07 00:00:00,2025-10-07 23:59:59;1759788000000,1759874399999]"
Europe/Berlin,1759849784582,0adab909-eb8f-4baf-9eed-7a4cc889cb7c,2,2025-10-07 17:09:44,2025-10-07,17:09:44,17,9,"[daily_RR0SS#2025-10-07 00:00:00,2025-10-07 23:59:59;1759788000000,1759874399999]"
Europe/Berlin,1759849784670,0adab909-eb8f-4baf-9eed-7a4cc889cb7c,1,2025-10-07 17:09:44,2025-10-07,17:09:44,17,9,"[daily_RR0SS#2025-10-07 00:00:00,2025-10-07 23:59:59;1759788000000,1759874399999]"
Europe/Berlin,1759849786788,0adab909-eb8f-4baf-9eed-7a4cc889cb7c,3,2025-10-07 17:09:46,2025-10-07,17:09:46,17,9,"[daily_RR0SS#2025-10-07 00:00:00,2025-10-07 23:59:59;1759788000000,1759874399999]"
Europe/Berlin,1759849834298,0adab909-eb8f-4baf-9eed-7a4cc889cb7c,0,2025-10-07 17:10:34,2025-10-07,17:10:34,17,10,"[daily_RR0SS#2025-10-07 00:00:00,2025-10-07 23:59:59;1759788000000,1759874399999]"
Europe/Berlin,1759849834318,0adab909-eb8f-4baf-9eed-7a4cc889cb7c,2,2025-10-07 17:10:34,2025-10-07,17:10:34,17,10,"[daily_RR0SS#2025-10-07 00:00:00,2025-10-07 23:59:59;1759788000000,1759874399999]"
Europe/Berlin,1759850635147,0adab909-eb8f-4baf-9eed-7a4cc889cb7c,1,2025-10-07 17:23:55,2025-10-07,17:23:55,17,23,"[daily_RR0SS#2025-10-07 00:00:00,2025-10-07 23:59:59;1759788000000,1759874399999]"
Europe/Berlin,1759850636495,0adab909-eb8f-4baf-9eed-7a4cc889cb7c,3,2025-10-07 17:23:56,2025-10-07,17:23:56,17,23,"[daily_RR0SS#2025-10-07 00:00:00,2025-10-07 23:59:59;1759788000000,1759874399999]"
Europe/Berlin,1759850931589,0adab909-eb8f-4baf-9eed-7a4cc889cb7c,0,2025-10-07 17:28:51,2025-10-07,17:28:51,17,28,"[daily_RR0SS#2025-10-07 00:00:00,2025-10-07 23:59:59;1759788000000,1759874399999]"
Europe/Berlin,1759850931600,0adab909-eb8f-4baf-9eed-7a4cc889cb7c,2,2025-10-07 17:28:51,2025-10-07,17:28:51,17,28,"[daily_RR0SS#2025-10-07 00:00:00,2025-10-07 23:59:59;1759788000000,1759874399999]"
Europe/Berlin,1759855276882,0adab909-eb8f-4baf-9eed-7a4cc889cb7c,1,2025-10-07 18:41:16,2025-10-07,18:41:16,18,41,"[daily_RR0SS#2025-10-07 00:00:00,2025-10-07 23:59:59;1759788000000,1759874399999]"
Europe/Berlin,1759855280699,0adab909-eb8f-4baf-9eed-7a4cc889cb7c,3,2025-10-07 18:41:20,2025-10-07,18:41:20,18,41,"[daily_RR0SS#2025-10-07 00:00:00,2025-10-07 23:59:59;1759788000000,1759874399999]"
Europe/Berlin,1759855520993,0adab909-eb8f-4baf-9eed-7a4cc889cb7c,0,2025-10-07 18:45:20,2025-10-07,18:45:20,18,45,"[daily_RR0SS#2025-10-07 00:00:00,2025-10-07 23:59:59;1759788000000,1759874399999]"
Europe/Berlin,1759855521011,0adab909-eb8f-4baf-9eed-7a4cc889cb7c,2,2025-10-07 18:45:21,2025-10-07,18:45:21,18,45,"[daily_RR0SS#2025-10-07 00:00:00,2025-10-07 23:59:59;1759788000000,1759874399999]"
Europe/Berlin,1759855895648,0adab909-eb8f-4baf-9eed-7a4cc889cb7c,1,2025-10-07 18:51:35,2025-10-07,18:51:35,18,51,"[daily_RR0SS#2025-10-07 00:00:00,2025-10-07 23:59:59;1759788000000,1759874399999]"
Europe/Berlin,1759855898559,0adab909-eb8f-4baf-9eed-7a4cc889cb7c,3,2025-10-07 18:51:38,2025-10-07,18:51:38,18,51,"[daily_RR0SS#2025-10-07 00:00:00,2025-10-07 23:59:59;1759788000000,1759874399999]"
Europe/Berlin,1759856839482,0adab909-eb8f-4baf-9eed-7a4cc889cb7c,0,2025-10-07 19:07:19,2025-10-07,19:07:19,19,7,"[daily_RR0SS#2025-10-07 00:00:00,2025-10-07 23:59:59;1759788000000,1759874399999]"
Europe/Berlin,1759857144933,0adab909-eb8f-4baf-9eed-7a4cc889cb7c,1,2025-10-07 19:12:24,2025-10-07,19:12:24,19,12,"[daily_RR0SS#2025-10-07 00:00:00,2025-10-07 23:59:59;1759788000000,1759874399999]"
Europe/Berlin,1759857148106,0adab909-eb8f-4baf-9eed-7a4cc889cb7c,3,2025-10-07 19:12:28,2025-10-07,19:12:28,19,12,"[daily_RR0SS#2025-10-07 00:00:00,2025-10-07 23:59:59;1759788000000,1759874399999]"
Europe/Berlin,1759858507545,0adab909-eb8f-4baf-9eed-7a4cc889cb7c,0,2025-10-07 19:35:07,2025-10-07,19:35:07,19,35,"[daily_RR0SS#2025-10-07 00:00:00,2025-10-07 23:59:59;1759788000000,1759874399999]"
Europe/Berlin,1759858507555,0adab909-eb8f-4baf-9eed-7a4cc889cb7c,2,2025-10-07 19:35:07,2025-10-07,19:35:07,19,35,"[daily_RR0SS#2025-10-07 00:00:00,2025-10-07 23:59:59;1759788000000,1759874399999]"
Europe/Berlin,1759859213705,0adab909-eb8f-4baf-9eed-7a4cc889cb7c,1,2025-10-07 19:46:53,2025-10-07,19:46:53,19,46,"[daily_RR0SS#2025-10-07 00:00:00,2025-10-07 23:59:59;1759788000000,1759874399999]"
Europe/Berlin,1759859217232,0adab909-eb8f-4baf-9eed-7a4cc889cb7c,3,2025-10-07 19:46:57,2025-10-07,19:46:57,19,46,"[daily_RR0SS#2025-10-07 00:00:00,2025-10-07 23:59:59;1759788000000,1759874399999]"
Europe/Berlin,1759860363743,0adab909-eb8f-4baf-9eed-7a4cc889cb7c,0,2025-10-07 20:06:03,2025-10-07,20:06:03,20,6,"[daily_RR0SS#2025-10-07 00:00:00,2025-10-07 23:59:59;1759788000000,1759874399999]"
Europe/Berlin,1759861570132,0adab909-eb8f-4baf-9eed-7a4cc889cb7c,1,2025-10-07 20:26:10,2025-10-07,20:26:10,20,26,"[daily_RR0SS#2025-10-07 00:00:00,2025-10-07 23:59:59;1759788000000,1759874399999]"
Europe/Berlin,1759861573124,0adab909-eb8f-4baf-9eed-7a4cc889cb7c,3,2025-10-07 20:26:13,2025-10-07,20:26:13,20,26,"[daily_RR0SS#2025-10-07 00:00:00,2025-10-07 23:59:59;1759788000000,1759874399999]"
Europe/Berlin,1759863206887,0adab909-eb8f-4baf-9eed-7a4cc889cb7c,0,2025-10-07 20:53:26,2025-10-07,20:53:26,20,53,"[daily_RR0SS#2025-10-07 00:00:00,2025-10-07 23:59:59;1759788000000,1759874399999]"
Europe/Berlin,1759863206900,0adab909-eb8f-4baf-9eed-7a4cc889cb7c,2,2025-10-07 20:53:26,2025-10-07,20:53:26,20,53,"[daily_RR0SS#2025-10-07 00:00:00,2025-10-07 23:59:59;1759788000000,1759874399999]"
Europe/Berlin,1759863279436,0adab909-eb8f-4baf-9eed-7a4cc889cb7c,1,2025-10-07 20:54:39,2025-10-07,20:54:39,20,54,"[daily_RR0SS#2025-10-07 00:00:00,2025-10-07 23:59:59;1759788000000,1759874399999]"
Europe/Berlin,1759863281323,0adab909-eb8f-4baf-9eed-7a4cc889cb7c,3,2025-10-07 20:54:41,2025-10-07,20:54:41,20,54,"[daily_RR0SS#2025-10-07 00:00:00,2025-10-07 23:59:59;1759788000000,1759874399999]"
Europe/Berlin,1759866105371,0adab909-eb8f-4baf-9eed-7a4cc889cb7c,0,2025-10-07 21:41:45,2025-10-07,21:41:45,21,41,"[daily_RR0SS#2025-10-07 00:00:00,2025-10-07 23:59:59;1759788000000,1759874399999]"
Europe/Berlin,1759866105381,0adab909-eb8f-4baf-9eed-7a4cc889cb7c,2,2025-10-07 21:41:45,2025-10-07,21:41:45,21,41,"[daily_RR0SS#2025-10-07 00:00:00,2025-10-07 23:59:59;1759788000000,1759874399999]"
Europe/Berlin,1759866120424,0adab909-eb8f-4baf-9eed-7a4cc889cb7c,1,2025-10-07 21:42:00,2025-10-07,21:42:00,21,42,"[daily_RR0SS#2025-10-07 00:00:00,2025-10-07 23:59:59;1759788000000,1759874399999]"
Europe/Berlin,1759866123227,0adab909-eb8f-4baf-9eed-7a4cc889cb7c,3,2025-10-07 21:42:03,2025-10-07,21:42:03,21,42,"[daily_RR0SS#2025-10-07 00:00:00,2025-10-07 23:59:59;1759788000000,1759874399999]"
Europe/Berlin,1759869959942,0adab909-eb8f-4baf-9eed-7a4cc889cb7c,0,2025-10-07 22:45:59,2025-10-07,22:45:59,22,45,"[daily_RR0SS#2025-10-07 00:00:00,2025-10-07 23:59:59;1759788000000,1759874399999]"
Europe/Berlin,1759869959956,0adab909-eb8f-4baf-9eed-7a4cc889cb7c,2,2025-10-07 22:45:59,2025-10-07,22:45:59,22,45,"[daily_RR0SS#2025-10-07 00:00:00,2025-10-07 23:59:59;1759788000000,1759874399999]"
Europe/Berlin,1759897500741,0adab909-eb8f-4baf-9eed-7a4cc889cb7c,1,2025-10-08 06:25:00,2025-10-08,06:25:00,6,25,"[daily_RR0SS#2025-10-08 00:00:00,2025-10-08 23:59:59;1759874400000,1759960799999]"
Europe/Berlin,1759897525820,0adab909-eb8f-4baf-9eed-7a4cc889cb7c,0,2025-10-08 06:25:25,2025-10-08,06:25:25,6,25,"[daily_RR0SS#2025-10-08 00:00:00,2025-10-08 23:59:59;1759874400000,1759960799999]"
Europe/Berlin,1759897525829,0adab909-eb8f-4baf-9eed-7a4cc889cb7c,2,2025-10-08 06:25:25,2025-10-08,06:25:25,6,25,"[daily_RR0SS#2025-10-08 00:00:00,2025-10-08 23:59:59;1759874400000,1759960799999]"
Europe/Berlin,1759902545249,0adab909-eb8f-4baf-9eed-7a4cc889cb7c,1,2025-10-08 07:49:05,2025-10-08,07:49:05,7,49,"[daily_RR0SS#2025-10-08 00:00:00,2025-10-08 23:59:59;1759874400000,1759960799999]"
Europe/Berlin,1759902547098,0adab909-eb8f-4baf-9eed-7a4cc889cb7c,0,2025-10-08 07:49:07,2025-10-08,07:49:07,7,49,"[daily_RR0SS#2025-10-08 00:00:00,2025-10-08 23:59:59;1759874400000,1759960799999]"
Europe/Berlin,1759902547106,0adab909-eb8f-4baf-9eed-7a4cc889cb7c,2,2025-10-08 07:49:07,2025-10-08,07:49:07,7,49,"[daily_RR0SS#2025-10-08 00:00:00,2025-10-08 23:59:59;1759874400000,1759960799999]"
Europe/Berlin,1759905001822,0adab909-eb8f-4baf-9eed-7a4cc889cb7c,1,2025-10-08 08:30:01,2025-10-08,08:30:01,8,30,"[daily_RR0SS#2025-10-08 00:00:00,2025-10-08 23:59:59;1759874400000,1759960799999]"
Europe/Berlin,1759905019695,0adab909-eb8f-4baf-9eed-7a4cc889cb7c,0,2025-10-08 08:30:19,2025-10-08,08:30:19,8,30,"[daily_RR0SS#2025-10-08 00:00:00,2025-10-08 23:59:59;1759874400000,1759960799999]"
Europe/Berlin,1759905019705,0adab909-eb8f-4baf-9eed-7a4cc889cb7c,2,2025-10-08 08:30:19,2025-10-08,08:30:19,8,30,"[daily_RR0SS#2025-10-08 00:00:00,2025-10-08 23:59:59;1759874400000,1759960799999]"
Europe/Berlin,1759913947688,0adab909-eb8f-4baf-9eed-7a4cc889cb7c,1,2025-10-08 10:59:07,2025-10-08,10:59:07,10,59,"[daily_RR0SS#2025-10-08 00:00:00,2025-10-08 23:59:59;1759874400000,1759960799999]"
Europe/Berlin,1759913952484,0adab909-eb8f-4baf-9eed-7a4cc889cb7c,3,2025-10-08 10:59:12,2025-10-08,10:59:12,10,59,"[daily_RR0SS#2025-10-08 00:00:00,2025-10-08 23:59:59;1759874400000,1759960799999]"
Europe/Berlin,1759917405985,0adab909-eb8f-4baf-9eed-7a4cc889cb7c,0,2025-10-08 11:56:45,2025-10-08,11:56:45,11,56,"[daily_RR0SS#2025-10-08 00:00:00,2025-10-08 23:59:59;1759874400000,1759960799999]"
Europe/Berlin,1759917406001,0adab909-eb8f-4baf-9eed-7a4cc889cb7c,2,2025-10-08 11:56:46,2025-10-08,11:56:46,11,56,"[daily_RR0SS#2025-10-08 00:00:00,2025-10-08 23:59:59;1759874400000,1759960799999]"
Europe/Berlin,1759917490789,0adab909-eb8f-4baf-9eed-7a4cc889cb7c,1,2025-10-08 11:58:10,2025-10-08,11:58:10,11,58,"[daily_RR0SS#2025-10-08 00:00:00,2025-10-08 23:59:59;1759874400000,1759960799999]"
Europe/Berlin,1759917492861,0adab909-eb8f-4baf-9eed-7a4cc889cb7c,0,2025-10-08 11:58:12,2025-10-08,11:58:12,11,58,"[daily_RR0SS#2025-10-08 00:00:00,2025-10-08 23:59:59;1759874400000,1759960799999]"
Europe/Berlin,1759917492874,0adab909-eb8f-4baf-9eed-7a4cc889cb7c,2,2025-10-08 11:58:12,2025-10-08,11:58:12,11,58,"[daily_RR0SS#2025-10-08 00:00:00,2025-10-08 23:59:59;1759874400000,1759960799999]"
Europe/Berlin,1759917493334,0adab909-eb8f-4baf-9eed-7a4cc889cb7c,1,2025-10-08 11:58:13,2025-10-08,11:58:13,11,58,"[daily_RR0SS#2025-10-08 00:00:00,2025-10-08 23:59:59;1759874400000,1759960799999]"
Europe/Berlin,1759917495527,0adab909-eb8f-4baf-9eed-7a4cc889cb7c,3,2025-10-08 11:58:15,2025-10-08,11:58:15,11,58,"[daily_RR0SS#2025-10-08 00:00:00,2025-10-08 23:59:59;1759874400000,1759960799999]"
Europe/Berlin,1759917621249,0adab909-eb8f-4baf-9eed-7a4cc889cb7c,0,2025-10-08 12:00:21,2025-10-08,12:00:21,12,0,"[daily_RR0SS#2025-10-08 00:00:00,2025-10-08 23:59:59;1759874400000,1759960799999]"
Europe/Berlin,1759917621263,0adab909-eb8f-4baf-9eed-7a4cc889cb7c,2,2025-10-08 12:00:21,2025-10-08,12:00:21,12,0,"[daily_RR0SS#2025-10-08 00:00:00,2025-10-08 23:59:59;1759874400000,1759960799999]"
Europe/Berlin,1759918816461,0adab909-eb8f-4baf-9eed-7a4cc889cb7c,1,2025-10-08 12:20:16,2025-10-08,12:20:16,12,20,"[daily_RR0SS#2025-10-08 00:00:00,2025-10-08 23:59:59;1759874400000,1759960799999]"
Europe/Berlin,1759918818331,0adab909-eb8f-4baf-9eed-7a4cc889cb7c,0,2025-10-08 12:20:18,2025-10-08,12:20:18,12,20,"[daily_RR0SS#2025-10-08 00:00:00,2025-10-08 23:59:59;1759874400000,1759960799999]"
Europe/Berlin,1759918818357,0adab909-eb8f-4baf-9eed-7a4cc889cb7c,2,2025-10-08 12:20:18,2025-10-08,12:20:18,12,20,"[daily_RR0SS#2025-10-08 00:00:00,2025-10-08 23:59:59;1759874400000,1759960799999]"
Europe/Berlin,1759921579815,0adab909-eb8f-4baf-9eed-7a4cc889cb7c,1,2025-10-08 13:06:19,2025-10-08,13:06:19,13,6,"[daily_RR0SS#2025-10-08 00:00:00,2025-10-08 23:59:59;1759874400000,1759960799999]"
Europe/Berlin,1759921581671,0adab909-eb8f-4baf-9eed-7a4cc889cb7c,0,2025-10-08 13:06:21,2025-10-08,13:06:21,13,6,"[daily_RR0SS#2025-10-08 00:00:00,2025-10-08 23:59:59;1759874400000,1759960799999]"
Europe/Berlin,1759921581687,0adab909-eb8f-4baf-9eed-7a4cc889cb7c,2,2025-10-08 13:06:21,2025-10-08,13:06:21,13,6,"[daily_RR0SS#2025-10-08 00:00:00,2025-10-08 23:59:59;1759874400000,1759960799999]"
Europe/Berlin,1759921656609,0adab909-eb8f-4baf-9eed-7a4cc889cb7c,1,2025-10-08 13:07:36,2025-10-08,13:07:36,13,7,"[daily_RR0SS#2025-10-08 00:00:00,2025-10-08 23:59:59;1759874400000,1759960799999]"
Europe/Berlin,1759921657355,0adab909-eb8f-4baf-9eed-7a4cc889cb7c,3,2025-10-08 13:07:37,2025-10-08,13:07:37,13,7,"[daily_RR0SS#2025-10-08 00:00:00,2025-10-08 23:59:59;1759874400000,1759960799999]"
Europe/Berlin,1759922286106,0adab909-eb8f-4baf-9eed-7a4cc889cb7c,0,2025-10-08 13:18:06,2025-10-08,13:18:06,13,18,"[daily_RR0SS#2025-10-08 00:00:00,2025-10-08 23:59:59;1759874400000,1759960799999]"
Europe/Berlin,1759922286117,0adab909-eb8f-4baf-9eed-7a4cc889cb7c,2,2025-10-08 13:18:06,2025-10-08,13:18:06,13,18,"[daily_RR0SS#2025-10-08 00:00:00,2025-10-08 23:59:59;1759874400000,1759960799999]"
Europe/Berlin,1759922711493,0adab909-eb8f-4baf-9eed-7a4cc889cb7c,1,2025-10-08 13:25:11,2025-10-08,13:25:11,13,25,"[daily_RR0SS#2025-10-08 00:00:00,2025-10-08 23:59:59;1759874400000,1759960799999]"
Europe/Berlin,1759922712928,0adab909-eb8f-4baf-9eed-7a4cc889cb7c,3,2025-10-08 13:25:12,2025-10-08,13:25:12,13,25,"[daily_RR0SS#2025-10-08 00:00:00,2025-10-08 23:59:59;1759874400000,1759960799999]"
Europe/Berlin,1759922782091,0adab909-eb8f-4baf-9eed-7a4cc889cb7c,0,2025-10-08 13:26:22,2025-10-08,13:26:22,13,26,"[daily_RR0SS#2025-10-08 00:00:00,2025-10-08 23:59:59;1759874400000,1759960799999]"
Europe/Berlin,1759922782105,0adab909-eb8f-4baf-9eed-7a4cc889cb7c,2,2025-10-08 13:26:22,2025-10-08,13:26:22,13,26,"[daily_RR0SS#2025-10-08 00:00:00,2025-10-08 23:59:59;1759874400000,1759960799999]"
Europe/Berlin,1759924308274,0adab909-eb8f-4baf-9eed-7a4cc889cb7c,1,2025-10-08 13:51:48,2025-10-08,13:51:48,13,51,"[daily_RR0SS#2025-10-08 00:00:00,2025-10-08 23:59:59;1759874400000,1759960799999]"
Europe/Berlin,1759924310091,0adab909-eb8f-4baf-9eed-7a4cc889cb7c,3,2025-10-08 13:51:50,2025-10-08,13:51:50,13,51,"[daily_RR0SS#2025-10-08 00:00:00,2025-10-08 23:59:59;1759874400000,1759960799999]"
Europe/Berlin,1759924978660,0adab909-eb8f-4baf-9eed-7a4cc889cb7c,0,2025-10-08 14:02:58,2025-10-08,14:02:58,14,2,"[daily_RR0SS#2025-10-08 00:00:00,2025-10-08 23:59:59;1759874400000,1759960799999]"
Europe/Berlin,1759926651502,0adab909-eb8f-4baf-9eed-7a4cc889cb7c,1,2025-10-08 14:30:51,2025-10-08,14:30:51,14,30,"[daily_RR0SS#2025-10-08 00:00:00,2025-10-08 23:59:59;1759874400000,1759960799999]"
Europe/Berlin,1759926654001,0adab909-eb8f-4baf-9eed-7a4cc889cb7c,3,2025-10-08 14:30:54,2025-10-08,14:30:54,14,30,"[daily_RR0SS#2025-10-08 00:00:00,2025-10-08 23:59:59;1759874400000,1759960799999]"
Europe/Berlin,1759928050389,0adab909-eb8f-4baf-9eed-7a4cc889cb7c,0,2025-10-08 14:54:10,2025-10-08,14:54:10,14,54,"[daily_RR0SS#2025-10-08 00:00:00,2025-10-08 23:59:59;1759874400000,1759960799999]"
Europe/Berlin,1759929356097,0adab909-eb8f-4baf-9eed-7a4cc889cb7c,1,2025-10-08 15:15:56,2025-10-08,15:15:56,15,15,"[daily_RR0SS#2025-10-08 00:00:00,2025-10-08 23:59:59;1759874400000,1759960799999]"
Europe/Berlin,1759929393453,0adab909-eb8f-4baf-9eed-7a4cc889cb7c,0,2025-10-08 15:16:33,2025-10-08,15:16:33,15,16,"[daily_RR0SS#2025-10-08 00:00:00,2025-10-08 23:59:59;1759874400000,1759960799999]"
Europe/Berlin,1759929393471,0adab909-eb8f-4baf-9eed-7a4cc889cb7c,2,2025-10-08 15:16:33,2025-10-08,15:16:33,15,16,"[daily_RR0SS#2025-10-08 00:00:00,2025-10-08 23:59:59;1759874400000,1759960799999]"
Europe/Berlin,1759929442058,0adab909-eb8f-4baf-9eed-7a4cc889cb7c,1,2025-10-08 15:17:22,2025-10-08,15:17:22,15,17,"[daily_RR0SS#2025-10-08 00:00:00,2025-10-08 23:59:59;1759874400000,1759960799999]"
Europe/Berlin,1759929444402,0adab909-eb8f-4baf-9eed-7a4cc889cb7c,3,2025-10-08 15:17:24,2025-10-08,15:17:24,15,17,"[daily_RR0SS#2025-10-08 00:00:00,2025-10-08 23:59:59;1759874400000,1759960799999]"
Europe/Berlin,1759930047336,0adab909-eb8f-4baf-9eed-7a4cc889cb7c,0,2025-10-08 15:27:27,2025-10-08,15:27:27,15,27,"[daily_RR0SS#2025-10-08 00:00:00,2025-10-08 23:59:59;1759874400000,1759960799999]"
Europe/Berlin,1759930834386,0adab909-eb8f-4baf-9eed-7a4cc889cb7c,1,2025-10-08 15:40:34,2025-10-08,15:40:34,15,40,"[daily_RR0SS#2025-10-08 00:00:00,2025-10-08 23:59:59;1759874400000,1759960799999]"
Europe/Berlin,1759930836490,0adab909-eb8f-4baf-9eed-7a4cc889cb7c,3,2025-10-08 15:40:36,2025-10-08,15:40:36,15,40,"[daily_RR0SS#2025-10-08 00:00:00,2025-10-08 23:59:59;1759874400000,1759960799999]"
Europe/Berlin,1759932120790,0adab909-eb8f-4baf-9eed-7a4cc889cb7c,0,2025-10-08 16:02:00,2025-10-08,16:02:00,16,2,"[daily_RR0SS#2025-10-08 00:00:00,2025-10-08 23:59:59;1759874400000,1759960799999]"
Europe/Berlin,1759933724721,0adab909-eb8f-4baf-9eed-7a4cc889cb7c,1,2025-10-08 16:28:44,2025-10-08,16:28:44,16,28,"[daily_RR0SS#2025-10-08 00:00:00,2025-10-08 23:59:59;1759874400000,1759960799999]"
Europe/Berlin,1759933727114,0adab909-eb8f-4baf-9eed-7a4cc889cb7c,3,2025-10-08 16:28:47,2025-10-08,16:28:47,16,28,"[daily_RR0SS#2025-10-08 00:00:00,2025-10-08 23:59:59;1759874400000,1759960799999]"
Europe/Berlin,1759933731569,0adab909-eb8f-4baf-9eed-7a4cc889cb7c,0,2025-10-08 16:28:51,2025-10-08,16:28:51,16,28,"[daily_RR0SS#2025-10-08 00:00:00,2025-10-08 23:59:59;1759874400000,1759960799999]"
Europe/Berlin,1759933731585,0adab909-eb8f-4baf-9eed-7a4cc889cb7c,2,2025-10-08 16:28:51,2025-10-08,16:28:51,16,28,"[daily_RR0SS#2025-10-08 00:00:00,2025-10-08 23:59:59;1759874400000,1759960799999]"
Europe/Berlin,1759934140591,0adab909-eb8f-4baf-9eed-7a4cc889cb7c,1,2025-10-08 16:35:40,2025-10-08,16:35:40,16,35,"[daily_RR0SS#2025-10-08 00:00:00,2025-10-08 23:59:59;1759874400000,1759960799999]"
Europe/Berlin,1759934142699,0adab909-eb8f-4baf-9eed-7a4cc889cb7c,3,2025-10-08 16:35:42,2025-10-08,16:35:42,16,35,"[daily_RR0SS#2025-10-08 00:00:00,2025-10-08 23:59:59;1759874400000,1759960799999]"
