_id,timestamp,device_id,bt_address,bt_name,bt_rssi,label
33809,1761523717703.0,0adab909-eb8f-4baf-9eed-7a4cc889cb7c,FF:10:10:AE:A7:64,Sunset lights,-75,1761523716847
33810,1761523718005.0,0adab909-eb8f-4baf-9eed-7a4cc889cb7c,5F:73:78:51:3E:3E,,-83,1761523716847
33811,1761523718326.0,0adab909-eb8f-4baf-9eed-7a4cc889cb7c,63:51:73:41:EF:40,,-75,1761523716847
33812,1761523720587.0,0adab909-eb8f-4baf-9eed-7a4cc889cb7c,55:84:E9:05:91:11,,-84,1761523716847
33813,1761524317371.0,0adab909-eb8f-4baf-9eed-7a4cc889cb7c,63:51:73:41:EF:40,,-79,1761524317367
33814,1761524317677.0,0adab909-eb8f-4baf-9eed-7a4cc889cb7c,FF:10:10:AE:A7:64,Sunset lights,-79,1761524317367
33815,1761524317716.0,0adab909-eb8f-4baf-9eed-7a4cc889cb7c,55:84:E9:05:91:11,,-85,1761524317367
33816,1761524318053.0,0adab909-eb8f-4baf-9eed-7a4cc889cb7c,5E:D9:DF:66:4A:31,,-83,1761524317367
33817,1761525148883.0,0adab909-eb8f-4baf-9eed-7a4cc889cb7c,5E:D9:DF:66:4A:31,,-84,1761525148601
33818,1761525148997.0,0adab909-eb8f-4baf-9eed-7a4cc889cb7c,70:4C:A9:33:50:ED,,-78,1761525148601
33819,1761525149015.0,0adab909-eb8f-4baf-9eed-7a4cc889cb7c,FF:10:10:AE:A7:64,Sunset lights,-72,1761525148601
33820,1761525151614.0,0adab909-eb8f-4baf-9eed-7a4cc889cb7c,6E:A3:88:05:71:BB,,-85,1761525148601
33821,1761525749820.0,0adab909-eb8f-4baf-9eed-7a4cc889cb7c,5E:D9:DF:66:4A:31,,-86,1761525749817
33822,1761525749835.0,0adab909-eb8f-4baf-9eed-7a4cc889cb7c,FF:10:10:AE:A7:64,Sunset lights,-74,1761525749817
33823,1761525750334.0,0adab909-eb8f-4baf-9eed-7a4cc889cb7c,70:4C:A9:33:50:ED,,-75,1761525749817
33824,1761525753559.0,0adab909-eb8f-4baf-9eed-7a4cc889cb7c,6E:A3:88:05:71:BB,,-85,1761525749817
33825,1761526349505.0,0adab909-eb8f-4baf-9eed-7a4cc889cb7c,70:4C:A9:33:50:ED,,-79,1761526349169
33826,1761526349523.0,0adab909-eb8f-4baf-9eed-7a4cc889cb7c,FF:10:10:AE:A7:64,Sunset lights,-70,1761526349169
33827,1761526350345.0,0adab909-eb8f-4baf-9eed-7a4cc889cb7c,6E:A3:88:05:71:BB,,-88,1761526349169
33828,1761526354496.0,0adab909-eb8f-4baf-9eed-7a4cc889cb7c,72:5F:C5:B8:65:EB,,-84,1761526349169
33829,1761526881226.0,0adab909-eb8f-4baf-9eed-7a4cc889cb7c,70:4C:A9:33:50:ED,,-76,1761526879526
33830,1761526881534.0,0adab909-eb8f-4baf-9eed-7a4cc889cb7c,72:5F:C5:B8:65:EB,,-86,1761526879526
33831,1761526884447.0,0adab909-eb8f-4baf-9eed-7a4cc889cb7c,FF:10:10:AE:A7:64,Sunset lights,-73,1761526879526
33832,1761526887029.0,0adab909-eb8f-4baf-9eed-7a4cc889cb7c,49:99:D5:DB:61:67,,-86,1761526879526
33833,1761527480677.0,0adab909-eb8f-4baf-9eed-7a4cc889cb7c,FF:10:10:AE:A7:64,Sunset lights,-76,1761527480571
33834,1761527481326.0,0adab909-eb8f-4baf-9eed-7a4cc889cb7c,5C:6C:84:71:14:09,,-74,1761527480571
33835,1761527481951.0,0adab909-eb8f-4baf-9eed-7a4cc889cb7c,7F:17:FF:F8:42:11,,-79,1761527480571
33836,1761527488652.0,0adab909-eb8f-4baf-9eed-7a4cc889cb7c,49:99:D5:DB:61:67,,-84,1761527480571
33837,1761528080593.0,0adab909-eb8f-4baf-9eed-7a4cc889cb7c,FF:10:10:AE:A7:64,Sunset lights,-75,1761528080577
33838,1761528080624.0,0adab909-eb8f-4baf-9eed-7a4cc889cb7c,7F:17:FF:F8:42:11,,-77,1761528080577
33839,1761528081666.0,0adab909-eb8f-4baf-9eed-7a4cc889cb7c,5C:6C:84:71:14:09,,-82,1761528080577
33840,1761528081962.0,0adab909-eb8f-4baf-9eed-7a4cc889cb7c,49:99:D5:DB:61:67,,-85,1761528080577
33841,1761528612990.0,0adab909-eb8f-4baf-9eed-7a4cc889cb7c,FF:10:10:AE:A7:64,Sunset lights,-74,1761528612559
33842,1761528614243.0,0adab909-eb8f-4baf-9eed-7a4cc889cb7c,70:D7:EB:96:1A:52,,-89,1761528612559
33843,1761528615625.0,0adab909-eb8f-4baf-9eed-7a4cc889cb7c,5C:6C:84:71:14:09,,-82,1761528612559
33844,1761528616833.0,0adab909-eb8f-4baf-9eed-7a4cc889cb7c,5C:07:BD:7F:7F:3C,,-79,1761528612559
33845,1761529213000.0,0adab909-eb8f-4baf-9eed-7a4cc889cb7c,FF:10:10:AE:A7:64,Sunset lights,-73,1761529212864
33846,1761529213612.0,0adab909-eb8f-4baf-9eed-7a4cc889cb7c,5C:07:BD:7F:7F:3C,,-77,1761529212864
33847,1761529213938.0,0adab909-eb8f-4baf-9eed-7a4cc889cb7c,70:D7:EB:96:1A:52,,-84,1761529212864
33848,1761529216307.0,0adab909-eb8f-4baf-9eed-7a4cc889cb7c,46:63:83:74:5E:8B,,-74,1761529212864
33849,1761529812778.0,0adab909-eb8f-4baf-9eed-7a4cc889cb7c,70:D7:EB:96:1A:52,,-87,1761529812775
33850,1761529813284.0,0adab909-eb8f-4baf-9eed-7a4cc889cb7c,FF:10:10:AE:A7:64,Sunset lights,-78,1761529812775
33851,1761529813680.0,0adab909-eb8f-4baf-9eed-7a4cc889cb7c,5C:07:BD:7F:7F:3C,,-82,1761529812775
33852,1761529813934.0,0adab909-eb8f-4baf-9eed-7a4cc889cb7c,46:63:83:74:5E:8B,,-83,1761529812775
33853,1761530413592.0,0adab909-eb8f-4baf-9eed-7a4cc889cb7c,FF:10:10:AE:A7:64,Sunset lights,-73,1761530413282
33854,1761530414437.0,0adab909-eb8f-4baf-9eed-7a4cc889cb7c,5C:07:BD:7F:7F:3C,,-75,1761530413282
33855,1761530416585.0,0adab909-eb8f-4baf-9eed-7a4cc889cb7c,66:36:19:27:F9:63,,-84,1761530413282
33856,1761530420738.0,0adab909-eb8f-4baf-9eed-7a4cc889cb7c,69:E5:60:E4:16:89,,-86,1761530413282
33857,1761530944562.0,0adab909-eb8f-4baf-9eed-7a4cc889cb7c,FF:10:10:AE:A7:64,Sunset lights,-71,1761530944560
33858,1761530944889.0,0adab909-eb8f-4baf-9eed-7a4cc889cb7c,66:36:19:27:F9:63,,-82,1761530944560
33859,1761530945293.0,0adab909-eb8f-4baf-9eed-7a4cc889cb7c,69:E5:60:E4:16:89,,-86,1761530944560
33860,1761530949758.0,0adab909-eb8f-4baf-9eed-7a4cc889cb7c,53:A3:92:F5:16:0A,,-76,1761530944560
33861,1761531544903.0,0adab909-eb8f-4baf-9eed-7a4cc889cb7c,66:36:19:27:F9:63,,-85,1761531544531
33862,1761531544927.0,0adab909-eb8f-4baf-9eed-7a4cc889cb7c,FF:10:10:AE:A7:64,Sunset lights,-70,1761531544531
33863,1761531545550.0,0adab909-eb8f-4baf-9eed-7a4cc889cb7c,53:A3:92:F5:16:0A,,-77,1761531544531
33864,1761531545567.0,0adab909-eb8f-4baf-9eed-7a4cc889cb7c,72:5D:19:31:DC:1D,,-85,1761531544531
33865,1761532144602.0,0adab909-eb8f-4baf-9eed-7a4cc889cb7c,FF:10:10:AE:A7:64,Sunset lights,-71,1761532144525
33866,1761532144958.0,0adab909-eb8f-4baf-9eed-7a4cc889cb7c,53:A3:92:F5:16:0A,,-78,1761532144525
33867,1761532145966.0,0adab909-eb8f-4baf-9eed-7a4cc889cb7c,5B:DA:3F:5B:EE:D1,,-85,1761532144525
33868,1761532149808.0,0adab909-eb8f-4baf-9eed-7a4cc889cb7c,72:5D:19:31:DC:1D,,-87,1761532144525
33869,1761532975565.0,0adab909-eb8f-4baf-9eed-7a4cc889cb7c,46:96:A5:7E:51:BB,,-77,1761532975549
33870,1761532975947.0,0adab909-eb8f-4baf-9eed-7a4cc889cb7c,FF:10:10:AE:A7:64,Sunset lights,-70,1761532975549
33871,1761532976617.0,0adab909-eb8f-4baf-9eed-7a4cc889cb7c,72:5D:19:31:DC:1D,,-85,1761532975549
33872,1761532980164.0,0adab909-eb8f-4baf-9eed-7a4cc889cb7c,5B:DA:3F:5B:EE:D1,,-75,1761532975549
33873,1761533576887.0,0adab909-eb8f-4baf-9eed-7a4cc889cb7c,46:96:A5:7E:51:BB,,-76,1761533576493
33874,1761533576910.0,0adab909-eb8f-4baf-9eed-7a4cc889cb7c,FF:10:10:AE:A7:64,Sunset lights,-70,1761533576493
33875,1761533579434.0,0adab909-eb8f-4baf-9eed-7a4cc889cb7c,57:EF:53:E6:04:76,,-86,1761533576493
33876,1761533585542.0,0adab909-eb8f-4baf-9eed-7a4cc889cb7c,5B:DA:3F:5B:EE:D1,,-85,1761533576493
33877,1761534176517.0,0adab909-eb8f-4baf-9eed-7a4cc889cb7c,75:93:6F:3B:05:BE,,-78,1761534176483
33878,1761534176909.0,0adab909-eb8f-4baf-9eed-7a4cc889cb7c,78:57:71:86:BC:06,,-78,1761534176483
33879,1761534177528.0,0adab909-eb8f-4baf-9eed-7a4cc889cb7c,FF:10:10:AE:A7:64,Sunset lights,-76,1761534176483
33880,1761534177832.0,0adab909-eb8f-4baf-9eed-7a4cc889cb7c,57:EF:53:E6:04:76,,-89,1761534176483
33881,1761534948573.0,0adab909-eb8f-4baf-9eed-7a4cc889cb7c,FF:10:10:AE:A7:64,Sunset lights,-73,1761534948531
33882,1761534948953.0,0adab909-eb8f-4baf-9eed-7a4cc889cb7c,77:C0:B5:6D:7E:B7,,-82,1761534948531
33883,1761534949229.0,0adab909-eb8f-4baf-9eed-7a4cc889cb7c,78:57:71:86:BC:06,,-75,1761534948531
33884,1761534950831.0,0adab909-eb8f-4baf-9eed-7a4cc889cb7c,46:93:83:F8:19:8C,,-89,1761534948531
33885,1761535304737.0,0adab909-eb8f-4baf-9eed-7a4cc889cb7c,FF:10:10:AE:A7:64,Sunset lights,-73,1761535304734
33886,1761535304750.0,0adab909-eb8f-4baf-9eed-7a4cc889cb7c,77:C0:B5:6D:7E:B7,,-83,1761535304734
33887,1761535304972.0,0adab909-eb8f-4baf-9eed-7a4cc889cb7c,46:93:83:F8:19:8C,,-88,1761535304734
33888,1761535305256.0,0adab909-eb8f-4baf-9eed-7a4cc889cb7c,42:67:1A:05:14:AF,,-74,1761535304734
33889,1761535306013.0,0adab909-eb8f-4baf-9eed-7a4cc889cb7c,47:DC:0B:FB:20:23,,-91,1761535304734
33890,1761535905186.0,0adab909-eb8f-4baf-9eed-7a4cc889cb7c,42:67:1A:05:14:AF,,-74,1761535904459
33891,1761535905502.0,0adab909-eb8f-4baf-9eed-7a4cc889cb7c,FF:10:10:AE:A7:64,Sunset lights,-73,1761535904459
33892,1761535906445.0,0adab909-eb8f-4baf-9eed-7a4cc889cb7c,46:93:83:F8:19:8C,,-87,1761535904459
33893,1761535909739.0,0adab909-eb8f-4baf-9eed-7a4cc889cb7c,77:C0:B5:6D:7E:B7,,-82,1761535904459
33894,1761536624771.0,0adab909-eb8f-4baf-9eed-7a4cc889cb7c,FF:10:10:AE:A7:64,Sunset lights,-74,1761536624766
33895,1761536624898.0,0adab909-eb8f-4baf-9eed-7a4cc889cb7c,5D:DD:43:D4:AA:C0,,-85,1761536624766
33896,1761536625541.0,0adab909-eb8f-4baf-9eed-7a4cc889cb7c,56:E2:43:AB:3B:8C,,-83,1761536624766
33897,1761536625937.0,0adab909-eb8f-4baf-9eed-7a4cc889cb7c,42:67:1A:05:14:AF,,-77,1761536624766
33898,1761536925530.0,0adab909-eb8f-4baf-9eed-7a4cc889cb7c,FF:10:10:AE:A7:64,Sunset lights,-79,1761536924470
33899,1761536925552.0,0adab909-eb8f-4baf-9eed-7a4cc889cb7c,5D:DD:43:D4:AA:C0,,-82,1761536924470
33900,1761536925889.0,0adab909-eb8f-4baf-9eed-7a4cc889cb7c,56:E2:43:AB:3B:8C,,-91,1761536924470
33901,1761536926507.0,0adab909-eb8f-4baf-9eed-7a4cc889cb7c,51:EB:6A:5E:E2:98,,-80,1761536924470
33902,1761537524532.0,0adab909-eb8f-4baf-9eed-7a4cc889cb7c,FF:10:10:AE:A7:64,Sunset lights,-73,1761537524468
33903,1761537525519.0,0adab909-eb8f-4baf-9eed-7a4cc889cb7c,51:EB:6A:5E:E2:98,,-77,1761537524468
33904,1761537525879.0,0adab909-eb8f-4baf-9eed-7a4cc889cb7c,5D:DD:43:D4:AA:C0,,-84,1761537524468
33905,1761537528511.0,0adab909-eb8f-4baf-9eed-7a4cc889cb7c,56:E2:43:AB:3B:8C,,-84,1761537524468
33906,1761538125209.0,0adab909-eb8f-4baf-9eed-7a4cc889cb7c,51:EB:6A:5E:E2:98,,-75,1761538124814
33907,1761538125226.0,0adab909-eb8f-4baf-9eed-7a4cc889cb7c,6B:5C:D7:8C:30:52,,-74,1761538124814
33908,1761538126852.0,0adab909-eb8f-4baf-9eed-7a4cc889cb7c,FF:10:10:AE:A7:64,Sunset lights,-73,1761538124814
33909,1761538130758.0,0adab909-eb8f-4baf-9eed-7a4cc889cb7c,40:A3:55:16:A4:2B,,-85,1761538124814
33910,1761538131007.0,0adab909-eb8f-4baf-9eed-7a4cc889cb7c,62:82:B4:7C:5E:CE,,-79,1761538124814
33911,1761538133203.0,0adab909-eb8f-4baf-9eed-7a4cc889cb7c,44:62:96:39:30:F5,,-86,1761538124814
33912,1761538955476.0,0adab909-eb8f-4baf-9eed-7a4cc889cb7c,FF:10:10:AE:A7:64,Sunset lights,-75,1761538955446
33913,1761538955930.0,0adab909-eb8f-4baf-9eed-7a4cc889cb7c,6F:AA:4D:8A:24:E3,,-77,1761538955446
33914,1761538956220.0,0adab909-eb8f-4baf-9eed-7a4cc889cb7c,40:A3:55:16:A4:2B,,-87,1761538955446
33915,1761538958162.0,0adab909-eb8f-4baf-9eed-7a4cc889cb7c,45:24:68:4D:B6:B3,,-86,1761538955446
33916,1761538960672.0,0adab909-eb8f-4baf-9eed-7a4cc889cb7c,6B:5C:D7:8C:30:52,,-83,1761538955446
33917,1761539556468.0,0adab909-eb8f-4baf-9eed-7a4cc889cb7c,62:21:D1:A3:B2:99,,-84,1761539556437
33918,1761539556514.0,0adab909-eb8f-4baf-9eed-7a4cc889cb7c,6F:AA:4D:8A:24:E3,,-79,1761539556437
33919,1761539556862.0,0adab909-eb8f-4baf-9eed-7a4cc889cb7c,FF:10:10:AE:A7:64,Sunset lights,-73,1761539556437
33920,1761539559448.0,0adab909-eb8f-4baf-9eed-7a4cc889cb7c,68:55:21:64:EB:90,,-85,1761539556437
33921,1761539559461.0,0adab909-eb8f-4baf-9eed-7a4cc889cb7c,45:24:68:4D:B6:B3,,-82,1761539556437
33922,1761540156041.0,0adab909-eb8f-4baf-9eed-7a4cc889cb7c,6F:AA:4D:8A:24:E3,,-79,1761540155459
33923,1761540156053.0,0adab909-eb8f-4baf-9eed-7a4cc889cb7c,FF:10:10:AE:A7:64,Sunset lights,-72,1761540155459
33924,1761540156328.0,0adab909-eb8f-4baf-9eed-7a4cc889cb7c,62:21:D1:A3:B2:99,,-82,1761540155459
33925,1761540159770.0,0adab909-eb8f-4baf-9eed-7a4cc889cb7c,F4:9D:8A:69:F2:D4,,-91,1761540155459
33926,1761540163851.0,0adab909-eb8f-4baf-9eed-7a4cc889cb7c,68:55:21:64:EB:90,,-88,1761540155459
33927,1761540688165.0,0adab909-eb8f-4baf-9eed-7a4cc889cb7c,79:F2:3E:7F:11:F7,,-77,1761540687438
33928,1761540688527.0,0adab909-eb8f-4baf-9eed-7a4cc889cb7c,FF:10:10:AE:A7:64,Sunset lights,-73,1761540687438
33929,1761540690073.0,0adab909-eb8f-4baf-9eed-7a4cc889cb7c,4E:E8:64:E2:F6:2B,,-82,1761540687438
33930,1761540690124.0,0adab909-eb8f-4baf-9eed-7a4cc889cb7c,62:21:D1:A3:B2:99,,-74,1761540687438
33931,1761540692361.0,0adab909-eb8f-4baf-9eed-7a4cc889cb7c,68:55:21:64:EB:90,,-84,1761540687438
33932,1761541287568.0,0adab909-eb8f-4baf-9eed-7a4cc889cb7c,FF:10:10:AE:A7:64,Sunset lights,-72,1761541287481
33933,1761541287935.0,0adab909-eb8f-4baf-9eed-7a4cc889cb7c,73:AA:55:8D:C4:46,,-82,1761541287481
33934,1761541288498.0,0adab909-eb8f-4baf-9eed-7a4cc889cb7c,4C:FA:CA:35:53:BB,,-80,1761541287481
33935,1761541289215.0,0adab909-eb8f-4baf-9eed-7a4cc889cb7c,79:F2:3E:7F:11:F7,,-75,1761541287481
33936,1761541289497.0,0adab909-eb8f-4baf-9eed-7a4cc889cb7c,43:37:7C:C4:77:E9,,-84,1761541287481
33937,1761541292683.0,0adab909-eb8f-4baf-9eed-7a4cc889cb7c,B0:38:E2:3A:36:17,,-91,1761541287481
33938,1761541294655.0,0adab909-eb8f-4baf-9eed-7a4cc889cb7c,58:C9:7E:2B:A2:5F,,-70,1761541287481
33939,1761541886789.0,0adab909-eb8f-4baf-9eed-7a4cc889cb7c,FF:10:10:AE:A7:64,Sunset lights,-70,1761541886346
33940,1761541887079.0,0adab909-eb8f-4baf-9eed-7a4cc889cb7c,75:0E:48:8A:B3:D8,,-85,1761541886346
33941,1761541887116.0,0adab909-eb8f-4baf-9eed-7a4cc889cb7c,79:F2:3E:7F:11:F7,,-75,1761541886346
33942,1761541887690.0,0adab909-eb8f-4baf-9eed-7a4cc889cb7c,43:37:7C:C4:77:E9,,-86,1761541886346
33943,1761541887729.0,0adab909-eb8f-4baf-9eed-7a4cc889cb7c,73:AA:55:8D:C4:46,,-85,1761541886346
33944,1761541888371.0,0adab909-eb8f-4baf-9eed-7a4cc889cb7c,58:C9:7E:2B:A2:5F,,-76,1761541886346
33945,1761541889000.0,0adab909-eb8f-4baf-9eed-7a4cc889cb7c,4E:E8:64:E2:F6:2B,,-77,1761541886346
33946,1761542565849.0,0adab909-eb8f-4baf-9eed-7a4cc889cb7c,FF:10:10:AE:A7:64,Sunset lights,-72,1761542565412
33947,1761542565868.0,0adab909-eb8f-4baf-9eed-7a4cc889cb7c,43:37:7C:C4:77:E9,,-85,1761542565412
33948,1761542566490.0,0adab909-eb8f-4baf-9eed-7a4cc889cb7c,5F:62:74:34:EF:65,,-72,1761542565412
33949,1761542566794.0,0adab909-eb8f-4baf-9eed-7a4cc889cb7c,4B:09:2E:EF:9F:6C,,-79,1761542565412
33950,1761542574136.0,0adab909-eb8f-4baf-9eed-7a4cc889cb7c,18:9C:2C:93:11:49,,-87,1761542565412
33951,1761542575749.0,0adab909-eb8f-4baf-9eed-7a4cc889cb7c,76:65:08:AC:3A:6D,,-80,1761542565412
33952,1761543165501.0,0adab909-eb8f-4baf-9eed-7a4cc889cb7c,60:74:F4:72:90:3F,ihoment_H601B_903F,-74,1761543165428
33953,1761543166122.0,0adab909-eb8f-4baf-9eed-7a4cc889cb7c,FF:10:10:AE:A7:64,Sunset lights,-78,1761543165428
33954,1761543166836.0,0adab909-eb8f-4baf-9eed-7a4cc889cb7c,4B:09:2E:EF:9F:6C,,-77,1761543165428
33955,1761543167785.0,0adab909-eb8f-4baf-9eed-7a4cc889cb7c,60:74:F4:73:99:E7,ihoment_H601B_99E7,-83,1761543165428
33956,1761543765459.0,0adab909-eb8f-4baf-9eed-7a4cc889cb7c,62:FD:58:D8:DE:C9,,-83,1761543765404
33957,1761543765773.0,0adab909-eb8f-4baf-9eed-7a4cc889cb7c,60:74:F4:72:90:3F,ihoment_H601B_903F,-74,1761543765404
33958,1761543765813.0,0adab909-eb8f-4baf-9eed-7a4cc889cb7c,4E:AB:30:B8:D4:AE,,-85,1761543765404
33959,1761543765829.0,0adab909-eb8f-4baf-9eed-7a4cc889cb7c,53:6D:2E:CA:55:C8,,-81,1761543765404
33960,1761543767104.0,0adab909-eb8f-4baf-9eed-7a4cc889cb7c,60:74:F4:73:99:E7,ihoment_H601B_99E7,-82,1761543765404
33961,1761543767404.0,0adab909-eb8f-4baf-9eed-7a4cc889cb7c,4B:09:2E:EF:9F:6C,,-76,1761543765404
33962,1761543767772.0,0adab909-eb8f-4baf-9eed-7a4cc889cb7c,FF:10:10:AE:A7:64,Sunset lights,-70,1761543765404
33963,1761543773211.0,0adab909-eb8f-4baf-9eed-7a4cc889cb7c,42:6A:1D:6B:7B:80,,-68,1761543765404
33964,1761544213451.0,0adab909-eb8f-4baf-9eed-7a4cc889cb7c,FF:10:10:AE:A7:64,Sunset lights,-70,1761544213414
33965,1761544213845.0,0adab909-eb8f-4baf-9eed-7a4cc889cb7c,60:74:F4:72:90:3F,ihoment_H601B_903F,-74,1761544213414
33966,1761544215164.0,0adab909-eb8f-4baf-9eed-7a4cc889cb7c,4E:AB:30:B8:D4:AE,,-90,1761544213414
33967,1761544216091.0,0adab909-eb8f-4baf-9eed-7a4cc889cb7c,46:B6:BD:AA:24:E1,,-74,1761544213414
33968,1761544216109.0,0adab909-eb8f-4baf-9eed-7a4cc889cb7c,60:74:F4:73:99:E7,ihoment_H601B_99E7,-82,1761544213414
33969,1761544217075.0,0adab909-eb8f-4baf-9eed-7a4cc889cb7c,42:6A:1D:6B:7B:80,,-84,1761544213414
33970,1761544897440.0,0adab909-eb8f-4baf-9eed-7a4cc889cb7c,43:1E:48:0A:E6:12,,-73,1761544897385
33971,1761544897512.0,0adab909-eb8f-4baf-9eed-7a4cc889cb7c,46:B6:BD:AA:24:E1,,-83,1761544897385
33972,1761544898765.0,0adab909-eb8f-4baf-9eed-7a4cc889cb7c,60:74:F4:72:90:3F,ihoment_H601B_903F,-74,1761544897385
33973,1761544898795.0,0adab909-eb8f-4baf-9eed-7a4cc889cb7c,41:76:3B:57:7B:7C,,-85,1761544897385
33974,1761544899095.0,0adab909-eb8f-4baf-9eed-7a4cc889cb7c,60:74:F4:73:99:E7,ihoment_H601B_99E7,-81,1761544897385
33975,1761544900043.0,0adab909-eb8f-4baf-9eed-7a4cc889cb7c,4A:A6:D1:BD:1D:87,,-88,1761544897385
33976,1761545498499.0,0adab909-eb8f-4baf-9eed-7a4cc889cb7c,46:B6:BD:AA:24:E1,,-76,1761545497638
33977,1761545503317.0,0adab909-eb8f-4baf-9eed-7a4cc889cb7c,4A:A6:D1:BD:1D:87,,-88,1761545497638
33978,1761545505582.0,0adab909-eb8f-4baf-9eed-7a4cc889cb7c,6C:C9:D7:96:02:36,,-90,1761545497638
33979,1761546097939.0,0adab909-eb8f-4baf-9eed-7a4cc889cb7c,4A:A6:D1:BD:1D:87,,-87,1761546097935
33980,1761546098439.0,0adab909-eb8f-4baf-9eed-7a4cc889cb7c,7B:78:CF:C0:3A:50,,-76,1761546097935
33981,1761546103659.0,0adab909-eb8f-4baf-9eed-7a4cc889cb7c,3E:A9:A1:DD:95:A8,,-91,1761546097935
33982,1761546109076.0,0adab909-eb8f-4baf-9eed-7a4cc889cb7c,6D:D0:56:FE:95:E3,,-84,1761546097935
33983,1761546629477.0,0adab909-eb8f-4baf-9eed-7a4cc889cb7c,7D:E9:F7:0C:49:1E,,-88,1761546629391
33984,1761546629808.0,0adab909-eb8f-4baf-9eed-7a4cc889cb7c,75:06:6B:B1:F1:48,,-90,1761546629391
33985,1761546630134.0,0adab909-eb8f-4baf-9eed-7a4cc889cb7c,5F:FF:B8:B1:42:EF,,-92,1761546629391
33986,1761546630424.0,0adab909-eb8f-4baf-9eed-7a4cc889cb7c,4A:A6:D1:BD:1D:87,,-93,1761546629391
33987,1761546630739.0,0adab909-eb8f-4baf-9eed-7a4cc889cb7c,49:CC:52:7A:72:53,,-84,1761546629391
33988,1761546631405.0,0adab909-eb8f-4baf-9eed-7a4cc889cb7c,45:D5:B2:B0:52:3B,,-83,1761546629391
33989,1761546631687.0,0adab909-eb8f-4baf-9eed-7a4cc889cb7c,48:3F:70:50:A8:E9,,-91,1761546629391
33990,1761546632380.0,0adab909-eb8f-4baf-9eed-7a4cc889cb7c,7B:78:CF:C0:3A:50,,-76,1761546629391
33991,1761546633678.0,0adab909-eb8f-4baf-9eed-7a4cc889cb7c,6B:C0:AD:9A:FB:9B,,-92,1761546629391
33992,1761546634298.0,0adab909-eb8f-4baf-9eed-7a4cc889cb7c,5F:22:B7:FF:7E:F5,,-84,1761546629391
33993,1761546635305.0,0adab909-eb8f-4baf-9eed-7a4cc889cb7c,7A:40:64:99:71:A5,,-89,1761546629391
33994,1761546635873.0,0adab909-eb8f-4baf-9eed-7a4cc889cb7c,44:3F:16:6F:2F:4C,,-83,1761546629391
33995,1761547228420.0,0adab909-eb8f-4baf-9eed-7a4cc889cb7c,7B:78:CF:C0:3A:50,,-79,1761547228398
33996,1761547228759.0,0adab909-eb8f-4baf-9eed-7a4cc889cb7c,78:0E:85:F1:3F:68,,-84,1761547228398
33997,1761547230438.0,0adab909-eb8f-4baf-9eed-7a4cc889cb7c,54:F5:22:09:13:79,,-88,1761547228398
33998,1761547232626.0,0adab909-eb8f-4baf-9eed-7a4cc889cb7c,52:25:64:ED:DB:27,,-87,1761547228398
33999,1761547235826.0,0adab909-eb8f-4baf-9eed-7a4cc889cb7c,36:1F:35:70:18:AB,,-89,1761547228398
34000,1761547829822.0,0adab909-eb8f-4baf-9eed-7a4cc889cb7c,64:DE:36:22:92:62,,-90,1761547829379
34001,1761547833946.0,0adab909-eb8f-4baf-9eed-7a4cc889cb7c,60:83:C5:C2:BC:B3,,-74,1761547829379
34002,1761547837280.0,0adab909-eb8f-4baf-9eed-7a4cc889cb7c,52:25:64:ED:DB:27,,-85,1761547829379
34003,1761547841371.0,0adab909-eb8f-4baf-9eed-7a4cc889cb7c,57:FE:6B:4C:F9:DA,,-90,1761547829379
34004,1761548416463.0,0adab909-eb8f-4baf-9eed-7a4cc889cb7c,60:83:C5:C2:BC:B3,,-82,1761548416380
34005,1761548416741.0,0adab909-eb8f-4baf-9eed-7a4cc889cb7c,57:B4:7E:81:1E:E7,,-94,1761548416380
34006,1761548416779.0,0adab909-eb8f-4baf-9eed-7a4cc889cb7c,7D:4C:A1:FE:16:37,,-89,1761548416380
34007,1761548418431.0,0adab909-eb8f-4baf-9eed-7a4cc889cb7c,6C:69:C2:FC:BB:14,,-89,1761548416380
34008,1761548425189.0,0adab909-eb8f-4baf-9eed-7a4cc889cb7c,B0:38:E2:66:A4:3E,,-85,1761548416380
34009,1761548426777.0,0adab909-eb8f-4baf-9eed-7a4cc889cb7c,73:25:3C:83:EE:F7,,-91,1761548416380
34010,1761549015797.0,0adab909-eb8f-4baf-9eed-7a4cc889cb7c,18:0A:B1:41:F2:71,,-86,1761549015371
34011,1761549017088.0,0adab909-eb8f-4baf-9eed-7a4cc889cb7c,7D:4C:A1:FE:16:37,,-86,1761549015371
34012,1761549019642.0,0adab909-eb8f-4baf-9eed-7a4cc889cb7c,60:83:C5:C2:BC:B3,,-77,1761549015371
34013,1761549021574.0,0adab909-eb8f-4baf-9eed-7a4cc889cb7c,57:B4:7E:81:1E:E7,,-93,1761549015371
34014,1761549021588.0,0adab909-eb8f-4baf-9eed-7a4cc889cb7c,3F:13:93:28:34:C7,,-86,1761549015371
34015,1761549026349.0,0adab909-eb8f-4baf-9eed-7a4cc889cb7c,00:5D:40:4D:17:1A,T86B-D415,-99,1761549015371
34016,1761549615410.0,0adab909-eb8f-4baf-9eed-7a4cc889cb7c,45:3D:27:01:C5:5C,,-82,1761549615384
34017,1761549615429.0,0adab909-eb8f-4baf-9eed-7a4cc889cb7c,6D:45:72:2E:CD:36,,-76,1761549615384
34018,1761549618406.0,0adab909-eb8f-4baf-9eed-7a4cc889cb7c,7D:4C:A1:FE:16:37,,-85,1761549615384
34019,1761550267478.0,0adab909-eb8f-4baf-9eed-7a4cc889cb7c,18:9C:2C:68:FE:D2,,-84,1761550267378
34020,1761550268121.0,0adab909-eb8f-4baf-9eed-7a4cc889cb7c,5D:A3:42:52:2C:5B,,-89,1761550267378
34021,1761550268135.0,0adab909-eb8f-4baf-9eed-7a4cc889cb7c,6D:45:72:2E:CD:36,,-74,1761550267378
34022,1761550268854.0,0adab909-eb8f-4baf-9eed-7a4cc889cb7c,79:B2:E9:07:5F:A8,,-88,1761550267378
34023,1761550270341.0,0adab909-eb8f-4baf-9eed-7a4cc889cb7c,12:0D:26:D8:0C:53,,-94,1761550267378
34024,1761550270367.0,0adab909-eb8f-4baf-9eed-7a4cc889cb7c,7D:4C:A1:FE:16:37,,-87,1761550267378
34025,1761550270651.0,0adab909-eb8f-4baf-9eed-7a4cc889cb7c,74:6F:E8:B4:99:E4,,-91,1761550267378
34026,1761550277475.0,0adab909-eb8f-4baf-9eed-7a4cc889cb7c,49:5A:DA:39:3A:D5,,-89,1761550267378
34027,1761550867788.0,0adab909-eb8f-4baf-9eed-7a4cc889cb7c,E7:8D:51:81:CC:AD,,-92,1761550867359
34028,1761550868475.0,0adab909-eb8f-4baf-9eed-7a4cc889cb7c,4F:09:2D:56:DB:6D,,-76,1761550867359
34029,1761550876941.0,0adab909-eb8f-4baf-9eed-7a4cc889cb7c,10:9F:41:D1:37:19,,-100,1761550867359
34030,1761550879809.0,0adab909-eb8f-4baf-9eed-7a4cc889cb7c,10:9F:41:D1:37:19,Shahad’s MacBook Pro,-100,1761550867359
34031,1761551467734.0,0adab909-eb8f-4baf-9eed-7a4cc889cb7c,4F:09:2D:56:DB:6D,,-80,1761551467329
34032,1761551467756.0,0adab909-eb8f-4baf-9eed-7a4cc889cb7c,6A:C8:08:03:8A:A2,,-88,1761551467329
34033,1761551471933.0,0adab909-eb8f-4baf-9eed-7a4cc889cb7c,7C:F6:1C:C7:97:DA,,-92,1761551467329
34034,1761551472527.0,0adab909-eb8f-4baf-9eed-7a4cc889cb7c,6D:C2:DD:84:FB:9D,,-85,1761551467329
34035,1761552053632.0,0adab909-eb8f-4baf-9eed-7a4cc889cb7c,52:5F:DB:F9:D2:4A,,-92,1761552053533
34036,1761552055211.0,0adab909-eb8f-4baf-9eed-7a4cc889cb7c,64:3A:5A:20:C6:AD,,-87,1761552053533
34037,1761552066476.0,0adab909-eb8f-4baf-9eed-7a4cc889cb7c,64:3A:5A:20:C6:AD,,-85,1761552053533
34038,1761552066581.0,0adab909-eb8f-4baf-9eed-7a4cc889cb7c,52:5F:DB:F9:D2:4A,,-82,1761552053533
34039,1761552653615.0,0adab909-eb8f-4baf-9eed-7a4cc889cb7c,52:5F:DB:F9:D2:4A,,-82,1761552653497
34040,1761552655467.0,0adab909-eb8f-4baf-9eed-7a4cc889cb7c,62:31:F0:9C:B8:65,,-90,1761552653497
34041,1761552656825.0,0adab909-eb8f-4baf-9eed-7a4cc889cb7c,64:3A:5A:20:C6:AD,,-82,1761552653497
34042,1761552666471.0,0adab909-eb8f-4baf-9eed-7a4cc889cb7c,62:31:F0:9C:B8:65,,-90,1761552653497
34043,1761552666513.0,0adab909-eb8f-4baf-9eed-7a4cc889cb7c,52:5F:DB:F9:D2:4A,,-78,1761552653497
34044,1761552667535.0,0adab909-eb8f-4baf-9eed-7a4cc889cb7c,64:3A:5A:20:C6:AD,,-82,1761552653497
34045,1761553170583.0,0adab909-eb8f-4baf-9eed-7a4cc889cb7c,53:67:2E:16:B8:86,,-89,1761553170478
34046,1761553170947.0,0adab909-eb8f-4baf-9eed-7a4cc889cb7c,6B:A0:27:F5:08:70,,-80,1761553170478
34047,1761553171504.0,0adab909-eb8f-4baf-9eed-7a4cc889cb7c,62:31:F0:9C:B8:65,,-84,1761553170478
34048,1761553171880.0,0adab909-eb8f-4baf-9eed-7a4cc889cb7c,0E:80:42:19:7E:5E,,-95,1761553170478
34049,1761553172207.0,0adab909-eb8f-4baf-9eed-7a4cc889cb7c,78:62:77:62:E2:5F,,-90,1761553170478
34050,1761553183360.0,0adab909-eb8f-4baf-9eed-7a4cc889cb7c,62:31:F0:9C:B8:65,,-83,1761553170478
34051,1761553183519.0,0adab909-eb8f-4baf-9eed-7a4cc889cb7c,E7:13:61:76:FA:8D,,-78,1761553170478
34052,1761553183717.0,0adab909-eb8f-4baf-9eed-7a4cc889cb7c,6B:A0:27:F5:08:70,,-78,1761553170478
34053,1761553184897.0,0adab909-eb8f-4baf-9eed-7a4cc889cb7c,53:67:2E:16:B8:86,,-86,1761553170478
34054,1761553185347.0,0adab909-eb8f-4baf-9eed-7a4cc889cb7c,FB:AB:E8:12:AA:93,,-84,1761553170478
34055,1761553185901.0,0adab909-eb8f-4baf-9eed-7a4cc889cb7c,C8:E1:D0:F4:EA:E3,,-89,1761553170478
34056,1761553851251.0,0adab909-eb8f-4baf-9eed-7a4cc889cb7c,60:2D:D0:D8:C7:5A,,-90,1761553851151
34057,1761553853202.0,0adab909-eb8f-4baf-9eed-7a4cc889cb7c,53:67:2E:16:B8:86,,-89,1761553851151
34058,1761553853791.0,0adab909-eb8f-4baf-9eed-7a4cc889cb7c,6B:A0:27:F5:08:70,,-88,1761553851151
34059,1761553857639.0,0adab909-eb8f-4baf-9eed-7a4cc889cb7c,4B:11:21:81:8F:35,,-95,1761553851151
34060,1761553865034.0,0adab909-eb8f-4baf-9eed-7a4cc889cb7c,42:E4:3D:83:7F:2C,,-94,1761553851151
34061,1761553865093.0,0adab909-eb8f-4baf-9eed-7a4cc889cb7c,F4:FE:FB:45:44:C9,,-77,1761553851151
34062,1761553865188.0,0adab909-eb8f-4baf-9eed-7a4cc889cb7c,FC:2A:8B:59:C3:AF,,-71,1761553851151
34063,1761553866223.0,0adab909-eb8f-4baf-9eed-7a4cc889cb7c,C3:F5:7F:8B:F1:7D,Hue Lamp,-79,1761553851151
34064,1761554300378.0,0adab909-eb8f-4baf-9eed-7a4cc889cb7c,C3:F5:7F:8B:F1:7D,Hue Lamp,-77,1761554299925
34065,1761554312830.0,0adab909-eb8f-4baf-9eed-7a4cc889cb7c,F4:FE:FB:45:44:C9,,-79,1761554299925
34066,1761554313974.0,0adab909-eb8f-4baf-9eed-7a4cc889cb7c,C3:F5:7F:8B:F1:7D,Hue Lamp,-80,1761554299925
34067,1761554939758.0,0adab909-eb8f-4baf-9eed-7a4cc889cb7c,4C:1B:56:3B:38:D0,,-86,1761554938915
34068,1761554940621.0,0adab909-eb8f-4baf-9eed-7a4cc889cb7c,4A:F5:12:7F:69:00,,-86,1761554938915
34069,1761554941220.0,0adab909-eb8f-4baf-9eed-7a4cc889cb7c,60:2D:D0:D8:C7:5A,,-76,1761554938915
34070,1761554952898.0,0adab909-eb8f-4baf-9eed-7a4cc889cb7c,4C:1B:56:3B:38:D0,,-73,1761554938915
34071,1761554952959.0,0adab909-eb8f-4baf-9eed-7a4cc889cb7c,4A:F5:12:7F:69:00,,-81,1761554938915
34072,1761554953054.0,0adab909-eb8f-4baf-9eed-7a4cc889cb7c,60:2D:D0:D8:C7:5A,,-75,1761554938915
34073,1761555598833.0,0adab909-eb8f-4baf-9eed-7a4cc889cb7c,4C:1B:56:3B:38:D0,,-82,1761555598781
34074,1761555600138.0,0adab909-eb8f-4baf-9eed-7a4cc889cb7c,46:56:99:04:91:62,,-82,1761555598781
34075,1761555600481.0,0adab909-eb8f-4baf-9eed-7a4cc889cb7c,4A:F5:12:7F:69:00,,-88,1761555598781
34076,1761555606649.0,0adab909-eb8f-4baf-9eed-7a4cc889cb7c,7A:AE:43:1A:36:5C,,-94,1761555598781
34077,1761555608512.0,0adab909-eb8f-4baf-9eed-7a4cc889cb7c,78:55:6A:B5:DA:A2,,-94,1761555598781
34078,1761555611719.0,0adab909-eb8f-4baf-9eed-7a4cc889cb7c,4A:F5:12:7F:69:00,,-87,1761555598781
34079,1761555611756.0,0adab909-eb8f-4baf-9eed-7a4cc889cb7c,4C:1B:56:3B:38:D0,,-78,1761555598781
34080,1761555611836.0,0adab909-eb8f-4baf-9eed-7a4cc889cb7c,F0:D8:CC:A9:77:FD,,-77,1761555598781
34081,1761555612634.0,0adab909-eb8f-4baf-9eed-7a4cc889cb7c,FA:70:37:5C:B1:97,,-79,1761555598781
34082,1761555612695.0,0adab909-eb8f-4baf-9eed-7a4cc889cb7c,46:56:99:04:91:62,,-93,1761555598781
34083,1761555613712.0,0adab909-eb8f-4baf-9eed-7a4cc889cb7c,78:55:6A:B5:DA:A2,,-92,1761555598781
34084,1761556126769.0,0adab909-eb8f-4baf-9eed-7a4cc889cb7c,46:56:99:04:91:62,,-83,1761556126656
34085,1761556126802.0,0adab909-eb8f-4baf-9eed-7a4cc889cb7c,4C:96:8A:ED:6A:01,SPEN NA,-70,1761556126656
34086,1761556127082.0,0adab909-eb8f-4baf-9eed-7a4cc889cb7c,4C:96:8A:ED:6A:01,SPEN NA,-75,1761556126656
34087,1761556127705.0,0adab909-eb8f-4baf-9eed-7a4cc889cb7c,4C:96:8A:ED:6A:01,SPEN NA,-66,1761556126656
34088,1761556128642.0,0adab909-eb8f-4baf-9eed-7a4cc889cb7c,4C:96:8A:ED:6A:01,SPEN NA,-66,1761556126656
34089,1761556128980.0,0adab909-eb8f-4baf-9eed-7a4cc889cb7c,72:29:E3:89:C2:C0,,-91,1761556126656
34090,1761556129278.0,0adab909-eb8f-4baf-9eed-7a4cc889cb7c,4C:96:8A:ED:6A:01,SPEN NA,-70,1761556126656
34091,1761556130258.0,0adab909-eb8f-4baf-9eed-7a4cc889cb7c,52:0C:D8:C6:57:E1,,-82,1761556126656
34092,1761556130639.0,0adab909-eb8f-4baf-9eed-7a4cc889cb7c,4C:96:8A:ED:6A:01,SPEN NA,-67,1761556126656
34093,1761556131562.0,0adab909-eb8f-4baf-9eed-7a4cc889cb7c,4C:96:8A:ED:6A:01,SPEN NA,-67,1761556126656
34094,1761556131889.0,0adab909-eb8f-4baf-9eed-7a4cc889cb7c,4C:96:8A:ED:6A:01,SPEN NA,-71,1761556126656
34095,1761556132209.0,0adab909-eb8f-4baf-9eed-7a4cc889cb7c,4C:96:8A:ED:6A:01,SPEN NA,-74,1761556126656
34096,1761556133159.0,0adab909-eb8f-4baf-9eed-7a4cc889cb7c,4C:96:8A:ED:6A:01,SPEN NA,-70,1761556126656
34097,1761556133475.0,0adab909-eb8f-4baf-9eed-7a4cc889cb7c,4C:96:8A:ED:6A:01,SPEN NA,-70,1761556126656
34098,1761556133791.0,0adab909-eb8f-4baf-9eed-7a4cc889cb7c,4C:96:8A:ED:6A:01,SPEN NA,-71,1761556126656
34099,1761556134401.0,0adab909-eb8f-4baf-9eed-7a4cc889cb7c,59:5E:A0:74:22:93,,-85,1761556126656
34100,1761556134728.0,0adab909-eb8f-4baf-9eed-7a4cc889cb7c,4C:96:8A:ED:6A:01,SPEN NA,-74,1761556126656
34101,1761556135404.0,0adab909-eb8f-4baf-9eed-7a4cc889cb7c,4C:96:8A:ED:6A:01,SPEN NA,-66,1761556126656
34102,1761556135715.0,0adab909-eb8f-4baf-9eed-7a4cc889cb7c,4C:96:8A:ED:6A:01,SPEN NA,-71,1761556126656
34103,1761556136027.0,0adab909-eb8f-4baf-9eed-7a4cc889cb7c,4C:96:8A:ED:6A:01,SPEN NA,-70,1761556126656
34104,1761556136943.0,0adab909-eb8f-4baf-9eed-7a4cc889cb7c,4C:96:8A:ED:6A:01,SPEN NA,-70,1761556126656
34105,1761556137668.0,0adab909-eb8f-4baf-9eed-7a4cc889cb7c,4C:96:8A:ED:6A:01,SPEN NA,-74,1761556126656
34106,1761556137974.0,0adab909-eb8f-4baf-9eed-7a4cc889cb7c,4C:96:8A:ED:6A:01,SPEN NA,-76,1761556126656
34107,1761556138929.0,0adab909-eb8f-4baf-9eed-7a4cc889cb7c,4C:96:8A:ED:6A:01,SPEN NA,-74,1761556126656
34108,1761556139238.0,0adab909-eb8f-4baf-9eed-7a4cc889cb7c,4C:96:8A:ED:6A:01,SPEN NA,-70,1761556126656
34109,1761556139662.0,0adab909-eb8f-4baf-9eed-7a4cc889cb7c,4C:96:8A:ED:6A:01,SPEN NA,-69,1761556126656
34110,1761556139688.0,0adab909-eb8f-4baf-9eed-7a4cc889cb7c,46:56:99:04:91:62,,-82,1761556126656
34111,1761556139760.0,0adab909-eb8f-4baf-9eed-7a4cc889cb7c,59:5E:A0:74:22:93,,-89,1761556126656
34112,1761556140607.0,0adab909-eb8f-4baf-9eed-7a4cc889cb7c,C8:E1:D0:F4:EA:E3,,-84,1761556126656
34113,1761556140790.0,0adab909-eb8f-4baf-9eed-7a4cc889cb7c,72:29:E3:89:C2:C0,,-89,1761556126656
34114,1761556851506.0,0adab909-eb8f-4baf-9eed-7a4cc889cb7c,49:98:6D:D0:B3:54,,-85,1761556851433
34115,1761556851859.0,0adab909-eb8f-4baf-9eed-7a4cc889cb7c,7A:E9:83:36:54:40,,-88,1761556851433
34116,1761556852550.0,0adab909-eb8f-4baf-9eed-7a4cc889cb7c,41:A6:36:62:E4:E9,,-88,1761556851433
34117,1761556852781.0,0adab909-eb8f-4baf-9eed-7a4cc889cb7c,5B:EB:44:27:58:C9,,-79,1761556851433
34118,1761557299446.0,0adab909-eb8f-4baf-9eed-7a4cc889cb7c,5B:EB:44:27:58:C9,,-79,1761557299407
34119,1761557300182.0,0adab909-eb8f-4baf-9eed-7a4cc889cb7c,49:98:6D:D0:B3:54,,-83,1761557299407
34120,1761557300435.0,0adab909-eb8f-4baf-9eed-7a4cc889cb7c,41:A6:36:62:E4:E9,,-80,1761557299407
34121,1761557302391.0,0adab909-eb8f-4baf-9eed-7a4cc889cb7c,3C:6F:F0:2B:A4:97,,-85,1761557299407
34122,1761557302686.0,0adab909-eb8f-4baf-9eed-7a4cc889cb7c,36:61:1F:91:91:D7,,-87,1761557299407
34123,1761557307745.0,0adab909-eb8f-4baf-9eed-7a4cc889cb7c,1C:D1:07:53:65:9A,,-100,1761557299407
34124,1761558051835.0,0adab909-eb8f-4baf-9eed-7a4cc889cb7c,43:18:46:EA:4A:44,,-84,1761558051402
34125,1761558052823.0,0adab909-eb8f-4baf-9eed-7a4cc889cb7c,27:06:E8:9D:46:0B,,-89,1761558051402
34126,1761558053387.0,0adab909-eb8f-4baf-9eed-7a4cc889cb7c,14:8A:4C:95:F1:61,,-92,1761558051402
34127,1761558053407.0,0adab909-eb8f-4baf-9eed-7a4cc889cb7c,51:41:80:6D:EE:84,,-81,1761558051402
34128,1761558053767.0,0adab909-eb8f-4baf-9eed-7a4cc889cb7c,75:89:67:7E:3F:39,,-79,1761558051402
34129,1761558054416.0,0adab909-eb8f-4baf-9eed-7a4cc889cb7c,78:91:D2:71:9C:2C,,-95,1761558051402
34130,1761558055351.0,0adab909-eb8f-4baf-9eed-7a4cc889cb7c,5D:88:76:2C:0F:6A,,-88,1761558051402
34131,1761558056615.0,0adab909-eb8f-4baf-9eed-7a4cc889cb7c,41:4F:E1:04:46:E0,,-93,1761558051402
34132,1761558591945.0,0adab909-eb8f-4baf-9eed-7a4cc889cb7c,60:04:21:7C:C4:54,,-92,1761558591916
34133,1761558592021.0,0adab909-eb8f-4baf-9eed-7a4cc889cb7c,4C:96:8A:ED:6A:01,SPEN NA,-49,1761558591916
34134,1761558592036.0,0adab909-eb8f-4baf-9eed-7a4cc889cb7c,43:18:46:EA:4A:44,,-91,1761558591916
34135,1761558592345.0,0adab909-eb8f-4baf-9eed-7a4cc889cb7c,4C:96:8A:ED:6A:01,SPEN NA,-50,1761558591916
34136,1761558592673.0,0adab909-eb8f-4baf-9eed-7a4cc889cb7c,4C:96:8A:ED:6A:01,SPEN NA,-54,1761558591916
34137,1761558592994.0,0adab909-eb8f-4baf-9eed-7a4cc889cb7c,4C:96:8A:ED:6A:01,SPEN NA,-46,1761558591916
34138,1761558593933.0,0adab909-eb8f-4baf-9eed-7a4cc889cb7c,4C:96:8A:ED:6A:01,SPEN NA,-47,1761558591916
34139,1761558593950.0,0adab909-eb8f-4baf-9eed-7a4cc889cb7c,51:41:80:6D:EE:84,,-89,1761558591916
34140,1761558594248.0,0adab909-eb8f-4baf-9eed-7a4cc889cb7c,4C:96:8A:ED:6A:01,SPEN NA,-53,1761558591916
34141,1761558594567.0,0adab909-eb8f-4baf-9eed-7a4cc889cb7c,4C:96:8A:ED:6A:01,SPEN NA,-57,1761558591916
34142,1761558594878.0,0adab909-eb8f-4baf-9eed-7a4cc889cb7c,4C:96:8A:ED:6A:01,SPEN NA,-46,1761558591916
34143,1761558595513.0,0adab909-eb8f-4baf-9eed-7a4cc889cb7c,4C:96:8A:ED:6A:01,SPEN NA,-57,1761558591916
34144,1761558595829.0,0adab909-eb8f-4baf-9eed-7a4cc889cb7c,4C:96:8A:ED:6A:01,SPEN NA,-46,1761558591916
34145,1761558596152.0,0adab909-eb8f-4baf-9eed-7a4cc889cb7c,4C:96:8A:ED:6A:01,SPEN NA,-47,1761558591916
34146,1761558597211.0,0adab909-eb8f-4baf-9eed-7a4cc889cb7c,4C:96:8A:ED:6A:01,SPEN NA,-54,1761558591916
34147,1761558597396.0,0adab909-eb8f-4baf-9eed-7a4cc889cb7c,4C:96:8A:ED:6A:01,SPEN NA,-51,1761558591916
34148,1761558597826.0,0adab909-eb8f-4baf-9eed-7a4cc889cb7c,4C:96:8A:ED:6A:01,SPEN NA,-47,1761558591916
34149,1761558599093.0,0adab909-eb8f-4baf-9eed-7a4cc889cb7c,4C:96:8A:ED:6A:01,SPEN NA,-46,1761558591916
34150,1761558599408.0,0adab909-eb8f-4baf-9eed-7a4cc889cb7c,4C:96:8A:ED:6A:01,SPEN NA,-57,1761558591916
34151,1761558600044.0,0adab909-eb8f-4baf-9eed-7a4cc889cb7c,4C:96:8A:ED:6A:01,SPEN NA,-47,1761558591916
34152,1761558600349.0,0adab909-eb8f-4baf-9eed-7a4cc889cb7c,4C:96:8A:ED:6A:01,SPEN NA,-58,1761558591916
34153,1761558600660.0,0adab909-eb8f-4baf-9eed-7a4cc889cb7c,4C:96:8A:ED:6A:01,SPEN NA,-47,1761558591916
34154,1761558600983.0,0adab909-eb8f-4baf-9eed-7a4cc889cb7c,4C:96:8A:ED:6A:01,SPEN NA,-47,1761558591916
34155,1761558601294.0,0adab909-eb8f-4baf-9eed-7a4cc889cb7c,4C:96:8A:ED:6A:01,SPEN NA,-55,1761558591916
34156,1761558601603.0,0adab909-eb8f-4baf-9eed-7a4cc889cb7c,4C:96:8A:ED:6A:01,SPEN NA,-46,1761558591916
34157,1761558601918.0,0adab909-eb8f-4baf-9eed-7a4cc889cb7c,4C:96:8A:ED:6A:01,SPEN NA,-47,1761558591916
34158,1761558602215.0,0adab909-eb8f-4baf-9eed-7a4cc889cb7c,4C:96:8A:ED:6A:01,SPEN NA,-49,1761558591916
34159,1761558602865.0,0adab909-eb8f-4baf-9eed-7a4cc889cb7c,4C:96:8A:ED:6A:01,SPEN NA,-50,1761558591916
34160,1761558603188.0,0adab909-eb8f-4baf-9eed-7a4cc889cb7c,4C:96:8A:ED:6A:01,SPEN NA,127,1761558591916
34161,1761558603280.0,0adab909-eb8f-4baf-9eed-7a4cc889cb7c,4C:96:8A:ED:6A:01,SPEN NA,-57,1761558591916
34162,1761558603828.0,0adab909-eb8f-4baf-9eed-7a4cc889cb7c,4C:96:8A:ED:6A:01,SPEN NA,-46,1761558591916
34163,1761558604836.0,0adab909-eb8f-4baf-9eed-7a4cc889cb7c,4C:96:8A:ED:6A:01,SPEN NA,-47,1761558591916
34164,1761558604945.0,0adab909-eb8f-4baf-9eed-7a4cc889cb7c,51:41:80:6D:EE:84,,-88,1761558591916
34165,1761558604985.0,0adab909-eb8f-4baf-9eed-7a4cc889cb7c,CA:AD:C4:06:63:77,,-92,1761558591916
34166,1761558605905.0,0adab909-eb8f-4baf-9eed-7a4cc889cb7c,CC:63:47:36:53:56,,-90,1761558591916
34167,1761558606019.0,0adab909-eb8f-4baf-9eed-7a4cc889cb7c,43:18:46:EA:4A:44,,-83,1761558591916
34168,1761559252103.0,0adab909-eb8f-4baf-9eed-7a4cc889cb7c,72:40:46:46:EC:5D,,-91,1761559250727
34169,1761559252120.0,0adab909-eb8f-4baf-9eed-7a4cc889cb7c,40:A1:7C:02:19:47,,-88,1761559250727
34170,1761559852758.0,0adab909-eb8f-4baf-9eed-7a4cc889cb7c,7C:D3:04:B3:71:6C,,-90,1761559850707
34171,1761559854014.0,0adab909-eb8f-4baf-9eed-7a4cc889cb7c,72:40:46:46:EC:5D,,-91,1761559850707
34172,1761559854971.0,0adab909-eb8f-4baf-9eed-7a4cc889cb7c,47:B3:94:0E:BA:66,,-91,1761559850707
34173,1761559854989.0,0adab909-eb8f-4baf-9eed-7a4cc889cb7c,29:B9:BD:5F:59:15,,-89,1761559850707
34174,1761560450796.0,0adab909-eb8f-4baf-9eed-7a4cc889cb7c,7C:D3:04:B3:71:6C,,-90,1761560450727
34175,1761560452877.0,0adab909-eb8f-4baf-9eed-7a4cc889cb7c,72:40:46:46:EC:5D,,-92,1761560450727
34176,1761560460757.0,0adab909-eb8f-4baf-9eed-7a4cc889cb7c,6B:EC:0E:E3:73:3D,,-82,1761560450727
34177,1761560463786.0,0adab909-eb8f-4baf-9eed-7a4cc889cb7c,6B:EC:0E:E3:73:3D,,-81,1761560450727
34178,1761560464698.0,0adab909-eb8f-4baf-9eed-7a4cc889cb7c,72:40:46:46:EC:5D,,-90,1761560450727
34179,1761560464749.0,0adab909-eb8f-4baf-9eed-7a4cc889cb7c,D2:95:E0:02:1C:0A,,-90,1761560450727
34180,1761560464895.0,0adab909-eb8f-4baf-9eed-7a4cc889cb7c,C8:B3:28:26:88:DC,,-79,1761560450727
34181,1761560464952.0,0adab909-eb8f-4baf-9eed-7a4cc889cb7c,C1:E5:31:AB:E8:42,,-90,1761560450727
34182,1761560465431.0,0adab909-eb8f-4baf-9eed-7a4cc889cb7c,7C:D3:04:B3:71:6C,,-93,1761560450727
34183,1761561051811.0,0adab909-eb8f-4baf-9eed-7a4cc889cb7c,6B:EC:0E:E3:73:3D,,-84,1761561050749
34184,1761561052124.0,0adab909-eb8f-4baf-9eed-7a4cc889cb7c,6A:97:F9:4B:78:2B,,-88,1761561050749
34185,1761561053461.0,0adab909-eb8f-4baf-9eed-7a4cc889cb7c,54:7B:DA:CB:0F:46,,-88,1761561050749
34186,1761561063639.0,0adab909-eb8f-4baf-9eed-7a4cc889cb7c,54:7B:DA:CB:0F:46,,-84,1761561050749
34187,1761561064674.0,0adab909-eb8f-4baf-9eed-7a4cc889cb7c,DA:AE:BF:19:84:0B,,-89,1761561050749
34188,1761561065586.0,0adab909-eb8f-4baf-9eed-7a4cc889cb7c,6B:EC:0E:E3:73:3D,,-81,1761561050749
34189,1761561650845.0,0adab909-eb8f-4baf-9eed-7a4cc889cb7c,71:BC:6C:10:5F:42,,-88,1761561650756
34190,1761561650869.0,0adab909-eb8f-4baf-9eed-7a4cc889cb7c,4C:96:8A:ED:6A:01,SPEN NA,-51,1761561650756
34191,1761561651171.0,0adab909-eb8f-4baf-9eed-7a4cc889cb7c,4C:96:8A:ED:6A:01,SPEN NA,-54,1761561650756
34192,1761561651506.0,0adab909-eb8f-4baf-9eed-7a4cc889cb7c,4C:96:8A:ED:6A:01,SPEN NA,-59,1761561650756
34193,1761561652770.0,0adab909-eb8f-4baf-9eed-7a4cc889cb7c,4C:96:8A:ED:6A:01,SPEN NA,-53,1761561650756
34194,1761561653079.0,0adab909-eb8f-4baf-9eed-7a4cc889cb7c,4C:96:8A:ED:6A:01,SPEN NA,-54,1761561650756
34195,1761561653395.0,0adab909-eb8f-4baf-9eed-7a4cc889cb7c,4C:96:8A:ED:6A:01,SPEN NA,-58,1761561650756
34196,1761561654034.0,0adab909-eb8f-4baf-9eed-7a4cc889cb7c,4C:96:8A:ED:6A:01,SPEN NA,-54,1761561650756
34197,1761561654456.0,0adab909-eb8f-4baf-9eed-7a4cc889cb7c,4C:96:8A:ED:6A:01,SPEN NA,-59,1761561650756
34198,1761561654660.0,0adab909-eb8f-4baf-9eed-7a4cc889cb7c,4C:96:8A:ED:6A:01,SPEN NA,-49,1761561650756
34199,1761561655998.0,0adab909-eb8f-4baf-9eed-7a4cc889cb7c,61:12:86:A5:C8:C6,,-82,1761561650756
34200,1761561656019.0,0adab909-eb8f-4baf-9eed-7a4cc889cb7c,4C:96:8A:ED:6A:01,SPEN NA,-51,1761561650756
34201,1761561656337.0,0adab909-eb8f-4baf-9eed-7a4cc889cb7c,4C:96:8A:ED:6A:01,SPEN NA,-51,1761561650756
34202,1761561656653.0,0adab909-eb8f-4baf-9eed-7a4cc889cb7c,4C:96:8A:ED:6A:01,SPEN NA,-53,1761561650756
34203,1761561656962.0,0adab909-eb8f-4baf-9eed-7a4cc889cb7c,4C:96:8A:ED:6A:01,SPEN NA,-48,1761561650756
34204,1761561657587.0,0adab909-eb8f-4baf-9eed-7a4cc889cb7c,4C:96:8A:ED:6A:01,SPEN NA,-47,1761561650756
34205,1761561657909.0,0adab909-eb8f-4baf-9eed-7a4cc889cb7c,4C:96:8A:ED:6A:01,SPEN NA,-47,1761561650756
34206,1761561658221.0,0adab909-eb8f-4baf-9eed-7a4cc889cb7c,4C:96:8A:ED:6A:01,SPEN NA,-52,1761561650756
34207,1761561658542.0,0adab909-eb8f-4baf-9eed-7a4cc889cb7c,4C:96:8A:ED:6A:01,SPEN NA,-53,1761561650756
34208,1761561658849.0,0adab909-eb8f-4baf-9eed-7a4cc889cb7c,4C:96:8A:ED:6A:01,SPEN NA,-47,1761561650756
34209,1761561659180.0,0adab909-eb8f-4baf-9eed-7a4cc889cb7c,4C:96:8A:ED:6A:01,SPEN NA,-58,1761561650756
34210,1761561659265.0,0adab909-eb8f-4baf-9eed-7a4cc889cb7c,4C:96:8A:ED:6A:01,SPEN NA,-59,1761561650756
34211,1761561659464.0,0adab909-eb8f-4baf-9eed-7a4cc889cb7c,6A:97:F9:4B:78:2B,,-89,1761561650756
34212,1761561659482.0,0adab909-eb8f-4baf-9eed-7a4cc889cb7c,4C:96:8A:ED:6A:01,SPEN NA,-48,1761561650756
34213,1761561660120.0,0adab909-eb8f-4baf-9eed-7a4cc889cb7c,4C:96:8A:ED:6A:01,SPEN NA,-52,1761561650756
34214,1761561660756.0,0adab909-eb8f-4baf-9eed-7a4cc889cb7c,4C:96:8A:ED:6A:01,SPEN NA,-54,1761561650756
34215,1761561660840.0,0adab909-eb8f-4baf-9eed-7a4cc889cb7c,4C:96:8A:ED:6A:01,SPEN NA,-55,1761561650756
34216,1761561661398.0,0adab909-eb8f-4baf-9eed-7a4cc889cb7c,4C:96:8A:ED:6A:01,SPEN NA,-53,1761561650756
34217,1761561662015.0,0adab909-eb8f-4baf-9eed-7a4cc889cb7c,4C:96:8A:ED:6A:01,SPEN NA,-51,1761561650756
34218,1761561663648.0,0adab909-eb8f-4baf-9eed-7a4cc889cb7c,4C:96:8A:ED:6A:01,SPEN NA,-49,1761561650756
34219,1761561663676.0,0adab909-eb8f-4baf-9eed-7a4cc889cb7c,E3:87:24:3D:29:B2,,-90,1761561650756
34220,1761561664747.0,0adab909-eb8f-4baf-9eed-7a4cc889cb7c,61:12:86:A5:C8:C6,,-80,1761561650756
34221,1761561665698.0,0adab909-eb8f-4baf-9eed-7a4cc889cb7c,71:BC:6C:10:5F:42,,-84,1761561650756
34222,1761562250797.0,0adab909-eb8f-4baf-9eed-7a4cc889cb7c,61:12:86:A5:C8:C6,,-84,1761562250774
34223,1761562252107.0,0adab909-eb8f-4baf-9eed-7a4cc889cb7c,55:14:A3:84:37:B4,,-91,1761562250774
34224,1761562253424.0,0adab909-eb8f-4baf-9eed-7a4cc889cb7c,60:21:93:28:9D:D7,,-86,1761562250774
34225,1761562264892.0,0adab909-eb8f-4baf-9eed-7a4cc889cb7c,61:12:86:A5:C8:C6,,-88,1761562250774
34226,1761562851020.0,0adab909-eb8f-4baf-9eed-7a4cc889cb7c,4A:2C:A2:BA:D3:B4,,-89,1761562850912
34227,1761562851252.0,0adab909-eb8f-4baf-9eed-7a4cc889cb7c,75:69:3B:9C:E7:78,,-87,1761562850912
34228,1761562851648.0,0adab909-eb8f-4baf-9eed-7a4cc889cb7c,60:21:93:28:9D:D7,,-84,1761562850912
34229,1761562857692.0,0adab909-eb8f-4baf-9eed-7a4cc889cb7c,43:07:35:3C:50:72,,-87,1761562850912
34230,1761562863850.0,0adab909-eb8f-4baf-9eed-7a4cc889cb7c,55:14:A3:84:37:B4,,-88,1761562850912
34231,1761562863889.0,0adab909-eb8f-4baf-9eed-7a4cc889cb7c,75:69:3B:9C:E7:78,,-84,1761562850912
34232,1761562864824.0,0adab909-eb8f-4baf-9eed-7a4cc889cb7c,60:21:93:28:9D:D7,,-84,1761562850912
34233,1761562864990.0,0adab909-eb8f-4baf-9eed-7a4cc889cb7c,FC:E9:56:99:4C:01,,-89,1761562850912
34234,1761562865740.0,0adab909-eb8f-4baf-9eed-7a4cc889cb7c,4A:2C:A2:BA:D3:B4,,-90,1761562850912
34235,1761562865805.0,0adab909-eb8f-4baf-9eed-7a4cc889cb7c,C3:0E:3F:3D:3F:8F,,-93,1761562850912
34236,1761563450973.0,0adab909-eb8f-4baf-9eed-7a4cc889cb7c,45:3E:39:7A:50:C6,,-94,1761563450920
34237,1761563451028.0,0adab909-eb8f-4baf-9eed-7a4cc889cb7c,48:58:6C:34:EA:8C,,-83,1761563450920
34238,1761563452960.0,0adab909-eb8f-4baf-9eed-7a4cc889cb7c,75:69:3B:9C:E7:78,,-94,1761563450920
34239,1761564053509.0,0adab909-eb8f-4baf-9eed-7a4cc889cb7c,45:3E:39:7A:50:C6,,-93,1761564050873
34240,1761564054512.0,0adab909-eb8f-4baf-9eed-7a4cc889cb7c,70:CB:EB:01:64:86,,-90,1761564050873
34241,1761564058968.0,0adab909-eb8f-4baf-9eed-7a4cc889cb7c,55:C1:41:C0:4F:10,,-94,1761564050873
34242,1761564059036.0,0adab909-eb8f-4baf-9eed-7a4cc889cb7c,48:99:18:19:D0:32,,-91,1761564050873
34243,1761564063955.0,0adab909-eb8f-4baf-9eed-7a4cc889cb7c,45:3E:39:7A:50:C6,,-88,1761564050873
34244,1761564064108.0,0adab909-eb8f-4baf-9eed-7a4cc889cb7c,CC:8A:49:9F:AC:89,,-96,1761564050873
34245,1761564064252.0,0adab909-eb8f-4baf-9eed-7a4cc889cb7c,38:DF:BA:82:D8:90,,-88,1761564050873
34246,1761564064393.0,0adab909-eb8f-4baf-9eed-7a4cc889cb7c,48:CC:11:53:96:04,,-89,1761564050873
34247,1761564064415.0,0adab909-eb8f-4baf-9eed-7a4cc889cb7c,48:99:18:19:D0:32,,-86,1761564050873
34248,1761564654004.0,0adab909-eb8f-4baf-9eed-7a4cc889cb7c,59:F2:85:9D:36:B8,,-90,1761564650727
34249,1761564655946.0,0adab909-eb8f-4baf-9eed-7a4cc889cb7c,48:CC:11:53:96:04,,-89,1761564650727
34250,1761564655977.0,0adab909-eb8f-4baf-9eed-7a4cc889cb7c,70:CB:EB:01:64:86,,-91,1761564650727
34251,1761564663671.0,0adab909-eb8f-4baf-9eed-7a4cc889cb7c,70:CB:EB:01:64:86,,-88,1761564650727
34252,1761564663728.0,0adab909-eb8f-4baf-9eed-7a4cc889cb7c,48:CC:11:53:96:04,,-88,1761564650727
34253,1761564663797.0,0adab909-eb8f-4baf-9eed-7a4cc889cb7c,3E:19:56:BC:ED:30,,-84,1761564650727
34254,1761564663841.0,0adab909-eb8f-4baf-9eed-7a4cc889cb7c,FD:4A:AD:AB:C7:0E,,-90,1761564650727
34255,1761564663886.0,0adab909-eb8f-4baf-9eed-7a4cc889cb7c,C7:31:EF:6D:53:33,,127,1761564650727
34256,1761564664723.0,0adab909-eb8f-4baf-9eed-7a4cc889cb7c,F7:7B:A4:41:27:B4,,-93,1761564650727
34257,1761565225404.0,0adab909-eb8f-4baf-9eed-7a4cc889cb7c,59:F2:85:9D:36:B8,,-87,1761565225343
34258,1761565225426.0,0adab909-eb8f-4baf-9eed-7a4cc889cb7c,7E:3E:33:32:B5:DE,,-94,1761565225343
34259,1761565226718.0,0adab909-eb8f-4baf-9eed-7a4cc889cb7c,55:9E:F3:94:D6:3F,,-90,1761565225343
34260,1761565228066.0,0adab909-eb8f-4baf-9eed-7a4cc889cb7c,6E:3B:46:00:00:44,,-100,1761565225343
34261,1761565228634.0,0adab909-eb8f-4baf-9eed-7a4cc889cb7c,62:29:A8:9F:1B:5C,,-80,1761565225343
34262,1761565228860.0,0adab909-eb8f-4baf-9eed-7a4cc889cb7c,6E:3B:46:00:00:44,Car BT,-100,1761565225343
34263,1761565230677.0,0adab909-eb8f-4baf-9eed-7a4cc889cb7c,02:0D:70:69:BA:3D,,-100,1761565225343
34264,1761565244992.0,0adab909-eb8f-4baf-9eed-7a4cc889cb7c,3D:B2:22:45:8A:C9,,-85,1761565225343
34265,1761565246047.0,0adab909-eb8f-4baf-9eed-7a4cc889cb7c,7E:3E:33:32:B5:DE,,-84,1761565225343
34266,1761565246904.0,0adab909-eb8f-4baf-9eed-7a4cc889cb7c,C7:31:EF:6D:53:33,,-84,1761565225343
34267,1761565246994.0,0adab909-eb8f-4baf-9eed-7a4cc889cb7c,62:29:A8:9F:1B:5C,,-76,1761565225343
34268,1761565851521.0,0adab909-eb8f-4baf-9eed-7a4cc889cb7c,7B:C7:29:48:FC:17,,-85,1761565850789
34269,1761565857608.0,0adab909-eb8f-4baf-9eed-7a4cc889cb7c,59:F2:85:9D:36:B8,,-84,1761565850789
34270,1761565858923.0,0adab909-eb8f-4baf-9eed-7a4cc889cb7c,60:AC:26:6A:DB:05,,-88,1761565850789
34271,1761566485669.0,0adab909-eb8f-4baf-9eed-7a4cc889cb7c,64:6C:27:A3:53:F9,,-89,1761566484349
34272,1761566486327.0,0adab909-eb8f-4baf-9eed-7a4cc889cb7c,6B:33:91:B1:54:84,,-91,1761566484349
34273,1761566494702.0,0adab909-eb8f-4baf-9eed-7a4cc889cb7c,0F:58:89:51:B1:B5,,-87,1761566484349
34274,1761566495681.0,0adab909-eb8f-4baf-9eed-7a4cc889cb7c,79:0D:D8:FD:3D:0D,,-91,1761566484349
34275,1761567085715.0,0adab909-eb8f-4baf-9eed-7a4cc889cb7c,6F:F8:4F:2B:07:BE,,-88,1761567084860
34276,1761567095045.0,0adab909-eb8f-4baf-9eed-7a4cc889cb7c,53:E8:16:94:36:FB,,-93,1761567084860
34277,1761567096303.0,0adab909-eb8f-4baf-9eed-7a4cc889cb7c,5A:32:83:D9:04:5F,,-88,1761567084860
34278,1761567684455.0,0adab909-eb8f-4baf-9eed-7a4cc889cb7c,4C:96:8A:ED:6A:01,SPEN NA,127,1761567684328
34279,1761567684757.0,0adab909-eb8f-4baf-9eed-7a4cc889cb7c,59:4F:D8:B7:53:4C,,-90,1761567684328
34280,1761567685025.0,0adab909-eb8f-4baf-9eed-7a4cc889cb7c,4C:96:8A:ED:6A:01,SPEN NA,127,1761567684328
34281,1761567685674.0,0adab909-eb8f-4baf-9eed-7a4cc889cb7c,4C:96:8A:ED:6A:01,SPEN NA,-48,1761567684328
34282,1761567686712.0,0adab909-eb8f-4baf-9eed-7a4cc889cb7c,4C:96:8A:ED:6A:01,SPEN NA,-46,1761567684328
34283,1761567687030.0,0adab909-eb8f-4baf-9eed-7a4cc889cb7c,4C:96:8A:ED:6A:01,SPEN NA,-52,1761567684328
34284,1761567687332.0,0adab909-eb8f-4baf-9eed-7a4cc889cb7c,72:16:EC:E4:86:89,,-88,1761567684328
34285,1761567687348.0,0adab909-eb8f-4baf-9eed-7a4cc889cb7c,4C:96:8A:ED:6A:01,SPEN NA,-47,1761567684328
34286,1761567687637.0,0adab909-eb8f-4baf-9eed-7a4cc889cb7c,4C:96:8A:ED:6A:01,SPEN NA,-48,1761567684328
34287,1761567687975.0,0adab909-eb8f-4baf-9eed-7a4cc889cb7c,4C:96:8A:ED:6A:01,SPEN NA,-50,1761567684328
34288,1761567688278.0,0adab909-eb8f-4baf-9eed-7a4cc889cb7c,4C:96:8A:ED:6A:01,SPEN NA,-47,1761567684328
34289,1761567688598.0,0adab909-eb8f-4baf-9eed-7a4cc889cb7c,4C:96:8A:ED:6A:01,SPEN NA,-47,1761567684328
34290,1761567689232.0,0adab909-eb8f-4baf-9eed-7a4cc889cb7c,45:CB:B9:1D:07:44,,-82,1761567684328
34291,1761567689249.0,0adab909-eb8f-4baf-9eed-7a4cc889cb7c,4C:96:8A:ED:6A:01,SPEN NA,-47,1761567684328
34292,1761567689543.0,0adab909-eb8f-4baf-9eed-7a4cc889cb7c,4C:96:8A:ED:6A:01,SPEN NA,-48,1761567684328
34293,1761567689853.0,0adab909-eb8f-4baf-9eed-7a4cc889cb7c,4C:96:8A:ED:6A:01,SPEN NA,-53,1761567684328
34294,1761567690180.0,0adab909-eb8f-4baf-9eed-7a4cc889cb7c,6B:97:43:7E:7C:F6,,-90,1761567684328
34295,1761567690198.0,0adab909-eb8f-4baf-9eed-7a4cc889cb7c,4C:96:8A:ED:6A:01,SPEN NA,-48,1761567684328
34296,1761567690495.0,0adab909-eb8f-4baf-9eed-7a4cc889cb7c,4C:96:8A:ED:6A:01,SPEN NA,-48,1761567684328
34297,1761567690811.0,0adab909-eb8f-4baf-9eed-7a4cc889cb7c,4C:96:8A:ED:6A:01,SPEN NA,-52,1761567684328
34298,1761567691118.0,0adab909-eb8f-4baf-9eed-7a4cc889cb7c,4C:96:8A:ED:6A:01,SPEN NA,-47,1761567684328
34299,1761567692079.0,0adab909-eb8f-4baf-9eed-7a4cc889cb7c,4C:96:8A:ED:6A:01,SPEN NA,-47,1761567684328
34300,1761567692719.0,0adab909-eb8f-4baf-9eed-7a4cc889cb7c,4C:96:8A:ED:6A:01,SPEN NA,-52,1761567684328
34301,1761567694369.0,0adab909-eb8f-4baf-9eed-7a4cc889cb7c,4C:96:8A:ED:6A:01,SPEN NA,-47,1761567684328
34302,1761567695002.0,0adab909-eb8f-4baf-9eed-7a4cc889cb7c,4C:96:8A:ED:6A:01,SPEN NA,-48,1761567684328
34303,1761567695335.0,0adab909-eb8f-4baf-9eed-7a4cc889cb7c,4C:96:8A:ED:6A:01,SPEN NA,-48,1761567684328
34304,1761567695979.0,0adab909-eb8f-4baf-9eed-7a4cc889cb7c,4C:96:8A:ED:6A:01,SPEN NA,-47,1761567684328
34305,1761567696578.0,0adab909-eb8f-4baf-9eed-7a4cc889cb7c,4C:96:8A:ED:6A:01,SPEN NA,-51,1761567684328
34306,1761567696919.0,0adab909-eb8f-4baf-9eed-7a4cc889cb7c,4C:96:8A:ED:6A:01,SPEN NA,-46,1761567684328
34307,1761567697191.0,0adab909-eb8f-4baf-9eed-7a4cc889cb7c,4C:96:8A:ED:6A:01,SPEN NA,-47,1761567684328
34308,1761567697271.0,0adab909-eb8f-4baf-9eed-7a4cc889cb7c,3D:83:2A:4F:68:70,,-81,1761567684328
34309,1761567697307.0,0adab909-eb8f-4baf-9eed-7a4cc889cb7c,45:CB:B9:1D:07:44,,-90,1761567684328
34310,1761567697331.0,0adab909-eb8f-4baf-9eed-7a4cc889cb7c,D3:50:D4:D6:84:C2,,-89,1761567684328
34311,1761567698232.0,0adab909-eb8f-4baf-9eed-7a4cc889cb7c,59:4F:D8:B7:53:4C,,-89,1761567684328
34312,1761568310862.0,0adab909-eb8f-4baf-9eed-7a4cc889cb7c,79:0C:74:D7:15:F2,,-93,1761568310725
34313,1761568310899.0,0adab909-eb8f-4baf-9eed-7a4cc889cb7c,72:16:EC:E4:86:89,,-95,1761568310725
34314,1761568311771.0,0adab909-eb8f-4baf-9eed-7a4cc889cb7c,7D:D2:53:F5:84:52,,-87,1761568310725
34315,1761568314725.0,0adab909-eb8f-4baf-9eed-7a4cc889cb7c,43:89:34:E1:5D:C7,,-88,1761568310725
34316,1761568314975.0,0adab909-eb8f-4baf-9eed-7a4cc889cb7c,40:B5:8B:2C:C3:74,,-91,1761568310725
34317,1761568318152.0,0adab909-eb8f-4baf-9eed-7a4cc889cb7c,58:BA:44:42:E1:8D,,-91,1761568310725
34318,1761568911471.0,0adab909-eb8f-4baf-9eed-7a4cc889cb7c,4C:79:AC:80:23:88,,-91,1761568910717
34319,1761568912709.0,0adab909-eb8f-4baf-9eed-7a4cc889cb7c,79:0C:74:D7:15:F2,,-90,1761568910717
34320,1761568912765.0,0adab909-eb8f-4baf-9eed-7a4cc889cb7c,77:F5:FD:DF:0D:39,,-88,1761568910717
34321,1761568915309.0,0adab909-eb8f-4baf-9eed-7a4cc889cb7c,7D:D2:53:F5:84:52,,-82,1761568910717
34322,1761569510785.0,0adab909-eb8f-4baf-9eed-7a4cc889cb7c,4C:79:AC:80:23:88,,-91,1761569510706
34323,1761569512711.0,0adab909-eb8f-4baf-9eed-7a4cc889cb7c,70:92:7D:73:EC:EF,,-90,1761569510706
34324,1761569514353.0,0adab909-eb8f-4baf-9eed-7a4cc889cb7c,7D:D2:53:F5:84:52,,-90,1761569510706
34325,1761570111932.0,0adab909-eb8f-4baf-9eed-7a4cc889cb7c,5D:C2:B1:8A:9E:E3,,-88,1761570110945
34326,1761570111972.0,0adab909-eb8f-4baf-9eed-7a4cc889cb7c,11:98:CC:88:AB:41,,-90,1761570110945
34327,1761570112198.0,0adab909-eb8f-4baf-9eed-7a4cc889cb7c,10:C6:FC:C0:A3:31,,-95,1761570110945
34328,1761570113272.0,0adab909-eb8f-4baf-9eed-7a4cc889cb7c,55:B9:9F:60:5C:62,,-92,1761570110945
34329,1761570115844.0,0adab909-eb8f-4baf-9eed-7a4cc889cb7c,6A:A0:02:A1:A3:7A,,-91,1761570110945
34330,1761570117457.0,0adab909-eb8f-4baf-9eed-7a4cc889cb7c,65:77:63:38:E5:9D,,-87,1761570110945
34331,1761570121945.0,0adab909-eb8f-4baf-9eed-7a4cc889cb7c,5C:B3:03:B1:A8:3A,,-93,1761570110945
34332,1761570711645.0,0adab909-eb8f-4baf-9eed-7a4cc889cb7c,4D:11:72:81:15:43,,-91,1761570711283
34333,1761570712017.0,0adab909-eb8f-4baf-9eed-7a4cc889cb7c,5D:C2:B1:8A:9E:E3,,-94,1761570711283
34334,1761570712689.0,0adab909-eb8f-4baf-9eed-7a4cc889cb7c,65:77:63:38:E5:9D,,-87,1761570711283
34335,1761570714277.0,0adab909-eb8f-4baf-9eed-7a4cc889cb7c,22:76:D8:1F:FA:E9,,-91,1761570711283
34336,1761571241186.0,0adab909-eb8f-4baf-9eed-7a4cc889cb7c,60:C7:D4:A3:51:D0,,-86,1761571234695
34337,1761571242762.0,0adab909-eb8f-4baf-9eed-7a4cc889cb7c,5D:C2:B1:8A:9E:E3,,-86,1761571234695
34338,1761571829801.0,0adab909-eb8f-4baf-9eed-7a4cc889cb7c,6E:50:7B:72:0D:0F,,-86,1761571828645
34339,1761571829989.0,0adab909-eb8f-4baf-9eed-7a4cc889cb7c,77:0A:C2:E0:E5:71,,-87,1761571828645
34340,1761571830658.0,0adab909-eb8f-4baf-9eed-7a4cc889cb7c,60:C7:D4:A3:51:D0,,-86,1761571828645
34341,1761571841695.0,0adab909-eb8f-4baf-9eed-7a4cc889cb7c,77:0A:C2:E0:E5:71,,-84,1761571828645
34342,1761571842464.0,0adab909-eb8f-4baf-9eed-7a4cc889cb7c,60:C7:D4:A3:51:D0,,-90,1761571828645
34343,1761571842586.0,0adab909-eb8f-4baf-9eed-7a4cc889cb7c,6E:50:7B:72:0D:0F,,-89,1761571828645
34344,1761571843216.0,0adab909-eb8f-4baf-9eed-7a4cc889cb7c,E4:57:7D:5B:AC:73,,-83,1761571828645
34345,1761572338634.0,0adab909-eb8f-4baf-9eed-7a4cc889cb7c,77:0A:C2:E0:E5:71,,-84,1761572337325
34346,1761572339115.0,0adab909-eb8f-4baf-9eed-7a4cc889cb7c,7D:21:53:C8:FE:06,,-83,1761572337325
34347,1761572350757.0,0adab909-eb8f-4baf-9eed-7a4cc889cb7c,77:0A:C2:E0:E5:71,,-85,1761572337325
34348,1761572351228.0,0adab909-eb8f-4baf-9eed-7a4cc889cb7c,7D:21:53:C8:FE:06,,-82,1761572337325
34349,1761572351678.0,0adab909-eb8f-4baf-9eed-7a4cc889cb7c,F5:FC:AA:1B:D7:49,,-95,1761572337325
34350,1761572352142.0,0adab909-eb8f-4baf-9eed-7a4cc889cb7c,F4:FE:FB:45:44:C9,,-94,1761572337325
34351,1761572352179.0,0adab909-eb8f-4baf-9eed-7a4cc889cb7c,47:ED:EF:F5:91:1A,,-81,1761572337325
34352,1761572947057.0,0adab909-eb8f-4baf-9eed-7a4cc889cb7c,51:D6:E5:9E:09:DF,,-84,1761572940268
34353,1761572947078.0,0adab909-eb8f-4baf-9eed-7a4cc889cb7c,6D:2B:6D:40:09:25,,-92,1761572940268
34354,1761572955043.0,0adab909-eb8f-4baf-9eed-7a4cc889cb7c,51:D6:E5:9E:09:DF,,-84,1761572940268
34355,1761573548981.0,0adab909-eb8f-4baf-9eed-7a4cc889cb7c,D4:D7:CF:F0:B6:1E,realme 8i,-100,1761573548676
34356,1761573549362.0,0adab909-eb8f-4baf-9eed-7a4cc889cb7c,41:0D:E7:FD:34:75,,-91,1761573548676
34357,1761573550108.0,0adab909-eb8f-4baf-9eed-7a4cc889cb7c,6E:E0:16:F2:4D:18,,-91,1761573548676
34358,1761573550683.0,0adab909-eb8f-4baf-9eed-7a4cc889cb7c,51:D6:E5:9E:09:DF,,-80,1761573548676
34359,1761573551047.0,0adab909-eb8f-4baf-9eed-7a4cc889cb7c,6F:C4:9E:FC:09:32,,-92,1761573548676
34360,1761573551642.0,0adab909-eb8f-4baf-9eed-7a4cc889cb7c,5E:F8:BA:B1:F7:00,,-92,1761573548676
34361,1761573551699.0,0adab909-eb8f-4baf-9eed-7a4cc889cb7c,4E:B8:79:B6:4E:34,,-85,1761573548676
34362,1761573551986.0,0adab909-eb8f-4baf-9eed-7a4cc889cb7c,40:00:1C:51:40:88,,-94,1761573548676
34363,1761573553859.0,0adab909-eb8f-4baf-9eed-7a4cc889cb7c,4A:7A:4B:19:B2:3C,,-87,1761573548676
34364,1761573557081.0,0adab909-eb8f-4baf-9eed-7a4cc889cb7c,52:82:47:23:71:05,,-91,1761573548676
34365,1761573558388.0,0adab909-eb8f-4baf-9eed-7a4cc889cb7c,46:82:F0:BD:B1:79,,-80,1761573548676
34366,1761573558708.0,0adab909-eb8f-4baf-9eed-7a4cc889cb7c,56:50:76:31:DD:E5,,-82,1761573548676
34367,1761573558743.0,0adab909-eb8f-4baf-9eed-7a4cc889cb7c,32:9C:E3:BE:EA:00,,-93,1761573548676
34368,1761573559339.0,0adab909-eb8f-4baf-9eed-7a4cc889cb7c,5B:18:18:A0:5B:6E,,-93,1761573548676
34369,1761573559372.0,0adab909-eb8f-4baf-9eed-7a4cc889cb7c,6C:D5:59:1D:4D:AB,,-90,1761573548676
34370,1761573559658.0,0adab909-eb8f-4baf-9eed-7a4cc889cb7c,58:6A:1F:27:63:41,,-87,1761573548676
34371,1761573559691.0,0adab909-eb8f-4baf-9eed-7a4cc889cb7c,09:14:39:8A:63:F8,,-93,1761573548676
34372,1761573559966.0,0adab909-eb8f-4baf-9eed-7a4cc889cb7c,65:00:1B:6E:CD:09,,-92,1761573548676
34373,1761573560617.0,0adab909-eb8f-4baf-9eed-7a4cc889cb7c,64:E5:4A:80:E1:AB,,-91,1761573548676
34374,1761573560643.0,0adab909-eb8f-4baf-9eed-7a4cc889cb7c,7F:9F:78:C0:9D:2E,,-84,1761573548676
34375,1761573561881.0,0adab909-eb8f-4baf-9eed-7a4cc889cb7c,65:00:1B:6E:CD:09,,-91,1761573548676
34376,1761573562022.0,0adab909-eb8f-4baf-9eed-7a4cc889cb7c,E1:60:08:16:B4:A1,,-93,1761573548676
34377,1761573562051.0,0adab909-eb8f-4baf-9eed-7a4cc889cb7c,7A:43:00:5A:E6:6A,,-90,1761573548676
34378,1761573562078.0,0adab909-eb8f-4baf-9eed-7a4cc889cb7c,41:0D:E7:FD:34:75,,-88,1761573548676
34379,1761573562308.0,0adab909-eb8f-4baf-9eed-7a4cc889cb7c,45:E2:78:BC:5E:F9,,-89,1761573548676
34380,1761573562508.0,0adab909-eb8f-4baf-9eed-7a4cc889cb7c,51:D6:E5:9E:09:DF,,-82,1761573548676
34381,1761573562622.0,0adab909-eb8f-4baf-9eed-7a4cc889cb7c,E7:47:A9:0E:FA:BA,,-78,1761573548676
34382,1761573562656.0,0adab909-eb8f-4baf-9eed-7a4cc889cb7c,E5:F9:67:A2:37:20,,-90,1761573548676
34383,1761573562935.0,0adab909-eb8f-4baf-9eed-7a4cc889cb7c,7A:43:00:2B:17:6E,,-91,1761573548676
34384,1761573562967.0,0adab909-eb8f-4baf-9eed-7a4cc889cb7c,4E:B8:79:B6:4E:34,,-89,1761573548676
34385,1761573563095.0,0adab909-eb8f-4baf-9eed-7a4cc889cb7c,56:50:76:31:DD:E5,,-63,1761573548676
34386,1761573563527.0,0adab909-eb8f-4baf-9eed-7a4cc889cb7c,CF:A2:57:D9:51:CA,,-93,1761573548676
34387,1761573564426.0,0adab909-eb8f-4baf-9eed-7a4cc889cb7c,46:82:F0:BD:B1:79,,-86,1761573548676
34388,1761574315066.0,0adab909-eb8f-4baf-9eed-7a4cc889cb7c,64:04:33:E3:26:EA,Apple Pencil,-86,1761574312121
34389,1761574315392.0,0adab909-eb8f-4baf-9eed-7a4cc889cb7c,46:82:F0:BD:B1:79,,-86,1761574312121
34390,1761574315413.0,0adab909-eb8f-4baf-9eed-7a4cc889cb7c,60:EA:FB:1B:F4:48,,-83,1761574312121
34391,1761574320220.0,0adab909-eb8f-4baf-9eed-7a4cc889cb7c,01:E2:3D:C2:5C:9D,,-86,1761574312121
34392,1761574323148.0,0adab909-eb8f-4baf-9eed-7a4cc889cb7c,51:E7:CA:36:3D:15,,-93,1761574312121
34393,1761574710345.0,0adab909-eb8f-4baf-9eed-7a4cc889cb7c,61:C1:7F:9A:12:20,,-89,1761574707339
34394,1761574720223.0,0adab909-eb8f-4baf-9eed-7a4cc889cb7c,61:C1:7F:9A:12:20,,-89,1761574707339
34395,1761574721366.0,0adab909-eb8f-4baf-9eed-7a4cc889cb7c,F4:29:3F:76:AB:63,,-88,1761574707339
34396,1761574722616.0,0adab909-eb8f-4baf-9eed-7a4cc889cb7c,28:28:04:58:EA:44,,-90,1761574707339
34397,1761575511434.0,0adab909-eb8f-4baf-9eed-7a4cc889cb7c,4E:0F:FA:0F:E4:19,,-91,1761575511021
34398,1761575512436.0,0adab909-eb8f-4baf-9eed-7a4cc889cb7c,79:31:2C:00:05:14,,-87,1761575511021
34399,1761575512478.0,0adab909-eb8f-4baf-9eed-7a4cc889cb7c,69:04:87:21:50:1D,,-90,1761575511021
34400,1761575514036.0,0adab909-eb8f-4baf-9eed-7a4cc889cb7c,4C:96:8A:ED:6A:01,SPEN NA,-92,1761575511021
34401,1761575514974.0,0adab909-eb8f-4baf-9eed-7a4cc889cb7c,49:33:63:64:38:C8,,-81,1761575511021
34402,1761575524065.0,0adab909-eb8f-4baf-9eed-7a4cc889cb7c,4E:0F:FA:0F:E4:19,,-80,1761575511021
34403,1761575525120.0,0adab909-eb8f-4baf-9eed-7a4cc889cb7c,49:33:63:64:38:C8,,-81,1761575511021
34404,1761576111140.0,0adab909-eb8f-4baf-9eed-7a4cc889cb7c,5A:40:65:75:BA:22,,127,1761576111052
34405,1761576111182.0,0adab909-eb8f-4baf-9eed-7a4cc889cb7c,4E:0F:FA:0F:E4:19,,-87,1761576111052
34406,1761576111769.0,0adab909-eb8f-4baf-9eed-7a4cc889cb7c,42:2B:68:72:0B:2F,,-85,1761576111052
34407,1761576111853.0,0adab909-eb8f-4baf-9eed-7a4cc889cb7c,3E:8C:C7:92:BB:7F,,-92,1761576111052
34408,1761576111925.0,0adab909-eb8f-4baf-9eed-7a4cc889cb7c,5D:DD:6F:D5:9B:18,,-88,1761576111052
34409,1761576113777.0,0adab909-eb8f-4baf-9eed-7a4cc889cb7c,32:24:74:F9:AA:BA,,-92,1761576111052
34410,1761576115912.0,0adab909-eb8f-4baf-9eed-7a4cc889cb7c,7F:51:5F:CA:35:B1,,-93,1761576111052
34411,1761576117820.0,0adab909-eb8f-4baf-9eed-7a4cc889cb7c,66:BF:B8:28:28:31,,-87,1761576111052
34412,1761576119549.0,0adab909-eb8f-4baf-9eed-7a4cc889cb7c,77:6A:EA:46:DC:8C,,-92,1761576111052
34413,1761576124005.0,0adab909-eb8f-4baf-9eed-7a4cc889cb7c,5A:40:65:75:BA:22,,-87,1761576111052
34414,1761576124101.0,0adab909-eb8f-4baf-9eed-7a4cc889cb7c,66:BF:B8:28:28:31,,-87,1761576111052
34415,1761576124123.0,0adab909-eb8f-4baf-9eed-7a4cc889cb7c,42:2B:68:72:0B:2F,,-84,1761576111052
34416,1761576125060.0,0adab909-eb8f-4baf-9eed-7a4cc889cb7c,5D:DD:6F:D5:9B:18,,-81,1761576111052
34417,1761576125096.0,0adab909-eb8f-4baf-9eed-7a4cc889cb7c,0F:63:CB:B9:1E:25,,-93,1761576111052
34418,1761576126858.0,0adab909-eb8f-4baf-9eed-7a4cc889cb7c,E7:47:A9:0E:FA:BA,,-81,1761576111052
34419,1761576711113.0,0adab909-eb8f-4baf-9eed-7a4cc889cb7c,68:0B:31:9D:5E:97,,-83,1761576711039
34420,1761576711456.0,0adab909-eb8f-4baf-9eed-7a4cc889cb7c,59:F9:4C:41:77:DB,,-88,1761576711039
34421,1761576712433.0,0adab909-eb8f-4baf-9eed-7a4cc889cb7c,42:2B:68:72:0B:2F,,-77,1761576711039
34422,1761576724006.0,0adab909-eb8f-4baf-9eed-7a4cc889cb7c,42:2B:68:72:0B:2F,,-85,1761576711039
34423,1761576724060.0,0adab909-eb8f-4baf-9eed-7a4cc889cb7c,68:0B:31:9D:5E:97,,-91,1761576711039
34424,1761577311604.0,0adab909-eb8f-4baf-9eed-7a4cc889cb7c,69:58:C8:A4:CF:66,,-85,1761577311570
34425,1761577313803.0,0adab909-eb8f-4baf-9eed-7a4cc889cb7c,75:09:7A:B6:C2:1D,,-84,1761577311570
34426,1761577315138.0,0adab909-eb8f-4baf-9eed-7a4cc889cb7c,68:0B:31:9D:5E:97,,-84,1761577311570
34427,1761577315471.0,0adab909-eb8f-4baf-9eed-7a4cc889cb7c,5D:71:A2:D3:14:F0,,-91,1761577311570
34428,1761577320518.0,0adab909-eb8f-4baf-9eed-7a4cc889cb7c,B4:20:5B:BB:49:74,OPPO A94 5G,-99,1761577311570
34429,1761577320551.0,0adab909-eb8f-4baf-9eed-7a4cc889cb7c,79:2B:BF:D2:69:9E,,-92,1761577311570
34430,1761577320576.0,0adab909-eb8f-4baf-9eed-7a4cc889cb7c,65:B8:12:2A:0C:00,,-87,1761577311570
34431,1761577321194.0,0adab909-eb8f-4baf-9eed-7a4cc889cb7c,38:2A:D3:1D:61:DC,,-94,1761577311570
34432,1761577324499.0,0adab909-eb8f-4baf-9eed-7a4cc889cb7c,75:09:7A:B6:C2:1D,,-85,1761577311570
34433,1761577325561.0,0adab909-eb8f-4baf-9eed-7a4cc889cb7c,68:0B:31:9D:5E:97,,-87,1761577311570
34434,1761577326502.0,0adab909-eb8f-4baf-9eed-7a4cc889cb7c,09:36:27:41:65:2A,,-93,1761577311570
34435,1761577911946.0,0adab909-eb8f-4baf-9eed-7a4cc889cb7c,75:09:7A:B6:C2:1D,,-90,1761577911496
34436,1761577913527.0,0adab909-eb8f-4baf-9eed-7a4cc889cb7c,3C:E0:02:EF:11:BF,,-91,1761577911496
34437,1761577913812.0,0adab909-eb8f-4baf-9eed-7a4cc889cb7c,69:58:C8:A4:CF:66,,-85,1761577911496
34438,1761577916063.0,0adab909-eb8f-4baf-9eed-7a4cc889cb7c,7C:F1:93:C3:A8:4E,,-87,1761577911496
34439,1761577924394.0,0adab909-eb8f-4baf-9eed-7a4cc889cb7c,0F:A3:BD:E5:E3:F3,,-88,1761577911496
34440,1761577924549.0,0adab909-eb8f-4baf-9eed-7a4cc889cb7c,E7:47:A9:0E:FA:BA,,-86,1761577911496
34441,1761577925426.0,0adab909-eb8f-4baf-9eed-7a4cc889cb7c,75:09:7A:B6:C2:1D,,-86,1761577911496
34442,1761577925478.0,0adab909-eb8f-4baf-9eed-7a4cc889cb7c,3C:E0:02:EF:11:BF,,-93,1761577911496
34443,1761577926616.0,0adab909-eb8f-4baf-9eed-7a4cc889cb7c,69:58:C8:A4:CF:66,,-89,1761577911496
34444,1761578512579.0,0adab909-eb8f-4baf-9eed-7a4cc889cb7c,75:F7:6B:B4:70:51,,-85,1761578511472
34445,1761578513782.0,0adab909-eb8f-4baf-9eed-7a4cc889cb7c,48:CC:16:27:72:ED,,-92,1761578511472
34446,1761578515080.0,0adab909-eb8f-4baf-9eed-7a4cc889cb7c,E2:05:4A:01:26:4C,,-100,1761578511472
34447,1761578515953.0,0adab909-eb8f-4baf-9eed-7a4cc889cb7c,E2:05:4A:01:26:4C,F7 BT-264C,-100,1761578511472
34448,1761578524415.0,0adab909-eb8f-4baf-9eed-7a4cc889cb7c,75:F7:6B:B4:70:51,,-82,1761578511472
34449,1761578524448.0,0adab909-eb8f-4baf-9eed-7a4cc889cb7c,19:14:0D:6C:10:41,,-92,1761578511472
34450,1761578525449.0,0adab909-eb8f-4baf-9eed-7a4cc889cb7c,E8:37:88:3C:55:E4,,-85,1761578511472
34451,1761578952322.0,0adab909-eb8f-4baf-9eed-7a4cc889cb7c,48:74:12:2A:BC:27,OnePlus Nord2 5G,-95,1761578946237
34452,1761578952849.0,0adab909-eb8f-4baf-9eed-7a4cc889cb7c,84:70:51:1C:ED:35,CORSA,-100,1761578946237
34453,1761578954035.0,0adab909-eb8f-4baf-9eed-7a4cc889cb7c,24:AE:62:D9:3A:C0,,-90,1761578946237
34454,1761578960264.0,0adab909-eb8f-4baf-9eed-7a4cc889cb7c,4E:CE:09:6B:6C:8F,,-89,1761578946237
34455,1761579698893.0,0adab909-eb8f-4baf-9eed-7a4cc889cb7c,48:41:08:CE:34:D8,,-88,1761579696241
34456,1761579699304.0,0adab909-eb8f-4baf-9eed-7a4cc889cb7c,70:D0:07:D9:D6:E1,,-94,1761579696241
34457,1761580311716.0,0adab909-eb8f-4baf-9eed-7a4cc889cb7c,48:41:08:CE:34:D8,,-85,1761580310988
34458,1761580316856.0,0adab909-eb8f-4baf-9eed-7a4cc889cb7c,79:A7:85:AD:3F:83,,-81,1761580310988
34459,1761580324055.0,0adab909-eb8f-4baf-9eed-7a4cc889cb7c,48:41:08:CE:34:D8,,-86,1761580310988
34460,1761580325077.0,0adab909-eb8f-4baf-9eed-7a4cc889cb7c,D6:19:9B:8C:0C:53,,-97,1761580310988
34461,1761580708704.0,0adab909-eb8f-4baf-9eed-7a4cc889cb7c,4C:96:8A:ED:6A:01,SPEN NA,-49,1761580708671
34462,1761580709341.0,0adab909-eb8f-4baf-9eed-7a4cc889cb7c,4C:96:8A:ED:6A:01,SPEN NA,-53,1761580708671
34463,1761580709659.0,0adab909-eb8f-4baf-9eed-7a4cc889cb7c,48:41:08:CE:34:D8,,-91,1761580708671
34464,1761580709691.0,0adab909-eb8f-4baf-9eed-7a4cc889cb7c,4C:96:8A:ED:6A:01,SPEN NA,-45,1761580708671
34465,1761580710220.0,0adab909-eb8f-4baf-9eed-7a4cc889cb7c,E2:CF:4A:02:7A:B7,CAR-BT-7ab7,-100,1761580708671
34466,1761580710722.0,0adab909-eb8f-4baf-9eed-7a4cc889cb7c,4C:96:8A:ED:6A:01,SPEN NA,-45,1761580708671
34467,1761580711349.0,0adab909-eb8f-4baf-9eed-7a4cc889cb7c,4C:96:8A:ED:6A:01,SPEN NA,-48,1761580708671
34468,1761580711959.0,0adab909-eb8f-4baf-9eed-7a4cc889cb7c,4C:96:8A:ED:6A:01,SPEN NA,-46,1761580708671
34469,1761580712648.0,0adab909-eb8f-4baf-9eed-7a4cc889cb7c,67:18:42:B3:9A:4A,,-88,1761580708671
34470,1761580713766.0,0adab909-eb8f-4baf-9eed-7a4cc889cb7c,4C:96:8A:ED:6A:01,SPEN NA,-48,1761580708671
34471,1761580714080.0,0adab909-eb8f-4baf-9eed-7a4cc889cb7c,4C:96:8A:ED:6A:01,SPEN NA,-45,1761580708671
34472,1761580714179.0,0adab909-eb8f-4baf-9eed-7a4cc889cb7c,4C:96:8A:ED:6A:01,SPEN NA,-46,1761580708671
34473,1761580714281.0,0adab909-eb8f-4baf-9eed-7a4cc889cb7c,4C:96:8A:ED:6A:01,SPEN NA,-45,1761580708671
34474,1761580716078.0,0adab909-eb8f-4baf-9eed-7a4cc889cb7c,4C:96:8A:ED:6A:01,SPEN NA,-46,1761580708671
34475,1761580716183.0,0adab909-eb8f-4baf-9eed-7a4cc889cb7c,4C:96:8A:ED:6A:01,SPEN NA,-46,1761580708671
34476,1761580717976.0,0adab909-eb8f-4baf-9eed-7a4cc889cb7c,4C:96:8A:ED:6A:01,SPEN NA,-48,1761580708671
34477,1761580718056.0,0adab909-eb8f-4baf-9eed-7a4cc889cb7c,4C:96:8A:ED:6A:01,SPEN NA,-49,1761580708671
34478,1761580719862.0,0adab909-eb8f-4baf-9eed-7a4cc889cb7c,4C:96:8A:ED:6A:01,SPEN NA,-46,1761580708671
34479,1761580719966.0,0adab909-eb8f-4baf-9eed-7a4cc889cb7c,4C:96:8A:ED:6A:01,SPEN NA,-47,1761580708671
34480,1761580721578.0,0adab909-eb8f-4baf-9eed-7a4cc889cb7c,24:6F:25:6F:05:FE,,-91,1761580708671
34481,1761580721629.0,0adab909-eb8f-4baf-9eed-7a4cc889cb7c,4C:96:8A:ED:6A:01,SPEN NA,-45,1761580708671
34482,1761580721701.0,0adab909-eb8f-4baf-9eed-7a4cc889cb7c,67:18:42:B3:9A:4A,,-88,1761580708671
34483,1761580722678.0,0adab909-eb8f-4baf-9eed-7a4cc889cb7c,EF:AC:EB:1A:19:C5,,-84,1761580708671
34484,1761581511915.0,0adab909-eb8f-4baf-9eed-7a4cc889cb7c,33:D5:48:7B:0F:AB,,-91,1761581511143
34485,1761581517954.0,0adab909-eb8f-4baf-9eed-7a4cc889cb7c,70:31:BC:48:AB:C1,,-82,1761581511143
34486,1761581518575.0,0adab909-eb8f-4baf-9eed-7a4cc889cb7c,0B:5C:CB:A6:D1:BD,,-92,1761581511143
34487,1761582104808.0,0adab909-eb8f-4baf-9eed-7a4cc889cb7c,4A:6E:DA:77:F2:10,,-92,1761582102513
34488,1761582109640.0,0adab909-eb8f-4baf-9eed-7a4cc889cb7c,70:31:BC:48:AB:C1,,-89,1761582102513
34489,1761582711739.0,0adab909-eb8f-4baf-9eed-7a4cc889cb7c,55:83:C9:92:61:0B,EDIFIER BLE,-89,1761582711306
34490,1761582712987.0,0adab909-eb8f-4baf-9eed-7a4cc889cb7c,18:9A:86:91:4A:44,,-91,1761582711306
34491,1761582715279.0,0adab909-eb8f-4baf-9eed-7a4cc889cb7c,02:F5:BC:3F:C7:73,,-90,1761582711306
34492,1761582716861.0,0adab909-eb8f-4baf-9eed-7a4cc889cb7c,4A:6E:DA:77:F2:10,,-88,1761582711306
34493,1761582720707.0,0adab909-eb8f-4baf-9eed-7a4cc889cb7c,45:E9:39:84:85:0C,,-84,1761582711306
34494,1761582722094.0,0adab909-eb8f-4baf-9eed-7a4cc889cb7c,E8:32:8C:5D:17:D6,,-100,1761582711306
34495,1761582723744.0,0adab909-eb8f-4baf-9eed-7a4cc889cb7c,E8:32:8C:5D:17:D6,A20 PRO,-100,1761582711306
34496,1761583313011.0,0adab909-eb8f-4baf-9eed-7a4cc889cb7c,5B:63:18:FA:FA:EE,,-90,1761583311315
34497,1761583318128.0,0adab909-eb8f-4baf-9eed-7a4cc889cb7c,54:DC:41:91:6A:5D,,-92,1761583311315
34498,1761583320431.0,0adab909-eb8f-4baf-9eed-7a4cc889cb7c,6C:54:75:E2:6D:81,,-81,1761583311315
34499,1761583911349.0,0adab909-eb8f-4baf-9eed-7a4cc889cb7c,78:92:20:59:8F:2F,,-88,1761583911317
34500,1761584514310.0,0adab909-eb8f-4baf-9eed-7a4cc889cb7c,55:3A:2C:54:CA:E8,,-92,1761584511039
34501,1761584916051.0,0adab909-eb8f-4baf-9eed-7a4cc889cb7c,52:B5:38:DC:00:F1,,-87,1761584916035
34502,1761584918970.0,0adab909-eb8f-4baf-9eed-7a4cc889cb7c,74:EC:DE:50:B3:FB,,-90,1761584916035
34503,1761584920263.0,0adab909-eb8f-4baf-9eed-7a4cc889cb7c,75:A0:CA:BF:F4:B8,,-81,1761584916035
34504,1761584922832.0,0adab909-eb8f-4baf-9eed-7a4cc889cb7c,7B:06:4F:64:98:6E,,-90,1761584916035
34505,1761584930016.0,0adab909-eb8f-4baf-9eed-7a4cc889cb7c,52:B5:38:DC:00:F1,,-88,1761584916035
34506,1761584930786.0,0adab909-eb8f-4baf-9eed-7a4cc889cb7c,7B:06:4F:64:98:6E,,-89,1761584916035
34507,1761584930888.0,0adab909-eb8f-4baf-9eed-7a4cc889cb7c,69:70:89:2D:0C:74,,-91,1761584916035
34508,1761585711123.0,0adab909-eb8f-4baf-9eed-7a4cc889cb7c,55:0A:55:EF:4C:91,,-90,1761585711035
34509,1761585712695.0,0adab909-eb8f-4baf-9eed-7a4cc889cb7c,74:EC:DE:50:B3:FB,,-91,1761585711035
34510,1761585724032.0,0adab909-eb8f-4baf-9eed-7a4cc889cb7c,0D:64:A5:80:31:C7,,-81,1761585711035
34511,1761586312400.0,0adab909-eb8f-4baf-9eed-7a4cc889cb7c,60:F8:C8:D5:15:AC,,-90,1761586311003
34512,1761586913339.0,0adab909-eb8f-4baf-9eed-7a4cc889cb7c,60:F8:C8:D5:15:AC,,-87,1761586910975
34513,1761586913586.0,0adab909-eb8f-4baf-9eed-7a4cc889cb7c,61:CE:DA:57:53:FB,,-85,1761586910975
34514,1761586923356.0,0adab909-eb8f-4baf-9eed-7a4cc889cb7c,31:18:CC:65:B5:41,,-84,1761586910975
34515,1761587318722.0,0adab909-eb8f-4baf-9eed-7a4cc889cb7c,7C:E3:94:E0:F6:8B,,-86,1761587317360
34516,1761587319107.0,0adab909-eb8f-4baf-9eed-7a4cc889cb7c,61:CE:DA:57:53:FB,,-90,1761587317360
34517,1761588118523.0,0adab909-eb8f-4baf-9eed-7a4cc889cb7c,40:D6:1D:59:38:93,,-90,1761588111631
34518,1761588566328.0,0adab909-eb8f-4baf-9eed-7a4cc889cb7c,72:86:7B:6E:53:E1,,-91,1761588563382
34519,1761589243766.0,0adab909-eb8f-4baf-9eed-7a4cc889cb7c,70:96:CD:BE:49:E8,,-94,1761589232836
34520,1761589720429.0,0adab909-eb8f-4baf-9eed-7a4cc889cb7c,7A:B4:41:68:BB:86,,-89,1761589718066
34521,1761589720719.0,0adab909-eb8f-4baf-9eed-7a4cc889cb7c,54:43:8C:7C:01:79,,-81,1761589718066
34522,1761589721049.0,0adab909-eb8f-4baf-9eed-7a4cc889cb7c,C3:F5:7F:8B:F1:7D,Hue Lamp,-82,1761589718066
34523,1761590950851.0,0adab909-eb8f-4baf-9eed-7a4cc889cb7c,7A:0D:98:8F:FD:43,,-90,1761590940799
34524,1761591544546.0,0adab909-eb8f-4baf-9eed-7a4cc889cb7c,7A:0D:98:8F:FD:43,,-87,1761591544478
34525,1761591544565.0,0adab909-eb8f-4baf-9eed-7a4cc889cb7c,4C:96:8A:ED:6A:01,SPEN NA,-45,1761591544478
34526,1761591544878.0,0adab909-eb8f-4baf-9eed-7a4cc889cb7c,4C:96:8A:ED:6A:01,SPEN NA,-47,1761591544478
34527,1761591545202.0,0adab909-eb8f-4baf-9eed-7a4cc889cb7c,4C:96:8A:ED:6A:01,SPEN NA,-51,1761591544478
34528,1761591545226.0,0adab909-eb8f-4baf-9eed-7a4cc889cb7c,4B:60:A0:66:EE:DE,,-86,1761591544478
34529,1761591545524.0,0adab909-eb8f-4baf-9eed-7a4cc889cb7c,4C:96:8A:ED:6A:01,SPEN NA,-45,1761591544478
34530,1761591545836.0,0adab909-eb8f-4baf-9eed-7a4cc889cb7c,4C:96:8A:ED:6A:01,SPEN NA,-46,1761591544478
34531,1761591546174.0,0adab909-eb8f-4baf-9eed-7a4cc889cb7c,4C:96:8A:ED:6A:01,SPEN NA,-51,1761591544478
34532,1761591546797.0,0adab909-eb8f-4baf-9eed-7a4cc889cb7c,4C:96:8A:ED:6A:01,SPEN NA,-47,1761591544478
34533,1761591547114.0,0adab909-eb8f-4baf-9eed-7a4cc889cb7c,4C:96:8A:ED:6A:01,SPEN NA,-50,1761591544478
34534,1761591547839.0,0adab909-eb8f-4baf-9eed-7a4cc889cb7c,4C:96:8A:ED:6A:01,SPEN NA,-46,1761591544478
34535,1761591548156.0,0adab909-eb8f-4baf-9eed-7a4cc889cb7c,4C:96:8A:ED:6A:01,SPEN NA,-51,1761591544478
34536,1761591549075.0,0adab909-eb8f-4baf-9eed-7a4cc889cb7c,76:A2:91:60:EE:C5,,-89,1761591544478
34537,1761591550056.0,0adab909-eb8f-4baf-9eed-7a4cc889cb7c,4C:96:8A:ED:6A:01,SPEN NA,-51,1761591544478
34538,1761591550372.0,0adab909-eb8f-4baf-9eed-7a4cc889cb7c,4C:96:8A:ED:6A:01,SPEN NA,-46,1761591544478
34539,1761591550687.0,0adab909-eb8f-4baf-9eed-7a4cc889cb7c,4C:96:8A:ED:6A:01,SPEN NA,-46,1761591544478
34540,1761591551307.0,0adab909-eb8f-4baf-9eed-7a4cc889cb7c,4C:96:8A:ED:6A:01,SPEN NA,-47,1761591544478
34541,1761591551610.0,0adab909-eb8f-4baf-9eed-7a4cc889cb7c,4C:96:8A:ED:6A:01,SPEN NA,-46,1761591544478
34542,1761591552257.0,0adab909-eb8f-4baf-9eed-7a4cc889cb7c,4C:96:8A:ED:6A:01,SPEN NA,-47,1761591544478
34543,1761591552579.0,0adab909-eb8f-4baf-9eed-7a4cc889cb7c,4C:96:8A:ED:6A:01,SPEN NA,-46,1761591544478
34544,1761591553200.0,0adab909-eb8f-4baf-9eed-7a4cc889cb7c,4C:96:8A:ED:6A:01,SPEN NA,-46,1761591544478
34545,1761591553516.0,0adab909-eb8f-4baf-9eed-7a4cc889cb7c,4C:96:8A:ED:6A:01,SPEN NA,-47,1761591544478
34546,1761591554455.0,0adab909-eb8f-4baf-9eed-7a4cc889cb7c,4C:96:8A:ED:6A:01,SPEN NA,-46,1761591544478
34547,1761591557086.0,0adab909-eb8f-4baf-9eed-7a4cc889cb7c,4C:96:8A:ED:6A:01,SPEN NA,-45,1761591544478
34548,1761592272099.0,0adab909-eb8f-4baf-9eed-7a4cc889cb7c,6A:02:2A:51:60:3E,,-85,1761592269765
34549,1761592272133.0,0adab909-eb8f-4baf-9eed-7a4cc889cb7c,4B:60:A0:66:EE:DE,,-81,1761592269765
34550,1761592273373.0,0adab909-eb8f-4baf-9eed-7a4cc889cb7c,59:FE:58:2E:E6:DE,,-92,1761592269765
34551,1761592870845.0,0adab909-eb8f-4baf-9eed-7a4cc889cb7c,71:FB:4F:CF:36:8D,,-88,1761592869820
34552,1761592871149.0,0adab909-eb8f-4baf-9eed-7a4cc889cb7c,4B:60:A0:66:EE:DE,,-90,1761592869820
34553,1761592879483.0,0adab909-eb8f-4baf-9eed-7a4cc889cb7c,59:FE:58:2E:E6:DE,,-89,1761592869820
34554,1761592882742.0,0adab909-eb8f-4baf-9eed-7a4cc889cb7c,59:FE:58:2E:E6:DE,,-88,1761592869820
34555,1761592883861.0,0adab909-eb8f-4baf-9eed-7a4cc889cb7c,35:A7:7F:5D:8B:7C,,-90,1761592869820
34556,1761593359801.0,0adab909-eb8f-4baf-9eed-7a4cc889cb7c,64:83:C2:AF:DC:08,,-93,1761593359340
34557,1761593360725.0,0adab909-eb8f-4baf-9eed-7a4cc889cb7c,71:FB:4F:CF:36:8D,,-84,1761593359340
34558,1761593361398.0,0adab909-eb8f-4baf-9eed-7a4cc889cb7c,67:78:88:49:0A:6E,,-84,1761593359340
34559,1761593372286.0,0adab909-eb8f-4baf-9eed-7a4cc889cb7c,71:FB:4F:CF:36:8D,,-88,1761593359340
34560,1761593372328.0,0adab909-eb8f-4baf-9eed-7a4cc889cb7c,25:0A:B6:7B:47:9B,,-77,1761593359340
34561,1761593374328.0,0adab909-eb8f-4baf-9eed-7a4cc889cb7c,67:78:88:49:0A:6E,,-87,1761593359340
34562,1761594052160.0,0adab909-eb8f-4baf-9eed-7a4cc889cb7c,64:83:C2:AF:DC:08,,-89,1761594051692
34563,1761594052750.0,0adab909-eb8f-4baf-9eed-7a4cc889cb7c,67:78:88:49:0A:6E,,-87,1761594051692
34564,1761594054667.0,0adab909-eb8f-4baf-9eed-7a4cc889cb7c,6A:B7:A2:D0:91:03,,-87,1761594051692
34565,1761594653406.0,0adab909-eb8f-4baf-9eed-7a4cc889cb7c,67:78:88:49:0A:6E,,-86,1761594651692
34566,1761594653671.0,0adab909-eb8f-4baf-9eed-7a4cc889cb7c,64:83:C2:AF:DC:08,,-85,1761594651692
34567,1761594655060.0,0adab909-eb8f-4baf-9eed-7a4cc889cb7c,7E:5F:3A:C0:60:D6,,-73,1761594651692
34568,1761595251317.0,0adab909-eb8f-4baf-9eed-7a4cc889cb7c,7E:5F:3A:C0:60:D6,,-74,1761595251202
34569,1761595256149.0,0adab909-eb8f-4baf-9eed-7a4cc889cb7c,4A:B1:D6:65:3D:6A,,-82,1761595251202
34570,1761595260937.0,0adab909-eb8f-4baf-9eed-7a4cc889cb7c,67:78:88:49:0A:6E,,-87,1761595251202
34571,1761595851299.0,0adab909-eb8f-4baf-9eed-7a4cc889cb7c,60:E3:3E:E8:51:CC,,-83,1761595851178
34572,1761595852851.0,0adab909-eb8f-4baf-9eed-7a4cc889cb7c,42:EE:15:B6:CE:71,,-87,1761595851178
34573,1761595854189.0,0adab909-eb8f-4baf-9eed-7a4cc889cb7c,4A:B1:D6:65:3D:6A,,-80,1761595851178
34574,1761596451484.0,0adab909-eb8f-4baf-9eed-7a4cc889cb7c,60:E3:3E:E8:51:CC,,-85,1761596451259
34575,1761596452247.0,0adab909-eb8f-4baf-9eed-7a4cc889cb7c,4A:B1:D6:65:3D:6A,,-90,1761596451259
34576,1761596453270.0,0adab909-eb8f-4baf-9eed-7a4cc889cb7c,42:EE:15:B6:CE:71,,-82,1761596451259
34577,1761596457446.0,0adab909-eb8f-4baf-9eed-7a4cc889cb7c,0E:A6:FE:07:11:F3,,-90,1761596451259
34578,1761596464219.0,0adab909-eb8f-4baf-9eed-7a4cc889cb7c,42:EE:15:B6:CE:71,,-82,1761596451259
34579,1761596464259.0,0adab909-eb8f-4baf-9eed-7a4cc889cb7c,60:E3:3E:E8:51:CC,,-80,1761596451259
34580,1761596465184.0,0adab909-eb8f-4baf-9eed-7a4cc889cb7c,2D:A5:F6:13:2A:55,,-80,1761596451259
34581,1761597051742.0,0adab909-eb8f-4baf-9eed-7a4cc889cb7c,66:CE:26:F6:5F:BA,,-83,1761597051599
34582,1761597051993.0,0adab909-eb8f-4baf-9eed-7a4cc889cb7c,42:EE:15:B6:CE:71,,-91,1761597051599
34583,1761597052020.0,0adab909-eb8f-4baf-9eed-7a4cc889cb7c,68:50:BB:DE:B0:E8,,-87,1761597051599
34584,1761597064657.0,0adab909-eb8f-4baf-9eed-7a4cc889cb7c,42:EE:15:B6:CE:71,,-83,1761597051599
34585,1761597064688.0,0adab909-eb8f-4baf-9eed-7a4cc889cb7c,C8:50:D8:76:83:2F,,-78,1761597051599
34586,1761597065657.0,0adab909-eb8f-4baf-9eed-7a4cc889cb7c,DB:50:66:C0:D0:44,,-85,1761597051599
34587,1761597065690.0,0adab909-eb8f-4baf-9eed-7a4cc889cb7c,2B:57:3E:D3:22:F9,,-78,1761597051599
34588,1761597652365.0,0adab909-eb8f-4baf-9eed-7a4cc889cb7c,66:CE:26:F6:5F:BA,,-81,1761597651648
34589,1761597654910.0,0adab909-eb8f-4baf-9eed-7a4cc889cb7c,4D:05:0F:E4:9B:FF,,-92,1761597651648
34590,1761597655496.0,0adab909-eb8f-4baf-9eed-7a4cc889cb7c,68:50:BB:DE:B0:E8,,-82,1761597651648
34591,1761597656806.0,0adab909-eb8f-4baf-9eed-7a4cc889cb7c,5C:65:20:C3:8C:E7,,-92,1761597651648
34592,1761597664503.0,0adab909-eb8f-4baf-9eed-7a4cc889cb7c,66:CE:26:F6:5F:BA,,-76,1761597651648
34593,1761597664531.0,0adab909-eb8f-4baf-9eed-7a4cc889cb7c,22:46:E3:BE:D9:26,,-75,1761597651648
34594,1761597665609.0,0adab909-eb8f-4baf-9eed-7a4cc889cb7c,5C:65:20:C3:8C:E7,,-94,1761597651648
34595,1761597665665.0,0adab909-eb8f-4baf-9eed-7a4cc889cb7c,68:50:BB:DE:B0:E8,,-77,1761597651648
34596,1761598145266.0,0adab909-eb8f-4baf-9eed-7a4cc889cb7c,68:50:BB:DE:B0:E8,,-79,1761598145251
34597,1761598145952.0,0adab909-eb8f-4baf-9eed-7a4cc889cb7c,66:6B:EB:EE:0F:E4,,-82,1761598145251
34598,1761598146950.0,0adab909-eb8f-4baf-9eed-7a4cc889cb7c,5C:65:20:C3:8C:E7,,-82,1761598145251
34599,1761598158200.0,0adab909-eb8f-4baf-9eed-7a4cc889cb7c,68:50:BB:DE:B0:E8,,-81,1761598145251
34600,1761598159223.0,0adab909-eb8f-4baf-9eed-7a4cc889cb7c,66:6B:EB:EE:0F:E4,,-82,1761598145251
34601,1761598159285.0,0adab909-eb8f-4baf-9eed-7a4cc889cb7c,32:43:61:A7:18:AD,,-81,1761598145251
34602,1761598722458.0,0adab909-eb8f-4baf-9eed-7a4cc889cb7c,43:A7:4C:BB:C9:71,,-93,1761598722109
34603,1761598723133.0,0adab909-eb8f-4baf-9eed-7a4cc889cb7c,41:94:D3:36:5B:11,,-83,1761598722109
34604,1761598723181.0,0adab909-eb8f-4baf-9eed-7a4cc889cb7c,66:6B:EB:EE:0F:E4,,-90,1761598722109
34605,1761598733736.0,0adab909-eb8f-4baf-9eed-7a4cc889cb7c,5A:9C:4F:DC:F4:3B,,-94,1761598722109
34606,1761598735080.0,0adab909-eb8f-4baf-9eed-7a4cc889cb7c,05:74:71:B7:12:82,,-94,1761598722109
34607,1761598735922.0,0adab909-eb8f-4baf-9eed-7a4cc889cb7c,43:A7:4C:BB:C9:71,,-91,1761598722109
34608,1761598736050.0,0adab909-eb8f-4baf-9eed-7a4cc889cb7c,74:E4:AF:1E:19:03,,-89,1761598722109
34609,1761599451780.0,0adab909-eb8f-4baf-9eed-7a4cc889cb7c,43:A7:4C:BB:C9:71,,-92,1761599451677
34610,1761599454946.0,0adab909-eb8f-4baf-9eed-7a4cc889cb7c,45:BF:A4:D5:0B:81,,-80,1761599451677
34611,1761599455624.0,0adab909-eb8f-4baf-9eed-7a4cc889cb7c,6C:FB:AE:BF:47:5C,,-92,1761599451677
34612,1761599464824.0,0adab909-eb8f-4baf-9eed-7a4cc889cb7c,D9:35:E7:CA:4C:F7,,-79,1761599451677
34613,1761600051779.0,0adab909-eb8f-4baf-9eed-7a4cc889cb7c,45:BF:A4:D5:0B:81,,-92,1761600051709
34614,1761600051835.0,0adab909-eb8f-4baf-9eed-7a4cc889cb7c,6C:FB:AE:BF:47:5C,,-93,1761600051709
34615,1761600054624.0,0adab909-eb8f-4baf-9eed-7a4cc889cb7c,67:16:62:CC:7F:29,,-90,1761600051709
34616,1761600055262.0,0adab909-eb8f-4baf-9eed-7a4cc889cb7c,43:A7:4C:BB:C9:71,,-85,1761600051709
34617,1761600065586.0,0adab909-eb8f-4baf-9eed-7a4cc889cb7c,17:9A:A3:C7:5E:D8,,-87,1761600051709
34618,1761600065719.0,0adab909-eb8f-4baf-9eed-7a4cc889cb7c,43:A7:4C:BB:C9:71,,-90,1761600051709
34619,1761600526760.0,0adab909-eb8f-4baf-9eed-7a4cc889cb7c,59:BA:A7:82:E9:C8,,-84,1761600526730
34620,1761600526794.0,0adab909-eb8f-4baf-9eed-7a4cc889cb7c,45:BF:A4:D5:0B:81,,-80,1761600526730
34621,1761600539694.0,0adab909-eb8f-4baf-9eed-7a4cc889cb7c,45:BF:A4:D5:0B:81,,-82,1761600526730
34622,1761600541640.0,0adab909-eb8f-4baf-9eed-7a4cc889cb7c,59:BA:A7:82:E9:C8,,-89,1761600526730
34623,1761601099478.0,0adab909-eb8f-4baf-9eed-7a4cc889cb7c,78:8E:16:B5:A3:FE,,-89,1761601097857
34624,1761601099542.0,0adab909-eb8f-4baf-9eed-7a4cc889cb7c,73:8D:DB:4F:98:30,,-90,1761601097857
34625,1761601099837.0,0adab909-eb8f-4baf-9eed-7a4cc889cb7c,43:22:1C:41:9E:02,,-80,1761601097857
34626,1761601102104.0,0adab909-eb8f-4baf-9eed-7a4cc889cb7c,59:BA:A7:82:E9:C8,,-91,1761601097857
34627,1761601111781.0,0adab909-eb8f-4baf-9eed-7a4cc889cb7c,0B:0F:C8:62:F0:F6,,-85,1761601097857
34628,1761601112783.0,0adab909-eb8f-4baf-9eed-7a4cc889cb7c,59:BA:A7:82:E9:C8,,-82,1761601097857
34629,1761601852027.0,0adab909-eb8f-4baf-9eed-7a4cc889cb7c,43:22:1C:41:9E:02,,-85,1761601851605
34630,1761601852327.0,0adab909-eb8f-4baf-9eed-7a4cc889cb7c,59:BA:A7:82:E9:C8,,-87,1761601851605
34631,1761601852952.0,0adab909-eb8f-4baf-9eed-7a4cc889cb7c,73:8D:DB:4F:98:30,,-92,1761601851605
34632,1761601856876.0,0adab909-eb8f-4baf-9eed-7a4cc889cb7c,80:6F:B0:21:57:D1,S31ed294fb43b9b0aC,-88,1761601851605
34633,1761601865502.0,0adab909-eb8f-4baf-9eed-7a4cc889cb7c,CF:D1:6C:4B:18:80,,-92,1761601851605
34634,1761601866665.0,0adab909-eb8f-4baf-9eed-7a4cc889cb7c,59:BA:A7:82:E9:C8,,-80,1761601851605
34635,1761602748297.0,0adab909-eb8f-4baf-9eed-7a4cc889cb7c,41:97:4F:83:90:6E,,-78,1761602747232
34636,1761602748930.0,0adab909-eb8f-4baf-9eed-7a4cc889cb7c,51:1F:B4:99:13:48,,-84,1761602747232
34637,1761602750241.0,0adab909-eb8f-4baf-9eed-7a4cc889cb7c,5B:BF:31:BE:37:02,,-92,1761602747232
34638,1761602760192.0,0adab909-eb8f-4baf-9eed-7a4cc889cb7c,29:24:6C:A0:18:A4,,-83,1761602747232
34639,1761602761207.0,0adab909-eb8f-4baf-9eed-7a4cc889cb7c,41:97:4F:83:90:6E,,-77,1761602747232
34640,1761602761246.0,0adab909-eb8f-4baf-9eed-7a4cc889cb7c,5B:BF:31:BE:37:02,,-88,1761602747232
34641,1761602761275.0,0adab909-eb8f-4baf-9eed-7a4cc889cb7c,3F:EF:02:23:EB:4D,,-92,1761602747232
34642,1761603052538.0,0adab909-eb8f-4baf-9eed-7a4cc889cb7c,5B:BF:31:BE:37:02,,-85,1761603051826
34643,1761603052577.0,0adab909-eb8f-4baf-9eed-7a4cc889cb7c,41:97:4F:83:90:6E,,-88,1761603051826
34644,1761603054431.0,0adab909-eb8f-4baf-9eed-7a4cc889cb7c,51:1F:B4:99:13:48,,-79,1761603051826
34645,1761603055415.0,0adab909-eb8f-4baf-9eed-7a4cc889cb7c,7A:EF:9B:0C:66:D7,,-89,1761603051826
34646,1761603064661.0,0adab909-eb8f-4baf-9eed-7a4cc889cb7c,29:24:6C:A0:18:A4,,-82,1761603051826
34647,1761603064697.0,0adab909-eb8f-4baf-9eed-7a4cc889cb7c,41:97:4F:83:90:6E,,-77,1761603051826
34648,1761603064887.0,0adab909-eb8f-4baf-9eed-7a4cc889cb7c,51:1F:B4:99:13:48,,-86,1761603051826
34649,1761603065678.0,0adab909-eb8f-4baf-9eed-7a4cc889cb7c,C0:D4:B6:7A:91:CA,,-88,1761603051826
34650,1761603065711.0,0adab909-eb8f-4baf-9eed-7a4cc889cb7c,5B:BF:31:BE:37:02,,-87,1761603051826
34651,1761603651822.0,0adab909-eb8f-4baf-9eed-7a4cc889cb7c,41:97:4F:83:90:6E,,-80,1761603651785
34652,1761603655091.0,0adab909-eb8f-4baf-9eed-7a4cc889cb7c,51:1F:B4:99:13:48,,-78,1761603651785
34653,1761603663989.0,0adab909-eb8f-4baf-9eed-7a4cc889cb7c,6B:FF:1F:6E:30:0B,,-83,1761603651785
34654,1761603664741.0,0adab909-eb8f-4baf-9eed-7a4cc889cb7c,2D:30:03:0C:70:73,,-76,1761603651785
34655,1761603666172.0,0adab909-eb8f-4baf-9eed-7a4cc889cb7c,41:97:4F:83:90:6E,,-81,1761603651785
34656,1761604251824.0,0adab909-eb8f-4baf-9eed-7a4cc889cb7c,41:97:4F:83:90:6E,,-79,1761604251702
34657,1761604253653.0,0adab909-eb8f-4baf-9eed-7a4cc889cb7c,6B:FF:1F:6E:30:0B,,-90,1761604251702
34658,1761604254345.0,0adab909-eb8f-4baf-9eed-7a4cc889cb7c,60:EF:77:A7:D2:06,,-80,1761604251702
34659,1761604264669.0,0adab909-eb8f-4baf-9eed-7a4cc889cb7c,0C:34:6F:A7:CE:8E,,-79,1761604251702
34660,1761604265601.0,0adab909-eb8f-4baf-9eed-7a4cc889cb7c,60:EF:77:A7:D2:06,,-92,1761604251702
34661,1761604265746.0,0adab909-eb8f-4baf-9eed-7a4cc889cb7c,FA:D3:C1:FD:B5:45,,-82,1761604251702
34662,1761604852746.0,0adab909-eb8f-4baf-9eed-7a4cc889cb7c,7D:E6:08:E4:4A:3B,,-82,1761604851687
34663,1761604857838.0,0adab909-eb8f-4baf-9eed-7a4cc889cb7c,60:EF:77:A7:D2:06,,-93,1761604851687
34664,1761604860730.0,0adab909-eb8f-4baf-9eed-7a4cc889cb7c,6B:FF:1F:6E:30:0B,,-85,1761604851687
34665,1761604865586.0,0adab909-eb8f-4baf-9eed-7a4cc889cb7c,20:77:27:21:0A:2B,,-72,1761604851687
34666,1761604865680.0,0adab909-eb8f-4baf-9eed-7a4cc889cb7c,7D:E6:08:E4:4A:3B,,-82,1761604851687
34667,1761605451767.0,0adab909-eb8f-4baf-9eed-7a4cc889cb7c,42:8C:DC:C7:9A:90,,-92,1761605451717
34668,1761605451803.0,0adab909-eb8f-4baf-9eed-7a4cc889cb7c,7D:E6:08:E4:4A:3B,,-91,1761605451717
34669,1761605453775.0,0adab909-eb8f-4baf-9eed-7a4cc889cb7c,60:EF:77:A7:D2:06,,-90,1761605451717
34670,1761605464653.0,0adab909-eb8f-4baf-9eed-7a4cc889cb7c,2C:EC:AC:EB:A4:23,,-76,1761605451717
34671,1761605465598.0,0adab909-eb8f-4baf-9eed-7a4cc889cb7c,60:EF:77:A7:D2:06,,-83,1761605451717
34672,1761606053101.0,0adab909-eb8f-4baf-9eed-7a4cc889cb7c,42:8C:DC:C7:9A:90,,-89,1761606051746
34673,1761606053144.0,0adab909-eb8f-4baf-9eed-7a4cc889cb7c,7D:E6:08:E4:4A:3B,,-80,1761606051746
34674,1761606064641.0,0adab909-eb8f-4baf-9eed-7a4cc889cb7c,07:FD:6A:E9:80:BB,,-75,1761606051746
34675,1761606064680.0,0adab909-eb8f-4baf-9eed-7a4cc889cb7c,22:CA:EE:C9:A8:87,,-84,1761606051746
34676,1761606065261.0,0adab909-eb8f-4baf-9eed-7a4cc889cb7c,63:28:88:8F:75:E1,,-84,1761606051746
34677,1761606066339.0,0adab909-eb8f-4baf-9eed-7a4cc889cb7c,42:8C:DC:C7:9A:90,,-88,1761606051746
34678,1761606651722.0,0adab909-eb8f-4baf-9eed-7a4cc889cb7c,75:A6:D5:5F:EC:B5,,-78,1761606651653
34679,1761606653975.0,0adab909-eb8f-4baf-9eed-7a4cc889cb7c,58:E8:35:A9:E6:27,,-79,1761606651653
34680,1761606655400.0,0adab909-eb8f-4baf-9eed-7a4cc889cb7c,42:8C:DC:C7:9A:90,,-81,1761606651653
34681,1761606664493.0,0adab909-eb8f-4baf-9eed-7a4cc889cb7c,1B:AA:88:31:6F:7A,,-85,1761606651653
34682,1761606664548.0,0adab909-eb8f-4baf-9eed-7a4cc889cb7c,0E:4E:B0:4F:9A:F3,,-89,1761606651653
34683,1761606664645.0,0adab909-eb8f-4baf-9eed-7a4cc889cb7c,75:A6:D5:5F:EC:B5,,-73,1761606651653
34684,1761606664694.0,0adab909-eb8f-4baf-9eed-7a4cc889cb7c,58:E8:35:A9:E6:27,,-81,1761606651653
34685,1761606666515.0,0adab909-eb8f-4baf-9eed-7a4cc889cb7c,42:8C:DC:C7:9A:90,,-82,1761606651653
34686,1761607181713.0,0adab909-eb8f-4baf-9eed-7a4cc889cb7c,75:A6:D5:5F:EC:B5,,-71,1761607181295
34687,1761607181734.0,0adab909-eb8f-4baf-9eed-7a4cc889cb7c,4C:96:8A:ED:6A:01,SPEN NA,-62,1761607181295
34688,1761607181762.0,0adab909-eb8f-4baf-9eed-7a4cc889cb7c,70:45:7F:CC:3E:C0,,-79,1761607181295
34689,1761607182344.0,0adab909-eb8f-4baf-9eed-7a4cc889cb7c,4C:96:8A:ED:6A:01,SPEN NA,-64,1761607181295
34690,1761607182984.0,0adab909-eb8f-4baf-9eed-7a4cc889cb7c,4C:96:8A:ED:6A:01,SPEN NA,-62,1761607181295
34691,1761607183919.0,0adab909-eb8f-4baf-9eed-7a4cc889cb7c,4C:96:8A:ED:6A:01,SPEN NA,-66,1761607181295
34692,1761607184575.0,0adab909-eb8f-4baf-9eed-7a4cc889cb7c,4C:96:8A:ED:6A:01,SPEN NA,-65,1761607181295
34693,1761607184975.0,0adab909-eb8f-4baf-9eed-7a4cc889cb7c,58:E8:35:A9:E6:27,,-74,1761607181295
34694,1761607185838.0,0adab909-eb8f-4baf-9eed-7a4cc889cb7c,4C:96:8A:ED:6A:01,SPEN NA,-67,1761607181295
34695,1761607186559.0,0adab909-eb8f-4baf-9eed-7a4cc889cb7c,4C:96:8A:ED:6A:01,SPEN NA,-65,1761607181295
34696,1761607186851.0,0adab909-eb8f-4baf-9eed-7a4cc889cb7c,4C:96:8A:ED:6A:01,SPEN NA,-62,1761607181295
34697,1761607187198.0,0adab909-eb8f-4baf-9eed-7a4cc889cb7c,4C:96:8A:ED:6A:01,SPEN NA,-65,1761607181295
34698,1761607187489.0,0adab909-eb8f-4baf-9eed-7a4cc889cb7c,4C:96:8A:ED:6A:01,SPEN NA,-65,1761607181295
34699,1761607187837.0,0adab909-eb8f-4baf-9eed-7a4cc889cb7c,4C:96:8A:ED:6A:01,SPEN NA,-67,1761607181295
34700,1761607188131.0,0adab909-eb8f-4baf-9eed-7a4cc889cb7c,4C:96:8A:ED:6A:01,SPEN NA,-62,1761607181295
34701,1761607188762.0,0adab909-eb8f-4baf-9eed-7a4cc889cb7c,4C:96:8A:ED:6A:01,SPEN NA,-61,1761607181295
34702,1761607189395.0,0adab909-eb8f-4baf-9eed-7a4cc889cb7c,4C:96:8A:ED:6A:01,SPEN NA,-62,1761607181295
34703,1761607191298.0,0adab909-eb8f-4baf-9eed-7a4cc889cb7c,4C:96:8A:ED:6A:01,SPEN NA,-58,1761607181295
34704,1761607192556.0,0adab909-eb8f-4baf-9eed-7a4cc889cb7c,4C:96:8A:ED:6A:01,SPEN NA,-67,1761607181295
34705,1761607193579.0,0adab909-eb8f-4baf-9eed-7a4cc889cb7c,4C:96:8A:ED:6A:01,SPEN NA,-67,1761607181295
34706,1761607193918.0,0adab909-eb8f-4baf-9eed-7a4cc889cb7c,4C:96:8A:ED:6A:01,SPEN NA,-65,1761607181295
34707,1761607852322.0,0adab909-eb8f-4baf-9eed-7a4cc889cb7c,75:A6:D5:5F:EC:B5,,-72,1761607851898
34708,1761607854629.0,0adab909-eb8f-4baf-9eed-7a4cc889cb7c,40:D1:0C:E4:EE:D5,,-74,1761607851898
34709,1761607855243.0,0adab909-eb8f-4baf-9eed-7a4cc889cb7c,70:45:7F:CC:3E:C0,,-85,1761607851898
34710,1761608747598.0,0adab909-eb8f-4baf-9eed-7a4cc889cb7c,67:27:75:18:11:E4,,-76,1761608747193
34711,1761608750175.0,0adab909-eb8f-4baf-9eed-7a4cc889cb7c,46:A9:46:D8:A1:BF,,-84,1761608747193
34712,1761608757209.0,0adab909-eb8f-4baf-9eed-7a4cc889cb7c,40:D1:0C:E4:EE:D5,,-85,1761608747193
34713,1761609052959.0,0adab909-eb8f-4baf-9eed-7a4cc889cb7c,67:27:75:18:11:E4,,-78,1761609051890
34714,1761609053543.0,0adab909-eb8f-4baf-9eed-7a4cc889cb7c,40:D1:0C:E4:EE:D5,,-73,1761609051890
34715,1761609054827.0,0adab909-eb8f-4baf-9eed-7a4cc889cb7c,46:A9:46:D8:A1:BF,,-84,1761609051890
34716,1761609057703.0,0adab909-eb8f-4baf-9eed-7a4cc889cb7c,74:0C:C6:29:86:44,,-93,1761609051890
34717,1761609660517.0,0adab909-eb8f-4baf-9eed-7a4cc889cb7c,72:6A:EE:4F:C4:27,,-81,1761609659781
34718,1761609661184.0,0adab909-eb8f-4baf-9eed-7a4cc889cb7c,67:27:75:18:11:E4,,-73,1761609659781
34719,1761609661477.0,0adab909-eb8f-4baf-9eed-7a4cc889cb7c,46:A9:46:D8:A1:BF,,-84,1761609659781
34720,1761610260304.0,0adab909-eb8f-4baf-9eed-7a4cc889cb7c,72:6A:EE:4F:C4:27,,-94,1761610259829
34721,1761610260944.0,0adab909-eb8f-4baf-9eed-7a4cc889cb7c,56:0F:8C:2D:50:0E,,-77,1761610259829
34722,1761610261841.0,0adab909-eb8f-4baf-9eed-7a4cc889cb7c,74:56:AF:44:F2:5C,,-85,1761610259829
34723,1761610859536.0,0adab909-eb8f-4baf-9eed-7a4cc889cb7c,74:56:AF:44:F2:5C,,-83,1761610859154
34724,1761610860568.0,0adab909-eb8f-4baf-9eed-7a4cc889cb7c,72:6A:EE:4F:C4:27,,-88,1761610859154
34725,1761610865330.0,0adab909-eb8f-4baf-9eed-7a4cc889cb7c,56:0F:8C:2D:50:0E,,-72,1761610859154
34726,1761611477263.0,0adab909-eb8f-4baf-9eed-7a4cc889cb7c,78:CB:0F:EB:4C:9B,,-87,1761611476806
34727,1761611477831.0,0adab909-eb8f-4baf-9eed-7a4cc889cb7c,4D:A2:1C:EC:36:4A,,-72,1761611476806
34728,1761611478488.0,0adab909-eb8f-4baf-9eed-7a4cc889cb7c,4D:B5:71:CA:52:C1,,-76,1761611476806
34729,1761612177208.0,0adab909-eb8f-4baf-9eed-7a4cc889cb7c,78:CB:0F:EB:4C:9B,,-89,1761612176782
34730,1761612179782.0,0adab909-eb8f-4baf-9eed-7a4cc889cb7c,4D:A2:1C:EC:36:4A,,-72,1761612176782
34731,1761612181057.0,0adab909-eb8f-4baf-9eed-7a4cc889cb7c,4D:B5:71:CA:52:C1,,-89,1761612176782
34732,1761612779143.0,0adab909-eb8f-4baf-9eed-7a4cc889cb7c,4D:A2:1C:EC:36:4A,,-73,1761612777785
34733,1761612779477.0,0adab909-eb8f-4baf-9eed-7a4cc889cb7c,78:CB:0F:EB:4C:9B,,-85,1761612777785
34734,1761612781727.0,0adab909-eb8f-4baf-9eed-7a4cc889cb7c,56:AA:C9:32:3A:60,,-91,1761612777785
34735,1761613379241.0,0adab909-eb8f-4baf-9eed-7a4cc889cb7c,5B:33:3C:E4:AF:3B,,-73,1761613378814
34736,1761613381503.0,0adab909-eb8f-4baf-9eed-7a4cc889cb7c,78:CB:0F:EB:4C:9B,,-84,1761613378814
34737,1761613384738.0,0adab909-eb8f-4baf-9eed-7a4cc889cb7c,56:AA:C9:32:3A:60,,-91,1761613378814
34738,1761613978825.0,0adab909-eb8f-4baf-9eed-7a4cc889cb7c,7B:37:5C:97:D9:E4,,-89,1761613977771
34739,1761613978849.0,0adab909-eb8f-4baf-9eed-7a4cc889cb7c,5B:33:3C:E4:AF:3B,,-76,1761613977771
34740,1761613987168.0,0adab909-eb8f-4baf-9eed-7a4cc889cb7c,56:AA:C9:32:3A:60,,-76,1761613977771
34741,1761614579748.0,0adab909-eb8f-4baf-9eed-7a4cc889cb7c,5B:33:3C:E4:AF:3B,,-84,1761614579412
34742,1761614579907.0,0adab909-eb8f-4baf-9eed-7a4cc889cb7c,7B:37:5C:97:D9:E4,,-89,1761614579412
34743,1761614581460.0,0adab909-eb8f-4baf-9eed-7a4cc889cb7c,76:37:9C:90:93:C1,,-81,1761614579412
34744,1761615111851.0,0adab909-eb8f-4baf-9eed-7a4cc889cb7c,60:3A:93:13:5E:82,,-88,1761615110757
34745,1761615112561.0,0adab909-eb8f-4baf-9eed-7a4cc889cb7c,7A:2D:68:1C:51:8F,,-79,1761615110757
34746,1761615115035.0,0adab909-eb8f-4baf-9eed-7a4cc889cb7c,76:37:9C:90:93:C1,,-91,1761615110757
34747,1761615710523.0,0adab909-eb8f-4baf-9eed-7a4cc889cb7c,7A:2D:68:1C:51:8F,,-76,1761615710488
34748,1761615711259.0,0adab909-eb8f-4baf-9eed-7a4cc889cb7c,76:37:9C:90:93:C1,,-75,1761615710488
34749,1761615715800.0,0adab909-eb8f-4baf-9eed-7a4cc889cb7c,60:3A:93:13:5E:82,,-86,1761615710488
34750,1761616311211.0,0adab909-eb8f-4baf-9eed-7a4cc889cb7c,77:DC:BD:31:89:7D,,-85,1761616310777
34751,1761616312254.0,0adab909-eb8f-4baf-9eed-7a4cc889cb7c,7A:2D:68:1C:51:8F,,-78,1761616310777
34752,1761616316427.0,0adab909-eb8f-4baf-9eed-7a4cc889cb7c,73:65:7F:94:EF:08,,-75,1761616310777
34753,1761616874109.0,0adab909-eb8f-4baf-9eed-7a4cc889cb7c,77:DC:BD:31:89:7D,,-84,1761616873779
34754,1761616875171.0,0adab909-eb8f-4baf-9eed-7a4cc889cb7c,67:A1:01:CC:F4:84,,-73,1761616873779
34755,1761616878081.0,0adab909-eb8f-4baf-9eed-7a4cc889cb7c,73:65:7F:94:EF:08,,-91,1761616873779
34756,1761617472822.0,0adab909-eb8f-4baf-9eed-7a4cc889cb7c,77:DC:BD:31:89:7D,,-85,1761617472819
34757,1761617474436.0,0adab909-eb8f-4baf-9eed-7a4cc889cb7c,67:A1:01:CC:F4:84,,-83,1761617472819
34758,1761617477260.0,0adab909-eb8f-4baf-9eed-7a4cc889cb7c,73:65:7F:94:EF:08,,-75,1761617472819
34759,1761618074156.0,0adab909-eb8f-4baf-9eed-7a4cc889cb7c,67:A1:01:CC:F4:84,,-72,1761618073953
34760,1761618081204.0,0adab909-eb8f-4baf-9eed-7a4cc889cb7c,7A:5A:1A:D3:FE:E4,,-76,1761618073953
34761,1761618084720.0,0adab909-eb8f-4baf-9eed-7a4cc889cb7c,79:8F:CE:9A:36:A3,,-84,1761618073953
34762,1761618674577.0,0adab909-eb8f-4baf-9eed-7a4cc889cb7c,42:06:AC:9D:9C:B0,,-71,1761618674306
34763,1761618675160.0,0adab909-eb8f-4baf-9eed-7a4cc889cb7c,79:8F:CE:9A:36:A3,,-83,1761618674306
34764,1761619205162.0,0adab909-eb8f-4baf-9eed-7a4cc889cb7c,42:06:AC:9D:9C:B0,,-71,1761619204711
34765,1761619205456.0,0adab909-eb8f-4baf-9eed-7a4cc889cb7c,7A:5A:1A:D3:FE:E4,,-76,1761619204711
34766,1761619206783.0,0adab909-eb8f-4baf-9eed-7a4cc889cb7c,79:8F:CE:9A:36:A3,,-84,1761619204711
34767,1761619806948.0,0adab909-eb8f-4baf-9eed-7a4cc889cb7c,42:06:AC:9D:9C:B0,,-71,1761619804615
34768,1761619808219.0,0adab909-eb8f-4baf-9eed-7a4cc889cb7c,79:8F:CE:9A:36:A3,,-88,1761619804615
34769,1761619809545.0,0adab909-eb8f-4baf-9eed-7a4cc889cb7c,77:5A:8E:A9:09:D1,,-93,1761619804615
34770,1761620405081.0,0adab909-eb8f-4baf-9eed-7a4cc889cb7c,6A:25:55:FF:EB:2A,,-82,1761620404625
34771,1761620406002.0,0adab909-eb8f-4baf-9eed-7a4cc889cb7c,42:06:AC:9D:9C:B0,,-71,1761620404625
34772,1761620409817.0,0adab909-eb8f-4baf-9eed-7a4cc889cb7c,77:5A:8E:A9:09:D1,,-87,1761620404625
34773,1761620938129.0,0adab909-eb8f-4baf-9eed-7a4cc889cb7c,77:5A:8E:A9:09:D1,,-87,1761620937710
34774,1761620938146.0,0adab909-eb8f-4baf-9eed-7a4cc889cb7c,6A:25:55:FF:EB:2A,,-82,1761620937710
34775,1761620939413.0,0adab909-eb8f-4baf-9eed-7a4cc889cb7c,5B:E5:33:94:1D:EA,,-77,1761620937710
34776,1761621536970.0,0adab909-eb8f-4baf-9eed-7a4cc889cb7c,5C:75:5B:EA:EE:08,,-90,1761621536755
34777,1761621539694.0,0adab909-eb8f-4baf-9eed-7a4cc889cb7c,5B:E5:33:94:1D:EA,,-72,1761621536755
34778,1761621540043.0,0adab909-eb8f-4baf-9eed-7a4cc889cb7c,43:D5:D1:AE:70:4C,,-91,1761621536755
34779,1761621543848.0,0adab909-eb8f-4baf-9eed-7a4cc889cb7c,51:84:3D:AD:DC:56,,-85,1761621536755
34780,1761622137912.0,0adab909-eb8f-4baf-9eed-7a4cc889cb7c,5B:E5:33:94:1D:EA,,-76,1761622137909
34781,1761622137927.0,0adab909-eb8f-4baf-9eed-7a4cc889cb7c,5C:75:5B:EA:EE:08,,-90,1761622137909
34782,1761622139492.0,0adab909-eb8f-4baf-9eed-7a4cc889cb7c,51:84:3D:AD:DC:56,,-75,1761622137909
34783,1761622738304.0,0adab909-eb8f-4baf-9eed-7a4cc889cb7c,61:DB:3F:2A:95:3C,,-88,1761622738301
34784,1761622739513.0,0adab909-eb8f-4baf-9eed-7a4cc889cb7c,51:84:3D:AD:DC:56,,-81,1761622738301
34785,1761622740447.0,0adab909-eb8f-4baf-9eed-7a4cc889cb7c,7E:4A:7D:49:66:1B,,-79,1761622738301
34786,1761623569873.0,0adab909-eb8f-4baf-9eed-7a4cc889cb7c,61:DB:3F:2A:95:3C,,-84,1761623569675
34787,1761623570698.0,0adab909-eb8f-4baf-9eed-7a4cc889cb7c,7E:4A:7D:49:66:1B,,-71,1761623569675
34788,1761623571407.0,0adab909-eb8f-4baf-9eed-7a4cc889cb7c,7D:68:4E:41:F1:D3,,-75,1761623569675
34789,1761623580364.0,0adab909-eb8f-4baf-9eed-7a4cc889cb7c,05:0D:16:D1:D2:1D,,-91,1761623569675
34790,1761623899803.0,0adab909-eb8f-4baf-9eed-7a4cc889cb7c,7E:4A:7D:49:66:1B,,-77,1761623898727
34791,1761623901420.0,0adab909-eb8f-4baf-9eed-7a4cc889cb7c,7D:68:4E:41:F1:D3,,-81,1761623898727
34792,1761623904309.0,0adab909-eb8f-4baf-9eed-7a4cc889cb7c,61:DB:3F:2A:95:3C,,-89,1761623898727
34793,1761624770610.0,0adab909-eb8f-4baf-9eed-7a4cc889cb7c,76:B2:94:39:41:63,,-93,1761624770325
34794,1761624771072.0,0adab909-eb8f-4baf-9eed-7a4cc889cb7c,62:DB:49:E4:08:82,,-72,1761624770325
34795,1761624773318.0,0adab909-eb8f-4baf-9eed-7a4cc889cb7c,7D:68:4E:41:F1:D3,,-76,1761624770325
34796,1761625302385.0,0adab909-eb8f-4baf-9eed-7a4cc889cb7c,62:DB:49:E4:08:82,,-79,1761625300656
34797,1761625306859.0,0adab909-eb8f-4baf-9eed-7a4cc889cb7c,6A:FF:A9:FB:06:15,,-93,1761625300656
34798,1761625902752.0,0adab909-eb8f-4baf-9eed-7a4cc889cb7c,5F:48:09:6D:3A:DF,,-76,1761625901675
34799,1761625904388.0,0adab909-eb8f-4baf-9eed-7a4cc889cb7c,6A:FF:A9:FB:06:15,,-76,1761625901675
34800,1761626502091.0,0adab909-eb8f-4baf-9eed-7a4cc889cb7c,5F:48:09:6D:3A:DF,,-77,1761626500668
34801,1761626511646.0,0adab909-eb8f-4baf-9eed-7a4cc889cb7c,6A:FF:A9:FB:06:15,,-89,1761626500668
34802,1761627116242.0,0adab909-eb8f-4baf-9eed-7a4cc889cb7c,6B:21:DF:41:47:CE,,-86,1761627115821
34803,1761627117253.0,0adab909-eb8f-4baf-9eed-7a4cc889cb7c,5F:48:09:6D:3A:DF,,-72,1761627115821
34804,1761627120063.0,0adab909-eb8f-4baf-9eed-7a4cc889cb7c,6B:81:D7:31:2B:15,,-88,1761627115821
34805,1761627717682.0,0adab909-eb8f-4baf-9eed-7a4cc889cb7c,56:2D:6D:A4:83:BC,,-76,1761627717672
34806,1761627719405.0,0adab909-eb8f-4baf-9eed-7a4cc889cb7c,6B:81:D7:31:2B:15,,-81,1761627717672
34807,1761628318675.0,0adab909-eb8f-4baf-9eed-7a4cc889cb7c,56:2D:6D:A4:83:BC,,-71,1761628316628
34808,1761628325746.0,0adab909-eb8f-4baf-9eed-7a4cc889cb7c,6B:81:D7:31:2B:15,,-94,1761628316628
34809,1761628849703.0,0adab909-eb8f-4baf-9eed-7a4cc889cb7c,56:2D:6D:A4:83:BC,,-71,1761628848632
34810,1761628853279.0,0adab909-eb8f-4baf-9eed-7a4cc889cb7c,5C:08:6B:3E:9C:44,,-76,1761628848632
34811,1761629448875.0,0adab909-eb8f-4baf-9eed-7a4cc889cb7c,7B:02:AB:8D:7A:E1,,-76,1761629448645
34812,1761630049056.0,0adab909-eb8f-4baf-9eed-7a4cc889cb7c,7B:02:AB:8D:7A:E1,,-72,1761630048960
34813,1761630503064.0,0adab909-eb8f-4baf-9eed-7a4cc889cb7c,72:AD:F2:CF:7E:57,,-76,1761630503061
34814,1761630513691.0,0adab909-eb8f-4baf-9eed-7a4cc889cb7c,38:FF:3B:6E:08:1C,,-92,1761630503061
34815,1761630514671.0,0adab909-eb8f-4baf-9eed-7a4cc889cb7c,35:94:EB:4B:93:FF,,-88,1761630503061
34816,1761631336047.0,0adab909-eb8f-4baf-9eed-7a4cc889cb7c,72:AD:F2:CF:7E:57,,-76,1761631334853
34817,1761631337036.0,0adab909-eb8f-4baf-9eed-7a4cc889cb7c,7D:C8:25:64:35:8B,,-91,1761631334853
34818,1761631936133.0,0adab909-eb8f-4baf-9eed-7a4cc889cb7c,72:AD:F2:CF:7E:57,,-75,1761631933403
34819,1761631936714.0,0adab909-eb8f-4baf-9eed-7a4cc889cb7c,77:8C:EB:63:78:48,,-85,1761631933403
34820,1761631939777.0,0adab909-eb8f-4baf-9eed-7a4cc889cb7c,88:BD:78:46:A2:65,,-100,1761631933403
34821,1761631941247.0,0adab909-eb8f-4baf-9eed-7a4cc889cb7c,73:FF:D9:1B:32:AC,,-88,1761631933403
34822,1761631943157.0,0adab909-eb8f-4baf-9eed-7a4cc889cb7c,71:08:13:12:10:8C,,-91,1761631933403
34823,1761631943993.0,0adab909-eb8f-4baf-9eed-7a4cc889cb7c,88:BD:78:46:A2:65,VW Radio,-97,1761631933403
34824,1761632535210.0,0adab909-eb8f-4baf-9eed-7a4cc889cb7c,51:41:AF:37:3F:97,,-93,1761632534800
34825,1761632535243.0,0adab909-eb8f-4baf-9eed-7a4cc889cb7c,55:2D:E1:C6:73:69,,-89,1761632534800
34826,1761632535271.0,0adab909-eb8f-4baf-9eed-7a4cc889cb7c,5D:DC:1A:4E:EF:FF,,-80,1761632534800
34827,1761632536125.0,0adab909-eb8f-4baf-9eed-7a4cc889cb7c,25:99:06:FE:62:4D,,-95,1761632534800
34828,1761632539025.0,0adab909-eb8f-4baf-9eed-7a4cc889cb7c,CC:03:7B:79:2D:CF,S674a62de3daeb3a6C,-91,1761632534800
34829,1761632541178.0,0adab909-eb8f-4baf-9eed-7a4cc889cb7c,48:34:A7:8F:36:DD,,-86,1761632534800
34830,1761632541866.0,0adab909-eb8f-4baf-9eed-7a4cc889cb7c,5F:7B:8F:B3:E3:1D,,-87,1761632534800
34831,1761632542873.0,0adab909-eb8f-4baf-9eed-7a4cc889cb7c,5F:E2:1D:F8:6A:C9,Apple Pencil,-86,1761632534800
34832,1761632545110.0,0adab909-eb8f-4baf-9eed-7a4cc889cb7c,E5:92:2E:01:54:59,WSBC002010342V,-92,1761632534800
34833,1761633062023.0,0adab909-eb8f-4baf-9eed-7a4cc889cb7c,4D:67:7A:DA:15:89,,-84,1761633061616
34834,1761633063017.0,0adab909-eb8f-4baf-9eed-7a4cc889cb7c,45:97:70:C3:84:A3,,-91,1761633061616
34835,1761633065226.0,0adab909-eb8f-4baf-9eed-7a4cc889cb7c,57:55:F6:22:FB:E5,,-86,1761633061616
34836,1761633067809.0,0adab909-eb8f-4baf-9eed-7a4cc889cb7c,6E:1A:98:C1:A7:AD,,-88,1761633061616
34837,1761633069076.0,0adab909-eb8f-4baf-9eed-7a4cc889cb7c,5B:28:37:2C:FA:61,Apple Pencil,-86,1761633061616
34838,1761633070023.0,0adab909-eb8f-4baf-9eed-7a4cc889cb7c,50:0F:B3:03:27:0F,,-88,1761633061616
34839,1761633071010.0,0adab909-eb8f-4baf-9eed-7a4cc889cb7c,5D:DC:1A:4E:EF:FF,,-91,1761633061616
34840,1761633071633.0,0adab909-eb8f-4baf-9eed-7a4cc889cb7c,70:E0:84:6E:E8:B2,,-88,1761633061616
34841,1761633073567.0,0adab909-eb8f-4baf-9eed-7a4cc889cb7c,5A:06:EE:C3:3E:C3,,-91,1761633061616
34842,1761633667032.0,0adab909-eb8f-4baf-9eed-7a4cc889cb7c,55:53:8A:67:AD:89,,-90,1761633666641
34843,1761633667318.0,0adab909-eb8f-4baf-9eed-7a4cc889cb7c,7A:3F:A7:B5:40:D9,,-94,1761633666641
34844,1761633667408.0,0adab909-eb8f-4baf-9eed-7a4cc889cb7c,4E:06:0F:7B:0E:EE,,-94,1761633666641
34845,1761633672188.0,0adab909-eb8f-4baf-9eed-7a4cc889cb7c,5C:21:A4:80:2A:6B,,-94,1761633666641
34846,1761633675157.0,0adab909-eb8f-4baf-9eed-7a4cc889cb7c,57:3F:6B:17:AD:DF,,-84,1761633666641
34847,1761634229221.0,0adab909-eb8f-4baf-9eed-7a4cc889cb7c,22:E6:D7:F2:7C:99,,-85,1761634224587
34848,1761634803026.0,0adab909-eb8f-4baf-9eed-7a4cc889cb7c,7F:2E:06:29:74:15,,-93,1761634801648
34849,1761635404637.0,0adab909-eb8f-4baf-9eed-7a4cc889cb7c,7F:2E:06:29:74:15,,-85,1761635401589
34850,1761635408196.0,0adab909-eb8f-4baf-9eed-7a4cc889cb7c,51:72:C0:CF:24:C1,,-88,1761635401589
34851,1761635412620.0,0adab909-eb8f-4baf-9eed-7a4cc889cb7c,53:65:52:3A:14:C1,,-89,1761635401589
34852,1761637833817.0,0adab909-eb8f-4baf-9eed-7a4cc889cb7c,5A:EE:FC:FD:FE:E3,,-78,1761637823633
34853,1761638428790.0,0adab909-eb8f-4baf-9eed-7a4cc889cb7c,43:69:1B:9A:0D:69,,-87,1761638424459
34854,1761638432758.0,0adab909-eb8f-4baf-9eed-7a4cc889cb7c,6A:73:94:73:F2:42,,-91,1761638424459
34855,1761638959774.0,0adab909-eb8f-4baf-9eed-7a4cc889cb7c,6A:00:EB:ED:33:BE,,-86,1761638954862
34856,1761639566361.0,0adab909-eb8f-4baf-9eed-7a4cc889cb7c,2C:BA:CA:CF:82:8C,,-93,1761639556556
34857,1761640160125.0,0adab909-eb8f-4baf-9eed-7a4cc889cb7c,4B:BB:F0:73:70:47,,-89,1761640156519
34858,1761640816975.0,0adab909-eb8f-4baf-9eed-7a4cc889cb7c,47:09:FF:E9:2E:E6,,-85,1761640816530
34859,1761640817291.0,0adab909-eb8f-4baf-9eed-7a4cc889cb7c,65:44:2A:DC:F4:65,,-93,1761640816530
34860,1761640819856.0,0adab909-eb8f-4baf-9eed-7a4cc889cb7c,41:DC:D5:E2:81:0C,,-93,1761640816530
34861,1761640819873.0,0adab909-eb8f-4baf-9eed-7a4cc889cb7c,28:9D:32:EF:74:71,,-95,1761640816530
34862,1761641415696.0,0adab909-eb8f-4baf-9eed-7a4cc889cb7c,41:78:7D:C3:20:36,,-90,1761641415253
34863,1761641415942.0,0adab909-eb8f-4baf-9eed-7a4cc889cb7c,74:63:76:57:50:47,,-91,1761641415253
34864,1761641416316.0,0adab909-eb8f-4baf-9eed-7a4cc889cb7c,60:63:F1:73:5F:13,,-85,1761641415253
34865,1761641416336.0,0adab909-eb8f-4baf-9eed-7a4cc889cb7c,55:C6:C0:6B:99:80,,-84,1761641415253
34866,1761641419590.0,0adab909-eb8f-4baf-9eed-7a4cc889cb7c,4B:88:4D:07:D4:8C,,-91,1761641415253
34867,1761642017287.0,0adab909-eb8f-4baf-9eed-7a4cc889cb7c,7A:71:0E:3F:D8:34,,-88,1761642016507
34868,1761642024311.0,0adab909-eb8f-4baf-9eed-7a4cc889cb7c,69:43:12:89:B2:58,,-90,1761642016507
34869,1761642520986.0,0adab909-eb8f-4baf-9eed-7a4cc889cb7c,63:B9:2C:6C:3C:7F,,-89,1761642520603
34870,1761643968097.0,0adab909-eb8f-4baf-9eed-7a4cc889cb7c,E0:B6:AD:54:05:DF,,-92,1761643955196
34871,1761645015796.0,0adab909-eb8f-4baf-9eed-7a4cc889cb7c,D1:15:07:F5:F8:A2,,-94,1761645002723
34872,1761645536708.0,0adab909-eb8f-4baf-9eed-7a4cc889cb7c,73:D0:B8:68:00:94,,-94,1761645536264
34873,1761645538590.0,0adab909-eb8f-4baf-9eed-7a4cc889cb7c,79:B4:6F:D1:D7:50,,-92,1761645536264
34874,1761645541761.0,0adab909-eb8f-4baf-9eed-7a4cc889cb7c,C3:F5:7F:8B:F1:7D,Hue Lamp,-80,1761645536264
34875,1761645549175.0,0adab909-eb8f-4baf-9eed-7a4cc889cb7c,C3:F5:7F:8B:F1:7D,Hue Lamp,-80,1761645536264
34876,1761645550259.0,0adab909-eb8f-4baf-9eed-7a4cc889cb7c,F4:FE:FB:45:44:C9,,-82,1761645536264
34877,1761645550307.0,0adab909-eb8f-4baf-9eed-7a4cc889cb7c,CF:35:7F:98:CA:81,,-85,1761645536264
34878,1761647572626.0,0adab909-eb8f-4baf-9eed-7a4cc889cb7c,63:12:F8:C6:E4:BB,,-95,1761647571241
34879,1761647584205.0,0adab909-eb8f-4baf-9eed-7a4cc889cb7c,D1:15:07:F5:F8:A2,,-86,1761647571241
34880,1761648674632.0,0adab909-eb8f-4baf-9eed-7a4cc889cb7c,52:6A:98:08:26:68,,-91,1761648674551
34881,1761648674694.0,0adab909-eb8f-4baf-9eed-7a4cc889cb7c,56:DE:C7:F7:D0:49,,-95,1761648674551
34882,1761648675901.0,0adab909-eb8f-4baf-9eed-7a4cc889cb7c,55:CF:F3:1A:B1:23,,-85,1761648674551
34883,1761648675923.0,0adab909-eb8f-4baf-9eed-7a4cc889cb7c,23:56:AA:27:CD:E6,,-91,1761648674551
34884,1761648676259.0,0adab909-eb8f-4baf-9eed-7a4cc889cb7c,7C:8C:E8:D6:99:79,,-86,1761648674551
34885,1761648676558.0,0adab909-eb8f-4baf-9eed-7a4cc889cb7c,54:DD:BA:CC:54:89,,-82,1761648674551
34886,1761648676631.0,0adab909-eb8f-4baf-9eed-7a4cc889cb7c,78:AD:4D:71:47:09,,-92,1761648674551
34887,1761648676858.0,0adab909-eb8f-4baf-9eed-7a4cc889cb7c,6C:AD:05:F8:96:46,,-90,1761648674551
34888,1761648676878.0,0adab909-eb8f-4baf-9eed-7a4cc889cb7c,66:9A:EC:18:B7:7F,,-90,1761648674551
34889,1761648676915.0,0adab909-eb8f-4baf-9eed-7a4cc889cb7c,36:7A:F1:CA:F6:2B,,-89,1761648674551
34890,1761648678186.0,0adab909-eb8f-4baf-9eed-7a4cc889cb7c,50:E6:5E:63:2B:A3,,-89,1761648674551
34891,1761648678798.0,0adab909-eb8f-4baf-9eed-7a4cc889cb7c,56:0C:37:F5:23:ED,,-92,1761648674551
34892,1761648679105.0,0adab909-eb8f-4baf-9eed-7a4cc889cb7c,6B:D5:47:F8:3A:99,,-84,1761648674551
34893,1761648679402.0,0adab909-eb8f-4baf-9eed-7a4cc889cb7c,7C:4A:E5:57:16:02,,-93,1761648674551
34894,1761648683663.0,0adab909-eb8f-4baf-9eed-7a4cc889cb7c,75:5F:FC:4B:24:98,,-88,1761648674551
34895,1761648683682.0,0adab909-eb8f-4baf-9eed-7a4cc889cb7c,59:FB:7E:50:2F:6F,,-85,1761648674551
34896,1761648684966.0,0adab909-eb8f-4baf-9eed-7a4cc889cb7c,7E:6F:16:80:CC:BC,,-91,1761648674551
34897,1761649372852.0,0adab909-eb8f-4baf-9eed-7a4cc889cb7c,7C:82:85:31:72:07,,-86,1761649371481
34898,1761649373234.0,0adab909-eb8f-4baf-9eed-7a4cc889cb7c,58:BF:5E:3E:F5:B6,,-85,1761649371481
34899,1761649374790.0,0adab909-eb8f-4baf-9eed-7a4cc889cb7c,71:12:D6:BA:87:BA,,-94,1761649371481
34900,1761649380517.0,0adab909-eb8f-4baf-9eed-7a4cc889cb7c,78:D7:49:3B:51:38,,-94,1761649371481
34901,1761649381520.0,0adab909-eb8f-4baf-9eed-7a4cc889cb7c,58:1A:71:81:D9:8E,,-93,1761649371481
34902,1761649382467.0,0adab909-eb8f-4baf-9eed-7a4cc889cb7c,45:5A:5F:D0:60:C1,,-91,1761649371481
34903,1761649383147.0,0adab909-eb8f-4baf-9eed-7a4cc889cb7c,54:EF:56:1F:FF:5F,,-89,1761649371481
34904,1761649383447.0,0adab909-eb8f-4baf-9eed-7a4cc889cb7c,77:4B:0C:51:DF:56,,-89,1761649371481
34905,1761650949212.0,0adab909-eb8f-4baf-9eed-7a4cc889cb7c,4C:96:8A:ED:6A:01,SPEN NA,-47,1761650949158
34906,1761650949322.0,0adab909-eb8f-4baf-9eed-7a4cc889cb7c,4C:96:8A:ED:6A:01,SPEN NA,127,1761650949158
34907,1761650949538.0,0adab909-eb8f-4baf-9eed-7a4cc889cb7c,4C:96:8A:ED:6A:01,SPEN NA,-50,1761650949158
34908,1761650949956.0,0adab909-eb8f-4baf-9eed-7a4cc889cb7c,4C:96:8A:ED:6A:01,SPEN NA,127,1761650949158
34909,1761650950270.0,0adab909-eb8f-4baf-9eed-7a4cc889cb7c,4C:96:8A:ED:6A:01,SPEN NA,-52,1761650949158
34910,1761650950591.0,0adab909-eb8f-4baf-9eed-7a4cc889cb7c,4C:96:8A:ED:6A:01,SPEN NA,-46,1761650949158
34911,1761650951474.0,0adab909-eb8f-4baf-9eed-7a4cc889cb7c,4E:80:9E:3A:A3:30,,-90,1761650949158
34912,1761650951492.0,0adab909-eb8f-4baf-9eed-7a4cc889cb7c,66:E8:A2:D8:AC:47,,-90,1761650949158
34913,1761650951869.0,0adab909-eb8f-4baf-9eed-7a4cc889cb7c,4C:96:8A:ED:6A:01,SPEN NA,-50,1761650949158
34914,1761650952138.0,0adab909-eb8f-4baf-9eed-7a4cc889cb7c,45:6D:6E:57:DD:50,,-87,1761650949158
34915,1761650952184.0,0adab909-eb8f-4baf-9eed-7a4cc889cb7c,72:10:D5:6E:1C:91,,-85,1761650949158
34916,1761650952445.0,0adab909-eb8f-4baf-9eed-7a4cc889cb7c,56:1F:60:4A:1B:38,,-80,1761650949158
34917,1761650952465.0,0adab909-eb8f-4baf-9eed-7a4cc889cb7c,5A:2F:D8:58:2A:DF,,-90,1761650949158
34918,1761650952479.0,0adab909-eb8f-4baf-9eed-7a4cc889cb7c,63:36:2F:A2:D4:C4,,-90,1761650949158
34919,1761650952489.0,0adab909-eb8f-4baf-9eed-7a4cc889cb7c,4C:96:8A:ED:6A:01,SPEN NA,-46,1761650949158
34920,1761650952738.0,0adab909-eb8f-4baf-9eed-7a4cc889cb7c,63:97:F7:D9:16:B0,,-89,1761650949158
34921,1761650953102.0,0adab909-eb8f-4baf-9eed-7a4cc889cb7c,4C:96:8A:ED:6A:01,SPEN NA,-46,1761650949158
34922,1761650953436.0,0adab909-eb8f-4baf-9eed-7a4cc889cb7c,4C:96:8A:ED:6A:01,SPEN NA,-46,1761650949158
34923,1761650953752.0,0adab909-eb8f-4baf-9eed-7a4cc889cb7c,4C:96:8A:ED:6A:01,SPEN NA,-50,1761650949158
34924,1761650954045.0,0adab909-eb8f-4baf-9eed-7a4cc889cb7c,4C:96:8A:ED:6A:01,SPEN NA,-46,1761650949158
34925,1761650954354.0,0adab909-eb8f-4baf-9eed-7a4cc889cb7c,4C:96:8A:ED:6A:01,SPEN NA,-46,1761650949158
34926,1761650954693.0,0adab909-eb8f-4baf-9eed-7a4cc889cb7c,4C:96:8A:ED:6A:01,SPEN NA,-49,1761650949158
34927,1761650955660.0,0adab909-eb8f-4baf-9eed-7a4cc889cb7c,4C:96:8A:ED:6A:01,SPEN NA,-50,1761650949158
34928,1761650956275.0,0adab909-eb8f-4baf-9eed-7a4cc889cb7c,4C:96:8A:ED:6A:01,SPEN NA,-46,1761650949158
34929,1761650956908.0,0adab909-eb8f-4baf-9eed-7a4cc889cb7c,4C:96:8A:ED:6A:01,SPEN NA,-46,1761650949158
34930,1761650957642.0,0adab909-eb8f-4baf-9eed-7a4cc889cb7c,4C:96:8A:ED:6A:01,SPEN NA,-51,1761650949158
34931,1761650958272.0,0adab909-eb8f-4baf-9eed-7a4cc889cb7c,4C:96:8A:ED:6A:01,SPEN NA,-47,1761650949158
34932,1761650959227.0,0adab909-eb8f-4baf-9eed-7a4cc889cb7c,4C:96:8A:ED:6A:01,SPEN NA,-47,1761650949158
34933,1761650959534.0,0adab909-eb8f-4baf-9eed-7a4cc889cb7c,4C:96:8A:ED:6A:01,SPEN NA,-51,1761650949158
34934,1761650959842.0,0adab909-eb8f-4baf-9eed-7a4cc889cb7c,4C:96:8A:ED:6A:01,SPEN NA,-46,1761650949158
34935,1761650960163.0,0adab909-eb8f-4baf-9eed-7a4cc889cb7c,4C:96:8A:ED:6A:01,SPEN NA,-46,1761650949158
34936,1761650960469.0,0adab909-eb8f-4baf-9eed-7a4cc889cb7c,4C:96:8A:ED:6A:01,SPEN NA,-51,1761650949158
34937,1761650960780.0,0adab909-eb8f-4baf-9eed-7a4cc889cb7c,4C:96:8A:ED:6A:01,SPEN NA,-46,1761650949158
34938,1761651666723.0,0adab909-eb8f-4baf-9eed-7a4cc889cb7c,77:24:80:A8:5B:4A,,-89,1761651660571
34939,1761651666830.0,0adab909-eb8f-4baf-9eed-7a4cc889cb7c,40:BB:DE:05:23:F6,,-86,1761651660571
34940,1761653512443.0,0adab909-eb8f-4baf-9eed-7a4cc889cb7c,24:9A:59:67:7F:1D,,-90,1761653511088
34941,1761653514383.0,0adab909-eb8f-4baf-9eed-7a4cc889cb7c,5A:5C:73:66:9F:FC,,-87,1761653511088
34942,1761653517602.0,0adab909-eb8f-4baf-9eed-7a4cc889cb7c,50:29:6E:66:84:AE,,-92,1761653511088
34943,1761653518593.0,0adab909-eb8f-4baf-9eed-7a4cc889cb7c,73:35:63:63:E8:F0,,-89,1761653511088
34944,1761654115398.0,0adab909-eb8f-4baf-9eed-7a4cc889cb7c,B0:38:E2:68:1E:05,,-90,1761654111097
34945,1761654123036.0,0adab909-eb8f-4baf-9eed-7a4cc889cb7c,7D:52:62:43:02:D7,,-93,1761654111097
34946,1761654719162.0,0adab909-eb8f-4baf-9eed-7a4cc889cb7c,4E:31:3A:9C:74:41,,-95,1761654711102
34947,1761654719184.0,0adab909-eb8f-4baf-9eed-7a4cc889cb7c,45:EA:60:0F:05:12,,-88,1761654711102
34948,1761655311848.0,0adab909-eb8f-4baf-9eed-7a4cc889cb7c,65:F1:AC:4D:94:FB,,-83,1761655311398
34949,1761655316057.0,0adab909-eb8f-4baf-9eed-7a4cc889cb7c,F6:2F:46:53:FE:A0,Note 14,-100,1761655311398
34950,1761655324490.0,0adab909-eb8f-4baf-9eed-7a4cc889cb7c,65:F1:AC:4D:94:FB,,-90,1761655311398
34951,1761655326295.0,0adab909-eb8f-4baf-9eed-7a4cc889cb7c,64:1E:8E:58:C2:37,,-88,1761655311398
34952,1761655923428.0,0adab909-eb8f-4baf-9eed-7a4cc889cb7c,88:BD:78:46:A1:AE,VW Radio,-92,1761655911397
34953,1761657119443.0,0adab909-eb8f-4baf-9eed-7a4cc889cb7c,63:29:CF:2F:09:B2,,-87,1761657111316
34954,1761657719390.0,0adab909-eb8f-4baf-9eed-7a4cc889cb7c,4A:73:9C:B0:F8:35,,-82,1761657711321
34955,1761659415831.0,0adab909-eb8f-4baf-9eed-7a4cc889cb7c,46:02:D8:AB:9C:21,,-89,1761659408700
34956,1761659416795.0,0adab909-eb8f-4baf-9eed-7a4cc889cb7c,6F:10:91:E3:56:9D,,-93,1761659408700
34957,1761659421775.0,0adab909-eb8f-4baf-9eed-7a4cc889cb7c,ED:3B:55:C0:6C:22,,-89,1761659408700
34958,1761660069890.0,0adab909-eb8f-4baf-9eed-7a4cc889cb7c,30:C3:D9:46:AC:EF,VW BT 7215,-100,1761660068724
34959,1761660082698.0,0adab909-eb8f-4baf-9eed-7a4cc889cb7c,D1:B2:73:AD:98:89,,-88,1761660068724
34960,1761660716035.0,0adab909-eb8f-4baf-9eed-7a4cc889cb7c,4F:86:87:EF:F5:5B,,-91,1761660711752
34961,1761660721762.0,0adab909-eb8f-4baf-9eed-7a4cc889cb7c,46:24:23:9A:DA:A9,,-91,1761660711752
34962,1761660725249.0,0adab909-eb8f-4baf-9eed-7a4cc889cb7c,CE:72:12:5C:D7:4F,,-91,1761660711752
34963,1761661703751.0,0adab909-eb8f-4baf-9eed-7a4cc889cb7c,C3:F5:7F:8B:F1:7D,Hue Lamp,-91,1761661698801
34964,1761662900625.0,0adab909-eb8f-4baf-9eed-7a4cc889cb7c,73:9D:7E:AB:58:24,,-82,1761662899259
34965,1761662907441.0,0adab909-eb8f-4baf-9eed-7a4cc889cb7c,C3:F5:7F:8B:F1:7D,Hue Lamp,-91,1761662899259
34966,1761662912160.0,0adab909-eb8f-4baf-9eed-7a4cc889cb7c,73:9D:7E:AB:58:24,,-81,1761662899259
34967,1761662912216.0,0adab909-eb8f-4baf-9eed-7a4cc889cb7c,D3:F6:FF:6D:3D:05,,-92,1761662899259
34968,1761663503261.0,0adab909-eb8f-4baf-9eed-7a4cc889cb7c,4F:A6:B4:EF:81:9F,,-91,1761663501874
34969,1761663514770.0,0adab909-eb8f-4baf-9eed-7a4cc889cb7c,4F:A6:B4:EF:81:9F,,-87,1761663501874
34970,1761664141957.0,0adab909-eb8f-4baf-9eed-7a4cc889cb7c,11:07:35:AB:F2:BA,,-94,1761664140879
34971,1761664148314.0,0adab909-eb8f-4baf-9eed-7a4cc889cb7c,01:F7:CF:9D:2C:36,,-90,1761664140879
34972,1761664740930.0,0adab909-eb8f-4baf-9eed-7a4cc889cb7c,40:F3:B0:73:07:0C,,-93,1761664738641
34973,1761664751600.0,0adab909-eb8f-4baf-9eed-7a4cc889cb7c,E4:BF:BF:F4:27:BE,,-80,1761664738641
34974,1761664752784.0,0adab909-eb8f-4baf-9eed-7a4cc889cb7c,40:F3:B0:73:07:0C,,-92,1761664738641
34975,1761665903694.0,0adab909-eb8f-4baf-9eed-7a4cc889cb7c,4C:96:8A:ED:6A:01,SPEN NA,-49,1761665903611
34976,1761665904020.0,0adab909-eb8f-4baf-9eed-7a4cc889cb7c,4C:96:8A:ED:6A:01,SPEN NA,127,1761665903611
34977,1761665904335.0,0adab909-eb8f-4baf-9eed-7a4cc889cb7c,4C:96:8A:ED:6A:01,SPEN NA,-57,1761665903611
34978,1761665904974.0,0adab909-eb8f-4baf-9eed-7a4cc889cb7c,4C:96:8A:ED:6A:01,SPEN NA,-46,1761665903611
34979,1761665905290.0,0adab909-eb8f-4baf-9eed-7a4cc889cb7c,4C:96:8A:ED:6A:01,SPEN NA,-50,1761665903611
34980,1761665905704.0,0adab909-eb8f-4baf-9eed-7a4cc889cb7c,4C:96:8A:ED:6A:01,SPEN NA,-45,1761665903611
34981,1761665905918.0,0adab909-eb8f-4baf-9eed-7a4cc889cb7c,4C:96:8A:ED:6A:01,SPEN NA,-46,1761665903611
34982,1761665906555.0,0adab909-eb8f-4baf-9eed-7a4cc889cb7c,4C:96:8A:ED:6A:01,SPEN NA,-45,1761665903611
34983,1761665906977.0,0adab909-eb8f-4baf-9eed-7a4cc889cb7c,4C:96:8A:ED:6A:01,SPEN NA,-46,1761665903611
34984,1761665908543.0,0adab909-eb8f-4baf-9eed-7a4cc889cb7c,4C:96:8A:ED:6A:01,SPEN NA,-45,1761665903611
34985,1761665909181.0,0adab909-eb8f-4baf-9eed-7a4cc889cb7c,4C:96:8A:ED:6A:01,SPEN NA,-51,1761665903611
34986,1761665909491.0,0adab909-eb8f-4baf-9eed-7a4cc889cb7c,4C:96:8A:ED:6A:01,SPEN NA,-45,1761665903611
34987,1761665909814.0,0adab909-eb8f-4baf-9eed-7a4cc889cb7c,4C:96:8A:ED:6A:01,SPEN NA,-46,1761665903611
34988,1761665910437.0,0adab909-eb8f-4baf-9eed-7a4cc889cb7c,4C:96:8A:ED:6A:01,SPEN NA,-45,1761665903611
34989,1761665910758.0,0adab909-eb8f-4baf-9eed-7a4cc889cb7c,4C:96:8A:ED:6A:01,SPEN NA,-46,1761665903611
34990,1761665911071.0,0adab909-eb8f-4baf-9eed-7a4cc889cb7c,4C:96:8A:ED:6A:01,SPEN NA,-50,1761665903611
34991,1761665911388.0,0adab909-eb8f-4baf-9eed-7a4cc889cb7c,4C:96:8A:ED:6A:01,SPEN NA,-47,1761665903611
34992,1761665911693.0,0adab909-eb8f-4baf-9eed-7a4cc889cb7c,4C:96:8A:ED:6A:01,SPEN NA,-47,1761665903611
34993,1761665912649.0,0adab909-eb8f-4baf-9eed-7a4cc889cb7c,4C:96:8A:ED:6A:01,SPEN NA,-47,1761665903611
34994,1761665912962.0,0adab909-eb8f-4baf-9eed-7a4cc889cb7c,4C:96:8A:ED:6A:01,SPEN NA,-50,1761665903611
34995,1761665913384.0,0adab909-eb8f-4baf-9eed-7a4cc889cb7c,4C:96:8A:ED:6A:01,SPEN NA,-47,1761665903611
34996,1761665913586.0,0adab909-eb8f-4baf-9eed-7a4cc889cb7c,4C:96:8A:ED:6A:01,SPEN NA,-47,1761665903611
34997,1761665914647.0,0adab909-eb8f-4baf-9eed-7a4cc889cb7c,4C:96:8A:ED:6A:01,SPEN NA,-46,1761665903611
34998,1761665914951.0,0adab909-eb8f-4baf-9eed-7a4cc889cb7c,4C:96:8A:ED:6A:01,SPEN NA,-51,1761665903611
34999,1761665915257.0,0adab909-eb8f-4baf-9eed-7a4cc889cb7c,4C:96:8A:ED:6A:01,SPEN NA,-45,1761665903611
35000,1761665915576.0,0adab909-eb8f-4baf-9eed-7a4cc889cb7c,4C:96:8A:ED:6A:01,SPEN NA,-46,1761665903611
35001,1761665916212.0,0adab909-eb8f-4baf-9eed-7a4cc889cb7c,4C:96:8A:ED:6A:01,SPEN NA,-47,1761665903611
35002,1761667142488.0,0adab909-eb8f-4baf-9eed-7a4cc889cb7c,98:09:CF:8E:FA:89,OP7Pro,-98,1761667141296
35003,1761667736271.0,0adab909-eb8f-4baf-9eed-7a4cc889cb7c,CC:52:6D:75:F3:91,,-90,1761667720415
35004,1761668944743.0,0adab909-eb8f-4baf-9eed-7a4cc889cb7c,60:C0:A9:28:88:C9,,-87,1761668942722
35005,1761669526416.0,0adab909-eb8f-4baf-9eed-7a4cc889cb7c,3F:D9:23:7D:BC:EC,,-93,1761669521782
35006,1761670102272.0,0adab909-eb8f-4baf-9eed-7a4cc889cb7c,4F:C9:6F:17:C5:D4,,-85,1761670100909
35007,1761670105249.0,0adab909-eb8f-4baf-9eed-7a4cc889cb7c,72:14:08:2A:59:97,,-85,1761670100909
35008,1761670746207.0,0adab909-eb8f-4baf-9eed-7a4cc889cb7c,EC:53:82:16:E1:7C,,-100,1761670744344
35009,1761671331508.0,0adab909-eb8f-4baf-9eed-7a4cc889cb7c,52:40:83:82:1B:CC,,-90,1761671326839
35010,1761671352889.0,0adab909-eb8f-4baf-9eed-7a4cc889cb7c,5E:DA:54:A5:7A:F7,,-91,1761671326839
35011,1761671352944.0,0adab909-eb8f-4baf-9eed-7a4cc889cb7c,CC:B6:39:DA:BD:F4,,-91,1761671326839
35012,1761671923341.0,0adab909-eb8f-4baf-9eed-7a4cc889cb7c,2A:9B:A4:0F:D0:08,,-90,1761671909318
35013,1761672552790.0,0adab909-eb8f-4baf-9eed-7a4cc889cb7c,73:8A:9C:93:E2:C7,,-90,1761672552695
35014,1761672553477.0,0adab909-eb8f-4baf-9eed-7a4cc889cb7c,64:0D:FD:DA:44:C4,,-83,1761672552695
35015,1761672553746.0,0adab909-eb8f-4baf-9eed-7a4cc889cb7c,FF:10:10:AE:A7:64,Sunset lights,-74,1761672552695
35016,1761672554044.0,0adab909-eb8f-4baf-9eed-7a4cc889cb7c,74:0C:00:19:4C:AA,,-87,1761672552695
35017,1761672554072.0,0adab909-eb8f-4baf-9eed-7a4cc889cb7c,48:8B:1B:3E:FA:83,,-86,1761672552695
35018,1761672554721.0,0adab909-eb8f-4baf-9eed-7a4cc889cb7c,60:74:F4:72:90:3F,ihoment_H601B_903F,-86,1761672552695
35019,1761672563022.0,0adab909-eb8f-4baf-9eed-7a4cc889cb7c,60:74:F4:73:99:E7,ihoment_H601B_99E7,-90,1761672552695
35020,1761672565657.0,0adab909-eb8f-4baf-9eed-7a4cc889cb7c,FF:10:10:AE:A7:64,Sunset lights,-73,1761672552695
35021,1761672565688.0,0adab909-eb8f-4baf-9eed-7a4cc889cb7c,31:D4:BD:EA:AC:4B,,-94,1761672552695
35022,1761672565717.0,0adab909-eb8f-4baf-9eed-7a4cc889cb7c,73:8A:9C:93:E2:C7,,-81,1761672552695
35023,1761672567618.0,0adab909-eb8f-4baf-9eed-7a4cc889cb7c,60:74:F4:72:90:3F,ihoment_H601B_903F,-85,1761672552695
35024,1761673137979.0,0adab909-eb8f-4baf-9eed-7a4cc889cb7c,60:74:F4:73:99:E7,ihoment_H601B_99E7,-81,1761673137976
35025,1761673137994.0,0adab909-eb8f-4baf-9eed-7a4cc889cb7c,60:74:F4:73:96:CD,ihoment_H601B_96CD,-79,1761673137976
35026,1761673138007.0,0adab909-eb8f-4baf-9eed-7a4cc889cb7c,60:74:F4:75:21:D5,ihoment_H601B_21D5,-82,1761673137976
35027,1761673138320.0,0adab909-eb8f-4baf-9eed-7a4cc889cb7c,73:8A:9C:93:E2:C7,,-76,1761673137976
35028,1761673138337.0,0adab909-eb8f-4baf-9eed-7a4cc889cb7c,60:74:F4:72:90:3F,ihoment_H601B_903F,-74,1761673137976
35029,1761673138752.0,0adab909-eb8f-4baf-9eed-7a4cc889cb7c,FF:10:10:AE:A7:64,Sunset lights,-84,1761673137976
35030,1761673140674.0,0adab909-eb8f-4baf-9eed-7a4cc889cb7c,48:8B:1B:3E:FA:83,,-89,1761673137976
35031,1761673140694.0,0adab909-eb8f-4baf-9eed-7a4cc889cb7c,6B:C4:BD:87:06:E4,,-91,1761673137976
35032,1761673715359.0,0adab909-eb8f-4baf-9eed-7a4cc889cb7c,60:74:F4:73:96:CD,ihoment_H601B_96CD,-68,1761673715313
35033,1761673715396.0,0adab909-eb8f-4baf-9eed-7a4cc889cb7c,FF:10:10:AE:A7:64,Sunset lights,-75,1761673715313
35034,1761673715422.0,0adab909-eb8f-4baf-9eed-7a4cc889cb7c,60:74:F4:75:21:D5,ihoment_H601B_21D5,-74,1761673715313
35035,1761673715766.0,0adab909-eb8f-4baf-9eed-7a4cc889cb7c,60:74:F4:72:90:3F,ihoment_H601B_903F,-78,1761673715313
35036,1761673716007.0,0adab909-eb8f-4baf-9eed-7a4cc889cb7c,4F:C0:CA:FF:2C:EB,,-85,1761673715313
35037,1761673723405.0,0adab909-eb8f-4baf-9eed-7a4cc889cb7c,60:74:F4:73:99:E7,ihoment_H601B_99E7,-85,1761673715313
35038,1761673728281.0,0adab909-eb8f-4baf-9eed-7a4cc889cb7c,60:74:F4:73:96:CD,ihoment_H601B_96CD,-75,1761673715313
35039,1761673728315.0,0adab909-eb8f-4baf-9eed-7a4cc889cb7c,60:74:F4:72:90:3F,ihoment_H601B_903F,-83,1761673715313
35040,1761673728365.0,0adab909-eb8f-4baf-9eed-7a4cc889cb7c,FF:10:10:AE:A7:64,Sunset lights,-81,1761673715313
35041,1761673729274.0,0adab909-eb8f-4baf-9eed-7a4cc889cb7c,4F:C0:CA:FF:2C:EB,,-87,1761673715313
35042,1761673729314.0,0adab909-eb8f-4baf-9eed-7a4cc889cb7c,0F:AD:F0:50:AB:2B,,-92,1761673715313
35043,1761673729347.0,0adab909-eb8f-4baf-9eed-7a4cc889cb7c,60:74:F4:75:21:D5,ihoment_H601B_21D5,-73,1761673715313
35044,1761673730359.0,0adab909-eb8f-4baf-9eed-7a4cc889cb7c,60:74:F4:73:99:E7,ihoment_H601B_99E7,-88,1761673715313
35045,1761674357581.0,0adab909-eb8f-4baf-9eed-7a4cc889cb7c,60:74:F4:73:96:CD,ihoment_H601B_96CD,-75,1761674357532
35046,1761674357940.0,0adab909-eb8f-4baf-9eed-7a4cc889cb7c,FF:10:10:AE:A7:64,Sunset lights,-85,1761674357532
35047,1761674358250.0,0adab909-eb8f-4baf-9eed-7a4cc889cb7c,60:74:F4:75:21:D5,ihoment_H601B_21D5,-74,1761674357532
35048,1761674358559.0,0adab909-eb8f-4baf-9eed-7a4cc889cb7c,60:74:F4:72:90:3F,ihoment_H601B_903F,-85,1761674357532
35049,1761674370682.0,0adab909-eb8f-4baf-9eed-7a4cc889cb7c,FF:10:10:AE:A7:64,Sunset lights,-77,1761674357532
35050,1761674370775.0,0adab909-eb8f-4baf-9eed-7a4cc889cb7c,60:74:F4:75:21:D5,ihoment_H601B_21D5,-89,1761674357532
35051,1761674371761.0,0adab909-eb8f-4baf-9eed-7a4cc889cb7c,60:74:F4:72:90:3F,ihoment_H601B_903F,-82,1761674357532
35052,1761674371783.0,0adab909-eb8f-4baf-9eed-7a4cc889cb7c,60:74:F4:73:96:CD,ihoment_H601B_96CD,-70,1761674357532
35053,1761674372883.0,0adab909-eb8f-4baf-9eed-7a4cc889cb7c,60:74:F4:73:99:E7,ihoment_H601B_99E7,-88,1761674357532
35054,1761674898137.0,0adab909-eb8f-4baf-9eed-7a4cc889cb7c,60:74:F4:72:90:3F,ihoment_H601B_903F,-90,1761674898117
35055,1761674898519.0,0adab909-eb8f-4baf-9eed-7a4cc889cb7c,79:D7:72:55:AB:7A,,-84,1761674898117
35056,1761674899569.0,0adab909-eb8f-4baf-9eed-7a4cc889cb7c,60:74:F4:73:96:CD,ihoment_H601B_96CD,-80,1761674898117
35057,1761674900193.0,0adab909-eb8f-4baf-9eed-7a4cc889cb7c,60:74:F4:75:21:D5,ihoment_H601B_21D5,-94,1761674898117
35058,1761674906180.0,0adab909-eb8f-4baf-9eed-7a4cc889cb7c,FF:10:10:AE:A7:64,Sunset lights,-94,1761674898117
35059,1761675517014.0,0adab909-eb8f-4baf-9eed-7a4cc889cb7c,60:74:F4:73:99:E7,ihoment_H601B_99E7,-78,1761675516945
35060,1761675517676.0,0adab909-eb8f-4baf-9eed-7a4cc889cb7c,60:74:F4:75:21:D5,ihoment_H601B_21D5,-79,1761675516945
35061,1761675518332.0,0adab909-eb8f-4baf-9eed-7a4cc889cb7c,60:74:F4:72:90:3F,ihoment_H601B_903F,-81,1761675516945
35062,1761675518668.0,0adab909-eb8f-4baf-9eed-7a4cc889cb7c,FF:10:10:AE:A7:64,Sunset lights,-90,1761675516945
35063,1761675519064.0,0adab909-eb8f-4baf-9eed-7a4cc889cb7c,60:74:F4:73:96:CD,ihoment_H601B_96CD,-79,1761675516945
35064,1761675520284.0,0adab909-eb8f-4baf-9eed-7a4cc889cb7c,75:A1:1D:9C:71:EA,,-91,1761675516945
35065,1761675529840.0,0adab909-eb8f-4baf-9eed-7a4cc889cb7c,EA:60:52:39:78:37,,-90,1761675516945
35066,1761675529943.0,0adab909-eb8f-4baf-9eed-7a4cc889cb7c,52:B7:D9:33:05:D4,,-75,1761675516945
35067,1761675529967.0,0adab909-eb8f-4baf-9eed-7a4cc889cb7c,60:74:F4:75:21:D5,ihoment_H601B_21D5,-82,1761675516945
35068,1761675529994.0,0adab909-eb8f-4baf-9eed-7a4cc889cb7c,60:74:F4:72:90:3F,ihoment_H601B_903F,-83,1761675516945
35069,1761675530014.0,0adab909-eb8f-4baf-9eed-7a4cc889cb7c,60:74:F4:73:96:CD,ihoment_H601B_96CD,-82,1761675516945
35070,1761675530903.0,0adab909-eb8f-4baf-9eed-7a4cc889cb7c,60:74:F4:73:99:E7,ihoment_H601B_99E7,-85,1761675516945
35071,1761675531845.0,0adab909-eb8f-4baf-9eed-7a4cc889cb7c,FF:10:10:AE:A7:64,Sunset lights,-89,1761675516945
35072,1761676157203.0,0adab909-eb8f-4baf-9eed-7a4cc889cb7c,60:74:F4:75:21:D5,ihoment_H601B_21D5,-87,1761676153573
35073,1761676157855.0,0adab909-eb8f-4baf-9eed-7a4cc889cb7c,FF:10:10:AE:A7:64,Sunset lights,-82,1761676153573
35074,1761676159071.0,0adab909-eb8f-4baf-9eed-7a4cc889cb7c,58:0B:76:F0:99:01,,-95,1761676153573
35075,1761676159091.0,0adab909-eb8f-4baf-9eed-7a4cc889cb7c,60:74:F4:73:96:CD,ihoment_H601B_96CD,-89,1761676153573
35076,1761676732925.0,0adab909-eb8f-4baf-9eed-7a4cc889cb7c,60:74:F4:73:96:CD,ihoment_H601B_96CD,-79,1761676732921
35077,1761676735640.0,0adab909-eb8f-4baf-9eed-7a4cc889cb7c,60:74:F4:72:90:3F,ihoment_H601B_903F,-74,1761676732921
35078,1761676735979.0,0adab909-eb8f-4baf-9eed-7a4cc889cb7c,60:74:F4:73:99:E7,ihoment_H601B_99E7,-69,1761676732921
35079,1761676736311.0,0adab909-eb8f-4baf-9eed-7a4cc889cb7c,60:74:F4:75:21:D5,ihoment_H601B_21D5,-78,1761676732921
35080,1761676741142.0,0adab909-eb8f-4baf-9eed-7a4cc889cb7c,FF:10:10:AE:A7:64,Sunset lights,-90,1761676732921
35081,1761677307052.0,0adab909-eb8f-4baf-9eed-7a4cc889cb7c,60:74:F4:73:99:E7,ihoment_H601B_99E7,-86,1761677307001
35082,1761677307105.0,0adab909-eb8f-4baf-9eed-7a4cc889cb7c,60:74:F4:73:96:CD,ihoment_H601B_96CD,-79,1761677307001
35083,1761677307699.0,0adab909-eb8f-4baf-9eed-7a4cc889cb7c,4C:96:8A:ED:6A:01,SPEN NA,-57,1761677307001
35084,1761677308061.0,0adab909-eb8f-4baf-9eed-7a4cc889cb7c,FF:10:10:AE:A7:64,Sunset lights,-75,1761677307001
35085,1761677308718.0,0adab909-eb8f-4baf-9eed-7a4cc889cb7c,60:74:F4:75:21:D5,ihoment_H601B_21D5,-88,1761677307001
35086,1761677309955.0,0adab909-eb8f-4baf-9eed-7a4cc889cb7c,60:74:F4:72:90:3F,ihoment_H601B_903F,-84,1761677307001
35087,1761677310325.0,0adab909-eb8f-4baf-9eed-7a4cc889cb7c,4C:96:8A:ED:6A:01,SPEN NA,-50,1761677307001
35088,1761677310349.0,0adab909-eb8f-4baf-9eed-7a4cc889cb7c,58:65:06:B2:64:96,,-94,1761677307001
35089,1761677310652.0,0adab909-eb8f-4baf-9eed-7a4cc889cb7c,4C:96:8A:ED:6A:01,SPEN NA,-57,1761677307001
35090,1761677310972.0,0adab909-eb8f-4baf-9eed-7a4cc889cb7c,4C:96:8A:ED:6A:01,SPEN NA,-49,1761677307001
35091,1761677311293.0,0adab909-eb8f-4baf-9eed-7a4cc889cb7c,4C:96:8A:ED:6A:01,SPEN NA,-46,1761677307001
35092,1761677311596.0,0adab909-eb8f-4baf-9eed-7a4cc889cb7c,4C:96:8A:ED:6A:01,SPEN NA,-50,1761677307001
35093,1761677311913.0,0adab909-eb8f-4baf-9eed-7a4cc889cb7c,4C:96:8A:ED:6A:01,SPEN NA,-47,1761677307001
35094,1761677312210.0,0adab909-eb8f-4baf-9eed-7a4cc889cb7c,4C:96:8A:ED:6A:01,SPEN NA,-47,1761677307001
35095,1761677312548.0,0adab909-eb8f-4baf-9eed-7a4cc889cb7c,4C:96:8A:ED:6A:01,SPEN NA,-57,1761677307001
35096,1761677313172.0,0adab909-eb8f-4baf-9eed-7a4cc889cb7c,4C:96:8A:ED:6A:01,SPEN NA,-47,1761677307001
35097,1761677313776.0,0adab909-eb8f-4baf-9eed-7a4cc889cb7c,4C:96:8A:ED:6A:01,SPEN NA,-49,1761677307001
35098,1761677314119.0,0adab909-eb8f-4baf-9eed-7a4cc889cb7c,4C:96:8A:ED:6A:01,SPEN NA,-47,1761677307001
35099,1761677316103.0,0adab909-eb8f-4baf-9eed-7a4cc889cb7c,4C:96:8A:ED:6A:01,SPEN NA,-47,1761677307001
35100,1761677316435.0,0adab909-eb8f-4baf-9eed-7a4cc889cb7c,4C:96:8A:ED:6A:01,SPEN NA,-55,1761677307001
35101,1761677317062.0,0adab909-eb8f-4baf-9eed-7a4cc889cb7c,4C:96:8A:ED:6A:01,SPEN NA,-47,1761677307001
35102,1761677317670.0,0adab909-eb8f-4baf-9eed-7a4cc889cb7c,4C:96:8A:ED:6A:01,SPEN NA,-49,1761677307001
35103,1761677317989.0,0adab909-eb8f-4baf-9eed-7a4cc889cb7c,4C:96:8A:ED:6A:01,SPEN NA,-45,1761677307001
35104,1761677318319.0,0adab909-eb8f-4baf-9eed-7a4cc889cb7c,4C:96:8A:ED:6A:01,SPEN NA,-50,1761677307001
35105,1761677318640.0,0adab909-eb8f-4baf-9eed-7a4cc889cb7c,4C:96:8A:ED:6A:01,SPEN NA,-46,1761677307001
35106,1761677318951.0,0adab909-eb8f-4baf-9eed-7a4cc889cb7c,4C:96:8A:ED:6A:01,SPEN NA,-53,1761677307001
35107,1761677319571.0,0adab909-eb8f-4baf-9eed-7a4cc889cb7c,4C:96:8A:ED:6A:01,SPEN NA,-52,1761677307001
35108,1761677950426.0,0adab909-eb8f-4baf-9eed-7a4cc889cb7c,FF:10:10:AE:A7:64,Sunset lights,-79,1761677950400
35109,1761677950806.0,0adab909-eb8f-4baf-9eed-7a4cc889cb7c,60:74:F4:75:21:D5,ihoment_H601B_21D5,-84,1761677950400
35110,1761677950821.0,0adab909-eb8f-4baf-9eed-7a4cc889cb7c,68:CC:86:AC:5D:21,,-84,1761677950400
35111,1761677952754.0,0adab909-eb8f-4baf-9eed-7a4cc889cb7c,60:74:F4:73:96:CD,ihoment_H601B_96CD,-69,1761677950400
35112,1761677952774.0,0adab909-eb8f-4baf-9eed-7a4cc889cb7c,CF:33:36:32:4C:1E,Govee_H6054_4C1E,-77,1761677950400
35113,1761677953946.0,0adab909-eb8f-4baf-9eed-7a4cc889cb7c,CC:F9:57:AE:A8:08,Audi_MMI_8676,-100,1761677950400
35114,1761678529588.0,0adab909-eb8f-4baf-9eed-7a4cc889cb7c,FF:10:10:AE:A7:64,Sunset lights,-80,1761678529585
35115,1761678529908.0,0adab909-eb8f-4baf-9eed-7a4cc889cb7c,CF:33:36:32:4C:1E,Govee_H6054_4C1E,-77,1761678529585
35116,1761678542395.0,0adab909-eb8f-4baf-9eed-7a4cc889cb7c,FF:10:10:AE:A7:64,Sunset lights,-79,1761678529585
35117,1761678543488.0,0adab909-eb8f-4baf-9eed-7a4cc889cb7c,CF:33:36:32:4C:1E,Govee_H6054_4C1E,-82,1761678529585
35118,1761678543524.0,0adab909-eb8f-4baf-9eed-7a4cc889cb7c,E1:91:D0:2A:54:7C,,-91,1761678529585
35119,1761678544455.0,0adab909-eb8f-4baf-9eed-7a4cc889cb7c,1F:AE:55:A6:36:CC,,-89,1761678529585
35120,1761679101649.0,0adab909-eb8f-4baf-9eed-7a4cc889cb7c,CF:33:36:32:4C:1E,Govee_H6054_4C1E,-79,1761679101195
35121,1761679103548.0,0adab909-eb8f-4baf-9eed-7a4cc889cb7c,6A:55:BA:7A:FD:01,,-85,1761679101195
35122,1761679105179.0,0adab909-eb8f-4baf-9eed-7a4cc889cb7c,40:95:11:FF:E9:5A,,-90,1761679101195
35123,1761679105784.0,0adab909-eb8f-4baf-9eed-7a4cc889cb7c,FF:10:10:AE:A7:64,Sunset lights,-78,1761679101195
35124,1761679114088.0,0adab909-eb8f-4baf-9eed-7a4cc889cb7c,CF:33:36:32:4C:1E,Govee_H6054_4C1E,-75,1761679101195
35125,1761679114113.0,0adab909-eb8f-4baf-9eed-7a4cc889cb7c,1A:60:00:A8:E0:1E,,-81,1761679101195
35126,1761679114560.0,0adab909-eb8f-4baf-9eed-7a4cc889cb7c,FF:10:10:AE:A7:64,Sunset lights,-82,1761679101195
35127,1761679115155.0,0adab909-eb8f-4baf-9eed-7a4cc889cb7c,6A:55:BA:7A:FD:01,,-79,1761679101195
35128,1761679115317.0,0adab909-eb8f-4baf-9eed-7a4cc889cb7c,CD:8E:93:F6:04:93,,-88,1761679101195
35129,1761679116210.0,0adab909-eb8f-4baf-9eed-7a4cc889cb7c,00:A4:1C:80:B5:00,WH-CH720N,-90,1761679101195
35130,1761679116234.0,0adab909-eb8f-4baf-9eed-7a4cc889cb7c,2B:66:C8:97:15:AF,,-91,1761679101195
35131,1761679744647.0,0adab909-eb8f-4baf-9eed-7a4cc889cb7c,40:E2:49:BD:2D:70,,-83,1761679744543
35132,1761679745250.0,0adab909-eb8f-4baf-9eed-7a4cc889cb7c,FF:10:10:AE:A7:64,Sunset lights,-78,1761679744543
35133,1761679745269.0,0adab909-eb8f-4baf-9eed-7a4cc889cb7c,CF:33:36:32:4C:1E,Govee_H6054_4C1E,-79,1761679744543
35134,1761680327381.0,0adab909-eb8f-4baf-9eed-7a4cc889cb7c,FF:10:10:AE:A7:64,Sunset lights,-75,1761680326998
35135,1761680329026.0,0adab909-eb8f-4baf-9eed-7a4cc889cb7c,CF:33:36:32:4C:1E,Govee_H6054_4C1E,-76,1761680326998
35136,1761680906712.0,0adab909-eb8f-4baf-9eed-7a4cc889cb7c,5D:F8:2B:0B:C1:FE,,-78,1761680906030
35137,1761680907047.0,0adab909-eb8f-4baf-9eed-7a4cc889cb7c,6D:A6:33:1B:CC:4E,,-80,1761680906030
35138,1761680907061.0,0adab909-eb8f-4baf-9eed-7a4cc889cb7c,63:FF:47:7F:50:50,,-81,1761680906030
35139,1761680907072.0,0adab909-eb8f-4baf-9eed-7a4cc889cb7c,FF:10:10:AE:A7:64,Sunset lights,-82,1761680906030
35140,1761680907084.0,0adab909-eb8f-4baf-9eed-7a4cc889cb7c,CF:33:36:32:4C:1E,Govee_H6054_4C1E,-76,1761680906030
35141,1761680907436.0,0adab909-eb8f-4baf-9eed-7a4cc889cb7c,53:1F:74:0D:D1:5F,,-84,1761680906030
35142,1761680907719.0,0adab909-eb8f-4baf-9eed-7a4cc889cb7c,6B:A2:77:C4:9F:04,,-86,1761680906030
35143,1761681500154.0,0adab909-eb8f-4baf-9eed-7a4cc889cb7c,62:6F:B0:F5:85:75,,-84,1761681500079
35144,1761681500174.0,0adab909-eb8f-4baf-9eed-7a4cc889cb7c,CF:33:36:32:4C:1E,Govee_H6054_4C1E,-76,1761681500079
35145,1761681500517.0,0adab909-eb8f-4baf-9eed-7a4cc889cb7c,FF:10:10:AE:A7:64,Sunset lights,-75,1761681500079
35146,1761681500808.0,0adab909-eb8f-4baf-9eed-7a4cc889cb7c,6D:A6:33:1B:CC:4E,,-87,1761681500079
35147,1761681501438.0,0adab909-eb8f-4baf-9eed-7a4cc889cb7c,5D:F8:2B:0B:C1:FE,,-69,1761681500079
35148,1761681502135.0,0adab909-eb8f-4baf-9eed-7a4cc889cb7c,63:FF:47:7F:50:50,,-80,1761681500079
35149,1761682155850.0,0adab909-eb8f-4baf-9eed-7a4cc889cb7c,CF:33:36:32:4C:1E,Govee_H6054_4C1E,-75,1761682155782
35150,1761682156197.0,0adab909-eb8f-4baf-9eed-7a4cc889cb7c,59:FE:5C:B3:37:75,,-74,1761682155782
35151,1761682156880.0,0adab909-eb8f-4baf-9eed-7a4cc889cb7c,FF:10:10:AE:A7:64,Sunset lights,-89,1761682155782
35152,1761682157525.0,0adab909-eb8f-4baf-9eed-7a4cc889cb7c,4A:DB:DD:A1:F7:46,,-83,1761682155782
35153,1761682157965.0,0adab909-eb8f-4baf-9eed-7a4cc889cb7c,62:5A:2A:EE:74:B9,,-91,1761682155782
35154,1761682738293.0,0adab909-eb8f-4baf-9eed-7a4cc889cb7c,FF:10:10:AE:A7:64,Sunset lights,-78,1761682738275
35155,1761682738976.0,0adab909-eb8f-4baf-9eed-7a4cc889cb7c,CF:33:36:32:4C:1E,Govee_H6054_4C1E,-76,1761682738275
35156,1761682739365.0,0adab909-eb8f-4baf-9eed-7a4cc889cb7c,59:FE:5C:B3:37:75,,-85,1761682738275
35157,1761682739666.0,0adab909-eb8f-4baf-9eed-7a4cc889cb7c,68:BB:0D:ED:9B:63,,-76,1761682738275
35158,1761682740965.0,0adab909-eb8f-4baf-9eed-7a4cc889cb7c,4A:DB:DD:A1:F7:46,,-81,1761682738275
35159,1761683317366.0,0adab909-eb8f-4baf-9eed-7a4cc889cb7c,68:49:41:9D:E3:4D,,-81,1761683317297
35160,1761683317675.0,0adab909-eb8f-4baf-9eed-7a4cc889cb7c,60:74:F4:73:99:E7,ihoment_H601B_99E7,-87,1761683317297
35161,1761683317698.0,0adab909-eb8f-4baf-9eed-7a4cc889cb7c,CF:33:36:32:4C:1E,Govee_H6054_4C1E,-71,1761683317297
35162,1761683318056.0,0adab909-eb8f-4baf-9eed-7a4cc889cb7c,FF:10:10:AE:A7:64,Sunset lights,-72,1761683317297
35163,1761683318376.0,0adab909-eb8f-4baf-9eed-7a4cc889cb7c,60:74:F4:72:90:3F,ihoment_H601B_903F,-83,1761683317297
35164,1761683318393.0,0adab909-eb8f-4baf-9eed-7a4cc889cb7c,67:FD:60:D2:7E:A8,,-84,1761683317297
35165,1761683326646.0,0adab909-eb8f-4baf-9eed-7a4cc889cb7c,48:CE:83:C9:80:03,,-92,1761683317297
35166,1761683330241.0,0adab909-eb8f-4baf-9eed-7a4cc889cb7c,FF:10:10:AE:A7:64,Sunset lights,-77,1761683317297
35167,1761683330325.0,0adab909-eb8f-4baf-9eed-7a4cc889cb7c,68:49:41:9D:E3:4D,,-81,1761683317297
35168,1761683330347.0,0adab909-eb8f-4baf-9eed-7a4cc889cb7c,60:74:F4:73:99:E7,ihoment_H601B_99E7,-88,1761683317297
35169,1761683330378.0,0adab909-eb8f-4baf-9eed-7a4cc889cb7c,EC:1C:30:E9:0E:1F,,-80,1761683317297
35170,1761683332710.0,0adab909-eb8f-4baf-9eed-7a4cc889cb7c,CF:33:36:32:4C:1E,Govee_H6054_4C1E,-72,1761683317297
35171,1761683332995.0,0adab909-eb8f-4baf-9eed-7a4cc889cb7c,60:74:F4:72:90:3F,ihoment_H601B_903F,-86,1761683317297
35172,1761683904874.0,0adab909-eb8f-4baf-9eed-7a4cc889cb7c,60:74:F4:73:99:E7,ihoment_H601B_99E7,-82,1761683904835
35173,1761683905198.0,0adab909-eb8f-4baf-9eed-7a4cc889cb7c,FF:10:10:AE:A7:64,Sunset lights,-74,1761683904835
35174,1761683905217.0,0adab909-eb8f-4baf-9eed-7a4cc889cb7c,CF:33:36:32:4C:1E,Govee_H6054_4C1E,-81,1761683904835
35175,1761683905559.0,0adab909-eb8f-4baf-9eed-7a4cc889cb7c,68:49:41:9D:E3:4D,,-85,1761683904835
35176,1761683909740.0,0adab909-eb8f-4baf-9eed-7a4cc889cb7c,60:74:F4:72:90:3F,ihoment_H601B_903F,-84,1761683904835
35177,1761684548313.0,0adab909-eb8f-4baf-9eed-7a4cc889cb7c,60:74:F4:72:90:3F,ihoment_H601B_903F,-80,1761684548290
35178,1761684548346.0,0adab909-eb8f-4baf-9eed-7a4cc889cb7c,CF:33:36:32:4C:1E,Govee_H6054_4C1E,-78,1761684548290
35179,1761684548702.0,0adab909-eb8f-4baf-9eed-7a4cc889cb7c,60:74:F4:73:99:E7,ihoment_H601B_99E7,-83,1761684548290
35180,1761684549347.0,0adab909-eb8f-4baf-9eed-7a4cc889cb7c,7C:75:56:BE:7D:CA,,-78,1761684548290
35181,1761684551615.0,0adab909-eb8f-4baf-9eed-7a4cc889cb7c,FF:10:10:AE:A7:64,Sunset lights,-80,1761684548290
35182,1761684561274.0,0adab909-eb8f-4baf-9eed-7a4cc889cb7c,FF:10:10:AE:A7:64,Sunset lights,-82,1761684548290
35183,1761684562083.0,0adab909-eb8f-4baf-9eed-7a4cc889cb7c,CF:33:36:32:4C:1E,Govee_H6054_4C1E,-69,1761684548290
35184,1761684562206.0,0adab909-eb8f-4baf-9eed-7a4cc889cb7c,60:74:F4:73:99:E7,ihoment_H601B_99E7,-83,1761684548290
35185,1761684562242.0,0adab909-eb8f-4baf-9eed-7a4cc889cb7c,F0:2E:59:58:1A:13,,-75,1761684548290
35186,1761684563097.0,0adab909-eb8f-4baf-9eed-7a4cc889cb7c,7C:75:56:BE:7D:CA,,-82,1761684548290
35187,1761684564079.0,0adab909-eb8f-4baf-9eed-7a4cc889cb7c,60:74:F4:72:90:3F,ihoment_H601B_903F,-81,1761684548290
35188,1761684564284.0,0adab909-eb8f-4baf-9eed-7a4cc889cb7c,CF:33:36:32:4C:1E,Govee_H6054_4C1E,-76,1761684548290
35189,1761685127440.0,0adab909-eb8f-4baf-9eed-7a4cc889cb7c,FF:10:10:AE:A7:64,Sunset lights,-86,1761685127400
35190,1761685129123.0,0adab909-eb8f-4baf-9eed-7a4cc889cb7c,7C:75:56:BE:7D:CA,,-82,1761685127400
35191,1761685140731.0,0adab909-eb8f-4baf-9eed-7a4cc889cb7c,7C:75:56:BE:7D:CA,,-79,1761685127400
35192,1761685141921.0,0adab909-eb8f-4baf-9eed-7a4cc889cb7c,FF:10:10:AE:A7:64,Sunset lights,-82,1761685127400
35193,1761685142930.0,0adab909-eb8f-4baf-9eed-7a4cc889cb7c,C0:BE:59:9B:9F:E7,,-77,1761685127400
35194,1761685711222.0,0adab909-eb8f-4baf-9eed-7a4cc889cb7c,7C:75:56:BE:7D:CA,,-81,1761685709864
35195,1761685711569.0,0adab909-eb8f-4baf-9eed-7a4cc889cb7c,44:62:84:53:EE:72,,-83,1761685709864
35196,1761685711600.0,0adab909-eb8f-4baf-9eed-7a4cc889cb7c,FF:10:10:AE:A7:64,Sunset lights,-81,1761685709864
35197,1761685722843.0,0adab909-eb8f-4baf-9eed-7a4cc889cb7c,7C:75:56:BE:7D:CA,,-87,1761685709864
35198,1761685722884.0,0adab909-eb8f-4baf-9eed-7a4cc889cb7c,FF:10:10:AE:A7:64,Sunset lights,-78,1761685709864
35199,1761685722943.0,0adab909-eb8f-4baf-9eed-7a4cc889cb7c,44:62:84:53:EE:72,,-80,1761685709864
35200,1761685723800.0,0adab909-eb8f-4baf-9eed-7a4cc889cb7c,52:B7:D9:33:05:D4,,-78,1761685709864
35201,1761686353350.0,0adab909-eb8f-4baf-9eed-7a4cc889cb7c,4C:96:8A:ED:6A:01,SPEN NA,-63,1761686353341
35202,1761686353754.0,0adab909-eb8f-4baf-9eed-7a4cc889cb7c,4C:96:8A:ED:6A:01,SPEN NA,-66,1761686353341
35203,1761686354069.0,0adab909-eb8f-4baf-9eed-7a4cc889cb7c,FF:10:10:AE:A7:64,Sunset lights,-79,1761686353341
35204,1761686354098.0,0adab909-eb8f-4baf-9eed-7a4cc889cb7c,4C:96:8A:ED:6A:01,SPEN NA,-70,1761686353341
35205,1761686354133.0,0adab909-eb8f-4baf-9eed-7a4cc889cb7c,4E:77:82:D9:67:77,,-82,1761686353341
35206,1761686354367.0,0adab909-eb8f-4baf-9eed-7a4cc889cb7c,4C:96:8A:ED:6A:01,SPEN NA,-62,1761686353341
35207,1761686354685.0,0adab909-eb8f-4baf-9eed-7a4cc889cb7c,4C:96:8A:ED:6A:01,SPEN NA,-65,1761686353341
35208,1761686354996.0,0adab909-eb8f-4baf-9eed-7a4cc889cb7c,4C:96:8A:ED:6A:01,SPEN NA,-66,1761686353341
35209,1761686355944.0,0adab909-eb8f-4baf-9eed-7a4cc889cb7c,4C:96:8A:ED:6A:01,SPEN NA,-65,1761686353341
35210,1761686356283.0,0adab909-eb8f-4baf-9eed-7a4cc889cb7c,4C:96:8A:ED:6A:01,SPEN NA,-62,1761686353341
35211,1761686356568.0,0adab909-eb8f-4baf-9eed-7a4cc889cb7c,4C:96:8A:ED:6A:01,SPEN NA,-65,1761686353341
35212,1761686357219.0,0adab909-eb8f-4baf-9eed-7a4cc889cb7c,4C:96:8A:ED:6A:01,SPEN NA,-67,1761686353341
35213,1761686357832.0,0adab909-eb8f-4baf-9eed-7a4cc889cb7c,4C:96:8A:ED:6A:01,SPEN NA,-68,1761686353341
35214,1761686358473.0,0adab909-eb8f-4baf-9eed-7a4cc889cb7c,4C:96:8A:ED:6A:01,SPEN NA,-65,1761686353341
35215,1761686358792.0,0adab909-eb8f-4baf-9eed-7a4cc889cb7c,4C:96:8A:ED:6A:01,SPEN NA,-66,1761686353341
35216,1761686359104.0,0adab909-eb8f-4baf-9eed-7a4cc889cb7c,4C:96:8A:ED:6A:01,SPEN NA,-63,1761686353341
35217,1761686359516.0,0adab909-eb8f-4baf-9eed-7a4cc889cb7c,4C:96:8A:ED:6A:01,SPEN NA,-68,1761686353341
35218,1761686360457.0,0adab909-eb8f-4baf-9eed-7a4cc889cb7c,4C:96:8A:ED:6A:01,SPEN NA,-69,1761686353341
35219,1761686360798.0,0adab909-eb8f-4baf-9eed-7a4cc889cb7c,4C:96:8A:ED:6A:01,SPEN NA,-66,1761686353341
35220,1761686361070.0,0adab909-eb8f-4baf-9eed-7a4cc889cb7c,4C:96:8A:ED:6A:01,SPEN NA,-64,1761686353341
35221,1761686361419.0,0adab909-eb8f-4baf-9eed-7a4cc889cb7c,4C:96:8A:ED:6A:01,SPEN NA,-69,1761686353341
35222,1761686361727.0,0adab909-eb8f-4baf-9eed-7a4cc889cb7c,4C:96:8A:ED:6A:01,SPEN NA,-66,1761686353341
35223,1761686362022.0,0adab909-eb8f-4baf-9eed-7a4cc889cb7c,4C:96:8A:ED:6A:01,SPEN NA,-67,1761686353341
35224,1761686362666.0,0adab909-eb8f-4baf-9eed-7a4cc889cb7c,4C:96:8A:ED:6A:01,SPEN NA,-69,1761686353341
35225,1761686362981.0,0adab909-eb8f-4baf-9eed-7a4cc889cb7c,4C:96:8A:ED:6A:01,SPEN NA,-62,1761686353341
35226,1761686363304.0,0adab909-eb8f-4baf-9eed-7a4cc889cb7c,4C:96:8A:ED:6A:01,SPEN NA,-65,1761686353341
35227,1761686363618.0,0adab909-eb8f-4baf-9eed-7a4cc889cb7c,4C:96:8A:ED:6A:01,SPEN NA,-69,1761686353341
35228,1761686363960.0,0adab909-eb8f-4baf-9eed-7a4cc889cb7c,4C:96:8A:ED:6A:01,SPEN NA,-68,1761686353341
35229,1761686364558.0,0adab909-eb8f-4baf-9eed-7a4cc889cb7c,4C:96:8A:ED:6A:01,SPEN NA,-69,1761686353341
35230,1761686366244.0,0adab909-eb8f-4baf-9eed-7a4cc889cb7c,4C:96:8A:ED:6A:01,SPEN NA,-67,1761686353341
35231,1761686366308.0,0adab909-eb8f-4baf-9eed-7a4cc889cb7c,FF:10:10:AE:A7:64,Sunset lights,-77,1761686353341
35232,1761686366346.0,0adab909-eb8f-4baf-9eed-7a4cc889cb7c,54:9C:00:38:5A:96,,-83,1761686353341
35233,1761686367268.0,0adab909-eb8f-4baf-9eed-7a4cc889cb7c,4E:77:82:D9:67:77,,-76,1761686353341
35234,1761686949319.0,0adab909-eb8f-4baf-9eed-7a4cc889cb7c,FF:10:10:AE:A7:64,Sunset lights,-70,1761686949257
35235,1761686955494.0,0adab909-eb8f-4baf-9eed-7a4cc889cb7c,5B:5A:82:C7:B9:D2,,-86,1761686949257
35236,1761686957809.0,0adab909-eb8f-4baf-9eed-7a4cc889cb7c,55:BC:FE:02:DC:E5,,-91,1761686949257
35237,1761686962319.0,0adab909-eb8f-4baf-9eed-7a4cc889cb7c,FF:10:10:AE:A7:64,Sunset lights,-69,1761686949257
35238,1761687532183.0,0adab909-eb8f-4baf-9eed-7a4cc889cb7c,77:A6:CE:27:4D:7A,,-76,1761687531736
35239,1761687535845.0,0adab909-eb8f-4baf-9eed-7a4cc889cb7c,FF:10:10:AE:A7:64,Sunset lights,-69,1761687531736
35240,1761687544875.0,0adab909-eb8f-4baf-9eed-7a4cc889cb7c,FF:10:10:AE:A7:64,Sunset lights,-68,1761687531736
35241,1761687545943.0,0adab909-eb8f-4baf-9eed-7a4cc889cb7c,77:A6:CE:27:4D:7A,,-77,1761687531736
35242,1761688111300.0,0adab909-eb8f-4baf-9eed-7a4cc889cb7c,77:A6:CE:27:4D:7A,,-80,1761688110819
35243,1761688111326.0,0adab909-eb8f-4baf-9eed-7a4cc889cb7c,FF:10:10:AE:A7:64,Sunset lights,-68,1761688110819
35244,1761688114113.0,0adab909-eb8f-4baf-9eed-7a4cc889cb7c,7D:6C:0B:2D:7C:71,,-91,1761688110819
35245,1761688121115.0,0adab909-eb8f-4baf-9eed-7a4cc889cb7c,4F:13:F6:F1:AA:28,,-93,1761688110819
35246,1761688123768.0,0adab909-eb8f-4baf-9eed-7a4cc889cb7c,77:A6:CE:27:4D:7A,,-84,1761688110819
35247,1761688123857.0,0adab909-eb8f-4baf-9eed-7a4cc889cb7c,FF:10:10:AE:A7:64,Sunset lights,-71,1761688110819
35248,1761688758422.0,0adab909-eb8f-4baf-9eed-7a4cc889cb7c,FF:10:10:AE:A7:64,Sunset lights,-75,1761688757661
35249,1761688758719.0,0adab909-eb8f-4baf-9eed-7a4cc889cb7c,77:A6:CE:27:4D:7A,,-78,1761688757661
35250,1761688770546.0,0adab909-eb8f-4baf-9eed-7a4cc889cb7c,4F:13:F6:F1:AA:28,,-94,1761688757661
35251,1761688770572.0,0adab909-eb8f-4baf-9eed-7a4cc889cb7c,77:A6:CE:27:4D:7A,,-79,1761688757661
35252,1761688770641.0,0adab909-eb8f-4baf-9eed-7a4cc889cb7c,FC:C9:CB:C1:BF:EC,,-74,1761688757661
35253,1761688770878.0,0adab909-eb8f-4baf-9eed-7a4cc889cb7c,FF:10:10:AE:A7:64,Sunset lights,-75,1761688757661
35254,1761689336821.0,0adab909-eb8f-4baf-9eed-7a4cc889cb7c,56:D2:DE:FD:96:C4,,-88,1761689336761
35255,1761689337848.0,0adab909-eb8f-4baf-9eed-7a4cc889cb7c,FF:10:10:AE:A7:64,Sunset lights,-76,1761689336761
35256,1761689348374.0,0adab909-eb8f-4baf-9eed-7a4cc889cb7c,52:62:89:E9:D6:EC,,-90,1761689336761
35257,1761689349717.0,0adab909-eb8f-4baf-9eed-7a4cc889cb7c,52:62:89:E9:D6:EC,,-91,1761689336761
35258,1761689349742.0,0adab909-eb8f-4baf-9eed-7a4cc889cb7c,FF:10:10:AE:A7:64,Sunset lights,-76,1761689336761
35259,1761689350709.0,0adab909-eb8f-4baf-9eed-7a4cc889cb7c,56:D2:DE:FD:96:C4,,-81,1761689336761
35260,1761689352677.0,0adab909-eb8f-4baf-9eed-7a4cc889cb7c,56:D2:DE:FD:96:C4,,-84,1761689336761
35261,1761689352701.0,0adab909-eb8f-4baf-9eed-7a4cc889cb7c,FF:10:10:AE:A7:64,Sunset lights,-79,1761689336761
35262,1761689915931.0,0adab909-eb8f-4baf-9eed-7a4cc889cb7c,52:62:89:E9:D6:EC,,-88,1761689915889
35263,1761689916273.0,0adab909-eb8f-4baf-9eed-7a4cc889cb7c,FF:10:10:AE:A7:64,Sunset lights,-75,1761689915889
35264,1761689916918.0,0adab909-eb8f-4baf-9eed-7a4cc889cb7c,56:D2:DE:FD:96:C4,,-80,1761689915889
35265,1761689929893.0,0adab909-eb8f-4baf-9eed-7a4cc889cb7c,E6:E3:80:34:2E:F0,,-66,1761689915889
35266,1761690532427.0,0adab909-eb8f-4baf-9eed-7a4cc889cb7c,FF:10:10:AE:A7:64,Sunset lights,-76,1761690531663
35267,1761690533678.0,0adab909-eb8f-4baf-9eed-7a4cc889cb7c,52:62:89:E9:D6:EC,,-91,1761690531663
35268,1761690534068.0,0adab909-eb8f-4baf-9eed-7a4cc889cb7c,56:D2:DE:FD:96:C4,,-78,1761690531663
35269,1761690544668.0,0adab909-eb8f-4baf-9eed-7a4cc889cb7c,DC:11:52:78:94:B3,,-75,1761690531663
35270,1761690545615.0,0adab909-eb8f-4baf-9eed-7a4cc889cb7c,FF:10:10:AE:A7:64,Sunset lights,-73,1761690531663
35271,1761691131829.0,0adab909-eb8f-4baf-9eed-7a4cc889cb7c,FF:10:10:AE:A7:64,Sunset lights,-81,1761691131699
35272,1761691132508.0,0adab909-eb8f-4baf-9eed-7a4cc889cb7c,52:C7:47:AF:87:E5,,-82,1761691131699
35273,1761691144604.0,0adab909-eb8f-4baf-9eed-7a4cc889cb7c,FF:10:10:AE:A7:64,Sunset lights,-74,1761691131699
35274,1761691144756.0,0adab909-eb8f-4baf-9eed-7a4cc889cb7c,DC:11:52:78:94:B3,,-65,1761691131699
35275,1761691144813.0,0adab909-eb8f-4baf-9eed-7a4cc889cb7c,10:58:5C:70:38:82,,-92,1761691131699
35276,1761691731592.0,0adab909-eb8f-4baf-9eed-7a4cc889cb7c,FF:10:10:AE:A7:64,Sunset lights,-90,1761691731093
35277,1761691733730.0,0adab909-eb8f-4baf-9eed-7a4cc889cb7c,52:C7:47:AF:87:E5,,-82,1761691731093
35278,1761691734700.0,0adab909-eb8f-4baf-9eed-7a4cc889cb7c,44:C0:83:FA:4B:74,,-89,1761691731093
35279,1761691734746.0,0adab909-eb8f-4baf-9eed-7a4cc889cb7c,45:6D:DA:24:D3:31,,-91,1761691731093
35280,1761691744019.0,0adab909-eb8f-4baf-9eed-7a4cc889cb7c,D9:DD:92:E2:67:7F,,-94,1761691731093
35281,1761691744095.0,0adab909-eb8f-4baf-9eed-7a4cc889cb7c,FF:10:10:AE:A7:64,Sunset lights,-73,1761691731093
35282,1761691745968.0,0adab909-eb8f-4baf-9eed-7a4cc889cb7c,45:6D:DA:24:D3:31,,-90,1761691731093
35283,1761691746009.0,0adab909-eb8f-4baf-9eed-7a4cc889cb7c,32:50:EA:1A:61:F7,,-92,1761691731093
35284,1761691746142.0,0adab909-eb8f-4baf-9eed-7a4cc889cb7c,52:C7:47:AF:87:E5,,-87,1761691731093
35285,1761691746967.0,0adab909-eb8f-4baf-9eed-7a4cc889cb7c,52:C7:47:AF:87:E5,,-76,1761691731093
35286,1761692331528.0,0adab909-eb8f-4baf-9eed-7a4cc889cb7c,FF:10:10:AE:A7:64,Sunset lights,-82,1761692331110
35287,1761692332160.0,0adab909-eb8f-4baf-9eed-7a4cc889cb7c,52:C7:47:AF:87:E5,,-74,1761692331110
35288,1761692345074.0,0adab909-eb8f-4baf-9eed-7a4cc889cb7c,FA:68:47:62:14:47,,-74,1761692331110
35289,1761692345103.0,0adab909-eb8f-4baf-9eed-7a4cc889cb7c,06:09:76:92:73:CB,,-91,1761692331110
35290,1761692345128.0,0adab909-eb8f-4baf-9eed-7a4cc889cb7c,FF:10:10:AE:A7:64,Sunset lights,-79,1761692331110
35291,1761692931516.0,0adab909-eb8f-4baf-9eed-7a4cc889cb7c,40:5E:EA:7A:AE:B2,,-88,1761692931104
35292,1761692931802.0,0adab909-eb8f-4baf-9eed-7a4cc889cb7c,FF:10:10:AE:A7:64,Sunset lights,-75,1761692931104
35293,1761692944088.0,0adab909-eb8f-4baf-9eed-7a4cc889cb7c,FF:10:10:AE:A7:64,Sunset lights,-72,1761692931104
35294,1761692944983.0,0adab909-eb8f-4baf-9eed-7a4cc889cb7c,C9:EE:1D:23:39:36,,-83,1761692931104
35295,1761692945077.0,0adab909-eb8f-4baf-9eed-7a4cc889cb7c,D0:D9:2E:2E:BA:EF,,-83,1761692931104
35296,1761693531832.0,0adab909-eb8f-4baf-9eed-7a4cc889cb7c,FF:10:10:AE:A7:64,Sunset lights,-70,1761693531725
35297,1761693533044.0,0adab909-eb8f-4baf-9eed-7a4cc889cb7c,40:5E:EA:7A:AE:B2,,-79,1761693531725
35298,1761693536627.0,0adab909-eb8f-4baf-9eed-7a4cc889cb7c,49:A5:A3:ED:99:BA,,-94,1761693531725
35299,1761693544694.0,0adab909-eb8f-4baf-9eed-7a4cc889cb7c,FF:10:10:AE:A7:64,Sunset lights,-73,1761693531725
35300,1761693545708.0,0adab909-eb8f-4baf-9eed-7a4cc889cb7c,40:5E:EA:7A:AE:B2,,-79,1761693531725
35301,1761693545745.0,0adab909-eb8f-4baf-9eed-7a4cc889cb7c,34:80:92:BB:19:18,,-93,1761693531725
35302,1761694143029.0,0adab909-eb8f-4baf-9eed-7a4cc889cb7c,FF:10:10:AE:A7:64,Sunset lights,-86,1761694143018
35303,1761694144055.0,0adab909-eb8f-4baf-9eed-7a4cc889cb7c,51:D0:97:E2:F4:4B,,-79,1761694143018
35304,1761694144686.0,0adab909-eb8f-4baf-9eed-7a4cc889cb7c,49:A5:A3:ED:99:BA,,-89,1761694143018
35305,1761694732428.0,0adab909-eb8f-4baf-9eed-7a4cc889cb7c,FF:10:10:AE:A7:64,Sunset lights,-78,1761694732031
35306,1761694733058.0,0adab909-eb8f-4baf-9eed-7a4cc889cb7c,51:D0:97:E2:F4:4B,,-73,1761694732031
35307,1761695394600.0,0adab909-eb8f-4baf-9eed-7a4cc889cb7c,FF:10:10:AE:A7:64,Sunset lights,-81,1761695394592
35308,1761695394665.0,0adab909-eb8f-4baf-9eed-7a4cc889cb7c,79:4C:88:39:E4:20,,-75,1761695394592
35309,1761696348377.0,0adab909-eb8f-4baf-9eed-7a4cc889cb7c,79:4C:88:39:E4:20,,-77,1761696348020
35310,1761696348425.0,0adab909-eb8f-4baf-9eed-7a4cc889cb7c,FF:10:10:AE:A7:64,Sunset lights,-81,1761696348020
35311,1761696649805.0,0adab909-eb8f-4baf-9eed-7a4cc889cb7c,FF:10:10:AE:A7:64,Sunset lights,-76,1761696649418
35312,1761696650113.0,0adab909-eb8f-4baf-9eed-7a4cc889cb7c,79:4C:88:39:E4:20,,-78,1761696649418
35313,1761697160763.0,0adab909-eb8f-4baf-9eed-7a4cc889cb7c,FF:10:10:AE:A7:64,Sunset lights,-76,1761697160033
35314,1761697161720.0,0adab909-eb8f-4baf-9eed-7a4cc889cb7c,7F:3A:76:67:F6:69,,-82,1761697160033
35315,1761697165608.0,0adab909-eb8f-4baf-9eed-7a4cc889cb7c,7A:A5:C8:63:4D:E6,,-93,1761697160033
35316,1761697743428.0,0adab909-eb8f-4baf-9eed-7a4cc889cb7c,7F:3A:76:67:F6:69,,-76,1761697742987
35317,1761697743693.0,0adab909-eb8f-4baf-9eed-7a4cc889cb7c,FF:10:10:AE:A7:64,Sunset lights,-76,1761697742987
35318,1761698380072.0,0adab909-eb8f-4baf-9eed-7a4cc889cb7c,FF:10:10:AE:A7:64,Sunset lights,-81,1761698380002
35319,1761698380096.0,0adab909-eb8f-4baf-9eed-7a4cc889cb7c,63:54:BE:B5:FB:41,,-73,1761698380002
35320,1761698913465.0,0adab909-eb8f-4baf-9eed-7a4cc889cb7c,63:54:BE:B5:FB:41,,-75,1761698913012
35321,1761698914485.0,0adab909-eb8f-4baf-9eed-7a4cc889cb7c,FF:10:10:AE:A7:64,Sunset lights,-79,1761698913012
35322,1761699513454.0,0adab909-eb8f-4baf-9eed-7a4cc889cb7c,63:54:BE:B5:FB:41,,-73,1761699513326
35323,1761699514750.0,0adab909-eb8f-4baf-9eed-7a4cc889cb7c,FF:10:10:AE:A7:64,Sunset lights,-77,1761699513326
35324,1761699524720.0,0adab909-eb8f-4baf-9eed-7a4cc889cb7c,5C:73:78:EC:22:98,,-73,1761699513326
35325,1761700113708.0,0adab909-eb8f-4baf-9eed-7a4cc889cb7c,5C:73:78:EC:22:98,,-81,1761700113187
35326,1761700114328.0,0adab909-eb8f-4baf-9eed-7a4cc889cb7c,FF:10:10:AE:A7:64,Sunset lights,-89,1761700113187
35327,1761700713921.0,0adab909-eb8f-4baf-9eed-7a4cc889cb7c,FF:10:10:AE:A7:64,Sunset lights,-79,1761700713011
35328,1761700715006.0,0adab909-eb8f-4baf-9eed-7a4cc889cb7c,5C:73:78:EC:22:98,,-73,1761700713011
35329,1761701545716.0,0adab909-eb8f-4baf-9eed-7a4cc889cb7c,44:1D:CF:4D:48:02,,-82,1761701544967
35330,1761701547282.0,0adab909-eb8f-4baf-9eed-7a4cc889cb7c,FF:10:10:AE:A7:64,Sunset lights,-79,1761701544967
35331,1761702145674.0,0adab909-eb8f-4baf-9eed-7a4cc889cb7c,44:1D:CF:4D:48:02,,-82,1761702145190
35332,1761702146634.0,0adab909-eb8f-4baf-9eed-7a4cc889cb7c,FF:10:10:AE:A7:64,Sunset lights,-79,1761702145190
35333,1761702942343.0,0adab909-eb8f-4baf-9eed-7a4cc889cb7c,FF:10:10:AE:A7:64,Sunset lights,-82,1761702942341
35334,1761702942368.0,0adab909-eb8f-4baf-9eed-7a4cc889cb7c,47:5B:CB:95:DC:77,,-74,1761702942341
35335,1761703242296.0,0adab909-eb8f-4baf-9eed-7a4cc889cb7c,FF:10:10:AE:A7:64,Sunset lights,-80,1761703241933
35336,1761703242667.0,0adab909-eb8f-4baf-9eed-7a4cc889cb7c,47:5B:CB:95:DC:77,,-81,1761703241933
35337,1761703843284.0,0adab909-eb8f-4baf-9eed-7a4cc889cb7c,FF:10:10:AE:A7:64,Sunset lights,-80,1761703842921
35338,1761703843304.0,0adab909-eb8f-4baf-9eed-7a4cc889cb7c,47:5B:CB:95:DC:77,,-75,1761703842921
35339,1761704442949.0,0adab909-eb8f-4baf-9eed-7a4cc889cb7c,4B:AA:8A:F2:D8:7B,,-73,1761704442930
35340,1761704443656.0,0adab909-eb8f-4baf-9eed-7a4cc889cb7c,FF:10:10:AE:A7:64,Sunset lights,-76,1761704442930
35341,1761704450080.0,0adab909-eb8f-4baf-9eed-7a4cc889cb7c,5A:C5:84:93:3E:7F,,-95,1761704442930
35342,1761704974943.0,0adab909-eb8f-4baf-9eed-7a4cc889cb7c,FF:10:10:AE:A7:64,Sunset lights,-81,1761704974916
35343,1761704976291.0,0adab909-eb8f-4baf-9eed-7a4cc889cb7c,4B:AA:8A:F2:D8:7B,,-73,1761704974916
35344,1761705575119.0,0adab909-eb8f-4baf-9eed-7a4cc889cb7c,43:3E:2C:36:F8:AF,,-74,1761705575115
35345,1761705575693.0,0adab909-eb8f-4baf-9eed-7a4cc889cb7c,FF:10:10:AE:A7:64,Sunset lights,-78,1761705575115
35346,1761706176986.0,0adab909-eb8f-4baf-9eed-7a4cc889cb7c,43:3E:2C:36:F8:AF,,-74,1761706175105
35347,1761706178849.0,0adab909-eb8f-4baf-9eed-7a4cc889cb7c,FF:10:10:AE:A7:64,Sunset lights,-81,1761706175105
35348,1761706775914.0,0adab909-eb8f-4baf-9eed-7a4cc889cb7c,43:3E:2C:36:F8:AF,,-80,1761706775638
35349,1761706775928.0,0adab909-eb8f-4baf-9eed-7a4cc889cb7c,FF:10:10:AE:A7:64,Sunset lights,-79,1761706775638
35350,1761706781524.0,0adab909-eb8f-4baf-9eed-7a4cc889cb7c,46:B4:14:4C:46:D3,,-80,1761706775638
35351,1761707308651.0,0adab909-eb8f-4baf-9eed-7a4cc889cb7c,FF:10:10:AE:A7:64,Sunset lights,-79,1761707307886
35352,1761707308978.0,0adab909-eb8f-4baf-9eed-7a4cc889cb7c,46:B4:14:4C:46:D3,,-74,1761707307886
35353,1761707907318.0,0adab909-eb8f-4baf-9eed-7a4cc889cb7c,61:86:3F:C2:F4:40,,-89,1761707906872
35354,1761707907929.0,0adab909-eb8f-4baf-9eed-7a4cc889cb7c,46:B4:14:4C:46:D3,,-81,1761707906872
35355,1761707908626.0,0adab909-eb8f-4baf-9eed-7a4cc889cb7c,FF:10:10:AE:A7:64,Sunset lights,-77,1761707906872
35356,1761708507606.0,0adab909-eb8f-4baf-9eed-7a4cc889cb7c,FF:10:10:AE:A7:64,Sunset lights,-77,1761708506873
35357,1761708508285.0,0adab909-eb8f-4baf-9eed-7a4cc889cb7c,46:B4:14:4C:46:D3,,-78,1761708506873
35358,1761709121614.0,0adab909-eb8f-4baf-9eed-7a4cc889cb7c,68:E4:0A:38:C1:90,,-82,1761709117923
35359,1761709124041.0,0adab909-eb8f-4baf-9eed-7a4cc889cb7c,FF:10:10:AE:A7:64,Sunset lights,-85,1761709117923
35360,1761709128609.0,0adab909-eb8f-4baf-9eed-7a4cc889cb7c,51:20:C1:69:F7:AE,,-73,1761709117923
35361,1761709718318.0,0adab909-eb8f-4baf-9eed-7a4cc889cb7c,FF:10:10:AE:A7:64,Sunset lights,-77,1761709717870
35362,1761709720245.0,0adab909-eb8f-4baf-9eed-7a4cc889cb7c,7A:73:00:2E:72:1C,,-87,1761709717870
35363,1761709723135.0,0adab909-eb8f-4baf-9eed-7a4cc889cb7c,68:E4:0A:38:C1:90,,-73,1761709717870
35364,1761710317562.0,0adab909-eb8f-4baf-9eed-7a4cc889cb7c,65:D5:C9:02:47:77,,-82,1761710316822
35365,1761710317927.0,0adab909-eb8f-4baf-9eed-7a4cc889cb7c,FF:10:10:AE:A7:64,Sunset lights,-80,1761710316822
35366,1761710321421.0,0adab909-eb8f-4baf-9eed-7a4cc889cb7c,6B:B4:E4:E9:5D:E1,,-96,1761710316822
35367,1761710328429.0,0adab909-eb8f-4baf-9eed-7a4cc889cb7c,18:87:0D:A5:31:3D,,-90,1761710316822
35368,1761710988889.0,0adab909-eb8f-4baf-9eed-7a4cc889cb7c,62:82:39:D9:B7:60,,-70,1761710988866
35369,1761710989266.0,0adab909-eb8f-4baf-9eed-7a4cc889cb7c,FF:10:10:AE:A7:64,Sunset lights,-78,1761710988866
35370,1761710990261.0,0adab909-eb8f-4baf-9eed-7a4cc889cb7c,65:D5:C9:02:47:77,,-74,1761710988866
35371,1761710995684.0,0adab909-eb8f-4baf-9eed-7a4cc889cb7c,58:D1:A2:BE:2A:69,,-83,1761710988866
35372,1761711588868.0,0adab909-eb8f-4baf-9eed-7a4cc889cb7c,FF:10:10:AE:A7:64,Sunset lights,-77,1761711588829
35373,1761711590204.0,0adab909-eb8f-4baf-9eed-7a4cc889cb7c,7D:56:A4:B2:15:B0,,-74,1761711588829
35374,1761711591138.0,0adab909-eb8f-4baf-9eed-7a4cc889cb7c,6A:DE:6C:6D:7B:6A,,-85,1761711588829
35375,1761712189255.0,0adab909-eb8f-4baf-9eed-7a4cc889cb7c,FF:10:10:AE:A7:64,Sunset lights,-78,1761712188843
35376,1761712189292.0,0adab909-eb8f-4baf-9eed-7a4cc889cb7c,7D:56:A4:B2:15:B0,,-73,1761712188843
35377,1761712189580.0,0adab909-eb8f-4baf-9eed-7a4cc889cb7c,79:D2:EB:90:79:D6,,-76,1761712188843
35378,1761712720909.0,0adab909-eb8f-4baf-9eed-7a4cc889cb7c,68:EC:CE:E4:48:03,,-73,1761712720838
35379,1761712720929.0,0adab909-eb8f-4baf-9eed-7a4cc889cb7c,FF:10:10:AE:A7:64,Sunset lights,-79,1761712720838
35380,1761712724185.0,0adab909-eb8f-4baf-9eed-7a4cc889cb7c,5C:ED:F4:57:AB:2E,Darshan's s22+,-70,1761712720838
35381,1761712724509.0,0adab909-eb8f-4baf-9eed-7a4cc889cb7c,64:FF:5B:9B:2B:97,,-76,1761712720838
35382,1761712726364.0,0adab909-eb8f-4baf-9eed-7a4cc889cb7c,5B:75:2E:13:7C:BE,,-88,1761712720838
35383,1761713322276.0,0adab909-eb8f-4baf-9eed-7a4cc889cb7c,68:EC:CE:E4:48:03,,-76,1761713321084
35384,1761713322532.0,0adab909-eb8f-4baf-9eed-7a4cc889cb7c,60:74:F4:72:90:3F,ihoment_H601B_903F,-85,1761713321084
35385,1761713323853.0,0adab909-eb8f-4baf-9eed-7a4cc889cb7c,79:1D:DA:D6:A2:52,,-89,1761713321084
35386,1761713325159.0,0adab909-eb8f-4baf-9eed-7a4cc889cb7c,FF:10:10:AE:A7:64,Sunset lights,-84,1761713321084
35387,1761713328653.0,0adab909-eb8f-4baf-9eed-7a4cc889cb7c,5C:ED:F4:57:AB:2E,Darshan's s22+,-70,1761713321084
35388,1761713329344.0,0adab909-eb8f-4baf-9eed-7a4cc889cb7c,60:74:F4:73:99:E7,ihoment_H601B_99E7,-85,1761713321084
35389,1761713921244.0,0adab909-eb8f-4baf-9eed-7a4cc889cb7c,68:EC:CE:E4:48:03,,-75,1761713921153
35390,1761713922620.0,0adab909-eb8f-4baf-9eed-7a4cc889cb7c,FF:10:10:AE:A7:64,Sunset lights,-81,1761713921153
35391,1761713924213.0,0adab909-eb8f-4baf-9eed-7a4cc889cb7c,5C:ED:F4:57:AB:2E,Darshan's s22+,-70,1761713921153
35392,1761714521684.0,0adab909-eb8f-4baf-9eed-7a4cc889cb7c,63:2E:8A:2D:5C:09,,-75,1761714521386
35393,1761714521880.0,0adab909-eb8f-4baf-9eed-7a4cc889cb7c,50:A6:CD:4A:DD:F5,,-81,1761714521386
35394,1761714523852.0,0adab909-eb8f-4baf-9eed-7a4cc889cb7c,FF:10:10:AE:A7:64,Sunset lights,-82,1761714521386
35395,1761714524802.0,0adab909-eb8f-4baf-9eed-7a4cc889cb7c,5C:ED:F4:57:AB:2E,Darshan's s22+,-71,1761714521386
35396,1761715353057.0,0adab909-eb8f-4baf-9eed-7a4cc889cb7c,5C:ED:F4:57:AB:2E,Darshan's s22+,-72,1761715353054
35397,1761715353924.0,0adab909-eb8f-4baf-9eed-7a4cc889cb7c,63:2E:8A:2D:5C:09,,-71,1761715353054
35398,1761715354926.0,0adab909-eb8f-4baf-9eed-7a4cc889cb7c,66:5A:62:21:98:90,,-89,1761715353054
35399,1761715356133.0,0adab909-eb8f-4baf-9eed-7a4cc889cb7c,50:A6:CD:4A:DD:F5,,-80,1761715353054
35400,1761715361319.0,0adab909-eb8f-4baf-9eed-7a4cc889cb7c,FF:10:10:AE:A7:64,Sunset lights,-81,1761715353054
35401,1761715953586.0,0adab909-eb8f-4baf-9eed-7a4cc889cb7c,49:98:DE:28:0A:05,,-79,1761715953047
35402,1761715961582.0,0adab909-eb8f-4baf-9eed-7a4cc889cb7c,FF:10:10:AE:A7:64,Sunset lights,-87,1761715953047
35403,1761715961961.0,0adab909-eb8f-4baf-9eed-7a4cc889cb7c,5C:ED:F4:57:AB:2E,Darshan's s22+,-64,1761715953047
35404,1761716553155.0,0adab909-eb8f-4baf-9eed-7a4cc889cb7c,2A:97:CC:C8:84:1C,,-85,1761716552825
35405,1761716553171.0,0adab909-eb8f-4baf-9eed-7a4cc889cb7c,49:98:DE:28:0A:05,,-73,1761716552825
35406,1761716556740.0,0adab909-eb8f-4baf-9eed-7a4cc889cb7c,FF:10:10:AE:A7:64,Sunset lights,-85,1761716552825
35407,1761716558002.0,0adab909-eb8f-4baf-9eed-7a4cc889cb7c,6D:9A:FA:FA:47:82,,-93,1761716552825
35408,1761717017216.0,0adab909-eb8f-4baf-9eed-7a4cc889cb7c,49:98:DE:28:0A:05,,-74,1761717015799
35409,1761717017557.0,0adab909-eb8f-4baf-9eed-7a4cc889cb7c,5C:ED:F4:57:AB:2E,Darshan's s22+,-73,1761717015799
35410,1761717018225.0,0adab909-eb8f-4baf-9eed-7a4cc889cb7c,66:E6:65:95:39:6F,,-91,1761717015799
35411,1761717018816.0,0adab909-eb8f-4baf-9eed-7a4cc889cb7c,FF:10:10:AE:A7:64,Sunset lights,-87,1761717015799
35412,1761717513283.0,0adab909-eb8f-4baf-9eed-7a4cc889cb7c,7F:06:44:83:66:F3,,-81,1761717512819
35413,1761717513845.0,0adab909-eb8f-4baf-9eed-7a4cc889cb7c,6A:70:A2:0A:08:EE,,-73,1761717512819
35414,1761717514569.0,0adab909-eb8f-4baf-9eed-7a4cc889cb7c,7C:E0:38:50:B4:3B,,-93,1761717512819
35415,1761717514585.0,0adab909-eb8f-4baf-9eed-7a4cc889cb7c,57:0A:17:56:A9:25,,-87,1761717512819
35416,1761717514603.0,0adab909-eb8f-4baf-9eed-7a4cc889cb7c,24:8C:FD:1A:54:5A,,-92,1761717512819
35417,1761717515523.0,0adab909-eb8f-4baf-9eed-7a4cc889cb7c,44:50:C6:D9:20:AA,,-88,1761717512819
35418,1761717515825.0,0adab909-eb8f-4baf-9eed-7a4cc889cb7c,5C:ED:F4:57:AB:2E,Darshan's s22+,-68,1761717512819
35419,1761717516429.0,0adab909-eb8f-4baf-9eed-7a4cc889cb7c,FF:10:10:AE:A7:64,Sunset lights,-79,1761717512819
35420,1761717524106.0,0adab909-eb8f-4baf-9eed-7a4cc889cb7c,2F:F7:43:EB:7C:96,,-92,1761717512819
35421,1761718104852.0,0adab909-eb8f-4baf-9eed-7a4cc889cb7c,6A:70:A2:0A:08:EE,,-73,1761718103779
35422,1761718105492.0,0adab909-eb8f-4baf-9eed-7a4cc889cb7c,FF:10:10:AE:A7:64,Sunset lights,-79,1761718103779
35423,1761718106139.0,0adab909-eb8f-4baf-9eed-7a4cc889cb7c,5C:ED:F4:57:AB:2E,Darshan's s22+,-66,1761718103779
35424,1761718723821.0,0adab909-eb8f-4baf-9eed-7a4cc889cb7c,FF:10:10:AE:A7:64,Sunset lights,-79,1761718722788
35425,1761718723845.0,0adab909-eb8f-4baf-9eed-7a4cc889cb7c,4F:31:3E:97:94:46,,-69,1761718722788
35426,1761718724171.0,0adab909-eb8f-4baf-9eed-7a4cc889cb7c,4A:25:58:6B:51:51,,-91,1761718722788
35427,1761718724192.0,0adab909-eb8f-4baf-9eed-7a4cc889cb7c,55:68:4F:DD:D7:43,,-81,1761718722788
35428,1761718727381.0,0adab909-eb8f-4baf-9eed-7a4cc889cb7c,5C:ED:F4:57:AB:2E,Darshan's s22+,-70,1761718722788
35429,1761719308832.0,0adab909-eb8f-4baf-9eed-7a4cc889cb7c,FF:10:10:AE:A7:64,Sunset lights,-78,1761719308768
35430,1761719309192.0,0adab909-eb8f-4baf-9eed-7a4cc889cb7c,55:68:4F:DD:D7:43,,-81,1761719308768
35431,1761719309465.0,0adab909-eb8f-4baf-9eed-7a4cc889cb7c,E2:93:F1:21:9D:BD,,-90,1761719308768
35432,1761719313055.0,0adab909-eb8f-4baf-9eed-7a4cc889cb7c,48:EF:DF:C1:8C:56,,-93,1761719308768
35433,1761719313071.0,0adab909-eb8f-4baf-9eed-7a4cc889cb7c,58:35:1E:EA:8B:92,,-91,1761719308768
35434,1761719315625.0,0adab909-eb8f-4baf-9eed-7a4cc889cb7c,5C:ED:F4:57:AB:2E,Darshan's s22+,-69,1761719308768
35435,1761719316551.0,0adab909-eb8f-4baf-9eed-7a4cc889cb7c,60:41:80:CF:D4:B2,,-83,1761719308768
35436,1761719320368.0,0adab909-eb8f-4baf-9eed-7a4cc889cb7c,67:E8:0D:5E:52:80,,-87,1761719308768
35437,1761719961160.0,0adab909-eb8f-4baf-9eed-7a4cc889cb7c,FF:10:10:AE:A7:64,Sunset lights,-78,1761719961124
35438,1761719962220.0,0adab909-eb8f-4baf-9eed-7a4cc889cb7c,70:70:44:BE:55:CC,,-74,1761719961124
35439,1761719963445.0,0adab909-eb8f-4baf-9eed-7a4cc889cb7c,79:BF:0C:21:1E:2F,,-94,1761719961124
35440,1761719963462.0,0adab909-eb8f-4baf-9eed-7a4cc889cb7c,5C:ED:F4:57:AB:2E,Darshan's s22+,-81,1761719961124
35441,1761719964766.0,0adab909-eb8f-4baf-9eed-7a4cc889cb7c,7B:BA:70:41:87:66,,-90,1761719961124
35442,1761719969234.0,0adab909-eb8f-4baf-9eed-7a4cc889cb7c,47:D9:24:42:79:AA,,-92,1761719961124
35443,1761719971437.0,0adab909-eb8f-4baf-9eed-7a4cc889cb7c,75:C2:58:DB:2F:91,,-90,1761719961124
35444,1761719971782.0,0adab909-eb8f-4baf-9eed-7a4cc889cb7c,5A:23:39:CA:61:5A,,-82,1761719961124
35445,1761719973106.0,0adab909-eb8f-4baf-9eed-7a4cc889cb7c,0D:F3:AA:0F:2C:D3,KnPRO4R,-88,1761719961124
35446,1761719973718.0,0adab909-eb8f-4baf-9eed-7a4cc889cb7c,7E:1C:80:D8:4C:62,,-93,1761719961124
35447,1761720551825.0,0adab909-eb8f-4baf-9eed-7a4cc889cb7c,FF:10:10:AE:A7:64,Sunset lights,-75,1761720551730
35448,1761720552135.0,0adab909-eb8f-4baf-9eed-7a4cc889cb7c,5A:23:39:CA:61:5A,,-82,1761720551730
35449,1761720552460.0,0adab909-eb8f-4baf-9eed-7a4cc889cb7c,55:82:EA:76:2F:7A,,-80,1761720551730
35450,1761720552806.0,0adab909-eb8f-4baf-9eed-7a4cc889cb7c,7D:D1:7E:AD:68:BB,,-74,1761720551730
35451,1761720552825.0,0adab909-eb8f-4baf-9eed-7a4cc889cb7c,64:2D:A9:53:20:97,,-71,1761720551730
35452,1761720554375.0,0adab909-eb8f-4baf-9eed-7a4cc889cb7c,4D:67:E5:9C:48:B8,,-82,1761720551730
35453,1761720554394.0,0adab909-eb8f-4baf-9eed-7a4cc889cb7c,5A:0E:23:40:64:7F,,-65,1761720551730
35454,1761721139784.0,0adab909-eb8f-4baf-9eed-7a4cc889cb7c,FF:10:10:AE:A7:64,Sunset lights,-77,1761721139771
35455,1761721139844.0,0adab909-eb8f-4baf-9eed-7a4cc889cb7c,5A:0E:23:40:64:7F,,-66,1761721139771
35456,1761721143085.0,0adab909-eb8f-4baf-9eed-7a4cc889cb7c,4D:67:E5:9C:48:B8,,-89,1761721139771
35457,1761721145646.0,0adab909-eb8f-4baf-9eed-7a4cc889cb7c,5A:23:39:CA:61:5A,,-83,1761721139771
35458,1761721893186.0,0adab909-eb8f-4baf-9eed-7a4cc889cb7c,FF:10:10:AE:A7:64,Sunset lights,-80,1761721892739
35459,1761721894147.0,0adab909-eb8f-4baf-9eed-7a4cc889cb7c,79:FE:A4:7A:95:46,,-87,1761721892739
35460,1761721898017.0,0adab909-eb8f-4baf-9eed-7a4cc889cb7c,4C:0C:7D:C8:66:9B,,-73,1761721892739
35461,1761721899643.0,0adab909-eb8f-4baf-9eed-7a4cc889cb7c,75:20:1F:83:92:48,,-91,1761721892739
35462,1761722636504.0,0adab909-eb8f-4baf-9eed-7a4cc889cb7c,FF:10:10:AE:A7:64,Sunset lights,-80,1761722635792
35463,1761722639739.0,0adab909-eb8f-4baf-9eed-7a4cc889cb7c,56:C6:88:72:3E:33,,-92,1761722635792
35464,1761722646438.0,0adab909-eb8f-4baf-9eed-7a4cc889cb7c,75:4A:5F:6A:1F:6A,,-87,1761722635792
35465,1761722937208.0,0adab909-eb8f-4baf-9eed-7a4cc889cb7c,FF:10:10:AE:A7:64,Sunset lights,-79,1761722935737
35466,1761722943821.0,0adab909-eb8f-4baf-9eed-7a4cc889cb7c,56:C6:88:72:3E:33,,-87,1761722935737
35467,1761723001290.0,0adab909-eb8f-4baf-9eed-7a4cc889cb7c,FF:10:10:AE:A7:64,Sunset lights,-79,1761722935737
35468,1761723535787.0,0adab909-eb8f-4baf-9eed-7a4cc889cb7c,7D:58:5A:05:40:E1,,-88,1761723535759
35469,1761723535811.0,0adab909-eb8f-4baf-9eed-7a4cc889cb7c,56:C6:88:72:3E:33,,-91,1761723535759
35470,1761723536151.0,0adab909-eb8f-4baf-9eed-7a4cc889cb7c,FF:10:10:AE:A7:64,Sunset lights,-81,1761723535759
35471,1761723536170.0,0adab909-eb8f-4baf-9eed-7a4cc889cb7c,41:3D:0C:02:DA:3B,,-91,1761723535759
35472,1761723536466.0,0adab909-eb8f-4baf-9eed-7a4cc889cb7c,41:36:2F:84:9A:83,,-88,1761723535759
35473,1761723536781.0,0adab909-eb8f-4baf-9eed-7a4cc889cb7c,41:53:EA:E5:2F:BE,,-90,1761723535759
35474,1761723540519.0,0adab909-eb8f-4baf-9eed-7a4cc889cb7c,64:05:E4:82:E5:8D,,-100,1761723535759
35475,1761723540638.0,0adab909-eb8f-4baf-9eed-7a4cc889cb7c,49:62:19:A4:A0:8E,,-84,1761723535759
35476,1761723544745.0,0adab909-eb8f-4baf-9eed-7a4cc889cb7c,64:05:E4:82:E5:8D,PEUGEOT,-100,1761723535759
35477,1761724367822.0,0adab909-eb8f-4baf-9eed-7a4cc889cb7c,4E:1E:55:B6:C0:86,,-88,1761724367758
35478,1761724367861.0,0adab909-eb8f-4baf-9eed-7a4cc889cb7c,FF:10:10:AE:A7:64,Sunset lights,-78,1761724367758
35479,1761724368468.0,0adab909-eb8f-4baf-9eed-7a4cc889cb7c,51:32:6F:99:19:81,,-88,1761724367758
35480,1761724368823.0,0adab909-eb8f-4baf-9eed-7a4cc889cb7c,17:BA:76:E2:33:24,,-93,1761724367758
35481,1761724369095.0,0adab909-eb8f-4baf-9eed-7a4cc889cb7c,63:45:5E:08:48:71,,-69,1761724367758
35482,1761724369111.0,0adab909-eb8f-4baf-9eed-7a4cc889cb7c,5B:97:9F:14:9B:DB,,-92,1761724367758
35483,1761724369122.0,0adab909-eb8f-4baf-9eed-7a4cc889cb7c,06:8B:65:07:F1:E4,,-91,1761724367758
35484,1761724369132.0,0adab909-eb8f-4baf-9eed-7a4cc889cb7c,4E:78:A0:6C:B2:17,,-93,1761724367758
35485,1761724370127.0,0adab909-eb8f-4baf-9eed-7a4cc889cb7c,43:FD:4F:DA:58:2B,,-74,1761724367758
35486,1761724862159.0,0adab909-eb8f-4baf-9eed-7a4cc889cb7c,FF:10:10:AE:A7:64,Sunset lights,-78,1761724861749
35487,1761724862841.0,0adab909-eb8f-4baf-9eed-7a4cc889cb7c,4E:1E:55:B6:C0:86,,-81,1761724861749
35488,1761724865337.0,0adab909-eb8f-4baf-9eed-7a4cc889cb7c,5A:D8:8E:D4:FA:5D,,-81,1761724861749
35489,1761724866637.0,0adab909-eb8f-4baf-9eed-7a4cc889cb7c,62:72:A2:47:A9:89,,-92,1761724861749
35490,1761724868517.0,0adab909-eb8f-4baf-9eed-7a4cc889cb7c,51:32:6F:99:19:81,,-85,1761724861749
35491,1761725568136.0,0adab909-eb8f-4baf-9eed-7a4cc889cb7c,6C:CE:8B:91:44:89,,-83,1761725567733
35492,1761725569711.0,0adab909-eb8f-4baf-9eed-7a4cc889cb7c,FF:10:10:AE:A7:64,Sunset lights,-79,1761725567733
35493,1761725570696.0,0adab909-eb8f-4baf-9eed-7a4cc889cb7c,4E:1E:55:B6:C0:86,,-83,1761725567733
35494,1761725580295.0,0adab909-eb8f-4baf-9eed-7a4cc889cb7c,62:1F:95:69:B1:B5,,-90,1761725567733
35495,1761725580312.0,0adab909-eb8f-4baf-9eed-7a4cc889cb7c,6D:7F:0E:35:DD:2B,,-90,1761725567733
35496,1761725920841.0,0adab909-eb8f-4baf-9eed-7a4cc889cb7c,6C:CE:8B:91:44:89,,-88,1761725920731
35497,1761725920866.0,0adab909-eb8f-4baf-9eed-7a4cc889cb7c,FF:10:10:AE:A7:64,Sunset lights,-83,1761725920731
35498,1761725923722.0,0adab909-eb8f-4baf-9eed-7a4cc889cb7c,76:2A:21:F2:1F:F9,,-91,1761725920731
35499,1761726521108.0,0adab909-eb8f-4baf-9eed-7a4cc889cb7c,53:56:D2:86:65:85,,-83,1761726520725
35500,1761726521442.0,0adab909-eb8f-4baf-9eed-7a4cc889cb7c,FF:10:10:AE:A7:64,Sunset lights,-76,1761726520725
35501,1761726529450.0,0adab909-eb8f-4baf-9eed-7a4cc889cb7c,6C:CE:8B:91:44:89,,-81,1761726520725
35502,1761727120931.0,0adab909-eb8f-4baf-9eed-7a4cc889cb7c,FF:10:10:AE:A7:64,Sunset lights,-79,1761727120928
35503,1761727121160.0,0adab909-eb8f-4baf-9eed-7a4cc889cb7c,6C:27:F2:7A:EF:06,,-84,1761727120928
35504,1761727122117.0,0adab909-eb8f-4baf-9eed-7a4cc889cb7c,59:D2:CE:33:42:AF,,-86,1761727120928
35505,1761727122769.0,0adab909-eb8f-4baf-9eed-7a4cc889cb7c,51:9D:AA:B0:BF:1A,,-75,1761727120928
35506,1761727125030.0,0adab909-eb8f-4baf-9eed-7a4cc889cb7c,62:C8:AE:D8:7D:AF,,-87,1761727120928
35507,1761727128802.0,0adab909-eb8f-4baf-9eed-7a4cc889cb7c,47:0A:7B:9B:CC:08,,-73,1761727120928
35508,1761727722153.0,0adab909-eb8f-4baf-9eed-7a4cc889cb7c,54:0B:EB:03:3D:36,,-84,1761727721284
35509,1761727722172.0,0adab909-eb8f-4baf-9eed-7a4cc889cb7c,FF:10:10:AE:A7:64,Sunset lights,-80,1761727721284
35510,1761727726638.0,0adab909-eb8f-4baf-9eed-7a4cc889cb7c,62:C8:AE:D8:7D:AF,,-81,1761727721284
35511,1761727728241.0,0adab909-eb8f-4baf-9eed-7a4cc889cb7c,6C:27:F2:7A:EF:06,,-86,1761727721284
35512,1761728552940.0,0adab909-eb8f-4baf-9eed-7a4cc889cb7c,FF:10:10:AE:A7:64,Sunset lights,-78,1761728552936
35513,1761728555148.0,0adab909-eb8f-4baf-9eed-7a4cc889cb7c,62:C8:AE:D8:7D:AF,,-82,1761728552936
35514,1761728556705.0,0adab909-eb8f-4baf-9eed-7a4cc889cb7c,ED:00:11:12:02:EE,MX15,-100,1761728552936
35515,1761728557039.0,0adab909-eb8f-4baf-9eed-7a4cc889cb7c,ED:00:11:12:02:BB,MX15,-81,1761728552936
35516,1761728557285.0,0adab909-eb8f-4baf-9eed-7a4cc889cb7c,48:B0:2E:B2:B9:ED,,-84,1761728552936
35517,1761729153174.0,0adab909-eb8f-4baf-9eed-7a4cc889cb7c,57:B2:A0:C6:F7:FA,,-93,1761729152914
35518,1761729154407.0,0adab909-eb8f-4baf-9eed-7a4cc889cb7c,FF:10:10:AE:A7:64,Sunset lights,-77,1761729152914
35519,1761729154420.0,0adab909-eb8f-4baf-9eed-7a4cc889cb7c,48:B0:2E:B2:B9:ED,,-83,1761729152914
35520,1761729154752.0,0adab909-eb8f-4baf-9eed-7a4cc889cb7c,63:DE:13:1D:F0:9D,,-82,1761729152914
35521,1761729156043.0,0adab909-eb8f-4baf-9eed-7a4cc889cb7c,75:F2:0F:ED:82:5D,,-90,1761729152914
35522,1761729156060.0,0adab909-eb8f-4baf-9eed-7a4cc889cb7c,5D:4F:4C:80:E0:A4,,-88,1761729152914
35523,1761729753543.0,0adab909-eb8f-4baf-9eed-7a4cc889cb7c,FF:10:10:AE:A7:64,Sunset lights,-76,1761729753256
35524,1761729753557.0,0adab909-eb8f-4baf-9eed-7a4cc889cb7c,48:B0:2E:B2:B9:ED,,-75,1761729753256
35525,1761729753567.0,0adab909-eb8f-4baf-9eed-7a4cc889cb7c,63:DE:13:1D:F0:9D,,-83,1761729753256
35526,1761730286101.0,0adab909-eb8f-4baf-9eed-7a4cc889cb7c,FF:10:10:AE:A7:64,Sunset lights,-77,1761730284659
35527,1761730287289.0,0adab909-eb8f-4baf-9eed-7a4cc889cb7c,4D:95:D8:7D:81:48,,-89,1761730284659
35528,1761730287311.0,0adab909-eb8f-4baf-9eed-7a4cc889cb7c,40:11:17:46:79:15,,-81,1761730284659
35529,1761730288295.0,0adab909-eb8f-4baf-9eed-7a4cc889cb7c,5D:29:8E:65:8C:9E,,-84,1761730284659
35530,1761730293734.0,0adab909-eb8f-4baf-9eed-7a4cc889cb7c,77:53:65:BC:9A:B9,W1,-100,1761730284659
35531,1761730296062.0,0adab909-eb8f-4baf-9eed-7a4cc889cb7c,AC:73:52:0B:62:B0,,-100,1761730284659
35532,1761730301916.0,0adab909-eb8f-4baf-9eed-7a4cc889cb7c,AC:73:52:0B:62:B0,OPPO A,-100,1761730284659
35533,1761730884735.0,0adab909-eb8f-4baf-9eed-7a4cc889cb7c,5D:29:8E:65:8C:9E,,-80,1761730884684
35534,1761730885435.0,0adab909-eb8f-4baf-9eed-7a4cc889cb7c,40:11:17:46:79:15,,-82,1761730884684
35535,1761730886696.0,0adab909-eb8f-4baf-9eed-7a4cc889cb7c,FF:10:10:AE:A7:64,Sunset lights,-80,1761730884684
35536,1761731435023.0,0adab909-eb8f-4baf-9eed-7a4cc889cb7c,FF:10:10:AE:A7:64,Sunset lights,-70,1761731434864
35537,1761731438956.0,0adab909-eb8f-4baf-9eed-7a4cc889cb7c,46:FA:44:5F:76:0B,,-92,1761731434864
35538,1761731439059.0,0adab909-eb8f-4baf-9eed-7a4cc889cb7c,62:7F:F5:E8:53:14,,-89,1761731434864
35539,1761731448606.0,0adab909-eb8f-4baf-9eed-7a4cc889cb7c,FF:10:10:AE:A7:64,Sunset lights,-70,1761731434864
35540,1761731448720.0,0adab909-eb8f-4baf-9eed-7a4cc889cb7c,62:7F:F5:E8:53:14,,-90,1761731434864
35541,1761731448793.0,0adab909-eb8f-4baf-9eed-7a4cc889cb7c,69:ED:A6:31:CF:46,,-91,1761731434864
35542,1761731449767.0,0adab909-eb8f-4baf-9eed-7a4cc889cb7c,D1:CB:80:D2:2E:37,,-87,1761731434864
35543,1761731450748.0,0adab909-eb8f-4baf-9eed-7a4cc889cb7c,46:FA:44:5F:76:0B,,-81,1761731434864
35544,1761731451704.0,0adab909-eb8f-4baf-9eed-7a4cc889cb7c,5D:29:D8:1A:68:F6,,-91,1761731434864
35545,1761731451820.0,0adab909-eb8f-4baf-9eed-7a4cc889cb7c,E3:52:40:73:7C:E4,,-79,1761731434864
35546,1761731451855.0,0adab909-eb8f-4baf-9eed-7a4cc889cb7c,E4:64:9E:E0:58:C8,,-73,1761731434864
35547,1761731452029.0,0adab909-eb8f-4baf-9eed-7a4cc889cb7c,5D:29:D8:1A:68:F6,,-88,1761731434864
35548,1761731953026.0,0adab909-eb8f-4baf-9eed-7a4cc889cb7c,FF:10:10:AE:A7:64,Sunset lights,-71,1761731952996
35549,1761731956955.0,0adab909-eb8f-4baf-9eed-7a4cc889cb7c,62:7F:F5:E8:53:14,,-88,1761731952996
35550,1761731960154.0,0adab909-eb8f-4baf-9eed-7a4cc889cb7c,46:FA:44:5F:76:0B,,-89,1761731952996
35551,1761731965927.0,0adab909-eb8f-4baf-9eed-7a4cc889cb7c,FF:10:10:AE:A7:64,Sunset lights,-70,1761731952996
35552,1761731967094.0,0adab909-eb8f-4baf-9eed-7a4cc889cb7c,D1:CB:80:D2:2E:37,,-91,1761731952996
35553,1761731967130.0,0adab909-eb8f-4baf-9eed-7a4cc889cb7c,62:7F:F5:E8:53:14,,-91,1761731952996
35554,1761732536192.0,0adab909-eb8f-4baf-9eed-7a4cc889cb7c,46:FA:44:5F:76:0B,,-89,1761732535425
35555,1761732536818.0,0adab909-eb8f-4baf-9eed-7a4cc889cb7c,FF:10:10:AE:A7:64,Sunset lights,-73,1761732535425
35556,1761732537487.0,0adab909-eb8f-4baf-9eed-7a4cc889cb7c,42:B9:E0:DE:9D:25,,-80,1761732535425
35557,1761732542350.0,0adab909-eb8f-4baf-9eed-7a4cc889cb7c,79:94:91:FF:7A:BF,,-86,1761732535425
35558,1761732542549.0,0adab909-eb8f-4baf-9eed-7a4cc889cb7c,5D:EF:77:99:ED:35,,-90,1761732535425
35559,1761732542583.0,0adab909-eb8f-4baf-9eed-7a4cc889cb7c,38:A1:47:AB:0D:F6,,-91,1761732535425
35560,1761732543969.0,0adab909-eb8f-4baf-9eed-7a4cc889cb7c,6D:C5:77:EC:96:56,,-94,1761732535425
35561,1761732545406.0,0adab909-eb8f-4baf-9eed-7a4cc889cb7c,40:4C:92:C5:AB:47,,-89,1761732535425
35562,1761732548431.0,0adab909-eb8f-4baf-9eed-7a4cc889cb7c,42:B9:E0:DE:9D:25,,-88,1761732535425
35563,1761732548468.0,0adab909-eb8f-4baf-9eed-7a4cc889cb7c,40:4C:92:C5:AB:47,,-77,1761732535425
35564,1761732549339.0,0adab909-eb8f-4baf-9eed-7a4cc889cb7c,E4:64:9E:E0:58:C8,,-65,1761732535425
35565,1761732549384.0,0adab909-eb8f-4baf-9eed-7a4cc889cb7c,FF:10:10:AE:A7:64,Sunset lights,-73,1761732535425
35566,1761733119347.0,0adab909-eb8f-4baf-9eed-7a4cc889cb7c,FF:10:10:AE:A7:64,Sunset lights,-82,1761733119202
35567,1761733119381.0,0adab909-eb8f-4baf-9eed-7a4cc889cb7c,40:4C:92:C5:AB:47,,-87,1761733119202
35568,1761733124736.0,0adab909-eb8f-4baf-9eed-7a4cc889cb7c,42:B9:E0:DE:9D:25,,-91,1761733119202
35569,1761733132128.0,0adab909-eb8f-4baf-9eed-7a4cc889cb7c,FF:10:10:AE:A7:64,Sunset lights,-76,1761733119202
35570,1761733133185.0,0adab909-eb8f-4baf-9eed-7a4cc889cb7c,40:4C:92:C5:AB:47,,-87,1761733119202
35571,1761733761386.0,0adab909-eb8f-4baf-9eed-7a4cc889cb7c,FF:10:10:AE:A7:64,Sunset lights,-81,1761733761342
35572,1761733762374.0,0adab909-eb8f-4baf-9eed-7a4cc889cb7c,40:4C:92:C5:AB:47,,-77,1761733761342
35573,1761733767537.0,0adab909-eb8f-4baf-9eed-7a4cc889cb7c,01:FD:21:6B:24:AD,,-97,1761733761342
35574,1761733774363.0,0adab909-eb8f-4baf-9eed-7a4cc889cb7c,FF:10:10:AE:A7:64,Sunset lights,-79,1761733761342
35575,1761733775306.0,0adab909-eb8f-4baf-9eed-7a4cc889cb7c,40:4C:92:C5:AB:47,,-81,1761733761342
35576,1761734511842.0,0adab909-eb8f-4baf-9eed-7a4cc889cb7c,FF:10:10:AE:A7:64,Sunset lights,-72,1761734511125
35577,1761734513128.0,0adab909-eb8f-4baf-9eed-7a4cc889cb7c,55:A0:6E:29:CA:11,,-75,1761734511125
35578,1761734524030.0,0adab909-eb8f-4baf-9eed-7a4cc889cb7c,FF:10:10:AE:A7:64,Sunset lights,-73,1761734511125
35579,1761734524074.0,0adab909-eb8f-4baf-9eed-7a4cc889cb7c,55:A0:6E:29:CA:11,,-78,1761734511125
35580,1761734525298.0,0adab909-eb8f-4baf-9eed-7a4cc889cb7c,F6:20:61:27:61:FE,,-77,1761734511125
35581,1761734526174.0,0adab909-eb8f-4baf-9eed-7a4cc889cb7c,60:34:DE:6A:E5:AA,,-92,1761734511125
35582,1761734526955.0,0adab909-eb8f-4baf-9eed-7a4cc889cb7c,24:07:06:72:83:69,,-90,1761734511125
35583,1761735111504.0,0adab909-eb8f-4baf-9eed-7a4cc889cb7c,45:99:9E:47:96:22,,-85,1761735111133
35584,1761735111525.0,0adab909-eb8f-4baf-9eed-7a4cc889cb7c,7F:07:0B:5A:79:33,,-91,1761735111133
35585,1761735111545.0,0adab909-eb8f-4baf-9eed-7a4cc889cb7c,FF:10:10:AE:A7:64,Sunset lights,-88,1761735111133
35586,1761735112520.0,0adab909-eb8f-4baf-9eed-7a4cc889cb7c,62:93:80:03:AD:32,,-72,1761735111133
35587,1761735112536.0,0adab909-eb8f-4baf-9eed-7a4cc889cb7c,01:3C:B8:C3:F9:BC,,-93,1761735111133
35588,1761735114156.0,0adab909-eb8f-4baf-9eed-7a4cc889cb7c,40:18:A1:97:28:BC,,-91,1761735111133
35589,1761735115058.0,0adab909-eb8f-4baf-9eed-7a4cc889cb7c,55:A0:6E:29:CA:11,,-90,1761735111133
35590,1761735555728.0,0adab909-eb8f-4baf-9eed-7a4cc889cb7c,40:18:A1:97:28:BC,,-91,1761735553150
35591,1761735556431.0,0adab909-eb8f-4baf-9eed-7a4cc889cb7c,71:38:AE:45:36:D9,,-78,1761735553150
35592,1761735557045.0,0adab909-eb8f-4baf-9eed-7a4cc889cb7c,49:A1:46:5A:F0:69,,-94,1761735553150
35593,1761735557685.0,0adab909-eb8f-4baf-9eed-7a4cc889cb7c,FF:10:10:AE:A7:64,Sunset lights,-90,1761735553150
35594,1761735561201.0,0adab909-eb8f-4baf-9eed-7a4cc889cb7c,44:3B:27:C9:9D:1A,,-89,1761735553150
35595,1761735565328.0,0adab909-eb8f-4baf-9eed-7a4cc889cb7c,50:8B:38:17:70:74,,-91,1761735553150
35596,1761736121315.0,0adab909-eb8f-4baf-9eed-7a4cc889cb7c,54:5E:EF:E6:C1:87,,-85,1761736121303
35597,1761736132871.0,0adab909-eb8f-4baf-9eed-7a4cc889cb7c,FF:10:10:AE:A7:64,Sunset lights,-80,1761736121303
35598,1761736736239.0,0adab909-eb8f-4baf-9eed-7a4cc889cb7c,FF:10:10:AE:A7:64,Sunset lights,-89,1761736733921
35599,1761736744241.0,0adab909-eb8f-4baf-9eed-7a4cc889cb7c,C3:F5:7F:8B:F1:7D,Hue Lamp,-88,1761736733921
35600,1761736748062.0,0adab909-eb8f-4baf-9eed-7a4cc889cb7c,D1:8E:D1:7F:EA:FD,,-82,1761736733921
35601,1761737934440.0,0adab909-eb8f-4baf-9eed-7a4cc889cb7c,4C:96:8A:ED:6A:01,SPEN NA,-50,1761737934062
35602,1761737934478.0,0adab909-eb8f-4baf-9eed-7a4cc889cb7c,FF:10:10:AE:A7:64,Sunset lights,-75,1761737934062
35603,1761737934752.0,0adab909-eb8f-4baf-9eed-7a4cc889cb7c,4C:96:8A:ED:6A:01,SPEN NA,-54,1761737934062
35604,1761737935066.0,0adab909-eb8f-4baf-9eed-7a4cc889cb7c,4C:96:8A:ED:6A:01,SPEN NA,-51,1761737934062
35605,1761737935430.0,0adab909-eb8f-4baf-9eed-7a4cc889cb7c,4C:96:8A:ED:6A:01,SPEN NA,-50,1761737934062
35606,1761737935828.0,0adab909-eb8f-4baf-9eed-7a4cc889cb7c,4C:96:8A:ED:6A:01,SPEN NA,-58,1761737934062
35607,1761737936035.0,0adab909-eb8f-4baf-9eed-7a4cc889cb7c,4C:96:8A:ED:6A:01,SPEN NA,-52,1761737934062
35608,1761737936439.0,0adab909-eb8f-4baf-9eed-7a4cc889cb7c,4C:96:8A:ED:6A:01,SPEN NA,-51,1761737934062
35609,1761737936748.0,0adab909-eb8f-4baf-9eed-7a4cc889cb7c,4C:96:8A:ED:6A:01,SPEN NA,-58,1761737934062
35610,1761737937065.0,0adab909-eb8f-4baf-9eed-7a4cc889cb7c,4C:96:8A:ED:6A:01,SPEN NA,-51,1761737934062
35611,1761737938348.0,0adab909-eb8f-4baf-9eed-7a4cc889cb7c,4C:96:8A:ED:6A:01,SPEN NA,-53,1761737934062
35612,1761737938691.0,0adab909-eb8f-4baf-9eed-7a4cc889cb7c,4C:96:8A:ED:6A:01,SPEN NA,-58,1761737934062
35613,1761737938971.0,0adab909-eb8f-4baf-9eed-7a4cc889cb7c,4C:96:8A:ED:6A:01,SPEN NA,-52,1761737934062
35614,1761737939287.0,0adab909-eb8f-4baf-9eed-7a4cc889cb7c,4C:96:8A:ED:6A:01,SPEN NA,-51,1761737934062
35615,1761737939598.0,0adab909-eb8f-4baf-9eed-7a4cc889cb7c,4C:96:8A:ED:6A:01,SPEN NA,-58,1761737934062
35616,1761737939897.0,0adab909-eb8f-4baf-9eed-7a4cc889cb7c,4C:96:8A:ED:6A:01,SPEN NA,-53,1761737934062
35617,1761737940533.0,0adab909-eb8f-4baf-9eed-7a4cc889cb7c,4C:96:8A:ED:6A:01,SPEN NA,-59,1761737934062
35618,1761737940851.0,0adab909-eb8f-4baf-9eed-7a4cc889cb7c,4C:96:8A:ED:6A:01,SPEN NA,-53,1761737934062
35619,1761737941154.0,0adab909-eb8f-4baf-9eed-7a4cc889cb7c,4C:96:8A:ED:6A:01,SPEN NA,-53,1761737934062
35620,1761737941523.0,0adab909-eb8f-4baf-9eed-7a4cc889cb7c,4C:96:8A:ED:6A:01,SPEN NA,-58,1761737934062
35621,1761737941813.0,0adab909-eb8f-4baf-9eed-7a4cc889cb7c,4C:96:8A:ED:6A:01,SPEN NA,-51,1761737934062
35622,1761737942119.0,0adab909-eb8f-4baf-9eed-7a4cc889cb7c,4C:96:8A:ED:6A:01,SPEN NA,-51,1761737934062
35623,1761737942767.0,0adab909-eb8f-4baf-9eed-7a4cc889cb7c,4C:96:8A:ED:6A:01,SPEN NA,-51,1761737934062
35624,1761737943476.0,0adab909-eb8f-4baf-9eed-7a4cc889cb7c,4C:96:8A:ED:6A:01,SPEN NA,-55,1761737934062
35625,1761737944106.0,0adab909-eb8f-4baf-9eed-7a4cc889cb7c,4C:96:8A:ED:6A:01,SPEN NA,-51,1761737934062
35626,1761737944452.0,0adab909-eb8f-4baf-9eed-7a4cc889cb7c,4C:96:8A:ED:6A:01,SPEN NA,-55,1761737934062
35627,1761737945686.0,0adab909-eb8f-4baf-9eed-7a4cc889cb7c,4C:96:8A:ED:6A:01,SPEN NA,-53,1761737934062
35628,1761737946322.0,0adab909-eb8f-4baf-9eed-7a4cc889cb7c,4C:96:8A:ED:6A:01,SPEN NA,-56,1761737934062
35629,1761737946622.0,0adab909-eb8f-4baf-9eed-7a4cc889cb7c,4C:96:8A:ED:6A:01,SPEN NA,-52,1761737934062
35630,1761737947023.0,0adab909-eb8f-4baf-9eed-7a4cc889cb7c,4C:96:8A:ED:6A:01,SPEN NA,-51,1761737934062
35631,1761737948135.0,0adab909-eb8f-4baf-9eed-7a4cc889cb7c,FF:10:10:AE:A7:64,Sunset lights,-79,1761737934062
35632,1761738797113.0,0adab909-eb8f-4baf-9eed-7a4cc889cb7c,75:BD:FC:1C:04:AB,,-87,1761738796766
35633,1761738797475.0,0adab909-eb8f-4baf-9eed-7a4cc889cb7c,FF:10:10:AE:A7:64,Sunset lights,-90,1761738796766
35634,1761738797803.0,0adab909-eb8f-4baf-9eed-7a4cc889cb7c,5B:13:2B:7F:5E:54,,-84,1761738796766
35635,1761738813390.0,0adab909-eb8f-4baf-9eed-7a4cc889cb7c,75:BD:FC:1C:04:AB,,-89,1761738796766
35636,1761738814475.0,0adab909-eb8f-4baf-9eed-7a4cc889cb7c,FA:D1:4D:61:8C:FC,,-77,1761738796766
35637,1761739116457.0,0adab909-eb8f-4baf-9eed-7a4cc889cb7c,FF:10:10:AE:A7:64,Sunset lights,-76,1761739116089
35638,1761739120827.0,0adab909-eb8f-4baf-9eed-7a4cc889cb7c,75:BD:FC:1C:04:AB,,-92,1761739116089
35639,1761739129041.0,0adab909-eb8f-4baf-9eed-7a4cc889cb7c,FF:10:10:AE:A7:64,Sunset lights,-72,1761739116089
35640,1761739720249.0,0adab909-eb8f-4baf-9eed-7a4cc889cb7c,4C:96:8A:ED:6A:01,SPEN NA,-46,1761739720190
35641,1761739720584.0,0adab909-eb8f-4baf-9eed-7a4cc889cb7c,4C:96:8A:ED:6A:01,SPEN NA,-45,1761739720190
35642,1761739720972.0,0adab909-eb8f-4baf-9eed-7a4cc889cb7c,FF:10:10:AE:A7:64,Sunset lights,-75,1761739720190
35643,1761739722160.0,0adab909-eb8f-4baf-9eed-7a4cc889cb7c,4C:96:8A:ED:6A:01,SPEN NA,-44,1761739720190
35644,1761739722492.0,0adab909-eb8f-4baf-9eed-7a4cc889cb7c,4C:96:8A:ED:6A:01,SPEN NA,-46,1761739720190
35645,1761739722914.0,0adab909-eb8f-4baf-9eed-7a4cc889cb7c,4C:96:8A:ED:6A:01,SPEN NA,-49,1761739720190
35646,1761739723217.0,0adab909-eb8f-4baf-9eed-7a4cc889cb7c,4C:96:8A:ED:6A:01,SPEN NA,-44,1761739720190
35647,1761739723856.0,0adab909-eb8f-4baf-9eed-7a4cc889cb7c,4C:96:8A:ED:6A:01,SPEN NA,-48,1761739720190
35648,1761739724477.0,0adab909-eb8f-4baf-9eed-7a4cc889cb7c,4C:96:8A:ED:6A:01,SPEN NA,-44,1761739720190
35649,1761739724791.0,0adab909-eb8f-4baf-9eed-7a4cc889cb7c,4C:96:8A:ED:6A:01,SPEN NA,-48,1761739720190
35650,1761739725081.0,0adab909-eb8f-4baf-9eed-7a4cc889cb7c,4C:96:8A:ED:6A:01,SPEN NA,-44,1761739720190
35651,1761739725944.0,0adab909-eb8f-4baf-9eed-7a4cc889cb7c,4C:96:8A:ED:6A:01,SPEN NA,-44,1761739720190
35652,1761739728687.0,0adab909-eb8f-4baf-9eed-7a4cc889cb7c,4C:96:8A:ED:6A:01,SPEN NA,-45,1761739720190
35653,1761739728996.0,0adab909-eb8f-4baf-9eed-7a4cc889cb7c,4C:96:8A:ED:6A:01,SPEN NA,-47,1761739720190
35654,1761739730136.0,0adab909-eb8f-4baf-9eed-7a4cc889cb7c,4C:96:8A:ED:6A:01,SPEN NA,-46,1761739720190
35655,1761739730236.0,0adab909-eb8f-4baf-9eed-7a4cc889cb7c,4C:96:8A:ED:6A:01,SPEN NA,-44,1761739720190
35656,1761739732361.0,0adab909-eb8f-4baf-9eed-7a4cc889cb7c,4C:96:8A:ED:6A:01,SPEN NA,-45,1761739720190
35657,1761739732414.0,0adab909-eb8f-4baf-9eed-7a4cc889cb7c,4F:75:03:A0:55:26,,-91,1761739720190
35658,1761739732435.0,0adab909-eb8f-4baf-9eed-7a4cc889cb7c,4C:96:8A:ED:6A:01,SPEN NA,-44,1761739720190
35659,1761739733170.0,0adab909-eb8f-4baf-9eed-7a4cc889cb7c,D1:7B:05:14:A9:6E,,-79,1761739720190
35660,1761739733193.0,0adab909-eb8f-4baf-9eed-7a4cc889cb7c,4C:96:8A:ED:6A:01,SPEN NA,-45,1761739720190
35661,1761739735155.0,0adab909-eb8f-4baf-9eed-7a4cc889cb7c,FF:10:10:AE:A7:64,Sunset lights,-75,1761739720190
35662,1761740333051.0,0adab909-eb8f-4baf-9eed-7a4cc889cb7c,FF:10:10:AE:A7:64,Sunset lights,-77,1761740331358
35663,1761740931163.0,0adab909-eb8f-4baf-9eed-7a4cc889cb7c,FF:10:10:AE:A7:64,Sunset lights,-79,1761740931116
35664,1761740944047.0,0adab909-eb8f-4baf-9eed-7a4cc889cb7c,FF:10:10:AE:A7:64,Sunset lights,-75,1761740931116
35665,1761740945966.0,0adab909-eb8f-4baf-9eed-7a4cc889cb7c,31:DA:F4:B1:CB:7C,,-90,1761740931116
35666,1761741531116.0,0adab909-eb8f-4baf-9eed-7a4cc889cb7c,FF:10:10:AE:A7:64,Sunset lights,-82,1761741531074
35667,1761741544951.0,0adab909-eb8f-4baf-9eed-7a4cc889cb7c,D5:17:72:E7:3A:B2,,-73,1761741531074
35668,1761741545105.0,0adab909-eb8f-4baf-9eed-7a4cc889cb7c,FF:10:10:AE:A7:64,Sunset lights,-73,1761741531074
35669,1761742131107.0,0adab909-eb8f-4baf-9eed-7a4cc889cb7c,FF:10:10:AE:A7:64,Sunset lights,-87,1761742131086
35670,1761742144977.0,0adab909-eb8f-4baf-9eed-7a4cc889cb7c,D5:17:72:E7:3A:B2,,-75,1761742131086
35671,1761742145095.0,0adab909-eb8f-4baf-9eed-7a4cc889cb7c,FF:10:10:AE:A7:64,Sunset lights,-80,1761742131086
35672,1761742730763.0,0adab909-eb8f-4baf-9eed-7a4cc889cb7c,FF:10:10:AE:A7:64,Sunset lights,-81,1761742730739
35673,1761742735937.0,0adab909-eb8f-4baf-9eed-7a4cc889cb7c,7A:76:77:05:82:26,,-90,1761742730739
35674,1761742736247.0,0adab909-eb8f-4baf-9eed-7a4cc889cb7c,5A:04:C9:E6:5F:76,,-89,1761742730739
35675,1761742743605.0,0adab909-eb8f-4baf-9eed-7a4cc889cb7c,E6:11:E7:46:2D:C5,,-93,1761742730739
35676,1761742743651.0,0adab909-eb8f-4baf-9eed-7a4cc889cb7c,FF:10:10:AE:A7:64,Sunset lights,-75,1761742730739
35677,1761743330764.0,0adab909-eb8f-4baf-9eed-7a4cc889cb7c,FF:10:10:AE:A7:64,Sunset lights,-84,1761743330724
35678,1761743332237.0,0adab909-eb8f-4baf-9eed-7a4cc889cb7c,63:4E:75:2C:80:CB,,-75,1761743330724
35679,1761743333118.0,0adab909-eb8f-4baf-9eed-7a4cc889cb7c,47:2C:55:8A:9C:A6,,-91,1761743330724
35680,1761743333480.0,0adab909-eb8f-4baf-9eed-7a4cc889cb7c,6D:11:C9:60:B1:7F,,-90,1761743330724
35681,1761743344658.0,0adab909-eb8f-4baf-9eed-7a4cc889cb7c,FF:10:10:AE:A7:64,Sunset lights,-81,1761743330724
35682,1761743346172.0,0adab909-eb8f-4baf-9eed-7a4cc889cb7c,6D:11:C9:60:B1:7F,,-91,1761743330724
35683,1761743931212.0,0adab909-eb8f-4baf-9eed-7a4cc889cb7c,45:3E:BB:2E:74:6E,,-85,1761743930724
35684,1761743932851.0,0adab909-eb8f-4baf-9eed-7a4cc889cb7c,FF:10:10:AE:A7:64,Sunset lights,-88,1761743930724
35685,1761743938625.0,0adab909-eb8f-4baf-9eed-7a4cc889cb7c,47:2C:55:8A:9C:A6,,-95,1761743930724
35686,1761743941754.0,0adab909-eb8f-4baf-9eed-7a4cc889cb7c,4D:E2:A4:89:2E:81,,-93,1761743930724
35687,1761744831891.0,0adab909-eb8f-4baf-9eed-7a4cc889cb7c,FF:10:10:AE:A7:64,Sunset lights,-79,1761744831462
35688,1761744835558.0,0adab909-eb8f-4baf-9eed-7a4cc889cb7c,68:97:F0:16:B6:6A,,-91,1761744831462
35689,1761744835741.0,0adab909-eb8f-4baf-9eed-7a4cc889cb7c,44:B4:0A:C9:0E:80,,-86,1761744831462
35690,1761745132233.0,0adab909-eb8f-4baf-9eed-7a4cc889cb7c,FF:10:10:AE:A7:64,Sunset lights,-88,1761745131468
35691,1761745136042.0,0adab909-eb8f-4baf-9eed-7a4cc889cb7c,68:97:F0:16:B6:6A,,-83,1761745131468
35692,1761745138590.0,0adab909-eb8f-4baf-9eed-7a4cc889cb7c,44:B4:0A:C9:0E:80,,-87,1761745131468
35693,1761745733761.0,0adab909-eb8f-4baf-9eed-7a4cc889cb7c,FF:10:10:AE:A7:64,Sunset lights,-76,1761745731470
35694,1761746333448.0,0adab909-eb8f-4baf-9eed-7a4cc889cb7c,44:FC:C3:23:9C:7B,,-91,1761746332067
35695,1761746333470.0,0adab909-eb8f-4baf-9eed-7a4cc889cb7c,28:A8:DB:0B:7D:E3,,-92,1761746332067
35696,1761746334064.0,0adab909-eb8f-4baf-9eed-7a4cc889cb7c,52:0B:A9:1F:EA:C6,,-86,1761746332067
35697,1761746334454.0,0adab909-eb8f-4baf-9eed-7a4cc889cb7c,12:27:03:A5:A3:B1,,-88,1761746332067
35698,1761746334473.0,0adab909-eb8f-4baf-9eed-7a4cc889cb7c,0B:3B:D1:61:72:DE,,-93,1761746332067
35699,1761746338793.0,0adab909-eb8f-4baf-9eed-7a4cc889cb7c,FF:10:10:AE:A7:64,Sunset lights,-76,1761746332067
35700,1761746932047.0,0adab909-eb8f-4baf-9eed-7a4cc889cb7c,FF:10:10:AE:A7:64,Sunset lights,-80,1761746932022
35701,1761746932723.0,0adab909-eb8f-4baf-9eed-7a4cc889cb7c,43:56:DA:23:84:6F,,-90,1761746932022
35702,1761746935301.0,0adab909-eb8f-4baf-9eed-7a4cc889cb7c,75:2C:ED:8C:16:B7,,-91,1761746932022
35703,1761747532479.0,0adab909-eb8f-4baf-9eed-7a4cc889cb7c,FF:10:10:AE:A7:64,Sunset lights,-79,1761747532014
35704,1761747532505.0,0adab909-eb8f-4baf-9eed-7a4cc889cb7c,74:0E:54:C5:A3:28,,-79,1761747532014
35705,1761747533914.0,0adab909-eb8f-4baf-9eed-7a4cc889cb7c,EC:53:82:16:E1:7C,,-100,1761747532014
35706,1761747534037.0,0adab909-eb8f-4baf-9eed-7a4cc889cb7c,6C:5D:32:7E:23:FD,,-85,1761747532014
35707,1761747551641.0,0adab909-eb8f-4baf-9eed-7a4cc889cb7c,2C:38:E9:66:BD:B1,,-90,1761747532014
35708,1761747551767.0,0adab909-eb8f-4baf-9eed-7a4cc889cb7c,C7:EE:A0:14:0E:7F,,-65,1761747532014
35709,1761747551791.0,0adab909-eb8f-4baf-9eed-7a4cc889cb7c,D5:48:B1:51:E4:AE,,-76,1761747532014
35710,1761747552080.0,0adab909-eb8f-4baf-9eed-7a4cc889cb7c,FF:10:10:AE:A7:64,Sunset lights,-76,1761747532014
35711,1761747552391.0,0adab909-eb8f-4baf-9eed-7a4cc889cb7c,74:0E:54:C5:A3:28,,-71,1761747532014
35712,1761747552537.0,0adab909-eb8f-4baf-9eed-7a4cc889cb7c,6C:5D:32:7E:23:FD,,-80,1761747532014
35713,1761748131792.0,0adab909-eb8f-4baf-9eed-7a4cc889cb7c,59:86:D4:F3:AA:31,,-88,1761748131686
35714,1761748132432.0,0adab909-eb8f-4baf-9eed-7a4cc889cb7c,FF:10:10:AE:A7:64,Sunset lights,-74,1761748131686
35715,1761748133414.0,0adab909-eb8f-4baf-9eed-7a4cc889cb7c,74:0E:54:C5:A3:28,,-77,1761748131686
35716,1761748731796.0,0adab909-eb8f-4baf-9eed-7a4cc889cb7c,FF:10:10:AE:A7:64,Sunset lights,-80,1761748731719
35717,1761748732609.0,0adab909-eb8f-4baf-9eed-7a4cc889cb7c,59:86:D4:F3:AA:31,,-87,1761748731719
35718,1761748734022.0,0adab909-eb8f-4baf-9eed-7a4cc889cb7c,6E:9E:FA:77:4B:A1,,-78,1761748731719
35719,1761748744784.0,0adab909-eb8f-4baf-9eed-7a4cc889cb7c,D1:87:31:6C:AE:A8,,-77,1761748731719
35720,1761748745044.0,0adab909-eb8f-4baf-9eed-7a4cc889cb7c,FF:10:10:AE:A7:64,Sunset lights,-80,1761748731719
35721,1761748745069.0,0adab909-eb8f-4baf-9eed-7a4cc889cb7c,FE:35:92:CD:99:E2,,-88,1761748731719
35722,1761748745644.0,0adab909-eb8f-4baf-9eed-7a4cc889cb7c,59:86:D4:F3:AA:31,,-81,1761748731719
35723,1761749331814.0,0adab909-eb8f-4baf-9eed-7a4cc889cb7c,6E:9E:FA:77:4B:A1,,-89,1761749331710
35724,1761749331843.0,0adab909-eb8f-4baf-9eed-7a4cc889cb7c,FF:10:10:AE:A7:64,Sunset lights,-79,1761749331710
35725,1761749332788.0,0adab909-eb8f-4baf-9eed-7a4cc889cb7c,5D:78:BF:F3:5B:3D,,-91,1761749331710
35726,1761749344594.0,0adab909-eb8f-4baf-9eed-7a4cc889cb7c,FF:10:10:AE:A7:64,Sunset lights,-74,1761749331710
35727,1761749344775.0,0adab909-eb8f-4baf-9eed-7a4cc889cb7c,D1:87:31:6C:AE:A8,,-79,1761749331710
35728,1761749347605.0,0adab909-eb8f-4baf-9eed-7a4cc889cb7c,FF:10:10:AE:A7:64,Sunset lights,-74,1761749331710
35729,1761749931292.0,0adab909-eb8f-4baf-9eed-7a4cc889cb7c,FF:10:10:AE:A7:64,Sunset lights,-81,1761749930881
35730,1761749934223.0,0adab909-eb8f-4baf-9eed-7a4cc889cb7c,7E:61:A9:37:02:A2,,-92,1761749930881
35731,1761749944963.0,0adab909-eb8f-4baf-9eed-7a4cc889cb7c,EC:E7:3D:C1:B0:C1,,-93,1761749930881
35732,1761749945788.0,0adab909-eb8f-4baf-9eed-7a4cc889cb7c,7E:61:A9:37:02:A2,,-83,1761749930881
35733,1761750531874.0,0adab909-eb8f-4baf-9eed-7a4cc889cb7c,77:FA:7B:C5:DA:1B,,-87,1761750530841
35734,1761750532528.0,0adab909-eb8f-4baf-9eed-7a4cc889cb7c,7E:61:A9:37:02:A2,,-83,1761750530841
35735,1761750532914.0,0adab909-eb8f-4baf-9eed-7a4cc889cb7c,FF:10:10:AE:A7:64,Sunset lights,-76,1761750530841
35736,1761750536103.0,0adab909-eb8f-4baf-9eed-7a4cc889cb7c,4F:58:52:D3:4D:3C,,-85,1761750530841
35737,1761751131525.0,0adab909-eb8f-4baf-9eed-7a4cc889cb7c,FF:10:10:AE:A7:64,Sunset lights,-78,1761751130837
35738,1761751131553.0,0adab909-eb8f-4baf-9eed-7a4cc889cb7c,14:8E:53:49:F2:D0,,-91,1761751130837
35739,1761751139625.0,0adab909-eb8f-4baf-9eed-7a4cc889cb7c,77:FA:7B:C5:DA:1B,,-88,1761751130837
35740,1761751143761.0,0adab909-eb8f-4baf-9eed-7a4cc889cb7c,26:4A:61:9B:53:B1,,-87,1761751130837
35741,1761751143893.0,0adab909-eb8f-4baf-9eed-7a4cc889cb7c,FF:10:10:AE:A7:64,Sunset lights,-77,1761751130837
35742,1761751144844.0,0adab909-eb8f-4baf-9eed-7a4cc889cb7c,74:99:7C:83:94:ED,,-91,1761751130837
35743,1761751145680.0,0adab909-eb8f-4baf-9eed-7a4cc889cb7c,7E:61:A9:37:02:A2,,-88,1761751130837
35744,1761751145745.0,0adab909-eb8f-4baf-9eed-7a4cc889cb7c,E2:C3:6E:4A:05:94,,-86,1761751130837
35745,1761752031787.0,0adab909-eb8f-4baf-9eed-7a4cc889cb7c,4C:29:C8:77:24:45,,-83,1761752030731
35746,1761752032794.0,0adab909-eb8f-4baf-9eed-7a4cc889cb7c,68:6F:F7:7E:27:F1,,-84,1761752030731
35747,1761752034025.0,0adab909-eb8f-4baf-9eed-7a4cc889cb7c,FF:10:10:AE:A7:64,Sunset lights,-75,1761752030731
35748,1761752044681.0,0adab909-eb8f-4baf-9eed-7a4cc889cb7c,D4:38:AD:AA:DC:4D,,-91,1761752030731
35749,1761752044706.0,0adab909-eb8f-4baf-9eed-7a4cc889cb7c,4C:29:C8:77:24:45,,-81,1761752030731
35750,1761752044793.0,0adab909-eb8f-4baf-9eed-7a4cc889cb7c,FF:10:10:AE:A7:64,Sunset lights,-76,1761752030731
35751,1761752045698.0,0adab909-eb8f-4baf-9eed-7a4cc889cb7c,21:0F:14:F7:E5:43,,-76,1761752030731
35752,1761752330820.0,0adab909-eb8f-4baf-9eed-7a4cc889cb7c,68:6F:F7:7E:27:F1,,-92,1761752330730
35753,1761752332116.0,0adab909-eb8f-4baf-9eed-7a4cc889cb7c,FF:10:10:AE:A7:64,Sunset lights,-78,1761752330730
35754,1761752930899.0,0adab909-eb8f-4baf-9eed-7a4cc889cb7c,FF:10:10:AE:A7:64,Sunset lights,-78,1761752930785
35755,1761752940151.0,0adab909-eb8f-4baf-9eed-7a4cc889cb7c,66:A4:D0:2C:67:6D,,-81,1761752930785
35756,1761752943637.0,0adab909-eb8f-4baf-9eed-7a4cc889cb7c,FF:10:10:AE:A7:64,Sunset lights,-73,1761752930785
35757,1761752943665.0,0adab909-eb8f-4baf-9eed-7a4cc889cb7c,04:A0:47:66:FD:CF,,-91,1761752930785
35758,1761752943710.0,0adab909-eb8f-4baf-9eed-7a4cc889cb7c,66:A4:D0:2C:67:6D,,-83,1761752930785
35759,1761752943772.0,0adab909-eb8f-4baf-9eed-7a4cc889cb7c,3E:87:7D:B4:31:33,,-90,1761752930785
35760,1761752943808.0,0adab909-eb8f-4baf-9eed-7a4cc889cb7c,DE:74:9B:BD:17:02,,-82,1761752930785
35761,1761752943841.0,0adab909-eb8f-4baf-9eed-7a4cc889cb7c,1F:E6:6F:EC:80:A1,,-77,1761752930785
35762,1761752943873.0,0adab909-eb8f-4baf-9eed-7a4cc889cb7c,4B:70:74:B7:9F:37,,-89,1761752930785
35763,1761753531409.0,0adab909-eb8f-4baf-9eed-7a4cc889cb7c,66:A4:D0:2C:67:6D,,-94,1761753531382
35764,1761753531481.0,0adab909-eb8f-4baf-9eed-7a4cc889cb7c,FF:10:10:AE:A7:64,Sunset lights,-85,1761753531382
35765,1761753534330.0,0adab909-eb8f-4baf-9eed-7a4cc889cb7c,5E:44:D6:DF:07:0D,,-91,1761753531382
35766,1761753535955.0,0adab909-eb8f-4baf-9eed-7a4cc889cb7c,4A:10:32:A5:3E:63,,-86,1761753531382
35767,1761753537201.0,0adab909-eb8f-4baf-9eed-7a4cc889cb7c,C0:1E:7C:C9:B9:B0,LE-Philips TAH8506,-91,1761753531382
35768,1761753544254.0,0adab909-eb8f-4baf-9eed-7a4cc889cb7c,FF:10:10:AE:A7:64,Sunset lights,-68,1761753531382
35769,1761753546348.0,0adab909-eb8f-4baf-9eed-7a4cc889cb7c,EA:B2:36:33:E3:36,,-91,1761753531382
35770,1761754217672.0,0adab909-eb8f-4baf-9eed-7a4cc889cb7c,FF:10:10:AE:A7:64,Sunset lights,-87,1761754217642
35771,1761754220217.0,0adab909-eb8f-4baf-9eed-7a4cc889cb7c,60:A8:2C:24:F0:DE,,-89,1761754217642
35772,1761754232903.0,0adab909-eb8f-4baf-9eed-7a4cc889cb7c,2E:4F:6B:5A:A2:07,,-70,1761754217642
35773,1761754232918.0,0adab909-eb8f-4baf-9eed-7a4cc889cb7c,1A:5E:EA:5F:1C:E2,,-88,1761754217642
35774,1761754730853.0,0adab909-eb8f-4baf-9eed-7a4cc889cb7c,4C:96:8A:ED:6A:01,SPEN NA,-64,1761754730813
35775,1761754730947.0,0adab909-eb8f-4baf-9eed-7a4cc889cb7c,FF:10:10:AE:A7:64,Sunset lights,-81,1761754730813
35776,1761754730962.0,0adab909-eb8f-4baf-9eed-7a4cc889cb7c,4C:96:8A:ED:6A:01,SPEN NA,-64,1761754730813
35777,1761754731177.0,0adab909-eb8f-4baf-9eed-7a4cc889cb7c,4C:96:8A:ED:6A:01,SPEN NA,-68,1761754730813
35778,1761754731279.0,0adab909-eb8f-4baf-9eed-7a4cc889cb7c,4C:96:8A:ED:6A:01,SPEN NA,-70,1761754730813
35779,1761754731294.0,0adab909-eb8f-4baf-9eed-7a4cc889cb7c,60:A8:2C:24:F0:DE,,-77,1761754730813
35780,1761754731588.0,0adab909-eb8f-4baf-9eed-7a4cc889cb7c,4C:96:8A:ED:6A:01,SPEN NA,-70,1761754730813
35781,1761754731909.0,0adab909-eb8f-4baf-9eed-7a4cc889cb7c,4C:96:8A:ED:6A:01,SPEN NA,-64,1761754730813
35782,1761754732232.0,0adab909-eb8f-4baf-9eed-7a4cc889cb7c,4C:96:8A:ED:6A:01,SPEN NA,-69,1761754730813
35783,1761754732544.0,0adab909-eb8f-4baf-9eed-7a4cc889cb7c,4C:96:8A:ED:6A:01,SPEN NA,127,1761754730813
35784,1761754732852.0,0adab909-eb8f-4baf-9eed-7a4cc889cb7c,4C:96:8A:ED:6A:01,SPEN NA,-66,1761754730813
35785,1761754733176.0,0adab909-eb8f-4baf-9eed-7a4cc889cb7c,4C:96:8A:ED:6A:01,SPEN NA,-66,1761754730813
35786,1761754733493.0,0adab909-eb8f-4baf-9eed-7a4cc889cb7c,4C:96:8A:ED:6A:01,SPEN NA,-69,1761754730813
35787,1761754734108.0,0adab909-eb8f-4baf-9eed-7a4cc889cb7c,E4:8F:DB:BF:44:20,,-89,1761754730813
35788,1761754734126.0,0adab909-eb8f-4baf-9eed-7a4cc889cb7c,4C:96:8A:ED:6A:01,SPEN NA,-66,1761754730813
35789,1761754734453.0,0adab909-eb8f-4baf-9eed-7a4cc889cb7c,4C:96:8A:ED:6A:01,SPEN NA,-68,1761754730813
35790,1761754735059.0,0adab909-eb8f-4baf-9eed-7a4cc889cb7c,4C:96:8A:ED:6A:01,SPEN NA,-67,1761754730813
35791,1761754735390.0,0adab909-eb8f-4baf-9eed-7a4cc889cb7c,4C:96:8A:ED:6A:01,SPEN NA,-72,1761754730813
35792,1761754735705.0,0adab909-eb8f-4baf-9eed-7a4cc889cb7c,4C:96:8A:ED:6A:01,SPEN NA,-64,1761754730813
35793,1761754736003.0,0adab909-eb8f-4baf-9eed-7a4cc889cb7c,4C:96:8A:ED:6A:01,SPEN NA,-66,1761754730813
35794,1761754736346.0,0adab909-eb8f-4baf-9eed-7a4cc889cb7c,4C:96:8A:ED:6A:01,SPEN NA,-70,1761754730813
35795,1761754736662.0,0adab909-eb8f-4baf-9eed-7a4cc889cb7c,4C:96:8A:ED:6A:01,SPEN NA,-59,1761754730813
35796,1761754736974.0,0adab909-eb8f-4baf-9eed-7a4cc889cb7c,4C:96:8A:ED:6A:01,SPEN NA,-66,1761754730813
35797,1761754737603.0,0adab909-eb8f-4baf-9eed-7a4cc889cb7c,4C:96:8A:ED:6A:01,SPEN NA,-63,1761754730813
35798,1761754737900.0,0adab909-eb8f-4baf-9eed-7a4cc889cb7c,4C:96:8A:ED:6A:01,SPEN NA,-66,1761754730813
35799,1761754738318.0,0adab909-eb8f-4baf-9eed-7a4cc889cb7c,4C:96:8A:ED:6A:01,SPEN NA,-65,1761754730813
35800,1761754738531.0,0adab909-eb8f-4baf-9eed-7a4cc889cb7c,4C:96:8A:ED:6A:01,SPEN NA,-59,1761754730813
35801,1761754738934.0,0adab909-eb8f-4baf-9eed-7a4cc889cb7c,7B:95:F3:E5:2D:BF,Redmi Buds 6,-90,1761754730813
35802,1761754739281.0,0adab909-eb8f-4baf-9eed-7a4cc889cb7c,4C:96:8A:ED:6A:01,SPEN NA,-69,1761754730813
35803,1761754739600.0,0adab909-eb8f-4baf-9eed-7a4cc889cb7c,4C:96:8A:ED:6A:01,SPEN NA,-64,1761754730813
35804,1761754739815.0,0adab909-eb8f-4baf-9eed-7a4cc889cb7c,4C:96:8A:ED:6A:01,SPEN NA,-66,1761754730813
35805,1761754740539.0,0adab909-eb8f-4baf-9eed-7a4cc889cb7c,4C:96:8A:ED:6A:01,SPEN NA,-64,1761754730813
35806,1761754740856.0,0adab909-eb8f-4baf-9eed-7a4cc889cb7c,4C:96:8A:ED:6A:01,SPEN NA,-66,1761754730813
35807,1761754741178.0,0adab909-eb8f-4baf-9eed-7a4cc889cb7c,4C:96:8A:ED:6A:01,SPEN NA,-65,1761754730813
35808,1761754741476.0,0adab909-eb8f-4baf-9eed-7a4cc889cb7c,4C:96:8A:ED:6A:01,SPEN NA,-64,1761754730813
35809,1761754741778.0,0adab909-eb8f-4baf-9eed-7a4cc889cb7c,4C:96:8A:ED:6A:01,SPEN NA,-66,1761754730813
35810,1761754742097.0,0adab909-eb8f-4baf-9eed-7a4cc889cb7c,4C:96:8A:ED:6A:01,SPEN NA,-69,1761754730813
35811,1761754742426.0,0adab909-eb8f-4baf-9eed-7a4cc889cb7c,4C:96:8A:ED:6A:01,SPEN NA,-64,1761754730813
35812,1761754742748.0,0adab909-eb8f-4baf-9eed-7a4cc889cb7c,4C:96:8A:ED:6A:01,SPEN NA,-66,1761754730813
35813,1761754743073.0,0adab909-eb8f-4baf-9eed-7a4cc889cb7c,4C:96:8A:ED:6A:01,SPEN NA,-65,1761754730813
35814,1761754743733.0,0adab909-eb8f-4baf-9eed-7a4cc889cb7c,FF:10:10:AE:A7:64,Sunset lights,-76,1761754730813
35815,1761754743763.0,0adab909-eb8f-4baf-9eed-7a4cc889cb7c,4C:96:8A:ED:6A:01,SPEN NA,-64,1761754730813
35816,1761754743829.0,0adab909-eb8f-4baf-9eed-7a4cc889cb7c,52:B7:D9:33:05:D4,,-77,1761754730813
35817,1761754744774.0,0adab909-eb8f-4baf-9eed-7a4cc889cb7c,60:A8:2C:24:F0:DE,,-76,1761754730813
35818,1761754744868.0,0adab909-eb8f-4baf-9eed-7a4cc889cb7c,17:3A:D4:F6:D5:25,,-76,1761754730813
35819,1761754745727.0,0adab909-eb8f-4baf-9eed-7a4cc889cb7c,F4:7B:3B:9D:C2:95,,-78,1761754730813
35820,1761755340165.0,0adab909-eb8f-4baf-9eed-7a4cc889cb7c,FF:10:10:AE:A7:64,Sunset lights,-82,1761755339099
35821,1761755341112.0,0adab909-eb8f-4baf-9eed-7a4cc889cb7c,60:74:F4:73:99:E7,ihoment_H601B_99E7,-86,1761755339099
35822,1761755342101.0,0adab909-eb8f-4baf-9eed-7a4cc889cb7c,60:74:F4:72:90:3F,ihoment_H601B_903F,-77,1761755339099
35823,1761755342401.0,0adab909-eb8f-4baf-9eed-7a4cc889cb7c,7A:E1:E5:3B:45:E0,,-89,1761755339099
35824,1761755352081.0,0adab909-eb8f-4baf-9eed-7a4cc889cb7c,60:74:F4:72:90:3F,ihoment_H601B_903F,-78,1761755339099
35825,1761755352124.0,0adab909-eb8f-4baf-9eed-7a4cc889cb7c,60:74:F4:73:99:E7,ihoment_H601B_99E7,-81,1761755339099
35826,1761755353142.0,0adab909-eb8f-4baf-9eed-7a4cc889cb7c,0E:CC:F2:F7:93:5A,,-84,1761755339099
35827,1761755353172.0,0adab909-eb8f-4baf-9eed-7a4cc889cb7c,FF:10:10:AE:A7:64,Sunset lights,-93,1761755339099
35828,1761755354884.0,0adab909-eb8f-4baf-9eed-7a4cc889cb7c,48:6E:8C:85:3E:C0,,-82,1761755339099
35829,1761755949340.0,0adab909-eb8f-4baf-9eed-7a4cc889cb7c,7A:E1:E5:3B:45:E0,,-93,1761755947968
35830,1761755949684.0,0adab909-eb8f-4baf-9eed-7a4cc889cb7c,FF:10:10:AE:A7:64,Sunset lights,-82,1761755947968
35831,1761755949704.0,0adab909-eb8f-4baf-9eed-7a4cc889cb7c,60:74:F4:73:99:E7,ihoment_H601B_99E7,-91,1761755947968
35832,1761755949719.0,0adab909-eb8f-4baf-9eed-7a4cc889cb7c,60:74:F4:75:21:D5,ihoment_H601B_21D5,-83,1761755947968
35833,1761755950958.0,0adab909-eb8f-4baf-9eed-7a4cc889cb7c,60:74:F4:72:90:3F,ihoment_H601B_903F,-90,1761755947968
35834,1761755951298.0,0adab909-eb8f-4baf-9eed-7a4cc889cb7c,60:74:F4:73:96:CD,ihoment_H601B_96CD,-81,1761755947968
35835,1761755954812.0,0adab909-eb8f-4baf-9eed-7a4cc889cb7c,4F:3D:BB:C6:C2:F9,,-88,1761755947968
35836,1761755960603.0,0adab909-eb8f-4baf-9eed-7a4cc889cb7c,4D:E5:18:43:60:D6,,-86,1761755947968
35837,1761756556755.0,0adab909-eb8f-4baf-9eed-7a4cc889cb7c,7A:E1:E5:3B:45:E0,,-74,1761756556732
35838,1761756557159.0,0adab909-eb8f-4baf-9eed-7a4cc889cb7c,4C:96:8A:ED:6A:01,SPEN NA,-65,1761756556732
35839,1761756557178.0,0adab909-eb8f-4baf-9eed-7a4cc889cb7c,60:74:F4:73:96:CD,ihoment_H601B_96CD,-77,1761756556732
35840,1761756557476.0,0adab909-eb8f-4baf-9eed-7a4cc889cb7c,4C:96:8A:ED:6A:01,SPEN NA,-73,1761756556732
35841,1761756557495.0,0adab909-eb8f-4baf-9eed-7a4cc889cb7c,60:74:F4:75:21:D5,ihoment_H601B_21D5,-78,1761756556732
35842,1761756557797.0,0adab909-eb8f-4baf-9eed-7a4cc889cb7c,4C:96:8A:ED:6A:01,SPEN NA,-64,1761756556732
35843,1761756558114.0,0adab909-eb8f-4baf-9eed-7a4cc889cb7c,4C:96:8A:ED:6A:01,SPEN NA,-59,1761756556732
35844,1761756558133.0,0adab909-eb8f-4baf-9eed-7a4cc889cb7c,52:1C:CF:72:D0:A4,,-84,1761756556732
35845,1761756558436.0,0adab909-eb8f-4baf-9eed-7a4cc889cb7c,4C:96:8A:ED:6A:01,SPEN NA,-60,1761756556732
35846,1761756558757.0,0adab909-eb8f-4baf-9eed-7a4cc889cb7c,4C:96:8A:ED:6A:01,SPEN NA,-59,1761756556732
35847,1761756559066.0,0adab909-eb8f-4baf-9eed-7a4cc889cb7c,4C:96:8A:ED:6A:01,SPEN NA,-60,1761756556732
35848,1761756559350.0,0adab909-eb8f-4baf-9eed-7a4cc889cb7c,FF:10:10:AE:A7:64,Sunset lights,-88,1761756556732
35849,1761756559371.0,0adab909-eb8f-4baf-9eed-7a4cc889cb7c,4C:96:8A:ED:6A:01,SPEN NA,-61,1761756556732
35850,1761756559706.0,0adab909-eb8f-4baf-9eed-7a4cc889cb7c,4C:96:8A:ED:6A:01,SPEN NA,-58,1761756556732
35851,1761756560029.0,0adab909-eb8f-4baf-9eed-7a4cc889cb7c,4C:96:8A:ED:6A:01,SPEN NA,-60,1761756556732
35852,1761756560346.0,0adab909-eb8f-4baf-9eed-7a4cc889cb7c,4C:96:8A:ED:6A:01,SPEN NA,-62,1761756556732
35853,1761756560649.0,0adab909-eb8f-4baf-9eed-7a4cc889cb7c,4C:96:8A:ED:6A:01,SPEN NA,-58,1761756556732
35854,1761756560962.0,0adab909-eb8f-4baf-9eed-7a4cc889cb7c,4C:96:8A:ED:6A:01,SPEN NA,-60,1761756556732
35855,1761756562330.0,0adab909-eb8f-4baf-9eed-7a4cc889cb7c,4C:96:8A:ED:6A:01,SPEN NA,-66,1761756556732
35856,1761756563518.0,0adab909-eb8f-4baf-9eed-7a4cc889cb7c,60:74:F4:72:90:3F,ihoment_H601B_903F,-74,1761756556732
35857,1761756563893.0,0adab909-eb8f-4baf-9eed-7a4cc889cb7c,4C:96:8A:ED:6A:01,SPEN NA,-64,1761756556732
35858,1761756564210.0,0adab909-eb8f-4baf-9eed-7a4cc889cb7c,4C:96:8A:ED:6A:01,SPEN NA,-69,1761756556732
35859,1761756564516.0,0adab909-eb8f-4baf-9eed-7a4cc889cb7c,4C:96:8A:ED:6A:01,SPEN NA,-58,1761756556732
35860,1761756564845.0,0adab909-eb8f-4baf-9eed-7a4cc889cb7c,4C:96:8A:ED:6A:01,SPEN NA,-63,1761756556732
35861,1761756565155.0,0adab909-eb8f-4baf-9eed-7a4cc889cb7c,4C:96:8A:ED:6A:01,SPEN NA,-67,1761756556732
35862,1761756565457.0,0adab909-eb8f-4baf-9eed-7a4cc889cb7c,4E:1C:3B:B1:75:AE,,-88,1761756556732
35863,1761756565476.0,0adab909-eb8f-4baf-9eed-7a4cc889cb7c,4C:96:8A:ED:6A:01,SPEN NA,-58,1761756556732
35864,1761756566118.0,0adab909-eb8f-4baf-9eed-7a4cc889cb7c,4C:96:8A:ED:6A:01,SPEN NA,-67,1761756556732
35865,1761756566433.0,0adab909-eb8f-4baf-9eed-7a4cc889cb7c,4C:96:8A:ED:6A:01,SPEN NA,-58,1761756556732
35866,1761756566725.0,0adab909-eb8f-4baf-9eed-7a4cc889cb7c,4C:96:8A:ED:6A:01,SPEN NA,-60,1761756556732
35867,1761756567369.0,0adab909-eb8f-4baf-9eed-7a4cc889cb7c,4C:96:8A:ED:6A:01,SPEN NA,-58,1761756556732
35868,1761756567392.0,0adab909-eb8f-4baf-9eed-7a4cc889cb7c,5D:82:1B:4C:1D:0B,,-89,1761756556732
35869,1761756569367.0,0adab909-eb8f-4baf-9eed-7a4cc889cb7c,4C:96:8A:ED:6A:01,SPEN NA,-58,1761756556732
35870,1761756569659.0,0adab909-eb8f-4baf-9eed-7a4cc889cb7c,52:1C:CF:72:D0:A4,,-85,1761756556732
35871,1761756569680.0,0adab909-eb8f-4baf-9eed-7a4cc889cb7c,4C:96:8A:ED:6A:01,SPEN NA,-58,1761756556732
35872,1761756569698.0,0adab909-eb8f-4baf-9eed-7a4cc889cb7c,7A:E1:E5:3B:45:E0,,-84,1761756556732
35873,1761756569797.0,0adab909-eb8f-4baf-9eed-7a4cc889cb7c,60:74:F4:75:21:D5,ihoment_H601B_21D5,-67,1761756556732
35874,1761756570739.0,0adab909-eb8f-4baf-9eed-7a4cc889cb7c,FF:10:10:AE:A7:64,Sunset lights,-75,1761756556732
35875,1761756570847.0,0adab909-eb8f-4baf-9eed-7a4cc889cb7c,60:74:F4:72:90:3F,ihoment_H601B_903F,-76,1761756556732
35876,1761756571581.0,0adab909-eb8f-4baf-9eed-7a4cc889cb7c,1E:9B:73:EB:9C:D6,,-92,1761756556732
35877,1761756571605.0,0adab909-eb8f-4baf-9eed-7a4cc889cb7c,60:74:F4:73:99:E7,ihoment_H601B_99E7,-89,1761756556732
35878,1761756571708.0,0adab909-eb8f-4baf-9eed-7a4cc889cb7c,60:74:F4:73:96:CD,ihoment_H601B_96CD,-78,1761756556732
35879,1761757130866.0,0adab909-eb8f-4baf-9eed-7a4cc889cb7c,FF:10:10:AE:A7:64,Sunset lights,-84,1761757130781
35880,1761757131177.0,0adab909-eb8f-4baf-9eed-7a4cc889cb7c,60:74:F4:75:21:D5,ihoment_H601B_21D5,-79,1761757130781
35881,1761757131207.0,0adab909-eb8f-4baf-9eed-7a4cc889cb7c,60:74:F4:72:90:3F,ihoment_H601B_903F,-80,1761757130781
35882,1761757131850.0,0adab909-eb8f-4baf-9eed-7a4cc889cb7c,60:74:F4:73:99:E7,ihoment_H601B_99E7,-94,1761757130781
35883,1761757133091.0,0adab909-eb8f-4baf-9eed-7a4cc889cb7c,60:74:F4:73:96:CD,ihoment_H601B_96CD,-82,1761757130781
35884,1761757133109.0,0adab909-eb8f-4baf-9eed-7a4cc889cb7c,7E:A7:19:76:C6:00,,-91,1761757130781
35885,1761757133458.0,0adab909-eb8f-4baf-9eed-7a4cc889cb7c,53:C3:C3:D6:06:61,,-85,1761757130781
35886,1761757134065.0,0adab909-eb8f-4baf-9eed-7a4cc889cb7c,58:35:5D:8C:FA:D2,,-89,1761757130781
35887,1761757134090.0,0adab909-eb8f-4baf-9eed-7a4cc889cb7c,5B:89:BA:2D:37:25,,-86,1761757130781
35888,1761757138555.0,0adab909-eb8f-4baf-9eed-7a4cc889cb7c,76:B9:4E:A4:00:E1,,-93,1761757130781
35889,1761757143661.0,0adab909-eb8f-4baf-9eed-7a4cc889cb7c,53:C3:C3:D6:06:61,,-82,1761757130781
35890,1761757144278.0,0adab909-eb8f-4baf-9eed-7a4cc889cb7c,60:74:F4:75:21:D5,ihoment_H601B_21D5,-75,1761757130781
35891,1761757144302.0,0adab909-eb8f-4baf-9eed-7a4cc889cb7c,5B:89:BA:2D:37:25,,-82,1761757130781
35892,1761757144577.0,0adab909-eb8f-4baf-9eed-7a4cc889cb7c,C6:A9:F1:B8:F4:87,,-83,1761757130781
35893,1761757144725.0,0adab909-eb8f-4baf-9eed-7a4cc889cb7c,60:74:F4:73:96:CD,ihoment_H601B_96CD,-80,1761757130781
35894,1761757145176.0,0adab909-eb8f-4baf-9eed-7a4cc889cb7c,7D:14:A2:03:49:DF,,-91,1761757130781
35895,1761757145354.0,0adab909-eb8f-4baf-9eed-7a4cc889cb7c,60:74:F4:73:99:E7,ihoment_H601B_99E7,-88,1761757130781
35896,1761757145476.0,0adab909-eb8f-4baf-9eed-7a4cc889cb7c,28:C4:32:B6:D1:B9,,-85,1761757130781
35897,1761757146523.0,0adab909-eb8f-4baf-9eed-7a4cc889cb7c,15:02:6F:BD:9E:FD,,-89,1761757130781
35898,1761757731143.0,0adab909-eb8f-4baf-9eed-7a4cc889cb7c,60:74:F4:75:21:D5,ihoment_H601B_21D5,-78,1761757730763
35899,1761757731163.0,0adab909-eb8f-4baf-9eed-7a4cc889cb7c,60:74:F4:73:99:E7,ihoment_H601B_99E7,-90,1761757730763
35900,1761757731214.0,0adab909-eb8f-4baf-9eed-7a4cc889cb7c,60:74:F4:72:90:3F,ihoment_H601B_903F,-80,1761757730763
35901,1761757731776.0,0adab909-eb8f-4baf-9eed-7a4cc889cb7c,60:74:F4:73:96:CD,ihoment_H601B_96CD,-71,1761757730763
35902,1761757732173.0,0adab909-eb8f-4baf-9eed-7a4cc889cb7c,FF:10:10:AE:A7:64,Sunset lights,-74,1761757730763
35903,1761757734741.0,0adab909-eb8f-4baf-9eed-7a4cc889cb7c,53:C3:C3:D6:06:61,,-82,1761757730763
35904,1761757738511.0,0adab909-eb8f-4baf-9eed-7a4cc889cb7c,5B:89:BA:2D:37:25,,-85,1761757730763
35905,1761757740440.0,0adab909-eb8f-4baf-9eed-7a4cc889cb7c,20:04:E2:E7:85:10,,-90,1761757730763
35906,1761758506536.0,0adab909-eb8f-4baf-9eed-7a4cc889cb7c,60:74:F4:73:96:CD,ihoment_H601B_96CD,-73,1761758506467
35907,1761758507022.0,0adab909-eb8f-4baf-9eed-7a4cc889cb7c,FF:10:10:AE:A7:64,Sunset lights,-79,1761758506467
35908,1761758507484.0,0adab909-eb8f-4baf-9eed-7a4cc889cb7c,60:74:F4:72:90:3F,ihoment_H601B_903F,-76,1761758506467
35909,1761758507815.0,0adab909-eb8f-4baf-9eed-7a4cc889cb7c,5B:23:78:6C:33:E9,,-73,1761758506467
35910,1761758509165.0,0adab909-eb8f-4baf-9eed-7a4cc889cb7c,60:74:F4:75:21:D5,ihoment_H601B_21D5,-69,1761758506467
35911,1761758509475.0,0adab909-eb8f-4baf-9eed-7a4cc889cb7c,7A:6E:5A:87:DE:33,,-77,1761758506467
35912,1761758930982.0,0adab909-eb8f-4baf-9eed-7a4cc889cb7c,60:74:F4:72:90:3F,ihoment_H601B_903F,-79,1761758930871
35913,1761758931214.0,0adab909-eb8f-4baf-9eed-7a4cc889cb7c,94:54:CE:89:88:F6,Rutvik,-97,1761758930871
35914,1761758931299.0,0adab909-eb8f-4baf-9eed-7a4cc889cb7c,60:74:F4:75:21:D5,ihoment_H601B_21D5,-84,1761758930871
35915,1761758931625.0,0adab909-eb8f-4baf-9eed-7a4cc889cb7c,5B:23:78:6C:33:E9,,-89,1761758930871
35916,1761758931654.0,0adab909-eb8f-4baf-9eed-7a4cc889cb7c,60:74:F4:73:96:CD,ihoment_H601B_96CD,-79,1761758930871
35917,1761758931918.0,0adab909-eb8f-4baf-9eed-7a4cc889cb7c,FF:10:10:AE:A7:64,Sunset lights,-79,1761758930871
35918,1761758931936.0,0adab909-eb8f-4baf-9eed-7a4cc889cb7c,7A:6E:5A:87:DE:33,,-89,1761758930871
35919,1761758934247.0,0adab909-eb8f-4baf-9eed-7a4cc889cb7c,60:74:F4:73:99:E7,ihoment_H601B_99E7,-93,1761758930871
35920,1761758938026.0,0adab909-eb8f-4baf-9eed-7a4cc889cb7c,72:31:1D:E8:60:4D,,-88,1761758930871
35921,1761758943280.0,0adab909-eb8f-4baf-9eed-7a4cc889cb7c,D4:7A:D2:88:DF:2B,联想thinkplus-LP5,-94,1761758930871
35922,1761759814074.0,0adab909-eb8f-4baf-9eed-7a4cc889cb7c,52:ED:1D:DC:72:E4,,-63,1761759814062
35923,1761759814463.0,0adab909-eb8f-4baf-9eed-7a4cc889cb7c,60:74:F4:72:90:3F,ihoment_H601B_903F,-80,1761759814062
35924,1761759814482.0,0adab909-eb8f-4baf-9eed-7a4cc889cb7c,FF:10:10:AE:A7:64,Sunset lights,-84,1761759814062
35925,1761759814537.0,0adab909-eb8f-4baf-9eed-7a4cc889cb7c,40:71:22:04:DC:37,,-84,1761759814062
35926,1761759815404.0,0adab909-eb8f-4baf-9eed-7a4cc889cb7c,00:21:7E:8E:3E:7B,ASU_BLE 3E,-93,1761759814062
35927,1761759815422.0,0adab909-eb8f-4baf-9eed-7a4cc889cb7c,48:2F:B1:CF:FC:0E,,-91,1761759814062
35928,1761759815697.0,0adab909-eb8f-4baf-9eed-7a4cc889cb7c,94:54:CE:89:88:F6,Rutvik,-96,1761759814062
35929,1761759815742.0,0adab909-eb8f-4baf-9eed-7a4cc889cb7c,60:74:F4:73:96:CD,ihoment_H601B_96CD,-73,1761759814062
35930,1761759816059.0,0adab909-eb8f-4baf-9eed-7a4cc889cb7c,72:D0:9B:27:BC:E2,,-94,1761759814062
35931,1761759816079.0,0adab909-eb8f-4baf-9eed-7a4cc889cb7c,50:05:8C:31:98:92,,-91,1761759814062
35932,1761759816416.0,0adab909-eb8f-4baf-9eed-7a4cc889cb7c,60:74:F4:75:21:D5,ihoment_H601B_21D5,-77,1761759814062
35933,1761759816725.0,0adab909-eb8f-4baf-9eed-7a4cc889cb7c,7E:C4:22:26:B8:9D,,-85,1761759814062
35934,1761759816969.0,0adab909-eb8f-4baf-9eed-7a4cc889cb7c,94:54:CE:89:88:F6,Rutvik,-86,1761759814062
35935,1761759817948.0,0adab909-eb8f-4baf-9eed-7a4cc889cb7c,60:74:F4:73:99:E7,ihoment_H601B_99E7,-88,1761759814062
35936,1761759819903.0,0adab909-eb8f-4baf-9eed-7a4cc889cb7c,77:0A:54:63:D1:9D,,-88,1761759814062
35937,1761759822516.0,0adab909-eb8f-4baf-9eed-7a4cc889cb7c,10:B8:DE:91:9A:8B,,-91,1761759814062
35938,1761759825651.0,0adab909-eb8f-4baf-9eed-7a4cc889cb7c,58:09:69:E3:CB:B0,,-92,1761759814062
35939,1761760360289.0,0adab909-eb8f-4baf-9eed-7a4cc889cb7c,52:ED:1D:DC:72:E4,,-63,1761760360240
35940,1761760360326.0,0adab909-eb8f-4baf-9eed-7a4cc889cb7c,60:74:F4:72:90:3F,ihoment_H601B_903F,-78,1761760360240
35941,1761760360669.0,0adab909-eb8f-4baf-9eed-7a4cc889cb7c,60:74:F4:73:96:CD,ihoment_H601B_96CD,-76,1761760360240
35942,1761760361025.0,0adab909-eb8f-4baf-9eed-7a4cc889cb7c,40:71:22:04:DC:37,,-82,1761760360240
35943,1761760361597.0,0adab909-eb8f-4baf-9eed-7a4cc889cb7c,60:74:F4:75:21:D5,ihoment_H601B_21D5,-73,1761760360240
35944,1761760361622.0,0adab909-eb8f-4baf-9eed-7a4cc889cb7c,FF:10:10:AE:A7:64,Sunset lights,-79,1761760360240
35945,1761760361923.0,0adab909-eb8f-4baf-9eed-7a4cc889cb7c,50:F1:88:54:31:A7,,-84,1761760360240
35946,1761760366085.0,0adab909-eb8f-4baf-9eed-7a4cc889cb7c,94:54:CE:89:88:F6,Rutvik,-100,1761760360240
35947,1761761032811.0,0adab909-eb8f-4baf-9eed-7a4cc889cb7c,60:74:F4:72:90:3F,ihoment_H601B_903F,-77,1761761032766
35948,1761761032841.0,0adab909-eb8f-4baf-9eed-7a4cc889cb7c,FF:10:10:AE:A7:64,Sunset lights,-85,1761761032766
35949,1761761032858.0,0adab909-eb8f-4baf-9eed-7a4cc889cb7c,45:F7:D6:B6:B1:91,,-68,1761761032766
35950,1761761032920.0,0adab909-eb8f-4baf-9eed-7a4cc889cb7c,60:74:F4:75:21:D5,ihoment_H601B_21D5,-70,1761761032766
35951,1761761032947.0,0adab909-eb8f-4baf-9eed-7a4cc889cb7c,94:54:CE:89:88:F6,Rutvik,-97,1761761032766
35952,1761761033487.0,0adab909-eb8f-4baf-9eed-7a4cc889cb7c,60:74:F4:73:96:CD,ihoment_H601B_96CD,-83,1761761032766
35953,1761761511206.0,0adab909-eb8f-4baf-9eed-7a4cc889cb7c,60:74:F4:73:99:E7,ihoment_H601B_99E7,-73,1761761511201
35954,1761761511270.0,0adab909-eb8f-4baf-9eed-7a4cc889cb7c,60:74:F4:75:21:D5,ihoment_H601B_21D5,-90,1761761511201
35955,1761761511294.0,0adab909-eb8f-4baf-9eed-7a4cc889cb7c,60:74:F4:73:96:CD,ihoment_H601B_96CD,-81,1761761511201
35956,1761761512168.0,0adab909-eb8f-4baf-9eed-7a4cc889cb7c,4D:6D:EA:E3:91:CB,,-88,1761761511201
35957,1761761512242.0,0adab909-eb8f-4baf-9eed-7a4cc889cb7c,60:74:F4:72:90:3F,ihoment_H601B_903F,-81,1761761511201
35958,1761761512527.0,0adab909-eb8f-4baf-9eed-7a4cc889cb7c,C3:F5:7F:8B:F1:7D,Hue Lamp,-91,1761761511201
35959,1761761512810.0,0adab909-eb8f-4baf-9eed-7a4cc889cb7c,50:B1:23:CE:C3:F3,,-87,1761761511201
35960,1761761512835.0,0adab909-eb8f-4baf-9eed-7a4cc889cb7c,45:F7:D6:B6:B1:91,,-81,1761761511201
35961,1761761512908.0,0adab909-eb8f-4baf-9eed-7a4cc889cb7c,FF:10:10:AE:A7:64,Sunset lights,-91,1761761511201
35962,1761761512958.0,0adab909-eb8f-4baf-9eed-7a4cc889cb7c,94:54:CE:89:88:F6,Rutvik,-64,1761761511201
35963,1761761513138.0,0adab909-eb8f-4baf-9eed-7a4cc889cb7c,57:C3:13:AA:16:D9,,-92,1761761511201
35964,1761761513483.0,0adab909-eb8f-4baf-9eed-7a4cc889cb7c,47:1F:9D:E3:5C:A3,,-85,1761761511201
35965,1761761517596.0,0adab909-eb8f-4baf-9eed-7a4cc889cb7c,50:9A:69:B3:85:61,,-90,1761761511201
35966,1761761524030.0,0adab909-eb8f-4baf-9eed-7a4cc889cb7c,2D:5B:66:50:13:72,,-76,1761761511201
35967,1761761524075.0,0adab909-eb8f-4baf-9eed-7a4cc889cb7c,50:B1:23:CE:C3:F3,,-91,1761761511201
35968,1761761524107.0,0adab909-eb8f-4baf-9eed-7a4cc889cb7c,F4:FE:FB:45:44:C9,,-93,1761761511201
35969,1761761524121.0,0adab909-eb8f-4baf-9eed-7a4cc889cb7c,60:74:F4:73:99:E7,ihoment_H601B_99E7,-73,1761761511201
35970,1761761524140.0,0adab909-eb8f-4baf-9eed-7a4cc889cb7c,60:74:F4:75:21:D5,ihoment_H601B_21D5,-82,1761761511201
35971,1761761524174.0,0adab909-eb8f-4baf-9eed-7a4cc889cb7c,60:74:F4:73:96:CD,ihoment_H601B_96CD,-74,1761761511201
35972,1761761524190.0,0adab909-eb8f-4baf-9eed-7a4cc889cb7c,45:F7:D6:B6:B1:91,,-80,1761761511201
35973,1761761524215.0,0adab909-eb8f-4baf-9eed-7a4cc889cb7c,60:74:F4:72:90:3F,ihoment_H601B_903F,-79,1761761511201
35974,1761761525067.0,0adab909-eb8f-4baf-9eed-7a4cc889cb7c,47:1F:9D:E3:5C:A3,,-83,1761761511201
35975,1761761525109.0,0adab909-eb8f-4baf-9eed-7a4cc889cb7c,4D:6D:EA:E3:91:CB,,-85,1761761511201
35976,1761761526041.0,0adab909-eb8f-4baf-9eed-7a4cc889cb7c,FC:8E:22:4B:20:5C,,-85,1761761511201
35977,1761761526123.0,0adab909-eb8f-4baf-9eed-7a4cc889cb7c,C4:2D:54:C7:9A:E0,,-85,1761761511201
35978,1761762027088.0,0adab909-eb8f-4baf-9eed-7a4cc889cb7c,60:74:F4:73:99:E7,ihoment_H601B_99E7,-91,1761762027083
35979,1761762027117.0,0adab909-eb8f-4baf-9eed-7a4cc889cb7c,67:92:70:1B:B3:A5,,-77,1761762027083
35980,1761762028087.0,0adab909-eb8f-4baf-9eed-7a4cc889cb7c,60:74:F4:73:96:CD,ihoment_H601B_96CD,-92,1761762027083
35981,1761762028445.0,0adab909-eb8f-4baf-9eed-7a4cc889cb7c,60:74:F4:75:21:D5,ihoment_H601B_21D5,-79,1761762027083
35982,1761762028468.0,0adab909-eb8f-4baf-9eed-7a4cc889cb7c,47:1F:9D:E3:5C:A3,,-96,1761762027083
35983,1761762028807.0,0adab909-eb8f-4baf-9eed-7a4cc889cb7c,94:54:CE:89:88:F6,Rutvik,-85,1761762027083
35984,1761762031646.0,0adab909-eb8f-4baf-9eed-7a4cc889cb7c,66:F6:FB:CB:FA:4C,,-91,1761762027083
35985,1761762035485.0,0adab909-eb8f-4baf-9eed-7a4cc889cb7c,FF:10:10:AE:A7:64,Sunset lights,-89,1761762027083
35986,1761762040425.0,0adab909-eb8f-4baf-9eed-7a4cc889cb7c,94:54:CE:89:88:F6,Rutvik,-85,1761762027083
35987,1761762636786.0,0adab909-eb8f-4baf-9eed-7a4cc889cb7c,67:92:70:1B:B3:A5,,-84,1761762636782
35988,1761762636807.0,0adab909-eb8f-4baf-9eed-7a4cc889cb7c,60:74:F4:73:96:CD,ihoment_H601B_96CD,-88,1761762636782
35989,1761762637875.0,0adab909-eb8f-4baf-9eed-7a4cc889cb7c,60:74:F4:75:21:D5,ihoment_H601B_21D5,-92,1761762636782
35990,1761762637894.0,0adab909-eb8f-4baf-9eed-7a4cc889cb7c,FF:10:10:AE:A7:64,Sunset lights,-92,1761762636782
35991,1761762637905.0,0adab909-eb8f-4baf-9eed-7a4cc889cb7c,7A:D3:40:7D:C5:0A,,-96,1761762636782
35992,1761762638069.0,0adab909-eb8f-4baf-9eed-7a4cc889cb7c,94:54:CE:89:88:F6,Rutvik,-89,1761762636782
35993,1761762642697.0,0adab909-eb8f-4baf-9eed-7a4cc889cb7c,60:74:F4:72:90:3F,ihoment_H601B_903F,-88,1761762636782
35994,1761763245737.0,0adab909-eb8f-4baf-9eed-7a4cc889cb7c,72:87:6E:3E:5F:50,,-86,1761763245734
35995,1761763246668.0,0adab909-eb8f-4baf-9eed-7a4cc889cb7c,60:74:F4:73:96:CD,ihoment_H601B_96CD,-88,1761763245734
35996,1761763246971.0,0adab909-eb8f-4baf-9eed-7a4cc889cb7c,60:74:F4:75:21:D5,ihoment_H601B_21D5,-88,1761763245734
35997,1761763247575.0,0adab909-eb8f-4baf-9eed-7a4cc889cb7c,FF:10:10:AE:A7:64,Sunset lights,-93,1761763245734
35998,1761763248615.0,0adab909-eb8f-4baf-9eed-7a4cc889cb7c,94:54:CE:89:88:F6,Rutvik,-68,1761763245734
35999,1761763249199.0,0adab909-eb8f-4baf-9eed-7a4cc889cb7c,66:0F:11:BD:EB:9F,,-91,1761763245734
36000,1761763249548.0,0adab909-eb8f-4baf-9eed-7a4cc889cb7c,69:1D:A8:85:AD:05,,-95,1761763245734
36001,1761763250235.0,0adab909-eb8f-4baf-9eed-7a4cc889cb7c,7A:D3:40:7D:C5:0A,,-94,1761763245734
36002,1761763838963.0,0adab909-eb8f-4baf-9eed-7a4cc889cb7c,60:74:F4:75:21:D5,ihoment_H601B_21D5,-83,1761763838957
36003,1761763838980.0,0adab909-eb8f-4baf-9eed-7a4cc889cb7c,45:B4:DF:57:E9:18,,127,1761763838957
36004,1761763839785.0,0adab909-eb8f-4baf-9eed-7a4cc889cb7c,60:74:F4:73:96:CD,ihoment_H601B_96CD,-85,1761763838957
36005,1761763839985.0,0adab909-eb8f-4baf-9eed-7a4cc889cb7c,94:54:CE:89:88:F6,Rutvik,-76,1761763838957
36006,1761763841066.0,0adab909-eb8f-4baf-9eed-7a4cc889cb7c,7D:40:6C:63:16:E3,,-91,1761763838957
36007,1761763843589.0,0adab909-eb8f-4baf-9eed-7a4cc889cb7c,FF:10:10:AE:A7:64,Sunset lights,-92,1761763838957
36008,1761764432063.0,0adab909-eb8f-4baf-9eed-7a4cc889cb7c,CF:33:36:32:4C:1E,Govee_H6054_4C1E,-91,1761764430988
36009,1761764432085.0,0adab909-eb8f-4baf-9eed-7a4cc889cb7c,6B:6B:76:A7:02:AF,,-78,1761764430988
36010,1761764433025.0,0adab909-eb8f-4baf-9eed-7a4cc889cb7c,7D:40:6C:63:16:E3,,-91,1761764430988
36011,1761764433567.0,0adab909-eb8f-4baf-9eed-7a4cc889cb7c,62:C6:CD:DD:3D:D9,,-89,1761764430988
36012,1761764433896.0,0adab909-eb8f-4baf-9eed-7a4cc889cb7c,94:54:CE:89:88:F6,Rutvik,-92,1761764430988
36013,1761764437435.0,0adab909-eb8f-4baf-9eed-7a4cc889cb7c,FF:10:10:AE:A7:64,Sunset lights,-90,1761764430988
36014,1761765041460.0,0adab909-eb8f-4baf-9eed-7a4cc889cb7c,76:40:E0:49:CF:18,,-77,1761765041404
36015,1761765043170.0,0adab909-eb8f-4baf-9eed-7a4cc889cb7c,94:54:CE:89:88:F6,Rutvik,-79,1761765041404
36016,1761765044064.0,0adab909-eb8f-4baf-9eed-7a4cc889cb7c,4F:18:08:E2:31:B7,,-83,1761765041404
36017,1761765044332.0,0adab909-eb8f-4baf-9eed-7a4cc889cb7c,FF:10:10:AE:A7:64,Sunset lights,-88,1761765041404
36018,1761765048546.0,0adab909-eb8f-4baf-9eed-7a4cc889cb7c,CF:33:36:32:4C:1E,Govee_H6054_4C1E,-88,1761765041404
36019,1761765614261.0,0adab909-eb8f-4baf-9eed-7a4cc889cb7c,4F:18:08:E2:31:B7,,-85,1761765613847
36020,1761765614280.0,0adab909-eb8f-4baf-9eed-7a4cc889cb7c,FF:10:10:AE:A7:64,Sunset lights,-88,1761765613847
36021,1761765614562.0,0adab909-eb8f-4baf-9eed-7a4cc889cb7c,76:40:E0:49:CF:18,,-79,1761765613847
36022,1761765615231.0,0adab909-eb8f-4baf-9eed-7a4cc889cb7c,CF:33:36:32:4C:1E,Govee_H6054_4C1E,-83,1761765613847
36023,1761765615315.0,0adab909-eb8f-4baf-9eed-7a4cc889cb7c,94:54:CE:89:88:F6,Rutvik,-90,1761765613847
36024,1761765620992.0,0adab909-eb8f-4baf-9eed-7a4cc889cb7c,56:1E:58:17:25:7A,,-78,1761765613847
36025,1761766187464.0,0adab909-eb8f-4baf-9eed-7a4cc889cb7c,7D:4D:FE:7D:2C:9C,,-71,1761766186747
36026,1761766187507.0,0adab909-eb8f-4baf-9eed-7a4cc889cb7c,47:A6:3D:04:CE:F0,,-83,1761766186747
36027,1761766188151.0,0adab909-eb8f-4baf-9eed-7a4cc889cb7c,60:74:F4:72:90:3F,ihoment_H601B_903F,-69,1761766186747
36028,1761766188443.0,0adab909-eb8f-4baf-9eed-7a4cc889cb7c,CF:33:36:32:4C:1E,Govee_H6054_4C1E,-77,1761766186747
36029,1761766189413.0,0adab909-eb8f-4baf-9eed-7a4cc889cb7c,43:14:4D:06:41:70,,-93,1761766186747
36030,1761766189437.0,0adab909-eb8f-4baf-9eed-7a4cc889cb7c,60:74:F4:73:99:E7,ihoment_H601B_99E7,-75,1761766186747
36031,1761766191003.0,0adab909-eb8f-4baf-9eed-7a4cc889cb7c,5A:4F:3B:9B:E2:0E,,-85,1761766186747
36032,1761766193926.0,0adab909-eb8f-4baf-9eed-7a4cc889cb7c,FF:10:10:AE:A7:64,Sunset lights,-90,1761766186747
36033,1761766199007.0,0adab909-eb8f-4baf-9eed-7a4cc889cb7c,94:54:CE:89:88:F6,Rutvik,-75,1761766186747
36034,1761766199690.0,0adab909-eb8f-4baf-9eed-7a4cc889cb7c,24:8D:22:00:19:EF,,-84,1761766186747
36035,1761766199805.0,0adab909-eb8f-4baf-9eed-7a4cc889cb7c,FF:10:10:AE:A7:64,Sunset lights,-89,1761766186747
36036,1761766200697.0,0adab909-eb8f-4baf-9eed-7a4cc889cb7c,CF:33:36:32:4C:1E,Govee_H6054_4C1E,-85,1761766186747
36037,1761766200723.0,0adab909-eb8f-4baf-9eed-7a4cc889cb7c,7D:4D:FE:7D:2C:9C,,-87,1761766186747
36038,1761766200818.0,0adab909-eb8f-4baf-9eed-7a4cc889cb7c,60:74:F4:72:90:3F,ihoment_H601B_903F,-73,1761766186747
36039,1761766200848.0,0adab909-eb8f-4baf-9eed-7a4cc889cb7c,60:74:F4:73:99:E7,ihoment_H601B_99E7,-89,1761766186747
36040,1761766201766.0,0adab909-eb8f-4baf-9eed-7a4cc889cb7c,24:1F:CA:FB:FB:98,,-91,1761766186747
36041,1761766814407.0,0adab909-eb8f-4baf-9eed-7a4cc889cb7c,41:DA:CB:3A:FE:0D,,-94,1761766814291
36042,1761766815076.0,0adab909-eb8f-4baf-9eed-7a4cc889cb7c,7D:4D:FE:7D:2C:9C,,-88,1761766814291
36043,1761766817300.0,0adab909-eb8f-4baf-9eed-7a4cc889cb7c,43:14:4D:06:41:70,,-95,1761766814291
36044,1761766817600.0,0adab909-eb8f-4baf-9eed-7a4cc889cb7c,5A:4F:3B:9B:E2:0E,,-92,1761766814291
36045,1761766818523.0,0adab909-eb8f-4baf-9eed-7a4cc889cb7c,94:54:CE:89:88:F6,Rutvik,-66,1761766814291
36046,1761766818544.0,0adab909-eb8f-4baf-9eed-7a4cc889cb7c,5C:16:DF:4A:9D:40,,-94,1761766814291
36047,1761767631385.0,0adab909-eb8f-4baf-9eed-7a4cc889cb7c,FF:10:10:AE:A7:64,Sunset lights,-92,1761767631381
36048,1761767631928.0,0adab909-eb8f-4baf-9eed-7a4cc889cb7c,65:F4:78:9C:C7:2C,,-92,1761767631381
36049,1761767632890.0,0adab909-eb8f-4baf-9eed-7a4cc889cb7c,71:B0:1B:E1:09:40,,-82,1761767631381
36050,1761767633877.0,0adab909-eb8f-4baf-9eed-7a4cc889cb7c,94:54:CE:89:88:F6,Rutvik,-93,1761767631381
36051,1761767634783.0,0adab909-eb8f-4baf-9eed-7a4cc889cb7c,CF:33:36:32:4C:1E,Govee_H6054_4C1E,-84,1761767631381
36052,1761768050371.0,0adab909-eb8f-4baf-9eed-7a4cc889cb7c,71:B0:1B:E1:09:40,,-92,1761768049938
36053,1761768051151.0,0adab909-eb8f-4baf-9eed-7a4cc889cb7c,94:54:CE:89:88:F6,Rutvik,-100,1761768049938
36054,1761768051282.0,0adab909-eb8f-4baf-9eed-7a4cc889cb7c,FF:10:10:AE:A7:64,Sunset lights,-84,1761768049938
36055,1761768054241.0,0adab909-eb8f-4baf-9eed-7a4cc889cb7c,65:F4:78:9C:C7:2C,,-88,1761768049938
36056,1761768055126.0,0adab909-eb8f-4baf-9eed-7a4cc889cb7c,CF:33:36:32:4C:1E,Govee_H6054_4C1E,-85,1761768049938
36057,1761768056272.0,0adab909-eb8f-4baf-9eed-7a4cc889cb7c,94:54:CE:89:88:F6,Rutvik,-100,1761768049938
36058,1761768608702.0,0adab909-eb8f-4baf-9eed-7a4cc889cb7c,58:3E:2C:27:C7:59,,-84,1761768608638
36059,1761768609042.0,0adab909-eb8f-4baf-9eed-7a4cc889cb7c,6D:7F:44:56:A8:5E,,-72,1761768608638
36060,1761768609066.0,0adab909-eb8f-4baf-9eed-7a4cc889cb7c,FF:10:10:AE:A7:64,Sunset lights,-71,1761768608638
36061,1761768609382.0,0adab909-eb8f-4baf-9eed-7a4cc889cb7c,65:F4:78:9C:C7:2C,,-82,1761768608638
36062,1761768609682.0,0adab909-eb8f-4baf-9eed-7a4cc889cb7c,64:0A:B3:C1:F2:C8,,-78,1761768608638
36063,1761768610096.0,0adab909-eb8f-4baf-9eed-7a4cc889cb7c,CF:33:36:32:4C:1E,Govee_H6054_4C1E,-77,1761768608638
36064,1761768610520.0,0adab909-eb8f-4baf-9eed-7a4cc889cb7c,94:54:CE:89:88:F6,Rutvik,-99,1761768608638
36065,1761769223919.0,0adab909-eb8f-4baf-9eed-7a4cc889cb7c,78:55:38:BB:EE:88,,-85,1761769223875
36066,1761769223937.0,0adab909-eb8f-4baf-9eed-7a4cc889cb7c,7C:D1:34:3C:0C:03,,-87,1761769223875
36067,1761769224261.0,0adab909-eb8f-4baf-9eed-7a4cc889cb7c,CF:33:36:32:4C:1E,Govee_H6054_4C1E,-68,1761769223875
36068,1761769224281.0,0adab909-eb8f-4baf-9eed-7a4cc889cb7c,44:11:91:C5:65:66,,-73,1761769223875
36069,1761769224893.0,0adab909-eb8f-4baf-9eed-7a4cc889cb7c,7D:70:13:68:E2:59,,-71,1761769223875
36070,1761769225876.0,0adab909-eb8f-4baf-9eed-7a4cc889cb7c,FF:10:10:AE:A7:64,Sunset lights,-70,1761769223875
36071,1761769227470.0,0adab909-eb8f-4baf-9eed-7a4cc889cb7c,94:54:CE:89:88:F6,Rutvik,-87,1761769223875
36072,1761769228112.0,0adab909-eb8f-4baf-9eed-7a4cc889cb7c,47:72:AC:E3:EF:56,,-91,1761769223875
36073,1761769866926.0,0adab909-eb8f-4baf-9eed-7a4cc889cb7c,CF:33:36:32:4C:1E,Govee_H6054_4C1E,-73,1761769866837
36074,1761769867263.0,0adab909-eb8f-4baf-9eed-7a4cc889cb7c,FF:10:10:AE:A7:64,Sunset lights,-76,1761769866837
36075,1761769867468.0,0adab909-eb8f-4baf-9eed-7a4cc889cb7c,94:54:CE:89:88:F6,Rutvik,-83,1761769866837
36076,1761769867565.0,0adab909-eb8f-4baf-9eed-7a4cc889cb7c,7D:70:13:68:E2:59,,-59,1761769866837
36077,1761769868212.0,0adab909-eb8f-4baf-9eed-7a4cc889cb7c,68:47:DF:3D:4B:54,,-80,1761769866837
36078,1761769868764.0,0adab909-eb8f-4baf-9eed-7a4cc889cb7c,94:54:CE:89:88:F6,Rutvik,-75,1761769866837
36079,1761769869865.0,0adab909-eb8f-4baf-9eed-7a4cc889cb7c,44:11:91:C5:65:66,,-77,1761769866837
36080,1761769873684.0,0adab909-eb8f-4baf-9eed-7a4cc889cb7c,78:55:38:BB:EE:88,,-83,1761769866837
36081,1761770527922.0,0adab909-eb8f-4baf-9eed-7a4cc889cb7c,52:C5:F7:5C:6E:4A,,127,1761770527840
36082,1761770527974.0,0adab909-eb8f-4baf-9eed-7a4cc889cb7c,FF:10:10:AE:A7:64,Sunset lights,-76,1761770527840
36083,1761770528578.0,0adab909-eb8f-4baf-9eed-7a4cc889cb7c,CF:33:36:32:4C:1E,Govee_H6054_4C1E,-69,1761770527840
36084,1761770528932.0,0adab909-eb8f-4baf-9eed-7a4cc889cb7c,76:8A:0E:06:19:7A,,-84,1761770527840
36085,1761770533134.0,0adab909-eb8f-4baf-9eed-7a4cc889cb7c,94:54:CE:89:88:F6,Rutvik,-90,1761770527840
36086,1761770534381.0,0adab909-eb8f-4baf-9eed-7a4cc889cb7c,75:CB:16:B2:80:68,,-71,1761770527840
36087,1761770536316.0,0adab909-eb8f-4baf-9eed-7a4cc889cb7c,40:32:C4:57:74:39,,-87,1761770527840
36088,1761771062252.0,0adab909-eb8f-4baf-9eed-7a4cc889cb7c,52:C5:F7:5C:6E:4A,,-71,1761771062127
36089,1761771062621.0,0adab909-eb8f-4baf-9eed-7a4cc889cb7c,75:CB:16:B2:80:68,,-77,1761771062127
36090,1761771064269.0,0adab909-eb8f-4baf-9eed-7a4cc889cb7c,94:54:CE:89:88:F6,Rutvik,-83,1761771062127
36091,1761771065750.0,0adab909-eb8f-4baf-9eed-7a4cc889cb7c,76:8A:0E:06:19:7A,,-87,1761771062127
36092,1761771074607.0,0adab909-eb8f-4baf-9eed-7a4cc889cb7c,FF:10:10:AE:A7:64,Sunset lights,-91,1761771062127
36093,1761771074729.0,0adab909-eb8f-4baf-9eed-7a4cc889cb7c,61:92:B6:A9:12:57,,-86,1761771062127
36094,1761771075026.0,0adab909-eb8f-4baf-9eed-7a4cc889cb7c,52:C5:F7:5C:6E:4A,,-71,1761771062127
36095,1761771075072.0,0adab909-eb8f-4baf-9eed-7a4cc889cb7c,3F:D7:1F:B3:53:2B,,-72,1761771062127
36096,1761771076981.0,0adab909-eb8f-4baf-9eed-7a4cc889cb7c,CE:B6:6D:E8:52:4E,,-77,1761771062127
36097,1761771077038.0,0adab909-eb8f-4baf-9eed-7a4cc889cb7c,76:8A:0E:06:19:7A,,-90,1761771062127
36098,1761771077091.0,0adab909-eb8f-4baf-9eed-7a4cc889cb7c,FF:10:10:AE:A7:64,Sunset lights,-88,1761771062127
36099,1761771650995.0,0adab909-eb8f-4baf-9eed-7a4cc889cb7c,64:A9:12:0F:4D:1F,,-73,1761771650979
36100,1761771651426.0,0adab909-eb8f-4baf-9eed-7a4cc889cb7c,6D:3C:A2:77:E5:7A,,-70,1761771650979
36101,1761771651770.0,0adab909-eb8f-4baf-9eed-7a4cc889cb7c,94:54:CE:89:88:F6,Rutvik,-79,1761771650979
36102,1761771655225.0,0adab909-eb8f-4baf-9eed-7a4cc889cb7c,5E:76:A0:80:73:BF,,-90,1761771650979
36103,1761771657814.0,0adab909-eb8f-4baf-9eed-7a4cc889cb7c,FF:10:10:AE:A7:64,Sunset lights,-88,1761771650979
36104,1761771663854.0,0adab909-eb8f-4baf-9eed-7a4cc889cb7c,0C:A8:0E:8A:A5:7D,,-70,1761771650979
36105,1761771663887.0,0adab909-eb8f-4baf-9eed-7a4cc889cb7c,6D:3C:A2:77:E5:7A,,-63,1761771650979
36106,1761771665031.0,0adab909-eb8f-4baf-9eed-7a4cc889cb7c,64:A9:12:0F:4D:1F,,-72,1761771650979
36107,1761771665860.0,0adab909-eb8f-4baf-9eed-7a4cc889cb7c,CF:93:DF:98:EA:6C,,-61,1761771650979
36108,1761771665899.0,0adab909-eb8f-4baf-9eed-7a4cc889cb7c,76:8A:0E:06:19:7A,,-91,1761771650979
36109,1761771667082.0,0adab909-eb8f-4baf-9eed-7a4cc889cb7c,0C:A8:0E:8A:A5:7D,,-71,1761771650979
36110,1761771667105.0,0adab909-eb8f-4baf-9eed-7a4cc889cb7c,FF:10:10:AE:A7:64,Sunset lights,-87,1761771650979
36111,1761771667123.0,0adab909-eb8f-4baf-9eed-7a4cc889cb7c,6D:3C:A2:77:E5:7A,,-63,1761771650979
36112,1761771667165.0,0adab909-eb8f-4baf-9eed-7a4cc889cb7c,64:A9:12:0F:4D:1F,,-71,1761771650979
36113,1761771667187.0,0adab909-eb8f-4baf-9eed-7a4cc889cb7c,F5:2F:42:10:F6:08,,-86,1761771650979
36114,1761772251095.0,0adab909-eb8f-4baf-9eed-7a4cc889cb7c,64:A9:12:0F:4D:1F,,-78,1761772251014
36115,1761772251403.0,0adab909-eb8f-4baf-9eed-7a4cc889cb7c,77:7F:5A:31:DE:5E,,-74,1761772251014
36116,1761772253042.0,0adab909-eb8f-4baf-9eed-7a4cc889cb7c,7E:CA:B4:CB:BC:71,,-92,1761772251014
36117,1761772262954.0,0adab909-eb8f-4baf-9eed-7a4cc889cb7c,66:0E:71:0D:37:F8,,-93,1761772251014
36118,1761773151462.0,0adab909-eb8f-4baf-9eed-7a4cc889cb7c,FF:10:10:AE:A7:64,Sunset lights,-87,1761773151006
36119,1761773151934.0,0adab909-eb8f-4baf-9eed-7a4cc889cb7c,94:54:CE:89:88:F6,Rutvik,-74,1761773151006
36120,1761773152688.0,0adab909-eb8f-4baf-9eed-7a4cc889cb7c,67:6D:EF:01:4D:85,,-74,1761773151006
36121,1761773153029.0,0adab909-eb8f-4baf-9eed-7a4cc889cb7c,7E:CA:B4:CB:BC:71,,-87,1761773151006
36122,1761773163900.0,0adab909-eb8f-4baf-9eed-7a4cc889cb7c,FF:10:10:AE:A7:64,Sunset lights,-91,1761773151006
36123,1761773163940.0,0adab909-eb8f-4baf-9eed-7a4cc889cb7c,37:6A:CD:BD:63:F5,,-67,1761773151006
36124,1761773163968.0,0adab909-eb8f-4baf-9eed-7a4cc889cb7c,67:6D:EF:01:4D:85,,-82,1761773151006
36125,1761773164018.0,0adab909-eb8f-4baf-9eed-7a4cc889cb7c,7E:CA:B4:CB:BC:71,,-93,1761773151006
36126,1761773165473.0,0adab909-eb8f-4baf-9eed-7a4cc889cb7c,F8:F5:B8:48:0C:BC,,-75,1761773151006
36127,1761773646606.0,0adab909-eb8f-4baf-9eed-7a4cc889cb7c,67:6D:EF:01:4D:85,,-79,1761773645223
36128,1761773647563.0,0adab909-eb8f-4baf-9eed-7a4cc889cb7c,7E:CA:B4:CB:BC:71,,-95,1761773645223
36129,1761773648547.0,0adab909-eb8f-4baf-9eed-7a4cc889cb7c,94:54:CE:89:88:F6,Rutvik,-79,1761773645223
36130,1761773648840.0,0adab909-eb8f-4baf-9eed-7a4cc889cb7c,FF:10:10:AE:A7:64,Sunset lights,-91,1761773645223
36131,1761774078522.0,0adab909-eb8f-4baf-9eed-7a4cc889cb7c,67:6D:EF:01:4D:85,,-85,1761774077786
36132,1761774079931.0,0adab909-eb8f-4baf-9eed-7a4cc889cb7c,94:54:CE:89:88:F6,Rutvik,-85,1761774077786
36133,1761774080478.0,0adab909-eb8f-4baf-9eed-7a4cc889cb7c,4F:6E:EB:AE:89:AD,,-92,1761774077786
36134,1761774679942.0,0adab909-eb8f-4baf-9eed-7a4cc889cb7c,6A:21:E1:44:49:B3,,-85,1761774678827
36135,1761774680240.0,0adab909-eb8f-4baf-9eed-7a4cc889cb7c,94:54:CE:89:88:F6,Rutvik,-79,1761774678827
36136,1761774682220.0,0adab909-eb8f-4baf-9eed-7a4cc889cb7c,4F:6E:EB:AE:89:AD,,-93,1761774678827
36137,1761775267101.0,0adab909-eb8f-4baf-9eed-7a4cc889cb7c,6A:21:E1:44:49:B3,,-67,1761775266874
36138,1761775268370.0,0adab909-eb8f-4baf-9eed-7a4cc889cb7c,FF:10:10:AE:A7:64,Sunset lights,-91,1761775266874
36139,1761775269093.0,0adab909-eb8f-4baf-9eed-7a4cc889cb7c,94:54:CE:89:88:F6,Rutvik,-79,1761775266874
36140,1761775276082.0,0adab909-eb8f-4baf-9eed-7a4cc889cb7c,47:3F:FE:E0:23:9B,,-91,1761775266874
36141,1761775857971.0,0adab909-eb8f-4baf-9eed-7a4cc889cb7c,4E:27:E3:F2:4F:31,,-81,1761775857822
36142,1761775860395.0,0adab909-eb8f-4baf-9eed-7a4cc889cb7c,94:54:CE:89:88:F6,Rutvik,-84,1761775857822
36143,1761776442125.0,0adab909-eb8f-4baf-9eed-7a4cc889cb7c,4E:27:E3:F2:4F:31,,-77,1761776442073
36144,1761776444096.0,0adab909-eb8f-4baf-9eed-7a4cc889cb7c,47:3F:FE:E0:23:9B,,-92,1761776442073
36145,1761776445686.0,0adab909-eb8f-4baf-9eed-7a4cc889cb7c,FF:10:10:AE:A7:64,Sunset lights,-88,1761776442073
36146,1761776446625.0,0adab909-eb8f-4baf-9eed-7a4cc889cb7c,94:54:CE:89:88:F6,Rutvik,-84,1761776442073
36147,1761777073236.0,0adab909-eb8f-4baf-9eed-7a4cc889cb7c,75:1C:E1:54:3B:7B,,-83,1761777072521
36148,1761777073620.0,0adab909-eb8f-4baf-9eed-7a4cc889cb7c,5B:27:9B:FB:1D:82,,-84,1761777072521
36149,1761777073905.0,0adab909-eb8f-4baf-9eed-7a4cc889cb7c,FF:10:10:AE:A7:64,Sunset lights,-69,1761777072521
36150,1761777614056.0,0adab909-eb8f-4baf-9eed-7a4cc889cb7c,5B:27:9B:FB:1D:82,,-77,1761777612995
36151,1761777614347.0,0adab909-eb8f-4baf-9eed-7a4cc889cb7c,75:1C:E1:54:3B:7B,,-71,1761777612995
36152,1761777615000.0,0adab909-eb8f-4baf-9eed-7a4cc889cb7c,FF:10:10:AE:A7:64,Sunset lights,-63,1761777612995
36153,1761777625945.0,0adab909-eb8f-4baf-9eed-7a4cc889cb7c,84:0F:2A:56:79:C6,,-70,1761777612995
36154,1761777626004.0,0adab909-eb8f-4baf-9eed-7a4cc889cb7c,FF:10:10:AE:A7:64,Sunset lights,-66,1761777612995
36155,1761777626112.0,0adab909-eb8f-4baf-9eed-7a4cc889cb7c,5B:27:9B:FB:1D:82,,-78,1761777612995
36156,1761777627020.0,0adab909-eb8f-4baf-9eed-7a4cc889cb7c,75:1C:E1:54:3B:7B,,-71,1761777612995
36157,1761777628072.0,0adab909-eb8f-4baf-9eed-7a4cc889cb7c,CF:E5:35:28:AA:0A,,-85,1761777612995
36158,1761778205458.0,0adab909-eb8f-4baf-9eed-7a4cc889cb7c,FF:10:10:AE:A7:64,Sunset lights,-73,1761778205409
36159,1761778205540.0,0adab909-eb8f-4baf-9eed-7a4cc889cb7c,63:68:46:50:B2:0A,,-90,1761778205409
36160,1761778205789.0,0adab909-eb8f-4baf-9eed-7a4cc889cb7c,63:0E:84:F5:E3:B3,,-74,1761778205409
36161,1761778206471.0,0adab909-eb8f-4baf-9eed-7a4cc889cb7c,75:1C:E1:54:3B:7B,,-78,1761778205409
36162,1761778207128.0,0adab909-eb8f-4baf-9eed-7a4cc889cb7c,56:54:C0:EB:69:E3,,-75,1761778205409
36163,1761778210653.0,0adab909-eb8f-4baf-9eed-7a4cc889cb7c,5B:27:9B:FB:1D:82,,-81,1761778205409
36164,1761778218338.0,0adab909-eb8f-4baf-9eed-7a4cc889cb7c,5B:27:9B:FB:1D:82,,-75,1761778205409
36165,1761778218370.0,0adab909-eb8f-4baf-9eed-7a4cc889cb7c,FF:10:10:AE:A7:64,Sunset lights,-69,1761778205409
36166,1761778219292.0,0adab909-eb8f-4baf-9eed-7a4cc889cb7c,56:54:C0:EB:69:E3,,-70,1761778205409
36167,1761778219322.0,0adab909-eb8f-4baf-9eed-7a4cc889cb7c,63:68:46:50:B2:0A,,-70,1761778205409
36168,1761778219362.0,0adab909-eb8f-4baf-9eed-7a4cc889cb7c,75:1C:E1:54:3B:7B,,-78,1761778205409
36169,1761778220405.0,0adab909-eb8f-4baf-9eed-7a4cc889cb7c,63:0E:84:F5:E3:B3,,-76,1761778205409
36170,1761778851221.0,0adab909-eb8f-4baf-9eed-7a4cc889cb7c,47:A3:EF:A3:96:A7,,-82,1761778851187
36171,1761778851282.0,0adab909-eb8f-4baf-9eed-7a4cc889cb7c,6F:A9:E9:F8:9F:85,,-86,1761778851187
36172,1761778851318.0,0adab909-eb8f-4baf-9eed-7a4cc889cb7c,70:86:A7:AB:97:0D,,-84,1761778851187
36173,1761778851626.0,0adab909-eb8f-4baf-9eed-7a4cc889cb7c,FF:10:10:AE:A7:64,Sunset lights,-80,1761778851187
36174,1761778852899.0,0adab909-eb8f-4baf-9eed-7a4cc889cb7c,6D:33:F6:FC:81:D5,,-87,1761778851187
36175,1761778852944.0,0adab909-eb8f-4baf-9eed-7a4cc889cb7c,61:2B:CB:E9:4A:69,,-70,1761778851187
36176,1761778864117.0,0adab909-eb8f-4baf-9eed-7a4cc889cb7c,FF:10:10:AE:A7:64,Sunset lights,-75,1761778851187
36177,1761778864142.0,0adab909-eb8f-4baf-9eed-7a4cc889cb7c,D1:8B:1C:36:71:87,,-82,1761778851187
36178,1761778864173.0,0adab909-eb8f-4baf-9eed-7a4cc889cb7c,70:86:A7:AB:97:0D,,-90,1761778851187
36179,1761778864199.0,0adab909-eb8f-4baf-9eed-7a4cc889cb7c,6D:33:F6:FC:81:D5,,-80,1761778851187
36180,1761778864262.0,0adab909-eb8f-4baf-9eed-7a4cc889cb7c,2E:E1:88:C8:3A:F8,,-79,1761778851187
36181,1761778865073.0,0adab909-eb8f-4baf-9eed-7a4cc889cb7c,6F:A9:E9:F8:9F:85,,-67,1761778851187
36182,1761778866089.0,0adab909-eb8f-4baf-9eed-7a4cc889cb7c,47:A3:EF:A3:96:A7,,-86,1761778851187
36183,1761779451314.0,0adab909-eb8f-4baf-9eed-7a4cc889cb7c,FF:10:10:AE:A7:64,Sunset lights,-78,1761779451194
36184,1761779451358.0,0adab909-eb8f-4baf-9eed-7a4cc889cb7c,6F:A9:E9:F8:9F:85,,-79,1761779451194
36185,1761779451557.0,0adab909-eb8f-4baf-9eed-7a4cc889cb7c,70:86:A7:AB:97:0D,,-76,1761779451194
36186,1761779451648.0,0adab909-eb8f-4baf-9eed-7a4cc889cb7c,47:A3:EF:A3:96:A7,,-84,1761779451194
36187,1761779452592.0,0adab909-eb8f-4baf-9eed-7a4cc889cb7c,61:2B:CB:E9:4A:69,,-72,1761779451194
36188,1761779453532.0,0adab909-eb8f-4baf-9eed-7a4cc889cb7c,6D:33:F6:FC:81:D5,,-82,1761779451194
36189,1761779464067.0,0adab909-eb8f-4baf-9eed-7a4cc889cb7c,FF:10:10:AE:A7:64,Sunset lights,-73,1761779451194
36190,1761779464107.0,0adab909-eb8f-4baf-9eed-7a4cc889cb7c,29:1F:36:15:03:77,,-77,1761779451194
36191,1761779464142.0,0adab909-eb8f-4baf-9eed-7a4cc889cb7c,70:86:A7:AB:97:0D,,-76,1761779451194
36192,1761779464162.0,0adab909-eb8f-4baf-9eed-7a4cc889cb7c,61:2B:CB:E9:4A:69,,-76,1761779451194
36193,1761779464199.0,0adab909-eb8f-4baf-9eed-7a4cc889cb7c,DC:DA:7F:68:3D:75,,-81,1761779451194
36194,1761779465095.0,0adab909-eb8f-4baf-9eed-7a4cc889cb7c,47:A3:EF:A3:96:A7,,-79,1761779451194
36195,1761779466190.0,0adab909-eb8f-4baf-9eed-7a4cc889cb7c,6F:A9:E9:F8:9F:85,,-68,1761779451194
36196,1761780051245.0,0adab909-eb8f-4baf-9eed-7a4cc889cb7c,76:55:B4:05:36:12,,-75,1761780051173
36197,1761780051281.0,0adab909-eb8f-4baf-9eed-7a4cc889cb7c,40:D8:8C:B5:BE:83,,-77,1761780051173
36198,1761780051309.0,0adab909-eb8f-4baf-9eed-7a4cc889cb7c,FF:10:10:AE:A7:64,Sunset lights,-71,1761780051173
36199,1761780051645.0,0adab909-eb8f-4baf-9eed-7a4cc889cb7c,66:3C:89:22:A5:A3,,-73,1761780051173
36200,1761780052855.0,0adab909-eb8f-4baf-9eed-7a4cc889cb7c,43:39:97:EA:C0:5A,,-73,1761780051173
36201,1761780053833.0,0adab909-eb8f-4baf-9eed-7a4cc889cb7c,73:BA:EE:75:1B:DE,,-80,1761780051173
36202,1761780064082.0,0adab909-eb8f-4baf-9eed-7a4cc889cb7c,F1:74:EF:CC:C5:A6,,-81,1761780051173
36203,1761780064187.0,0adab909-eb8f-4baf-9eed-7a4cc889cb7c,40:D8:8C:B5:BE:83,,-75,1761780051173
36204,1761780064209.0,0adab909-eb8f-4baf-9eed-7a4cc889cb7c,43:39:97:EA:C0:5A,,-68,1761780051173
36205,1761780064233.0,0adab909-eb8f-4baf-9eed-7a4cc889cb7c,FF:10:10:AE:A7:64,Sunset lights,-66,1761780051173
36206,1761780064261.0,0adab909-eb8f-4baf-9eed-7a4cc889cb7c,76:55:B4:05:36:12,,-69,1761780051173
36207,1761780064292.0,0adab909-eb8f-4baf-9eed-7a4cc889cb7c,66:3C:89:22:A5:A3,,-69,1761780051173
36208,1761780065101.0,0adab909-eb8f-4baf-9eed-7a4cc889cb7c,21:95:F9:68:A8:80,,-78,1761780051173
36209,1761780065128.0,0adab909-eb8f-4baf-9eed-7a4cc889cb7c,73:BA:EE:75:1B:DE,,-78,1761780051173
36210,1761780651411.0,0adab909-eb8f-4baf-9eed-7a4cc889cb7c,74:F7:26:2A:AD:6F,,-70,1761780651304
36211,1761780651463.0,0adab909-eb8f-4baf-9eed-7a4cc889cb7c,6F:6F:70:CF:B0:3E,,-72,1761780651304
36212,1761780652586.0,0adab909-eb8f-4baf-9eed-7a4cc889cb7c,73:BA:EE:75:1B:DE,,-76,1761780651304
36213,1761780653004.0,0adab909-eb8f-4baf-9eed-7a4cc889cb7c,40:D8:8C:B5:BE:83,,-72,1761780651304
36214,1761780653279.0,0adab909-eb8f-4baf-9eed-7a4cc889cb7c,FF:10:10:AE:A7:64,Sunset lights,-67,1761780651304
36215,1761780653989.0,0adab909-eb8f-4baf-9eed-7a4cc889cb7c,46:55:0D:11:66:EB,,-76,1761780651304
36216,1761780664254.0,0adab909-eb8f-4baf-9eed-7a4cc889cb7c,73:BA:EE:75:1B:DE,,-77,1761780651304
36217,1761780664382.0,0adab909-eb8f-4baf-9eed-7a4cc889cb7c,FF:10:10:AE:A7:64,Sunset lights,-67,1761780651304
36218,1761780665306.0,0adab909-eb8f-4baf-9eed-7a4cc889cb7c,6F:6F:70:CF:B0:3E,,-78,1761780651304
36219,1761780665410.0,0adab909-eb8f-4baf-9eed-7a4cc889cb7c,2F:CD:7B:55:03:15,,-71,1761780651304
36220,1761780665441.0,0adab909-eb8f-4baf-9eed-7a4cc889cb7c,74:F7:26:2A:AD:6F,,-82,1761780651304
36221,1761781251327.0,0adab909-eb8f-4baf-9eed-7a4cc889cb7c,74:F7:26:2A:AD:6F,,-80,1761781251260
36222,1761781251400.0,0adab909-eb8f-4baf-9eed-7a4cc889cb7c,FF:10:10:AE:A7:64,Sunset lights,-69,1761781251260
36223,1761781252012.0,0adab909-eb8f-4baf-9eed-7a4cc889cb7c,72:D0:7C:07:A8:BA,,-79,1761781251260
36224,1761781252656.0,0adab909-eb8f-4baf-9eed-7a4cc889cb7c,76:7F:9D:D6:A5:9C,,-72,1761781251260
36225,1761781252941.0,0adab909-eb8f-4baf-9eed-7a4cc889cb7c,46:55:0D:11:66:EB,,-72,1761781251260
36226,1761781253283.0,0adab909-eb8f-4baf-9eed-7a4cc889cb7c,6F:6F:70:CF:B0:3E,,-73,1761781251260
36227,1761781264204.0,0adab909-eb8f-4baf-9eed-7a4cc889cb7c,76:7F:9D:D6:A5:9C,,-75,1761781251260
36228,1761781264285.0,0adab909-eb8f-4baf-9eed-7a4cc889cb7c,74:F7:26:2A:AD:6F,,-76,1761781251260
36229,1761781264315.0,0adab909-eb8f-4baf-9eed-7a4cc889cb7c,FF:10:10:AE:A7:64,Sunset lights,-66,1761781251260
36230,1761781265264.0,0adab909-eb8f-4baf-9eed-7a4cc889cb7c,46:55:0D:11:66:EB,,-69,1761781251260
36231,1761781265313.0,0adab909-eb8f-4baf-9eed-7a4cc889cb7c,2E:C5:9F:D2:F3:C0,,-71,1761781251260
36232,1761781266239.0,0adab909-eb8f-4baf-9eed-7a4cc889cb7c,6F:6F:70:CF:B0:3E,,-72,1761781251260
36233,1761781851362.0,0adab909-eb8f-4baf-9eed-7a4cc889cb7c,FF:10:10:AE:A7:64,Sunset lights,-70,1761781851344
36234,1761781851406.0,0adab909-eb8f-4baf-9eed-7a4cc889cb7c,6F:79:8E:E3:99:43,,-89,1761781851344
36235,1761781851436.0,0adab909-eb8f-4baf-9eed-7a4cc889cb7c,72:D0:7C:07:A8:BA,,-85,1761781851344
36236,1761781851474.0,0adab909-eb8f-4baf-9eed-7a4cc889cb7c,76:7F:9D:D6:A5:9C,,-86,1761781851344
36237,1761781851763.0,0adab909-eb8f-4baf-9eed-7a4cc889cb7c,66:81:78:7D:6E:A4,,-77,1761781851344
36238,1761781864272.0,0adab909-eb8f-4baf-9eed-7a4cc889cb7c,66:81:78:7D:6E:A4,,-91,1761781851344
36239,1761781864308.0,0adab909-eb8f-4baf-9eed-7a4cc889cb7c,22:36:A1:ED:A7:A9,,-70,1761781851344
36240,1761781864351.0,0adab909-eb8f-4baf-9eed-7a4cc889cb7c,72:D0:7C:07:A8:BA,,-81,1761781851344
36241,1761781864377.0,0adab909-eb8f-4baf-9eed-7a4cc889cb7c,FF:10:10:AE:A7:64,Sunset lights,-66,1761781851344
36242,1761781865289.0,0adab909-eb8f-4baf-9eed-7a4cc889cb7c,71:2E:19:2C:EB:57,,-73,1761781851344
36243,1761781866275.0,0adab909-eb8f-4baf-9eed-7a4cc889cb7c,76:7F:9D:D6:A5:9C,,-80,1761781851344
36244,1761782452709.0,0adab909-eb8f-4baf-9eed-7a4cc889cb7c,72:D0:7C:07:A8:BA,,-86,1761782451369
36245,1761782453039.0,0adab909-eb8f-4baf-9eed-7a4cc889cb7c,6F:79:8E:E3:99:43,,-82,1761782451369
36246,1761782453373.0,0adab909-eb8f-4baf-9eed-7a4cc889cb7c,71:2E:19:2C:EB:57,,-81,1761782451369
36247,1761782454355.0,0adab909-eb8f-4baf-9eed-7a4cc889cb7c,FF:10:10:AE:A7:64,Sunset lights,-80,1761782451369
36248,1761782456604.0,0adab909-eb8f-4baf-9eed-7a4cc889cb7c,66:81:78:7D:6E:A4,,-82,1761782451369
36249,1761782457513.0,0adab909-eb8f-4baf-9eed-7a4cc889cb7c,67:A1:B1:24:F7:48,,-92,1761782451369
36250,1761782464234.0,0adab909-eb8f-4baf-9eed-7a4cc889cb7c,E6:F7:2A:D9:A2:EA,,-93,1761782451369
36251,1761782464272.0,0adab909-eb8f-4baf-9eed-7a4cc889cb7c,3D:7A:4D:28:BA:A2,,-83,1761782451369
36252,1761782464328.0,0adab909-eb8f-4baf-9eed-7a4cc889cb7c,FF:10:10:AE:A7:64,Sunset lights,-76,1761782451369
36253,1761782464352.0,0adab909-eb8f-4baf-9eed-7a4cc889cb7c,6F:79:8E:E3:99:43,,-78,1761782451369
36254,1761782464398.0,0adab909-eb8f-4baf-9eed-7a4cc889cb7c,66:81:78:7D:6E:A4,,-82,1761782451369
36255,1761782465451.0,0adab909-eb8f-4baf-9eed-7a4cc889cb7c,CA:AD:08:43:18:67,,-79,1761782451369
36256,1761782465480.0,0adab909-eb8f-4baf-9eed-7a4cc889cb7c,67:A1:B1:24:F7:48,,-83,1761782451369
36257,1761783351428.0,0adab909-eb8f-4baf-9eed-7a4cc889cb7c,4B:EA:EC:15:CC:5F,,-74,1761783351340
36258,1761783351793.0,0adab909-eb8f-4baf-9eed-7a4cc889cb7c,4F:83:70:6F:D8:F5,,-73,1761783351340
36259,1761783352084.0,0adab909-eb8f-4baf-9eed-7a4cc889cb7c,5D:75:FD:79:8D:0E,,-67,1761783351340
36260,1761783352112.0,0adab909-eb8f-4baf-9eed-7a4cc889cb7c,FF:10:10:AE:A7:64,Sunset lights,-89,1761783351340
36261,1761783353056.0,0adab909-eb8f-4baf-9eed-7a4cc889cb7c,67:A1:B1:24:F7:48,,-83,1761783351340
36262,1761783353114.0,0adab909-eb8f-4baf-9eed-7a4cc889cb7c,51:9A:DB:C1:AB:75,,-82,1761783351340
36263,1761783364241.0,0adab909-eb8f-4baf-9eed-7a4cc889cb7c,5D:75:FD:79:8D:0E,,-69,1761783351340
36264,1761783364274.0,0adab909-eb8f-4baf-9eed-7a4cc889cb7c,4F:83:70:6F:D8:F5,,-72,1761783351340
36265,1761783364330.0,0adab909-eb8f-4baf-9eed-7a4cc889cb7c,51:9A:DB:C1:AB:75,,-82,1761783351340
36266,1761783364394.0,0adab909-eb8f-4baf-9eed-7a4cc889cb7c,FF:10:10:AE:A7:64,Sunset lights,-76,1761783351340
36267,1761783365345.0,0adab909-eb8f-4baf-9eed-7a4cc889cb7c,2C:0F:40:5C:13:A8,,-87,1761783351340
36268,1761783366272.0,0adab909-eb8f-4baf-9eed-7a4cc889cb7c,67:A1:B1:24:F7:48,,-81,1761783351340
36269,1761783366311.0,0adab909-eb8f-4baf-9eed-7a4cc889cb7c,4B:EA:EC:15:CC:5F,,-67,1761783351340
36270,1761783366363.0,0adab909-eb8f-4baf-9eed-7a4cc889cb7c,D8:D2:B0:2B:AA:1A,,-70,1761783351340
36271,1761783588866.0,0adab909-eb8f-4baf-9eed-7a4cc889cb7c,4F:83:70:6F:D8:F5,,127,1761783588780
36272,1761783589535.0,0adab909-eb8f-4baf-9eed-7a4cc889cb7c,51:9A:DB:C1:AB:75,,-93,1761783588780
36273,1761783589821.0,0adab909-eb8f-4baf-9eed-7a4cc889cb7c,FF:10:10:AE:A7:64,Sunset lights,-88,1761783588780
36274,1761783590472.0,0adab909-eb8f-4baf-9eed-7a4cc889cb7c,5D:75:FD:79:8D:0E,,-77,1761783588780
36275,1761783591125.0,0adab909-eb8f-4baf-9eed-7a4cc889cb7c,4B:EA:EC:15:CC:5F,,-81,1761783588780
36276,1761783594641.0,0adab909-eb8f-4baf-9eed-7a4cc889cb7c,67:A1:B1:24:F7:48,,-85,1761783588780
36277,1761783601752.0,0adab909-eb8f-4baf-9eed-7a4cc889cb7c,4F:83:70:6F:D8:F5,,-84,1761783588780
36278,1761783602715.0,0adab909-eb8f-4baf-9eed-7a4cc889cb7c,FF:10:10:AE:A7:64,Sunset lights,-91,1761783588780
36279,1761783602744.0,0adab909-eb8f-4baf-9eed-7a4cc889cb7c,51:9A:DB:C1:AB:75,,-84,1761783588780
36280,1761783602769.0,0adab909-eb8f-4baf-9eed-7a4cc889cb7c,FF:44:30:D9:0F:97,,-85,1761783588780
36281,1761783602786.0,0adab909-eb8f-4baf-9eed-7a4cc889cb7c,D8:B7:D4:EF:AB:8C,,-91,1761783588780
36282,1761783602832.0,0adab909-eb8f-4baf-9eed-7a4cc889cb7c,5D:75:FD:79:8D:0E,,-82,1761783588780
36283,1761783602866.0,0adab909-eb8f-4baf-9eed-7a4cc889cb7c,67:A1:B1:24:F7:48,,-92,1761783588780
36284,1761784251592.0,0adab909-eb8f-4baf-9eed-7a4cc889cb7c,4C:96:8A:ED:6A:01,SPEN NA,-64,1761784251512
36285,1761784251609.0,0adab909-eb8f-4baf-9eed-7a4cc889cb7c,5B:B4:A2:46:59:12,,-80,1761784251512
36286,1761784251911.0,0adab909-eb8f-4baf-9eed-7a4cc889cb7c,4C:96:8A:ED:6A:01,SPEN NA,-63,1761784251512
36287,1761784251954.0,0adab909-eb8f-4baf-9eed-7a4cc889cb7c,FF:10:10:AE:A7:64,Sunset lights,-70,1761784251512
36288,1761784252233.0,0adab909-eb8f-4baf-9eed-7a4cc889cb7c,4C:96:8A:ED:6A:01,SPEN NA,-60,1761784251512
36289,1761784252541.0,0adab909-eb8f-4baf-9eed-7a4cc889cb7c,4C:96:8A:ED:6A:01,SPEN NA,-62,1761784251512
36290,1761784252893.0,0adab909-eb8f-4baf-9eed-7a4cc889cb7c,60:04:6C:6F:60:67,,-71,1761784251512
36291,1761784253193.0,0adab909-eb8f-4baf-9eed-7a4cc889cb7c,4C:96:8A:ED:6A:01,SPEN NA,-65,1761784251512
36292,1761784253587.0,0adab909-eb8f-4baf-9eed-7a4cc889cb7c,51:9A:DB:C1:AB:75,,-69,1761784251512
36293,1761784253858.0,0adab909-eb8f-4baf-9eed-7a4cc889cb7c,5B:88:17:DA:05:D5,,-82,1761784251512
36294,1761784253877.0,0adab909-eb8f-4baf-9eed-7a4cc889cb7c,63:34:87:85:46:13,,-72,1761784251512
36295,1761784255185.0,0adab909-eb8f-4baf-9eed-7a4cc889cb7c,4C:96:8A:ED:6A:01,SPEN NA,-64,1761784251512
36296,1761784255488.0,0adab909-eb8f-4baf-9eed-7a4cc889cb7c,4C:96:8A:ED:6A:01,SPEN NA,-61,1761784251512
36297,1761784255805.0,0adab909-eb8f-4baf-9eed-7a4cc889cb7c,4C:96:8A:ED:6A:01,SPEN NA,-62,1761784251512
36298,1761784256134.0,0adab909-eb8f-4baf-9eed-7a4cc889cb7c,43:BF:2A:23:03:8B,,-78,1761784251512
36299,1761784256444.0,0adab909-eb8f-4baf-9eed-7a4cc889cb7c,4C:96:8A:ED:6A:01,SPEN NA,-61,1761784251512
36300,1761784256737.0,0adab909-eb8f-4baf-9eed-7a4cc889cb7c,4C:96:8A:ED:6A:01,SPEN NA,-62,1761784251512
36301,1761784257075.0,0adab909-eb8f-4baf-9eed-7a4cc889cb7c,4C:96:8A:ED:6A:01,SPEN NA,-60,1761784251512
36302,1761784257380.0,0adab909-eb8f-4baf-9eed-7a4cc889cb7c,4C:96:8A:ED:6A:01,SPEN NA,-57,1761784251512
36303,1761784257695.0,0adab909-eb8f-4baf-9eed-7a4cc889cb7c,4C:96:8A:ED:6A:01,SPEN NA,-62,1761784251512
36304,1761784258013.0,0adab909-eb8f-4baf-9eed-7a4cc889cb7c,4C:96:8A:ED:6A:01,SPEN NA,-60,1761784251512
36305,1761784258329.0,0adab909-eb8f-4baf-9eed-7a4cc889cb7c,4C:96:8A:ED:6A:01,SPEN NA,-61,1761784251512
36306,1761784258652.0,0adab909-eb8f-4baf-9eed-7a4cc889cb7c,4C:96:8A:ED:6A:01,SPEN NA,-61,1761784251512
36307,1761784258971.0,0adab909-eb8f-4baf-9eed-7a4cc889cb7c,4C:96:8A:ED:6A:01,SPEN NA,-63,1761784251512
36308,1761784261270.0,0adab909-eb8f-4baf-9eed-7a4cc889cb7c,4C:96:8A:ED:6A:01,SPEN NA,-61,1761784251512
36309,1761784261896.0,0adab909-eb8f-4baf-9eed-7a4cc889cb7c,4C:96:8A:ED:6A:01,SPEN NA,-64,1761784251512
36310,1761784262232.0,0adab909-eb8f-4baf-9eed-7a4cc889cb7c,4C:96:8A:ED:6A:01,SPEN NA,-61,1761784251512
36311,1761784262521.0,0adab909-eb8f-4baf-9eed-7a4cc889cb7c,4C:96:8A:ED:6A:01,SPEN NA,-62,1761784251512
36312,1761784262844.0,0adab909-eb8f-4baf-9eed-7a4cc889cb7c,4C:96:8A:ED:6A:01,SPEN NA,-64,1761784251512
36313,1761784263456.0,0adab909-eb8f-4baf-9eed-7a4cc889cb7c,4C:96:8A:ED:6A:01,SPEN NA,-61,1761784251512
36314,1761784264099.0,0adab909-eb8f-4baf-9eed-7a4cc889cb7c,4C:96:8A:ED:6A:01,SPEN NA,-57,1761784251512
36315,1761784851557.0,0adab909-eb8f-4baf-9eed-7a4cc889cb7c,5B:88:17:DA:05:D5,,-89,1761784851524
36316,1761784851596.0,0adab909-eb8f-4baf-9eed-7a4cc889cb7c,58:81:FB:28:4B:FD,,-81,1761784851524
36317,1761784851636.0,0adab909-eb8f-4baf-9eed-7a4cc889cb7c,FF:10:10:AE:A7:64,Sunset lights,-70,1761784851524
36318,1761784851679.0,0adab909-eb8f-4baf-9eed-7a4cc889cb7c,6E:0E:DC:3B:8E:71,,-78,1761784851524
36319,1761784852298.0,0adab909-eb8f-4baf-9eed-7a4cc889cb7c,4F:3C:4F:3B:B1:A6,,-76,1761784851524
36320,1761784852858.0,0adab909-eb8f-4baf-9eed-7a4cc889cb7c,5B:F8:CF:4E:E2:6E,,-70,1761784851524
36321,1761784853872.0,0adab909-eb8f-4baf-9eed-7a4cc889cb7c,54:35:C5:0F:18:61,,-68,1761784851524
36322,1761785451923.0,0adab909-eb8f-4baf-9eed-7a4cc889cb7c,5B:88:17:DA:05:D5,,-86,1761785451530
36323,1761785452574.0,0adab909-eb8f-4baf-9eed-7a4cc889cb7c,FF:10:10:AE:A7:64,Sunset lights,-68,1761785451530
36324,1761785454544.0,0adab909-eb8f-4baf-9eed-7a4cc889cb7c,5B:F8:CF:4E:E2:6E,,-84,1761785451530
36325,1761785457116.0,0adab909-eb8f-4baf-9eed-7a4cc889cb7c,4F:3C:4F:3B:B1:A6,,-77,1761785451530
36326,1761786051146.0,0adab909-eb8f-4baf-9eed-7a4cc889cb7c,59:A8:44:7E:19:B3,,-85,1761786051076
36327,1761786051207.0,0adab909-eb8f-4baf-9eed-7a4cc889cb7c,6E:EE:CC:C8:EE:A1,,-73,1761786051076
36328,1761786051259.0,0adab909-eb8f-4baf-9eed-7a4cc889cb7c,FF:10:10:AE:A7:64,Sunset lights,-71,1761786051076
36329,1761786062704.0,0adab909-eb8f-4baf-9eed-7a4cc889cb7c,5B:F8:CF:4E:E2:6E,,-75,1761786051076
36330,1761786652728.0,0adab909-eb8f-4baf-9eed-7a4cc889cb7c,FF:10:10:AE:A7:64,Sunset lights,-79,1761786651033
36331,1761786653057.0,0adab909-eb8f-4baf-9eed-7a4cc889cb7c,6E:EE:CC:C8:EE:A1,,-70,1761786651033
36332,1761786656900.0,0adab909-eb8f-4baf-9eed-7a4cc889cb7c,46:85:67:65:EF:68,,-74,1761786651033
36333,1761786661689.0,0adab909-eb8f-4baf-9eed-7a4cc889cb7c,59:A8:44:7E:19:B3,,-87,1761786651033
36334,1761786662067.0,0adab909-eb8f-4baf-9eed-7a4cc889cb7c,C0:17:54:28:73:72,,-100,1761786651033
36335,1761786662096.0,0adab909-eb8f-4baf-9eed-7a4cc889cb7c,C0:17:54:28:73:72,iPhone von Zu Arm,-96,1761786651033
36336,1761787251423.0,0adab909-eb8f-4baf-9eed-7a4cc889cb7c,FF:10:10:AE:A7:64,Sunset lights,-71,1761787251101
36337,1761787251446.0,0adab909-eb8f-4baf-9eed-7a4cc889cb7c,60:A3:C6:01:0F:9D,,-84,1761787251101
36338,1761787251736.0,0adab909-eb8f-4baf-9eed-7a4cc889cb7c,6E:EE:CC:C8:EE:A1,,-76,1761787251101
36339,1761787257840.0,0adab909-eb8f-4baf-9eed-7a4cc889cb7c,C0:17:54:28:73:72,iPhone von Zu Arm,-86,1761787251101
36340,1761787258410.0,0adab909-eb8f-4baf-9eed-7a4cc889cb7c,C0:17:54:28:73:72,iPhone von Zu Arm,-86,1761787251101
36341,1761787259465.0,0adab909-eb8f-4baf-9eed-7a4cc889cb7c,46:85:67:65:EF:68,,-74,1761787251101
36342,1761787852280.0,0adab909-eb8f-4baf-9eed-7a4cc889cb7c,5A:35:A8:96:E7:20,,-70,1761787852276
36343,1761787852743.0,0adab909-eb8f-4baf-9eed-7a4cc889cb7c,C0:17:54:28:73:72,iPhone von Zu Arm,-86,1761787852276
36344,1761787852760.0,0adab909-eb8f-4baf-9eed-7a4cc889cb7c,FF:10:10:AE:A7:64,Sunset lights,-69,1761787852276
36345,1761787856971.0,0adab909-eb8f-4baf-9eed-7a4cc889cb7c,71:58:77:4F:06:E5,,-68,1761787852276
36346,1761788684158.0,0adab909-eb8f-4baf-9eed-7a4cc889cb7c,49:97:D4:4C:B8:B2,,-82,1761788683741
36347,1761788684171.0,0adab909-eb8f-4baf-9eed-7a4cc889cb7c,FF:10:10:AE:A7:64,Sunset lights,-69,1761788683741
36348,1761788684521.0,0adab909-eb8f-4baf-9eed-7a4cc889cb7c,C0:17:54:28:73:72,iPhone von Zu Arm,-93,1761788683741
36349,1761788686676.0,0adab909-eb8f-4baf-9eed-7a4cc889cb7c,46:CD:86:E3:43:3A,,-69,1761788683741
36350,1761788984748.0,0adab909-eb8f-4baf-9eed-7a4cc889cb7c,46:CD:86:E3:43:3A,,-73,1761788984670
36351,1761788985088.0,0adab909-eb8f-4baf-9eed-7a4cc889cb7c,FF:10:10:AE:A7:64,Sunset lights,-75,1761788984670
36352,1761788985714.0,0adab909-eb8f-4baf-9eed-7a4cc889cb7c,5F:99:6A:5E:3D:C6,,-73,1761788984670
36353,1761788987153.0,0adab909-eb8f-4baf-9eed-7a4cc889cb7c,C0:17:54:28:73:72,iPhone von Zu Arm,-87,1761788984670
36354,1761788991464.0,0adab909-eb8f-4baf-9eed-7a4cc889cb7c,49:97:D4:4C:B8:B2,,-90,1761788984670
36355,1761789885191.0,0adab909-eb8f-4baf-9eed-7a4cc889cb7c,54:8C:BB:76:33:AE,,-92,1761789885180
36356,1761789885209.0,0adab909-eb8f-4baf-9eed-7a4cc889cb7c,FF:10:10:AE:A7:64,Sunset lights,-70,1761789885180
36357,1761789885227.0,0adab909-eb8f-4baf-9eed-7a4cc889cb7c,46:CD:86:E3:43:3A,,-73,1761789885180
36358,1761789885867.0,0adab909-eb8f-4baf-9eed-7a4cc889cb7c,C0:17:54:28:73:72,iPhone von Zu Arm,-94,1761789885180
36359,1761789891626.0,0adab909-eb8f-4baf-9eed-7a4cc889cb7c,64:17:11:6E:22:07,,-74,1761789885180
36360,1761790416016.0,0adab909-eb8f-4baf-9eed-7a4cc889cb7c,C0:17:54:28:73:72,iPhone von Zu Arm,-84,1761790414778
36361,1761790416122.0,0adab909-eb8f-4baf-9eed-7a4cc889cb7c,54:8C:BB:76:33:AE,,-82,1761790414778
36362,1761790416791.0,0adab909-eb8f-4baf-9eed-7a4cc889cb7c,FF:10:10:AE:A7:64,Sunset lights,-68,1761790414778
36363,1761790418406.0,0adab909-eb8f-4baf-9eed-7a4cc889cb7c,7C:F2:97:48:25:32,,-76,1761790414778
36364,1761790419024.0,0adab909-eb8f-4baf-9eed-7a4cc889cb7c,64:17:11:6E:22:07,,-67,1761790414778
36365,1761791015578.0,0adab909-eb8f-4baf-9eed-7a4cc889cb7c,7C:F2:97:48:25:32,,-69,1761791015550
36366,1761791015852.0,0adab909-eb8f-4baf-9eed-7a4cc889cb7c,C0:17:54:28:73:72,iPhone von Zu Arm,-85,1761791015550
36367,1761791015903.0,0adab909-eb8f-4baf-9eed-7a4cc889cb7c,FF:10:10:AE:A7:64,Sunset lights,-69,1761791015550
36368,1761791016573.0,0adab909-eb8f-4baf-9eed-7a4cc889cb7c,41:94:03:1A:8E:37,,-72,1761791015550
36369,1761791017886.0,0adab909-eb8f-4baf-9eed-7a4cc889cb7c,54:8C:BB:76:33:AE,,-81,1761791015550
36370,1761791616075.0,0adab909-eb8f-4baf-9eed-7a4cc889cb7c,FF:10:10:AE:A7:64,Sunset lights,-69,1761791616068
36371,1761791616458.0,0adab909-eb8f-4baf-9eed-7a4cc889cb7c,7C:9F:7E:62:E0:AB,,-82,1761791616068
36372,1761791616515.0,0adab909-eb8f-4baf-9eed-7a4cc889cb7c,C0:17:54:28:73:72,iPhone von Zu Arm,-84,1761791616068
36373,1761791621195.0,0adab909-eb8f-4baf-9eed-7a4cc889cb7c,40:25:80:EA:86:CD,,-73,1761791616068
36374,1761791621846.0,0adab909-eb8f-4baf-9eed-7a4cc889cb7c,7C:F2:97:48:25:32,,-84,1761791616068
36375,1761792148120.0,0adab909-eb8f-4baf-9eed-7a4cc889cb7c,FF:10:10:AE:A7:64,Sunset lights,-73,1761792148097
36376,1761792148867.0,0adab909-eb8f-4baf-9eed-7a4cc889cb7c,C0:17:54:28:73:72,iPhone von Zu Arm,-91,1761792148097
36377,1761792149064.0,0adab909-eb8f-4baf-9eed-7a4cc889cb7c,7C:9F:7E:62:E0:AB,,-84,1761792148097
36378,1761792150655.0,0adab909-eb8f-4baf-9eed-7a4cc889cb7c,40:25:80:EA:86:CD,,-69,1761792148097
36379,1761792151649.0,0adab909-eb8f-4baf-9eed-7a4cc889cb7c,65:56:5B:59:BD:14,,-68,1761792148097
36380,1761792747881.0,0adab909-eb8f-4baf-9eed-7a4cc889cb7c,7C:9C:71:D4:44:67,,-69,1761792747876
36381,1761792747894.0,0adab909-eb8f-4baf-9eed-7a4cc889cb7c,65:56:5B:59:BD:14,,-69,1761792747876
36382,1761792748079.0,0adab909-eb8f-4baf-9eed-7a4cc889cb7c,FF:10:10:AE:A7:64,Sunset lights,-70,1761792747876
36383,1761792748355.0,0adab909-eb8f-4baf-9eed-7a4cc889cb7c,50:B2:5F:C0:D0:3C,,-85,1761792747876
36384,1761792748812.0,0adab909-eb8f-4baf-9eed-7a4cc889cb7c,C0:17:54:28:73:72,iPhone von Zu Arm,-85,1761792747876
36385,1761793350098.0,0adab909-eb8f-4baf-9eed-7a4cc889cb7c,FF:10:10:AE:A7:64,Sunset lights,-69,1761793348051
36386,1761793350723.0,0adab909-eb8f-4baf-9eed-7a4cc889cb7c,6F:B8:2B:DE:CC:42,,-69,1761793348051
36387,1761793352300.0,0adab909-eb8f-4baf-9eed-7a4cc889cb7c,C0:17:54:28:73:72,iPhone von Zu Arm,-94,1761793348051
36388,1761793352922.0,0adab909-eb8f-4baf-9eed-7a4cc889cb7c,50:B2:5F:C0:D0:3C,,-85,1761793348051
36389,1761793357739.0,0adab909-eb8f-4baf-9eed-7a4cc889cb7c,7C:9C:71:D4:44:67,,-65,1761793348051
36390,1761794025906.0,0adab909-eb8f-4baf-9eed-7a4cc889cb7c,C0:17:54:28:73:72,iPhone von Zu Arm,-86,1761794025583
36391,1761794026935.0,0adab909-eb8f-4baf-9eed-7a4cc889cb7c,FF:10:10:AE:A7:64,Sunset lights,-70,1761794025583
36392,1761794027616.0,0adab909-eb8f-4baf-9eed-7a4cc889cb7c,6F:BF:E4:60:89:CA,,-83,1761794025583
36393,1761794030470.0,0adab909-eb8f-4baf-9eed-7a4cc889cb7c,6F:B8:2B:DE:CC:42,,-68,1761794025583
36394,1761794030487.0,0adab909-eb8f-4baf-9eed-7a4cc889cb7c,56:51:C8:8D:8F:2B,,-79,1761794025583
36395,1761794625395.0,0adab909-eb8f-4baf-9eed-7a4cc889cb7c,7A:31:F1:2D:EE:71,,-75,1761794625011
36396,1761794625718.0,0adab909-eb8f-4baf-9eed-7a4cc889cb7c,FF:10:10:AE:A7:64,Sunset lights,-68,1761794625011
36397,1761794626026.0,0adab909-eb8f-4baf-9eed-7a4cc889cb7c,C0:17:54:28:73:72,iPhone von Zu Arm,-86,1761794625011
36398,1761794626102.0,0adab909-eb8f-4baf-9eed-7a4cc889cb7c,6F:BF:E4:60:89:CA,,-82,1761794625011
36399,1761795224911.0,0adab909-eb8f-4baf-9eed-7a4cc889cb7c,FF:10:10:AE:A7:64,Sunset lights,-67,1761795224896
36400,1761795224922.0,0adab909-eb8f-4baf-9eed-7a4cc889cb7c,C0:17:54:28:73:72,iPhone von Zu Arm,-88,1761795224896
36401,1761795225024.0,0adab909-eb8f-4baf-9eed-7a4cc889cb7c,7A:31:F1:2D:EE:71,,-86,1761795224896
36402,1761795226974.0,0adab909-eb8f-4baf-9eed-7a4cc889cb7c,76:15:FB:F5:C5:22,,-83,1761795224896
36403,1761795229836.0,0adab909-eb8f-4baf-9eed-7a4cc889cb7c,6D:06:5B:6C:D8:3E,,-74,1761795224896
36404,1761795755684.0,0adab909-eb8f-4baf-9eed-7a4cc889cb7c,65:A9:91:C4:DC:B3,,-73,1761795755616
36405,1761795756062.0,0adab909-eb8f-4baf-9eed-7a4cc889cb7c,01:52:28:81:B3:60,,-86,1761795755616
36406,1761795756099.0,0adab909-eb8f-4baf-9eed-7a4cc889cb7c,FF:10:10:AE:A7:64,Sunset lights,-73,1761795755616
36407,1761795756331.0,0adab909-eb8f-4baf-9eed-7a4cc889cb7c,25:F0:DC:E3:93:14,,-90,1761795755616
36408,1761795760531.0,0adab909-eb8f-4baf-9eed-7a4cc889cb7c,76:15:FB:F5:C5:22,,-88,1761795755616
36409,1761795760783.0,0adab909-eb8f-4baf-9eed-7a4cc889cb7c,C0:17:54:28:73:72,iPhone von Zu Arm,-85,1761795755616
36410,1761795761150.0,0adab909-eb8f-4baf-9eed-7a4cc889cb7c,48:39:51:DB:85:05,,-77,1761795755616
36411,1761796355708.0,0adab909-eb8f-4baf-9eed-7a4cc889cb7c,65:A9:91:C4:DC:B3,,-70,1761796355633
36412,1761796356184.0,0adab909-eb8f-4baf-9eed-7a4cc889cb7c,C0:17:54:28:73:72,iPhone von Zu Arm,-85,1761796355633
36413,1761796356994.0,0adab909-eb8f-4baf-9eed-7a4cc889cb7c,FF:10:10:AE:A7:64,Sunset lights,-70,1761796355633
36414,1761796359295.0,0adab909-eb8f-4baf-9eed-7a4cc889cb7c,76:15:FB:F5:C5:22,,-84,1761796355633
36415,1761796365724.0,0adab909-eb8f-4baf-9eed-7a4cc889cb7c,48:39:51:DB:85:05,,-67,1761796355633
36416,1761796956666.0,0adab909-eb8f-4baf-9eed-7a4cc889cb7c,FF:10:10:AE:A7:64,Sunset lights,-70,1761796956616
36417,1761796957006.0,0adab909-eb8f-4baf-9eed-7a4cc889cb7c,46:10:D1:EB:3A:A5,,-74,1761796956616
36418,1761796957381.0,0adab909-eb8f-4baf-9eed-7a4cc889cb7c,53:3B:2F:7E:B4:54,,-75,1761796956616
36419,1761796957949.0,0adab909-eb8f-4baf-9eed-7a4cc889cb7c,54:69:1C:2E:62:C7,,-82,1761796956616
36420,1761796960159.0,0adab909-eb8f-4baf-9eed-7a4cc889cb7c,C0:17:54:28:73:72,iPhone von Zu Arm,-87,1761796956616
36421,1761797557034.0,0adab909-eb8f-4baf-9eed-7a4cc889cb7c,54:69:1C:2E:62:C7,,-87,1761797556615
36422,1761797557900.0,0adab909-eb8f-4baf-9eed-7a4cc889cb7c,FF:10:10:AE:A7:64,Sunset lights,-73,1761797556615
36423,1761797558343.0,0adab909-eb8f-4baf-9eed-7a4cc889cb7c,C0:17:54:28:73:72,iPhone von Zu Arm,-84,1761797556615
36424,1761797559057.0,0adab909-eb8f-4baf-9eed-7a4cc889cb7c,C0:17:54:28:73:72,iPhone von Zu Arm,-99,1761797556615
36425,1761797559289.0,0adab909-eb8f-4baf-9eed-7a4cc889cb7c,53:3B:2F:7E:B4:54,,-75,1761797556615
36426,1761797562454.0,0adab909-eb8f-4baf-9eed-7a4cc889cb7c,76:47:BF:EB:63:74,,-70,1761797556615
36427,1761798087917.0,0adab909-eb8f-4baf-9eed-7a4cc889cb7c,60:1C:62:E8:10:1F,,-84,1761798087902
36428,1761798088101.0,0adab909-eb8f-4baf-9eed-7a4cc889cb7c,FF:10:10:AE:A7:64,Sunset lights,-74,1761798087902
36429,1761798088685.0,0adab909-eb8f-4baf-9eed-7a4cc889cb7c,53:3B:2F:7E:B4:54,,-71,1761798087902
36430,1761798089168.0,0adab909-eb8f-4baf-9eed-7a4cc889cb7c,C0:17:54:28:73:72,iPhone von Zu Arm,-87,1761798087902
36431,1761798687850.0,0adab909-eb8f-4baf-9eed-7a4cc889cb7c,C0:17:54:28:73:72,iPhone von Zu Arm,-91,1761798687835
36432,1761798688029.0,0adab909-eb8f-4baf-9eed-7a4cc889cb7c,FF:10:10:AE:A7:64,Sunset lights,-71,1761798687835
36433,1761798688100.0,0adab909-eb8f-4baf-9eed-7a4cc889cb7c,6C:A6:A9:D9:8C:16,,-79,1761798687835
36434,1761798690638.0,0adab909-eb8f-4baf-9eed-7a4cc889cb7c,60:1C:62:E8:10:1F,,-86,1761798687835
36435,1761798697630.0,0adab909-eb8f-4baf-9eed-7a4cc889cb7c,4A:4F:89:02:A8:AD,,-76,1761798687835
36436,1761799288121.0,0adab909-eb8f-4baf-9eed-7a4cc889cb7c,C0:17:54:28:73:72,iPhone von Zu Arm,-90,1761799287945
36437,1761799289055.0,0adab909-eb8f-4baf-9eed-7a4cc889cb7c,FF:10:10:AE:A7:64,Sunset lights,-70,1761799287945
36438,1761799291250.0,0adab909-eb8f-4baf-9eed-7a4cc889cb7c,6C:A6:A9:D9:8C:16,,-75,1761799287945
36439,1761799292838.0,0adab909-eb8f-4baf-9eed-7a4cc889cb7c,4A:4F:89:02:A8:AD,,-73,1761799287945
36440,1761799296487.0,0adab909-eb8f-4baf-9eed-7a4cc889cb7c,5B:4A:D4:D5:C2:0D,,-86,1761799287945
36441,1761800031592.0,0adab909-eb8f-4baf-9eed-7a4cc889cb7c,FF:10:10:AE:A7:64,Sunset lights,-69,1761800031589
36442,1761800031609.0,0adab909-eb8f-4baf-9eed-7a4cc889cb7c,79:FF:69:1B:16:2D,,-89,1761800031589
36443,1761800032054.0,0adab909-eb8f-4baf-9eed-7a4cc889cb7c,4A:04:E0:21:CF:E8,,-74,1761800031589
36444,1761800033676.0,0adab909-eb8f-4baf-9eed-7a4cc889cb7c,5B:4A:D4:D5:C2:0D,,-85,1761800031589
36445,1761800632035.0,0adab909-eb8f-4baf-9eed-7a4cc889cb7c,4A:04:E0:21:CF:E8,,-85,1761800631880
36446,1761800632324.0,0adab909-eb8f-4baf-9eed-7a4cc889cb7c,43:2A:6A:F8:E5:9D,,-86,1761800631880
36447,1761800632345.0,0adab909-eb8f-4baf-9eed-7a4cc889cb7c,FF:10:10:AE:A7:64,Sunset lights,-79,1761800631880
36448,1761800632641.0,0adab909-eb8f-4baf-9eed-7a4cc889cb7c,7D:AD:55:D9:BB:31,,-80,1761800631880
36449,1761801181709.0,0adab909-eb8f-4baf-9eed-7a4cc889cb7c,FF:10:10:AE:A7:64,Sunset lights,-70,1761801181624
36450,1761801183002.0,0adab909-eb8f-4baf-9eed-7a4cc889cb7c,B0:38:E2:20:45:09,,-89,1761801181624
36451,1761801183033.0,0adab909-eb8f-4baf-9eed-7a4cc889cb7c,4F:3A:47:F7:26:A1,,-86,1761801181624
36452,1761801184613.0,0adab909-eb8f-4baf-9eed-7a4cc889cb7c,7D:AD:55:D9:BB:31,,-77,1761801181624
36453,1761801187468.0,0adab909-eb8f-4baf-9eed-7a4cc889cb7c,43:2A:6A:F8:E5:9D,,-83,1761801181624
36454,1761801763562.0,0adab909-eb8f-4baf-9eed-7a4cc889cb7c,FF:10:10:AE:A7:64,Sunset lights,-67,1761801763543
36455,1761801763930.0,0adab909-eb8f-4baf-9eed-7a4cc889cb7c,58:F3:E3:4E:04:F3,,-80,1761801763543
36456,1761801763979.0,0adab909-eb8f-4baf-9eed-7a4cc889cb7c,78:0D:96:2F:FA:9D,,-87,1761801763543
36457,1761801764601.0,0adab909-eb8f-4baf-9eed-7a4cc889cb7c,59:53:45:C6:AC:A0,,-86,1761801763543
36458,1761801768819.0,0adab909-eb8f-4baf-9eed-7a4cc889cb7c,4F:3A:47:F7:26:A1,,-83,1761801763543
36459,1761802363771.0,0adab909-eb8f-4baf-9eed-7a4cc889cb7c,FF:10:10:AE:A7:64,Sunset lights,-68,1761802363545
36460,1761802964322.0,0adab909-eb8f-4baf-9eed-7a4cc889cb7c,FF:10:10:AE:A7:64,Sunset lights,-91,1761802963860
36461,1761803565971.0,0adab909-eb8f-4baf-9eed-7a4cc889cb7c,FF:10:10:AE:A7:64,Sunset lights,-69,1761803564154
36462,1761804095937.0,0adab909-eb8f-4baf-9eed-7a4cc889cb7c,FF:10:10:AE:A7:64,Sunset lights,-68,1761804095525
36463,1761804695583.0,0adab909-eb8f-4baf-9eed-7a4cc889cb7c,FF:10:10:AE:A7:64,Sunset lights,-73,1761804695522
36464,1761805295635.0,0adab909-eb8f-4baf-9eed-7a4cc889cb7c,FF:10:10:AE:A7:64,Sunset lights,-68,1761805295554
36465,1761805298886.0,0adab909-eb8f-4baf-9eed-7a4cc889cb7c,5C:E5:13:DA:E9:EA,,-86,1761805295554
36466,1761805300458.0,0adab909-eb8f-4baf-9eed-7a4cc889cb7c,60:B1:8C:EA:1F:4B,,-95,1761805295554
36467,1761805303679.0,0adab909-eb8f-4baf-9eed-7a4cc889cb7c,4E:3A:38:88:C8:B0,,-83,1761805295554
36468,1761806036590.0,0adab909-eb8f-4baf-9eed-7a4cc889cb7c,FF:10:10:AE:A7:64,Sunset lights,-67,1761806036582
36469,1761806636571.0,0adab909-eb8f-4baf-9eed-7a4cc889cb7c,45:E9:D7:8F:2A:94,,-90,1761806636546
36470,1761806636610.0,0adab909-eb8f-4baf-9eed-7a4cc889cb7c,FF:10:10:AE:A7:64,Sunset lights,-67,1761806636546
36471,1761806637978.0,0adab909-eb8f-4baf-9eed-7a4cc889cb7c,51:B8:85:ED:D6:E0,,-85,1761806636546
36472,1761807237523.0,0adab909-eb8f-4baf-9eed-7a4cc889cb7c,FF:10:10:AE:A7:64,Sunset lights,-68,1761807237513
36473,1761807241790.0,0adab909-eb8f-4baf-9eed-7a4cc889cb7c,65:2B:69:FA:B7:F8,,-90,1761807237513
36474,1761807770674.0,0adab909-eb8f-4baf-9eed-7a4cc889cb7c,FF:10:10:AE:A7:64,Sunset lights,-76,1761807767994
36475,1761807774871.0,0adab909-eb8f-4baf-9eed-7a4cc889cb7c,62:55:ED:77:4D:D8,,-89,1761807767994
36476,1761808369912.0,0adab909-eb8f-4baf-9eed-7a4cc889cb7c,FF:10:10:AE:A7:64,Sunset lights,-70,1761808368727
36477,1761808371501.0,0adab909-eb8f-4baf-9eed-7a4cc889cb7c,7C:EA:52:FF:90:E0,,-85,1761808368727
36478,1761808372824.0,0adab909-eb8f-4baf-9eed-7a4cc889cb7c,7B:E8:8C:CE:B3:36,,-90,1761808368727
36479,1761808373100.0,0adab909-eb8f-4baf-9eed-7a4cc889cb7c,61:32:C1:C0:CE:71,,-87,1761808368727
36480,1761808375356.0,0adab909-eb8f-4baf-9eed-7a4cc889cb7c,42:AB:F4:F3:EC:1F,,-81,1761808368727
36481,1761808969247.0,0adab909-eb8f-4baf-9eed-7a4cc889cb7c,FF:10:10:AE:A7:64,Sunset lights,-85,1761808968774
36482,1761808971256.0,0adab909-eb8f-4baf-9eed-7a4cc889cb7c,42:6B:D2:0C:AF:41,,-84,1761808968774
36483,1761809449465.0,0adab909-eb8f-4baf-9eed-7a4cc889cb7c,FF:10:10:AE:A7:64,Sunset lights,-68,1761809449447
36484,1761809454724.0,0adab909-eb8f-4baf-9eed-7a4cc889cb7c,11:C4:E0:EF:70:88,,-94,1761809449447
36485,1761809461753.0,0adab909-eb8f-4baf-9eed-7a4cc889cb7c,CC:B5:4C:05:08:BE,Se22765b6514b8b90C,-85,1761809449447
36486,1761810231559.0,0adab909-eb8f-4baf-9eed-7a4cc889cb7c,75:96:37:05:02:6D,,-84,1761810231480
36487,1761810232533.0,0adab909-eb8f-4baf-9eed-7a4cc889cb7c,36:17:81:B4:04:82,,-94,1761810231480
36488,1761810233507.0,0adab909-eb8f-4baf-9eed-7a4cc889cb7c,FF:10:10:AE:A7:64,Sunset lights,-67,1761810231480
36489,1761810592487.0,0adab909-eb8f-4baf-9eed-7a4cc889cb7c,FF:10:10:AE:A7:64,Sunset lights,-67,1761810592468
36490,1761811561817.0,0adab909-eb8f-4baf-9eed-7a4cc889cb7c,FF:10:10:AE:A7:64,Sunset lights,-68,1761811561436
36491,1761811571452.0,0adab909-eb8f-4baf-9eed-7a4cc889cb7c,C4:C9:DA:45:8F:02,JBL TUNE670NC-LE,-88,1761811561436
36492,1761811915875.0,0adab909-eb8f-4baf-9eed-7a4cc889cb7c,FF:10:10:AE:A7:64,Sunset lights,-68,1761811913459
36493,1761811917088.0,0adab909-eb8f-4baf-9eed-7a4cc889cb7c,49:50:97:A2:83:A7,,-87,1761811913459
36494,1761811918720.0,0adab909-eb8f-4baf-9eed-7a4cc889cb7c,7C:A5:89:A7:C4:E3,,-87,1761811913459
36495,1761812440778.0,0adab909-eb8f-4baf-9eed-7a4cc889cb7c,FF:10:10:AE:A7:64,Sunset lights,-67,1761812440775
36496,1761812446654.0,0adab909-eb8f-4baf-9eed-7a4cc889cb7c,5F:84:AD:DC:C0:78,,-92,1761812440775
36497,1761812447658.0,0adab909-eb8f-4baf-9eed-7a4cc889cb7c,42:5E:D9:CE:DC:1C,,-94,1761812440775
36498,1761813155709.0,0adab909-eb8f-4baf-9eed-7a4cc889cb7c,FF:10:10:AE:A7:64,Sunset lights,-68,1761813155472
36499,1761813160658.0,0adab909-eb8f-4baf-9eed-7a4cc889cb7c,59:D3:67:59:D6:92,,-93,1761813155472
36500,1761813655179.0,0adab909-eb8f-4baf-9eed-7a4cc889cb7c,FF:10:10:AE:A7:64,Sunset lights,-75,1761813654405
36501,1761814254488.0,0adab909-eb8f-4baf-9eed-7a4cc889cb7c,FF:10:10:AE:A7:64,Sunset lights,-71,1761814254106
36502,1761814259001.0,0adab909-eb8f-4baf-9eed-7a4cc889cb7c,67:73:21:6D:AA:F6,,-91,1761814254106
36503,1761814259021.0,0adab909-eb8f-4baf-9eed-7a4cc889cb7c,6A:6B:53:3C:34:BD,,-92,1761814254106
36504,1761814261768.0,0adab909-eb8f-4baf-9eed-7a4cc889cb7c,10:C6:FC:01:A0:77,,-100,1761814254106
36505,1761814855467.0,0adab909-eb8f-4baf-9eed-7a4cc889cb7c,FF:10:10:AE:A7:64,Sunset lights,-67,1761814855412
36506,1761815394211.0,0adab909-eb8f-4baf-9eed-7a4cc889cb7c,FF:10:10:AE:A7:64,Sunset lights,-72,1761815394139
36507,1761815396865.0,0adab909-eb8f-4baf-9eed-7a4cc889cb7c,94:B2:CC:32:23:38,MVH-390BT    ,-98,1761815394139
36508,1761815407106.0,0adab909-eb8f-4baf-9eed-7a4cc889cb7c,FF:10:10:AE:A7:64,Sunset lights,-83,1761815394139
36509,1761816044626.0,0adab909-eb8f-4baf-9eed-7a4cc889cb7c,FF:10:10:AE:A7:64,Sunset lights,-78,1761816043646
36510,1761816044656.0,0adab909-eb8f-4baf-9eed-7a4cc889cb7c,E8:EE:CC:6E:D4:64,,-93,1761816043646
36511,1761816056707.0,0adab909-eb8f-4baf-9eed-7a4cc889cb7c,FF:10:10:AE:A7:64,Sunset lights,-68,1761816043646
36512,1761816058172.0,0adab909-eb8f-4baf-9eed-7a4cc889cb7c,2D:77:BC:7F:5F:06,,-91,1761816043646
36513,1761816607743.0,0adab909-eb8f-4baf-9eed-7a4cc889cb7c,76:AD:04:56:D0:5F,,-76,1761816607630
36514,1761816608383.0,0adab909-eb8f-4baf-9eed-7a4cc889cb7c,46:F1:8A:66:88:D6,,-91,1761816607630
36515,1761816609324.0,0adab909-eb8f-4baf-9eed-7a4cc889cb7c,54:A5:BB:39:26:93,,-89,1761816607630
36516,1761816609366.0,0adab909-eb8f-4baf-9eed-7a4cc889cb7c,76:56:46:49:D5:AE,,-77,1761816607630
36517,1761816611712.0,0adab909-eb8f-4baf-9eed-7a4cc889cb7c,C3:F5:7F:8B:F1:7D,Hue Lamp,-80,1761816607630
36518,1761816620568.0,0adab909-eb8f-4baf-9eed-7a4cc889cb7c,27:9C:52:76:A5:02,,-70,1761816607630
36519,1761816620596.0,0adab909-eb8f-4baf-9eed-7a4cc889cb7c,F4:FE:FB:45:44:C9,,-78,1761816607630
36520,1761816620724.0,0adab909-eb8f-4baf-9eed-7a4cc889cb7c,E8:E5:85:F1:46:64,,-73,1761816607630
36521,1761816621570.0,0adab909-eb8f-4baf-9eed-7a4cc889cb7c,46:F1:8A:66:88:D6,,-89,1761816607630
36522,1761816621687.0,0adab909-eb8f-4baf-9eed-7a4cc889cb7c,76:56:46:49:D5:AE,,-67,1761816607630
36523,1761816621709.0,0adab909-eb8f-4baf-9eed-7a4cc889cb7c,EB:A6:DE:F4:31:97,,-86,1761816607630
36524,1761816621750.0,0adab909-eb8f-4baf-9eed-7a4cc889cb7c,C3:F5:7F:8B:F1:7D,Hue Lamp,-88,1761816607630
36525,1761816622611.0,0adab909-eb8f-4baf-9eed-7a4cc889cb7c,76:AD:04:56:D0:5F,,-73,1761816607630
36526,1761817199741.0,0adab909-eb8f-4baf-9eed-7a4cc889cb7c,FF:10:10:AE:A7:64,Sunset lights,-63,1761817199666
36527,1761817200381.0,0adab909-eb8f-4baf-9eed-7a4cc889cb7c,54:A5:BB:39:26:93,,-75,1761817199666
36528,1761817203819.0,0adab909-eb8f-4baf-9eed-7a4cc889cb7c,46:F1:8A:66:88:D6,,-82,1761817199666
36529,1761817203888.0,0adab909-eb8f-4baf-9eed-7a4cc889cb7c,50:30:4A:A7:29:99,,-82,1761817199666
36530,1761817212612.0,0adab909-eb8f-4baf-9eed-7a4cc889cb7c,46:F1:8A:66:88:D6,,-84,1761817199666
36531,1761817212637.0,0adab909-eb8f-4baf-9eed-7a4cc889cb7c,FF:10:10:AE:A7:64,Sunset lights,-64,1761817199666
36532,1761817212759.0,0adab909-eb8f-4baf-9eed-7a4cc889cb7c,54:A5:BB:39:26:93,,-86,1761817199666
36533,1761817994858.0,0adab909-eb8f-4baf-9eed-7a4cc889cb7c,4E:64:3B:F8:4F:84,,-72,1761817994837
36534,1761817994935.0,0adab909-eb8f-4baf-9eed-7a4cc889cb7c,4C:EC:7E:5E:14:1F,,-77,1761817994837
36535,1761817997648.0,0adab909-eb8f-4baf-9eed-7a4cc889cb7c,FF:10:10:AE:A7:64,Sunset lights,-69,1761817994837
36536,1761817997686.0,0adab909-eb8f-4baf-9eed-7a4cc889cb7c,32:18:E1:DD:AD:3A,,-82,1761817994837
36537,1761817999664.0,0adab909-eb8f-4baf-9eed-7a4cc889cb7c,41:9B:5F:5B:D5:59,,-80,1761817994837
36538,1761818006927.0,0adab909-eb8f-4baf-9eed-7a4cc889cb7c,2A:3D:81:4C:DC:02,,-85,1761817994837
36539,1761818007729.0,0adab909-eb8f-4baf-9eed-7a4cc889cb7c,FF:10:10:AE:A7:64,Sunset lights,-66,1761817994837
36540,1761818007822.0,0adab909-eb8f-4baf-9eed-7a4cc889cb7c,7A:4F:6C:C7:0B:9F,,-85,1761817994837
36541,1761818007855.0,0adab909-eb8f-4baf-9eed-7a4cc889cb7c,4C:EC:7E:5E:14:1F,,-75,1761817994837
36542,1761818007904.0,0adab909-eb8f-4baf-9eed-7a4cc889cb7c,41:9B:5F:5B:D5:59,,-72,1761817994837
36543,1761818008925.0,0adab909-eb8f-4baf-9eed-7a4cc889cb7c,2A:3D:81:4C:DC:02,,-90,1761817994837
36544,1761818452998.0,0adab909-eb8f-4baf-9eed-7a4cc889cb7c,C4:C9:DA:45:8F:02,JBL TUNE670NC-LE,-88,1761818452294
36545,1761818453018.0,0adab909-eb8f-4baf-9eed-7a4cc889cb7c,FF:10:10:AE:A7:64,Sunset lights,-70,1761818452294
36546,1761818465207.0,0adab909-eb8f-4baf-9eed-7a4cc889cb7c,7A:4F:6C:C7:0B:9F,,-88,1761818452294
36547,1761818465226.0,0adab909-eb8f-4baf-9eed-7a4cc889cb7c,C4:C9:DA:45:8F:02,JBL TUNE670NC-LE,-88,1761818452294
36548,1761818465247.0,0adab909-eb8f-4baf-9eed-7a4cc889cb7c,2E:75:7B:67:36:FC,,-88,1761818452294
36549,1761818465282.0,0adab909-eb8f-4baf-9eed-7a4cc889cb7c,FF:10:10:AE:A7:64,Sunset lights,-72,1761818452294
36550,1761819051777.0,0adab909-eb8f-4baf-9eed-7a4cc889cb7c,FF:10:10:AE:A7:64,Sunset lights,-77,1761819051060
36551,1761819055314.0,0adab909-eb8f-4baf-9eed-7a4cc889cb7c,51:DA:AB:76:41:26,,-90,1761819051060
36552,1761819063961.0,0adab909-eb8f-4baf-9eed-7a4cc889cb7c,0F:5C:0A:11:C3:BC,,-90,1761819051060
36553,1761819064149.0,0adab909-eb8f-4baf-9eed-7a4cc889cb7c,FF:10:10:AE:A7:64,Sunset lights,-71,1761819051060
36554,1761819651084.0,0adab909-eb8f-4baf-9eed-7a4cc889cb7c,FF:10:10:AE:A7:64,Sunset lights,-75,1761819651049
36555,1761819651408.0,0adab909-eb8f-4baf-9eed-7a4cc889cb7c,7D:80:72:4C:FF:49,,-88,1761819651049
36556,1761819663935.0,0adab909-eb8f-4baf-9eed-7a4cc889cb7c,FF:10:10:AE:A7:64,Sunset lights,-70,1761819651049
36557,1761819664079.0,0adab909-eb8f-4baf-9eed-7a4cc889cb7c,7D:80:72:4C:FF:49,,-81,1761819651049
36558,1761819664939.0,0adab909-eb8f-4baf-9eed-7a4cc889cb7c,17:92:EA:FB:C8:59,,-89,1761819651049
36559,1761820251209.0,0adab909-eb8f-4baf-9eed-7a4cc889cb7c,FF:10:10:AE:A7:64,Sunset lights,-80,1761820251009
36560,1761820251270.0,0adab909-eb8f-4baf-9eed-7a4cc889cb7c,77:2B:7E:5E:22:DC,,-76,1761820251009
36561,1761820252200.0,0adab909-eb8f-4baf-9eed-7a4cc889cb7c,7F:97:D2:24:E5:3F,,-72,1761820251009
36562,1761820253193.0,0adab909-eb8f-4baf-9eed-7a4cc889cb7c,49:38:46:35:73:80,,-71,1761820251009
36563,1761820260882.0,0adab909-eb8f-4baf-9eed-7a4cc889cb7c,61:4A:66:85:FD:42,,-93,1761820251009
36564,1761820263892.0,0adab909-eb8f-4baf-9eed-7a4cc889cb7c,FF:10:10:AE:A7:64,Sunset lights,-77,1761820251009
36565,1761820263920.0,0adab909-eb8f-4baf-9eed-7a4cc889cb7c,7F:97:D2:24:E5:3F,,-71,1761820251009
36566,1761820263938.0,0adab909-eb8f-4baf-9eed-7a4cc889cb7c,49:38:46:35:73:80,,-70,1761820251009
36567,1761820264028.0,0adab909-eb8f-4baf-9eed-7a4cc889cb7c,77:2B:7E:5E:22:DC,,-70,1761820251009
36568,1761820265032.0,0adab909-eb8f-4baf-9eed-7a4cc889cb7c,DD:56:2F:51:D6:CD,,-70,1761820251009
36569,1761820265984.0,0adab909-eb8f-4baf-9eed-7a4cc889cb7c,20:69:3B:F4:C8:61,,-92,1761820251009
36570,1761820897416.0,0adab909-eb8f-4baf-9eed-7a4cc889cb7c,77:2B:7E:5E:22:DC,,-87,1761820897378
36571,1761820897851.0,0adab909-eb8f-4baf-9eed-7a4cc889cb7c,FF:10:10:AE:A7:64,Sunset lights,-72,1761820897378
36572,1761821450204.0,0adab909-eb8f-4baf-9eed-7a4cc889cb7c,FF:10:10:AE:A7:64,Sunset lights,-83,1761821450169
36573,1761821450667.0,0adab909-eb8f-4baf-9eed-7a4cc889cb7c,7D:BA:19:6A:48:A1,,-83,1761821450169
36574,1761821454765.0,0adab909-eb8f-4baf-9eed-7a4cc889cb7c,5B:0C:E8:05:D6:3E,,-82,1761821450169
36575,1761822051681.0,0adab909-eb8f-4baf-9eed-7a4cc889cb7c,7D:BA:19:6A:48:A1,,-85,1761822051297
36576,1761822054300.0,0adab909-eb8f-4baf-9eed-7a4cc889cb7c,56:14:21:E0:6D:7F,,-81,1761822051297
36577,1761822055646.0,0adab909-eb8f-4baf-9eed-7a4cc889cb7c,FF:10:10:AE:A7:64,Sunset lights,-83,1761822051297
36578,1761822058660.0,0adab909-eb8f-4baf-9eed-7a4cc889cb7c,C3:F5:7F:8B:F1:7D,Hue Lamp,-78,1761822051297
36579,1761822064166.0,0adab909-eb8f-4baf-9eed-7a4cc889cb7c,56:14:21:E0:6D:7F,,-88,1761822051297
36580,1761822064189.0,0adab909-eb8f-4baf-9eed-7a4cc889cb7c,EE:73:2B:9C:6D:05,,-82,1761822051297
36581,1761822064256.0,0adab909-eb8f-4baf-9eed-7a4cc889cb7c,32:C9:C8:AA:90:ED,,-77,1761822051297
36582,1761822064328.0,0adab909-eb8f-4baf-9eed-7a4cc889cb7c,7D:BA:19:6A:48:A1,,-82,1761822051297
36583,1761822646796.0,0adab909-eb8f-4baf-9eed-7a4cc889cb7c,4A:0B:6A:C6:13:D1,,-89,1761822646793
36584,1761822648154.0,0adab909-eb8f-4baf-9eed-7a4cc889cb7c,FF:10:10:AE:A7:64,Sunset lights,-91,1761822646793
36585,1761822651967.0,0adab909-eb8f-4baf-9eed-7a4cc889cb7c,77:6D:3D:13:E7:32,,-90,1761822646793
36586,1761823343508.0,0adab909-eb8f-4baf-9eed-7a4cc889cb7c,4A:0B:6A:C6:13:D1,,-91,1761823343468
36587,1761823343581.0,0adab909-eb8f-4baf-9eed-7a4cc889cb7c,4B:C6:5A:70:21:28,,-89,1761823343468
36588,1761823345622.0,0adab909-eb8f-4baf-9eed-7a4cc889cb7c,77:6D:3D:13:E7:32,,-85,1761823343468
36589,1761823346906.0,0adab909-eb8f-4baf-9eed-7a4cc889cb7c,FF:10:10:AE:A7:64,Sunset lights,-89,1761823343468
36590,1761823347181.0,0adab909-eb8f-4baf-9eed-7a4cc889cb7c,76:A0:28:A2:B4:B6,,-89,1761823343468
36591,1761823941192.0,0adab909-eb8f-4baf-9eed-7a4cc889cb7c,4C:96:8A:ED:6A:01,SPEN NA,-50,1761823941034
36592,1761823941470.0,0adab909-eb8f-4baf-9eed-7a4cc889cb7c,4C:96:8A:ED:6A:01,SPEN NA,-45,1761823941034
36593,1761823941790.0,0adab909-eb8f-4baf-9eed-7a4cc889cb7c,4C:96:8A:ED:6A:01,SPEN NA,-55,1761823941034
36594,1761823942430.0,0adab909-eb8f-4baf-9eed-7a4cc889cb7c,4C:96:8A:ED:6A:01,SPEN NA,-45,1761823941034
36595,1761823942453.0,0adab909-eb8f-4baf-9eed-7a4cc889cb7c,FF:10:10:AE:A7:64,Sunset lights,-79,1761823941034
36596,1761823942485.0,0adab909-eb8f-4baf-9eed-7a4cc889cb7c,5D:38:E9:02:8D:08,,-76,1761823941034
36597,1761823942747.0,0adab909-eb8f-4baf-9eed-7a4cc889cb7c,4C:96:8A:ED:6A:01,SPEN NA,-54,1761823941034
36598,1761823943140.0,0adab909-eb8f-4baf-9eed-7a4cc889cb7c,4C:96:8A:ED:6A:01,SPEN NA,-47,1761823941034
36599,1761823943376.0,0adab909-eb8f-4baf-9eed-7a4cc889cb7c,4C:96:8A:ED:6A:01,SPEN NA,-45,1761823941034
36600,1761823944210.0,0adab909-eb8f-4baf-9eed-7a4cc889cb7c,51:F2:82:AA:DF:49,,-79,1761823941034
36601,1761823944353.0,0adab909-eb8f-4baf-9eed-7a4cc889cb7c,4C:96:8A:ED:6A:01,SPEN NA,-45,1761823941034
36602,1761823944374.0,0adab909-eb8f-4baf-9eed-7a4cc889cb7c,4A:21:27:D5:47:B5,,-76,1761823941034
36603,1761823944410.0,0adab909-eb8f-4baf-9eed-7a4cc889cb7c,4C:96:8A:ED:6A:01,SPEN NA,-45,1761823941034
36604,1761823944623.0,0adab909-eb8f-4baf-9eed-7a4cc889cb7c,4C:96:8A:ED:6A:01,SPEN NA,-54,1761823941034
36605,1761823944715.0,0adab909-eb8f-4baf-9eed-7a4cc889cb7c,4C:96:8A:ED:6A:01,SPEN NA,127,1761823941034
36606,1761823944937.0,0adab909-eb8f-4baf-9eed-7a4cc889cb7c,4C:96:8A:ED:6A:01,SPEN NA,-45,1761823941034
36607,1761823945040.0,0adab909-eb8f-4baf-9eed-7a4cc889cb7c,4C:96:8A:ED:6A:01,SPEN NA,-44,1761823941034
36608,1761823945255.0,0adab909-eb8f-4baf-9eed-7a4cc889cb7c,4C:96:8A:ED:6A:01,SPEN NA,127,1761823941034
36609,1761823945585.0,0adab909-eb8f-4baf-9eed-7a4cc889cb7c,4C:96:8A:ED:6A:01,SPEN NA,-55,1761823941034
36610,1761823945994.0,0adab909-eb8f-4baf-9eed-7a4cc889cb7c,4C:96:8A:ED:6A:01,SPEN NA,-44,1761823941034
36611,1761823946409.0,0adab909-eb8f-4baf-9eed-7a4cc889cb7c,4C:96:8A:ED:6A:01,SPEN NA,-51,1761823941034
36612,1761823946524.0,0adab909-eb8f-4baf-9eed-7a4cc889cb7c,4C:96:8A:ED:6A:01,SPEN NA,-55,1761823941034
36613,1761823946926.0,0adab909-eb8f-4baf-9eed-7a4cc889cb7c,4C:96:8A:ED:6A:01,SPEN NA,-44,1761823941034
36614,1761823947249.0,0adab909-eb8f-4baf-9eed-7a4cc889cb7c,4C:96:8A:ED:6A:01,SPEN NA,-44,1761823941034
36615,1761823947666.0,0adab909-eb8f-4baf-9eed-7a4cc889cb7c,4C:96:8A:ED:6A:01,SPEN NA,-45,1761823941034
36616,1761823948007.0,0adab909-eb8f-4baf-9eed-7a4cc889cb7c,4C:96:8A:ED:6A:01,SPEN NA,-55,1761823941034
36617,1761823948214.0,0adab909-eb8f-4baf-9eed-7a4cc889cb7c,4C:96:8A:ED:6A:01,SPEN NA,127,1761823941034
36618,1761823948519.0,0adab909-eb8f-4baf-9eed-7a4cc889cb7c,4C:96:8A:ED:6A:01,SPEN NA,-45,1761823941034
36619,1761823949236.0,0adab909-eb8f-4baf-9eed-7a4cc889cb7c,4C:96:8A:ED:6A:01,SPEN NA,-44,1761823941034
36620,1761823949890.0,0adab909-eb8f-4baf-9eed-7a4cc889cb7c,4C:96:8A:ED:6A:01,SPEN NA,-49,1761823941034
36621,1761823951556.0,0adab909-eb8f-4baf-9eed-7a4cc889cb7c,4C:96:8A:ED:6A:01,SPEN NA,-46,1761823941034
36622,1761823952102.0,0adab909-eb8f-4baf-9eed-7a4cc889cb7c,4C:96:8A:ED:6A:01,SPEN NA,-55,1761823941034
36623,1761823952612.0,0adab909-eb8f-4baf-9eed-7a4cc889cb7c,4C:96:8A:ED:6A:01,SPEN NA,-44,1761823941034
36624,1761823952937.0,0adab909-eb8f-4baf-9eed-7a4cc889cb7c,4C:96:8A:ED:6A:01,SPEN NA,-54,1761823941034
36625,1761823953951.0,0adab909-eb8f-4baf-9eed-7a4cc889cb7c,4C:96:8A:ED:6A:01,SPEN NA,-45,1761823941034
36626,1761823954098.0,0adab909-eb8f-4baf-9eed-7a4cc889cb7c,FF:10:10:AE:A7:64,Sunset lights,-70,1761823941034
36627,1761823955159.0,0adab909-eb8f-4baf-9eed-7a4cc889cb7c,5D:38:E9:02:8D:08,,-73,1761823941034
36628,1761823955408.0,0adab909-eb8f-4baf-9eed-7a4cc889cb7c,FD:33:C2:8F:05:05,,-85,1761823941034
36629,1761823955593.0,0adab909-eb8f-4baf-9eed-7a4cc889cb7c,51:F2:82:AA:DF:49,,-85,1761823941034
36630,1761824571818.0,0adab909-eb8f-4baf-9eed-7a4cc889cb7c,63:27:42:0F:2F:BB,,-87,1761824571287
36631,1761824572104.0,0adab909-eb8f-4baf-9eed-7a4cc889cb7c,6D:DE:A2:25:A2:09,,-91,1761824571287
36632,1761824572201.0,0adab909-eb8f-4baf-9eed-7a4cc889cb7c,FF:10:10:AE:A7:64,Sunset lights,-75,1761824571287
36633,1761824573790.0,0adab909-eb8f-4baf-9eed-7a4cc889cb7c,7A:20:5B:EF:11:63,,-87,1761824571287
36634,1761824584190.0,0adab909-eb8f-4baf-9eed-7a4cc889cb7c,63:27:42:0F:2F:BB,,-90,1761824571287
36635,1761824584543.0,0adab909-eb8f-4baf-9eed-7a4cc889cb7c,7A:20:5B:EF:11:63,,-93,1761824571287
36636,1761824584573.0,0adab909-eb8f-4baf-9eed-7a4cc889cb7c,FF:10:10:AE:A7:64,Sunset lights,-77,1761824571287
36637,1761824585068.0,0adab909-eb8f-4baf-9eed-7a4cc889cb7c,34:E6:D8:94:42:BE,,-93,1761824571287
36638,1761824585299.0,0adab909-eb8f-4baf-9eed-7a4cc889cb7c,6D:DE:A2:25:A2:09,,-92,1761824571287
36639,1761824586311.0,0adab909-eb8f-4baf-9eed-7a4cc889cb7c,FD:33:C2:8F:05:05,,-87,1761824571287
36640,1761825171250.0,0adab909-eb8f-4baf-9eed-7a4cc889cb7c,FF:10:10:AE:A7:64,Sunset lights,-79,1761825171196
36641,1761825171746.0,0adab909-eb8f-4baf-9eed-7a4cc889cb7c,6D:DE:A2:25:A2:09,,-78,1761825171196
36642,1761825171772.0,0adab909-eb8f-4baf-9eed-7a4cc889cb7c,63:27:42:0F:2F:BB,,-78,1761825171196
36643,1761825176138.0,0adab909-eb8f-4baf-9eed-7a4cc889cb7c,7A:20:5B:EF:11:63,,-73,1761825171196
36644,1761825178650.0,0adab909-eb8f-4baf-9eed-7a4cc889cb7c,72:5D:86:C1:CE:B7,,-85,1761825171196
36645,1761825179961.0,0adab909-eb8f-4baf-9eed-7a4cc889cb7c,73:5B:49:CF:20:2D,,-76,1761825171196
36646,1761825180488.0,0adab909-eb8f-4baf-9eed-7a4cc889cb7c,45:62:27:2B:DE:C4,,-80,1761825171196
36647,1761825181215.0,0adab909-eb8f-4baf-9eed-7a4cc889cb7c,71:FC:05:55:B9:DE,,-76,1761825171196
36648,1761825184175.0,0adab909-eb8f-4baf-9eed-7a4cc889cb7c,45:62:27:2B:DE:C4,,-78,1761825171196
36649,1761825184214.0,0adab909-eb8f-4baf-9eed-7a4cc889cb7c,FF:10:10:AE:A7:64,Sunset lights,-80,1761825171196
36650,1761825185345.0,0adab909-eb8f-4baf-9eed-7a4cc889cb7c,71:FC:05:55:B9:DE,,-81,1761825171196
36651,1761825185382.0,0adab909-eb8f-4baf-9eed-7a4cc889cb7c,F9:2E:60:CA:C0:75,,-81,1761825171196
36652,1761825186260.0,0adab909-eb8f-4baf-9eed-7a4cc889cb7c,73:5B:49:CF:20:2D,,-79,1761825171196
36653,1761825754848.0,0adab909-eb8f-4baf-9eed-7a4cc889cb7c,4C:96:8A:ED:6A:01,SPEN NA,-58,1761825754829
36654,1761825754870.0,0adab909-eb8f-4baf-9eed-7a4cc889cb7c,71:FC:05:55:B9:DE,,-72,1761825754829
36655,1761825754887.0,0adab909-eb8f-4baf-9eed-7a4cc889cb7c,FF:10:10:AE:A7:64,Sunset lights,-76,1761825754829
36656,1761825755307.0,0adab909-eb8f-4baf-9eed-7a4cc889cb7c,4C:96:8A:ED:6A:01,SPEN NA,-60,1761825754829
36657,1761825755593.0,0adab909-eb8f-4baf-9eed-7a4cc889cb7c,45:62:27:2B:DE:C4,,-77,1761825754829
36658,1761825755611.0,0adab909-eb8f-4baf-9eed-7a4cc889cb7c,4C:96:8A:ED:6A:01,SPEN NA,-52,1761825754829
36659,1761825755891.0,0adab909-eb8f-4baf-9eed-7a4cc889cb7c,4C:96:8A:ED:6A:01,SPEN NA,-57,1761825754829
36660,1761825756554.0,0adab909-eb8f-4baf-9eed-7a4cc889cb7c,4C:96:8A:ED:6A:01,SPEN NA,127,1761825754829
36661,1761825756839.0,0adab909-eb8f-4baf-9eed-7a4cc889cb7c,4C:96:8A:ED:6A:01,SPEN NA,-55,1761825754829
36662,1761825757197.0,0adab909-eb8f-4baf-9eed-7a4cc889cb7c,4C:96:8A:ED:6A:01,SPEN NA,-56,1761825754829
36663,1761825758449.0,0adab909-eb8f-4baf-9eed-7a4cc889cb7c,4C:96:8A:ED:6A:01,SPEN NA,-51,1761825754829
36664,1761825759087.0,0adab909-eb8f-4baf-9eed-7a4cc889cb7c,4C:96:8A:ED:6A:01,SPEN NA,-48,1761825754829
36665,1761825759701.0,0adab909-eb8f-4baf-9eed-7a4cc889cb7c,4C:96:8A:ED:6A:01,SPEN NA,-60,1761825754829
36666,1761825761674.0,0adab909-eb8f-4baf-9eed-7a4cc889cb7c,73:5B:49:CF:20:2D,,-63,1761825754829
36667,1761825761709.0,0adab909-eb8f-4baf-9eed-7a4cc889cb7c,4C:96:8A:ED:6A:01,SPEN NA,-59,1761825754829
36668,1761825761997.0,0adab909-eb8f-4baf-9eed-7a4cc889cb7c,4C:96:8A:ED:6A:01,SPEN NA,-53,1761825754829
36669,1761825762317.0,0adab909-eb8f-4baf-9eed-7a4cc889cb7c,4C:96:8A:ED:6A:01,SPEN NA,-51,1761825754829
36670,1761825762632.0,0adab909-eb8f-4baf-9eed-7a4cc889cb7c,4C:96:8A:ED:6A:01,SPEN NA,-56,1761825754829
36671,1761825762924.0,0adab909-eb8f-4baf-9eed-7a4cc889cb7c,4C:96:8A:ED:6A:01,SPEN NA,-58,1761825754829
36672,1761825763263.0,0adab909-eb8f-4baf-9eed-7a4cc889cb7c,4C:96:8A:ED:6A:01,SPEN NA,-56,1761825754829
36673,1761825763888.0,0adab909-eb8f-4baf-9eed-7a4cc889cb7c,4C:96:8A:ED:6A:01,SPEN NA,-55,1761825754829
36674,1761825764207.0,0adab909-eb8f-4baf-9eed-7a4cc889cb7c,4C:96:8A:ED:6A:01,SPEN NA,-55,1761825754829
36675,1761825764521.0,0adab909-eb8f-4baf-9eed-7a4cc889cb7c,4C:96:8A:ED:6A:01,SPEN NA,-47,1761825754829
36676,1761825765152.0,0adab909-eb8f-4baf-9eed-7a4cc889cb7c,4C:96:8A:ED:6A:01,SPEN NA,-45,1761825754829
36677,1761825765478.0,0adab909-eb8f-4baf-9eed-7a4cc889cb7c,4C:96:8A:ED:6A:01,SPEN NA,-46,1761825754829
36678,1761825765791.0,0adab909-eb8f-4baf-9eed-7a4cc889cb7c,4C:96:8A:ED:6A:01,SPEN NA,-45,1761825754829
36679,1761825766098.0,0adab909-eb8f-4baf-9eed-7a4cc889cb7c,4C:96:8A:ED:6A:01,SPEN NA,-49,1761825754829
36680,1761825766705.0,0adab909-eb8f-4baf-9eed-7a4cc889cb7c,4C:96:8A:ED:6A:01,SPEN NA,-46,1761825754829
36681,1761825767718.0,0adab909-eb8f-4baf-9eed-7a4cc889cb7c,45:62:27:2B:DE:C4,,-71,1761825754829
36682,1761825767741.0,0adab909-eb8f-4baf-9eed-7a4cc889cb7c,73:5B:49:CF:20:2D,,-67,1761825754829
36683,1761825767771.0,0adab909-eb8f-4baf-9eed-7a4cc889cb7c,4C:96:8A:ED:6A:01,SPEN NA,-49,1761825754829
36684,1761825767787.0,0adab909-eb8f-4baf-9eed-7a4cc889cb7c,FF:10:10:AE:A7:64,Sunset lights,-74,1761825754829
36685,1761825767804.0,0adab909-eb8f-4baf-9eed-7a4cc889cb7c,71:FC:05:55:B9:DE,,-67,1761825754829
36686,1761826372032.0,0adab909-eb8f-4baf-9eed-7a4cc889cb7c,52:FB:DC:26:1E:02,,-77,1761826371536
36687,1761826372341.0,0adab909-eb8f-4baf-9eed-7a4cc889cb7c,FF:10:10:AE:A7:64,Sunset lights,-71,1761826371536
36688,1761826384418.0,0adab909-eb8f-4baf-9eed-7a4cc889cb7c,FF:10:10:AE:A7:64,Sunset lights,-76,1761826371536
36689,1761826384875.0,0adab909-eb8f-4baf-9eed-7a4cc889cb7c,52:FB:DC:26:1E:02,,-72,1761826371536
36690,1761826385191.0,0adab909-eb8f-4baf-9eed-7a4cc889cb7c,3A:2E:BB:F6:3C:59,,-94,1761826371536
36691,1761826971631.0,0adab909-eb8f-4baf-9eed-7a4cc889cb7c,FF:10:10:AE:A7:64,Sunset lights,-84,1761826971547
36692,1761826971678.0,0adab909-eb8f-4baf-9eed-7a4cc889cb7c,48:EA:E5:1F:4E:15,,-80,1761826971547
36693,1761826971700.0,0adab909-eb8f-4baf-9eed-7a4cc889cb7c,50:ED:04:FF:DF:66,,-84,1761826971547
36694,1761826971723.0,0adab909-eb8f-4baf-9eed-7a4cc889cb7c,52:FB:DC:26:1E:02,,-84,1761826971547
36695,1761826984417.0,0adab909-eb8f-4baf-9eed-7a4cc889cb7c,FF:10:10:AE:A7:64,Sunset lights,-82,1761826971547
36696,1761826984604.0,0adab909-eb8f-4baf-9eed-7a4cc889cb7c,52:FB:DC:26:1E:02,,-76,1761826971547
36697,1761826985481.0,0adab909-eb8f-4baf-9eed-7a4cc889cb7c,48:EA:E5:1F:4E:15,,-79,1761826971547
36698,1761827571665.0,0adab909-eb8f-4baf-9eed-7a4cc889cb7c,FF:10:10:AE:A7:64,Sunset lights,-74,1761827571586
36699,1761827572356.0,0adab909-eb8f-4baf-9eed-7a4cc889cb7c,66:B2:5D:03:C8:11,,-78,1761827571586
36700,1761827572380.0,0adab909-eb8f-4baf-9eed-7a4cc889cb7c,7F:B4:07:7A:E3:EF,,-78,1761827571586
36701,1761827574311.0,0adab909-eb8f-4baf-9eed-7a4cc889cb7c,56:AD:B3:33:66:F3,,-80,1761827571586
36702,1761827581298.0,0adab909-eb8f-4baf-9eed-7a4cc889cb7c,53:01:D7:C5:CB:BF,,-95,1761827571586
36703,1761827584479.0,0adab909-eb8f-4baf-9eed-7a4cc889cb7c,56:AD:B3:33:66:F3,,-71,1761827571586
36704,1761827584507.0,0adab909-eb8f-4baf-9eed-7a4cc889cb7c,7F:B4:07:7A:E3:EF,,-70,1761827571586
36705,1761827584545.0,0adab909-eb8f-4baf-9eed-7a4cc889cb7c,D3:96:11:23:23:24,,-73,1761827571586
36706,1761827584567.0,0adab909-eb8f-4baf-9eed-7a4cc889cb7c,FF:10:10:AE:A7:64,Sunset lights,-84,1761827571586
36707,1761827584638.0,0adab909-eb8f-4baf-9eed-7a4cc889cb7c,66:B2:5D:03:C8:11,,-73,1761827571586
36708,1761827585653.0,0adab909-eb8f-4baf-9eed-7a4cc889cb7c,33:56:FD:1A:35:E8,,-89,1761827571586
36709,1761828143113.0,0adab909-eb8f-4baf-9eed-7a4cc889cb7c,66:B2:5D:03:C8:11,,-76,1761828143083
36710,1761828143628.0,0adab909-eb8f-4baf-9eed-7a4cc889cb7c,54:E9:7F:1E:F5:88,,-91,1761828143083
36711,1761828145766.0,0adab909-eb8f-4baf-9eed-7a4cc889cb7c,FF:10:10:AE:A7:64,Sunset lights,-82,1761828143083
36712,1761828146640.0,0adab909-eb8f-4baf-9eed-7a4cc889cb7c,56:AD:B3:33:66:F3,,-79,1761828143083
36713,1761828152153.0,0adab909-eb8f-4baf-9eed-7a4cc889cb7c,7F:B4:07:7A:E3:EF,,-76,1761828143083
36714,1761828156250.0,0adab909-eb8f-4baf-9eed-7a4cc889cb7c,66:B2:5D:03:C8:11,,-86,1761828143083
36715,1761828156282.0,0adab909-eb8f-4baf-9eed-7a4cc889cb7c,56:AD:B3:33:66:F3,,-86,1761828143083
36716,1761828156523.0,0adab909-eb8f-4baf-9eed-7a4cc889cb7c,7F:B4:07:7A:E3:EF,,-88,1761828143083
36717,1761828157616.0,0adab909-eb8f-4baf-9eed-7a4cc889cb7c,FF:10:10:AE:A7:64,Sunset lights,-71,1761828143083
36718,1761828743167.0,0adab909-eb8f-4baf-9eed-7a4cc889cb7c,4A:10:BD:D3:CD:78,,-78,1761828743096
36719,1761828743490.0,0adab909-eb8f-4baf-9eed-7a4cc889cb7c,66:C2:15:4B:32:C2,,-73,1761828743096
36720,1761828743518.0,0adab909-eb8f-4baf-9eed-7a4cc889cb7c,FF:10:10:AE:A7:64,Sunset lights,-79,1761828743096
36721,1761828744206.0,0adab909-eb8f-4baf-9eed-7a4cc889cb7c,63:50:50:ED:19:75,,-72,1761828743096
36722,1761828752185.0,0adab909-eb8f-4baf-9eed-7a4cc889cb7c,7A:27:0F:DA:3F:F0,,-93,1761828743096
36723,1761828755036.0,0adab909-eb8f-4baf-9eed-7a4cc889cb7c,4F:70:27:58:1C:67,,-90,1761828743096
36724,1761829322242.0,0adab909-eb8f-4baf-9eed-7a4cc889cb7c,68:EF:BA:8E:0A:FC,,-75,1761829321849
36725,1761829322567.0,0adab909-eb8f-4baf-9eed-7a4cc889cb7c,FF:10:10:AE:A7:64,Sunset lights,-85,1761829321849
36726,1761829322951.0,0adab909-eb8f-4baf-9eed-7a4cc889cb7c,6E:82:E6:38:52:EC,,-75,1761829321849
36727,1761829323231.0,0adab909-eb8f-4baf-9eed-7a4cc889cb7c,6E:02:FB:9B:A4:AF,,-89,1761829321849
36728,1761829325142.0,0adab909-eb8f-4baf-9eed-7a4cc889cb7c,54:42:38:B2:CE:22,,-94,1761829321849
36729,1761829325181.0,0adab909-eb8f-4baf-9eed-7a4cc889cb7c,49:B8:D3:1F:18:86,,-71,1761829321849
36730,1761829970927.0,0adab909-eb8f-4baf-9eed-7a4cc889cb7c,FF:10:10:AE:A7:64,Sunset lights,-78,1761829970854
36731,1761829970957.0,0adab909-eb8f-4baf-9eed-7a4cc889cb7c,73:7E:48:BA:C4:E6,,127,1761829970854
36732,1761829972085.0,0adab909-eb8f-4baf-9eed-7a4cc889cb7c,74:5E:1C:D5:DE:5B,,-100,1761829970854
36733,1761829972201.0,0adab909-eb8f-4baf-9eed-7a4cc889cb7c,66:E9:05:C8:D4:E0,,-88,1761829970854
36734,1761829972232.0,0adab909-eb8f-4baf-9eed-7a4cc889cb7c,76:37:97:15:CE:A3,,-73,1761829970854
36735,1761829972536.0,0adab909-eb8f-4baf-9eed-7a4cc889cb7c,72:3A:00:F8:5B:18,,-80,1761829970854
36736,1761829981519.0,0adab909-eb8f-4baf-9eed-7a4cc889cb7c,4F:C5:0B:5D:AC:DC,,-91,1761829970854
36737,1761829982151.0,0adab909-eb8f-4baf-9eed-7a4cc889cb7c,6D:07:17:9C:A5:0E,,-88,1761829970854
36738,1761830571227.0,0adab909-eb8f-4baf-9eed-7a4cc889cb7c,72:3A:00:F8:5B:18,,-76,1761830570843
36739,1761830571255.0,0adab909-eb8f-4baf-9eed-7a4cc889cb7c,FF:10:10:AE:A7:64,Sunset lights,-80,1761830570843
36740,1761830571302.0,0adab909-eb8f-4baf-9eed-7a4cc889cb7c,73:7E:48:BA:C4:E6,,-77,1761830570843
36741,1761830571893.0,0adab909-eb8f-4baf-9eed-7a4cc889cb7c,76:37:97:15:CE:A3,,-73,1761830570843
36742,1761830571911.0,0adab909-eb8f-4baf-9eed-7a4cc889cb7c,5E:60:BE:46:8B:F0,,-88,1761830570843
36743,1761830575123.0,0adab909-eb8f-4baf-9eed-7a4cc889cb7c,77:9D:DA:C5:7C:4F,,-89,1761830570843
36744,1761830576360.0,0adab909-eb8f-4baf-9eed-7a4cc889cb7c,5F:A9:51:A4:FB:D0,,-90,1761830570843
36745,1761831170906.0,0adab909-eb8f-4baf-9eed-7a4cc889cb7c,71:97:58:3F:B4:2F,,-79,1761831170854
36746,1761831170983.0,0adab909-eb8f-4baf-9eed-7a4cc889cb7c,FF:10:10:AE:A7:64,Sunset lights,-77,1761831170854
36747,1761831171020.0,0adab909-eb8f-4baf-9eed-7a4cc889cb7c,61:9C:47:42:81:06,,-79,1761831170854
36748,1761831171335.0,0adab909-eb8f-4baf-9eed-7a4cc889cb7c,77:4A:AB:16:6C:6B,,-91,1761831170854
36749,1761831174437.0,0adab909-eb8f-4baf-9eed-7a4cc889cb7c,60:2C:47:47:DB:62,,-72,1761831170854
36750,1761831772094.0,0adab909-eb8f-4baf-9eed-7a4cc889cb7c,66:78:BD:1F:74:DC,,127,1761831771944
36751,1761831772434.0,0adab909-eb8f-4baf-9eed-7a4cc889cb7c,FF:10:10:AE:A7:64,Sunset lights,-82,1761831771944
36752,1761831773021.0,0adab909-eb8f-4baf-9eed-7a4cc889cb7c,55:A0:C5:38:90:D2,,-70,1761831771944
36753,1761831773046.0,0adab909-eb8f-4baf-9eed-7a4cc889cb7c,73:5E:87:83:D1:B0,,-71,1761831771944
36754,1761832372018.0,0adab909-eb8f-4baf-9eed-7a4cc889cb7c,66:78:BD:1F:74:DC,,127,1761832371943
36755,1761832372071.0,0adab909-eb8f-4baf-9eed-7a4cc889cb7c,FF:10:10:AE:A7:64,Sunset lights,-78,1761832371943
36756,1761832373690.0,0adab909-eb8f-4baf-9eed-7a4cc889cb7c,73:5E:87:83:D1:B0,,-69,1761832371943
36757,1761832373995.0,0adab909-eb8f-4baf-9eed-7a4cc889cb7c,55:A0:C5:38:90:D2,,-76,1761832371943
36758,1761832374320.0,0adab909-eb8f-4baf-9eed-7a4cc889cb7c,6C:41:86:1E:94:7E,,-94,1761832371943
36759,1761832376194.0,0adab909-eb8f-4baf-9eed-7a4cc889cb7c,50:98:A2:D5:82:99,,-92,1761832371943
36760,1761832379098.0,0adab909-eb8f-4baf-9eed-7a4cc889cb7c,49:B8:DE:09:60:86,,-95,1761832371943
36761,1761832971979.0,0adab909-eb8f-4baf-9eed-7a4cc889cb7c,4E:FC:20:2A:D2:48,,-83,1761832971967
36762,1761832972022.0,0adab909-eb8f-4baf-9eed-7a4cc889cb7c,FF:10:10:AE:A7:64,Sunset lights,-81,1761832971967
36763,1761832972060.0,0adab909-eb8f-4baf-9eed-7a4cc889cb7c,4C:96:8A:ED:6A:01,SPEN NA,-60,1761832971967
36764,1761832972361.0,0adab909-eb8f-4baf-9eed-7a4cc889cb7c,4C:96:8A:ED:6A:01,SPEN NA,127,1761832971967
36765,1761832972676.0,0adab909-eb8f-4baf-9eed-7a4cc889cb7c,4C:96:8A:ED:6A:01,SPEN NA,-53,1761832971967
36766,1761832972698.0,0adab909-eb8f-4baf-9eed-7a4cc889cb7c,5C:0E:AC:E2:BE:02,,-80,1761832971967
36767,1761832972979.0,0adab909-eb8f-4baf-9eed-7a4cc889cb7c,4C:96:8A:ED:6A:01,SPEN NA,-55,1761832971967
36768,1761832973624.0,0adab909-eb8f-4baf-9eed-7a4cc889cb7c,4C:96:8A:ED:6A:01,SPEN NA,-52,1761832971967
36769,1761832973925.0,0adab909-eb8f-4baf-9eed-7a4cc889cb7c,4C:96:8A:ED:6A:01,SPEN NA,-55,1761832971967
36770,1761832974278.0,0adab909-eb8f-4baf-9eed-7a4cc889cb7c,4C:96:8A:ED:6A:01,SPEN NA,-51,1761832971967
36771,1761832974301.0,0adab909-eb8f-4baf-9eed-7a4cc889cb7c,48:63:B9:87:25:4B,,-87,1761832971967
36772,1761832974900.0,0adab909-eb8f-4baf-9eed-7a4cc889cb7c,4C:96:8A:ED:6A:01,SPEN NA,-56,1761832971967
36773,1761832975299.0,0adab909-eb8f-4baf-9eed-7a4cc889cb7c,4C:96:8A:ED:6A:01,SPEN NA,-53,1761832971967
36774,1761832975506.0,0adab909-eb8f-4baf-9eed-7a4cc889cb7c,4C:96:8A:ED:6A:01,SPEN NA,-54,1761832971967
36775,1761832976247.0,0adab909-eb8f-4baf-9eed-7a4cc889cb7c,4C:96:8A:ED:6A:01,SPEN NA,-51,1761832971967
36776,1761832976551.0,0adab909-eb8f-4baf-9eed-7a4cc889cb7c,4C:96:8A:ED:6A:01,SPEN NA,-53,1761832971967
36777,1761832976859.0,0adab909-eb8f-4baf-9eed-7a4cc889cb7c,4C:96:8A:ED:6A:01,SPEN NA,-54,1761832971967
36778,1761832977214.0,0adab909-eb8f-4baf-9eed-7a4cc889cb7c,4C:96:8A:ED:6A:01,SPEN NA,-51,1761832971967
36779,1761832977531.0,0adab909-eb8f-4baf-9eed-7a4cc889cb7c,4C:96:8A:ED:6A:01,SPEN NA,-53,1761832971967
36780,1761832977825.0,0adab909-eb8f-4baf-9eed-7a4cc889cb7c,4C:96:8A:ED:6A:01,SPEN NA,-54,1761832971967
36781,1761832978761.0,0adab909-eb8f-4baf-9eed-7a4cc889cb7c,4C:96:8A:ED:6A:01,SPEN NA,-54,1761832971967
36782,1761832979128.0,0adab909-eb8f-4baf-9eed-7a4cc889cb7c,4C:96:8A:ED:6A:01,SPEN NA,-52,1761832971967
36783,1761832979418.0,0adab909-eb8f-4baf-9eed-7a4cc889cb7c,4C:96:8A:ED:6A:01,SPEN NA,-52,1761832971967
36784,1761832980048.0,0adab909-eb8f-4baf-9eed-7a4cc889cb7c,4C:96:8A:ED:6A:01,SPEN NA,-51,1761832971967
36785,1761832980794.0,0adab909-eb8f-4baf-9eed-7a4cc889cb7c,4C:96:8A:ED:6A:01,SPEN NA,-52,1761832971967
36786,1761832980880.0,0adab909-eb8f-4baf-9eed-7a4cc889cb7c,4C:96:8A:ED:6A:01,SPEN NA,-53,1761832971967
36787,1761832981770.0,0adab909-eb8f-4baf-9eed-7a4cc889cb7c,4C:96:8A:ED:6A:01,SPEN NA,-54,1761832971967
36788,1761832982504.0,0adab909-eb8f-4baf-9eed-7a4cc889cb7c,4C:96:8A:ED:6A:01,SPEN NA,-53,1761832971967
36789,1761832982745.0,0adab909-eb8f-4baf-9eed-7a4cc889cb7c,4C:96:8A:ED:6A:01,SPEN NA,-54,1761832971967
36790,1761832982950.0,0adab909-eb8f-4baf-9eed-7a4cc889cb7c,4C:96:8A:ED:6A:01,SPEN NA,-51,1761832971967
36791,1761832983894.0,0adab909-eb8f-4baf-9eed-7a4cc889cb7c,72:6C:ED:3D:9F:87,,-89,1761832971967
36792,1761832983925.0,0adab909-eb8f-4baf-9eed-7a4cc889cb7c,4C:96:8A:ED:6A:01,SPEN NA,-50,1761832971967
36793,1761832984274.0,0adab909-eb8f-4baf-9eed-7a4cc889cb7c,4C:96:8A:ED:6A:01,SPEN NA,-52,1761832971967
36794,1761832984506.0,0adab909-eb8f-4baf-9eed-7a4cc889cb7c,63:CF:75:FC:8D:A9,,-88,1761832971967
36795,1761832984556.0,0adab909-eb8f-4baf-9eed-7a4cc889cb7c,4C:96:8A:ED:6A:01,SPEN NA,-54,1761832971967
36796,1761832984859.0,0adab909-eb8f-4baf-9eed-7a4cc889cb7c,4C:96:8A:ED:6A:01,SPEN NA,-54,1761832971967
36797,1761832984971.0,0adab909-eb8f-4baf-9eed-7a4cc889cb7c,DA:29:83:35:29:F0,,-88,1761832971967
36798,1761832985007.0,0adab909-eb8f-4baf-9eed-7a4cc889cb7c,5C:0E:AC:E2:BE:02,,-79,1761832971967
36799,1761832985038.0,0adab909-eb8f-4baf-9eed-7a4cc889cb7c,48:63:B9:87:25:4B,,-80,1761832971967
36800,1761832985897.0,0adab909-eb8f-4baf-9eed-7a4cc889cb7c,31:78:11:40:12:7A,,-94,1761832971967
36801,1761832986008.0,0adab909-eb8f-4baf-9eed-7a4cc889cb7c,4E:FC:20:2A:D2:48,,-87,1761832971967
36802,1761832987040.0,0adab909-eb8f-4baf-9eed-7a4cc889cb7c,0E:2A:1D:9B:BD:7E,,-91,1761832971967
36803,1761833570793.0,0adab909-eb8f-4baf-9eed-7a4cc889cb7c,FF:10:10:AE:A7:64,Sunset lights,-79,1761833570767
36804,1761833571129.0,0adab909-eb8f-4baf-9eed-7a4cc889cb7c,5C:9A:2C:28:0F:0A,,-91,1761833570767
36805,1761833571207.0,0adab909-eb8f-4baf-9eed-7a4cc889cb7c,73:6D:6B:BB:7F:F4,,-88,1761833570767
36806,1761833574376.0,0adab909-eb8f-4baf-9eed-7a4cc889cb7c,5C:B1:B8:E7:16:69,,-75,1761833570767
36807,1761833583661.0,0adab909-eb8f-4baf-9eed-7a4cc889cb7c,2F:58:60:01:2C:2F,,-84,1761833570767
36808,1761833583690.0,0adab909-eb8f-4baf-9eed-7a4cc889cb7c,FF:10:10:AE:A7:64,Sunset lights,-73,1761833570767
36809,1761833583771.0,0adab909-eb8f-4baf-9eed-7a4cc889cb7c,EC:FE:7E:1C:40:B6,RaceChip GTS,-88,1761833570767
36810,1761833584786.0,0adab909-eb8f-4baf-9eed-7a4cc889cb7c,5C:9A:2C:28:0F:0A,,-82,1761833570767
36811,1761833585624.0,0adab909-eb8f-4baf-9eed-7a4cc889cb7c,E8:1B:B8:8A:F9:DD,,-75,1761833570767
36812,1761833585654.0,0adab909-eb8f-4baf-9eed-7a4cc889cb7c,2D:F0:49:69:56:67,,-88,1761833570767
36813,1761833585670.0,0adab909-eb8f-4baf-9eed-7a4cc889cb7c,5C:B1:B8:E7:16:69,,-76,1761833570767
36814,1761833586613.0,0adab909-eb8f-4baf-9eed-7a4cc889cb7c,FF:10:10:AE:A7:64,Sunset lights,-73,1761833570767
36815,1761834171216.0,0adab909-eb8f-4baf-9eed-7a4cc889cb7c,FF:10:10:AE:A7:64,Sunset lights,-77,1761834170792
36816,1761834173112.0,0adab909-eb8f-4baf-9eed-7a4cc889cb7c,6F:05:36:72:A0:81,MA IPHONE,-86,1761834170792
36817,1761834174096.0,0adab909-eb8f-4baf-9eed-7a4cc889cb7c,43:45:ED:A5:8E:C6,,-70,1761834170792
36818,1761834174118.0,0adab909-eb8f-4baf-9eed-7a4cc889cb7c,5A:84:89:85:F9:52,,-70,1761834170792
36819,1761834174372.0,0adab909-eb8f-4baf-9eed-7a4cc889cb7c,7D:A7:F3:54:52:93,,-77,1761834170792
36820,1761834183640.0,0adab909-eb8f-4baf-9eed-7a4cc889cb7c,7D:A7:F3:54:52:93,,-77,1761834170792
36821,1761834183693.0,0adab909-eb8f-4baf-9eed-7a4cc889cb7c,27:C4:B3:69:6B:9C,,-80,1761834170792
36822,1761834184644.0,0adab909-eb8f-4baf-9eed-7a4cc889cb7c,DF:2C:BF:35:0A:63,,-71,1761834170792
36823,1761834186613.0,0adab909-eb8f-4baf-9eed-7a4cc889cb7c,1D:F1:81:17:8C:E4,,-93,1761834170792
36824,1761834659682.0,0adab909-eb8f-4baf-9eed-7a4cc889cb7c,FF:10:10:AE:A7:64,Sunset lights,-72,1761834658640
36825,1761834660023.0,0adab909-eb8f-4baf-9eed-7a4cc889cb7c,41:E1:EF:FA:53:67,,-87,1761834658640
36826,1761834670885.0,0adab909-eb8f-4baf-9eed-7a4cc889cb7c,C7:C7:28:B6:2F:F0,BLE_Garmin Drive #34614,-83,1761834658640
36827,1761834671513.0,0adab909-eb8f-4baf-9eed-7a4cc889cb7c,2D:5D:04:E6:84:D5,,-83,1761834658640
36828,1761834671547.0,0adab909-eb8f-4baf-9eed-7a4cc889cb7c,FF:10:10:AE:A7:64,Sunset lights,-73,1761834658640
36829,1761835373979.0,0adab909-eb8f-4baf-9eed-7a4cc889cb7c,FF:10:10:AE:A7:64,Sunset lights,-75,1761835371648
36830,1761835973981.0,0adab909-eb8f-4baf-9eed-7a4cc889cb7c,FF:10:10:AE:A7:64,Sunset lights,-73,1761835971655
36831,1761835985601.0,0adab909-eb8f-4baf-9eed-7a4cc889cb7c,DF:2C:BF:35:0A:63,,-82,1761835971655
36832,1761835985669.0,0adab909-eb8f-4baf-9eed-7a4cc889cb7c,FF:10:10:AE:A7:64,Sunset lights,-84,1761835971655
36833,1761836572025.0,0adab909-eb8f-4baf-9eed-7a4cc889cb7c,FF:10:10:AE:A7:64,Sunset lights,-92,1761836571658
36834,1761836572064.0,0adab909-eb8f-4baf-9eed-7a4cc889cb7c,4C:96:8A:ED:6A:01,SPEN NA,-68,1761836571658
36835,1761836572396.0,0adab909-eb8f-4baf-9eed-7a4cc889cb7c,4C:96:8A:ED:6A:01,SPEN NA,-67,1761836571658
36836,1761836572713.0,0adab909-eb8f-4baf-9eed-7a4cc889cb7c,4C:96:8A:ED:6A:01,SPEN NA,-65,1761836571658
36837,1761836573035.0,0adab909-eb8f-4baf-9eed-7a4cc889cb7c,4C:96:8A:ED:6A:01,SPEN NA,-62,1761836571658
36838,1761836573337.0,0adab909-eb8f-4baf-9eed-7a4cc889cb7c,4C:96:8A:ED:6A:01,SPEN NA,-63,1761836571658
36839,1761836573970.0,0adab909-eb8f-4baf-9eed-7a4cc889cb7c,4C:96:8A:ED:6A:01,SPEN NA,-61,1761836571658
36840,1761836574283.0,0adab909-eb8f-4baf-9eed-7a4cc889cb7c,4C:96:8A:ED:6A:01,SPEN NA,-62,1761836571658
36841,1761836574591.0,0adab909-eb8f-4baf-9eed-7a4cc889cb7c,4C:96:8A:ED:6A:01,SPEN NA,-61,1761836571658
36842,1761836574929.0,0adab909-eb8f-4baf-9eed-7a4cc889cb7c,4C:96:8A:ED:6A:01,SPEN NA,-61,1761836571658
36843,1761836575556.0,0adab909-eb8f-4baf-9eed-7a4cc889cb7c,4C:96:8A:ED:6A:01,SPEN NA,-61,1761836571658
36844,1761836575864.0,0adab909-eb8f-4baf-9eed-7a4cc889cb7c,4C:96:8A:ED:6A:01,SPEN NA,-60,1761836571658
36845,1761836576186.0,0adab909-eb8f-4baf-9eed-7a4cc889cb7c,4C:96:8A:ED:6A:01,SPEN NA,-63,1761836571658
36846,1761836576571.0,0adab909-eb8f-4baf-9eed-7a4cc889cb7c,4C:96:8A:ED:6A:01,SPEN NA,-59,1761836571658
36847,1761836576902.0,0adab909-eb8f-4baf-9eed-7a4cc889cb7c,4C:96:8A:ED:6A:01,SPEN NA,-64,1761836571658
36848,1761836577224.0,0adab909-eb8f-4baf-9eed-7a4cc889cb7c,4C:96:8A:ED:6A:01,SPEN NA,-69,1761836571658
36849,1761836577530.0,0adab909-eb8f-4baf-9eed-7a4cc889cb7c,4C:96:8A:ED:6A:01,SPEN NA,-67,1761836571658
36850,1761836577865.0,0adab909-eb8f-4baf-9eed-7a4cc889cb7c,4C:96:8A:ED:6A:01,SPEN NA,-64,1761836571658
36851,1761836578501.0,0adab909-eb8f-4baf-9eed-7a4cc889cb7c,4C:96:8A:ED:6A:01,SPEN NA,-59,1761836571658
36852,1761836578772.0,0adab909-eb8f-4baf-9eed-7a4cc889cb7c,7F:0A:80:FD:D2:52,,-92,1761836571658
36853,1761836578795.0,0adab909-eb8f-4baf-9eed-7a4cc889cb7c,4C:96:8A:ED:6A:01,SPEN NA,-60,1761836571658
36854,1761836579750.0,0adab909-eb8f-4baf-9eed-7a4cc889cb7c,4C:96:8A:ED:6A:01,SPEN NA,-67,1761836571658
36855,1761836580072.0,0adab909-eb8f-4baf-9eed-7a4cc889cb7c,4C:96:8A:ED:6A:01,SPEN NA,-64,1761836571658
36856,1761836580373.0,0adab909-eb8f-4baf-9eed-7a4cc889cb7c,4C:96:8A:ED:6A:01,SPEN NA,-66,1761836571658
36857,1761836580681.0,0adab909-eb8f-4baf-9eed-7a4cc889cb7c,4C:96:8A:ED:6A:01,SPEN NA,-64,1761836571658
36858,1761836581014.0,0adab909-eb8f-4baf-9eed-7a4cc889cb7c,4C:96:8A:ED:6A:01,SPEN NA,-68,1761836571658
36859,1761836582276.0,0adab909-eb8f-4baf-9eed-7a4cc889cb7c,4C:96:8A:ED:6A:01,SPEN NA,-63,1761836571658
36860,1761836583019.0,0adab909-eb8f-4baf-9eed-7a4cc889cb7c,4C:96:8A:ED:6A:01,SPEN NA,-67,1761836571658
36861,1761836583635.0,0adab909-eb8f-4baf-9eed-7a4cc889cb7c,4C:96:8A:ED:6A:01,SPEN NA,-67,1761836571658
36862,1761836584566.0,0adab909-eb8f-4baf-9eed-7a4cc889cb7c,4C:96:8A:ED:6A:01,SPEN NA,-59,1761836571658
36863,1761836584646.0,0adab909-eb8f-4baf-9eed-7a4cc889cb7c,3E:D3:AA:DE:FA:47,,-91,1761836571658
36864,1761836585670.0,0adab909-eb8f-4baf-9eed-7a4cc889cb7c,DF:2C:BF:35:0A:63,,-80,1761836571658
36865,1761836585698.0,0adab909-eb8f-4baf-9eed-7a4cc889cb7c,FF:10:10:AE:A7:64,Sunset lights,-87,1761836571658
36866,1761837171850.0,0adab909-eb8f-4baf-9eed-7a4cc889cb7c,5E:F0:D7:05:89:DB,,-76,1761837170813
36867,1761837171874.0,0adab909-eb8f-4baf-9eed-7a4cc889cb7c,FF:10:10:AE:A7:64,Sunset lights,-85,1761837170813
36868,1761837171889.0,0adab909-eb8f-4baf-9eed-7a4cc889cb7c,41:B8:0D:6E:F1:41,,-75,1761837170813
36869,1761837177876.0,0adab909-eb8f-4baf-9eed-7a4cc889cb7c,E2:CF:4A:02:7A:B7,CAR-BT-7ab7,-97,1761837170813
36870,1761837179579.0,0adab909-eb8f-4baf-9eed-7a4cc889cb7c,7A:AE:FF:94:98:B8,,-90,1761837170813
36871,1761837182767.0,0adab909-eb8f-4baf-9eed-7a4cc889cb7c,5B:64:35:AE:51:43,,-93,1761837170813
36872,1761837770915.0,0adab909-eb8f-4baf-9eed-7a4cc889cb7c,6F:79:CE:0D:2B:28,,-83,1761837770779
36873,1761837771278.0,0adab909-eb8f-4baf-9eed-7a4cc889cb7c,75:B9:81:25:A7:7E,,-85,1761837770779
36874,1761837771806.0,0adab909-eb8f-4baf-9eed-7a4cc889cb7c,55:24:EA:20:B3:C3,,-79,1761837770779
36875,1761837772138.0,0adab909-eb8f-4baf-9eed-7a4cc889cb7c,FF:10:10:AE:A7:64,Sunset lights,-75,1761837770779
36876,1761837773751.0,0adab909-eb8f-4baf-9eed-7a4cc889cb7c,5F:54:E6:EA:50:D8,,-80,1761837770779
36877,1761837776698.0,0adab909-eb8f-4baf-9eed-7a4cc889cb7c,67:E3:64:DA:B3:93,,-83,1761837770779
36878,1761837779515.0,0adab909-eb8f-4baf-9eed-7a4cc889cb7c,7B:7F:DA:5A:77:7F,,-92,1761837770779
36879,1761837779830.0,0adab909-eb8f-4baf-9eed-7a4cc889cb7c,42:48:DC:2B:E2:50,,-85,1761837770779
36880,1761838370910.0,0adab909-eb8f-4baf-9eed-7a4cc889cb7c,FF:10:10:AE:A7:64,Sunset lights,-81,1761838370816
36881,1761838371251.0,0adab909-eb8f-4baf-9eed-7a4cc889cb7c,69:14:35:B8:E0:CF,,-82,1761838370816
36882,1761838371272.0,0adab909-eb8f-4baf-9eed-7a4cc889cb7c,6F:79:CE:0D:2B:28,,-77,1761838370816
36883,1761838372854.0,0adab909-eb8f-4baf-9eed-7a4cc889cb7c,55:24:EA:20:B3:C3,,-78,1761838370816
36884,1761838381802.0,0adab909-eb8f-4baf-9eed-7a4cc889cb7c,62:43:19:FD:63:83,,-91,1761838370816
36885,1761838818800.0,0adab909-eb8f-4baf-9eed-7a4cc889cb7c,FF:10:10:AE:A7:64,Sunset lights,-81,1761838818723
36886,1761838818871.0,0adab909-eb8f-4baf-9eed-7a4cc889cb7c,69:14:35:B8:E0:CF,,-90,1761838818723
36887,1761838819498.0,0adab909-eb8f-4baf-9eed-7a4cc889cb7c,6D:D6:A0:4E:B2:FD,,-81,1761838818723
36888,1761838821697.0,0adab909-eb8f-4baf-9eed-7a4cc889cb7c,6F:79:CE:0D:2B:28,,-85,1761838818723
36889,1761838828734.0,0adab909-eb8f-4baf-9eed-7a4cc889cb7c,5A:7E:B5:AA:60:48,,-86,1761838818723
36890,1761838831671.0,0adab909-eb8f-4baf-9eed-7a4cc889cb7c,02:96:F0:49:BD:9A,,-88,1761838818723
36891,1761838831701.0,0adab909-eb8f-4baf-9eed-7a4cc889cb7c,FF:10:10:AE:A7:64,Sunset lights,-78,1761838818723
36892,1761838831716.0,0adab909-eb8f-4baf-9eed-7a4cc889cb7c,4F:1E:F3:F8:45:B1,,-91,1761838818723
36893,1761838831729.0,0adab909-eb8f-4baf-9eed-7a4cc889cb7c,5A:7E:B5:AA:60:48,,-89,1761838818723
36894,1761838832621.0,0adab909-eb8f-4baf-9eed-7a4cc889cb7c,69:14:35:B8:E0:CF,,-85,1761838818723
36895,1761838832713.0,0adab909-eb8f-4baf-9eed-7a4cc889cb7c,6D:D6:A0:4E:B2:FD,,-74,1761838818723
36896,1761839570837.0,0adab909-eb8f-4baf-9eed-7a4cc889cb7c,FF:10:10:AE:A7:64,Sunset lights,-76,1761839570721
36897,1761839572712.0,0adab909-eb8f-4baf-9eed-7a4cc889cb7c,7B:D5:5A:7A:29:56,,-92,1761839570721
36898,1761839574652.0,0adab909-eb8f-4baf-9eed-7a4cc889cb7c,07:A3:A4:AD:50:0C,,-90,1761839570721
36899,1761840170826.0,0adab909-eb8f-4baf-9eed-7a4cc889cb7c,60:74:F4:73:96:CD,ihoment_H601B_96CD,-82,1761840170715
36900,1761840170847.0,0adab909-eb8f-4baf-9eed-7a4cc889cb7c,FF:10:10:AE:A7:64,Sunset lights,-75,1761840170715
36901,1761840170888.0,0adab909-eb8f-4baf-9eed-7a4cc889cb7c,64:97:D1:1F:2C:C9,,-77,1761840170715
36902,1761840171759.0,0adab909-eb8f-4baf-9eed-7a4cc889cb7c,60:74:F4:75:21:D5,ihoment_H601B_21D5,-84,1761840170715
36903,1761840172073.0,0adab909-eb8f-4baf-9eed-7a4cc889cb7c,6E:89:C4:9B:6F:DD,,-69,1761840170715
36904,1761840172384.0,0adab909-eb8f-4baf-9eed-7a4cc889cb7c,7B:D5:5A:7A:29:56,,-83,1761840170715
36905,1761840173998.0,0adab909-eb8f-4baf-9eed-7a4cc889cb7c,73:DA:E5:EB:67:46,,-69,1761840170715
36906,1761840771532.0,0adab909-eb8f-4baf-9eed-7a4cc889cb7c,FF:10:10:AE:A7:64,Sunset lights,-76,1761840771473
36907,1761840771855.0,0adab909-eb8f-4baf-9eed-7a4cc889cb7c,64:97:D1:1F:2C:C9,,-72,1761840771473
36908,1761840772831.0,0adab909-eb8f-4baf-9eed-7a4cc889cb7c,73:DA:E5:EB:67:46,,-67,1761840771473
36909,1761840772847.0,0adab909-eb8f-4baf-9eed-7a4cc889cb7c,55:3A:9D:22:C8:F0,,-93,1761840771473
36910,1761840774483.0,0adab909-eb8f-4baf-9eed-7a4cc889cb7c,6E:89:C4:9B:6F:DD,,-77,1761840771473
36911,1761840776026.0,0adab909-eb8f-4baf-9eed-7a4cc889cb7c,7B:D5:5A:7A:29:56,,-85,1761840771473
36912,1761841371819.0,0adab909-eb8f-4baf-9eed-7a4cc889cb7c,FF:10:10:AE:A7:64,Sunset lights,-81,1761841371428
36913,1761841372204.0,0adab909-eb8f-4baf-9eed-7a4cc889cb7c,44:22:BB:D6:E4:77,,-84,1761841371428
36914,1761841373092.0,0adab909-eb8f-4baf-9eed-7a4cc889cb7c,49:02:0E:9A:AA:2F,,-77,1761841371428
36915,1761841373413.0,0adab909-eb8f-4baf-9eed-7a4cc889cb7c,76:37:F5:6B:8B:B4,,-76,1761841371428
36916,1761841373813.0,0adab909-eb8f-4baf-9eed-7a4cc889cb7c,50:12:01:55:FF:4E,,-89,1761841371428
36917,1761841384495.0,0adab909-eb8f-4baf-9eed-7a4cc889cb7c,3B:0D:0F:60:77:A5,,-88,1761841371428
36918,1761841384676.0,0adab909-eb8f-4baf-9eed-7a4cc889cb7c,FF:10:10:AE:A7:64,Sunset lights,-70,1761841371428
36919,1761841384709.0,0adab909-eb8f-4baf-9eed-7a4cc889cb7c,EB:33:76:E1:41:26,,-91,1761841371428
36920,1761841384740.0,0adab909-eb8f-4baf-9eed-7a4cc889cb7c,44:22:BB:D6:E4:77,,-73,1761841371428
36921,1761841384968.0,0adab909-eb8f-4baf-9eed-7a4cc889cb7c,76:37:F5:6B:8B:B4,,-83,1761841371428
36922,1761841385090.0,0adab909-eb8f-4baf-9eed-7a4cc889cb7c,DD:58:BE:D7:E8:CD,,-79,1761841371428
36923,1761841385278.0,0adab909-eb8f-4baf-9eed-7a4cc889cb7c,49:02:0E:9A:AA:2F,,-85,1761841371428
36924,1761841385395.0,0adab909-eb8f-4baf-9eed-7a4cc889cb7c,50:12:01:55:FF:4E,,-78,1761841371428
36925,1761841385430.0,0adab909-eb8f-4baf-9eed-7a4cc889cb7c,55:3A:9D:22:C8:F0,,-87,1761841371428
36926,1761841385542.0,0adab909-eb8f-4baf-9eed-7a4cc889cb7c,24:E1:A6:F7:9A:E3,,-79,1761841371428
36927,1761841869248.0,0adab909-eb8f-4baf-9eed-7a4cc889cb7c,FF:10:10:AE:A7:64,Sunset lights,-72,1761841868820
36928,1761841869567.0,0adab909-eb8f-4baf-9eed-7a4cc889cb7c,5F:CA:B3:7C:7C:E0,,-73,1761841868820
36929,1761841870199.0,0adab909-eb8f-4baf-9eed-7a4cc889cb7c,77:2B:CC:AA:D1:B6,,-70,1761841868820
36930,1761841870509.0,0adab909-eb8f-4baf-9eed-7a4cc889cb7c,50:12:01:55:FF:4E,,-88,1761841868820
36931,1761841870777.0,0adab909-eb8f-4baf-9eed-7a4cc889cb7c,6C:30:11:49:1F:42,,-90,1761841868820
36932,1761841871830.0,0adab909-eb8f-4baf-9eed-7a4cc889cb7c,7C:5A:2F:13:3A:33,,-71,1761841868820
36933,1761841881723.0,0adab909-eb8f-4baf-9eed-7a4cc889cb7c,7C:5A:2F:13:3A:33,,-73,1761841868820
36934,1761841881762.0,0adab909-eb8f-4baf-9eed-7a4cc889cb7c,77:2B:CC:AA:D1:B6,,-73,1761841868820
36935,1761841881843.0,0adab909-eb8f-4baf-9eed-7a4cc889cb7c,FF:10:10:AE:A7:64,Sunset lights,-70,1761841868820
36936,1761841881891.0,0adab909-eb8f-4baf-9eed-7a4cc889cb7c,5F:CA:B3:7C:7C:E0,,-78,1761841868820
36937,1761841882805.0,0adab909-eb8f-4baf-9eed-7a4cc889cb7c,32:50:F0:1E:22:AC,,-79,1761841868820
36938,1761841882838.0,0adab909-eb8f-4baf-9eed-7a4cc889cb7c,2D:C9:5D:15:65:BE,,-88,1761841868820
36939,1761841882869.0,0adab909-eb8f-4baf-9eed-7a4cc889cb7c,6C:30:11:49:1F:42,,-81,1761841868820
36940,1761842528725.0,0adab909-eb8f-4baf-9eed-7a4cc889cb7c,77:2B:CC:AA:D1:B6,,-74,1761842528649
36941,1761842528791.0,0adab909-eb8f-4baf-9eed-7a4cc889cb7c,7C:5A:2F:13:3A:33,,-75,1761842528649
36942,1761842529657.0,0adab909-eb8f-4baf-9eed-7a4cc889cb7c,70:48:00:FC:63:DF,,-88,1761842528649
36943,1761842530024.0,0adab909-eb8f-4baf-9eed-7a4cc889cb7c,5F:CA:B3:7C:7C:E0,,-73,1761842528649
36944,1761842530953.0,0adab909-eb8f-4baf-9eed-7a4cc889cb7c,5C:68:98:85:BC:FB,,-87,1761842528649
36945,1761842530991.0,0adab909-eb8f-4baf-9eed-7a4cc889cb7c,27:89:6A:00:AA:32,,-88,1761842528649
36946,1761842531906.0,0adab909-eb8f-4baf-9eed-7a4cc889cb7c,4D:E1:90:8E:D5:B5,,-96,1761842528649
36947,1761842531934.0,0adab909-eb8f-4baf-9eed-7a4cc889cb7c,FF:10:10:AE:A7:64,Sunset lights,-93,1761842528649
36948,1761842533848.0,0adab909-eb8f-4baf-9eed-7a4cc889cb7c,77:4E:9B:04:2B:A4,,-92,1761842528649
36949,1761842539926.0,0adab909-eb8f-4baf-9eed-7a4cc889cb7c,4F:AD:23:DA:DC:B3,,-81,1761842528649
36950,1761842540257.0,0adab909-eb8f-4baf-9eed-7a4cc889cb7c,7B:76:94:19:10:9B,,-73,1761842528649
36951,1761842541224.0,0adab909-eb8f-4baf-9eed-7a4cc889cb7c,6D:2C:A1:AD:36:7D,,-70,1761842528649
36952,1761842541485.0,0adab909-eb8f-4baf-9eed-7a4cc889cb7c,6D:2C:A1:AD:36:7D,,-70,1761842528649
36953,1761842541557.0,0adab909-eb8f-4baf-9eed-7a4cc889cb7c,1D:8D:D4:32:A4:56,,-72,1761842528649
36954,1761842541589.0,0adab909-eb8f-4baf-9eed-7a4cc889cb7c,7B:76:94:19:10:9B,,-69,1761842528649
36955,1761842541618.0,0adab909-eb8f-4baf-9eed-7a4cc889cb7c,0A:8E:6D:2A:DE:22,,-87,1761842528649
36956,1761842541645.0,0adab909-eb8f-4baf-9eed-7a4cc889cb7c,FF:10:10:AE:A7:64,Sunset lights,-81,1761842528649
36957,1761842542687.0,0adab909-eb8f-4baf-9eed-7a4cc889cb7c,4F:AD:23:DA:DC:B3,,-69,1761842528649
36958,1761842542723.0,0adab909-eb8f-4baf-9eed-7a4cc889cb7c,08:87:39:4B:6C:B1,,-90,1761842528649
36959,1761842543721.0,0adab909-eb8f-4baf-9eed-7a4cc889cb7c,5F:44:AB:1A:24:B4,,-94,1761842528649
36960,1761843171163.0,0adab909-eb8f-4baf-9eed-7a4cc889cb7c,7B:76:94:19:10:9B,,-74,1761843171112
36961,1761843171196.0,0adab909-eb8f-4baf-9eed-7a4cc889cb7c,51:58:FB:97:1E:BF,,-90,1761843171112
36962,1761843171241.0,0adab909-eb8f-4baf-9eed-7a4cc889cb7c,6D:2C:A1:AD:36:7D,,-74,1761843171112
36963,1761843172148.0,0adab909-eb8f-4baf-9eed-7a4cc889cb7c,71:FC:D0:18:F2:56,,-87,1761843171112
36964,1761843172177.0,0adab909-eb8f-4baf-9eed-7a4cc889cb7c,FF:10:10:AE:A7:64,Sunset lights,-66,1761843171112
36965,1761843172502.0,0adab909-eb8f-4baf-9eed-7a4cc889cb7c,5E:73:7F:7F:FC:4B,,-89,1761843171112
36966,1761843173108.0,0adab909-eb8f-4baf-9eed-7a4cc889cb7c,19:76:4E:56:44:30,,-90,1761843171112
36967,1761843173777.0,0adab909-eb8f-4baf-9eed-7a4cc889cb7c,4D:E1:90:8E:D5:B5,,-91,1761843171112
36968,1761843174110.0,0adab909-eb8f-4baf-9eed-7a4cc889cb7c,4F:AD:23:DA:DC:B3,,-74,1761843171112
36969,1761843174452.0,0adab909-eb8f-4baf-9eed-7a4cc889cb7c,70:48:00:FC:63:DF,,-90,1761843171112
36970,1761843184035.0,0adab909-eb8f-4baf-9eed-7a4cc889cb7c,4F:AD:23:DA:DC:B3,,-74,1761843171112
36971,1761843184079.0,0adab909-eb8f-4baf-9eed-7a4cc889cb7c,70:48:00:FC:63:DF,,-93,1761843171112
36972,1761843184134.0,0adab909-eb8f-4baf-9eed-7a4cc889cb7c,FF:10:10:AE:A7:64,Sunset lights,-67,1761843171112
36973,1761843185022.0,0adab909-eb8f-4baf-9eed-7a4cc889cb7c,7B:76:94:19:10:9B,,-82,1761843171112
36974,1761843185064.0,0adab909-eb8f-4baf-9eed-7a4cc889cb7c,25:33:86:9C:52:B4,,-91,1761843171112
36975,1761843185101.0,0adab909-eb8f-4baf-9eed-7a4cc889cb7c,4D:E1:90:8E:D5:B5,,-79,1761843171112
36976,1761843185131.0,0adab909-eb8f-4baf-9eed-7a4cc889cb7c,1F:EB:29:9D:16:BF,,-72,1761843171112
36977,1761843185163.0,0adab909-eb8f-4baf-9eed-7a4cc889cb7c,C4:4D:E9:18:DA:59,,-74,1761843171112
36978,1761843186115.0,0adab909-eb8f-4baf-9eed-7a4cc889cb7c,6D:2C:A1:AD:36:7D,,-76,1761843171112
36979,1761843186923.0,0adab909-eb8f-4baf-9eed-7a4cc889cb7c,E1:9C:AE:02:27:24,,-94,1761843171112
36980,1761843186947.0,0adab909-eb8f-4baf-9eed-7a4cc889cb7c,E2:D9:8B:DC:67:D6,,-80,1761843171112
36981,1761843771226.0,0adab909-eb8f-4baf-9eed-7a4cc889cb7c,73:CD:EC:E9:90:D4,,-72,1761843771122
36982,1761843771567.0,0adab909-eb8f-4baf-9eed-7a4cc889cb7c,4C:FB:36:94:66:34,,-78,1761843771122
36983,1761843771908.0,0adab909-eb8f-4baf-9eed-7a4cc889cb7c,47:3B:00:22:93:37,,-93,1761843771122
36984,1761843772830.0,0adab909-eb8f-4baf-9eed-7a4cc889cb7c,FF:10:10:AE:A7:64,Sunset lights,-70,1761843771122
36985,1761843773133.0,0adab909-eb8f-4baf-9eed-7a4cc889cb7c,41:BA:20:01:D2:D5,,-89,1761843771122
36986,1761843773164.0,0adab909-eb8f-4baf-9eed-7a4cc889cb7c,64:3F:4B:0A:F8:54,,-69,1761843771122
36987,1761843775731.0,0adab909-eb8f-4baf-9eed-7a4cc889cb7c,57:0C:E0:D4:97:41,,-72,1761843771122
36988,1761843784105.0,0adab909-eb8f-4baf-9eed-7a4cc889cb7c,FF:10:10:AE:A7:64,Sunset lights,-73,1761843771122
36989,1761843784143.0,0adab909-eb8f-4baf-9eed-7a4cc889cb7c,73:CD:EC:E9:90:D4,,-67,1761843771122
36990,1761843784197.0,0adab909-eb8f-4baf-9eed-7a4cc889cb7c,64:3F:4B:0A:F8:54,,-67,1761843771122
36991,1761843785174.0,0adab909-eb8f-4baf-9eed-7a4cc889cb7c,60:D8:33:B2:06:E8,,-90,1761843771122
36992,1761843785200.0,0adab909-eb8f-4baf-9eed-7a4cc889cb7c,00:B2:EE:A0:7E:17,,-89,1761843771122
36993,1761843786138.0,0adab909-eb8f-4baf-9eed-7a4cc889cb7c,57:0C:E0:D4:97:41,,-71,1761843771122
36994,1761843786195.0,0adab909-eb8f-4baf-9eed-7a4cc889cb7c,4C:FB:36:94:66:34,,-89,1761843771122
36995,1761844371213.0,0adab909-eb8f-4baf-9eed-7a4cc889cb7c,64:3F:4B:0A:F8:54,,-69,1761844371102
36996,1761844371237.0,0adab909-eb8f-4baf-9eed-7a4cc889cb7c,FF:10:10:AE:A7:64,Sunset lights,-71,1761844371102
36997,1761844372454.0,0adab909-eb8f-4baf-9eed-7a4cc889cb7c,73:CD:EC:E9:90:D4,,-70,1761844371102
36998,1761844373110.0,0adab909-eb8f-4baf-9eed-7a4cc889cb7c,5E:37:E8:1E:84:4E,,-90,1761844371102
36999,1761844373131.0,0adab909-eb8f-4baf-9eed-7a4cc889cb7c,57:0C:E0:D4:97:41,,-63,1761844371102
37000,1761844373457.0,0adab909-eb8f-4baf-9eed-7a4cc889cb7c,10:9F:41:D1:37:19,Shahad’s MacBook Pro,-100,1761844371102
37001,1761844373731.0,0adab909-eb8f-4baf-9eed-7a4cc889cb7c,4F:A4:B5:CD:74:E7,,-92,1761844371102
37002,1761844375355.0,0adab909-eb8f-4baf-9eed-7a4cc889cb7c,4C:FB:36:94:66:34,,-78,1761844371102
37003,1761844382101.0,0adab909-eb8f-4baf-9eed-7a4cc889cb7c,39:6A:CD:C9:C7:02,,-94,1761844371102
37004,1761844383997.0,0adab909-eb8f-4baf-9eed-7a4cc889cb7c,19:C1:BD:52:56:B1,,-81,1761844371102
37005,1761844384021.0,0adab909-eb8f-4baf-9eed-7a4cc889cb7c,FF:10:10:AE:A7:64,Sunset lights,-67,1761844371102
37006,1761844384048.0,0adab909-eb8f-4baf-9eed-7a4cc889cb7c,73:CD:EC:E9:90:D4,,-64,1761844371102
37007,1761844384112.0,0adab909-eb8f-4baf-9eed-7a4cc889cb7c,64:3F:4B:0A:F8:54,,-70,1761844371102
37008,1761844384136.0,0adab909-eb8f-4baf-9eed-7a4cc889cb7c,57:0C:E0:D4:97:41,,-66,1761844371102
37009,1761844385169.0,0adab909-eb8f-4baf-9eed-7a4cc889cb7c,28:0E:D7:86:DC:48,,-95,1761844371102
37010,1761844385936.0,0adab909-eb8f-4baf-9eed-7a4cc889cb7c,DA:1D:8B:4D:95:8F,,-82,1761844371102
37011,1761844971146.0,0adab909-eb8f-4baf-9eed-7a4cc889cb7c,4F:75:77:68:CD:E5,,-75,1761844971113
37012,1761844971176.0,0adab909-eb8f-4baf-9eed-7a4cc889cb7c,78:B1:50:83:3F:EB,,-76,1761844971113
37013,1761844971827.0,0adab909-eb8f-4baf-9eed-7a4cc889cb7c,FF:10:10:AE:A7:64,Sunset lights,-80,1761844971113
37014,1761844972139.0,0adab909-eb8f-4baf-9eed-7a4cc889cb7c,54:52:08:82:06:AC,,-79,1761844971113
37015,1761844972797.0,0adab909-eb8f-4baf-9eed-7a4cc889cb7c,43:19:A4:39:AF:2D,,-89,1761844971113
37016,1761844974114.0,0adab909-eb8f-4baf-9eed-7a4cc889cb7c,4C:FB:36:94:66:34,,-84,1761844971113
37017,1761844984002.0,0adab909-eb8f-4baf-9eed-7a4cc889cb7c,4C:FB:36:94:66:34,,-90,1761844971113
37018,1761844984197.0,0adab909-eb8f-4baf-9eed-7a4cc889cb7c,FF:10:10:AE:A7:64,Sunset lights,-89,1761844971113
37019,1761844985027.0,0adab909-eb8f-4baf-9eed-7a4cc889cb7c,0D:AB:66:C7:54:F0,,-81,1761844971113
37020,1761844985048.0,0adab909-eb8f-4baf-9eed-7a4cc889cb7c,21:CA:69:39:CE:15,,-94,1761844971113
37021,1761844985929.0,0adab909-eb8f-4baf-9eed-7a4cc889cb7c,78:B1:50:83:3F:EB,,-78,1761844971113
37022,1761845571534.0,0adab909-eb8f-4baf-9eed-7a4cc889cb7c,FF:10:10:AE:A7:64,Sunset lights,-83,1761845571167
37023,1761845571556.0,0adab909-eb8f-4baf-9eed-7a4cc889cb7c,4B:50:B7:41:58:A4,,-78,1761845571167
37024,1761845571614.0,0adab909-eb8f-4baf-9eed-7a4cc889cb7c,54:79:F0:B9:17:0B,,-88,1761845571167
37025,1761845571934.0,0adab909-eb8f-4baf-9eed-7a4cc889cb7c,60:0E:BF:33:39:0E,,-76,1761845571167
37026,1761845574471.0,0adab909-eb8f-4baf-9eed-7a4cc889cb7c,51:B3:84:EA:48:56,,-73,1761845571167
37027,1761845584083.0,0adab909-eb8f-4baf-9eed-7a4cc889cb7c,51:B3:84:EA:48:56,,-85,1761845571167
37028,1761845584184.0,0adab909-eb8f-4baf-9eed-7a4cc889cb7c,38:D7:DA:8E:0E:2B,,-88,1761845571167
37029,1761845584245.0,0adab909-eb8f-4baf-9eed-7a4cc889cb7c,4B:50:B7:41:58:A4,,-89,1761845571167
37030,1761845585215.0,0adab909-eb8f-4baf-9eed-7a4cc889cb7c,FF:10:10:AE:A7:64,Sunset lights,-79,1761845571167
37031,1761845585358.0,0adab909-eb8f-4baf-9eed-7a4cc889cb7c,54:79:F0:B9:17:0B,,-85,1761845571167
37032,1761846171419.0,0adab909-eb8f-4baf-9eed-7a4cc889cb7c,5E:CB:9F:09:1F:F5,,-86,1761846171303
37033,1761846176510.0,0adab909-eb8f-4baf-9eed-7a4cc889cb7c,50:6F:84:4C:0F:2F,,-90,1761846171303
37034,1761846182895.0,0adab909-eb8f-4baf-9eed-7a4cc889cb7c,50:7F:4D:41:16:00,,-91,1761846171303
37035,1761846183221.0,0adab909-eb8f-4baf-9eed-7a4cc889cb7c,6F:E7:9F:39:54:A3,,-82,1761846171303
37036,1761846183700.0,0adab909-eb8f-4baf-9eed-7a4cc889cb7c,78:F5:05:02:C9:2A,My CUPRA 7023,-100,1761846171303
37037,1761846184030.0,0adab909-eb8f-4baf-9eed-7a4cc889cb7c,68:34:9B:2B:26:09,,-86,1761846171303
37038,1761846600443.0,0adab909-eb8f-4baf-9eed-7a4cc889cb7c,FF:10:10:AE:A7:64,Sunset lights,-91,1761846596179
37039,1761846602352.0,0adab909-eb8f-4baf-9eed-7a4cc889cb7c,70:5D:67:FE:5F:66,,-85,1761846596179
37040,1761846607135.0,0adab909-eb8f-4baf-9eed-7a4cc889cb7c,C3:F5:7F:8B:F1:7D,Hue Lamp,-89,1761846596179
37041,1761846631829.0,0adab909-eb8f-4baf-9eed-7a4cc889cb7c,18:45:8B:60:B3:56,,-84,1761846596179
37042,1761847220588.0,0adab909-eb8f-4baf-9eed-7a4cc889cb7c,FF:10:10:AE:A7:64,Sunset lights,-88,1761847216347
37043,1761847224864.0,0adab909-eb8f-4baf-9eed-7a4cc889cb7c,70:5D:67:FE:5F:66,,-89,1761847216347
37044,1761847820451.0,0adab909-eb8f-4baf-9eed-7a4cc889cb7c,60:74:F4:73:96:CD,ihoment_H601B_96CD,-85,1761847819050
37045,1761847822012.0,0adab909-eb8f-4baf-9eed-7a4cc889cb7c,FF:10:10:AE:A7:64,Sunset lights,-92,1761847819050
37046,1761847825913.0,0adab909-eb8f-4baf-9eed-7a4cc889cb7c,60:74:F4:72:90:3F,ihoment_H601B_903F,-88,1761847819050
37047,1761847826599.0,0adab909-eb8f-4baf-9eed-7a4cc889cb7c,60:74:F4:73:99:E7,ihoment_H601B_99E7,-85,1761847819050
37048,1761847829061.0,0adab909-eb8f-4baf-9eed-7a4cc889cb7c,73:60:BC:4D:60:7B,,-90,1761847819050
37049,1761847829701.0,0adab909-eb8f-4baf-9eed-7a4cc889cb7c,60:74:F4:75:21:D5,ihoment_H601B_21D5,-84,1761847819050
37050,1761849051009.0,0adab909-eb8f-4baf-9eed-7a4cc889cb7c,60:74:F4:72:90:3F,ihoment_H601B_903F,-75,1761849050602
37051,1761849051029.0,0adab909-eb8f-4baf-9eed-7a4cc889cb7c,60:74:F4:73:96:CD,ihoment_H601B_96CD,-90,1761849050602
37052,1761849052024.0,0adab909-eb8f-4baf-9eed-7a4cc889cb7c,FF:10:10:AE:A7:64,Sunset lights,-90,1761849050602
37053,1761849052618.0,0adab909-eb8f-4baf-9eed-7a4cc889cb7c,60:74:F4:73:99:E7,ihoment_H601B_99E7,-82,1761849050602
37054,1761849054878.0,0adab909-eb8f-4baf-9eed-7a4cc889cb7c,70:1C:CD:64:AC:63,,-85,1761849050602
37055,1761849059014.0,0adab909-eb8f-4baf-9eed-7a4cc889cb7c,60:74:F4:75:21:D5,ihoment_H601B_21D5,-82,1761849050602
37056,1761849789975.0,0adab909-eb8f-4baf-9eed-7a4cc889cb7c,44:9A:7F:16:65:8F,,-84,1761849789301
37057,1761849790354.0,0adab909-eb8f-4baf-9eed-7a4cc889cb7c,5C:88:D1:32:C9:FC,,-92,1761849789301
37058,1761849790382.0,0adab909-eb8f-4baf-9eed-7a4cc889cb7c,FF:10:10:AE:A7:64,Sunset lights,-90,1761849789301
37059,1761849791593.0,0adab909-eb8f-4baf-9eed-7a4cc889cb7c,4E:91:1F:8B:62:41,,-89,1761849789301
37060,1761849793163.0,0adab909-eb8f-4baf-9eed-7a4cc889cb7c,75:AE:5F:3B:22:0A,,-82,1761849789301
37061,1761850200417.0,0adab909-eb8f-4baf-9eed-7a4cc889cb7c,5C:88:D1:32:C9:FC,,-93,1761850197148
37062,1761850201040.0,0adab909-eb8f-4baf-9eed-7a4cc889cb7c,FF:10:10:AE:A7:64,Sunset lights,-90,1761850197148
37063,1761850205528.0,0adab909-eb8f-4baf-9eed-7a4cc889cb7c,44:9A:7F:16:65:8F,,-90,1761850197148
37064,1761850792185.0,0adab909-eb8f-4baf-9eed-7a4cc889cb7c,55:B8:F1:9A:D4:68,,-82,1761850789517
37065,1761850799643.0,0adab909-eb8f-4baf-9eed-7a4cc889cb7c,FF:10:10:AE:A7:64,Sunset lights,-88,1761850789517
37066,1761851653983.0,0adab909-eb8f-4baf-9eed-7a4cc889cb7c,55:B8:F1:9A:D4:68,,-81,1761851652304
37067,1761851654971.0,0adab909-eb8f-4baf-9eed-7a4cc889cb7c,FF:10:10:AE:A7:64,Sunset lights,-87,1761851652304
37068,1761851655623.0,0adab909-eb8f-4baf-9eed-7a4cc889cb7c,43:7E:94:DA:58:C5,,-92,1761851652304
37069,1761852113956.0,0adab909-eb8f-4baf-9eed-7a4cc889cb7c,44:42:E1:40:97:70,,-89,1761852113830
37070,1761852114320.0,0adab909-eb8f-4baf-9eed-7a4cc889cb7c,43:7E:94:DA:58:C5,,-89,1761852113830
37071,1761852114635.0,0adab909-eb8f-4baf-9eed-7a4cc889cb7c,FF:10:10:AE:A7:64,Sunset lights,-88,1761852113830
37072,1761852600356.0,0adab909-eb8f-4baf-9eed-7a4cc889cb7c,FF:10:10:AE:A7:64,Sunset lights,-88,1761852598311
37073,1761852609632.0,0adab909-eb8f-4baf-9eed-7a4cc889cb7c,44:DC:C5:53:C5:42,,-92,1761852598311
37074,1761853207523.0,0adab909-eb8f-4baf-9eed-7a4cc889cb7c,CF:33:36:32:4C:1E,Govee_H6054_4C1E,-74,1761853207123
37075,1761853208119.0,0adab909-eb8f-4baf-9eed-7a4cc889cb7c,7B:F6:44:1C:8A:99,,-75,1761853207123
37076,1761853208443.0,0adab909-eb8f-4baf-9eed-7a4cc889cb7c,70:10:93:61:1C:65,,-76,1761853207123
37077,1761853209432.0,0adab909-eb8f-4baf-9eed-7a4cc889cb7c,FF:10:10:AE:A7:64,Sunset lights,-74,1761853207123
37078,1761854175865.0,0adab909-eb8f-4baf-9eed-7a4cc889cb7c,50:25:29:5C:E6:B6,,-79,1761854175807
37079,1761854176218.0,0adab909-eb8f-4baf-9eed-7a4cc889cb7c,CF:33:36:32:4C:1E,Govee_H6054_4C1E,-78,1761854175807
37080,1761854176571.0,0adab909-eb8f-4baf-9eed-7a4cc889cb7c,FF:10:10:AE:A7:64,Sunset lights,-80,1761854175807
37081,1761854179723.0,0adab909-eb8f-4baf-9eed-7a4cc889cb7c,7B:F6:44:1C:8A:99,,-71,1761854175807
37082,1761854189150.0,0adab909-eb8f-4baf-9eed-7a4cc889cb7c,CF:33:36:32:4C:1E,Govee_H6054_4C1E,-75,1761854175807
37083,1761854189191.0,0adab909-eb8f-4baf-9eed-7a4cc889cb7c,39:2B:38:59:45:41,,-80,1761854175807
37084,1761854190257.0,0adab909-eb8f-4baf-9eed-7a4cc889cb7c,FF:10:10:AE:A7:64,Sunset lights,-76,1761854175807
37085,1761854191242.0,0adab909-eb8f-4baf-9eed-7a4cc889cb7c,7B:F6:44:1C:8A:99,,-78,1761854175807
37086,1761854455597.0,0adab909-eb8f-4baf-9eed-7a4cc889cb7c,FF:10:10:AE:A7:64,Sunset lights,-70,1761854455593
37087,1761854455644.0,0adab909-eb8f-4baf-9eed-7a4cc889cb7c,CF:33:36:32:4C:1E,Govee_H6054_4C1E,-76,1761854455593
37088,1761854458111.0,0adab909-eb8f-4baf-9eed-7a4cc889cb7c,57:38:0B:F4:D7:E0,,-71,1761854455593
37089,1761854467061.0,0adab909-eb8f-4baf-9eed-7a4cc889cb7c,50:25:29:5C:E6:B6,,-77,1761854455593
37090,1761855077387.0,0adab909-eb8f-4baf-9eed-7a4cc889cb7c,60:74:F4:73:99:E7,ihoment_H601B_99E7,-87,1761855077381
37091,1761855077408.0,0adab909-eb8f-4baf-9eed-7a4cc889cb7c,60:74:F4:72:90:3F,ihoment_H601B_903F,-83,1761855077381
37092,1761855077512.0,0adab909-eb8f-4baf-9eed-7a4cc889cb7c,50:25:29:5C:E6:B6,,-78,1761855077381
37093,1761855077529.0,0adab909-eb8f-4baf-9eed-7a4cc889cb7c,FF:10:10:AE:A7:64,Sunset lights,-74,1761855077381
37094,1761855077548.0,0adab909-eb8f-4baf-9eed-7a4cc889cb7c,CF:33:36:32:4C:1E,Govee_H6054_4C1E,-78,1761855077381
37095,1761855082957.0,0adab909-eb8f-4baf-9eed-7a4cc889cb7c,57:38:0B:F4:D7:E0,,-68,1761855077381
37096,1761855607993.0,0adab909-eb8f-4baf-9eed-7a4cc889cb7c,FF:10:10:AE:A7:64,Sunset lights,-72,1761855607939
37097,1761855608398.0,0adab909-eb8f-4baf-9eed-7a4cc889cb7c,CF:33:36:32:4C:1E,Govee_H6054_4C1E,-72,1761855607939
37098,1761855608992.0,0adab909-eb8f-4baf-9eed-7a4cc889cb7c,57:38:0B:F4:D7:E0,,-73,1761855607939
37099,1761855609957.0,0adab909-eb8f-4baf-9eed-7a4cc889cb7c,63:15:3E:83:A9:EB,,-87,1761855607939
37100,1761856194046.0,0adab909-eb8f-4baf-9eed-7a4cc889cb7c,CF:33:36:32:4C:1E,Govee_H6054_4C1E,-74,1761856194026
37101,1761856194088.0,0adab909-eb8f-4baf-9eed-7a4cc889cb7c,77:3A:DF:24:6A:5A,,-75,1761856194026
37102,1761856194115.0,0adab909-eb8f-4baf-9eed-7a4cc889cb7c,FF:10:10:AE:A7:64,Sunset lights,-80,1761856194026
37103,1761856194786.0,0adab909-eb8f-4baf-9eed-7a4cc889cb7c,63:15:3E:83:A9:EB,,-75,1761856194026
37104,1761856202143.0,0adab909-eb8f-4baf-9eed-7a4cc889cb7c,5F:E3:54:18:1A:EC,,-90,1761856194026
37105,1761856203710.0,0adab909-eb8f-4baf-9eed-7a4cc889cb7c,79:24:B9:BB:8C:E1,,-83,1761856194026
37106,1761856807941.0,0adab909-eb8f-4baf-9eed-7a4cc889cb7c,FF:10:10:AE:A7:64,Sunset lights,-72,1761856807872
37107,1761856807975.0,0adab909-eb8f-4baf-9eed-7a4cc889cb7c,4C:96:8A:ED:6A:01,SPEN NA,-50,1761856807872
37108,1761856808046.0,0adab909-eb8f-4baf-9eed-7a4cc889cb7c,4C:96:8A:ED:6A:01,SPEN NA,-51,1761856807872
37109,1761856808256.0,0adab909-eb8f-4baf-9eed-7a4cc889cb7c,4C:96:8A:ED:6A:01,SPEN NA,-54,1761856807872
37110,1761856808298.0,0adab909-eb8f-4baf-9eed-7a4cc889cb7c,5C:1C:E5:01:A4:4D,,-93,1761856807872
37111,1761856808349.0,0adab909-eb8f-4baf-9eed-7a4cc889cb7c,4C:96:8A:ED:6A:01,SPEN NA,-54,1761856807872
37112,1761856808391.0,0adab909-eb8f-4baf-9eed-7a4cc889cb7c,CF:33:36:32:4C:1E,Govee_H6054_4C1E,-84,1761856807872
37113,1761856808563.0,0adab909-eb8f-4baf-9eed-7a4cc889cb7c,4C:96:8A:ED:6A:01,SPEN NA,-57,1761856807872
37114,1761856808681.0,0adab909-eb8f-4baf-9eed-7a4cc889cb7c,4C:96:8A:ED:6A:01,SPEN NA,-55,1761856807872
37115,1761856808874.0,0adab909-eb8f-4baf-9eed-7a4cc889cb7c,4C:96:8A:ED:6A:01,SPEN NA,-53,1761856807872
37116,1761856809229.0,0adab909-eb8f-4baf-9eed-7a4cc889cb7c,77:3A:DF:24:6A:5A,,-91,1761856807872
37117,1761856810252.0,0adab909-eb8f-4baf-9eed-7a4cc889cb7c,4C:96:8A:ED:6A:01,SPEN NA,-66,1761856807872
37118,1761856810514.0,0adab909-eb8f-4baf-9eed-7a4cc889cb7c,63:15:3E:83:A9:EB,,-82,1761856807872
37119,1761856811509.0,0adab909-eb8f-4baf-9eed-7a4cc889cb7c,4C:96:8A:ED:6A:01,SPEN NA,-67,1761856807872
37120,1761856811826.0,0adab909-eb8f-4baf-9eed-7a4cc889cb7c,4C:96:8A:ED:6A:01,SPEN NA,127,1761856807872
37121,1761856812137.0,0adab909-eb8f-4baf-9eed-7a4cc889cb7c,4C:96:8A:ED:6A:01,SPEN NA,-65,1761856807872
37122,1761856812457.0,0adab909-eb8f-4baf-9eed-7a4cc889cb7c,4C:96:8A:ED:6A:01,SPEN NA,-62,1761856807872
37123,1761856812789.0,0adab909-eb8f-4baf-9eed-7a4cc889cb7c,4C:96:8A:ED:6A:01,SPEN NA,-64,1761856807872
37124,1761856813417.0,0adab909-eb8f-4baf-9eed-7a4cc889cb7c,4C:96:8A:ED:6A:01,SPEN NA,-69,1761856807872
37125,1761856813721.0,0adab909-eb8f-4baf-9eed-7a4cc889cb7c,4C:96:8A:ED:6A:01,SPEN NA,-66,1761856807872
37126,1761856814036.0,0adab909-eb8f-4baf-9eed-7a4cc889cb7c,4C:96:8A:ED:6A:01,SPEN NA,-69,1761856807872
37127,1761856814363.0,0adab909-eb8f-4baf-9eed-7a4cc889cb7c,4C:96:8A:ED:6A:01,SPEN NA,-70,1761856807872
37128,1761856814982.0,0adab909-eb8f-4baf-9eed-7a4cc889cb7c,4C:96:8A:ED:6A:01,SPEN NA,-66,1761856807872
37129,1761856816261.0,0adab909-eb8f-4baf-9eed-7a4cc889cb7c,4C:96:8A:ED:6A:01,SPEN NA,-64,1761856807872
37130,1761856816973.0,0adab909-eb8f-4baf-9eed-7a4cc889cb7c,4C:96:8A:ED:6A:01,SPEN NA,-68,1761856807872
37131,1761856817296.0,0adab909-eb8f-4baf-9eed-7a4cc889cb7c,4C:96:8A:ED:6A:01,SPEN NA,-69,1761856807872
37132,1761856817607.0,0adab909-eb8f-4baf-9eed-7a4cc889cb7c,4C:96:8A:ED:6A:01,SPEN NA,-65,1761856807872
37133,1761856818249.0,0adab909-eb8f-4baf-9eed-7a4cc889cb7c,4C:96:8A:ED:6A:01,SPEN NA,-67,1761856807872
37134,1761856818851.0,0adab909-eb8f-4baf-9eed-7a4cc889cb7c,4C:96:8A:ED:6A:01,SPEN NA,-65,1761856807872
37135,1761856819179.0,0adab909-eb8f-4baf-9eed-7a4cc889cb7c,4C:96:8A:ED:6A:01,SPEN NA,-64,1761856807872
37136,1761856819510.0,0adab909-eb8f-4baf-9eed-7a4cc889cb7c,4C:96:8A:ED:6A:01,SPEN NA,-65,1761856807872
37137,1761856819833.0,0adab909-eb8f-4baf-9eed-7a4cc889cb7c,4C:96:8A:ED:6A:01,SPEN NA,-68,1761856807872
37138,1761856820151.0,0adab909-eb8f-4baf-9eed-7a4cc889cb7c,4C:96:8A:ED:6A:01,SPEN NA,-68,1761856807872
37139,1761856820461.0,0adab909-eb8f-4baf-9eed-7a4cc889cb7c,4C:96:8A:ED:6A:01,SPEN NA,127,1761856807872
37140,1761856820549.0,0adab909-eb8f-4baf-9eed-7a4cc889cb7c,4C:96:8A:ED:6A:01,SPEN NA,-63,1761856807872
37141,1761856820758.0,0adab909-eb8f-4baf-9eed-7a4cc889cb7c,CF:33:36:32:4C:1E,Govee_H6054_4C1E,-83,1761856807872
37142,1761856820811.0,0adab909-eb8f-4baf-9eed-7a4cc889cb7c,FF:10:10:AE:A7:64,Sunset lights,-77,1761856807872
37143,1761856820852.0,0adab909-eb8f-4baf-9eed-7a4cc889cb7c,4C:96:8A:ED:6A:01,SPEN NA,-64,1761856807872
37144,1761856820982.0,0adab909-eb8f-4baf-9eed-7a4cc889cb7c,63:15:3E:83:A9:EB,,-73,1761856807872
37145,1761856821871.0,0adab909-eb8f-4baf-9eed-7a4cc889cb7c,C6:04:11:52:F5:59,,-78,1761856807872
37146,1761856821907.0,0adab909-eb8f-4baf-9eed-7a4cc889cb7c,77:3A:DF:24:6A:5A,,-82,1761856807872
37147,1761856822080.0,0adab909-eb8f-4baf-9eed-7a4cc889cb7c,5C:1C:E5:01:A4:4D,,-86,1761856807872
37148,1761857390777.0,0adab909-eb8f-4baf-9eed-7a4cc889cb7c,71:6D:90:48:82:D8,,-83,1761857390752
37149,1761857390803.0,0adab909-eb8f-4baf-9eed-7a4cc889cb7c,77:3A:DF:24:6A:5A,,-88,1761857390752
37150,1761857390830.0,0adab909-eb8f-4baf-9eed-7a4cc889cb7c,4C:96:8A:ED:6A:01,SPEN NA,-62,1761857390752
37151,1761857391147.0,0adab909-eb8f-4baf-9eed-7a4cc889cb7c,4A:62:77:1A:8F:00,,-79,1761857390752
37152,1761857391208.0,0adab909-eb8f-4baf-9eed-7a4cc889cb7c,FF:10:10:AE:A7:64,Sunset lights,-78,1761857390752
37153,1761857391268.0,0adab909-eb8f-4baf-9eed-7a4cc889cb7c,4C:96:8A:ED:6A:01,SPEN NA,-66,1761857390752
37154,1761857391483.0,0adab909-eb8f-4baf-9eed-7a4cc889cb7c,4C:96:8A:ED:6A:01,SPEN NA,-67,1761857390752
37155,1761857391580.0,0adab909-eb8f-4baf-9eed-7a4cc889cb7c,4C:96:8A:ED:6A:01,SPEN NA,-67,1761857390752
37156,1761857391643.0,0adab909-eb8f-4baf-9eed-7a4cc889cb7c,74:13:E0:BE:F3:CD,,-88,1761857390752
37157,1761857391788.0,0adab909-eb8f-4baf-9eed-7a4cc889cb7c,4C:96:8A:ED:6A:01,SPEN NA,-64,1761857390752
37158,1761857392109.0,0adab909-eb8f-4baf-9eed-7a4cc889cb7c,4C:96:8A:ED:6A:01,SPEN NA,-66,1761857390752
37159,1761857392516.0,0adab909-eb8f-4baf-9eed-7a4cc889cb7c,7D:A6:7E:0E:46:62,,-83,1761857390752
37160,1761857392533.0,0adab909-eb8f-4baf-9eed-7a4cc889cb7c,4C:96:8A:ED:6A:01,SPEN NA,-67,1761857390752
37161,1761857392832.0,0adab909-eb8f-4baf-9eed-7a4cc889cb7c,4C:96:8A:ED:6A:01,SPEN NA,-64,1761857390752
37162,1761857392855.0,0adab909-eb8f-4baf-9eed-7a4cc889cb7c,55:2A:E8:5B:7A:0D,,-91,1761857390752
37163,1761857393039.0,0adab909-eb8f-4baf-9eed-7a4cc889cb7c,4C:96:8A:ED:6A:01,SPEN NA,-66,1761857390752
37164,1761857393356.0,0adab909-eb8f-4baf-9eed-7a4cc889cb7c,4C:96:8A:ED:6A:01,SPEN NA,-67,1761857390752
37165,1761857393446.0,0adab909-eb8f-4baf-9eed-7a4cc889cb7c,6A:AC:98:EB:E1:00,,-90,1761857390752
37166,1761857393465.0,0adab909-eb8f-4baf-9eed-7a4cc889cb7c,4C:96:8A:ED:6A:01,SPEN NA,-67,1761857390752
37167,1761857393669.0,0adab909-eb8f-4baf-9eed-7a4cc889cb7c,4C:96:8A:ED:6A:01,SPEN NA,-64,1761857390752
37168,1761857393769.0,0adab909-eb8f-4baf-9eed-7a4cc889cb7c,4C:96:8A:ED:6A:01,SPEN NA,-64,1761857390752
37169,1761857394094.0,0adab909-eb8f-4baf-9eed-7a4cc889cb7c,4C:96:8A:ED:6A:01,SPEN NA,-66,1761857390752
37170,1761857394527.0,0adab909-eb8f-4baf-9eed-7a4cc889cb7c,4C:96:8A:ED:6A:01,SPEN NA,127,1761857390752
37171,1761857394733.0,0adab909-eb8f-4baf-9eed-7a4cc889cb7c,4C:96:8A:ED:6A:01,SPEN NA,-64,1761857390752
37172,1761857394837.0,0adab909-eb8f-4baf-9eed-7a4cc889cb7c,4C:96:8A:ED:6A:01,SPEN NA,-64,1761857390752
37173,1761857395040.0,0adab909-eb8f-4baf-9eed-7a4cc889cb7c,4C:96:8A:ED:6A:01,SPEN NA,-66,1761857390752
37174,1761857395373.0,0adab909-eb8f-4baf-9eed-7a4cc889cb7c,4C:96:8A:ED:6A:01,SPEN NA,-67,1761857390752
37175,1761857395462.0,0adab909-eb8f-4baf-9eed-7a4cc889cb7c,4C:96:8A:ED:6A:01,SPEN NA,127,1761857390752
37176,1761857395776.0,0adab909-eb8f-4baf-9eed-7a4cc889cb7c,4C:96:8A:ED:6A:01,SPEN NA,-63,1761857390752
37177,1761857396010.0,0adab909-eb8f-4baf-9eed-7a4cc889cb7c,4C:96:8A:ED:6A:01,SPEN NA,-66,1761857390752
37178,1761857396300.0,0adab909-eb8f-4baf-9eed-7a4cc889cb7c,4C:96:8A:ED:6A:01,SPEN NA,-67,1761857390752
37179,1761857396629.0,0adab909-eb8f-4baf-9eed-7a4cc889cb7c,4C:96:8A:ED:6A:01,SPEN NA,-63,1761857390752
37180,1761857396713.0,0adab909-eb8f-4baf-9eed-7a4cc889cb7c,4C:96:8A:ED:6A:01,SPEN NA,-63,1761857390752
37181,1761857397026.0,0adab909-eb8f-4baf-9eed-7a4cc889cb7c,4C:96:8A:ED:6A:01,SPEN NA,-66,1761857390752
37182,1761857397270.0,0adab909-eb8f-4baf-9eed-7a4cc889cb7c,4C:96:8A:ED:6A:01,SPEN NA,-67,1761857390752
37183,1761857397888.0,0adab909-eb8f-4baf-9eed-7a4cc889cb7c,4C:96:8A:ED:6A:01,SPEN NA,-66,1761857390752
37184,1761857398310.0,0adab909-eb8f-4baf-9eed-7a4cc889cb7c,4C:96:8A:ED:6A:01,SPEN NA,-67,1761857390752
37185,1761857398607.0,0adab909-eb8f-4baf-9eed-7a4cc889cb7c,4C:96:8A:ED:6A:01,SPEN NA,127,1761857390752
37186,1761857399143.0,0adab909-eb8f-4baf-9eed-7a4cc889cb7c,4C:96:8A:ED:6A:01,SPEN NA,-67,1761857390752
37187,1761857399250.0,0adab909-eb8f-4baf-9eed-7a4cc889cb7c,4C:96:8A:ED:6A:01,SPEN NA,-67,1761857390752
37188,1761857399761.0,0adab909-eb8f-4baf-9eed-7a4cc889cb7c,4C:96:8A:ED:6A:01,SPEN NA,-66,1761857390752
37189,1761857399864.0,0adab909-eb8f-4baf-9eed-7a4cc889cb7c,4C:96:8A:ED:6A:01,SPEN NA,-66,1761857390752
37190,1761857400289.0,0adab909-eb8f-4baf-9eed-7a4cc889cb7c,4C:96:8A:ED:6A:01,SPEN NA,-67,1761857390752
37191,1761857400498.0,0adab909-eb8f-4baf-9eed-7a4cc889cb7c,4C:96:8A:ED:6A:01,SPEN NA,-63,1761857390752
37192,1761857400608.0,0adab909-eb8f-4baf-9eed-7a4cc889cb7c,4C:96:8A:ED:6A:01,SPEN NA,-64,1761857390752
37193,1761857400724.0,0adab909-eb8f-4baf-9eed-7a4cc889cb7c,4C:96:8A:ED:6A:01,SPEN NA,-66,1761857390752
37194,1761857401054.0,0adab909-eb8f-4baf-9eed-7a4cc889cb7c,4C:96:8A:ED:6A:01,SPEN NA,-67,1761857390752
37195,1761857403635.0,0adab909-eb8f-4baf-9eed-7a4cc889cb7c,6A:AC:98:EB:E1:00,,-81,1761857390752
37196,1761857403656.0,0adab909-eb8f-4baf-9eed-7a4cc889cb7c,74:13:E0:BE:F3:CD,,-81,1761857390752
37197,1761857403774.0,0adab909-eb8f-4baf-9eed-7a4cc889cb7c,EA:C4:86:5C:FA:39,,-81,1761857390752
37198,1761857403792.0,0adab909-eb8f-4baf-9eed-7a4cc889cb7c,FF:10:10:AE:A7:64,Sunset lights,-79,1761857390752
37199,1761857403974.0,0adab909-eb8f-4baf-9eed-7a4cc889cb7c,D4:0A:79:FE:6C:C0,,-82,1761857390752
37200,1761857404122.0,0adab909-eb8f-4baf-9eed-7a4cc889cb7c,4A:62:77:1A:8F:00,,-80,1761857390752
37201,1761857404256.0,0adab909-eb8f-4baf-9eed-7a4cc889cb7c,77:3A:DF:24:6A:5A,,-79,1761857390752
37202,1761857404610.0,0adab909-eb8f-4baf-9eed-7a4cc889cb7c,71:6D:90:48:82:D8,,-87,1761857390752
37203,1761857405142.0,0adab909-eb8f-4baf-9eed-7a4cc889cb7c,7D:A6:7E:0E:46:62,,-82,1761857390752
37204,1761857405167.0,0adab909-eb8f-4baf-9eed-7a4cc889cb7c,EB:1B:5F:7D:F6:F5,,-82,1761857390752
37205,1761857990827.0,0adab909-eb8f-4baf-9eed-7a4cc889cb7c,FF:10:10:AE:A7:64,Sunset lights,-72,1761857990767
37206,1761857991514.0,0adab909-eb8f-4baf-9eed-7a4cc889cb7c,7D:A6:7E:0E:46:62,,-80,1761857990767
37207,1761857991533.0,0adab909-eb8f-4baf-9eed-7a4cc889cb7c,6A:69:8B:93:E9:7E,,-83,1761857990767
37208,1761857991862.0,0adab909-eb8f-4baf-9eed-7a4cc889cb7c,72:5F:D6:73:77:D4,,-75,1761857990767
37209,1761857992173.0,0adab909-eb8f-4baf-9eed-7a4cc889cb7c,71:6D:90:48:82:D8,,-87,1761857990767
37210,1761857993747.0,0adab909-eb8f-4baf-9eed-7a4cc889cb7c,6F:1E:44:56:9B:5D,,-75,1761857990767
37211,1761857993769.0,0adab909-eb8f-4baf-9eed-7a4cc889cb7c,43:10:3A:15:88:37,,-75,1761857990767
37212,1761858593237.0,0adab909-eb8f-4baf-9eed-7a4cc889cb7c,51:E9:E8:D8:8B:EA,,-80,1761858590767
37213,1761858593280.0,0adab909-eb8f-4baf-9eed-7a4cc889cb7c,45:A4:56:34:0D:16,,-94,1761858590767
37214,1761858593834.0,0adab909-eb8f-4baf-9eed-7a4cc889cb7c,68:98:A8:2C:FC:AB,,-75,1761858590767
37215,1761858596333.0,0adab909-eb8f-4baf-9eed-7a4cc889cb7c,6A:69:8B:93:E9:7E,,-82,1761858590767
37216,1761858596942.0,0adab909-eb8f-4baf-9eed-7a4cc889cb7c,C3:F5:7F:8B:F1:7D,Hue Lamp,-82,1761858590767
37217,1761858603703.0,0adab909-eb8f-4baf-9eed-7a4cc889cb7c,68:98:A8:2C:FC:AB,,-74,1761858590767
37218,1761858603807.0,0adab909-eb8f-4baf-9eed-7a4cc889cb7c,F4:FE:FB:45:44:C9,,-80,1761858590767
37219,1761858604826.0,0adab909-eb8f-4baf-9eed-7a4cc889cb7c,42:D5:65:BC:33:0C,,-94,1761858590767
37220,1761858604849.0,0adab909-eb8f-4baf-9eed-7a4cc889cb7c,64:92:60:19:8A:69,,-92,1761858590767
37221,1761858604872.0,0adab909-eb8f-4baf-9eed-7a4cc889cb7c,6A:69:8B:93:E9:7E,,-87,1761858590767
37222,1761858604896.0,0adab909-eb8f-4baf-9eed-7a4cc889cb7c,4D:92:77:09:F7:7B,,-94,1761858590767
37223,1761858605895.0,0adab909-eb8f-4baf-9eed-7a4cc889cb7c,F6:AB:5D:D9:A1:0D,,-81,1761858590767
37224,1761859242044.0,0adab909-eb8f-4baf-9eed-7a4cc889cb7c,4C:96:8A:ED:6A:01,SPEN NA,-65,1761859241612
37225,1761859242347.0,0adab909-eb8f-4baf-9eed-7a4cc889cb7c,4D:92:77:09:F7:7B,,-91,1761859241612
37226,1761859242376.0,0adab909-eb8f-4baf-9eed-7a4cc889cb7c,4C:96:8A:ED:6A:01,SPEN NA,-66,1761859241612
37227,1761859242681.0,0adab909-eb8f-4baf-9eed-7a4cc889cb7c,4C:96:8A:ED:6A:01,SPEN NA,-61,1761859241612
37228,1761859243038.0,0adab909-eb8f-4baf-9eed-7a4cc889cb7c,4C:96:8A:ED:6A:01,SPEN NA,-64,1761859241612
37229,1761859243309.0,0adab909-eb8f-4baf-9eed-7a4cc889cb7c,4C:96:8A:ED:6A:01,SPEN NA,-67,1761859241612
37230,1761859243660.0,0adab909-eb8f-4baf-9eed-7a4cc889cb7c,4C:96:8A:ED:6A:01,SPEN NA,-62,1761859241612
37231,1761859243970.0,0adab909-eb8f-4baf-9eed-7a4cc889cb7c,4C:96:8A:ED:6A:01,SPEN NA,-65,1761859241612
37232,1761859243997.0,0adab909-eb8f-4baf-9eed-7a4cc889cb7c,45:46:9B:A5:15:9E,,-86,1761859241612
37233,1761859244028.0,0adab909-eb8f-4baf-9eed-7a4cc889cb7c,42:D5:65:BC:33:0C,,-86,1761859241612
37234,1761859244593.0,0adab909-eb8f-4baf-9eed-7a4cc889cb7c,FF:10:10:AE:A7:64,Sunset lights,-84,1761859241612
37235,1761859244940.0,0adab909-eb8f-4baf-9eed-7a4cc889cb7c,4C:96:8A:ED:6A:01,SPEN NA,-67,1761859241612
37236,1761859245610.0,0adab909-eb8f-4baf-9eed-7a4cc889cb7c,4C:96:8A:ED:6A:01,SPEN NA,-67,1761859241612
37237,1761859245928.0,0adab909-eb8f-4baf-9eed-7a4cc889cb7c,4C:96:8A:ED:6A:01,SPEN NA,-66,1761859241612
37238,1761859246148.0,0adab909-eb8f-4baf-9eed-7a4cc889cb7c,4C:96:8A:ED:6A:01,SPEN NA,-68,1761859241612
37239,1761859246462.0,0adab909-eb8f-4baf-9eed-7a4cc889cb7c,4C:96:8A:ED:6A:01,SPEN NA,-64,1761859241612
37240,1761859246762.0,0adab909-eb8f-4baf-9eed-7a4cc889cb7c,4C:96:8A:ED:6A:01,SPEN NA,-66,1761859241612
37241,1761859246871.0,0adab909-eb8f-4baf-9eed-7a4cc889cb7c,4C:96:8A:ED:6A:01,SPEN NA,-65,1761859241612
37242,1761859247121.0,0adab909-eb8f-4baf-9eed-7a4cc889cb7c,4C:96:8A:ED:6A:01,SPEN NA,-68,1761859241612
37243,1761859247839.0,0adab909-eb8f-4baf-9eed-7a4cc889cb7c,4C:96:8A:ED:6A:01,SPEN NA,-66,1761859241612
37244,1761859248458.0,0adab909-eb8f-4baf-9eed-7a4cc889cb7c,4C:96:8A:ED:6A:01,SPEN NA,-62,1761859241612
37245,1761859248682.0,0adab909-eb8f-4baf-9eed-7a4cc889cb7c,4C:96:8A:ED:6A:01,SPEN NA,-61,1761859241612
37246,1761859248735.0,0adab909-eb8f-4baf-9eed-7a4cc889cb7c,70:3B:5F:C7:2A:D2,,-78,1761859241612
37247,1761859249083.0,0adab909-eb8f-4baf-9eed-7a4cc889cb7c,4C:96:8A:ED:6A:01,SPEN NA,-68,1761859241612
37248,1761859249738.0,0adab909-eb8f-4baf-9eed-7a4cc889cb7c,4C:96:8A:ED:6A:01,SPEN NA,-65,1761859241612
37249,1761859250047.0,0adab909-eb8f-4baf-9eed-7a4cc889cb7c,4C:96:8A:ED:6A:01,SPEN NA,-68,1761859241612
37250,1761859250350.0,0adab909-eb8f-4baf-9eed-7a4cc889cb7c,4C:96:8A:ED:6A:01,SPEN NA,-66,1761859241612
37251,1761859250662.0,0adab909-eb8f-4baf-9eed-7a4cc889cb7c,4C:96:8A:ED:6A:01,SPEN NA,-67,1761859241612
37252,1761859250749.0,0adab909-eb8f-4baf-9eed-7a4cc889cb7c,4C:96:8A:ED:6A:01,SPEN NA,-65,1761859241612
37253,1761859251303.0,0adab909-eb8f-4baf-9eed-7a4cc889cb7c,4C:96:8A:ED:6A:01,SPEN NA,-67,1761859241612
37254,1761859251648.0,0adab909-eb8f-4baf-9eed-7a4cc889cb7c,4C:96:8A:ED:6A:01,SPEN NA,-65,1761859241612
37255,1761859252461.0,0adab909-eb8f-4baf-9eed-7a4cc889cb7c,4C:96:8A:ED:6A:01,SPEN NA,-65,1761859241612
37256,1761859253504.0,0adab909-eb8f-4baf-9eed-7a4cc889cb7c,4C:96:8A:ED:6A:01,SPEN NA,-66,1761859241612
37257,1761859254523.0,0adab909-eb8f-4baf-9eed-7a4cc889cb7c,4C:96:8A:ED:6A:01,SPEN NA,-68,1761859241612
37258,1761859255408.0,0adab909-eb8f-4baf-9eed-7a4cc889cb7c,4C:96:8A:ED:6A:01,SPEN NA,-65,1761859241612
37259,1761859255875.0,0adab909-eb8f-4baf-9eed-7a4cc889cb7c,FF:10:10:AE:A7:64,Sunset lights,-83,1761859241612
37260,1761859256469.0,0adab909-eb8f-4baf-9eed-7a4cc889cb7c,4D:92:77:09:F7:7B,,-81,1761859241612
37261,1761859257230.0,0adab909-eb8f-4baf-9eed-7a4cc889cb7c,70:3B:5F:C7:2A:D2,,-78,1761859241612
37262,1761859257845.0,0adab909-eb8f-4baf-9eed-7a4cc889cb7c,DA:B1:9C:94:AD:04,,-82,1761859241612
37263,1761859886069.0,0adab909-eb8f-4baf-9eed-7a4cc889cb7c,FF:10:10:AE:A7:64,Sunset lights,-83,1761859885964
37264,1761859886443.0,0adab909-eb8f-4baf-9eed-7a4cc889cb7c,62:33:0D:5B:0A:52,,-75,1761859885964
37265,1761859887001.0,0adab909-eb8f-4baf-9eed-7a4cc889cb7c,48:08:AB:B6:7F:99,,-75,1761859885964
37266,1761859887098.0,0adab909-eb8f-4baf-9eed-7a4cc889cb7c,5A:AE:2B:6B:20:EC,,-79,1761859885964
37267,1761859887351.0,0adab909-eb8f-4baf-9eed-7a4cc889cb7c,49:73:AA:36:9F:08,,-75,1761859885964
37268,1761859888053.0,0adab909-eb8f-4baf-9eed-7a4cc889cb7c,70:3B:5F:C7:2A:D2,,-92,1761859885964
37269,1761860391423.0,0adab909-eb8f-4baf-9eed-7a4cc889cb7c,4B:AA:BB:59:69:27,,-84,1761860391362
37270,1761860391485.0,0adab909-eb8f-4baf-9eed-7a4cc889cb7c,5E:47:A3:DA:87:7D,,-89,1761860391362
37271,1761860391777.0,0adab909-eb8f-4baf-9eed-7a4cc889cb7c,FF:10:10:AE:A7:64,Sunset lights,-83,1761860391362
37272,1761860392838.0,0adab909-eb8f-4baf-9eed-7a4cc889cb7c,5E:57:BA:1A:1D:B9,,-82,1761860391362
37273,1761860394042.0,0adab909-eb8f-4baf-9eed-7a4cc889cb7c,61:D4:37:31:FF:FD,,-74,1761860391362
37274,1761860394710.0,0adab909-eb8f-4baf-9eed-7a4cc889cb7c,48:08:AB:B6:7F:99,,-85,1761860391362
37275,1761860991521.0,0adab909-eb8f-4baf-9eed-7a4cc889cb7c,FF:10:10:AE:A7:64,Sunset lights,-84,1761860991480
37276,1761860991584.0,0adab909-eb8f-4baf-9eed-7a4cc889cb7c,45:58:8D:0D:7E:6D,,-75,1761860991480
37277,1761860991963.0,0adab909-eb8f-4baf-9eed-7a4cc889cb7c,61:D4:37:31:FF:FD,,-81,1761860991480
37278,1761860991982.0,0adab909-eb8f-4baf-9eed-7a4cc889cb7c,5E:57:BA:1A:1D:B9,,-81,1761860991480
37279,1761860992345.0,0adab909-eb8f-4baf-9eed-7a4cc889cb7c,4B:AA:BB:59:69:27,,-80,1761860991480
37280,1761860993853.0,0adab909-eb8f-4baf-9eed-7a4cc889cb7c,5E:47:A3:DA:87:7D,,-77,1761860991480
37281,1761860994482.0,0adab909-eb8f-4baf-9eed-7a4cc889cb7c,23:54:B9:B7:C8:DE,,-91,1761860991480
37282,1761861591707.0,0adab909-eb8f-4baf-9eed-7a4cc889cb7c,FF:10:10:AE:A7:64,Sunset lights,-86,1761861591550
37283,1761861592361.0,0adab909-eb8f-4baf-9eed-7a4cc889cb7c,55:BD:9F:2A:6E:B0,,-75,1761861591550
37284,1761861594477.0,0adab909-eb8f-4baf-9eed-7a4cc889cb7c,45:58:8D:0D:7E:6D,,-75,1761861591550
37285,1761861595178.0,0adab909-eb8f-4baf-9eed-7a4cc889cb7c,75:A1:14:BB:9D:E5,,-74,1761861591550
37286,1761861595196.0,0adab909-eb8f-4baf-9eed-7a4cc889cb7c,6E:FC:12:EC:19:DB,,-75,1761861591550
37287,1761861595794.0,0adab909-eb8f-4baf-9eed-7a4cc889cb7c,5E:47:A3:DA:87:7D,,-78,1761861591550
37288,1761861603580.0,0adab909-eb8f-4baf-9eed-7a4cc889cb7c,51:DE:A6:24:4B:23,,-77,1761861591550
37289,1761862191576.0,0adab909-eb8f-4baf-9eed-7a4cc889cb7c,74:0A:90:26:7C:30,,-85,1761862191497
37290,1761862191955.0,0adab909-eb8f-4baf-9eed-7a4cc889cb7c,FF:10:10:AE:A7:64,Sunset lights,-78,1761862191497
37291,1761862192205.0,0adab909-eb8f-4baf-9eed-7a4cc889cb7c,51:DE:A6:24:4B:23,,-89,1761862191497
37292,1761862192875.0,0adab909-eb8f-4baf-9eed-7a4cc889cb7c,45:58:8D:0D:7E:6D,,-76,1761862191497
37293,1761862195180.0,0adab909-eb8f-4baf-9eed-7a4cc889cb7c,76:71:05:5A:57:9E,,-76,1761862191497
37294,1761862195202.0,0adab909-eb8f-4baf-9eed-7a4cc889cb7c,62:E5:84:F6:62:50,,-76,1761862191497
37295,1761862791314.0,0adab909-eb8f-4baf-9eed-7a4cc889cb7c,74:0A:90:26:7C:30,,-80,1761862791237
37296,1761862791333.0,0adab909-eb8f-4baf-9eed-7a4cc889cb7c,FF:10:10:AE:A7:64,Sunset lights,-90,1761862791237
37297,1761862791348.0,0adab909-eb8f-4baf-9eed-7a4cc889cb7c,78:0C:93:FF:E6:5E,,-75,1761862791237
37298,1761862791364.0,0adab909-eb8f-4baf-9eed-7a4cc889cb7c,76:71:05:5A:57:9E,,-81,1761862791237
37299,1761862791378.0,0adab909-eb8f-4baf-9eed-7a4cc889cb7c,62:E5:84:F6:62:50,,-81,1761862791237
37300,1761862794848.0,0adab909-eb8f-4baf-9eed-7a4cc889cb7c,51:DE:A6:24:4B:23,,-81,1761862791237
37301,1761862804316.0,0adab909-eb8f-4baf-9eed-7a4cc889cb7c,FF:10:10:AE:A7:64,Sunset lights,-72,1761862791237
37302,1761862804361.0,0adab909-eb8f-4baf-9eed-7a4cc889cb7c,2A:25:A1:7C:41:88,,-91,1761862791237
37303,1761862804803.0,0adab909-eb8f-4baf-9eed-7a4cc889cb7c,74:0A:90:26:7C:30,,-69,1761862791237
37304,1761862805667.0,0adab909-eb8f-4baf-9eed-7a4cc889cb7c,78:0C:93:FF:E6:5E,,-80,1761862791237
37305,1761862805829.0,0adab909-eb8f-4baf-9eed-7a4cc889cb7c,C9:0A:E6:4A:F7:9C,,-72,1761862791237
37306,1761863400710.0,0adab909-eb8f-4baf-9eed-7a4cc889cb7c,FF:10:10:AE:A7:64,Sunset lights,-76,1761863400686
37307,1761863402013.0,0adab909-eb8f-4baf-9eed-7a4cc889cb7c,67:28:4F:8D:9B:CF,,-85,1761863400686
37308,1761863402362.0,0adab909-eb8f-4baf-9eed-7a4cc889cb7c,6D:8B:A9:8F:12:D6,,-70,1761863400686
37309,1761863403025.0,0adab909-eb8f-4baf-9eed-7a4cc889cb7c,78:0C:93:FF:E6:5E,,-87,1761863400686
37310,1761863403371.0,0adab909-eb8f-4baf-9eed-7a4cc889cb7c,72:E6:F7:97:D1:C4,,-79,1761863400686
37311,1761863406950.0,0adab909-eb8f-4baf-9eed-7a4cc889cb7c,42:44:5E:F5:FA:1B,,-85,1761863400686
37312,1761863413567.0,0adab909-eb8f-4baf-9eed-7a4cc889cb7c,10:33:C0:FA:A0:76,,-90,1761863400686
37313,1761863413636.0,0adab909-eb8f-4baf-9eed-7a4cc889cb7c,FF:10:10:AE:A7:64,Sunset lights,-70,1761863400686
37314,1761863414637.0,0adab909-eb8f-4baf-9eed-7a4cc889cb7c,C4:D1:67:B0:03:BC,,-85,1761863400686
37315,1761863414749.0,0adab909-eb8f-4baf-9eed-7a4cc889cb7c,6D:8B:A9:8F:12:D6,,-71,1761863400686
37316,1761863414777.0,0adab909-eb8f-4baf-9eed-7a4cc889cb7c,42:44:5E:F5:FA:1B,,-81,1761863400686
37317,1761863414803.0,0adab909-eb8f-4baf-9eed-7a4cc889cb7c,72:E6:F7:97:D1:C4,,-81,1761863400686
37318,1761863414824.0,0adab909-eb8f-4baf-9eed-7a4cc889cb7c,67:28:4F:8D:9B:CF,,-85,1761863400686
37319,1761863416573.0,0adab909-eb8f-4baf-9eed-7a4cc889cb7c,10:33:C0:FA:A0:76,,-90,1761863400686
37320,1761864291334.0,0adab909-eb8f-4baf-9eed-7a4cc889cb7c,4A:62:76:46:C0:03,,-84,1761864291255
37321,1761864291382.0,0adab909-eb8f-4baf-9eed-7a4cc889cb7c,FF:10:10:AE:A7:64,Sunset lights,-73,1761864291255
37322,1761864292073.0,0adab909-eb8f-4baf-9eed-7a4cc889cb7c,61:5B:F0:61:5D:75,,-74,1761864291255
37323,1761864293687.0,0adab909-eb8f-4baf-9eed-7a4cc889cb7c,78:27:E2:59:93:8D,,-86,1761864291255
37324,1761864304143.0,0adab909-eb8f-4baf-9eed-7a4cc889cb7c,78:27:E2:59:93:8D,,-84,1761864291255
37325,1761864304214.0,0adab909-eb8f-4baf-9eed-7a4cc889cb7c,4A:62:76:46:C0:03,,-84,1761864291255
37326,1761864304233.0,0adab909-eb8f-4baf-9eed-7a4cc889cb7c,FF:10:10:AE:A7:64,Sunset lights,-73,1761864291255
37327,1761864305327.0,0adab909-eb8f-4baf-9eed-7a4cc889cb7c,61:5B:F0:61:5D:75,,-82,1761864291255
37328,1761864891770.0,0adab909-eb8f-4baf-9eed-7a4cc889cb7c,7A:73:76:F0:7F:5C,,-79,1761864891383
37329,1761864892452.0,0adab909-eb8f-4baf-9eed-7a4cc889cb7c,FF:10:10:AE:A7:64,Sunset lights,-76,1761864891383
37330,1761864892761.0,0adab909-eb8f-4baf-9eed-7a4cc889cb7c,78:27:E2:59:93:8D,,-86,1761864891383
37331,1761864898843.0,0adab909-eb8f-4baf-9eed-7a4cc889cb7c,61:5B:F0:61:5D:75,,-72,1761864891383
37332,1761864904285.0,0adab909-eb8f-4baf-9eed-7a4cc889cb7c,F2:FF:FD:2C:36:BA,,-72,1761864891383
37333,1761864904311.0,0adab909-eb8f-4baf-9eed-7a4cc889cb7c,F5:CE:7F:78:D3:C8,,-86,1761864891383
37334,1761864904332.0,0adab909-eb8f-4baf-9eed-7a4cc889cb7c,7A:73:76:F0:7F:5C,,-85,1761864891383
37335,1761864904392.0,0adab909-eb8f-4baf-9eed-7a4cc889cb7c,FF:10:10:AE:A7:64,Sunset lights,-76,1761864891383
37336,1761864905408.0,0adab909-eb8f-4baf-9eed-7a4cc889cb7c,78:27:E2:59:93:8D,,-81,1761864891383
37337,1761864905435.0,0adab909-eb8f-4baf-9eed-7a4cc889cb7c,EF:3A:B3:92:97:D0,,-75,1761864891383
37338,1761864905454.0,0adab909-eb8f-4baf-9eed-7a4cc889cb7c,61:5B:F0:61:5D:75,,-75,1761864891383
37339,1761864906284.0,0adab909-eb8f-4baf-9eed-7a4cc889cb7c,0C:33:BE:AA:E4:E4,,-93,1761864891383
37340,1761865191452.0,0adab909-eb8f-4baf-9eed-7a4cc889cb7c,7A:73:76:F0:7F:5C,,-85,1761865191432
37341,1761865191486.0,0adab909-eb8f-4baf-9eed-7a4cc889cb7c,FF:10:10:AE:A7:64,Sunset lights,-82,1761865191432
37342,1761865193802.0,0adab909-eb8f-4baf-9eed-7a4cc889cb7c,78:27:E2:59:93:8D,,-79,1761865191432
37343,1761865200444.0,0adab909-eb8f-4baf-9eed-7a4cc889cb7c,61:5B:F0:61:5D:75,,-74,1761865191432
37344,1761865204320.0,0adab909-eb8f-4baf-9eed-7a4cc889cb7c,1A:BE:65:52:43:8F,,-92,1761865191432
37345,1761865204363.0,0adab909-eb8f-4baf-9eed-7a4cc889cb7c,FF:10:10:AE:A7:64,Sunset lights,-77,1761865191432
37346,1761865204435.0,0adab909-eb8f-4baf-9eed-7a4cc889cb7c,EE:1F:95:BF:DA:F5,,-81,1761865191432
37347,1761865204458.0,0adab909-eb8f-4baf-9eed-7a4cc889cb7c,7A:73:76:F0:7F:5C,,-78,1761865191432
37348,1761865204479.0,0adab909-eb8f-4baf-9eed-7a4cc889cb7c,D5:6D:90:94:DD:1C,,-76,1761865191432
37349,1761865205374.0,0adab909-eb8f-4baf-9eed-7a4cc889cb7c,C8:05:7A:16:39:FB,,-81,1761865191432
37350,1761865206494.0,0adab909-eb8f-4baf-9eed-7a4cc889cb7c,61:5B:F0:61:5D:75,,-87,1761865191432
37351,1761865791495.0,0adab909-eb8f-4baf-9eed-7a4cc889cb7c,5D:46:22:0E:10:FC,,-84,1761865791375
37352,1761865791523.0,0adab909-eb8f-4baf-9eed-7a4cc889cb7c,6A:0A:74:BC:15:CF,,-84,1761865791375
37353,1761865791778.0,0adab909-eb8f-4baf-9eed-7a4cc889cb7c,FF:10:10:AE:A7:64,Sunset lights,-84,1761865791375
37354,1761865791820.0,0adab909-eb8f-4baf-9eed-7a4cc889cb7c,77:5B:BE:D5:00:29,,-82,1761865791375
37355,1761865796344.0,0adab909-eb8f-4baf-9eed-7a4cc889cb7c,74:90:87:96:5C:16,,-85,1761865791375
37356,1761865798919.0,0adab909-eb8f-4baf-9eed-7a4cc889cb7c,4D:A8:DF:E4:5F:FB,,-82,1761865791375
37357,1761865804247.0,0adab909-eb8f-4baf-9eed-7a4cc889cb7c,FF:10:10:AE:A7:64,Sunset lights,-77,1761865791375
37358,1761865804398.0,0adab909-eb8f-4baf-9eed-7a4cc889cb7c,5D:46:22:0E:10:FC,,-85,1761865791375
37359,1761865804427.0,0adab909-eb8f-4baf-9eed-7a4cc889cb7c,6A:0A:74:BC:15:CF,,-81,1761865791375
37360,1761865804472.0,0adab909-eb8f-4baf-9eed-7a4cc889cb7c,74:90:87:96:5C:16,,-81,1761865791375
37361,1761865804491.0,0adab909-eb8f-4baf-9eed-7a4cc889cb7c,4D:A8:DF:E4:5F:FB,,-89,1761865791375
37362,1761865805318.0,0adab909-eb8f-4baf-9eed-7a4cc889cb7c,D1:B2:B0:6E:2F:C1,,-74,1761865791375
37363,1761865807234.0,0adab909-eb8f-4baf-9eed-7a4cc889cb7c,FE:73:C1:F3:19:22,,-84,1761865791375
37364,1761866391107.0,0adab909-eb8f-4baf-9eed-7a4cc889cb7c,FF:10:10:AE:A7:64,Sunset lights,-76,1761866391043
37365,1761866391147.0,0adab909-eb8f-4baf-9eed-7a4cc889cb7c,5D:46:22:0E:10:FC,,-83,1761866391043
37366,1761866391448.0,0adab909-eb8f-4baf-9eed-7a4cc889cb7c,73:73:3D:11:EF:1C,,-91,1761866391043
37367,1761866395342.0,0adab909-eb8f-4baf-9eed-7a4cc889cb7c,77:5B:BE:D5:00:29,,-92,1761866391043
37368,1761866399152.0,0adab909-eb8f-4baf-9eed-7a4cc889cb7c,4D:A8:DF:E4:5F:FB,,-82,1761866391043
37369,1761866404082.0,0adab909-eb8f-4baf-9eed-7a4cc889cb7c,FF:10:10:AE:A7:64,Sunset lights,-82,1761866391043
37370,1761866405061.0,0adab909-eb8f-4baf-9eed-7a4cc889cb7c,D8:53:A3:09:2C:35,,-83,1761866391043
37371,1761866405195.0,0adab909-eb8f-4baf-9eed-7a4cc889cb7c,4D:A8:DF:E4:5F:FB,,-86,1761866391043
37372,1761866991853.0,0adab909-eb8f-4baf-9eed-7a4cc889cb7c,FF:10:10:AE:A7:64,Sunset lights,-75,1761866991066
37373,1761866992842.0,0adab909-eb8f-4baf-9eed-7a4cc889cb7c,6B:E8:52:C5:D0:3A,,-80,1761866991066
37374,1761866994651.0,0adab909-eb8f-4baf-9eed-7a4cc889cb7c,65:A0:B0:77:F0:90,,-84,1761866991066
37375,1761867003944.0,0adab909-eb8f-4baf-9eed-7a4cc889cb7c,C3:F9:D3:56:00:9E,,-80,1761866991066
37376,1761867003977.0,0adab909-eb8f-4baf-9eed-7a4cc889cb7c,65:A0:B0:77:F0:90,,-82,1761866991066
37377,1761867004911.0,0adab909-eb8f-4baf-9eed-7a4cc889cb7c,EA:50:0B:6F:1C:7B,,-89,1761866991066
37378,1761867004933.0,0adab909-eb8f-4baf-9eed-7a4cc889cb7c,FF:10:10:AE:A7:64,Sunset lights,-72,1761866991066
37379,1761867006065.0,0adab909-eb8f-4baf-9eed-7a4cc889cb7c,6B:E8:52:C5:D0:3A,,-75,1761866991066
37380,1761867591227.0,0adab909-eb8f-4baf-9eed-7a4cc889cb7c,FF:10:10:AE:A7:64,Sunset lights,-81,1761867591071
37381,1761867592176.0,0adab909-eb8f-4baf-9eed-7a4cc889cb7c,6B:E8:52:C5:D0:3A,,-82,1761867591071
37382,1761867593061.0,0adab909-eb8f-4baf-9eed-7a4cc889cb7c,65:A0:B0:77:F0:90,,-89,1761867591071
37383,1761867603966.0,0adab909-eb8f-4baf-9eed-7a4cc889cb7c,FF:10:10:AE:A7:64,Sunset lights,-77,1761867591071
37384,1761867604004.0,0adab909-eb8f-4baf-9eed-7a4cc889cb7c,6B:E8:52:C5:D0:3A,,-77,1761867591071
37385,1761867604087.0,0adab909-eb8f-4baf-9eed-7a4cc889cb7c,65:A0:B0:77:F0:90,,-88,1761867591071
37386,1761867606896.0,0adab909-eb8f-4baf-9eed-7a4cc889cb7c,EA:50:0B:6F:1C:7B,,-84,1761867591071
37387,1761868293977.0,0adab909-eb8f-4baf-9eed-7a4cc889cb7c,FF:10:10:AE:A7:64,Sunset lights,-77,1761868293927
37388,1761868294710.0,0adab909-eb8f-4baf-9eed-7a4cc889cb7c,6B:E8:52:C5:D0:3A,,-70,1761868293927
37389,1761868295024.0,0adab909-eb8f-4baf-9eed-7a4cc889cb7c,60:45:02:C9:DB:2F,,-84,1761868293927
37390,1761868894336.0,0adab909-eb8f-4baf-9eed-7a4cc889cb7c,60:45:02:C9:DB:2F,,-77,1761868893979
37391,1761868894388.0,0adab909-eb8f-4baf-9eed-7a4cc889cb7c,62:3F:73:5E:50:C4,,-76,1761868893979
37392,1761868894614.0,0adab909-eb8f-4baf-9eed-7a4cc889cb7c,FF:10:10:AE:A7:64,Sunset lights,-82,1761868893979
37393,1761869494042.0,0adab909-eb8f-4baf-9eed-7a4cc889cb7c,62:3F:73:5E:50:C4,,-74,1761869493981
37394,1761869494059.0,0adab909-eb8f-4baf-9eed-7a4cc889cb7c,FF:10:10:AE:A7:64,Sunset lights,-74,1761869493981
37395,1761869495711.0,0adab909-eb8f-4baf-9eed-7a4cc889cb7c,77:4B:46:1A:32:2D,,-70,1761869493981
37396,1761869496100.0,0adab909-eb8f-4baf-9eed-7a4cc889cb7c,60:45:02:C9:DB:2F,,-85,1761869493981
37397,1761870025977.0,0adab909-eb8f-4baf-9eed-7a4cc889cb7c,62:3F:73:5E:50:C4,,-74,1761870025909
37398,1761870025991.0,0adab909-eb8f-4baf-9eed-7a4cc889cb7c,77:4B:46:1A:32:2D,,-69,1761870025909
37399,1761870026003.0,0adab909-eb8f-4baf-9eed-7a4cc889cb7c,FF:10:10:AE:A7:64,Sunset lights,-74,1761870025909
37400,1761870026630.0,0adab909-eb8f-4baf-9eed-7a4cc889cb7c,42:3E:AB:59:48:93,,-79,1761870025909
37401,1761870926294.0,0adab909-eb8f-4baf-9eed-7a4cc889cb7c,FF:10:10:AE:A7:64,Sunset lights,-80,1761870925908
37402,1761870927302.0,0adab909-eb8f-4baf-9eed-7a4cc889cb7c,6B:56:27:C2:39:66,,-73,1761870925908
37403,1761870928233.0,0adab909-eb8f-4baf-9eed-7a4cc889cb7c,4C:83:1D:02:C4:D6,,-73,1761870925908
37404,1761871226168.0,0adab909-eb8f-4baf-9eed-7a4cc889cb7c,FF:10:10:AE:A7:64,Sunset lights,-79,1761871226163
37405,1761871226411.0,0adab909-eb8f-4baf-9eed-7a4cc889cb7c,4C:83:1D:02:C4:D6,,-77,1761871226163
37406,1761871226486.0,0adab909-eb8f-4baf-9eed-7a4cc889cb7c,6B:56:27:C2:39:66,,-76,1761871226163
37407,1761872127949.0,0adab909-eb8f-4baf-9eed-7a4cc889cb7c,FF:10:10:AE:A7:64,Sunset lights,-76,1761872127946
37408,1761872127962.0,0adab909-eb8f-4baf-9eed-7a4cc889cb7c,59:48:E9:87:BE:92,,-91,1761872127946
37409,1761872128959.0,0adab909-eb8f-4baf-9eed-7a4cc889cb7c,73:FA:A7:56:B8:35,,-73,1761872127946
37410,1761872129282.0,0adab909-eb8f-4baf-9eed-7a4cc889cb7c,6B:56:27:C2:39:66,,-74,1761872127946
37411,1761872427895.0,0adab909-eb8f-4baf-9eed-7a4cc889cb7c,FF:10:10:AE:A7:64,Sunset lights,-76,1761872427839
37412,1761872430894.0,0adab909-eb8f-4baf-9eed-7a4cc889cb7c,73:FA:A7:56:B8:35,,-75,1761872427839
37413,1761872436282.0,0adab909-eb8f-4baf-9eed-7a4cc889cb7c,44:02:36:48:4B:2E,,-79,1761872427839
37414,1761873027941.0,0adab909-eb8f-4baf-9eed-7a4cc889cb7c,FF:10:10:AE:A7:64,Sunset lights,-76,1761873027886
37415,1761873029211.0,0adab909-eb8f-4baf-9eed-7a4cc889cb7c,44:02:36:48:4B:2E,,-74,1761873027886
37416,1761873030580.0,0adab909-eb8f-4baf-9eed-7a4cc889cb7c,70:F4:52:33:5F:24,,-70,1761873027886
37417,1761873628523.0,0adab909-eb8f-4baf-9eed-7a4cc889cb7c,FF:10:10:AE:A7:64,Sunset lights,-78,1761873628190
37418,1761873629642.0,0adab909-eb8f-4baf-9eed-7a4cc889cb7c,75:A0:EE:65:FD:02,,-78,1761873628190
37419,1761873630473.0,0adab909-eb8f-4baf-9eed-7a4cc889cb7c,70:F4:52:33:5F:24,,-70,1761873628190
37420,1761874460598.0,0adab909-eb8f-4baf-9eed-7a4cc889cb7c,68:38:A7:3F:5A:E9,,-70,1761874459884
37421,1761874460619.0,0adab909-eb8f-4baf-9eed-7a4cc889cb7c,FF:10:10:AE:A7:64,Sunset lights,-78,1761874459884
37422,1761874460962.0,0adab909-eb8f-4baf-9eed-7a4cc889cb7c,75:A0:EE:65:FD:02,,-82,1761874459884
37423,1761875062822.0,0adab909-eb8f-4baf-9eed-7a4cc889cb7c,FF:10:10:AE:A7:64,Sunset lights,-73,1761875059842
37424,1761875063827.0,0adab909-eb8f-4baf-9eed-7a4cc889cb7c,75:A0:EE:65:FD:02,,-83,1761875059842
37425,1761875066049.0,0adab909-eb8f-4baf-9eed-7a4cc889cb7c,68:38:A7:3F:5A:E9,,-72,1761875059842
37426,1761875660595.0,0adab909-eb8f-4baf-9eed-7a4cc889cb7c,FF:10:10:AE:A7:64,Sunset lights,-78,1761875660221
37427,1761875660610.0,0adab909-eb8f-4baf-9eed-7a4cc889cb7c,5E:5D:65:2C:26:65,,-71,1761875660221
37428,1761875660908.0,0adab909-eb8f-4baf-9eed-7a4cc889cb7c,6B:7E:0A:5A:17:1F,,-81,1761875660221
37429,1761876191890.0,0adab909-eb8f-4baf-9eed-7a4cc889cb7c,5E:5D:65:2C:26:65,,-76,1761876191808
37430,1761876192210.0,0adab909-eb8f-4baf-9eed-7a4cc889cb7c,FF:10:10:AE:A7:64,Sunset lights,-78,1761876191808
37431,1761876192227.0,0adab909-eb8f-4baf-9eed-7a4cc889cb7c,6B:7E:0A:5A:17:1F,,-73,1761876191808
37432,1761876792235.0,0adab909-eb8f-4baf-9eed-7a4cc889cb7c,FF:10:10:AE:A7:64,Sunset lights,-77,1761876791836
37433,1761876792904.0,0adab909-eb8f-4baf-9eed-7a4cc889cb7c,62:77:B6:EE:CE:67,,-81,1761876791836
37434,1761876793282.0,0adab909-eb8f-4baf-9eed-7a4cc889cb7c,5E:5D:65:2C:26:65,,-72,1761876791836
37435,1761877392239.0,0adab909-eb8f-4baf-9eed-7a4cc889cb7c,6B:BC:B2:60:BE:C1,,-72,1761877392044
37436,1761877392259.0,0adab909-eb8f-4baf-9eed-7a4cc889cb7c,FF:10:10:AE:A7:64,Sunset lights,-78,1761877392044
37437,1761877392860.0,0adab909-eb8f-4baf-9eed-7a4cc889cb7c,62:77:B6:EE:CE:67,,-81,1761877392044
37438,1761878025028.0,0adab909-eb8f-4baf-9eed-7a4cc889cb7c,78:EE:2C:91:BA:68,,-80,1761878024821
37439,1761878025543.0,0adab909-eb8f-4baf-9eed-7a4cc889cb7c,6B:BC:B2:60:BE:C1,,-70,1761878024821
37440,1761878026510.0,0adab909-eb8f-4baf-9eed-7a4cc889cb7c,FF:10:10:AE:A7:64,Sunset lights,-76,1761878024821
37441,1761878625038.0,0adab909-eb8f-4baf-9eed-7a4cc889cb7c,FF:10:10:AE:A7:64,Sunset lights,-76,1761878625035
37442,1761878625602.0,0adab909-eb8f-4baf-9eed-7a4cc889cb7c,78:EE:2C:91:BA:68,,-78,1761878625035
37443,1761878631395.0,0adab909-eb8f-4baf-9eed-7a4cc889cb7c,56:33:CF:48:65:2C,,-70,1761878625035
37444,1761879225468.0,0adab909-eb8f-4baf-9eed-7a4cc889cb7c,FF:10:10:AE:A7:64,Sunset lights,-80,1761879224807
37445,1761879226458.0,0adab909-eb8f-4baf-9eed-7a4cc889cb7c,56:33:CF:48:65:2C,,-71,1761879224807
37446,1761879227124.0,0adab909-eb8f-4baf-9eed-7a4cc889cb7c,6E:1E:1C:2D:AB:2C,,-72,1761879224807
37447,1761879824566.0,0adab909-eb8f-4baf-9eed-7a4cc889cb7c,FF:10:10:AE:A7:64,Sunset lights,-80,1761879823868
37448,1761879825199.0,0adab909-eb8f-4baf-9eed-7a4cc889cb7c,6E:1E:1C:2D:AB:2C,,-72,1761879823868
37449,1761879825212.0,0adab909-eb8f-4baf-9eed-7a4cc889cb7c,76:0E:AD:EE:79:0E,,-72,1761879823868
37450,1761880422846.0,0adab909-eb8f-4baf-9eed-7a4cc889cb7c,FF:10:10:AE:A7:64,Sunset lights,-76,1761880422645
37451,1761880422863.0,0adab909-eb8f-4baf-9eed-7a4cc889cb7c,76:0E:AD:EE:79:0E,,-71,1761880422645
37452,1761880424840.0,0adab909-eb8f-4baf-9eed-7a4cc889cb7c,6E:1E:1C:2D:AB:2C,,-72,1761880422645
37453,1761881023002.0,0adab909-eb8f-4baf-9eed-7a4cc889cb7c,FF:10:10:AE:A7:64,Sunset lights,-72,1761881022796
37454,1761881023141.0,0adab909-eb8f-4baf-9eed-7a4cc889cb7c,66:BF:5A:4C:6C:F7,,-72,1761881022796
37455,1761881023165.0,0adab909-eb8f-4baf-9eed-7a4cc889cb7c,69:FC:66:F3:E3:0F,,-72,1761881022796
37456,1761881626031.0,0adab909-eb8f-4baf-9eed-7a4cc889cb7c,66:BF:5A:4C:6C:F7,,-75,1761881626030
37457,1761881626522.0,0adab909-eb8f-4baf-9eed-7a4cc889cb7c,69:FC:66:F3:E3:0F,,-77,1761881626030
37458,1761881626555.0,0adab909-eb8f-4baf-9eed-7a4cc889cb7c,FF:10:10:AE:A7:64,Sunset lights,-78,1761881626030
37459,1761882226002.0,0adab909-eb8f-4baf-9eed-7a4cc889cb7c,FF:10:10:AE:A7:64,Sunset lights,-72,1761882225999
37460,1761882226253.0,0adab909-eb8f-4baf-9eed-7a4cc889cb7c,79:FB:D9:89:B2:7C,,-72,1761882225999
37461,1761882226894.0,0adab909-eb8f-4baf-9eed-7a4cc889cb7c,66:BF:5A:4C:6C:F7,,-75,1761882225999
37462,1761882826028.0,0adab909-eb8f-4baf-9eed-7a4cc889cb7c,FF:10:10:AE:A7:64,Sunset lights,-72,1761882825813
37463,1761882826832.0,0adab909-eb8f-4baf-9eed-7a4cc889cb7c,79:FB:D9:89:B2:7C,,-82,1761882825813
37464,1761882827147.0,0adab909-eb8f-4baf-9eed-7a4cc889cb7c,6D:D7:F8:D7:CC:F8,,-71,1761882825813
37465,1761883356510.0,0adab909-eb8f-4baf-9eed-7a4cc889cb7c,FF:10:10:AE:A7:64,Sunset lights,-78,1761883355804
37466,1761883356861.0,0adab909-eb8f-4baf-9eed-7a4cc889cb7c,6D:D7:F8:D7:CC:F8,,-76,1761883355804
37467,1761883357159.0,0adab909-eb8f-4baf-9eed-7a4cc889cb7c,79:FB:D9:89:B2:7C,,-74,1761883355804
37468,1761883956456.0,0adab909-eb8f-4baf-9eed-7a4cc889cb7c,FF:10:10:AE:A7:64,Sunset lights,-76,1761883955747
37469,1761883956482.0,0adab909-eb8f-4baf-9eed-7a4cc889cb7c,6D:D7:F8:D7:CC:F8,,-70,1761883955747
37470,1761883956834.0,0adab909-eb8f-4baf-9eed-7a4cc889cb7c,62:D1:C7:B0:E6:73,,-83,1761883955747
37471,1761883961020.0,0adab909-eb8f-4baf-9eed-7a4cc889cb7c,42:E3:A7:10:81:CD,,-74,1761883955747
37472,1761883968367.0,0adab909-eb8f-4baf-9eed-7a4cc889cb7c,40:CF:35:21:1A:FF,,-79,1761883955747
37473,1761884555760.0,0adab909-eb8f-4baf-9eed-7a4cc889cb7c,FF:10:10:AE:A7:64,Sunset lights,-77,1761884555749
37474,1761884556169.0,0adab909-eb8f-4baf-9eed-7a4cc889cb7c,62:A6:DC:F0:B0:AA,,-72,1761884555749
37475,1761884557152.0,0adab909-eb8f-4baf-9eed-7a4cc889cb7c,62:D1:C7:B0:E6:73,,-74,1761884555749
37476,1761884562244.0,0adab909-eb8f-4baf-9eed-7a4cc889cb7c,42:E3:A7:10:81:CD,,-73,1761884555749
37477,1761885155385.0,0adab909-eb8f-4baf-9eed-7a4cc889cb7c,FF:10:10:AE:A7:64,Sunset lights,-76,1761885154762
37478,1761885155516.0,0adab909-eb8f-4baf-9eed-7a4cc889cb7c,40:CF:35:21:1A:FF,,-75,1761885154762
37479,1761885155777.0,0adab909-eb8f-4baf-9eed-7a4cc889cb7c,40:D2:EA:7B:56:6D,,-71,1761885154762
37480,1761885155795.0,0adab909-eb8f-4baf-9eed-7a4cc889cb7c,62:A6:DC:F0:B0:AA,,-75,1761885154762
37481,1761885158034.0,0adab909-eb8f-4baf-9eed-7a4cc889cb7c,77:CB:EA:7C:F6:26,,-72,1761885154762
37482,1761885158656.0,0adab909-eb8f-4baf-9eed-7a4cc889cb7c,42:22:23:F3:C4:0F,,-71,1761885154762
37483,1761885687031.0,0adab909-eb8f-4baf-9eed-7a4cc889cb7c,FF:10:10:AE:A7:64,Sunset lights,-75,1761885687028
37484,1761885687104.0,0adab909-eb8f-4baf-9eed-7a4cc889cb7c,77:1C:A0:E7:03:15,,-71,1761885687028
37485,1761885687125.0,0adab909-eb8f-4baf-9eed-7a4cc889cb7c,77:CB:EA:7C:F6:26,,-74,1761885687028
37486,1761885689051.0,0adab909-eb8f-4baf-9eed-7a4cc889cb7c,47:DC:08:65:D8:3C,,-72,1761885687028
37487,1761885691966.0,0adab909-eb8f-4baf-9eed-7a4cc889cb7c,42:22:23:F3:C4:0F,,-77,1761885687028
37488,1761886286963.0,0adab909-eb8f-4baf-9eed-7a4cc889cb7c,47:DC:08:65:D8:3C,,-74,1761886286960
37489,1761886287153.0,0adab909-eb8f-4baf-9eed-7a4cc889cb7c,77:1C:A0:E7:03:15,,-81,1761886286960
37490,1761886287170.0,0adab909-eb8f-4baf-9eed-7a4cc889cb7c,FF:10:10:AE:A7:64,Sunset lights,-79,1761886286960
37491,1761886287828.0,0adab909-eb8f-4baf-9eed-7a4cc889cb7c,6E:43:41:56:0D:BB,,-82,1761886286960
37492,1761886291006.0,0adab909-eb8f-4baf-9eed-7a4cc889cb7c,6F:68:E5:DD:6C:EF,,-76,1761886286960
37493,1761886886967.0,0adab909-eb8f-4baf-9eed-7a4cc889cb7c,FF:10:10:AE:A7:64,Sunset lights,-76,1761886886963
37494,1761886888102.0,0adab909-eb8f-4baf-9eed-7a4cc889cb7c,7B:DB:26:A6:78:C6,,-73,1761886886963
37495,1761886889130.0,0adab909-eb8f-4baf-9eed-7a4cc889cb7c,6E:43:41:56:0D:BB,,-75,1761886886963
37496,1761887506144.0,0adab909-eb8f-4baf-9eed-7a4cc889cb7c,FF:10:10:AE:A7:64,Sunset lights,-78,1761887505930
37497,1761887506789.0,0adab909-eb8f-4baf-9eed-7a4cc889cb7c,4D:4E:7D:76:1E:86,,-82,1761887505930
37498,1761887510974.0,0adab909-eb8f-4baf-9eed-7a4cc889cb7c,74:2E:37:11:20:3E,,-93,1761887505930
37499,1761888106498.0,0adab909-eb8f-4baf-9eed-7a4cc889cb7c,5B:39:8A:21:D3:9E,,-89,1761888105920
37500,1761888106796.0,0adab909-eb8f-4baf-9eed-7a4cc889cb7c,4D:4E:7D:76:1E:86,,-82,1761888105920
37501,1761888107073.0,0adab909-eb8f-4baf-9eed-7a4cc889cb7c,FF:10:10:AE:A7:64,Sunset lights,-78,1761888105920
37502,1761888110026.0,0adab909-eb8f-4baf-9eed-7a4cc889cb7c,B0:38:E2:3A:36:17,,-89,1761888105920
37503,1761888708179.0,0adab909-eb8f-4baf-9eed-7a4cc889cb7c,47:EF:F0:8C:DA:A7,,-75,1761888706921
37504,1761888709154.0,0adab909-eb8f-4baf-9eed-7a4cc889cb7c,FF:10:10:AE:A7:64,Sunset lights,-78,1761888706921
37505,1761889238754.0,0adab909-eb8f-4baf-9eed-7a4cc889cb7c,FF:10:10:AE:A7:64,Sunset lights,-72,1761889238724
37506,1761889240446.0,0adab909-eb8f-4baf-9eed-7a4cc889cb7c,47:EF:F0:8C:DA:A7,,-78,1761889238724
37507,1761889243588.0,0adab909-eb8f-4baf-9eed-7a4cc889cb7c,56:88:26:5D:A2:FD,,-88,1761889238724
37508,1761890140750.0,0adab909-eb8f-4baf-9eed-7a4cc889cb7c,6D:44:D2:F9:EC:27,,-82,1761890138727
37509,1761890140765.0,0adab909-eb8f-4baf-9eed-7a4cc889cb7c,FF:10:10:AE:A7:64,Sunset lights,-74,1761890138727
37510,1761890146178.0,0adab909-eb8f-4baf-9eed-7a4cc889cb7c,06:60:4C:72:A5:D8,,-87,1761890138727
37511,1761890439760.0,0adab909-eb8f-4baf-9eed-7a4cc889cb7c,FF:10:10:AE:A7:64,Sunset lights,-76,1761890438684
37512,1761890440387.0,0adab909-eb8f-4baf-9eed-7a4cc889cb7c,6D:44:D2:F9:EC:27,,-77,1761890438684
37513,1761891031698.0,0adab909-eb8f-4baf-9eed-7a4cc889cb7c,6D:44:D2:F9:EC:27,,-82,1761891031695
37514,1761891032739.0,0adab909-eb8f-4baf-9eed-7a4cc889cb7c,FF:10:10:AE:A7:64,Sunset lights,-75,1761891031695
37515,1761891034027.0,0adab909-eb8f-4baf-9eed-7a4cc889cb7c,26:F1:1E:D8:2F:49,,-96,1761891031695
37516,1761891035013.0,0adab909-eb8f-4baf-9eed-7a4cc889cb7c,6C:D3:EE:3A:BE:82,,-94,1761891031695
37517,1761891632093.0,0adab909-eb8f-4baf-9eed-7a4cc889cb7c,60:97:DF:F8:8C:7C,,-72,1761891631674
37518,1761891632729.0,0adab909-eb8f-4baf-9eed-7a4cc889cb7c,FF:10:10:AE:A7:64,Sunset lights,-74,1761891631674
37519,1761892232110.0,0adab909-eb8f-4baf-9eed-7a4cc889cb7c,FF:10:10:AE:A7:64,Sunset lights,-88,1761892231712
37520,1761892236687.0,0adab909-eb8f-4baf-9eed-7a4cc889cb7c,78:4D:A3:D8:EA:7C,,-81,1761892231712
37521,1761892241446.0,0adab909-eb8f-4baf-9eed-7a4cc889cb7c,57:0A:3E:EE:CF:D8,,-89,1761892231712
37522,1761892833763.0,0adab909-eb8f-4baf-9eed-7a4cc889cb7c,FF:10:10:AE:A7:64,Sunset lights,-72,1761892832290
37523,1761892834426.0,0adab909-eb8f-4baf-9eed-7a4cc889cb7c,7A:7B:F0:7C:01:30,,-80,1761892832290
37524,1761892837983.0,0adab909-eb8f-4baf-9eed-7a4cc889cb7c,00:1E:42:B2:11:A4,,-100,1761892832290
37525,1761892838875.0,0adab909-eb8f-4baf-9eed-7a4cc889cb7c,65:15:B9:69:18:91,,-92,1761892832290
37526,1761892840561.0,0adab909-eb8f-4baf-9eed-7a4cc889cb7c,00:1E:42:B2:11:A4,MTKBTDEVICE,-98,1761892832290
37527,1761892843367.0,0adab909-eb8f-4baf-9eed-7a4cc889cb7c,53:43:A8:10:95:EF,,-92,1761892832290
37528,1761893493172.0,0adab909-eb8f-4baf-9eed-7a4cc889cb7c,FF:10:10:AE:A7:64,Sunset lights,-76,1761893492998
37529,1761893493775.0,0adab909-eb8f-4baf-9eed-7a4cc889cb7c,7A:7B:F0:7C:01:30,,-82,1761893492998
37530,1761893496038.0,0adab909-eb8f-4baf-9eed-7a4cc889cb7c,75:13:BF:92:0C:81,,-91,1761893492998
37531,1761893499606.0,0adab909-eb8f-4baf-9eed-7a4cc889cb7c,77:D6:8E:3B:06:9A,,-86,1761893492998
37532,1761894264124.0,0adab909-eb8f-4baf-9eed-7a4cc889cb7c,66:1A:3E:69:8C:88,,-88,1761894263909
37533,1761894264139.0,0adab909-eb8f-4baf-9eed-7a4cc889cb7c,FF:10:10:AE:A7:64,Sunset lights,-76,1761894263909
37534,1761894266043.0,0adab909-eb8f-4baf-9eed-7a4cc889cb7c,73:96:F6:1A:C9:06,,-73,1761894263909
37535,1761894267642.0,0adab909-eb8f-4baf-9eed-7a4cc889cb7c,0B:8D:E0:0A:4C:BD,,-94,1761894263909
37536,1761894268916.0,0adab909-eb8f-4baf-9eed-7a4cc889cb7c,57:54:5B:F7:DD:61,,-91,1761894263909
37537,1761894271471.0,0adab909-eb8f-4baf-9eed-7a4cc889cb7c,37:2D:81:D2:0D:A9,,-87,1761894263909
37538,1761894273732.0,0adab909-eb8f-4baf-9eed-7a4cc889cb7c,47:36:CF:5C:48:C7,,-95,1761894263909
37539,1761894273750.0,0adab909-eb8f-4baf-9eed-7a4cc889cb7c,13:1D:BF:A6:4A:78,,-91,1761894263909
37540,1761894274695.0,0adab909-eb8f-4baf-9eed-7a4cc889cb7c,7F:DF:C0:69:E5:19,,-93,1761894263909
37541,1761894275345.0,0adab909-eb8f-4baf-9eed-7a4cc889cb7c,7D:15:92:9B:EF:11,,-90,1761894263909
37542,1761895035451.0,0adab909-eb8f-4baf-9eed-7a4cc889cb7c,FF:10:10:AE:A7:64,Sunset lights,-82,1761895034707
37543,1761895036029.0,0adab909-eb8f-4baf-9eed-7a4cc889cb7c,73:96:F6:1A:C9:06,,-71,1761895034707
37544,1761895284687.0,0adab909-eb8f-4baf-9eed-7a4cc889cb7c,74:33:79:8B:0A:26,,-85,1761895284676
37545,1761895285038.0,0adab909-eb8f-4baf-9eed-7a4cc889cb7c,FF:10:10:AE:A7:64,Sunset lights,-78,1761895284676
37546,1761895286383.0,0adab909-eb8f-4baf-9eed-7a4cc889cb7c,73:96:F6:1A:C9:06,,-78,1761895284676
37547,1761895948720.0,0adab909-eb8f-4baf-9eed-7a4cc889cb7c,64:62:B3:F4:9E:46,,-80,1761895948661
37548,1761895949740.0,0adab909-eb8f-4baf-9eed-7a4cc889cb7c,FF:10:10:AE:A7:64,Sunset lights,-72,1761895948661
37549,1761896548779.0,0adab909-eb8f-4baf-9eed-7a4cc889cb7c,64:62:B3:F4:9E:46,,-84,1761896548683
37550,1761896548800.0,0adab909-eb8f-4baf-9eed-7a4cc889cb7c,FF:10:10:AE:A7:64,Sunset lights,-75,1761896548683
37551,1761896554262.0,0adab909-eb8f-4baf-9eed-7a4cc889cb7c,61:08:B1:87:D3:BA,,-85,1761896548683
37552,1761897166783.0,0adab909-eb8f-4baf-9eed-7a4cc889cb7c,FF:10:10:AE:A7:64,Sunset lights,-74,1761897166677
37553,1761897170624.0,0adab909-eb8f-4baf-9eed-7a4cc889cb7c,65:0C:82:58:21:FE,,-79,1761897166677
37554,1761897660686.0,0adab909-eb8f-4baf-9eed-7a4cc889cb7c,65:0C:82:58:21:FE,,-79,1761897660648
37555,1761897661053.0,0adab909-eb8f-4baf-9eed-7a4cc889cb7c,49:F4:1A:86:57:F4,,-82,1761897660648
37556,1761897661372.0,0adab909-eb8f-4baf-9eed-7a4cc889cb7c,FF:10:10:AE:A7:64,Sunset lights,-76,1761897660648
37557,1761897661733.0,0adab909-eb8f-4baf-9eed-7a4cc889cb7c,4D:47:CE:96:25:47,,-91,1761897660648
37558,1761897667218.0,0adab909-eb8f-4baf-9eed-7a4cc889cb7c,4E:69:77:FE:3E:5A,,-88,1761897660648
37559,1761897668412.0,0adab909-eb8f-4baf-9eed-7a4cc889cb7c,7D:68:70:15:F4:7F,,-82,1761897660648
37560,1761898367370.0,0adab909-eb8f-4baf-9eed-7a4cc889cb7c,4D:86:1D:A0:8A:9E,,-84,1761898366618
37561,1761898368370.0,0adab909-eb8f-4baf-9eed-7a4cc889cb7c,FF:10:10:AE:A7:64,Sunset lights,-75,1761898366618
37562,1761898371522.0,0adab909-eb8f-4baf-9eed-7a4cc889cb7c,5E:16:7A:C0:63:47,,-83,1761898366618
37563,1761899019669.0,0adab909-eb8f-4baf-9eed-7a4cc889cb7c,FF:10:10:AE:A7:64,Sunset lights,-73,1761899019631
37564,1761899022602.0,0adab909-eb8f-4baf-9eed-7a4cc889cb7c,4D:86:1D:A0:8A:9E,,-82,1761899019631
37565,1761899521758.0,0adab909-eb8f-4baf-9eed-7a4cc889cb7c,FF:10:10:AE:A7:64,Sunset lights,-78,1761899521668
37566,1761899522417.0,0adab909-eb8f-4baf-9eed-7a4cc889cb7c,4D:86:1D:A0:8A:9E,,-91,1761899521668
37567,1761899525909.0,0adab909-eb8f-4baf-9eed-7a4cc889cb7c,18:15:1C:B7:9F:56,,-95,1761899521668
37568,1761900220420.0,0adab909-eb8f-4baf-9eed-7a4cc889cb7c,53:D3:88:B8:1C:BB,,-84,1761900219636
37569,1761900221343.0,0adab909-eb8f-4baf-9eed-7a4cc889cb7c,FF:10:10:AE:A7:64,Sunset lights,-76,1761900219636
37570,1761900223963.0,0adab909-eb8f-4baf-9eed-7a4cc889cb7c,76:10:45:14:B3:60,,-74,1761900219636
37571,1761900695332.0,0adab909-eb8f-4baf-9eed-7a4cc889cb7c,76:10:45:14:B3:60,,-78,1761900694822
37572,1761900695351.0,0adab909-eb8f-4baf-9eed-7a4cc889cb7c,FF:10:10:AE:A7:64,Sunset lights,-74,1761900694822
37573,1761900704635.0,0adab909-eb8f-4baf-9eed-7a4cc889cb7c,49:02:5B:D5:8C:C5,,-93,1761900694822
37574,1761901295720.0,0adab909-eb8f-4baf-9eed-7a4cc889cb7c,FF:10:10:AE:A7:64,Sunset lights,-74,1761901294861
37575,1761901296412.0,0adab909-eb8f-4baf-9eed-7a4cc889cb7c,4C:64:80:84:BE:91,,-86,1761901294861
37576,1761901297681.0,0adab909-eb8f-4baf-9eed-7a4cc889cb7c,32:F9:11:43:34:58,,-94,1761901294861
37577,1761901322129.0,0adab909-eb8f-4baf-9eed-7a4cc889cb7c,FC:A6:17:CE:96:7C,,-81,1761901294861
37578,1761901322185.0,0adab909-eb8f-4baf-9eed-7a4cc889cb7c,FF:10:10:AE:A7:64,Sunset lights,-69,1761901294861
37579,1761901893376.0,0adab909-eb8f-4baf-9eed-7a4cc889cb7c,FF:10:10:AE:A7:64,Sunset lights,-69,1761901893226
37580,1761901894296.0,0adab909-eb8f-4baf-9eed-7a4cc889cb7c,54:8A:95:A0:86:C8,,-88,1761901893226
37581,1761901894966.0,0adab909-eb8f-4baf-9eed-7a4cc889cb7c,4C:64:80:84:BE:91,,-91,1761901893226
37582,1761901901360.0,0adab909-eb8f-4baf-9eed-7a4cc889cb7c,78:E2:27:4D:72:57,,-83,1761901893226
37583,1761901902011.0,0adab909-eb8f-4baf-9eed-7a4cc889cb7c,66:45:14:A5:2C:4F,,-86,1761901893226
37584,1761901906136.0,0adab909-eb8f-4baf-9eed-7a4cc889cb7c,03:34:C8:C6:9D:A0,,-71,1761901893226
37585,1761901906239.0,0adab909-eb8f-4baf-9eed-7a4cc889cb7c,FF:10:10:AE:A7:64,Sunset lights,-68,1761901893226
37586,1761901907280.0,0adab909-eb8f-4baf-9eed-7a4cc889cb7c,18:0D:63:E3:E6:2E,,-94,1761901893226
37587,1761901909068.0,0adab909-eb8f-4baf-9eed-7a4cc889cb7c,4C:64:80:84:BE:91,,-88,1761901893226
37588,1761902511649.0,0adab909-eb8f-4baf-9eed-7a4cc889cb7c,58:91:9E:9B:EB:FF,,-84,1761902511185
37589,1761902511895.0,0adab909-eb8f-4baf-9eed-7a4cc889cb7c,FF:10:10:AE:A7:64,Sunset lights,-77,1761902511185
37590,1761902515434.0,0adab909-eb8f-4baf-9eed-7a4cc889cb7c,71:73:9C:42:1B:B8,,-80,1761902511185
37591,1761902524076.0,0adab909-eb8f-4baf-9eed-7a4cc889cb7c,10:FB:6C:5F:20:F2,,-80,1761902511185
37592,1761902524187.0,0adab909-eb8f-4baf-9eed-7a4cc889cb7c,FF:10:10:AE:A7:64,Sunset lights,-80,1761902511185
37593,1761902524216.0,0adab909-eb8f-4baf-9eed-7a4cc889cb7c,2D:0A:2E:DD:AF:1A,,-88,1761902511185
37594,1761902525126.0,0adab909-eb8f-4baf-9eed-7a4cc889cb7c,58:91:9E:9B:EB:FF,,-80,1761902511185
37595,1761903111963.0,0adab909-eb8f-4baf-9eed-7a4cc889cb7c,FF:10:10:AE:A7:64,Sunset lights,-82,1761903111178
37596,1761903112192.0,0adab909-eb8f-4baf-9eed-7a4cc889cb7c,71:73:9C:42:1B:B8,,-92,1761903111178
37597,1761903114434.0,0adab909-eb8f-4baf-9eed-7a4cc889cb7c,59:F0:2D:0F:12:39,,-84,1761903111178
37598,1761903124131.0,0adab909-eb8f-4baf-9eed-7a4cc889cb7c,0B:92:2E:AF:7C:1C,,-82,1761903111178
37599,1761903124151.0,0adab909-eb8f-4baf-9eed-7a4cc889cb7c,FF:10:10:AE:A7:64,Sunset lights,-73,1761903111178
37600,1761903125104.0,0adab909-eb8f-4baf-9eed-7a4cc889cb7c,59:F0:2D:0F:12:39,,-81,1761903111178
37601,1761903126198.0,0adab909-eb8f-4baf-9eed-7a4cc889cb7c,E3:80:7F:7A:F1:EA,,-84,1761903111178
37602,1761903126235.0,0adab909-eb8f-4baf-9eed-7a4cc889cb7c,FD:51:4D:DB:73:F9,,-80,1761903111178
37603,1761903126275.0,0adab909-eb8f-4baf-9eed-7a4cc889cb7c,FC:75:6B:83:2E:97,,-86,1761903111178
37604,1761903711197.0,0adab909-eb8f-4baf-9eed-7a4cc889cb7c,04:9D:90:B9:A8:A3,,-83,1761903711170
37605,1761903711236.0,0adab909-eb8f-4baf-9eed-7a4cc889cb7c,FF:10:10:AE:A7:64,Sunset lights,-71,1761903711170
37606,1761903711261.0,0adab909-eb8f-4baf-9eed-7a4cc889cb7c,4C:96:8A:ED:6A:01,SPEN NA,-62,1761903711170
37607,1761903711592.0,0adab909-eb8f-4baf-9eed-7a4cc889cb7c,4C:96:8A:ED:6A:01,SPEN NA,-63,1761903711170
37608,1761903712543.0,0adab909-eb8f-4baf-9eed-7a4cc889cb7c,4C:96:8A:ED:6A:01,SPEN NA,-64,1761903711170
37609,1761903712835.0,0adab909-eb8f-4baf-9eed-7a4cc889cb7c,4C:96:8A:ED:6A:01,SPEN NA,-65,1761903711170
37610,1761903712898.0,0adab909-eb8f-4baf-9eed-7a4cc889cb7c,44:61:DA:D2:99:49,,-87,1761903711170
37611,1761903713154.0,0adab909-eb8f-4baf-9eed-7a4cc889cb7c,4C:96:8A:ED:6A:01,SPEN NA,-63,1761903711170
37612,1761903714128.0,0adab909-eb8f-4baf-9eed-7a4cc889cb7c,4C:96:8A:ED:6A:01,SPEN NA,-64,1761903711170
37613,1761903714147.0,0adab909-eb8f-4baf-9eed-7a4cc889cb7c,59:F0:2D:0F:12:39,,-73,1761903711170
37614,1761903715801.0,0adab909-eb8f-4baf-9eed-7a4cc889cb7c,4C:96:8A:ED:6A:01,SPEN NA,-60,1761903711170
37615,1761903716098.0,0adab909-eb8f-4baf-9eed-7a4cc889cb7c,4C:96:8A:ED:6A:01,SPEN NA,-57,1761903711170
37616,1761903717052.0,0adab909-eb8f-4baf-9eed-7a4cc889cb7c,4C:96:8A:ED:6A:01,SPEN NA,-57,1761903711170
37617,1761903717363.0,0adab909-eb8f-4baf-9eed-7a4cc889cb7c,4C:96:8A:ED:6A:01,SPEN NA,-64,1761903711170
37618,1761903717686.0,0adab909-eb8f-4baf-9eed-7a4cc889cb7c,4C:96:8A:ED:6A:01,SPEN NA,-65,1761903711170
37619,1761903718016.0,0adab909-eb8f-4baf-9eed-7a4cc889cb7c,4C:96:8A:ED:6A:01,SPEN NA,-61,1761903711170
37620,1761903718648.0,0adab909-eb8f-4baf-9eed-7a4cc889cb7c,4C:96:8A:ED:6A:01,SPEN NA,-60,1761903711170
37621,1761903718936.0,0adab909-eb8f-4baf-9eed-7a4cc889cb7c,7B:3A:C9:96:F4:C7,,-84,1761903711170
37622,1761903718955.0,0adab909-eb8f-4baf-9eed-7a4cc889cb7c,4C:96:8A:ED:6A:01,SPEN NA,-58,1761903711170
37623,1761903719262.0,0adab909-eb8f-4baf-9eed-7a4cc889cb7c,4C:96:8A:ED:6A:01,SPEN NA,-62,1761903711170
37624,1761903719893.0,0adab909-eb8f-4baf-9eed-7a4cc889cb7c,4C:96:8A:ED:6A:01,SPEN NA,-63,1761903711170
37625,1761903720210.0,0adab909-eb8f-4baf-9eed-7a4cc889cb7c,4C:96:8A:ED:6A:01,SPEN NA,-65,1761903711170
37626,1761903720620.0,0adab909-eb8f-4baf-9eed-7a4cc889cb7c,4C:96:8A:ED:6A:01,SPEN NA,-66,1761903711170
37627,1761903720844.0,0adab909-eb8f-4baf-9eed-7a4cc889cb7c,4C:96:8A:ED:6A:01,SPEN NA,-59,1761903711170
37628,1761903721890.0,0adab909-eb8f-4baf-9eed-7a4cc889cb7c,4C:96:8A:ED:6A:01,SPEN NA,-63,1761903711170
37629,1761903722196.0,0adab909-eb8f-4baf-9eed-7a4cc889cb7c,4C:96:8A:ED:6A:01,SPEN NA,-59,1761903711170
37630,1761903723156.0,0adab909-eb8f-4baf-9eed-7a4cc889cb7c,4C:96:8A:ED:6A:01,SPEN NA,-64,1761903711170
37631,1761903723456.0,0adab909-eb8f-4baf-9eed-7a4cc889cb7c,4C:96:8A:ED:6A:01,SPEN NA,-66,1761903711170
37632,1761904311553.0,0adab909-eb8f-4baf-9eed-7a4cc889cb7c,FF:10:10:AE:A7:64,Sunset lights,-78,1761904310862
37633,1761904313102.0,0adab909-eb8f-4baf-9eed-7a4cc889cb7c,22:8C:1F:C8:B1:58,,-94,1761904310862
37634,1761904318541.0,0adab909-eb8f-4baf-9eed-7a4cc889cb7c,7B:3A:C9:96:F4:C7,,-92,1761904310862
37635,1761904323704.0,0adab909-eb8f-4baf-9eed-7a4cc889cb7c,3B:59:36:06:77:EF,,-74,1761904310862
37636,1761904323888.0,0adab909-eb8f-4baf-9eed-7a4cc889cb7c,22:8C:1F:C8:B1:58,,-97,1761904310862
37637,1761904324714.0,0adab909-eb8f-4baf-9eed-7a4cc889cb7c,FF:10:10:AE:A7:64,Sunset lights,-69,1761904310862
37638,1761904325706.0,0adab909-eb8f-4baf-9eed-7a4cc889cb7c,5E:43:30:CC:E0:9A,,-93,1761904310862
37639,1761904911322.0,0adab909-eb8f-4baf-9eed-7a4cc889cb7c,FF:10:10:AE:A7:64,Sunset lights,-82,1761904911213
37640,1761904912889.0,0adab909-eb8f-4baf-9eed-7a4cc889cb7c,5E:43:30:CC:E0:9A,,-86,1761904911213
37641,1761904914038.0,0adab909-eb8f-4baf-9eed-7a4cc889cb7c,98:80:EE:68:3C:DF,A22 von Eva,-100,1761904911213
37642,1761904915808.0,0adab909-eb8f-4baf-9eed-7a4cc889cb7c,78:40:2B:6D:0F:92,,-89,1761904911213
37643,1761904924114.0,0adab909-eb8f-4baf-9eed-7a4cc889cb7c,FF:10:10:AE:A7:64,Sunset lights,-73,1761904911213
37644,1761904924165.0,0adab909-eb8f-4baf-9eed-7a4cc889cb7c,3C:88:14:25:A4:E2,,-74,1761904911213
37645,1761904924212.0,0adab909-eb8f-4baf-9eed-7a4cc889cb7c,5E:43:30:CC:E0:9A,,-83,1761904911213
37646,1761904924243.0,0adab909-eb8f-4baf-9eed-7a4cc889cb7c,78:40:2B:6D:0F:92,,-84,1761904911213
37647,1761905434268.0,0adab909-eb8f-4baf-9eed-7a4cc889cb7c,7B:A1:E4:59:7B:08,,-85,1761905433892
37648,1761905442635.0,0adab909-eb8f-4baf-9eed-7a4cc889cb7c,C3:F5:7F:8B:F1:7D,Hue Lamp,-81,1761905433892
37649,1761905445508.0,0adab909-eb8f-4baf-9eed-7a4cc889cb7c,71:34:6D:6F:62:C6,,-90,1761905433892
37650,1761905447748.0,0adab909-eb8f-4baf-9eed-7a4cc889cb7c,24:82:D2:18:F7:69,,-86,1761905433892
37651,1761905447776.0,0adab909-eb8f-4baf-9eed-7a4cc889cb7c,C3:F5:7F:8B:F1:7D,Hue Lamp,-83,1761905433892
37652,1761905447806.0,0adab909-eb8f-4baf-9eed-7a4cc889cb7c,F4:FE:FB:45:44:C9,,-84,1761905433892
37653,1761906162692.0,0adab909-eb8f-4baf-9eed-7a4cc889cb7c,72:8C:2F:F7:13:0B,,-88,1761906162574
37654,1761906162953.0,0adab909-eb8f-4baf-9eed-7a4cc889cb7c,C3:F5:7F:8B:F1:7D,Hue Lamp,-78,1761906162574
37655,1761906162983.0,0adab909-eb8f-4baf-9eed-7a4cc889cb7c,56:7F:4C:DE:77:0C,,-93,1761906162574
37656,1761906163925.0,0adab909-eb8f-4baf-9eed-7a4cc889cb7c,0B:EB:B7:FF:A5:F5,,-89,1761906162574
37657,1761906163950.0,0adab909-eb8f-4baf-9eed-7a4cc889cb7c,64:12:DD:D7:99:AF,,-90,1761906162574
37658,1761906164248.0,0adab909-eb8f-4baf-9eed-7a4cc889cb7c,5E:FA:97:D0:14:EE,,-90,1761906162574
37659,1761906165873.0,0adab909-eb8f-4baf-9eed-7a4cc889cb7c,69:EC:54:0E:81:38,,-88,1761906162574
37660,1761906166216.0,0adab909-eb8f-4baf-9eed-7a4cc889cb7c,44:19:C2:DE:76:94,,-91,1761906162574
37661,1761906166854.0,0adab909-eb8f-4baf-9eed-7a4cc889cb7c,22:65:5C:52:18:3E,,-89,1761906162574
37662,1761906631716.0,0adab909-eb8f-4baf-9eed-7a4cc889cb7c,72:8C:2F:F7:13:0B,,-85,1761906631560
37663,1761906632974.0,0adab909-eb8f-4baf-9eed-7a4cc889cb7c,64:12:DD:D7:99:AF,,-90,1761906631560
37664,1761906634894.0,0adab909-eb8f-4baf-9eed-7a4cc889cb7c,69:EC:54:0E:81:38,,-91,1761906631560
37665,1761907189424.0,0adab909-eb8f-4baf-9eed-7a4cc889cb7c,FF:10:10:AE:A7:64,Sunset lights,-87,1761907188707
37666,1761907192610.0,0adab909-eb8f-4baf-9eed-7a4cc889cb7c,69:57:88:3F:B9:75,,-72,1761907188707
37667,1761907201664.0,0adab909-eb8f-4baf-9eed-7a4cc889cb7c,69:57:88:3F:B9:75,,-78,1761907188707
37668,1761907201804.0,0adab909-eb8f-4baf-9eed-7a4cc889cb7c,FF:10:10:AE:A7:64,Sunset lights,-82,1761907188707
37669,1761908091192.0,0adab909-eb8f-4baf-9eed-7a4cc889cb7c,50:24:BF:3D:07:5F,,-86,1761908091167
37670,1761908091587.0,0adab909-eb8f-4baf-9eed-7a4cc889cb7c,49:87:0A:02:CE:50,,-85,1761908091167
37671,1761908094158.0,0adab909-eb8f-4baf-9eed-7a4cc889cb7c,FF:10:10:AE:A7:64,Sunset lights,-73,1761908091167
37672,1761908094816.0,0adab909-eb8f-4baf-9eed-7a4cc889cb7c,57:08:0A:81:E4:A7,,-82,1761908091167
37673,1761908097380.0,0adab909-eb8f-4baf-9eed-7a4cc889cb7c,69:57:88:3F:B9:75,,-92,1761908091167
37674,1761908104148.0,0adab909-eb8f-4baf-9eed-7a4cc889cb7c,CC:8B:35:6F:61:8F,,-91,1761908091167
37675,1761908104179.0,0adab909-eb8f-4baf-9eed-7a4cc889cb7c,18:07:84:00:F8:7A,,-80,1761908091167
37676,1761908105261.0,0adab909-eb8f-4baf-9eed-7a4cc889cb7c,57:08:0A:81:E4:A7,,-87,1761908091167
37677,1761908105298.0,0adab909-eb8f-4baf-9eed-7a4cc889cb7c,50:24:BF:3D:07:5F,,-93,1761908091167
37678,1761908105347.0,0adab909-eb8f-4baf-9eed-7a4cc889cb7c,FF:10:10:AE:A7:64,Sunset lights,-79,1761908091167
37679,1761908106165.0,0adab909-eb8f-4baf-9eed-7a4cc889cb7c,69:57:88:3F:B9:75,,-76,1761908091167
37680,1761908409219.0,0adab909-eb8f-4baf-9eed-7a4cc889cb7c,49:87:0A:02:CE:50,,-84,1761908407170
37681,1761908410512.0,0adab909-eb8f-4baf-9eed-7a4cc889cb7c,50:24:BF:3D:07:5F,,-81,1761908407170
37682,1761908412132.0,0adab909-eb8f-4baf-9eed-7a4cc889cb7c,FF:10:10:AE:A7:64,Sunset lights,-86,1761908407170
37683,1761909020244.0,0adab909-eb8f-4baf-9eed-7a4cc889cb7c,FF:10:10:AE:A7:64,Sunset lights,-93,1761909018184
37684,1761909025985.0,0adab909-eb8f-4baf-9eed-7a4cc889cb7c,50:24:BF:3D:07:5F,,-90,1761909018184
37685,1761909636310.0,0adab909-eb8f-4baf-9eed-7a4cc889cb7c,5A:68:D7:7A:B9:1E,,-92,1761909635951
37686,1761909637333.0,0adab909-eb8f-4baf-9eed-7a4cc889cb7c,7C:C0:14:A2:CF:51,,-88,1761909635951
37687,1761909638014.0,0adab909-eb8f-4baf-9eed-7a4cc889cb7c,FF:10:10:AE:A7:64,Sunset lights,-85,1761909635951
37688,1761909642741.0,0adab909-eb8f-4baf-9eed-7a4cc889cb7c,51:4C:18:7C:A8:40,,-90,1761909635951
37689,1761909649059.0,0adab909-eb8f-4baf-9eed-7a4cc889cb7c,FF:10:10:AE:A7:64,Sunset lights,-80,1761909635951
37690,1761909649893.0,0adab909-eb8f-4baf-9eed-7a4cc889cb7c,63:B6:91:B4:24:14,,-88,1761909635951
37691,1761909650068.0,0adab909-eb8f-4baf-9eed-7a4cc889cb7c,51:4C:18:7C:A8:40,,-93,1761909635951
37692,1761909651044.0,0adab909-eb8f-4baf-9eed-7a4cc889cb7c,01:C7:1E:E6:E7:8E,,-91,1761909635951
37693,1761909651865.0,0adab909-eb8f-4baf-9eed-7a4cc889cb7c,FF:10:10:AE:A7:64,Sunset lights,-82,1761909635951
37694,1761909651886.0,0adab909-eb8f-4baf-9eed-7a4cc889cb7c,01:C7:1E:E6:E7:8E,,-88,1761909635951
37695,1761910189959.0,0adab909-eb8f-4baf-9eed-7a4cc889cb7c,FF:10:10:AE:A7:64,Sunset lights,-82,1761910189247
37696,1761910190028.0,0adab909-eb8f-4baf-9eed-7a4cc889cb7c,63:B6:91:B4:24:14,,-87,1761910189247
37697,1761910190283.0,0adab909-eb8f-4baf-9eed-7a4cc889cb7c,6E:C0:FF:C1:ED:5B,,-88,1761910189247
37698,1761910194479.0,0adab909-eb8f-4baf-9eed-7a4cc889cb7c,5A:68:D7:7A:B9:1E,,-91,1761910189247
37699,1761910202319.0,0adab909-eb8f-4baf-9eed-7a4cc889cb7c,EF:8A:A3:1F:CE:DF,,-89,1761910189247
37700,1761910204337.0,0adab909-eb8f-4baf-9eed-7a4cc889cb7c,6E:C0:FF:C1:ED:5B,,-85,1761910189247
37701,1761910805007.0,0adab909-eb8f-4baf-9eed-7a4cc889cb7c,6E:C0:FF:C1:ED:5B,,-93,1761910799145
37702,1761911405681.0,0adab909-eb8f-4baf-9eed-7a4cc889cb7c,FF:10:10:AE:A7:64,Sunset lights,-89,1761911405234
37703,1761912044854.0,0adab909-eb8f-4baf-9eed-7a4cc889cb7c,72:68:75:75:65:77,,-84,1761912044409
37704,1761912045503.0,0adab909-eb8f-4baf-9eed-7a4cc889cb7c,4C:14:45:8A:83:0D,,-84,1761912044409
37705,1761912045791.0,0adab909-eb8f-4baf-9eed-7a4cc889cb7c,FF:10:10:AE:A7:64,Sunset lights,-79,1761912044409
37706,1761912055381.0,0adab909-eb8f-4baf-9eed-7a4cc889cb7c,66:AE:5C:F9:A2:F9,,-88,1761912044409
37707,1761912057345.0,0adab909-eb8f-4baf-9eed-7a4cc889cb7c,4C:14:45:8A:83:0D,,-82,1761912044409
37708,1761912058360.0,0adab909-eb8f-4baf-9eed-7a4cc889cb7c,FF:10:10:AE:A7:64,Sunset lights,-75,1761912044409
37709,1761912058453.0,0adab909-eb8f-4baf-9eed-7a4cc889cb7c,73:3E:51:E6:1A:E3,,-82,1761912044409
37710,1761912058488.0,0adab909-eb8f-4baf-9eed-7a4cc889cb7c,C2:35:DA:0F:6A:02,,-82,1761912044409
37711,1761912059443.0,0adab909-eb8f-4baf-9eed-7a4cc889cb7c,72:68:75:75:65:77,,-81,1761912044409
37712,1761912059495.0,0adab909-eb8f-4baf-9eed-7a4cc889cb7c,66:AE:5C:F9:A2:F9,,-83,1761912044409
37713,1761912586032.0,0adab909-eb8f-4baf-9eed-7a4cc889cb7c,FF:10:10:AE:A7:64,Sunset lights,-76,1761912585934
37714,1761912586945.0,0adab909-eb8f-4baf-9eed-7a4cc889cb7c,78:0C:72:14:22:91,,-78,1761912585934
37715,1761912586985.0,0adab909-eb8f-4baf-9eed-7a4cc889cb7c,7E:22:B5:7A:B3:03,,-77,1761912585934
37716,1761912587044.0,0adab909-eb8f-4baf-9eed-7a4cc889cb7c,43:60:8B:6C:17:DF,,-82,1761912585934
37717,1761912587964.0,0adab909-eb8f-4baf-9eed-7a4cc889cb7c,60:F3:A2:67:03:6B,,-84,1761912585934
37718,1761912588896.0,0adab909-eb8f-4baf-9eed-7a4cc889cb7c,50:10:41:2F:18:41,,-78,1761912585934
37719,1761912588926.0,0adab909-eb8f-4baf-9eed-7a4cc889cb7c,73:3E:51:E6:1A:E3,,-84,1761912585934
37720,1761912590201.0,0adab909-eb8f-4baf-9eed-7a4cc889cb7c,62:82:0A:9A:91:01,,-87,1761912585934
37721,1761912598880.0,0adab909-eb8f-4baf-9eed-7a4cc889cb7c,7E:22:B5:7A:B3:03,,-75,1761912585934
37722,1761912598901.0,0adab909-eb8f-4baf-9eed-7a4cc889cb7c,50:10:41:2F:18:41,,-75,1761912585934
37723,1761912598920.0,0adab909-eb8f-4baf-9eed-7a4cc889cb7c,FF:10:10:AE:A7:64,Sunset lights,-83,1761912585934
37724,1761912598954.0,0adab909-eb8f-4baf-9eed-7a4cc889cb7c,73:3E:51:E6:1A:E3,,-74,1761912585934
37725,1761912598973.0,0adab909-eb8f-4baf-9eed-7a4cc889cb7c,43:60:8B:6C:17:DF,,-79,1761912585934
37726,1761912598997.0,0adab909-eb8f-4baf-9eed-7a4cc889cb7c,78:0C:72:14:22:91,,-79,1761912585934
37727,1761912599015.0,0adab909-eb8f-4baf-9eed-7a4cc889cb7c,DB:51:D2:BE:7F:45,,-76,1761912585934
37728,1761912600946.0,0adab909-eb8f-4baf-9eed-7a4cc889cb7c,60:F3:A2:67:03:6B,,-82,1761912585934
37729,1761913231083.0,0adab909-eb8f-4baf-9eed-7a4cc889cb7c,72:A4:BD:85:56:F1,,-92,1761913231046
37730,1761913231140.0,0adab909-eb8f-4baf-9eed-7a4cc889cb7c,43:60:8B:6C:17:DF,,-78,1761913231046
37731,1761913231164.0,0adab909-eb8f-4baf-9eed-7a4cc889cb7c,7E:22:B5:7A:B3:03,,-73,1761913231046
37732,1761913231455.0,0adab909-eb8f-4baf-9eed-7a4cc889cb7c,FF:10:10:AE:A7:64,Sunset lights,-81,1761913231046
37733,1761913233398.0,0adab909-eb8f-4baf-9eed-7a4cc889cb7c,50:10:41:2F:18:41,,-74,1761913231046
37734,1761913234055.0,0adab909-eb8f-4baf-9eed-7a4cc889cb7c,60:F3:A2:67:03:6B,,-94,1761913231046
37735,1761913235016.0,0adab909-eb8f-4baf-9eed-7a4cc889cb7c,76:EA:C8:B6:6F:1D,,-87,1761913231046
37736,1761913243991.0,0adab909-eb8f-4baf-9eed-7a4cc889cb7c,43:60:8B:6C:17:DF,,-79,1761913231046
37737,1761913244071.0,0adab909-eb8f-4baf-9eed-7a4cc889cb7c,FF:10:10:AE:A7:64,Sunset lights,-76,1761913231046
37738,1761913245174.0,0adab909-eb8f-4baf-9eed-7a4cc889cb7c,60:F3:A2:67:03:6B,,-88,1761913231046
37739,1761913245249.0,0adab909-eb8f-4baf-9eed-7a4cc889cb7c,7E:22:B5:7A:B3:03,,-77,1761913231046
37740,1761913844080.0,0adab909-eb8f-4baf-9eed-7a4cc889cb7c,76:EA:C8:B6:6F:1D,,-79,1761913843698
37741,1761913844424.0,0adab909-eb8f-4baf-9eed-7a4cc889cb7c,41:24:6C:BE:51:98,,-66,1761913843698
37742,1761913844799.0,0adab909-eb8f-4baf-9eed-7a4cc889cb7c,7E:6B:C4:34:70:82,,-71,1761913843698
37743,1761913845406.0,0adab909-eb8f-4baf-9eed-7a4cc889cb7c,FF:10:10:AE:A7:64,Sunset lights,-72,1761913843698
37744,1761913845712.0,0adab909-eb8f-4baf-9eed-7a4cc889cb7c,7A:34:B2:56:07:9A,,-87,1761913843698
37745,1761913846378.0,0adab909-eb8f-4baf-9eed-7a4cc889cb7c,64:54:AA:AD:53:37,,-67,1761913843698
37746,1761913853714.0,0adab909-eb8f-4baf-9eed-7a4cc889cb7c,50:3F:37:21:F3:F4,,-94,1761913843698
37747,1761913856572.0,0adab909-eb8f-4baf-9eed-7a4cc889cb7c,64:54:AA:AD:53:37,,-79,1761913843698
37748,1761913856695.0,0adab909-eb8f-4baf-9eed-7a4cc889cb7c,40:7A:46:0C:43:3E,,-90,1761913843698
37749,1761913856718.0,0adab909-eb8f-4baf-9eed-7a4cc889cb7c,7A:34:B2:56:07:9A,,-94,1761913843698
37750,1761913856737.0,0adab909-eb8f-4baf-9eed-7a4cc889cb7c,76:EA:C8:B6:6F:1D,,-86,1761913843698
37751,1761913856756.0,0adab909-eb8f-4baf-9eed-7a4cc889cb7c,FE:4D:3D:5B:1D:5A,,-89,1761913843698
37752,1761913856777.0,0adab909-eb8f-4baf-9eed-7a4cc889cb7c,7E:6B:C4:34:70:82,,-79,1761913843698
37753,1761913857684.0,0adab909-eb8f-4baf-9eed-7a4cc889cb7c,FF:10:10:AE:A7:64,Sunset lights,-73,1761913843698
37754,1761914397484.0,0adab909-eb8f-4baf-9eed-7a4cc889cb7c,75:38:DC:26:3B:04,,-80,1761914397085
37755,1761914397508.0,0adab909-eb8f-4baf-9eed-7a4cc889cb7c,70:31:DE:9A:F0:FE,,-80,1761914397085
37756,1761914397783.0,0adab909-eb8f-4baf-9eed-7a4cc889cb7c,59:E7:5B:10:E7:8B,,-72,1761914397085
37757,1761914398125.0,0adab909-eb8f-4baf-9eed-7a4cc889cb7c,FF:10:10:AE:A7:64,Sunset lights,-71,1761914397085
37758,1761914399754.0,0adab909-eb8f-4baf-9eed-7a4cc889cb7c,72:C8:8F:13:24:0E,,-74,1761914397085
37759,1761914404150.0,0adab909-eb8f-4baf-9eed-7a4cc889cb7c,53:32:93:B9:17:C4,,-90,1761914397085
37760,1761914409999.0,0adab909-eb8f-4baf-9eed-7a4cc889cb7c,FF:10:10:AE:A7:64,Sunset lights,-68,1761914397085
37761,1761914410116.0,0adab909-eb8f-4baf-9eed-7a4cc889cb7c,59:E7:5B:10:E7:8B,,-76,1761914397085
37762,1761914411051.0,0adab909-eb8f-4baf-9eed-7a4cc889cb7c,FB:A8:81:12:F9:F4,,-95,1761914397085
37763,1761914411923.0,0adab909-eb8f-4baf-9eed-7a4cc889cb7c,CE:00:7C:F4:C9:B8,,-70,1761914397085
37764,1761914412067.0,0adab909-eb8f-4baf-9eed-7a4cc889cb7c,70:31:DE:9A:F0:FE,,-69,1761914397085
37765,1761915001656.0,0adab909-eb8f-4baf-9eed-7a4cc889cb7c,4C:96:8A:ED:6A:01,SPEN NA,-62,1761915001622
37766,1761915001693.0,0adab909-eb8f-4baf-9eed-7a4cc889cb7c,68:6E:C4:F9:9C:A4,,-80,1761915001622
37767,1761915002624.0,0adab909-eb8f-4baf-9eed-7a4cc889cb7c,4C:96:8A:ED:6A:01,SPEN NA,-60,1761915001622
37768,1761915002645.0,0adab909-eb8f-4baf-9eed-7a4cc889cb7c,65:14:87:83:C9:92,,-75,1761915001622
37769,1761915002985.0,0adab909-eb8f-4baf-9eed-7a4cc889cb7c,FF:10:10:AE:A7:64,Sunset lights,-69,1761915001622
37770,1761915003012.0,0adab909-eb8f-4baf-9eed-7a4cc889cb7c,45:91:BA:02:35:4F,,-81,1761915001622
37771,1761915003027.0,0adab909-eb8f-4baf-9eed-7a4cc889cb7c,4C:96:8A:ED:6A:01,SPEN NA,-63,1761915001622
37772,1761915003661.0,0adab909-eb8f-4baf-9eed-7a4cc889cb7c,48:A3:BD:43:C6:4C,,-82,1761915001622
37773,1761915003679.0,0adab909-eb8f-4baf-9eed-7a4cc889cb7c,65:CA:04:6C:13:A1,,-82,1761915001622
37774,1761915004292.0,0adab909-eb8f-4baf-9eed-7a4cc889cb7c,4C:96:8A:ED:6A:01,SPEN NA,-67,1761915001622
37775,1761915004928.0,0adab909-eb8f-4baf-9eed-7a4cc889cb7c,4C:96:8A:ED:6A:01,SPEN NA,-63,1761915001622
37776,1761915005241.0,0adab909-eb8f-4baf-9eed-7a4cc889cb7c,4C:96:8A:ED:6A:01,SPEN NA,-65,1761915001622
37777,1761915005567.0,0adab909-eb8f-4baf-9eed-7a4cc889cb7c,4C:96:8A:ED:6A:01,SPEN NA,-62,1761915001622
37778,1761915005869.0,0adab909-eb8f-4baf-9eed-7a4cc889cb7c,4C:96:8A:ED:6A:01,SPEN NA,-59,1761915001622
37779,1761915006184.0,0adab909-eb8f-4baf-9eed-7a4cc889cb7c,4C:96:8A:ED:6A:01,SPEN NA,-66,1761915001622
37780,1761915006503.0,0adab909-eb8f-4baf-9eed-7a4cc889cb7c,4C:96:8A:ED:6A:01,SPEN NA,-62,1761915001622
37781,1761915006816.0,0adab909-eb8f-4baf-9eed-7a4cc889cb7c,4C:96:8A:ED:6A:01,SPEN NA,-59,1761915001622
37782,1761915007122.0,0adab909-eb8f-4baf-9eed-7a4cc889cb7c,4C:96:8A:ED:6A:01,SPEN NA,-70,1761915001622
37783,1761915007447.0,0adab909-eb8f-4baf-9eed-7a4cc889cb7c,4C:96:8A:ED:6A:01,SPEN NA,-62,1761915001622
37784,1761915007773.0,0adab909-eb8f-4baf-9eed-7a4cc889cb7c,4C:96:8A:ED:6A:01,SPEN NA,-63,1761915001622
37785,1761915008074.0,0adab909-eb8f-4baf-9eed-7a4cc889cb7c,4C:96:8A:ED:6A:01,SPEN NA,-62,1761915001622
37786,1761915008374.0,0adab909-eb8f-4baf-9eed-7a4cc889cb7c,4C:96:8A:ED:6A:01,SPEN NA,-58,1761915001622
37787,1761915008706.0,0adab909-eb8f-4baf-9eed-7a4cc889cb7c,4C:96:8A:ED:6A:01,SPEN NA,-63,1761915001622
37788,1761915009028.0,0adab909-eb8f-4baf-9eed-7a4cc889cb7c,4C:96:8A:ED:6A:01,SPEN NA,-61,1761915001622
37789,1761915009346.0,0adab909-eb8f-4baf-9eed-7a4cc889cb7c,4C:96:8A:ED:6A:01,SPEN NA,-62,1761915001622
37790,1761915010690.0,0adab909-eb8f-4baf-9eed-7a4cc889cb7c,52:C6:43:9B:78:67,,-80,1761915001622
37791,1761915010708.0,0adab909-eb8f-4baf-9eed-7a4cc889cb7c,4C:96:8A:ED:6A:01,SPEN NA,-59,1761915001622
37792,1761915011017.0,0adab909-eb8f-4baf-9eed-7a4cc889cb7c,4C:96:8A:ED:6A:01,SPEN NA,-67,1761915001622
37793,1761915011333.0,0adab909-eb8f-4baf-9eed-7a4cc889cb7c,4C:96:8A:ED:6A:01,SPEN NA,-62,1761915001622
37794,1761915011967.0,0adab909-eb8f-4baf-9eed-7a4cc889cb7c,4C:96:8A:ED:6A:01,SPEN NA,-61,1761915001622
37795,1761915012278.0,0adab909-eb8f-4baf-9eed-7a4cc889cb7c,4C:96:8A:ED:6A:01,SPEN NA,-58,1761915001622
37796,1761915012582.0,0adab909-eb8f-4baf-9eed-7a4cc889cb7c,74:B8:39:FF:3C:5B,,-87,1761915001622
37797,1761915012599.0,0adab909-eb8f-4baf-9eed-7a4cc889cb7c,4C:96:8A:ED:6A:01,SPEN NA,-61,1761915001622
37798,1761915013544.0,0adab909-eb8f-4baf-9eed-7a4cc889cb7c,4C:96:8A:ED:6A:01,SPEN NA,-63,1761915001622
37799,1761915014194.0,0adab909-eb8f-4baf-9eed-7a4cc889cb7c,4C:81:A6:8A:E6:FB,,-88,1761915001622
37800,1761915014507.0,0adab909-eb8f-4baf-9eed-7a4cc889cb7c,52:C6:43:9B:78:67,,-76,1761915001622
37801,1761915014536.0,0adab909-eb8f-4baf-9eed-7a4cc889cb7c,45:91:BA:02:35:4F,,-82,1761915001622
37802,1761915014567.0,0adab909-eb8f-4baf-9eed-7a4cc889cb7c,4C:96:8A:ED:6A:01,SPEN NA,-58,1761915001622
37803,1761915014583.0,0adab909-eb8f-4baf-9eed-7a4cc889cb7c,D6:F4:3F:EE:24:8E,,-82,1761915001622
37804,1761915014617.0,0adab909-eb8f-4baf-9eed-7a4cc889cb7c,68:6E:C4:F9:9C:A4,,-76,1761915001622
37805,1761915014637.0,0adab909-eb8f-4baf-9eed-7a4cc889cb7c,4C:81:A6:8A:E6:FB,,-88,1761915001622
37806,1761915014648.0,0adab909-eb8f-4baf-9eed-7a4cc889cb7c,FF:10:10:AE:A7:64,Sunset lights,-77,1761915001622
37807,1761915014658.0,0adab909-eb8f-4baf-9eed-7a4cc889cb7c,48:A3:BD:43:C6:4C,,-79,1761915001622
37808,1761915014682.0,0adab909-eb8f-4baf-9eed-7a4cc889cb7c,74:B8:39:FF:3C:5B,,-83,1761915001622
37809,1761915015587.0,0adab909-eb8f-4baf-9eed-7a4cc889cb7c,65:14:87:83:C9:92,,-82,1761915001622
37810,1761915015712.0,0adab909-eb8f-4baf-9eed-7a4cc889cb7c,61:7B:A2:6F:3C:D1,,-88,1761915001622
37811,1761915590802.0,0adab909-eb8f-4baf-9eed-7a4cc889cb7c,52:C6:43:9B:78:67,,-88,1761915590752
37812,1761915590824.0,0adab909-eb8f-4baf-9eed-7a4cc889cb7c,68:6E:C4:F9:9C:A4,,127,1761915590752
37813,1761915591465.0,0adab909-eb8f-4baf-9eed-7a4cc889cb7c,FF:10:10:AE:A7:64,Sunset lights,-80,1761915590752
37814,1761915592779.0,0adab909-eb8f-4baf-9eed-7a4cc889cb7c,55:8A:C3:AF:06:2F,,-81,1761915590752
37815,1761915594040.0,0adab909-eb8f-4baf-9eed-7a4cc889cb7c,49:D7:76:A7:37:17,,-72,1761915590752
37816,1761915597540.0,0adab909-eb8f-4baf-9eed-7a4cc889cb7c,4B:84:58:74:82:A1,,-78,1761915590752
37817,1761915597558.0,0adab909-eb8f-4baf-9eed-7a4cc889cb7c,01:D8:DE:4D:CB:9E,,-85,1761915590752
37818,1761916191164.0,0adab909-eb8f-4baf-9eed-7a4cc889cb7c,FF:10:10:AE:A7:64,Sunset lights,-75,1761916190752
37819,1761916191185.0,0adab909-eb8f-4baf-9eed-7a4cc889cb7c,55:8A:C3:AF:06:2F,,-87,1761916190752
37820,1761916191458.0,0adab909-eb8f-4baf-9eed-7a4cc889cb7c,60:77:91:2C:B8:61,,-88,1761916190752
37821,1761916192115.0,0adab909-eb8f-4baf-9eed-7a4cc889cb7c,49:D7:76:A7:37:17,,-82,1761916190752
37822,1761916194063.0,0adab909-eb8f-4baf-9eed-7a4cc889cb7c,4E:42:F9:22:34:C0,,-90,1761916190752
37823,1761916194683.0,0adab909-eb8f-4baf-9eed-7a4cc889cb7c,4B:84:58:74:82:A1,,-75,1761916190752
37824,1761916198555.0,0adab909-eb8f-4baf-9eed-7a4cc889cb7c,5E:13:85:A7:D7:35,,-85,1761916190752
37825,1761916198576.0,0adab909-eb8f-4baf-9eed-7a4cc889cb7c,67:56:1E:4F:BB:EA,,-88,1761916190752
37826,1761916790802.0,0adab909-eb8f-4baf-9eed-7a4cc889cb7c,66:F9:DC:39:B0:FD,,127,1761916790743
37827,1761916790822.0,0adab909-eb8f-4baf-9eed-7a4cc889cb7c,7D:57:75:C3:16:EE,,-82,1761916790743
37828,1761916790840.0,0adab909-eb8f-4baf-9eed-7a4cc889cb7c,FF:10:10:AE:A7:64,Sunset lights,-75,1761916790743
37829,1761916791536.0,0adab909-eb8f-4baf-9eed-7a4cc889cb7c,45:58:E9:BA:44:8B,,-88,1761916790743
37830,1761916791779.0,0adab909-eb8f-4baf-9eed-7a4cc889cb7c,62:85:96:E1:52:C6,,-77,1761916790743
37831,1761916793440.0,0adab909-eb8f-4baf-9eed-7a4cc889cb7c,59:2C:FE:C1:7A:6D,,-88,1761916790743
37832,1761917391432.0,0adab909-eb8f-4baf-9eed-7a4cc889cb7c,42:CC:C5:02:D5:54,,-92,1761917391346
37833,1761917391796.0,0adab909-eb8f-4baf-9eed-7a4cc889cb7c,FF:10:10:AE:A7:64,Sunset lights,-76,1761917391346
37834,1761917392737.0,0adab909-eb8f-4baf-9eed-7a4cc889cb7c,4B:86:8A:8A:01:1B,,-86,1761917391346
37835,1761917393028.0,0adab909-eb8f-4baf-9eed-7a4cc889cb7c,5F:1B:29:88:4D:50,,-75,1761917391346
37836,1761917395590.0,0adab909-eb8f-4baf-9eed-7a4cc889cb7c,51:E1:89:84:C0:9D,,-74,1761917391346
37837,1761917398129.0,0adab909-eb8f-4baf-9eed-7a4cc889cb7c,7E:E7:93:46:66:7A,,-88,1761917391346
37838,1761917991376.0,0adab909-eb8f-4baf-9eed-7a4cc889cb7c,FF:10:10:AE:A7:64,Sunset lights,-78,1761917991339
37839,1761917991453.0,0adab909-eb8f-4baf-9eed-7a4cc889cb7c,42:CC:C5:02:D5:54,,-94,1761917991339
37840,1761917993665.0,0adab909-eb8f-4baf-9eed-7a4cc889cb7c,6D:A6:EF:E2:39:B4,,-85,1761917991339
37841,1761918591432.0,0adab909-eb8f-4baf-9eed-7a4cc889cb7c,75:94:38:C5:D8:1B,,127,1761918591325
37842,1761918592051.0,0adab909-eb8f-4baf-9eed-7a4cc889cb7c,FF:10:10:AE:A7:64,Sunset lights,-74,1761918591325
37843,1761918600401.0,0adab909-eb8f-4baf-9eed-7a4cc889cb7c,5B:ED:00:03:B4:C7,,-88,1761918591325
37844,1761918601068.0,0adab909-eb8f-4baf-9eed-7a4cc889cb7c,75:6A:DC:FB:50:92,,-90,1761918591325
37845,1761918601937.0,0adab909-eb8f-4baf-9eed-7a4cc889cb7c,FE:F8:46:00:00:41,CarBT,-100,1761918591325
37846,1761918601987.0,0adab909-eb8f-4baf-9eed-7a4cc889cb7c,17:9F:C2:4D:54:33,,-90,1761918591325
37847,1761919191989.0,0adab909-eb8f-4baf-9eed-7a4cc889cb7c,42:A6:7D:1A:59:72,,-88,1761919191193
37848,1761919192874.0,0adab909-eb8f-4baf-9eed-7a4cc889cb7c,FF:10:10:AE:A7:64,Sunset lights,-82,1761919191193
37849,1761919204089.0,0adab909-eb8f-4baf-9eed-7a4cc889cb7c,CC:3B:47:20:65:B9,,-74,1761919191193
37850,1761919204253.0,0adab909-eb8f-4baf-9eed-7a4cc889cb7c,FF:10:10:AE:A7:64,Sunset lights,-84,1761919191193
37851,1761919205310.0,0adab909-eb8f-4baf-9eed-7a4cc889cb7c,42:A6:7D:1A:59:72,,-83,1761919191193
37852,1761919791581.0,0adab909-eb8f-4baf-9eed-7a4cc889cb7c,7B:A7:9F:A3:B8:F9,,-79,1761919791173
37853,1761919791927.0,0adab909-eb8f-4baf-9eed-7a4cc889cb7c,FF:10:10:AE:A7:64,Sunset lights,-90,1761919791173
37854,1761919804529.0,0adab909-eb8f-4baf-9eed-7a4cc889cb7c,7B:A7:9F:A3:B8:F9,,-80,1761919791173
37855,1761920391560.0,0adab909-eb8f-4baf-9eed-7a4cc889cb7c,4C:96:8A:ED:6A:01,SPEN NA,-49,1761920391170
37856,1761920391578.0,0adab909-eb8f-4baf-9eed-7a4cc889cb7c,FF:10:10:AE:A7:64,Sunset lights,-79,1761920391170
37857,1761920391874.0,0adab909-eb8f-4baf-9eed-7a4cc889cb7c,4C:96:8A:ED:6A:01,SPEN NA,-55,1761920391170
37858,1761920392196.0,0adab909-eb8f-4baf-9eed-7a4cc889cb7c,4C:96:8A:ED:6A:01,SPEN NA,-45,1761920391170
37859,1761920392519.0,0adab909-eb8f-4baf-9eed-7a4cc889cb7c,4C:96:8A:ED:6A:01,SPEN NA,-45,1761920391170
37860,1761920392945.0,0adab909-eb8f-4baf-9eed-7a4cc889cb7c,4C:96:8A:ED:6A:01,SPEN NA,-55,1761920391170
37861,1761920393139.0,0adab909-eb8f-4baf-9eed-7a4cc889cb7c,4C:96:8A:ED:6A:01,SPEN NA,-51,1761920391170
37862,1761920393215.0,0adab909-eb8f-4baf-9eed-7a4cc889cb7c,7B:A7:9F:A3:B8:F9,,-84,1761920391170
37863,1761920393558.0,0adab909-eb8f-4baf-9eed-7a4cc889cb7c,4C:96:8A:ED:6A:01,SPEN NA,-46,1761920391170
37864,1761920394169.0,0adab909-eb8f-4baf-9eed-7a4cc889cb7c,4C:96:8A:ED:6A:01,SPEN NA,-46,1761920391170
37865,1761920394509.0,0adab909-eb8f-4baf-9eed-7a4cc889cb7c,4C:96:8A:ED:6A:01,SPEN NA,-46,1761920391170
37866,1761920395126.0,0adab909-eb8f-4baf-9eed-7a4cc889cb7c,4C:96:8A:ED:6A:01,SPEN NA,-48,1761920391170
37867,1761920395464.0,0adab909-eb8f-4baf-9eed-7a4cc889cb7c,4C:96:8A:ED:6A:01,SPEN NA,-45,1761920391170
37868,1761920395788.0,0adab909-eb8f-4baf-9eed-7a4cc889cb7c,4C:96:8A:ED:6A:01,SPEN NA,-55,1761920391170
37869,1761920396406.0,0adab909-eb8f-4baf-9eed-7a4cc889cb7c,4C:96:8A:ED:6A:01,SPEN NA,-45,1761920391170
37870,1761920396725.0,0adab909-eb8f-4baf-9eed-7a4cc889cb7c,4C:96:8A:ED:6A:01,SPEN NA,-48,1761920391170
37871,1761920397030.0,0adab909-eb8f-4baf-9eed-7a4cc889cb7c,4C:96:8A:ED:6A:01,SPEN NA,-51,1761920391170
37872,1761920397344.0,0adab909-eb8f-4baf-9eed-7a4cc889cb7c,4C:96:8A:ED:6A:01,SPEN NA,-45,1761920391170
37873,1761920397664.0,0adab909-eb8f-4baf-9eed-7a4cc889cb7c,4C:96:8A:ED:6A:01,SPEN NA,-49,1761920391170
37874,1761920398297.0,0adab909-eb8f-4baf-9eed-7a4cc889cb7c,4C:96:8A:ED:6A:01,SPEN NA,-44,1761920391170
37875,1761920398936.0,0adab909-eb8f-4baf-9eed-7a4cc889cb7c,4C:96:8A:ED:6A:01,SPEN NA,-45,1761920391170
37876,1761920399244.0,0adab909-eb8f-4baf-9eed-7a4cc889cb7c,4C:96:8A:ED:6A:01,SPEN NA,-45,1761920391170
37877,1761920399264.0,0adab909-eb8f-4baf-9eed-7a4cc889cb7c,E4:FA:5B:94:C8:72,S0ecc12b19bd6478dC,-95,1761920391170
37878,1761920399559.0,0adab909-eb8f-4baf-9eed-7a4cc889cb7c,4C:96:8A:ED:6A:01,SPEN NA,-49,1761920391170
37879,1761920400892.0,0adab909-eb8f-4baf-9eed-7a4cc889cb7c,4C:96:8A:ED:6A:01,SPEN NA,-44,1761920391170
37880,1761920401209.0,0adab909-eb8f-4baf-9eed-7a4cc889cb7c,4C:96:8A:ED:6A:01,SPEN NA,-52,1761920391170
37881,1761920401853.0,0adab909-eb8f-4baf-9eed-7a4cc889cb7c,4C:96:8A:ED:6A:01,SPEN NA,-45,1761920391170
37882,1761920402184.0,0adab909-eb8f-4baf-9eed-7a4cc889cb7c,4C:96:8A:ED:6A:01,SPEN NA,-45,1761920391170
37883,1761920402489.0,0adab909-eb8f-4baf-9eed-7a4cc889cb7c,4C:96:8A:ED:6A:01,SPEN NA,-48,1761920391170
37884,1761920402799.0,0adab909-eb8f-4baf-9eed-7a4cc889cb7c,4C:96:8A:ED:6A:01,SPEN NA,-44,1761920391170
37885,1761920403109.0,0adab909-eb8f-4baf-9eed-7a4cc889cb7c,4C:96:8A:ED:6A:01,SPEN NA,-46,1761920391170
37886,1761920403428.0,0adab909-eb8f-4baf-9eed-7a4cc889cb7c,4C:96:8A:ED:6A:01,SPEN NA,-49,1761920391170
37887,1761920403758.0,0adab909-eb8f-4baf-9eed-7a4cc889cb7c,4C:96:8A:ED:6A:01,SPEN NA,-46,1761920391170
37888,1761920991360.0,0adab909-eb8f-4baf-9eed-7a4cc889cb7c,5F:C8:9A:A0:27:4F,,-78,1761920991302
37889,1761920991745.0,0adab909-eb8f-4baf-9eed-7a4cc889cb7c,FF:10:10:AE:A7:64,Sunset lights,-82,1761920991302
37890,1761921591684.0,0adab909-eb8f-4baf-9eed-7a4cc889cb7c,FF:10:10:AE:A7:64,Sunset lights,-90,1761921591307
37891,1761921592630.0,0adab909-eb8f-4baf-9eed-7a4cc889cb7c,40:9F:FD:C7:13:1D,,-69,1761921591307
37892,1761921593626.0,0adab909-eb8f-4baf-9eed-7a4cc889cb7c,65:0D:40:54:65:DA,,-80,1761921591307
37893,1761922192066.0,0adab909-eb8f-4baf-9eed-7a4cc889cb7c,40:9F:FD:C7:13:1D,,-73,1761922191302
37894,1761922192718.0,0adab909-eb8f-4baf-9eed-7a4cc889cb7c,FF:10:10:AE:A7:64,Sunset lights,-86,1761922191302
37895,1761922791508.0,0adab909-eb8f-4baf-9eed-7a4cc889cb7c,FF:10:10:AE:A7:64,Sunset lights,-91,1761922791408
37896,1761922791815.0,0adab909-eb8f-4baf-9eed-7a4cc889cb7c,4E:06:AD:3E:00:85,,-92,1761922791408
37897,1761922795015.0,0adab909-eb8f-4baf-9eed-7a4cc889cb7c,41:B7:26:41:C0:3A,,-79,1761922791408
37898,1761922798839.0,0adab909-eb8f-4baf-9eed-7a4cc889cb7c,71:3F:27:62:58:8E,,-80,1761922791408
37899,1761922802692.0,0adab909-eb8f-4baf-9eed-7a4cc889cb7c,77:6B:44:EC:A2:A5,,-91,1761922791408
37900,1761922804268.0,0adab909-eb8f-4baf-9eed-7a4cc889cb7c,FF:10:10:AE:A7:64,Sunset lights,-82,1761922791408
37901,1761922804296.0,0adab909-eb8f-4baf-9eed-7a4cc889cb7c,71:3F:27:62:58:8E,,-83,1761922791408
37902,1761922805417.0,0adab909-eb8f-4baf-9eed-7a4cc889cb7c,41:B7:26:41:C0:3A,,-91,1761922791408
37903,1761922805443.0,0adab909-eb8f-4baf-9eed-7a4cc889cb7c,4E:06:AD:3E:00:85,,-90,1761922791408
37904,1761923391407.0,0adab909-eb8f-4baf-9eed-7a4cc889cb7c,FF:10:10:AE:A7:64,Sunset lights,-76,1761923391389
37905,1761923391466.0,0adab909-eb8f-4baf-9eed-7a4cc889cb7c,4C:96:8A:ED:6A:01,SPEN NA,-65,1761923391389
37906,1761923391759.0,0adab909-eb8f-4baf-9eed-7a4cc889cb7c,78:36:DB:10:69:93,,-81,1761923391389
37907,1761923391786.0,0adab909-eb8f-4baf-9eed-7a4cc889cb7c,4C:96:8A:ED:6A:01,SPEN NA,-64,1761923391389
37908,1761923392100.0,0adab909-eb8f-4baf-9eed-7a4cc889cb7c,4C:96:8A:ED:6A:01,SPEN NA,-68,1761923391389
37909,1761923392413.0,0adab909-eb8f-4baf-9eed-7a4cc889cb7c,4C:96:8A:ED:6A:01,SPEN NA,-65,1761923391389
37910,1761923392757.0,0adab909-eb8f-4baf-9eed-7a4cc889cb7c,4C:96:8A:ED:6A:01,SPEN NA,-64,1761923391389
37911,1761923392782.0,0adab909-eb8f-4baf-9eed-7a4cc889cb7c,41:C8:19:35:4F:B0,,-76,1761923391389
37912,1761923393069.0,0adab909-eb8f-4baf-9eed-7a4cc889cb7c,4C:96:8A:ED:6A:01,SPEN NA,-68,1761923391389
37913,1761923394411.0,0adab909-eb8f-4baf-9eed-7a4cc889cb7c,4C:96:8A:ED:6A:01,SPEN NA,-65,1761923391389
37914,1761923394697.0,0adab909-eb8f-4baf-9eed-7a4cc889cb7c,68:81:58:97:26:CE,,-78,1761923391389
37915,1761923395342.0,0adab909-eb8f-4baf-9eed-7a4cc889cb7c,4C:96:8A:ED:6A:01,SPEN NA,-64,1761923391389
37916,1761923395672.0,0adab909-eb8f-4baf-9eed-7a4cc889cb7c,4C:96:8A:ED:6A:01,SPEN NA,-64,1761923391389
37917,1761923395998.0,0adab909-eb8f-4baf-9eed-7a4cc889cb7c,4C:96:8A:ED:6A:01,SPEN NA,-67,1761923391389
37918,1761923396293.0,0adab909-eb8f-4baf-9eed-7a4cc889cb7c,4C:96:8A:ED:6A:01,SPEN NA,-65,1761923391389
37919,1761923396617.0,0adab909-eb8f-4baf-9eed-7a4cc889cb7c,4C:96:8A:ED:6A:01,SPEN NA,-61,1761923391389
37920,1761923396936.0,0adab909-eb8f-4baf-9eed-7a4cc889cb7c,4C:96:8A:ED:6A:01,SPEN NA,-62,1761923391389
37921,1761923397258.0,0adab909-eb8f-4baf-9eed-7a4cc889cb7c,4C:96:8A:ED:6A:01,SPEN NA,-65,1761923391389
37922,1761923397575.0,0adab909-eb8f-4baf-9eed-7a4cc889cb7c,4C:96:8A:ED:6A:01,SPEN NA,-64,1761923391389
37923,1761923397887.0,0adab909-eb8f-4baf-9eed-7a4cc889cb7c,4C:96:8A:ED:6A:01,SPEN NA,-68,1761923391389
37924,1761923398207.0,0adab909-eb8f-4baf-9eed-7a4cc889cb7c,4C:96:8A:ED:6A:01,SPEN NA,-65,1761923391389
37925,1761923398515.0,0adab909-eb8f-4baf-9eed-7a4cc889cb7c,4C:96:8A:ED:6A:01,SPEN NA,-64,1761923391389
37926,1761923398835.0,0adab909-eb8f-4baf-9eed-7a4cc889cb7c,4C:96:8A:ED:6A:01,SPEN NA,-67,1761923391389
37927,1761923399496.0,0adab909-eb8f-4baf-9eed-7a4cc889cb7c,4C:96:8A:ED:6A:01,SPEN NA,-61,1761923391389
37928,1761923400509.0,0adab909-eb8f-4baf-9eed-7a4cc889cb7c,4C:96:8A:ED:6A:01,SPEN NA,-64,1761923391389
37929,1761923400814.0,0adab909-eb8f-4baf-9eed-7a4cc889cb7c,4C:96:8A:ED:6A:01,SPEN NA,-68,1761923391389
37930,1761923401145.0,0adab909-eb8f-4baf-9eed-7a4cc889cb7c,4C:96:8A:ED:6A:01,SPEN NA,-64,1761923391389
37931,1761923402393.0,0adab909-eb8f-4baf-9eed-7a4cc889cb7c,4C:96:8A:ED:6A:01,SPEN NA,-64,1761923391389
37932,1761923403000.0,0adab909-eb8f-4baf-9eed-7a4cc889cb7c,4C:96:8A:ED:6A:01,SPEN NA,-65,1761923391389
37933,1761923403657.0,0adab909-eb8f-4baf-9eed-7a4cc889cb7c,4C:96:8A:ED:6A:01,SPEN NA,-68,1761923391389
37934,1761923403953.0,0adab909-eb8f-4baf-9eed-7a4cc889cb7c,4C:96:8A:ED:6A:01,SPEN NA,-64,1761923391389
37935,1761923404794.0,0adab909-eb8f-4baf-9eed-7a4cc889cb7c,4C:96:8A:ED:6A:01,SPEN NA,-65,1761923391389
37936,1761923404833.0,0adab909-eb8f-4baf-9eed-7a4cc889cb7c,FF:10:10:AE:A7:64,Sunset lights,-81,1761923391389
37937,1761923405614.0,0adab909-eb8f-4baf-9eed-7a4cc889cb7c,78:36:DB:10:69:93,,-81,1761923391389
37938,1761923405705.0,0adab909-eb8f-4baf-9eed-7a4cc889cb7c,41:C8:19:35:4F:B0,,-81,1761923391389
37939,1761923405739.0,0adab909-eb8f-4baf-9eed-7a4cc889cb7c,68:81:58:97:26:CE,,-82,1761923391389
37940,1761923991427.0,0adab909-eb8f-4baf-9eed-7a4cc889cb7c,FF:10:10:AE:A7:64,Sunset lights,-79,1761923991402
37941,1761923991455.0,0adab909-eb8f-4baf-9eed-7a4cc889cb7c,68:55:49:29:06:E5,,-91,1761923991402
37942,1761923991473.0,0adab909-eb8f-4baf-9eed-7a4cc889cb7c,78:36:DB:10:69:93,,-77,1761923991402
37943,1761924004329.0,0adab909-eb8f-4baf-9eed-7a4cc889cb7c,FF:10:10:AE:A7:64,Sunset lights,-76,1761923991402
37944,1761924004372.0,0adab909-eb8f-4baf-9eed-7a4cc889cb7c,78:36:DB:10:69:93,,-77,1761923991402
37945,1761924005525.0,0adab909-eb8f-4baf-9eed-7a4cc889cb7c,E6:F0:C6:A2:3B:05,,-77,1761923991402
37946,1761924590828.0,0adab909-eb8f-4baf-9eed-7a4cc889cb7c,4D:5B:E2:9A:7B:24,,-76,1761924590775
37947,1761924592527.0,0adab909-eb8f-4baf-9eed-7a4cc889cb7c,FF:10:10:AE:A7:64,Sunset lights,-79,1761924590775
37948,1761925191483.0,0adab909-eb8f-4baf-9eed-7a4cc889cb7c,6B:69:A4:B3:36:24,,-83,1761925190782
37949,1761925191581.0,0adab909-eb8f-4baf-9eed-7a4cc889cb7c,FF:10:10:AE:A7:64,Sunset lights,-80,1761925190782
37950,1761925191602.0,0adab909-eb8f-4baf-9eed-7a4cc889cb7c,5E:7C:F7:7A:73:5B,,-81,1761925190782
37951,1761925192913.0,0adab909-eb8f-4baf-9eed-7a4cc889cb7c,5F:DD:92:A3:55:AC,,-71,1761925190782
37952,1761925790943.0,0adab909-eb8f-4baf-9eed-7a4cc889cb7c,75:05:D5:D6:ED:E0,,-71,1761925790780
37953,1761925790979.0,0adab909-eb8f-4baf-9eed-7a4cc889cb7c,FF:10:10:AE:A7:64,Sunset lights,-80,1761925790780
37954,1761925791862.0,0adab909-eb8f-4baf-9eed-7a4cc889cb7c,6D:AC:B5:C2:F9:9C,,-71,1761925790780
37955,1761925792838.0,0adab909-eb8f-4baf-9eed-7a4cc889cb7c,4D:76:60:C1:72:3D,,-71,1761925790780
37956,1761926691216.0,0adab909-eb8f-4baf-9eed-7a4cc889cb7c,47:89:0E:55:5B:0F,,-73,1761926691150
37957,1761926691614.0,0adab909-eb8f-4baf-9eed-7a4cc889cb7c,FF:10:10:AE:A7:64,Sunset lights,-75,1761926691150
37958,1761926694589.0,0adab909-eb8f-4baf-9eed-7a4cc889cb7c,7E:C2:B1:15:60:0C,,-74,1761926691150
37959,1761926699964.0,0adab909-eb8f-4baf-9eed-7a4cc889cb7c,4B:24:A7:24:76:2F,,-72,1761926691150
37960,1761926991270.0,0adab909-eb8f-4baf-9eed-7a4cc889cb7c,47:89:0E:55:5B:0F,,-72,1761926991161
37961,1761926991592.0,0adab909-eb8f-4baf-9eed-7a4cc889cb7c,60:74:F4:73:96:CD,ihoment_H601B_96CD,-72,1761926991161
37962,1761926991662.0,0adab909-eb8f-4baf-9eed-7a4cc889cb7c,61:5F:FE:F1:B5:55,,-82,1761926991161
37963,1761926991934.0,0adab909-eb8f-4baf-9eed-7a4cc889cb7c,7E:C2:B1:15:60:0C,,-88,1761926991161
37964,1761926992018.0,0adab909-eb8f-4baf-9eed-7a4cc889cb7c,FF:10:10:AE:A7:64,Sunset lights,-80,1761926991161
37965,1761926992997.0,0adab909-eb8f-4baf-9eed-7a4cc889cb7c,4B:24:A7:24:76:2F,,-92,1761926991161
37966,1761926993559.0,0adab909-eb8f-4baf-9eed-7a4cc889cb7c,60:74:F4:75:21:D5,ihoment_H601B_21D5,-79,1761926991161
37967,1761926994640.0,0adab909-eb8f-4baf-9eed-7a4cc889cb7c,0A:27:AC:77:3C:F0,,-80,1761926991161
37968,1761926994872.0,0adab909-eb8f-4baf-9eed-7a4cc889cb7c,78:E3:CF:05:25:6B,,-87,1761926991161
37969,1761926995453.0,0adab909-eb8f-4baf-9eed-7a4cc889cb7c,60:74:F4:72:90:3F,ihoment_H601B_903F,-89,1761926991161
37970,1761926998417.0,0adab909-eb8f-4baf-9eed-7a4cc889cb7c,60:74:F4:73:99:E7,ihoment_H601B_99E7,-84,1761926991161
37971,1761927591227.0,0adab909-eb8f-4baf-9eed-7a4cc889cb7c,71:32:4D:48:9D:B5,,-84,1761927591166
37972,1761927591551.0,0adab909-eb8f-4baf-9eed-7a4cc889cb7c,FF:10:10:AE:A7:64,Sunset lights,-84,1761927591166
37973,1761927591917.0,0adab909-eb8f-4baf-9eed-7a4cc889cb7c,69:70:3A:C9:DE:0A,,-76,1761927591166
37974,1761927592195.0,0adab909-eb8f-4baf-9eed-7a4cc889cb7c,6A:2B:6B:60:67:06,,-85,1761927591166
37975,1761927592549.0,0adab909-eb8f-4baf-9eed-7a4cc889cb7c,60:74:F4:73:96:CD,ihoment_H601B_96CD,-77,1761927591166
37976,1761927592897.0,0adab909-eb8f-4baf-9eed-7a4cc889cb7c,60:74:F4:75:21:D5,ihoment_H601B_21D5,-90,1761927591166
37977,1761928190853.0,0adab909-eb8f-4baf-9eed-7a4cc889cb7c,FF:10:10:AE:A7:64,Sunset lights,-82,1761928190811
37978,1761928190908.0,0adab909-eb8f-4baf-9eed-7a4cc889cb7c,46:B5:0E:BE:66:14,,-79,1761928190811
37979,1761928191291.0,0adab909-eb8f-4baf-9eed-7a4cc889cb7c,60:74:F4:73:96:CD,ihoment_H601B_96CD,-80,1761928190811
37980,1761928191863.0,0adab909-eb8f-4baf-9eed-7a4cc889cb7c,43:C4:0D:EB:AD:E5,,-83,1761928190811
37981,1761928191902.0,0adab909-eb8f-4baf-9eed-7a4cc889cb7c,4A:04:04:EC:57:C6,,-91,1761928190811
37982,1761928191924.0,0adab909-eb8f-4baf-9eed-7a4cc889cb7c,69:44:B8:D9:8E:32,,-82,1761928190811
37983,1761928193826.0,0adab909-eb8f-4baf-9eed-7a4cc889cb7c,60:74:F4:75:21:D5,ihoment_H601B_21D5,-81,1761928190811
37984,1761928791533.0,0adab909-eb8f-4baf-9eed-7a4cc889cb7c,60:74:F4:73:96:CD,ihoment_H601B_96CD,-81,1761928790829
37985,1761928791551.0,0adab909-eb8f-4baf-9eed-7a4cc889cb7c,FF:10:10:AE:A7:64,Sunset lights,-82,1761928790829
37986,1761928791629.0,0adab909-eb8f-4baf-9eed-7a4cc889cb7c,66:2E:A0:4E:F2:48,,-75,1761928790829
37987,1761928791649.0,0adab909-eb8f-4baf-9eed-7a4cc889cb7c,6C:B1:9B:D5:A4:41,,-76,1761928790829
37988,1761928792794.0,0adab909-eb8f-4baf-9eed-7a4cc889cb7c,60:74:F4:75:21:D5,ihoment_H601B_21D5,-82,1761928790829
37989,1761928792809.0,0adab909-eb8f-4baf-9eed-7a4cc889cb7c,72:CE:68:10:BE:1B,,-86,1761928790829
37990,1761929390840.0,0adab909-eb8f-4baf-9eed-7a4cc889cb7c,52:C0:02:20:7E:F2,,-81,1761929390819
37991,1761929390956.0,0adab909-eb8f-4baf-9eed-7a4cc889cb7c,FF:10:10:AE:A7:64,Sunset lights,-82,1761929390819
37992,1761929391252.0,0adab909-eb8f-4baf-9eed-7a4cc889cb7c,60:74:F4:75:21:D5,ihoment_H601B_21D5,-78,1761929390819
37993,1761929391296.0,0adab909-eb8f-4baf-9eed-7a4cc889cb7c,73:F3:91:50:18:AB,,-72,1761929390819
37994,1761929392200.0,0adab909-eb8f-4baf-9eed-7a4cc889cb7c,60:74:F4:73:96:CD,ihoment_H601B_96CD,-81,1761929390819
37995,1761929393441.0,0adab909-eb8f-4baf-9eed-7a4cc889cb7c,5D:AB:58:E5:DA:0D,,-77,1761929390819
37996,1761929991812.0,0adab909-eb8f-4baf-9eed-7a4cc889cb7c,57:AC:BA:64:B1:59,,-87,1761929991726
37997,1761929991853.0,0adab909-eb8f-4baf-9eed-7a4cc889cb7c,52:C0:02:20:7E:F2,,-78,1761929991726
37998,1761929991873.0,0adab909-eb8f-4baf-9eed-7a4cc889cb7c,60:74:F4:73:96:CD,ihoment_H601B_96CD,-83,1761929991726
37999,1761929992465.0,0adab909-eb8f-4baf-9eed-7a4cc889cb7c,60:74:F4:75:21:D5,ihoment_H601B_21D5,-87,1761929991726
38000,1761929992786.0,0adab909-eb8f-4baf-9eed-7a4cc889cb7c,70:6D:48:2C:63:D3,,-87,1761929991726
38001,1761929992806.0,0adab909-eb8f-4baf-9eed-7a4cc889cb7c,FF:10:10:AE:A7:64,Sunset lights,-82,1761929991726
38002,1761929993148.0,0adab909-eb8f-4baf-9eed-7a4cc889cb7c,73:F3:91:50:18:AB,,-83,1761929991726
38003,1761929993809.0,0adab909-eb8f-4baf-9eed-7a4cc889cb7c,75:E1:A1:31:A7:F9,,-82,1761929991726
38004,1761930002106.0,0adab909-eb8f-4baf-9eed-7a4cc889cb7c,49:B2:EE:73:D1:32,,-87,1761929991726
38005,1761930591751.0,0adab909-eb8f-4baf-9eed-7a4cc889cb7c,43:AC:B9:08:F0:0E,,-77,1761930591720
38006,1761930591793.0,0adab909-eb8f-4baf-9eed-7a4cc889cb7c,6C:42:CE:D8:0F:30,,-89,1761930591720
38007,1761930592113.0,0adab909-eb8f-4baf-9eed-7a4cc889cb7c,44:F4:BC:56:8F:7C,,-77,1761930591720
38008,1761930592167.0,0adab909-eb8f-4baf-9eed-7a4cc889cb7c,FF:10:10:AE:A7:64,Sunset lights,-83,1761930591720
38009,1761930592784.0,0adab909-eb8f-4baf-9eed-7a4cc889cb7c,60:74:F4:75:21:D5,ihoment_H601B_21D5,-89,1761930591720
38010,1761930592850.0,0adab909-eb8f-4baf-9eed-7a4cc889cb7c,60:74:F4:73:96:CD,ihoment_H601B_96CD,-78,1761930591720
38011,1761930593103.0,0adab909-eb8f-4baf-9eed-7a4cc889cb7c,6F:7E:89:4D:3C:C6,,-76,1761930591720
38012,1761930595997.0,0adab909-eb8f-4baf-9eed-7a4cc889cb7c,77:53:0D:4E:37:DD,,-88,1761930591720
38013,1761930599510.0,0adab909-eb8f-4baf-9eed-7a4cc889cb7c,7F:D5:75:CB:11:6A,,-88,1761930591720
38014,1761931191853.0,0adab909-eb8f-4baf-9eed-7a4cc889cb7c,60:74:F4:75:21:D5,ihoment_H601B_21D5,-91,1761931191735
38015,1761931192152.0,0adab909-eb8f-4baf-9eed-7a4cc889cb7c,43:AC:B9:08:F0:0E,,-76,1761931191735
38016,1761931192494.0,0adab909-eb8f-4baf-9eed-7a4cc889cb7c,44:F4:BC:56:8F:7C,,127,1761931191735
38017,1761931192740.0,0adab909-eb8f-4baf-9eed-7a4cc889cb7c,60:74:F4:73:96:CD,ihoment_H601B_96CD,-83,1761931191735
38018,1761931193133.0,0adab909-eb8f-4baf-9eed-7a4cc889cb7c,6F:7E:89:4D:3C:C6,,-76,1761931191735
38019,1761931193432.0,0adab909-eb8f-4baf-9eed-7a4cc889cb7c,FF:10:10:AE:A7:64,Sunset lights,-82,1761931191735
38020,1761931194742.0,0adab909-eb8f-4baf-9eed-7a4cc889cb7c,40:3F:F5:F8:2D:B9,,-82,1761931191735
38021,1761931195106.0,0adab909-eb8f-4baf-9eed-7a4cc889cb7c,6C:42:CE:D8:0F:30,,-85,1761931191735
38022,1761931791344.0,0adab909-eb8f-4baf-9eed-7a4cc889cb7c,4B:44:76:36:AE:41,,-79,1761931791304
38023,1761931791396.0,0adab909-eb8f-4baf-9eed-7a4cc889cb7c,7D:5D:A4:B9:73:50,,-87,1761931791304
38024,1761931791422.0,0adab909-eb8f-4baf-9eed-7a4cc889cb7c,4A:F8:C5:C8:A8:11,,-75,1761931791304
38025,1761931793318.0,0adab909-eb8f-4baf-9eed-7a4cc889cb7c,60:0B:EF:1E:9E:F0,,-76,1761931791304
38026,1761931793336.0,0adab909-eb8f-4baf-9eed-7a4cc889cb7c,7B:E3:25:3D:96:F4,,-85,1761931791304
38027,1761931793347.0,0adab909-eb8f-4baf-9eed-7a4cc889cb7c,42:B0:79:85:57:DA,,-84,1761931791304
38028,1761931793904.0,0adab909-eb8f-4baf-9eed-7a4cc889cb7c,FF:10:10:AE:A7:64,Sunset lights,-83,1761931791304
38029,1761931796529.0,0adab909-eb8f-4baf-9eed-7a4cc889cb7c,52:50:73:D0:CF:BB,,-79,1761931791304
38030,1761931801072.0,0adab909-eb8f-4baf-9eed-7a4cc889cb7c,47:2D:E1:B2:53:B8,,-88,1761931791304
38031,1761932391758.0,0adab909-eb8f-4baf-9eed-7a4cc889cb7c,FF:10:10:AE:A7:64,Sunset lights,-79,1761932391319
38032,1761932392375.0,0adab909-eb8f-4baf-9eed-7a4cc889cb7c,47:0F:09:54:66:A5,,-76,1761932391319
38033,1761932393029.0,0adab909-eb8f-4baf-9eed-7a4cc889cb7c,50:EF:85:B4:52:D2,,-83,1761932391319
38034,1761932393045.0,0adab909-eb8f-4baf-9eed-7a4cc889cb7c,47:2D:E1:B2:53:B8,,-89,1761932391319
38035,1761932393607.0,0adab909-eb8f-4baf-9eed-7a4cc889cb7c,47:83:ED:E3:94:AD,,-88,1761932391319
38036,1761932393958.0,0adab909-eb8f-4baf-9eed-7a4cc889cb7c,67:D2:76:A1:4D:1E,,-86,1761932391319
38037,1761932991370.0,0adab909-eb8f-4baf-9eed-7a4cc889cb7c,47:2D:E1:B2:53:B8,,-85,1761932991292
38038,1761932992040.0,0adab909-eb8f-4baf-9eed-7a4cc889cb7c,50:EF:85:B4:52:D2,,-73,1761932991292
38039,1761932992060.0,0adab909-eb8f-4baf-9eed-7a4cc889cb7c,67:D2:76:A1:4D:1E,,-73,1761932991292
38040,1761932992074.0,0adab909-eb8f-4baf-9eed-7a4cc889cb7c,47:0F:09:54:66:A5,,-73,1761932991292
38041,1761932993042.0,0adab909-eb8f-4baf-9eed-7a4cc889cb7c,FF:10:10:AE:A7:64,Sunset lights,-77,1761932991292
38042,1761932994575.0,0adab909-eb8f-4baf-9eed-7a4cc889cb7c,47:83:ED:E3:94:AD,,-89,1761932991292
38043,1761933591787.0,0adab909-eb8f-4baf-9eed-7a4cc889cb7c,4A:2F:CD:72:60:48,,-91,1761933591696
38044,1761933592100.0,0adab909-eb8f-4baf-9eed-7a4cc889cb7c,FF:10:10:AE:A7:64,Sunset lights,-76,1761933591696
38045,1761933592117.0,0adab909-eb8f-4baf-9eed-7a4cc889cb7c,50:E7:28:76:A8:CA,,-79,1761933591696
38046,1761933592465.0,0adab909-eb8f-4baf-9eed-7a4cc889cb7c,5D:94:EF:6F:D3:66,,127,1761933591696
38047,1761933593097.0,0adab909-eb8f-4baf-9eed-7a4cc889cb7c,43:04:E0:9C:03:3F,,-78,1761933591696
38048,1761933594339.0,0adab909-eb8f-4baf-9eed-7a4cc889cb7c,46:C7:FB:C3:A7:2F,,-80,1761933591696
38049,1761933594641.0,0adab909-eb8f-4baf-9eed-7a4cc889cb7c,47:BD:E4:AE:29:BC,,-86,1761933591696
38050,1761933595937.0,0adab909-eb8f-4baf-9eed-7a4cc889cb7c,6F:22:8C:8A:37:88,,-88,1761933591696
38051,1761934191756.0,0adab909-eb8f-4baf-9eed-7a4cc889cb7c,55:0B:65:36:CD:B4,,-82,1761934191674
38052,1761934191802.0,0adab909-eb8f-4baf-9eed-7a4cc889cb7c,4E:3A:AE:40:B0:9C,,-82,1761934191674
38053,1761934192096.0,0adab909-eb8f-4baf-9eed-7a4cc889cb7c,FF:10:10:AE:A7:64,Sunset lights,-82,1761934191674
38054,1761934193060.0,0adab909-eb8f-4baf-9eed-7a4cc889cb7c,46:C7:FB:C3:A7:2F,,-86,1761934191674
38055,1761934194000.0,0adab909-eb8f-4baf-9eed-7a4cc889cb7c,47:BD:E4:AE:29:BC,,-88,1761934191674
38056,1761934194642.0,0adab909-eb8f-4baf-9eed-7a4cc889cb7c,4B:6C:48:27:39:28,,-73,1761934191674
38057,1761934809754.0,0adab909-eb8f-4baf-9eed-7a4cc889cb7c,61:13:5F:36:DE:B6,,-77,1761934809360
38058,1761934810373.0,0adab909-eb8f-4baf-9eed-7a4cc889cb7c,6D:6F:1F:44:F0:3E,,-86,1761934809360
38059,1761934810775.0,0adab909-eb8f-4baf-9eed-7a4cc889cb7c,47:11:17:CF:29:B8,,-77,1761934809360
38060,1761935410706.0,0adab909-eb8f-4baf-9eed-7a4cc889cb7c,6D:6F:1F:44:F0:3E,,-82,1761935410699
38061,1761935412063.0,0adab909-eb8f-4baf-9eed-7a4cc889cb7c,54:C0:40:5F:FA:A6,,-88,1761935410699
38062,1761935412674.0,0adab909-eb8f-4baf-9eed-7a4cc889cb7c,FF:10:10:AE:A7:64,Sunset lights,-84,1761935410699
38063,1761935414019.0,0adab909-eb8f-4baf-9eed-7a4cc889cb7c,61:13:5F:36:DE:B6,,-82,1761935410699
38064,1761935414301.0,0adab909-eb8f-4baf-9eed-7a4cc889cb7c,47:11:17:CF:29:B8,,-91,1761935410699
38065,1761936019214.0,0adab909-eb8f-4baf-9eed-7a4cc889cb7c,4E:13:73:D5:DD:06,,-80,1761936019196
38066,1761936019589.0,0adab909-eb8f-4baf-9eed-7a4cc889cb7c,FF:10:10:AE:A7:64,Sunset lights,-85,1761936019196
38067,1761936019912.0,0adab909-eb8f-4baf-9eed-7a4cc889cb7c,6F:75:23:68:79:E9,,-76,1761936019196
38068,1761936020876.0,0adab909-eb8f-4baf-9eed-7a4cc889cb7c,45:60:D6:47:C6:58,,-76,1761936019196
38069,1761936027607.0,0adab909-eb8f-4baf-9eed-7a4cc889cb7c,5D:3C:23:84:F8:99,,-91,1761936019196
38070,1761936600723.0,0adab909-eb8f-4baf-9eed-7a4cc889cb7c,FF:10:10:AE:A7:64,Sunset lights,-85,1761936600642
38071,1761936601324.0,0adab909-eb8f-4baf-9eed-7a4cc889cb7c,5A:12:FD:9F:6D:AB,,-90,1761936600642
38072,1761936601719.0,0adab909-eb8f-4baf-9eed-7a4cc889cb7c,64:5B:2D:FD:62:E6,,-85,1761936600642
38073,1761936601982.0,0adab909-eb8f-4baf-9eed-7a4cc889cb7c,72:32:A0:73:99:14,,-89,1761936600642
38074,1761936604600.0,0adab909-eb8f-4baf-9eed-7a4cc889cb7c,68:9A:2A:B7:51:B6,,-79,1761936600642
38075,1761936604633.0,0adab909-eb8f-4baf-9eed-7a4cc889cb7c,52:07:6E:02:94:C1,,-78,1761936600642
38076,1761936609302.0,0adab909-eb8f-4baf-9eed-7a4cc889cb7c,53:43:7D:88:8B:E9,,-92,1761936600642
38077,1761936612922.0,0adab909-eb8f-4baf-9eed-7a4cc889cb7c,C3:F5:7F:8B:F1:7D,Hue Lamp,-85,1761936600642
38078,1761936613499.0,0adab909-eb8f-4baf-9eed-7a4cc889cb7c,64:5B:2D:FD:62:E6,,-77,1761936600642
38079,1761936613584.0,0adab909-eb8f-4baf-9eed-7a4cc889cb7c,72:32:A0:73:99:14,,-85,1761936600642
38080,1761936613609.0,0adab909-eb8f-4baf-9eed-7a4cc889cb7c,68:9A:2A:B7:51:B6,,-78,1761936600642
38081,1761936613631.0,0adab909-eb8f-4baf-9eed-7a4cc889cb7c,52:07:6E:02:94:C1,,-78,1761936600642
38082,1761936613655.0,0adab909-eb8f-4baf-9eed-7a4cc889cb7c,FD:EC:65:27:7D:82,,-86,1761936600642
38083,1761936614627.0,0adab909-eb8f-4baf-9eed-7a4cc889cb7c,F4:FE:FB:45:44:C9,,-96,1761936600642
38084,1761936614703.0,0adab909-eb8f-4baf-9eed-7a4cc889cb7c,FF:10:10:AE:A7:64,Sunset lights,-91,1761936600642
38085,1761936614741.0,0adab909-eb8f-4baf-9eed-7a4cc889cb7c,5A:12:FD:9F:6D:AB,,-90,1761936600642
38086,1761937242271.0,0adab909-eb8f-4baf-9eed-7a4cc889cb7c,64:5B:2D:FD:62:E6,,-91,1761937236970
38087,1761937245793.0,0adab909-eb8f-4baf-9eed-7a4cc889cb7c,68:9A:2A:B7:51:B6,,-91,1761937236970
38088,1761937245812.0,0adab909-eb8f-4baf-9eed-7a4cc889cb7c,52:07:6E:02:94:C1,,-91,1761937236970
38089,1761937826344.0,0adab909-eb8f-4baf-9eed-7a4cc889cb7c,6B:02:A0:EA:9E:38,,-91,1761937824556
38090,1761938768014.0,0adab909-eb8f-4baf-9eed-7a4cc889cb7c,79:75:5C:F7:44:F7,,-90,1761938767973
38091,1761938768415.0,0adab909-eb8f-4baf-9eed-7a4cc889cb7c,4A:1A:EE:79:2D:C7,,-84,1761938767973
38092,1761938769391.0,0adab909-eb8f-4baf-9eed-7a4cc889cb7c,5F:A4:41:2D:E4:12,,-91,1761938767973
38093,1761938770010.0,0adab909-eb8f-4baf-9eed-7a4cc889cb7c,4E:FD:DF:80:50:0D,,-91,1761938767973
38094,1761938770298.0,0adab909-eb8f-4baf-9eed-7a4cc889cb7c,72:FB:6C:E8:E4:92,,-75,1761938767973
38095,1761938770348.0,0adab909-eb8f-4baf-9eed-7a4cc889cb7c,5F:F7:63:CF:F4:90,,-69,1761938767973
38096,1761938770652.0,0adab909-eb8f-4baf-9eed-7a4cc889cb7c,4A:54:53:75:E1:AC,,-87,1761938767973
38097,1761938770957.0,0adab909-eb8f-4baf-9eed-7a4cc889cb7c,5D:D0:BA:9B:89:40,,-88,1761938767973
38098,1761938771611.0,0adab909-eb8f-4baf-9eed-7a4cc889cb7c,47:25:CD:B7:C8:E8,,-81,1761938767973
38099,1761938772274.0,0adab909-eb8f-4baf-9eed-7a4cc889cb7c,FF:10:10:AE:A7:64,Sunset lights,-76,1761938767973
38100,1761938992800.0,0adab909-eb8f-4baf-9eed-7a4cc889cb7c,4A:1A:EE:79:2D:C7,,-76,1761938992741
38101,1761938993178.0,0adab909-eb8f-4baf-9eed-7a4cc889cb7c,72:FB:6C:E8:E4:92,,-73,1761938992741
38102,1761938993216.0,0adab909-eb8f-4baf-9eed-7a4cc889cb7c,4C:96:8A:ED:6A:01,SPEN NA,-49,1761938992741
38103,1761938993484.0,0adab909-eb8f-4baf-9eed-7a4cc889cb7c,4C:96:8A:ED:6A:01,SPEN NA,-52,1761938992741
38104,1761938993785.0,0adab909-eb8f-4baf-9eed-7a4cc889cb7c,5F:A4:41:2D:E4:12,,-89,1761938992741
38105,1761938993838.0,0adab909-eb8f-4baf-9eed-7a4cc889cb7c,4C:96:8A:ED:6A:01,SPEN NA,-47,1761938992741
38106,1761938994437.0,0adab909-eb8f-4baf-9eed-7a4cc889cb7c,4C:96:8A:ED:6A:01,SPEN NA,-53,1761938992741
38107,1761938994745.0,0adab909-eb8f-4baf-9eed-7a4cc889cb7c,4C:96:8A:ED:6A:01,SPEN NA,-48,1761938992741
38108,1761938994771.0,0adab909-eb8f-4baf-9eed-7a4cc889cb7c,FF:10:10:AE:A7:64,Sunset lights,-80,1761938992741
38109,1761938995068.0,0adab909-eb8f-4baf-9eed-7a4cc889cb7c,4C:96:8A:ED:6A:01,SPEN NA,-48,1761938992741
38110,1761938995378.0,0adab909-eb8f-4baf-9eed-7a4cc889cb7c,4C:96:8A:ED:6A:01,SPEN NA,-53,1761938992741
38111,1761938995681.0,0adab909-eb8f-4baf-9eed-7a4cc889cb7c,4C:96:8A:ED:6A:01,SPEN NA,-48,1761938992741
38112,1761938996020.0,0adab909-eb8f-4baf-9eed-7a4cc889cb7c,4C:96:8A:ED:6A:01,SPEN NA,-48,1761938992741
38113,1761938996048.0,0adab909-eb8f-4baf-9eed-7a4cc889cb7c,41:BB:81:C3:55:58,,-85,1761938992741
38114,1761938996071.0,0adab909-eb8f-4baf-9eed-7a4cc889cb7c,5F:F7:63:CF:F4:90,,-73,1761938992741
38115,1761938996335.0,0adab909-eb8f-4baf-9eed-7a4cc889cb7c,4C:96:8A:ED:6A:01,SPEN NA,-54,1761938992741
38116,1761938996647.0,0adab909-eb8f-4baf-9eed-7a4cc889cb7c,4C:96:8A:ED:6A:01,SPEN NA,-48,1761938992741
38117,1761938996969.0,0adab909-eb8f-4baf-9eed-7a4cc889cb7c,4C:96:8A:ED:6A:01,SPEN NA,-49,1761938992741
38118,1761938997903.0,0adab909-eb8f-4baf-9eed-7a4cc889cb7c,4C:96:8A:ED:6A:01,SPEN NA,-50,1761938992741
38119,1761938998626.0,0adab909-eb8f-4baf-9eed-7a4cc889cb7c,4C:96:8A:ED:6A:01,SPEN NA,-50,1761938992741
38120,1761938998854.0,0adab909-eb8f-4baf-9eed-7a4cc889cb7c,4C:96:8A:ED:6A:01,SPEN NA,-51,1761938992741
38121,1761938999278.0,0adab909-eb8f-4baf-9eed-7a4cc889cb7c,4C:96:8A:ED:6A:01,SPEN NA,-54,1761938992741
38122,1761938999888.0,0adab909-eb8f-4baf-9eed-7a4cc889cb7c,4C:96:8A:ED:6A:01,SPEN NA,-50,1761938992741
38123,1761939000205.0,0adab909-eb8f-4baf-9eed-7a4cc889cb7c,4C:96:8A:ED:6A:01,SPEN NA,-55,1761938992741
38124,1761939000520.0,0adab909-eb8f-4baf-9eed-7a4cc889cb7c,4C:96:8A:ED:6A:01,SPEN NA,-50,1761938992741
38125,1761939000812.0,0adab909-eb8f-4baf-9eed-7a4cc889cb7c,4A:54:53:75:E1:AC,,-87,1761938992741
38126,1761939000847.0,0adab909-eb8f-4baf-9eed-7a4cc889cb7c,4C:96:8A:ED:6A:01,SPEN NA,-50,1761938992741
38127,1761939002132.0,0adab909-eb8f-4baf-9eed-7a4cc889cb7c,4C:96:8A:ED:6A:01,SPEN NA,-53,1761938992741
38128,1761939002437.0,0adab909-eb8f-4baf-9eed-7a4cc889cb7c,4C:96:8A:ED:6A:01,SPEN NA,-48,1761938992741
38129,1761939002751.0,0adab909-eb8f-4baf-9eed-7a4cc889cb7c,4C:96:8A:ED:6A:01,SPEN NA,-47,1761938992741
38130,1761939002780.0,0adab909-eb8f-4baf-9eed-7a4cc889cb7c,4E:FD:DF:80:50:0D,,-91,1761938992741
38131,1761939003362.0,0adab909-eb8f-4baf-9eed-7a4cc889cb7c,4C:96:8A:ED:6A:01,SPEN NA,-49,1761938992741
38132,1761939004317.0,0adab909-eb8f-4baf-9eed-7a4cc889cb7c,4C:96:8A:ED:6A:01,SPEN NA,-48,1761938992741
38133,1761939004630.0,0adab909-eb8f-4baf-9eed-7a4cc889cb7c,4C:96:8A:ED:6A:01,SPEN NA,-49,1761938992741
38134,1761939005285.0,0adab909-eb8f-4baf-9eed-7a4cc889cb7c,4C:96:8A:ED:6A:01,SPEN NA,-47,1761938992741
38135,1761939005746.0,0adab909-eb8f-4baf-9eed-7a4cc889cb7c,4A:1A:EE:79:2D:C7,,-88,1761938992741
38136,1761939005768.0,0adab909-eb8f-4baf-9eed-7a4cc889cb7c,FF:10:10:AE:A7:64,Sunset lights,-79,1761938992741
38137,1761939005799.0,0adab909-eb8f-4baf-9eed-7a4cc889cb7c,4C:96:8A:ED:6A:01,SPEN NA,-49,1761938992741
38138,1761939005846.0,0adab909-eb8f-4baf-9eed-7a4cc889cb7c,EE:5C:F9:E8:66:7C,,-79,1761938992741
38139,1761939006631.0,0adab909-eb8f-4baf-9eed-7a4cc889cb7c,52:B7:D9:33:05:D4,,-71,1761938992741
38140,1761939006753.0,0adab909-eb8f-4baf-9eed-7a4cc889cb7c,41:BB:81:C3:55:58,,-77,1761938992741
38141,1761939007605.0,0adab909-eb8f-4baf-9eed-7a4cc889cb7c,5F:A4:41:2D:E4:12,,-85,1761938992741
38142,1761939007694.0,0adab909-eb8f-4baf-9eed-7a4cc889cb7c,4E:FD:DF:80:50:0D,,-84,1761938992741
38143,1761939007732.0,0adab909-eb8f-4baf-9eed-7a4cc889cb7c,72:FB:6C:E8:E4:92,,-79,1761938992741
38144,1761939008626.0,0adab909-eb8f-4baf-9eed-7a4cc889cb7c,4C:96:8A:ED:6A:01,SPEN NA,-50,1761938992741
38145,1761939667625.0,0adab909-eb8f-4baf-9eed-7a4cc889cb7c,6A:4F:6C:03:3D:59,,-84,1761939667543
38146,1761939667715.0,0adab909-eb8f-4baf-9eed-7a4cc889cb7c,FF:10:10:AE:A7:64,Sunset lights,-83,1761939667543
38147,1761939668288.0,0adab909-eb8f-4baf-9eed-7a4cc889cb7c,5F:A4:41:2D:E4:12,,-90,1761939667543
38148,1761939668665.0,0adab909-eb8f-4baf-9eed-7a4cc889cb7c,7B:6F:F1:86:54:F8,,-78,1761939667543
38149,1761939669255.0,0adab909-eb8f-4baf-9eed-7a4cc889cb7c,41:BB:81:C3:55:58,,-78,1761939667543
38150,1761939669571.0,0adab909-eb8f-4baf-9eed-7a4cc889cb7c,74:ED:C6:1B:83:35,,-78,1761939667543
38151,1761939673423.0,0adab909-eb8f-4baf-9eed-7a4cc889cb7c,53:AC:1D:4C:6C:ED,,-88,1761939667543
38152,1761939677212.0,0adab909-eb8f-4baf-9eed-7a4cc889cb7c,4E:FD:DF:80:50:0D,,-88,1761939667543
38153,1761939680468.0,0adab909-eb8f-4baf-9eed-7a4cc889cb7c,6A:4F:6C:03:3D:59,,-76,1761939667543
38154,1761939680496.0,0adab909-eb8f-4baf-9eed-7a4cc889cb7c,FF:10:10:AE:A7:64,Sunset lights,-77,1761939667543
38155,1761939680514.0,0adab909-eb8f-4baf-9eed-7a4cc889cb7c,7B:6F:F1:86:54:F8,,-78,1761939667543
38156,1761939680529.0,0adab909-eb8f-4baf-9eed-7a4cc889cb7c,78:5E:6B:95:E1:66,,-65,1761939667543
38157,1761939680563.0,0adab909-eb8f-4baf-9eed-7a4cc889cb7c,41:BB:81:C3:55:58,,-83,1761939667543
38158,1761939680576.0,0adab909-eb8f-4baf-9eed-7a4cc889cb7c,F0:BE:3B:9C:9E:A5,,-82,1761939667543
38159,1761939680588.0,0adab909-eb8f-4baf-9eed-7a4cc889cb7c,74:ED:C6:1B:83:35,,-77,1761939667543
38160,1761939681494.0,0adab909-eb8f-4baf-9eed-7a4cc889cb7c,EE:5C:F9:E8:66:7C,,-81,1761939667543
38161,1761939682547.0,0adab909-eb8f-4baf-9eed-7a4cc889cb7c,5F:A4:41:2D:E4:12,,-88,1761939667543
38162,1761939683398.0,0adab909-eb8f-4baf-9eed-7a4cc889cb7c,FF:10:10:AE:A7:64,Sunset lights,-78,1761939667543
38163,1761940267571.0,0adab909-eb8f-4baf-9eed-7a4cc889cb7c,6A:4F:6C:03:3D:59,,-81,1761940267522
38164,1761940267594.0,0adab909-eb8f-4baf-9eed-7a4cc889cb7c,FF:10:10:AE:A7:64,Sunset lights,-83,1761940267522
38165,1761940268557.0,0adab909-eb8f-4baf-9eed-7a4cc889cb7c,7B:6F:F1:86:54:F8,,-82,1761940267522
38166,1761940268582.0,0adab909-eb8f-4baf-9eed-7a4cc889cb7c,52:B5:FB:44:4A:D0,,-78,1761940267522
38167,1761940269302.0,0adab909-eb8f-4baf-9eed-7a4cc889cb7c,68:EB:DA:E9:78:56,,-88,1761940267522
38168,1761940269565.0,0adab909-eb8f-4baf-9eed-7a4cc889cb7c,53:AC:1D:4C:6C:ED,,-85,1761940267522
38169,1761940269585.0,0adab909-eb8f-4baf-9eed-7a4cc889cb7c,74:ED:C6:1B:83:35,,-80,1761940267522
38170,1761940273085.0,0adab909-eb8f-4baf-9eed-7a4cc889cb7c,41:BB:81:C3:55:58,,-82,1761940267522
38171,1761940275040.0,0adab909-eb8f-4baf-9eed-7a4cc889cb7c,46:E8:B4:E9:47:AA,,-85,1761940267522
38172,1761940851136.0,0adab909-eb8f-4baf-9eed-7a4cc889cb7c,FF:10:10:AE:A7:64,Sunset lights,-82,1761940851111
38173,1761940851168.0,0adab909-eb8f-4baf-9eed-7a4cc889cb7c,6F:60:61:93:C4:B1,,-85,1761940851111
38174,1761940851559.0,0adab909-eb8f-4baf-9eed-7a4cc889cb7c,75:6D:66:64:C3:4F,,-92,1761940851111
38175,1761940853096.0,0adab909-eb8f-4baf-9eed-7a4cc889cb7c,68:EB:DA:E9:78:56,,-90,1761940851111
38176,1761940853408.0,0adab909-eb8f-4baf-9eed-7a4cc889cb7c,58:76:A3:09:62:2D,,-83,1761940851111
38177,1761940854713.0,0adab909-eb8f-4baf-9eed-7a4cc889cb7c,70:C5:F4:34:70:DD,,-81,1761940851111
38178,1761940854758.0,0adab909-eb8f-4baf-9eed-7a4cc889cb7c,40:8E:E7:0B:C4:76,,-70,1761940851111
38179,1761940855343.0,0adab909-eb8f-4baf-9eed-7a4cc889cb7c,7B:76:03:4B:6B:75,,-90,1761940851111
38180,1761940859844.0,0adab909-eb8f-4baf-9eed-7a4cc889cb7c,52:B5:FB:44:4A:D0,,-84,1761940851111
38181,1761941451130.0,0adab909-eb8f-4baf-9eed-7a4cc889cb7c,40:8E:E7:0B:C4:76,,-80,1761941451103
38182,1761941451208.0,0adab909-eb8f-4baf-9eed-7a4cc889cb7c,6F:60:61:93:C4:B1,,-85,1761941451103
38183,1761941451231.0,0adab909-eb8f-4baf-9eed-7a4cc889cb7c,FF:10:10:AE:A7:64,Sunset lights,-82,1761941451103
38184,1761941451244.0,0adab909-eb8f-4baf-9eed-7a4cc889cb7c,70:C5:F4:34:70:DD,,-91,1761941451103
38185,1761941454085.0,0adab909-eb8f-4baf-9eed-7a4cc889cb7c,67:39:8E:97:C3:50,,-88,1761941451103
38186,1761941459494.0,0adab909-eb8f-4baf-9eed-7a4cc889cb7c,58:76:A3:09:62:2D,,-71,1761941451103
38187,1761942051517.0,0adab909-eb8f-4baf-9eed-7a4cc889cb7c,FF:10:10:AE:A7:64,Sunset lights,-76,1761942051102
38188,1761942051858.0,0adab909-eb8f-4baf-9eed-7a4cc889cb7c,69:02:4A:76:79:55,,-78,1761942051102
38189,1761942051889.0,0adab909-eb8f-4baf-9eed-7a4cc889cb7c,49:10:21:A4:28:02,,-79,1761942051102
38190,1761942053771.0,0adab909-eb8f-4baf-9eed-7a4cc889cb7c,70:C5:F4:34:70:DD,,-82,1761942051102
38191,1761942060928.0,0adab909-eb8f-4baf-9eed-7a4cc889cb7c,6C:75:9D:41:95:71,,-87,1761942051102
38192,1761942061196.0,0adab909-eb8f-4baf-9eed-7a4cc889cb7c,50:0F:A1:0A:76:79,,-76,1761942051102
38193,1761942650948.0,0adab909-eb8f-4baf-9eed-7a4cc889cb7c,49:E6:43:71:A1:16,,-79,1761942650877
38194,1761942650979.0,0adab909-eb8f-4baf-9eed-7a4cc889cb7c,69:02:4A:76:79:55,,-80,1761942650877
38195,1761942651250.0,0adab909-eb8f-4baf-9eed-7a4cc889cb7c,FF:10:10:AE:A7:64,Sunset lights,-78,1761942650877
38196,1761942651613.0,0adab909-eb8f-4baf-9eed-7a4cc889cb7c,49:10:21:A4:28:02,,-84,1761942650877
38197,1761942651625.0,0adab909-eb8f-4baf-9eed-7a4cc889cb7c,42:BE:AD:7E:51:B7,,-81,1761942650877
38198,1761942652238.0,0adab909-eb8f-4baf-9eed-7a4cc889cb7c,7A:75:5A:19:C3:94,,-85,1761942650877
38199,1761942652558.0,0adab909-eb8f-4baf-9eed-7a4cc889cb7c,4F:C4:7B:2B:18:CF,,-78,1761942650877
38200,1761942653554.0,0adab909-eb8f-4baf-9eed-7a4cc889cb7c,65:C5:F8:81:B4:5E,,-79,1761942650877
38201,1761942653831.0,0adab909-eb8f-4baf-9eed-7a4cc889cb7c,6E:0F:8B:2E:8F:EB,,-91,1761942650877
38202,1761942655808.0,0adab909-eb8f-4baf-9eed-7a4cc889cb7c,70:2B:78:2E:6D:85,,-73,1761942650877
38203,1761943251010.0,0adab909-eb8f-4baf-9eed-7a4cc889cb7c,4F:C4:7B:2B:18:CF,,-77,1761943250901
38204,1761943252276.0,0adab909-eb8f-4baf-9eed-7a4cc889cb7c,70:2B:78:2E:6D:85,,-70,1761943250901
38205,1761943252305.0,0adab909-eb8f-4baf-9eed-7a4cc889cb7c,FF:10:10:AE:A7:64,Sunset lights,-72,1761943250901
38206,1761943252924.0,0adab909-eb8f-4baf-9eed-7a4cc889cb7c,42:BE:AD:7E:51:B7,,-87,1761943250901
38207,1761943253250.0,0adab909-eb8f-4baf-9eed-7a4cc889cb7c,65:C5:F8:81:B4:5E,,-70,1761943250901
38208,1761943253601.0,0adab909-eb8f-4baf-9eed-7a4cc889cb7c,49:E6:43:71:A1:16,,-82,1761943250901
38209,1761943253915.0,0adab909-eb8f-4baf-9eed-7a4cc889cb7c,7A:75:5A:19:C3:94,,-85,1761943250901
38210,1761943254213.0,0adab909-eb8f-4baf-9eed-7a4cc889cb7c,79:F7:27:82:B1:A5,,-92,1761943250901
38211,1761943850983.0,0adab909-eb8f-4baf-9eed-7a4cc889cb7c,79:F7:27:82:B1:A5,,-83,1761943850884
38212,1761943851029.0,0adab909-eb8f-4baf-9eed-7a4cc889cb7c,FF:10:10:AE:A7:64,Sunset lights,-85,1761943850884
38213,1761943851050.0,0adab909-eb8f-4baf-9eed-7a4cc889cb7c,58:E6:D4:2D:9D:08,,-88,1761943850884
38214,1761943851088.0,0adab909-eb8f-4baf-9eed-7a4cc889cb7c,43:AC:65:04:06:E5,,-84,1761943850884
38215,1761943851307.0,0adab909-eb8f-4baf-9eed-7a4cc889cb7c,7A:44:28:DF:0A:44,,-76,1761943850884
38216,1761943851621.0,0adab909-eb8f-4baf-9eed-7a4cc889cb7c,55:26:41:88:8A:F0,,-91,1761943850884
38217,1761943851639.0,0adab909-eb8f-4baf-9eed-7a4cc889cb7c,42:BE:AD:7E:51:B7,,-84,1761943850884
38218,1761943852274.0,0adab909-eb8f-4baf-9eed-7a4cc889cb7c,56:61:24:05:4A:F0,,-73,1761943850884
38219,1761943852903.0,0adab909-eb8f-4baf-9eed-7a4cc889cb7c,49:E6:43:71:A1:16,,-90,1761943850884
38220,1761944452307.0,0adab909-eb8f-4baf-9eed-7a4cc889cb7c,FF:10:10:AE:A7:64,Sunset lights,-81,1761944451609
38221,1761944452354.0,0adab909-eb8f-4baf-9eed-7a4cc889cb7c,7A:44:28:DF:0A:44,,-75,1761944451609
38222,1761944452954.0,0adab909-eb8f-4baf-9eed-7a4cc889cb7c,56:61:24:05:4A:F0,,-73,1761944451609
38223,1761944453285.0,0adab909-eb8f-4baf-9eed-7a4cc889cb7c,48:A8:B1:62:0A:63,,-78,1761944451609
38224,1761944453303.0,0adab909-eb8f-4baf-9eed-7a4cc889cb7c,55:26:41:88:8A:F0,,-75,1761944451609
38225,1761944453615.0,0adab909-eb8f-4baf-9eed-7a4cc889cb7c,58:E6:D4:2D:9D:08,,-92,1761944451609
38226,1761944457405.0,0adab909-eb8f-4baf-9eed-7a4cc889cb7c,43:E4:4E:EB:A8:71,,-87,1761944451609
38227,1761944461923.0,0adab909-eb8f-4baf-9eed-7a4cc889cb7c,79:F7:27:82:B1:A5,,-83,1761944451609
38228,1761945051672.0,0adab909-eb8f-4baf-9eed-7a4cc889cb7c,46:4B:DA:65:26:15,,-88,1761945051596
38229,1761945051704.0,0adab909-eb8f-4baf-9eed-7a4cc889cb7c,FF:10:10:AE:A7:64,Sunset lights,-81,1761945051596
38230,1761945051726.0,0adab909-eb8f-4baf-9eed-7a4cc889cb7c,5D:1E:DD:9F:5E:0C,,-75,1761945051596
38231,1761945051751.0,0adab909-eb8f-4baf-9eed-7a4cc889cb7c,73:69:99:06:9F:47,,-82,1761945051596
38232,1761945052040.0,0adab909-eb8f-4baf-9eed-7a4cc889cb7c,45:7C:56:99:1C:B8,,-78,1761945051596
38233,1761945052350.0,0adab909-eb8f-4baf-9eed-7a4cc889cb7c,48:A8:B1:62:0A:63,,-85,1761945051596
38234,1761945054859.0,0adab909-eb8f-4baf-9eed-7a4cc889cb7c,43:E4:4E:EB:A8:71,,-91,1761945051596
38235,1761945056468.0,0adab909-eb8f-4baf-9eed-7a4cc889cb7c,50:0B:99:04:F5:2B,,-72,1761945051596
38236,1761945060346.0,0adab909-eb8f-4baf-9eed-7a4cc889cb7c,66:A5:A1:19:ED:7B,,-91,1761945051596
38237,1761945651677.0,0adab909-eb8f-4baf-9eed-7a4cc889cb7c,FF:10:10:AE:A7:64,Sunset lights,-82,1761945651601
38238,1761945651992.0,0adab909-eb8f-4baf-9eed-7a4cc889cb7c,48:AF:87:58:D3:C7,,-80,1761945651601
38239,1761945652632.0,0adab909-eb8f-4baf-9eed-7a4cc889cb7c,46:4B:DA:65:26:15,,-89,1761945651601
38240,1761945652651.0,0adab909-eb8f-4baf-9eed-7a4cc889cb7c,58:65:9D:18:56:AB,,-76,1761945651601
38241,1761945653024.0,0adab909-eb8f-4baf-9eed-7a4cc889cb7c,49:21:38:05:6C:E5,,-87,1761945651601
38242,1761945653250.0,0adab909-eb8f-4baf-9eed-7a4cc889cb7c,79:ED:65:B8:8D:B7,,-76,1761945651601
38243,1761945653620.0,0adab909-eb8f-4baf-9eed-7a4cc889cb7c,73:69:99:06:9F:47,,-84,1761945651601
38244,1761945659071.0,0adab909-eb8f-4baf-9eed-7a4cc889cb7c,59:22:42:C6:10:B8,,-79,1761945651601
38245,1761945661361.0,0adab909-eb8f-4baf-9eed-7a4cc889cb7c,63:48:51:5D:7A:01,,-77,1761945651601
38246,1761946251242.0,0adab909-eb8f-4baf-9eed-7a4cc889cb7c,73:DD:B1:03:DD:34,,-82,1761946251227
38247,1761946251374.0,0adab909-eb8f-4baf-9eed-7a4cc889cb7c,0E:F7:60:65:59:FA,,-93,1761946251227
38248,1761946251591.0,0adab909-eb8f-4baf-9eed-7a4cc889cb7c,FF:10:10:AE:A7:64,Sunset lights,-77,1761946251227
38249,1761946252354.0,0adab909-eb8f-4baf-9eed-7a4cc889cb7c,48:AF:87:58:D3:C7,,-86,1761946251227
38250,1761946252591.0,0adab909-eb8f-4baf-9eed-7a4cc889cb7c,59:22:42:C6:10:B8,,-82,1761946251227
38251,1761946252920.0,0adab909-eb8f-4baf-9eed-7a4cc889cb7c,79:ED:65:B8:8D:B7,,-75,1761946251227
38252,1761946253692.0,0adab909-eb8f-4baf-9eed-7a4cc889cb7c,58:65:9D:18:56:AB,,-83,1761946251227
38253,1761946259354.0,0adab909-eb8f-4baf-9eed-7a4cc889cb7c,49:21:38:05:6C:E5,,-89,1761946251227
38254,1761946264150.0,0adab909-eb8f-4baf-9eed-7a4cc889cb7c,48:AF:87:58:D3:C7,,-82,1761946251227
38255,1761946264182.0,0adab909-eb8f-4baf-9eed-7a4cc889cb7c,FF:10:10:AE:A7:64,Sunset lights,-70,1761946251227
38256,1761946264213.0,0adab909-eb8f-4baf-9eed-7a4cc889cb7c,EC:90:D5:35:F9:62,,-80,1761946251227
38257,1761946264239.0,0adab909-eb8f-4baf-9eed-7a4cc889cb7c,58:65:9D:18:56:AB,,-77,1761946251227
38258,1761946264285.0,0adab909-eb8f-4baf-9eed-7a4cc889cb7c,79:ED:65:B8:8D:B7,,-80,1761946251227
38259,1761946264308.0,0adab909-eb8f-4baf-9eed-7a4cc889cb7c,38:53:39:C1:D6:B3,,-89,1761946251227
38260,1761946264330.0,0adab909-eb8f-4baf-9eed-7a4cc889cb7c,49:21:38:05:6C:E5,,-83,1761946251227
38261,1761946265240.0,0adab909-eb8f-4baf-9eed-7a4cc889cb7c,73:DD:B1:03:DD:34,,-84,1761946251227
38262,1761946265300.0,0adab909-eb8f-4baf-9eed-7a4cc889cb7c,0E:F7:60:65:59:FA,,-91,1761946251227
38263,1761946266137.0,0adab909-eb8f-4baf-9eed-7a4cc889cb7c,1B:C6:C7:E2:54:6D,,-89,1761946251227
38264,1761946266197.0,0adab909-eb8f-4baf-9eed-7a4cc889cb7c,25:AD:CE:C2:9C:59,,-94,1761946251227
38265,1761946266247.0,0adab909-eb8f-4baf-9eed-7a4cc889cb7c,EC:89:C6:D4:DA:4A,,-79,1761946251227
38266,1761946824996.0,0adab909-eb8f-4baf-9eed-7a4cc889cb7c,FF:10:10:AE:A7:64,Sunset lights,-69,1761946824220
38267,1761946825032.0,0adab909-eb8f-4baf-9eed-7a4cc889cb7c,6D:9A:5A:C9:50:30,,-76,1761946824220
38268,1761946825082.0,0adab909-eb8f-4baf-9eed-7a4cc889cb7c,59:22:42:C6:10:B8,,-79,1761946824220
38269,1761946825251.0,0adab909-eb8f-4baf-9eed-7a4cc889cb7c,73:DD:B1:03:DD:34,,-89,1761946824220
38270,1761946826579.0,0adab909-eb8f-4baf-9eed-7a4cc889cb7c,41:12:06:04:DB:C7,,-73,1761946824220
38271,1761946827186.0,0adab909-eb8f-4baf-9eed-7a4cc889cb7c,44:A8:A1:23:BD:84,,-73,1761946824220
38272,1761946835862.0,0adab909-eb8f-4baf-9eed-7a4cc889cb7c,70:D7:FB:BC:E7:6E,,-82,1761946824220
38273,1761946837194.0,0adab909-eb8f-4baf-9eed-7a4cc889cb7c,2A:3B:90:7F:2F:40,,-80,1761946824220
38274,1761946837238.0,0adab909-eb8f-4baf-9eed-7a4cc889cb7c,70:D7:FB:BC:E7:6E,,-81,1761946824220
38275,1761946837315.0,0adab909-eb8f-4baf-9eed-7a4cc889cb7c,6D:9A:5A:C9:50:30,,-78,1761946824220
38276,1761946837338.0,0adab909-eb8f-4baf-9eed-7a4cc889cb7c,FF:10:10:AE:A7:64,Sunset lights,-71,1761946824220
38277,1761946837359.0,0adab909-eb8f-4baf-9eed-7a4cc889cb7c,41:12:06:04:DB:C7,,-73,1761946824220
38278,1761946837386.0,0adab909-eb8f-4baf-9eed-7a4cc889cb7c,E3:28:A6:29:B4:0C,,-79,1761946824220
38279,1761946837415.0,0adab909-eb8f-4baf-9eed-7a4cc889cb7c,59:22:42:C6:10:B8,,-73,1761946824220
38280,1761946838184.0,0adab909-eb8f-4baf-9eed-7a4cc889cb7c,44:A8:A1:23:BD:84,,-72,1761946824220
38281,1761946838215.0,0adab909-eb8f-4baf-9eed-7a4cc889cb7c,DE:5A:EF:C3:ED:1C,,-85,1761946824220
38282,1761946838243.0,0adab909-eb8f-4baf-9eed-7a4cc889cb7c,73:DD:B1:03:DD:34,,-84,1761946824220
38283,1761946838269.0,0adab909-eb8f-4baf-9eed-7a4cc889cb7c,C6:A2:DB:EB:CD:DB,,-76,1761946824220
38284,1761946839153.0,0adab909-eb8f-4baf-9eed-7a4cc889cb7c,EA:3B:D2:2E:D1:AA,,-85,1761946824220
38285,1761946839314.0,0adab909-eb8f-4baf-9eed-7a4cc889cb7c,5E:D5:0F:62:20:ED,,-82,1761946824220
38286,1761946840154.0,0adab909-eb8f-4baf-9eed-7a4cc889cb7c,44:A8:A1:23:BD:84,,-76,1761946824220
38287,1761946840183.0,0adab909-eb8f-4baf-9eed-7a4cc889cb7c,2A:3B:90:7F:2F:40,,-78,1761946824220
38288,1761947455421.0,0adab909-eb8f-4baf-9eed-7a4cc889cb7c,51:65:D8:B7:21:B2,,-76,1761947455382
38289,1761947455456.0,0adab909-eb8f-4baf-9eed-7a4cc889cb7c,77:8B:0B:E7:24:1A,,-76,1761947455382
38290,1761947455519.0,0adab909-eb8f-4baf-9eed-7a4cc889cb7c,45:2F:DA:72:F4:BA,,-71,1761947455382
38291,1761947456433.0,0adab909-eb8f-4baf-9eed-7a4cc889cb7c,4F:01:F6:73:AA:D2,,-82,1761947455382
38292,1761947456457.0,0adab909-eb8f-4baf-9eed-7a4cc889cb7c,5E:D5:0F:62:20:ED,,-83,1761947455382
38293,1761947456751.0,0adab909-eb8f-4baf-9eed-7a4cc889cb7c,FF:10:10:AE:A7:64,Sunset lights,-67,1761947455382
38294,1761947458060.0,0adab909-eb8f-4baf-9eed-7a4cc889cb7c,51:6C:A1:4B:C8:98,,-82,1761947455382
38295,1761947468261.0,0adab909-eb8f-4baf-9eed-7a4cc889cb7c,4F:01:F6:73:AA:D2,,-82,1761947455382
38296,1761947468339.0,0adab909-eb8f-4baf-9eed-7a4cc889cb7c,3A:0A:7B:97:C4:4E,,-73,1761947455382
38297,1761947468381.0,0adab909-eb8f-4baf-9eed-7a4cc889cb7c,77:8B:0B:E7:24:1A,,-72,1761947455382
38298,1761947468411.0,0adab909-eb8f-4baf-9eed-7a4cc889cb7c,51:65:D8:B7:21:B2,,-72,1761947455382
38299,1761947468430.0,0adab909-eb8f-4baf-9eed-7a4cc889cb7c,45:2F:DA:72:F4:BA,,-72,1761947455382
38300,1761947468451.0,0adab909-eb8f-4baf-9eed-7a4cc889cb7c,FF:10:10:AE:A7:64,Sunset lights,-68,1761947455382
38301,1761947469393.0,0adab909-eb8f-4baf-9eed-7a4cc889cb7c,D9:6D:F3:5B:AA:20,,-74,1761947455382
38302,1761947469418.0,0adab909-eb8f-4baf-9eed-7a4cc889cb7c,51:6C:A1:4B:C8:98,,-73,1761947455382
38303,1761947469465.0,0adab909-eb8f-4baf-9eed-7a4cc889cb7c,5E:D5:0F:62:20:ED,,-83,1761947455382
38304,1761948051393.0,0adab909-eb8f-4baf-9eed-7a4cc889cb7c,7A:E5:55:CD:D5:5A,,-89,1761948051300
38305,1761948051733.0,0adab909-eb8f-4baf-9eed-7a4cc889cb7c,FF:10:10:AE:A7:64,Sunset lights,-69,1761948051300
38306,1761948057781.0,0adab909-eb8f-4baf-9eed-7a4cc889cb7c,51:6C:A1:4B:C8:98,,-79,1761948051300
38307,1761948064232.0,0adab909-eb8f-4baf-9eed-7a4cc889cb7c,E1:09:82:99:2F:24,,-84,1761948051300
38308,1761948064267.0,0adab909-eb8f-4baf-9eed-7a4cc889cb7c,16:42:16:B0:BA:6D,,-82,1761948051300
38309,1761948064335.0,0adab909-eb8f-4baf-9eed-7a4cc889cb7c,FF:10:10:AE:A7:64,Sunset lights,-68,1761948051300
38310,1761948064364.0,0adab909-eb8f-4baf-9eed-7a4cc889cb7c,E4:59:AD:FC:0D:7E,,-83,1761948051300
38311,1761948065420.0,0adab909-eb8f-4baf-9eed-7a4cc889cb7c,7A:E5:55:CD:D5:5A,,-77,1761948051300
38312,1761948066285.0,0adab909-eb8f-4baf-9eed-7a4cc889cb7c,D0:01:4B:0D:40:AD,,-83,1761948051300
38313,1761948066313.0,0adab909-eb8f-4baf-9eed-7a4cc889cb7c,51:6C:A1:4B:C8:98,,-78,1761948051300
38314,1761948651462.0,0adab909-eb8f-4baf-9eed-7a4cc889cb7c,7A:E5:55:CD:D5:5A,,-89,1761948651289
38315,1761948651684.0,0adab909-eb8f-4baf-9eed-7a4cc889cb7c,4E:D6:EA:C4:B9:CA,,-76,1761948651289
38316,1761948652372.0,0adab909-eb8f-4baf-9eed-7a4cc889cb7c,51:6C:A1:4B:C8:98,,-93,1761948651289
38317,1761948653292.0,0adab909-eb8f-4baf-9eed-7a4cc889cb7c,71:88:83:BD:C5:9F,,-83,1761948651289
38318,1761948653329.0,0adab909-eb8f-4baf-9eed-7a4cc889cb7c,56:2C:82:52:81:06,,-88,1761948651289
38319,1761948654290.0,0adab909-eb8f-4baf-9eed-7a4cc889cb7c,62:DC:FF:30:F9:EA,,-82,1761948651289
38320,1761948657480.0,0adab909-eb8f-4baf-9eed-7a4cc889cb7c,44:27:F3:4F:E6:95,XiaomiWatchS1Active E695,-94,1761948651289
38321,1761948664314.0,0adab909-eb8f-4baf-9eed-7a4cc889cb7c,71:88:83:BD:C5:9F,,-81,1761948651289
38322,1761948664344.0,0adab909-eb8f-4baf-9eed-7a4cc889cb7c,F4:FE:FB:45:44:C9,,-76,1761948651289
38323,1761948664373.0,0adab909-eb8f-4baf-9eed-7a4cc889cb7c,7A:E5:55:CD:D5:5A,,-84,1761948651289
38324,1761948664394.0,0adab909-eb8f-4baf-9eed-7a4cc889cb7c,C9:EA:DA:60:8A:50,,-79,1761948651289
38325,1761948664419.0,0adab909-eb8f-4baf-9eed-7a4cc889cb7c,4E:D6:EA:C4:B9:CA,,-80,1761948651289
38326,1761948665331.0,0adab909-eb8f-4baf-9eed-7a4cc889cb7c,62:DC:FF:30:F9:EA,,-81,1761948651289
38327,1761948665369.0,0adab909-eb8f-4baf-9eed-7a4cc889cb7c,C3:F5:7F:8B:F1:7D,Hue Lamp,-83,1761948651289
38328,1761948665426.0,0adab909-eb8f-4baf-9eed-7a4cc889cb7c,C0:71:BD:EA:F5:4E,Hue Lamp,-88,1761948651289
38329,1761948666338.0,0adab909-eb8f-4baf-9eed-7a4cc889cb7c,FD:D3:B3:9C:85:11,,-89,1761948651289
38330,1761949222383.0,0adab909-eb8f-4baf-9eed-7a4cc889cb7c,60:74:F4:75:21:D5,ihoment_H601B_21D5,-82,1761949222331
38331,1761949222409.0,0adab909-eb8f-4baf-9eed-7a4cc889cb7c,FF:10:10:AE:A7:64,Sunset lights,-89,1761949222331
38332,1761949223416.0,0adab909-eb8f-4baf-9eed-7a4cc889cb7c,78:DD:A3:5D:0B:B4,,-77,1761949222331
38333,1761949223439.0,0adab909-eb8f-4baf-9eed-7a4cc889cb7c,66:84:E0:1F:F1:FF,,-65,1761949222331
38334,1761949223713.0,0adab909-eb8f-4baf-9eed-7a4cc889cb7c,60:74:F4:73:96:CD,ihoment_H601B_96CD,-82,1761949222331
38335,1761949224697.0,0adab909-eb8f-4baf-9eed-7a4cc889cb7c,75:73:7C:D4:63:7F,,-79,1761949222331
38336,1761949235265.0,0adab909-eb8f-4baf-9eed-7a4cc889cb7c,78:DD:A3:5D:0B:B4,,-84,1761949222331
38337,1761949235294.0,0adab909-eb8f-4baf-9eed-7a4cc889cb7c,66:84:E0:1F:F1:FF,,-65,1761949222331
38338,1761949235310.0,0adab909-eb8f-4baf-9eed-7a4cc889cb7c,60:74:F4:75:21:D5,ihoment_H601B_21D5,-81,1761949222331
38339,1761949235350.0,0adab909-eb8f-4baf-9eed-7a4cc889cb7c,60:74:F4:73:96:CD,ihoment_H601B_96CD,-79,1761949222331
38340,1761949237278.0,0adab909-eb8f-4baf-9eed-7a4cc889cb7c,FF:10:10:AE:A7:64,Sunset lights,-76,1761949222331
38341,1761949237330.0,0adab909-eb8f-4baf-9eed-7a4cc889cb7c,75:73:7C:D4:63:7F,,-77,1761949222331
38342,1761949814759.0,0adab909-eb8f-4baf-9eed-7a4cc889cb7c,6C:CC:2D:9F:03:BD,,-76,1761949814742
38343,1761949814874.0,0adab909-eb8f-4baf-9eed-7a4cc889cb7c,60:74:F4:75:21:D5,ihoment_H601B_21D5,-81,1761949814742
38344,1761949815094.0,0adab909-eb8f-4baf-9eed-7a4cc889cb7c,6A:73:45:7F:BA:1C,,127,1761949814742
38345,1761949816437.0,0adab909-eb8f-4baf-9eed-7a4cc889cb7c,75:73:7C:D4:63:7F,,-80,1761949814742
38346,1761949817992.0,0adab909-eb8f-4baf-9eed-7a4cc889cb7c,60:74:F4:73:96:CD,ihoment_H601B_96CD,-81,1761949814742
38347,1761949819958.0,0adab909-eb8f-4baf-9eed-7a4cc889cb7c,FF:10:10:AE:A7:64,Sunset lights,-93,1761949814742
38348,1761949827841.0,0adab909-eb8f-4baf-9eed-7a4cc889cb7c,FF:10:10:AE:A7:64,Sunset lights,-91,1761949814742
38349,1761949827871.0,0adab909-eb8f-4baf-9eed-7a4cc889cb7c,6A:73:45:7F:BA:1C,,-61,1761949814742
38350,1761949827982.0,0adab909-eb8f-4baf-9eed-7a4cc889cb7c,60:74:F4:75:21:D5,ihoment_H601B_21D5,-73,1761949814742
38351,1761949828367.0,0adab909-eb8f-4baf-9eed-7a4cc889cb7c,75:73:7C:D4:63:7F,,-80,1761949814742
38352,1761949829255.0,0adab909-eb8f-4baf-9eed-7a4cc889cb7c,E4:CE:85:D9:05:5F,,-80,1761949814742
38353,1761949830290.0,0adab909-eb8f-4baf-9eed-7a4cc889cb7c,FD:08:8D:08:43:0C,,-58,1761949814742
38354,1761950447677.0,0adab909-eb8f-4baf-9eed-7a4cc889cb7c,6A:73:45:7F:BA:1C,,-84,1761950447304
38355,1761950449664.0,0adab909-eb8f-4baf-9eed-7a4cc889cb7c,FF:10:10:AE:A7:64,Sunset lights,-84,1761950447304
38356,1761950451219.0,0adab909-eb8f-4baf-9eed-7a4cc889cb7c,75:73:7C:D4:63:7F,,-86,1761950447304
38357,1761950460238.0,0adab909-eb8f-4baf-9eed-7a4cc889cb7c,6A:73:45:7F:BA:1C,,-74,1761950447304
38358,1761950461338.0,0adab909-eb8f-4baf-9eed-7a4cc889cb7c,FF:10:10:AE:A7:64,Sunset lights,-85,1761950447304
38359,1761950988785.0,0adab909-eb8f-4baf-9eed-7a4cc889cb7c,FF:10:10:AE:A7:64,Sunset lights,-81,1761950988011
38360,1761950989052.0,0adab909-eb8f-4baf-9eed-7a4cc889cb7c,6D:90:4C:06:DD:49,,-72,1761950988011
38361,1761950989083.0,0adab909-eb8f-4baf-9eed-7a4cc889cb7c,5F:A3:65:67:F3:4B,,-79,1761950988011
38362,1761950991347.0,0adab909-eb8f-4baf-9eed-7a4cc889cb7c,6F:C5:F5:D8:BB:5E,,-78,1761950988011
38363,1761951000948.0,0adab909-eb8f-4baf-9eed-7a4cc889cb7c,6F:C5:F5:D8:BB:5E,,-78,1761950988011
38364,1761951001052.0,0adab909-eb8f-4baf-9eed-7a4cc889cb7c,FF:10:10:AE:A7:64,Sunset lights,-73,1761950988011
38365,1761951001081.0,0adab909-eb8f-4baf-9eed-7a4cc889cb7c,C9:3E:CE:50:41:90,,-71,1761950988011
38366,1761951001099.0,0adab909-eb8f-4baf-9eed-7a4cc889cb7c,6D:90:4C:06:DD:49,,-71,1761950988011
38367,1761951001894.0,0adab909-eb8f-4baf-9eed-7a4cc889cb7c,C8:78:05:15:D6:D7,,-82,1761950988011
38368,1761951001985.0,0adab909-eb8f-4baf-9eed-7a4cc889cb7c,38:FD:4B:18:22:24,,-93,1761950988011
38369,1761951002869.0,0adab909-eb8f-4baf-9eed-7a4cc889cb7c,5F:A3:65:67:F3:4B,,-84,1761950988011
38370,1761951651349.0,0adab909-eb8f-4baf-9eed-7a4cc889cb7c,7E:B2:DA:51:66:4F,,-78,1761951651256
38371,1761951651386.0,0adab909-eb8f-4baf-9eed-7a4cc889cb7c,60:89:F6:C2:8D:AB,,-78,1761951651256
38372,1761951652025.0,0adab909-eb8f-4baf-9eed-7a4cc889cb7c,51:53:F7:CE:F5:F6,,-71,1761951651256
38373,1761951652057.0,0adab909-eb8f-4baf-9eed-7a4cc889cb7c,FF:10:10:AE:A7:64,Sunset lights,-76,1761951651256
38374,1761951654854.0,0adab909-eb8f-4baf-9eed-7a4cc889cb7c,5F:A3:65:67:F3:4B,,-78,1761951651256
38375,1761951655194.0,0adab909-eb8f-4baf-9eed-7a4cc889cb7c,2D:C4:E9:4D:2D:D8,,-90,1761951651256
38376,1761951664195.0,0adab909-eb8f-4baf-9eed-7a4cc889cb7c,5F:A3:65:67:F3:4B,,-80,1761951651256
38377,1761951664235.0,0adab909-eb8f-4baf-9eed-7a4cc889cb7c,60:89:F6:C2:8D:AB,,-74,1761951651256
38378,1761951664252.0,0adab909-eb8f-4baf-9eed-7a4cc889cb7c,51:53:F7:CE:F5:F6,,-78,1761951651256
38379,1761951664265.0,0adab909-eb8f-4baf-9eed-7a4cc889cb7c,7E:B2:DA:51:66:4F,,-74,1761951651256
38380,1761951664313.0,0adab909-eb8f-4baf-9eed-7a4cc889cb7c,FC:E1:CB:12:DB:0E,,-80,1761951651256
38381,1761951665126.0,0adab909-eb8f-4baf-9eed-7a4cc889cb7c,FF:10:10:AE:A7:64,Sunset lights,-75,1761951651256
38382,1761951665227.0,0adab909-eb8f-4baf-9eed-7a4cc889cb7c,DE:BA:F2:79:45:CC,,-71,1761951651256
38383,1761951666331.0,0adab909-eb8f-4baf-9eed-7a4cc889cb7c,DF:73:DD:30:D6:0F,,-78,1761951651256
38384,1761952251988.0,0adab909-eb8f-4baf-9eed-7a4cc889cb7c,5B:72:AF:16:DD:6A,,-75,1761952251218
38385,1761952252589.0,0adab909-eb8f-4baf-9eed-7a4cc889cb7c,FF:10:10:AE:A7:64,Sunset lights,-85,1761952251218
38386,1761952252613.0,0adab909-eb8f-4baf-9eed-7a4cc889cb7c,5F:A3:65:67:F3:4B,,-89,1761952251218
38387,1761952253236.0,0adab909-eb8f-4baf-9eed-7a4cc889cb7c,5D:FC:C7:0A:EE:B5,,-89,1761952251218
38388,1761952253274.0,0adab909-eb8f-4baf-9eed-7a4cc889cb7c,6F:51:8C:44:23:36,,-89,1761952251218
38389,1761952255223.0,0adab909-eb8f-4baf-9eed-7a4cc889cb7c,5B:6C:82:9A:97:D7,,-88,1761952251218
38390,1761952264147.0,0adab909-eb8f-4baf-9eed-7a4cc889cb7c,5F:A3:65:67:F3:4B,,-91,1761952251218
38391,1761952264219.0,0adab909-eb8f-4baf-9eed-7a4cc889cb7c,5B:72:AF:16:DD:6A,,-82,1761952251218
38392,1761952265369.0,0adab909-eb8f-4baf-9eed-7a4cc889cb7c,FF:10:10:AE:A7:64,Sunset lights,-81,1761952251218
38393,1761952851312.0,0adab909-eb8f-4baf-9eed-7a4cc889cb7c,FF:10:10:AE:A7:64,Sunset lights,-79,1761952851237
38394,1761952852159.0,0adab909-eb8f-4baf-9eed-7a4cc889cb7c,77:BC:34:BC:5E:7D,,-91,1761952851237
38395,1761952852339.0,0adab909-eb8f-4baf-9eed-7a4cc889cb7c,5B:72:AF:16:DD:6A,,-73,1761952851237
38396,1761952864195.0,0adab909-eb8f-4baf-9eed-7a4cc889cb7c,FF:10:10:AE:A7:64,Sunset lights,-75,1761952851237
38397,1761952864234.0,0adab909-eb8f-4baf-9eed-7a4cc889cb7c,77:BC:34:BC:5E:7D,,-82,1761952851237
38398,1761952864341.0,0adab909-eb8f-4baf-9eed-7a4cc889cb7c,5B:72:AF:16:DD:6A,,-74,1761952851237
38399,1761953451616.0,0adab909-eb8f-4baf-9eed-7a4cc889cb7c,FF:10:10:AE:A7:64,Sunset lights,-80,1761953451249
38400,1761953451646.0,0adab909-eb8f-4baf-9eed-7a4cc889cb7c,45:29:5C:E5:08:59,,-75,1761953451249
38401,1761953454229.0,0adab909-eb8f-4baf-9eed-7a4cc889cb7c,77:BC:34:BC:5E:7D,,-86,1761953451249
38402,1761953464103.0,0adab909-eb8f-4baf-9eed-7a4cc889cb7c,45:29:5C:E5:08:59,,-77,1761953451249
38403,1761953464198.0,0adab909-eb8f-4baf-9eed-7a4cc889cb7c,CF:06:36:7F:68:D5,,-90,1761953451249
38404,1761953464225.0,0adab909-eb8f-4baf-9eed-7a4cc889cb7c,FF:10:10:AE:A7:64,Sunset lights,-82,1761953451249
38405,1761953465212.0,0adab909-eb8f-4baf-9eed-7a4cc889cb7c,FE:28:48:E5:8E:E0,,-71,1761953451249
38406,1761953466231.0,0adab909-eb8f-4baf-9eed-7a4cc889cb7c,FD:9C:7D:BF:39:02,,-89,1761953451249
38407,1761953466261.0,0adab909-eb8f-4baf-9eed-7a4cc889cb7c,D3:63:96:01:D1:4F,,-88,1761953451249
38408,1761954052238.0,0adab909-eb8f-4baf-9eed-7a4cc889cb7c,61:B4:DE:11:09:6E,,-66,1761954051213
38409,1761954052592.0,0adab909-eb8f-4baf-9eed-7a4cc889cb7c,FF:10:10:AE:A7:64,Sunset lights,-84,1761954051213
38410,1761954053566.0,0adab909-eb8f-4baf-9eed-7a4cc889cb7c,6D:D1:5B:80:ED:75,,-90,1761954051213
38411,1761954064156.0,0adab909-eb8f-4baf-9eed-7a4cc889cb7c,61:B4:DE:11:09:6E,,-66,1761954051213
38412,1761954066064.0,0adab909-eb8f-4baf-9eed-7a4cc889cb7c,CE:68:B8:CF:24:BB,,-97,1761954051213
38413,1761954066094.0,0adab909-eb8f-4baf-9eed-7a4cc889cb7c,FF:10:10:AE:A7:64,Sunset lights,-80,1761954051213
38414,1761954651344.0,0adab909-eb8f-4baf-9eed-7a4cc889cb7c,FF:10:10:AE:A7:64,Sunset lights,-81,1761954651254
38415,1761954652323.0,0adab909-eb8f-4baf-9eed-7a4cc889cb7c,61:B4:DE:11:09:6E,,-67,1761954651254
38416,1761954654863.0,0adab909-eb8f-4baf-9eed-7a4cc889cb7c,6D:D1:5B:80:ED:75,,-77,1761954651254
38417,1761954664156.0,0adab909-eb8f-4baf-9eed-7a4cc889cb7c,61:B4:DE:11:09:6E,,-61,1761954651254
38418,1761954664228.0,0adab909-eb8f-4baf-9eed-7a4cc889cb7c,FF:10:10:AE:A7:64,Sunset lights,-75,1761954651254
38419,1761955252074.0,0adab909-eb8f-4baf-9eed-7a4cc889cb7c,59:91:CA:CC:6B:86,,-76,1761955251359
38420,1761955252356.0,0adab909-eb8f-4baf-9eed-7a4cc889cb7c,FF:10:10:AE:A7:64,Sunset lights,-77,1761955251359
38421,1761955256897.0,0adab909-eb8f-4baf-9eed-7a4cc889cb7c,73:58:77:8A:D5:08,,-75,1761955251359
38422,1761955264307.0,0adab909-eb8f-4baf-9eed-7a4cc889cb7c,59:91:CA:CC:6B:86,,-68,1761955251359
38423,1761955264350.0,0adab909-eb8f-4baf-9eed-7a4cc889cb7c,73:58:77:8A:D5:08,,-74,1761955251359
38424,1761955264379.0,0adab909-eb8f-4baf-9eed-7a4cc889cb7c,C9:BD:4B:3A:A5:13,,-68,1761955251359
38425,1761955265322.0,0adab909-eb8f-4baf-9eed-7a4cc889cb7c,FF:10:10:AE:A7:64,Sunset lights,-76,1761955251359
38426,1761955851759.0,0adab909-eb8f-4baf-9eed-7a4cc889cb7c,71:E7:EF:12:3F:15,,-57,1761955851356
38427,1761955853686.0,0adab909-eb8f-4baf-9eed-7a4cc889cb7c,FF:10:10:AE:A7:64,Sunset lights,-76,1761955851356
38428,1761955855261.0,0adab909-eb8f-4baf-9eed-7a4cc889cb7c,73:58:77:8A:D5:08,,-76,1761955851356
38429,1761955864314.0,0adab909-eb8f-4baf-9eed-7a4cc889cb7c,71:E7:EF:12:3F:15,,-68,1761955851356
38430,1761955864393.0,0adab909-eb8f-4baf-9eed-7a4cc889cb7c,E3:BF:FE:7B:C0:16,,-74,1761955851356
38431,1761955865373.0,0adab909-eb8f-4baf-9eed-7a4cc889cb7c,FF:10:10:AE:A7:64,Sunset lights,-76,1761955851356
38432,1761955865444.0,0adab909-eb8f-4baf-9eed-7a4cc889cb7c,73:58:77:8A:D5:08,,-88,1761955851356
38433,1761956489143.0,0adab909-eb8f-4baf-9eed-7a4cc889cb7c,FF:10:10:AE:A7:64,Sunset lights,-72,1761956489128
38434,1761956489195.0,0adab909-eb8f-4baf-9eed-7a4cc889cb7c,71:E7:EF:12:3F:15,,-74,1761956489128
38435,1761956490168.0,0adab909-eb8f-4baf-9eed-7a4cc889cb7c,50:44:02:18:7B:68,,-74,1761956489128
38436,1761957161827.0,0adab909-eb8f-4baf-9eed-7a4cc889cb7c,FF:10:10:AE:A7:64,Sunset lights,-82,1761957161054
38437,1761957161845.0,0adab909-eb8f-4baf-9eed-7a4cc889cb7c,6B:D3:23:A7:C0:95,,-78,1761957161054
38438,1761957165349.0,0adab909-eb8f-4baf-9eed-7a4cc889cb7c,50:44:02:18:7B:68,,-82,1761957161054
38439,1761957761170.0,0adab909-eb8f-4baf-9eed-7a4cc889cb7c,6B:D3:23:A7:C0:95,,-80,1761957761105
38440,1761957761190.0,0adab909-eb8f-4baf-9eed-7a4cc889cb7c,FF:10:10:AE:A7:64,Sunset lights,-72,1761957761105
38441,1761957762159.0,0adab909-eb8f-4baf-9eed-7a4cc889cb7c,50:44:02:18:7B:68,,-75,1761957761105
38442,1761957764419.0,0adab909-eb8f-4baf-9eed-7a4cc889cb7c,5B:D2:F8:32:98:5F,,-81,1761957761105
38443,1761957773050.0,0adab909-eb8f-4baf-9eed-7a4cc889cb7c,5C:A8:51:E7:BF:52,,-89,1761957761105
38444,1761958289153.0,0adab909-eb8f-4baf-9eed-7a4cc889cb7c,FF:10:10:AE:A7:64,Sunset lights,-76,1761958289111
38445,1761958289194.0,0adab909-eb8f-4baf-9eed-7a4cc889cb7c,5B:D2:F8:32:98:5F,,-82,1761958289111
38446,1761958290516.0,0adab909-eb8f-4baf-9eed-7a4cc889cb7c,41:06:22:C7:B7:BA,,-82,1761958289111
38447,1761958785401.0,0adab909-eb8f-4baf-9eed-7a4cc889cb7c,41:06:22:C7:B7:BA,,-74,1761958785397
38448,1761958785525.0,0adab909-eb8f-4baf-9eed-7a4cc889cb7c,FF:10:10:AE:A7:64,Sunset lights,-70,1761958785397
38449,1761958785825.0,0adab909-eb8f-4baf-9eed-7a4cc889cb7c,47:65:16:14:23:C5,,-80,1761958785397
38450,1761958797405.0,0adab909-eb8f-4baf-9eed-7a4cc889cb7c,70:51:03:A0:F1:A2,,-81,1761958785397
38451,1761959685520.0,0adab909-eb8f-4baf-9eed-7a4cc889cb7c,FF:10:10:AE:A7:64,Sunset lights,-75,1761959685350
38452,1761959685833.0,0adab909-eb8f-4baf-9eed-7a4cc889cb7c,42:78:0D:F7:65:C8,,-77,1761959685350
38453,1761959685850.0,0adab909-eb8f-4baf-9eed-7a4cc889cb7c,41:06:22:C7:B7:BA,,-75,1761959685350
38454,1761959985437.0,0adab909-eb8f-4baf-9eed-7a4cc889cb7c,42:78:0D:F7:65:C8,,-78,1761959985063
38455,1761959986502.0,0adab909-eb8f-4baf-9eed-7a4cc889cb7c,FF:10:10:AE:A7:64,Sunset lights,-70,1761959985063
38456,1761959986765.0,0adab909-eb8f-4baf-9eed-7a4cc889cb7c,51:0F:81:3D:11:A1,,-70,1761959985063
38457,1761960585762.0,0adab909-eb8f-4baf-9eed-7a4cc889cb7c,53:40:2D:A8:ED:08,,-79,1761960585758
38458,1761960586070.0,0adab909-eb8f-4baf-9eed-7a4cc889cb7c,51:0F:81:3D:11:A1,,-69,1761960585758
38459,1761960586086.0,0adab909-eb8f-4baf-9eed-7a4cc889cb7c,FF:10:10:AE:A7:64,Sunset lights,-79,1761960585758
38460,1761961417347.0,0adab909-eb8f-4baf-9eed-7a4cc889cb7c,FF:10:10:AE:A7:64,Sunset lights,-70,1761961417343
38461,1761961417363.0,0adab909-eb8f-4baf-9eed-7a4cc889cb7c,6E:93:CF:1E:8E:CD,,-74,1761961417343
38462,1761961417531.0,0adab909-eb8f-4baf-9eed-7a4cc889cb7c,7B:9E:3D:CE:59:2A,,-79,1761961417343
38463,1761961417806.0,0adab909-eb8f-4baf-9eed-7a4cc889cb7c,53:40:2D:A8:ED:08,,-76,1761961417343
38464,1761961421369.0,0adab909-eb8f-4baf-9eed-7a4cc889cb7c,6F:29:3F:E7:41:43,,-83,1761961417343
38465,1761962017293.0,0adab909-eb8f-4baf-9eed-7a4cc889cb7c,FF:10:10:AE:A7:64,Sunset lights,-70,1761962017288
38466,1761962018109.0,0adab909-eb8f-4baf-9eed-7a4cc889cb7c,6C:09:FC:36:FA:3A,,-84,1761962017288
38467,1761962019465.0,0adab909-eb8f-4baf-9eed-7a4cc889cb7c,6E:93:CF:1E:8E:CD,,-82,1761962017288
38468,1761962835360.0,0adab909-eb8f-4baf-9eed-7a4cc889cb7c,6A:C4:91:45:85:63,,-76,1761962835356
38469,1761962835422.0,0adab909-eb8f-4baf-9eed-7a4cc889cb7c,FF:10:10:AE:A7:64,Sunset lights,-71,1761962835356
38470,1761962835819.0,0adab909-eb8f-4baf-9eed-7a4cc889cb7c,4A:E5:2D:9B:CF:49,,-69,1761962835356
38471,1761963180095.0,0adab909-eb8f-4baf-9eed-7a4cc889cb7c,4A:E5:2D:9B:CF:49,,-75,1761963180033
38472,1761963180460.0,0adab909-eb8f-4baf-9eed-7a4cc889cb7c,FF:10:10:AE:A7:64,Sunset lights,-73,1761963180033
38473,1761963181101.0,0adab909-eb8f-4baf-9eed-7a4cc889cb7c,6A:C4:91:45:85:63,,-83,1761963180033
38474,1761963764434.0,0adab909-eb8f-4baf-9eed-7a4cc889cb7c,6D:60:3C:AD:46:42,,-82,1761963764363
38475,1761963764770.0,0adab909-eb8f-4baf-9eed-7a4cc889cb7c,5F:77:DE:67:F6:B3,,-87,1761963764363
38476,1761963767324.0,0adab909-eb8f-4baf-9eed-7a4cc889cb7c,FF:10:10:AE:A7:64,Sunset lights,-74,1761963764363
38477,1761964380327.0,0adab909-eb8f-4baf-9eed-7a4cc889cb7c,78:2B:BA:FB:17:F1,,-86,1761964380036
38478,1761964380621.0,0adab909-eb8f-4baf-9eed-7a4cc889cb7c,FF:10:10:AE:A7:64,Sunset lights,-69,1761964380036
38479,1761964382093.0,0adab909-eb8f-4baf-9eed-7a4cc889cb7c,5F:77:DE:67:F6:B3,,-73,1761964380036
38480,1761964912235.0,0adab909-eb8f-4baf-9eed-7a4cc889cb7c,FF:10:10:AE:A7:64,Sunset lights,-74,1761964912234
38481,1761964912252.0,0adab909-eb8f-4baf-9eed-7a4cc889cb7c,78:2B:BA:FB:17:F1,,-83,1761964912234
38482,1761964914130.0,0adab909-eb8f-4baf-9eed-7a4cc889cb7c,5F:77:DE:67:F6:B3,,-73,1761964912234
38483,1761965512238.0,0adab909-eb8f-4baf-9eed-7a4cc889cb7c,FF:10:10:AE:A7:64,Sunset lights,-72,1761965512233
38484,1761965512787.0,0adab909-eb8f-4baf-9eed-7a4cc889cb7c,7C:9D:D5:E9:25:3D,,-78,1761965512233
38485,1761965514031.0,0adab909-eb8f-4baf-9eed-7a4cc889cb7c,54:D5:D9:E3:BC:2D,,-73,1761965512233
38486,1761966112050.0,0adab909-eb8f-4baf-9eed-7a4cc889cb7c,FF:10:10:AE:A7:64,Sunset lights,-73,1761966112045
38487,1761966112073.0,0adab909-eb8f-4baf-9eed-7a4cc889cb7c,54:D5:D9:E3:BC:2D,,-72,1761966112045
38488,1761966112540.0,0adab909-eb8f-4baf-9eed-7a4cc889cb7c,7C:9D:D5:E9:25:3D,,-78,1761966112045
38489,1761966644044.0,0adab909-eb8f-4baf-9eed-7a4cc889cb7c,40:F4:74:17:96:85,,-72,1761966644018
38490,1761966644393.0,0adab909-eb8f-4baf-9eed-7a4cc889cb7c,FF:10:10:AE:A7:64,Sunset lights,-71,1761966644018
38491,1761966647336.0,0adab909-eb8f-4baf-9eed-7a4cc889cb7c,60:15:8C:CF:CB:B8,,-78,1761966644018
38492,1761967244726.0,0adab909-eb8f-4baf-9eed-7a4cc889cb7c,60:15:8C:CF:CB:B8,,-73,1761967243962
38493,1761967244744.0,0adab909-eb8f-4baf-9eed-7a4cc889cb7c,FF:10:10:AE:A7:64,Sunset lights,-76,1761967243962
38494,1761967246011.0,0adab909-eb8f-4baf-9eed-7a4cc889cb7c,40:F4:74:17:96:85,,-71,1761967243962
38495,1761967844347.0,0adab909-eb8f-4baf-9eed-7a4cc889cb7c,73:A5:05:0A:F7:62,,-79,1761967843964
38496,1761967844718.0,0adab909-eb8f-4baf-9eed-7a4cc889cb7c,40:F4:74:17:96:85,,-69,1761967843964
38497,1761967846978.0,0adab909-eb8f-4baf-9eed-7a4cc889cb7c,FF:10:10:AE:A7:64,Sunset lights,-72,1761967843964
38498,1761968444318.0,0adab909-eb8f-4baf-9eed-7a4cc889cb7c,7D:3A:FA:FA:19:AE,,-82,1761968444314
38499,1761968444647.0,0adab909-eb8f-4baf-9eed-7a4cc889cb7c,FF:10:10:AE:A7:64,Sunset lights,-70,1761968444314
38500,1761968446033.0,0adab909-eb8f-4baf-9eed-7a4cc889cb7c,61:CB:CF:13:13:58,,-73,1761968444314
38501,1761969276744.0,0adab909-eb8f-4baf-9eed-7a4cc889cb7c,FF:10:10:AE:A7:64,Sunset lights,-83,1761969275968
38502,1761969277377.0,0adab909-eb8f-4baf-9eed-7a4cc889cb7c,44:62:AA:E8:1E:74,,-79,1761969275968
38503,1761969277396.0,0adab909-eb8f-4baf-9eed-7a4cc889cb7c,61:CB:CF:13:13:58,,-82,1761969275968
38504,1761969875413.0,0adab909-eb8f-4baf-9eed-7a4cc889cb7c,42:F3:34:4F:38:D8,,-77,1761969874973
38505,1761969875743.0,0adab909-eb8f-4baf-9eed-7a4cc889cb7c,7F:59:DB:8D:88:F7,,-75,1761969874973
38506,1761969878976.0,0adab909-eb8f-4baf-9eed-7a4cc889cb7c,FF:10:10:AE:A7:64,Sunset lights,-76,1761969874973
38507,1761969881473.0,0adab909-eb8f-4baf-9eed-7a4cc889cb7c,54:8E:20:25:4F:1B,,-84,1761969874973
38508,1761970476556.0,0adab909-eb8f-4baf-9eed-7a4cc889cb7c,7B:52:2F:4C:74:4B,,-81,1761970476276
38509,1761970477037.0,0adab909-eb8f-4baf-9eed-7a4cc889cb7c,42:F3:34:4F:38:D8,,-73,1761970476276
38510,1761970478971.0,0adab909-eb8f-4baf-9eed-7a4cc889cb7c,FF:10:10:AE:A7:64,Sunset lights,-75,1761970476276
38511,1761970992518.0,0adab909-eb8f-4baf-9eed-7a4cc889cb7c,7F:16:F6:A8:DC:4C,,-79,1761970992511
38512,1761970992613.0,0adab909-eb8f-4baf-9eed-7a4cc889cb7c,FF:10:10:AE:A7:64,Sunset lights,-75,1761970992511
38513,1761970992626.0,0adab909-eb8f-4baf-9eed-7a4cc889cb7c,53:07:82:51:39:CC,,-79,1761970992511
38514,1761971002812.0,0adab909-eb8f-4baf-9eed-7a4cc889cb7c,62:78:13:38:33:95,,-93,1761970992511
38515,1761971608159.0,0adab909-eb8f-4baf-9eed-7a4cc889cb7c,7F:16:F6:A8:DC:4C,,-74,1761971608156
38516,1761971608404.0,0adab909-eb8f-4baf-9eed-7a4cc889cb7c,FF:10:10:AE:A7:64,Sunset lights,-69,1761971608156
38517,1761971608610.0,0adab909-eb8f-4baf-9eed-7a4cc889cb7c,5A:8F:BB:EA:1A:C5,,-82,1761971608156
38518,1761971612881.0,0adab909-eb8f-4baf-9eed-7a4cc889cb7c,6F:02:4F:59:52:A8,,-68,1761971608156
38519,1761972208159.0,0adab909-eb8f-4baf-9eed-7a4cc889cb7c,5A:8F:BB:EA:1A:C5,,-82,1761972208155
38520,1761972208350.0,0adab909-eb8f-4baf-9eed-7a4cc889cb7c,6F:02:4F:59:52:A8,,-66,1761972208155
38521,1761972208363.0,0adab909-eb8f-4baf-9eed-7a4cc889cb7c,FF:10:10:AE:A7:64,Sunset lights,-71,1761972208155
38522,1761972209700.0,0adab909-eb8f-4baf-9eed-7a4cc889cb7c,7F:16:F6:A8:DC:4C,,-71,1761972208155
38523,1761972737952.0,0adab909-eb8f-4baf-9eed-7a4cc889cb7c,42:CF:59:B5:B9:96,,-73,1761972737947
38524,1761972738323.0,0adab909-eb8f-4baf-9eed-7a4cc889cb7c,FF:10:10:AE:A7:64,Sunset lights,-69,1761972737947
38525,1761972738936.0,0adab909-eb8f-4baf-9eed-7a4cc889cb7c,61:CD:42:42:41:C4,,-80,1761972737947
38526,1761972742762.0,0adab909-eb8f-4baf-9eed-7a4cc889cb7c,6F:02:4F:59:52:A8,,-67,1761972737947
38527,1761973337248.0,0adab909-eb8f-4baf-9eed-7a4cc889cb7c,61:CD:42:42:41:C4,,-76,1761973337184
38528,1761973337929.0,0adab909-eb8f-4baf-9eed-7a4cc889cb7c,FF:10:10:AE:A7:64,Sunset lights,-82,1761973337184
38529,1761973339550.0,0adab909-eb8f-4baf-9eed-7a4cc889cb7c,42:CF:59:B5:B9:96,,-85,1761973337184
38530,1761973348775.0,0adab909-eb8f-4baf-9eed-7a4cc889cb7c,4B:36:4B:E5:62:42,,-75,1761973337184
38531,1761973939954.0,0adab909-eb8f-4baf-9eed-7a4cc889cb7c,42:CF:59:B5:B9:96,,-73,1761973938926
38532,1761973939972.0,0adab909-eb8f-4baf-9eed-7a4cc889cb7c,43:CF:D6:FB:FD:7C,,-76,1761973938926
38533,1761973941938.0,0adab909-eb8f-4baf-9eed-7a4cc889cb7c,FF:10:10:AE:A7:64,Sunset lights,-73,1761973938926
38534,1761974539255.0,0adab909-eb8f-4baf-9eed-7a4cc889cb7c,FF:10:10:AE:A7:64,Sunset lights,-73,1761974539252
38535,1761974539270.0,0adab909-eb8f-4baf-9eed-7a4cc889cb7c,50:F9:33:08:61:E5,,-77,1761974539252
38536,1761974539280.0,0adab909-eb8f-4baf-9eed-7a4cc889cb7c,50:D7:89:22:FF:CA,,-73,1761974539252
38537,1761974545545.0,0adab909-eb8f-4baf-9eed-7a4cc889cb7c,65:E5:8A:10:E6:C5,,-86,1761974539252
38538,1761975071152.0,0adab909-eb8f-4baf-9eed-7a4cc889cb7c,50:F9:33:08:61:E5,,-81,1761975071149
38539,1761975071675.0,0adab909-eb8f-4baf-9eed-7a4cc889cb7c,FF:10:10:AE:A7:64,Sunset lights,-80,1761975071149
38540,1761975073268.0,0adab909-eb8f-4baf-9eed-7a4cc889cb7c,50:D7:89:22:FF:CA,,-89,1761975071149
38541,1761975074926.0,0adab909-eb8f-4baf-9eed-7a4cc889cb7c,65:E5:8A:10:E6:C5,,-68,1761975071149
38542,1761975671150.0,0adab909-eb8f-4baf-9eed-7a4cc889cb7c,FF:10:10:AE:A7:64,Sunset lights,-70,1761975671144
38543,1761975671348.0,0adab909-eb8f-4baf-9eed-7a4cc889cb7c,57:E2:D4:34:09:00,,-83,1761975671144
38544,1761975672010.0,0adab909-eb8f-4baf-9eed-7a4cc889cb7c,5B:08:7D:B5:59:37,,-81,1761975671144
38545,1761975672649.0,0adab909-eb8f-4baf-9eed-7a4cc889cb7c,4A:22:3C:97:A8:3F,,-82,1761975671144
38546,1761976245383.0,0adab909-eb8f-4baf-9eed-7a4cc889cb7c,4A:3A:61:21:BE:74,,-85,1761976244891
38547,1761976245399.0,0adab909-eb8f-4baf-9eed-7a4cc889cb7c,FF:10:10:AE:A7:64,Sunset lights,-78,1761976244891
38548,1761976246288.0,0adab909-eb8f-4baf-9eed-7a4cc889cb7c,57:E2:D4:34:09:00,,-84,1761976244891
38549,1761976251769.0,0adab909-eb8f-4baf-9eed-7a4cc889cb7c,4A:22:3C:97:A8:3F,,-73,1761976244891
38550,1761976840937.0,0adab909-eb8f-4baf-9eed-7a4cc889cb7c,FF:10:10:AE:A7:64,Sunset lights,-72,1761976840871
38551,1761976840957.0,0adab909-eb8f-4baf-9eed-7a4cc889cb7c,57:E2:D4:34:09:00,,-74,1761976840871
38552,1761976841590.0,0adab909-eb8f-4baf-9eed-7a4cc889cb7c,40:1D:E2:6F:4F:DA,,-79,1761976840871
38553,1761976848051.0,0adab909-eb8f-4baf-9eed-7a4cc889cb7c,4E:25:71:76:1E:5F,,-69,1761976840871
38554,1761977431956.0,0adab909-eb8f-4baf-9eed-7a4cc889cb7c,FF:10:10:AE:A7:64,Sunset lights,-71,1761977431894
38555,1761977432598.0,0adab909-eb8f-4baf-9eed-7a4cc889cb7c,40:1D:E2:6F:4F:DA,,-81,1761977431894
38556,1761977434873.0,0adab909-eb8f-4baf-9eed-7a4cc889cb7c,76:E4:45:0D:6E:60,,-75,1761977431894
38557,1761977435511.0,0adab909-eb8f-4baf-9eed-7a4cc889cb7c,4E:25:71:76:1E:5F,,-77,1761977431894
38558,1761978026941.0,0adab909-eb8f-4baf-9eed-7a4cc889cb7c,FF:10:10:AE:A7:64,Sunset lights,-70,1761978026873
38559,1761978027584.0,0adab909-eb8f-4baf-9eed-7a4cc889cb7c,6C:97:6D:B5:7A:87,,-80,1761978026873
38560,1761978027614.0,0adab909-eb8f-4baf-9eed-7a4cc889cb7c,76:E4:45:0D:6E:60,,-71,1761978026873
38561,1761978027945.0,0adab909-eb8f-4baf-9eed-7a4cc889cb7c,5B:74:2D:33:37:27,,-78,1761978026873
38562,1761978033654.0,0adab909-eb8f-4baf-9eed-7a4cc889cb7c,59:C0:15:31:FF:A0,,-74,1761978026873
38563,1761978660943.0,0adab909-eb8f-4baf-9eed-7a4cc889cb7c,FF:10:10:AE:A7:64,Sunset lights,-72,1761978660843
38564,1761978661307.0,0adab909-eb8f-4baf-9eed-7a4cc889cb7c,50:E6:5F:F6:43:50,,-83,1761978660843
38565,1761978661601.0,0adab909-eb8f-4baf-9eed-7a4cc889cb7c,62:88:A8:F7:C4:40,,-82,1761978660843
38566,1761978665143.0,0adab909-eb8f-4baf-9eed-7a4cc889cb7c,6C:97:6D:B5:7A:87,,-87,1761978660843
38567,1761978668930.0,0adab909-eb8f-4baf-9eed-7a4cc889cb7c,51:C9:91:D0:1F:45,,-91,1761978660843
38568,1761978673407.0,0adab909-eb8f-4baf-9eed-7a4cc889cb7c,59:C0:15:31:FF:A0,,-73,1761978660843
38569,1761979224997.0,0adab909-eb8f-4baf-9eed-7a4cc889cb7c,7B:09:CE:62:5B:0A,,-79,1761979224909
38570,1761979225952.0,0adab909-eb8f-4baf-9eed-7a4cc889cb7c,FF:10:10:AE:A7:64,Sunset lights,-76,1761979224909
38571,1761979226326.0,0adab909-eb8f-4baf-9eed-7a4cc889cb7c,50:E6:5F:F6:43:50,,-83,1761979224909
38572,1761979230784.0,0adab909-eb8f-4baf-9eed-7a4cc889cb7c,58:EE:78:ED:84:F6,,-82,1761979224909
38573,1761979232363.0,0adab909-eb8f-4baf-9eed-7a4cc889cb7c,59:C0:15:31:FF:A0,,-84,1761979224909
38574,1761979824217.0,0adab909-eb8f-4baf-9eed-7a4cc889cb7c,56:24:EA:7E:C3:3A,,-87,1761979823801
38575,1761979824237.0,0adab909-eb8f-4baf-9eed-7a4cc889cb7c,FF:10:10:AE:A7:64,Sunset lights,-69,1761979823801
38576,1761979824579.0,0adab909-eb8f-4baf-9eed-7a4cc889cb7c,7B:09:CE:62:5B:0A,,-78,1761979823801
38577,1761979827459.0,0adab909-eb8f-4baf-9eed-7a4cc889cb7c,50:E6:5F:F6:43:50,,-70,1761979823801
38578,1761979830022.0,0adab909-eb8f-4baf-9eed-7a4cc889cb7c,63:7B:65:DF:ED:2A,,-67,1761979823801
38579,1761980417868.0,0adab909-eb8f-4baf-9eed-7a4cc889cb7c,FF:10:10:AE:A7:64,Sunset lights,-75,1761980417857
38580,1761980418568.0,0adab909-eb8f-4baf-9eed-7a4cc889cb7c,6B:41:9D:01:7C:CF,,-81,1761980417857
38581,1761980418629.0,0adab909-eb8f-4baf-9eed-7a4cc889cb7c,52:88:7E:CD:B7:CE,,-70,1761980417857
38582,1761980419243.0,0adab909-eb8f-4baf-9eed-7a4cc889cb7c,6F:42:FB:B6:11:F0,,-66,1761980417857
38583,1761980422439.0,0adab909-eb8f-4baf-9eed-7a4cc889cb7c,63:7B:65:DF:ED:2A,,-91,1761980417857
38584,1761981017909.0,0adab909-eb8f-4baf-9eed-7a4cc889cb7c,52:88:7E:CD:B7:CE,,-73,1761981017845
38585,1761981018567.0,0adab909-eb8f-4baf-9eed-7a4cc889cb7c,74:9F:76:AC:B9:74,,-73,1761981017845
38586,1761981019307.0,0adab909-eb8f-4baf-9eed-7a4cc889cb7c,FF:10:10:AE:A7:64,Sunset lights,-72,1761981017845
38587,1761981023077.0,0adab909-eb8f-4baf-9eed-7a4cc889cb7c,6B:26:34:B9:46:21,,-80,1761981017845
38588,1761981616702.0,0adab909-eb8f-4baf-9eed-7a4cc889cb7c,61:D4:52:E9:AB:60,,-92,1761981616660
38589,1761981616756.0,0adab909-eb8f-4baf-9eed-7a4cc889cb7c,5F:16:F9:F8:2F:9F,,-78,1761981616660
38590,1761981617402.0,0adab909-eb8f-4baf-9eed-7a4cc889cb7c,4B:50:0A:F9:47:D2,,-79,1761981616660
38591,1761981617773.0,0adab909-eb8f-4baf-9eed-7a4cc889cb7c,FF:10:10:AE:A7:64,Sunset lights,-74,1761981616660
38592,1761981619640.0,0adab909-eb8f-4baf-9eed-7a4cc889cb7c,52:88:7E:CD:B7:CE,,-72,1761981616660
38593,1761982324224.0,0adab909-eb8f-4baf-9eed-7a4cc889cb7c,5F:16:F9:F8:2F:9F,,-70,1761982323834
38594,1761982324240.0,0adab909-eb8f-4baf-9eed-7a4cc889cb7c,FF:10:10:AE:A7:64,Sunset lights,-68,1761982323834
38595,1761982324874.0,0adab909-eb8f-4baf-9eed-7a4cc889cb7c,64:BF:28:B1:36:C3,,-86,1761982323834
38596,1761982325848.0,0adab909-eb8f-4baf-9eed-7a4cc889cb7c,5C:9E:87:D9:7E:70,,-77,1761982323834
38597,1761982326543.0,0adab909-eb8f-4baf-9eed-7a4cc889cb7c,6C:23:95:93:B0:BD,,-82,1761982323834
38598,1761982923912.0,0adab909-eb8f-4baf-9eed-7a4cc889cb7c,66:5F:11:7B:79:E6,,-86,1761982923830
38599,1761982923929.0,0adab909-eb8f-4baf-9eed-7a4cc889cb7c,FF:10:10:AE:A7:64,Sunset lights,-71,1761982923830
38600,1761982924876.0,0adab909-eb8f-4baf-9eed-7a4cc889cb7c,55:CB:52:0A:82:C3,,-84,1761982923830
38601,1761983522700.0,0adab909-eb8f-4baf-9eed-7a4cc889cb7c,66:5F:11:7B:79:E6,,-76,1761983522571
38602,1761983522984.0,0adab909-eb8f-4baf-9eed-7a4cc889cb7c,FF:10:10:AE:A7:64,Sunset lights,-73,1761983522571
38603,1761983531645.0,0adab909-eb8f-4baf-9eed-7a4cc889cb7c,53:5F:6E:C1:63:FD,,-72,1761983522571
38604,1761983535460.0,0adab909-eb8f-4baf-9eed-7a4cc889cb7c,09:38:94:48:3A:C5,,-75,1761983522571
38605,1761983535501.0,0adab909-eb8f-4baf-9eed-7a4cc889cb7c,53:5F:6E:C1:63:FD,,-78,1761983522571
38606,1761983535565.0,0adab909-eb8f-4baf-9eed-7a4cc889cb7c,FF:10:10:AE:A7:64,Sunset lights,-66,1761983522571
38607,1761983536562.0,0adab909-eb8f-4baf-9eed-7a4cc889cb7c,66:5F:11:7B:79:E6,,-75,1761983522571
38608,1761983536656.0,0adab909-eb8f-4baf-9eed-7a4cc889cb7c,C6:80:08:57:8E:55,,-74,1761983522571
38609,1761984077022.0,0adab909-eb8f-4baf-9eed-7a4cc889cb7c,40:88:5C:B9:3A:DD,,-77,1761984076860
38610,1761984078285.0,0adab909-eb8f-4baf-9eed-7a4cc889cb7c,FF:10:10:AE:A7:64,Sunset lights,-72,1761984076860
38611,1761984711148.0,0adab909-eb8f-4baf-9eed-7a4cc889cb7c,FF:10:10:AE:A7:64,Sunset lights,-79,1761984711034
38612,1761984712456.0,0adab909-eb8f-4baf-9eed-7a4cc889cb7c,40:88:5C:B9:3A:DD,,-71,1761984711034
38613,1761984723907.0,0adab909-eb8f-4baf-9eed-7a4cc889cb7c,40:88:5C:B9:3A:DD,,-72,1761984711034
38614,1761984724226.0,0adab909-eb8f-4baf-9eed-7a4cc889cb7c,31:65:70:D1:30:97,,-75,1761984711034
38615,1761984724547.0,0adab909-eb8f-4baf-9eed-7a4cc889cb7c,FF:10:10:AE:A7:64,Sunset lights,-70,1761984711034
38616,1761984726289.0,0adab909-eb8f-4baf-9eed-7a4cc889cb7c,E7:59:FB:67:E8:32,,-88,1761984711034
38617,1761985312034.0,0adab909-eb8f-4baf-9eed-7a4cc889cb7c,4B:B2:94:EB:BE:6C,,-57,1761985311032
38618,1761985312837.0,0adab909-eb8f-4baf-9eed-7a4cc889cb7c,FF:10:10:AE:A7:64,Sunset lights,-78,1761985311032
38619,1761985323908.0,0adab909-eb8f-4baf-9eed-7a4cc889cb7c,FF:10:10:AE:A7:64,Sunset lights,-91,1761985311032
38620,1761985323968.0,0adab909-eb8f-4baf-9eed-7a4cc889cb7c,4B:B2:94:EB:BE:6C,,-59,1761985311032
38621,1761985324002.0,0adab909-eb8f-4baf-9eed-7a4cc889cb7c,1B:F5:EA:37:3C:84,,-84,1761985311032
38622,1761985326090.0,0adab909-eb8f-4baf-9eed-7a4cc889cb7c,D3:94:DB:BE:64:87,,-78,1761985311032
38623,1761985904641.0,0adab909-eb8f-4baf-9eed-7a4cc889cb7c,FF:10:10:AE:A7:64,Sunset lights,-75,1761985904599
38624,1761985904682.0,0adab909-eb8f-4baf-9eed-7a4cc889cb7c,60:74:F4:72:90:3F,ihoment_H601B_903F,-86,1761985904599
38625,1761985904715.0,0adab909-eb8f-4baf-9eed-7a4cc889cb7c,5C:50:69:4C:43:BA,,127,1761985904599
38626,1761985909837.0,0adab909-eb8f-4baf-9eed-7a4cc889cb7c,60:74:F4:73:99:E7,ihoment_H601B_99E7,-81,1761985904599
38627,1761986511110.0,0adab909-eb8f-4baf-9eed-7a4cc889cb7c,6B:61:8A:53:54:00,,-69,1761986511019
38628,1761986511719.0,0adab909-eb8f-4baf-9eed-7a4cc889cb7c,FF:10:10:AE:A7:64,Sunset lights,-79,1761986511019
38629,1761986512440.0,0adab909-eb8f-4baf-9eed-7a4cc889cb7c,60:74:F4:72:90:3F,ihoment_H601B_903F,-76,1761986511019
38630,1761986513984.0,0adab909-eb8f-4baf-9eed-7a4cc889cb7c,60:74:F4:73:99:E7,ihoment_H601B_99E7,-82,1761986511019
38631,1761986514022.0,0adab909-eb8f-4baf-9eed-7a4cc889cb7c,71:35:E5:10:F9:55,,-91,1761986511019
38632,1761986523918.0,0adab909-eb8f-4baf-9eed-7a4cc889cb7c,6B:61:8A:53:54:00,,-70,1761986511019
38633,1761986525022.0,0adab909-eb8f-4baf-9eed-7a4cc889cb7c,FF:10:10:AE:A7:64,Sunset lights,-68,1761986511019
38634,1761986526149.0,0adab909-eb8f-4baf-9eed-7a4cc889cb7c,60:74:F4:72:90:3F,ihoment_H601B_903F,-78,1761986511019
38635,1761986526901.0,0adab909-eb8f-4baf-9eed-7a4cc889cb7c,60:74:F4:73:99:E7,ihoment_H601B_99E7,-80,1761986511019
38636,1761986526927.0,0adab909-eb8f-4baf-9eed-7a4cc889cb7c,FF:10:10:AE:A7:64,Sunset lights,-71,1761986511019
38637,1761987111450.0,0adab909-eb8f-4baf-9eed-7a4cc889cb7c,65:21:23:DD:7F:06,,-79,1761987111089
38638,1761987111873.0,0adab909-eb8f-4baf-9eed-7a4cc889cb7c,FF:10:10:AE:A7:64,Sunset lights,-79,1761987111089
38639,1761987112505.0,0adab909-eb8f-4baf-9eed-7a4cc889cb7c,60:74:F4:72:90:3F,ihoment_H601B_903F,-90,1761987111089
38640,1761987113445.0,0adab909-eb8f-4baf-9eed-7a4cc889cb7c,60:74:F4:73:99:E7,ihoment_H601B_99E7,-84,1761987111089
38641,1761987124051.0,0adab909-eb8f-4baf-9eed-7a4cc889cb7c,65:21:23:DD:7F:06,,-74,1761987111089
38642,1761987124151.0,0adab909-eb8f-4baf-9eed-7a4cc889cb7c,60:74:F4:72:90:3F,ihoment_H601B_903F,-82,1761987111089
38643,1761987125035.0,0adab909-eb8f-4baf-9eed-7a4cc889cb7c,E8:16:14:A0:56:B2,,-87,1761987111089
38644,1761987127038.0,0adab909-eb8f-4baf-9eed-7a4cc889cb7c,60:74:F4:73:99:E7,ihoment_H601B_99E7,-81,1761987111089
38645,1761987127075.0,0adab909-eb8f-4baf-9eed-7a4cc889cb7c,FF:10:10:AE:A7:64,Sunset lights,-78,1761987111089
38646,1761987711406.0,0adab909-eb8f-4baf-9eed-7a4cc889cb7c,65:21:23:DD:7F:06,,-70,1761987711322
38647,1761987711722.0,0adab909-eb8f-4baf-9eed-7a4cc889cb7c,60:74:F4:72:90:3F,ihoment_H601B_903F,-84,1761987711322
38648,1761987711739.0,0adab909-eb8f-4baf-9eed-7a4cc889cb7c,FF:10:10:AE:A7:64,Sunset lights,-82,1761987711322
38649,1761987712101.0,0adab909-eb8f-4baf-9eed-7a4cc889cb7c,60:74:F4:73:99:E7,ihoment_H601B_99E7,-87,1761987711322
38650,1761987724407.0,0adab909-eb8f-4baf-9eed-7a4cc889cb7c,65:21:23:DD:7F:06,,-72,1761987711322
38651,1761987726226.0,0adab909-eb8f-4baf-9eed-7a4cc889cb7c,60:74:F4:72:90:3F,ihoment_H601B_903F,-78,1761987711322
38652,1761987727153.0,0adab909-eb8f-4baf-9eed-7a4cc889cb7c,E5:BC:44:39:D0:9A,,-87,1761987711322
38653,1761988311282.0,0adab909-eb8f-4baf-9eed-7a4cc889cb7c,49:FB:0B:F0:36:CB,,-76,1761988311267
38654,1761988311310.0,0adab909-eb8f-4baf-9eed-7a4cc889cb7c,60:74:F4:72:90:3F,ihoment_H601B_903F,-82,1761988311267
38655,1761988312005.0,0adab909-eb8f-4baf-9eed-7a4cc889cb7c,FF:10:10:AE:A7:64,Sunset lights,-79,1761988311267
38656,1761988312631.0,0adab909-eb8f-4baf-9eed-7a4cc889cb7c,60:74:F4:73:99:E7,ihoment_H601B_99E7,-88,1761988311267
38657,1761988312920.0,0adab909-eb8f-4baf-9eed-7a4cc889cb7c,57:25:62:EF:6B:9B,,-74,1761988311267
38658,1761988314455.0,0adab909-eb8f-4baf-9eed-7a4cc889cb7c,B4:B8:59:0F:70:61,,-91,1761988311267
38659,1761988320636.0,0adab909-eb8f-4baf-9eed-7a4cc889cb7c,28:A1:83:59:2B:87,VW BT 3912,-100,1761988311267
38660,1761988324170.0,0adab909-eb8f-4baf-9eed-7a4cc889cb7c,FF:10:10:AE:A7:64,Sunset lights,-79,1761988311267
38661,1761988324211.0,0adab909-eb8f-4baf-9eed-7a4cc889cb7c,57:25:62:EF:6B:9B,,-75,1761988311267
38662,1761988324248.0,0adab909-eb8f-4baf-9eed-7a4cc889cb7c,60:74:F4:72:90:3F,ihoment_H601B_903F,-77,1761988311267
38663,1761988324269.0,0adab909-eb8f-4baf-9eed-7a4cc889cb7c,ED:2E:5D:F7:37:D9,,-75,1761988311267
38664,1761988324291.0,0adab909-eb8f-4baf-9eed-7a4cc889cb7c,60:74:F4:73:99:E7,ihoment_H601B_99E7,-80,1761988311267
38665,1761988911231.0,0adab909-eb8f-4baf-9eed-7a4cc889cb7c,FF:10:10:AE:A7:64,Sunset lights,-72,1761988911210
38666,1761988911294.0,0adab909-eb8f-4baf-9eed-7a4cc889cb7c,57:25:62:EF:6B:9B,,-76,1761988911210
38667,1761988913343.0,0adab909-eb8f-4baf-9eed-7a4cc889cb7c,60:74:F4:72:90:3F,ihoment_H601B_903F,-84,1761988911210
38668,1761988920066.0,0adab909-eb8f-4baf-9eed-7a4cc889cb7c,60:74:F4:73:99:E7,ihoment_H601B_99E7,-90,1761988911210
38669,1761988924402.0,0adab909-eb8f-4baf-9eed-7a4cc889cb7c,57:25:62:EF:6B:9B,,-76,1761988911210
38670,1761988924420.0,0adab909-eb8f-4baf-9eed-7a4cc889cb7c,FF:10:10:AE:A7:64,Sunset lights,-79,1761988911210
38671,1761988924447.0,0adab909-eb8f-4baf-9eed-7a4cc889cb7c,CC:38:6D:38:85:A5,,-88,1761988911210
38672,1761988924460.0,0adab909-eb8f-4baf-9eed-7a4cc889cb7c,49:FB:0B:F0:36:CB,,-87,1761988911210
38673,1761988924476.0,0adab909-eb8f-4baf-9eed-7a4cc889cb7c,60:74:F4:73:99:E7,ihoment_H601B_99E7,-87,1761988911210
38674,1761988924513.0,0adab909-eb8f-4baf-9eed-7a4cc889cb7c,60:74:F4:72:90:3F,ihoment_H601B_903F,-84,1761988911210
38675,1761989512919.0,0adab909-eb8f-4baf-9eed-7a4cc889cb7c,FF:10:10:AE:A7:64,Sunset lights,-85,1761989512809
38676,1761989513202.0,0adab909-eb8f-4baf-9eed-7a4cc889cb7c,45:9F:32:95:53:B5,,-75,1761989512809
38677,1761989513239.0,0adab909-eb8f-4baf-9eed-7a4cc889cb7c,60:74:F4:72:90:3F,ihoment_H601B_903F,-86,1761989512809
38678,1761990111848.0,0adab909-eb8f-4baf-9eed-7a4cc889cb7c,60:74:F4:72:90:3F,ihoment_H601B_903F,-85,1761990111831
38679,1761990111875.0,0adab909-eb8f-4baf-9eed-7a4cc889cb7c,FF:10:10:AE:A7:64,Sunset lights,-85,1761990111831
38680,1761990111919.0,0adab909-eb8f-4baf-9eed-7a4cc889cb7c,45:9F:32:95:53:B5,,-74,1761990111831
38681,1761990112215.0,0adab909-eb8f-4baf-9eed-7a4cc889cb7c,60:74:F4:73:99:E7,ihoment_H601B_99E7,-85,1761990111831
38682,1761990113219.0,0adab909-eb8f-4baf-9eed-7a4cc889cb7c,57:4B:21:2E:20:8D,,-91,1761990111831
38683,1761990711301.0,0adab909-eb8f-4baf-9eed-7a4cc889cb7c,5E:13:FF:97:74:AF,,-80,1761990711198
38684,1761990714172.0,0adab909-eb8f-4baf-9eed-7a4cc889cb7c,60:74:F4:72:90:3F,ihoment_H601B_903F,-82,1761990711198
38685,1761990714481.0,0adab909-eb8f-4baf-9eed-7a4cc889cb7c,5C:A8:A8:FE:7B:FD,,-85,1761990711198
38686,1761990717730.0,0adab909-eb8f-4baf-9eed-7a4cc889cb7c,FF:10:10:AE:A7:64,Sunset lights,-82,1761990711198
38687,1761990724285.0,0adab909-eb8f-4baf-9eed-7a4cc889cb7c,5E:13:FF:97:74:AF,,-93,1761990711198
38688,1761990724464.0,0adab909-eb8f-4baf-9eed-7a4cc889cb7c,60:74:F4:72:90:3F,ihoment_H601B_903F,-89,1761990711198
38689,1761990724579.0,0adab909-eb8f-4baf-9eed-7a4cc889cb7c,60:74:F4:73:99:E7,ihoment_H601B_99E7,-91,1761990711198
38690,1761990725229.0,0adab909-eb8f-4baf-9eed-7a4cc889cb7c,4C:96:8A:ED:6A:01,SPEN NA,-50,1761990711198
38691,1761990725313.0,0adab909-eb8f-4baf-9eed-7a4cc889cb7c,EF:8F:57:6F:9E:74,,-95,1761990711198
38692,1761990726296.0,0adab909-eb8f-4baf-9eed-7a4cc889cb7c,FF:10:10:AE:A7:64,Sunset lights,-90,1761990711198
38693,1761991311060.0,0adab909-eb8f-4baf-9eed-7a4cc889cb7c,FF:10:10:AE:A7:64,Sunset lights,-92,1761991310950
38694,1761991311400.0,0adab909-eb8f-4baf-9eed-7a4cc889cb7c,4C:96:8A:ED:6A:01,SPEN NA,-45,1761991310950
38695,1761991311651.0,0adab909-eb8f-4baf-9eed-7a4cc889cb7c,60:74:F4:73:99:E7,ihoment_H601B_99E7,-93,1761991310950
38696,1761991311697.0,0adab909-eb8f-4baf-9eed-7a4cc889cb7c,4C:96:8A:ED:6A:01,SPEN NA,-49,1761991310950
38697,1761991311720.0,0adab909-eb8f-4baf-9eed-7a4cc889cb7c,5E:13:FF:97:74:AF,,-81,1761991310950
38698,1761991311742.0,0adab909-eb8f-4baf-9eed-7a4cc889cb7c,70:BC:04:09:4F:3A,,-82,1761991310950
38699,1761991312011.0,0adab909-eb8f-4baf-9eed-7a4cc889cb7c,4C:96:8A:ED:6A:01,SPEN NA,-41,1761991310950
38700,1761991312338.0,0adab909-eb8f-4baf-9eed-7a4cc889cb7c,4C:96:8A:ED:6A:01,SPEN NA,-45,1761991310950
38701,1761991312675.0,0adab909-eb8f-4baf-9eed-7a4cc889cb7c,4C:96:8A:ED:6A:01,SPEN NA,-46,1761991310950
38702,1761991312985.0,0adab909-eb8f-4baf-9eed-7a4cc889cb7c,4C:96:8A:ED:6A:01,SPEN NA,-41,1761991310950
38703,1761991313614.0,0adab909-eb8f-4baf-9eed-7a4cc889cb7c,4C:96:8A:ED:6A:01,SPEN NA,-45,1761991310950
38704,1761991313938.0,0adab909-eb8f-4baf-9eed-7a4cc889cb7c,4C:96:8A:ED:6A:01,SPEN NA,-41,1761991310950
38705,1761991314651.0,0adab909-eb8f-4baf-9eed-7a4cc889cb7c,4C:96:8A:ED:6A:01,SPEN NA,-49,1761991310950
38706,1761991314861.0,0adab909-eb8f-4baf-9eed-7a4cc889cb7c,4C:96:8A:ED:6A:01,SPEN NA,-43,1761991310950
38707,1761991315587.0,0adab909-eb8f-4baf-9eed-7a4cc889cb7c,4C:96:8A:ED:6A:01,SPEN NA,-46,1761991310950
38708,1761991315927.0,0adab909-eb8f-4baf-9eed-7a4cc889cb7c,4C:96:8A:ED:6A:01,SPEN NA,-42,1761991310950
38709,1761991316232.0,0adab909-eb8f-4baf-9eed-7a4cc889cb7c,4C:96:8A:ED:6A:01,SPEN NA,-43,1761991310950
38710,1761991316871.0,0adab909-eb8f-4baf-9eed-7a4cc889cb7c,4C:96:8A:ED:6A:01,SPEN NA,-42,1761991310950
38711,1761991317232.0,0adab909-eb8f-4baf-9eed-7a4cc889cb7c,60:74:F4:72:90:3F,ihoment_H601B_903F,-88,1761991310950
38712,1761991317502.0,0adab909-eb8f-4baf-9eed-7a4cc889cb7c,4C:96:8A:ED:6A:01,SPEN NA,-51,1761991310950
38713,1761991317787.0,0adab909-eb8f-4baf-9eed-7a4cc889cb7c,4C:96:8A:ED:6A:01,SPEN NA,-42,1761991310950
38714,1761991318113.0,0adab909-eb8f-4baf-9eed-7a4cc889cb7c,4C:96:8A:ED:6A:01,SPEN NA,-41,1761991310950
38715,1761991318434.0,0adab909-eb8f-4baf-9eed-7a4cc889cb7c,4C:96:8A:ED:6A:01,SPEN NA,-46,1761991310950
38716,1761991319053.0,0adab909-eb8f-4baf-9eed-7a4cc889cb7c,4C:96:8A:ED:6A:01,SPEN NA,-43,1761991310950
38717,1761991319073.0,0adab909-eb8f-4baf-9eed-7a4cc889cb7c,4C:45:56:69:00:D3,,-89,1761991310950
38718,1761991319387.0,0adab909-eb8f-4baf-9eed-7a4cc889cb7c,4C:96:8A:ED:6A:01,SPEN NA,-45,1761991310950
38719,1761991319713.0,0adab909-eb8f-4baf-9eed-7a4cc889cb7c,4C:96:8A:ED:6A:01,SPEN NA,-45,1761991310950
38720,1761991320339.0,0adab909-eb8f-4baf-9eed-7a4cc889cb7c,4C:96:8A:ED:6A:01,SPEN NA,-46,1761991310950
38721,1761991320969.0,0adab909-eb8f-4baf-9eed-7a4cc889cb7c,4C:96:8A:ED:6A:01,SPEN NA,-41,1761991310950
38722,1761991322319.0,0adab909-eb8f-4baf-9eed-7a4cc889cb7c,4C:96:8A:ED:6A:01,SPEN NA,-45,1761991310950
38723,1761991323274.0,0adab909-eb8f-4baf-9eed-7a4cc889cb7c,4C:96:8A:ED:6A:01,SPEN NA,-49,1761991310950
38724,1761991323576.0,0adab909-eb8f-4baf-9eed-7a4cc889cb7c,4C:96:8A:ED:6A:01,SPEN NA,-42,1761991310950
38725,1761991911704.0,0adab909-eb8f-4baf-9eed-7a4cc889cb7c,4C:E4:4E:83:D7:EA,,127,1761991910967
38726,1761991916537.0,0adab909-eb8f-4baf-9eed-7a4cc889cb7c,6A:7B:58:4C:BF:D5,,-77,1761991910967
38727,1761991916812.0,0adab909-eb8f-4baf-9eed-7a4cc889cb7c,67:3C:A3:52:8F:B8,,-87,1761991910967
38728,1761991917084.0,0adab909-eb8f-4baf-9eed-7a4cc889cb7c,FF:10:10:AE:A7:64,Sunset lights,-84,1761991910967
38729,1761991918710.0,0adab909-eb8f-4baf-9eed-7a4cc889cb7c,60:74:F4:72:90:3F,ihoment_H601B_903F,-89,1761991910967
38730,1761991922919.0,0adab909-eb8f-4baf-9eed-7a4cc889cb7c,60:74:F4:73:99:E7,ihoment_H601B_99E7,-87,1761991910967
38731,1761992511706.0,0adab909-eb8f-4baf-9eed-7a4cc889cb7c,65:32:BF:7E:1A:FD,,-88,1761992510982
38732,1761992512415.0,0adab909-eb8f-4baf-9eed-7a4cc889cb7c,6D:E4:B3:EC:A0:8F,,-88,1761992510982
38733,1761992512638.0,0adab909-eb8f-4baf-9eed-7a4cc889cb7c,66:6E:76:54:5E:A1,,-93,1761992510982
38734,1761992514301.0,0adab909-eb8f-4baf-9eed-7a4cc889cb7c,6A:7B:58:4C:BF:D5,,-77,1761992510982
38735,1761992514318.0,0adab909-eb8f-4baf-9eed-7a4cc889cb7c,68:8C:4E:E8:AF:BA,,-89,1761992510982
38736,1761992985202.0,0adab909-eb8f-4baf-9eed-7a4cc889cb7c,65:32:BF:7E:1A:FD,,-92,1761992984718
38737,1761992989040.0,0adab909-eb8f-4baf-9eed-7a4cc889cb7c,60:74:F4:72:90:3F,ihoment_H601B_903F,-76,1761992984718
38738,1761992990277.0,0adab909-eb8f-4baf-9eed-7a4cc889cb7c,60:74:F4:73:99:E7,ihoment_H601B_99E7,-82,1761992984718
38739,1761993638110.0,0adab909-eb8f-4baf-9eed-7a4cc889cb7c,60:74:F4:73:99:E7,ihoment_H601B_99E7,-82,1761993638037
38740,1761993638450.0,0adab909-eb8f-4baf-9eed-7a4cc889cb7c,60:74:F4:72:90:3F,ihoment_H601B_903F,-69,1761993638037
38741,1761993639086.0,0adab909-eb8f-4baf-9eed-7a4cc889cb7c,73:AB:1D:6E:C0:B9,,-81,1761993638037
38742,1761993639377.0,0adab909-eb8f-4baf-9eed-7a4cc889cb7c,75:26:64:C5:86:1E,,-68,1761993638037
38743,1761993639392.0,0adab909-eb8f-4baf-9eed-7a4cc889cb7c,7F:89:7A:76:7B:F9,,-68,1761993638037
38744,1761993645229.0,0adab909-eb8f-4baf-9eed-7a4cc889cb7c,FF:10:10:AE:A7:64,Sunset lights,-91,1761993638037
38745,1761994204795.0,0adab909-eb8f-4baf-9eed-7a4cc889cb7c,48:6D:75:4D:00:7F,,127,1761994203754
38746,1761994836525.0,0adab909-eb8f-4baf-9eed-7a4cc889cb7c,6D:5F:2A:7A:C3:EC,,-85,1761994836428
38747,1761994836553.0,0adab909-eb8f-4baf-9eed-7a4cc889cb7c,FF:10:10:AE:A7:64,Sunset lights,-77,1761994836428
38748,1761994837502.0,0adab909-eb8f-4baf-9eed-7a4cc889cb7c,6B:C2:3A:8D:12:87,,-82,1761994836428
38749,1761994838182.0,0adab909-eb8f-4baf-9eed-7a4cc889cb7c,73:7F:BB:B0:B6:76,,-81,1761994836428
38750,1761994838479.0,0adab909-eb8f-4baf-9eed-7a4cc889cb7c,6B:F1:54:AA:B3:90,,-81,1761994836428
38751,1761994844237.0,0adab909-eb8f-4baf-9eed-7a4cc889cb7c,6F:D7:92:B9:2B:86,,-83,1761994836428
38752,1761994849338.0,0adab909-eb8f-4baf-9eed-7a4cc889cb7c,15:42:82:E1:6C:E4,,127,1761994836428
38753,1761994849456.0,0adab909-eb8f-4baf-9eed-7a4cc889cb7c,6D:5F:2A:7A:C3:EC,,-79,1761994836428
38754,1761994849477.0,0adab909-eb8f-4baf-9eed-7a4cc889cb7c,6B:C2:3A:8D:12:87,,-79,1761994836428
38755,1761994849496.0,0adab909-eb8f-4baf-9eed-7a4cc889cb7c,6B:F1:54:AA:B3:90,,-78,1761994836428
38756,1761994850406.0,0adab909-eb8f-4baf-9eed-7a4cc889cb7c,FF:10:10:AE:A7:64,Sunset lights,-89,1761994836428
38757,1761994851391.0,0adab909-eb8f-4baf-9eed-7a4cc889cb7c,EF:11:3B:51:14:F1,,-76,1761994836428
38758,1761995588981.0,0adab909-eb8f-4baf-9eed-7a4cc889cb7c,4C:96:8A:ED:6A:01,SPEN NA,127,1761995588972
38759,1761995589083.0,0adab909-eb8f-4baf-9eed-7a4cc889cb7c,53:46:82:07:D0:92,,-83,1761995588972
38760,1761995589358.0,0adab909-eb8f-4baf-9eed-7a4cc889cb7c,60:74:F4:73:99:E7,ihoment_H601B_99E7,-88,1761995588972
38761,1761995589429.0,0adab909-eb8f-4baf-9eed-7a4cc889cb7c,4C:96:8A:ED:6A:01,SPEN NA,-58,1761995588972
38762,1761995589611.0,0adab909-eb8f-4baf-9eed-7a4cc889cb7c,44:B0:E7:54:AF:D0,,-81,1761995588972
38763,1761995589661.0,0adab909-eb8f-4baf-9eed-7a4cc889cb7c,FF:10:10:AE:A7:64,Sunset lights,-80,1761995588972
38764,1761995589988.0,0adab909-eb8f-4baf-9eed-7a4cc889cb7c,4C:96:8A:ED:6A:01,SPEN NA,-57,1761995588972
38765,1761995590325.0,0adab909-eb8f-4baf-9eed-7a4cc889cb7c,4C:96:8A:ED:6A:01,SPEN NA,-58,1761995588972
38766,1761995590617.0,0adab909-eb8f-4baf-9eed-7a4cc889cb7c,4C:96:8A:ED:6A:01,SPEN NA,-62,1761995588972
38767,1761995590934.0,0adab909-eb8f-4baf-9eed-7a4cc889cb7c,4C:96:8A:ED:6A:01,SPEN NA,-57,1761995588972
38768,1761995591019.0,0adab909-eb8f-4baf-9eed-7a4cc889cb7c,64:E2:54:C1:F5:24,,-89,1761995588972
38769,1761995591237.0,0adab909-eb8f-4baf-9eed-7a4cc889cb7c,4C:96:8A:ED:6A:01,SPEN NA,-58,1761995588972
38770,1761995591609.0,0adab909-eb8f-4baf-9eed-7a4cc889cb7c,4C:96:8A:ED:6A:01,SPEN NA,-62,1761995588972
38771,1761995591922.0,0adab909-eb8f-4baf-9eed-7a4cc889cb7c,4C:96:8A:ED:6A:01,SPEN NA,-56,1761995588972
38772,1761995592336.0,0adab909-eb8f-4baf-9eed-7a4cc889cb7c,4C:96:8A:ED:6A:01,SPEN NA,-60,1761995588972
38773,1761995592525.0,0adab909-eb8f-4baf-9eed-7a4cc889cb7c,4C:96:8A:ED:6A:01,SPEN NA,-62,1761995588972
38774,1761995592858.0,0adab909-eb8f-4baf-9eed-7a4cc889cb7c,4C:96:8A:ED:6A:01,SPEN NA,-51,1761995588972
38775,1761995592881.0,0adab909-eb8f-4baf-9eed-7a4cc889cb7c,43:76:2B:9F:68:AC,,-82,1761995588972
38776,1761995593793.0,0adab909-eb8f-4baf-9eed-7a4cc889cb7c,4C:96:8A:ED:6A:01,SPEN NA,-55,1761995588972
38777,1761995594157.0,0adab909-eb8f-4baf-9eed-7a4cc889cb7c,6A:2D:AB:39:E1:0B,,-85,1761995588972
38778,1761995594434.0,0adab909-eb8f-4baf-9eed-7a4cc889cb7c,4C:96:8A:ED:6A:01,SPEN NA,-61,1761995588972
38779,1761995594851.0,0adab909-eb8f-4baf-9eed-7a4cc889cb7c,60:74:F4:72:90:3F,ihoment_H601B_903F,-79,1761995588972
38780,1761995594874.0,0adab909-eb8f-4baf-9eed-7a4cc889cb7c,4C:96:8A:ED:6A:01,SPEN NA,-53,1761995588972
38781,1761995595255.0,0adab909-eb8f-4baf-9eed-7a4cc889cb7c,4C:96:8A:ED:6A:01,SPEN NA,127,1761995588972
38782,1761995595457.0,0adab909-eb8f-4baf-9eed-7a4cc889cb7c,4C:96:8A:ED:6A:01,SPEN NA,-63,1761995588972
38783,1761995596399.0,0adab909-eb8f-4baf-9eed-7a4cc889cb7c,4C:96:8A:ED:6A:01,SPEN NA,-61,1761995588972
38784,1761995596823.0,0adab909-eb8f-4baf-9eed-7a4cc889cb7c,4C:96:8A:ED:6A:01,SPEN NA,-52,1761995588972
38785,1761995597264.0,0adab909-eb8f-4baf-9eed-7a4cc889cb7c,4C:96:8A:ED:6A:01,SPEN NA,-60,1761995588972
38786,1761995597390.0,0adab909-eb8f-4baf-9eed-7a4cc889cb7c,4C:96:8A:ED:6A:01,SPEN NA,-62,1761995588972
38787,1761995597643.0,0adab909-eb8f-4baf-9eed-7a4cc889cb7c,4C:96:8A:ED:6A:01,SPEN NA,-56,1761995588972
38788,1761995598290.0,0adab909-eb8f-4baf-9eed-7a4cc889cb7c,4C:96:8A:ED:6A:01,SPEN NA,-62,1761995588972
38789,1761995598705.0,0adab909-eb8f-4baf-9eed-7a4cc889cb7c,4C:96:8A:ED:6A:01,SPEN NA,-55,1761995588972
38790,1761995598810.0,0adab909-eb8f-4baf-9eed-7a4cc889cb7c,4C:96:8A:ED:6A:01,SPEN NA,-59,1761995588972
38791,1761995599251.0,0adab909-eb8f-4baf-9eed-7a4cc889cb7c,4C:96:8A:ED:6A:01,SPEN NA,-63,1761995588972
38792,1761995599961.0,0adab909-eb8f-4baf-9eed-7a4cc889cb7c,4C:96:8A:ED:6A:01,SPEN NA,-58,1761995588972
38793,1761995600201.0,0adab909-eb8f-4baf-9eed-7a4cc889cb7c,4C:96:8A:ED:6A:01,SPEN NA,-63,1761995588972
38794,1761995600532.0,0adab909-eb8f-4baf-9eed-7a4cc889cb7c,4C:96:8A:ED:6A:01,SPEN NA,-57,1761995588972
38795,1761995600811.0,0adab909-eb8f-4baf-9eed-7a4cc889cb7c,4C:96:8A:ED:6A:01,SPEN NA,-53,1761995588972
38796,1761995601443.0,0adab909-eb8f-4baf-9eed-7a4cc889cb7c,4C:96:8A:ED:6A:01,SPEN NA,-59,1761995588972
38797,1761995601538.0,0adab909-eb8f-4baf-9eed-7a4cc889cb7c,4C:96:8A:ED:6A:01,SPEN NA,-58,1761995588972
38798,1761995601814.0,0adab909-eb8f-4baf-9eed-7a4cc889cb7c,6A:2D:AB:39:E1:0B,,-87,1761995588972
38799,1761995601851.0,0adab909-eb8f-4baf-9eed-7a4cc889cb7c,4C:96:8A:ED:6A:01,SPEN NA,-59,1761995588972
38800,1761995601872.0,0adab909-eb8f-4baf-9eed-7a4cc889cb7c,24:61:C6:6C:C4:DA,,-77,1761995588972
38801,1761995601917.0,0adab909-eb8f-4baf-9eed-7a4cc889cb7c,44:B0:E7:54:AF:D0,,-86,1761995588972
38802,1761995601938.0,0adab909-eb8f-4baf-9eed-7a4cc889cb7c,43:76:2B:9F:68:AC,,-86,1761995588972
38803,1761995601957.0,0adab909-eb8f-4baf-9eed-7a4cc889cb7c,FF:10:10:AE:A7:64,Sunset lights,-80,1761995588972
38804,1761995601978.0,0adab909-eb8f-4baf-9eed-7a4cc889cb7c,60:74:F4:72:90:3F,ihoment_H601B_903F,-85,1761995588972
38805,1761995602851.0,0adab909-eb8f-4baf-9eed-7a4cc889cb7c,60:74:F4:73:99:E7,ihoment_H601B_99E7,-91,1761995588972
38806,1761995602880.0,0adab909-eb8f-4baf-9eed-7a4cc889cb7c,53:46:82:07:D0:92,,-78,1761995588972
38807,1761995604809.0,0adab909-eb8f-4baf-9eed-7a4cc889cb7c,53:46:82:07:D0:92,,-81,1761995588972
38808,1761995604842.0,0adab909-eb8f-4baf-9eed-7a4cc889cb7c,4C:96:8A:ED:6A:01,SPEN NA,-51,1761995588972
38809,1761996111098.0,0adab909-eb8f-4baf-9eed-7a4cc889cb7c,70:72:1A:35:B3:84,,-84,1761996111061
38810,1761996111129.0,0adab909-eb8f-4baf-9eed-7a4cc889cb7c,68:6C:D3:42:7D:FC,,-94,1761996111061
38811,1761996111160.0,0adab909-eb8f-4baf-9eed-7a4cc889cb7c,76:C5:8B:8F:CA:33,,-83,1761996111061
38812,1761996111398.0,0adab909-eb8f-4baf-9eed-7a4cc889cb7c,64:E2:54:C1:F5:24,,-93,1761996111061
38813,1761996111754.0,0adab909-eb8f-4baf-9eed-7a4cc889cb7c,41:94:87:2A:D1:35,,-86,1761996111061
38814,1761996111779.0,0adab909-eb8f-4baf-9eed-7a4cc889cb7c,FF:10:10:AE:A7:64,Sunset lights,-81,1761996111061
38815,1761996710978.0,0adab909-eb8f-4baf-9eed-7a4cc889cb7c,76:C5:8B:8F:CA:33,,127,1761996710920
38816,1761996710997.0,0adab909-eb8f-4baf-9eed-7a4cc889cb7c,70:72:1A:35:B3:84,,-77,1761996710920
38817,1761996711679.0,0adab909-eb8f-4baf-9eed-7a4cc889cb7c,41:94:87:2A:D1:35,,-75,1761996710920
38818,1761996712003.0,0adab909-eb8f-4baf-9eed-7a4cc889cb7c,FF:10:10:AE:A7:64,Sunset lights,-84,1761996710920
38819,1761996713918.0,0adab909-eb8f-4baf-9eed-7a4cc889cb7c,7F:D1:08:BB:79:19,,-88,1761996710920
38820,1761997611010.0,0adab909-eb8f-4baf-9eed-7a4cc889cb7c,65:CE:9A:8D:63:E6,,-73,1761997610911
38821,1761997611376.0,0adab909-eb8f-4baf-9eed-7a4cc889cb7c,FF:10:10:AE:A7:64,Sunset lights,-79,1761997610911
38822,1761997612272.0,0adab909-eb8f-4baf-9eed-7a4cc889cb7c,49:6C:0C:76:64:9B,,-87,1761997610911
38823,1761997612291.0,0adab909-eb8f-4baf-9eed-7a4cc889cb7c,71:A4:DA:B2:71:EA,,-92,1761997610911
38824,1761997612306.0,0adab909-eb8f-4baf-9eed-7a4cc889cb7c,7D:6D:1A:68:67:A1,,-89,1761997610911
38825,1761997619651.0,0adab909-eb8f-4baf-9eed-7a4cc889cb7c,7F:D1:08:BB:79:19,,-88,1761997610911
38826,1761997910974.0,0adab909-eb8f-4baf-9eed-7a4cc889cb7c,FF:10:10:AE:A7:64,Sunset lights,-82,1761997910906
38827,1761997911026.0,0adab909-eb8f-4baf-9eed-7a4cc889cb7c,6C:01:7A:E0:57:5A,,-76,1761997910906
38828,1761997911647.0,0adab909-eb8f-4baf-9eed-7a4cc889cb7c,65:CE:9A:8D:63:E6,,-78,1761997910906
38829,1761997912331.0,0adab909-eb8f-4baf-9eed-7a4cc889cb7c,7E:18:79:B5:7E:4C,,-88,1761997910906
38830,1761997912923.0,0adab909-eb8f-4baf-9eed-7a4cc889cb7c,6D:09:18:18:62:06,,-91,1761997910906
38831,1761997916778.0,0adab909-eb8f-4baf-9eed-7a4cc889cb7c,6F:E2:91:07:34:FC,,-71,1761997910906
38832,1761998512719.0,0adab909-eb8f-4baf-9eed-7a4cc889cb7c,7C:DE:1D:DC:82:0D,,-71,1761998512706
38833,1761998514063.0,0adab909-eb8f-4baf-9eed-7a4cc889cb7c,4F:82:51:50:DB:76,,-73,1761998512706
38834,1761998514089.0,0adab909-eb8f-4baf-9eed-7a4cc889cb7c,46:3A:D3:05:2F:04,,-73,1761998512706
38835,1761998515035.0,0adab909-eb8f-4baf-9eed-7a4cc889cb7c,36:7B:E9:59:91:42,,-91,1761998512706
38836,1761998515054.0,0adab909-eb8f-4baf-9eed-7a4cc889cb7c,FF:10:10:AE:A7:64,Sunset lights,-75,1761998512706
38837,1761999112802.0,0adab909-eb8f-4baf-9eed-7a4cc889cb7c,FF:10:10:AE:A7:64,Sunset lights,-82,1761999112794
38838,1761999112859.0,0adab909-eb8f-4baf-9eed-7a4cc889cb7c,65:50:32:69:BC:3F,,-81,1761999112794
38839,1761999115081.0,0adab909-eb8f-4baf-9eed-7a4cc889cb7c,41:14:C0:64:4C:7A,,-74,1761999112794
38840,1761999122478.0,0adab909-eb8f-4baf-9eed-7a4cc889cb7c,67:1C:18:D4:5C:B8,,-76,1761999112794
38841,1761999125659.0,0adab909-eb8f-4baf-9eed-7a4cc889cb7c,E5:BC:44:39:D0:9A,,-72,1761999112794
38842,1761999125699.0,0adab909-eb8f-4baf-9eed-7a4cc889cb7c,FF:F3:CD:95:61:DD,,-77,1761999112794
38843,1761999125755.0,0adab909-eb8f-4baf-9eed-7a4cc889cb7c,65:50:32:69:BC:3F,,-77,1761999112794
38844,1761999125782.0,0adab909-eb8f-4baf-9eed-7a4cc889cb7c,67:1C:18:D4:5C:B8,,-77,1761999112794
38845,1761999125840.0,0adab909-eb8f-4baf-9eed-7a4cc889cb7c,41:14:C0:64:4C:7A,,-76,1761999112794
38846,1761999126741.0,0adab909-eb8f-4baf-9eed-7a4cc889cb7c,FF:10:10:AE:A7:64,Sunset lights,-82,1761999112794
38847,1761999712780.0,0adab909-eb8f-4baf-9eed-7a4cc889cb7c,65:50:32:69:BC:3F,,-80,1761999712754
38848,1761999712861.0,0adab909-eb8f-4baf-9eed-7a4cc889cb7c,67:1C:18:D4:5C:B8,,-80,1761999712754
38849,1761999712895.0,0adab909-eb8f-4baf-9eed-7a4cc889cb7c,41:14:C0:64:4C:7A,,-80,1761999712754
38850,1761999713053.0,0adab909-eb8f-4baf-9eed-7a4cc889cb7c,FF:10:10:AE:A7:64,Sunset lights,-83,1761999712754
38851,1761999719804.0,0adab909-eb8f-4baf-9eed-7a4cc889cb7c,50:95:7C:54:82:E3,,-86,1761999712754
38852,1761999725644.0,0adab909-eb8f-4baf-9eed-7a4cc889cb7c,65:50:32:69:BC:3F,,-79,1761999712754
38853,1761999725725.0,0adab909-eb8f-4baf-9eed-7a4cc889cb7c,FF:10:10:AE:A7:64,Sunset lights,-75,1761999712754
38854,1761999726687.0,0adab909-eb8f-4baf-9eed-7a4cc889cb7c,41:14:C0:64:4C:7A,,-77,1761999712754
38855,1762000312419.0,0adab909-eb8f-4baf-9eed-7a4cc889cb7c,56:C8:A6:36:40:BF,,-82,1762000311986
38856,1762000312991.0,0adab909-eb8f-4baf-9eed-7a4cc889cb7c,FF:10:10:AE:A7:64,Sunset lights,-79,1762000311986
38857,1762000314590.0,0adab909-eb8f-4baf-9eed-7a4cc889cb7c,72:CF:72:C5:70:E0,,-71,1762000311986
38858,1762000314678.0,0adab909-eb8f-4baf-9eed-7a4cc889cb7c,C8:BD:4D:E3:06:2A,Galaxy S21 FE 5G,-86,1762000311986
38859,1762000315308.0,0adab909-eb8f-4baf-9eed-7a4cc889cb7c,53:70:96:A3:7F:AF,,-79,1762000311986
38860,1762000820641.0,0adab909-eb8f-4baf-9eed-7a4cc889cb7c,FF:10:10:AE:A7:64,Sunset lights,-82,1762000820637
38896,1762000820641.0,0adab909-eb8f-4baf-9eed-7a4cc889cb7c,FF:10:10:AE:A7:64,Sunset lights,-82,1762000820637
38861,1762000820657.0,0adab909-eb8f-4baf-9eed-7a4cc889cb7c,53:70:96:A3:7F:AF,,-77,1762000820637
38897,1762000820657.0,0adab909-eb8f-4baf-9eed-7a4cc889cb7c,53:70:96:A3:7F:AF,,-77,1762000820637
38862,1762000820668.0,0adab909-eb8f-4baf-9eed-7a4cc889cb7c,56:C8:A6:36:40:BF,,-77,1762000820637
38898,1762000820668.0,0adab909-eb8f-4baf-9eed-7a4cc889cb7c,56:C8:A6:36:40:BF,,-77,1762000820637
38863,1762000820691.0,0adab909-eb8f-4baf-9eed-7a4cc889cb7c,72:CF:72:C5:70:E0,,-82,1762000820637
38899,1762000820691.0,0adab909-eb8f-4baf-9eed-7a4cc889cb7c,72:CF:72:C5:70:E0,,-82,1762000820637
38864,1762001391788.0,0adab909-eb8f-4baf-9eed-7a4cc889cb7c,6F:27:CB:26:31:03,,-78,1762001391704
38900,1762001391788.0,0adab909-eb8f-4baf-9eed-7a4cc889cb7c,6F:27:CB:26:31:03,,-78,1762001391704
38865,1762001393097.0,0adab909-eb8f-4baf-9eed-7a4cc889cb7c,4C:27:F9:A4:11:59,,-79,1762001391704
38901,1762001393097.0,0adab909-eb8f-4baf-9eed-7a4cc889cb7c,4C:27:F9:A4:11:59,,-79,1762001391704
38866,1762001398251.0,0adab909-eb8f-4baf-9eed-7a4cc889cb7c,FF:10:10:AE:A7:64,Sunset lights,-88,1762001391704
38902,1762001398251.0,0adab909-eb8f-4baf-9eed-7a4cc889cb7c,FF:10:10:AE:A7:64,Sunset lights,-88,1762001391704
38867,1762001419685.0,0adab909-eb8f-4baf-9eed-7a4cc889cb7c,28:BB:5B:86:77:A9,,-74,1762001391704
38903,1762001419685.0,0adab909-eb8f-4baf-9eed-7a4cc889cb7c,28:BB:5B:86:77:A9,,-74,1762001391704
38868,1762001420108.0,0adab909-eb8f-4baf-9eed-7a4cc889cb7c,F6:D6:FB:82:54:57,,-77,1762001391704
38904,1762001420108.0,0adab909-eb8f-4baf-9eed-7a4cc889cb7c,F6:D6:FB:82:54:57,,-77,1762001391704
38869,1762001420123.0,0adab909-eb8f-4baf-9eed-7a4cc889cb7c,20:2E:9B:AC:75:CF,,-80,1762001391704
38905,1762001420123.0,0adab909-eb8f-4baf-9eed-7a4cc889cb7c,20:2E:9B:AC:75:CF,,-80,1762001391704
38870,1762001420139.0,0adab909-eb8f-4baf-9eed-7a4cc889cb7c,4C:27:F9:A4:11:59,,-76,1762001391704
38906,1762001420139.0,0adab909-eb8f-4baf-9eed-7a4cc889cb7c,4C:27:F9:A4:11:59,,-76,1762001391704
38871,1762001420153.0,0adab909-eb8f-4baf-9eed-7a4cc889cb7c,6F:27:CB:26:31:03,,-82,1762001391704
38907,1762001420153.0,0adab909-eb8f-4baf-9eed-7a4cc889cb7c,6F:27:CB:26:31:03,,-82,1762001391704
38872,1762002048139.0,0adab909-eb8f-4baf-9eed-7a4cc889cb7c,51:4A:00:39:7C:3C,,-89,1762002047925
38908,1762002048139.0,0adab909-eb8f-4baf-9eed-7a4cc889cb7c,51:4A:00:39:7C:3C,,-89,1762002047925
38873,1762002051663.0,0adab909-eb8f-4baf-9eed-7a4cc889cb7c,7C:7B:65:16:F9:BA,,-81,1762002047925
38909,1762002051663.0,0adab909-eb8f-4baf-9eed-7a4cc889cb7c,7C:7B:65:16:F9:BA,,-81,1762002047925
38874,1762002053975.0,0adab909-eb8f-4baf-9eed-7a4cc889cb7c,4E:AE:07:D8:FD:B3,,-94,1762002047925
38910,1762002053975.0,0adab909-eb8f-4baf-9eed-7a4cc889cb7c,4E:AE:07:D8:FD:B3,,-94,1762002047925
38875,1762002611726.0,0adab909-eb8f-4baf-9eed-7a4cc889cb7c,4C:93:0D:DE:E3:51,,-69,1762002611696
38911,1762002611726.0,0adab909-eb8f-4baf-9eed-7a4cc889cb7c,4C:93:0D:DE:E3:51,,-69,1762002611696
38876,1762002612095.0,0adab909-eb8f-4baf-9eed-7a4cc889cb7c,A4:04:50:C5:D2:4F,My VW 4146,-70,1762002611696
38912,1762002612095.0,0adab909-eb8f-4baf-9eed-7a4cc889cb7c,A4:04:50:C5:D2:4F,My VW 4146,-70,1762002611696
38877,1762003236346.0,0adab909-eb8f-4baf-9eed-7a4cc889cb7c,5F:4A:11:A9:B7:74,,-69,1762003235336
38913,1762003236346.0,0adab909-eb8f-4baf-9eed-7a4cc889cb7c,5F:4A:11:A9:B7:74,,-69,1762003235336
38878,1762003237939.0,0adab909-eb8f-4baf-9eed-7a4cc889cb7c,74:7D:EF:0D:15:58,,-79,1762003235336
38914,1762003237939.0,0adab909-eb8f-4baf-9eed-7a4cc889cb7c,74:7D:EF:0D:15:58,,-79,1762003235336
38879,1762003238681.0,0adab909-eb8f-4baf-9eed-7a4cc889cb7c,43:20:1C:F8:62:BC,,-82,1762003235336
38915,1762003238681.0,0adab909-eb8f-4baf-9eed-7a4cc889cb7c,43:20:1C:F8:62:BC,,-82,1762003235336
38880,1762003239982.0,0adab909-eb8f-4baf-9eed-7a4cc889cb7c,A4:04:50:C5:D2:4F,My VW 4146,-56,1762003235336
38916,1762003239982.0,0adab909-eb8f-4baf-9eed-7a4cc889cb7c,A4:04:50:C5:D2:4F,My VW 4146,-56,1762003235336
38881,1762003245360.0,0adab909-eb8f-4baf-9eed-7a4cc889cb7c,54:15:80:78:CE:2C,,-71,1762003235336
38917,1762003245360.0,0adab909-eb8f-4baf-9eed-7a4cc889cb7c,54:15:80:78:CE:2C,,-71,1762003235336
38882,1762003271551.0,0adab909-eb8f-4baf-9eed-7a4cc889cb7c,27:E4:F1:5D:CF:25,,-75,1762003235336
38918,1762003271551.0,0adab909-eb8f-4baf-9eed-7a4cc889cb7c,27:E4:F1:5D:CF:25,,-75,1762003235336
38883,1762003271571.0,0adab909-eb8f-4baf-9eed-7a4cc889cb7c,02:46:C4:80:FB:C8,,-73,1762003235336
38919,1762003271571.0,0adab909-eb8f-4baf-9eed-7a4cc889cb7c,02:46:C4:80:FB:C8,,-73,1762003235336
38884,1762003271592.0,0adab909-eb8f-4baf-9eed-7a4cc889cb7c,6A:18:7E:28:52:FB,,-88,1762003235336
38920,1762003271592.0,0adab909-eb8f-4baf-9eed-7a4cc889cb7c,6A:18:7E:28:52:FB,,-88,1762003235336
38885,1762003271608.0,0adab909-eb8f-4baf-9eed-7a4cc889cb7c,5F:4A:11:A9:B7:74,,-62,1762003235336
38921,1762003271608.0,0adab909-eb8f-4baf-9eed-7a4cc889cb7c,5F:4A:11:A9:B7:74,,-62,1762003235336
38886,1762003784270.0,0adab909-eb8f-4baf-9eed-7a4cc889cb7c,79:40:2C:F2:DD:CC,,-67,1762003783871
38922,1762003784270.0,0adab909-eb8f-4baf-9eed-7a4cc889cb7c,79:40:2C:F2:DD:CC,,-67,1762003783871
38887,1762003787503.0,0adab909-eb8f-4baf-9eed-7a4cc889cb7c,A4:04:50:C5:D2:4F,My VW 4146,-59,1762003783871
38923,1762003787503.0,0adab909-eb8f-4baf-9eed-7a4cc889cb7c,A4:04:50:C5:D2:4F,My VW 4146,-59,1762003783871
38888,1762003788047.0,0adab909-eb8f-4baf-9eed-7a4cc889cb7c,10:F6:05:69:1C:2C,Tyler's phone,-98,1762003783871
38924,1762003788047.0,0adab909-eb8f-4baf-9eed-7a4cc889cb7c,10:F6:05:69:1C:2C,Tyler's phone,-98,1762003783871
38889,1762003790000.0,0adab909-eb8f-4baf-9eed-7a4cc889cb7c,4C:6A:92:35:65:44,,-92,1762003783871
38925,1762003790000.0,0adab909-eb8f-4baf-9eed-7a4cc889cb7c,4C:6A:92:35:65:44,,-92,1762003783871
38890,1762004384680.0,0adab909-eb8f-4baf-9eed-7a4cc889cb7c,44:71:3A:85:67:04,,-66,1762004384657
38926,1762004384680.0,0adab909-eb8f-4baf-9eed-7a4cc889cb7c,44:71:3A:85:67:04,,-66,1762004384657
38891,1762004385537.0,0adab909-eb8f-4baf-9eed-7a4cc889cb7c,A4:04:50:C5:D2:4F,My VW 4146,-68,1762004384657
38927,1762004385537.0,0adab909-eb8f-4baf-9eed-7a4cc889cb7c,A4:04:50:C5:D2:4F,My VW 4146,-68,1762004384657
38892,1762004387337.0,0adab909-eb8f-4baf-9eed-7a4cc889cb7c,0C:6F:D2:CE:89:BA,,-88,1762004384657
38928,1762004387337.0,0adab909-eb8f-4baf-9eed-7a4cc889cb7c,0C:6F:D2:CE:89:BA,,-88,1762004384657
38893,1762004397189.0,0adab909-eb8f-4baf-9eed-7a4cc889cb7c,6D:97:7D:D7:15:AF,,-69,1762004384657
38929,1762004397189.0,0adab909-eb8f-4baf-9eed-7a4cc889cb7c,6D:97:7D:D7:15:AF,,-69,1762004384657
38894,1762004398706.0,0adab909-eb8f-4baf-9eed-7a4cc889cb7c,44:71:3A:85:67:04,,-73,1762004384657
38930,1762004398706.0,0adab909-eb8f-4baf-9eed-7a4cc889cb7c,44:71:3A:85:67:04,,-73,1762004384657
38895,1762004398746.0,0adab909-eb8f-4baf-9eed-7a4cc889cb7c,31:C6:61:CB:88:20,,-87,1762004384657
38931,1762004398746.0,0adab909-eb8f-4baf-9eed-7a4cc889cb7c,31:C6:61:CB:88:20,,-87,1762004384657
38932,1762005028980.0,0adab909-eb8f-4baf-9eed-7a4cc889cb7c,7A:2F:7C:B1:CD:BE,,-65,1762005028570
38933,1762005029922.0,0adab909-eb8f-4baf-9eed-7a4cc889cb7c,A4:04:50:C5:D2:4F,My VW 4146,-61,1762005028570
38934,1762005041636.0,0adab909-eb8f-4baf-9eed-7a4cc889cb7c,7A:2F:7C:B1:CD:BE,,-67,1762005028570
38935,1762005631801.0,0adab909-eb8f-4baf-9eed-7a4cc889cb7c,A4:04:50:C5:D2:4F,My VW 4146,-69,1762005631537
38936,1762005632929.0,0adab909-eb8f-4baf-9eed-7a4cc889cb7c,56:61:F4:D3:12:AB,,-70,1762005631537
38937,1762005645391.0,0adab909-eb8f-4baf-9eed-7a4cc889cb7c,56:61:F4:D3:12:AB,,-66,1762005631537
38938,1762006245729.0,0adab909-eb8f-4baf-9eed-7a4cc889cb7c,51:E3:45:7E:3A:B5,,-77,1762006245643
38939,1762006246270.0,0adab909-eb8f-4baf-9eed-7a4cc889cb7c,A4:04:50:C5:D2:4F,My VW 4146,-66,1762006245643
38940,1762006250924.0,0adab909-eb8f-4baf-9eed-7a4cc889cb7c,0B:88:67:09:23:4A,,-94,1762006245643
38941,1762006800684.0,0adab909-eb8f-4baf-9eed-7a4cc889cb7c,78:5E:17:86:34:A7,,-74,1762006799619
38942,1762006801300.0,0adab909-eb8f-4baf-9eed-7a4cc889cb7c,74:7B:3B:4B:97:55,,-79,1762006799619
38943,1762006802488.0,0adab909-eb8f-4baf-9eed-7a4cc889cb7c,A4:04:50:C5:D2:4F,My VW 4146,-63,1762006799619
38944,1762007513370.0,0adab909-eb8f-4baf-9eed-7a4cc889cb7c,79:CC:3A:C3:5A:85,,-78,1762007511992
38945,1762007514395.0,0adab909-eb8f-4baf-9eed-7a4cc889cb7c,A4:04:50:C5:D2:4F,My VW 4146,-59,1762007511992
38946,1762007519124.0,0adab909-eb8f-4baf-9eed-7a4cc889cb7c,6F:FB:58:56:EE:88,,-92,1762007511992
38947,1762008008104.0,0adab909-eb8f-4baf-9eed-7a4cc889cb7c,57:74:F4:53:5E:D1,,-65,1762008008021
38948,1762008011530.0,0adab909-eb8f-4baf-9eed-7a4cc889cb7c,A4:04:50:C5:D2:4F,My VW 4146,-65,1762008008021
38949,1762008587006.0,0adab909-eb8f-4baf-9eed-7a4cc889cb7c,5E:6F:EB:0F:17:D5,,-66,1762008585590
38950,1762009248890.0,0adab909-eb8f-4baf-9eed-7a4cc889cb7c,78:EF:4F:4A:5E:FF,,-61,1762009248293
38951,1762009251264.0,0adab909-eb8f-4baf-9eed-7a4cc889cb7c,E5:87:25:F1:4D:39,Jie Rui BT-5908,-100,1762009248293
38952,1762009252625.0,0adab909-eb8f-4baf-9eed-7a4cc889cb7c,A4:04:50:C5:D2:4F,My VW 4146,-56,1762009248293
38953,1762009261282.0,0adab909-eb8f-4baf-9eed-7a4cc889cb7c,78:EF:4F:4A:5E:FF,,-59,1762009248293
38954,1762009868869.0,0adab909-eb8f-4baf-9eed-7a4cc889cb7c,42:F7:21:2E:36:6E,,-72,1762009868404
38955,1762009871459.0,0adab909-eb8f-4baf-9eed-7a4cc889cb7c,5D:3D:15:54:C2:BD,,-83,1762009868404
38956,1762009871477.0,0adab909-eb8f-4baf-9eed-7a4cc889cb7c,10:32:2C:51:BE:34,My Skoda 0742,-100,1762009868404
38957,1762009871846.0,0adab909-eb8f-4baf-9eed-7a4cc889cb7c,A4:04:50:C5:D2:4F,My VW 4146,-73,1762009868404
38958,1762010426666.0,0adab909-eb8f-4baf-9eed-7a4cc889cb7c,61:40:96:6F:25:F0,,-63,1762010426588
38959,1762010430180.0,0adab909-eb8f-4baf-9eed-7a4cc889cb7c,A4:04:50:C5:D2:4F,My VW 4146,-63,1762010426588
38960,1762010432175.0,0adab909-eb8f-4baf-9eed-7a4cc889cb7c,4D:CF:EB:57:85:2C,,-81,1762010426588
38961,1762010442351.0,0adab909-eb8f-4baf-9eed-7a4cc889cb7c,61:40:96:6F:25:F0,,-72,1762010426588
38962,1762010989324.0,0adab909-eb8f-4baf-9eed-7a4cc889cb7c,68:A3:BF:7A:6D:CA,,-74,1762010988254
38963,1762010989577.0,0adab909-eb8f-4baf-9eed-7a4cc889cb7c,A4:04:50:C5:D2:4F,My VW 4146,-77,1762010988254
38964,1762011001368.0,0adab909-eb8f-4baf-9eed-7a4cc889cb7c,A4:04:50:C5:D2:4F,My VW 4146,-77,1762010988254
38965,1762011684836.0,0adab909-eb8f-4baf-9eed-7a4cc889cb7c,A4:04:50:C5:D2:4F,My VW 4146,-60,1762011684604
38966,1762011686577.0,0adab909-eb8f-4baf-9eed-7a4cc889cb7c,5E:C6:CB:42:D0:A7,,-70,1762011684604
38967,1762011697776.0,0adab909-eb8f-4baf-9eed-7a4cc889cb7c,1C:E7:B8:22:08:B6,,-86,1762011684604
38968,1762011698713.0,0adab909-eb8f-4baf-9eed-7a4cc889cb7c,78:25:63:3F:B2:C6,LE-Bose Revolve II SoundLi,-73,1762011684604
38969,1762011699804.0,0adab909-eb8f-4baf-9eed-7a4cc889cb7c,5E:C6:CB:42:D0:A7,,-73,1762011684604
38970,1762012239649.0,0adab909-eb8f-4baf-9eed-7a4cc889cb7c,5E:EC:F7:28:94:2E,,-70,1762012239556
38971,1762012244170.0,0adab909-eb8f-4baf-9eed-7a4cc889cb7c,49:B9:60:7F:D6:2A,,-70,1762012239556
38972,1762012247971.0,0adab909-eb8f-4baf-9eed-7a4cc889cb7c,A4:04:50:C5:D2:4F,My VW 4146,-59,1762012239556
38973,1762012256095.0,0adab909-eb8f-4baf-9eed-7a4cc889cb7c,26:BF:A1:C7:F1:FD,,-66,1762012239556
38974,1762012256190.0,0adab909-eb8f-4baf-9eed-7a4cc889cb7c,49:B9:60:7F:D6:2A,,-68,1762012239556
38975,1762012871953.0,0adab909-eb8f-4baf-9eed-7a4cc889cb7c,40:3F:89:97:8D:00,,-68,1762012870551
38976,1762012875099.0,0adab909-eb8f-4baf-9eed-7a4cc889cb7c,A4:04:50:C5:D2:4F,My VW 4146,-61,1762012870551
38977,1762012875125.0,0adab909-eb8f-4baf-9eed-7a4cc889cb7c,66:96:79:6C:FB:67,,-92,1762012870551
38978,1762012884316.0,0adab909-eb8f-4baf-9eed-7a4cc889cb7c,40:3F:89:97:8D:00,,-69,1762012870551
38979,1762013505266.0,0adab909-eb8f-4baf-9eed-7a4cc889cb7c,50:56:BF:29:BB:DB,[TV]Samsung LED48,-89,1762013504472
38980,1762013505816.0,0adab909-eb8f-4baf-9eed-7a4cc889cb7c,C0:B5:D7:2D:AC:24,,-100,1762013504472
38981,1762013506783.0,0adab909-eb8f-4baf-9eed-7a4cc889cb7c,44:39:36:72:B2:FD,,-84,1762013504472
38982,1762013506808.0,0adab909-eb8f-4baf-9eed-7a4cc889cb7c,75:31:3B:04:D7:07,,-65,1762013504472
38983,1762013509006.0,0adab909-eb8f-4baf-9eed-7a4cc889cb7c,C0:B5:D7:2D:AC:24,KD-43XG8399,-100,1762013504472
38984,1762013509639.0,0adab909-eb8f-4baf-9eed-7a4cc889cb7c,40:0A:97:80:2B:2E,,-89,1762013504472
38985,1762013513515.0,0adab909-eb8f-4baf-9eed-7a4cc889cb7c,A4:04:50:C5:D2:4F,My VW 4146,-55,1762013504472
38986,1762013514048.0,0adab909-eb8f-4baf-9eed-7a4cc889cb7c,A4:04:50:C5:D2:4F,My VW 4146,-53,1762013504472
38987,1762013517324.0,0adab909-eb8f-4baf-9eed-7a4cc889cb7c,C0:B5:D7:2D:AC:24,KD-43XG8399,-93,1762013504472
38988,1762013517454.0,0adab909-eb8f-4baf-9eed-7a4cc889cb7c,75:31:3B:04:D7:07,,-60,1762013504472
38989,1762013518444.0,0adab909-eb8f-4baf-9eed-7a4cc889cb7c,40:0A:97:80:2B:2E,,-90,1762013504472
38990,1762013518545.0,0adab909-eb8f-4baf-9eed-7a4cc889cb7c,44:39:36:72:B2:FD,,-88,1762013504472
38991,1762013518558.0,0adab909-eb8f-4baf-9eed-7a4cc889cb7c,20:1E:60:12:8D:93,,-91,1762013504472
38992,1762013518599.0,0adab909-eb8f-4baf-9eed-7a4cc889cb7c,E0:9D:9E:A7:3A:84,,-94,1762013504472
38993,1762013519411.0,0adab909-eb8f-4baf-9eed-7a4cc889cb7c,FF:7C:E4:7A:32:FD,,-88,1762013504472
38994,1762013520385.0,0adab909-eb8f-4baf-9eed-7a4cc889cb7c,44:39:36:72:B2:FD,,-84,1762013504472
38995,1762013520404.0,0adab909-eb8f-4baf-9eed-7a4cc889cb7c,40:0A:97:80:2B:2E,,-86,1762013504472
38996,1762014020499.0,0adab909-eb8f-4baf-9eed-7a4cc889cb7c,63:A9:6C:79:AF:0B,,-78,1762014019793
38997,1762014020555.0,0adab909-eb8f-4baf-9eed-7a4cc889cb7c,49:34:7F:E2:95:24,,-75,1762014019793
38998,1762014022444.0,0adab909-eb8f-4baf-9eed-7a4cc889cb7c,46:F1:83:5D:74:A3,,-89,1762014019793
38999,1762014644576.0,0adab909-eb8f-4baf-9eed-7a4cc889cb7c,64:D8:5A:67:3A:EF,,-87,1762014644540
39000,1762014651115.0,0adab909-eb8f-4baf-9eed-7a4cc889cb7c,69:B9:C0:C9:C2:64,,-86,1762014644540
39001,1762015232620.0,0adab909-eb8f-4baf-9eed-7a4cc889cb7c,42:1A:40:B2:13:79,,-75,1762015231551
39002,1762015242850.0,0adab909-eb8f-4baf-9eed-7a4cc889cb7c,40:B3:08:44:D4:36,,-91,1762015231551
39003,1762015800420.0,0adab909-eb8f-4baf-9eed-7a4cc889cb7c,6B:46:82:9A:2C:BB,,-90,1762015800377
39004,1762015800829.0,0adab909-eb8f-4baf-9eed-7a4cc889cb7c,64:51:A0:77:C1:2A,,-71,1762015800377
39005,1762015801421.0,0adab909-eb8f-4baf-9eed-7a4cc889cb7c,7A:98:A5:70:8F:A8,,-72,1762015800377
39006,1762015814085.0,0adab909-eb8f-4baf-9eed-7a4cc889cb7c,7A:98:A5:70:8F:A8,,-72,1762015800377
39007,1762016485516.0,0adab909-eb8f-4baf-9eed-7a4cc889cb7c,72:98:4D:AF:EB:9E,,-78,1762016485130
39008,1762017001744.0,0adab909-eb8f-4baf-9eed-7a4cc889cb7c,53:5B:58:97:71:09,,-50,1762017001336
39009,1762018236583.0,0adab909-eb8f-4baf-9eed-7a4cc889cb7c,49:74:BA:E2:5E:3C,,-77,1762018236560
39010,1762018236994.0,0adab909-eb8f-4baf-9eed-7a4cc889cb7c,46:D6:57:07:F7:79,,-70,1762018236560
39011,1762018237013.0,0adab909-eb8f-4baf-9eed-7a4cc889cb7c,5A:A7:44:25:9A:8A,,-85,1762018236560
39012,1762018237239.0,0adab909-eb8f-4baf-9eed-7a4cc889cb7c,67:FA:D2:2B:4E:31,,-92,1762018236560
39013,1762018237575.0,0adab909-eb8f-4baf-9eed-7a4cc889cb7c,58:91:A8:FE:EC:89,,-84,1762018236560
39014,1762018237596.0,0adab909-eb8f-4baf-9eed-7a4cc889cb7c,24:DF:1F:D8:47:4B,,-77,1762018236560
39015,1762018237612.0,0adab909-eb8f-4baf-9eed-7a4cc889cb7c,40:58:99:A6:72:5A,,-77,1762018236560
39016,1762018237925.0,0adab909-eb8f-4baf-9eed-7a4cc889cb7c,40:31:B1:1D:77:C0,,-83,1762018236560
39017,1762018238283.0,0adab909-eb8f-4baf-9eed-7a4cc889cb7c,56:12:36:C9:FA:06,,-82,1762018236560
39018,1762018238555.0,0adab909-eb8f-4baf-9eed-7a4cc889cb7c,67:FA:BC:83:61:79,,-90,1762018236560
39019,1762018238982.0,0adab909-eb8f-4baf-9eed-7a4cc889cb7c,E0:3E:CB:F4:68:C7,,-100,1762018236560
39020,1762018239192.0,0adab909-eb8f-4baf-9eed-7a4cc889cb7c,F6:E9:C0:23:94:05,,-75,1762018236560
39021,1762018239219.0,0adab909-eb8f-4baf-9eed-7a4cc889cb7c,24:10:F7:18:AC:EF,,-87,1762018236560
39022,1762018239254.0,0adab909-eb8f-4baf-9eed-7a4cc889cb7c,5E:7D:F0:A1:6F:43,S41 2274 LE,-89,1762018236560
39023,1762018239792.0,0adab909-eb8f-4baf-9eed-7a4cc889cb7c,C0:B5:D7:2D:AC:24,KD-43XG8399,-100,1762018236560
39024,1762018239919.0,0adab909-eb8f-4baf-9eed-7a4cc889cb7c,3B:A8:08:67:36:A1,,-89,1762018236560
39025,1762018239982.0,0adab909-eb8f-4baf-9eed-7a4cc889cb7c,CC:D3:C1:CC:46:3D,MEDION_CC:D3:C1:CC:46:3D,-100,1762018236560
39026,1762018240519.0,0adab909-eb8f-4baf-9eed-7a4cc889cb7c,43:51:07:D7:37:26,,-88,1762018236560
39027,1762018241426.0,0adab909-eb8f-4baf-9eed-7a4cc889cb7c,5D:30:1A:5D:42:77,,-90,1762018236560
39028,1762018241771.0,0adab909-eb8f-4baf-9eed-7a4cc889cb7c,41:59:E7:4E:C0:0A,,-87,1762018236560
39029,1762018242148.0,0adab909-eb8f-4baf-9eed-7a4cc889cb7c,38:68:A4:E8:17:BD,[TV] Samsung tv,-82,1762018236560
39030,1762018242740.0,0adab909-eb8f-4baf-9eed-7a4cc889cb7c,4B:7C:B5:8A:55:4C,,-90,1762018236560
39031,1762018242757.0,0adab909-eb8f-4baf-9eed-7a4cc889cb7c,28:45:2C:C4:E2:4B,,-89,1762018236560
39032,1762018243351.0,0adab909-eb8f-4baf-9eed-7a4cc889cb7c,7B:78:04:D6:4A:EA,,-90,1762018236560
39033,1762018243688.0,0adab909-eb8f-4baf-9eed-7a4cc889cb7c,62:D6:B8:AF:09:24,,-83,1762018236560
39034,1762018243956.0,0adab909-eb8f-4baf-9eed-7a4cc889cb7c,71:84:9D:19:BE:12,,-87,1762018236560
39035,1762018244070.0,0adab909-eb8f-4baf-9eed-7a4cc889cb7c,38:68:A4:E8:17:BD,[TV] Samsung tv,-100,1762018236560
39036,1762018244343.0,0adab909-eb8f-4baf-9eed-7a4cc889cb7c,7E:03:F7:61:E7:72,,-95,1762018236560
39037,1762018245908.0,0adab909-eb8f-4baf-9eed-7a4cc889cb7c,60:96:10:64:77:AB,,-84,1762018236560
39038,1762018247228.0,0adab909-eb8f-4baf-9eed-7a4cc889cb7c,5C:0D:8D:05:3E:4A,,-83,1762018236560
39039,1762018247262.0,0adab909-eb8f-4baf-9eed-7a4cc889cb7c,5C:6E:8D:BC:C1:82,,-80,1762018236560
39040,1762018247505.0,0adab909-eb8f-4baf-9eed-7a4cc889cb7c,5B:16:5B:E1:8D:F7,,-69,1762018236560
39041,1762018247843.0,0adab909-eb8f-4baf-9eed-7a4cc889cb7c,6D:0A:FB:83:84:B1,,-82,1762018236560
39042,1762018249084.0,0adab909-eb8f-4baf-9eed-7a4cc889cb7c,74:5E:D3:92:9A:4B,,-87,1762018236560
39043,1762018249101.0,0adab909-eb8f-4baf-9eed-7a4cc889cb7c,44:0F:F4:04:7D:91,,-81,1762018236560
39044,1762018258344.0,0adab909-eb8f-4baf-9eed-7a4cc889cb7c,38:68:A4:E8:17:BD,[TV] Samsung tv,-100,1762018236560
39045,1762019404960.0,0adab909-eb8f-4baf-9eed-7a4cc889cb7c,6C:71:D9:C3:1C:FA,jolanta-Akoya-E6240T,-100,1762019404521
39046,1762019404979.0,0adab909-eb8f-4baf-9eed-7a4cc889cb7c,5A:85:A1:63:60:6E,,-80,1762019404521
39047,1762019417563.0,0adab909-eb8f-4baf-9eed-7a4cc889cb7c,5A:85:A1:63:60:6E,,-73,1762019404521
39048,1762019417615.0,0adab909-eb8f-4baf-9eed-7a4cc889cb7c,84:C8:A0:8B:BD:3D,JBL BAR 800,-81,1762019404521
39049,1762019418562.0,0adab909-eb8f-4baf-9eed-7a4cc889cb7c,18:F3:CB:AF:AA:2C,,127,1762019404521
39050,1762019421076.0,0adab909-eb8f-4baf-9eed-7a4cc889cb7c,18:F3:CB:AF:AA:2C,,-69,1762019404521
39051,1762019421121.0,0adab909-eb8f-4baf-9eed-7a4cc889cb7c,5A:85:A1:63:60:6E,,-82,1762019404521
39052,1762020050915.0,0adab909-eb8f-4baf-9eed-7a4cc889cb7c,61:54:DA:B5:47:1D,,-65,1762020050480
39053,1762020051427.0,0adab909-eb8f-4baf-9eed-7a4cc889cb7c,38:68:A4:E8:17:BD,[TV] Samsung tv,-100,1762020050480
39054,1762020052579.0,0adab909-eb8f-4baf-9eed-7a4cc889cb7c,18:4F:32:2B:87:5E,KDL-43W809,-100,1762020050480
39055,1762020052958.0,0adab909-eb8f-4baf-9eed-7a4cc889cb7c,38:68:A4:E8:17:BD,[TV] Samsung tv,-87,1762020050480
39056,1762020054856.0,0adab909-eb8f-4baf-9eed-7a4cc889cb7c,56:D9:17:51:38:2B,,-93,1762020050480
39057,1762020055324.0,0adab909-eb8f-4baf-9eed-7a4cc889cb7c,38:68:A4:E8:17:BD,[TV] Samsung tv,-95,1762020050480
39058,1762020056050.0,0adab909-eb8f-4baf-9eed-7a4cc889cb7c,A4:04:50:C5:D2:4F,My VW 4146,-100,1762020050480
39059,1762020058320.0,0adab909-eb8f-4baf-9eed-7a4cc889cb7c,62:A9:B7:59:3F:B1,,-83,1762020050480
39060,1762020058390.0,0adab909-eb8f-4baf-9eed-7a4cc889cb7c,4A:79:E2:BB:BB:B4,,-89,1762020050480
39061,1762020059029.0,0adab909-eb8f-4baf-9eed-7a4cc889cb7c,A4:04:50:C5:D2:4F,My VW 4146,-64,1762020050480
39062,1762020062041.0,0adab909-eb8f-4baf-9eed-7a4cc889cb7c,5B:DC:03:7B:0C:36,,-89,1762020050480
39063,1762020063348.0,0adab909-eb8f-4baf-9eed-7a4cc889cb7c,5B:0B:CE:25:8C:E6,,-91,1762020050480
39064,1762020063401.0,0adab909-eb8f-4baf-9eed-7a4cc889cb7c,6B:C6:A0:03:D2:83,,-46,1762020050480
39065,1762020063422.0,0adab909-eb8f-4baf-9eed-7a4cc889cb7c,50:DD:F9:ED:54:CB,,-91,1762020050480
39066,1762020063491.0,0adab909-eb8f-4baf-9eed-7a4cc889cb7c,62:A9:B7:59:3F:B1,,-85,1762020050480
39067,1762020063522.0,0adab909-eb8f-4baf-9eed-7a4cc889cb7c,28:E6:A9:17:81:B5,,-86,1762020050480
39068,1762020064438.0,0adab909-eb8f-4baf-9eed-7a4cc889cb7c,F6:4C:A1:80:DB:2F,,-87,1762020050480
39069,1762020064472.0,0adab909-eb8f-4baf-9eed-7a4cc889cb7c,4E:00:03:1D:50:41,,-89,1762020050480
39070,1762020064522.0,0adab909-eb8f-4baf-9eed-7a4cc889cb7c,56:1C:2C:03:4A:45,,-60,1762020050480
39071,1762020064544.0,0adab909-eb8f-4baf-9eed-7a4cc889cb7c,DD:73:1A:26:8B:80,,-71,1762020050480
39072,1762020064597.0,0adab909-eb8f-4baf-9eed-7a4cc889cb7c,33:7B:5C:C2:FE:1A,,-93,1762020050480
39073,1762020065440.0,0adab909-eb8f-4baf-9eed-7a4cc889cb7c,32:21:65:26:56:F5,,-82,1762020050480
39074,1762020639827.0,0adab909-eb8f-4baf-9eed-7a4cc889cb7c,52:D3:32:29:70:19,,-68,1762020639745
39075,1762020643172.0,0adab909-eb8f-4baf-9eed-7a4cc889cb7c,A4:04:50:C5:D2:4F,My VW 4146,-63,1762020639745
39076,1762020643673.0,0adab909-eb8f-4baf-9eed-7a4cc889cb7c,57:CB:5B:A3:12:32,,-81,1762020639745
39077,1762020652708.0,0adab909-eb8f-4baf-9eed-7a4cc889cb7c,23:FA:97:0E:88:D1,,-66,1762020639745
39078,1762020652745.0,0adab909-eb8f-4baf-9eed-7a4cc889cb7c,5A:31:79:06:FE:E5,,-66,1762020639745
39079,1762020652780.0,0adab909-eb8f-4baf-9eed-7a4cc889cb7c,75:70:E1:EC:7D:0E,,-86,1762020639745
39080,1762020654590.0,0adab909-eb8f-4baf-9eed-7a4cc889cb7c,5D:59:10:24:78:30,,-86,1762020639745
39081,1762021250848.0,0adab909-eb8f-4baf-9eed-7a4cc889cb7c,1B:06:A1:5D:C8:BD,,-74,1762021250480
39082,1762021251511.0,0adab909-eb8f-4baf-9eed-7a4cc889cb7c,D2:21:C1:C6:1E:22,Govee_H6125_1E22,-62,1762021250480
39083,1762021251530.0,0adab909-eb8f-4baf-9eed-7a4cc889cb7c,4D:3C:18:C7:F5:F5,,-80,1762021250480
39084,1762021251832.0,0adab909-eb8f-4baf-9eed-7a4cc889cb7c,75:67:09:84:B8:62,,-74,1762021250480
39085,1762021254217.0,0adab909-eb8f-4baf-9eed-7a4cc889cb7c,3D:43:41:BF:B3:CE,,-81,1762021250480
39086,1762021784385.0,0adab909-eb8f-4baf-9eed-7a4cc889cb7c,3D:99:BA:4C:B0:74,,-87,1762021784328
39087,1762021784428.0,0adab909-eb8f-4baf-9eed-7a4cc889cb7c,D2:21:C1:C6:1E:22,Govee_H6125_1E22,-59,1762021784328
39088,1762021784768.0,0adab909-eb8f-4baf-9eed-7a4cc889cb7c,75:67:09:84:B8:62,,-78,1762021784328
39089,1762021785069.0,0adab909-eb8f-4baf-9eed-7a4cc889cb7c,0A:A6:AD:09:E6:D5,,-83,1762021784328
39090,1762021785690.0,0adab909-eb8f-4baf-9eed-7a4cc889cb7c,53:29:73:14:C4:5A,,-80,1762021784328
39091,1762022587833.0,0adab909-eb8f-4baf-9eed-7a4cc889cb7c,D2:21:C1:C6:1E:22,Govee_H6125_1E22,-53,1762022587819
39092,1762022588838.0,0adab909-eb8f-4baf-9eed-7a4cc889cb7c,6F:1C:F6:AA:45:F5,,-74,1762022587819
39093,1762022588856.0,0adab909-eb8f-4baf-9eed-7a4cc889cb7c,76:F0:C7:F5:FE:D6,,-81,1762022587819
39094,1762022590110.0,0adab909-eb8f-4baf-9eed-7a4cc889cb7c,00:DE:56:13:E1:75,,-79,1762022587819
39095,1762022594355.0,0adab909-eb8f-4baf-9eed-7a4cc889cb7c,0C:18:AC:7A:6F:14,,-82,1762022587819
39096,1762023019521.0,0adab909-eb8f-4baf-9eed-7a4cc889cb7c,D2:21:C1:C6:1E:22,Govee_H6125_1E22,-49,1762023019478
39097,1762023019584.0,0adab909-eb8f-4baf-9eed-7a4cc889cb7c,76:F0:C7:F5:FE:D6,,-57,1762023019478
39098,1762023020263.0,0adab909-eb8f-4baf-9eed-7a4cc889cb7c,5A:15:B8:9B:77:DC,,-79,1762023019478
39099,1762023021823.0,0adab909-eb8f-4baf-9eed-7a4cc889cb7c,30:E4:8E:61:EE:9C,,-78,1762023019478
39100,1762023022774.0,0adab909-eb8f-4baf-9eed-7a4cc889cb7c,3A:28:9D:73:BF:1B,,-84,1762023019478
39101,1762023029902.0,0adab909-eb8f-4baf-9eed-7a4cc889cb7c,50:98:26:70:9B:40,,-73,1762023019478
39102,1762023722833.0,0adab909-eb8f-4baf-9eed-7a4cc889cb7c,34:92:6D:DE:44:E6,,-72,1762023722466
39103,1762023722872.0,0adab909-eb8f-4baf-9eed-7a4cc889cb7c,D2:21:C1:C6:1E:22,Govee_H6125_1E22,-48,1762023722466
39104,1762023723554.0,0adab909-eb8f-4baf-9eed-7a4cc889cb7c,4C:6B:15:2E:3D:FD,,-74,1762023722466
39105,1762023727021.0,0adab909-eb8f-4baf-9eed-7a4cc889cb7c,15:0A:48:C4:AB:79,,-83,1762023722466
39106,1762024322581.0,0adab909-eb8f-4baf-9eed-7a4cc889cb7c,D2:21:C1:C6:1E:22,Govee_H6125_1E22,-54,1762024322488
39107,1762024322950.0,0adab909-eb8f-4baf-9eed-7a4cc889cb7c,4C:9D:37:0E:CB:1A,,-82,1762024322488
39108,1762024323531.0,0adab909-eb8f-4baf-9eed-7a4cc889cb7c,38:8C:13:80:A8:77,,-80,1762024322488
39109,1762025221456.0,0adab909-eb8f-4baf-9eed-7a4cc889cb7c,5A:F9:E1:EB:AF:1A,,-79,1762025221052
39110,1762025221472.0,0adab909-eb8f-4baf-9eed-7a4cc889cb7c,6F:DB:58:15:74:B8,LED_BLE_581574B8,-82,1762025221052
39111,1762025221753.0,0adab909-eb8f-4baf-9eed-7a4cc889cb7c,6D:10:DB:95:90:F5,,-68,1762025221052
39112,1762025221766.0,0adab909-eb8f-4baf-9eed-7a4cc889cb7c,7F:38:EF:B4:69:04,,-88,1762025221052
39113,1762025222134.0,0adab909-eb8f-4baf-9eed-7a4cc889cb7c,73:84:E0:C3:AA:FE,,-80,1762025221052
39114,1762025222162.0,0adab909-eb8f-4baf-9eed-7a4cc889cb7c,41:CA:BF:04:5B:F5,,-89,1762025221052
39115,1762025222290.0,0adab909-eb8f-4baf-9eed-7a4cc889cb7c,A4:04:50:C5:D2:4F,My VW 4146,-54,1762025221052
39116,1762025222429.0,0adab909-eb8f-4baf-9eed-7a4cc889cb7c,41:14:9C:FE:37:75,,-88,1762025221052
39117,1762025222449.0,0adab909-eb8f-4baf-9eed-7a4cc889cb7c,9E:26:D2:9C:E6:E1,LED_BLE_D29CE6E1,-76,1762025221052
39118,1762025226660.0,0adab909-eb8f-4baf-9eed-7a4cc889cb7c,79:F6:11:48:42:AC,,-89,1762025221052
39119,1762025244143.0,0adab909-eb8f-4baf-9eed-7a4cc889cb7c,6D:10:DB:95:90:F5,,-69,1762025221052
39120,1762025392884.0,0adab909-eb8f-4baf-9eed-7a4cc889cb7c,6D:F2:9E:EA:D1:74,,-60,1762025392435
39121,1762025395275.0,0adab909-eb8f-4baf-9eed-7a4cc889cb7c,A4:04:50:C5:D2:4F,My VW 4146,-55,1762025392435
39122,1762025986321.0,0adab909-eb8f-4baf-9eed-7a4cc889cb7c,57:1F:FC:94:2F:C5,,-67,1762025984622
39123,1762025987438.0,0adab909-eb8f-4baf-9eed-7a4cc889cb7c,30:C3:D9:2C:77:CF,VW BT 0844,-100,1762025984622
39124,1762025988519.0,0adab909-eb8f-4baf-9eed-7a4cc889cb7c,A4:04:50:C5:D2:4F,My VW 4146,-65,1762025984622
39125,1762025990216.0,0adab909-eb8f-4baf-9eed-7a4cc889cb7c,56:CA:0F:1A:3B:3E,,-79,1762025984622
39126,1762025991139.0,0adab909-eb8f-4baf-9eed-7a4cc889cb7c,7F:73:23:5D:6C:40,,-81,1762025984622
39127,1762026643026.0,0adab909-eb8f-4baf-9eed-7a4cc889cb7c,48:DB:61:CD:AF:28,,-73,1762026641745
39128,1762027203406.0,0adab909-eb8f-4baf-9eed-7a4cc889cb7c,48:DB:61:CD:AF:28,,-88,1762027199103
39129,1762028632535.0,0adab909-eb8f-4baf-9eed-7a4cc889cb7c,66:FF:20:B9:AC:A1,,-90,1762028630969
39130,1762029424851.0,0adab909-eb8f-4baf-9eed-7a4cc889cb7c,57:E9:93:07:15:28,,-89,1762029422833
39131,1762029728223.0,0adab909-eb8f-4baf-9eed-7a4cc889cb7c,C0:D2:F3:21:8F:D6,,-100,1762029722405
39132,1762030626933.0,0adab909-eb8f-4baf-9eed-7a4cc889cb7c,56:A4:AE:7D:1E:EC,,-85,1762030623545
39133,1762030934370.0,0adab909-eb8f-4baf-9eed-7a4cc889cb7c,56:A4:AE:7D:1E:EC,,-85,1762030922420
39134,1762031507462.0,0adab909-eb8f-4baf-9eed-7a4cc889cb7c,7C:B1:FD:29:20:17,,-88,1762031506417
39135,1762032111345.0,0adab909-eb8f-4baf-9eed-7a4cc889cb7c,7C:B1:FD:29:20:17,,-86,1762032106423
39136,1762032660399.0,0adab909-eb8f-4baf-9eed-7a4cc889cb7c,56:DA:9A:08:3A:B5,,-91,1762032660393
39137,1762033430754.0,0adab909-eb8f-4baf-9eed-7a4cc889cb7c,58:B5:D5:BB:E9:E2,,-87,1762033429358
39138,1762033434623.0,0adab909-eb8f-4baf-9eed-7a4cc889cb7c,6D:CE:9E:58:09:9E,S41 2274 LE,-88,1762033429358
39139,1762033441655.0,0adab909-eb8f-4baf-9eed-7a4cc889cb7c,53:D3:6D:8A:B0:26,,-87,1762033429358
39140,1762033845302.0,0adab909-eb8f-4baf-9eed-7a4cc889cb7c,5B:99:F5:57:4E:AB,S41 2274 LE,-89,1762033845266
39141,1762033847606.0,0adab909-eb8f-4baf-9eed-7a4cc889cb7c,4D:B7:17:AB:C1:ED,,-84,1762033845266
39142,1762033847638.0,0adab909-eb8f-4baf-9eed-7a4cc889cb7c,41:B3:02:DD:A0:57,,-94,1762033845266
39143,1762033850183.0,0adab909-eb8f-4baf-9eed-7a4cc889cb7c,73:20:10:9B:CB:49,S44 3144 LE,-88,1762033845266
39144,1762033858153.0,0adab909-eb8f-4baf-9eed-7a4cc889cb7c,5B:99:F5:57:4E:AB,S41 2274 LE,-85,1762033845266
39145,1762033858358.0,0adab909-eb8f-4baf-9eed-7a4cc889cb7c,4A:11:D4:30:0C:C5,,-88,1762033845266
39146,1762033858380.0,0adab909-eb8f-4baf-9eed-7a4cc889cb7c,73:20:10:9B:CB:49,S44 3144 LE,-86,1762033845266
39147,1762033859337.0,0adab909-eb8f-4baf-9eed-7a4cc889cb7c,4D:B7:17:AB:C1:ED,,-88,1762033845266
39148,1762033859389.0,0adab909-eb8f-4baf-9eed-7a4cc889cb7c,D9:E9:F1:7D:0A:34,Oben 1,-90,1762033845266
39149,1762033860254.0,0adab909-eb8f-4baf-9eed-7a4cc889cb7c,63:C7:E6:53:FB:D6,,-89,1762033845266
39150,1762034473285.0,0adab909-eb8f-4baf-9eed-7a4cc889cb7c,68:B4:7D:8D:EA:E6,,-88,1762034470023
39151,1762035013770.0,0adab909-eb8f-4baf-9eed-7a4cc889cb7c,75:4F:22:F3:B4:CD,,-88,1762035011412
39152,1762035590426.0,0adab909-eb8f-4baf-9eed-7a4cc889cb7c,73:CF:82:66:E7:96,,-88,1762035588400
39153,1762035601611.0,0adab909-eb8f-4baf-9eed-7a4cc889cb7c,84:C8:A0:8B:BD:3D,JBL BAR 800,-89,1762035588400
39154,1762035602770.0,0adab909-eb8f-4baf-9eed-7a4cc889cb7c,73:CF:82:66:E7:96,,-85,1762035588400
39155,1762036195853.0,0adab909-eb8f-4baf-9eed-7a4cc889cb7c,6A:59:35:D3:C8:A1,,-88,1762036195841
39156,1762036196184.0,0adab909-eb8f-4baf-9eed-7a4cc889cb7c,4C:96:8A:ED:6A:01,SPEN NA,127,1762036195841
39157,1762036196510.0,0adab909-eb8f-4baf-9eed-7a4cc889cb7c,4C:96:8A:ED:6A:01,SPEN NA,-66,1762036195841
39158,1762036197163.0,0adab909-eb8f-4baf-9eed-7a4cc889cb7c,4C:96:8A:ED:6A:01,SPEN NA,-61,1762036195841
39159,1762036198177.0,0adab909-eb8f-4baf-9eed-7a4cc889cb7c,4C:96:8A:ED:6A:01,SPEN NA,-61,1762036195841
39160,1762036198871.0,0adab909-eb8f-4baf-9eed-7a4cc889cb7c,4C:96:8A:ED:6A:01,SPEN NA,-58,1762036195841
39161,1762036199152.0,0adab909-eb8f-4baf-9eed-7a4cc889cb7c,4C:96:8A:ED:6A:01,SPEN NA,-60,1762036195841
39162,1762036199764.0,0adab909-eb8f-4baf-9eed-7a4cc889cb7c,4C:96:8A:ED:6A:01,SPEN NA,-59,1762036195841
39163,1762036200072.0,0adab909-eb8f-4baf-9eed-7a4cc889cb7c,4C:96:8A:ED:6A:01,SPEN NA,-59,1762036195841
39164,1762036201337.0,0adab909-eb8f-4baf-9eed-7a4cc889cb7c,4C:96:8A:ED:6A:01,SPEN NA,127,1762036195841
39165,1762036201684.0,0adab909-eb8f-4baf-9eed-7a4cc889cb7c,4C:96:8A:ED:6A:01,SPEN NA,127,1762036195841
39166,1762036202297.0,0adab909-eb8f-4baf-9eed-7a4cc889cb7c,4C:96:8A:ED:6A:01,SPEN NA,-66,1762036195841
39167,1762036202916.0,0adab909-eb8f-4baf-9eed-7a4cc889cb7c,4C:96:8A:ED:6A:01,SPEN NA,-59,1762036195841
39168,1762036203256.0,0adab909-eb8f-4baf-9eed-7a4cc889cb7c,4C:96:8A:ED:6A:01,SPEN NA,-61,1762036195841
39169,1762036204269.0,0adab909-eb8f-4baf-9eed-7a4cc889cb7c,4C:96:8A:ED:6A:01,SPEN NA,-60,1762036195841
39170,1762036204873.0,0adab909-eb8f-4baf-9eed-7a4cc889cb7c,4C:96:8A:ED:6A:01,SPEN NA,-59,1762036195841
39171,1762036205225.0,0adab909-eb8f-4baf-9eed-7a4cc889cb7c,4C:96:8A:ED:6A:01,SPEN NA,-60,1762036195841
39172,1762036206187.0,0adab909-eb8f-4baf-9eed-7a4cc889cb7c,4C:96:8A:ED:6A:01,SPEN NA,-65,1762036195841
39173,1762036206478.0,0adab909-eb8f-4baf-9eed-7a4cc889cb7c,4C:96:8A:ED:6A:01,SPEN NA,-66,1762036195841
39174,1762036206811.0,0adab909-eb8f-4baf-9eed-7a4cc889cb7c,4C:96:8A:ED:6A:01,SPEN NA,-59,1762036195841
39175,1762036207132.0,0adab909-eb8f-4baf-9eed-7a4cc889cb7c,4C:96:8A:ED:6A:01,SPEN NA,-65,1762036195841
39176,1762036207421.0,0adab909-eb8f-4baf-9eed-7a4cc889cb7c,4C:96:8A:ED:6A:01,SPEN NA,-63,1762036195841
39177,1762036207734.0,0adab909-eb8f-4baf-9eed-7a4cc889cb7c,4C:96:8A:ED:6A:01,SPEN NA,-63,1762036195841
39178,1762036208058.0,0adab909-eb8f-4baf-9eed-7a4cc889cb7c,4C:96:8A:ED:6A:01,SPEN NA,-65,1762036195841
39179,1762036208385.0,0adab909-eb8f-4baf-9eed-7a4cc889cb7c,4C:96:8A:ED:6A:01,SPEN NA,-63,1762036195841
39180,1762036208770.0,0adab909-eb8f-4baf-9eed-7a4cc889cb7c,4C:96:8A:ED:6A:01,SPEN NA,-63,1762036195841
39181,1762036209793.0,0adab909-eb8f-4baf-9eed-7a4cc889cb7c,6A:59:35:D3:C8:A1,,-75,1762036195841
39182,1762036836181.0,0adab909-eb8f-4baf-9eed-7a4cc889cb7c,7C:7D:A6:61:3F:86,,-84,1762036834751
39183,1762036837077.0,0adab909-eb8f-4baf-9eed-7a4cc889cb7c,6A:E0:2E:02:D6:DC,,-96,1762036834751
39184,1762037555108.0,0adab909-eb8f-4baf-9eed-7a4cc889cb7c,4B:86:7D:7E:88:6E,,-88,1762037542105
39185,1762037556036.0,0adab909-eb8f-4baf-9eed-7a4cc889cb7c,DF:4E:EF:BF:66:EF,,-76,1762037542105
39186,1762037556138.0,0adab909-eb8f-4baf-9eed-7a4cc889cb7c,84:C8:A0:8B:BD:3D,JBL BAR 800,-76,1762037542105
39187,1762038893519.0,0adab909-eb8f-4baf-9eed-7a4cc889cb7c,61:CF:5C:64:00:5D,,-86,1762038892441
39188,1762039324400.0,0adab909-eb8f-4baf-9eed-7a4cc889cb7c,4E:E6:12:B5:43:3B,,-94,1762039320781
39189,1762039327286.0,0adab909-eb8f-4baf-9eed-7a4cc889cb7c,61:CF:5C:64:00:5D,,-88,1762039320781
39190,1762039792776.0,0adab909-eb8f-4baf-9eed-7a4cc889cb7c,62:7A:9F:6D:CA:40,,-83,1762039792322
39191,1762040393724.0,0adab909-eb8f-4baf-9eed-7a4cc889cb7c,62:7A:9F:6D:CA:40,,-84,1762040393301
39192,1762042199281.0,0adab909-eb8f-4baf-9eed-7a4cc889cb7c,6A:C0:AA:6D:BF:89,,-86,1762042198300
39193,1762042810141.0,0adab909-eb8f-4baf-9eed-7a4cc889cb7c,60:9B:87:17:C8:98,,-85,1762042802273
39194,1762043402631.0,0adab909-eb8f-4baf-9eed-7a4cc889cb7c,76:23:32:C5:43:FF,,-82,1762043402262
39195,1762044008096.0,0adab909-eb8f-4baf-9eed-7a4cc889cb7c,43:4C:5C:32:25:59,,-85,1762044001306
39196,1762044713718.0,0adab909-eb8f-4baf-9eed-7a4cc889cb7c,51:74:08:ED:EE:D9,,-81,1762044713688
39197,1762044724358.0,0adab909-eb8f-4baf-9eed-7a4cc889cb7c,75:8B:06:CA:51:08,,-95,1762044713688
39198,1762045313381.0,0adab909-eb8f-4baf-9eed-7a4cc889cb7c,51:74:08:ED:EE:D9,,-79,1762045312529
39199,1762045915334.0,0adab909-eb8f-4baf-9eed-7a4cc889cb7c,4B:E4:4F:DE:C0:CA,,-79,1762045912958
39200,1762049677225.0,0adab909-eb8f-4baf-9eed-7a4cc889cb7c,5D:DC:6E:2E:AC:17,,-80,1762049676208
39201,1762050208084.0,0adab909-eb8f-4baf-9eed-7a4cc889cb7c,4E:B3:4B:43:D6:4D,,-80,1762050207033
39202,1762050808298.0,0adab909-eb8f-4baf-9eed-7a4cc889cb7c,4E:B3:4B:43:D6:4D,,-82,1762050807481
39203,1762051409571.0,0adab909-eb8f-4baf-9eed-7a4cc889cb7c,6A:82:58:A9:69:A7,,-75,1762051407456
39204,1762052009020.0,0adab909-eb8f-4baf-9eed-7a4cc889cb7c,6A:82:58:A9:69:A7,,-78,1762052008762
39205,1762052539279.0,0adab909-eb8f-4baf-9eed-7a4cc889cb7c,50:36:80:D2:11:53,,-77,1762052539187
39206,1762053145894.0,0adab909-eb8f-4baf-9eed-7a4cc889cb7c,65:5B:88:41:9E:85,,-85,1762053139071
39207,1762053749275.0,0adab909-eb8f-4baf-9eed-7a4cc889cb7c,65:5B:88:41:9E:85,,-85,1762053740181
39208,1762054878094.0,0adab909-eb8f-4baf-9eed-7a4cc889cb7c,6F:90:32:A3:3D:80,,-85,1762054872379
39209,1762055477101.0,0adab909-eb8f-4baf-9eed-7a4cc889cb7c,4A:B6:F7:E2:0B:E6,,-87,1762055472391
39210,1762056074057.0,0adab909-eb8f-4baf-9eed-7a4cc889cb7c,4A:B6:F7:E2:0B:E6,,-84,1762056073751
39211,1762056612781.0,0adab909-eb8f-4baf-9eed-7a4cc889cb7c,4A:B6:F7:E2:0B:E6,,-86,1762056604088
39212,1762058456432.0,0adab909-eb8f-4baf-9eed-7a4cc889cb7c,68:E0:37:7F:1C:A8,,-86,1762058452152
39213,1762060790364.0,0adab909-eb8f-4baf-9eed-7a4cc889cb7c,40:83:77:BD:D5:C2,,-92,1762060785108
39214,1762061985768.0,0adab909-eb8f-4baf-9eed-7a4cc889cb7c,63:FF:70:6D:80:7B,,-84,1762061985493
39215,1762063417202.0,0adab909-eb8f-4baf-9eed-7a4cc889cb7c,74:0D:2D:69:20:7E,,-91,1762063417114
39216,1762067524447.0,0adab909-eb8f-4baf-9eed-7a4cc889cb7c,65:D0:4F:FC:EA:BD,,-89,1762067522057
39217,1762068845102.0,0adab909-eb8f-4baf-9eed-7a4cc889cb7c,7B:9B:0A:DE:66:5C,,-87,1762068844042
39218,1762069193895.0,0adab909-eb8f-4baf-9eed-7a4cc889cb7c,7B:9B:0A:DE:66:5C,,-78,1762069186418
39219,1762069199534.0,0adab909-eb8f-4baf-9eed-7a4cc889cb7c,84:C8:A0:8B:BD:3D,JBL BAR 800,-77,1762069186418
39220,1762069924959.0,0adab909-eb8f-4baf-9eed-7a4cc889cb7c,84:C8:A0:8B:BD:3D,JBL BAR 800,-91,1762069911502
39221,1762070515484.0,0adab909-eb8f-4baf-9eed-7a4cc889cb7c,57:76:33:19:1C:A9,,-82,1762070511176
39222,1762070524158.0,0adab909-eb8f-4baf-9eed-7a4cc889cb7c,27:C9:10:ED:3A:EC,,-73,1762070511176
39223,1762070524227.0,0adab909-eb8f-4baf-9eed-7a4cc889cb7c,57:76:33:19:1C:A9,,-84,1762070511176
39224,1762071124183.0,0adab909-eb8f-4baf-9eed-7a4cc889cb7c,84:C8:A0:8B:BD:3D,JBL BAR 800,-81,1762071111216
39225,1762071711298.0,0adab909-eb8f-4baf-9eed-7a4cc889cb7c,7B:86:95:A3:3C:6D,,-87,1762071711255
39226,1762071724180.0,0adab909-eb8f-4baf-9eed-7a4cc889cb7c,84:C8:A0:8B:BD:3D,JBL BAR 800,-82,1762071711255
39227,1762071726180.0,0adab909-eb8f-4baf-9eed-7a4cc889cb7c,EE:1B:F9:88:91:67,,-85,1762071711255
39228,1762071727049.0,0adab909-eb8f-4baf-9eed-7a4cc889cb7c,0B:F5:7D:8E:92:A9,,-86,1762071711255
39229,1762073603086.0,0adab909-eb8f-4baf-9eed-7a4cc889cb7c,55:FF:60:DD:E6:89,,-84,1762073603079
39230,1762074206366.0,0adab909-eb8f-4baf-9eed-7a4cc889cb7c,56:D7:50:FD:87:0C,,-85,1762074203002
39231,1762075336414.0,0adab909-eb8f-4baf-9eed-7a4cc889cb7c,66:C9:39:F8:08:EA,,-86,1762075335466
39232,1762077675394.0,0adab909-eb8f-4baf-9eed-7a4cc889cb7c,00:00:AB:CD:17:9D,Airdopes 621,-75,1762077667016
39233,1762078267437.0,0adab909-eb8f-4baf-9eed-7a4cc889cb7c,56:BC:76:EC:EE:B8,,-86,1762078267003
39234,1762078870693.0,0adab909-eb8f-4baf-9eed-7a4cc889cb7c,56:BC:76:EC:EE:B8,,-84,1762078866962
39235,1762079400026.0,0adab909-eb8f-4baf-9eed-7a4cc889cb7c,58:3B:CB:4B:E3:9D,,-87,1762079400010
39236,1762080004387.0,0adab909-eb8f-4baf-9eed-7a4cc889cb7c,58:3B:CB:4B:E3:9D,,-88,1762080001237
39237,1762080602341.0,0adab909-eb8f-4baf-9eed-7a4cc889cb7c,4E:C3:43:A2:CD:B5,,-82,1762080600019
39238,1762081230008.0,0adab909-eb8f-4baf-9eed-7a4cc889cb7c,11:28:1B:E0:8B:11,,-92,1762081215735
39239,1762082432447.0,0adab909-eb8f-4baf-9eed-7a4cc889cb7c,7E:6C:C1:17:3E:B7,S41 2274 LE,-81,1762082432393
39240,1762082434699.0,0adab909-eb8f-4baf-9eed-7a4cc889cb7c,78:5E:0B:5D:82:4A,S41 2274 LE,-84,1762082432393
39241,1762082435365.0,0adab909-eb8f-4baf-9eed-7a4cc889cb7c,7F:51:B2:E6:9D:8B,,-82,1762082432393
39242,1762082436712.0,0adab909-eb8f-4baf-9eed-7a4cc889cb7c,5B:E3:94:D7:36:DB,,-90,1762082432393
39243,1762082438304.0,0adab909-eb8f-4baf-9eed-7a4cc889cb7c,51:38:B8:26:27:86,S44 3144 LE,-92,1762082432393
39244,1762082443959.0,0adab909-eb8f-4baf-9eed-7a4cc889cb7c,7E:7F:2B:23:F9:F4,,-89,1762082432393
39245,1762082446815.0,0adab909-eb8f-4baf-9eed-7a4cc889cb7c,84:C8:A0:8B:BD:3D,JBL BAR 800,-90,1762082432393
39246,1762082447276.0,0adab909-eb8f-4baf-9eed-7a4cc889cb7c,0D:7A:42:EE:6E:A0,,-87,1762082432393
39247,1762083046268.0,0adab909-eb8f-4baf-9eed-7a4cc889cb7c,5E:95:FD:22:37:6C,,-88,1762083040737
39248,1762083055183.0,0adab909-eb8f-4baf-9eed-7a4cc889cb7c,84:C8:A0:8B:BD:3D,JBL BAR 800,-81,1762083040737
39249,1762083645479.0,0adab909-eb8f-4baf-9eed-7a4cc889cb7c,84:C8:A0:8B:BD:3D,JBL BAR 800,-78,1762083630151
39250,1762084240749.0,0adab909-eb8f-4baf-9eed-7a4cc889cb7c,4C:96:8A:ED:6A:01,SPEN NA,-58,1762084240694
39251,1762084240801.0,0adab909-eb8f-4baf-9eed-7a4cc889cb7c,77:16:7A:CD:8A:76,,-82,1762084240694
39252,1762084241724.0,0adab909-eb8f-4baf-9eed-7a4cc889cb7c,4C:96:8A:ED:6A:01,SPEN NA,-62,1762084240694
39253,1762084242055.0,0adab909-eb8f-4baf-9eed-7a4cc889cb7c,4C:96:8A:ED:6A:01,SPEN NA,-58,1762084240694
39254,1762084242374.0,0adab909-eb8f-4baf-9eed-7a4cc889cb7c,4C:96:8A:ED:6A:01,SPEN NA,-65,1762084240694
39255,1762084243095.0,0adab909-eb8f-4baf-9eed-7a4cc889cb7c,4C:96:8A:ED:6A:01,SPEN NA,-62,1762084240694
39256,1762084243726.0,0adab909-eb8f-4baf-9eed-7a4cc889cb7c,4C:96:8A:ED:6A:01,SPEN NA,-58,1762084240694
39257,1762084244032.0,0adab909-eb8f-4baf-9eed-7a4cc889cb7c,4C:96:8A:ED:6A:01,SPEN NA,-63,1762084240694
39258,1762084244362.0,0adab909-eb8f-4baf-9eed-7a4cc889cb7c,4C:96:8A:ED:6A:01,SPEN NA,-60,1762084240694
39259,1762084244979.0,0adab909-eb8f-4baf-9eed-7a4cc889cb7c,4C:96:8A:ED:6A:01,SPEN NA,-58,1762084240694
39260,1762084245315.0,0adab909-eb8f-4baf-9eed-7a4cc889cb7c,4C:96:8A:ED:6A:01,SPEN NA,-60,1762084240694
39261,1762084245625.0,0adab909-eb8f-4baf-9eed-7a4cc889cb7c,4C:96:8A:ED:6A:01,SPEN NA,-62,1762084240694
39262,1762084245938.0,0adab909-eb8f-4baf-9eed-7a4cc889cb7c,4C:96:8A:ED:6A:01,SPEN NA,-58,1762084240694
39263,1762084246254.0,0adab909-eb8f-4baf-9eed-7a4cc889cb7c,4C:96:8A:ED:6A:01,SPEN NA,-65,1762084240694
39264,1762084246569.0,0adab909-eb8f-4baf-9eed-7a4cc889cb7c,4C:96:8A:ED:6A:01,SPEN NA,-58,1762084240694
39265,1762084246860.0,0adab909-eb8f-4baf-9eed-7a4cc889cb7c,4C:96:8A:ED:6A:01,SPEN NA,-62,1762084240694
39266,1762084247189.0,0adab909-eb8f-4baf-9eed-7a4cc889cb7c,4C:96:8A:ED:6A:01,SPEN NA,-65,1762084240694
39267,1762084247510.0,0adab909-eb8f-4baf-9eed-7a4cc889cb7c,4C:96:8A:ED:6A:01,SPEN NA,-62,1762084240694
39268,1762084248148.0,0adab909-eb8f-4baf-9eed-7a4cc889cb7c,4C:96:8A:ED:6A:01,SPEN NA,-60,1762084240694
39269,1762084248469.0,0adab909-eb8f-4baf-9eed-7a4cc889cb7c,4C:96:8A:ED:6A:01,SPEN NA,-62,1762084240694
39270,1762084249098.0,0adab909-eb8f-4baf-9eed-7a4cc889cb7c,4C:96:8A:ED:6A:01,SPEN NA,-65,1762084240694
39271,1762084250108.0,0adab909-eb8f-4baf-9eed-7a4cc889cb7c,4C:96:8A:ED:6A:01,SPEN NA,-65,1762084240694
39272,1762084250752.0,0adab909-eb8f-4baf-9eed-7a4cc889cb7c,4C:96:8A:ED:6A:01,SPEN NA,-62,1762084240694
39273,1762084251398.0,0adab909-eb8f-4baf-9eed-7a4cc889cb7c,4C:96:8A:ED:6A:01,SPEN NA,-58,1762084240694
39274,1762084252038.0,0adab909-eb8f-4baf-9eed-7a4cc889cb7c,4C:96:8A:ED:6A:01,SPEN NA,-60,1762084240694
39275,1762084252359.0,0adab909-eb8f-4baf-9eed-7a4cc889cb7c,4C:96:8A:ED:6A:01,SPEN NA,-64,1762084240694
39276,1762084252652.0,0adab909-eb8f-4baf-9eed-7a4cc889cb7c,4C:96:8A:ED:6A:01,SPEN NA,-65,1762084240694
39277,1762084252952.0,0adab909-eb8f-4baf-9eed-7a4cc889cb7c,4C:96:8A:ED:6A:01,SPEN NA,-65,1762084240694
39278,1762084253283.0,0adab909-eb8f-4baf-9eed-7a4cc889cb7c,4C:96:8A:ED:6A:01,SPEN NA,-62,1762084240694
39279,1762084853739.0,0adab909-eb8f-4baf-9eed-7a4cc889cb7c,77:16:7A:CD:8A:76,,-85,1762084851756
39280,1762085453121.0,0adab909-eb8f-4baf-9eed-7a4cc889cb7c,41:30:95:37:27:D0,,-83,1762085451725
39281,1762086052551.0,0adab909-eb8f-4baf-9eed-7a4cc889cb7c,41:30:95:37:27:D0,,-88,1762086051763
39282,1762086065983.0,0adab909-eb8f-4baf-9eed-7a4cc889cb7c,84:C8:A0:8B:BD:3D,JBL BAR 800,-81,1762086051763
39283,1762086626371.0,0adab909-eb8f-4baf-9eed-7a4cc889cb7c,49:63:D9:75:C9:81,,-77,1762086626354
39284,1762086626385.0,0adab909-eb8f-4baf-9eed-7a4cc889cb7c,7D:79:31:4C:8D:A1,,-91,1762086626354
39285,1762086627289.0,0adab909-eb8f-4baf-9eed-7a4cc889cb7c,48:9D:42:64:56:5E,,-91,1762086626354
39286,1762086627310.0,0adab909-eb8f-4baf-9eed-7a4cc889cb7c,40:58:99:A6:72:5A,,-85,1762086626354
39287,1762086628268.0,0adab909-eb8f-4baf-9eed-7a4cc889cb7c,51:3F:1B:0E:C9:D6,,-94,1762086626354
39288,1762086629243.0,0adab909-eb8f-4baf-9eed-7a4cc889cb7c,7F:EA:35:02:93:00,,-83,1762086626354
39289,1762086633042.0,0adab909-eb8f-4baf-9eed-7a4cc889cb7c,5C:3C:7A:4F:1A:72,,-96,1762086626354
39290,1762087225201.0,0adab909-eb8f-4baf-9eed-7a4cc889cb7c,72:62:39:00:3B:4D,,-92,1762087225104
39291,1762087225307.0,0adab909-eb8f-4baf-9eed-7a4cc889cb7c,77:66:58:00:AB:0F,,-51,1762087225104
39292,1762087225360.0,0adab909-eb8f-4baf-9eed-7a4cc889cb7c,0A:70:78:4E:14:E0,i-box Dawn,-100,1762087225104
39293,1762087225464.0,0adab909-eb8f-4baf-9eed-7a4cc889cb7c,0A:70:78:4E:14:E0,i-box Dawn,-100,1762087225104
39294,1762087225505.0,0adab909-eb8f-4baf-9eed-7a4cc889cb7c,67:88:4C:A0:E1:BC,,-66,1762087225104
39295,1762087225544.0,0adab909-eb8f-4baf-9eed-7a4cc889cb7c,7A:82:85:81:1A:F9,,-84,1762087225104
39296,1762087225567.0,0adab909-eb8f-4baf-9eed-7a4cc889cb7c,2C:3B:4B:1A:06:AD,,-71,1762087225104
39297,1762087225732.0,0adab909-eb8f-4baf-9eed-7a4cc889cb7c,30:42:25:02:6D:59,BW-1,-87,1762087225104
39298,1762087225793.0,0adab909-eb8f-4baf-9eed-7a4cc889cb7c,34:02:26:73:9B:60,,-71,1762087225104
39299,1762087225816.0,0adab909-eb8f-4baf-9eed-7a4cc889cb7c,6A:EC:78:2C:6F:40,,-83,1762087225104
39300,1762087226042.0,0adab909-eb8f-4baf-9eed-7a4cc889cb7c,59:4C:07:8A:FB:51,,-78,1762087225104
39301,1762087226072.0,0adab909-eb8f-4baf-9eed-7a4cc889cb7c,32:D9:F5:FC:B5:D7,,-76,1762087225104
39302,1762087226119.0,0adab909-eb8f-4baf-9eed-7a4cc889cb7c,46:79:78:BD:0B:70,,-81,1762087225104
39303,1762087226357.0,0adab909-eb8f-4baf-9eed-7a4cc889cb7c,50:27:74:FB:7E:F1,,-52,1762087225104
39304,1762087226385.0,0adab909-eb8f-4baf-9eed-7a4cc889cb7c,45:08:11:CE:44:CC,,-89,1762087225104
39305,1762087227060.0,0adab909-eb8f-4baf-9eed-7a4cc889cb7c,86:2A:FD:76:AE:B7,,-91,1762087225104
39306,1762087227352.0,0adab909-eb8f-4baf-9eed-7a4cc889cb7c,44:A1:B6:EA:6F:50,JBL LIVE660NC-LE,-74,1762087225104
39307,1762087227387.0,0adab909-eb8f-4baf-9eed-7a4cc889cb7c,5D:6A:69:C9:65:B3,,-87,1762087225104
39308,1762087228032.0,0adab909-eb8f-4baf-9eed-7a4cc889cb7c,49:63:D9:75:C9:81,,-78,1762087225104
39309,1762087229272.0,0adab909-eb8f-4baf-9eed-7a4cc889cb7c,1C:74:EE:1A:E2:B2,,-88,1762087225104
39310,1762087229303.0,0adab909-eb8f-4baf-9eed-7a4cc889cb7c,30:42:25:02:6D:55,BW-1,-86,1762087225104
39311,1762087229329.0,0adab909-eb8f-4baf-9eed-7a4cc889cb7c,31:DF:D7:D7:DA:C3,,-66,1762087225104
39312,1762087229881.0,0adab909-eb8f-4baf-9eed-7a4cc889cb7c,1C:6D:C5:EE:CA:BE,,-85,1762087225104
39313,1762087230258.0,0adab909-eb8f-4baf-9eed-7a4cc889cb7c,7C:C7:FF:32:01:A2,,-69,1762087225104
39314,1762087230287.0,0adab909-eb8f-4baf-9eed-7a4cc889cb7c,44:57:DE:6D:1D:70,,-83,1762087225104
39315,1762087230560.0,0adab909-eb8f-4baf-9eed-7a4cc889cb7c,77:6E:A8:25:26:3D,,-92,1762087225104
39316,1762087230934.0,0adab909-eb8f-4baf-9eed-7a4cc889cb7c,67:76:DD:33:D5:5A,,-78,1762087225104
39317,1762087231202.0,0adab909-eb8f-4baf-9eed-7a4cc889cb7c,47:32:81:65:AE:0F,,-51,1762087225104
39318,1762087234421.0,0adab909-eb8f-4baf-9eed-7a4cc889cb7c,1F:7B:2F:B8:48:F8,,-71,1762087225104
39319,1762087237636.0,0adab909-eb8f-4baf-9eed-7a4cc889cb7c,42:6B:3E:0E:97:DC,,-85,1762087225104
39320,1762087237657.0,0adab909-eb8f-4baf-9eed-7a4cc889cb7c,A2:07:00:00:2C:A6,DA03,-80,1762087225104
39321,1762087237945.0,0adab909-eb8f-4baf-9eed-7a4cc889cb7c,45:08:11:CE:44:CC,,-93,1762087225104
39322,1762087237968.0,0adab909-eb8f-4baf-9eed-7a4cc889cb7c,46:79:78:BD:0B:70,,-76,1762087225104
39323,1762087237991.0,0adab909-eb8f-4baf-9eed-7a4cc889cb7c,59:4C:07:8A:FB:51,,-72,1762087225104
39324,1762087238020.0,0adab909-eb8f-4baf-9eed-7a4cc889cb7c,46:ED:EB:49:F9:3C,,-68,1762087225104
39325,1762087238044.0,0adab909-eb8f-4baf-9eed-7a4cc889cb7c,44:A1:B6:EA:6F:50,JBL LIVE660NC-LE,-74,1762087225104
39326,1762087238069.0,0adab909-eb8f-4baf-9eed-7a4cc889cb7c,F0:59:14:AE:19:14,,-88,1762087225104
39327,1762087238094.0,0adab909-eb8f-4baf-9eed-7a4cc889cb7c,EA:42:79:0C:62:9F,b;SAR;148;102;1;156;Johannesk,-80,1762087225104
39328,1762087238145.0,0adab909-eb8f-4baf-9eed-7a4cc889cb7c,77:66:58:00:AB:0F,,-55,1762087225104
39329,1762087238167.0,0adab909-eb8f-4baf-9eed-7a4cc889cb7c,49:63:D9:75:C9:81,,-82,1762087225104
39330,1762087238188.0,0adab909-eb8f-4baf-9eed-7a4cc889cb7c,37:18:62:B9:BC:AD,,-76,1762087225104
39331,1762087238206.0,0adab909-eb8f-4baf-9eed-7a4cc889cb7c,32:D9:F5:FC:B5:D7,,-70,1762087225104
39332,1762087238224.0,0adab909-eb8f-4baf-9eed-7a4cc889cb7c,69:1E:8D:8E:A5:89,,-88,1762087225104
39333,1762087239028.0,0adab909-eb8f-4baf-9eed-7a4cc889cb7c,1C:6D:C5:EE:CA:BE,,-80,1762087225104
39334,1762087239140.0,0adab909-eb8f-4baf-9eed-7a4cc889cb7c,13:BA:5F:0D:5D:BE,,-78,1762087225104
39335,1762087239162.0,0adab909-eb8f-4baf-9eed-7a4cc889cb7c,47:32:81:65:AE:0F,,-61,1762087225104
39336,1762087239187.0,0adab909-eb8f-4baf-9eed-7a4cc889cb7c,D5:06:62:B3:04:9C,,-53,1762087225104
39337,1762087239207.0,0adab909-eb8f-4baf-9eed-7a4cc889cb7c,15:13:65:66:6D:BE,,-83,1762087225104
39338,1762087239229.0,0adab909-eb8f-4baf-9eed-7a4cc889cb7c,38:60:7E:E3:C0:5F,,-89,1762087225104
39339,1762087239264.0,0adab909-eb8f-4baf-9eed-7a4cc889cb7c,08:66:DD:E1:21:7D,,-75,1762087225104
39340,1762087240075.0,0adab909-eb8f-4baf-9eed-7a4cc889cb7c,5D:6A:69:C9:65:B3,,-83,1762087225104
39341,1762087240119.0,0adab909-eb8f-4baf-9eed-7a4cc889cb7c,7A:82:85:81:1A:F9,,-89,1762087225104
39342,1762087240161.0,0adab909-eb8f-4baf-9eed-7a4cc889cb7c,7C:C7:FF:32:01:A2,,-86,1762087225104
39343,1762087240880.0,0adab909-eb8f-4baf-9eed-7a4cc889cb7c,31:DF:D7:D7:DA:C3,,-70,1762087225104
39344,1762087948289.0,0adab909-eb8f-4baf-9eed-7a4cc889cb7c,4E:2B:E2:56:C6:5B,,-88,1762087948238
39345,1762087948328.0,0adab909-eb8f-4baf-9eed-7a4cc889cb7c,7C:D7:07:95:D7:AE,,-75,1762087948238
39346,1762087948644.0,0adab909-eb8f-4baf-9eed-7a4cc889cb7c,52:4D:A6:02:9D:69,,-56,1762087948238
39347,1762087948678.0,0adab909-eb8f-4baf-9eed-7a4cc889cb7c,0E:29:C4:03:11:4C,,-60,1762087948238
39348,1762087948721.0,0adab909-eb8f-4baf-9eed-7a4cc889cb7c,41:1B:86:9D:42:0E,,-73,1762087948238
39349,1762087948746.0,0adab909-eb8f-4baf-9eed-7a4cc889cb7c,8C:3A:7E:F1:CE:DC,Klima Verkauf,-89,1762087948238
39350,1762087948776.0,0adab909-eb8f-4baf-9eed-7a4cc889cb7c,67:76:DD:33:D5:5A,,-53,1762087948238
39351,1762087948800.0,0adab909-eb8f-4baf-9eed-7a4cc889cb7c,5C:BA:37:9B:9A:BB,,-68,1762087948238
39352,1762087948819.0,0adab909-eb8f-4baf-9eed-7a4cc889cb7c,20:0C:53:5C:86:6C,,-67,1762087948238
39353,1762087948841.0,0adab909-eb8f-4baf-9eed-7a4cc889cb7c,52:6F:FC:1F:91:D5,,-85,1762087948238
39354,1762087948983.0,0adab909-eb8f-4baf-9eed-7a4cc889cb7c,7C:D6:42:4C:36:AE,,-76,1762087948238
39355,1762087949006.0,0adab909-eb8f-4baf-9eed-7a4cc889cb7c,1C:DB:87:9F:63:67,,-67,1762087948238
39356,1762087949025.0,0adab909-eb8f-4baf-9eed-7a4cc889cb7c,52:4D:A6:02:9D:69,,-56,1762087948238
39357,1762087949259.0,0adab909-eb8f-4baf-9eed-7a4cc889cb7c,70:19:F6:90:AC:3D,,-91,1762087948238
39358,1762087949287.0,0adab909-eb8f-4baf-9eed-7a4cc889cb7c,6C:41:09:D3:67:E1,,-78,1762087948238
39359,1762087949306.0,0adab909-eb8f-4baf-9eed-7a4cc889cb7c,46:39:F2:CE:8F:FF,,-67,1762087948238
39360,1762087949329.0,0adab909-eb8f-4baf-9eed-7a4cc889cb7c,67:D0:DE:D5:5C:6D,,-68,1762087948238
39361,1762087949441.0,0adab909-eb8f-4baf-9eed-7a4cc889cb7c,A8:3E:0E:95:33:2A,,-99,1762087948238
39362,1762087949591.0,0adab909-eb8f-4baf-9eed-7a4cc889cb7c,63:51:B7:8F:44:68,,-71,1762087948238
39363,1762087949620.0,0adab909-eb8f-4baf-9eed-7a4cc889cb7c,4E:DE:E4:2F:EB:1A,,-88,1762087948238
39364,1762087949665.0,0adab909-eb8f-4baf-9eed-7a4cc889cb7c,1C:8F:52:CD:48:2F,,-77,1762087948238
39365,1762087949916.0,0adab909-eb8f-4baf-9eed-7a4cc889cb7c,8C:59:DC:F5:71:B1,642637,-87,1762087948238
39366,1762087949944.0,0adab909-eb8f-4baf-9eed-7a4cc889cb7c,52:4D:A6:02:9D:69,,-53,1762087948238
39367,1762087949968.0,0adab909-eb8f-4baf-9eed-7a4cc889cb7c,6F:4A:A6:EA:B6:87,,-64,1762087948238
39368,1762087949989.0,0adab909-eb8f-4baf-9eed-7a4cc889cb7c,7B:7C:D3:B7:8B:62,,-57,1762087948238
39369,1762087950013.0,0adab909-eb8f-4baf-9eed-7a4cc889cb7c,57:7A:87:9F:11:B7,,-78,1762087948238
39370,1762087950031.0,0adab909-eb8f-4baf-9eed-7a4cc889cb7c,A8:3E:0E:95:33:2A,Nokia 130,-92,1762087948238
39371,1762087950254.0,0adab909-eb8f-4baf-9eed-7a4cc889cb7c,4F:84:58:AB:A8:6F,,-89,1762087948238
39372,1762087950290.0,0adab909-eb8f-4baf-9eed-7a4cc889cb7c,5C:54:48:BE:D5:51,,-70,1762087948238
39373,1762087950319.0,0adab909-eb8f-4baf-9eed-7a4cc889cb7c,79:D6:0A:56:C8:E9,,-76,1762087948238
39374,1762087950351.0,0adab909-eb8f-4baf-9eed-7a4cc889cb7c,52:4D:A6:02:9D:69,,-53,1762087948238
39375,1762087950547.0,0adab909-eb8f-4baf-9eed-7a4cc889cb7c,7B:8E:C8:B3:DB:E4,,-87,1762087948238
39376,1762087950575.0,0adab909-eb8f-4baf-9eed-7a4cc889cb7c,50:9D:8A:D7:F9:5D,,-83,1762087948238
39377,1762087950593.0,0adab909-eb8f-4baf-9eed-7a4cc889cb7c,7C:75:5D:F5:B1:FB,,-80,1762087948238
39378,1762087950608.0,0adab909-eb8f-4baf-9eed-7a4cc889cb7c,6B:2F:4A:F2:DE:41,,-84,1762087948238
39379,1762087950877.0,0adab909-eb8f-4baf-9eed-7a4cc889cb7c,7D:A5:07:6C:D9:6C,,-63,1762087948238
39380,1762087951210.0,0adab909-eb8f-4baf-9eed-7a4cc889cb7c,57:13:AB:84:20:4A,,-85,1762087948238
39381,1762087951350.0,0adab909-eb8f-4baf-9eed-7a4cc889cb7c,10:CF:97:EB:D8:CE,,-88,1762087948238
39382,1762087951508.0,0adab909-eb8f-4baf-9eed-7a4cc889cb7c,4E:B9:87:A6:C8:AF,,-78,1762087948238
39383,1762087951539.0,0adab909-eb8f-4baf-9eed-7a4cc889cb7c,78:34:7C:05:67:76,,-89,1762087948238
39384,1762087951560.0,0adab909-eb8f-4baf-9eed-7a4cc889cb7c,41:70:2B:DF:BC:A4,,-90,1762087948238
39385,1762087951577.0,0adab909-eb8f-4baf-9eed-7a4cc889cb7c,62:8F:60:D5:23:F0,,-82,1762087948238
39386,1762087951592.0,0adab909-eb8f-4baf-9eed-7a4cc889cb7c,5F:A1:B7:7D:DE:E2,,-74,1762087948238
39387,1762087951607.0,0adab909-eb8f-4baf-9eed-7a4cc889cb7c,67:88:4C:A0:E1:BC,,-82,1762087948238
39388,1762087951626.0,0adab909-eb8f-4baf-9eed-7a4cc889cb7c,41:54:1F:7B:14:9E,,-82,1762087948238
39389,1762087951687.0,0adab909-eb8f-4baf-9eed-7a4cc889cb7c,46:19:0A:86:6E:29,,-88,1762087948238
39390,1762087953199.0,0adab909-eb8f-4baf-9eed-7a4cc889cb7c,74:F0:7D:A8:A1:25,,-100,1762087948238
39391,1762087955302.0,0adab909-eb8f-4baf-9eed-7a4cc889cb7c,77:0C:79:CE:5C:1E,,-80,1762087948238
39392,1762087955335.0,0adab909-eb8f-4baf-9eed-7a4cc889cb7c,45:F9:96:5E:93:09,,-90,1762087948238
39393,1762087955346.0,0adab909-eb8f-4baf-9eed-7a4cc889cb7c,52:FE:38:C2:00:AD,,-89,1762087948238
39394,1762087959195.0,0adab909-eb8f-4baf-9eed-7a4cc889cb7c,18:9C:2C:CE:3F:92,soundcore P20i,-96,1762087948238
39395,1762088404441.0,0adab909-eb8f-4baf-9eed-7a4cc889cb7c,9C:8C:6E:62:26:2F,[TV]fuck you,-84,1762088404410
39396,1762088404539.0,0adab909-eb8f-4baf-9eed-7a4cc889cb7c,E4:0C:FD:76:21:2E,,-100,1762088404410
39397,1762088404946.0,0adab909-eb8f-4baf-9eed-7a4cc889cb7c,9C:8C:6E:62:25:03,[TV] Samsung 6 Series (65),-93,1762088404410
39398,1762088405143.0,0adab909-eb8f-4baf-9eed-7a4cc889cb7c,2D:8B:A7:02:E4:FB,,-74,1762088404410
39399,1762088405166.0,0adab909-eb8f-4baf-9eed-7a4cc889cb7c,7D:AC:A6:65:5F:04,,-87,1762088404410
39400,1762088405179.0,0adab909-eb8f-4baf-9eed-7a4cc889cb7c,5C:BE:00:8C:B8:9C,,-66,1762088404410
39401,1762088405190.0,0adab909-eb8f-4baf-9eed-7a4cc889cb7c,24:25:19:92:9B:48,,-71,1762088404410
39402,1762088405202.0,0adab909-eb8f-4baf-9eed-7a4cc889cb7c,42:07:24:7B:87:BE,,-77,1762088404410
39403,1762088405213.0,0adab909-eb8f-4baf-9eed-7a4cc889cb7c,94:FB:29:66:DA:2A,DS2278 19063523402437,-84,1762088404410
39404,1762088405426.0,0adab909-eb8f-4baf-9eed-7a4cc889cb7c,72:18:B1:AB:B6:F8,,-84,1762088404410
39405,1762088405448.0,0adab909-eb8f-4baf-9eed-7a4cc889cb7c,3C:F8:83:7F:22:46,,-91,1762088404410
39406,1762088405469.0,0adab909-eb8f-4baf-9eed-7a4cc889cb7c,61:4D:91:28:40:80,,-85,1762088404410
39407,1762088405501.0,0adab909-eb8f-4baf-9eed-7a4cc889cb7c,80:8A:BD:6F:F5:8D,[TV] Samsung QHB Series,-71,1762088404410
39408,1762088406127.0,0adab909-eb8f-4baf-9eed-7a4cc889cb7c,12:D1:51:00:09:FC,,-77,1762088404410
39409,1762088406147.0,0adab909-eb8f-4baf-9eed-7a4cc889cb7c,49:9C:9D:5D:14:25,,-91,1762088404410
39410,1762088406160.0,0adab909-eb8f-4baf-9eed-7a4cc889cb7c,4A:78:B6:21:FD:E0,,-82,1762088404410
39411,1762088406418.0,0adab909-eb8f-4baf-9eed-7a4cc889cb7c,53:DF:14:08:8E:6D,,-71,1762088404410
39412,1762088406435.0,0adab909-eb8f-4baf-9eed-7a4cc889cb7c,9C:8C:6E:62:25:03,[TV] Samsung 6 Series (65),-91,1762088404410
39413,1762088406454.0,0adab909-eb8f-4baf-9eed-7a4cc889cb7c,9C:8C:6E:62:26:2F,[TV]fuck you,-99,1762088404410
39414,1762088406581.0,0adab909-eb8f-4baf-9eed-7a4cc889cb7c,00:16:A4:61:2B:76,"Stratos MAXO 25/0,5-6 (DE)",-99,1762088404410
39415,1762088407056.0,0adab909-eb8f-4baf-9eed-7a4cc889cb7c,44:FF:0C:30:72:12,,-83,1762088404410
39416,1762088407103.0,0adab909-eb8f-4baf-9eed-7a4cc889cb7c,46:9D:FB:C8:8F:35,,-81,1762088404410
39417,1762088407375.0,0adab909-eb8f-4baf-9eed-7a4cc889cb7c,55:8F:61:76:F4:F3,,-85,1762088404410
39418,1762088407390.0,0adab909-eb8f-4baf-9eed-7a4cc889cb7c,43:19:53:26:EA:47,,-83,1762088404410
39419,1762088407403.0,0adab909-eb8f-4baf-9eed-7a4cc889cb7c,4A:99:FC:EA:6D:FD,,-69,1762088404410
39420,1762088407981.0,0adab909-eb8f-4baf-9eed-7a4cc889cb7c,60:61:A1:C6:A6:0E,,-75,1762088404410
39421,1762088407998.0,0adab909-eb8f-4baf-9eed-7a4cc889cb7c,5C:AC:DB:AF:10:05,,-78,1762088404410
39422,1762088408016.0,0adab909-eb8f-4baf-9eed-7a4cc889cb7c,28:CB:D4:DC:90:EC,,-69,1762088404410
39423,1762088408032.0,0adab909-eb8f-4baf-9eed-7a4cc889cb7c,6E:ED:D8:A4:95:20,,-89,1762088404410
39424,1762088408044.0,0adab909-eb8f-4baf-9eed-7a4cc889cb7c,51:01:BC:91:F2:1B,,-80,1762088404410
39425,1762088408338.0,0adab909-eb8f-4baf-9eed-7a4cc889cb7c,1B:42:4A:E6:8A:7F,,-76,1762088404410
39426,1762088408355.0,0adab909-eb8f-4baf-9eed-7a4cc889cb7c,64:BB:08:A3:0B:B2,,-81,1762088404410
39427,1762088408372.0,0adab909-eb8f-4baf-9eed-7a4cc889cb7c,20:FC:0D:C7:AE:53,,-85,1762088404410
39428,1762088408954.0,0adab909-eb8f-4baf-9eed-7a4cc889cb7c,6B:88:A8:74:D9:17,,-79,1762088404410
39429,1762088408971.0,0adab909-eb8f-4baf-9eed-7a4cc889cb7c,53:F5:11:D4:47:D2,,-89,1762088404410
39430,1762088408983.0,0adab909-eb8f-4baf-9eed-7a4cc889cb7c,46:68:22:8D:8F:C1,,-73,1762088404410
39431,1762088409284.0,0adab909-eb8f-4baf-9eed-7a4cc889cb7c,71:9E:82:5C:B3:AA,,-84,1762088404410
39432,1762088409302.0,0adab909-eb8f-4baf-9eed-7a4cc889cb7c,44:BF:6B:AB:54:5B,,-80,1762088404410
39433,1762088409916.0,0adab909-eb8f-4baf-9eed-7a4cc889cb7c,55:BE:C6:CB:BB:60,,-78,1762088404410
39434,1762088409961.0,0adab909-eb8f-4baf-9eed-7a4cc889cb7c,65:B3:E4:49:05:48,,-89,1762088404410
39435,1762088409980.0,0adab909-eb8f-4baf-9eed-7a4cc889cb7c,5D:6A:CB:5D:B8:1E,,-91,1762088404410
39436,1762088409992.0,0adab909-eb8f-4baf-9eed-7a4cc889cb7c,76:A8:5B:E3:77:D4,,-88,1762088404410
39437,1762088410304.0,0adab909-eb8f-4baf-9eed-7a4cc889cb7c,7C:F4:76:DF:83:74,,-67,1762088404410
39438,1762088410320.0,0adab909-eb8f-4baf-9eed-7a4cc889cb7c,77:84:F4:10:A4:CB,,-88,1762088404410
39439,1762088410332.0,0adab909-eb8f-4baf-9eed-7a4cc889cb7c,51:06:B3:FD:8C:87,,-92,1762088404410
39440,1762088410889.0,0adab909-eb8f-4baf-9eed-7a4cc889cb7c,4C:F4:F3:3D:24:74,,-85,1762088404410
39441,1762088410962.0,0adab909-eb8f-4baf-9eed-7a4cc889cb7c,E4:0C:FD:76:21:2E,oppo A74,-98,1762088404410
39442,1762088411214.0,0adab909-eb8f-4baf-9eed-7a4cc889cb7c,54:AA:62:5E:90:70,,-85,1762088404410
39443,1762088411538.0,0adab909-eb8f-4baf-9eed-7a4cc889cb7c,7B:20:58:43:01:9E,,-88,1762088404410
39444,1762088411908.0,0adab909-eb8f-4baf-9eed-7a4cc889cb7c,6F:BB:31:96:71:AD,Apple Pencil,-89,1762088404410
39445,1762088411931.0,0adab909-eb8f-4baf-9eed-7a4cc889cb7c,6C:33:86:05:54:4F,,-86,1762088404410
39446,1762088412169.0,0adab909-eb8f-4baf-9eed-7a4cc889cb7c,0B:E1:2C:33:33:35,,-89,1762088404410
39447,1762088412191.0,0adab909-eb8f-4baf-9eed-7a4cc889cb7c,4E:E9:06:E0:B1:D4,,-85,1762088404410
39448,1762088412510.0,0adab909-eb8f-4baf-9eed-7a4cc889cb7c,43:2A:A0:5C:6D:C6,,-90,1762088404410
39449,1762088413140.0,0adab909-eb8f-4baf-9eed-7a4cc889cb7c,6B:5C:61:09:B4:7A,,-67,1762088404410
39450,1762088413167.0,0adab909-eb8f-4baf-9eed-7a4cc889cb7c,1C:2C:34:5A:6D:88,,-86,1762088404410
39451,1762088413181.0,0adab909-eb8f-4baf-9eed-7a4cc889cb7c,60:95:32:48:DC:13,D9J251527725,-90,1762088404410
39452,1762088413193.0,0adab909-eb8f-4baf-9eed-7a4cc889cb7c,40:67:0B:52:48:A0,,-76,1762088404410
39453,1762088413472.0,0adab909-eb8f-4baf-9eed-7a4cc889cb7c,6D:90:A4:BB:6B:4C,,-73,1762088404410
39454,1762088413494.0,0adab909-eb8f-4baf-9eed-7a4cc889cb7c,43:13:5E:98:B6:29,,-76,1762088404410
39455,1762088413854.0,0adab909-eb8f-4baf-9eed-7a4cc889cb7c,08:61:BB:25:BE:2C,,-90,1762088404410
39456,1762088413872.0,0adab909-eb8f-4baf-9eed-7a4cc889cb7c,00:16:A4:61:2B:76,"Stratos MAXO 25/0,5-6 (DE)",-82,1762088404410
39457,1762088414750.0,0adab909-eb8f-4baf-9eed-7a4cc889cb7c,5D:F0:8E:F0:54:E2,,-67,1762088404410
39458,1762088414770.0,0adab909-eb8f-4baf-9eed-7a4cc889cb7c,6D:CD:F6:4A:37:4D,,-72,1762088404410
39459,1762088416032.0,0adab909-eb8f-4baf-9eed-7a4cc889cb7c,38:18:4C:D4:6B:E6,LE_WH-1000XM3,-85,1762088404410
39460,1762088416051.0,0adab909-eb8f-4baf-9eed-7a4cc889cb7c,54:ED:01:63:F9:0F,,-84,1762088404410
39461,1762088416939.0,0adab909-eb8f-4baf-9eed-7a4cc889cb7c,56:DF:D5:EA:4A:13,,-93,1762088404410
39462,1762089021901.0,0adab909-eb8f-4baf-9eed-7a4cc889cb7c,5E:16:22:3D:00:9C,,-76,1762089021870
39463,1762089021926.0,0adab909-eb8f-4baf-9eed-7a4cc889cb7c,01:1E:6A:BD:09:B5,,-83,1762089021870
39464,1762089021949.0,0adab909-eb8f-4baf-9eed-7a4cc889cb7c,79:31:04:F2:DE:20,,-88,1762089021870
39465,1762089021972.0,0adab909-eb8f-4baf-9eed-7a4cc889cb7c,56:C3:E6:45:EC:E1,,-86,1762089021870
39466,1762089022280.0,0adab909-eb8f-4baf-9eed-7a4cc889cb7c,5F:81:A6:E2:7C:30,,-79,1762089021870
39467,1762089022301.0,0adab909-eb8f-4baf-9eed-7a4cc889cb7c,D6:B1:55:0C:79:0A,,-94,1762089021870
39468,1762089022319.0,0adab909-eb8f-4baf-9eed-7a4cc889cb7c,28:6F:BF:93:48:8C,,-72,1762089021870
39469,1762089022339.0,0adab909-eb8f-4baf-9eed-7a4cc889cb7c,54:AF:49:BE:90:D7,,-74,1762089021870
39470,1762089022593.0,0adab909-eb8f-4baf-9eed-7a4cc889cb7c,4F:D8:96:0A:0D:DB,,-89,1762089021870
39471,1762089022624.0,0adab909-eb8f-4baf-9eed-7a4cc889cb7c,58:5A:A9:75:8C:83,,-85,1762089021870
39472,1762089022909.0,0adab909-eb8f-4baf-9eed-7a4cc889cb7c,15:8A:C3:C8:41:A6,,-49,1762089021870
39473,1762089022933.0,0adab909-eb8f-4baf-9eed-7a4cc889cb7c,3A:DE:B3:B2:D0:A8,,-49,1762089021870
39474,1762089022946.0,0adab909-eb8f-4baf-9eed-7a4cc889cb7c,68:FE:DA:5A:45:62,,-79,1762089021870
39475,1762089023457.0,0adab909-eb8f-4baf-9eed-7a4cc889cb7c,7E:17:46:39:A9:21,,-99,1762089021870
39476,1762089023524.0,0adab909-eb8f-4baf-9eed-7a4cc889cb7c,6B:D2:E1:19:F6:9B,,-74,1762089021870
39477,1762089023540.0,0adab909-eb8f-4baf-9eed-7a4cc889cb7c,71:05:55:7B:AC:A6,,-58,1762089021870
39478,1762089023567.0,0adab909-eb8f-4baf-9eed-7a4cc889cb7c,64:BB:08:A3:0B:B2,,-92,1762089021870
39479,1762089023726.0,0adab909-eb8f-4baf-9eed-7a4cc889cb7c,7E:17:46:39:A9:21,Gigaset GX290,-99,1762089021870
39480,1762089023869.0,0adab909-eb8f-4baf-9eed-7a4cc889cb7c,47:BE:99:89:AA:B8,,-86,1762089021870
39481,1762089023893.0,0adab909-eb8f-4baf-9eed-7a4cc889cb7c,51:38:54:88:75:4E,,-88,1762089021870
39482,1762089024540.0,0adab909-eb8f-4baf-9eed-7a4cc889cb7c,7A:89:0F:2C:46:73,,-84,1762089021870
39483,1762089024563.0,0adab909-eb8f-4baf-9eed-7a4cc889cb7c,46:81:B1:F8:86:61,,-61,1762089021870
39484,1762089024575.0,0adab909-eb8f-4baf-9eed-7a4cc889cb7c,7A:FC:FF:F8:24:FF,,-89,1762089021870
39485,1762089024585.0,0adab909-eb8f-4baf-9eed-7a4cc889cb7c,55:BE:C6:CB:BB:60,,-82,1762089021870
39486,1762089024840.0,0adab909-eb8f-4baf-9eed-7a4cc889cb7c,33:C0:21:C4:2E:07,,-80,1762089021870
39487,1762089025172.0,0adab909-eb8f-4baf-9eed-7a4cc889cb7c,15:3B:69:DA:D5:83,,-66,1762089021870
39488,1762089025199.0,0adab909-eb8f-4baf-9eed-7a4cc889cb7c,74:D0:68:79:B4:E4,,-78,1762089021870
39489,1762089026094.0,0adab909-eb8f-4baf-9eed-7a4cc889cb7c,46:81:FC:1C:F1:3E,,-80,1762089021870
39490,1762089026462.0,0adab909-eb8f-4baf-9eed-7a4cc889cb7c,4B:D0:D6:AA:30:9E,,-88,1762089021870
39491,1762089027403.0,0adab909-eb8f-4baf-9eed-7a4cc889cb7c,74:B6:38:CE:04:B3,,-72,1762089021870
39492,1762089028393.0,0adab909-eb8f-4baf-9eed-7a4cc889cb7c,58:7D:BE:67:8F:42,,-70,1762089021870
39493,1762089028680.0,0adab909-eb8f-4baf-9eed-7a4cc889cb7c,6B:07:CB:EF:BC:20,,-83,1762089021870
39494,1762089028967.0,0adab909-eb8f-4baf-9eed-7a4cc889cb7c,6D:D3:E3:80:FA:3E,,-80,1762089021870
39495,1762089029623.0,0adab909-eb8f-4baf-9eed-7a4cc889cb7c,5F:BF:94:9C:F6:F4,,-81,1762089021870
39496,1762089029644.0,0adab909-eb8f-4baf-9eed-7a4cc889cb7c,6A:12:85:FE:22:DC,,-71,1762089021870
39497,1762089030302.0,0adab909-eb8f-4baf-9eed-7a4cc889cb7c,58:65:20:5F:92:18,,-87,1762089021870
39498,1762089030564.0,0adab909-eb8f-4baf-9eed-7a4cc889cb7c,73:63:38:EC:70:CD,,-88,1762089021870
39499,1762089031221.0,0adab909-eb8f-4baf-9eed-7a4cc889cb7c,6E:ED:D8:A4:95:20,,-71,1762089021870
39500,1762089031243.0,0adab909-eb8f-4baf-9eed-7a4cc889cb7c,7D:62:4F:BF:09:1A,,-87,1762089021870
39501,1762089031590.0,0adab909-eb8f-4baf-9eed-7a4cc889cb7c,52:9C:EB:0A:E4:F3,,-76,1762089021870
39502,1762089031609.0,0adab909-eb8f-4baf-9eed-7a4cc889cb7c,56:32:38:76:F9:F7,,-94,1762089021870
39503,1762089031621.0,0adab909-eb8f-4baf-9eed-7a4cc889cb7c,68:4C:6C:09:EA:F7,,-69,1762089021870
39504,1762089031631.0,0adab909-eb8f-4baf-9eed-7a4cc889cb7c,63:CA:41:CB:A9:E3,,-93,1762089021870
39505,1762089032520.0,0adab909-eb8f-4baf-9eed-7a4cc889cb7c,53:56:C9:3C:3A:05,,-92,1762089021870
39506,1762089032538.0,0adab909-eb8f-4baf-9eed-7a4cc889cb7c,54:55:70:D5:4C:E2,,-82,1762089021870
39507,1762089032549.0,0adab909-eb8f-4baf-9eed-7a4cc889cb7c,06:88:8B:07:56:88,,-87,1762089021870
39508,1762089033195.0,0adab909-eb8f-4baf-9eed-7a4cc889cb7c,59:2A:33:48:40:3C,,-81,1762089021870
39509,1762089034454.0,0adab909-eb8f-4baf-9eed-7a4cc889cb7c,79:CD:51:3A:5D:13,,-89,1762089021870
39510,1762089589644.0,0adab909-eb8f-4baf-9eed-7a4cc889cb7c,56:4F:A4:24:6C:68,,-87,1762089589624
39511,1762089589660.0,0adab909-eb8f-4baf-9eed-7a4cc889cb7c,72:57:8C:73:01:91,,-85,1762089589624
39512,1762089589674.0,0adab909-eb8f-4baf-9eed-7a4cc889cb7c,49:14:E6:D1:8F:DF,,-70,1762089589624
39513,1762089589695.0,0adab909-eb8f-4baf-9eed-7a4cc889cb7c,74:F9:94:39:9B:3F,,-73,1762089589624
39514,1762089589722.0,0adab909-eb8f-4baf-9eed-7a4cc889cb7c,9C:8C:6E:62:25:03,[TV] Samsung 6 Series (65),-71,1762089589624
39515,1762089589733.0,0adab909-eb8f-4baf-9eed-7a4cc889cb7c,59:17:A4:CF:72:4A,,-73,1762089589624
39516,1762089589749.0,0adab909-eb8f-4baf-9eed-7a4cc889cb7c,67:78:21:2D:4F:76,,-70,1762089589624
39517,1762089590020.0,0adab909-eb8f-4baf-9eed-7a4cc889cb7c,12:A3:76:FF:77:04,,-84,1762089589624
39518,1762089590042.0,0adab909-eb8f-4baf-9eed-7a4cc889cb7c,39:57:40:35:AC:08,,-59,1762089589624
39519,1762089590059.0,0adab909-eb8f-4baf-9eed-7a4cc889cb7c,1E:9E:90:38:77:2D,,-64,1762089589624
39520,1762089590073.0,0adab909-eb8f-4baf-9eed-7a4cc889cb7c,66:29:99:D0:CD:62,,-78,1762089589624
39521,1762089590087.0,0adab909-eb8f-4baf-9eed-7a4cc889cb7c,43:39:FC:19:57:27,,-88,1762089589624
39522,1762089590166.0,0adab909-eb8f-4baf-9eed-7a4cc889cb7c,9C:8C:6E:62:25:03,[TV] Samsung 6 Series (65),-92,1762089589624
39523,1762089590353.0,0adab909-eb8f-4baf-9eed-7a4cc889cb7c,B0:38:E2:9D:AB:6B,,-64,1762089589624
39524,1762089590372.0,0adab909-eb8f-4baf-9eed-7a4cc889cb7c,47:4F:DA:65:B7:A3,,-72,1762089589624
39525,1762089590387.0,0adab909-eb8f-4baf-9eed-7a4cc889cb7c,7C:AF:C7:23:B9:13,,-84,1762089589624
39526,1762089590399.0,0adab909-eb8f-4baf-9eed-7a4cc889cb7c,6A:8A:41:92:35:31,,-78,1762089589624
39527,1762089590463.0,0adab909-eb8f-4baf-9eed-7a4cc889cb7c,7C:C9:5E:4B:DC:1B,Redmi Buds 3 Lite,-69,1762089589624
39528,1762089590565.0,0adab909-eb8f-4baf-9eed-7a4cc889cb7c,80:8A:BD:6F:F5:8D,[TV] Samsung QHB Series,-88,1762089589624
39529,1762089590643.0,0adab909-eb8f-4baf-9eed-7a4cc889cb7c,62:11:F6:EF:DB:D0,,-88,1762089589624
39530,1762089590663.0,0adab909-eb8f-4baf-9eed-7a4cc889cb7c,5B:4D:22:E9:B5:CF,,-75,1762089589624
39531,1762089590677.0,0adab909-eb8f-4baf-9eed-7a4cc889cb7c,6B:29:C4:BE:8B:91,,-87,1762089589624
39532,1762089590691.0,0adab909-eb8f-4baf-9eed-7a4cc889cb7c,45:B3:8D:32:AD:5D,,-75,1762089589624
39533,1762089590704.0,0adab909-eb8f-4baf-9eed-7a4cc889cb7c,3B:EF:7A:50:3F:58,,-88,1762089589624
39534,1762089590960.0,0adab909-eb8f-4baf-9eed-7a4cc889cb7c,7A:89:0F:2C:46:73,,-71,1762089589624
39535,1762089590980.0,0adab909-eb8f-4baf-9eed-7a4cc889cb7c,70:BE:84:9B:EF:CE,,-82,1762089589624
39536,1762089590995.0,0adab909-eb8f-4baf-9eed-7a4cc889cb7c,5B:6C:76:31:63:C5,,-80,1762089589624
39537,1762089591008.0,0adab909-eb8f-4baf-9eed-7a4cc889cb7c,60:95:32:48:DC:13,D9J251527725,-92,1762089589624
39538,1762089591022.0,0adab909-eb8f-4baf-9eed-7a4cc889cb7c,3C:E9:98:45:FE:16,,-84,1762089589624
39539,1762089591035.0,0adab909-eb8f-4baf-9eed-7a4cc889cb7c,4E:6D:63:72:BC:11,,-74,1762089589624
39540,1762089591049.0,0adab909-eb8f-4baf-9eed-7a4cc889cb7c,71:BE:F3:0A:45:94,,-85,1762089589624
39541,1762089591060.0,0adab909-eb8f-4baf-9eed-7a4cc889cb7c,55:58:CA:E0:01:AF,,-79,1762089589624
39542,1762089591070.0,0adab909-eb8f-4baf-9eed-7a4cc889cb7c,9C:8C:6E:62:26:2F,[TV]fuck you,-91,1762089589624
39543,1762089591081.0,0adab909-eb8f-4baf-9eed-7a4cc889cb7c,C0:3D:03:73:C6:24,,-100,1762089589624
39544,1762089591312.0,0adab909-eb8f-4baf-9eed-7a4cc889cb7c,68:4C:6C:09:EA:F7,,-70,1762089589624
39545,1762089591349.0,0adab909-eb8f-4baf-9eed-7a4cc889cb7c,51:3C:27:E2:77:7B,,-79,1762089589624
39546,1762089591378.0,0adab909-eb8f-4baf-9eed-7a4cc889cb7c,9C:8C:6E:62:26:2F,[TV]fuck you,-75,1762089589624
39547,1762089591602.0,0adab909-eb8f-4baf-9eed-7a4cc889cb7c,6C:F3:88:59:1A:25,,-90,1762089589624
39548,1762089591622.0,0adab909-eb8f-4baf-9eed-7a4cc889cb7c,47:BE:99:89:AA:B8,,-81,1762089589624
39549,1762089591637.0,0adab909-eb8f-4baf-9eed-7a4cc889cb7c,1C:2F:13:0C:D3:BC,,-78,1762089589624
39550,1762089591650.0,0adab909-eb8f-4baf-9eed-7a4cc889cb7c,7D:62:4F:BF:09:1A,,-89,1762089589624
39551,1762089591833.0,0adab909-eb8f-4baf-9eed-7a4cc889cb7c,3C:B0:ED:40:6E:52,CMF Watch Pro 2-6E52,-92,1762089589624
39552,1762089591920.0,0adab909-eb8f-4baf-9eed-7a4cc889cb7c,2E:8C:D8:F7:46:33,,-66,1762089589624
39553,1762089591944.0,0adab909-eb8f-4baf-9eed-7a4cc889cb7c,4E:54:57:A4:5D:BA,,-73,1762089589624
39554,1762089591964.0,0adab909-eb8f-4baf-9eed-7a4cc889cb7c,5C:16:A3:E8:30:49,,-81,1762089589624
39555,1762089591980.0,0adab909-eb8f-4baf-9eed-7a4cc889cb7c,74:1F:74:90:6E:42,,-82,1762089589624
39556,1762089591990.0,0adab909-eb8f-4baf-9eed-7a4cc889cb7c,5C:74:FA:0D:9C:15,,-82,1762089589624
39557,1762089592001.0,0adab909-eb8f-4baf-9eed-7a4cc889cb7c,10:64:2B:B6:0C:5C,,-90,1762089589624
39558,1762089592011.0,0adab909-eb8f-4baf-9eed-7a4cc889cb7c,78:03:6B:98:06:D2,,-74,1762089589624
39559,1762089592091.0,0adab909-eb8f-4baf-9eed-7a4cc889cb7c,C0:3D:03:73:C6:24,Galaxy A41 von Thorsten,-100,1762089589624
39560,1762089592163.0,0adab909-eb8f-4baf-9eed-7a4cc889cb7c,80:8A:BD:6F:F5:8D,[TV] Samsung QHB Series,-98,1762089589624
39561,1762089592269.0,0adab909-eb8f-4baf-9eed-7a4cc889cb7c,6C:18:D3:C3:1E:5B,,-56,1762089589624
39562,1762089592285.0,0adab909-eb8f-4baf-9eed-7a4cc889cb7c,5C:FD:69:87:B3:01,,-70,1762089589624
39563,1762089592300.0,0adab909-eb8f-4baf-9eed-7a4cc889cb7c,6E:1E:DC:99:93:99,,-91,1762089589624
39564,1762089592315.0,0adab909-eb8f-4baf-9eed-7a4cc889cb7c,48:41:32:32:E6:93,,-69,1762089589624
39565,1762089592327.0,0adab909-eb8f-4baf-9eed-7a4cc889cb7c,14:13:0B:19:C7:12,,-81,1762089589624
39566,1762089592337.0,0adab909-eb8f-4baf-9eed-7a4cc889cb7c,62:C7:12:5B:DD:F3,,-76,1762089589624
39567,1762089592603.0,0adab909-eb8f-4baf-9eed-7a4cc889cb7c,73:75:CD:AD:3C:AE,,-79,1762089589624
39568,1762089592640.0,0adab909-eb8f-4baf-9eed-7a4cc889cb7c,75:9C:3D:57:03:DE,,-72,1762089589624
39569,1762089592799.0,0adab909-eb8f-4baf-9eed-7a4cc889cb7c,4C:50:F1:55:E4:C0,,-100,1762089589624
39570,1762089592919.0,0adab909-eb8f-4baf-9eed-7a4cc889cb7c,5A:C2:3F:90:AE:60,,-91,1762089589624
39571,1762089592941.0,0adab909-eb8f-4baf-9eed-7a4cc889cb7c,65:26:B1:44:D9:8B,,-74,1762089589624
39572,1762089592955.0,0adab909-eb8f-4baf-9eed-7a4cc889cb7c,76:F3:0E:BF:EF:9B,,-77,1762089589624
39573,1762089592966.0,0adab909-eb8f-4baf-9eed-7a4cc889cb7c,1F:17:19:E1:BE:B5,,-85,1762089589624
39574,1762089593244.0,0adab909-eb8f-4baf-9eed-7a4cc889cb7c,6E:21:DA:CF:D1:28,,-61,1762089589624
39575,1762089593267.0,0adab909-eb8f-4baf-9eed-7a4cc889cb7c,4F:88:CC:FB:06:61,,-82,1762089589624
39576,1762089593282.0,0adab909-eb8f-4baf-9eed-7a4cc889cb7c,3F:C4:EC:28:0A:1A,,-88,1762089589624
39577,1762089593519.0,0adab909-eb8f-4baf-9eed-7a4cc889cb7c,5C:B6:12:8D:4F:26,,-88,1762089589624
39578,1762089593540.0,0adab909-eb8f-4baf-9eed-7a4cc889cb7c,42:F2:60:85:2B:DA,,-83,1762089589624
39579,1762089593557.0,0adab909-eb8f-4baf-9eed-7a4cc889cb7c,46:EB:B0:39:65:B4,,-81,1762089589624
39580,1762089593570.0,0adab909-eb8f-4baf-9eed-7a4cc889cb7c,79:43:C6:1D:7D:5F,,-77,1762089589624
39581,1762089593791.0,0adab909-eb8f-4baf-9eed-7a4cc889cb7c,6C:A4:32:F9:DB:29,SWC-185,-100,1762089589624
39582,1762089593818.0,0adab909-eb8f-4baf-9eed-7a4cc889cb7c,6E:A1:CF:2B:41:E8,,-80,1762089589624
39583,1762089593919.0,0adab909-eb8f-4baf-9eed-7a4cc889cb7c,01:86:7D:10:9F:62,,-69,1762089589624
39584,1762089594193.0,0adab909-eb8f-4baf-9eed-7a4cc889cb7c,5D:CD:A4:05:DD:FA,,-86,1762089589624
39585,1762089594478.0,0adab909-eb8f-4baf-9eed-7a4cc889cb7c,CC:E6:86:F0:5C:A0,A05s de j.p,-93,1762089589624
39586,1762089594500.0,0adab909-eb8f-4baf-9eed-7a4cc889cb7c,33:B3:DE:C7:13:AF,,-71,1762089589624
39587,1762089594514.0,0adab909-eb8f-4baf-9eed-7a4cc889cb7c,66:EF:4F:8B:D2:F3,,-76,1762089589624
39588,1762089594526.0,0adab909-eb8f-4baf-9eed-7a4cc889cb7c,52:93:DC:9F:2F:B3,,-91,1762089589624
39589,1762089594538.0,0adab909-eb8f-4baf-9eed-7a4cc889cb7c,43:C3:53:C1:11:1D,,-87,1762089589624
39590,1762089594653.0,0adab909-eb8f-4baf-9eed-7a4cc889cb7c,4C:50:F1:55:E4:C0,OPPO A16,-94,1762089589624
39591,1762089594812.0,0adab909-eb8f-4baf-9eed-7a4cc889cb7c,46:FD:5E:05:32:2E,,-68,1762089589624
39592,1762089595162.0,0adab909-eb8f-4baf-9eed-7a4cc889cb7c,44:D6:38:6F:5B:79,,-71,1762089589624
39593,1762089595210.0,0adab909-eb8f-4baf-9eed-7a4cc889cb7c,5E:2B:22:A5:98:FE,,-78,1762089589624
39594,1762089595230.0,0adab909-eb8f-4baf-9eed-7a4cc889cb7c,3F:5E:B7:12:9B:1B,,-89,1762089589624
39595,1762089595243.0,0adab909-eb8f-4baf-9eed-7a4cc889cb7c,64:B5:C4:8A:36:09,,-89,1762089589624
39596,1762089596102.0,0adab909-eb8f-4baf-9eed-7a4cc889cb7c,7E:24:2E:71:B4:DA,,-70,1762089589624
39597,1762089596120.0,0adab909-eb8f-4baf-9eed-7a4cc889cb7c,5F:BD:99:EB:80:A2,,-86,1762089589624
39598,1762089596133.0,0adab909-eb8f-4baf-9eed-7a4cc889cb7c,59:07:D9:77:3C:1D,,-88,1762089589624
39599,1762089596144.0,0adab909-eb8f-4baf-9eed-7a4cc889cb7c,60:C2:79:92:F9:3C,,-79,1762089589624
39600,1762089596421.0,0adab909-eb8f-4baf-9eed-7a4cc889cb7c,63:5A:2D:B1:D2:72,,-85,1762089589624
39601,1762089597084.0,0adab909-eb8f-4baf-9eed-7a4cc889cb7c,76:06:B9:BD:4F:61,,-88,1762089589624
39602,1762089597103.0,0adab909-eb8f-4baf-9eed-7a4cc889cb7c,35:AD:E0:BA:4E:2B,,-71,1762089589624
39603,1762089597118.0,0adab909-eb8f-4baf-9eed-7a4cc889cb7c,6E:38:63:D8:30:D2,,-88,1762089589624
39604,1762089597133.0,0adab909-eb8f-4baf-9eed-7a4cc889cb7c,16:CC:14:22:FC:E5,,-80,1762089589624
39605,1762089597354.0,0adab909-eb8f-4baf-9eed-7a4cc889cb7c,4B:4A:68:EA:51:2A,,-92,1762089589624
39606,1762089597403.0,0adab909-eb8f-4baf-9eed-7a4cc889cb7c,58:10:08:A5:7F:8B,,-69,1762089589624
39607,1762089597428.0,0adab909-eb8f-4baf-9eed-7a4cc889cb7c,0A:40:D9:DB:22:90,,-85,1762089589624
39608,1762089598023.0,0adab909-eb8f-4baf-9eed-7a4cc889cb7c,3E:01:C7:71:01:5F,,-74,1762089589624
39609,1762089598361.0,0adab909-eb8f-4baf-9eed-7a4cc889cb7c,67:99:FE:73:D2:08,,-69,1762089589624
39610,1762089598383.0,0adab909-eb8f-4baf-9eed-7a4cc889cb7c,EC:47:0C:0B:F2:73,Manager,-77,1762089589624
39611,1762089598395.0,0adab909-eb8f-4baf-9eed-7a4cc889cb7c,40:7C:C3:57:2F:3A,,-83,1762089589624
39612,1762089598711.0,0adab909-eb8f-4baf-9eed-7a4cc889cb7c,73:E6:77:A4:1D:2D,,-81,1762089589624
39613,1762089598995.0,0adab909-eb8f-4baf-9eed-7a4cc889cb7c,04:35:B7:E1:05:FB,,-87,1762089589624
39614,1762089599322.0,0adab909-eb8f-4baf-9eed-7a4cc889cb7c,54:9C:C7:18:10:7C,,-87,1762089589624
39615,1762089599348.0,0adab909-eb8f-4baf-9eed-7a4cc889cb7c,6A:4C:94:CC:BD:C8,,-76,1762089589624
39616,1762089599363.0,0adab909-eb8f-4baf-9eed-7a4cc889cb7c,70:C4:8D:40:7B:E9,,-77,1762089589624
39617,1762089599624.0,0adab909-eb8f-4baf-9eed-7a4cc889cb7c,71:49:EF:C4:1D:C2,,-89,1762089589624
39618,1762089599648.0,0adab909-eb8f-4baf-9eed-7a4cc889cb7c,79:94:E6:75:36:10,,-89,1762089589624
39619,1762089599944.0,0adab909-eb8f-4baf-9eed-7a4cc889cb7c,6B:EA:E9:B9:0D:BA,,-89,1762089589624
39620,1762089600288.0,0adab909-eb8f-4baf-9eed-7a4cc889cb7c,A2:40:70:80:26:82,,-100,1762089589624
39621,1762089600311.0,0adab909-eb8f-4baf-9eed-7a4cc889cb7c,3F:5D:15:54:D2:0A,,-82,1762089589624
39622,1762089600323.0,0adab909-eb8f-4baf-9eed-7a4cc889cb7c,50:24:F4:1F:B6:4E,,-86,1762089589624
39623,1762089600336.0,0adab909-eb8f-4baf-9eed-7a4cc889cb7c,2C:41:BF:37:26:0A,,-81,1762089589624
39624,1762089600350.0,0adab909-eb8f-4baf-9eed-7a4cc889cb7c,79:44:01:37:5B:F4,,-78,1762089589624
39625,1762089600911.0,0adab909-eb8f-4baf-9eed-7a4cc889cb7c,5B:1B:CB:15:0B:18,,-72,1762089589624
39626,1762089600932.0,0adab909-eb8f-4baf-9eed-7a4cc889cb7c,69:40:63:3D:08:88,,-86,1762089589624
39627,1762089601216.0,0adab909-eb8f-4baf-9eed-7a4cc889cb7c,6E:23:DB:7E:FC:B6,,-76,1762089589624
39628,1762089601615.0,0adab909-eb8f-4baf-9eed-7a4cc889cb7c,62:C7:29:6C:49:F0,,-75,1762089589624
39629,1762089601631.0,0adab909-eb8f-4baf-9eed-7a4cc889cb7c,53:F4:0C:E8:5D:69,,-79,1762089589624
39630,1762089601832.0,0adab909-eb8f-4baf-9eed-7a4cc889cb7c,10:68:38:5C:52:84,xpac-84F64C020901,-91,1762089589624
39631,1762089601852.0,0adab909-eb8f-4baf-9eed-7a4cc889cb7c,39:CD:D9:A3:0B:8D,,-92,1762089589624
39632,1762089602184.0,0adab909-eb8f-4baf-9eed-7a4cc889cb7c,40:57:B9:C5:74:BB,,-70,1762089589624
39633,1762089602993.0,0adab909-eb8f-4baf-9eed-7a4cc889cb7c,A2:40:70:80:26:82,S2 PLUS,-100,1762089589624
39634,1762090218884.0,0adab909-eb8f-4baf-9eed-7a4cc889cb7c,B0:38:E2:65:2C:BF,,-50,1762090218878
39635,1762090218905.0,0adab909-eb8f-4baf-9eed-7a4cc889cb7c,76:65:87:92:69:81,,-48,1762090218878
39636,1762090218920.0,0adab909-eb8f-4baf-9eed-7a4cc889cb7c,46:A1:E4:50:28:16,,-81,1762090218878
39637,1762090218931.0,0adab909-eb8f-4baf-9eed-7a4cc889cb7c,75:45:24:D3:CA:FD,,-66,1762090218878
39638,1762090218944.0,0adab909-eb8f-4baf-9eed-7a4cc889cb7c,42:80:D1:B4:5D:84,,-88,1762090218878
39639,1762090218958.0,0adab909-eb8f-4baf-9eed-7a4cc889cb7c,70:66:90:3B:D0:EF,,-46,1762090218878
39640,1762090218971.0,0adab909-eb8f-4baf-9eed-7a4cc889cb7c,7F:59:7D:B3:AB:46,,-72,1762090218878
39641,1762090218984.0,0adab909-eb8f-4baf-9eed-7a4cc889cb7c,67:B1:FA:05:5C:6C,,-66,1762090218878
39642,1762090219248.0,0adab909-eb8f-4baf-9eed-7a4cc889cb7c,5C:2F:EB:85:7D:C4,,-67,1762090218878
39643,1762090219269.0,0adab909-eb8f-4baf-9eed-7a4cc889cb7c,5B:5D:E6:9A:C7:43,,-72,1762090218878
39644,1762090219329.0,0adab909-eb8f-4baf-9eed-7a4cc889cb7c,DA:FF:3F:01:37:EE,S53,-100,1762090218878
39645,1762090219574.0,0adab909-eb8f-4baf-9eed-7a4cc889cb7c,5B:C7:7B:A5:F5:56,,-79,1762090218878
39646,1762090219602.0,0adab909-eb8f-4baf-9eed-7a4cc889cb7c,B0:38:E2:64:A4:08,,-86,1762090218878
39647,1762090219621.0,0adab909-eb8f-4baf-9eed-7a4cc889cb7c,7D:E1:88:BB:2B:BF,,-74,1762090218878
39648,1762090219634.0,0adab909-eb8f-4baf-9eed-7a4cc889cb7c,7C:93:D1:B1:2D:B9,JBL TUNE130NC TWS-LE,-78,1762090218878
39649,1762090219873.0,0adab909-eb8f-4baf-9eed-7a4cc889cb7c,47:5B:15:FE:19:D0,,-75,1762090218878
39650,1762090220217.0,0adab909-eb8f-4baf-9eed-7a4cc889cb7c,52:80:60:A5:2A:47,,-88,1762090218878
39651,1762090220532.0,0adab909-eb8f-4baf-9eed-7a4cc889cb7c,6B:09:0C:97:64:C1,,-82,1762090218878
39652,1762090220857.0,0adab909-eb8f-4baf-9eed-7a4cc889cb7c,42:41:7B:D7:AB:B1,,-58,1762090218878
39653,1762090220878.0,0adab909-eb8f-4baf-9eed-7a4cc889cb7c,60:6E:8E:60:52:85,,-55,1762090218878
39654,1762090220889.0,0adab909-eb8f-4baf-9eed-7a4cc889cb7c,6B:CB:E0:1B:3D:EA,,-91,1762090218878
39655,1762090221194.0,0adab909-eb8f-4baf-9eed-7a4cc889cb7c,66:43:16:65:2F:03,,-79,1762090218878
39656,1762090221211.0,0adab909-eb8f-4baf-9eed-7a4cc889cb7c,41:9F:A3:C6:A8:8B,,-58,1762090218878
39657,1762090221503.0,0adab909-eb8f-4baf-9eed-7a4cc889cb7c,77:E3:37:85:C8:C7,,-82,1762090218878
39658,1762090221517.0,0adab909-eb8f-4baf-9eed-7a4cc889cb7c,70:7A:48:3C:C8:62,,-78,1762090218878
39659,1762090221798.0,0adab909-eb8f-4baf-9eed-7a4cc889cb7c,6B:49:07:D5:1F:54,,-66,1762090218878
39660,1762090221814.0,0adab909-eb8f-4baf-9eed-7a4cc889cb7c,54:67:06:AB:8C:20,,-95,1762090218878
39661,1762090221826.0,0adab909-eb8f-4baf-9eed-7a4cc889cb7c,4B:4B:00:C4:5B:E4,,-87,1762090218878
39662,1762090221837.0,0adab909-eb8f-4baf-9eed-7a4cc889cb7c,77:98:1A:A5:C3:85,,-83,1762090218878
39663,1762090221848.0,0adab909-eb8f-4baf-9eed-7a4cc889cb7c,51:4C:6E:C9:B1:37,,-79,1762090218878
39664,1762090222130.0,0adab909-eb8f-4baf-9eed-7a4cc889cb7c,71:1B:FD:7E:71:B8,,-90,1762090218878
39665,1762090222467.0,0adab909-eb8f-4baf-9eed-7a4cc889cb7c,52:05:16:2B:6A:9B,,-90,1762090218878
39666,1762090222487.0,0adab909-eb8f-4baf-9eed-7a4cc889cb7c,46:89:4B:9C:FE:B3,,-63,1762090218878
39667,1762090222781.0,0adab909-eb8f-4baf-9eed-7a4cc889cb7c,64:1A:EA:CF:06:25,,-87,1762090218878
39668,1762090222813.0,0adab909-eb8f-4baf-9eed-7a4cc889cb7c,66:56:DB:D4:53:4A,,-85,1762090218878
39669,1762090223028.0,0adab909-eb8f-4baf-9eed-7a4cc889cb7c,33:40:5A:94:9B:8C,,-86,1762090218878
39670,1762090223052.0,0adab909-eb8f-4baf-9eed-7a4cc889cb7c,34:1F:7D:10:82:BA,,-82,1762090218878
39671,1762090223381.0,0adab909-eb8f-4baf-9eed-7a4cc889cb7c,1C:ED:26:6B:0C:E3,,-76,1762090218878
39672,1762090223734.0,0adab909-eb8f-4baf-9eed-7a4cc889cb7c,71:AC:32:F1:BF:EE,,-93,1762090218878
39673,1762090223760.0,0adab909-eb8f-4baf-9eed-7a4cc889cb7c,66:75:6E:C7:1F:D9,,-78,1762090218878
39674,1762090224026.0,0adab909-eb8f-4baf-9eed-7a4cc889cb7c,77:85:C3:12:0D:E3,,-78,1762090218878
39675,1762090224064.0,0adab909-eb8f-4baf-9eed-7a4cc889cb7c,53:F7:02:B1:A3:A8,,-62,1762090218878
39676,1762090224083.0,0adab909-eb8f-4baf-9eed-7a4cc889cb7c,7A:85:76:A0:4E:45,,-88,1762090218878
39677,1762090224656.0,0adab909-eb8f-4baf-9eed-7a4cc889cb7c,69:FB:C4:02:F1:DC,,-68,1762090218878
39678,1762090224682.0,0adab909-eb8f-4baf-9eed-7a4cc889cb7c,6C:50:DA:BA:55:F3,,-71,1762090218878
39679,1762090224998.0,0adab909-eb8f-4baf-9eed-7a4cc889cb7c,76:A9:FD:B4:9A:42,,-53,1762090218878
39680,1762090225389.0,0adab909-eb8f-4baf-9eed-7a4cc889cb7c,F0:62:5A:BB:F2:18,,-99,1762090218878
39681,1762090226577.0,0adab909-eb8f-4baf-9eed-7a4cc889cb7c,40:FE:5C:F2:9A:BB,,-67,1762090218878
39682,1762090226893.0,0adab909-eb8f-4baf-9eed-7a4cc889cb7c,6B:09:0C:97:64:C1,,-82,1762090218878
39683,1762090226932.0,0adab909-eb8f-4baf-9eed-7a4cc889cb7c,77:DC:E9:89:16:A0,,-78,1762090218878
39684,1762090226955.0,0adab909-eb8f-4baf-9eed-7a4cc889cb7c,42:2B:A0:40:CD:99,,-84,1762090218878
39685,1762090227020.0,0adab909-eb8f-4baf-9eed-7a4cc889cb7c,1A:7B:50:65:87:8A,,-88,1762090218878
39686,1762090227058.0,0adab909-eb8f-4baf-9eed-7a4cc889cb7c,40:96:F6:2D:A9:8D,,-80,1762090218878
39687,1762090228117.0,0adab909-eb8f-4baf-9eed-7a4cc889cb7c,71:23:C6:F2:77:1D,,-92,1762090218878
39688,1762090228633.0,0adab909-eb8f-4baf-9eed-7a4cc889cb7c,54:67:06:AB:8C:20,OPPO A94 5G,-83,1762090218878
39689,1762090229010.0,0adab909-eb8f-4baf-9eed-7a4cc889cb7c,5E:EF:3D:2C:4F:AA,,-77,1762090218878
39690,1762090230019.0,0adab909-eb8f-4baf-9eed-7a4cc889cb7c,5E:EF:3D:2C:4F:AA,,-71,1762090218878
39691,1762090230877.0,0adab909-eb8f-4baf-9eed-7a4cc889cb7c,66:E4:DD:B5:1B:76,,-75,1762090218878
39692,1762090230953.0,0adab909-eb8f-4baf-9eed-7a4cc889cb7c,C6:6A:A4:24:57:A0,Versa 4,-89,1762090218878
39693,1762090230992.0,0adab909-eb8f-4baf-9eed-7a4cc889cb7c,1F:96:9C:D6:A8:18,,-59,1762090218878
39694,1762090231021.0,0adab909-eb8f-4baf-9eed-7a4cc889cb7c,F3:5F:D7:40:BF:40,Mi Smart Band 5,-66,1762090218878
39695,1762090231050.0,0adab909-eb8f-4baf-9eed-7a4cc889cb7c,61:E1:29:5C:36:DB,,-77,1762090218878
39696,1762090231071.0,0adab909-eb8f-4baf-9eed-7a4cc889cb7c,5E:EF:3D:2C:4F:AA,,-74,1762090218878
39697,1762090234224.0,0adab909-eb8f-4baf-9eed-7a4cc889cb7c,F0:62:5A:BB:F2:18,realme 7 5G,-99,1762090218878
39698,1762090234298.0,0adab909-eb8f-4baf-9eed-7a4cc889cb7c,76:65:87:92:69:81,,-72,1762090218878
39699,1762090234327.0,0adab909-eb8f-4baf-9eed-7a4cc889cb7c,48:A0:AE:E1:19:8E,,-66,1762090218878
39700,1762090234351.0,0adab909-eb8f-4baf-9eed-7a4cc889cb7c,5C:2F:EB:85:7D:C4,,-58,1762090218878
39701,1762090234372.0,0adab909-eb8f-4baf-9eed-7a4cc889cb7c,CE:A8:26:B5:8D:F3,LE_WH-1000XM4,-54,1762090218878
39702,1762090234396.0,0adab909-eb8f-4baf-9eed-7a4cc889cb7c,34:1F:7D:10:82:BA,,-59,1762090218878
39703,1762090234415.0,0adab909-eb8f-4baf-9eed-7a4cc889cb7c,B0:38:E2:65:2C:BF,,-59,1762090218878
39704,1762090234435.0,0adab909-eb8f-4baf-9eed-7a4cc889cb7c,D9:0B:6F:22:21:62,,-76,1762090218878
39705,1762090234450.0,0adab909-eb8f-4baf-9eed-7a4cc889cb7c,D9:22:93:7D:3B:23,,-62,1762090218878
39706,1762090234467.0,0adab909-eb8f-4baf-9eed-7a4cc889cb7c,63:BF:E8:29:03:BB,,-90,1762090218878
39707,1762090234481.0,0adab909-eb8f-4baf-9eed-7a4cc889cb7c,7C:93:D1:B1:2D:B9,JBL TUNE130NC TWS-LE,-88,1762090218878
39708,1762090234496.0,0adab909-eb8f-4baf-9eed-7a4cc889cb7c,1F:96:9C:D6:A8:18,,-91,1762090218878
39709,1762090234513.0,0adab909-eb8f-4baf-9eed-7a4cc889cb7c,60:6E:8E:60:52:85,,-47,1762090218878
39710,1762090234528.0,0adab909-eb8f-4baf-9eed-7a4cc889cb7c,CB:85:96:74:3C:8F,NBScooter2742,-69,1762090218878
39711,1762090234545.0,0adab909-eb8f-4baf-9eed-7a4cc889cb7c,40:C7:A9:A2:C8:E1,,-65,1762090218878
39712,1762090234586.0,0adab909-eb8f-4baf-9eed-7a4cc889cb7c,66:E4:DD:B5:1B:76,,-83,1762090218878
39713,1762090234606.0,0adab909-eb8f-4baf-9eed-7a4cc889cb7c,06:2F:80:D4:AF:E6,,127,1762090218878
39714,1762090235266.0,0adab909-eb8f-4baf-9eed-7a4cc889cb7c,40:96:F6:2D:A9:8D,,-78,1762090218878
39715,1762090235298.0,0adab909-eb8f-4baf-9eed-7a4cc889cb7c,23:6B:AC:34:BF:87,,-73,1762090218878
39716,1762090235319.0,0adab909-eb8f-4baf-9eed-7a4cc889cb7c,C4:5C:06:EF:C4:5F,,-81,1762090218878
39717,1762090235338.0,0adab909-eb8f-4baf-9eed-7a4cc889cb7c,4D:7B:62:FD:9C:98,Nothing Ear,-84,1762090218878
39718,1762090235363.0,0adab909-eb8f-4baf-9eed-7a4cc889cb7c,4E:52:35:8F:2E:F0,,-81,1762090218878
39719,1762090235382.0,0adab909-eb8f-4baf-9eed-7a4cc889cb7c,33:40:5A:94:9B:8C,,-84,1762090218878
39720,1762090235403.0,0adab909-eb8f-4baf-9eed-7a4cc889cb7c,D8:17:9E:52:78:EE,,-59,1762090218878
39721,1762090235424.0,0adab909-eb8f-4baf-9eed-7a4cc889cb7c,50:07:F1:71:0C:94,,-82,1762090218878
39722,1762090235470.0,0adab909-eb8f-4baf-9eed-7a4cc889cb7c,71:1B:FD:7E:71:B8,,-84,1762090218878
39723,1762090235494.0,0adab909-eb8f-4baf-9eed-7a4cc889cb7c,CD:BF:8A:46:A3:70,,-83,1762090218878
39724,1762090235520.0,0adab909-eb8f-4baf-9eed-7a4cc889cb7c,12:56:77:48:E8:D8,,-90,1762090218878
39725,1762090235551.0,0adab909-eb8f-4baf-9eed-7a4cc889cb7c,0C:A0:D3:EC:76:04,,-53,1762090218878
39726,1762090235577.0,0adab909-eb8f-4baf-9eed-7a4cc889cb7c,EB:04:4F:98:5D:AD,,-88,1762090218878
39727,1762090235596.0,0adab909-eb8f-4baf-9eed-7a4cc889cb7c,24:0B:CD:71:DB:F1,,-73,1762090218878
39728,1762090235614.0,0adab909-eb8f-4baf-9eed-7a4cc889cb7c,B0:38:E2:64:A4:08,,-82,1762090218878
39729,1762090235644.0,0adab909-eb8f-4baf-9eed-7a4cc889cb7c,70:66:90:3B:D0:EF,,-64,1762090218878
39730,1762090235660.0,0adab909-eb8f-4baf-9eed-7a4cc889cb7c,76:A9:FD:B4:9A:42,,-83,1762090218878
39731,1762090235676.0,0adab909-eb8f-4baf-9eed-7a4cc889cb7c,66:56:DB:D4:53:4A,,-76,1762090218878
39732,1762090235709.0,0adab909-eb8f-4baf-9eed-7a4cc889cb7c,40:A1:37:DA:48:9B,,-89,1762090218878
39733,1762090236331.0,0adab909-eb8f-4baf-9eed-7a4cc889cb7c,77:DC:E9:89:16:A0,,-83,1762090218878
39734,1762090236351.0,0adab909-eb8f-4baf-9eed-7a4cc889cb7c,5C:12:DF:A7:E8:07,,-82,1762090218878
39735,1762090236371.0,0adab909-eb8f-4baf-9eed-7a4cc889cb7c,64:1A:EA:CF:06:25,,-81,1762090218878
39736,1762090236390.0,0adab909-eb8f-4baf-9eed-7a4cc889cb7c,2E:2F:3A:9A:A6:CE,,-53,1762090218878
39737,1762090236428.0,0adab909-eb8f-4baf-9eed-7a4cc889cb7c,F1:0B:71:2C:63:49,,-62,1762090218878
39738,1762090236444.0,0adab909-eb8f-4baf-9eed-7a4cc889cb7c,88:08:94:45:77:F4,Crusher Evo,-79,1762090218878
39739,1762090236507.0,0adab909-eb8f-4baf-9eed-7a4cc889cb7c,C6:6C:51:BC:35:8F,A1:8E:51:D1:25:00,-86,1762090218878
39740,1762090236529.0,0adab909-eb8f-4baf-9eed-7a4cc889cb7c,07:8F:95:D7:F8:85,,-68,1762090218878
39741,1762090236547.0,0adab909-eb8f-4baf-9eed-7a4cc889cb7c,52:05:16:2B:6A:9B,,-80,1762090218878
39742,1762090237330.0,0adab909-eb8f-4baf-9eed-7a4cc889cb7c,4D:7B:62:FD:9C:98,Nothing Ear,-91,1762090218878
39743,1762090237354.0,0adab909-eb8f-4baf-9eed-7a4cc889cb7c,75:45:24:D3:CA:FD,,-72,1762090218878
39744,1762090237375.0,0adab909-eb8f-4baf-9eed-7a4cc889cb7c,88:08:94:45:77:F4,Crusher Evo,-68,1762090218878
39745,1762090237398.0,0adab909-eb8f-4baf-9eed-7a4cc889cb7c,42:41:7B:D7:AB:B1,,-67,1762090218878
39746,1762090237418.0,0adab909-eb8f-4baf-9eed-7a4cc889cb7c,07:8F:95:D7:F8:85,,-62,1762090218878
39747,1762090237449.0,0adab909-eb8f-4baf-9eed-7a4cc889cb7c,CB:85:96:74:3C:8F,NBScooter2742,-52,1762090218878
39748,1762090237479.0,0adab909-eb8f-4baf-9eed-7a4cc889cb7c,71:1B:FD:7E:71:B8,,-85,1762090218878
39749,1762090237510.0,0adab909-eb8f-4baf-9eed-7a4cc889cb7c,76:65:87:92:69:81,,-69,1762090218878
39750,1762090237539.0,0adab909-eb8f-4baf-9eed-7a4cc889cb7c,34:1F:7D:10:82:BA,,-51,1762090218878
39751,1762090237572.0,0adab909-eb8f-4baf-9eed-7a4cc889cb7c,7A:85:76:A0:4E:45,,-84,1762090218878
39752,1762090895141.0,0adab909-eb8f-4baf-9eed-7a4cc889cb7c,41:88:AF:5A:27:FB,,-79,1762090894086
39753,1762090895490.0,0adab909-eb8f-4baf-9eed-7a4cc889cb7c,37:A7:FB:2F:0A:A0,,-79,1762090894086
39754,1762090895507.0,0adab909-eb8f-4baf-9eed-7a4cc889cb7c,15:0E:0D:06:8A:51,TY,-77,1762090894086
39755,1762090896471.0,0adab909-eb8f-4baf-9eed-7a4cc889cb7c,84:69:93:B4:83:CB,,-86,1762090894086
39756,1762090898386.0,0adab909-eb8f-4baf-9eed-7a4cc889cb7c,D5:32:37:38:50:21,Govee_H6199_5021,-84,1762090894086
39757,1762090901905.0,0adab909-eb8f-4baf-9eed-7a4cc889cb7c,B8:5C:5C:02:BE:E0,Xbox Wireless Headset,-93,1762090894086
39758,1762090902714.0,0adab909-eb8f-4baf-9eed-7a4cc889cb7c,94:E6:BA:F0:FD:29,MOD,-100,1762090894086
39759,1762090903806.0,0adab909-eb8f-4baf-9eed-7a4cc889cb7c,48:5C:2C:86:26:77,,-100,1762090894086
39760,1762091451169.0,0adab909-eb8f-4baf-9eed-7a4cc889cb7c,6A:0A:36:CC:74:C7,,-88,1762091447872
39761,1762092045546.0,0adab909-eb8f-4baf-9eed-7a4cc889cb7c,6A:0A:36:CC:74:C7,,-86,1762092040620
39762,1762093314352.0,0adab909-eb8f-4baf-9eed-7a4cc889cb7c,6B:16:CF:D5:01:75,,-85,1762093313927
39763,1762093851153.0,0adab909-eb8f-4baf-9eed-7a4cc889cb7c,45:FB:7E:9C:BE:77,,-88,1762093848869
39764,1762095139287.0,0adab909-eb8f-4baf-9eed-7a4cc889cb7c,60:C3:44:42:76:A0,,-80,1762095137882
39765,1762095151038.0,0adab909-eb8f-4baf-9eed-7a4cc889cb7c,84:C8:A0:8B:BD:3D,JBL BAR 800,-84,1762095137882
39766,1762095151341.0,0adab909-eb8f-4baf-9eed-7a4cc889cb7c,60:C3:44:42:76:A0,,-74,1762095137882
39767,1762095724738.0,0adab909-eb8f-4baf-9eed-7a4cc889cb7c,84:C8:A0:8B:BD:3D,JBL BAR 800,-81,1762095711741
39768,1762095725019.0,0adab909-eb8f-4baf-9eed-7a4cc889cb7c,F9:47:D7:1F:CF:18,,-90,1762095711741
39769,1762095725840.0,0adab909-eb8f-4baf-9eed-7a4cc889cb7c,09:F9:DE:64:37:E9,,-82,1762095711741
39770,1762096324734.0,0adab909-eb8f-4baf-9eed-7a4cc889cb7c,84:C8:A0:8B:BD:3D,JBL BAR 800,-77,1762096311693
39771,1762096326381.0,0adab909-eb8f-4baf-9eed-7a4cc889cb7c,ED:8F:C0:FF:E9:4A,,-83,1762096311693
39772,1762096912744.0,0adab909-eb8f-4baf-9eed-7a4cc889cb7c,78:72:C4:27:6F:03,,-90,1762096911688
39773,1762096924726.0,0adab909-eb8f-4baf-9eed-7a4cc889cb7c,84:C8:A0:8B:BD:3D,JBL BAR 800,-85,1762096911688
39774,1762096924859.0,0adab909-eb8f-4baf-9eed-7a4cc889cb7c,78:72:C4:27:6F:03,,-82,1762096911688
39775,1762097511916.0,0adab909-eb8f-4baf-9eed-7a4cc889cb7c,78:72:C4:27:6F:03,,-76,1762097511828
39776,1762098112261.0,0adab909-eb8f-4baf-9eed-7a4cc889cb7c,47:FF:95:5E:19:41,,-92,1762098111527
39777,1762098713802.0,0adab909-eb8f-4baf-9eed-7a4cc889cb7c,54:DD:B5:E7:6D:BA,,-72,1762098712798
39778,1762099251692.0,0adab909-eb8f-4baf-9eed-7a4cc889cb7c,54:DD:B5:E7:6D:BA,,-73,1762099251375
39779,1762100094693.0,0adab909-eb8f-4baf-9eed-7a4cc889cb7c,84:C8:A0:8B:BD:3D,JBL BAR 800,-79,1762100081756
39780,1762101700960.0,0adab909-eb8f-4baf-9eed-7a4cc889cb7c,84:C8:A0:8B:BD:3D,JBL BAR 800,-70,1762101695664
39781,1762101702023.0,0adab909-eb8f-4baf-9eed-7a4cc889cb7c,4B:E4:60:55:3C:48,,-91,1762101695664
39782,1762101866351.0,0adab909-eb8f-4baf-9eed-7a4cc889cb7c,4B:E4:60:55:3C:48,,-82,1762101864643
39783,1762101878676.0,0adab909-eb8f-4baf-9eed-7a4cc889cb7c,4B:E4:60:55:3C:48,,-76,1762101864643
39784,1762101879558.0,0adab909-eb8f-4baf-9eed-7a4cc889cb7c,84:C8:A0:8B:BD:3D,JBL BAR 800,-78,1762101864643
39785,1762102472457.0,0adab909-eb8f-4baf-9eed-7a4cc889cb7c,43:F8:92:DA:4C:9C,,-92,1762102471987
39786,1762102484975.0,0adab909-eb8f-4baf-9eed-7a4cc889cb7c,84:C8:A0:8B:BD:3D,JBL BAR 800,-85,1762102471987
39787,1762102486111.0,0adab909-eb8f-4baf-9eed-7a4cc889cb7c,EA:E7:6D:D0:4D:75,,-77,1762102471987
39788,1762102486190.0,0adab909-eb8f-4baf-9eed-7a4cc889cb7c,43:F8:92:DA:4C:9C,,-76,1762102471987
39789,1762103092853.0,0adab909-eb8f-4baf-9eed-7a4cc889cb7c,43:F8:92:DA:4C:9C,,-93,1762103092586
39790,1762103105076.0,0adab909-eb8f-4baf-9eed-7a4cc889cb7c,84:C8:A0:8B:BD:3D,JBL BAR 800,-83,1762103092586
39791,1762103105272.0,0adab909-eb8f-4baf-9eed-7a4cc889cb7c,FF:85:78:14:68:A0,,-80,1762103092586
39792,1762103106259.0,0adab909-eb8f-4baf-9eed-7a4cc889cb7c,43:F8:92:DA:4C:9C,,-83,1762103092586
39793,1762103695534.0,0adab909-eb8f-4baf-9eed-7a4cc889cb7c,4B:CA:09:BF:C5:CE,,-87,1762103691906
39794,1762104004837.0,0adab909-eb8f-4baf-9eed-7a4cc889cb7c,84:C8:A0:8B:BD:3D,JBL BAR 800,-77,1762103991843
39795,1762104591992.0,0adab909-eb8f-4baf-9eed-7a4cc889cb7c,4C:96:8A:ED:6A:01,SPEN NA,127,1762104591863
39796,1762104592294.0,0adab909-eb8f-4baf-9eed-7a4cc889cb7c,4C:96:8A:ED:6A:01,SPEN NA,-65,1762104591863
39797,1762104592630.0,0adab909-eb8f-4baf-9eed-7a4cc889cb7c,4C:96:8A:ED:6A:01,SPEN NA,-67,1762104591863
39798,1762104592943.0,0adab909-eb8f-4baf-9eed-7a4cc889cb7c,4C:96:8A:ED:6A:01,SPEN NA,-60,1762104591863
39799,1762104593247.0,0adab909-eb8f-4baf-9eed-7a4cc889cb7c,42:F9:BF:0E:C2:27,,-86,1762104591863
39800,1762104593266.0,0adab909-eb8f-4baf-9eed-7a4cc889cb7c,4C:96:8A:ED:6A:01,SPEN NA,-59,1762104591863
39801,1762104593596.0,0adab909-eb8f-4baf-9eed-7a4cc889cb7c,4C:96:8A:ED:6A:01,SPEN NA,-61,1762104591863
39802,1762104593888.0,0adab909-eb8f-4baf-9eed-7a4cc889cb7c,4C:96:8A:ED:6A:01,SPEN NA,-58,1762104591863
39803,1762104594218.0,0adab909-eb8f-4baf-9eed-7a4cc889cb7c,4C:96:8A:ED:6A:01,SPEN NA,-57,1762104591863
39804,1762104594849.0,0adab909-eb8f-4baf-9eed-7a4cc889cb7c,4C:96:8A:ED:6A:01,SPEN NA,-58,1762104591863
39805,1762104595151.0,0adab909-eb8f-4baf-9eed-7a4cc889cb7c,4C:96:8A:ED:6A:01,SPEN NA,-58,1762104591863
39806,1762104596423.0,0adab909-eb8f-4baf-9eed-7a4cc889cb7c,4C:96:8A:ED:6A:01,SPEN NA,-60,1762104591863
39807,1762104599029.0,0adab909-eb8f-4baf-9eed-7a4cc889cb7c,4C:96:8A:ED:6A:01,SPEN NA,-63,1762104591863
39808,1762104599681.0,0adab909-eb8f-4baf-9eed-7a4cc889cb7c,4C:96:8A:ED:6A:01,SPEN NA,-62,1762104591863
39809,1762104600003.0,0adab909-eb8f-4baf-9eed-7a4cc889cb7c,4C:96:8A:ED:6A:01,SPEN NA,-61,1762104591863
39810,1762104600298.0,0adab909-eb8f-4baf-9eed-7a4cc889cb7c,4C:96:8A:ED:6A:01,SPEN NA,-65,1762104591863
39811,1762104600935.0,0adab909-eb8f-4baf-9eed-7a4cc889cb7c,4C:96:8A:ED:6A:01,SPEN NA,-57,1762104591863
39812,1762104601260.0,0adab909-eb8f-4baf-9eed-7a4cc889cb7c,4C:96:8A:ED:6A:01,SPEN NA,-64,1762104591863
39813,1762104601568.0,0adab909-eb8f-4baf-9eed-7a4cc889cb7c,4C:96:8A:ED:6A:01,SPEN NA,-58,1762104591863
39814,1762104603455.0,0adab909-eb8f-4baf-9eed-7a4cc889cb7c,4C:96:8A:ED:6A:01,SPEN NA,-64,1762104591863
39815,1762104603788.0,0adab909-eb8f-4baf-9eed-7a4cc889cb7c,4C:96:8A:ED:6A:01,SPEN NA,-61,1762104591863
39816,1762105199668.0,0adab909-eb8f-4baf-9eed-7a4cc889cb7c,84:C8:A0:8B:BD:3D,JBL BAR 800,-88,1762105186715
39817,1762105788439.0,0adab909-eb8f-4baf-9eed-7a4cc889cb7c,4C:5B:3C:23:7E:15,,-87,1762105786665
39818,1762105799649.0,0adab909-eb8f-4baf-9eed-7a4cc889cb7c,84:C8:A0:8B:BD:3D,JBL BAR 800,-79,1762105786665
39819,1762106386776.0,0adab909-eb8f-4baf-9eed-7a4cc889cb7c,59:3C:2D:68:BC:A2,,-87,1762106386712
39820,1762106991660.0,0adab909-eb8f-4baf-9eed-7a4cc889cb7c,59:3C:2D:68:BC:A2,,-83,1762106991533
39821,1762107597318.0,0adab909-eb8f-4baf-9eed-7a4cc889cb7c,58:38:E0:AD:E0:6C,,-89,1762107592731
39822,1762108192041.0,0adab909-eb8f-4baf-9eed-7a4cc889cb7c,58:D7:E4:4B:CE:21,,-84,1762108191628
39823,1762108862432.0,0adab909-eb8f-4baf-9eed-7a4cc889cb7c,56:2E:A0:E2:E7:7A,,-88,1762108860780
39824,1762109461991.0,0adab909-eb8f-4baf-9eed-7a4cc889cb7c,0C:2B:06:B1:35:51,,-89,1762109459652
39825,1762111242785.0,0adab909-eb8f-4baf-9eed-7a4cc889cb7c,67:7F:62:B9:A6:0F,,-80,1762111242026
39826,1762111243751.0,0adab909-eb8f-4baf-9eed-7a4cc889cb7c,78:1B:BE:1C:B3:87,Pixel 7a,-90,1762111242026
39827,1762111897919.0,0adab909-eb8f-4baf-9eed-7a4cc889cb7c,6F:4A:68:66:F4:4B,,-81,1762111892726
39828,1762112571226.0,0adab909-eb8f-4baf-9eed-7a4cc889cb7c,6F:4A:68:66:F4:4B,,-83,1762112570518
39829,1762112583478.0,0adab909-eb8f-4baf-9eed-7a4cc889cb7c,2A:23:54:76:7C:1E,,-92,1762112570518
39830,1762112583522.0,0adab909-eb8f-4baf-9eed-7a4cc889cb7c,84:C8:A0:8B:BD:3D,JBL BAR 800,-72,1762112570518
39831,1762112585482.0,0adab909-eb8f-4baf-9eed-7a4cc889cb7c,6F:4A:68:66:F4:4B,,-88,1762112570518
39832,1762113171984.0,0adab909-eb8f-4baf-9eed-7a4cc889cb7c,42:17:EF:09:45:27,,-85,1762113170563
39833,1762113775852.0,0adab909-eb8f-4baf-9eed-7a4cc889cb7c,42:17:EF:09:45:27,,-85,1762113770823
39834,1762114307554.0,0adab909-eb8f-4baf-9eed-7a4cc889cb7c,59:45:3B:5F:C8:28,,-84,1762114301710
39835,1762114901872.0,0adab909-eb8f-4baf-9eed-7a4cc889cb7c,6D:D9:A8:1E:4E:78,,-93,1762114901694
39836,1762114914701.0,0adab909-eb8f-4baf-9eed-7a4cc889cb7c,84:C8:A0:8B:BD:3D,JBL BAR 800,-75,1762114901694
39837,1762114915782.0,0adab909-eb8f-4baf-9eed-7a4cc889cb7c,6D:D9:A8:1E:4E:78,,-76,1762114901694
39838,1762115501750.0,0adab909-eb8f-4baf-9eed-7a4cc889cb7c,5D:B9:90:A5:A3:DA,,-79,1762115501653
39839,1762115515673.0,0adab909-eb8f-4baf-9eed-7a4cc889cb7c,5D:B9:90:A5:A3:DA,,-86,1762115501653
39840,1762116112204.0,0adab909-eb8f-4baf-9eed-7a4cc889cb7c,5D:B9:90:A5:A3:DA,,-90,1762116110866
39841,1762116123733.0,0adab909-eb8f-4baf-9eed-7a4cc889cb7c,5D:B9:90:A5:A3:DA,,-87,1762116110866
39842,1762116123783.0,0adab909-eb8f-4baf-9eed-7a4cc889cb7c,84:C8:A0:8B:BD:3D,JBL BAR 800,-77,1762116110866
39843,1762116712646.0,0adab909-eb8f-4baf-9eed-7a4cc889cb7c,6B:80:03:0E:65:B0,,-83,1762116710934
39844,1762116723898.0,0adab909-eb8f-4baf-9eed-7a4cc889cb7c,6B:80:03:0E:65:B0,,-82,1762116710934
39845,1762116724825.0,0adab909-eb8f-4baf-9eed-7a4cc889cb7c,84:C8:A0:8B:BD:3D,JBL BAR 800,-78,1762116710934
39846,1762117312289.0,0adab909-eb8f-4baf-9eed-7a4cc889cb7c,7A:2A:DF:46:38:48,,-89,1762117310876
39847,1762117323911.0,0adab909-eb8f-4baf-9eed-7a4cc889cb7c,84:C8:A0:8B:BD:3D,JBL BAR 800,-81,1762117310876
39848,1762117913009.0,0adab909-eb8f-4baf-9eed-7a4cc889cb7c,5E:09:FC:BD:5E:8A,,-91,1762117911000
39849,1762117923998.0,0adab909-eb8f-4baf-9eed-7a4cc889cb7c,FC:4A:02:F4:3C:7C,,-87,1762117911000
39850,1762117924891.0,0adab909-eb8f-4baf-9eed-7a4cc889cb7c,5E:09:FC:BD:5E:8A,,-90,1762117911000
39851,1762117926103.0,0adab909-eb8f-4baf-9eed-7a4cc889cb7c,84:C8:A0:8B:BD:3D,JBL BAR 800,-78,1762117911000
39852,1762118510994.0,0adab909-eb8f-4baf-9eed-7a4cc889cb7c,5E:09:FC:BD:5E:8A,,-76,1762118510963
39853,1762118523940.0,0adab909-eb8f-4baf-9eed-7a4cc889cb7c,E3:B2:D0:09:DC:44,,-80,1762118510963
39854,1762118523998.0,0adab909-eb8f-4baf-9eed-7a4cc889cb7c,84:C8:A0:8B:BD:3D,JBL BAR 800,-72,1762118510963
39855,1762118526091.0,0adab909-eb8f-4baf-9eed-7a4cc889cb7c,5E:09:FC:BD:5E:8A,,-77,1762118510963
39856,1762119710947.0,0adab909-eb8f-4baf-9eed-7a4cc889cb7c,70:91:F9:8A:3F:0F,,-92,1762119708605
39857,1762120343172.0,0adab909-eb8f-4baf-9eed-7a4cc889cb7c,61:EF:19:63:E5:68,,-88,1762120338575
39858,1762120947647.0,0adab909-eb8f-4baf-9eed-7a4cc889cb7c,4C:F8:39:21:CC:6E,,-86,1762120938570
39859,1762122194290.0,0adab909-eb8f-4baf-9eed-7a4cc889cb7c,64:9E:FF:E7:47:ED,,-84,1762122192551
39860,1762122798460.0,0adab909-eb8f-4baf-9eed-7a4cc889cb7c,43:A5:E8:CF:39:D8,,-88,1762122792555
39861,1762123419483.0,0adab909-eb8f-4baf-9eed-7a4cc889cb7c,43:A5:E8:CF:39:D8,,-89,1762123412548
39862,1762124614939.0,0adab909-eb8f-4baf-9eed-7a4cc889cb7c,6A:AD:AF:04:E4:FF,,-87,1762124612532
39863,1762125816071.0,0adab909-eb8f-4baf-9eed-7a4cc889cb7c,7A:B6:45:4A:8F:8A,,-87,1762125813701
39864,1762126418879.0,0adab909-eb8f-4baf-9eed-7a4cc889cb7c,45:30:0B:71:D0:BF,,-86,1762126414520
39865,1762127017875.0,0adab909-eb8f-4baf-9eed-7a4cc889cb7c,45:30:0B:71:D0:BF,,-93,1762127014887
