_id,timestamp,device_id,bt_address,bt_name,bt_rssi,label
49009,1762733115770.0,0adab909-eb8f-4baf-9eed-7a4cc889cb7c,E6:68:C6:AB:E4:2D,SumUp 418,-83,1762733115714
49010,1762733716137.0,0adab909-eb8f-4baf-9eed-7a4cc889cb7c,E6:68:C6:AB:E4:2D,SumUp 418,-84,1762733716134
49011,1762733718857.0,0adab909-eb8f-4baf-9eed-7a4cc889cb7c,F8:77:B8:5F:E4:89,[TV] Samsung 5 Series (55),-88,1762733716134
49012,1762733722935.0,0adab909-eb8f-4baf-9eed-7a4cc889cb7c,68:EB:BB:58:29:F0,,-86,1762733716134
49013,1762734548186.0,0adab909-eb8f-4baf-9eed-7a4cc889cb7c,E6:68:C6:AB:E4:2D,SumUp 418,-90,1762734547747
49014,1762734549206.0,0adab909-eb8f-4baf-9eed-7a4cc889cb7c,71:D4:A4:50:96:48,,-87,1762734547747
49015,1762734555542.0,0adab909-eb8f-4baf-9eed-7a4cc889cb7c,F8:77:B8:5F:E4:89,[TV] Samsung 5 Series (55),-89,1762734547747
49016,1762735146579.0,0adab909-eb8f-4baf-9eed-7a4cc889cb7c,E6:68:C6:AB:E4:2D,SumUp 418,-82,1762735146498
49017,1762735155236.0,0adab909-eb8f-4baf-9eed-7a4cc889cb7c,71:D4:A4:50:96:48,,-84,1762735146498
49018,1762735748073.0,0adab909-eb8f-4baf-9eed-7a4cc889cb7c,79:92:72:FA:A7:5A,,-84,1762735748069
49019,1762735748390.0,0adab909-eb8f-4baf-9eed-7a4cc889cb7c,E6:68:C6:AB:E4:2D,SumUp 418,-90,1762735748069
49020,1762736279926.0,0adab909-eb8f-4baf-9eed-7a4cc889cb7c,E6:68:C6:AB:E4:2D,SumUp 418,-83,1762736279923
49021,1762736280742.0,0adab909-eb8f-4baf-9eed-7a4cc889cb7c,44:8D:72:63:08:F4,,-85,1762736279923
49022,1762736880072.0,0adab909-eb8f-4baf-9eed-7a4cc889cb7c,44:8D:72:63:08:F4,,-75,1762736878687
49023,1762736880091.0,0adab909-eb8f-4baf-9eed-7a4cc889cb7c,E6:68:C6:AB:E4:2D,SumUp 418,-87,1762736878687
49024,1762737480133.0,0adab909-eb8f-4baf-9eed-7a4cc889cb7c,67:AB:E4:75:2E:2C,,-74,1762737479901
49025,1762737481760.0,0adab909-eb8f-4baf-9eed-7a4cc889cb7c,E6:68:C6:AB:E4:2D,SumUp 418,-82,1762737479901
49026,1762738122915.0,0adab909-eb8f-4baf-9eed-7a4cc889cb7c,E6:68:C6:AB:E4:2D,SumUp 418,-82,1762738122911
49027,1762738123141.0,0adab909-eb8f-4baf-9eed-7a4cc889cb7c,67:AB:E4:75:2E:2C,,-73,1762738122911
49028,1762738726642.0,0adab909-eb8f-4baf-9eed-7a4cc889cb7c,59:75:C8:12:84:21,,-78,1762738723745
49029,1762738726660.0,0adab909-eb8f-4baf-9eed-7a4cc889cb7c,F8:77:B8:5F:E4:89,[TV] Samsung 5 Series (55),-88,1762738723745
49030,1762738730835.0,0adab909-eb8f-4baf-9eed-7a4cc889cb7c,E6:68:C6:AB:E4:2D,SumUp 418,-88,1762738723745
49031,1762739322901.0,0adab909-eb8f-4baf-9eed-7a4cc889cb7c,50:FB:AA:05:B5:3E,,-88,1762739322898
49032,1762739323061.0,0adab909-eb8f-4baf-9eed-7a4cc889cb7c,59:75:C8:12:84:21,,-77,1762739322898
49033,1762739324366.0,0adab909-eb8f-4baf-9eed-7a4cc889cb7c,E6:68:C6:AB:E4:2D,SumUp 418,-90,1762739322898
49034,1762739854661.0,0adab909-eb8f-4baf-9eed-7a4cc889cb7c,E6:68:C6:AB:E4:2D,SumUp 418,-83,1762739854629
49035,1762739855071.0,0adab909-eb8f-4baf-9eed-7a4cc889cb7c,68:A0:E7:86:71:AC,,-77,1762739854629
49036,1762740455662.0,0adab909-eb8f-4baf-9eed-7a4cc889cb7c,E6:68:C6:AB:E4:2D,SumUp 418,-82,1762740454630
49037,1762740457955.0,0adab909-eb8f-4baf-9eed-7a4cc889cb7c,68:A0:E7:86:71:AC,,-79,1762740454630
49038,1762740463434.0,0adab909-eb8f-4baf-9eed-7a4cc889cb7c,57:1A:24:EB:0D:F1,,-88,1762740454630
49039,1762741053698.0,0adab909-eb8f-4baf-9eed-7a4cc889cb7c,E6:68:C6:AB:E4:2D,SumUp 418,-83,1762741053656
49040,1762741055026.0,0adab909-eb8f-4baf-9eed-7a4cc889cb7c,78:E2:98:13:B5:E9,,-78,1762741053656
49041,1762741654979.0,0adab909-eb8f-4baf-9eed-7a4cc889cb7c,E6:68:C6:AB:E4:2D,SumUp 418,-83,1762741654976
49042,1762741655267.0,0adab909-eb8f-4baf-9eed-7a4cc889cb7c,43:A7:27:2A:E6:97,,-80,1762741654976
49043,1762742187161.0,0adab909-eb8f-4baf-9eed-7a4cc889cb7c,51:C5:07:95:BF:BD,,-70,1762742186788
49044,1762742189119.0,0adab909-eb8f-4baf-9eed-7a4cc889cb7c,E6:68:C6:AB:E4:2D,SumUp 418,-86,1762742186788
49045,1762742785641.0,0adab909-eb8f-4baf-9eed-7a4cc889cb7c,51:C5:07:95:BF:BD,,-79,1762742785639
49046,1762742785850.0,0adab909-eb8f-4baf-9eed-7a4cc889cb7c,E6:68:C6:AB:E4:2D,SumUp 418,-82,1762742785639
49047,1762742793100.0,0adab909-eb8f-4baf-9eed-7a4cc889cb7c,F8:77:B8:5F:E4:89,[TV] Samsung 5 Series (55),-91,1762742785639
49048,1762743386844.0,0adab909-eb8f-4baf-9eed-7a4cc889cb7c,E6:68:C6:AB:E4:2D,SumUp 418,-82,1762743386841
49049,1762743394420.0,0adab909-eb8f-4baf-9eed-7a4cc889cb7c,41:66:02:03:CF:87,,-89,1762743386841
49050,1762743395441.0,0adab909-eb8f-4baf-9eed-7a4cc889cb7c,F8:77:B8:5F:E4:89,[TV] Samsung 5 Series (55),-89,1762743386841
49051,1762743919743.0,0adab909-eb8f-4baf-9eed-7a4cc889cb7c,E6:68:C6:AB:E4:2D,SumUp 418,-80,1762743918631
49052,1762743921370.0,0adab909-eb8f-4baf-9eed-7a4cc889cb7c,69:B2:51:12:F3:68,,-84,1762743918631
49053,1762743921635.0,0adab909-eb8f-4baf-9eed-7a4cc889cb7c,41:66:02:03:CF:87,,-88,1762743918631
49054,1762744519631.0,0adab909-eb8f-4baf-9eed-7a4cc889cb7c,E6:68:C6:AB:E4:2D,SumUp 418,-81,1762744518606
49055,1762745117653.0,0adab909-eb8f-4baf-9eed-7a4cc889cb7c,E6:68:C6:AB:E4:2D,SumUp 418,-82,1762745117589
49056,1762745118347.0,0adab909-eb8f-4baf-9eed-7a4cc889cb7c,53:78:C4:B9:6A:03,,-84,1762745117589
49057,1762745123501.0,0adab909-eb8f-4baf-9eed-7a4cc889cb7c,F8:77:B8:5F:E4:89,[TV] Samsung 5 Series (55),-90,1762745117589
49058,1762745717882.0,0adab909-eb8f-4baf-9eed-7a4cc889cb7c,E6:68:C6:AB:E4:2D,SumUp 418,-81,1762745717879
49059,1762745718296.0,0adab909-eb8f-4baf-9eed-7a4cc889cb7c,53:78:C4:B9:6A:03,,-85,1762745717879
49060,1762745721265.0,0adab909-eb8f-4baf-9eed-7a4cc889cb7c,F8:77:B8:5F:E4:89,[TV] Samsung 5 Series (55),-91,1762745717879
49061,1762746548597.0,0adab909-eb8f-4baf-9eed-7a4cc889cb7c,62:3F:FA:F2:E5:43,,-84,1762746548570
49062,1762746549606.0,0adab909-eb8f-4baf-9eed-7a4cc889cb7c,E6:68:C6:AB:E4:2D,SumUp 418,-82,1762746548570
49063,1762747149314.0,0adab909-eb8f-4baf-9eed-7a4cc889cb7c,F8:77:B8:5F:E4:89,[TV] Samsung 5 Series (55),-93,1762747148574
49064,1762747150946.0,0adab909-eb8f-4baf-9eed-7a4cc889cb7c,56:7C:92:66:2A:B1,,-86,1762747148574
49065,1762747152526.0,0adab909-eb8f-4baf-9eed-7a4cc889cb7c,E6:68:C6:AB:E4:2D,SumUp 418,-82,1762747148574
49066,1762747748907.0,0adab909-eb8f-4baf-9eed-7a4cc889cb7c,E6:68:C6:AB:E4:2D,SumUp 418,-82,1762747748904
49067,1762748281682.0,0adab909-eb8f-4baf-9eed-7a4cc889cb7c,E6:68:C6:AB:E4:2D,SumUp 418,-82,1762748280770
49068,1762748880990.0,0adab909-eb8f-4baf-9eed-7a4cc889cb7c,E6:68:C6:AB:E4:2D,SumUp 418,-83,1762748880812
49069,1762748886761.0,0adab909-eb8f-4baf-9eed-7a4cc889cb7c,7C:A2:40:64:0E:5E,,-90,1762748880812
49070,1762749480677.0,0adab909-eb8f-4baf-9eed-7a4cc889cb7c,E6:68:C6:AB:E4:2D,SumUp 418,-82,1762749479796
49071,1762749486765.0,0adab909-eb8f-4baf-9eed-7a4cc889cb7c,5A:68:24:51:4A:C9,,-88,1762749479796
49072,1762750132936.0,0adab909-eb8f-4baf-9eed-7a4cc889cb7c,49:2E:65:2B:03:49,,-80,1762750132572
49073,1762750132956.0,0adab909-eb8f-4baf-9eed-7a4cc889cb7c,E6:68:C6:AB:E4:2D,SumUp 418,-83,1762750132572
49074,1762750732759.0,0adab909-eb8f-4baf-9eed-7a4cc889cb7c,E6:68:C6:AB:E4:2D,SumUp 418,-83,1762750732757
49075,1762751332963.0,0adab909-eb8f-4baf-9eed-7a4cc889cb7c,E6:68:C6:AB:E4:2D,SumUp 418,-83,1762751332768
49076,1762751333962.0,0adab909-eb8f-4baf-9eed-7a4cc889cb7c,53:13:B0:A6:4E:AA,,-85,1762751332768
49077,1762751864607.0,0adab909-eb8f-4baf-9eed-7a4cc889cb7c,E6:68:C6:AB:E4:2D,SumUp 418,-83,1762751863521
49078,1762751864924.0,0adab909-eb8f-4baf-9eed-7a4cc889cb7c,53:13:B0:A6:4E:AA,,-86,1762751863521
49079,1762751870408.0,0adab909-eb8f-4baf-9eed-7a4cc889cb7c,4B:6C:E5:F2:18:E3,,-91,1762751863521
49080,1762752463589.0,0adab909-eb8f-4baf-9eed-7a4cc889cb7c,E6:68:C6:AB:E4:2D,SumUp 418,-82,1762752463571
49081,1762753067536.0,0adab909-eb8f-4baf-9eed-7a4cc889cb7c,E6:68:C6:AB:E4:2D,SumUp 418,-82,1762753063523
49082,1762754279950.0,0adab909-eb8f-4baf-9eed-7a4cc889cb7c,4C:96:8A:ED:6A:01,SPEN NA,127,1762754279518
49083,1762754280277.0,0adab909-eb8f-4baf-9eed-7a4cc889cb7c,4C:96:8A:ED:6A:01,SPEN NA,-67,1762754279518
49084,1762754280541.0,0adab909-eb8f-4baf-9eed-7a4cc889cb7c,4C:03:E4:E3:06:75,,-90,1762754279518
49085,1762754280564.0,0adab909-eb8f-4baf-9eed-7a4cc889cb7c,E6:68:C6:AB:E4:2D,SumUp 418,-93,1762754279518
49086,1762754280584.0,0adab909-eb8f-4baf-9eed-7a4cc889cb7c,4C:96:8A:ED:6A:01,SPEN NA,-63,1762754279518
49087,1762754280890.0,0adab909-eb8f-4baf-9eed-7a4cc889cb7c,4C:96:8A:ED:6A:01,SPEN NA,-59,1762754279518
49088,1762754281228.0,0adab909-eb8f-4baf-9eed-7a4cc889cb7c,4C:96:8A:ED:6A:01,SPEN NA,-62,1762754279518
49089,1762754281562.0,0adab909-eb8f-4baf-9eed-7a4cc889cb7c,4C:96:8A:ED:6A:01,SPEN NA,-58,1762754279518
49090,1762754281852.0,0adab909-eb8f-4baf-9eed-7a4cc889cb7c,4C:96:8A:ED:6A:01,SPEN NA,-59,1762754279518
49091,1762754282784.0,0adab909-eb8f-4baf-9eed-7a4cc889cb7c,4C:96:8A:ED:6A:01,SPEN NA,-63,1762754279518
49092,1762754283107.0,0adab909-eb8f-4baf-9eed-7a4cc889cb7c,4C:96:8A:ED:6A:01,SPEN NA,-66,1762754279518
49093,1762754283741.0,0adab909-eb8f-4baf-9eed-7a4cc889cb7c,4C:96:8A:ED:6A:01,SPEN NA,-62,1762754279518
49094,1762754284060.0,0adab909-eb8f-4baf-9eed-7a4cc889cb7c,4C:96:8A:ED:6A:01,SPEN NA,-67,1762754279518
49095,1762754284681.0,0adab909-eb8f-4baf-9eed-7a4cc889cb7c,4C:96:8A:ED:6A:01,SPEN NA,-63,1762754279518
49096,1762754285709.0,0adab909-eb8f-4baf-9eed-7a4cc889cb7c,4C:96:8A:ED:6A:01,SPEN NA,-61,1762754279518
49097,1762754286343.0,0adab909-eb8f-4baf-9eed-7a4cc889cb7c,4C:96:8A:ED:6A:01,SPEN NA,-62,1762754279518
49098,1762754286682.0,0adab909-eb8f-4baf-9eed-7a4cc889cb7c,4C:96:8A:ED:6A:01,SPEN NA,-63,1762754279518
49099,1762754286988.0,0adab909-eb8f-4baf-9eed-7a4cc889cb7c,4C:96:8A:ED:6A:01,SPEN NA,-65,1762754279518
49100,1762754287322.0,0adab909-eb8f-4baf-9eed-7a4cc889cb7c,4C:96:8A:ED:6A:01,SPEN NA,-61,1762754279518
49101,1762754287623.0,0adab909-eb8f-4baf-9eed-7a4cc889cb7c,4C:96:8A:ED:6A:01,SPEN NA,-64,1762754279518
49102,1762754287940.0,0adab909-eb8f-4baf-9eed-7a4cc889cb7c,4C:96:8A:ED:6A:01,SPEN NA,-65,1762754279518
49103,1762754288250.0,0adab909-eb8f-4baf-9eed-7a4cc889cb7c,4C:96:8A:ED:6A:01,SPEN NA,-62,1762754279518
49104,1762754288570.0,0adab909-eb8f-4baf-9eed-7a4cc889cb7c,4C:96:8A:ED:6A:01,SPEN NA,-60,1762754279518
49105,1762754288878.0,0adab909-eb8f-4baf-9eed-7a4cc889cb7c,4C:96:8A:ED:6A:01,SPEN NA,-65,1762754279518
49106,1762754289196.0,0adab909-eb8f-4baf-9eed-7a4cc889cb7c,4C:96:8A:ED:6A:01,SPEN NA,-61,1762754279518
49107,1762754290142.0,0adab909-eb8f-4baf-9eed-7a4cc889cb7c,4C:96:8A:ED:6A:01,SPEN NA,-60,1762754279518
49108,1762754290467.0,0adab909-eb8f-4baf-9eed-7a4cc889cb7c,4C:96:8A:ED:6A:01,SPEN NA,-63,1762754279518
49109,1762754291495.0,0adab909-eb8f-4baf-9eed-7a4cc889cb7c,4C:96:8A:ED:6A:01,SPEN NA,-57,1762754279518
49110,1762754292141.0,0adab909-eb8f-4baf-9eed-7a4cc889cb7c,4C:96:8A:ED:6A:01,SPEN NA,-60,1762754279518
49111,1762754934568.0,0adab909-eb8f-4baf-9eed-7a4cc889cb7c,78:56:7E:67:99:19,,-83,1762754934538
49112,1762754935724.0,0adab909-eb8f-4baf-9eed-7a4cc889cb7c,E6:68:C6:AB:E4:2D,SumUp 418,-92,1762754934538
49113,1762754935919.0,0adab909-eb8f-4baf-9eed-7a4cc889cb7c,56:84:89:D4:DF:C4,,-88,1762754934538
49114,1762755531933.0,0adab909-eb8f-4baf-9eed-7a4cc889cb7c,E6:68:C6:AB:E4:2D,SumUp 418,-89,1762755530895
49115,1762755538074.0,0adab909-eb8f-4baf-9eed-7a4cc889cb7c,78:56:7E:67:99:19,,-88,1762755530895
49116,1762756132840.0,0adab909-eb8f-4baf-9eed-7a4cc889cb7c,75:4F:43:5C:AB:73,,-88,1762756130885
49117,1762756138696.0,0adab909-eb8f-4baf-9eed-7a4cc889cb7c,41:B5:9A:6D:2D:0E,,-91,1762756130885
49118,1762756140307.0,0adab909-eb8f-4baf-9eed-7a4cc889cb7c,E6:68:C6:AB:E4:2D,SumUp 418,-90,1762756130885
49119,1762756144753.0,0adab909-eb8f-4baf-9eed-7a4cc889cb7c,84:C8:A0:8B:BD:3D,JBL BAR 800,-82,1762756130885
49120,1762756144827.0,0adab909-eb8f-4baf-9eed-7a4cc889cb7c,C1:CE:92:A9:40:89,,-88,1762756130885
49121,1762756732354.0,0adab909-eb8f-4baf-9eed-7a4cc889cb7c,75:4F:43:5C:AB:73,,-82,1762756730953
49122,1762756743995.0,0adab909-eb8f-4baf-9eed-7a4cc889cb7c,22:91:79:C9:29:23,,-90,1762756730953
49123,1762756744891.0,0adab909-eb8f-4baf-9eed-7a4cc889cb7c,84:C8:A0:8B:BD:3D,JBL BAR 800,-80,1762756730953
49124,1762756744917.0,0adab909-eb8f-4baf-9eed-7a4cc889cb7c,DD:FB:08:FC:58:B0,,-85,1762756730953
49125,1762756744950.0,0adab909-eb8f-4baf-9eed-7a4cc889cb7c,75:4F:43:5C:AB:73,,-82,1762756730953
49126,1762757134857.0,0adab909-eb8f-4baf-9eed-7a4cc889cb7c,71:B5:15:4A:97:D6,,-86,1762757133536
49127,1762757134878.0,0adab909-eb8f-4baf-9eed-7a4cc889cb7c,5E:E9:0A:85:10:0A,,-82,1762757133536
49128,1762757135482.0,0adab909-eb8f-4baf-9eed-7a4cc889cb7c,54:44:44:E3:59:6D,,-90,1762757133536
49129,1762757135495.0,0adab909-eb8f-4baf-9eed-7a4cc889cb7c,65:44:3B:E4:ED:D9,,-91,1762757133536
49130,1762757135789.0,0adab909-eb8f-4baf-9eed-7a4cc889cb7c,59:9F:28:13:17:1E,,-92,1762757133536
49131,1762757136081.0,0adab909-eb8f-4baf-9eed-7a4cc889cb7c,AC:73:52:08:CD:4C,,-96,1762757133536
49132,1762757136179.0,0adab909-eb8f-4baf-9eed-7a4cc889cb7c,45:62:A4:61:7F:F3,,-89,1762757133536
49133,1762757137471.0,0adab909-eb8f-4baf-9eed-7a4cc889cb7c,4A:1F:EB:DB:94:FC,,-87,1762757133536
49134,1762757138700.0,0adab909-eb8f-4baf-9eed-7a4cc889cb7c,5D:97:3F:A9:AD:4E,,-79,1762757133536
49135,1762757139761.0,0adab909-eb8f-4baf-9eed-7a4cc889cb7c,74:FC:48:26:DC:91,,-81,1762757133536
49136,1762757142272.0,0adab909-eb8f-4baf-9eed-7a4cc889cb7c,70:18:8F:5B:3A:8E,,-85,1762757133536
49137,1762757145451.0,0adab909-eb8f-4baf-9eed-7a4cc889cb7c,47:75:1D:1A:91:25,,-82,1762757133536
49138,1762757689817.0,0adab909-eb8f-4baf-9eed-7a4cc889cb7c,6F:34:8A:A0:0C:48,,-86,1762757689697
49139,1762757689859.0,0adab909-eb8f-4baf-9eed-7a4cc889cb7c,BE:59:C9:00:02:DA,ELK-BLEDOM   ,-91,1762757689697
49140,1762757697119.0,0adab909-eb8f-4baf-9eed-7a4cc889cb7c,05:EE:91:5A:31:AE,,-91,1762757689697
49141,1762757700639.0,0adab909-eb8f-4baf-9eed-7a4cc889cb7c,C4:40:F6:55:E5:4A,OPPO A15,-100,1762757689697
49142,1762758883172.0,0adab909-eb8f-4baf-9eed-7a4cc889cb7c,84:25:3F:A3:1F:C2,mitte-home MH22340108,-93,1762758879738
49143,1762759487843.0,0adab909-eb8f-4baf-9eed-7a4cc889cb7c,84:25:3F:A3:1F:C2,mitte-home MH22340108,-90,1762759485736
49144,1762760105213.0,0adab909-eb8f-4baf-9eed-7a4cc889cb7c,84:25:3F:A3:1F:C2,mitte-home MH22340108,-91,1762760104499
49145,1762760105516.0,0adab909-eb8f-4baf-9eed-7a4cc889cb7c,7D:A6:85:17:9A:DC,,-79,1762760104499
49146,1762760112272.0,0adab909-eb8f-4baf-9eed-7a4cc889cb7c,D8:CF:BF:51:E4:4D,,-93,1762760104499
49147,1762761109200.0,0adab909-eb8f-4baf-9eed-7a4cc889cb7c,7D:42:11:A2:E4:2A,,-68,1762761109167
49148,1762761110843.0,0adab909-eb8f-4baf-9eed-7a4cc889cb7c,66:D9:D3:69:71:81,,-87,1762761109167
49149,1762761111202.0,0adab909-eb8f-4baf-9eed-7a4cc889cb7c,7C:F7:C0:A9:9A:E8,,-82,1762761109167
49150,1762761111550.0,0adab909-eb8f-4baf-9eed-7a4cc889cb7c,84:25:3F:A3:1F:C2,mitte-home MH22340108,-89,1762761109167
49151,1762761112154.0,0adab909-eb8f-4baf-9eed-7a4cc889cb7c,69:91:38:62:F9:38,,-82,1762761109167
49152,1762761115349.0,0adab909-eb8f-4baf-9eed-7a4cc889cb7c,98:04:ED:A2:3E:1C,S295b50867b2bc14bC,-85,1762761109167
49153,1762761121164.0,0adab909-eb8f-4baf-9eed-7a4cc889cb7c,46:09:E1:15:7A:B7,,-78,1762761109167
49154,1762761467710.0,0adab909-eb8f-4baf-9eed-7a4cc889cb7c,46:09:E1:15:7A:B7,,-78,1762761467707
49155,1762761467727.0,0adab909-eb8f-4baf-9eed-7a4cc889cb7c,7D:42:11:A2:E4:2A,,-76,1762761467707
49156,1762761468221.0,0adab909-eb8f-4baf-9eed-7a4cc889cb7c,69:91:38:62:F9:38,,-77,1762761467707
49157,1762761468373.0,0adab909-eb8f-4baf-9eed-7a4cc889cb7c,68:CA:C4:8A:40:9C,mbasg,-100,1762761467707
49158,1762761468834.0,0adab909-eb8f-4baf-9eed-7a4cc889cb7c,5F:91:F4:52:AD:EA,,-91,1762761467707
49159,1762761468848.0,0adab909-eb8f-4baf-9eed-7a4cc889cb7c,7C:F7:C0:A9:9A:E8,,-83,1762761467707
49160,1762761469777.0,0adab909-eb8f-4baf-9eed-7a4cc889cb7c,50:FB:51:EC:AA:BB,,-92,1762761467707
49161,1762761471012.0,0adab909-eb8f-4baf-9eed-7a4cc889cb7c,84:25:3F:A3:1F:C2,mitte-home MH22340108,-91,1762761467707
49162,1762761472671.0,0adab909-eb8f-4baf-9eed-7a4cc889cb7c,6D:4B:97:F6:3A:A0,,-88,1762761467707
49163,1762761473657.0,0adab909-eb8f-4baf-9eed-7a4cc889cb7c,D8:CF:BF:51:E4:4D,,-94,1762761467707
49164,1762761474288.0,0adab909-eb8f-4baf-9eed-7a4cc889cb7c,77:8A:C1:2C:99:89,,-89,1762761467707
49165,1762761475554.0,0adab909-eb8f-4baf-9eed-7a4cc889cb7c,4B:F4:ED:BB:3D:2D,,-90,1762761467707
49166,1762761477150.0,0adab909-eb8f-4baf-9eed-7a4cc889cb7c,6B:38:D6:80:EE:AC,,-88,1762761467707
49167,1762761477789.0,0adab909-eb8f-4baf-9eed-7a4cc889cb7c,4E:40:44:01:55:AA,,-91,1762761467707
49168,1762762067879.0,0adab909-eb8f-4baf-9eed-7a4cc889cb7c,98:04:ED:A2:3E:1C,S295b50867b2bc14bC,-84,1762762067701
49169,1762762067894.0,0adab909-eb8f-4baf-9eed-7a4cc889cb7c,52:1F:9C:4E:50:2B,,-83,1762762067701
49170,1762762067904.0,0adab909-eb8f-4baf-9eed-7a4cc889cb7c,55:87:A1:7E:60:C9,,-65,1762762067701
49171,1762762067935.0,0adab909-eb8f-4baf-9eed-7a4cc889cb7c,2C:60:C1:67:EA:03,,-90,1762762067701
49172,1762762068086.0,0adab909-eb8f-4baf-9eed-7a4cc889cb7c,68:CA:C4:8A:40:9C,mbasg,-96,1762762067701
49173,1762762068193.0,0adab909-eb8f-4baf-9eed-7a4cc889cb7c,D8:CF:BF:51:E4:4D,,-90,1762762067701
49174,1762762068221.0,0adab909-eb8f-4baf-9eed-7a4cc889cb7c,4D:72:DC:64:24:55,,-83,1762762067701
49175,1762762068236.0,0adab909-eb8f-4baf-9eed-7a4cc889cb7c,84:25:3F:A3:1F:C2,mitte-home MH22340108,-90,1762762067701
49176,1762762068248.0,0adab909-eb8f-4baf-9eed-7a4cc889cb7c,79:D9:C3:C4:E2:76,,-88,1762762067701
49177,1762762068540.0,0adab909-eb8f-4baf-9eed-7a4cc889cb7c,6B:99:B9:99:95:5F,,-69,1762762067701
49178,1762762069797.0,0adab909-eb8f-4baf-9eed-7a4cc889cb7c,5F:CC:0A:E9:89:EA,,-85,1762762067701
49179,1762762070810.0,0adab909-eb8f-4baf-9eed-7a4cc889cb7c,77:8A:C1:2C:99:89,,-88,1762762067701
49180,1762762071662.0,0adab909-eb8f-4baf-9eed-7a4cc889cb7c,68:CA:C4:8A:40:9C,mbasg,-99,1762762067701
49181,1762762072380.0,0adab909-eb8f-4baf-9eed-7a4cc889cb7c,73:6E:11:44:AB:AE,,-90,1762762067701
49182,1762762073629.0,0adab909-eb8f-4baf-9eed-7a4cc889cb7c,5F:91:F4:52:AD:EA,,-87,1762762067701
49183,1762762077170.0,0adab909-eb8f-4baf-9eed-7a4cc889cb7c,4C:67:0C:00:AA:43,,-83,1762762067701
49184,1762762668027.0,0adab909-eb8f-4baf-9eed-7a4cc889cb7c,52:1F:9C:4E:50:2B,,-86,1762762668024
49185,1762762668357.0,0adab909-eb8f-4baf-9eed-7a4cc889cb7c,6B:99:B9:99:95:5F,,-73,1762762668024
49186,1762762668373.0,0adab909-eb8f-4baf-9eed-7a4cc889cb7c,28:3E:4A:F9:99:D0,,-83,1762762668024
49187,1762762668387.0,0adab909-eb8f-4baf-9eed-7a4cc889cb7c,53:75:3D:C0:47:1F,,-81,1762762668024
49188,1762762668523.0,0adab909-eb8f-4baf-9eed-7a4cc889cb7c,55:87:A1:7E:60:C9,,-74,1762762668024
49189,1762762668879.0,0adab909-eb8f-4baf-9eed-7a4cc889cb7c,98:04:ED:A2:3E:1C,S295b50867b2bc14bC,-89,1762762668024
49190,1762762669172.0,0adab909-eb8f-4baf-9eed-7a4cc889cb7c,84:25:3F:A3:1F:C2,mitte-home MH22340108,-86,1762762668024
49191,1762762669803.0,0adab909-eb8f-4baf-9eed-7a4cc889cb7c,D8:CF:BF:51:E4:4D,,-86,1762762668024
49192,1762762669825.0,0adab909-eb8f-4baf-9eed-7a4cc889cb7c,73:6E:11:44:AB:AE,,-91,1762762668024
49193,1762762670432.0,0adab909-eb8f-4baf-9eed-7a4cc889cb7c,5A:D6:CD:CC:4C:78,,-90,1762762668024
49194,1762762670789.0,0adab909-eb8f-4baf-9eed-7a4cc889cb7c,4D:72:DC:64:24:55,,-88,1762762668024
49195,1762762671058.0,0adab909-eb8f-4baf-9eed-7a4cc889cb7c,79:D9:C3:C4:E2:76,,-90,1762762668024
49196,1762762671964.0,0adab909-eb8f-4baf-9eed-7a4cc889cb7c,68:CA:C4:8A:40:9C,mbasg,-100,1762762668024
49197,1762762672712.0,0adab909-eb8f-4baf-9eed-7a4cc889cb7c,6E:EC:F8:6B:E6:DB,,-91,1762762668024
49198,1762762673352.0,0adab909-eb8f-4baf-9eed-7a4cc889cb7c,65:6D:DC:78:B9:A5,,-84,1762762668024
49199,1762762675267.0,0adab909-eb8f-4baf-9eed-7a4cc889cb7c,65:A7:B3:47:EB:60,,-87,1762762668024
49200,1762762676192.0,0adab909-eb8f-4baf-9eed-7a4cc889cb7c,77:2C:65:55:8D:07,,-88,1762762668024
49201,1762762677495.0,0adab909-eb8f-4baf-9eed-7a4cc889cb7c,70:17:34:1A:8D:99,,-91,1762762668024
49202,1762762678445.0,0adab909-eb8f-4baf-9eed-7a4cc889cb7c,7C:1F:72:15:BB:AF,,-91,1762762668024
49203,1762763199471.0,0adab909-eb8f-4baf-9eed-7a4cc889cb7c,5A:69:31:B5:6F:0F,,-82,1762763199450
49204,1762763199485.0,0adab909-eb8f-4baf-9eed-7a4cc889cb7c,7C:31:1E:9F:2E:8C,,-81,1762763199450
49205,1762763199500.0,0adab909-eb8f-4baf-9eed-7a4cc889cb7c,56:0F:D2:9D:48:42,,-88,1762763199450
49206,1762763199516.0,0adab909-eb8f-4baf-9eed-7a4cc889cb7c,98:04:ED:A2:3E:1C,S295b50867b2bc14bC,-86,1762763199450
49207,1762763199530.0,0adab909-eb8f-4baf-9eed-7a4cc889cb7c,65:A7:B3:47:EB:60,,-87,1762763199450
49208,1762763200151.0,0adab909-eb8f-4baf-9eed-7a4cc889cb7c,71:32:DC:4C:C3:75,,-76,1762763199450
49209,1762763200538.0,0adab909-eb8f-4baf-9eed-7a4cc889cb7c,68:CA:C4:8A:40:9C,mbasg,-100,1762763199450
49210,1762763200803.0,0adab909-eb8f-4baf-9eed-7a4cc889cb7c,6B:99:B9:99:95:5F,,-81,1762763199450
49211,1762763200843.0,0adab909-eb8f-4baf-9eed-7a4cc889cb7c,84:25:3F:A3:1F:C2,mitte-home MH22340108,-85,1762763199450
49212,1762763201478.0,0adab909-eb8f-4baf-9eed-7a4cc889cb7c,04:A5:EE:34:62:CC,,-88,1762763199450
49213,1762763202113.0,0adab909-eb8f-4baf-9eed-7a4cc889cb7c,48:A6:D4:E7:BA:14,,-81,1762763199450
49214,1762763202131.0,0adab909-eb8f-4baf-9eed-7a4cc889cb7c,77:2C:65:55:8D:07,,-90,1762763199450
49215,1762763202415.0,0adab909-eb8f-4baf-9eed-7a4cc889cb7c,43:24:E7:31:65:1E,,-91,1762763199450
49216,1762763203761.0,0adab909-eb8f-4baf-9eed-7a4cc889cb7c,44:64:49:01:E4:31,,-93,1762763199450
49217,1762763204991.0,0adab909-eb8f-4baf-9eed-7a4cc889cb7c,61:50:1C:1A:B5:32,,-94,1762763199450
49218,1762763205214.0,0adab909-eb8f-4baf-9eed-7a4cc889cb7c,68:CA:C4:8A:40:9C,mbasg,-100,1762763199450
49219,1762763205650.0,0adab909-eb8f-4baf-9eed-7a4cc889cb7c,D8:CF:BF:51:E4:4D,,-93,1762763199450
49220,1762763208539.0,0adab909-eb8f-4baf-9eed-7a4cc889cb7c,4D:72:DC:64:24:55,,-88,1762763199450
49221,1762763208848.0,0adab909-eb8f-4baf-9eed-7a4cc889cb7c,5A:D6:CD:CC:4C:78,,-88,1762763199450
49222,1762763208870.0,0adab909-eb8f-4baf-9eed-7a4cc889cb7c,5D:31:38:6C:37:75,,-92,1762763199450
49223,1762763799449.0,0adab909-eb8f-4baf-9eed-7a4cc889cb7c,61:50:1C:1A:B5:32,,-84,1762763799430
49224,1762763799487.0,0adab909-eb8f-4baf-9eed-7a4cc889cb7c,07:74:EB:65:06:8E,,-90,1762763799430
49225,1762763799501.0,0adab909-eb8f-4baf-9eed-7a4cc889cb7c,D8:CF:BF:51:E4:4D,,-86,1762763799430
49226,1762763799813.0,0adab909-eb8f-4baf-9eed-7a4cc889cb7c,5A:69:31:B5:6F:0F,,-88,1762763799430
49227,1762763799836.0,0adab909-eb8f-4baf-9eed-7a4cc889cb7c,64:20:43:44:91:49,,-65,1762763799430
49228,1762763800155.0,0adab909-eb8f-4baf-9eed-7a4cc889cb7c,84:25:3F:A3:1F:C2,mitte-home MH22340108,-86,1762763799430
49229,1762763800172.0,0adab909-eb8f-4baf-9eed-7a4cc889cb7c,98:04:ED:A2:3E:1C,S295b50867b2bc14bC,-84,1762763799430
49230,1762763800185.0,0adab909-eb8f-4baf-9eed-7a4cc889cb7c,71:32:DC:4C:C3:75,,-72,1762763799430
49231,1762763800266.0,0adab909-eb8f-4baf-9eed-7a4cc889cb7c,68:CA:C4:8A:40:9C,mbasg,-98,1762763799430
49232,1762763800496.0,0adab909-eb8f-4baf-9eed-7a4cc889cb7c,5D:31:38:6C:37:75,,-95,1762763799430
49233,1762763800516.0,0adab909-eb8f-4baf-9eed-7a4cc889cb7c,57:83:F0:CB:B2:83,,-72,1762763799430
49234,1762763800724.0,0adab909-eb8f-4baf-9eed-7a4cc889cb7c,68:CA:C4:8A:40:9C,mbasg,-100,1762763799430
49235,1762763801477.0,0adab909-eb8f-4baf-9eed-7a4cc889cb7c,7C:31:1E:9F:2E:8C,,-84,1762763799430
49236,1762763801770.0,0adab909-eb8f-4baf-9eed-7a4cc889cb7c,43:24:E7:31:65:1E,,-95,1762763799430
49237,1762763801795.0,0adab909-eb8f-4baf-9eed-7a4cc889cb7c,48:A6:D4:E7:BA:14,,-76,1762763799430
49238,1762763803689.0,0adab909-eb8f-4baf-9eed-7a4cc889cb7c,55:AD:1F:E0:BA:52,,-76,1762763799430
49239,1762763804614.0,0adab909-eb8f-4baf-9eed-7a4cc889cb7c,71:8B:3D:DB:F0:87,,-90,1762763799430
49240,1762763806544.0,0adab909-eb8f-4baf-9eed-7a4cc889cb7c,7C:74:A3:8B:CF:5D,,-89,1762763799430
49241,1762763806558.0,0adab909-eb8f-4baf-9eed-7a4cc889cb7c,26:8D:F4:D6:B1:AF,,-91,1762763799430
49242,1762763807589.0,0adab909-eb8f-4baf-9eed-7a4cc889cb7c,77:2C:65:55:8D:07,,-93,1762763799430
49243,1762763811684.0,0adab909-eb8f-4baf-9eed-7a4cc889cb7c,44:64:49:01:E4:31,,-93,1762763799430
49244,1762764276363.0,0adab909-eb8f-4baf-9eed-7a4cc889cb7c,49:FC:46:01:4D:05,,-62,1762764276321
49245,1762764276384.0,0adab909-eb8f-4baf-9eed-7a4cc889cb7c,54:CB:30:21:DD:EB,,-80,1762764276321
49246,1762764276396.0,0adab909-eb8f-4baf-9eed-7a4cc889cb7c,64:20:43:44:91:49,,-69,1762764276321
49247,1762764276712.0,0adab909-eb8f-4baf-9eed-7a4cc889cb7c,63:A4:40:A2:A3:90,,-90,1762764276321
49248,1762764276731.0,0adab909-eb8f-4baf-9eed-7a4cc889cb7c,7C:74:A3:8B:CF:5D,,-91,1762764276321
49249,1762764276793.0,0adab909-eb8f-4baf-9eed-7a4cc889cb7c,68:CA:C4:8A:40:9C,mbasg,-98,1762764276321
49250,1762764277065.0,0adab909-eb8f-4baf-9eed-7a4cc889cb7c,84:25:3F:A3:1F:C2,mitte-home MH22340108,-84,1762764276321
49251,1762764277371.0,0adab909-eb8f-4baf-9eed-7a4cc889cb7c,67:E8:6D:A3:D1:83,,-85,1762764276321
49252,1762764277735.0,0adab909-eb8f-4baf-9eed-7a4cc889cb7c,55:AD:1F:E0:BA:52,,-74,1762764276321
49253,1762764277750.0,0adab909-eb8f-4baf-9eed-7a4cc889cb7c,71:52:FB:A3:31:96,,-87,1762764276321
49254,1762764277762.0,0adab909-eb8f-4baf-9eed-7a4cc889cb7c,71:8B:3D:DB:F0:87,,-89,1762764276321
49255,1762764278024.0,0adab909-eb8f-4baf-9eed-7a4cc889cb7c,64:DB:B0:11:24:79,,-86,1762764276321
49256,1762764278317.0,0adab909-eb8f-4baf-9eed-7a4cc889cb7c,98:04:ED:A2:3E:1C,S295b50867b2bc14bC,-86,1762764276321
49257,1762764279024.0,0adab909-eb8f-4baf-9eed-7a4cc889cb7c,D8:CF:BF:51:E4:4D,,-90,1762764276321
49258,1762764279266.0,0adab909-eb8f-4baf-9eed-7a4cc889cb7c,4B:EC:A6:DC:29:A9,,-85,1762764276321
49259,1762764279286.0,0adab909-eb8f-4baf-9eed-7a4cc889cb7c,44:46:DA:9B:5F:16,,-85,1762764276321
49260,1762764280243.0,0adab909-eb8f-4baf-9eed-7a4cc889cb7c,6C:72:9F:AA:7A:0A,,-88,1762764276321
49261,1762764280898.0,0adab909-eb8f-4baf-9eed-7a4cc889cb7c,57:83:F0:CB:B2:83,,-74,1762764276321
49262,1762764283165.0,0adab909-eb8f-4baf-9eed-7a4cc889cb7c,62:E2:D5:08:84:49,,-89,1762764276321
49263,1762764288242.0,0adab909-eb8f-4baf-9eed-7a4cc889cb7c,40:43:00:10:A0:D8,,-91,1762764276321
49264,1762764930467.0,0adab909-eb8f-4baf-9eed-7a4cc889cb7c,5B:D9:2B:65:B2:4A,,-73,1762764930432
49265,1762764930503.0,0adab909-eb8f-4baf-9eed-7a4cc889cb7c,84:25:3F:A3:1F:C2,mitte-home MH22340108,-93,1762764930432
49266,1762764930857.0,0adab909-eb8f-4baf-9eed-7a4cc889cb7c,71:07:F2:73:31:CD,,-86,1762764930432
49267,1762764931198.0,0adab909-eb8f-4baf-9eed-7a4cc889cb7c,63:A4:40:A2:A3:90,,-90,1762764930432
49268,1762764931280.0,0adab909-eb8f-4baf-9eed-7a4cc889cb7c,68:CA:C4:8A:40:9C,mbasg,-100,1762764930432
49269,1762764931928.0,0adab909-eb8f-4baf-9eed-7a4cc889cb7c,68:CA:C4:8A:40:9C,mbasg,-100,1762764930432
49270,1762764932135.0,0adab909-eb8f-4baf-9eed-7a4cc889cb7c,64:DB:B0:11:24:79,,-88,1762764930432
49271,1762764932411.0,0adab909-eb8f-4baf-9eed-7a4cc889cb7c,49:FC:46:01:4D:05,,-76,1762764930432
49272,1762764932429.0,0adab909-eb8f-4baf-9eed-7a4cc889cb7c,70:16:EE:07:ED:9B,,-77,1762764930432
49273,1762764932749.0,0adab909-eb8f-4baf-9eed-7a4cc889cb7c,5C:3A:D1:A4:4E:D1,,-62,1762764930432
49274,1762764933382.0,0adab909-eb8f-4baf-9eed-7a4cc889cb7c,5A:59:C3:46:9F:BA,,-88,1762764930432
49275,1762764934336.0,0adab909-eb8f-4baf-9eed-7a4cc889cb7c,72:BB:B1:4D:21:CC,,-80,1762764930432
49276,1762764935673.0,0adab909-eb8f-4baf-9eed-7a4cc889cb7c,52:25:AB:E1:D1:60,,-85,1762764930432
49277,1762764937251.0,0adab909-eb8f-4baf-9eed-7a4cc889cb7c,45:CF:49:45:94:DD,,-90,1762764930432
49278,1762764937527.0,0adab909-eb8f-4baf-9eed-7a4cc889cb7c,7E:94:F6:00:F9:C5,,-90,1762764930432
49279,1762764938835.0,0adab909-eb8f-4baf-9eed-7a4cc889cb7c,6C:72:9F:AA:7A:0A,,-90,1762764930432
49280,1762764939508.0,0adab909-eb8f-4baf-9eed-7a4cc889cb7c,62:E2:D5:08:84:49,,-94,1762764930432
49281,1762764941412.0,0adab909-eb8f-4baf-9eed-7a4cc889cb7c,98:04:ED:A2:3E:1C,S295b50867b2bc14bC,-85,1762764930432
49282,1762765497849.0,0adab909-eb8f-4baf-9eed-7a4cc889cb7c,7E:94:F6:00:F9:C5,,-80,1762765497830
49283,1762765497881.0,0adab909-eb8f-4baf-9eed-7a4cc889cb7c,98:04:ED:A2:3E:1C,S295b50867b2bc14bC,-79,1762765497830
49284,1762765497897.0,0adab909-eb8f-4baf-9eed-7a4cc889cb7c,5A:59:C3:46:9F:BA,,-87,1762765497830
49285,1762765497915.0,0adab909-eb8f-4baf-9eed-7a4cc889cb7c,71:07:F2:73:31:CD,,-81,1762765497830
49286,1762765498198.0,0adab909-eb8f-4baf-9eed-7a4cc889cb7c,53:50:91:F7:C6:43,,-84,1762765497830
49287,1762765498232.0,0adab909-eb8f-4baf-9eed-7a4cc889cb7c,84:25:3F:A3:1F:C2,mitte-home MH22340108,-74,1762765497830
49288,1762765498496.0,0adab909-eb8f-4baf-9eed-7a4cc889cb7c,6D:E1:52:F0:70:2D,,-90,1762765497830
49289,1762765498526.0,0adab909-eb8f-4baf-9eed-7a4cc889cb7c,61:C7:BE:74:A2:1D,,-81,1762765497830
49290,1762765498543.0,0adab909-eb8f-4baf-9eed-7a4cc889cb7c,45:CF:49:45:94:DD,,-78,1762765497830
49291,1762765498865.0,0adab909-eb8f-4baf-9eed-7a4cc889cb7c,6A:D1:D2:9A:5C:5E,,-82,1762765497830
49292,1762765498954.0,0adab909-eb8f-4baf-9eed-7a4cc889cb7c,68:CA:C4:8A:40:9C,mbasg,-97,1762765497830
49293,1762765499845.0,0adab909-eb8f-4baf-9eed-7a4cc889cb7c,69:C5:96:92:31:EA,,-83,1762765497830
49294,1762765500125.0,0adab909-eb8f-4baf-9eed-7a4cc889cb7c,58:EF:F9:A0:7F:B5,,-88,1762765497830
49295,1762765500162.0,0adab909-eb8f-4baf-9eed-7a4cc889cb7c,48:D6:A8:16:4B:6A,,-86,1762765497830
49296,1762765500469.0,0adab909-eb8f-4baf-9eed-7a4cc889cb7c,5B:D9:2B:65:B2:4A,,-67,1762765497830
49297,1762765500488.0,0adab909-eb8f-4baf-9eed-7a4cc889cb7c,48:E9:AF:25:57:2A,,-79,1762765497830
49298,1762765500789.0,0adab909-eb8f-4baf-9eed-7a4cc889cb7c,3B:9F:2F:F9:9E:67,,-92,1762765497830
49299,1762765501096.0,0adab909-eb8f-4baf-9eed-7a4cc889cb7c,52:25:AB:E1:D1:60,,-84,1762765497830
49300,1762765504927.0,0adab909-eb8f-4baf-9eed-7a4cc889cb7c,D8:CF:BF:51:E4:4D,,-86,1762765497830
49301,1762765504957.0,0adab909-eb8f-4baf-9eed-7a4cc889cb7c,70:16:EE:07:ED:9B,,-68,1762765497830
49302,1762765512441.0,0adab909-eb8f-4baf-9eed-7a4cc889cb7c,20:28:BC:1A:1F:47,,-100,1762765497830
49303,1762765517281.0,0adab909-eb8f-4baf-9eed-7a4cc889cb7c,11:82:BC:5C:D9:47,,-91,1762765497830
49304,1762765517306.0,0adab909-eb8f-4baf-9eed-7a4cc889cb7c,16:6E:50:2C:6B:9D,,-70,1762765497830
49305,1762765517321.0,0adab909-eb8f-4baf-9eed-7a4cc889cb7c,5B:D9:2B:65:B2:4A,,-71,1762765497830
49306,1762765517338.0,0adab909-eb8f-4baf-9eed-7a4cc889cb7c,0A:E5:34:6D:45:28,,-58,1762765497830
49307,1762765517362.0,0adab909-eb8f-4baf-9eed-7a4cc889cb7c,5A:59:C3:46:9F:BA,,-94,1762765497830
49308,1762765517378.0,0adab909-eb8f-4baf-9eed-7a4cc889cb7c,38:94:E0:85:15:AB,,-75,1762765497830
49309,1762765517396.0,0adab909-eb8f-4baf-9eed-7a4cc889cb7c,3C:62:71:1F:1F:5D,,-90,1762765497830
49310,1762765517415.0,0adab909-eb8f-4baf-9eed-7a4cc889cb7c,05:CE:36:DF:EB:F2,,-66,1762765497830
49311,1762765517447.0,0adab909-eb8f-4baf-9eed-7a4cc889cb7c,1E:DA:D0:56:BC:8B,,-79,1762765497830
49312,1762765517462.0,0adab909-eb8f-4baf-9eed-7a4cc889cb7c,6D:E1:52:F0:70:2D,,-88,1762765497830
49313,1762765517479.0,0adab909-eb8f-4baf-9eed-7a4cc889cb7c,39:5B:6D:57:A7:D2,,-94,1762765497830
49314,1762765518440.0,0adab909-eb8f-4baf-9eed-7a4cc889cb7c,19:86:55:4D:6E:3B,,-78,1762765497830
49315,1762765518472.0,0adab909-eb8f-4baf-9eed-7a4cc889cb7c,DA:0B:18:25:D1:C1,,-81,1762765497830
49316,1762765518517.0,0adab909-eb8f-4baf-9eed-7a4cc889cb7c,73:65:FF:3F:A0:99,,-87,1762765497830
49317,1762765518540.0,0adab909-eb8f-4baf-9eed-7a4cc889cb7c,7E:94:F6:00:F9:C5,,-80,1762765497830
49318,1762765518553.0,0adab909-eb8f-4baf-9eed-7a4cc889cb7c,69:C5:96:92:31:EA,,-88,1762765497830
49319,1762765518564.0,0adab909-eb8f-4baf-9eed-7a4cc889cb7c,24:CD:AB:27:FD:DF,,-87,1762765497830
49320,1762765518575.0,0adab909-eb8f-4baf-9eed-7a4cc889cb7c,71:07:F2:73:31:CD,,-85,1762765497830
49321,1762765518589.0,0adab909-eb8f-4baf-9eed-7a4cc889cb7c,21:0B:C3:BC:EC:3B,,-89,1762765497830
49322,1762765518600.0,0adab909-eb8f-4baf-9eed-7a4cc889cb7c,61:C7:BE:74:A2:1D,,-88,1762765497830
49323,1762765518611.0,0adab909-eb8f-4baf-9eed-7a4cc889cb7c,84:25:3F:A3:1F:C2,mitte-home MH22340108,-77,1762765497830
49324,1762765518621.0,0adab909-eb8f-4baf-9eed-7a4cc889cb7c,D2:A9:8A:2F:BF:40,,-90,1762765497830
49325,1762765519293.0,0adab909-eb8f-4baf-9eed-7a4cc889cb7c,F6:1C:68:94:62:02,,-89,1762765497830
49326,1762765519324.0,0adab909-eb8f-4baf-9eed-7a4cc889cb7c,53:50:91:F7:C6:43,,-83,1762765497830
49327,1762765519338.0,0adab909-eb8f-4baf-9eed-7a4cc889cb7c,3B:9F:2F:F9:9E:67,,-84,1762765497830
49328,1762765519353.0,0adab909-eb8f-4baf-9eed-7a4cc889cb7c,5F:6D:A6:5D:0E:A7,,-94,1762765497830
49329,1762765520286.0,0adab909-eb8f-4baf-9eed-7a4cc889cb7c,98:04:ED:A2:3E:1C,S295b50867b2bc14bC,-83,1762765497830
49330,1762765520316.0,0adab909-eb8f-4baf-9eed-7a4cc889cb7c,0A:E5:34:6D:45:28,,-61,1762765497830
49331,1762766431835.0,0adab909-eb8f-4baf-9eed-7a4cc889cb7c,55:65:95:9F:1A:C7,,-89,1762766431814
49332,1762766431862.0,0adab909-eb8f-4baf-9eed-7a4cc889cb7c,98:04:ED:A2:3E:1C,S295b50867b2bc14bC,-87,1762766431814
49333,1762766432002.0,0adab909-eb8f-4baf-9eed-7a4cc889cb7c,6D:E1:52:F0:70:2D,,-92,1762766431814
49334,1762766432411.0,0adab909-eb8f-4baf-9eed-7a4cc889cb7c,84:25:3F:A3:1F:C2,mitte-home MH22340108,-90,1762766431814
49335,1762766432425.0,0adab909-eb8f-4baf-9eed-7a4cc889cb7c,D8:CF:BF:51:E4:4D,,-87,1762766431814
49336,1762766432435.0,0adab909-eb8f-4baf-9eed-7a4cc889cb7c,4F:08:71:32:1D:2D,,-92,1762766431814
49337,1762766432757.0,0adab909-eb8f-4baf-9eed-7a4cc889cb7c,6D:18:CA:53:EF:6D,,-81,1762766431814
49338,1762766432824.0,0adab909-eb8f-4baf-9eed-7a4cc889cb7c,68:3F:74:13:DD:76,,-82,1762766431814
49339,1762766433445.0,0adab909-eb8f-4baf-9eed-7a4cc889cb7c,69:C5:96:92:31:EA,,-85,1762766431814
49340,1762766433784.0,0adab909-eb8f-4baf-9eed-7a4cc889cb7c,73:5D:08:C2:94:2C,,-88,1762766431814
49341,1762766434020.0,0adab909-eb8f-4baf-9eed-7a4cc889cb7c,68:CA:C4:8A:40:9C,mbasg,-99,1762766431814
49342,1762766434701.0,0adab909-eb8f-4baf-9eed-7a4cc889cb7c,71:EA:A0:DD:F4:69,,-87,1762766431814
49343,1762766434714.0,0adab909-eb8f-4baf-9eed-7a4cc889cb7c,70:05:2B:21:8A:5C,,-84,1762766431814
49344,1762766434730.0,0adab909-eb8f-4baf-9eed-7a4cc889cb7c,6B:BF:D8:7A:7E:0F,,-88,1762766431814
49345,1762766435015.0,0adab909-eb8f-4baf-9eed-7a4cc889cb7c,6D:C0:20:DD:A4:8E,,-87,1762766431814
49346,1762766435032.0,0adab909-eb8f-4baf-9eed-7a4cc889cb7c,4D:A5:89:76:84:BE,,-88,1762766431814
49347,1762766435403.0,0adab909-eb8f-4baf-9eed-7a4cc889cb7c,5B:D9:2B:65:B2:4A,,-61,1762766431814
49348,1762766435707.0,0adab909-eb8f-4baf-9eed-7a4cc889cb7c,7E:0D:45:B4:45:DB,,-93,1762766431814
49349,1762766435963.0,0adab909-eb8f-4baf-9eed-7a4cc889cb7c,76:BF:97:E8:EC:48,,-82,1762766431814
49350,1762766437606.0,0adab909-eb8f-4baf-9eed-7a4cc889cb7c,47:52:ED:E5:47:FA,,-89,1762766431814
49351,1762766440468.0,0adab909-eb8f-4baf-9eed-7a4cc889cb7c,2A:02:AD:33:5C:37,,-91,1762766431814
49352,1762766443350.0,0adab909-eb8f-4baf-9eed-7a4cc889cb7c,18:90:67:26:AA:8F,,-87,1762766431814
49353,1762766443371.0,0adab909-eb8f-4baf-9eed-7a4cc889cb7c,78:D4:52:FF:55:1B,,-90,1762766431814
49354,1762766443381.0,0adab909-eb8f-4baf-9eed-7a4cc889cb7c,11:5D:08:E9:B4:86,,-89,1762766431814
49355,1762766443393.0,0adab909-eb8f-4baf-9eed-7a4cc889cb7c,78:88:BB:37:D6:33,,-90,1762766431814
49356,1762766444006.0,0adab909-eb8f-4baf-9eed-7a4cc889cb7c,7D:78:F4:6F:F0:5A,,-88,1762766431814
49357,1762766963003.0,0adab909-eb8f-4baf-9eed-7a4cc889cb7c,0F:B3:F4:B6:CC:16,,-86,1762766963000
49358,1762766963023.0,0adab909-eb8f-4baf-9eed-7a4cc889cb7c,5B:D9:2B:65:B2:4A,,-66,1762766963000
49359,1762766963040.0,0adab909-eb8f-4baf-9eed-7a4cc889cb7c,51:DB:5D:43:1B:B6,,-73,1762766963000
49360,1762766963062.0,0adab909-eb8f-4baf-9eed-7a4cc889cb7c,70:05:2B:21:8A:5C,,-88,1762766963000
49361,1762766963153.0,0adab909-eb8f-4baf-9eed-7a4cc889cb7c,5C:C1:49:FB:8F:6D,,-85,1762766963000
49362,1762766963796.0,0adab909-eb8f-4baf-9eed-7a4cc889cb7c,84:25:3F:A3:1F:C2,mitte-home MH22340108,-81,1762766963000
49363,1762766963843.0,0adab909-eb8f-4baf-9eed-7a4cc889cb7c,7A:D4:C4:A9:81:C1,,-87,1762766963000
49364,1762766963867.0,0adab909-eb8f-4baf-9eed-7a4cc889cb7c,7D:DF:0E:99:5B:EC,,-94,1762766963000
49365,1762766964023.0,0adab909-eb8f-4baf-9eed-7a4cc889cb7c,68:CA:C4:8A:40:9C,mbasg,-91,1762766963000
49366,1762766964156.0,0adab909-eb8f-4baf-9eed-7a4cc889cb7c,61:53:3A:5E:F9:6F,,-89,1762766963000
49367,1762766965144.0,0adab909-eb8f-4baf-9eed-7a4cc889cb7c,68:CA:C4:8A:40:9C,mbasg,-92,1762766963000
49368,1762766965721.0,0adab909-eb8f-4baf-9eed-7a4cc889cb7c,4D:A5:89:76:84:BE,,-87,1762766963000
49369,1762766965746.0,0adab909-eb8f-4baf-9eed-7a4cc889cb7c,6D:18:CA:53:EF:6D,,-83,1762766963000
49370,1762766966607.0,0adab909-eb8f-4baf-9eed-7a4cc889cb7c,20:28:BC:1A:1F:47,[LG] webOS TV OLED65C17LB,-100,1762766963000
49371,1762766967345.0,0adab909-eb8f-4baf-9eed-7a4cc889cb7c,6B:BF:D8:7A:7E:0F,,-89,1762766963000
49372,1762766967626.0,0adab909-eb8f-4baf-9eed-7a4cc889cb7c,D8:CF:BF:51:E4:4D,,-81,1762766963000
49373,1762766967935.0,0adab909-eb8f-4baf-9eed-7a4cc889cb7c,98:04:ED:A2:3E:1C,S295b50867b2bc14bC,-76,1762766963000
49374,1762766968615.0,0adab909-eb8f-4baf-9eed-7a4cc889cb7c,69:DB:4C:88:33:75,,-94,1762766963000
49375,1762766968937.0,0adab909-eb8f-4baf-9eed-7a4cc889cb7c,64:98:72:44:C2:2A,,-83,1762766963000
49376,1762766970830.0,0adab909-eb8f-4baf-9eed-7a4cc889cb7c,5F:F0:C4:20:27:9D,,-84,1762766963000
49377,1762766971137.0,0adab909-eb8f-4baf-9eed-7a4cc889cb7c,47:52:ED:E5:47:FA,,-84,1762766963000
49378,1762766971194.0,0adab909-eb8f-4baf-9eed-7a4cc889cb7c,6D:C0:20:DD:A4:8E,,-77,1762766963000
49379,1762766971540.0,0adab909-eb8f-4baf-9eed-7a4cc889cb7c,60:90:D1:0F:67:2D,,-94,1762766963000
49380,1762766973743.0,0adab909-eb8f-4baf-9eed-7a4cc889cb7c,1F:FA:18:4F:D7:0D,,-89,1762766963000
49381,1762766975617.0,0adab909-eb8f-4baf-9eed-7a4cc889cb7c,D8:CF:BF:51:E4:4D,,-83,1762766963000
49382,1762766975655.0,0adab909-eb8f-4baf-9eed-7a4cc889cb7c,39:5E:B9:E9:56:D3,,-82,1762766963000
49383,1762766975708.0,0adab909-eb8f-4baf-9eed-7a4cc889cb7c,32:2D:E8:DE:F7:12,,-94,1762766963000
49384,1762766975773.0,0adab909-eb8f-4baf-9eed-7a4cc889cb7c,D7:D0:39:D3:4C:E8,,-91,1762766963000
49385,1762766975800.0,0adab909-eb8f-4baf-9eed-7a4cc889cb7c,98:04:ED:A2:3E:1C,S295b50867b2bc14bC,-83,1762766963000
49386,1762766975835.0,0adab909-eb8f-4baf-9eed-7a4cc889cb7c,07:03:30:C2:9F:50,,-76,1762766963000
49387,1762766975864.0,0adab909-eb8f-4baf-9eed-7a4cc889cb7c,3B:40:09:50:57:3D,,-83,1762766963000
49388,1762766975885.0,0adab909-eb8f-4baf-9eed-7a4cc889cb7c,03:C9:DA:6D:3A:EB,,-71,1762766963000
49389,1762766975905.0,0adab909-eb8f-4baf-9eed-7a4cc889cb7c,25:B8:2E:4F:69:21,,-76,1762766963000
49390,1762766975927.0,0adab909-eb8f-4baf-9eed-7a4cc889cb7c,3C:5E:9B:70:37:29,,-47,1762766963000
49391,1762766975951.0,0adab909-eb8f-4baf-9eed-7a4cc889cb7c,51:DB:5D:43:1B:B6,,-70,1762766963000
49392,1762766975975.0,0adab909-eb8f-4baf-9eed-7a4cc889cb7c,33:98:D5:47:44:4D,,-92,1762766963000
49393,1762766976027.0,0adab909-eb8f-4baf-9eed-7a4cc889cb7c,5F:F0:C4:20:27:9D,,-85,1762766963000
49394,1762766976050.0,0adab909-eb8f-4baf-9eed-7a4cc889cb7c,3E:01:6E:44:10:96,,-63,1762766963000
49395,1762766976068.0,0adab909-eb8f-4baf-9eed-7a4cc889cb7c,9E:7B:EF:81:78:BC,,-90,1762766963000
49396,1762766976127.0,0adab909-eb8f-4baf-9eed-7a4cc889cb7c,3B:6A:67:DF:03:91,,-62,1762766963000
49397,1762766976155.0,0adab909-eb8f-4baf-9eed-7a4cc889cb7c,47:52:ED:E5:47:FA,,-82,1762766963000
49398,1762766976189.0,0adab909-eb8f-4baf-9eed-7a4cc889cb7c,E4:53:E9:D1:9B:1B,,-84,1762766963000
49399,1762766976217.0,0adab909-eb8f-4baf-9eed-7a4cc889cb7c,70:05:2B:21:8A:5C,,-82,1762766963000
49400,1762766976665.0,0adab909-eb8f-4baf-9eed-7a4cc889cb7c,5C:C1:49:FB:8F:6D,,-84,1762766963000
49401,1762766976695.0,0adab909-eb8f-4baf-9eed-7a4cc889cb7c,7C:0C:35:D7:CD:B0,LE-Bose QC45,-89,1762766963000
49402,1762766976719.0,0adab909-eb8f-4baf-9eed-7a4cc889cb7c,6D:C0:20:DD:A4:8E,,-87,1762766963000
49403,1762766976751.0,0adab909-eb8f-4baf-9eed-7a4cc889cb7c,84:25:3F:A3:1F:C2,mitte-home MH22340108,-74,1762766963000
49404,1762766976781.0,0adab909-eb8f-4baf-9eed-7a4cc889cb7c,4D:25:F7:7D:AC:FE,,-81,1762766963000
49405,1762766976828.0,0adab909-eb8f-4baf-9eed-7a4cc889cb7c,6D:18:CA:53:EF:6D,,-78,1762766963000
49406,1762766976899.0,0adab909-eb8f-4baf-9eed-7a4cc889cb7c,6B:BF:D8:7A:7E:0F,,-90,1762766963000
49407,1762766976924.0,0adab909-eb8f-4baf-9eed-7a4cc889cb7c,FF:CC:AA:8A:C7:EE,,-82,1762766963000
49408,1762766976956.0,0adab909-eb8f-4baf-9eed-7a4cc889cb7c,7A:D4:C4:A9:81:C1,,-86,1762766963000
49409,1762766976985.0,0adab909-eb8f-4baf-9eed-7a4cc889cb7c,4D:A5:89:76:84:BE,,-86,1762766963000
49410,1762766977632.0,0adab909-eb8f-4baf-9eed-7a4cc889cb7c,61:53:3A:5E:F9:6F,,-87,1762766963000
49411,1762766977660.0,0adab909-eb8f-4baf-9eed-7a4cc889cb7c,03:1E:DE:28:FB:AC,,-91,1762766963000
49412,1762766977722.0,0adab909-eb8f-4baf-9eed-7a4cc889cb7c,64:98:72:44:C2:2A,,-83,1762766963000
49413,1762766977742.0,0adab909-eb8f-4baf-9eed-7a4cc889cb7c,5B:D9:2B:65:B2:4A,,-60,1762766963000
49414,1762766977757.0,0adab909-eb8f-4baf-9eed-7a4cc889cb7c,69:DB:4C:88:33:75,,-87,1762766963000
49415,1762766977774.0,0adab909-eb8f-4baf-9eed-7a4cc889cb7c,7D:DF:0E:99:5B:EC,,-88,1762766963000
49416,1762767564401.0,0adab909-eb8f-4baf-9eed-7a4cc889cb7c,65:2B:97:4C:3B:C6,,-92,1762767564398
49417,1762767565390.0,0adab909-eb8f-4baf-9eed-7a4cc889cb7c,84:25:3F:A3:1F:C2,mitte-home MH22340108,-87,1762767564398
49418,1762767565491.0,0adab909-eb8f-4baf-9eed-7a4cc889cb7c,20:28:BC:1A:1F:47,[LG] webOS TV OLED65C17LB,-100,1762767564398
49419,1762767565729.0,0adab909-eb8f-4baf-9eed-7a4cc889cb7c,64:98:72:44:C2:2A,,-89,1762767564398
49420,1762767565754.0,0adab909-eb8f-4baf-9eed-7a4cc889cb7c,7A:D4:C4:A9:81:C1,,-93,1762767564398
49421,1762767566013.0,0adab909-eb8f-4baf-9eed-7a4cc889cb7c,49:AF:8C:00:72:CE,,-61,1762767564398
49422,1762767568911.0,0adab909-eb8f-4baf-9eed-7a4cc889cb7c,98:04:ED:A2:3E:1C,S295b50867b2bc14bC,-82,1762767564398
49423,1762767569300.0,0adab909-eb8f-4baf-9eed-7a4cc889cb7c,70:43:BC:36:27:AB,,-74,1762767564398
49424,1762767572136.0,0adab909-eb8f-4baf-9eed-7a4cc889cb7c,D8:CF:BF:51:E4:4D,,-90,1762767564398
49425,1762767574062.0,0adab909-eb8f-4baf-9eed-7a4cc889cb7c,5C:C1:49:FB:8F:6D,,-90,1762767564398
49426,1762767863201.0,0adab909-eb8f-4baf-9eed-7a4cc889cb7c,98:04:ED:A2:3E:1C,S295b50867b2bc14bC,-86,1762767862482
49427,1762767863221.0,0adab909-eb8f-4baf-9eed-7a4cc889cb7c,51:C7:1B:01:11:B3,,-87,1762767862482
49428,1762767863547.0,0adab909-eb8f-4baf-9eed-7a4cc889cb7c,84:25:3F:A3:1F:C2,mitte-home MH22340108,-88,1762767862482
49429,1762767863858.0,0adab909-eb8f-4baf-9eed-7a4cc889cb7c,49:AF:8C:00:72:CE,,-70,1762767862482
49430,1762767865770.0,0adab909-eb8f-4baf-9eed-7a4cc889cb7c,D8:CF:BF:51:E4:4D,,-80,1762767862482
49431,1762767869317.0,0adab909-eb8f-4baf-9eed-7a4cc889cb7c,76:06:BB:60:16:17,,-89,1762767862482
49432,1762767869622.0,0adab909-eb8f-4baf-9eed-7a4cc889cb7c,70:43:BC:36:27:AB,,-74,1762767862482
49433,1762768480850.0,0adab909-eb8f-4baf-9eed-7a4cc889cb7c,70:43:BC:36:27:AB,,-78,1762768480728
49434,1762768480889.0,0adab909-eb8f-4baf-9eed-7a4cc889cb7c,49:AF:8C:00:72:CE,,-78,1762768480728
49435,1762768481112.0,0adab909-eb8f-4baf-9eed-7a4cc889cb7c,84:25:3F:A3:1F:C2,mitte-home MH22340108,-88,1762768480728
49436,1762768481134.0,0adab909-eb8f-4baf-9eed-7a4cc889cb7c,7D:0B:C7:86:33:80,,-85,1762768480728
49437,1762768481515.0,0adab909-eb8f-4baf-9eed-7a4cc889cb7c,98:04:ED:A2:3E:1C,S295b50867b2bc14bC,-85,1762768480728
49438,1762768482121.0,0adab909-eb8f-4baf-9eed-7a4cc889cb7c,3A:92:22:31:1C:25,,-92,1762768480728
49439,1762768482740.0,0adab909-eb8f-4baf-9eed-7a4cc889cb7c,D8:CF:BF:51:E4:4D,,-86,1762768480728
49440,1762768484998.0,0adab909-eb8f-4baf-9eed-7a4cc889cb7c,47:B0:DE:50:C8:D3,,-87,1762768480728
49441,1762768486986.0,0adab909-eb8f-4baf-9eed-7a4cc889cb7c,20:28:BC:1A:1F:47,[LG] webOS TV OLED65C17LB,-100,1762768480728
49442,1762768493450.0,0adab909-eb8f-4baf-9eed-7a4cc889cb7c,20:28:BC:1A:1F:47,[LG] webOS TV OLED65C17LB,-100,1762768480728
49443,1762769104465.0,0adab909-eb8f-4baf-9eed-7a4cc889cb7c,49:AF:8C:00:72:CE,,-78,1762769104385
49444,1762769104492.0,0adab909-eb8f-4baf-9eed-7a4cc889cb7c,84:25:3F:A3:1F:C2,mitte-home MH22340108,-88,1762769104385
49445,1762769104772.0,0adab909-eb8f-4baf-9eed-7a4cc889cb7c,D8:CF:BF:51:E4:4D,,-89,1762769104385
49446,1762769104794.0,0adab909-eb8f-4baf-9eed-7a4cc889cb7c,59:3A:84:2F:4B:71,,-83,1762769104385
49447,1762769105447.0,0adab909-eb8f-4baf-9eed-7a4cc889cb7c,98:04:ED:A2:3E:1C,S295b50867b2bc14bC,-90,1762769104385
49448,1762769105495.0,0adab909-eb8f-4baf-9eed-7a4cc889cb7c,47:B0:DE:50:C8:D3,,-89,1762769104385
49449,1762769107367.0,0adab909-eb8f-4baf-9eed-7a4cc889cb7c,70:43:BC:36:27:AB,,-77,1762769104385
49450,1762769107661.0,0adab909-eb8f-4baf-9eed-7a4cc889cb7c,98:04:ED:BC:A8:A3,S61cb085cb4067bacC,-94,1762769104385
49451,1762769107678.0,0adab909-eb8f-4baf-9eed-7a4cc889cb7c,76:06:BB:60:16:17,,-84,1762769104385
49452,1762769116003.0,0adab909-eb8f-4baf-9eed-7a4cc889cb7c,7B:CC:C0:EE:21:E1,,-91,1762769104385
49453,1762769801140.0,0adab909-eb8f-4baf-9eed-7a4cc889cb7c,84:25:3F:A3:1F:C2,mitte-home MH22340108,-88,1762769801135
49454,1762769801163.0,0adab909-eb8f-4baf-9eed-7a4cc889cb7c,7C:E8:B3:DD:BB:49,,-81,1762769801135
49455,1762769801817.0,0adab909-eb8f-4baf-9eed-7a4cc889cb7c,5F:80:52:CE:02:95,,-93,1762769801135
49456,1762769801834.0,0adab909-eb8f-4baf-9eed-7a4cc889cb7c,70:2D:7B:4D:72:52,,-64,1762769801135
49457,1762769802377.0,0adab909-eb8f-4baf-9eed-7a4cc889cb7c,54:BC:5F:F1:A6:47,,-77,1762769801135
49458,1762769802421.0,0adab909-eb8f-4baf-9eed-7a4cc889cb7c,58:AF:DF:AD:7B:C9,,-68,1762769801135
49459,1762769802435.0,0adab909-eb8f-4baf-9eed-7a4cc889cb7c,4E:FA:E3:CD:2D:2A,,-89,1762769801135
49460,1762769802755.0,0adab909-eb8f-4baf-9eed-7a4cc889cb7c,9E:7B:EF:81:78:BC,,-92,1762769801135
49461,1762769802776.0,0adab909-eb8f-4baf-9eed-7a4cc889cb7c,D8:CF:BF:51:E4:4D,,-89,1762769801135
49462,1762769803752.0,0adab909-eb8f-4baf-9eed-7a4cc889cb7c,47:BF:7E:B6:C4:5D,,-71,1762769801135
49463,1762769804961.0,0adab909-eb8f-4baf-9eed-7a4cc889cb7c,52:96:3C:BB:12:EE,,-85,1762769801135
49464,1762769805297.0,0adab909-eb8f-4baf-9eed-7a4cc889cb7c,7B:95:9D:2F:C5:91,,-69,1762769801135
49465,1762769807237.0,0adab909-eb8f-4baf-9eed-7a4cc889cb7c,98:04:ED:A2:3E:1C,S295b50867b2bc14bC,-85,1762769801135
49466,1762769812994.0,0adab909-eb8f-4baf-9eed-7a4cc889cb7c,16:D7:36:27:90:D2,,-90,1762769801135
49467,1762770320821.0,0adab909-eb8f-4baf-9eed-7a4cc889cb7c,5F:80:52:CE:02:95,,-84,1762770320818
49468,1762770321059.0,0adab909-eb8f-4baf-9eed-7a4cc889cb7c,84:25:3F:A3:1F:C2,mitte-home MH22340108,-83,1762770320818
49469,1762770321136.0,0adab909-eb8f-4baf-9eed-7a4cc889cb7c,98:04:ED:A2:3E:1C,S295b50867b2bc14bC,-83,1762770320818
49470,1762770321152.0,0adab909-eb8f-4baf-9eed-7a4cc889cb7c,71:26:A6:B9:DE:90,,-73,1762770320818
49471,1762770321162.0,0adab909-eb8f-4baf-9eed-7a4cc889cb7c,47:BF:7E:B6:C4:5D,,-74,1762770320818
49472,1762770321174.0,0adab909-eb8f-4baf-9eed-7a4cc889cb7c,70:2D:7B:4D:72:52,,-62,1762770320818
49473,1762770321735.0,0adab909-eb8f-4baf-9eed-7a4cc889cb7c,58:AF:DF:AD:7B:C9,,-66,1762770320818
49474,1762770321749.0,0adab909-eb8f-4baf-9eed-7a4cc889cb7c,52:96:3C:BB:12:EE,,-89,1762770320818
49475,1762770322400.0,0adab909-eb8f-4baf-9eed-7a4cc889cb7c,69:69:FB:3D:DF:37,,-81,1762770320818
49476,1762770324633.0,0adab909-eb8f-4baf-9eed-7a4cc889cb7c,D8:CF:BF:51:E4:4D,,-89,1762770320818
49477,1762770324659.0,0adab909-eb8f-4baf-9eed-7a4cc889cb7c,7B:95:9D:2F:C5:91,,-66,1762770320818
49478,1762770330065.0,0adab909-eb8f-4baf-9eed-7a4cc889cb7c,7A:CA:FF:2C:01:80,,-79,1762770320818
49479,1762770331057.0,0adab909-eb8f-4baf-9eed-7a4cc889cb7c,61:F3:86:4E:C7:84,,-82,1762770320818
49480,1762771152629.0,0adab909-eb8f-4baf-9eed-7a4cc889cb7c,46:59:DD:28:9C:A1,,-76,1762771152624
49481,1762771153425.0,0adab909-eb8f-4baf-9eed-7a4cc889cb7c,71:C6:E2:C6:B3:2E,,-87,1762771152624
49482,1762771153472.0,0adab909-eb8f-4baf-9eed-7a4cc889cb7c,69:69:FB:3D:DF:37,,-84,1762771152624
49483,1762771153491.0,0adab909-eb8f-4baf-9eed-7a4cc889cb7c,49:50:20:B0:C7:E9,,-61,1762771152624
49484,1762771153759.0,0adab909-eb8f-4baf-9eed-7a4cc889cb7c,98:04:ED:A2:3E:1C,S295b50867b2bc14bC,-82,1762771152624
49485,1762771153785.0,0adab909-eb8f-4baf-9eed-7a4cc889cb7c,23:42:2E:CC:45:11,,-91,1762771152624
49486,1762771153800.0,0adab909-eb8f-4baf-9eed-7a4cc889cb7c,58:F4:FA:D0:6B:2D,,-83,1762771152624
49487,1762771154093.0,0adab909-eb8f-4baf-9eed-7a4cc889cb7c,84:25:3F:A3:1F:C2,mitte-home MH22340108,-82,1762771152624
49488,1762771154440.0,0adab909-eb8f-4baf-9eed-7a4cc889cb7c,63:1D:7B:80:13:49,,-91,1762771152624
49489,1762771156338.0,0adab909-eb8f-4baf-9eed-7a4cc889cb7c,74:E1:DE:57:32:42,,-67,1762771152624
49490,1762771156658.0,0adab909-eb8f-4baf-9eed-7a4cc889cb7c,47:8D:59:6D:0B:F0,,-85,1762771152624
49491,1762771157637.0,0adab909-eb8f-4baf-9eed-7a4cc889cb7c,40:36:58:82:83:CE,,-66,1762771152624
49492,1762771157956.0,0adab909-eb8f-4baf-9eed-7a4cc889cb7c,D8:CF:BF:51:E4:4D,,-91,1762771152624
49493,1762771159511.0,0adab909-eb8f-4baf-9eed-7a4cc889cb7c,5B:0D:FB:24:FF:5A,,-84,1762771152624
49494,1762771159838.0,0adab909-eb8f-4baf-9eed-7a4cc889cb7c,54:CD:62:CA:F2:F1,,-84,1762771152624
49495,1762771751397.0,0adab909-eb8f-4baf-9eed-7a4cc889cb7c,58:AE:B4:FF:A0:D1,,-84,1762771751394
49496,1762771751899.0,0adab909-eb8f-4baf-9eed-7a4cc889cb7c,46:59:DD:28:9C:A1,,-74,1762771751394
49497,1762771752252.0,0adab909-eb8f-4baf-9eed-7a4cc889cb7c,40:7A:0A:FC:12:78,,-57,1762771751394
49498,1762771752589.0,0adab909-eb8f-4baf-9eed-7a4cc889cb7c,74:E1:DE:57:32:42,,-70,1762771751394
49499,1762771752611.0,0adab909-eb8f-4baf-9eed-7a4cc889cb7c,7E:99:1D:16:78:FA,,-71,1762771751394
49500,1762771753528.0,0adab909-eb8f-4baf-9eed-7a4cc889cb7c,47:3F:58:5F:D4:78,,-91,1762771751394
49501,1762771753547.0,0adab909-eb8f-4baf-9eed-7a4cc889cb7c,98:04:ED:A2:3E:1C,S295b50867b2bc14bC,-87,1762771751394
49502,1762771753793.0,0adab909-eb8f-4baf-9eed-7a4cc889cb7c,69:30:15:CD:56:D8,,-81,1762771751394
49503,1762771758344.0,0adab909-eb8f-4baf-9eed-7a4cc889cb7c,6C:ED:FC:12:3C:52,,-92,1762771751394
49504,1762771758621.0,0adab909-eb8f-4baf-9eed-7a4cc889cb7c,84:25:3F:A3:1F:C2,mitte-home MH22340108,-89,1762771751394
49505,1762771759002.0,0adab909-eb8f-4baf-9eed-7a4cc889cb7c,26:E9:64:6D:50:FD,,-93,1762771751394
49506,1762771763119.0,0adab909-eb8f-4baf-9eed-7a4cc889cb7c,40:36:58:82:83:CE,,-70,1762771751394
49507,1762772060397.0,0adab909-eb8f-4baf-9eed-7a4cc889cb7c,5E:EF:C5:10:09:00,,-70,1762772060363
49508,1762772060427.0,0adab909-eb8f-4baf-9eed-7a4cc889cb7c,74:E1:DE:57:32:42,,-71,1762772060363
49509,1762772060757.0,0adab909-eb8f-4baf-9eed-7a4cc889cb7c,40:7A:0A:FC:12:78,,-51,1762772060363
49510,1762772061055.0,0adab909-eb8f-4baf-9eed-7a4cc889cb7c,84:25:3F:A3:1F:C2,mitte-home MH22340108,-91,1762772060363
49511,1762772061421.0,0adab909-eb8f-4baf-9eed-7a4cc889cb7c,5F:A0:7A:B0:3D:E9,,-82,1762772060363
49512,1762772061459.0,0adab909-eb8f-4baf-9eed-7a4cc889cb7c,7E:99:1D:16:78:FA,,-67,1762772060363
49513,1762772062381.0,0adab909-eb8f-4baf-9eed-7a4cc889cb7c,47:8D:59:6D:0B:F0,,-84,1762772060363
49514,1762772062661.0,0adab909-eb8f-4baf-9eed-7a4cc889cb7c,98:04:ED:A2:3E:1C,S295b50867b2bc14bC,-80,1762772060363
49515,1762772063347.0,0adab909-eb8f-4baf-9eed-7a4cc889cb7c,40:36:58:82:83:CE,,-70,1762772060363
49516,1762772064948.0,0adab909-eb8f-4baf-9eed-7a4cc889cb7c,D8:CF:BF:51:E4:4D,,-87,1762772060363
49517,1762772066220.0,0adab909-eb8f-4baf-9eed-7a4cc889cb7c,43:F0:DD:13:7B:DF,,-89,1762772060363
49518,1762772067143.0,0adab909-eb8f-4baf-9eed-7a4cc889cb7c,69:30:15:CD:56:D8,,-81,1762772060363
49519,1762772070350.0,0adab909-eb8f-4baf-9eed-7a4cc889cb7c,1D:E6:6D:40:E8:70,,-93,1762772060363
49520,1762772071338.0,0adab909-eb8f-4baf-9eed-7a4cc889cb7c,05:B0:6A:0B:E3:E1,,-93,1762772060363
49521,1762772711071.0,0adab909-eb8f-4baf-9eed-7a4cc889cb7c,49:BE:23:08:F8:29,,-73,1762772711045
49522,1762772711119.0,0adab909-eb8f-4baf-9eed-7a4cc889cb7c,84:25:3F:A3:1F:C2,mitte-home MH22340108,-80,1762772711045
49523,1762772711139.0,0adab909-eb8f-4baf-9eed-7a4cc889cb7c,7E:99:1D:16:78:FA,,-73,1762772711045
49524,1762772711748.0,0adab909-eb8f-4baf-9eed-7a4cc889cb7c,40:7A:0A:FC:12:78,,-62,1762772711045
49525,1762772712097.0,0adab909-eb8f-4baf-9eed-7a4cc889cb7c,5B:74:42:06:2B:01,,-81,1762772711045
49526,1762772712390.0,0adab909-eb8f-4baf-9eed-7a4cc889cb7c,5E:EF:C5:10:09:00,,-68,1762772711045
49527,1762772712404.0,0adab909-eb8f-4baf-9eed-7a4cc889cb7c,53:65:2A:85:8F:06,,-88,1762772711045
49528,1762772713375.0,0adab909-eb8f-4baf-9eed-7a4cc889cb7c,45:4D:5E:63:2B:EC,,-84,1762772711045
49529,1762772714004.0,0adab909-eb8f-4baf-9eed-7a4cc889cb7c,98:04:ED:A2:3E:1C,S295b50867b2bc14bC,-81,1762772711045
49530,1762772714337.0,0adab909-eb8f-4baf-9eed-7a4cc889cb7c,64:05:18:3E:F8:C5,,-84,1762772711045
49531,1762772715008.0,0adab909-eb8f-4baf-9eed-7a4cc889cb7c,62:37:2A:95:46:9C,,-69,1762772711045
49532,1762772722046.0,0adab909-eb8f-4baf-9eed-7a4cc889cb7c,D8:CF:BF:51:E4:4D,,-83,1762772711045
49533,1762773311062.0,0adab909-eb8f-4baf-9eed-7a4cc889cb7c,43:F0:DD:13:7B:DF,,-87,1762773311046
49534,1762773311112.0,0adab909-eb8f-4baf-9eed-7a4cc889cb7c,84:25:3F:A3:1F:C2,mitte-home MH22340108,-77,1762773311046
49535,1762773311134.0,0adab909-eb8f-4baf-9eed-7a4cc889cb7c,6D:7B:D1:8B:6B:B1,,-63,1762773311046
49536,1762773311780.0,0adab909-eb8f-4baf-9eed-7a4cc889cb7c,7F:1A:A5:75:70:61,,-68,1762773311046
49537,1762773312100.0,0adab909-eb8f-4baf-9eed-7a4cc889cb7c,53:65:2A:85:8F:06,,-80,1762773311046
49538,1762773312453.0,0adab909-eb8f-4baf-9eed-7a4cc889cb7c,49:BE:23:08:F8:29,,-71,1762773311046
49539,1762773314026.0,0adab909-eb8f-4baf-9eed-7a4cc889cb7c,7C:A3:9F:A5:DC:70,,-72,1762773311046
49540,1762773314328.0,0adab909-eb8f-4baf-9eed-7a4cc889cb7c,45:4D:5E:63:2B:EC,,-85,1762773311046
49541,1762773315948.0,0adab909-eb8f-4baf-9eed-7a4cc889cb7c,7F:33:DA:9D:B5:0C,,-89,1762773311046
49542,1762773316263.0,0adab909-eb8f-4baf-9eed-7a4cc889cb7c,98:04:ED:A2:3E:1C,S295b50867b2bc14bC,-83,1762773311046
49543,1762773319170.0,0adab909-eb8f-4baf-9eed-7a4cc889cb7c,D8:CF:BF:51:E4:4D,,-88,1762773311046
49544,1762773319423.0,0adab909-eb8f-4baf-9eed-7a4cc889cb7c,62:37:2A:95:46:9C,,-73,1762773311046
49545,1762773322026.0,0adab909-eb8f-4baf-9eed-7a4cc889cb7c,1C:EF:42:63:B2:23,,-87,1762773311046
49546,1762773911464.0,0adab909-eb8f-4baf-9eed-7a4cc889cb7c,6A:5C:26:36:D4:F6,,-80,1762773911045
49547,1762773911481.0,0adab909-eb8f-4baf-9eed-7a4cc889cb7c,4A:8B:BC:1C:51:31,,-80,1762773911045
49548,1762773911766.0,0adab909-eb8f-4baf-9eed-7a4cc889cb7c,70:27:29:22:33:69,,-73,1762773911045
49549,1762773911780.0,0adab909-eb8f-4baf-9eed-7a4cc889cb7c,7A:FF:C0:BD:E9:C3,,-69,1762773911045
49550,1762773911790.0,0adab909-eb8f-4baf-9eed-7a4cc889cb7c,6D:7B:D1:8B:6B:B1,,-76,1762773911045
49551,1762773911802.0,0adab909-eb8f-4baf-9eed-7a4cc889cb7c,7C:A3:9F:A5:DC:70,,-69,1762773911045
49552,1762773912098.0,0adab909-eb8f-4baf-9eed-7a4cc889cb7c,7F:1A:A5:75:70:61,,-52,1762773911045
49553,1762773912742.0,0adab909-eb8f-4baf-9eed-7a4cc889cb7c,84:25:3F:A3:1F:C2,mitte-home MH22340108,-76,1762773911045
49554,1762773912758.0,0adab909-eb8f-4baf-9eed-7a4cc889cb7c,7D:9D:CC:25:71:66,,-68,1762773911045
49555,1762773913378.0,0adab909-eb8f-4baf-9eed-7a4cc889cb7c,60:1F:BC:68:B7:B9,,-85,1762773911045
49556,1762773913391.0,0adab909-eb8f-4baf-9eed-7a4cc889cb7c,7F:33:DA:9D:B5:0C,,-82,1762773911045
49557,1762773914008.0,0adab909-eb8f-4baf-9eed-7a4cc889cb7c,9E:7B:EF:81:78:BC,,-91,1762773911045
49558,1762773915297.0,0adab909-eb8f-4baf-9eed-7a4cc889cb7c,98:04:ED:A2:3E:1C,S295b50867b2bc14bC,-86,1762773911045
49559,1762773915969.0,0adab909-eb8f-4baf-9eed-7a4cc889cb7c,58:7C:50:D5:BE:DB,,-91,1762773911045
49560,1762773919798.0,0adab909-eb8f-4baf-9eed-7a4cc889cb7c,61:A0:10:3A:20:70,,-87,1762773911045
49561,1762773921333.0,0adab909-eb8f-4baf-9eed-7a4cc889cb7c,6F:09:A7:73:E6:47,JBL TUNE225TWS-LE,-83,1762773911045
49562,1762774484625.0,0adab909-eb8f-4baf-9eed-7a4cc889cb7c,98:04:ED:A2:3E:1C,S295b50867b2bc14bC,-88,1762774483875
49563,1762774484948.0,0adab909-eb8f-4baf-9eed-7a4cc889cb7c,5B:27:81:59:30:5C,,-82,1762774483875
49564,1762774485332.0,0adab909-eb8f-4baf-9eed-7a4cc889cb7c,70:27:29:22:33:69,,-86,1762774483875
49565,1762774485353.0,0adab909-eb8f-4baf-9eed-7a4cc889cb7c,69:E3:90:59:D6:38,,-71,1762774483875
49566,1762774485367.0,0adab909-eb8f-4baf-9eed-7a4cc889cb7c,63:0F:48:C5:BF:ED,,-74,1762774483875
49567,1762774485874.0,0adab909-eb8f-4baf-9eed-7a4cc889cb7c,7A:FF:C0:BD:E9:C3,,-62,1762774483875
49568,1762774486845.0,0adab909-eb8f-4baf-9eed-7a4cc889cb7c,6C:6D:76:77:D5:8E,,-81,1762774483875
49569,1762774487130.0,0adab909-eb8f-4baf-9eed-7a4cc889cb7c,7F:33:DA:9D:B5:0C,,-79,1762774483875
49570,1762774487152.0,0adab909-eb8f-4baf-9eed-7a4cc889cb7c,D8:CF:BF:51:E4:4D,,-87,1762774483875
49571,1762774488137.0,0adab909-eb8f-4baf-9eed-7a4cc889cb7c,1C:54:9E:89:7F:7F,Herr schonscheck,-88,1762774483875
49572,1762774491012.0,0adab909-eb8f-4baf-9eed-7a4cc889cb7c,D9:29:B5:2D:B1:AD,FMT100_6123085_LE,-91,1762774483875
49573,1762774493237.0,0adab909-eb8f-4baf-9eed-7a4cc889cb7c,7D:9D:CC:25:71:66,,-77,1762774483875
49574,1762774494561.0,0adab909-eb8f-4baf-9eed-7a4cc889cb7c,1C:54:9E:89:0C:67,Frau schmitt 1,-91,1762774483875
49575,1762774495525.0,0adab909-eb8f-4baf-9eed-7a4cc889cb7c,61:A0:10:3A:20:70,,-87,1762774483875
49576,1762775126651.0,0adab909-eb8f-4baf-9eed-7a4cc889cb7c,7E:4E:31:A9:74:AC,,-89,1762775126635
49577,1762775126690.0,0adab909-eb8f-4baf-9eed-7a4cc889cb7c,79:5C:0C:25:C2:0A,,-79,1762775126635
49578,1762775127007.0,0adab909-eb8f-4baf-9eed-7a4cc889cb7c,42:A9:74:3E:63:A5,,-78,1762775126635
49579,1762775127037.0,0adab909-eb8f-4baf-9eed-7a4cc889cb7c,7A:FF:C0:BD:E9:C3,,-65,1762775126635
49580,1762775127617.0,0adab909-eb8f-4baf-9eed-7a4cc889cb7c,41:4B:43:02:3E:D8,,-69,1762775126635
49581,1762775128360.0,0adab909-eb8f-4baf-9eed-7a4cc889cb7c,5D:68:E7:68:E2:50,,-78,1762775126635
49582,1762775128969.0,0adab909-eb8f-4baf-9eed-7a4cc889cb7c,69:E3:90:59:D6:38,,-61,1762775126635
49583,1762775129914.0,0adab909-eb8f-4baf-9eed-7a4cc889cb7c,7D:9D:CC:25:71:66,,-61,1762775126635
49584,1762775130199.0,0adab909-eb8f-4baf-9eed-7a4cc889cb7c,54:29:17:A6:30:73,,-66,1762775126635
49585,1762775130220.0,0adab909-eb8f-4baf-9eed-7a4cc889cb7c,73:16:7E:6A:6D:CB,,-69,1762775126635
49586,1762775132773.0,0adab909-eb8f-4baf-9eed-7a4cc889cb7c,84:25:3F:A3:1F:C2,mitte-home MH22340108,-91,1762775126635
49587,1762775133433.0,0adab909-eb8f-4baf-9eed-7a4cc889cb7c,60:1F:BC:68:B7:B9,,-91,1762775126635
49588,1762775675986.0,0adab909-eb8f-4baf-9eed-7a4cc889cb7c,79:5C:0C:25:C2:0A,,-74,1762775675524
49589,1762775676226.0,0adab909-eb8f-4baf-9eed-7a4cc889cb7c,61:B0:C9:1B:DE:1D,,-94,1762775675524
49590,1762775676245.0,0adab909-eb8f-4baf-9eed-7a4cc889cb7c,62:42:08:A1:CC:3B,,-70,1762775675524
49591,1762775676258.0,0adab909-eb8f-4baf-9eed-7a4cc889cb7c,84:25:3F:A3:1F:C2,mitte-home MH22340108,-89,1762775675524
49592,1762775676587.0,0adab909-eb8f-4baf-9eed-7a4cc889cb7c,60:33:B1:A2:44:EB,,-76,1762775675524
49593,1762775676605.0,0adab909-eb8f-4baf-9eed-7a4cc889cb7c,7A:21:04:81:E8:3E,,-81,1762775675524
49594,1762775676624.0,0adab909-eb8f-4baf-9eed-7a4cc889cb7c,6D:D8:5A:DB:E1:9D,,-72,1762775675524
49595,1762775679764.0,0adab909-eb8f-4baf-9eed-7a4cc889cb7c,42:A9:74:3E:63:A5,,-89,1762775675524
49596,1762775680144.0,0adab909-eb8f-4baf-9eed-7a4cc889cb7c,54:29:17:A6:30:73,,-71,1762775675524
49597,1762775680752.0,0adab909-eb8f-4baf-9eed-7a4cc889cb7c,5D:68:E7:68:E2:50,,-82,1762775675524
49598,1762775685020.0,0adab909-eb8f-4baf-9eed-7a4cc889cb7c,E0:8F:4C:82:FF:9A,LAPTOP-D9651C91,-84,1762775675524
49599,1762776709365.0,0adab909-eb8f-4baf-9eed-7a4cc889cb7c,98:04:ED:A2:3E:1C,S295b50867b2bc14bC,-89,1762776709306
49600,1762776709381.0,0adab909-eb8f-4baf-9eed-7a4cc889cb7c,84:25:3F:A3:1F:C2,mitte-home MH22340108,-67,1762776709306
49601,1762776710087.0,0adab909-eb8f-4baf-9eed-7a4cc889cb7c,6D:D8:5A:DB:E1:9D,,-93,1762776709306
49602,1762776710716.0,0adab909-eb8f-4baf-9eed-7a4cc889cb7c,62:42:08:A1:CC:3B,,-89,1762776709306
49603,1762776710734.0,0adab909-eb8f-4baf-9eed-7a4cc889cb7c,61:B0:C9:1B:DE:1D,,-70,1762776709306
49604,1762776711362.0,0adab909-eb8f-4baf-9eed-7a4cc889cb7c,18:90:67:26:AA:8F,,-82,1762776709306
49605,1762776711383.0,0adab909-eb8f-4baf-9eed-7a4cc889cb7c,1D:CD:95:21:EC:D3,,-92,1762776709306
49606,1762776712280.0,0adab909-eb8f-4baf-9eed-7a4cc889cb7c,4E:84:EC:71:D3:E0,,-91,1762776709306
49607,1762776712310.0,0adab909-eb8f-4baf-9eed-7a4cc889cb7c,62:BA:F5:DB:D9:98,,-70,1762776709306
49608,1762776712649.0,0adab909-eb8f-4baf-9eed-7a4cc889cb7c,54:29:17:A6:30:73,,-76,1762776709306
49609,1762776720294.0,0adab909-eb8f-4baf-9eed-7a4cc889cb7c,15:B7:61:21:0A:7F,,-92,1762776709306
49610,1762776872367.0,0adab909-eb8f-4baf-9eed-7a4cc889cb7c,43:7C:19:E4:1A:E1,,-70,1762776872318
49611,1762776872388.0,0adab909-eb8f-4baf-9eed-7a4cc889cb7c,98:04:ED:A2:3E:1C,S295b50867b2bc14bC,-84,1762776872318
49612,1762776872743.0,0adab909-eb8f-4baf-9eed-7a4cc889cb7c,54:29:17:A6:30:73,,-81,1762776872318
49613,1762776873091.0,0adab909-eb8f-4baf-9eed-7a4cc889cb7c,54:24:99:CE:16:0E,,-90,1762776872318
49614,1762776873108.0,0adab909-eb8f-4baf-9eed-7a4cc889cb7c,1D:CD:95:21:EC:D3,,-94,1762776872318
49615,1762776873329.0,0adab909-eb8f-4baf-9eed-7a4cc889cb7c,15:B7:61:21:0A:7F,,-92,1762776872318
49616,1762776873345.0,0adab909-eb8f-4baf-9eed-7a4cc889cb7c,4E:84:EC:71:D3:E0,,-78,1762776872318
49617,1762776873358.0,0adab909-eb8f-4baf-9eed-7a4cc889cb7c,62:42:08:A1:CC:3B,,-70,1762776872318
49618,1762776873717.0,0adab909-eb8f-4baf-9eed-7a4cc889cb7c,62:BA:F5:DB:D9:98,,-83,1762776872318
49619,1762776881040.0,0adab909-eb8f-4baf-9eed-7a4cc889cb7c,41:91:EA:8A:6D:C0,,-88,1762776872318
49620,1762776884889.0,0adab909-eb8f-4baf-9eed-7a4cc889cb7c,04:8E:94:47:3F:89,,-89,1762776872318
49621,1762777614794.0,0adab909-eb8f-4baf-9eed-7a4cc889cb7c,0A:43:F9:D2:37:C8,,-89,1762777614790
49622,1762777614828.0,0adab909-eb8f-4baf-9eed-7a4cc889cb7c,42:DF:98:75:9D:D9,,-78,1762777614790
49623,1762777616012.0,0adab909-eb8f-4baf-9eed-7a4cc889cb7c,43:7C:19:E4:1A:E1,,-76,1762777614790
49624,1762777616332.0,0adab909-eb8f-4baf-9eed-7a4cc889cb7c,54:24:99:CE:16:0E,,-71,1762777614790
49625,1762777618887.0,0adab909-eb8f-4baf-9eed-7a4cc889cb7c,5A:62:A1:42:0C:47,,-90,1762777614790
49626,1762777625328.0,0adab909-eb8f-4baf-9eed-7a4cc889cb7c,98:04:ED:A2:3E:1C,S295b50867b2bc14bC,-88,1762777614790
49627,1762778271326.0,0adab909-eb8f-4baf-9eed-7a4cc889cb7c,5A:62:A1:42:0C:47,,-88,1762778271294
49628,1762778271662.0,0adab909-eb8f-4baf-9eed-7a4cc889cb7c,98:04:ED:A2:3E:1C,S295b50867b2bc14bC,-85,1762778271294
49629,1762778271687.0,0adab909-eb8f-4baf-9eed-7a4cc889cb7c,71:5E:36:01:E5:C7,,-90,1762778271294
49630,1762778271706.0,0adab909-eb8f-4baf-9eed-7a4cc889cb7c,7D:7F:05:90:22:70,,-62,1762778271294
49631,1762778273172.0,0adab909-eb8f-4baf-9eed-7a4cc889cb7c,C0:3C:59:48:48:D7,ODIONS-SR,-88,1762778271294
49632,1762778273313.0,0adab909-eb8f-4baf-9eed-7a4cc889cb7c,40:B2:65:6F:80:A9,,-82,1762778271294
49633,1762778273675.0,0adab909-eb8f-4baf-9eed-7a4cc889cb7c,6F:3D:4A:23:33:28,,-77,1762778271294
49634,1762778274290.0,0adab909-eb8f-4baf-9eed-7a4cc889cb7c,54:29:17:A6:30:73,,-84,1762778271294
49635,1762778274321.0,0adab909-eb8f-4baf-9eed-7a4cc889cb7c,68:CA:C4:8A:40:9C,mbasg,-100,1762778271294
49636,1762778274594.0,0adab909-eb8f-4baf-9eed-7a4cc889cb7c,09:04:AD:5C:C1:B5,,-87,1762778271294
49637,1762778274613.0,0adab909-eb8f-4baf-9eed-7a4cc889cb7c,49:30:B1:EF:BD:4C,,-70,1762778271294
49638,1762778276546.0,0adab909-eb8f-4baf-9eed-7a4cc889cb7c,84:25:3F:A3:1F:C2,mitte-home MH22340108,-91,1762778271294
49639,1762778278462.0,0adab909-eb8f-4baf-9eed-7a4cc889cb7c,69:F1:13:B5:EB:58,,-83,1762778271294
49640,1762778282588.0,0adab909-eb8f-4baf-9eed-7a4cc889cb7c,5D:BF:3A:20:D5:63,,-82,1762778271294
49641,1762778286480.0,0adab909-eb8f-4baf-9eed-7a4cc889cb7c,68:CA:C4:8A:40:9C,mbasg,-100,1762778271294
49642,1762778871680.0,0adab909-eb8f-4baf-9eed-7a4cc889cb7c,46:92:6F:6E:29:3C,,-89,1762778871256
49643,1762778871698.0,0adab909-eb8f-4baf-9eed-7a4cc889cb7c,7D:7F:05:90:22:70,,-61,1762778871256
49644,1762778871979.0,0adab909-eb8f-4baf-9eed-7a4cc889cb7c,70:FD:50:8D:B2:1D,,-86,1762778871256
49645,1762778871999.0,0adab909-eb8f-4baf-9eed-7a4cc889cb7c,5E:9A:4D:0F:0E:64,,-79,1762778871256
49646,1762778872027.0,0adab909-eb8f-4baf-9eed-7a4cc889cb7c,C0:3C:59:48:48:D7,ODIONS-SR,-86,1762778871256
49647,1762778872321.0,0adab909-eb8f-4baf-9eed-7a4cc889cb7c,71:5E:36:01:E5:C7,,-74,1762778871256
49648,1762778872964.0,0adab909-eb8f-4baf-9eed-7a4cc889cb7c,49:30:B1:EF:BD:4C,,-75,1762778871256
49649,1762778872982.0,0adab909-eb8f-4baf-9eed-7a4cc889cb7c,6F:3D:4A:23:33:28,,-86,1762778871256
49650,1762778873920.0,0adab909-eb8f-4baf-9eed-7a4cc889cb7c,5F:96:15:B6:B2:CD,,-86,1762778871256
49651,1762778874193.0,0adab909-eb8f-4baf-9eed-7a4cc889cb7c,68:CA:C4:8A:40:9C,mbasg,-99,1762778871256
49652,1762778874597.0,0adab909-eb8f-4baf-9eed-7a4cc889cb7c,7E:27:A9:48:32:A4,,-82,1762778871256
49653,1762778875212.0,0adab909-eb8f-4baf-9eed-7a4cc889cb7c,84:25:3F:A3:1F:C2,mitte-home MH22340108,-93,1762778871256
49654,1762778876519.0,0adab909-eb8f-4baf-9eed-7a4cc889cb7c,35:1A:53:86:72:52,,-92,1762778871256
49655,1762778880677.0,0adab909-eb8f-4baf-9eed-7a4cc889cb7c,01:28:C0:FC:23:A0,,-93,1762778871256
49656,1762778882538.0,0adab909-eb8f-4baf-9eed-7a4cc889cb7c,70:63:D9:D0:E8:0B,,-88,1762778871256
49657,1762779470744.0,0adab909-eb8f-4baf-9eed-7a4cc889cb7c,70:63:D9:D0:E8:0B,,-89,1762779470313
49658,1762779471131.0,0adab909-eb8f-4baf-9eed-7a4cc889cb7c,5B:CE:7E:62:BB:B8,,-79,1762779470313
49659,1762779471266.0,0adab909-eb8f-4baf-9eed-7a4cc889cb7c,98:04:ED:A2:3E:1C,S295b50867b2bc14bC,-89,1762779470313
49660,1762779471328.0,0adab909-eb8f-4baf-9eed-7a4cc889cb7c,C0:3C:59:48:48:D7,ODIONS-SR,-86,1762779470313
49661,1762779471345.0,0adab909-eb8f-4baf-9eed-7a4cc889cb7c,68:CA:C4:8A:40:9C,mbasg,-100,1762779470313
49662,1762779471358.0,0adab909-eb8f-4baf-9eed-7a4cc889cb7c,5D:C5:11:E9:DB:8D,,-82,1762779470313
49663,1762779471369.0,0adab909-eb8f-4baf-9eed-7a4cc889cb7c,7E:27:A9:48:32:A4,,-84,1762779470313
49664,1762779471379.0,0adab909-eb8f-4baf-9eed-7a4cc889cb7c,6F:3D:4A:23:33:28,,-82,1762779470313
49665,1762779471635.0,0adab909-eb8f-4baf-9eed-7a4cc889cb7c,73:D8:35:63:A6:0F,,-72,1762779470313
49666,1762779473897.0,0adab909-eb8f-4baf-9eed-7a4cc889cb7c,6A:FB:C0:DE:F8:37,,-87,1762779470313
49667,1762779476482.0,0adab909-eb8f-4baf-9eed-7a4cc889cb7c,84:25:3F:A3:1F:C2,mitte-home MH22340108,-94,1762779470313
49668,1762779478990.0,0adab909-eb8f-4baf-9eed-7a4cc889cb7c,5F:96:15:B6:B2:CD,,-87,1762779470313
49669,1762779479011.0,0adab909-eb8f-4baf-9eed-7a4cc889cb7c,64:B1:B8:4F:25:BC,,-88,1762779470313
49670,1762779479676.0,0adab909-eb8f-4baf-9eed-7a4cc889cb7c,5E:9A:4D:0F:0E:64,,-80,1762779470313
49671,1762779481244.0,0adab909-eb8f-4baf-9eed-7a4cc889cb7c,46:92:6F:6E:29:3C,,-93,1762779470313
49672,1762779481269.0,0adab909-eb8f-4baf-9eed-7a4cc889cb7c,70:FD:50:8D:B2:1D,,-93,1762779470313
49673,1762780002320.0,0adab909-eb8f-4baf-9eed-7a4cc889cb7c,5D:C5:11:E9:DB:8D,,-76,1762780002299
49674,1762780002341.0,0adab909-eb8f-4baf-9eed-7a4cc889cb7c,66:65:00:94:FB:73,,-81,1762780002299
49675,1762780002354.0,0adab909-eb8f-4baf-9eed-7a4cc889cb7c,43:F9:85:04:7A:7A,,-85,1762780002299
49676,1762780002365.0,0adab909-eb8f-4baf-9eed-7a4cc889cb7c,4B:08:FA:AA:88:5B,,-86,1762780002299
49677,1762780002498.0,0adab909-eb8f-4baf-9eed-7a4cc889cb7c,68:CA:C4:8A:40:9C,mbasg,-100,1762780002299
49678,1762780002757.0,0adab909-eb8f-4baf-9eed-7a4cc889cb7c,68:CA:C4:8A:40:9C,mbasg,-100,1762780002299
49679,1762780003345.0,0adab909-eb8f-4baf-9eed-7a4cc889cb7c,01:B1:BC:EA:EF:6A,,-93,1762780002299
49680,1762780003696.0,0adab909-eb8f-4baf-9eed-7a4cc889cb7c,69:7E:25:86:E9:6B,,-85,1762780002299
49681,1762780003713.0,0adab909-eb8f-4baf-9eed-7a4cc889cb7c,5B:CE:7E:62:BB:B8,,-76,1762780002299
49682,1762780003964.0,0adab909-eb8f-4baf-9eed-7a4cc889cb7c,53:F4:E2:1C:0F:E1,,-78,1762780002299
49683,1762780004589.0,0adab909-eb8f-4baf-9eed-7a4cc889cb7c,79:3E:79:36:B7:71,,-84,1762780002299
49684,1762780005250.0,0adab909-eb8f-4baf-9eed-7a4cc889cb7c,84:25:3F:A3:1F:C2,mitte-home MH22340108,-93,1762780002299
49685,1762780005906.0,0adab909-eb8f-4baf-9eed-7a4cc889cb7c,6F:76:37:FF:0F:43,,-94,1762780002299
49686,1762780006257.0,0adab909-eb8f-4baf-9eed-7a4cc889cb7c,6F:3D:4A:23:33:28,,-87,1762780002299
49687,1762780006847.0,0adab909-eb8f-4baf-9eed-7a4cc889cb7c,6A:FB:C0:DE:F8:37,,-79,1762780002299
49688,1762780006864.0,0adab909-eb8f-4baf-9eed-7a4cc889cb7c,73:D8:35:63:A6:0F,,-73,1762780002299
49689,1762780007976.0,0adab909-eb8f-4baf-9eed-7a4cc889cb7c,C0:3C:59:48:48:D7,ODIONS-SR,-77,1762780002299
49690,1762780602696.0,0adab909-eb8f-4baf-9eed-7a4cc889cb7c,5D:C5:11:E9:DB:8D,,-70,1762780602273
49691,1762780602717.0,0adab909-eb8f-4baf-9eed-7a4cc889cb7c,6F:3D:4A:23:33:28,,-73,1762780602273
49692,1762780603041.0,0adab909-eb8f-4baf-9eed-7a4cc889cb7c,79:3E:79:36:B7:71,,-87,1762780602273
49693,1762780603055.0,0adab909-eb8f-4baf-9eed-7a4cc889cb7c,79:A7:9C:86:56:CF,,-87,1762780602273
49694,1762780603318.0,0adab909-eb8f-4baf-9eed-7a4cc889cb7c,69:7E:25:86:E9:6B,,-79,1762780602273
49695,1762780603344.0,0adab909-eb8f-4baf-9eed-7a4cc889cb7c,75:0F:C3:7C:33:F8,,-85,1762780602273
49696,1762780603359.0,0adab909-eb8f-4baf-9eed-7a4cc889cb7c,53:F4:E2:1C:0F:E1,,-77,1762780602273
49697,1762780603651.0,0adab909-eb8f-4baf-9eed-7a4cc889cb7c,71:7F:87:0C:8D:A7,,-88,1762780602273
49698,1762780604031.0,0adab909-eb8f-4baf-9eed-7a4cc889cb7c,C0:3C:59:48:48:D7,ODIONS-SR,-100,1762780602273
49699,1762780604321.0,0adab909-eb8f-4baf-9eed-7a4cc889cb7c,40:B5:0D:1C:B2:E8,,-66,1762780602273
49700,1762780605316.0,0adab909-eb8f-4baf-9eed-7a4cc889cb7c,65:E1:39:C3:AB:4F,,-81,1762780602273
49701,1762780605575.0,0adab909-eb8f-4baf-9eed-7a4cc889cb7c,98:04:ED:A2:3E:1C,S295b50867b2bc14bC,-86,1762780602273
49702,1762780606536.0,0adab909-eb8f-4baf-9eed-7a4cc889cb7c,05:70:7A:10:CF:30,,-90,1762780602273
49703,1762780607914.0,0adab909-eb8f-4baf-9eed-7a4cc889cb7c,68:CA:C4:8A:40:9C,mbasg,-100,1762780602273
49704,1762780608779.0,0adab909-eb8f-4baf-9eed-7a4cc889cb7c,62:36:1F:6A:F5:5B,,-87,1762780602273
49705,1762780610669.0,0adab909-eb8f-4baf-9eed-7a4cc889cb7c,49:41:CC:2A:46:58,,-87,1762780602273
49706,1762780611059.0,0adab909-eb8f-4baf-9eed-7a4cc889cb7c,4D:31:70:07:9B:B5,,-78,1762780602273
49707,1762780611336.0,0adab909-eb8f-4baf-9eed-7a4cc889cb7c,84:25:3F:A3:1F:C2,mitte-home MH22340108,-91,1762780602273
49708,1762780615768.0,0adab909-eb8f-4baf-9eed-7a4cc889cb7c,C0:3C:59:48:48:D7,ODIONS-SR,-100,1762780602273
49709,1762781202340.0,0adab909-eb8f-4baf-9eed-7a4cc889cb7c,6F:3D:4A:23:33:28,,-82,1762781202320
49710,1762781202694.0,0adab909-eb8f-4baf-9eed-7a4cc889cb7c,53:F4:E2:1C:0F:E1,,-69,1762781202320
49711,1762781202723.0,0adab909-eb8f-4baf-9eed-7a4cc889cb7c,6B:01:8C:E3:88:FB,,-66,1762781202320
49712,1762781202736.0,0adab909-eb8f-4baf-9eed-7a4cc889cb7c,65:BC:A7:C5:37:8C,,-94,1762781202320
49713,1762781203047.0,0adab909-eb8f-4baf-9eed-7a4cc889cb7c,44:C2:12:71:78:FD,,-83,1762781202320
49714,1762781203078.0,0adab909-eb8f-4baf-9eed-7a4cc889cb7c,65:E1:39:C3:AB:4F,,-85,1762781202320
49715,1762781203350.0,0adab909-eb8f-4baf-9eed-7a4cc889cb7c,5C:CF:70:45:0F:E4,,-89,1762781202320
49716,1762781203671.0,0adab909-eb8f-4baf-9eed-7a4cc889cb7c,7A:6F:C3:05:B8:3C,,-81,1762781202320
49717,1762781203891.0,0adab909-eb8f-4baf-9eed-7a4cc889cb7c,68:CA:C4:8A:40:9C,mbasg,-100,1762781202320
49718,1762781204310.0,0adab909-eb8f-4baf-9eed-7a4cc889cb7c,63:6C:BF:DE:2D:F7,,-89,1762781202320
49719,1762781204326.0,0adab909-eb8f-4baf-9eed-7a4cc889cb7c,4D:31:70:07:9B:B5,,-72,1762781202320
49720,1762781204338.0,0adab909-eb8f-4baf-9eed-7a4cc889cb7c,84:25:3F:A3:1F:C2,mitte-home MH22340108,-91,1762781202320
49721,1762781204351.0,0adab909-eb8f-4baf-9eed-7a4cc889cb7c,C0:3C:59:48:48:D7,ODIONS-SR,-100,1762781202320
49722,1762781204669.0,0adab909-eb8f-4baf-9eed-7a4cc889cb7c,75:0F:C3:7C:33:F8,,-91,1762781202320
49723,1762781204933.0,0adab909-eb8f-4baf-9eed-7a4cc889cb7c,37:7D:26:D9:13:4C,,-92,1762781202320
49724,1762781205639.0,0adab909-eb8f-4baf-9eed-7a4cc889cb7c,40:B5:0D:1C:B2:E8,,-67,1762781202320
49725,1762781206889.0,0adab909-eb8f-4baf-9eed-7a4cc889cb7c,75:2B:38:28:60:98,,-88,1762781202320
49726,1762781208815.0,0adab909-eb8f-4baf-9eed-7a4cc889cb7c,71:7F:87:0C:8D:A7,,-88,1762781202320
49727,1762781209509.0,0adab909-eb8f-4baf-9eed-7a4cc889cb7c,C0:3C:59:48:48:D7,ODIONS-SR,-86,1762781202320
49728,1762781674376.0,0adab909-eb8f-4baf-9eed-7a4cc889cb7c,4F:45:B5:94:AF:6E,,-64,1762781674326
49729,1762781674419.0,0adab909-eb8f-4baf-9eed-7a4cc889cb7c,60:CF:24:B6:61:7B,,-84,1762781674326
49730,1762781674752.0,0adab909-eb8f-4baf-9eed-7a4cc889cb7c,63:6C:BF:DE:2D:F7,,-92,1762781674326
49731,1762781674776.0,0adab909-eb8f-4baf-9eed-7a4cc889cb7c,65:E1:39:C3:AB:4F,,-73,1762781674326
49732,1762781674788.0,0adab909-eb8f-4baf-9eed-7a4cc889cb7c,84:25:3F:A3:1F:C2,mitte-home MH22340108,-86,1762781674326
49733,1762781675042.0,0adab909-eb8f-4baf-9eed-7a4cc889cb7c,4D:31:70:07:9B:B5,,-75,1762781674326
49734,1762781675105.0,0adab909-eb8f-4baf-9eed-7a4cc889cb7c,68:CA:C4:8A:40:9C,mbasg,-98,1762781674326
49735,1762781675426.0,0adab909-eb8f-4baf-9eed-7a4cc889cb7c,53:F4:E2:1C:0F:E1,,-68,1762781674326
49736,1762781675676.0,0adab909-eb8f-4baf-9eed-7a4cc889cb7c,44:C2:12:71:78:FD,,-72,1762781674326
49737,1762781676066.0,0adab909-eb8f-4baf-9eed-7a4cc889cb7c,6B:01:8C:E3:88:FB,,-65,1762781674326
49738,1762781677619.0,0adab909-eb8f-4baf-9eed-7a4cc889cb7c,5C:CF:70:45:0F:E4,,-91,1762781674326
49739,1762781677640.0,0adab909-eb8f-4baf-9eed-7a4cc889cb7c,65:BC:A7:C5:37:8C,,-90,1762781674326
49740,1762781677981.0,0adab909-eb8f-4baf-9eed-7a4cc889cb7c,C0:3C:59:48:48:D7,ODIONS-SR,-83,1762781674326
49741,1762781679535.0,0adab909-eb8f-4baf-9eed-7a4cc889cb7c,51:90:CD:47:9A:A5,,-85,1762781674326
49742,1762781679554.0,0adab909-eb8f-4baf-9eed-7a4cc889cb7c,6F:3D:4A:23:33:28,,-65,1762781674326
49743,1762781680178.0,0adab909-eb8f-4baf-9eed-7a4cc889cb7c,64:C7:0C:F3:F4:5E,,-93,1762781674326
49744,1762781680456.0,0adab909-eb8f-4baf-9eed-7a4cc889cb7c,98:04:ED:A2:3E:1C,S295b50867b2bc14bC,-86,1762781674326
49745,1762781685270.0,0adab909-eb8f-4baf-9eed-7a4cc889cb7c,C0:3C:59:48:48:D7,ODIONS-SR,-86,1762781674326
49746,1762781685644.0,0adab909-eb8f-4baf-9eed-7a4cc889cb7c,75:2B:38:28:60:98,,-88,1762781674326
49747,1762782273324.0,0adab909-eb8f-4baf-9eed-7a4cc889cb7c,76:5B:A7:93:D5:9C,,-73,1762782273276
49748,1762782273666.0,0adab909-eb8f-4baf-9eed-7a4cc889cb7c,6B:7C:0A:AF:66:01,,-84,1762782273276
49749,1762782273683.0,0adab909-eb8f-4baf-9eed-7a4cc889cb7c,4A:6B:59:BD:47:F9,,-79,1762782273276
49750,1762782273701.0,0adab909-eb8f-4baf-9eed-7a4cc889cb7c,49:F2:34:A4:8D:F3,,-85,1762782273276
49751,1762782273712.0,0adab909-eb8f-4baf-9eed-7a4cc889cb7c,6D:C2:0A:A9:7D:32,,-91,1762782273276
49752,1762782273723.0,0adab909-eb8f-4baf-9eed-7a4cc889cb7c,4D:D3:1E:D0:65:0F,,-62,1762782273276
49753,1762782274014.0,0adab909-eb8f-4baf-9eed-7a4cc889cb7c,4F:45:B5:94:AF:6E,,-57,1762782273276
49754,1762782274670.0,0adab909-eb8f-4baf-9eed-7a4cc889cb7c,59:59:13:1B:AF:2F,,-75,1762782273276
49755,1762782274964.0,0adab909-eb8f-4baf-9eed-7a4cc889cb7c,62:05:03:97:69:2D,,-90,1762782273276
49756,1762782274979.0,0adab909-eb8f-4baf-9eed-7a4cc889cb7c,98:04:ED:A2:3E:1C,S295b50867b2bc14bC,-81,1762782273276
49757,1762782276051.0,0adab909-eb8f-4baf-9eed-7a4cc889cb7c,68:CA:C4:8A:40:9C,mbasg,-100,1762782273276
49758,1762782276251.0,0adab909-eb8f-4baf-9eed-7a4cc889cb7c,84:25:3F:A3:1F:C2,mitte-home MH22340108,-91,1762782273276
49759,1762782276676.0,0adab909-eb8f-4baf-9eed-7a4cc889cb7c,C0:3C:59:48:48:D7,ODIONS-SR,-100,1762782273276
49760,1762782277532.0,0adab909-eb8f-4baf-9eed-7a4cc889cb7c,7D:CB:82:6C:6A:C7,,-71,1762782273276
49761,1762782277552.0,0adab909-eb8f-4baf-9eed-7a4cc889cb7c,44:C2:12:71:78:FD,,-83,1762782273276
49762,1762782277847.0,0adab909-eb8f-4baf-9eed-7a4cc889cb7c,01:6D:90:F5:CC:31,,-92,1762782273276
49763,1762782277875.0,0adab909-eb8f-4baf-9eed-7a4cc889cb7c,43:77:D2:76:CD:77,,-88,1762782273276
49764,1762782278778.0,0adab909-eb8f-4baf-9eed-7a4cc889cb7c,08:95:5E:9B:8A:DC,,-90,1762782273276
49765,1762782278801.0,0adab909-eb8f-4baf-9eed-7a4cc889cb7c,4D:8E:02:9E:E6:FC,,-90,1762782273276
49766,1762782278813.0,0adab909-eb8f-4baf-9eed-7a4cc889cb7c,1B:69:CA:42:A7:E6,,-89,1762782273276
49767,1762782281051.0,0adab909-eb8f-4baf-9eed-7a4cc889cb7c,68:9C:23:B8:D4:E9,,-88,1762782273276
49768,1762782281782.0,0adab909-eb8f-4baf-9eed-7a4cc889cb7c,C0:3C:59:48:48:D7,ODIONS-SR,-87,1762782273276
49769,1762782285540.0,0adab909-eb8f-4baf-9eed-7a4cc889cb7c,4D:2C:2A:63:45:4B,,-91,1762782273276
49770,1762783174962.0,0adab909-eb8f-4baf-9eed-7a4cc889cb7c,4A:6B:59:BD:47:F9,,-84,1762783174959
49771,1762783175267.0,0adab909-eb8f-4baf-9eed-7a4cc889cb7c,7B:A5:5B:D9:4D:55,,-90,1762783174959
49772,1762783175281.0,0adab909-eb8f-4baf-9eed-7a4cc889cb7c,7D:CB:82:6C:6A:C7,,-63,1762783174959
49773,1762783175293.0,0adab909-eb8f-4baf-9eed-7a4cc889cb7c,5A:90:A5:E9:F7:DA,,-84,1762783174959
49774,1762783175304.0,0adab909-eb8f-4baf-9eed-7a4cc889cb7c,6D:C2:0A:A9:7D:32,,-90,1762783174959
49775,1762783175318.0,0adab909-eb8f-4baf-9eed-7a4cc889cb7c,68:CA:C4:8A:40:9C,mbasg,-100,1762783174959
49776,1762783175332.0,0adab909-eb8f-4baf-9eed-7a4cc889cb7c,C0:3C:59:48:48:D7,ODIONS-SR,-86,1762783174959
49777,1762783175414.0,0adab909-eb8f-4baf-9eed-7a4cc889cb7c,68:48:B3:B2:FC:B5,,-56,1762783174959
49778,1762783175784.0,0adab909-eb8f-4baf-9eed-7a4cc889cb7c,6C:58:11:49:92:AA,,-72,1762783174959
49779,1762783176016.0,0adab909-eb8f-4baf-9eed-7a4cc889cb7c,52:2B:6B:C8:57:8D,,-91,1762783174959
49780,1762783176398.0,0adab909-eb8f-4baf-9eed-7a4cc889cb7c,98:04:ED:A2:3E:1C,S295b50867b2bc14bC,-86,1762783174959
49781,1762783176416.0,0adab909-eb8f-4baf-9eed-7a4cc889cb7c,55:D5:55:69:01:C0,,-91,1762783174959
49782,1762783176690.0,0adab909-eb8f-4baf-9eed-7a4cc889cb7c,75:9F:77:04:E2:AF,,-53,1762783174959
49783,1762783176746.0,0adab909-eb8f-4baf-9eed-7a4cc889cb7c,62:D9:A5:25:41:54,,-91,1762783174959
49784,1762783177674.0,0adab909-eb8f-4baf-9eed-7a4cc889cb7c,5C:54:DA:AA:3F:A8,,-97,1762783174959
49785,1762783178027.0,0adab909-eb8f-4baf-9eed-7a4cc889cb7c,6E:AE:DD:DB:E3:07,,-91,1762783174959
49786,1762783178568.0,0adab909-eb8f-4baf-9eed-7a4cc889cb7c,50:40:D7:06:B0:A4,,-88,1762783174959
49787,1762783178609.0,0adab909-eb8f-4baf-9eed-7a4cc889cb7c,44:EC:72:0A:8A:53,,-95,1762783174959
49788,1762783180244.0,0adab909-eb8f-4baf-9eed-7a4cc889cb7c,61:DA:8F:33:E7:6D,,-71,1762783174959
49789,1762783182220.0,0adab909-eb8f-4baf-9eed-7a4cc889cb7c,68:CA:C4:8A:40:9C,mbasg,-100,1762783174959
49790,1762783182768.0,0adab909-eb8f-4baf-9eed-7a4cc889cb7c,62:15:B6:3D:6B:01,,-92,1762783174959
49791,1762783183113.0,0adab909-eb8f-4baf-9eed-7a4cc889cb7c,45:99:09:07:B7:3D,,-92,1762783174959
49792,1762783707344.0,0adab909-eb8f-4baf-9eed-7a4cc889cb7c,5E:DF:12:05:C6:DC,,-70,1762783707254
49793,1762783707638.0,0adab909-eb8f-4baf-9eed-7a4cc889cb7c,75:9F:77:04:E2:AF,,-58,1762783707254
49794,1762783707659.0,0adab909-eb8f-4baf-9eed-7a4cc889cb7c,4A:6B:59:BD:47:F9,,-76,1762783707254
49795,1762783707979.0,0adab909-eb8f-4baf-9eed-7a4cc889cb7c,7B:A5:5B:D9:4D:55,,-94,1762783707254
49796,1762783708331.0,0adab909-eb8f-4baf-9eed-7a4cc889cb7c,84:25:3F:A3:1F:C2,mitte-home MH22340108,-87,1762783707254
49797,1762783708350.0,0adab909-eb8f-4baf-9eed-7a4cc889cb7c,64:35:22:C7:3B:87,,-90,1762783707254
49798,1762783708622.0,0adab909-eb8f-4baf-9eed-7a4cc889cb7c,45:99:09:07:B7:3D,,-84,1762783707254
49799,1762783709235.0,0adab909-eb8f-4baf-9eed-7a4cc889cb7c,79:EA:88:A9:5A:7A,,-86,1762783707254
49800,1762783709258.0,0adab909-eb8f-4baf-9eed-7a4cc889cb7c,6F:67:6A:28:C2:A5,,-80,1762783707254
49801,1762783710246.0,0adab909-eb8f-4baf-9eed-7a4cc889cb7c,52:37:A7:A6:82:D3,,-87,1762783707254
49802,1762783710274.0,0adab909-eb8f-4baf-9eed-7a4cc889cb7c,C0:3C:59:48:48:D7,ODIONS-SR,-82,1762783707254
49803,1762783710835.0,0adab909-eb8f-4baf-9eed-7a4cc889cb7c,5C:54:DA:AA:3F:A8,,-91,1762783707254
49804,1762783710956.0,0adab909-eb8f-4baf-9eed-7a4cc889cb7c,68:CA:C4:8A:40:9C,mbasg,-100,1762783707254
49805,1762783711212.0,0adab909-eb8f-4baf-9eed-7a4cc889cb7c,6C:58:11:49:92:AA,,-63,1762783707254
49806,1762783711512.0,0adab909-eb8f-4baf-9eed-7a4cc889cb7c,62:15:B6:3D:6B:01,,-91,1762783707254
49807,1762783712509.0,0adab909-eb8f-4baf-9eed-7a4cc889cb7c,68:CA:C4:8A:40:9C,mbasg,-100,1762783707254
49808,1762783713411.0,0adab909-eb8f-4baf-9eed-7a4cc889cb7c,1E:3D:5C:28:CB:5F,,-88,1762783707254
49809,1762783713790.0,0adab909-eb8f-4baf-9eed-7a4cc889cb7c,50:40:D7:06:B0:A4,,-81,1762783707254
49810,1762783713809.0,0adab909-eb8f-4baf-9eed-7a4cc889cb7c,98:04:ED:A2:3E:1C,S295b50867b2bc14bC,-77,1762783707254
49811,1762783714398.0,0adab909-eb8f-4baf-9eed-7a4cc889cb7c,6A:22:8A:36:1F:58,,-84,1762783707254
49812,1762783716293.0,0adab909-eb8f-4baf-9eed-7a4cc889cb7c,44:20:6F:3C:A8:EB,,-93,1762783707254
49813,1762783717233.0,0adab909-eb8f-4baf-9eed-7a4cc889cb7c,7D:88:A5:0F:D6:03,,-83,1762783707254
49814,1762783718227.0,0adab909-eb8f-4baf-9eed-7a4cc889cb7c,4C:AA:4F:21:60:75,,-90,1762783707254
49815,1762783719216.0,0adab909-eb8f-4baf-9eed-7a4cc889cb7c,6B:31:02:04:5C:BA,,-91,1762783707254
49816,1762783719230.0,0adab909-eb8f-4baf-9eed-7a4cc889cb7c,55:D5:55:69:01:C0,,-84,1762783707254
49817,1762783719241.0,0adab909-eb8f-4baf-9eed-7a4cc889cb7c,44:EC:72:0A:8A:53,,-86,1762783707254
49818,1762784091626.0,0adab909-eb8f-4baf-9eed-7a4cc889cb7c,68:48:B3:B2:FC:B5,,-71,1762784091236
49819,1762784091639.0,0adab909-eb8f-4baf-9eed-7a4cc889cb7c,84:25:3F:A3:1F:C2,mitte-home MH22340108,-87,1762784091236
49820,1762784091662.0,0adab909-eb8f-4baf-9eed-7a4cc889cb7c,6D:4D:E1:48:83:E0,,-90,1762784091236
49821,1762784091677.0,0adab909-eb8f-4baf-9eed-7a4cc889cb7c,6F:72:D2:01:AF:35,,-63,1762784091236
49822,1762784091862.0,0adab909-eb8f-4baf-9eed-7a4cc889cb7c,C0:3C:59:48:48:D7,ODIONS-SR,-100,1762784091236
49823,1762784092317.0,0adab909-eb8f-4baf-9eed-7a4cc889cb7c,50:40:D7:06:B0:A4,,-91,1762784091236
49824,1762784092336.0,0adab909-eb8f-4baf-9eed-7a4cc889cb7c,77:3C:8F:B7:D1:57,,-88,1762784091236
49825,1762784093247.0,0adab909-eb8f-4baf-9eed-7a4cc889cb7c,6A:22:8A:36:1F:58,,-92,1762784091236
49826,1762784093561.0,0adab909-eb8f-4baf-9eed-7a4cc889cb7c,6C:58:11:49:92:AA,,-87,1762784091236
49827,1762784093574.0,0adab909-eb8f-4baf-9eed-7a4cc889cb7c,6F:67:6A:28:C2:A5,,-80,1762784091236
49828,1762784096476.0,0adab909-eb8f-4baf-9eed-7a4cc889cb7c,59:F4:DF:DF:B7:94,,-93,1762784091236
49829,1762784096801.0,0adab909-eb8f-4baf-9eed-7a4cc889cb7c,5E:DF:12:05:C6:DC,,-83,1762784091236
49830,1762784097782.0,0adab909-eb8f-4baf-9eed-7a4cc889cb7c,79:E4:B3:A9:FD:45,,-76,1762784091236
49831,1762784098291.0,0adab909-eb8f-4baf-9eed-7a4cc889cb7c,C0:3C:59:48:48:D7,ODIONS-SR,-97,1762784091236
49832,1762784103179.0,0adab909-eb8f-4baf-9eed-7a4cc889cb7c,62:15:B6:3D:6B:01,,-94,1762784091236
49833,1762784752452.0,0adab909-eb8f-4baf-9eed-7a4cc889cb7c,6F:B5:DF:5F:AA:9C,,-70,1762784752450
49834,1762784752582.0,0adab909-eb8f-4baf-9eed-7a4cc889cb7c,C0:3C:59:48:48:D7,ODIONS-SR,-100,1762784752450
49835,1762784752705.0,0adab909-eb8f-4baf-9eed-7a4cc889cb7c,54:C1:39:E8:29:2F,,-81,1762784752450
49836,1762784752737.0,0adab909-eb8f-4baf-9eed-7a4cc889cb7c,5E:DF:12:05:C6:DC,,-83,1762784752450
49837,1762784753010.0,0adab909-eb8f-4baf-9eed-7a4cc889cb7c,6B:34:7E:B5:5F:17,,-78,1762784752450
49838,1762784753674.0,0adab909-eb8f-4baf-9eed-7a4cc889cb7c,84:25:3F:A3:1F:C2,mitte-home MH22340108,-88,1762784752450
49839,1762784753936.0,0adab909-eb8f-4baf-9eed-7a4cc889cb7c,53:1B:DF:AE:9D:AF,,-91,1762784752450
49840,1762784753951.0,0adab909-eb8f-4baf-9eed-7a4cc889cb7c,5D:86:48:28:6D:CD,,-90,1762784752450
49841,1762784753970.0,0adab909-eb8f-4baf-9eed-7a4cc889cb7c,43:DF:7A:7E:26:B8,,-89,1762784752450
49842,1762784754116.0,0adab909-eb8f-4baf-9eed-7a4cc889cb7c,68:CA:C4:8A:40:9C,mbasg,-100,1762784752450
49843,1762784754264.0,0adab909-eb8f-4baf-9eed-7a4cc889cb7c,6F:72:D2:01:AF:35,,-61,1762784752450
49844,1762784754909.0,0adab909-eb8f-4baf-9eed-7a4cc889cb7c,75:13:CC:4E:09:58,,-91,1762784752450
49845,1762784755278.0,0adab909-eb8f-4baf-9eed-7a4cc889cb7c,79:E4:B3:A9:FD:45,,-85,1762784752450
49846,1762784755917.0,0adab909-eb8f-4baf-9eed-7a4cc889cb7c,6D:4D:E1:48:83:E0,,-90,1762784752450
49847,1762784756887.0,0adab909-eb8f-4baf-9eed-7a4cc889cb7c,98:04:ED:A2:3E:1C,S295b50867b2bc14bC,-87,1762784752450
49848,1762784758151.0,0adab909-eb8f-4baf-9eed-7a4cc889cb7c,77:3C:8F:B7:D1:57,,-88,1762784752450
49849,1762784758837.0,0adab909-eb8f-4baf-9eed-7a4cc889cb7c,C0:3C:59:48:48:D7,ODIONS-SR,-82,1762784752450
49850,1762784760681.0,0adab909-eb8f-4baf-9eed-7a4cc889cb7c,6F:67:6A:28:C2:A5,,-84,1762784752450
49851,1762784761676.0,0adab909-eb8f-4baf-9eed-7a4cc889cb7c,6F:79:FE:4A:85:10,,-89,1762784752450
49852,1762784761698.0,0adab909-eb8f-4baf-9eed-7a4cc889cb7c,4C:D2:AC:78:F9:17,,-88,1762784752450
49853,1762785287246.0,0adab909-eb8f-4baf-9eed-7a4cc889cb7c,55:82:8A:DB:0A:A9,,-90,1762785287243
49854,1762785287272.0,0adab909-eb8f-4baf-9eed-7a4cc889cb7c,6F:72:D2:01:AF:35,,-64,1762785287243
49855,1762785287303.0,0adab909-eb8f-4baf-9eed-7a4cc889cb7c,50:69:F7:62:10:94,,-72,1762785287243
49856,1762785287514.0,0adab909-eb8f-4baf-9eed-7a4cc889cb7c,C0:3C:59:48:48:D7,ODIONS-SR,-100,1762785287243
49857,1762785287955.0,0adab909-eb8f-4baf-9eed-7a4cc889cb7c,6F:B5:DF:5F:AA:9C,,-73,1762785287243
49858,1762785287970.0,0adab909-eb8f-4baf-9eed-7a4cc889cb7c,79:E4:B3:A9:FD:45,,-75,1762785287243
49859,1762785287981.0,0adab909-eb8f-4baf-9eed-7a4cc889cb7c,6F:79:FE:4A:85:10,,-88,1762785287243
49860,1762785287990.0,0adab909-eb8f-4baf-9eed-7a4cc889cb7c,84:25:3F:A3:1F:C2,mitte-home MH22340108,-93,1762785287243
49861,1762785288001.0,0adab909-eb8f-4baf-9eed-7a4cc889cb7c,4C:D2:AC:78:F9:17,,-88,1762785287243
49862,1762785288248.0,0adab909-eb8f-4baf-9eed-7a4cc889cb7c,68:CA:C4:8A:40:9C,mbasg,-100,1762785287243
49863,1762785288901.0,0adab909-eb8f-4baf-9eed-7a4cc889cb7c,4C:56:AA:D8:EB:47,,-87,1762785287243
49864,1762785288918.0,0adab909-eb8f-4baf-9eed-7a4cc889cb7c,6B:34:7E:B5:5F:17,,-76,1762785287243
49865,1762785288931.0,0adab909-eb8f-4baf-9eed-7a4cc889cb7c,7E:6C:6B:D7:FA:78,,-75,1762785287243
49866,1762785289463.0,0adab909-eb8f-4baf-9eed-7a4cc889cb7c,68:CA:C4:8A:40:9C,mbasg,-100,1762785287243
49867,1762785289880.0,0adab909-eb8f-4baf-9eed-7a4cc889cb7c,48:8E:6D:1D:B8:5E,,-91,1762785287243
49868,1762785290115.0,0adab909-eb8f-4baf-9eed-7a4cc889cb7c,C0:3C:59:48:48:D7,ODIONS-SR,-88,1762785287243
49869,1762785291776.0,0adab909-eb8f-4baf-9eed-7a4cc889cb7c,54:C1:39:E8:29:2F,,-82,1762785287243
49870,1762785292401.0,0adab909-eb8f-4baf-9eed-7a4cc889cb7c,76:CA:00:E8:1E:AB,,-85,1762785287243
49871,1762785292419.0,0adab909-eb8f-4baf-9eed-7a4cc889cb7c,7F:5C:94:5F:CC:6C,,-89,1762785287243
49872,1762785296270.0,0adab909-eb8f-4baf-9eed-7a4cc889cb7c,98:04:ED:A2:3E:1C,S295b50867b2bc14bC,-83,1762785287243
49873,1762786135315.0,0adab909-eb8f-4baf-9eed-7a4cc889cb7c,7E:34:2A:C4:BE:2C,,-69,1762786135290
49874,1762786135392.0,0adab909-eb8f-4baf-9eed-7a4cc889cb7c,98:04:ED:A2:3E:1C,S295b50867b2bc14bC,-85,1762786135290
49875,1762786135753.0,0adab909-eb8f-4baf-9eed-7a4cc889cb7c,50:69:F7:62:10:94,,-74,1762786135290
49876,1762786137601.0,0adab909-eb8f-4baf-9eed-7a4cc889cb7c,57:34:53:8B:20:23,,-80,1762786135290
49877,1762786137987.0,0adab909-eb8f-4baf-9eed-7a4cc889cb7c,C0:3C:59:48:48:D7,ODIONS-SR,-86,1762786135290
49878,1762786138015.0,0adab909-eb8f-4baf-9eed-7a4cc889cb7c,84:25:3F:A3:1F:C2,mitte-home MH22340108,-91,1762786135290
49879,1762786138032.0,0adab909-eb8f-4baf-9eed-7a4cc889cb7c,6A:F5:5F:46:63:AD,,-76,1762786135290
49880,1762786139406.0,0adab909-eb8f-4baf-9eed-7a4cc889cb7c,59:CC:1D:CB:80:99,,-84,1762786135290
49881,1762786139538.0,0adab909-eb8f-4baf-9eed-7a4cc889cb7c,43:66:5B:F5:12:F3,,-77,1762786135290
49882,1762786140145.0,0adab909-eb8f-4baf-9eed-7a4cc889cb7c,68:E4:D3:51:8F:5C,,-84,1762786135290
49883,1762786735258.0,0adab909-eb8f-4baf-9eed-7a4cc889cb7c,57:34:53:8B:20:23,,-76,1762786735210
49884,1762786735275.0,0adab909-eb8f-4baf-9eed-7a4cc889cb7c,98:04:ED:A2:3E:1C,S295b50867b2bc14bC,-85,1762786735210
49885,1762786735624.0,0adab909-eb8f-4baf-9eed-7a4cc889cb7c,43:66:5B:F5:12:F3,,-80,1762786735210
49886,1762786736284.0,0adab909-eb8f-4baf-9eed-7a4cc889cb7c,78:95:0C:4D:47:26,,-73,1762786735210
49887,1762786736324.0,0adab909-eb8f-4baf-9eed-7a4cc889cb7c,6A:F5:5F:46:63:AD,,-64,1762786735210
49888,1762786736918.0,0adab909-eb8f-4baf-9eed-7a4cc889cb7c,67:57:58:9A:F7:C2,,-69,1762786735210
49889,1762786737248.0,0adab909-eb8f-4baf-9eed-7a4cc889cb7c,84:25:3F:A3:1F:C2,mitte-home MH22340108,-87,1762786735210
49890,1762786737647.0,0adab909-eb8f-4baf-9eed-7a4cc889cb7c,C0:3C:59:48:48:D7,ODIONS-SR,-100,1762786735210
49891,1762786738162.0,0adab909-eb8f-4baf-9eed-7a4cc889cb7c,59:CC:1D:CB:80:99,,-74,1762786735210
49892,1762786741386.0,0adab909-eb8f-4baf-9eed-7a4cc889cb7c,4A:FF:A6:01:15:D7,,-88,1762786735210
49893,1762786744153.0,0adab909-eb8f-4baf-9eed-7a4cc889cb7c,C0:3C:59:48:48:D7,ODIONS-SR,-81,1762786735210
49894,1762786747803.0,0adab909-eb8f-4baf-9eed-7a4cc889cb7c,68:E4:D3:51:8F:5C,,-76,1762786735210
49895,1762787140302.0,0adab909-eb8f-4baf-9eed-7a4cc889cb7c,78:95:0C:4D:47:26,,-77,1762787140269
49896,1762787140650.0,0adab909-eb8f-4baf-9eed-7a4cc889cb7c,84:25:3F:A3:1F:C2,mitte-home MH22340108,-82,1762787140269
49897,1762787140664.0,0adab909-eb8f-4baf-9eed-7a4cc889cb7c,98:04:ED:A2:3E:1C,S295b50867b2bc14bC,-86,1762787140269
49898,1762787140705.0,0adab909-eb8f-4baf-9eed-7a4cc889cb7c,73:09:69:A5:2F:7C,,-82,1762787140269
49899,1762787141333.0,0adab909-eb8f-4baf-9eed-7a4cc889cb7c,57:34:53:8B:20:23,,-72,1762787140269
49900,1762787141352.0,0adab909-eb8f-4baf-9eed-7a4cc889cb7c,67:57:58:9A:F7:C2,,-70,1762787140269
49901,1762787141401.0,0adab909-eb8f-4baf-9eed-7a4cc889cb7c,C0:3C:59:48:48:D7,ODIONS-SR,-100,1762787140269
49902,1762787141971.0,0adab909-eb8f-4baf-9eed-7a4cc889cb7c,43:66:5B:F5:12:F3,,-76,1762787140269
49903,1762787141994.0,0adab909-eb8f-4baf-9eed-7a4cc889cb7c,6A:F5:5F:46:63:AD,,-69,1762787140269
49904,1762787148776.0,0adab909-eb8f-4baf-9eed-7a4cc889cb7c,C0:3C:59:48:48:D7,ODIONS-SR,-81,1762787140269
49905,1762787740467.0,0adab909-eb8f-4baf-9eed-7a4cc889cb7c,67:57:58:9A:F7:C2,,-62,1762787740464
49906,1762787740480.0,0adab909-eb8f-4baf-9eed-7a4cc889cb7c,84:25:3F:A3:1F:C2,mitte-home MH22340108,-88,1762787740464
49907,1762787740618.0,0adab909-eb8f-4baf-9eed-7a4cc889cb7c,98:04:ED:A2:3E:1C,S295b50867b2bc14bC,-79,1762787740464
49908,1762787740959.0,0adab909-eb8f-4baf-9eed-7a4cc889cb7c,73:67:F1:5B:BE:2D,,-73,1762787740464
49909,1762787741298.0,0adab909-eb8f-4baf-9eed-7a4cc889cb7c,69:ED:62:55:A3:44,,-74,1762787740464
49910,1762787741392.0,0adab909-eb8f-4baf-9eed-7a4cc889cb7c,C0:3C:59:48:48:D7,ODIONS-SR,-85,1762787740464
49911,1762787741607.0,0adab909-eb8f-4baf-9eed-7a4cc889cb7c,78:95:0C:4D:47:26,,-71,1762787740464
49912,1762787743839.0,0adab909-eb8f-4baf-9eed-7a4cc889cb7c,73:09:69:A5:2F:7C,,-74,1762787740464
49913,1762787743857.0,0adab909-eb8f-4baf-9eed-7a4cc889cb7c,57:34:53:8B:20:23,,-78,1762787740464
49914,1762787744471.0,0adab909-eb8f-4baf-9eed-7a4cc889cb7c,48:CE:E3:79:18:91,,-75,1762787740464
49915,1762788338963.0,0adab909-eb8f-4baf-9eed-7a4cc889cb7c,84:25:3F:A3:1F:C2,mitte-home MH22340108,-77,1762788338891
49916,1762788339173.0,0adab909-eb8f-4baf-9eed-7a4cc889cb7c,98:04:ED:A2:3E:1C,S295b50867b2bc14bC,-77,1762788338891
49917,1762788339193.0,0adab909-eb8f-4baf-9eed-7a4cc889cb7c,73:67:F1:5B:BE:2D,,-73,1762788338891
49918,1762788340103.0,0adab909-eb8f-4baf-9eed-7a4cc889cb7c,C0:3C:59:48:48:D7,ODIONS-SR,-100,1762788338891
49919,1762788342581.0,0adab909-eb8f-4baf-9eed-7a4cc889cb7c,64:FB:77:BB:4F:87,,-70,1762788338891
49920,1762788342622.0,0adab909-eb8f-4baf-9eed-7a4cc889cb7c,C0:3C:59:48:48:D7,ODIONS-SR,-81,1762788338891
49921,1762788348741.0,0adab909-eb8f-4baf-9eed-7a4cc889cb7c,69:ED:62:55:A3:44,,-74,1762788338891
49922,1762788869707.0,0adab909-eb8f-4baf-9eed-7a4cc889cb7c,17:01:01:01:42:41,SWL-BT,-77,1762788869676
49923,1762788870104.0,0adab909-eb8f-4baf-9eed-7a4cc889cb7c,54:29:64:FA:3D:06,,-80,1762788869676
49924,1762788870405.0,0adab909-eb8f-4baf-9eed-7a4cc889cb7c,6C:0B:5E:31:4B:87,,-84,1762788869676
49925,1762788870432.0,0adab909-eb8f-4baf-9eed-7a4cc889cb7c,45:7A:46:DE:FB:DD,,-83,1762788869676
49926,1762788871060.0,0adab909-eb8f-4baf-9eed-7a4cc889cb7c,46:9A:74:ED:1A:DA,,-89,1762788869676
49927,1762788873246.0,0adab909-eb8f-4baf-9eed-7a4cc889cb7c,6B:BF:12:AD:7B:60,,-81,1762788869676
49928,1762788874925.0,0adab909-eb8f-4baf-9eed-7a4cc889cb7c,50:19:06:13:C2:40,,-75,1762788869676
49929,1762788878082.0,0adab909-eb8f-4baf-9eed-7a4cc889cb7c,A4:04:50:14:F7:AD,My VW 1468,-93,1762788869676
49930,1762788878137.0,0adab909-eb8f-4baf-9eed-7a4cc889cb7c,59:D3:36:4F:12:F3,,-86,1762788869676
49931,1762788879395.0,0adab909-eb8f-4baf-9eed-7a4cc889cb7c,27:26:99:60:44:99,,-80,1762788869676
49932,1762788879670.0,0adab909-eb8f-4baf-9eed-7a4cc889cb7c,F4:A0:C3:BF:91:EC,IDW19,-89,1762788869676
49933,1762788879694.0,0adab909-eb8f-4baf-9eed-7a4cc889cb7c,30:04:FF:56:F7:98,,-92,1762788869676
49934,1762788880077.0,0adab909-eb8f-4baf-9eed-7a4cc889cb7c,F0:A3:B2:6B:37:FB,,-100,1762788869676
49935,1762788895599.0,0adab909-eb8f-4baf-9eed-7a4cc889cb7c,05:81:2A:23:4C:9A,,-73,1762788869676
49936,1762788895624.0,0adab909-eb8f-4baf-9eed-7a4cc889cb7c,6C:0B:5E:31:4B:87,,-68,1762788869676
49937,1762788895640.0,0adab909-eb8f-4baf-9eed-7a4cc889cb7c,2A:53:24:7D:CB:93,,-75,1762788869676
49938,1762788895662.0,0adab909-eb8f-4baf-9eed-7a4cc889cb7c,0D:49:31:36:FD:BF,,-90,1762788869676
49939,1762788895680.0,0adab909-eb8f-4baf-9eed-7a4cc889cb7c,1C:86:9A:3B:44:DF,,-88,1762788869676
49940,1762788895700.0,0adab909-eb8f-4baf-9eed-7a4cc889cb7c,16:E4:76:D6:DB:38,,-83,1762788869676
49941,1762788896658.0,0adab909-eb8f-4baf-9eed-7a4cc889cb7c,2F:7F:A0:12:31:AA,,-89,1762788869676
49942,1762788896693.0,0adab909-eb8f-4baf-9eed-7a4cc889cb7c,BC:45:5B:54:96:60,,-92,1762788869676
49943,1762788896719.0,0adab909-eb8f-4baf-9eed-7a4cc889cb7c,E1:12:5F:7E:45:2C,SmartSolar HQ22233C6AR,-83,1762788869676
49944,1762788896745.0,0adab909-eb8f-4baf-9eed-7a4cc889cb7c,23:3E:64:54:78:9D,,-79,1762788869676
49945,1762788896772.0,0adab909-eb8f-4baf-9eed-7a4cc889cb7c,5B:3D:C1:43:47:6A,,-88,1762788869676
49946,1762788896802.0,0adab909-eb8f-4baf-9eed-7a4cc889cb7c,54:29:64:FA:3D:06,,-88,1762788869676
49947,1762788896823.0,0adab909-eb8f-4baf-9eed-7a4cc889cb7c,68:72:C3:D5:23:41,,-90,1762788869676
49948,1762788896849.0,0adab909-eb8f-4baf-9eed-7a4cc889cb7c,D4:9D:C0:5C:13:9B,,-88,1762788869676
49949,1762788896898.0,0adab909-eb8f-4baf-9eed-7a4cc889cb7c,27:26:99:60:44:99,,-84,1762788869676
49950,1762788897650.0,0adab909-eb8f-4baf-9eed-7a4cc889cb7c,F2:EA:67:A9:CE:12,,-93,1762788869676
49951,1762788897712.0,0adab909-eb8f-4baf-9eed-7a4cc889cb7c,57:7E:FD:C5:C8:24,,-87,1762788869676
49952,1762789477934.0,0adab909-eb8f-4baf-9eed-7a4cc889cb7c,E6:68:C6:AB:E4:2D,SumUp 418,-88,1762789475549
49953,1762789478222.0,0adab909-eb8f-4baf-9eed-7a4cc889cb7c,58:5C:6D:67:49:92,,-93,1762789475549
49954,1762789478250.0,0adab909-eb8f-4baf-9eed-7a4cc889cb7c,6F:F2:26:06:9D:FD,,-88,1762789475549
49955,1762789489629.0,0adab909-eb8f-4baf-9eed-7a4cc889cb7c,84:C8:A0:8B:BD:3D,JBL BAR 800,-80,1762789475549
49956,1762790086307.0,0adab909-eb8f-4baf-9eed-7a4cc889cb7c,4C:5A:C5:9F:11:43,,-85,1762790083957
49957,1762790087281.0,0adab909-eb8f-4baf-9eed-7a4cc889cb7c,44:2A:0B:73:43:52,,-83,1762790083957
49958,1762790709061.0,0adab909-eb8f-4baf-9eed-7a4cc889cb7c,E6:68:C6:AB:E4:2D,SumUp 418,-88,1762790708986
49959,1762790721983.0,0adab909-eb8f-4baf-9eed-7a4cc889cb7c,E6:68:C6:AB:E4:2D,SumUp 418,-81,1762790708986
49960,1762791280761.0,0adab909-eb8f-4baf-9eed-7a4cc889cb7c,E6:68:C6:AB:E4:2D,SumUp 418,-88,1762791280005
49961,1762791280809.0,0adab909-eb8f-4baf-9eed-7a4cc889cb7c,45:FA:6F:85:BA:17,,-87,1762791280005
49962,1762791282400.0,0adab909-eb8f-4baf-9eed-7a4cc889cb7c,5A:A0:3A:0D:FF:DA,,-85,1762791280005
49963,1762791292903.0,0adab909-eb8f-4baf-9eed-7a4cc889cb7c,E6:68:C6:AB:E4:2D,SumUp 418,-89,1762791280005
49964,1762791294891.0,0adab909-eb8f-4baf-9eed-7a4cc889cb7c,84:C8:A0:8B:BD:3D,JBL BAR 800,-84,1762791280005
49965,1762791294939.0,0adab909-eb8f-4baf-9eed-7a4cc889cb7c,5A:A0:3A:0D:FF:DA,,-86,1762791280005
49966,1762792128490.0,0adab909-eb8f-4baf-9eed-7a4cc889cb7c,40:84:C0:11:62:C4,,-92,1762792127480
49967,1762792128933.0,0adab909-eb8f-4baf-9eed-7a4cc889cb7c,5A:A0:3A:0D:FF:DA,,-89,1762792127480
49968,1762792130161.0,0adab909-eb8f-4baf-9eed-7a4cc889cb7c,E6:68:C6:AB:E4:2D,SumUp 418,-86,1762792127480
49969,1762792131066.0,0adab909-eb8f-4baf-9eed-7a4cc889cb7c,7C:02:C6:DF:75:BA,,-87,1762792127480
49970,1762792140536.0,0adab909-eb8f-4baf-9eed-7a4cc889cb7c,84:C8:A0:8B:BD:3D,JBL BAR 800,-80,1762792127480
49971,1762792140561.0,0adab909-eb8f-4baf-9eed-7a4cc889cb7c,E6:68:C6:AB:E4:2D,SumUp 418,-85,1762792127480
49972,1762792141486.0,0adab909-eb8f-4baf-9eed-7a4cc889cb7c,7C:02:C6:DF:75:BA,,-85,1762792127480
49973,1762792141563.0,0adab909-eb8f-4baf-9eed-7a4cc889cb7c,5A:A0:3A:0D:FF:DA,,-90,1762792127480
49974,1762792542608.0,0adab909-eb8f-4baf-9eed-7a4cc889cb7c,79:F4:35:8B:D0:3A,,-82,1762792542584
49975,1762792543966.0,0adab909-eb8f-4baf-9eed-7a4cc889cb7c,7C:02:C6:DF:75:BA,,-71,1762792542584
49976,1762794293675.0,0adab909-eb8f-4baf-9eed-7a4cc889cb7c,E6:68:C6:AB:E4:2D,SumUp 418,-91,1762794291395
49977,1762794294421.0,0adab909-eb8f-4baf-9eed-7a4cc889cb7c,53:DA:69:0C:3A:8B,,-81,1762794291395
49978,1762794295926.0,0adab909-eb8f-4baf-9eed-7a4cc889cb7c,7E:CF:B2:5E:78:DB,,-88,1762794291395
49979,1762794670858.0,0adab909-eb8f-4baf-9eed-7a4cc889cb7c,6F:32:3A:C0:1C:90,,-94,1762794670849
49980,1762794671571.0,0adab909-eb8f-4baf-9eed-7a4cc889cb7c,E6:68:C6:AB:E4:2D,SumUp 418,-88,1762794670849
49981,1762794673505.0,0adab909-eb8f-4baf-9eed-7a4cc889cb7c,43:65:11:64:7B:34,,-83,1762794670849
49982,1762795571088.0,0adab909-eb8f-4baf-9eed-7a4cc889cb7c,7F:5E:54:FD:E7:3B,,-89,1762795570454
49983,1762795572145.0,0adab909-eb8f-4baf-9eed-7a4cc889cb7c,6D:D2:25:A1:C8:BA,,-93,1762795570454
49984,1762795572734.0,0adab909-eb8f-4baf-9eed-7a4cc889cb7c,E6:68:C6:AB:E4:2D,SumUp 418,-91,1762795570454
49985,1762795580142.0,0adab909-eb8f-4baf-9eed-7a4cc889cb7c,6F:32:3A:C0:1C:90,,-89,1762795570454
49986,1762796172477.0,0adab909-eb8f-4baf-9eed-7a4cc889cb7c,E6:68:C6:AB:E4:2D,SumUp 418,-90,1762796172472
49987,1762796172524.0,0adab909-eb8f-4baf-9eed-7a4cc889cb7c,49:F9:EB:5C:32:77,,-91,1762796172472
49988,1762796172538.0,0adab909-eb8f-4baf-9eed-7a4cc889cb7c,7F:5E:54:FD:E7:3B,,-87,1762796172472
49989,1762796479424.0,0adab909-eb8f-4baf-9eed-7a4cc889cb7c,7F:5E:54:FD:E7:3B,,-89,1762796479313
49990,1762796480357.0,0adab909-eb8f-4baf-9eed-7a4cc889cb7c,E6:68:C6:AB:E4:2D,SumUp 418,-89,1762796479313
49991,1762797142553.0,0adab909-eb8f-4baf-9eed-7a4cc889cb7c,E6:68:C6:AB:E4:2D,SumUp 418,-92,1762797142469
49992,1762797143869.0,0adab909-eb8f-4baf-9eed-7a4cc889cb7c,66:5D:FD:CB:22:C0,,-77,1762797142469
49993,1762797904369.0,0adab909-eb8f-4baf-9eed-7a4cc889cb7c,4A:BF:D1:E7:ED:9E,,-80,1762797902972
49994,1762797905005.0,0adab909-eb8f-4baf-9eed-7a4cc889cb7c,E6:68:C6:AB:E4:2D,SumUp 418,-89,1762797902972
49995,1762798438966.0,0adab909-eb8f-4baf-9eed-7a4cc889cb7c,E6:68:C6:AB:E4:2D,SumUp 418,-88,1762798438934
49996,1762798438989.0,0adab909-eb8f-4baf-9eed-7a4cc889cb7c,62:1C:96:DE:B3:39,,-91,1762798438934
49997,1762798443554.0,0adab909-eb8f-4baf-9eed-7a4cc889cb7c,4A:C1:01:F9:38:94,,-76,1762798438934
49998,1762798444107.0,0adab909-eb8f-4baf-9eed-7a4cc889cb7c,56:9E:08:70:3A:AD,,-83,1762798438934
49999,1762800315448.0,0adab909-eb8f-4baf-9eed-7a4cc889cb7c,E6:68:C6:AB:E4:2D,SumUp 418,-94,1762800313045
50000,1762800672305.0,0adab909-eb8f-4baf-9eed-7a4cc889cb7c,E6:68:C6:AB:E4:2D,SumUp 418,-93,1762800672301
50001,1762801281845.0,0adab909-eb8f-4baf-9eed-7a4cc889cb7c,47:7B:50:34:42:22,,-83,1762801281403
50002,1762801282807.0,0adab909-eb8f-4baf-9eed-7a4cc889cb7c,E6:68:C6:AB:E4:2D,SumUp 418,-91,1762801281403
50003,1762801284772.0,0adab909-eb8f-4baf-9eed-7a4cc889cb7c,4B:9D:52:EF:F6:6E,,-82,1762801281403
50004,1762801874873.0,0adab909-eb8f-4baf-9eed-7a4cc889cb7c,41:74:6B:AE:F3:A1,,-85,1762801873412
50005,1762801876185.0,0adab909-eb8f-4baf-9eed-7a4cc889cb7c,6F:0F:4A:A3:5B:BE,,-87,1762801873412
50006,1762801878075.0,0adab909-eb8f-4baf-9eed-7a4cc889cb7c,E6:68:C6:AB:E4:2D,SumUp 418,-91,1762801873412
50007,1762801878727.0,0adab909-eb8f-4baf-9eed-7a4cc889cb7c,5C:FA:77:E8:C4:0D,,-85,1762801873412
50008,1762802549662.0,0adab909-eb8f-4baf-9eed-7a4cc889cb7c,4C:96:8A:ED:6A:01,SPEN NA,-55,1762802549598
50009,1762802549978.0,0adab909-eb8f-4baf-9eed-7a4cc889cb7c,4C:96:8A:ED:6A:01,SPEN NA,-56,1762802549598
50010,1762802550300.0,0adab909-eb8f-4baf-9eed-7a4cc889cb7c,4C:96:8A:ED:6A:01,SPEN NA,-51,1762802549598
50011,1762802550580.0,0adab909-eb8f-4baf-9eed-7a4cc889cb7c,E6:68:C6:AB:E4:2D,SumUp 418,-90,1762802549598
50012,1762802550607.0,0adab909-eb8f-4baf-9eed-7a4cc889cb7c,4C:96:8A:ED:6A:01,SPEN NA,-48,1762802549598
50013,1762802551005.0,0adab909-eb8f-4baf-9eed-7a4cc889cb7c,7C:F7:05:9D:C6:84,,-83,1762802549598
50014,1762802551548.0,0adab909-eb8f-4baf-9eed-7a4cc889cb7c,4C:96:8A:ED:6A:01,SPEN NA,-48,1762802549598
50015,1762802552597.0,0adab909-eb8f-4baf-9eed-7a4cc889cb7c,4C:96:8A:ED:6A:01,SPEN NA,-48,1762802549598
50016,1762802552813.0,0adab909-eb8f-4baf-9eed-7a4cc889cb7c,4C:96:8A:ED:6A:01,SPEN NA,-47,1762802549598
50017,1762802553557.0,0adab909-eb8f-4baf-9eed-7a4cc889cb7c,4C:96:8A:ED:6A:01,SPEN NA,-48,1762802549598
50018,1762802554194.0,0adab909-eb8f-4baf-9eed-7a4cc889cb7c,4C:96:8A:ED:6A:01,SPEN NA,-52,1762802549598
50019,1762802554511.0,0adab909-eb8f-4baf-9eed-7a4cc889cb7c,4C:96:8A:ED:6A:01,SPEN NA,-50,1762802549598
50020,1762802554821.0,0adab909-eb8f-4baf-9eed-7a4cc889cb7c,4C:96:8A:ED:6A:01,SPEN NA,-49,1762802549598
50021,1762802555168.0,0adab909-eb8f-4baf-9eed-7a4cc889cb7c,4C:96:8A:ED:6A:01,SPEN NA,-52,1762802549598
50022,1762802555469.0,0adab909-eb8f-4baf-9eed-7a4cc889cb7c,4C:96:8A:ED:6A:01,SPEN NA,-52,1762802549598
50023,1762802555767.0,0adab909-eb8f-4baf-9eed-7a4cc889cb7c,4C:96:8A:ED:6A:01,SPEN NA,-54,1762802549598
50024,1762802556078.0,0adab909-eb8f-4baf-9eed-7a4cc889cb7c,4C:96:8A:ED:6A:01,SPEN NA,-48,1762802549598
50025,1762802556391.0,0adab909-eb8f-4baf-9eed-7a4cc889cb7c,4C:96:8A:ED:6A:01,SPEN NA,-51,1762802549598
50026,1762802557019.0,0adab909-eb8f-4baf-9eed-7a4cc889cb7c,4C:96:8A:ED:6A:01,SPEN NA,-58,1762802549598
50027,1762802557304.0,0adab909-eb8f-4baf-9eed-7a4cc889cb7c,4C:96:8A:ED:6A:01,SPEN NA,-51,1762802549598
50028,1762802557427.0,0adab909-eb8f-4baf-9eed-7a4cc889cb7c,4C:96:8A:ED:6A:01,SPEN NA,-49,1762802549598
50029,1762802561127.0,0adab909-eb8f-4baf-9eed-7a4cc889cb7c,4C:96:8A:ED:6A:01,SPEN NA,-46,1762802549598
50030,1762803149978.0,0adab909-eb8f-4baf-9eed-7a4cc889cb7c,5E:D2:95:6C:E9:16,,-86,1762803149552
50031,1762803151924.0,0adab909-eb8f-4baf-9eed-7a4cc889cb7c,49:59:51:08:0F:91,,-87,1762803149552
50032,1762803773744.0,0adab909-eb8f-4baf-9eed-7a4cc889cb7c,49:59:51:08:0F:91,,-88,1762803771731
50033,1762803774059.0,0adab909-eb8f-4baf-9eed-7a4cc889cb7c,5E:D2:95:6C:E9:16,,-79,1762803771731
50034,1762803775723.0,0adab909-eb8f-4baf-9eed-7a4cc889cb7c,E6:68:C6:AB:E4:2D,SumUp 418,-92,1762803771731
50035,1762804372715.0,0adab909-eb8f-4baf-9eed-7a4cc889cb7c,62:ED:15:35:34:B0,,-84,1762804371695
50036,1762804373967.0,0adab909-eb8f-4baf-9eed-7a4cc889cb7c,63:CD:B7:62:3F:FC,,-85,1762804371695
50037,1762804377544.0,0adab909-eb8f-4baf-9eed-7a4cc889cb7c,E6:68:C6:AB:E4:2D,SumUp 418,-93,1762804371695
50038,1762804973917.0,0adab909-eb8f-4baf-9eed-7a4cc889cb7c,67:97:09:F2:89:25,,-86,1762804973910
50039,1762804974765.0,0adab909-eb8f-4baf-9eed-7a4cc889cb7c,53:19:62:57:5D:BD,,-93,1762804973910
50040,1762804975077.0,0adab909-eb8f-4baf-9eed-7a4cc889cb7c,62:ED:15:35:34:B0,,-84,1762804973910
50041,1762804976690.0,0adab909-eb8f-4baf-9eed-7a4cc889cb7c,E6:68:C6:AB:E4:2D,SumUp 418,-91,1762804973910
50042,1762805574314.0,0adab909-eb8f-4baf-9eed-7a4cc889cb7c,47:74:0C:E1:D6:2C,,-90,1762805573989
50043,1762805574469.0,0adab909-eb8f-4baf-9eed-7a4cc889cb7c,7D:94:13:D8:DE:05,,-86,1762805573989
50044,1762805576722.0,0adab909-eb8f-4baf-9eed-7a4cc889cb7c,E6:68:C6:AB:E4:2D,SumUp 418,-88,1762805573989
50045,1762805581235.0,0adab909-eb8f-4baf-9eed-7a4cc889cb7c,67:97:09:F2:89:25,,-90,1762805573989
50046,1762806105761.0,0adab909-eb8f-4baf-9eed-7a4cc889cb7c,7D:94:13:D8:DE:05,,-91,1762806105300
50047,1762806106420.0,0adab909-eb8f-4baf-9eed-7a4cc889cb7c,E6:68:C6:AB:E4:2D,SumUp 418,-88,1762806105300
50048,1762806107978.0,0adab909-eb8f-4baf-9eed-7a4cc889cb7c,65:F5:16:EA:D2:D5,,-84,1762806105300
50049,1762806705800.0,0adab909-eb8f-4baf-9eed-7a4cc889cb7c,E6:68:C6:AB:E4:2D,SumUp 418,-90,1762806705326
50050,1762806707333.0,0adab909-eb8f-4baf-9eed-7a4cc889cb7c,7C:DB:4E:61:F4:86,,-86,1762806705326
50051,1762806708069.0,0adab909-eb8f-4baf-9eed-7a4cc889cb7c,65:F5:16:EA:D2:D5,,-82,1762806705326
50052,1762807305425.0,0adab909-eb8f-4baf-9eed-7a4cc889cb7c,E6:68:C6:AB:E4:2D,SumUp 418,-91,1762807305367
50053,1762807306122.0,0adab909-eb8f-4baf-9eed-7a4cc889cb7c,71:A5:E5:44:53:33,,-82,1762807305367
50054,1762807314427.0,0adab909-eb8f-4baf-9eed-7a4cc889cb7c,63:02:21:2B:E1:F7,,-91,1762807305367
50055,1762807317311.0,0adab909-eb8f-4baf-9eed-7a4cc889cb7c,79:EF:C0:AD:76:1C,,-87,1762807305367
50056,1762808138733.0,0adab909-eb8f-4baf-9eed-7a4cc889cb7c,E6:68:C6:AB:E4:2D,SumUp 418,-84,1762808137343
50057,1762808138771.0,0adab909-eb8f-4baf-9eed-7a4cc889cb7c,5C:2F:B0:67:A8:22,,-85,1762808137343
50058,1762808140290.0,0adab909-eb8f-4baf-9eed-7a4cc889cb7c,62:53:30:D1:7F:04,,-90,1762808137343
50059,1762808147332.0,0adab909-eb8f-4baf-9eed-7a4cc889cb7c,5F:6E:B5:F5:AB:C2,,-91,1762808137343
50060,1762808150282.0,0adab909-eb8f-4baf-9eed-7a4cc889cb7c,E6:68:C6:AB:E4:2D,SumUp 418,-90,1762808137343
50061,1762808151506.0,0adab909-eb8f-4baf-9eed-7a4cc889cb7c,84:C8:A0:8B:BD:3D,JBL BAR 800,-81,1762808137343
50062,1762808500244.0,0adab909-eb8f-4baf-9eed-7a4cc889cb7c,5F:6E:B5:F5:AB:C2,,-81,1762808499194
50063,1762808500282.0,0adab909-eb8f-4baf-9eed-7a4cc889cb7c,E6:68:C6:AB:E4:2D,SumUp 418,-88,1762808499194
50064,1762808500312.0,0adab909-eb8f-4baf-9eed-7a4cc889cb7c,5C:2F:B0:67:A8:22,,-82,1762808499194
50065,1762808512101.0,0adab909-eb8f-4baf-9eed-7a4cc889cb7c,5C:2F:B0:67:A8:22,,-83,1762808499194
50066,1762808512162.0,0adab909-eb8f-4baf-9eed-7a4cc889cb7c,84:C8:A0:8B:BD:3D,JBL BAR 800,-79,1762808499194
50067,1762808512189.0,0adab909-eb8f-4baf-9eed-7a4cc889cb7c,E6:68:C6:AB:E4:2D,SumUp 418,-92,1762808499194
50068,1762809159407.0,0adab909-eb8f-4baf-9eed-7a4cc889cb7c,60:83:B5:2B:9A:21,,-75,1762809159265
50069,1762809159996.0,0adab909-eb8f-4baf-9eed-7a4cc889cb7c,E6:68:C6:AB:E4:2D,SumUp 418,-92,1762809159265
50070,1762809160017.0,0adab909-eb8f-4baf-9eed-7a4cc889cb7c,56:39:BA:B5:21:35,,-81,1762809159265
50071,1762809172330.0,0adab909-eb8f-4baf-9eed-7a4cc889cb7c,60:83:B5:2B:9A:21,,-74,1762809159265
50072,1762809173339.0,0adab909-eb8f-4baf-9eed-7a4cc889cb7c,E6:68:C6:AB:E4:2D,SumUp 418,-89,1762809159265
50073,1762809174282.0,0adab909-eb8f-4baf-9eed-7a4cc889cb7c,56:39:BA:B5:21:35,,-82,1762809159265
50074,1762809174450.0,0adab909-eb8f-4baf-9eed-7a4cc889cb7c,84:C8:A0:8B:BD:3D,JBL BAR 800,-82,1762809159265
50075,1762809175227.0,0adab909-eb8f-4baf-9eed-7a4cc889cb7c,D4:0D:35:33:7F:DD,,-78,1762809159265
50076,1762809175809.0,0adab909-eb8f-4baf-9eed-7a4cc889cb7c,60:83:B5:2B:9A:21,,-77,1762809159265
50077,1762809951729.0,0adab909-eb8f-4baf-9eed-7a4cc889cb7c,60:83:B5:2B:9A:21,,-86,1762809951644
50078,1762809952721.0,0adab909-eb8f-4baf-9eed-7a4cc889cb7c,E6:68:C6:AB:E4:2D,SumUp 418,-89,1762809951644
50079,1762809952754.0,0adab909-eb8f-4baf-9eed-7a4cc889cb7c,7F:4E:5C:01:4B:7F,,-78,1762809951644
50080,1762809954326.0,0adab909-eb8f-4baf-9eed-7a4cc889cb7c,67:58:54:C8:10:AE,,-89,1762809951644
50081,1762809964592.0,0adab909-eb8f-4baf-9eed-7a4cc889cb7c,7F:4E:5C:01:4B:7F,,-78,1762809951644
50082,1762810552176.0,0adab909-eb8f-4baf-9eed-7a4cc889cb7c,60:83:B5:2B:9A:21,,-84,1762810551669
50083,1762810552462.0,0adab909-eb8f-4baf-9eed-7a4cc889cb7c,E6:68:C6:AB:E4:2D,SumUp 418,-90,1762810551669
50084,1762810556960.0,0adab909-eb8f-4baf-9eed-7a4cc889cb7c,6D:2C:72:13:BA:69,,-73,1762810551669
50085,1762810564602.0,0adab909-eb8f-4baf-9eed-7a4cc889cb7c,60:83:B5:2B:9A:21,,-84,1762810551669
50086,1762810565756.0,0adab909-eb8f-4baf-9eed-7a4cc889cb7c,E6:68:C6:AB:E4:2D,SumUp 418,-90,1762810551669
50087,1762811152673.0,0adab909-eb8f-4baf-9eed-7a4cc889cb7c,6D:2C:72:13:BA:69,,-89,1762811151603
50088,1762811164230.0,0adab909-eb8f-4baf-9eed-7a4cc889cb7c,71:FB:5F:3E:97:A7,,-90,1762811151603
50089,1762811164520.0,0adab909-eb8f-4baf-9eed-7a4cc889cb7c,84:C8:A0:8B:BD:3D,JBL BAR 800,-83,1762811151603
50090,1762811753446.0,0adab909-eb8f-4baf-9eed-7a4cc889cb7c,4A:F7:60:D4:27:60,,-83,1762811751723
50091,1762811760178.0,0adab909-eb8f-4baf-9eed-7a4cc889cb7c,4B:F6:66:BA:67:69,,-82,1762811751723
50092,1762811760771.0,0adab909-eb8f-4baf-9eed-7a4cc889cb7c,E6:68:C6:AB:E4:2D,SumUp 418,-84,1762811751723
50093,1762811764701.0,0adab909-eb8f-4baf-9eed-7a4cc889cb7c,E6:68:C6:AB:E4:2D,SumUp 418,-87,1762811751723
50094,1762811764760.0,0adab909-eb8f-4baf-9eed-7a4cc889cb7c,84:C8:A0:8B:BD:3D,JBL BAR 800,-73,1762811751723
50095,1762811765787.0,0adab909-eb8f-4baf-9eed-7a4cc889cb7c,4B:F6:66:BA:67:69,,-83,1762811751723
50096,1762812355572.0,0adab909-eb8f-4baf-9eed-7a4cc889cb7c,4B:F6:66:BA:67:69,,-90,1762812353239
50097,1762812355890.0,0adab909-eb8f-4baf-9eed-7a4cc889cb7c,59:26:AB:7E:1C:26,,-81,1762812353239
50098,1762812357837.0,0adab909-eb8f-4baf-9eed-7a4cc889cb7c,E6:68:C6:AB:E4:2D,SumUp 418,-88,1762812353239
50099,1762812953634.0,0adab909-eb8f-4baf-9eed-7a4cc889cb7c,59:26:AB:7E:1C:26,,-90,1762812952216
50100,1762812953925.0,0adab909-eb8f-4baf-9eed-7a4cc889cb7c,E6:68:C6:AB:E4:2D,SumUp 418,-90,1762812952216
50101,1762813547309.0,0adab909-eb8f-4baf-9eed-7a4cc889cb7c,45:D1:5D:9E:B5:BE,,-82,1762813546229
50102,1762813552165.0,0adab909-eb8f-4baf-9eed-7a4cc889cb7c,E6:68:C6:AB:E4:2D,SumUp 418,-88,1762813546229
50103,1762814146700.0,0adab909-eb8f-4baf-9eed-7a4cc889cb7c,49:1C:F0:E4:94:B0,,-85,1762814146473
50104,1762814148629.0,0adab909-eb8f-4baf-9eed-7a4cc889cb7c,E6:68:C6:AB:E4:2D,SumUp 418,-85,1762814146473
50105,1762814149976.0,0adab909-eb8f-4baf-9eed-7a4cc889cb7c,7A:92:CE:4D:E3:4A,,-86,1762814146473
50106,1762814149990.0,0adab909-eb8f-4baf-9eed-7a4cc889cb7c,5B:8E:D2:D7:93:A9,,-86,1762814146473
50107,1762814744675.0,0adab909-eb8f-4baf-9eed-7a4cc889cb7c,7A:92:CE:4D:E3:4A,,-79,1762814744520
50108,1762814745590.0,0adab909-eb8f-4baf-9eed-7a4cc889cb7c,E6:68:C6:AB:E4:2D,SumUp 418,-85,1762814744520
50109,1762814747261.0,0adab909-eb8f-4baf-9eed-7a4cc889cb7c,66:B2:76:50:BC:96,,-91,1762814744520
50110,1762814751391.0,0adab909-eb8f-4baf-9eed-7a4cc889cb7c,5B:8E:D2:D7:93:A9,,-86,1762814744520
50111,1762815183223.0,0adab909-eb8f-4baf-9eed-7a4cc889cb7c,4F:8C:0F:09:D4:84,,-82,1762815180919
50112,1762815191038.0,0adab909-eb8f-4baf-9eed-7a4cc889cb7c,49:15:76:D9:A7:E7,,-90,1762815180919
50113,1762815191054.0,0adab909-eb8f-4baf-9eed-7a4cc889cb7c,E6:68:C6:AB:E4:2D,SumUp 418,-88,1762815180919
50114,1762816081296.0,0adab909-eb8f-4baf-9eed-7a4cc889cb7c,4F:8C:0F:09:D4:84,,-83,1762816080952
50115,1762816085833.0,0adab909-eb8f-4baf-9eed-7a4cc889cb7c,6F:F3:DC:22:D8:BF,,-85,1762816080952
50116,1762816086181.0,0adab909-eb8f-4baf-9eed-7a4cc889cb7c,E6:68:C6:AB:E4:2D,SumUp 418,-89,1762816080952
50117,1762816382205.0,0adab909-eb8f-4baf-9eed-7a4cc889cb7c,6B:1D:E0:C0:D9:50,,-88,1762816382174
50118,1762816382633.0,0adab909-eb8f-4baf-9eed-7a4cc889cb7c,E6:68:C6:AB:E4:2D,SumUp 418,-84,1762816382174
50119,1762816384599.0,0adab909-eb8f-4baf-9eed-7a4cc889cb7c,6F:F3:DC:22:D8:BF,,-84,1762816382174
50120,1762816981583.0,0adab909-eb8f-4baf-9eed-7a4cc889cb7c,E6:68:C6:AB:E4:2D,SumUp 418,-84,1762816980915
50121,1762816982593.0,0adab909-eb8f-4baf-9eed-7a4cc889cb7c,6B:1D:E0:C0:D9:50,,-85,1762816980915
50122,1762816985851.0,0adab909-eb8f-4baf-9eed-7a4cc889cb7c,62:62:B5:16:BC:77,,-84,1762816980915
50123,1762817514598.0,0adab909-eb8f-4baf-9eed-7a4cc889cb7c,49:02:60:7D:10:7F,,-88,1762817513426
50124,1762817514896.0,0adab909-eb8f-4baf-9eed-7a4cc889cb7c,E6:68:C6:AB:E4:2D,SumUp 418,-88,1762817513426
50125,1762817516466.0,0adab909-eb8f-4baf-9eed-7a4cc889cb7c,6D:6F:24:8F:94:1D,,-83,1762817513426
50126,1762817519995.0,0adab909-eb8f-4baf-9eed-7a4cc889cb7c,69:DC:72:11:3D:04,,-84,1762817513426
50127,1762818113422.0,0adab909-eb8f-4baf-9eed-7a4cc889cb7c,5A:F1:D0:87:C7:86,,-86,1762818113188
50128,1762818113882.0,0adab909-eb8f-4baf-9eed-7a4cc889cb7c,E6:68:C6:AB:E4:2D,SumUp 418,-88,1762818113188
50129,1762818115536.0,0adab909-eb8f-4baf-9eed-7a4cc889cb7c,6D:26:A8:75:AB:C5,,-84,1762818113188
50130,1762818118447.0,0adab909-eb8f-4baf-9eed-7a4cc889cb7c,6D:6F:24:8F:94:1D,,-79,1762818113188
50131,1762818713293.0,0adab909-eb8f-4baf-9eed-7a4cc889cb7c,E6:68:C6:AB:E4:2D,SumUp 418,-88,1762818712416
50132,1762818713562.0,0adab909-eb8f-4baf-9eed-7a4cc889cb7c,5A:F1:D0:87:C7:86,,-91,1762818712416
50133,1762818715166.0,0adab909-eb8f-4baf-9eed-7a4cc889cb7c,6D:26:A8:75:AB:C5,,-88,1762818712416
50134,1762819544888.0,0adab909-eb8f-4baf-9eed-7a4cc889cb7c,E6:68:C6:AB:E4:2D,SumUp 418,-88,1762819544173
50135,1762819549703.0,0adab909-eb8f-4baf-9eed-7a4cc889cb7c,40:FA:83:6C:A5:C9,,-84,1762819544173
50136,1762819550062.0,0adab909-eb8f-4baf-9eed-7a4cc889cb7c,5E:DF:61:37:CA:2C,,-85,1762819544173
50137,1762820144447.0,0adab909-eb8f-4baf-9eed-7a4cc889cb7c,40:FA:83:6C:A5:C9,,-84,1762820144444
50138,1762820144559.0,0adab909-eb8f-4baf-9eed-7a4cc889cb7c,51:40:C3:4F:63:90,,-83,1762820144444
50139,1762820144593.0,0adab909-eb8f-4baf-9eed-7a4cc889cb7c,E6:68:C6:AB:E4:2D,SumUp 418,-85,1762820144444
50140,1762820155204.0,0adab909-eb8f-4baf-9eed-7a4cc889cb7c,6D:5C:88:2C:4D:C1,,-88,1762820144444
50141,1762820744561.0,0adab909-eb8f-4baf-9eed-7a4cc889cb7c,6D:5C:88:2C:4D:C1,,-89,1762820744406
50142,1762820745903.0,0adab909-eb8f-4baf-9eed-7a4cc889cb7c,E6:68:C6:AB:E4:2D,SumUp 418,-89,1762820744406
50143,1762820746891.0,0adab909-eb8f-4baf-9eed-7a4cc889cb7c,4A:3C:21:F6:23:01,,-81,1762820744406
50144,1762820746905.0,0adab909-eb8f-4baf-9eed-7a4cc889cb7c,40:3A:AE:1B:2E:2F,,-85,1762820744406
50145,1762821081903.0,0adab909-eb8f-4baf-9eed-7a4cc889cb7c,53:D5:BD:14:B9:01,,-83,1762821081141
50146,1762821082866.0,0adab909-eb8f-4baf-9eed-7a4cc889cb7c,E6:68:C6:AB:E4:2D,SumUp 418,-89,1762821081141
50147,1762821091546.0,0adab909-eb8f-4baf-9eed-7a4cc889cb7c,6D:5C:88:2C:4D:C1,,-82,1762821081141
50148,1762821681182.0,0adab909-eb8f-4baf-9eed-7a4cc889cb7c,53:D5:BD:14:B9:01,,-89,1762821681136
50149,1762821686095.0,0adab909-eb8f-4baf-9eed-7a4cc889cb7c,4A:96:C5:84:D4:63,,-85,1762821681136
50150,1762821690278.0,0adab909-eb8f-4baf-9eed-7a4cc889cb7c,66:E7:62:7E:5F:5A,,-88,1762821681136
50151,1762822281154.0,0adab909-eb8f-4baf-9eed-7a4cc889cb7c,57:83:6F:3C:D2:30,,-93,1762822281149
50152,1762822281492.0,0adab909-eb8f-4baf-9eed-7a4cc889cb7c,E6:68:C6:AB:E4:2D,SumUp 418,-83,1762822281149
50153,1762823009245.0,0adab909-eb8f-4baf-9eed-7a4cc889cb7c,6E:51:E8:EB:94:18,,-80,1762823007164
50154,1762823009802.0,0adab909-eb8f-4baf-9eed-7a4cc889cb7c,E6:68:C6:AB:E4:2D,SumUp 418,-84,1762823007164
50155,1762823013088.0,0adab909-eb8f-4baf-9eed-7a4cc889cb7c,70:5C:55:72:E2:47,,-82,1762823007164
50156,1762823013326.0,0adab909-eb8f-4baf-9eed-7a4cc889cb7c,4F:6A:CD:A1:82:49,,-87,1762823007164
50157,1762823607503.0,0adab909-eb8f-4baf-9eed-7a4cc889cb7c,4F:6A:CD:A1:82:49,,-91,1762823607110
50158,1762823608167.0,0adab909-eb8f-4baf-9eed-7a4cc889cb7c,6E:51:E8:EB:94:18,,-84,1762823607110
50159,1762823609453.0,0adab909-eb8f-4baf-9eed-7a4cc889cb7c,E6:68:C6:AB:E4:2D,SumUp 418,-85,1762823607110
50160,1762823616473.0,0adab909-eb8f-4baf-9eed-7a4cc889cb7c,70:5C:55:72:E2:47,,-88,1762823607110
50161,1762824208211.0,0adab909-eb8f-4baf-9eed-7a4cc889cb7c,72:B4:C6:50:A7:6C,,-85,1762824207113
50162,1762824209510.0,0adab909-eb8f-4baf-9eed-7a4cc889cb7c,E6:68:C6:AB:E4:2D,SumUp 418,-85,1762824207113
50163,1762824216236.0,0adab909-eb8f-4baf-9eed-7a4cc889cb7c,41:6C:2C:8C:59:DA,,-91,1762824207113
50164,1762824808886.0,0adab909-eb8f-4baf-9eed-7a4cc889cb7c,E6:68:C6:AB:E4:2D,SumUp 418,-88,1762824807456
50165,1762824811058.0,0adab909-eb8f-4baf-9eed-7a4cc889cb7c,4A:64:D6:CC:71:1C,,-85,1762824807456
50166,1762824815210.0,0adab909-eb8f-4baf-9eed-7a4cc889cb7c,56:60:2E:D1:8F:AF,,-90,1762824807456
50167,1762825341871.0,0adab909-eb8f-4baf-9eed-7a4cc889cb7c,E6:68:C6:AB:E4:2D,SumUp 418,-88,1762825339369
50168,1762825344382.0,0adab909-eb8f-4baf-9eed-7a4cc889cb7c,7B:D1:E6:C0:BE:F3,,-79,1762825339369
50169,1762825939098.0,0adab909-eb8f-4baf-9eed-7a4cc889cb7c,E6:68:C6:AB:E4:2D,SumUp 418,-89,1762825939082
50170,1762825939508.0,0adab909-eb8f-4baf-9eed-7a4cc889cb7c,7B:D1:E6:C0:BE:F3,,-80,1762825939082
50171,1762825941754.0,0adab909-eb8f-4baf-9eed-7a4cc889cb7c,47:BA:A3:54:C7:4E,,-94,1762825939082
50172,1762826540543.0,0adab909-eb8f-4baf-9eed-7a4cc889cb7c,E6:68:C6:AB:E4:2D,SumUp 418,-85,1762826539308
50173,1762826542430.0,0adab909-eb8f-4baf-9eed-7a4cc889cb7c,79:0F:15:0C:69:B0,,-85,1762826539308
50174,1762826544709.0,0adab909-eb8f-4baf-9eed-7a4cc889cb7c,64:A1:FC:D5:60:FF,,-89,1762826539308
50175,1762827115850.0,0adab909-eb8f-4baf-9eed-7a4cc889cb7c,79:0F:15:0C:69:B0,,-89,1762827115338
50176,1762827115866.0,0adab909-eb8f-4baf-9eed-7a4cc889cb7c,E6:68:C6:AB:E4:2D,SumUp 418,-86,1762827115338
50177,1762827123254.0,0adab909-eb8f-4baf-9eed-7a4cc889cb7c,64:A1:FC:D5:60:FF,,-83,1762827115338
50178,1762827715848.0,0adab909-eb8f-4baf-9eed-7a4cc889cb7c,6C:12:7D:07:A9:E3,,-88,1762827715091
50179,1762827719098.0,0adab909-eb8f-4baf-9eed-7a4cc889cb7c,E6:68:C6:AB:E4:2D,SumUp 418,-89,1762827715091
50180,1762828316481.0,0adab909-eb8f-4baf-9eed-7a4cc889cb7c,E6:68:C6:AB:E4:2D,SumUp 418,-84,1762828315290
50181,1762828317475.0,0adab909-eb8f-4baf-9eed-7a4cc889cb7c,6C:12:7D:07:A9:E3,,-85,1762828315290
50182,1762828873105.0,0adab909-eb8f-4baf-9eed-7a4cc889cb7c,E6:68:C6:AB:E4:2D,SumUp 418,-89,1762828873072
50183,1762828878045.0,0adab909-eb8f-4baf-9eed-7a4cc889cb7c,5A:B2:89:D1:53:F3,,-81,1762828873072
50184,1762829478066.0,0adab909-eb8f-4baf-9eed-7a4cc889cb7c,E6:68:C6:AB:E4:2D,SumUp 418,-88,1762829474061
50185,1762830073792.0,0adab909-eb8f-4baf-9eed-7a4cc889cb7c,54:60:14:DA:87:E8,,-81,1762830073089
50186,1762830076128.0,0adab909-eb8f-4baf-9eed-7a4cc889cb7c,4A:A8:DA:21:39:2B,,-84,1762830073089
50187,1762830078007.0,0adab909-eb8f-4baf-9eed-7a4cc889cb7c,E6:68:C6:AB:E4:2D,SumUp 418,-87,1762830073089
50188,1762830675114.0,0adab909-eb8f-4baf-9eed-7a4cc889cb7c,52:B3:6E:0B:3F:5A,,-83,1762830673332
50189,1762830675379.0,0adab909-eb8f-4baf-9eed-7a4cc889cb7c,E6:68:C6:AB:E4:2D,SumUp 418,-84,1762830673332
50190,1762831507454.0,0adab909-eb8f-4baf-9eed-7a4cc889cb7c,E6:68:C6:AB:E4:2D,SumUp 418,-85,1762831505049
50191,1762831508413.0,0adab909-eb8f-4baf-9eed-7a4cc889cb7c,47:EF:F2:B1:11:04,,-78,1762831505049
50192,1762831511201.0,0adab909-eb8f-4baf-9eed-7a4cc889cb7c,52:B3:6E:0B:3F:5A,,-88,1762831505049
50193,1762832104976.0,0adab909-eb8f-4baf-9eed-7a4cc889cb7c,47:EF:F2:B1:11:04,,-79,1762832103636
50194,1762832105004.0,0adab909-eb8f-4baf-9eed-7a4cc889cb7c,E6:68:C6:AB:E4:2D,SumUp 418,-84,1762832103636
50195,1762832105963.0,0adab909-eb8f-4baf-9eed-7a4cc889cb7c,5F:44:F0:06:A4:6D,,-88,1762832103636
50196,1762832705640.0,0adab909-eb8f-4baf-9eed-7a4cc889cb7c,78:05:8A:67:68:6A,,-93,1762832705352
50197,1762832707214.0,0adab909-eb8f-4baf-9eed-7a4cc889cb7c,E6:68:C6:AB:E4:2D,SumUp 418,-88,1762832705352
50198,1762832708450.0,0adab909-eb8f-4baf-9eed-7a4cc889cb7c,72:D7:7B:D5:EC:07,,-84,1762832705352
50199,1762832708655.0,0adab909-eb8f-4baf-9eed-7a4cc889cb7c,4A:FC:55:98:34:CC,,-90,1762832705352
50200,1762833238080.0,0adab909-eb8f-4baf-9eed-7a4cc889cb7c,E6:68:C6:AB:E4:2D,SumUp 418,-88,1762833237276
50201,1762833238844.0,0adab909-eb8f-4baf-9eed-7a4cc889cb7c,72:D7:7B:D5:EC:07,,-84,1762833237276
50202,1762833242032.0,0adab909-eb8f-4baf-9eed-7a4cc889cb7c,4A:FC:55:98:34:CC,,-87,1762833237276
50203,1762833837260.0,0adab909-eb8f-4baf-9eed-7a4cc889cb7c,76:BE:76:F3:8A:D0,,-82,1762833837048
50204,1762833839375.0,0adab909-eb8f-4baf-9eed-7a4cc889cb7c,E6:68:C6:AB:E4:2D,SumUp 418,-88,1762833837048
50205,1762833845152.0,0adab909-eb8f-4baf-9eed-7a4cc889cb7c,7C:8F:12:6C:D4:AC,,-86,1762833837048
50206,1762834435862.0,0adab909-eb8f-4baf-9eed-7a4cc889cb7c,E6:68:C6:AB:E4:2D,SumUp 418,-87,1762834435860
50207,1762834436095.0,0adab909-eb8f-4baf-9eed-7a4cc889cb7c,46:5F:A8:2F:D8:A8,,-83,1762834435860
50208,1762834438642.0,0adab909-eb8f-4baf-9eed-7a4cc889cb7c,76:BE:76:F3:8A:D0,,-85,1762834435860
50209,1762834442544.0,0adab909-eb8f-4baf-9eed-7a4cc889cb7c,59:99:F0:B2:90:A5,,-89,1762834435860
50210,1762834971296.0,0adab909-eb8f-4baf-9eed-7a4cc889cb7c,E6:68:C6:AB:E4:2D,SumUp 418,-88,1762834968983
50211,1762834973292.0,0adab909-eb8f-4baf-9eed-7a4cc889cb7c,46:5F:A8:2F:D8:A8,,-94,1762834968983
50212,1762834979726.0,0adab909-eb8f-4baf-9eed-7a4cc889cb7c,6E:40:62:AE:BF:B5,,-86,1762834968983
50213,1762835571434.0,0adab909-eb8f-4baf-9eed-7a4cc889cb7c,67:B3:05:4E:DC:97,,-92,1762835569011
50214,1762835574911.0,0adab909-eb8f-4baf-9eed-7a4cc889cb7c,E6:68:C6:AB:E4:2D,SumUp 418,-90,1762835569011
50215,1762835577220.0,0adab909-eb8f-4baf-9eed-7a4cc889cb7c,6E:40:62:AE:BF:B5,,-88,1762835569011
50216,1762836178730.0,0adab909-eb8f-4baf-9eed-7a4cc889cb7c,6C:EA:F7:32:D3:3A,,-85,1762836169000
50217,1762836768751.0,0adab909-eb8f-4baf-9eed-7a4cc889cb7c,6C:EA:F7:32:D3:3A,,-85,1762836768061
50218,1762836769098.0,0adab909-eb8f-4baf-9eed-7a4cc889cb7c,6B:1B:F4:80:C3:02,,-81,1762836768061
50219,1762836771660.0,0adab909-eb8f-4baf-9eed-7a4cc889cb7c,E6:68:C6:AB:E4:2D,SumUp 418,-87,1762836768061
50220,1762837299421.0,0adab909-eb8f-4baf-9eed-7a4cc889cb7c,47:DF:48:3C:B5:B5,,-80,1762837299011
50221,1762837300010.0,0adab909-eb8f-4baf-9eed-7a4cc889cb7c,E6:68:C6:AB:E4:2D,SumUp 418,-82,1762837299011
50222,1762837301984.0,0adab909-eb8f-4baf-9eed-7a4cc889cb7c,6C:8E:E3:B3:4C:9D,,-83,1762837299011
50223,1762837304258.0,0adab909-eb8f-4baf-9eed-7a4cc889cb7c,46:69:F0:10:11:C1,,-86,1762837299011
50224,1762837899022.0,0adab909-eb8f-4baf-9eed-7a4cc889cb7c,E6:68:C6:AB:E4:2D,SumUp 418,-85,1762837898984
50225,1762837899677.0,0adab909-eb8f-4baf-9eed-7a4cc889cb7c,6D:E2:E8:E9:24:72,,-93,1762837898984
50226,1762837902038.0,0adab909-eb8f-4baf-9eed-7a4cc889cb7c,77:DA:84:54:FE:C2,,-82,1762837898984
50227,1762838500020.0,0adab909-eb8f-4baf-9eed-7a4cc889cb7c,E6:68:C6:AB:E4:2D,SumUp 418,-83,1762838499967
50228,1762838500395.0,0adab909-eb8f-4baf-9eed-7a4cc889cb7c,77:DA:84:54:FE:C2,,-84,1762838499967
50229,1762838500719.0,0adab909-eb8f-4baf-9eed-7a4cc889cb7c,6D:E2:E8:E9:24:72,,-83,1762838499967
50230,1762838510669.0,0adab909-eb8f-4baf-9eed-7a4cc889cb7c,6D:AE:3B:3A:D4:A5,,-86,1762838499967
50231,1762839123183.0,0adab909-eb8f-4baf-9eed-7a4cc889cb7c,57:D4:14:EF:98:8B,,-90,1762839122078
50232,1762839124138.0,0adab909-eb8f-4baf-9eed-7a4cc889cb7c,E6:68:C6:AB:E4:2D,SumUp 418,-84,1762839122078
50233,1762839124454.0,0adab909-eb8f-4baf-9eed-7a4cc889cb7c,6D:AE:3B:3A:D4:A5,,-85,1762839122078
50234,1762839126048.0,0adab909-eb8f-4baf-9eed-7a4cc889cb7c,19:7A:25:1A:B7:04,,-89,1762839122078
50235,1762839197787.0,0adab909-eb8f-4baf-9eed-7a4cc889cb7c,84:C8:A0:8B:BD:3D,JBL BAR 800,-85,1762839122078
50236,1762839756329.0,0adab909-eb8f-4baf-9eed-7a4cc889cb7c,5F:62:3A:C3:6B:57,,-94,1762839756326
50237,1762839757720.0,0adab909-eb8f-4baf-9eed-7a4cc889cb7c,58:C8:D1:BD:F7:AB,,-93,1762839756326
50238,1762839758003.0,0adab909-eb8f-4baf-9eed-7a4cc889cb7c,E6:68:C6:AB:E4:2D,SumUp 418,-88,1762839756326
50239,1762839768006.0,0adab909-eb8f-4baf-9eed-7a4cc889cb7c,50:95:E6:94:6A:78,,-92,1762839756326
50240,1762840355160.0,0adab909-eb8f-4baf-9eed-7a4cc889cb7c,4C:96:8A:ED:6A:01,SPEN NA,-57,1762840354731
50241,1762840355486.0,0adab909-eb8f-4baf-9eed-7a4cc889cb7c,4C:96:8A:ED:6A:01,SPEN NA,-65,1762840354731
50242,1762840355799.0,0adab909-eb8f-4baf-9eed-7a4cc889cb7c,4C:96:8A:ED:6A:01,SPEN NA,-61,1762840354731
50243,1762840356085.0,0adab909-eb8f-4baf-9eed-7a4cc889cb7c,E6:68:C6:AB:E4:2D,SumUp 418,-86,1762840354731
50244,1762840356121.0,0adab909-eb8f-4baf-9eed-7a4cc889cb7c,4C:96:8A:ED:6A:01,SPEN NA,-58,1762840354731
50245,1762840356433.0,0adab909-eb8f-4baf-9eed-7a4cc889cb7c,4C:96:8A:ED:6A:01,SPEN NA,-65,1762840354731
50246,1762840356768.0,0adab909-eb8f-4baf-9eed-7a4cc889cb7c,5F:62:3A:C3:6B:57,,-76,1762840354731
50247,1762840357056.0,0adab909-eb8f-4baf-9eed-7a4cc889cb7c,4C:96:8A:ED:6A:01,SPEN NA,-61,1762840354731
50248,1762840357380.0,0adab909-eb8f-4baf-9eed-7a4cc889cb7c,4C:96:8A:ED:6A:01,SPEN NA,-66,1762840354731
50249,1762840358962.0,0adab909-eb8f-4baf-9eed-7a4cc889cb7c,4C:96:8A:ED:6A:01,SPEN NA,-61,1762840354731
50250,1762840359282.0,0adab909-eb8f-4baf-9eed-7a4cc889cb7c,4C:96:8A:ED:6A:01,SPEN NA,-64,1762840354731
50251,1762840359695.0,0adab909-eb8f-4baf-9eed-7a4cc889cb7c,4C:96:8A:ED:6A:01,SPEN NA,-61,1762840354731
50252,1762840360003.0,0adab909-eb8f-4baf-9eed-7a4cc889cb7c,4C:96:8A:ED:6A:01,SPEN NA,-61,1762840354731
50253,1762840360323.0,0adab909-eb8f-4baf-9eed-7a4cc889cb7c,4C:96:8A:ED:6A:01,SPEN NA,-60,1762840354731
50254,1762840360628.0,0adab909-eb8f-4baf-9eed-7a4cc889cb7c,4C:96:8A:ED:6A:01,SPEN NA,-61,1762840354731
50255,1762840360935.0,0adab909-eb8f-4baf-9eed-7a4cc889cb7c,4C:96:8A:ED:6A:01,SPEN NA,-57,1762840354731
50256,1762840361592.0,0adab909-eb8f-4baf-9eed-7a4cc889cb7c,4C:96:8A:ED:6A:01,SPEN NA,-61,1762840354731
50257,1762840361832.0,0adab909-eb8f-4baf-9eed-7a4cc889cb7c,79:A9:D4:EB:8B:BC,,-91,1762840354731
50258,1762840361877.0,0adab909-eb8f-4baf-9eed-7a4cc889cb7c,4C:96:8A:ED:6A:01,SPEN NA,-57,1762840354731
50259,1762840362217.0,0adab909-eb8f-4baf-9eed-7a4cc889cb7c,4C:96:8A:ED:6A:01,SPEN NA,-65,1762840354731
50260,1762840362505.0,0adab909-eb8f-4baf-9eed-7a4cc889cb7c,4C:96:8A:ED:6A:01,SPEN NA,-62,1762840354731
50261,1762840362851.0,0adab909-eb8f-4baf-9eed-7a4cc889cb7c,4C:96:8A:ED:6A:01,SPEN NA,-57,1762840354731
50262,1762840363156.0,0adab909-eb8f-4baf-9eed-7a4cc889cb7c,4C:96:8A:ED:6A:01,SPEN NA,-64,1762840354731
50263,1762840363770.0,0adab909-eb8f-4baf-9eed-7a4cc889cb7c,4C:96:8A:ED:6A:01,SPEN NA,-57,1762840354731
50264,1762840364100.0,0adab909-eb8f-4baf-9eed-7a4cc889cb7c,4C:96:8A:ED:6A:01,SPEN NA,-60,1762840354731
50265,1762840364416.0,0adab909-eb8f-4baf-9eed-7a4cc889cb7c,4C:96:8A:ED:6A:01,SPEN NA,-59,1762840354731
50266,1762840366103.0,0adab909-eb8f-4baf-9eed-7a4cc889cb7c,4C:96:8A:ED:6A:01,SPEN NA,-60,1762840354731
50267,1762840366394.0,0adab909-eb8f-4baf-9eed-7a4cc889cb7c,4C:96:8A:ED:6A:01,SPEN NA,-56,1762840354731
50268,1762840366721.0,0adab909-eb8f-4baf-9eed-7a4cc889cb7c,4C:96:8A:ED:6A:01,SPEN NA,-57,1762840354731
50269,1762841152873.0,0adab909-eb8f-4baf-9eed-7a4cc889cb7c,59:99:AC:05:16:85,,-77,1762841151482
50270,1762841152907.0,0adab909-eb8f-4baf-9eed-7a4cc889cb7c,E6:68:C6:AB:E4:2D,SumUp 418,-86,1762841151482
50271,1762841751929.0,0adab909-eb8f-4baf-9eed-7a4cc889cb7c,6A:2C:20:08:70:91,,-77,1762841751479
50272,1762841751965.0,0adab909-eb8f-4baf-9eed-7a4cc889cb7c,E6:68:C6:AB:E4:2D,SumUp 418,-86,1762841751479
50273,1762841752000.0,0adab909-eb8f-4baf-9eed-7a4cc889cb7c,A4:22:01:8B:FE:B1,,-100,1762841751479
50274,1762841752309.0,0adab909-eb8f-4baf-9eed-7a4cc889cb7c,A4:22:01:8B:FE:B1,Car Kit,-99,1762841751479
50275,1762841753864.0,0adab909-eb8f-4baf-9eed-7a4cc889cb7c,54:12:0B:5F:83:4D,,-90,1762841751479
50276,1762841763481.0,0adab909-eb8f-4baf-9eed-7a4cc889cb7c,4E:4D:C4:39:B6:17,,-90,1762841751479
50277,1762842319378.0,0adab909-eb8f-4baf-9eed-7a4cc889cb7c,6A:2C:20:08:70:91,,-90,1762842319240
50278,1762842320284.0,0adab909-eb8f-4baf-9eed-7a4cc889cb7c,E6:68:C6:AB:E4:2D,SumUp 418,-91,1762842319240
50279,1762842328974.0,0adab909-eb8f-4baf-9eed-7a4cc889cb7c,4E:4D:C4:39:B6:17,,-86,1762842319240
50280,1762842332280.0,0adab909-eb8f-4baf-9eed-7a4cc889cb7c,84:C8:A0:8B:BD:3D,JBL BAR 800,-82,1762842319240
50281,1762842332351.0,0adab909-eb8f-4baf-9eed-7a4cc889cb7c,E6:68:C6:AB:E4:2D,SumUp 418,-92,1762842319240
50282,1762842334232.0,0adab909-eb8f-4baf-9eed-7a4cc889cb7c,6A:2C:20:08:70:91,,-79,1762842319240
50283,1762842951171.0,0adab909-eb8f-4baf-9eed-7a4cc889cb7c,E6:68:C6:AB:E4:2D,SumUp 418,-88,1762842951094
50284,1762842951285.0,0adab909-eb8f-4baf-9eed-7a4cc889cb7c,6E:07:35:B9:44:FB,,-88,1762842951094
50285,1762842952522.0,0adab909-eb8f-4baf-9eed-7a4cc889cb7c,4E:4D:C4:39:B6:17,,-77,1762842951094
50286,1762842953792.0,0adab909-eb8f-4baf-9eed-7a4cc889cb7c,7C:64:F4:1A:57:8E,,-73,1762842951094
50287,1762842964060.0,0adab909-eb8f-4baf-9eed-7a4cc889cb7c,84:C8:A0:8B:BD:3D,JBL BAR 800,-74,1762842951094
50288,1762842964147.0,0adab909-eb8f-4baf-9eed-7a4cc889cb7c,E6:68:C6:AB:E4:2D,SumUp 418,-89,1762842951094
50289,1762842966135.0,0adab909-eb8f-4baf-9eed-7a4cc889cb7c,7C:64:F4:1A:57:8E,,-74,1762842951094
50290,1762843331540.0,0adab909-eb8f-4baf-9eed-7a4cc889cb7c,E6:68:C6:AB:E4:2D,SumUp 418,-87,1762843331532
50291,1762843332879.0,0adab909-eb8f-4baf-9eed-7a4cc889cb7c,7C:64:F4:1A:57:8E,,-93,1762843331532
50292,1762843340654.0,0adab909-eb8f-4baf-9eed-7a4cc889cb7c,57:26:65:F0:0C:AE,Fernseher im Schlafzimmer,-100,1762843331532
50293,1762843342560.0,0adab909-eb8f-4baf-9eed-7a4cc889cb7c,40:58:99:A6:72:5A,,-89,1762843331532
50294,1762843344077.0,0adab909-eb8f-4baf-9eed-7a4cc889cb7c,66:67:39:5C:D0:70,,-86,1762843331532
50295,1762843918474.0,0adab909-eb8f-4baf-9eed-7a4cc889cb7c,6C:0B:5E:31:4B:87,,-91,1762843917979
50296,1762843919322.0,0adab909-eb8f-4baf-9eed-7a4cc889cb7c,40:34:85:CC:EF:ED,,-92,1762843917979
50297,1762843919652.0,0adab909-eb8f-4baf-9eed-7a4cc889cb7c,C6:BF:F6:B7:29:B6,MONITOR III A.N.C. [LE],-85,1762843917979
50298,1762843919819.0,0adab909-eb8f-4baf-9eed-7a4cc889cb7c,00:03:19:60:73:CA,,-100,1762843917979
50299,1762843919954.0,0adab909-eb8f-4baf-9eed-7a4cc889cb7c,53:97:02:5A:06:18,,-91,1762843917979
50300,1762843920025.0,0adab909-eb8f-4baf-9eed-7a4cc889cb7c,41:99:81:07:B5:E4,,-85,1762843917979
50301,1762843920848.0,0adab909-eb8f-4baf-9eed-7a4cc889cb7c,F0:A3:B2:6B:37:FB,UPD-BJ00R,-94,1762843917979
50302,1762843921931.0,0adab909-eb8f-4baf-9eed-7a4cc889cb7c,5B:51:40:D3:51:AC,,-90,1762843917979
50303,1762843922299.0,0adab909-eb8f-4baf-9eed-7a4cc889cb7c,27:C5:74:35:F8:F2,,-90,1762843917979
50304,1762843923187.0,0adab909-eb8f-4baf-9eed-7a4cc889cb7c,8C:59:DC:F2:0E:0C,DOTTS,-83,1762843917979
50305,1762843923908.0,0adab909-eb8f-4baf-9eed-7a4cc889cb7c,3D:F3:FB:59:A3:9C,,-82,1762843917979
50306,1762843924196.0,0adab909-eb8f-4baf-9eed-7a4cc889cb7c,25:5D:07:4C:F3:51,,-93,1762843917979
50307,1762843927180.0,0adab909-eb8f-4baf-9eed-7a4cc889cb7c,54:67:06:3A:3C:84,OPPO A16,-100,1762843917979
50308,1762843928736.0,0adab909-eb8f-4baf-9eed-7a4cc889cb7c,2C:D1:C6:EF:DF:AA,My VW 6915,-88,1762843917979
50309,1762844532842.0,0adab909-eb8f-4baf-9eed-7a4cc889cb7c,44:E3:93:8D:BC:54,,-88,1762844532826
50310,1762844534269.0,0adab909-eb8f-4baf-9eed-7a4cc889cb7c,49:7E:99:CC:6E:D8,,-85,1762844532826
50311,1762844534452.0,0adab909-eb8f-4baf-9eed-7a4cc889cb7c,59:0C:AC:AD:3B:72,,-92,1762844532826
50312,1762844535051.0,0adab909-eb8f-4baf-9eed-7a4cc889cb7c,68:CA:C4:8A:40:9C,mbasg,-98,1762844532826
50313,1762844536123.0,0adab909-eb8f-4baf-9eed-7a4cc889cb7c,84:25:3F:A3:1F:C2,mitte-home MH22340108,-85,1762844532826
50314,1762844536138.0,0adab909-eb8f-4baf-9eed-7a4cc889cb7c,64:16:77:D4:2A:AA,,-87,1762844532826
50315,1762844539675.0,0adab909-eb8f-4baf-9eed-7a4cc889cb7c,54:17:96:29:EE:55,,-84,1762844532826
50316,1762845075661.0,0adab909-eb8f-4baf-9eed-7a4cc889cb7c,68:CA:C4:8A:40:9C,mbasg,-95,1762845075532
50317,1762845076575.0,0adab909-eb8f-4baf-9eed-7a4cc889cb7c,64:16:77:D4:2A:AA,,-88,1762845075532
50318,1762845076594.0,0adab909-eb8f-4baf-9eed-7a4cc889cb7c,84:25:3F:A3:1F:C2,mitte-home MH22340108,-91,1762845075532
50319,1762845076960.0,0adab909-eb8f-4baf-9eed-7a4cc889cb7c,79:1A:20:6C:38:4D,,-91,1762845075532
50320,1762845079818.0,0adab909-eb8f-4baf-9eed-7a4cc889cb7c,6B:31:A2:AC:1D:6F,,-88,1762845075532
50321,1762845082749.0,0adab909-eb8f-4baf-9eed-7a4cc889cb7c,68:BD:A9:03:A6:C2,,-87,1762845075532
50322,1762845761645.0,0adab909-eb8f-4baf-9eed-7a4cc889cb7c,68:BD:A9:03:A6:C2,,-91,1762845761599
50323,1762845762052.0,0adab909-eb8f-4baf-9eed-7a4cc889cb7c,4D:B6:8F:5D:B5:35,,-94,1762845761599
50324,1762845762298.0,0adab909-eb8f-4baf-9eed-7a4cc889cb7c,5E:D2:45:B7:6E:96,,-73,1762845761599
50325,1762845762314.0,0adab909-eb8f-4baf-9eed-7a4cc889cb7c,84:25:3F:A3:1F:C2,mitte-home MH22340108,-88,1762845761599
50326,1762845762361.0,0adab909-eb8f-4baf-9eed-7a4cc889cb7c,68:CA:C4:8A:40:9C,mbasg,-100,1762845761599
50327,1762845762768.0,0adab909-eb8f-4baf-9eed-7a4cc889cb7c,68:CA:C4:8A:40:9C,mbasg,-100,1762845761599
50328,1762845762990.0,0adab909-eb8f-4baf-9eed-7a4cc889cb7c,7A:C6:D7:DE:7B:40,Jabra Evolve2 65,-93,1762845761599
50329,1762845766200.0,0adab909-eb8f-4baf-9eed-7a4cc889cb7c,79:1A:20:6C:38:4D,,-85,1762845761599
50330,1762845767458.0,0adab909-eb8f-4baf-9eed-7a4cc889cb7c,6B:31:A2:AC:1D:6F,,-91,1762845761599
50331,1762845768741.0,0adab909-eb8f-4baf-9eed-7a4cc889cb7c,55:3C:E3:12:1C:46,,-69,1762845761599
50332,1762846650770.0,0adab909-eb8f-4baf-9eed-7a4cc889cb7c,68:CA:C4:8A:40:9C,mbasg,-100,1762846650565
50333,1762846651346.0,0adab909-eb8f-4baf-9eed-7a4cc889cb7c,5D:88:6F:3A:7B:25,,-66,1762846650565
50334,1762846651605.0,0adab909-eb8f-4baf-9eed-7a4cc889cb7c,4D:52:D3:22:EB:A5,Jabra Evolve2 65,-80,1762846650565
50335,1762846652237.0,0adab909-eb8f-4baf-9eed-7a4cc889cb7c,71:2B:90:5F:E7:E4,,-91,1762846650565
50336,1762846655519.0,0adab909-eb8f-4baf-9eed-7a4cc889cb7c,50:1B:F0:EA:F6:20,,-88,1762846650565
50337,1762846655537.0,0adab909-eb8f-4baf-9eed-7a4cc889cb7c,58:CB:F6:85:B8:20,,-86,1762846650565
50338,1762846657755.0,0adab909-eb8f-4baf-9eed-7a4cc889cb7c,84:25:3F:A3:1F:C2,mitte-home MH22340108,-90,1762846650565
50339,1762846951903.0,0adab909-eb8f-4baf-9eed-7a4cc889cb7c,5D:88:6F:3A:7B:25,,-65,1762846951892
50340,1762846951946.0,0adab909-eb8f-4baf-9eed-7a4cc889cb7c,6D:15:04:E1:CB:6D,,-88,1762846951892
50341,1762846952010.0,0adab909-eb8f-4baf-9eed-7a4cc889cb7c,76:0C:AD:8C:EF:3A,,-86,1762846951892
50342,1762846952339.0,0adab909-eb8f-4baf-9eed-7a4cc889cb7c,6E:D3:D9:8F:E2:89,,-82,1762846951892
50343,1762846952600.0,0adab909-eb8f-4baf-9eed-7a4cc889cb7c,84:25:3F:A3:1F:C2,mitte-home MH22340108,-90,1762846951892
50344,1762846953945.0,0adab909-eb8f-4baf-9eed-7a4cc889cb7c,71:2B:90:5F:E7:E4,,-87,1762846951892
50345,1762846954122.0,0adab909-eb8f-4baf-9eed-7a4cc889cb7c,68:CA:C4:8A:40:9C,mbasg,-100,1762846951892
50346,1762846954514.0,0adab909-eb8f-4baf-9eed-7a4cc889cb7c,4D:52:D3:22:EB:A5,Jabra Evolve2 65,-76,1762846951892
50347,1762846955847.0,0adab909-eb8f-4baf-9eed-7a4cc889cb7c,69:A7:49:36:B4:5A,Jabra Evolve2 65,-80,1762846951892
50348,1762846958072.0,0adab909-eb8f-4baf-9eed-7a4cc889cb7c,6C:46:35:52:96:7C,,-66,1762846951892
50349,1762846958684.0,0adab909-eb8f-4baf-9eed-7a4cc889cb7c,58:CB:F6:85:B8:20,,-88,1762846951892
50350,1762847551977.0,0adab909-eb8f-4baf-9eed-7a4cc889cb7c,59:E5:7B:C5:81:96,,-70,1762847551885
50351,1762847552253.0,0adab909-eb8f-4baf-9eed-7a4cc889cb7c,84:25:3F:A3:1F:C2,mitte-home MH22340108,-95,1762847551885
50352,1762847552270.0,0adab909-eb8f-4baf-9eed-7a4cc889cb7c,52:A0:BF:37:50:8C,,-84,1762847551885
50353,1762847552290.0,0adab909-eb8f-4baf-9eed-7a4cc889cb7c,98:04:ED:A2:3E:1C,S295b50867b2bc14bC,-91,1762847551885
50354,1762847552640.0,0adab909-eb8f-4baf-9eed-7a4cc889cb7c,4A:E0:13:23:B6:7D,,-84,1762847551885
50355,1762847552660.0,0adab909-eb8f-4baf-9eed-7a4cc889cb7c,54:FA:94:50:94:B5,Jabra Evolve2 65,-81,1762847551885
50356,1762847552671.0,0adab909-eb8f-4baf-9eed-7a4cc889cb7c,77:0D:47:CF:25:26,,-72,1762847551885
50357,1762847553279.0,0adab909-eb8f-4baf-9eed-7a4cc889cb7c,7D:90:BC:36:0F:1B,,-84,1762847551885
50358,1762847553847.0,0adab909-eb8f-4baf-9eed-7a4cc889cb7c,76:0C:AD:8C:EF:3A,,-89,1762847551885
50359,1762847554296.0,0adab909-eb8f-4baf-9eed-7a4cc889cb7c,68:CA:C4:8A:40:9C,mbasg,-100,1762847551885
50360,1762847555492.0,0adab909-eb8f-4baf-9eed-7a4cc889cb7c,7E:A3:64:8A:DC:7D,,-92,1762847551885
50361,1762847555509.0,0adab909-eb8f-4baf-9eed-7a4cc889cb7c,7C:0A:47:48:AF:7D,,-94,1762847551885
50362,1762847557102.0,0adab909-eb8f-4baf-9eed-7a4cc889cb7c,54:5F:26:3B:88:58,,-93,1762847551885
50363,1762847560995.0,0adab909-eb8f-4baf-9eed-7a4cc889cb7c,7F:3D:7F:B5:84:87,Jabra Evolve2 65,-92,1762847551885
50364,1762847562272.0,0adab909-eb8f-4baf-9eed-7a4cc889cb7c,6E:75:2A:7C:71:0F,,-90,1762847551885
50365,1762848370014.0,0adab909-eb8f-4baf-9eed-7a4cc889cb7c,68:CA:C4:8A:40:9C,mbasg,-97,1762848369882
50366,1762848370261.0,0adab909-eb8f-4baf-9eed-7a4cc889cb7c,59:E5:7B:C5:81:96,,-72,1762848369882
50367,1762848370299.0,0adab909-eb8f-4baf-9eed-7a4cc889cb7c,4A:E0:13:23:B6:7D,,-81,1762848369882
50368,1762848370338.0,0adab909-eb8f-4baf-9eed-7a4cc889cb7c,75:51:00:FF:57:28,Jabra Evolve2 65,-94,1762848369882
50369,1762848370354.0,0adab909-eb8f-4baf-9eed-7a4cc889cb7c,98:04:ED:A2:3E:1C,S295b50867b2bc14bC,-85,1762848369882
50370,1762848370578.0,0adab909-eb8f-4baf-9eed-7a4cc889cb7c,84:25:3F:A3:1F:C2,mitte-home MH22340108,-94,1762848369882
50371,1762848370614.0,0adab909-eb8f-4baf-9eed-7a4cc889cb7c,52:30:55:47:B7:20,,-91,1762848369882
50372,1762848371375.0,0adab909-eb8f-4baf-9eed-7a4cc889cb7c,6A:DD:87:62:7E:06,,-92,1762848369882
50373,1762848371424.0,0adab909-eb8f-4baf-9eed-7a4cc889cb7c,76:0C:AD:8C:EF:3A,,-90,1762848369882
50374,1762848371585.0,0adab909-eb8f-4baf-9eed-7a4cc889cb7c,54:33:71:6B:FF:3F,,-85,1762848369882
50375,1762848372237.0,0adab909-eb8f-4baf-9eed-7a4cc889cb7c,77:D9:B6:4A:7A:D2,,-92,1762848369882
50376,1762848372391.0,0adab909-eb8f-4baf-9eed-7a4cc889cb7c,68:CA:C4:8A:40:9C,mbasg,-100,1762848369882
50377,1762848372496.0,0adab909-eb8f-4baf-9eed-7a4cc889cb7c,5D:71:14:41:82:85,,-90,1762848369882
50378,1762848374457.0,0adab909-eb8f-4baf-9eed-7a4cc889cb7c,6B:38:D3:2B:4B:33,Jabra Evolve2 65,-76,1762848369882
50379,1762848375115.0,0adab909-eb8f-4baf-9eed-7a4cc889cb7c,6B:F6:65:25:B1:83,,-88,1762848369882
50380,1762848376068.0,0adab909-eb8f-4baf-9eed-7a4cc889cb7c,4D:2F:47:18:8E:C5,,-88,1762848369882
50381,1762848670195.0,0adab909-eb8f-4baf-9eed-7a4cc889cb7c,98:04:ED:A2:3E:1C,S295b50867b2bc14bC,-89,1762848670192
50382,1762848670594.0,0adab909-eb8f-4baf-9eed-7a4cc889cb7c,49:31:A0:49:60:FA,,-82,1762848670192
50383,1762848670790.0,0adab909-eb8f-4baf-9eed-7a4cc889cb7c,68:CA:C4:8A:40:9C,mbasg,-100,1762848670192
50384,1762848670937.0,0adab909-eb8f-4baf-9eed-7a4cc889cb7c,4A:E0:13:23:B6:7D,,-83,1762848670192
50385,1762848671260.0,0adab909-eb8f-4baf-9eed-7a4cc889cb7c,7D:46:58:06:39:43,,-88,1762848670192
50386,1762848671281.0,0adab909-eb8f-4baf-9eed-7a4cc889cb7c,76:83:23:1D:86:39,,-92,1762848670192
50387,1762848671293.0,0adab909-eb8f-4baf-9eed-7a4cc889cb7c,45:0D:06:8B:78:DA,,-92,1762848670192
50388,1762848671303.0,0adab909-eb8f-4baf-9eed-7a4cc889cb7c,5D:71:14:41:82:85,,-90,1762848670192
50389,1762848671313.0,0adab909-eb8f-4baf-9eed-7a4cc889cb7c,84:25:3F:A3:1F:C2,mitte-home MH22340108,-87,1762848670192
50390,1762848671898.0,0adab909-eb8f-4baf-9eed-7a4cc889cb7c,50:40:D9:EB:BC:CB,,-90,1762848670192
50391,1762848671916.0,0adab909-eb8f-4baf-9eed-7a4cc889cb7c,6B:F6:65:25:B1:83,,-90,1762848670192
50392,1762848671929.0,0adab909-eb8f-4baf-9eed-7a4cc889cb7c,4D:2F:47:18:8E:C5,,-92,1762848670192
50393,1762848672231.0,0adab909-eb8f-4baf-9eed-7a4cc889cb7c,77:D9:B6:4A:7A:D2,,-92,1762848670192
50394,1762848672566.0,0adab909-eb8f-4baf-9eed-7a4cc889cb7c,61:1C:93:EE:E2:02,,-83,1762848670192
50395,1762848672900.0,0adab909-eb8f-4baf-9eed-7a4cc889cb7c,52:30:55:47:B7:20,,-90,1762848670192
50396,1762848672919.0,0adab909-eb8f-4baf-9eed-7a4cc889cb7c,79:30:A7:AA:7B:5C,,-78,1762848670192
50397,1762848677369.0,0adab909-eb8f-4baf-9eed-7a4cc889cb7c,49:3B:A0:20:FF:7B,,-90,1762848670192
50398,1762848680372.0,0adab909-eb8f-4baf-9eed-7a4cc889cb7c,68:CA:C4:8A:40:9C,mbasg,-100,1762848670192
50399,1762848680917.0,0adab909-eb8f-4baf-9eed-7a4cc889cb7c,6A:EF:A3:40:DD:26,Jabra Evolve2 65,-84,1762848670192
50400,1762848680935.0,0adab909-eb8f-4baf-9eed-7a4cc889cb7c,65:B0:F8:95:15:CA,,-71,1762848670192
50401,1762849568965.0,0adab909-eb8f-4baf-9eed-7a4cc889cb7c,84:25:3F:A3:1F:C2,mitte-home MH22340108,-86,1762849568937
50402,1762849569013.0,0adab909-eb8f-4baf-9eed-7a4cc889cb7c,79:30:A7:AA:7B:5C,,-70,1762849568937
50403,1762849569048.0,0adab909-eb8f-4baf-9eed-7a4cc889cb7c,65:B0:F8:95:15:CA,,-75,1762849568937
50404,1762849569091.0,0adab909-eb8f-4baf-9eed-7a4cc889cb7c,66:80:93:30:89:A5,,-71,1762849568937
50405,1762849569252.0,0adab909-eb8f-4baf-9eed-7a4cc889cb7c,68:CA:C4:8A:40:9C,mbasg,-100,1762849568937
50406,1762849569391.0,0adab909-eb8f-4baf-9eed-7a4cc889cb7c,98:04:ED:A2:3E:1C,S295b50867b2bc14bC,-89,1762849568937
50407,1762849569630.0,0adab909-eb8f-4baf-9eed-7a4cc889cb7c,61:63:80:D2:C8:C1,,-92,1762849568937
50408,1762849569658.0,0adab909-eb8f-4baf-9eed-7a4cc889cb7c,6F:75:D6:31:E5:02,Jabra Evolve2 65,-90,1762849568937
50409,1762849569977.0,0adab909-eb8f-4baf-9eed-7a4cc889cb7c,66:2E:28:96:9A:31,,-91,1762849568937
50410,1762849570321.0,0adab909-eb8f-4baf-9eed-7a4cc889cb7c,47:DF:48:F5:FD:85,Jabra Evolve2 65,-89,1762849568937
50411,1762849571273.0,0adab909-eb8f-4baf-9eed-7a4cc889cb7c,7D:46:58:06:39:43,,-88,1762849568937
50412,1762849571518.0,0adab909-eb8f-4baf-9eed-7a4cc889cb7c,40:52:32:A5:79:F6,,-91,1762849568937
50413,1762849571538.0,0adab909-eb8f-4baf-9eed-7a4cc889cb7c,49:3B:A0:20:FF:7B,,-84,1762849568937
50414,1762849571908.0,0adab909-eb8f-4baf-9eed-7a4cc889cb7c,5E:2F:3C:20:7E:C6,,-94,1762849568937
50415,1762849572155.0,0adab909-eb8f-4baf-9eed-7a4cc889cb7c,68:CA:C4:8A:40:9C,mbasg,-100,1762849568937
50416,1762849572200.0,0adab909-eb8f-4baf-9eed-7a4cc889cb7c,4C:D7:1C:CD:32:AF,,-88,1762849568937
50417,1762849572322.0,0adab909-eb8f-4baf-9eed-7a4cc889cb7c,49:31:A0:49:60:FA,,-89,1762849568937
50418,1762849579929.0,0adab909-eb8f-4baf-9eed-7a4cc889cb7c,52:EC:8D:EE:55:BA,,-91,1762849568937
50419,1762850091802.0,0adab909-eb8f-4baf-9eed-7a4cc889cb7c,66:80:93:30:89:A5,,-79,1762850091758
50420,1762850091821.0,0adab909-eb8f-4baf-9eed-7a4cc889cb7c,67:A7:F5:18:52:D1,,-92,1762850091758
50421,1762850091834.0,0adab909-eb8f-4baf-9eed-7a4cc889cb7c,98:04:ED:A2:3E:1C,S295b50867b2bc14bC,-86,1762850091758
50422,1762850092201.0,0adab909-eb8f-4baf-9eed-7a4cc889cb7c,7C:AF:BE:1E:E3:96,,-84,1762850091758
50423,1762850092497.0,0adab909-eb8f-4baf-9eed-7a4cc889cb7c,5D:08:F2:E6:CA:FA,,-89,1762850091758
50424,1762850092518.0,0adab909-eb8f-4baf-9eed-7a4cc889cb7c,75:E9:0D:3F:3A:1D,,-79,1762850091758
50425,1762850092784.0,0adab909-eb8f-4baf-9eed-7a4cc889cb7c,42:1C:FA:67:78:F7,,-88,1762850091758
50426,1762850092806.0,0adab909-eb8f-4baf-9eed-7a4cc889cb7c,79:CD:56:2C:D2:22,,-90,1762850091758
50427,1762850092818.0,0adab909-eb8f-4baf-9eed-7a4cc889cb7c,84:25:3F:A3:1F:C2,mitte-home MH22340108,-84,1762850091758
50428,1762850092976.0,0adab909-eb8f-4baf-9eed-7a4cc889cb7c,68:CA:C4:8A:40:9C,mbasg,-98,1762850091758
50429,1762850093154.0,0adab909-eb8f-4baf-9eed-7a4cc889cb7c,61:C8:FF:CB:84:5E,,-65,1762850091758
50430,1762850093171.0,0adab909-eb8f-4baf-9eed-7a4cc889cb7c,49:D8:E0:C9:5D:0E,,-91,1762850091758
50431,1762850093781.0,0adab909-eb8f-4baf-9eed-7a4cc889cb7c,67:5C:05:5C:BE:59,,-94,1762850091758
50432,1762850093797.0,0adab909-eb8f-4baf-9eed-7a4cc889cb7c,65:F4:CA:54:CF:99,,-87,1762850091758
50433,1762850094132.0,0adab909-eb8f-4baf-9eed-7a4cc889cb7c,7C:89:D8:41:0A:70,Jabra Evolve2 65,-72,1762850091758
50434,1762850096968.0,0adab909-eb8f-4baf-9eed-7a4cc889cb7c,50:DD:33:93:24:6C,,-91,1762850091758
50435,1762850096996.0,0adab909-eb8f-4baf-9eed-7a4cc889cb7c,71:7B:0A:41:E2:06,,-82,1762850091758
50436,1762850097357.0,0adab909-eb8f-4baf-9eed-7a4cc889cb7c,6F:75:D6:31:E5:02,Jabra Evolve2 65,-81,1762850091758
50437,1762850098266.0,0adab909-eb8f-4baf-9eed-7a4cc889cb7c,70:F2:F3:AF:7B:20,Jabra Evolve2 65,-87,1762850091758
50438,1762850098917.0,0adab909-eb8f-4baf-9eed-7a4cc889cb7c,32:D5:EC:FA:FD:55,,-90,1762850091758
50439,1762850099542.0,0adab909-eb8f-4baf-9eed-7a4cc889cb7c,75:AB:B2:6A:77:45,,-89,1762850091758
50440,1762850099832.0,0adab909-eb8f-4baf-9eed-7a4cc889cb7c,52:EC:8D:EE:55:BA,,-87,1762850091758
50441,1762850101434.0,0adab909-eb8f-4baf-9eed-7a4cc889cb7c,4C:D7:1C:CD:32:AF,,-85,1762850091758
50442,1762850102424.0,0adab909-eb8f-4baf-9eed-7a4cc889cb7c,65:ED:40:4E:6C:6D,,-90,1762850091758
50443,1762850102764.0,0adab909-eb8f-4baf-9eed-7a4cc889cb7c,5C:54:05:18:1D:FD,,-65,1762850091758
50444,1762850692888.0,0adab909-eb8f-4baf-9eed-7a4cc889cb7c,71:7B:0A:41:E2:06,,-84,1762850692865
50445,1762850693242.0,0adab909-eb8f-4baf-9eed-7a4cc889cb7c,98:04:ED:A2:3E:1C,S295b50867b2bc14bC,-82,1762850692865
50446,1762850693309.0,0adab909-eb8f-4baf-9eed-7a4cc889cb7c,5C:54:05:18:1D:FD,,-70,1762850692865
50447,1762850693427.0,0adab909-eb8f-4baf-9eed-7a4cc889cb7c,68:CA:C4:8A:40:9C,mbasg,-100,1762850692865
50448,1762850693616.0,0adab909-eb8f-4baf-9eed-7a4cc889cb7c,84:25:3F:A3:1F:C2,mitte-home MH22340108,-84,1762850692865
50449,1762850693889.0,0adab909-eb8f-4baf-9eed-7a4cc889cb7c,67:A7:F5:18:52:D1,,-83,1762850692865
50450,1762850693902.0,0adab909-eb8f-4baf-9eed-7a4cc889cb7c,7C:AF:BE:1E:E3:96,,-85,1762850692865
50451,1762850694225.0,0adab909-eb8f-4baf-9eed-7a4cc889cb7c,49:D8:E0:C9:5D:0E,,-83,1762850692865
50452,1762850694597.0,0adab909-eb8f-4baf-9eed-7a4cc889cb7c,79:CD:56:2C:D2:22,,-89,1762850692865
50453,1762850694614.0,0adab909-eb8f-4baf-9eed-7a4cc889cb7c,5D:08:F2:E6:CA:FA,,-91,1762850692865
50454,1762850694627.0,0adab909-eb8f-4baf-9eed-7a4cc889cb7c,78:63:D8:44:2D:90,,-85,1762850692865
50455,1762850694638.0,0adab909-eb8f-4baf-9eed-7a4cc889cb7c,42:1C:FA:67:78:F7,,-90,1762850692865
50456,1762850694861.0,0adab909-eb8f-4baf-9eed-7a4cc889cb7c,75:E9:0D:3F:3A:1D,,-79,1762850692865
50457,1762850695149.0,0adab909-eb8f-4baf-9eed-7a4cc889cb7c,61:C8:FF:CB:84:5E,,-70,1762850692865
50458,1762850695172.0,0adab909-eb8f-4baf-9eed-7a4cc889cb7c,4A:23:EC:E3:03:A2,,-82,1762850692865
50459,1762850697778.0,0adab909-eb8f-4baf-9eed-7a4cc889cb7c,69:FA:FC:99:06:AE,,-91,1762850692865
50460,1762850698697.0,0adab909-eb8f-4baf-9eed-7a4cc889cb7c,67:5C:05:5C:BE:59,,-87,1762850692865
50461,1762850704808.0,0adab909-eb8f-4baf-9eed-7a4cc889cb7c,1D:78:DB:EB:0A:DA,,-85,1762850692865
50462,1762850705429.0,0adab909-eb8f-4baf-9eed-7a4cc889cb7c,7F:55:14:93:75:A7,,-92,1762850692865
50463,1762851293139.0,0adab909-eb8f-4baf-9eed-7a4cc889cb7c,5E:38:ED:AE:23:E6,,-83,1762851293135
50464,1762851293952.0,0adab909-eb8f-4baf-9eed-7a4cc889cb7c,4A:23:EC:E3:03:A2,,-81,1762851293135
50465,1762851293968.0,0adab909-eb8f-4baf-9eed-7a4cc889cb7c,7D:F4:7D:1E:C2:AE,,-83,1762851293135
50466,1762851293979.0,0adab909-eb8f-4baf-9eed-7a4cc889cb7c,59:B7:DA:DB:E9:B4,,-83,1762851293135
50467,1762851294258.0,0adab909-eb8f-4baf-9eed-7a4cc889cb7c,5A:DB:C9:3A:7B:63,,-61,1762851293135
50468,1762851294279.0,0adab909-eb8f-4baf-9eed-7a4cc889cb7c,36:8C:E6:73:9D:4D,,-94,1762851293135
50469,1762851294293.0,0adab909-eb8f-4baf-9eed-7a4cc889cb7c,5A:B9:EE:1E:98:7B,,-93,1762851293135
50470,1762851294307.0,0adab909-eb8f-4baf-9eed-7a4cc889cb7c,48:4C:1F:F0:B6:A4,,-92,1762851293135
50471,1762851294318.0,0adab909-eb8f-4baf-9eed-7a4cc889cb7c,68:CA:C4:8A:40:9C,mbasg,-99,1762851293135
50472,1762851294328.0,0adab909-eb8f-4baf-9eed-7a4cc889cb7c,61:81:C2:8A:51:46,,-72,1762851293135
50473,1762851294719.0,0adab909-eb8f-4baf-9eed-7a4cc889cb7c,68:CA:C4:8A:40:9C,mbasg,-97,1762851293135
50474,1762851295168.0,0adab909-eb8f-4baf-9eed-7a4cc889cb7c,98:04:ED:A2:3E:1C,S295b50867b2bc14bC,-89,1762851293135
50475,1762851295183.0,0adab909-eb8f-4baf-9eed-7a4cc889cb7c,78:63:D8:44:2D:90,,-91,1762851293135
50476,1762851295195.0,0adab909-eb8f-4baf-9eed-7a4cc889cb7c,7C:AF:BE:1E:E3:96,,-91,1762851293135
50477,1762851296157.0,0adab909-eb8f-4baf-9eed-7a4cc889cb7c,4D:06:B3:1E:8F:D4,,-83,1762851293135
50478,1762851296538.0,0adab909-eb8f-4baf-9eed-7a4cc889cb7c,84:25:3F:A3:1F:C2,mitte-home MH22340108,-84,1762851293135
50479,1762851297823.0,0adab909-eb8f-4baf-9eed-7a4cc889cb7c,5D:B1:3F:92:EB:49,,-68,1762851293135
50480,1762851301918.0,0adab909-eb8f-4baf-9eed-7a4cc889cb7c,4F:4B:86:B7:0C:EE,,-89,1762851293135
50481,1762851303937.0,0adab909-eb8f-4baf-9eed-7a4cc889cb7c,20:28:BC:1A:1F:47,[LG] webOS TV OLED65C17LB,-100,1762851293135
50482,1762851305169.0,0adab909-eb8f-4baf-9eed-7a4cc889cb7c,5B:EA:1E:02:AE:BC,,-89,1762851293135
50483,1762851999070.0,0adab909-eb8f-4baf-9eed-7a4cc889cb7c,53:23:43:AE:AC:FC,,-86,1762851999055
50484,1762851999086.0,0adab909-eb8f-4baf-9eed-7a4cc889cb7c,5D:B1:3F:92:EB:49,,-62,1762851999055
50485,1762851999097.0,0adab909-eb8f-4baf-9eed-7a4cc889cb7c,47:07:F1:A7:37:FD,,-84,1762851999055
50486,1762851999755.0,0adab909-eb8f-4baf-9eed-7a4cc889cb7c,45:A9:37:B3:96:69,,-92,1762851999055
50487,1762852000001.0,0adab909-eb8f-4baf-9eed-7a4cc889cb7c,68:CA:C4:8A:40:9C,mbasg,-97,1762851999055
50488,1762852000072.0,0adab909-eb8f-4baf-9eed-7a4cc889cb7c,4D:06:B3:1E:8F:D4,,-84,1762851999055
50489,1762852000091.0,0adab909-eb8f-4baf-9eed-7a4cc889cb7c,67:20:B6:A5:2F:01,,-93,1762851999055
50490,1762852000107.0,0adab909-eb8f-4baf-9eed-7a4cc889cb7c,5E:3C:BA:55:3C:56,,-76,1762851999055
50491,1762852000410.0,0adab909-eb8f-4baf-9eed-7a4cc889cb7c,42:F4:F1:1B:E2:53,,-85,1762851999055
50492,1762852000430.0,0adab909-eb8f-4baf-9eed-7a4cc889cb7c,61:81:C2:8A:51:46,,-78,1762851999055
50493,1762852000734.0,0adab909-eb8f-4baf-9eed-7a4cc889cb7c,46:03:F0:D4:03:D7,,-85,1762851999055
50494,1762852000754.0,0adab909-eb8f-4baf-9eed-7a4cc889cb7c,72:49:EE:65:5C:85,,-85,1762851999055
50495,1762852001287.0,0adab909-eb8f-4baf-9eed-7a4cc889cb7c,68:CA:C4:8A:40:9C,mbasg,-100,1762851999055
50496,1762852001351.0,0adab909-eb8f-4baf-9eed-7a4cc889cb7c,75:16:3E:CD:BE:05,,-81,1762851999055
50497,1762852001371.0,0adab909-eb8f-4baf-9eed-7a4cc889cb7c,72:CE:4F:6D:60:1E,,-88,1762851999055
50498,1762852001751.0,0adab909-eb8f-4baf-9eed-7a4cc889cb7c,84:25:3F:A3:1F:C2,mitte-home MH22340108,-84,1762851999055
50499,1762852002036.0,0adab909-eb8f-4baf-9eed-7a4cc889cb7c,12:DC:C0:2F:4B:91,,-93,1762851999055
50500,1762852002365.0,0adab909-eb8f-4baf-9eed-7a4cc889cb7c,5A:DB:C9:3A:7B:63,,-75,1762851999055
50501,1762852003309.0,0adab909-eb8f-4baf-9eed-7a4cc889cb7c,59:AA:A4:C8:A0:78,,-88,1762851999055
50502,1762852005538.0,0adab909-eb8f-4baf-9eed-7a4cc889cb7c,5D:D3:8B:9D:81:0F,,-91,1762851999055
50503,1762852010652.0,0adab909-eb8f-4baf-9eed-7a4cc889cb7c,98:04:ED:A2:3E:1C,S295b50867b2bc14bC,-92,1762851999055
50504,1762852010673.0,0adab909-eb8f-4baf-9eed-7a4cc889cb7c,42:AC:77:1E:41:3A,Jabra Evolve2 65,-88,1762851999055
50505,1762852297682.0,0adab909-eb8f-4baf-9eed-7a4cc889cb7c,72:49:EE:65:5C:85,,-84,1762852297650
50506,1762852297706.0,0adab909-eb8f-4baf-9eed-7a4cc889cb7c,4D:06:B3:1E:8F:D4,,-87,1762852297650
50507,1762852297724.0,0adab909-eb8f-4baf-9eed-7a4cc889cb7c,47:07:F1:A7:37:FD,,-84,1762852297650
50508,1762852297754.0,0adab909-eb8f-4baf-9eed-7a4cc889cb7c,98:04:ED:A2:3E:1C,S295b50867b2bc14bC,-88,1762852297650
50509,1762852297780.0,0adab909-eb8f-4baf-9eed-7a4cc889cb7c,68:CA:C4:8A:40:9C,mbasg,-95,1762852297650
50510,1762852298030.0,0adab909-eb8f-4baf-9eed-7a4cc889cb7c,61:81:C2:8A:51:46,,-81,1762852297650
50511,1762852298059.0,0adab909-eb8f-4baf-9eed-7a4cc889cb7c,46:03:F0:D4:03:D7,,-77,1762852297650
50512,1762852298074.0,0adab909-eb8f-4baf-9eed-7a4cc889cb7c,60:E0:00:0F:B0:48,,-51,1762852297650
50513,1762852298398.0,0adab909-eb8f-4baf-9eed-7a4cc889cb7c,67:20:B6:A5:2F:01,,-88,1762852297650
50514,1762852298415.0,0adab909-eb8f-4baf-9eed-7a4cc889cb7c,84:25:3F:A3:1F:C2,mitte-home MH22340108,-86,1762852297650
50515,1762852298673.0,0adab909-eb8f-4baf-9eed-7a4cc889cb7c,5E:3C:BA:55:3C:56,,-75,1762852297650
50516,1762852298696.0,0adab909-eb8f-4baf-9eed-7a4cc889cb7c,57:ED:A9:D2:FE:96,,-54,1762852297650
50517,1762852298710.0,0adab909-eb8f-4baf-9eed-7a4cc889cb7c,5D:D3:8B:9D:81:0F,,-89,1762852297650
50518,1762852299045.0,0adab909-eb8f-4baf-9eed-7a4cc889cb7c,98:04:ED:BC:A8:A3,S61cb085cb4067bacC,-91,1762852297650
50519,1762852299321.0,0adab909-eb8f-4baf-9eed-7a4cc889cb7c,45:A9:37:B3:96:69,,-88,1762852297650
50520,1762852299884.0,0adab909-eb8f-4baf-9eed-7a4cc889cb7c,68:CA:C4:8A:40:9C,mbasg,-95,1762852297650
50521,1762852300309.0,0adab909-eb8f-4baf-9eed-7a4cc889cb7c,53:23:43:AE:AC:FC,,-87,1762852297650
50522,1762852301576.0,0adab909-eb8f-4baf-9eed-7a4cc889cb7c,72:CE:4F:6D:60:1E,,-89,1762852297650
50523,1762852302566.0,0adab909-eb8f-4baf-9eed-7a4cc889cb7c,12:DC:C0:2F:4B:91,,-83,1762852297650
50524,1762852303201.0,0adab909-eb8f-4baf-9eed-7a4cc889cb7c,42:F4:F1:1B:E2:53,,-84,1762852297650
50525,1762852303220.0,0adab909-eb8f-4baf-9eed-7a4cc889cb7c,75:16:3E:CD:BE:05,,-85,1762852297650
50526,1762852307411.0,0adab909-eb8f-4baf-9eed-7a4cc889cb7c,42:AC:77:1E:41:3A,Jabra Evolve2 65,-87,1762852297650
50527,1762852898955.0,0adab909-eb8f-4baf-9eed-7a4cc889cb7c,84:25:3F:A3:1F:C2,mitte-home MH22340108,-92,1762852898855
50528,1762852899270.0,0adab909-eb8f-4baf-9eed-7a4cc889cb7c,57:ED:A9:D2:FE:96,,-67,1762852898855
50529,1762852899285.0,0adab909-eb8f-4baf-9eed-7a4cc889cb7c,98:04:ED:BC:A8:A3,S61cb085cb4067bacC,-90,1762852898855
50530,1762852899583.0,0adab909-eb8f-4baf-9eed-7a4cc889cb7c,64:75:3C:A9:1D:1D,,-84,1762852898855
50531,1762852899601.0,0adab909-eb8f-4baf-9eed-7a4cc889cb7c,5B:86:7C:BE:A7:49,,-88,1762852898855
50532,1762852899612.0,0adab909-eb8f-4baf-9eed-7a4cc889cb7c,48:91:A9:87:EF:5B,,-89,1762852898855
50533,1762852899626.0,0adab909-eb8f-4baf-9eed-7a4cc889cb7c,60:E0:00:0F:B0:48,,-53,1762852898855
50534,1762852899637.0,0adab909-eb8f-4baf-9eed-7a4cc889cb7c,72:59:55:94:96:44,,-88,1762852898855
50535,1762852899807.0,0adab909-eb8f-4baf-9eed-7a4cc889cb7c,68:CA:C4:8A:40:9C,mbasg,-100,1762852898855
50536,1762852899821.0,0adab909-eb8f-4baf-9eed-7a4cc889cb7c,68:CA:C4:8A:40:9C,mbasg,-98,1762852898855
50537,1762852899952.0,0adab909-eb8f-4baf-9eed-7a4cc889cb7c,6A:6B:07:C7:D5:2B,,-84,1762852898855
50538,1762852900558.0,0adab909-eb8f-4baf-9eed-7a4cc889cb7c,51:AE:6D:04:C1:08,,-89,1762852898855
50539,1762852900573.0,0adab909-eb8f-4baf-9eed-7a4cc889cb7c,6C:D5:E1:F3:4E:77,,-88,1762852898855
50540,1762852900916.0,0adab909-eb8f-4baf-9eed-7a4cc889cb7c,5E:3C:BA:55:3C:56,,-74,1762852898855
50541,1762852901163.0,0adab909-eb8f-4baf-9eed-7a4cc889cb7c,51:2E:7C:0C:5A:AA,,-93,1762852898855
50542,1762852901182.0,0adab909-eb8f-4baf-9eed-7a4cc889cb7c,98:04:ED:A2:3E:1C,S295b50867b2bc14bC,-81,1762852898855
50543,1762852902794.0,0adab909-eb8f-4baf-9eed-7a4cc889cb7c,65:C7:BF:06:BC:CE,,-91,1762852898855
50544,1762852902812.0,0adab909-eb8f-4baf-9eed-7a4cc889cb7c,5E:06:7D:97:84:5A,,-90,1762852898855
50545,1762852903138.0,0adab909-eb8f-4baf-9eed-7a4cc889cb7c,75:16:3E:CD:BE:05,,-86,1762852898855
50546,1762852903750.0,0adab909-eb8f-4baf-9eed-7a4cc889cb7c,42:F4:F1:1B:E2:53,,-87,1762852898855
50547,1762852904130.0,0adab909-eb8f-4baf-9eed-7a4cc889cb7c,15:A9:2C:D7:85:96,,-82,1762852898855
50548,1762852904435.0,0adab909-eb8f-4baf-9eed-7a4cc889cb7c,51:BA:7F:D0:02:AD,Jabra Evolve2 65,-90,1762852898855
50549,1762852911434.0,0adab909-eb8f-4baf-9eed-7a4cc889cb7c,6B:3D:F0:C8:73:2E,Jabra Evolve2 65,-80,1762852898855
50550,1762853497667.0,0adab909-eb8f-4baf-9eed-7a4cc889cb7c,51:2E:7C:0C:5A:AA,,-89,1762853497636
50551,1762853497688.0,0adab909-eb8f-4baf-9eed-7a4cc889cb7c,6A:90:59:BC:C0:2C,,-60,1762853497636
50552,1762853497701.0,0adab909-eb8f-4baf-9eed-7a4cc889cb7c,5D:1C:FF:5C:37:DB,,-74,1762853497636
50553,1762853498349.0,0adab909-eb8f-4baf-9eed-7a4cc889cb7c,98:04:ED:A2:3E:1C,S295b50867b2bc14bC,-88,1762853497636
50554,1762853498363.0,0adab909-eb8f-4baf-9eed-7a4cc889cb7c,6C:D5:E1:F3:4E:77,,-89,1762853497636
50555,1762853498374.0,0adab909-eb8f-4baf-9eed-7a4cc889cb7c,64:75:3C:A9:1D:1D,,-81,1762853497636
50556,1762853498391.0,0adab909-eb8f-4baf-9eed-7a4cc889cb7c,5B:86:7C:BE:A7:49,,-90,1762853497636
50557,1762853498729.0,0adab909-eb8f-4baf-9eed-7a4cc889cb7c,5E:06:7D:97:84:5A,,-90,1762853497636
50558,1762853499004.0,0adab909-eb8f-4baf-9eed-7a4cc889cb7c,44:93:48:7C:79:E4,,-84,1762853497636
50559,1762853499018.0,0adab909-eb8f-4baf-9eed-7a4cc889cb7c,22:A2:0C:AA:55:04,,-83,1762853497636
50560,1762853500006.0,0adab909-eb8f-4baf-9eed-7a4cc889cb7c,68:CA:C4:8A:40:9C,mbasg,-100,1762853497636
50561,1762853500930.0,0adab909-eb8f-4baf-9eed-7a4cc889cb7c,65:C7:BF:06:BC:CE,,-86,1762853497636
50562,1762853500949.0,0adab909-eb8f-4baf-9eed-7a4cc889cb7c,4E:9B:BC:F9:31:50,,-78,1762853497636
50563,1762853501657.0,0adab909-eb8f-4baf-9eed-7a4cc889cb7c,68:CA:C4:8A:40:9C,mbasg,-100,1762853497636
50564,1762853502580.0,0adab909-eb8f-4baf-9eed-7a4cc889cb7c,6A:6B:07:C7:D5:2B,,-83,1762853497636
50565,1762853502858.0,0adab909-eb8f-4baf-9eed-7a4cc889cb7c,43:17:15:BB:81:F4,,-92,1762853497636
50566,1762853502877.0,0adab909-eb8f-4baf-9eed-7a4cc889cb7c,84:25:3F:A3:1F:C2,mitte-home MH22340108,-90,1762853497636
50567,1762853502892.0,0adab909-eb8f-4baf-9eed-7a4cc889cb7c,7E:74:DF:3D:22:26,,-91,1762853497636
50568,1762853503154.0,0adab909-eb8f-4baf-9eed-7a4cc889cb7c,51:AE:6D:04:C1:08,,-94,1762853497636
50569,1762853503504.0,0adab909-eb8f-4baf-9eed-7a4cc889cb7c,67:8A:BA:83:3C:6E,,-88,1762853497636
50570,1762853503524.0,0adab909-eb8f-4baf-9eed-7a4cc889cb7c,48:91:A9:87:EF:5B,,-79,1762853497636
50571,1762853503537.0,0adab909-eb8f-4baf-9eed-7a4cc889cb7c,4E:1E:95:E4:7E:81,,-88,1762853497636
50572,1762853505708.0,0adab909-eb8f-4baf-9eed-7a4cc889cb7c,59:AE:43:57:62:2A,,-81,1762853497636
50573,1762853507313.0,0adab909-eb8f-4baf-9eed-7a4cc889cb7c,5B:36:B2:9B:2C:B2,Jabra Evolve2 65,-90,1762853497636
50574,1762853509566.0,0adab909-eb8f-4baf-9eed-7a4cc889cb7c,6D:66:25:9A:F3:8C,Jabra Evolve2 65,-92,1762853497636
50575,1762854330914.0,0adab909-eb8f-4baf-9eed-7a4cc889cb7c,98:04:ED:A2:3E:1C,S295b50867b2bc14bC,-85,1762854330825
50576,1762854330931.0,0adab909-eb8f-4baf-9eed-7a4cc889cb7c,84:25:3F:A3:1F:C2,mitte-home MH22340108,-87,1762854330825
50577,1762854330942.0,0adab909-eb8f-4baf-9eed-7a4cc889cb7c,6E:C6:45:E3:D0:E0,,-82,1762854330825
50578,1762854331237.0,0adab909-eb8f-4baf-9eed-7a4cc889cb7c,57:62:73:07:7D:24,,-93,1762854330825
50579,1762854331255.0,0adab909-eb8f-4baf-9eed-7a4cc889cb7c,44:93:48:7C:79:E4,,-79,1762854330825
50580,1762854331573.0,0adab909-eb8f-4baf-9eed-7a4cc889cb7c,6A:90:59:BC:C0:2C,,-67,1762854330825
50581,1762854331596.0,0adab909-eb8f-4baf-9eed-7a4cc889cb7c,6C:83:E4:CF:65:C6,,-76,1762854330825
50582,1762854331850.0,0adab909-eb8f-4baf-9eed-7a4cc889cb7c,7B:4A:AF:B4:26:88,,-94,1762854330825
50583,1762854332320.0,0adab909-eb8f-4baf-9eed-7a4cc889cb7c,68:CA:C4:8A:40:9C,mbasg,-96,1762854330825
50584,1762854332513.0,0adab909-eb8f-4baf-9eed-7a4cc889cb7c,71:B6:9F:6F:36:29,,-82,1762854330825
50585,1762854332838.0,0adab909-eb8f-4baf-9eed-7a4cc889cb7c,63:C2:21:5D:7A:A4,,-94,1762854330825
50586,1762854333494.0,0adab909-eb8f-4baf-9eed-7a4cc889cb7c,66:DC:8E:1D:D2:AF,,-88,1762854330825
50587,1762854334119.0,0adab909-eb8f-4baf-9eed-7a4cc889cb7c,7E:74:DF:3D:22:26,,-93,1762854330825
50588,1762854334442.0,0adab909-eb8f-4baf-9eed-7a4cc889cb7c,4E:1E:95:E4:7E:81,,-89,1762854330825
50589,1762854334455.0,0adab909-eb8f-4baf-9eed-7a4cc889cb7c,60:3B:AF:AD:95:7A,,-83,1762854330825
50590,1762854334778.0,0adab909-eb8f-4baf-9eed-7a4cc889cb7c,56:9B:E0:33:59:00,,-84,1762854330825
50591,1762854335143.0,0adab909-eb8f-4baf-9eed-7a4cc889cb7c,74:87:69:33:0B:0A,,-91,1762854330825
50592,1762854336022.0,0adab909-eb8f-4baf-9eed-7a4cc889cb7c,20:04:13:F1:0E:A0,,-85,1762854330825
50593,1762854336675.0,0adab909-eb8f-4baf-9eed-7a4cc889cb7c,7B:B8:BB:C5:C7:77,Jabra Evolve2 65,-89,1762854330825
50594,1762854337646.0,0adab909-eb8f-4baf-9eed-7a4cc889cb7c,6A:33:19:4B:15:DC,,-89,1762854330825
50595,1762854338909.0,0adab909-eb8f-4baf-9eed-7a4cc889cb7c,5A:75:F4:06:AD:AF,Jabra Evolve2 65,-90,1762854330825
50596,1762854338927.0,0adab909-eb8f-4baf-9eed-7a4cc889cb7c,56:B8:5C:6C:22:A0,,-89,1762854330825
50597,1762854339556.0,0adab909-eb8f-4baf-9eed-7a4cc889cb7c,4E:81:75:E2:64:0D,,-82,1762854330825
50598,1762854341162.0,0adab909-eb8f-4baf-9eed-7a4cc889cb7c,53:8E:A3:74:7B:93,,-70,1762854330825
50599,1762854341490.0,0adab909-eb8f-4baf-9eed-7a4cc889cb7c,53:09:0D:DD:C2:17,,-83,1762854330825
50600,1762854930856.0,0adab909-eb8f-4baf-9eed-7a4cc889cb7c,72:BD:51:D1:E3:72,,-88,1762854930837
50601,1762854930875.0,0adab909-eb8f-4baf-9eed-7a4cc889cb7c,84:25:3F:A3:1F:C2,mitte-home MH22340108,-86,1762854930837
50602,1762854930918.0,0adab909-eb8f-4baf-9eed-7a4cc889cb7c,98:04:ED:A2:3E:1C,S295b50867b2bc14bC,-85,1762854930837
50603,1762854931169.0,0adab909-eb8f-4baf-9eed-7a4cc889cb7c,68:CA:C4:8A:40:9C,mbasg,-94,1762854930837
50604,1762854931246.0,0adab909-eb8f-4baf-9eed-7a4cc889cb7c,66:DC:8E:1D:D2:AF,,-85,1762854930837
50605,1762854931267.0,0adab909-eb8f-4baf-9eed-7a4cc889cb7c,7B:4A:AF:B4:26:88,,-84,1762854930837
50606,1762854931474.0,0adab909-eb8f-4baf-9eed-7a4cc889cb7c,68:CA:C4:8A:40:9C,mbasg,-93,1762854930837
50607,1762854931864.0,0adab909-eb8f-4baf-9eed-7a4cc889cb7c,70:32:12:D3:FF:E6,,-67,1762854930837
50608,1762854931925.0,0adab909-eb8f-4baf-9eed-7a4cc889cb7c,7A:3D:E8:BB:73:2C,,-85,1762854930837
50609,1762854931941.0,0adab909-eb8f-4baf-9eed-7a4cc889cb7c,60:97:96:AB:97:89,,-85,1762854930837
50610,1762854932155.0,0adab909-eb8f-4baf-9eed-7a4cc889cb7c,6F:C2:98:7C:C8:16,,-77,1762854930837
50611,1762854932177.0,0adab909-eb8f-4baf-9eed-7a4cc889cb7c,58:D5:53:64:73:21,,-93,1762854930837
50612,1762854932196.0,0adab909-eb8f-4baf-9eed-7a4cc889cb7c,7B:4A:0C:8B:91:14,,-78,1762854930837
50613,1762854932208.0,0adab909-eb8f-4baf-9eed-7a4cc889cb7c,48:F2:92:48:37:02,,-91,1762854930837
50614,1762854932558.0,0adab909-eb8f-4baf-9eed-7a4cc889cb7c,71:B6:9F:6F:36:29,,-71,1762854930837
50615,1762854932575.0,0adab909-eb8f-4baf-9eed-7a4cc889cb7c,6A:33:19:4B:15:DC,,-88,1762854930837
50616,1762854933173.0,0adab909-eb8f-4baf-9eed-7a4cc889cb7c,63:C2:21:5D:7A:A4,,-86,1762854930837
50617,1762854933788.0,0adab909-eb8f-4baf-9eed-7a4cc889cb7c,6F:69:85:A4:65:49,,-82,1762854930837
50618,1762854934153.0,0adab909-eb8f-4baf-9eed-7a4cc889cb7c,74:87:69:33:0B:0A,,-84,1762854930837
50619,1762854934793.0,0adab909-eb8f-4baf-9eed-7a4cc889cb7c,66:37:40:D3:06:FD,Jabra Evolve2 65,-92,1762854930837
50620,1762854934812.0,0adab909-eb8f-4baf-9eed-7a4cc889cb7c,6C:83:E4:CF:65:C6,,-80,1762854930837
50621,1762854935095.0,0adab909-eb8f-4baf-9eed-7a4cc889cb7c,49:C8:25:3D:4E:C5,,-92,1762854930837
50622,1762854935416.0,0adab909-eb8f-4baf-9eed-7a4cc889cb7c,6F:48:56:30:D6:4F,,-88,1762854930837
50623,1762854936043.0,0adab909-eb8f-4baf-9eed-7a4cc889cb7c,48:E5:C2:60:43:AC,,-91,1762854930837
50624,1762854938917.0,0adab909-eb8f-4baf-9eed-7a4cc889cb7c,7D:97:79:69:B3:BC,,-91,1762854930837
50625,1762854939894.0,0adab909-eb8f-4baf-9eed-7a4cc889cb7c,98:04:ED:BC:A8:A3,S61cb085cb4067bacC,-92,1762854930837
50626,1762854942147.0,0adab909-eb8f-4baf-9eed-7a4cc889cb7c,71:38:8C:21:E6:88,,-90,1762854930837
50627,1762854942815.0,0adab909-eb8f-4baf-9eed-7a4cc889cb7c,4C:53:8D:CC:69:5E,Jabra Evolve2 65,-96,1762854930837
50628,1762855530857.0,0adab909-eb8f-4baf-9eed-7a4cc889cb7c,98:04:ED:A2:3E:1C,S295b50867b2bc14bC,-82,1762855530850
50629,1762855530896.0,0adab909-eb8f-4baf-9eed-7a4cc889cb7c,84:25:3F:A3:1F:C2,mitte-home MH22340108,-85,1762855530850
50630,1762855530925.0,0adab909-eb8f-4baf-9eed-7a4cc889cb7c,42:EE:E3:7E:BD:EB,,-82,1762855530850
50631,1762855531208.0,0adab909-eb8f-4baf-9eed-7a4cc889cb7c,6F:48:56:30:D6:4F,,-81,1762855530850
50632,1762855531233.0,0adab909-eb8f-4baf-9eed-7a4cc889cb7c,6F:69:85:A4:65:49,,-80,1762855530850
50633,1762855531250.0,0adab909-eb8f-4baf-9eed-7a4cc889cb7c,98:04:ED:BC:A8:A3,S61cb085cb4067bacC,-91,1762855530850
50634,1762855531275.0,0adab909-eb8f-4baf-9eed-7a4cc889cb7c,4F:C6:B0:AA:AB:4E,JBL TUNE225TWS-LE,-83,1762855530850
50635,1762855531545.0,0adab909-eb8f-4baf-9eed-7a4cc889cb7c,68:CA:C4:8A:40:9C,mbasg,-100,1762855530850
50636,1762855531562.0,0adab909-eb8f-4baf-9eed-7a4cc889cb7c,62:9B:ED:20:C1:85,,-89,1762855530850
50637,1762855532253.0,0adab909-eb8f-4baf-9eed-7a4cc889cb7c,78:1D:AA:08:6E:F0,,-82,1762855530850
50638,1762855532270.0,0adab909-eb8f-4baf-9eed-7a4cc889cb7c,56:0B:F7:F9:85:6A,Jabra Evolve2 65,-87,1762855530850
50639,1762855532550.0,0adab909-eb8f-4baf-9eed-7a4cc889cb7c,7B:4A:0C:8B:91:14,,-63,1762855530850
50640,1762855532854.0,0adab909-eb8f-4baf-9eed-7a4cc889cb7c,66:DC:8E:1D:D2:AF,,-88,1762855530850
50641,1762855532876.0,0adab909-eb8f-4baf-9eed-7a4cc889cb7c,7A:63:8A:C3:9F:20,,-91,1762855530850
50642,1762855534141.0,0adab909-eb8f-4baf-9eed-7a4cc889cb7c,4B:20:C3:16:D1:58,JBL TUNE225TWS-LE,-88,1762855530850
50643,1762855534476.0,0adab909-eb8f-4baf-9eed-7a4cc889cb7c,67:E8:F9:8E:BC:B1,,-80,1762855530850
50644,1762855534494.0,0adab909-eb8f-4baf-9eed-7a4cc889cb7c,68:9E:11:E5:6F:74,,-92,1762855530850
50645,1762855534504.0,0adab909-eb8f-4baf-9eed-7a4cc889cb7c,41:9B:48:28:F4:DE,,-90,1762855530850
50646,1762855535065.0,0adab909-eb8f-4baf-9eed-7a4cc889cb7c,70:32:12:D3:FF:E6,,-58,1762855530850
50647,1762855535464.0,0adab909-eb8f-4baf-9eed-7a4cc889cb7c,5D:CC:DA:D1:C8:BC,,-87,1762855530850
50648,1762855535945.0,0adab909-eb8f-4baf-9eed-7a4cc889cb7c,68:CA:C4:8A:40:9C,mbasg,-100,1762855530850
50649,1762855536065.0,0adab909-eb8f-4baf-9eed-7a4cc889cb7c,78:E8:90:B8:7A:AB,,-86,1762855530850
50650,1762855536082.0,0adab909-eb8f-4baf-9eed-7a4cc889cb7c,7C:E8:21:86:EE:00,,-82,1762855530850
50651,1762855540229.0,0adab909-eb8f-4baf-9eed-7a4cc889cb7c,60:D2:87:75:0E:6B,,-90,1762855530850
50652,1762856169482.0,0adab909-eb8f-4baf-9eed-7a4cc889cb7c,4F:F9:47:84:2A:58,,-82,1762856169065
50653,1762856169764.0,0adab909-eb8f-4baf-9eed-7a4cc889cb7c,84:25:3F:A3:1F:C2,mitte-home MH22340108,-80,1762856169065
50654,1762856169785.0,0adab909-eb8f-4baf-9eed-7a4cc889cb7c,75:24:9B:E9:8E:57,,-89,1762856169065
50655,1762856169801.0,0adab909-eb8f-4baf-9eed-7a4cc889cb7c,49:18:83:43:60:10,,-90,1762856169065
50656,1762856170117.0,0adab909-eb8f-4baf-9eed-7a4cc889cb7c,42:EE:E3:7E:BD:EB,,-70,1762856169065
50657,1762856170136.0,0adab909-eb8f-4baf-9eed-7a4cc889cb7c,00:32:04:D1:0F:9A,,-82,1762856169065
50658,1762856170175.0,0adab909-eb8f-4baf-9eed-7a4cc889cb7c,68:CA:C4:8A:40:9C,mbasg,-100,1762856169065
50659,1762856170415.0,0adab909-eb8f-4baf-9eed-7a4cc889cb7c,70:1D:F4:A5:16:86,,-90,1762856169065
50660,1762856170717.0,0adab909-eb8f-4baf-9eed-7a4cc889cb7c,6A:88:13:60:6B:C7,,-76,1762856169065
50661,1762856171048.0,0adab909-eb8f-4baf-9eed-7a4cc889cb7c,70:AA:2C:9D:5F:C0,,-85,1762856169065
50662,1762856171064.0,0adab909-eb8f-4baf-9eed-7a4cc889cb7c,42:56:3D:62:C6:41,,-90,1762856169065
50663,1762856171077.0,0adab909-eb8f-4baf-9eed-7a4cc889cb7c,50:19:54:2E:86:13,,-85,1762856169065
50664,1762856171088.0,0adab909-eb8f-4baf-9eed-7a4cc889cb7c,6E:E3:BC:48:BA:50,,-85,1762856169065
50665,1762856171350.0,0adab909-eb8f-4baf-9eed-7a4cc889cb7c,72:2E:25:07:56:32,,-74,1762856169065
50666,1762856171370.0,0adab909-eb8f-4baf-9eed-7a4cc889cb7c,58:52:C3:6A:54:A7,Jabra Evolve2 65,-85,1762856169065
50667,1762856171383.0,0adab909-eb8f-4baf-9eed-7a4cc889cb7c,98:04:ED:BC:A8:A3,S61cb085cb4067bacC,-91,1762856169065
50668,1762856171396.0,0adab909-eb8f-4baf-9eed-7a4cc889cb7c,44:B3:AC:C9:FA:55,Jabra Evolve2 65,-90,1762856169065
50669,1762856171407.0,0adab909-eb8f-4baf-9eed-7a4cc889cb7c,98:04:ED:A2:3E:1C,S295b50867b2bc14bC,-89,1762856169065
50670,1762856171417.0,0adab909-eb8f-4baf-9eed-7a4cc889cb7c,62:9B:ED:20:C1:85,,-85,1762856169065
50671,1762856171582.0,0adab909-eb8f-4baf-9eed-7a4cc889cb7c,20:28:BC:1A:1F:47,[LG] webOS TV OLED65C17LB,-100,1762856169065
50672,1762856172988.0,0adab909-eb8f-4baf-9eed-7a4cc889cb7c,59:3B:33:CC:BE:50,,-90,1762856169065
50673,1762856173327.0,0adab909-eb8f-4baf-9eed-7a4cc889cb7c,7A:63:8A:C3:9F:20,,-84,1762856169065
50674,1762856174573.0,0adab909-eb8f-4baf-9eed-7a4cc889cb7c,5F:AA:3F:FB:28:00,,-93,1762856169065
50675,1762856174913.0,0adab909-eb8f-4baf-9eed-7a4cc889cb7c,65:0C:A3:DE:85:E2,,-90,1762856169065
50676,1762856177514.0,0adab909-eb8f-4baf-9eed-7a4cc889cb7c,6E:7D:22:E2:17:27,,-63,1762856169065
50677,1762856178079.0,0adab909-eb8f-4baf-9eed-7a4cc889cb7c,71:64:FC:C3:22:07,,-79,1762856169065
50678,1762856559109.0,0adab909-eb8f-4baf-9eed-7a4cc889cb7c,18:90:67:26:AA:8F,,-91,1762856559071
50679,1762856559132.0,0adab909-eb8f-4baf-9eed-7a4cc889cb7c,4F:F9:47:84:2A:58,,-82,1762856559071
50680,1762856559145.0,0adab909-eb8f-4baf-9eed-7a4cc889cb7c,6D:B0:A6:54:D8:7C,,-88,1762856559071
50681,1762856559464.0,0adab909-eb8f-4baf-9eed-7a4cc889cb7c,72:2E:25:07:56:32,,-66,1762856559071
50682,1762856559620.0,0adab909-eb8f-4baf-9eed-7a4cc889cb7c,68:CA:C4:8A:40:9C,mbasg,-93,1762856559071
50683,1762856559770.0,0adab909-eb8f-4baf-9eed-7a4cc889cb7c,98:04:ED:A2:3E:1C,S295b50867b2bc14bC,-81,1762856559071
50684,1762856559789.0,0adab909-eb8f-4baf-9eed-7a4cc889cb7c,75:24:9B:E9:8E:57,,-83,1762856559071
50685,1762856559806.0,0adab909-eb8f-4baf-9eed-7a4cc889cb7c,74:A5:23:8D:BE:8A,,-92,1762856559071
50686,1762856559821.0,0adab909-eb8f-4baf-9eed-7a4cc889cb7c,84:25:3F:A3:1F:C2,mitte-home MH22340108,-87,1762856559071
50687,1762856559832.0,0adab909-eb8f-4baf-9eed-7a4cc889cb7c,5D:B5:69:A8:19:F9,,-88,1762856559071
50688,1762856560124.0,0adab909-eb8f-4baf-9eed-7a4cc889cb7c,6A:2E:BD:AE:21:AA,,-88,1762856559071
50689,1762856560137.0,0adab909-eb8f-4baf-9eed-7a4cc889cb7c,42:EE:E3:7E:BD:EB,,-73,1762856559071
50690,1762856560838.0,0adab909-eb8f-4baf-9eed-7a4cc889cb7c,75:FA:1D:4C:0A:AD,,-95,1762856559071
50691,1762856560853.0,0adab909-eb8f-4baf-9eed-7a4cc889cb7c,70:AA:2C:9D:5F:C0,,-79,1762856559071
50692,1762857104862.0,0adab909-eb8f-4baf-9eed-7a4cc889cb7c,46:EE:E6:38:5E:1C,,-92,1762857104783
50693,1762857106171.0,0adab909-eb8f-4baf-9eed-7a4cc889cb7c,7C:B5:23:4E:D8:9C,,-93,1762857104783
50694,1762857106187.0,0adab909-eb8f-4baf-9eed-7a4cc889cb7c,62:78:C1:56:9E:F8,,-93,1762857104783
50695,1762857106198.0,0adab909-eb8f-4baf-9eed-7a4cc889cb7c,5D:B3:42:44:61:39,,-94,1762857104783
50696,1762857106217.0,0adab909-eb8f-4baf-9eed-7a4cc889cb7c,68:CA:C4:8A:40:9C,mbasg,-100,1762857104783
50697,1762857107437.0,0adab909-eb8f-4baf-9eed-7a4cc889cb7c,6D:44:15:33:C1:6B,,-92,1762857104783
50698,1762857108390.0,0adab909-eb8f-4baf-9eed-7a4cc889cb7c,72:2E:25:07:56:32,,-70,1762857104783
50699,1762857108409.0,0adab909-eb8f-4baf-9eed-7a4cc889cb7c,75:24:9B:E9:8E:57,,-89,1762857104783
50700,1762857108742.0,0adab909-eb8f-4baf-9eed-7a4cc889cb7c,6A:84:77:EA:DF:29,,-90,1762857104783
50701,1762857108765.0,0adab909-eb8f-4baf-9eed-7a4cc889cb7c,6E:7D:22:E2:17:27,,-68,1762857104783
50702,1762857108787.0,0adab909-eb8f-4baf-9eed-7a4cc889cb7c,79:54:4F:AA:08:FA,,-90,1762857104783
50703,1762857116422.0,0adab909-eb8f-4baf-9eed-7a4cc889cb7c,77:DC:49:49:90:AB,,-86,1762857104783
50704,1762857122248.0,0adab909-eb8f-4baf-9eed-7a4cc889cb7c,68:CA:C4:8A:40:9C,mbasg,-100,1762857104783
50705,1762857724127.0,0adab909-eb8f-4baf-9eed-7a4cc889cb7c,6A:84:77:EA:DF:29,,-89,1762857723837
50706,1762857724227.0,0adab909-eb8f-4baf-9eed-7a4cc889cb7c,98:04:ED:A2:3E:1C,S295b50867b2bc14bC,-91,1762857723837
50707,1762857724897.0,0adab909-eb8f-4baf-9eed-7a4cc889cb7c,5D:B3:42:44:61:39,,-94,1762857723837
50708,1762857725168.0,0adab909-eb8f-4baf-9eed-7a4cc889cb7c,4A:77:3A:D7:41:72,,-67,1762857723837
50709,1762857726031.0,0adab909-eb8f-4baf-9eed-7a4cc889cb7c,68:CA:C4:8A:40:9C,mbasg,-100,1762857723837
50710,1762857727078.0,0adab909-eb8f-4baf-9eed-7a4cc889cb7c,6D:44:15:33:C1:6B,,-90,1762857723837
50711,1762857727101.0,0adab909-eb8f-4baf-9eed-7a4cc889cb7c,7C:B5:23:4E:D8:9C,,-90,1762857723837
50712,1762857727417.0,0adab909-eb8f-4baf-9eed-7a4cc889cb7c,77:DC:49:49:90:AB,,-81,1762857723837
50713,1762857728032.0,0adab909-eb8f-4baf-9eed-7a4cc889cb7c,1C:0C:26:77:8F:3C,,-92,1762857723837
50714,1762857729327.0,0adab909-eb8f-4baf-9eed-7a4cc889cb7c,46:EE:E6:38:5E:1C,,-93,1762857723837
50715,1762857729343.0,0adab909-eb8f-4baf-9eed-7a4cc889cb7c,7A:89:7A:27:EA:BA,,-70,1762857723837
50716,1762857730948.0,0adab909-eb8f-4baf-9eed-7a4cc889cb7c,4E:71:97:C0:4E:EB,,-93,1762857723837
50717,1762857733844.0,0adab909-eb8f-4baf-9eed-7a4cc889cb7c,47:6B:61:1C:EE:1D,,-93,1762857723837
50718,1762858305915.0,0adab909-eb8f-4baf-9eed-7a4cc889cb7c,5D:78:BE:C3:49:C7,,-82,1762858305911
50719,1762858305931.0,0adab909-eb8f-4baf-9eed-7a4cc889cb7c,73:55:F2:84:0B:DE,,-87,1762858305911
50720,1762858305941.0,0adab909-eb8f-4baf-9eed-7a4cc889cb7c,4A:77:3A:D7:41:72,,-61,1762858305911
50721,1762858305952.0,0adab909-eb8f-4baf-9eed-7a4cc889cb7c,6B:44:A8:30:5E:B3,,-83,1762858305911
50722,1762858306417.0,0adab909-eb8f-4baf-9eed-7a4cc889cb7c,78:00:6B:24:82:51,,-86,1762858305911
50723,1762858306724.0,0adab909-eb8f-4baf-9eed-7a4cc889cb7c,84:25:3F:A3:1F:C2,mitte-home MH22340108,-92,1762858305911
50724,1762858306744.0,0adab909-eb8f-4baf-9eed-7a4cc889cb7c,56:B0:39:E6:4B:A9,,-92,1762858305911
50725,1762858306756.0,0adab909-eb8f-4baf-9eed-7a4cc889cb7c,70:2F:92:7A:CF:28,,-80,1762858305911
50726,1762858306880.0,0adab909-eb8f-4baf-9eed-7a4cc889cb7c,68:CA:C4:8A:40:9C,mbasg,-100,1762858305911
50727,1762858307011.0,0adab909-eb8f-4baf-9eed-7a4cc889cb7c,98:04:ED:A2:3E:1C,S295b50867b2bc14bC,-84,1762858305911
50728,1762858307036.0,0adab909-eb8f-4baf-9eed-7a4cc889cb7c,65:08:5D:2C:F8:F3,,-81,1762858305911
50729,1762858307054.0,0adab909-eb8f-4baf-9eed-7a4cc889cb7c,5A:8D:79:27:C3:A5,,-91,1762858305911
50730,1762858307713.0,0adab909-eb8f-4baf-9eed-7a4cc889cb7c,1E:2E:2F:BF:00:B1,,-90,1762858305911
50731,1762858307973.0,0adab909-eb8f-4baf-9eed-7a4cc889cb7c,54:7E:DF:4F:95:3B,,-91,1762858305911
50732,1762858307988.0,0adab909-eb8f-4baf-9eed-7a4cc889cb7c,4E:71:97:C0:4E:EB,,-91,1762858305911
50733,1762858308938.0,0adab909-eb8f-4baf-9eed-7a4cc889cb7c,40:74:AC:8C:05:9C,,-91,1762858305911
50734,1762858308961.0,0adab909-eb8f-4baf-9eed-7a4cc889cb7c,4D:7E:04:AE:8B:77,,-84,1762858305911
50735,1762858310556.0,0adab909-eb8f-4baf-9eed-7a4cc889cb7c,7A:89:7A:27:EA:BA,,-59,1762858305911
50736,1762858314395.0,0adab909-eb8f-4baf-9eed-7a4cc889cb7c,77:73:18:5A:0F:86,,-88,1762858305911
50737,1762858315692.0,0adab909-eb8f-4baf-9eed-7a4cc889cb7c,47:6B:61:1C:EE:1D,,-94,1762858305911
50738,1762858316942.0,0adab909-eb8f-4baf-9eed-7a4cc889cb7c,4C:1D:60:69:A9:42,,-88,1762858305911
50739,1762858965113.0,0adab909-eb8f-4baf-9eed-7a4cc889cb7c,70:2F:92:7A:CF:28,,-79,1762858965108
50740,1762858965157.0,0adab909-eb8f-4baf-9eed-7a4cc889cb7c,98:04:ED:A2:3E:1C,S295b50867b2bc14bC,-85,1762858965108
50741,1762858965173.0,0adab909-eb8f-4baf-9eed-7a4cc889cb7c,84:25:3F:A3:1F:C2,mitte-home MH22340108,-82,1762858965108
50742,1762858965183.0,0adab909-eb8f-4baf-9eed-7a4cc889cb7c,4F:76:8F:0B:93:ED,,-67,1762858965108
50743,1762858965269.0,0adab909-eb8f-4baf-9eed-7a4cc889cb7c,43:84:B6:B4:FE:1A,,-82,1762858965108
50744,1762858965286.0,0adab909-eb8f-4baf-9eed-7a4cc889cb7c,70:08:F4:19:CA:C0,,-82,1762858965108
50745,1762858965672.0,0adab909-eb8f-4baf-9eed-7a4cc889cb7c,68:CA:C4:8A:40:9C,mbasg,-95,1762858965108
50746,1762858965929.0,0adab909-eb8f-4baf-9eed-7a4cc889cb7c,44:8D:DE:CA:5C:F7,,-83,1762858965108
50747,1762858966236.0,0adab909-eb8f-4baf-9eed-7a4cc889cb7c,65:08:5D:2C:F8:F3,,-83,1762858965108
50748,1762858966255.0,0adab909-eb8f-4baf-9eed-7a4cc889cb7c,23:EC:95:79:BC:B7,,-89,1762858965108
50749,1762858967259.0,0adab909-eb8f-4baf-9eed-7a4cc889cb7c,68:CA:C4:8A:40:9C,mbasg,-99,1762858965108
50750,1762858967900.0,0adab909-eb8f-4baf-9eed-7a4cc889cb7c,6D:A8:F8:2C:5F:29,,-89,1762858965108
50751,1762858969424.0,0adab909-eb8f-4baf-9eed-7a4cc889cb7c,7A:48:2C:53:9B:22,,-86,1762858965108
50752,1762858971736.0,0adab909-eb8f-4baf-9eed-7a4cc889cb7c,74:84:D4:83:D2:76,,-83,1762858965108
50753,1762858971957.0,0adab909-eb8f-4baf-9eed-7a4cc889cb7c,20:28:BC:1A:1F:47,[LG] webOS TV OLED65C17LB,-100,1762858965108
50754,1762858972958.0,0adab909-eb8f-4baf-9eed-7a4cc889cb7c,6F:72:5A:8F:E0:0F,,-94,1762858965108
50755,1762858972975.0,0adab909-eb8f-4baf-9eed-7a4cc889cb7c,6E:10:DD:61:60:77,,-88,1762858965108
50756,1762858974850.0,0adab909-eb8f-4baf-9eed-7a4cc889cb7c,6D:37:60:75:C4:89,,-94,1762858965108
50757,1762858975185.0,0adab909-eb8f-4baf-9eed-7a4cc889cb7c,53:D2:38:E6:90:34,,-69,1762858965108
50758,1762858976167.0,0adab909-eb8f-4baf-9eed-7a4cc889cb7c,44:42:45:41:B7:36,,-93,1762858965108
50759,1762858976531.0,0adab909-eb8f-4baf-9eed-7a4cc889cb7c,77:73:18:5A:0F:86,,-88,1762858965108
50760,1762859477995.0,0adab909-eb8f-4baf-9eed-7a4cc889cb7c,98:04:ED:A2:3E:1C,S295b50867b2bc14bC,-89,1762859477991
50761,1762859478338.0,0adab909-eb8f-4baf-9eed-7a4cc889cb7c,44:42:45:41:B7:36,,-86,1762859477991
50762,1762859478359.0,0adab909-eb8f-4baf-9eed-7a4cc889cb7c,6D:37:60:75:C4:89,,-87,1762859477991
50763,1762859478374.0,0adab909-eb8f-4baf-9eed-7a4cc889cb7c,4F:76:8F:0B:93:ED,,-81,1762859477991
50764,1762859478391.0,0adab909-eb8f-4baf-9eed-7a4cc889cb7c,60:73:95:81:9A:9B,,-82,1762859477991
50765,1762859478451.0,0adab909-eb8f-4baf-9eed-7a4cc889cb7c,68:CA:C4:8A:40:9C,mbasg,-97,1762859477991
50766,1762859478684.0,0adab909-eb8f-4baf-9eed-7a4cc889cb7c,65:08:38:4A:25:78,,-87,1762859477991
50767,1762859479321.0,0adab909-eb8f-4baf-9eed-7a4cc889cb7c,84:25:3F:A3:1F:C2,mitte-home MH22340108,-88,1762859477991
50768,1762859479338.0,0adab909-eb8f-4baf-9eed-7a4cc889cb7c,7A:48:2C:53:9B:22,,-88,1762859477991
50769,1762859479978.0,0adab909-eb8f-4baf-9eed-7a4cc889cb7c,45:24:D1:BA:D4:16,,-91,1762859477991
50770,1762859480000.0,0adab909-eb8f-4baf-9eed-7a4cc889cb7c,76:B0:97:86:B1:0E,,-87,1762859477991
50771,1762859480326.0,0adab909-eb8f-4baf-9eed-7a4cc889cb7c,49:76:FC:CA:ED:FE,,-88,1762859477991
50772,1762859481282.0,0adab909-eb8f-4baf-9eed-7a4cc889cb7c,40:C7:6A:F4:0B:D1,,-86,1762859477991
50773,1762859481899.0,0adab909-eb8f-4baf-9eed-7a4cc889cb7c,61:EE:71:BD:1E:85,Jabra Evolve2 65,-88,1762859477991
50774,1762859482232.0,0adab909-eb8f-4baf-9eed-7a4cc889cb7c,53:D2:38:E6:90:34,,-80,1762859477991
50775,1762859482861.0,0adab909-eb8f-4baf-9eed-7a4cc889cb7c,3C:B3:51:8B:F0:18,,-85,1762859477991
50776,1762859482883.0,0adab909-eb8f-4baf-9eed-7a4cc889cb7c,77:73:18:5A:0F:86,,-90,1762859477991
50777,1762859484752.0,0adab909-eb8f-4baf-9eed-7a4cc889cb7c,74:84:D4:83:D2:76,,-88,1762859477991
50778,1762859485077.0,0adab909-eb8f-4baf-9eed-7a4cc889cb7c,60:51:CB:C8:32:60,Jabra Evolve2 65,-87,1762859477991
50779,1762859485705.0,0adab909-eb8f-4baf-9eed-7a4cc889cb7c,5E:A2:73:A1:EE:B6,,-82,1762859477991
50780,1762860275682.0,0adab909-eb8f-4baf-9eed-7a4cc889cb7c,60:73:95:81:9A:9B,,-79,1762860275648
50781,1762860275698.0,0adab909-eb8f-4baf-9eed-7a4cc889cb7c,98:04:ED:A2:3E:1C,S295b50867b2bc14bC,-77,1762860275648
50782,1762860275710.0,0adab909-eb8f-4baf-9eed-7a4cc889cb7c,43:2E:EA:B5:94:8E,,-67,1762860275648
50783,1762860275730.0,0adab909-eb8f-4baf-9eed-7a4cc889cb7c,84:25:3F:A3:1F:C2,mitte-home MH22340108,-79,1762860275648
50784,1762860275940.0,0adab909-eb8f-4baf-9eed-7a4cc889cb7c,20:28:BC:1A:1F:47,[LG] webOS TV OLED65C17LB,-91,1762860275648
50785,1762860276003.0,0adab909-eb8f-4baf-9eed-7a4cc889cb7c,60:EC:64:94:43:96,,-80,1762860275648
50786,1762860276708.0,0adab909-eb8f-4baf-9eed-7a4cc889cb7c,0F:33:98:9F:DF:3F,,-87,1762860275648
50787,1762860277431.0,0adab909-eb8f-4baf-9eed-7a4cc889cb7c,3A:97:37:5A:B5:FD,,-87,1762860275648
50788,1762860278271.0,0adab909-eb8f-4baf-9eed-7a4cc889cb7c,0A:25:BC:9E:2E:7C,,-83,1762860275648
50789,1762860279993.0,0adab909-eb8f-4baf-9eed-7a4cc889cb7c,54:80:08:87:F3:4C,,-88,1762860275648
50790,1762860280248.0,0adab909-eb8f-4baf-9eed-7a4cc889cb7c,47:10:F2:AE:F7:9E,,-84,1762860275648
50791,1762860280553.0,0adab909-eb8f-4baf-9eed-7a4cc889cb7c,76:E3:0B:4C:62:7D,,-84,1762860275648
50792,1762860280929.0,0adab909-eb8f-4baf-9eed-7a4cc889cb7c,2E:61:4E:0A:B5:DD,,-93,1762860275648
50793,1762860282488.0,0adab909-eb8f-4baf-9eed-7a4cc889cb7c,74:62:E3:2F:37:97,,-84,1762860275648
50794,1762860288199.0,0adab909-eb8f-4baf-9eed-7a4cc889cb7c,2F:82:88:80:36:A8,,-87,1762860275648
50795,1762860288703.0,0adab909-eb8f-4baf-9eed-7a4cc889cb7c,84:25:3F:A3:1F:C2,mitte-home MH22340108,-80,1762860275648
50796,1762860288754.0,0adab909-eb8f-4baf-9eed-7a4cc889cb7c,16:A0:30:E0:D3:FE,,-90,1762860275648
50797,1762860288777.0,0adab909-eb8f-4baf-9eed-7a4cc889cb7c,80:C3:BA:16:E8:B2,MOMENTUM TW 3,-86,1762860275648
50798,1762860288799.0,0adab909-eb8f-4baf-9eed-7a4cc889cb7c,98:04:ED:A2:3E:1C,S295b50867b2bc14bC,-76,1762860275648
50799,1762860288825.0,0adab909-eb8f-4baf-9eed-7a4cc889cb7c,0D:A2:40:7B:91:16,,-76,1762860275648
50800,1762860288846.0,0adab909-eb8f-4baf-9eed-7a4cc889cb7c,2F:82:88:80:36:A8,,-88,1762860275648
50801,1762860288870.0,0adab909-eb8f-4baf-9eed-7a4cc889cb7c,10:43:F0:DF:A5:36,,-60,1762860275648
50802,1762860288901.0,0adab909-eb8f-4baf-9eed-7a4cc889cb7c,3C:5F:CF:7A:4E:D8,,-85,1762860275648
50803,1762860288928.0,0adab909-eb8f-4baf-9eed-7a4cc889cb7c,3A:97:37:5A:B5:FD,,-87,1762860275648
50804,1762860288946.0,0adab909-eb8f-4baf-9eed-7a4cc889cb7c,13:8E:FF:33:35:FF,,-91,1762860275648
50805,1762860288964.0,0adab909-eb8f-4baf-9eed-7a4cc889cb7c,10:50:7B:0A:FC:FB,,-93,1762860275648
50806,1762860288986.0,0adab909-eb8f-4baf-9eed-7a4cc889cb7c,35:F0:12:A4:F6:D2,,-79,1762860275648
50807,1762860289008.0,0adab909-eb8f-4baf-9eed-7a4cc889cb7c,2B:D9:1C:4A:A7:0E,,-85,1762860275648
50808,1762860289027.0,0adab909-eb8f-4baf-9eed-7a4cc889cb7c,36:49:E0:81:C4:4E,,-76,1762860275648
50809,1762860289049.0,0adab909-eb8f-4baf-9eed-7a4cc889cb7c,3E:6C:C6:81:7F:7B,,-91,1762860275648
50810,1762860289077.0,0adab909-eb8f-4baf-9eed-7a4cc889cb7c,2E:61:4E:0A:B5:DD,,-85,1762860275648
50811,1762860289098.0,0adab909-eb8f-4baf-9eed-7a4cc889cb7c,60:73:95:81:9A:9B,,-78,1762860275648
50812,1762860289122.0,0adab909-eb8f-4baf-9eed-7a4cc889cb7c,3E:AE:4B:F7:46:29,,-79,1762860275648
50813,1762860289755.0,0adab909-eb8f-4baf-9eed-7a4cc889cb7c,60:EC:64:94:43:96,,-81,1762860275648
50814,1762860289786.0,0adab909-eb8f-4baf-9eed-7a4cc889cb7c,0F:33:98:9F:DF:3F,,-87,1762860275648
50815,1762860289816.0,0adab909-eb8f-4baf-9eed-7a4cc889cb7c,FD:D7:F9:FE:5C:7C,,-91,1762860275648
50816,1762860289855.0,0adab909-eb8f-4baf-9eed-7a4cc889cb7c,0A:25:BC:9E:2E:7C,,-88,1762860275648
50817,1762860289885.0,0adab909-eb8f-4baf-9eed-7a4cc889cb7c,F9:B5:93:25:BF:A0,,-65,1762860275648
50818,1762860290827.0,0adab909-eb8f-4baf-9eed-7a4cc889cb7c,43:2E:EA:B5:94:8E,,-65,1762860275648
50819,1762860290868.0,0adab909-eb8f-4baf-9eed-7a4cc889cb7c,13:B4:A6:37:26:54,,-90,1762860275648
50820,1762860291675.0,0adab909-eb8f-4baf-9eed-7a4cc889cb7c,EF:58:02:13:68:B0,,-82,1762860275648
50821,1762860291721.0,0adab909-eb8f-4baf-9eed-7a4cc889cb7c,98:04:ED:A2:3E:1C,S295b50867b2bc14bC,-76,1762860275648
50822,1762860291748.0,0adab909-eb8f-4baf-9eed-7a4cc889cb7c,2B:D9:1C:4A:A7:0E,,-86,1762860275648
50823,1762860291770.0,0adab909-eb8f-4baf-9eed-7a4cc889cb7c,0D:A2:40:7B:91:16,,-76,1762860275648
50824,1762860291790.0,0adab909-eb8f-4baf-9eed-7a4cc889cb7c,3E:6C:C6:81:7F:7B,,-92,1762860275648
50825,1762860839836.0,0adab909-eb8f-4baf-9eed-7a4cc889cb7c,72:C1:12:7D:9D:E1,,-90,1762860839799
50826,1762860839852.0,0adab909-eb8f-4baf-9eed-7a4cc889cb7c,4E:64:F3:F0:0A:DD,,-87,1762860839799
50827,1762860839864.0,0adab909-eb8f-4baf-9eed-7a4cc889cb7c,4D:25:06:4F:FA:64,,-74,1762860839799
50828,1762860839879.0,0adab909-eb8f-4baf-9eed-7a4cc889cb7c,5F:31:3E:63:6E:FC,,-75,1762860839799
50829,1762860839896.0,0adab909-eb8f-4baf-9eed-7a4cc889cb7c,98:04:ED:A2:3E:1C,S295b50867b2bc14bC,-81,1762860839799
50830,1762860840234.0,0adab909-eb8f-4baf-9eed-7a4cc889cb7c,4D:69:7F:92:0C:05,,-81,1762860839799
50831,1762860840251.0,0adab909-eb8f-4baf-9eed-7a4cc889cb7c,84:25:3F:A3:1F:C2,mitte-home MH22340108,-86,1762860839799
50832,1762860840503.0,0adab909-eb8f-4baf-9eed-7a4cc889cb7c,76:E3:0B:4C:62:7D,,-59,1762860839799
50833,1762860840521.0,0adab909-eb8f-4baf-9eed-7a4cc889cb7c,76:1E:48:AF:D0:6D,,-82,1762860839799
50834,1762860840532.0,0adab909-eb8f-4baf-9eed-7a4cc889cb7c,63:61:F8:BA:B2:2C,,-76,1762860839799
50835,1762860840882.0,0adab909-eb8f-4baf-9eed-7a4cc889cb7c,4C:E0:1F:33:01:AD,,-82,1762860839799
50836,1762860840902.0,0adab909-eb8f-4baf-9eed-7a4cc889cb7c,54:80:08:87:F3:4C,,-75,1762860839799
50837,1762860840912.0,0adab909-eb8f-4baf-9eed-7a4cc889cb7c,68:CA:C4:8A:40:9C,mbasg,-96,1762860839799
50838,1762860841187.0,0adab909-eb8f-4baf-9eed-7a4cc889cb7c,79:26:EA:3D:E7:C2,,-93,1762860839799
50839,1762860841202.0,0adab909-eb8f-4baf-9eed-7a4cc889cb7c,4E:CB:08:DF:EE:97,,-68,1762860839799
50840,1762860841214.0,0adab909-eb8f-4baf-9eed-7a4cc889cb7c,38:74:13:EA:9D:81,,-79,1762860839799
50841,1762860841913.0,0adab909-eb8f-4baf-9eed-7a4cc889cb7c,60:57:D8:BB:BA:78,,-89,1762860839799
50842,1762860841979.0,0adab909-eb8f-4baf-9eed-7a4cc889cb7c,56:38:9A:90:FA:E5,,-93,1762860839799
50843,1762860843741.0,0adab909-eb8f-4baf-9eed-7a4cc889cb7c,62:C3:2D:56:67:C4,,-80,1762860839799
50844,1762860843785.0,0adab909-eb8f-4baf-9eed-7a4cc889cb7c,55:42:9D:7F:F6:85,,-81,1762860839799
50845,1762860843941.0,0adab909-eb8f-4baf-9eed-7a4cc889cb7c,68:CA:C4:8A:40:9C,mbasg,-93,1762860839799
50846,1762860844820.0,0adab909-eb8f-4baf-9eed-7a4cc889cb7c,98:04:ED:BC:A8:A3,S61cb085cb4067bacC,-90,1762860839799
50847,1762860844849.0,0adab909-eb8f-4baf-9eed-7a4cc889cb7c,6F:93:58:E0:64:FF,,-82,1762860839799
50848,1762860844878.0,0adab909-eb8f-4baf-9eed-7a4cc889cb7c,4C:BC:B4:5A:4C:F6,,-89,1762860839799
50849,1762860846637.0,0adab909-eb8f-4baf-9eed-7a4cc889cb7c,5E:68:AC:32:48:E7,,-92,1762860839799
50850,1762860847724.0,0adab909-eb8f-4baf-9eed-7a4cc889cb7c,5B:24:02:AA:8F:A4,,-88,1762860839799
50851,1762860847761.0,0adab909-eb8f-4baf-9eed-7a4cc889cb7c,57:47:37:CF:77:05,,-90,1762860839799
50852,1762860852723.0,0adab909-eb8f-4baf-9eed-7a4cc889cb7c,57:47:37:CF:77:05,,-85,1762860839799
50853,1762860852751.0,0adab909-eb8f-4baf-9eed-7a4cc889cb7c,2C:67:68:2A:CB:55,,-73,1762860839799
50854,1762860852767.0,0adab909-eb8f-4baf-9eed-7a4cc889cb7c,1E:74:48:F4:EB:0B,,-67,1762860839799
50855,1762860852787.0,0adab909-eb8f-4baf-9eed-7a4cc889cb7c,6F:93:58:E0:64:FF,,-84,1762860839799
50856,1762860852824.0,0adab909-eb8f-4baf-9eed-7a4cc889cb7c,F9:BA:1F:BC:43:61,,-84,1762860839799
50857,1762860852841.0,0adab909-eb8f-4baf-9eed-7a4cc889cb7c,84:25:3F:A3:1F:C2,mitte-home MH22340108,-88,1762860839799
50858,1762860852858.0,0adab909-eb8f-4baf-9eed-7a4cc889cb7c,01:93:60:9E:DB:FD,,-83,1762860839799
50859,1762860852877.0,0adab909-eb8f-4baf-9eed-7a4cc889cb7c,76:1E:48:AF:D0:6D,,-85,1762860839799
50860,1762860852893.0,0adab909-eb8f-4baf-9eed-7a4cc889cb7c,17:BA:91:34:80:9C,,-76,1762860839799
50861,1762860852909.0,0adab909-eb8f-4baf-9eed-7a4cc889cb7c,4C:BC:B4:5A:4C:F6,,-89,1762860839799
50862,1762860852927.0,0adab909-eb8f-4baf-9eed-7a4cc889cb7c,EE:3C:F1:38:32:41,,-81,1762860839799
50863,1762860852945.0,0adab909-eb8f-4baf-9eed-7a4cc889cb7c,5F:31:3E:63:6E:FC,,-75,1762860839799
50864,1762860852964.0,0adab909-eb8f-4baf-9eed-7a4cc889cb7c,06:B1:9F:36:B7:43,,-88,1762860839799
50865,1762860852999.0,0adab909-eb8f-4baf-9eed-7a4cc889cb7c,4E:CB:08:DF:EE:97,,-64,1762860839799
50866,1762860853018.0,0adab909-eb8f-4baf-9eed-7a4cc889cb7c,38:74:13:EA:9D:81,,-86,1762860839799
50867,1762860853816.0,0adab909-eb8f-4baf-9eed-7a4cc889cb7c,76:E3:0B:4C:62:7D,,-64,1762860839799
50868,1762860853832.0,0adab909-eb8f-4baf-9eed-7a4cc889cb7c,C3:07:50:96:E2:F9,,-79,1762860839799
50869,1762860853859.0,0adab909-eb8f-4baf-9eed-7a4cc889cb7c,62:C3:2D:56:67:C4,,-79,1762860839799
50870,1762860853875.0,0adab909-eb8f-4baf-9eed-7a4cc889cb7c,E0:3B:BC:3E:3B:FC,,-82,1762860839799
50871,1762860853966.0,0adab909-eb8f-4baf-9eed-7a4cc889cb7c,0D:1A:30:2E:ED:0A,,-92,1762860839799
50872,1762860853990.0,0adab909-eb8f-4baf-9eed-7a4cc889cb7c,F7:30:6A:18:41:D1,,-91,1762860839799
50873,1762860854004.0,0adab909-eb8f-4baf-9eed-7a4cc889cb7c,63:61:F8:BA:B2:2C,,-83,1762860839799
50874,1762860854678.0,0adab909-eb8f-4baf-9eed-7a4cc889cb7c,F5:A7:03:28:D4:09,,-79,1762860839799
50875,1762860854702.0,0adab909-eb8f-4baf-9eed-7a4cc889cb7c,3F:D9:F7:87:00:28,,-94,1762860839799
50876,1762860854717.0,0adab909-eb8f-4baf-9eed-7a4cc889cb7c,4D:25:06:4F:FA:64,,-78,1762860839799
50877,1762860854732.0,0adab909-eb8f-4baf-9eed-7a4cc889cb7c,55:42:9D:7F:F6:85,,-81,1762860839799
50878,1762860854749.0,0adab909-eb8f-4baf-9eed-7a4cc889cb7c,EF:58:02:13:68:B0,,-81,1762860839799
50879,1762860854798.0,0adab909-eb8f-4baf-9eed-7a4cc889cb7c,DF:25:77:FB:F5:DF,,-92,1762860839799
50880,1762861325259.0,0adab909-eb8f-4baf-9eed-7a4cc889cb7c,40:64:96:C9:96:B3,,-86,1762861324808
50881,1762861325280.0,0adab909-eb8f-4baf-9eed-7a4cc889cb7c,73:E9:20:EE:AA:DD,,-69,1762861324808
50882,1762861325295.0,0adab909-eb8f-4baf-9eed-7a4cc889cb7c,98:04:ED:A2:3E:1C,S295b50867b2bc14bC,-86,1762861324808
50883,1762861325308.0,0adab909-eb8f-4baf-9eed-7a4cc889cb7c,6C:F4:AF:45:50:35,Jabra Evolve2 65,-82,1762861324808
50884,1762861325496.0,0adab909-eb8f-4baf-9eed-7a4cc889cb7c,66:11:EF:19:CC:4A,,-81,1762861324808
50885,1762861325513.0,0adab909-eb8f-4baf-9eed-7a4cc889cb7c,19:A2:9C:B9:2B:42,,-80,1762861324808
50886,1762861325576.0,0adab909-eb8f-4baf-9eed-7a4cc889cb7c,4E:CB:08:DF:EE:97,,-71,1762861324808
50887,1762861325859.0,0adab909-eb8f-4baf-9eed-7a4cc889cb7c,84:25:3F:A3:1F:C2,mitte-home MH22340108,-85,1762861324808
50888,1762861325878.0,0adab909-eb8f-4baf-9eed-7a4cc889cb7c,6F:93:58:E0:64:FF,,-88,1762861324808
50889,1762861325890.0,0adab909-eb8f-4baf-9eed-7a4cc889cb7c,5E:68:AC:32:48:E7,,-94,1762861324808
50890,1762861325901.0,0adab909-eb8f-4baf-9eed-7a4cc889cb7c,72:E1:44:85:FE:60,,-82,1762861324808
50891,1762861326141.0,0adab909-eb8f-4baf-9eed-7a4cc889cb7c,4C:BC:B4:5A:4C:F6,,-87,1762861324808
50892,1762861326497.0,0adab909-eb8f-4baf-9eed-7a4cc889cb7c,4D:69:7F:92:0C:05,,-82,1762861324808
50893,1762861326515.0,0adab909-eb8f-4baf-9eed-7a4cc889cb7c,67:AE:3E:FD:53:DA,,-76,1762861324808
50894,1762861326527.0,0adab909-eb8f-4baf-9eed-7a4cc889cb7c,62:C3:2D:56:67:C4,,-93,1762861324808
50895,1762861326538.0,0adab909-eb8f-4baf-9eed-7a4cc889cb7c,56:66:BB:60:14:08,,-78,1762861324808
50896,1762861326626.0,0adab909-eb8f-4baf-9eed-7a4cc889cb7c,68:CA:C4:8A:40:9C,mbasg,-100,1762861324808
50897,1762861327185.0,0adab909-eb8f-4baf-9eed-7a4cc889cb7c,46:3A:26:24:9E:4F,,-78,1762861324808
50898,1762861327462.0,0adab909-eb8f-4baf-9eed-7a4cc889cb7c,4D:C7:BB:12:06:68,Jabra Evolve2 D,-84,1762861324808
50899,1762861327753.0,0adab909-eb8f-4baf-9eed-7a4cc889cb7c,76:1E:48:AF:D0:6D,,-89,1762861324808
50900,1762861327824.0,0adab909-eb8f-4baf-9eed-7a4cc889cb7c,6C:FB:ED:1A:BC:7A,Jabra Evolve2 DS 55,-86,1762861324808
50901,1762861328128.0,0adab909-eb8f-4baf-9eed-7a4cc889cb7c,42:AC:D8:E7:64:F3,,-85,1762861324808
50902,1762861330643.0,0adab909-eb8f-4baf-9eed-7a4cc889cb7c,4E:64:F3:F0:0A:DD,,-94,1762861324808
50903,1762861335833.0,0adab909-eb8f-4baf-9eed-7a4cc889cb7c,73:62:C8:22:A4:18,,-72,1762861324808
50904,1762861337120.0,0adab909-eb8f-4baf-9eed-7a4cc889cb7c,7D:2E:BC:11:24:C5,Jabra Evolve2 D,-84,1762861324808
50905,1762861337399.0,0adab909-eb8f-4baf-9eed-7a4cc889cb7c,40:B8:B5:24:D5:AB,Jabra Evolve2 65,-85,1762861324808
50906,1762861996715.0,0adab909-eb8f-4baf-9eed-7a4cc889cb7c,79:A0:42:B3:9D:83,,-91,1762861996676
50907,1762861996747.0,0adab909-eb8f-4baf-9eed-7a4cc889cb7c,45:6A:92:04:DD:E5,,-90,1762861996676
50908,1762861996797.0,0adab909-eb8f-4baf-9eed-7a4cc889cb7c,62:D0:1F:DA:61:03,,-87,1762861996676
50909,1762861997062.0,0adab909-eb8f-4baf-9eed-7a4cc889cb7c,98:04:ED:A2:3E:1C,S295b50867b2bc14bC,-91,1762861996676
50910,1762861997395.0,0adab909-eb8f-4baf-9eed-7a4cc889cb7c,84:25:3F:A3:1F:C2,mitte-home MH22340108,-88,1762861996676
50911,1762861997436.0,0adab909-eb8f-4baf-9eed-7a4cc889cb7c,72:3F:60:FF:B6:FD,,-77,1762861996676
50912,1762861997453.0,0adab909-eb8f-4baf-9eed-7a4cc889cb7c,51:0F:73:AC:D5:DD,,-91,1762861996676
50913,1762861997718.0,0adab909-eb8f-4baf-9eed-7a4cc889cb7c,61:92:CA:34:72:84,,-90,1762861996676
50914,1762861998044.0,0adab909-eb8f-4baf-9eed-7a4cc889cb7c,70:EE:A1:E7:DB:69,,-85,1762861996676
50915,1762861998430.0,0adab909-eb8f-4baf-9eed-7a4cc889cb7c,4D:25:91:A1:28:5E,,-84,1762861996676
50916,1762861998653.0,0adab909-eb8f-4baf-9eed-7a4cc889cb7c,68:CA:C4:8A:40:9C,mbasg,-100,1762861996676
50917,1762861998686.0,0adab909-eb8f-4baf-9eed-7a4cc889cb7c,46:3A:26:24:9E:4F,,-89,1762861996676
50918,1762861998700.0,0adab909-eb8f-4baf-9eed-7a4cc889cb7c,66:26:2B:48:72:3E,,-72,1762861996676
50919,1762861998999.0,0adab909-eb8f-4baf-9eed-7a4cc889cb7c,42:AC:D8:E7:64:F3,,-88,1762861996676
50920,1762861999016.0,0adab909-eb8f-4baf-9eed-7a4cc889cb7c,73:E9:20:EE:AA:DD,,-59,1762861996676
50921,1762861999360.0,0adab909-eb8f-4baf-9eed-7a4cc889cb7c,73:62:C8:22:A4:18,,-71,1762861996676
50922,1762862001893.0,0adab909-eb8f-4baf-9eed-7a4cc889cb7c,64:49:50:28:95:39,,-91,1762861996676
50923,1762862002226.0,0adab909-eb8f-4baf-9eed-7a4cc889cb7c,2B:EC:FA:B3:75:C1,,-91,1762861996676
50924,1762862003845.0,0adab909-eb8f-4baf-9eed-7a4cc889cb7c,50:E5:F3:AF:44:1B,,-94,1762861996676
50925,1762862004522.0,0adab909-eb8f-4baf-9eed-7a4cc889cb7c,77:4A:A2:99:3B:E6,,-94,1762861996676
50926,1762862523841.0,0adab909-eb8f-4baf-9eed-7a4cc889cb7c,66:26:2B:48:72:3E,,-66,1762862523823
50927,1762862523868.0,0adab909-eb8f-4baf-9eed-7a4cc889cb7c,61:92:CA:34:72:84,,-82,1762862523823
50928,1762862524276.0,0adab909-eb8f-4baf-9eed-7a4cc889cb7c,5C:05:8E:8E:95:66,,-85,1762862523823
50929,1762862524567.0,0adab909-eb8f-4baf-9eed-7a4cc889cb7c,6A:96:D6:0E:B4:DD,,-80,1762862523823
50930,1762862524866.0,0adab909-eb8f-4baf-9eed-7a4cc889cb7c,84:25:3F:A3:1F:C2,mitte-home MH22340108,-87,1762862523823
50931,1762862524932.0,0adab909-eb8f-4baf-9eed-7a4cc889cb7c,62:D0:1F:DA:61:03,,-81,1762862523823
50932,1762862524949.0,0adab909-eb8f-4baf-9eed-7a4cc889cb7c,75:17:43:1A:7C:72,,-91,1762862523823
50933,1762862524962.0,0adab909-eb8f-4baf-9eed-7a4cc889cb7c,45:6A:92:04:DD:E5,,-81,1762862523823
50934,1762862525192.0,0adab909-eb8f-4baf-9eed-7a4cc889cb7c,98:04:ED:A2:3E:1C,S295b50867b2bc14bC,-84,1762862523823
50935,1762862525221.0,0adab909-eb8f-4baf-9eed-7a4cc889cb7c,6A:A0:B8:B6:7F:02,,-72,1762862523823
50936,1762862525951.0,0adab909-eb8f-4baf-9eed-7a4cc889cb7c,68:CA:C4:8A:40:9C,mbasg,-100,1762862523823
50937,1762862526070.0,0adab909-eb8f-4baf-9eed-7a4cc889cb7c,68:CA:C4:8A:40:9C,mbasg,-95,1762862523823
50938,1762862526141.0,0adab909-eb8f-4baf-9eed-7a4cc889cb7c,61:8E:62:65:EC:E5,,-84,1762862523823
50939,1762862526193.0,0adab909-eb8f-4baf-9eed-7a4cc889cb7c,54:0B:4F:E5:A1:86,,-91,1762862523823
50940,1762862526214.0,0adab909-eb8f-4baf-9eed-7a4cc889cb7c,4D:25:91:A1:28:5E,,-86,1762862523823
50941,1762862526811.0,0adab909-eb8f-4baf-9eed-7a4cc889cb7c,69:7B:32:02:35:61,,-87,1762862523823
50942,1762862527433.0,0adab909-eb8f-4baf-9eed-7a4cc889cb7c,7B:0F:ED:89:A8:4C,,-67,1762862523823
50943,1762862527768.0,0adab909-eb8f-4baf-9eed-7a4cc889cb7c,53:D9:D2:6E:53:BE,,-90,1762862523823
50944,1762862528074.0,0adab909-eb8f-4baf-9eed-7a4cc889cb7c,74:E8:F7:02:0B:A7,,-90,1762862523823
50945,1762862529048.0,0adab909-eb8f-4baf-9eed-7a4cc889cb7c,62:82:50:D0:01:8C,Jabra Evolve2 65,-85,1762862523823
50946,1762862530025.0,0adab909-eb8f-4baf-9eed-7a4cc889cb7c,61:65:66:AD:F6:B3,,-69,1762862523823
50947,1762862530946.0,0adab909-eb8f-4baf-9eed-7a4cc889cb7c,4E:89:54:AE:21:BB,,-94,1762862523823
50948,1762862531891.0,0adab909-eb8f-4baf-9eed-7a4cc889cb7c,68:BF:C0:EB:6C:D8,,-83,1762862523823
50949,1762862532525.0,0adab909-eb8f-4baf-9eed-7a4cc889cb7c,2A:A0:DE:05:06:B5,,-92,1762862523823
50950,1762863198875.0,0adab909-eb8f-4baf-9eed-7a4cc889cb7c,4F:82:A4:CF:77:28,,-76,1762863198783
50951,1762863199181.0,0adab909-eb8f-4baf-9eed-7a4cc889cb7c,98:04:ED:A2:3E:1C,S295b50867b2bc14bC,-85,1762863198783
50952,1762863199548.0,0adab909-eb8f-4baf-9eed-7a4cc889cb7c,74:04:2B:9B:F4:A1,,-91,1762863198783
50953,1762863199810.0,0adab909-eb8f-4baf-9eed-7a4cc889cb7c,65:D6:4A:D5:F3:05,,-84,1762863198783
50954,1762863199828.0,0adab909-eb8f-4baf-9eed-7a4cc889cb7c,4E:30:D1:EA:3C:CA,,-70,1762863198783
50955,1762863199846.0,0adab909-eb8f-4baf-9eed-7a4cc889cb7c,7B:0F:ED:89:A8:4C,,-77,1762863198783
50956,1762863199907.0,0adab909-eb8f-4baf-9eed-7a4cc889cb7c,68:CA:C4:8A:40:9C,mbasg,-100,1762863198783
50957,1762863200178.0,0adab909-eb8f-4baf-9eed-7a4cc889cb7c,84:25:3F:A3:1F:C2,mitte-home MH22340108,-87,1762863198783
50958,1762863200460.0,0adab909-eb8f-4baf-9eed-7a4cc889cb7c,5C:05:8E:8E:95:66,,-71,1762863198783
50959,1762863200476.0,0adab909-eb8f-4baf-9eed-7a4cc889cb7c,63:97:C6:8C:5D:70,,-88,1762863198783
50960,1762863201169.0,0adab909-eb8f-4baf-9eed-7a4cc889cb7c,4F:23:E0:9B:E9:BF,,-83,1762863198783
50961,1762863201470.0,0adab909-eb8f-4baf-9eed-7a4cc889cb7c,7E:27:16:60:4C:F3,,-91,1762863198783
50962,1762863201765.0,0adab909-eb8f-4baf-9eed-7a4cc889cb7c,69:7B:32:02:35:61,,-90,1762863198783
50963,1762863202119.0,0adab909-eb8f-4baf-9eed-7a4cc889cb7c,38:5B:28:6B:59:B3,,-89,1762863198783
50964,1762863202722.0,0adab909-eb8f-4baf-9eed-7a4cc889cb7c,68:BF:C0:EB:6C:D8,,-90,1762863198783
50965,1762863203379.0,0adab909-eb8f-4baf-9eed-7a4cc889cb7c,76:BD:C2:9D:F7:91,,-89,1762863198783
50966,1762863206565.0,0adab909-eb8f-4baf-9eed-7a4cc889cb7c,66:9E:B7:1D:84:A0,Jabra Elite 45h,-85,1762863198783
50967,1762863208113.0,0adab909-eb8f-4baf-9eed-7a4cc889cb7c,61:65:66:AD:F6:B3,,-70,1762863198783
50968,1762863964691.0,0adab909-eb8f-4baf-9eed-7a4cc889cb7c,4E:30:D1:EA:3C:CA,,-79,1762863963402
50969,1762863964752.0,0adab909-eb8f-4baf-9eed-7a4cc889cb7c,7A:59:11:D9:1E:63,,-88,1762863963402
50970,1762863964871.0,0adab909-eb8f-4baf-9eed-7a4cc889cb7c,51:22:71:F4:E4:15,,-74,1762863963402
50971,1762863964907.0,0adab909-eb8f-4baf-9eed-7a4cc889cb7c,02:9F:FD:A9:07:B0,,-89,1762863963402
50972,1762863964952.0,0adab909-eb8f-4baf-9eed-7a4cc889cb7c,98:04:ED:A2:3E:1C,S295b50867b2bc14bC,-92,1762863963402
50973,1762863964996.0,0adab909-eb8f-4baf-9eed-7a4cc889cb7c,56:B2:47:1C:8E:EC,,-88,1762863963402
50974,1762863965029.0,0adab909-eb8f-4baf-9eed-7a4cc889cb7c,4F:3A:47:AF:FE:D5,,-84,1762863963402
50975,1762863965067.0,0adab909-eb8f-4baf-9eed-7a4cc889cb7c,84:25:3F:A3:1F:C2,mitte-home MH22340108,-88,1762863963402
50976,1762863965346.0,0adab909-eb8f-4baf-9eed-7a4cc889cb7c,71:79:F8:3A:C5:72,,-91,1762863963402
50977,1762863965364.0,0adab909-eb8f-4baf-9eed-7a4cc889cb7c,5E:58:54:19:E5:08,,-89,1762863963402
50978,1762863965607.0,0adab909-eb8f-4baf-9eed-7a4cc889cb7c,68:CA:C4:8A:40:9C,mbasg,-98,1762863963402
50979,1762863965677.0,0adab909-eb8f-4baf-9eed-7a4cc889cb7c,6E:36:FF:29:2E:85,,-70,1762863963402
50980,1762863966618.0,0adab909-eb8f-4baf-9eed-7a4cc889cb7c,64:EE:2B:D8:3F:30,,-89,1762863963402
50981,1762863966969.0,0adab909-eb8f-4baf-9eed-7a4cc889cb7c,3B:33:7A:60:BE:EE,,-92,1762863963402
50982,1762863967638.0,0adab909-eb8f-4baf-9eed-7a4cc889cb7c,7B:05:FB:44:2E:32,,-73,1762863963402
50983,1762863967655.0,0adab909-eb8f-4baf-9eed-7a4cc889cb7c,4B:91:8F:33:08:9E,,-79,1762863963402
50984,1762863967896.0,0adab909-eb8f-4baf-9eed-7a4cc889cb7c,52:41:E2:4F:77:20,,-88,1762863963402
50985,1762863969228.0,0adab909-eb8f-4baf-9eed-7a4cc889cb7c,7C:8E:8D:26:89:F8,,-89,1762863963402
50986,1762863970810.0,0adab909-eb8f-4baf-9eed-7a4cc889cb7c,43:F4:C9:F1:31:37,Jabra Evolve2 65,-80,1762863963402
50987,1762863971477.0,0adab909-eb8f-4baf-9eed-7a4cc889cb7c,46:2C:FC:51:B4:78,,-89,1762863963402
50988,1762863971505.0,0adab909-eb8f-4baf-9eed-7a4cc889cb7c,58:D2:A5:B5:DC:E4,,-90,1762863963402
50989,1762863974308.0,0adab909-eb8f-4baf-9eed-7a4cc889cb7c,76:0E:54:B8:1C:14,,-88,1762863963402
50990,1762864565009.0,0adab909-eb8f-4baf-9eed-7a4cc889cb7c,6E:36:FF:29:2E:85,,-72,1762864565006
50991,1762864565457.0,0adab909-eb8f-4baf-9eed-7a4cc889cb7c,84:25:3F:A3:1F:C2,mitte-home MH22340108,-85,1762864565006
50992,1762864565474.0,0adab909-eb8f-4baf-9eed-7a4cc889cb7c,74:75:39:94:01:03,,-81,1762864565006
50993,1762864565499.0,0adab909-eb8f-4baf-9eed-7a4cc889cb7c,70:AA:DA:8B:6B:E0,,-83,1762864565006
50994,1762864565787.0,0adab909-eb8f-4baf-9eed-7a4cc889cb7c,7B:05:FB:44:2E:32,,-73,1762864565006
50995,1762864566132.0,0adab909-eb8f-4baf-9eed-7a4cc889cb7c,19:5A:99:34:C1:E9,,-89,1762864565006
50996,1762864566147.0,0adab909-eb8f-4baf-9eed-7a4cc889cb7c,43:A0:86:AC:E9:E7,,-85,1762864565006
50997,1762864566368.0,0adab909-eb8f-4baf-9eed-7a4cc889cb7c,68:CA:C4:8A:40:9C,mbasg,-100,1762864565006
50998,1762864566771.0,0adab909-eb8f-4baf-9eed-7a4cc889cb7c,02:B3:B6:69:FD:4B,,-91,1762864565006
50999,1762864567105.0,0adab909-eb8f-4baf-9eed-7a4cc889cb7c,51:22:71:F4:E4:15,,-78,1762864565006
51000,1762864567122.0,0adab909-eb8f-4baf-9eed-7a4cc889cb7c,98:04:ED:A2:3E:1C,S295b50867b2bc14bC,-90,1762864565006
51001,1762864567132.0,0adab909-eb8f-4baf-9eed-7a4cc889cb7c,66:84:7F:08:D0:CB,,-86,1762864565006
51002,1762864567142.0,0adab909-eb8f-4baf-9eed-7a4cc889cb7c,58:D2:A5:B5:DC:E4,,-91,1762864565006
51003,1762864567480.0,0adab909-eb8f-4baf-9eed-7a4cc889cb7c,45:E5:73:04:9D:CD,,-85,1762864565006
51004,1762864569012.0,0adab909-eb8f-4baf-9eed-7a4cc889cb7c,64:EE:2B:D8:3F:30,,-90,1762864565006
51005,1762864569030.0,0adab909-eb8f-4baf-9eed-7a4cc889cb7c,4D:15:CA:02:E3:72,,-88,1762864565006
51006,1762864569375.0,0adab909-eb8f-4baf-9eed-7a4cc889cb7c,53:B9:EA:89:5D:C3,,-91,1762864565006
51007,1762864569619.0,0adab909-eb8f-4baf-9eed-7a4cc889cb7c,5E:58:54:19:E5:08,,-93,1762864565006
51008,1762864571962.0,0adab909-eb8f-4baf-9eed-7a4cc889cb7c,46:2C:FC:51:B4:78,,-91,1762864565006
51009,1762864573824.0,0adab909-eb8f-4baf-9eed-7a4cc889cb7c,76:0E:54:B8:1C:14,,-91,1762864565006
51010,1762865120216.0,0adab909-eb8f-4baf-9eed-7a4cc889cb7c,84:25:3F:A3:1F:C2,mitte-home MH22340108,-87,1762865120178
51011,1762865120239.0,0adab909-eb8f-4baf-9eed-7a4cc889cb7c,6B:F2:F4:B1:DA:D5,,-86,1762865120178
51012,1762865120258.0,0adab909-eb8f-4baf-9eed-7a4cc889cb7c,31:C6:F2:80:AE:A8,,-92,1762865120178
51013,1762865120272.0,0adab909-eb8f-4baf-9eed-7a4cc889cb7c,54:AD:1E:39:1D:B2,,-89,1762865120178
51014,1762865120283.0,0adab909-eb8f-4baf-9eed-7a4cc889cb7c,4C:E6:8A:D0:8B:8C,,-87,1762865120178
51015,1762865120293.0,0adab909-eb8f-4baf-9eed-7a4cc889cb7c,6D:AB:64:90:85:11,,-86,1762865120178
51016,1762865120616.0,0adab909-eb8f-4baf-9eed-7a4cc889cb7c,98:04:ED:A2:3E:1C,S295b50867b2bc14bC,-82,1762865120178
51017,1762865121150.0,0adab909-eb8f-4baf-9eed-7a4cc889cb7c,68:CA:C4:8A:40:9C,mbasg,-97,1762865120178
51018,1762865121557.0,0adab909-eb8f-4baf-9eed-7a4cc889cb7c,74:75:39:94:01:03,,-72,1762865120178
51019,1762865121900.0,0adab909-eb8f-4baf-9eed-7a4cc889cb7c,47:F6:1B:BC:88:4D,,-71,1762865120178
51020,1762865122580.0,0adab909-eb8f-4baf-9eed-7a4cc889cb7c,69:DE:83:33:13:21,,-93,1762865120178
51021,1762865122599.0,0adab909-eb8f-4baf-9eed-7a4cc889cb7c,78:96:3B:D5:EE:89,,-89,1762865120178
51022,1762865122847.0,0adab909-eb8f-4baf-9eed-7a4cc889cb7c,07:C1:9B:3E:79:C5,,-88,1762865120178
51023,1762865123262.0,0adab909-eb8f-4baf-9eed-7a4cc889cb7c,7B:2D:EB:1B:1A:B9,,-93,1762865120178
51024,1762865124450.0,0adab909-eb8f-4baf-9eed-7a4cc889cb7c,75:DB:74:8E:89:66,,-88,1762865120178
51025,1762865125358.0,0adab909-eb8f-4baf-9eed-7a4cc889cb7c,68:CA:C4:8A:40:9C,mbasg,-100,1762865120178
51026,1762865125382.0,0adab909-eb8f-4baf-9eed-7a4cc889cb7c,51:FC:C2:56:71:6E,,-94,1762865120178
51027,1762865125775.0,0adab909-eb8f-4baf-9eed-7a4cc889cb7c,70:68:52:21:E5:CC,,-83,1762865120178
51028,1762865126722.0,0adab909-eb8f-4baf-9eed-7a4cc889cb7c,6F:69:E5:AB:C4:86,,-75,1762865120178
51029,1762865127625.0,0adab909-eb8f-4baf-9eed-7a4cc889cb7c,75:79:6C:1D:D7:4E,Jabra Evolve2 65,-91,1762865120178
51030,1762865131518.0,0adab909-eb8f-4baf-9eed-7a4cc889cb7c,66:13:19:DC:1D:03,,-94,1762865120178
51031,1762865721760.0,0adab909-eb8f-4baf-9eed-7a4cc889cb7c,84:25:3F:A3:1F:C2,mitte-home MH22340108,-85,1762865721745
51032,1762865722134.0,0adab909-eb8f-4baf-9eed-7a4cc889cb7c,44:32:48:B4:BE:64,,-70,1762865721745
51033,1762865722154.0,0adab909-eb8f-4baf-9eed-7a4cc889cb7c,54:AD:1E:39:1D:B2,,-76,1762865721745
51034,1762865722169.0,0adab909-eb8f-4baf-9eed-7a4cc889cb7c,70:68:52:21:E5:CC,,-80,1762865721745
51035,1762865722183.0,0adab909-eb8f-4baf-9eed-7a4cc889cb7c,68:CA:C4:8A:40:9C,mbasg,-94,1762865721745
51036,1762865722443.0,0adab909-eb8f-4baf-9eed-7a4cc889cb7c,50:D7:30:91:F0:99,,-93,1762865721745
51037,1762865722462.0,0adab909-eb8f-4baf-9eed-7a4cc889cb7c,53:B9:EA:89:5D:C3,,-85,1762865721745
51038,1762865722475.0,0adab909-eb8f-4baf-9eed-7a4cc889cb7c,47:F6:1B:BC:88:4D,,-83,1762865721745
51039,1762865722734.0,0adab909-eb8f-4baf-9eed-7a4cc889cb7c,6F:69:E5:AB:C4:86,,-71,1762865721745
51040,1762865722749.0,0adab909-eb8f-4baf-9eed-7a4cc889cb7c,45:71:EB:56:17:50,,-88,1762865721745
51041,1762865722760.0,0adab909-eb8f-4baf-9eed-7a4cc889cb7c,98:04:ED:A2:3E:1C,S295b50867b2bc14bC,-86,1762865721745
51042,1762865723782.0,0adab909-eb8f-4baf-9eed-7a4cc889cb7c,42:F0:97:36:A1:4D,,-82,1762865721745
51043,1762865724081.0,0adab909-eb8f-4baf-9eed-7a4cc889cb7c,6E:C7:01:88:D1:D1,,-92,1762865721745
51044,1762865724095.0,0adab909-eb8f-4baf-9eed-7a4cc889cb7c,7F:0C:35:B3:66:BA,,-93,1762865721745
51045,1762865724713.0,0adab909-eb8f-4baf-9eed-7a4cc889cb7c,7B:AA:76:DE:9A:F2,,-82,1762865721745
51046,1762865725026.0,0adab909-eb8f-4baf-9eed-7a4cc889cb7c,6B:DD:9F:4C:48:AC,,-87,1762865721745
51047,1762865725671.0,0adab909-eb8f-4baf-9eed-7a4cc889cb7c,51:73:99:30:33:CB,Jabra Evolve2 65,-86,1762865721745
51048,1762865729640.0,0adab909-eb8f-4baf-9eed-7a4cc889cb7c,68:CA:C4:8A:40:9C,mbasg,-96,1762865721745
51049,1762865729836.0,0adab909-eb8f-4baf-9eed-7a4cc889cb7c,7A:A0:FE:C1:89:1B,,-92,1762865721745
51050,1762865730820.0,0adab909-eb8f-4baf-9eed-7a4cc889cb7c,39:22:D4:7A:3E:9C,,-92,1762865721745
51051,1762866320185.0,0adab909-eb8f-4baf-9eed-7a4cc889cb7c,98:04:ED:A2:3E:1C,S295b50867b2bc14bC,-87,1762866320175
51052,1762866320200.0,0adab909-eb8f-4baf-9eed-7a4cc889cb7c,61:97:AC:3E:27:4F,,-73,1762866320175
51053,1762866320596.0,0adab909-eb8f-4baf-9eed-7a4cc889cb7c,60:1D:CE:55:D3:12,,-85,1762866320175
51054,1762866320881.0,0adab909-eb8f-4baf-9eed-7a4cc889cb7c,78:96:3B:D5:EE:89,,-89,1762866320175
51055,1762866320897.0,0adab909-eb8f-4baf-9eed-7a4cc889cb7c,4E:14:5C:DC:12:74,,-73,1762866320175
51056,1762866321238.0,0adab909-eb8f-4baf-9eed-7a4cc889cb7c,44:32:48:B4:BE:64,,-74,1762866320175
51057,1762866322832.0,0adab909-eb8f-4baf-9eed-7a4cc889cb7c,84:25:3F:A3:1F:C2,mitte-home MH22340108,-86,1762866320175
51058,1762866326308.0,0adab909-eb8f-4baf-9eed-7a4cc889cb7c,51:73:99:30:33:CB,Jabra Evolve2 65,-86,1762866320175
51059,1762867005778.0,0adab909-eb8f-4baf-9eed-7a4cc889cb7c,84:25:3F:A3:1F:C2,mitte-home MH22340108,-83,1762867005728
51060,1762867005803.0,0adab909-eb8f-4baf-9eed-7a4cc889cb7c,42:6B:E5:8E:EE:37,,-65,1762867005728
51061,1762867006183.0,0adab909-eb8f-4baf-9eed-7a4cc889cb7c,61:97:AC:3E:27:4F,,-71,1762867005728
51062,1762867006430.0,0adab909-eb8f-4baf-9eed-7a4cc889cb7c,98:04:ED:A2:3E:1C,S295b50867b2bc14bC,-84,1762867005728
51063,1762867007090.0,0adab909-eb8f-4baf-9eed-7a4cc889cb7c,5A:75:9A:EE:CC:05,,-83,1762867005728
51064,1762867007403.0,0adab909-eb8f-4baf-9eed-7a4cc889cb7c,7D:F4:98:A8:6C:8D,,-80,1762867005728
51065,1762867007417.0,0adab909-eb8f-4baf-9eed-7a4cc889cb7c,56:4D:0B:E4:3F:3F,,-67,1762867005728
51066,1762867009041.0,0adab909-eb8f-4baf-9eed-7a4cc889cb7c,7D:61:43:CB:E5:44,,-88,1762867005728
51067,1762867011898.0,0adab909-eb8f-4baf-9eed-7a4cc889cb7c,40:C1:F8:4F:4F:EB,,-91,1762867005728
51068,1762867011921.0,0adab909-eb8f-4baf-9eed-7a4cc889cb7c,45:D3:F4:B4:05:38,,-88,1762867005728
51069,1762867014120.0,0adab909-eb8f-4baf-9eed-7a4cc889cb7c,60:1D:CE:55:D3:12,,-83,1762867005728
51070,1762867305051.0,0adab909-eb8f-4baf-9eed-7a4cc889cb7c,56:4D:0B:E4:3F:3F,,-75,1762867304607
51071,1762867305355.0,0adab909-eb8f-4baf-9eed-7a4cc889cb7c,42:6B:E5:8E:EE:37,,-84,1762867304607
51072,1762867305375.0,0adab909-eb8f-4baf-9eed-7a4cc889cb7c,77:CE:3F:5C:A2:C0,,-76,1762867304607
51073,1762867305635.0,0adab909-eb8f-4baf-9eed-7a4cc889cb7c,84:25:3F:A3:1F:C2,mitte-home MH22340108,-85,1762867304607
51074,1762867306006.0,0adab909-eb8f-4baf-9eed-7a4cc889cb7c,60:1D:CE:55:D3:12,,-87,1762867304607
51075,1762867308221.0,0adab909-eb8f-4baf-9eed-7a4cc889cb7c,98:04:ED:A2:3E:1C,S295b50867b2bc14bC,-85,1762867304607
51076,1762867308536.0,0adab909-eb8f-4baf-9eed-7a4cc889cb7c,56:51:11:C6:2E:07,Jabra Evolve2 65,-88,1762867304607
51077,1762867309203.0,0adab909-eb8f-4baf-9eed-7a4cc889cb7c,45:D3:F4:B4:05:38,,-85,1762867304607
51078,1762867311409.0,0adab909-eb8f-4baf-9eed-7a4cc889cb7c,7D:F4:98:A8:6C:8D,,-87,1762867304607
51079,1762867313665.0,0adab909-eb8f-4baf-9eed-7a4cc889cb7c,5B:B6:51:21:D3:80,,-85,1762867304607
51080,1762867315274.0,0adab909-eb8f-4baf-9eed-7a4cc889cb7c,5A:75:9A:EE:CC:05,,-92,1762867304607
51081,1762867315295.0,0adab909-eb8f-4baf-9eed-7a4cc889cb7c,7E:C4:BA:B8:D0:59,,-94,1762867304607
51082,1762867906108.0,0adab909-eb8f-4baf-9eed-7a4cc889cb7c,98:04:ED:A2:3E:1C,S295b50867b2bc14bC,-88,1762867905751
51083,1762867906126.0,0adab909-eb8f-4baf-9eed-7a4cc889cb7c,70:1E:86:92:E4:82,,-83,1762867905751
51084,1762867906139.0,0adab909-eb8f-4baf-9eed-7a4cc889cb7c,50:E6:E6:7D:F2:2F,,-76,1762867905751
51085,1762867906775.0,0adab909-eb8f-4baf-9eed-7a4cc889cb7c,56:4D:0B:E4:3F:3F,,-78,1762867905751
51086,1762867907118.0,0adab909-eb8f-4baf-9eed-7a4cc889cb7c,7C:1B:00:23:5F:23,,-90,1762867905751
51087,1762867907396.0,0adab909-eb8f-4baf-9eed-7a4cc889cb7c,84:25:3F:A3:1F:C2,mitte-home MH22340108,-79,1762867905751
51088,1762867907681.0,0adab909-eb8f-4baf-9eed-7a4cc889cb7c,4D:F3:54:1F:F6:08,,-90,1762867905751
51089,1762867907712.0,0adab909-eb8f-4baf-9eed-7a4cc889cb7c,77:CE:3F:5C:A2:C0,,-76,1762867905751
51090,1762867908016.0,0adab909-eb8f-4baf-9eed-7a4cc889cb7c,5B:B6:51:21:D3:80,,-82,1762867905751
51091,1762867908044.0,0adab909-eb8f-4baf-9eed-7a4cc889cb7c,75:00:3A:33:BF:F4,,-88,1762867905751
51092,1762867909010.0,0adab909-eb8f-4baf-9eed-7a4cc889cb7c,5A:2A:13:16:DC:7F,Jabra Evolve2 65,-86,1762867905751
51093,1762867910644.0,0adab909-eb8f-4baf-9eed-7a4cc889cb7c,7E:C4:BA:B8:D0:59,,-85,1762867905751
51094,1762868504884.0,0adab909-eb8f-4baf-9eed-7a4cc889cb7c,98:04:ED:A2:3E:1C,S295b50867b2bc14bC,-87,1762868504881
51095,1762868505056.0,0adab909-eb8f-4baf-9eed-7a4cc889cb7c,55:7D:BB:1D:49:00,,-75,1762868504881
51096,1762868505098.0,0adab909-eb8f-4baf-9eed-7a4cc889cb7c,52:F1:69:1E:94:29,,-81,1762868504881
51097,1762868505688.0,0adab909-eb8f-4baf-9eed-7a4cc889cb7c,6B:BD:EA:01:C3:91,,-72,1762868504881
51098,1762868505713.0,0adab909-eb8f-4baf-9eed-7a4cc889cb7c,70:1E:86:92:E4:82,,-84,1762868504881
51099,1762868505732.0,0adab909-eb8f-4baf-9eed-7a4cc889cb7c,84:25:3F:A3:1F:C2,mitte-home MH22340108,-84,1762868504881
51100,1762869123061.0,0adab909-eb8f-4baf-9eed-7a4cc889cb7c,55:7D:BB:1D:49:00,,-75,1762869122380
51101,1762869123089.0,0adab909-eb8f-4baf-9eed-7a4cc889cb7c,6B:BD:EA:01:C3:91,,-82,1762869122380
51102,1762869123107.0,0adab909-eb8f-4baf-9eed-7a4cc889cb7c,84:25:3F:A3:1F:C2,mitte-home MH22340108,-89,1762869122380
51103,1762869123443.0,0adab909-eb8f-4baf-9eed-7a4cc889cb7c,68:88:D8:A4:2E:86,,-91,1762869122380
51104,1762869124349.0,0adab909-eb8f-4baf-9eed-7a4cc889cb7c,70:BF:AB:02:E1:44,,-82,1762869122380
51105,1762869124367.0,0adab909-eb8f-4baf-9eed-7a4cc889cb7c,54:B5:D3:A2:0F:F5,,-90,1762869122380
51106,1762869125673.0,0adab909-eb8f-4baf-9eed-7a4cc889cb7c,98:04:ED:A2:3E:1C,S295b50867b2bc14bC,-88,1762869122380
51107,1762869128193.0,0adab909-eb8f-4baf-9eed-7a4cc889cb7c,73:27:8B:84:F1:0A,,-74,1762869122380
51108,1762869985626.0,0adab909-eb8f-4baf-9eed-7a4cc889cb7c,84:25:3F:A3:1F:C2,mitte-home MH22340108,-86,1762869985620
51109,1762869985659.0,0adab909-eb8f-4baf-9eed-7a4cc889cb7c,68:88:D8:A4:2E:86,,-82,1762869985620
51110,1762869985682.0,0adab909-eb8f-4baf-9eed-7a4cc889cb7c,98:04:ED:A2:3E:1C,S295b50867b2bc14bC,-94,1762869985620
51111,1762869986039.0,0adab909-eb8f-4baf-9eed-7a4cc889cb7c,59:3B:2B:54:31:B7,,-68,1762869985620
51112,1762869988196.0,0adab909-eb8f-4baf-9eed-7a4cc889cb7c,4E:2F:97:66:A0:4C,,-70,1762869985620
51113,1762869988533.0,0adab909-eb8f-4baf-9eed-7a4cc889cb7c,6A:C1:D2:BD:89:D7,,-79,1762869985620
51114,1762869988557.0,0adab909-eb8f-4baf-9eed-7a4cc889cb7c,58:B1:89:2A:68:15,,-78,1762869985620
51115,1762869990766.0,0adab909-eb8f-4baf-9eed-7a4cc889cb7c,64:18:B1:9A:0E:24,,-89,1762869985620
51116,1762870286004.0,0adab909-eb8f-4baf-9eed-7a4cc889cb7c,6A:C1:D2:BD:89:D7,,-71,1762870285583
51117,1762870286361.0,0adab909-eb8f-4baf-9eed-7a4cc889cb7c,84:25:3F:A3:1F:C2,mitte-home MH22340108,-83,1762870285583
51118,1762870287284.0,0adab909-eb8f-4baf-9eed-7a4cc889cb7c,59:3B:2B:54:31:B7,,-71,1762870285583
51119,1762870287962.0,0adab909-eb8f-4baf-9eed-7a4cc889cb7c,71:74:A1:02:BC:AE,,-92,1762870285583
51120,1762870288309.0,0adab909-eb8f-4baf-9eed-7a4cc889cb7c,58:B1:89:2A:68:15,,-86,1762870285583
51121,1762870288540.0,0adab909-eb8f-4baf-9eed-7a4cc889cb7c,7A:65:14:02:DA:CD,,-89,1762870285583
51122,1762870291126.0,0adab909-eb8f-4baf-9eed-7a4cc889cb7c,98:04:ED:A2:3E:1C,S295b50867b2bc14bC,-88,1762870285583
51123,1762870293095.0,0adab909-eb8f-4baf-9eed-7a4cc889cb7c,44:AF:D6:4A:1A:42,,-91,1762870285583
51124,1762870934172.0,0adab909-eb8f-4baf-9eed-7a4cc889cb7c,7D:46:B4:18:5E:09,,-81,1762870933778
51125,1762870935169.0,0adab909-eb8f-4baf-9eed-7a4cc889cb7c,84:25:3F:A3:1F:C2,mitte-home MH22340108,-90,1762870933778
51126,1762870935196.0,0adab909-eb8f-4baf-9eed-7a4cc889cb7c,59:3B:2B:54:31:B7,,-71,1762870933778
51127,1762870938963.0,0adab909-eb8f-4baf-9eed-7a4cc889cb7c,44:34:61:8B:71:71,,-90,1762870933778
51128,1762870938995.0,0adab909-eb8f-4baf-9eed-7a4cc889cb7c,7A:65:14:02:DA:CD,,-87,1762870933778
51129,1762870939947.0,0adab909-eb8f-4baf-9eed-7a4cc889cb7c,98:04:ED:A2:3E:1C,S295b50867b2bc14bC,-90,1762870933778
51130,1762870946028.0,0adab909-eb8f-4baf-9eed-7a4cc889cb7c,4E:2F:97:66:A0:4C,,-79,1762870933778
51131,1762871534194.0,0adab909-eb8f-4baf-9eed-7a4cc889cb7c,78:92:2A:C5:C5:AA,,-90,1762871533775
51132,1762871534226.0,0adab909-eb8f-4baf-9eed-7a4cc889cb7c,98:04:ED:A2:3E:1C,S295b50867b2bc14bC,-87,1762871533775
51133,1762871534516.0,0adab909-eb8f-4baf-9eed-7a4cc889cb7c,44:34:61:8B:71:71,,-77,1762871533775
51134,1762871534863.0,0adab909-eb8f-4baf-9eed-7a4cc889cb7c,4D:B3:5B:7C:13:E8,,-55,1762871533775
51135,1762871535133.0,0adab909-eb8f-4baf-9eed-7a4cc889cb7c,84:25:3F:A3:1F:C2,mitte-home MH22340108,-81,1762871533775
51136,1762871537748.0,0adab909-eb8f-4baf-9eed-7a4cc889cb7c,78:D5:BE:5F:44:1F,,-61,1762871533775
51137,1762871539960.0,0adab909-eb8f-4baf-9eed-7a4cc889cb7c,76:15:5D:19:27:4E,,-86,1762871533775
51138,1762871546361.0,0adab909-eb8f-4baf-9eed-7a4cc889cb7c,6E:0E:8E:53:69:8E,,-92,1762871533775
51139,1762872133797.0,0adab909-eb8f-4baf-9eed-7a4cc889cb7c,4D:B3:5B:7C:13:E8,,-58,1762872133737
51140,1762872134162.0,0adab909-eb8f-4baf-9eed-7a4cc889cb7c,84:25:3F:A3:1F:C2,mitte-home MH22340108,-86,1762872133737
51141,1762872134183.0,0adab909-eb8f-4baf-9eed-7a4cc889cb7c,98:04:ED:A2:3E:1C,S295b50867b2bc14bC,-90,1762872133737
51142,1762872135124.0,0adab909-eb8f-4baf-9eed-7a4cc889cb7c,76:15:5D:19:27:4E,,-90,1762872133737
51143,1762872136717.0,0adab909-eb8f-4baf-9eed-7a4cc889cb7c,78:D5:BE:5F:44:1F,,-61,1762872133737
51144,1762872138011.0,0adab909-eb8f-4baf-9eed-7a4cc889cb7c,42:23:53:84:EE:0F,,-76,1762872133737
51145,1762872964850.0,0adab909-eb8f-4baf-9eed-7a4cc889cb7c,5A:A0:E9:93:CF:8F,,-88,1762872964832
51146,1762872964878.0,0adab909-eb8f-4baf-9eed-7a4cc889cb7c,42:23:53:84:EE:0F,,-73,1762872964832
51147,1762872965241.0,0adab909-eb8f-4baf-9eed-7a4cc889cb7c,98:04:ED:A2:3E:1C,S295b50867b2bc14bC,-88,1762872964832
51148,1762872966479.0,0adab909-eb8f-4baf-9eed-7a4cc889cb7c,75:DE:D9:9B:D4:01,,-58,1762872964832
51149,1762872967517.0,0adab909-eb8f-4baf-9eed-7a4cc889cb7c,84:25:3F:A3:1F:C2,mitte-home MH22340108,-83,1762872964832
51150,1762872970665.0,0adab909-eb8f-4baf-9eed-7a4cc889cb7c,49:BD:C4:BC:8E:CE,,-60,1762872964832
51151,1762873565541.0,0adab909-eb8f-4baf-9eed-7a4cc889cb7c,84:25:3F:A3:1F:C2,mitte-home MH22340108,-88,1762873564818
51152,1762873565884.0,0adab909-eb8f-4baf-9eed-7a4cc889cb7c,7A:86:57:2E:C0:51,,-73,1762873564818
51153,1762873565905.0,0adab909-eb8f-4baf-9eed-7a4cc889cb7c,64:92:53:99:B9:CD,,-74,1762873564818
51154,1762873566173.0,0adab909-eb8f-4baf-9eed-7a4cc889cb7c,5A:A0:E9:93:CF:8F,,-83,1762873564818
51155,1762873568149.0,0adab909-eb8f-4baf-9eed-7a4cc889cb7c,98:04:ED:A2:3E:1C,S295b50867b2bc14bC,-86,1762873564818
51156,1762874164898.0,0adab909-eb8f-4baf-9eed-7a4cc889cb7c,56:98:85:95:1A:5E,,-85,1762874164852
51157,1762874165242.0,0adab909-eb8f-4baf-9eed-7a4cc889cb7c,53:38:E4:01:CA:D8,,-86,1762874164852
51158,1762874165259.0,0adab909-eb8f-4baf-9eed-7a4cc889cb7c,64:92:53:99:B9:CD,,-81,1762874164852
51159,1762874165430.0,0adab909-eb8f-4baf-9eed-7a4cc889cb7c,68:CA:C4:8A:40:9C,mbasg,-100,1762874164852
51160,1762874165538.0,0adab909-eb8f-4baf-9eed-7a4cc889cb7c,84:25:3F:A3:1F:C2,mitte-home MH22340108,-82,1762874164852
51161,1762874165896.0,0adab909-eb8f-4baf-9eed-7a4cc889cb7c,74:9D:04:20:E3:07,,-87,1762874164852
51162,1762874165918.0,0adab909-eb8f-4baf-9eed-7a4cc889cb7c,7C:9D:24:7F:BB:69,,-91,1762874164852
51163,1762874165933.0,0adab909-eb8f-4baf-9eed-7a4cc889cb7c,7F:87:8F:09:05:D2,,-89,1762874164852
51164,1762874166254.0,0adab909-eb8f-4baf-9eed-7a4cc889cb7c,54:95:96:54:EB:1C,,-82,1762874164852
51165,1762874166836.0,0adab909-eb8f-4baf-9eed-7a4cc889cb7c,74:E0:A6:6B:8C:8D,,-92,1762874164852
51166,1762874167249.0,0adab909-eb8f-4baf-9eed-7a4cc889cb7c,98:04:ED:A2:3E:1C,S295b50867b2bc14bC,-88,1762874164852
51167,1762874167878.0,0adab909-eb8f-4baf-9eed-7a4cc889cb7c,69:A5:77:D2:51:3A,,-93,1762874164852
51168,1762874168269.0,0adab909-eb8f-4baf-9eed-7a4cc889cb7c,68:CA:C4:8A:40:9C,mbasg,-100,1762874164852
51169,1762874168808.0,0adab909-eb8f-4baf-9eed-7a4cc889cb7c,62:0A:1D:9C:CF:EA,,-94,1762874164852
51170,1762874169775.0,0adab909-eb8f-4baf-9eed-7a4cc889cb7c,48:08:38:C5:46:1D,,-90,1762874164852
51171,1762874171699.0,0adab909-eb8f-4baf-9eed-7a4cc889cb7c,76:27:55:2E:C1:62,,-84,1762874164852
51172,1762874172628.0,0adab909-eb8f-4baf-9eed-7a4cc889cb7c,78:74:45:F7:EC:1A,,-85,1762874164852
51173,1762874476496.0,0adab909-eb8f-4baf-9eed-7a4cc889cb7c,98:04:ED:A2:3E:1C,S295b50867b2bc14bC,-76,1762874476451
51174,1762874476519.0,0adab909-eb8f-4baf-9eed-7a4cc889cb7c,84:25:3F:A3:1F:C2,mitte-home MH22340108,-67,1762874476451
51175,1762874476842.0,0adab909-eb8f-4baf-9eed-7a4cc889cb7c,00:CE:BE:3E:84:43,,-80,1762874476451
51176,1762874477193.0,0adab909-eb8f-4baf-9eed-7a4cc889cb7c,6F:C9:0C:22:91:9E,,-76,1762874476451
51177,1762874477234.0,0adab909-eb8f-4baf-9eed-7a4cc889cb7c,5D:2C:62:67:76:19,,-76,1762874476451
51178,1762874482604.0,0adab909-eb8f-4baf-9eed-7a4cc889cb7c,75:57:22:82:A5:03,,-69,1762874476451
51179,1762874485232.0,0adab909-eb8f-4baf-9eed-7a4cc889cb7c,05:44:63:38:8C:44,,-93,1762874476451
51180,1762874489331.0,0adab909-eb8f-4baf-9eed-7a4cc889cb7c,10:23:EA:CE:90:3C,,-78,1762874476451
51181,1762874489374.0,0adab909-eb8f-4baf-9eed-7a4cc889cb7c,D2:03:89:E7:39:80,,-70,1762874476451
51182,1762874489396.0,0adab909-eb8f-4baf-9eed-7a4cc889cb7c,98:04:ED:A2:3E:1C,S295b50867b2bc14bC,-75,1762874476451
51183,1762874489414.0,0adab909-eb8f-4baf-9eed-7a4cc889cb7c,00:CE:BE:3E:84:43,,-75,1762874476451
51184,1762874489430.0,0adab909-eb8f-4baf-9eed-7a4cc889cb7c,38:24:FA:9F:3A:7B,,-79,1762874476451
51185,1762874489448.0,0adab909-eb8f-4baf-9eed-7a4cc889cb7c,18:21:67:3B:96:AA,,-88,1762874476451
51186,1762874489469.0,0adab909-eb8f-4baf-9eed-7a4cc889cb7c,06:4A:06:05:91:15,,-78,1762874476451
51187,1762874489489.0,0adab909-eb8f-4baf-9eed-7a4cc889cb7c,84:25:3F:A3:1F:C2,mitte-home MH22340108,-69,1762874476451
51188,1762874489507.0,0adab909-eb8f-4baf-9eed-7a4cc889cb7c,75:57:22:82:A5:03,,-70,1762874476451
51189,1762874489528.0,0adab909-eb8f-4baf-9eed-7a4cc889cb7c,6F:C9:0C:22:91:9E,,-84,1762874476451
51190,1762874489546.0,0adab909-eb8f-4baf-9eed-7a4cc889cb7c,03:DD:D6:FC:27:31,,-70,1762874476451
51191,1762874490500.0,0adab909-eb8f-4baf-9eed-7a4cc889cb7c,2B:E6:2F:C9:1C:4A,,-76,1762874476451
51192,1762874490538.0,0adab909-eb8f-4baf-9eed-7a4cc889cb7c,4E:DE:B0:A5:41:DD,LE-Bose QC45,-70,1762874476451
51193,1762874490583.0,0adab909-eb8f-4baf-9eed-7a4cc889cb7c,11:B0:94:29:9E:9A,,-94,1762874476451
51194,1762874491346.0,0adab909-eb8f-4baf-9eed-7a4cc889cb7c,06:5E:9C:AC:B1:61,,-88,1762874476451
51195,1762874491382.0,0adab909-eb8f-4baf-9eed-7a4cc889cb7c,EC:2B:B7:7D:D9:EA,,-80,1762874476451
51196,1762874491408.0,0adab909-eb8f-4baf-9eed-7a4cc889cb7c,19:DF:F8:F3:26:F0,,-92,1762874476451
51197,1762874491495.0,0adab909-eb8f-4baf-9eed-7a4cc889cb7c,5D:2C:62:67:76:19,,-76,1762874476451
51198,1762874492328.0,0adab909-eb8f-4baf-9eed-7a4cc889cb7c,10:23:EA:CE:90:3C,,-77,1762874476451
51199,1762875119748.0,0adab909-eb8f-4baf-9eed-7a4cc889cb7c,53:C2:78:9F:AB:15,,-84,1762875119624
51200,1762875120058.0,0adab909-eb8f-4baf-9eed-7a4cc889cb7c,AC:B2:FD:4A:08:B3,S0dfc04d10348bcc6C,-81,1762875119624
51201,1762875120085.0,0adab909-eb8f-4baf-9eed-7a4cc889cb7c,64:8C:6D:5D:C0:C2,,-87,1762875119624
51202,1762875120342.0,0adab909-eb8f-4baf-9eed-7a4cc889cb7c,C0:28:8D:37:89:73,,-83,1762875119624
51203,1762875120694.0,0adab909-eb8f-4baf-9eed-7a4cc889cb7c,72:4A:D4:F7:45:02,,-87,1762875119624
51204,1762875120786.0,0adab909-eb8f-4baf-9eed-7a4cc889cb7c,44:4C:C4:6B:A6:98,,-85,1762875119624
51205,1762875120987.0,0adab909-eb8f-4baf-9eed-7a4cc889cb7c,5C:01:3B:3B:D4:B2,,-82,1762875119624
51206,1762875121032.0,0adab909-eb8f-4baf-9eed-7a4cc889cb7c,5C:60:BA:9B:0A:FC,,-81,1762875119624
51207,1762875121318.0,0adab909-eb8f-4baf-9eed-7a4cc889cb7c,62:F3:76:76:98:27,,-84,1762875119624
51208,1762875121934.0,0adab909-eb8f-4baf-9eed-7a4cc889cb7c,74:D0:5F:C0:70:66,,-73,1762875119624
51209,1762875121972.0,0adab909-eb8f-4baf-9eed-7a4cc889cb7c,4E:70:37:76:3D:46,,-81,1762875119624
51210,1762875124210.0,0adab909-eb8f-4baf-9eed-7a4cc889cb7c,7F:40:EB:48:C6:19,,-89,1762875119624
51211,1762875125911.0,0adab909-eb8f-4baf-9eed-7a4cc889cb7c,5F:C6:E4:76:9A:E7,,-88,1762875119624
51212,1762875126081.0,0adab909-eb8f-4baf-9eed-7a4cc889cb7c,43:29:8D:3F:69:19,Jabra Evolve2 65,-93,1762875119624
51213,1762875126170.0,0adab909-eb8f-4baf-9eed-7a4cc889cb7c,44:9A:EA:E0:2B:99,,-93,1762875119624
51214,1762875126439.0,0adab909-eb8f-4baf-9eed-7a4cc889cb7c,73:BB:04:75:13:A4,,-93,1762875119624
51215,1762875126858.0,0adab909-eb8f-4baf-9eed-7a4cc889cb7c,14:52:68:DE:4F:15,,-90,1762875119624
51216,1762875127613.0,0adab909-eb8f-4baf-9eed-7a4cc889cb7c,00:00:AB:CD:17:9D,Airdopes 621,-66,1762875119624
51217,1762875127749.0,0adab909-eb8f-4baf-9eed-7a4cc889cb7c,5E:5A:0E:58:5D:E5,,-88,1762875119624
51218,1762875128406.0,0adab909-eb8f-4baf-9eed-7a4cc889cb7c,68:4B:D1:10:9D:DF,,-92,1762875119624
51219,1762875132519.0,0adab909-eb8f-4baf-9eed-7a4cc889cb7c,25:CF:A9:8C:56:28,,-87,1762875119624
51220,1762875132566.0,0adab909-eb8f-4baf-9eed-7a4cc889cb7c,30:41:D9:96:B4:21,,-86,1762875119624
51221,1762875132597.0,0adab909-eb8f-4baf-9eed-7a4cc889cb7c,3F:07:5E:82:3D:33,,-89,1762875119624
51222,1762875132626.0,0adab909-eb8f-4baf-9eed-7a4cc889cb7c,0C:82:51:75:A3:FB,,-91,1762875119624
51223,1762875132664.0,0adab909-eb8f-4baf-9eed-7a4cc889cb7c,CA:B3:9A:5C:64:F0,,-94,1762875119624
51224,1762875132697.0,0adab909-eb8f-4baf-9eed-7a4cc889cb7c,33:5C:18:9B:0F:1A,,-88,1762875119624
51225,1762875132731.0,0adab909-eb8f-4baf-9eed-7a4cc889cb7c,02:20:DE:6C:DD:B2,,-88,1762875119624
51226,1762875132761.0,0adab909-eb8f-4baf-9eed-7a4cc889cb7c,0C:9C:CD:B3:8A:B2,,-93,1762875119624
51227,1762875132799.0,0adab909-eb8f-4baf-9eed-7a4cc889cb7c,08:02:27:B8:B0:A5,,-89,1762875119624
51228,1762875132834.0,0adab909-eb8f-4baf-9eed-7a4cc889cb7c,33:C1:91:D9:4F:0B,,-90,1762875119624
51229,1762875132866.0,0adab909-eb8f-4baf-9eed-7a4cc889cb7c,26:62:F3:91:1D:BB,,-85,1762875119624
51230,1762875132897.0,0adab909-eb8f-4baf-9eed-7a4cc889cb7c,20:42:0B:64:1E:51,,-86,1762875119624
51231,1762875132932.0,0adab909-eb8f-4baf-9eed-7a4cc889cb7c,4E:70:37:76:3D:46,,-79,1762875119624
51232,1762875132992.0,0adab909-eb8f-4baf-9eed-7a4cc889cb7c,D0:D0:03:6C:42:0F,,-92,1762875119624
51233,1762875133020.0,0adab909-eb8f-4baf-9eed-7a4cc889cb7c,F2:68:34:64:E1:A9,,-96,1762875119624
51234,1762875133485.0,0adab909-eb8f-4baf-9eed-7a4cc889cb7c,3C:A9:E7:59:E1:96,,-86,1762875119624
51235,1762875133520.0,0adab909-eb8f-4baf-9eed-7a4cc889cb7c,34:7A:85:EB:37:44,,-86,1762875119624
51236,1762875133553.0,0adab909-eb8f-4baf-9eed-7a4cc889cb7c,05:71:38:39:0F:A1,,-91,1762875119624
51237,1762875133585.0,0adab909-eb8f-4baf-9eed-7a4cc889cb7c,AC:B2:FD:4A:08:B3,S0dfc04d10348bcc6C,-91,1762875119624
51238,1762875133619.0,0adab909-eb8f-4baf-9eed-7a4cc889cb7c,03:2F:51:07:09:0E,,-88,1762875119624
51239,1762875133652.0,0adab909-eb8f-4baf-9eed-7a4cc889cb7c,C6:CB:96:F0:5A:DA,,-90,1762875119624
51240,1762875133683.0,0adab909-eb8f-4baf-9eed-7a4cc889cb7c,5C:01:3B:3B:D4:B2,,-93,1762875119624
51241,1762875133718.0,0adab909-eb8f-4baf-9eed-7a4cc889cb7c,10:39:A5:2C:F6:9D,,-90,1762875119624
51242,1762875133754.0,0adab909-eb8f-4baf-9eed-7a4cc889cb7c,1C:0A:BC:30:72:E9,,-90,1762875119624
51243,1762875133789.0,0adab909-eb8f-4baf-9eed-7a4cc889cb7c,1F:05:42:DF:95:76,,-83,1762875119624
51244,1762875133822.0,0adab909-eb8f-4baf-9eed-7a4cc889cb7c,19:6B:21:91:B9:2B,,-91,1762875119624
51245,1762875133855.0,0adab909-eb8f-4baf-9eed-7a4cc889cb7c,74:D0:5F:C0:70:66,,-84,1762875119624
51246,1762875133893.0,0adab909-eb8f-4baf-9eed-7a4cc889cb7c,F0:70:4F:7B:2F:D9,,-75,1762875119624
51247,1762875133933.0,0adab909-eb8f-4baf-9eed-7a4cc889cb7c,39:16:92:CF:4C:36,,-94,1762875119624
51248,1762875133966.0,0adab909-eb8f-4baf-9eed-7a4cc889cb7c,7F:40:EB:48:C6:19,,-87,1762875119624
51249,1762875133996.0,0adab909-eb8f-4baf-9eed-7a4cc889cb7c,12:57:72:36:E9:83,,-83,1762875119624
51250,1762875134609.0,0adab909-eb8f-4baf-9eed-7a4cc889cb7c,3B:6E:04:E2:FC:26,,-88,1762875119624
51251,1762875134816.0,0adab909-eb8f-4baf-9eed-7a4cc889cb7c,5B:0D:9C:69:03:A2,,-94,1762875119624
51252,1762875134848.0,0adab909-eb8f-4baf-9eed-7a4cc889cb7c,D4:B9:2D:EF:48:E3,,-89,1762875119624
51253,1762875695772.0,0adab909-eb8f-4baf-9eed-7a4cc889cb7c,72:CE:89:66:D6:F8,,-87,1762875695674
51254,1762875696434.0,0adab909-eb8f-4baf-9eed-7a4cc889cb7c,17:A4:64:67:4E:D5,,-78,1762875695674
51255,1762875696467.0,0adab909-eb8f-4baf-9eed-7a4cc889cb7c,7A:24:6E:85:DD:F1,,-79,1762875695674
51256,1762875696667.0,0adab909-eb8f-4baf-9eed-7a4cc889cb7c,42:20:42:49:52:E8,,-82,1762875695674
51257,1762875696694.0,0adab909-eb8f-4baf-9eed-7a4cc889cb7c,5E:25:26:00:4E:34,,-88,1762875695674
51258,1762875697340.0,0adab909-eb8f-4baf-9eed-7a4cc889cb7c,61:BE:C9:0A:7E:0C,,-71,1762875695674
51259,1762875698360.0,0adab909-eb8f-4baf-9eed-7a4cc889cb7c,54:62:42:E8:42:81,,-91,1762875695674
51260,1762875698681.0,0adab909-eb8f-4baf-9eed-7a4cc889cb7c,79:CC:3E:6C:97:BA,,-73,1762875695674
51261,1762875699038.0,0adab909-eb8f-4baf-9eed-7a4cc889cb7c,7F:53:CF:8E:04:C7,,-79,1762875695674
51262,1762875699127.0,0adab909-eb8f-4baf-9eed-7a4cc889cb7c,46:4A:46:25:10:BF,,-100,1762875695674
51263,1762875700065.0,0adab909-eb8f-4baf-9eed-7a4cc889cb7c,43:C7:35:E8:27:05,,-92,1762875695674
51264,1762875700532.0,0adab909-eb8f-4baf-9eed-7a4cc889cb7c,4F:91:0C:31:7A:29,,-90,1762875695674
51265,1762875700669.0,0adab909-eb8f-4baf-9eed-7a4cc889cb7c,E4:52:1E:40:39:87,S4fab57502bfc052dC,-85,1762875695674
51266,1762875702583.0,0adab909-eb8f-4baf-9eed-7a4cc889cb7c,38:C6:46:CA:A2:97,,-92,1762875695674
51267,1762875702612.0,0adab909-eb8f-4baf-9eed-7a4cc889cb7c,3E:07:14:C9:C1:AF,,-62,1762875695674
51268,1762875702864.0,0adab909-eb8f-4baf-9eed-7a4cc889cb7c,6D:1E:CC:D4:92:AC,,-82,1762875695674
51269,1762875703079.0,0adab909-eb8f-4baf-9eed-7a4cc889cb7c,73:C6:88:49:39:61,,-88,1762875695674
51270,1762875703830.0,0adab909-eb8f-4baf-9eed-7a4cc889cb7c,57:D8:45:E3:6B:D5,,-85,1762875695674
51271,1762875705489.0,0adab909-eb8f-4baf-9eed-7a4cc889cb7c,60:A1:79:E1:4B:6F,,-82,1762875695674
51272,1762875707262.0,0adab909-eb8f-4baf-9eed-7a4cc889cb7c,5D:FD:2D:17:A5:52,,-78,1762875695674
51273,1762875707400.0,0adab909-eb8f-4baf-9eed-7a4cc889cb7c,22:8C:F6:AF:9F:FE,,-85,1762875695674
51274,1762875708091.0,0adab909-eb8f-4baf-9eed-7a4cc889cb7c,5C:65:CA:37:D8:56,,-91,1762875695674
51275,1762875708243.0,0adab909-eb8f-4baf-9eed-7a4cc889cb7c,2E:39:D4:E4:19:09,,-89,1762875695674
51276,1762875709554.0,0adab909-eb8f-4baf-9eed-7a4cc889cb7c,46:4A:46:25:10:BF,Joel,-100,1762875695674
51277,1762875709626.0,0adab909-eb8f-4baf-9eed-7a4cc889cb7c,57:D8:45:E3:6B:D5,,-83,1762875695674
51278,1762875709660.0,0adab909-eb8f-4baf-9eed-7a4cc889cb7c,7A:24:6E:85:DD:F1,,-80,1762875695674
51279,1762875709870.0,0adab909-eb8f-4baf-9eed-7a4cc889cb7c,2E:39:D4:E4:19:09,,-90,1762875695674
51280,1762875709944.0,0adab909-eb8f-4baf-9eed-7a4cc889cb7c,79:CC:3E:6C:97:BA,,-62,1762875695674
51281,1762875710774.0,0adab909-eb8f-4baf-9eed-7a4cc889cb7c,C5:F5:35:D2:9D:3E,,-77,1762875695674
51282,1762875710838.0,0adab909-eb8f-4baf-9eed-7a4cc889cb7c,6D:1E:CC:D4:92:AC,,-82,1762875695674
51283,1762875712004.0,0adab909-eb8f-4baf-9eed-7a4cc889cb7c,7F:53:CF:8E:04:C7,,-81,1762875695674
51284,1762876326695.0,0adab909-eb8f-4baf-9eed-7a4cc889cb7c,A4:C1:38:4A:E7:A9,ihoment_H6181_E7A9,-82,1762876326615
51285,1762876326852.0,0adab909-eb8f-4baf-9eed-7a4cc889cb7c,84:C0:EF:3B:6E:FF,,-99,1762876326615
51286,1762876327008.0,0adab909-eb8f-4baf-9eed-7a4cc889cb7c,44:6A:20:B6:BB:5A,,-72,1762876326615
51287,1762876327197.0,0adab909-eb8f-4baf-9eed-7a4cc889cb7c,C3:5A:85:52:86:B5,,-100,1762876326615
51288,1762876327412.0,0adab909-eb8f-4baf-9eed-7a4cc889cb7c,52:58:6B:9E:3A:BB,,-79,1762876326615
51289,1762876327473.0,0adab909-eb8f-4baf-9eed-7a4cc889cb7c,63:CE:3F:0A:EE:A0,,-88,1762876326615
51290,1762876327497.0,0adab909-eb8f-4baf-9eed-7a4cc889cb7c,84:C0:EF:3B:6E:FF,[TV] Samsung 6 Series (50),-78,1762876326615
51291,1762876327559.0,0adab909-eb8f-4baf-9eed-7a4cc889cb7c,49:CF:58:F0:50:80,,-89,1762876326615
51292,1762876327684.0,0adab909-eb8f-4baf-9eed-7a4cc889cb7c,76:94:15:7C:D7:33,,-95,1762876326615
51293,1762876328105.0,0adab909-eb8f-4baf-9eed-7a4cc889cb7c,BE:89:E0:04:29:48,ELK-BLEDOM   ,-82,1762876326615
51294,1762876328332.0,0adab909-eb8f-4baf-9eed-7a4cc889cb7c,39:74:42:EC:76:4C,,-75,1762876326615
51295,1762876328905.0,0adab909-eb8f-4baf-9eed-7a4cc889cb7c,30:AF:7E:D8:AB:BC,Grundfos,-90,1762876326615
51296,1762876329228.0,0adab909-eb8f-4baf-9eed-7a4cc889cb7c,60:FE:AF:67:CC:54,,-83,1762876326615
51297,1762876329386.0,0adab909-eb8f-4baf-9eed-7a4cc889cb7c,3E:B2:E9:E0:A6:22,,-83,1762876326615
51298,1762876329640.0,0adab909-eb8f-4baf-9eed-7a4cc889cb7c,4C:16:45:1B:26:05,,-85,1762876326615
51299,1762876329672.0,0adab909-eb8f-4baf-9eed-7a4cc889cb7c,34:97:EE:03:23:A8,,-88,1762876326615
51300,1762876329702.0,0adab909-eb8f-4baf-9eed-7a4cc889cb7c,6A:8F:EF:DA:AC:14,,-78,1762876326615
51301,1762876330238.0,0adab909-eb8f-4baf-9eed-7a4cc889cb7c,60:74:F4:72:13:E3,ihoment_H6006_13E3,-79,1762876326615
51302,1762876330273.0,0adab909-eb8f-4baf-9eed-7a4cc889cb7c,75:F2:37:31:E6:32,,-84,1762876326615
51303,1762876330940.0,0adab909-eb8f-4baf-9eed-7a4cc889cb7c,3B:77:B0:5B:1F:95,,-81,1762876326615
51304,1762876331266.0,0adab909-eb8f-4baf-9eed-7a4cc889cb7c,71:04:20:CA:6B:2D,,-81,1762876326615
51305,1762876331350.0,0adab909-eb8f-4baf-9eed-7a4cc889cb7c,58:0C:FF:2B:D2:69,,-87,1762876326615
51306,1762876331434.0,0adab909-eb8f-4baf-9eed-7a4cc889cb7c,F4:1A:7A:CE:E0:E3,1K1DA2502P2040,-84,1762876326615
51307,1762876331810.0,0adab909-eb8f-4baf-9eed-7a4cc889cb7c,60:74:F4:70:E2:CF,ihoment_H6006_E2CF,-86,1762876326615
51308,1762876331874.0,0adab909-eb8f-4baf-9eed-7a4cc889cb7c,5A:82:C5:00:60:82,,-89,1762876326615
51309,1762876331906.0,0adab909-eb8f-4baf-9eed-7a4cc889cb7c,5A:52:04:AA:DE:FB,,-94,1762876326615
51310,1762876332158.0,0adab909-eb8f-4baf-9eed-7a4cc889cb7c,C6:38:32:34:76:36,Govee_H61BE_7636,-82,1762876326615
51311,1762876332183.0,0adab909-eb8f-4baf-9eed-7a4cc889cb7c,7B:67:F8:8F:A6:88,,-89,1762876326615
51312,1762876332271.0,0adab909-eb8f-4baf-9eed-7a4cc889cb7c,6A:06:D1:C5:47:89,,-86,1762876326615
51313,1762876333001.0,0adab909-eb8f-4baf-9eed-7a4cc889cb7c,44:64:0D:C5:14:0B,,-89,1762876326615
51314,1762876333910.0,0adab909-eb8f-4baf-9eed-7a4cc889cb7c,70:97:41:86:E3:7D,,-94,1762876326615
51315,1762876335099.0,0adab909-eb8f-4baf-9eed-7a4cc889cb7c,60:8B:4D:9A:0F:B6,,-78,1762876326615
51316,1762876335185.0,0adab909-eb8f-4baf-9eed-7a4cc889cb7c,70:06:01:24:D1:C0,,-90,1762876326615
51317,1762876335216.0,0adab909-eb8f-4baf-9eed-7a4cc889cb7c,60:74:F4:A1:6E:4B,GBK_H6168_6E4B,-81,1762876326615
51318,1762876335293.0,0adab909-eb8f-4baf-9eed-7a4cc889cb7c,00:60:37:6C:A5:DB,DTCO-SB G 188     ,-90,1762876326615
51319,1762876336831.0,0adab909-eb8f-4baf-9eed-7a4cc889cb7c,6F:6F:6E:A3:5A:FE,,-87,1762876326615
51320,1762876336861.0,0adab909-eb8f-4baf-9eed-7a4cc889cb7c,4E:58:9C:B7:2B:9C,,-91,1762876326615
51321,1762876336888.0,0adab909-eb8f-4baf-9eed-7a4cc889cb7c,4D:AC:A7:B0:1D:28,,-92,1762876326615
51322,1762876336995.0,0adab909-eb8f-4baf-9eed-7a4cc889cb7c,13:3D:46:48:6F:CF,,-84,1762876326615
51323,1762876337111.0,0adab909-eb8f-4baf-9eed-7a4cc889cb7c,62:45:97:F8:A8:59,,-85,1762876326615
51324,1762876337825.0,0adab909-eb8f-4baf-9eed-7a4cc889cb7c,70:97:41:86:E3:7D,[LG] webOS TV OLED65B19LA,-100,1762876326615
51325,1762876338742.0,0adab909-eb8f-4baf-9eed-7a4cc889cb7c,1A:8C:B8:70:B0:96,,-86,1762876326615
51326,1762876338954.0,0adab909-eb8f-4baf-9eed-7a4cc889cb7c,52:80:89:36:FD:6D,,-78,1762876326615
51327,1762876346296.0,0adab909-eb8f-4baf-9eed-7a4cc889cb7c,6A:06:D1:C5:47:89,,-76,1762876326615
51328,1762876346344.0,0adab909-eb8f-4baf-9eed-7a4cc889cb7c,E6:4F:C4:C5:AC:17,,-91,1762876326615
51329,1762876346376.0,0adab909-eb8f-4baf-9eed-7a4cc889cb7c,6A:8F:EF:DA:AC:14,,-73,1762876326615
51330,1762876346410.0,0adab909-eb8f-4baf-9eed-7a4cc889cb7c,C6:38:32:34:76:36,Govee_H61BE_7636,-78,1762876326615
51331,1762876346492.0,0adab909-eb8f-4baf-9eed-7a4cc889cb7c,43:D8:6F:47:0A:FA,,-83,1762876326615
51332,1762876346535.0,0adab909-eb8f-4baf-9eed-7a4cc889cb7c,CC:39:A3:65:21:79,,-86,1762876326615
51333,1762876347280.0,0adab909-eb8f-4baf-9eed-7a4cc889cb7c,3B:77:B0:5B:1F:95,,-78,1762876326615
51334,1762876347310.0,0adab909-eb8f-4baf-9eed-7a4cc889cb7c,62:45:97:F8:A8:59,,-78,1762876326615
51335,1762876347336.0,0adab909-eb8f-4baf-9eed-7a4cc889cb7c,19:C6:9E:B9:FA:66,,-87,1762876326615
51336,1762876347376.0,0adab909-eb8f-4baf-9eed-7a4cc889cb7c,65:FC:30:79:3A:70,,-91,1762876326615
51337,1762876347405.0,0adab909-eb8f-4baf-9eed-7a4cc889cb7c,2A:F9:2B:99:B9:45,,-91,1762876326615
51338,1762876347439.0,0adab909-eb8f-4baf-9eed-7a4cc889cb7c,6C:29:D4:44:69:4B,,-91,1762876326615
51339,1762876347476.0,0adab909-eb8f-4baf-9eed-7a4cc889cb7c,28:76:43:1E:08:66,,-92,1762876326615
51340,1762876347512.0,0adab909-eb8f-4baf-9eed-7a4cc889cb7c,4C:16:45:1B:26:05,,-83,1762876326615
51341,1762876347535.0,0adab909-eb8f-4baf-9eed-7a4cc889cb7c,52:80:89:36:FD:6D,,-80,1762876326615
51342,1762876347564.0,0adab909-eb8f-4baf-9eed-7a4cc889cb7c,39:74:42:EC:76:4C,,-92,1762876326615
51343,1762876348379.0,0adab909-eb8f-4baf-9eed-7a4cc889cb7c,70:06:01:24:D1:C0,,-77,1762876326615
51344,1762876348489.0,0adab909-eb8f-4baf-9eed-7a4cc889cb7c,73:9A:93:E7:86:E8,,-88,1762876326615
51345,1762876348530.0,0adab909-eb8f-4baf-9eed-7a4cc889cb7c,79:54:3E:AA:FE:79,,-89,1762876326615
51346,1762876349191.0,0adab909-eb8f-4baf-9eed-7a4cc889cb7c,28:07:08:FC:6F:FB,,-91,1762876326615
51347,1762876897792.0,0adab909-eb8f-4baf-9eed-7a4cc889cb7c,43:6A:D1:33:81:CC,,-81,1762876897755
51348,1762876905493.0,0adab909-eb8f-4baf-9eed-7a4cc889cb7c,41:F8:35:F8:23:D1,,-78,1762876897755
51349,1762876905700.0,0adab909-eb8f-4baf-9eed-7a4cc889cb7c,76:94:CC:80:42:47,,-69,1762876897755
51350,1762876905745.0,0adab909-eb8f-4baf-9eed-7a4cc889cb7c,76:41:9B:B0:DE:89,,-88,1762876897755
51351,1762876905787.0,0adab909-eb8f-4baf-9eed-7a4cc889cb7c,73:7E:36:35:90:82,,-85,1762876897755
51352,1762876910198.0,0adab909-eb8f-4baf-9eed-7a4cc889cb7c,14:33:B3:24:06:71,,-87,1762876897755
51353,1762876910673.0,0adab909-eb8f-4baf-9eed-7a4cc889cb7c,14:33:B3:24:06:71,,-83,1762876897755
51354,1762876910712.0,0adab909-eb8f-4baf-9eed-7a4cc889cb7c,03:D4:0E:AA:75:58,,-88,1762876897755
51355,1762876912737.0,0adab909-eb8f-4baf-9eed-7a4cc889cb7c,3C:68:16:11:A3:75,PB 2.6.0,-84,1762876897755
51356,1762877483221.0,0adab909-eb8f-4baf-9eed-7a4cc889cb7c,4C:96:8A:ED:6A:01,SPEN NA,-61,1762877483135
51357,1762877483543.0,0adab909-eb8f-4baf-9eed-7a4cc889cb7c,4C:96:8A:ED:6A:01,SPEN NA,-58,1762877483135
51358,1762877483890.0,0adab909-eb8f-4baf-9eed-7a4cc889cb7c,4D:98:4A:90:54:E6,,-71,1762877483135
51359,1762877484512.0,0adab909-eb8f-4baf-9eed-7a4cc889cb7c,4C:96:8A:ED:6A:01,SPEN NA,-62,1762877483135
51360,1762877486500.0,0adab909-eb8f-4baf-9eed-7a4cc889cb7c,E6:68:C6:AB:E4:2D,SumUp 418,-90,1762877483135
51361,1762877486518.0,0adab909-eb8f-4baf-9eed-7a4cc889cb7c,4C:96:8A:ED:6A:01,SPEN NA,-58,1762877483135
51362,1762877486819.0,0adab909-eb8f-4baf-9eed-7a4cc889cb7c,4C:96:8A:ED:6A:01,SPEN NA,-65,1762877483135
51363,1762877487138.0,0adab909-eb8f-4baf-9eed-7a4cc889cb7c,4C:96:8A:ED:6A:01,SPEN NA,-63,1762877483135
51364,1762877487752.0,0adab909-eb8f-4baf-9eed-7a4cc889cb7c,4C:96:8A:ED:6A:01,SPEN NA,-63,1762877483135
51365,1762877488400.0,0adab909-eb8f-4baf-9eed-7a4cc889cb7c,4C:96:8A:ED:6A:01,SPEN NA,-63,1762877483135
51366,1762877488706.0,0adab909-eb8f-4baf-9eed-7a4cc889cb7c,4C:96:8A:ED:6A:01,SPEN NA,-63,1762877483135
51367,1762877489022.0,0adab909-eb8f-4baf-9eed-7a4cc889cb7c,4C:96:8A:ED:6A:01,SPEN NA,-63,1762877483135
51368,1762877489339.0,0adab909-eb8f-4baf-9eed-7a4cc889cb7c,4C:96:8A:ED:6A:01,SPEN NA,-59,1762877483135
51369,1762877489659.0,0adab909-eb8f-4baf-9eed-7a4cc889cb7c,4C:96:8A:ED:6A:01,SPEN NA,-63,1762877483135
51370,1762877489967.0,0adab909-eb8f-4baf-9eed-7a4cc889cb7c,4C:96:8A:ED:6A:01,SPEN NA,-61,1762877483135
51371,1762877490601.0,0adab909-eb8f-4baf-9eed-7a4cc889cb7c,4C:96:8A:ED:6A:01,SPEN NA,-63,1762877483135
51372,1762877491561.0,0adab909-eb8f-4baf-9eed-7a4cc889cb7c,4C:96:8A:ED:6A:01,SPEN NA,-63,1762877483135
51373,1762877492265.0,0adab909-eb8f-4baf-9eed-7a4cc889cb7c,4C:96:8A:ED:6A:01,SPEN NA,-57,1762877483135
51374,1762877492484.0,0adab909-eb8f-4baf-9eed-7a4cc889cb7c,4C:96:8A:ED:6A:01,SPEN NA,-63,1762877483135
51375,1762877493229.0,0adab909-eb8f-4baf-9eed-7a4cc889cb7c,4C:96:8A:ED:6A:01,SPEN NA,-57,1762877483135
51376,1762877493524.0,0adab909-eb8f-4baf-9eed-7a4cc889cb7c,4C:96:8A:ED:6A:01,SPEN NA,-63,1762877483135
51377,1762877493829.0,0adab909-eb8f-4baf-9eed-7a4cc889cb7c,4C:96:8A:ED:6A:01,SPEN NA,-61,1762877483135
51378,1762877494142.0,0adab909-eb8f-4baf-9eed-7a4cc889cb7c,4C:96:8A:ED:6A:01,SPEN NA,-58,1762877483135
51379,1762878233195.0,0adab909-eb8f-4baf-9eed-7a4cc889cb7c,E6:68:C6:AB:E4:2D,SumUp 418,-92,1762878231827
51380,1762878233222.0,0adab909-eb8f-4baf-9eed-7a4cc889cb7c,41:FE:C1:26:BF:58,,-60,1762878231827
51381,1762878831942.0,0adab909-eb8f-4baf-9eed-7a4cc889cb7c,E6:68:C6:AB:E4:2D,SumUp 418,-93,1762878831821
51382,1762878832898.0,0adab909-eb8f-4baf-9eed-7a4cc889cb7c,41:FE:C1:26:BF:58,,-64,1762878831821
51383,1762878833882.0,0adab909-eb8f-4baf-9eed-7a4cc889cb7c,72:5B:82:39:FF:F0,,-71,1762878831821
51384,1762879433703.0,0adab909-eb8f-4baf-9eed-7a4cc889cb7c,42:EF:38:88:3B:E2,,-66,1762879433684
51385,1762879433723.0,0adab909-eb8f-4baf-9eed-7a4cc889cb7c,5C:9F:13:BC:BD:8E,,-74,1762879433684
51386,1762880015099.0,0adab909-eb8f-4baf-9eed-7a4cc889cb7c,42:EF:38:88:3B:E2,,-76,1762880015095
51387,1762880015115.0,0adab909-eb8f-4baf-9eed-7a4cc889cb7c,5C:9F:13:BC:BD:8E,,-89,1762880015095
51388,1762880018835.0,0adab909-eb8f-4baf-9eed-7a4cc889cb7c,62:C5:CC:A2:E1:EC,,-85,1762880015095
51389,1762880616250.0,0adab909-eb8f-4baf-9eed-7a4cc889cb7c,6D:29:65:F7:E3:81,,-79,1762880615403
51390,1762881217023.0,0adab909-eb8f-4baf-9eed-7a4cc889cb7c,6D:29:65:F7:E3:81,,-69,1762881216082
51391,1762881220505.0,0adab909-eb8f-4baf-9eed-7a4cc889cb7c,77:4B:DF:33:B2:D5,,-73,1762881216082
51392,1762881221831.0,0adab909-eb8f-4baf-9eed-7a4cc889cb7c,5E:64:16:6A:B4:75,,-92,1762881216082
51393,1762881827323.0,0adab909-eb8f-4baf-9eed-7a4cc889cb7c,4E:7E:43:19:F6:87,,-69,1762881825643
51394,1762881829159.0,0adab909-eb8f-4baf-9eed-7a4cc889cb7c,49:6C:A4:8F:62:A0,,-64,1762881825643
51395,1762881829189.0,0adab909-eb8f-4baf-9eed-7a4cc889cb7c,E6:68:C6:AB:E4:2D,SumUp 418,-92,1762881825643
51396,1762882425518.0,0adab909-eb8f-4baf-9eed-7a4cc889cb7c,4E:7E:43:19:F6:87,,-88,1762882425275
51397,1762882430669.0,0adab909-eb8f-4baf-9eed-7a4cc889cb7c,49:6C:A4:8F:62:A0,,-70,1762882425275
51398,1762883026081.0,0adab909-eb8f-4baf-9eed-7a4cc889cb7c,42:12:5F:C3:AE:63,,-88,1762883024730
51399,1762883027362.0,0adab909-eb8f-4baf-9eed-7a4cc889cb7c,4E:7E:43:19:F6:87,,-73,1762883024730
51400,1762883027383.0,0adab909-eb8f-4baf-9eed-7a4cc889cb7c,45:89:4B:86:E6:B4,,-69,1762883024730
51401,1762883616081.0,0adab909-eb8f-4baf-9eed-7a4cc889cb7c,55:32:18:19:1C:18,,-88,1762883615086
51402,1762883616453.0,0adab909-eb8f-4baf-9eed-7a4cc889cb7c,7C:AB:C5:50:98:79,,-69,1762883615086
51403,1762883617137.0,0adab909-eb8f-4baf-9eed-7a4cc889cb7c,E6:68:C6:AB:E4:2D,SumUp 418,-92,1762883615086
51404,1762883619363.0,0adab909-eb8f-4baf-9eed-7a4cc889cb7c,A8:00:E3:1F:19:9A,,-96,1762883615086
51405,1762883622848.0,0adab909-eb8f-4baf-9eed-7a4cc889cb7c,45:89:4B:86:E6:B4,,-61,1762883615086
51406,1762883627960.0,0adab909-eb8f-4baf-9eed-7a4cc889cb7c,7C:AB:C5:50:98:79,,-77,1762883615086
51407,1762883628006.0,0adab909-eb8f-4baf-9eed-7a4cc889cb7c,30:AA:96:3A:6D:0C,,-87,1762883615086
51408,1762883628077.0,0adab909-eb8f-4baf-9eed-7a4cc889cb7c,84:C8:A0:8B:BD:3D,JBL BAR 800,-78,1762883615086
51409,1762883628150.0,0adab909-eb8f-4baf-9eed-7a4cc889cb7c,55:32:18:19:1C:18,,-83,1762883615086
51410,1762883630882.0,0adab909-eb8f-4baf-9eed-7a4cc889cb7c,45:89:4B:86:E6:B4,,-66,1762883615086
51411,1762884215468.0,0adab909-eb8f-4baf-9eed-7a4cc889cb7c,7C:AB:C5:50:98:79,,-62,1762884215111
51412,1762884215528.0,0adab909-eb8f-4baf-9eed-7a4cc889cb7c,55:32:18:19:1C:18,,-86,1762884215111
51413,1762884216439.0,0adab909-eb8f-4baf-9eed-7a4cc889cb7c,48:93:6E:47:D6:44,,-68,1762884215111
51414,1762884218364.0,0adab909-eb8f-4baf-9eed-7a4cc889cb7c,A8:00:E3:1F:19:6A,,-90,1762884215111
51415,1762884218659.0,0adab909-eb8f-4baf-9eed-7a4cc889cb7c,A8:00:E3:1F:19:9A,,-92,1762884215111
51416,1762884227934.0,0adab909-eb8f-4baf-9eed-7a4cc889cb7c,A8:00:E3:1F:19:9A,,-90,1762884215111
51417,1762884228088.0,0adab909-eb8f-4baf-9eed-7a4cc889cb7c,84:C8:A0:8B:BD:3D,JBL BAR 800,-77,1762884215111
51418,1762884228120.0,0adab909-eb8f-4baf-9eed-7a4cc889cb7c,7C:AB:C5:50:98:79,,-61,1762884215111
51419,1762884230057.0,0adab909-eb8f-4baf-9eed-7a4cc889cb7c,55:32:18:19:1C:18,,-89,1762884215111
51420,1762884733935.0,0adab909-eb8f-4baf-9eed-7a4cc889cb7c,5E:AC:17:1C:F8:13,,-89,1762884733566
51421,1762884735312.0,0adab909-eb8f-4baf-9eed-7a4cc889cb7c,62:75:AD:94:BC:FB,,-87,1762884733566
51422,1762884736343.0,0adab909-eb8f-4baf-9eed-7a4cc889cb7c,57:26:65:F0:0C:AE,Fernseher im Schlafzimmer,-100,1762884733566
51423,1762884737823.0,0adab909-eb8f-4baf-9eed-7a4cc889cb7c,66:B1:CC:2D:53:39,,-88,1762884733566
51424,1762885337617.0,0adab909-eb8f-4baf-9eed-7a4cc889cb7c,5E:AC:17:1C:F8:13,,-89,1762885337580
51425,1762885338339.0,0adab909-eb8f-4baf-9eed-7a4cc889cb7c,66:B1:CC:2D:53:39,,-85,1762885337580
51426,1762885339368.0,0adab909-eb8f-4baf-9eed-7a4cc889cb7c,72:2B:54:23:4C:BC,,-89,1762885337580
51427,1762885930627.0,0adab909-eb8f-4baf-9eed-7a4cc889cb7c,54:7F:EF:62:8B:32,,-85,1762885930598
51428,1762885932004.0,0adab909-eb8f-4baf-9eed-7a4cc889cb7c,65:F9:A6:D8:01:72,,-85,1762885930598
51429,1762885934206.0,0adab909-eb8f-4baf-9eed-7a4cc889cb7c,6D:37:00:2E:02:25,,-94,1762885930598
51430,1762885937748.0,0adab909-eb8f-4baf-9eed-7a4cc889cb7c,6E:5D:93:6A:92:01,,-87,1762885930598
51431,1762885938035.0,0adab909-eb8f-4baf-9eed-7a4cc889cb7c,72:2B:54:23:4C:BC,,-90,1762885930598
51432,1762886523941.0,0adab909-eb8f-4baf-9eed-7a4cc889cb7c,57:26:65:F0:0C:AE,Fernseher im Schlafzimmer,-97,1762886522539
51433,1762886527147.0,0adab909-eb8f-4baf-9eed-7a4cc889cb7c,78:7A:FA:DB:EE:30,,-87,1762886522539
51434,1762886531709.0,0adab909-eb8f-4baf-9eed-7a4cc889cb7c,65:F9:A6:D8:01:72,,-84,1762886522539
51435,1762887185010.0,0adab909-eb8f-4baf-9eed-7a4cc889cb7c,78:7A:FA:DB:EE:30,,-92,1762887184041
51436,1762887185897.0,0adab909-eb8f-4baf-9eed-7a4cc889cb7c,72:90:F9:39:FB:DC,,-88,1762887184041
51437,1762887194607.0,0adab909-eb8f-4baf-9eed-7a4cc889cb7c,68:1E:74:01:95:EC,,-86,1762887184041
51438,1762887712978.0,0adab909-eb8f-4baf-9eed-7a4cc889cb7c,72:90:F9:39:FB:DC,,-73,1762887712545
51439,1762887713949.0,0adab909-eb8f-4baf-9eed-7a4cc889cb7c,68:1E:74:01:95:EC,,-80,1762887712545
51440,1762887718133.0,0adab909-eb8f-4baf-9eed-7a4cc889cb7c,6E:76:A0:82:99:21,,-80,1762887712545
51441,1762888375536.0,0adab909-eb8f-4baf-9eed-7a4cc889cb7c,6E:76:A0:82:99:21,,-73,1762888373529
51442,1762888375869.0,0adab909-eb8f-4baf-9eed-7a4cc889cb7c,7B:56:B5:91:6B:5D,,-82,1762888373529
51443,1762888882951.0,0adab909-eb8f-4baf-9eed-7a4cc889cb7c,7B:56:B5:91:6B:5D,,-78,1762888882575
51444,1762888885931.0,0adab909-eb8f-4baf-9eed-7a4cc889cb7c,42:88:75:80:B0:A4,,-80,1762888882575
51445,1762888893002.0,0adab909-eb8f-4baf-9eed-7a4cc889cb7c,6E:76:A0:82:99:21,,-79,1762888882575
51446,1762889542765.0,0adab909-eb8f-4baf-9eed-7a4cc889cb7c,7B:56:B5:91:6B:5D,,-76,1762889542637
51447,1762889543653.0,0adab909-eb8f-4baf-9eed-7a4cc889cb7c,4A:30:37:59:66:EE,,-85,1762889542637
51448,1762889550131.0,0adab909-eb8f-4baf-9eed-7a4cc889cb7c,50:89:9C:50:87:A6,,-75,1762889542637
51449,1762889555493.0,0adab909-eb8f-4baf-9eed-7a4cc889cb7c,D3:4F:71:9F:59:8E,,-85,1762889542637
51450,1762889555590.0,0adab909-eb8f-4baf-9eed-7a4cc889cb7c,84:C8:A0:8B:BD:3D,JBL BAR 800,-80,1762889542637
51451,1762889555622.0,0adab909-eb8f-4baf-9eed-7a4cc889cb7c,0D:70:6D:36:40:3B,,-87,1762889542637
51452,1762889557626.0,0adab909-eb8f-4baf-9eed-7a4cc889cb7c,7B:56:B5:91:6B:5D,,-69,1762889542637
51453,1762890169834.0,0adab909-eb8f-4baf-9eed-7a4cc889cb7c,7B:03:5E:8C:10:C0,,-73,1762890169462
51454,1762890169977.0,0adab909-eb8f-4baf-9eed-7a4cc889cb7c,4A:30:37:59:66:EE,,-87,1762890169462
51455,1762890173685.0,0adab909-eb8f-4baf-9eed-7a4cc889cb7c,50:89:9C:50:87:A6,,-76,1762890169462
51456,1762890769641.0,0adab909-eb8f-4baf-9eed-7a4cc889cb7c,7B:03:5E:8C:10:C0,,-81,1762890769637
51457,1762890775308.0,0adab909-eb8f-4baf-9eed-7a4cc889cb7c,50:89:9C:50:87:A6,,-69,1762890769637
51458,1762891303022.0,0adab909-eb8f-4baf-9eed-7a4cc889cb7c,7C:94:0F:70:50:49,,-64,1762891300712
51459,1762891303694.0,0adab909-eb8f-4baf-9eed-7a4cc889cb7c,6D:19:F9:68:A2:E2,,-72,1762891300712
51460,1762892202641.0,0adab909-eb8f-4baf-9eed-7a4cc889cb7c,7B:62:F5:FF:AD:5A,,-88,1762892202109
51461,1762892203300.0,0adab909-eb8f-4baf-9eed-7a4cc889cb7c,6D:19:F9:68:A2:E2,,-73,1762892202109
51462,1762892210741.0,0adab909-eb8f-4baf-9eed-7a4cc889cb7c,7C:94:0F:70:50:49,,-75,1762892202109
51463,1762892501628.0,0adab909-eb8f-4baf-9eed-7a4cc889cb7c,53:DE:65:CC:83:BE,,-86,1762892501502
51464,1762892504220.0,0adab909-eb8f-4baf-9eed-7a4cc889cb7c,7B:62:F5:FF:AD:5A,,-82,1762892501502
51465,1762892505444.0,0adab909-eb8f-4baf-9eed-7a4cc889cb7c,7C:94:0F:70:50:49,,-81,1762892501502
51466,1762893102367.0,0adab909-eb8f-4baf-9eed-7a4cc889cb7c,53:DE:65:CC:83:BE,,-80,1762893102338
51467,1762893104856.0,0adab909-eb8f-4baf-9eed-7a4cc889cb7c,7F:F2:2C:33:F6:07,,-85,1762893102338
51468,1762893114151.0,0adab909-eb8f-4baf-9eed-7a4cc889cb7c,79:0F:D5:B0:E6:BD,,-81,1762893102338
51469,1762893934857.0,0adab909-eb8f-4baf-9eed-7a4cc889cb7c,4F:A3:6A:A0:F8:7D,,-71,1762893934505
51470,1762893936117.0,0adab909-eb8f-4baf-9eed-7a4cc889cb7c,5B:40:3C:3E:D0:28,,-84,1762893934505
51471,1762893936140.0,0adab909-eb8f-4baf-9eed-7a4cc889cb7c,79:0F:D5:B0:E6:BD,,-81,1762893934505
51472,1762894296582.0,0adab909-eb8f-4baf-9eed-7a4cc889cb7c,4F:A3:6A:A0:F8:7D,,-76,1762894296466
51473,1762894297809.0,0adab909-eb8f-4baf-9eed-7a4cc889cb7c,64:A0:F3:AD:28:09,,-79,1762894296466
51474,1762894298809.0,0adab909-eb8f-4baf-9eed-7a4cc889cb7c,5B:40:3C:3E:D0:28,,-80,1762894296466
51475,1762894315203.0,0adab909-eb8f-4baf-9eed-7a4cc889cb7c,84:C8:A0:8B:BD:3D,JBL BAR 800,-82,1762894296466
51476,1762894315313.0,0adab909-eb8f-4baf-9eed-7a4cc889cb7c,4F:A3:6A:A0:F8:7D,,-72,1762894296466
51477,1762895153054.0,0adab909-eb8f-4baf-9eed-7a4cc889cb7c,4F:A3:6A:A0:F8:7D,,-66,1762895151254
51478,1762895160021.0,0adab909-eb8f-4baf-9eed-7a4cc889cb7c,64:A0:F3:AD:28:09,,-77,1762895151254
51479,1762895161680.0,0adab909-eb8f-4baf-9eed-7a4cc889cb7c,70:F6:AB:05:DD:B7,,-65,1762895151254
51480,1762895164334.0,0adab909-eb8f-4baf-9eed-7a4cc889cb7c,84:C8:A0:8B:BD:3D,JBL BAR 800,-79,1762895151254
51481,1762895165303.0,0adab909-eb8f-4baf-9eed-7a4cc889cb7c,72:80:C0:14:D5:69,,-83,1762895151254
51482,1762895751294.0,0adab909-eb8f-4baf-9eed-7a4cc889cb7c,70:F6:AB:05:DD:B7,,-67,1762895751289
51483,1762895753264.0,0adab909-eb8f-4baf-9eed-7a4cc889cb7c,5B:60:C7:6C:22:F4,,-72,1762895751289
51484,1762895764192.0,0adab909-eb8f-4baf-9eed-7a4cc889cb7c,70:F6:AB:05:DD:B7,,-65,1762895751289
51485,1762895765301.0,0adab909-eb8f-4baf-9eed-7a4cc889cb7c,5B:60:C7:6C:22:F4,,-77,1762895751289
51486,1762895765365.0,0adab909-eb8f-4baf-9eed-7a4cc889cb7c,84:C8:A0:8B:BD:3D,JBL BAR 800,-81,1762895751289
51487,1762896352552.0,0adab909-eb8f-4baf-9eed-7a4cc889cb7c,70:F6:AB:05:DD:B7,,-61,1762896351466
51488,1762896352786.0,0adab909-eb8f-4baf-9eed-7a4cc889cb7c,5B:60:C7:6C:22:F4,,-73,1762896351466
51489,1762896353770.0,0adab909-eb8f-4baf-9eed-7a4cc889cb7c,4D:07:19:97:F1:10,,-88,1762896351466
51490,1762896364359.0,0adab909-eb8f-4baf-9eed-7a4cc889cb7c,70:F6:AB:05:DD:B7,,-66,1762896351466
51491,1762896365562.0,0adab909-eb8f-4baf-9eed-7a4cc889cb7c,4D:07:19:97:F1:10,,-87,1762896351466
51492,1762896365633.0,0adab909-eb8f-4baf-9eed-7a4cc889cb7c,84:C8:A0:8B:BD:3D,JBL BAR 800,-70,1762896351466
51493,1762896951778.0,0adab909-eb8f-4baf-9eed-7a4cc889cb7c,48:E8:79:A6:D0:5A,,-63,1762896951662
51494,1762896954613.0,0adab909-eb8f-4baf-9eed-7a4cc889cb7c,79:84:63:D9:54:60,,-81,1762896951662
51495,1762896964552.0,0adab909-eb8f-4baf-9eed-7a4cc889cb7c,84:C8:A0:8B:BD:3D,JBL BAR 800,-84,1762896951662
51496,1762896964628.0,0adab909-eb8f-4baf-9eed-7a4cc889cb7c,79:84:63:D9:54:60,,-86,1762896951662
51497,1762896965829.0,0adab909-eb8f-4baf-9eed-7a4cc889cb7c,48:E8:79:A6:D0:5A,,-58,1762896951662
51498,1762897551914.0,0adab909-eb8f-4baf-9eed-7a4cc889cb7c,48:E8:79:A6:D0:5A,,-67,1762897551787
51499,1762897554076.0,0adab909-eb8f-4baf-9eed-7a4cc889cb7c,79:84:63:D9:54:60,,-84,1762897551787
51500,1762897555047.0,0adab909-eb8f-4baf-9eed-7a4cc889cb7c,65:11:D1:57:2A:C9,,-86,1762897551787
51501,1762897564865.0,0adab909-eb8f-4baf-9eed-7a4cc889cb7c,48:E8:79:A6:D0:5A,,-64,1762897551787
51502,1762897564909.0,0adab909-eb8f-4baf-9eed-7a4cc889cb7c,84:C8:A0:8B:BD:3D,JBL BAR 800,-77,1762897551787
51503,1762898154696.0,0adab909-eb8f-4baf-9eed-7a4cc889cb7c,64:81:BE:B9:A0:38,,-84,1762898151687
51504,1762898154733.0,0adab909-eb8f-4baf-9eed-7a4cc889cb7c,52:E1:68:CF:ED:37,,-67,1762898151687
51505,1762898160719.0,0adab909-eb8f-4baf-9eed-7a4cc889cb7c,55:4C:3A:6B:AE:24,,-86,1762898151687
51506,1762898164667.0,0adab909-eb8f-4baf-9eed-7a4cc889cb7c,F4:F5:9D:7E:CB:8B,,-82,1762898151687
51507,1762898164696.0,0adab909-eb8f-4baf-9eed-7a4cc889cb7c,55:4C:3A:6B:AE:24,,-75,1762898151687
51508,1762898164759.0,0adab909-eb8f-4baf-9eed-7a4cc889cb7c,84:C8:A0:8B:BD:3D,JBL BAR 800,-75,1762898151687
51509,1762898165624.0,0adab909-eb8f-4baf-9eed-7a4cc889cb7c,52:E1:68:CF:ED:37,,-60,1762898151687
51510,1762898499831.0,0adab909-eb8f-4baf-9eed-7a4cc889cb7c,52:E1:68:CF:ED:37,,-59,1762898499432
51511,1762898510527.0,0adab909-eb8f-4baf-9eed-7a4cc889cb7c,64:81:BE:B9:A0:38,,-88,1762898499432
51512,1762899157889.0,0adab909-eb8f-4baf-9eed-7a4cc889cb7c,52:E1:68:CF:ED:37,,-85,1762899157756
51513,1762899160485.0,0adab909-eb8f-4baf-9eed-7a4cc889cb7c,50:C9:9D:47:E8:2E,,-85,1762899157756
51514,1762899164672.0,0adab909-eb8f-4baf-9eed-7a4cc889cb7c,60:92:E8:90:07:1C,,-79,1762899157756
51515,1762899757732.0,0adab909-eb8f-4baf-9eed-7a4cc889cb7c,67:E6:2B:DD:4A:E5,,-66,1762899757728
51516,1762899759527.0,0adab909-eb8f-4baf-9eed-7a4cc889cb7c,50:C9:9D:47:E8:2E,,-80,1762899757728
51517,1762899760115.0,0adab909-eb8f-4baf-9eed-7a4cc889cb7c,60:92:E8:90:07:1C,,-83,1762899757728
51518,1762900345095.0,0adab909-eb8f-4baf-9eed-7a4cc889cb7c,67:E6:2B:DD:4A:E5,,-68,1762900345089
51519,1762900345127.0,0adab909-eb8f-4baf-9eed-7a4cc889cb7c,73:DC:43:A2:E2:CD,,-88,1762900345089
51520,1762900876477.0,0adab909-eb8f-4baf-9eed-7a4cc889cb7c,77:AB:2E:A1:D4:40,,-65,1762900876408
51521,1762900886418.0,0adab909-eb8f-4baf-9eed-7a4cc889cb7c,73:DC:43:A2:E2:CD,,-93,1762900876408
51522,1762901597794.0,0adab909-eb8f-4baf-9eed-7a4cc889cb7c,7A:A3:93:F6:8B:68,,-88,1762901597790
51523,1762901598265.0,0adab909-eb8f-4baf-9eed-7a4cc889cb7c,77:AB:2E:A1:D4:40,,-82,1762901597790
51524,1762901605308.0,0adab909-eb8f-4baf-9eed-7a4cc889cb7c,57:72:9E:AB:63:91,,-85,1762901597790
51525,1762902076475.0,0adab909-eb8f-4baf-9eed-7a4cc889cb7c,57:72:9E:AB:63:91,,-87,1762902076428
51526,1762902076508.0,0adab909-eb8f-4baf-9eed-7a4cc889cb7c,5F:E2:9D:27:6C:42,,-66,1762902076428
51527,1762902078504.0,0adab909-eb8f-4baf-9eed-7a4cc889cb7c,66:26:35:6B:EE:D1,,-86,1762902076428
51528,1762902677495.0,0adab909-eb8f-4baf-9eed-7a4cc889cb7c,5F:E2:9D:27:6C:42,,-66,1762902677438
51529,1762903278493.0,0adab909-eb8f-4baf-9eed-7a4cc889cb7c,40:D4:4B:F1:6A:82,,-67,1762903277400
51530,1762903280037.0,0adab909-eb8f-4baf-9eed-7a4cc889cb7c,75:9A:C4:37:26:5F,,-89,1762903277400
51531,1762903877824.0,0adab909-eb8f-4baf-9eed-7a4cc889cb7c,40:D4:4B:F1:6A:82,,-71,1762903877430
51532,1762903879773.0,0adab909-eb8f-4baf-9eed-7a4cc889cb7c,50:6E:4D:F6:11:62,,-81,1762903877430
51533,1762904507076.0,0adab909-eb8f-4baf-9eed-7a4cc889cb7c,7D:27:C7:9A:9E:23,,-67,1762904505371
51534,1762905106570.0,0adab909-eb8f-4baf-9eed-7a4cc889cb7c,7D:27:C7:9A:9E:23,,-65,1762905105189
51535,1762905114609.0,0adab909-eb8f-4baf-9eed-7a4cc889cb7c,57:D4:4C:66:8F:3F,,-83,1762905105189
51536,1762905707155.0,0adab909-eb8f-4baf-9eed-7a4cc889cb7c,7D:27:C7:9A:9E:23,,-70,1762905706360
51537,1762905710071.0,0adab909-eb8f-4baf-9eed-7a4cc889cb7c,57:D4:4C:66:8F:3F,,-84,1762905706360
51538,1762906348426.0,0adab909-eb8f-4baf-9eed-7a4cc889cb7c,6F:3B:C7:D9:BE:CF,,-84,1762906348387
51539,1762906349714.0,0adab909-eb8f-4baf-9eed-7a4cc889cb7c,69:28:3F:1D:D4:11,,-64,1762906348387
51540,1762906949773.0,0adab909-eb8f-4baf-9eed-7a4cc889cb7c,69:28:3F:1D:D4:11,,-63,1762906948376
51541,1762906958411.0,0adab909-eb8f-4baf-9eed-7a4cc889cb7c,7B:8D:65:27:CD:AB,,-89,1762906948376
51542,1762907549370.0,0adab909-eb8f-4baf-9eed-7a4cc889cb7c,4B:B0:75:EF:54:B7,,-78,1762907549349
51543,1762907549414.0,0adab909-eb8f-4baf-9eed-7a4cc889cb7c,52:25:28:71:E4:C3,,-60,1762907549349
51544,1762907551670.0,0adab909-eb8f-4baf-9eed-7a4cc889cb7c,4A:20:E7:6E:D8:0A,,-89,1762907549349
51545,1762908122095.0,0adab909-eb8f-4baf-9eed-7a4cc889cb7c,52:25:28:71:E4:C3,,-68,1762908121348
51546,1762908124610.0,0adab909-eb8f-4baf-9eed-7a4cc889cb7c,4A:20:E7:6E:D8:0A,,-82,1762908121348
51547,1762908126908.0,0adab909-eb8f-4baf-9eed-7a4cc889cb7c,4B:B0:75:EF:54:B7,,-76,1762908121348
51548,1762908721758.0,0adab909-eb8f-4baf-9eed-7a4cc889cb7c,7E:2C:F4:94:C1:C5,,-73,1762908721332
51549,1762908723690.0,0adab909-eb8f-4baf-9eed-7a4cc889cb7c,4F:80:91:D2:B7:15,,-82,1762908721332
51550,1762908725017.0,0adab909-eb8f-4baf-9eed-7a4cc889cb7c,77:BB:58:62:59:93,,-81,1762908721332
51551,1762909322775.0,0adab909-eb8f-4baf-9eed-7a4cc889cb7c,7E:2C:F4:94:C1:C5,,-66,1762909321338
51552,1762909325654.0,0adab909-eb8f-4baf-9eed-7a4cc889cb7c,4F:80:91:D2:B7:15,,-84,1762909321338
51553,1762909330461.0,0adab909-eb8f-4baf-9eed-7a4cc889cb7c,77:BB:58:62:59:93,,-85,1762909321338
51554,1762909331064.0,0adab909-eb8f-4baf-9eed-7a4cc889cb7c,71:B8:13:91:F9:A5,,-95,1762909321338
51555,1762910007443.0,0adab909-eb8f-4baf-9eed-7a4cc889cb7c,62:3C:66:F9:F1:D7,,-82,1762910007342
51556,1762910008085.0,0adab909-eb8f-4baf-9eed-7a4cc889cb7c,77:EC:B3:B9:36:D0,,-64,1762910007342
51557,1762910019333.0,0adab909-eb8f-4baf-9eed-7a4cc889cb7c,6E:D5:B0:38:7F:CF,,-80,1762910007342
51558,1762910606747.0,0adab909-eb8f-4baf-9eed-7a4cc889cb7c,6E:D5:B0:38:7F:CF,,-81,1762910606342
51559,1762910607439.0,0adab909-eb8f-4baf-9eed-7a4cc889cb7c,77:EC:B3:B9:36:D0,,-72,1762910606342
51560,1762911207062.0,0adab909-eb8f-4baf-9eed-7a4cc889cb7c,77:EC:B3:B9:36:D0,,-63,1762911206313
51561,1762911210225.0,0adab909-eb8f-4baf-9eed-7a4cc889cb7c,6E:D5:B0:38:7F:CF,,-89,1762911206313
51562,1762911740714.0,0adab909-eb8f-4baf-9eed-7a4cc889cb7c,76:BA:DD:44:29:38,,-64,1762911739302
51563,1762911746803.0,0adab909-eb8f-4baf-9eed-7a4cc889cb7c,59:A5:1F:ED:EC:4E,,-83,1762911739302
51564,1762912340068.0,0adab909-eb8f-4baf-9eed-7a4cc889cb7c,76:BA:DD:44:29:38,,-65,1762912339594
51565,1762912350312.0,0adab909-eb8f-4baf-9eed-7a4cc889cb7c,59:A5:1F:ED:EC:4E,,-80,1762912339594
51566,1762912939079.0,0adab909-eb8f-4baf-9eed-7a4cc889cb7c,5B:42:2D:3B:EA:91,,-69,1762912938536
51567,1762913539794.0,0adab909-eb8f-4baf-9eed-7a4cc889cb7c,5B:42:2D:3B:EA:91,,-70,1762913539310
51568,1762913551193.0,0adab909-eb8f-4baf-9eed-7a4cc889cb7c,5F:11:BB:E8:7F:10,,-79,1762913539310
51569,1762914070692.0,0adab909-eb8f-4baf-9eed-7a4cc889cb7c,64:B0:D3:0C:79:5F,,-65,1762914070270
51570,1762914672383.0,0adab909-eb8f-4baf-9eed-7a4cc889cb7c,64:B0:D3:0C:79:5F,,-68,1762914671314
51571,1762914681378.0,0adab909-eb8f-4baf-9eed-7a4cc889cb7c,43:A6:1D:6A:BD:C3,,-80,1762914671314
51572,1762915272034.0,0adab909-eb8f-4baf-9eed-7a4cc889cb7c,64:15:CD:5A:CA:08,,-65,1762915271289
51573,1762916103722.0,0adab909-eb8f-4baf-9eed-7a4cc889cb7c,68:7B:9B:1C:8A:36,,-79,1762916102278
51574,1762916103991.0,0adab909-eb8f-4baf-9eed-7a4cc889cb7c,64:15:CD:5A:CA:08,,-63,1762916102278
51575,1762916703718.0,0adab909-eb8f-4baf-9eed-7a4cc889cb7c,7F:A0:13:75:D2:8E,,-58,1762916703267
51576,1762916712090.0,0adab909-eb8f-4baf-9eed-7a4cc889cb7c,55:C1:E8:ED:30:A3,,-87,1762916703267
51577,1762917305620.0,0adab909-eb8f-4baf-9eed-7a4cc889cb7c,7F:A0:13:75:D2:8E,,-59,1762917303277
51578,1762918115386.0,0adab909-eb8f-4baf-9eed-7a4cc889cb7c,56:9F:B4:C0:0E:8C,,-64,1762918114266
51579,1762918121494.0,0adab909-eb8f-4baf-9eed-7a4cc889cb7c,41:35:B5:0A:25:E5,,-81,1762918114266
51580,1762918416662.0,0adab909-eb8f-4baf-9eed-7a4cc889cb7c,56:9F:B4:C0:0E:8C,,-61,1762918414454
51581,1762918418210.0,0adab909-eb8f-4baf-9eed-7a4cc889cb7c,41:35:B5:0A:25:E5,,-84,1762918414454
51582,1762919015343.0,0adab909-eb8f-4baf-9eed-7a4cc889cb7c,56:9F:B4:C0:0E:8C,,-77,1762919014223
51583,1762919615877.0,0adab909-eb8f-4baf-9eed-7a4cc889cb7c,72:4A:56:63:28:6E,,-60,1762919614801
51584,1762919618471.0,0adab909-eb8f-4baf-9eed-7a4cc889cb7c,50:BD:BD:E1:61:44,,-84,1762919614801
51585,1762920146641.0,0adab909-eb8f-4baf-9eed-7a4cc889cb7c,72:4A:56:63:28:6E,,-60,1762920146441
51586,1762920747688.0,0adab909-eb8f-4baf-9eed-7a4cc889cb7c,75:2C:45:61:94:11,,-82,1762920746447
51587,1762920757879.0,0adab909-eb8f-4baf-9eed-7a4cc889cb7c,56:D6:7F:DB:4E:7B,,-82,1762920746447
51588,1762921347029.0,0adab909-eb8f-4baf-9eed-7a4cc889cb7c,75:2C:45:61:94:11,,-81,1762921346233
51589,1762921347316.0,0adab909-eb8f-4baf-9eed-7a4cc889cb7c,56:D6:7F:DB:4E:7B,,-83,1762921346233
51590,1762921880608.0,0adab909-eb8f-4baf-9eed-7a4cc889cb7c,4F:1E:90:9E:B6:A4,,-79,1762921878232
51591,1762921882841.0,0adab909-eb8f-4baf-9eed-7a4cc889cb7c,75:2C:45:61:94:11,,-70,1762921878232
51592,1762922478620.0,0adab909-eb8f-4baf-9eed-7a4cc889cb7c,60:41:86:EE:CF:89,,-60,1762922478206
51593,1762922484102.0,0adab909-eb8f-4baf-9eed-7a4cc889cb7c,4F:1E:90:9E:B6:A4,,-82,1762922478206
51594,1762923079642.0,0adab909-eb8f-4baf-9eed-7a4cc889cb7c,60:41:86:EE:CF:89,,-65,1762923078203
51595,1762923081589.0,0adab909-eb8f-4baf-9eed-7a4cc889cb7c,4F:1E:90:9E:B6:A4,,-75,1762923078203
51596,1762923910264.0,0adab909-eb8f-4baf-9eed-7a4cc889cb7c,4C:68:18:6F:48:C8,,-66,1762923910196
51597,1762923915404.0,0adab909-eb8f-4baf-9eed-7a4cc889cb7c,52:CA:F9:52:DC:22,,-79,1762923910196
51598,1762924510595.0,0adab909-eb8f-4baf-9eed-7a4cc889cb7c,4C:68:18:6F:48:C8,,-64,1762924510108
51599,1762924510878.0,0adab909-eb8f-4baf-9eed-7a4cc889cb7c,52:CA:F9:52:DC:22,,-81,1762924510108
51600,1762924517997.0,0adab909-eb8f-4baf-9eed-7a4cc889cb7c,6A:3B:D5:BC:14:6F,,-93,1762924510108
51601,1762925110223.0,0adab909-eb8f-4baf-9eed-7a4cc889cb7c,42:E0:4E:2B:60:7E,,-64,1762925110200
51602,1762925115141.0,0adab909-eb8f-4baf-9eed-7a4cc889cb7c,59:F8:7B:60:25:EF,,-84,1762925110200
51603,1762925642991.0,0adab909-eb8f-4baf-9eed-7a4cc889cb7c,42:E0:4E:2B:60:7E,,-59,1762925642199
51604,1762926243514.0,0adab909-eb8f-4baf-9eed-7a4cc889cb7c,46:57:9C:21:DB:7D,,-56,1762926242192
51605,1762927119656.0,0adab909-eb8f-4baf-9eed-7a4cc889cb7c,4C:96:8A:ED:6A:01,SPEN NA,-58,1762927119635
51606,1762927120038.0,0adab909-eb8f-4baf-9eed-7a4cc889cb7c,46:57:9C:21:DB:7D,,-60,1762927119635
51607,1762927120072.0,0adab909-eb8f-4baf-9eed-7a4cc889cb7c,4C:96:8A:ED:6A:01,SPEN NA,-64,1762927119635
51608,1762927120308.0,0adab909-eb8f-4baf-9eed-7a4cc889cb7c,4C:96:8A:ED:6A:01,SPEN NA,-66,1762927119635
51609,1762927120731.0,0adab909-eb8f-4baf-9eed-7a4cc889cb7c,4C:96:8A:ED:6A:01,SPEN NA,-65,1762927119635
51610,1762927121279.0,0adab909-eb8f-4baf-9eed-7a4cc889cb7c,4C:96:8A:ED:6A:01,SPEN NA,-61,1762927119635
51611,1762927123261.0,0adab909-eb8f-4baf-9eed-7a4cc889cb7c,4C:96:8A:ED:6A:01,SPEN NA,-66,1762927119635
51612,1762927123564.0,0adab909-eb8f-4baf-9eed-7a4cc889cb7c,4C:96:8A:ED:6A:01,SPEN NA,-61,1762927119635
51613,1762927123882.0,0adab909-eb8f-4baf-9eed-7a4cc889cb7c,4C:96:8A:ED:6A:01,SPEN NA,-62,1762927119635
51614,1762927124221.0,0adab909-eb8f-4baf-9eed-7a4cc889cb7c,4C:96:8A:ED:6A:01,SPEN NA,-67,1762927119635
51615,1762927124536.0,0adab909-eb8f-4baf-9eed-7a4cc889cb7c,4C:96:8A:ED:6A:01,SPEN NA,-62,1762927119635
51616,1762927124831.0,0adab909-eb8f-4baf-9eed-7a4cc889cb7c,4C:96:8A:ED:6A:01,SPEN NA,-60,1762927119635
51617,1762927125794.0,0adab909-eb8f-4baf-9eed-7a4cc889cb7c,4C:96:8A:ED:6A:01,SPEN NA,-62,1762927119635
51618,1762927126094.0,0adab909-eb8f-4baf-9eed-7a4cc889cb7c,4C:96:8A:ED:6A:01,SPEN NA,-60,1762927119635
51619,1762927126406.0,0adab909-eb8f-4baf-9eed-7a4cc889cb7c,4C:96:8A:ED:6A:01,SPEN NA,-63,1762927119635
51620,1762927127467.0,0adab909-eb8f-4baf-9eed-7a4cc889cb7c,4C:96:8A:ED:6A:01,SPEN NA,-62,1762927119635
51621,1762927127776.0,0adab909-eb8f-4baf-9eed-7a4cc889cb7c,4C:96:8A:ED:6A:01,SPEN NA,-64,1762927119635
51622,1762927128412.0,0adab909-eb8f-4baf-9eed-7a4cc889cb7c,4C:96:8A:ED:6A:01,SPEN NA,-61,1762927119635
51623,1762927128730.0,0adab909-eb8f-4baf-9eed-7a4cc889cb7c,4C:96:8A:ED:6A:01,SPEN NA,-63,1762927119635
51624,1762927129046.0,0adab909-eb8f-4baf-9eed-7a4cc889cb7c,4C:96:8A:ED:6A:01,SPEN NA,-66,1762927119635
51625,1762927129349.0,0adab909-eb8f-4baf-9eed-7a4cc889cb7c,4C:96:8A:ED:6A:01,SPEN NA,-64,1762927119635
51626,1762927130940.0,0adab909-eb8f-4baf-9eed-7a4cc889cb7c,4C:96:8A:ED:6A:01,SPEN NA,-59,1762927119635
51627,1762927131254.0,0adab909-eb8f-4baf-9eed-7a4cc889cb7c,4C:96:8A:ED:6A:01,SPEN NA,-64,1762927119635
51628,1762927131570.0,0adab909-eb8f-4baf-9eed-7a4cc889cb7c,4C:96:8A:ED:6A:01,SPEN NA,-61,1762927119635
51629,1762927131835.0,0adab909-eb8f-4baf-9eed-7a4cc889cb7c,72:0A:2D:FA:37:C8,,-81,1762927119635
51630,1762927131848.0,0adab909-eb8f-4baf-9eed-7a4cc889cb7c,4C:96:8A:ED:6A:01,SPEN NA,-66,1762927119635
51631,1762927432134.0,0adab909-eb8f-4baf-9eed-7a4cc889cb7c,46:57:9C:21:DB:7D,,-63,1762927431689
51632,1762928032107.0,0adab909-eb8f-4baf-9eed-7a4cc889cb7c,5B:04:5E:A4:7C:F7,,-61,1762928031695
51633,1762928040106.0,0adab909-eb8f-4baf-9eed-7a4cc889cb7c,72:0A:2D:FA:37:C8,,-80,1762928031695
51634,1762928633201.0,0adab909-eb8f-4baf-9eed-7a4cc889cb7c,5B:04:5E:A4:7C:F7,,-72,1762928633147
51635,1762928643751.0,0adab909-eb8f-4baf-9eed-7a4cc889cb7c,65:9B:EA:84:DC:1F,,-78,1762928633147
51636,1762929519778.0,0adab909-eb8f-4baf-9eed-7a4cc889cb7c,54:62:49:D7:02:76,,-70,1762929519745
51637,1762929527741.0,0adab909-eb8f-4baf-9eed-7a4cc889cb7c,4F:A2:61:A7:D3:9C,,-85,1762929519745
51638,1762929698526.0,0adab909-eb8f-4baf-9eed-7a4cc889cb7c,7B:40:38:D0:92:3A,,-87,1762929698115
51639,1762929702066.0,0adab909-eb8f-4baf-9eed-7a4cc889cb7c,5E:FD:B0:E8:F0:A3,,-77,1762929698115
51640,1762929702486.0,0adab909-eb8f-4baf-9eed-7a4cc889cb7c,40:58:99:A6:72:5A,,-85,1762929698115
51641,1762929702693.0,0adab909-eb8f-4baf-9eed-7a4cc889cb7c,7C:37:51:7B:F8:C3,,-89,1762929698115
51642,1762929702715.0,0adab909-eb8f-4baf-9eed-7a4cc889cb7c,4D:2D:88:A4:98:92,,-95,1762929698115
51643,1762929707257.0,0adab909-eb8f-4baf-9eed-7a4cc889cb7c,75:4C:64:71:19:5A,,-92,1762929698115
51644,1762929709782.0,0adab909-eb8f-4baf-9eed-7a4cc889cb7c,64:11:17:95:2A:21,,-88,1762929698115
51645,1762930311518.0,0adab909-eb8f-4baf-9eed-7a4cc889cb7c,68:71:B6:EB:97:AB,,-82,1762930311180
51646,1762930311535.0,0adab909-eb8f-4baf-9eed-7a4cc889cb7c,46:21:7F:48:93:8D,,-90,1762930311180
51647,1762930311861.0,0adab909-eb8f-4baf-9eed-7a4cc889cb7c,2C:DC:AD:79:EB:FE,Audi MMI 1240,-99,1762930311180
51648,1762930311878.0,0adab909-eb8f-4baf-9eed-7a4cc889cb7c,C6:38:32:34:76:36,Govee_H61BE_7636,-82,1762930311180
51649,1762930312226.0,0adab909-eb8f-4baf-9eed-7a4cc889cb7c,48:0E:C2:D2:62:F9,,-84,1762930311180
51650,1762930312240.0,0adab909-eb8f-4baf-9eed-7a4cc889cb7c,60:74:F4:70:E2:CF,ihoment_H6006_E2CF,-81,1762930311180
51651,1762930312885.0,0adab909-eb8f-4baf-9eed-7a4cc889cb7c,79:03:DC:1A:66:6F,,-91,1762930311180
51652,1762930313209.0,0adab909-eb8f-4baf-9eed-7a4cc889cb7c,6E:81:18:55:6E:5A,,-82,1762930311180
51653,1762930313853.0,0adab909-eb8f-4baf-9eed-7a4cc889cb7c,60:74:F4:72:13:E3,ihoment_H6006_13E3,-87,1762930311180
51654,1762930314133.0,0adab909-eb8f-4baf-9eed-7a4cc889cb7c,4F:C6:C5:85:A2:4D,,-75,1762930311180
51655,1762930317061.0,0adab909-eb8f-4baf-9eed-7a4cc889cb7c,1F:D1:7C:B7:61:14,,-92,1762930311180
51656,1762930317378.0,0adab909-eb8f-4baf-9eed-7a4cc889cb7c,30:AE:A4:9C:80:EA,TBox 22002,-99,1762930311180
51657,1762930318020.0,0adab909-eb8f-4baf-9eed-7a4cc889cb7c,64:03:E4:41:F2:47,,-82,1762930311180
51658,1762930323116.0,0adab909-eb8f-4baf-9eed-7a4cc889cb7c,50:53:EB:44:14:0F,,-91,1762930311180
51659,1762930957826.0,0adab909-eb8f-4baf-9eed-7a4cc889cb7c,68:CA:C4:8A:40:9C,mbasg,-97,1762930957596
51660,1762930957948.0,0adab909-eb8f-4baf-9eed-7a4cc889cb7c,4A:A2:D6:F9:66:24,,-77,1762930957596
51661,1762930957968.0,0adab909-eb8f-4baf-9eed-7a4cc889cb7c,44:66:68:FB:96:B2,,-82,1762930957596
51662,1762930958335.0,0adab909-eb8f-4baf-9eed-7a4cc889cb7c,60:E4:89:E8:C9:46,,-83,1762930957596
51663,1762930958361.0,0adab909-eb8f-4baf-9eed-7a4cc889cb7c,77:E3:36:20:6F:53,,-83,1762930957596
51664,1762930958384.0,0adab909-eb8f-4baf-9eed-7a4cc889cb7c,1D:78:A1:04:82:3A,,-81,1762930957596
51665,1762930958651.0,0adab909-eb8f-4baf-9eed-7a4cc889cb7c,84:25:3F:A3:1F:C2,mitte-home MH22340108,-92,1762930957596
51666,1762930966962.0,0adab909-eb8f-4baf-9eed-7a4cc889cb7c,72:F7:58:FC:C8:54,Jabra Evolve2 65,-80,1762930957596
51667,1762931559668.0,0adab909-eb8f-4baf-9eed-7a4cc889cb7c,C0:3C:59:48:48:D7,ODIONS-SR,-86,1762931559378
51668,1762931559934.0,0adab909-eb8f-4baf-9eed-7a4cc889cb7c,10:F8:42:7D:C5:15,,-81,1762931559378
51669,1762931560202.0,0adab909-eb8f-4baf-9eed-7a4cc889cb7c,60:E4:89:E8:C9:46,,-88,1762931559378
51670,1762931560242.0,0adab909-eb8f-4baf-9eed-7a4cc889cb7c,4A:A2:D6:F9:66:24,,-75,1762931559378
51671,1762931561197.0,0adab909-eb8f-4baf-9eed-7a4cc889cb7c,77:E3:36:20:6F:53,,-88,1762931559378
51672,1762931561685.0,0adab909-eb8f-4baf-9eed-7a4cc889cb7c,68:CA:C4:8A:40:9C,mbasg,-100,1762931559378
51673,1762931563127.0,0adab909-eb8f-4baf-9eed-7a4cc889cb7c,84:25:3F:A3:1F:C2,mitte-home MH22340108,-93,1762931559378
51674,1762931565698.0,0adab909-eb8f-4baf-9eed-7a4cc889cb7c,7E:45:FC:3A:94:55,,-78,1762931559378
51675,1762931566929.0,0adab909-eb8f-4baf-9eed-7a4cc889cb7c,44:66:68:FB:96:B2,,-88,1762931559378
51676,1762932209222.0,0adab909-eb8f-4baf-9eed-7a4cc889cb7c,4A:A2:D6:F9:66:24,,-79,1762932209107
51677,1762932209811.0,0adab909-eb8f-4baf-9eed-7a4cc889cb7c,61:15:92:AE:B2:DC,,127,1762932209107
51678,1762932210437.0,0adab909-eb8f-4baf-9eed-7a4cc889cb7c,68:CA:C4:8A:40:9C,mbasg,-100,1762932209107
51679,1762932210502.0,0adab909-eb8f-4baf-9eed-7a4cc889cb7c,59:22:77:05:B6:55,Jabra Evolve2 65,-81,1762932209107
51680,1762932211452.0,0adab909-eb8f-4baf-9eed-7a4cc889cb7c,1F:BF:6B:22:8F:E2,,-91,1762932209107
51681,1762932211824.0,0adab909-eb8f-4baf-9eed-7a4cc889cb7c,64:9A:7D:A5:49:E1,,-86,1762932209107
51682,1762932211854.0,0adab909-eb8f-4baf-9eed-7a4cc889cb7c,6F:32:5A:3A:4B:CD,,-87,1762932209107
51683,1762932212433.0,0adab909-eb8f-4baf-9eed-7a4cc889cb7c,84:25:3F:A3:1F:C2,mitte-home MH22340108,-90,1762932209107
51684,1762932213331.0,0adab909-eb8f-4baf-9eed-7a4cc889cb7c,7E:45:FC:3A:94:55,,-83,1762932209107
51685,1762932904144.0,0adab909-eb8f-4baf-9eed-7a4cc889cb7c,49:41:C6:50:52:99,,-84,1762932904135
51686,1762932904195.0,0adab909-eb8f-4baf-9eed-7a4cc889cb7c,76:FF:5C:89:52:CD,,-87,1762932904135
51687,1762932904270.0,0adab909-eb8f-4baf-9eed-7a4cc889cb7c,C0:3C:59:48:48:D7,ODIONS-SR,-100,1762932904135
51688,1762932904842.0,0adab909-eb8f-4baf-9eed-7a4cc889cb7c,6C:D5:FF:CC:2B:0A,,-89,1762932904135
51689,1762932904861.0,0adab909-eb8f-4baf-9eed-7a4cc889cb7c,D8:CF:BF:51:E4:4D,,-79,1762932904135
51690,1762932905492.0,0adab909-eb8f-4baf-9eed-7a4cc889cb7c,5D:48:0F:56:B9:88,,-85,1762932904135
51691,1762932905513.0,0adab909-eb8f-4baf-9eed-7a4cc889cb7c,68:CA:C4:8A:40:9C,mbasg,-97,1762932904135
51692,1762932905829.0,0adab909-eb8f-4baf-9eed-7a4cc889cb7c,4B:73:23:A2:80:5E,,-79,1762932904135
51693,1762932909953.0,0adab909-eb8f-4baf-9eed-7a4cc889cb7c,5F:7B:88:32:CD:57,,-79,1762932904135
51694,1762932910297.0,0adab909-eb8f-4baf-9eed-7a4cc889cb7c,62:30:4E:95:CE:65,,-84,1762932904135
51695,1762933287063.0,0adab909-eb8f-4baf-9eed-7a4cc889cb7c,4B:73:23:A2:80:5E,,-79,1762933287048
51696,1762933287105.0,0adab909-eb8f-4baf-9eed-7a4cc889cb7c,76:FF:5C:89:52:CD,,-75,1762933287048
51697,1762933287128.0,0adab909-eb8f-4baf-9eed-7a4cc889cb7c,62:30:4E:95:CE:65,,-90,1762933287048
51698,1762933287450.0,0adab909-eb8f-4baf-9eed-7a4cc889cb7c,49:41:C6:50:52:99,,-77,1762933287048
51699,1762933287803.0,0adab909-eb8f-4baf-9eed-7a4cc889cb7c,6C:D5:FF:CC:2B:0A,,-83,1762933287048
51700,1762933288328.0,0adab909-eb8f-4baf-9eed-7a4cc889cb7c,C0:3C:59:48:48:D7,ODIONS-SR,-96,1762933287048
51701,1762933288421.0,0adab909-eb8f-4baf-9eed-7a4cc889cb7c,D8:CF:BF:51:E4:4D,,-65,1762933287048
51702,1762933289388.0,0adab909-eb8f-4baf-9eed-7a4cc889cb7c,5D:48:0F:56:B9:88,,-85,1762933287048
51703,1762933291002.0,0adab909-eb8f-4baf-9eed-7a4cc889cb7c,5F:7B:88:32:CD:57,,-81,1762933287048
51704,1762933291097.0,0adab909-eb8f-4baf-9eed-7a4cc889cb7c,68:CA:C4:8A:40:9C,mbasg,-100,1762933287048
51705,1762933298968.0,0adab909-eb8f-4baf-9eed-7a4cc889cb7c,41:58:BC:4A:EB:13,Jabra Evolve2 65,-81,1762933287048
51706,1762933952352.0,0adab909-eb8f-4baf-9eed-7a4cc889cb7c,5E:79:5F:D1:84:06,,-81,1762933951651
51707,1762933952375.0,0adab909-eb8f-4baf-9eed-7a4cc889cb7c,4F:AF:E7:41:FC:8F,,-81,1762933951651
51708,1762933952388.0,0adab909-eb8f-4baf-9eed-7a4cc889cb7c,D8:CF:BF:51:E4:4D,,-87,1762933951651
51709,1762933952609.0,0adab909-eb8f-4baf-9eed-7a4cc889cb7c,68:CA:C4:8A:40:9C,mbasg,-99,1762933951651
51710,1762933952702.0,0adab909-eb8f-4baf-9eed-7a4cc889cb7c,74:D7:3B:81:68:9A,,-85,1762933951651
51711,1762933952765.0,0adab909-eb8f-4baf-9eed-7a4cc889cb7c,68:CA:C4:8A:40:9C,mbasg,-94,1762933951651
51712,1762933952999.0,0adab909-eb8f-4baf-9eed-7a4cc889cb7c,4C:45:A2:08:C3:A1,,-88,1762933951651
51713,1762933953659.0,0adab909-eb8f-4baf-9eed-7a4cc889cb7c,49:E7:F3:F0:75:A6,,-87,1762933951651
51714,1762933953681.0,0adab909-eb8f-4baf-9eed-7a4cc889cb7c,5F:02:54:D7:69:24,,-93,1762933951651
51715,1762933953942.0,0adab909-eb8f-4baf-9eed-7a4cc889cb7c,40:0B:3B:5B:59:7B,,-92,1762933951651
51716,1762933953955.0,0adab909-eb8f-4baf-9eed-7a4cc889cb7c,46:20:AE:98:86:23,,-93,1762933951651
51717,1762933954437.0,0adab909-eb8f-4baf-9eed-7a4cc889cb7c,C0:3C:59:48:48:D7,ODIONS-SR,-95,1762933951651
51718,1762933957775.0,0adab909-eb8f-4baf-9eed-7a4cc889cb7c,76:FF:5C:89:52:CD,,-87,1762933951651
51719,1762933959726.0,0adab909-eb8f-4baf-9eed-7a4cc889cb7c,49:CC:2D:D3:03:5A,,-90,1762933951651
51720,1762933959743.0,0adab909-eb8f-4baf-9eed-7a4cc889cb7c,5F:7B:88:32:CD:57,,-87,1762933951651
51721,1762933961679.0,0adab909-eb8f-4baf-9eed-7a4cc889cb7c,4A:2B:61:1E:5F:D9,,-90,1762933951651
51722,1762933962000.0,0adab909-eb8f-4baf-9eed-7a4cc889cb7c,70:00:1B:1B:FF:CA,,-89,1762933951651
51723,1762933963554.0,0adab909-eb8f-4baf-9eed-7a4cc889cb7c,61:99:CB:80:12:D1,,-91,1762933951651
51724,1762934581401.0,0adab909-eb8f-4baf-9eed-7a4cc889cb7c,5C:DA:B8:43:93:87,,-70,1762934581397
51725,1762934581417.0,0adab909-eb8f-4baf-9eed-7a4cc889cb7c,84:25:3F:A3:1F:C2,mitte-home MH22340108,-90,1762934581397
51726,1762934581429.0,0adab909-eb8f-4baf-9eed-7a4cc889cb7c,58:B9:41:3C:18:BF,,-81,1762934581397
51727,1762934581439.0,0adab909-eb8f-4baf-9eed-7a4cc889cb7c,51:05:E9:70:45:34,,-84,1762934581397
51728,1762934581449.0,0adab909-eb8f-4baf-9eed-7a4cc889cb7c,45:AD:3D:56:A7:BE,,-84,1762934581397
51729,1762934581568.0,0adab909-eb8f-4baf-9eed-7a4cc889cb7c,5D:2F:9A:26:FB:0E,,-76,1762934581397
51730,1762934581819.0,0adab909-eb8f-4baf-9eed-7a4cc889cb7c,C0:3C:59:48:48:D7,ODIONS-SR,-85,1762934581397
51731,1762934581841.0,0adab909-eb8f-4baf-9eed-7a4cc889cb7c,5B:3F:BA:F4:E2:CC,,-76,1762934581397
51732,1762934581857.0,0adab909-eb8f-4baf-9eed-7a4cc889cb7c,75:42:32:13:D8:0E,,-72,1762934581397
51733,1762934581875.0,0adab909-eb8f-4baf-9eed-7a4cc889cb7c,70:89:EE:02:CE:2D,,-72,1762934581397
51734,1762934581887.0,0adab909-eb8f-4baf-9eed-7a4cc889cb7c,49:E7:F3:F0:75:A6,,-69,1762934581397
51735,1762934581897.0,0adab909-eb8f-4baf-9eed-7a4cc889cb7c,53:C2:FB:FB:EC:A8,,-72,1762934581397
51736,1762934582160.0,0adab909-eb8f-4baf-9eed-7a4cc889cb7c,49:CC:2D:D3:03:5A,,-80,1762934581397
51737,1762934582179.0,0adab909-eb8f-4baf-9eed-7a4cc889cb7c,70:00:1B:1B:FF:CA,,-77,1762934581397
51738,1762934582604.0,0adab909-eb8f-4baf-9eed-7a4cc889cb7c,68:CA:C4:8A:40:9C,mbasg,-86,1762934581397
51739,1762934582788.0,0adab909-eb8f-4baf-9eed-7a4cc889cb7c,D8:CF:BF:51:E4:4D,,-70,1762934581397
51740,1762934583784.0,0adab909-eb8f-4baf-9eed-7a4cc889cb7c,53:D3:A1:17:1C:7F,,-92,1762934581397
51741,1762934586678.0,0adab909-eb8f-4baf-9eed-7a4cc889cb7c,4C:45:A2:08:C3:A1,,-76,1762934581397
51742,1762934586980.0,0adab909-eb8f-4baf-9eed-7a4cc889cb7c,61:99:CB:80:12:D1,,-88,1762934581397
51743,1762934588602.0,0adab909-eb8f-4baf-9eed-7a4cc889cb7c,55:A2:BC:0B:7A:CC,Jabra Evolve2 65,-87,1762934581397
51744,1762934589239.0,0adab909-eb8f-4baf-9eed-7a4cc889cb7c,63:82:90:7C:DA:99,Jabra Evolve2 65,-76,1762934581397
51745,1762934589563.0,0adab909-eb8f-4baf-9eed-7a4cc889cb7c,77:B4:64:CB:62:7E,Jabra Evolve2 65,-78,1762934581397
51746,1762934590223.0,0adab909-eb8f-4baf-9eed-7a4cc889cb7c,2D:DF:CB:96:E1:CE,,-88,1762934581397
51747,1762934591851.0,0adab909-eb8f-4baf-9eed-7a4cc889cb7c,05:87:41:4B:96:C3,,-93,1762934581397
51748,1762934592104.0,0adab909-eb8f-4baf-9eed-7a4cc889cb7c,66:5F:32:00:CF:A9,,-74,1762934581397
51749,1762934593694.0,0adab909-eb8f-4baf-9eed-7a4cc889cb7c,4A:2B:61:1E:5F:D9,,-73,1762934581397
51750,1762935147139.0,0adab909-eb8f-4baf-9eed-7a4cc889cb7c,98:04:ED:A2:3E:1C,S295b50867b2bc14bC,-84,1762935147080
51751,1762935147510.0,0adab909-eb8f-4baf-9eed-7a4cc889cb7c,5E:CB:67:66:69:36,,-81,1762935147080
51752,1762935147532.0,0adab909-eb8f-4baf-9eed-7a4cc889cb7c,7E:9A:39:26:E7:9D,,-87,1762935147080
51753,1762935147577.0,0adab909-eb8f-4baf-9eed-7a4cc889cb7c,68:CA:C4:8A:40:9C,mbasg,-99,1762935147080
51754,1762935147835.0,0adab909-eb8f-4baf-9eed-7a4cc889cb7c,20:48:5F:7F:A4:5A,,-88,1762935147080
51755,1762935147853.0,0adab909-eb8f-4baf-9eed-7a4cc889cb7c,58:B9:41:3C:18:BF,,-88,1762935147080
51756,1762935147864.0,0adab909-eb8f-4baf-9eed-7a4cc889cb7c,2F:7B:9B:69:D6:BB,,-82,1762935147080
51757,1762935147874.0,0adab909-eb8f-4baf-9eed-7a4cc889cb7c,5F:0D:74:88:7A:65,,-85,1762935147080
51758,1762935148096.0,0adab909-eb8f-4baf-9eed-7a4cc889cb7c,68:CA:C4:8A:40:9C,mbasg,-100,1762935147080
51759,1762935148122.0,0adab909-eb8f-4baf-9eed-7a4cc889cb7c,77:B4:64:CB:62:7E,Jabra Evolve2 65,-87,1762935147080
51760,1762935148136.0,0adab909-eb8f-4baf-9eed-7a4cc889cb7c,05:BC:8B:E2:F5:AF,,-87,1762935147080
51761,1762935148149.0,0adab909-eb8f-4baf-9eed-7a4cc889cb7c,45:AD:3D:56:A7:BE,,-89,1762935147080
51762,1762935148162.0,0adab909-eb8f-4baf-9eed-7a4cc889cb7c,65:45:E0:A0:7D:72,,-83,1762935147080
51763,1762935148434.0,0adab909-eb8f-4baf-9eed-7a4cc889cb7c,84:25:3F:A3:1F:C2,mitte-home MH22340108,-86,1762935147080
51764,1762935148789.0,0adab909-eb8f-4baf-9eed-7a4cc889cb7c,6F:CD:FB:87:CD:9E,Jabra Evolve2 65,-81,1762935147080
51765,1762935148963.0,0adab909-eb8f-4baf-9eed-7a4cc889cb7c,C0:3C:59:48:48:D7,ODIONS-SR,-78,1762935147080
51766,1762935149128.0,0adab909-eb8f-4baf-9eed-7a4cc889cb7c,4E:65:1E:76:1E:1A,,-84,1762935147080
51767,1762935149399.0,0adab909-eb8f-4baf-9eed-7a4cc889cb7c,48:A0:E8:61:8D:AE,,-83,1762935147080
51768,1762935149415.0,0adab909-eb8f-4baf-9eed-7a4cc889cb7c,15:23:DF:86:EB:B1,,-77,1762935147080
51769,1762935149779.0,0adab909-eb8f-4baf-9eed-7a4cc889cb7c,70:3B:47:37:C4:EE,,-83,1762935147080
51770,1762935150375.0,0adab909-eb8f-4baf-9eed-7a4cc889cb7c,D8:CF:BF:51:E4:4D,,-87,1762935147080
51771,1762935150402.0,0adab909-eb8f-4baf-9eed-7a4cc889cb7c,41:41:AA:B8:BB:33,,-67,1762935147080
51772,1762935150762.0,0adab909-eb8f-4baf-9eed-7a4cc889cb7c,5D:2F:9A:26:FB:0E,,-94,1762935147080
51773,1762935151020.0,0adab909-eb8f-4baf-9eed-7a4cc889cb7c,51:05:E9:70:45:34,,-87,1762935147080
51774,1762935151957.0,0adab909-eb8f-4baf-9eed-7a4cc889cb7c,49:E7:F3:F0:75:A6,,-78,1762935147080
51775,1762935153286.0,0adab909-eb8f-4baf-9eed-7a4cc889cb7c,53:0C:33:64:F7:05,,-82,1762935147080
51776,1762935153903.0,0adab909-eb8f-4baf-9eed-7a4cc889cb7c,67:2B:3B:43:62:EE,,-77,1762935147080
51777,1762935881057.0,0adab909-eb8f-4baf-9eed-7a4cc889cb7c,57:EC:2A:84:01:AA,,-90,1762935881054
51778,1762935881070.0,0adab909-eb8f-4baf-9eed-7a4cc889cb7c,98:04:ED:A2:3E:1C,S295b50867b2bc14bC,-79,1762935881054
51779,1762935881082.0,0adab909-eb8f-4baf-9eed-7a4cc889cb7c,84:25:3F:A3:1F:C2,mitte-home MH22340108,-91,1762935881054
51780,1762935881103.0,0adab909-eb8f-4baf-9eed-7a4cc889cb7c,68:CA:C4:8A:40:9C,mbasg,-94,1762935881054
51781,1762935881122.0,0adab909-eb8f-4baf-9eed-7a4cc889cb7c,C0:3C:59:48:48:D7,ODIONS-SR,-74,1762935881054
51782,1762935881245.0,0adab909-eb8f-4baf-9eed-7a4cc889cb7c,7F:30:0A:42:1D:A1,,-71,1762935881054
51783,1762935881555.0,0adab909-eb8f-4baf-9eed-7a4cc889cb7c,5F:0D:74:88:7A:65,,-92,1762935881054
51784,1762935881574.0,0adab909-eb8f-4baf-9eed-7a4cc889cb7c,64:2F:83:48:4D:04,,-93,1762935881054
51785,1762935881588.0,0adab909-eb8f-4baf-9eed-7a4cc889cb7c,2E:6F:65:E3:16:85,,-78,1762935881054
51786,1762935881598.0,0adab909-eb8f-4baf-9eed-7a4cc889cb7c,65:45:E0:A0:7D:72,,-90,1762935881054
51787,1762935881608.0,0adab909-eb8f-4baf-9eed-7a4cc889cb7c,D8:CF:BF:51:E4:4D,,-91,1762935881054
51788,1762935881891.0,0adab909-eb8f-4baf-9eed-7a4cc889cb7c,6E:F5:3D:1F:E2:16,,-88,1762935881054
51789,1762935881912.0,0adab909-eb8f-4baf-9eed-7a4cc889cb7c,73:11:31:84:0F:DB,,-93,1762935881054
51790,1762935881923.0,0adab909-eb8f-4baf-9eed-7a4cc889cb7c,4E:65:1E:76:1E:1A,,-82,1762935881054
51791,1762935882534.0,0adab909-eb8f-4baf-9eed-7a4cc889cb7c,53:0C:33:64:F7:05,,-78,1762935881054
51792,1762935882553.0,0adab909-eb8f-4baf-9eed-7a4cc889cb7c,7E:9A:39:26:E7:9D,,-89,1762935881054
51793,1762935883516.0,0adab909-eb8f-4baf-9eed-7a4cc889cb7c,6C:AA:EA:BC:0D:95,,-74,1762935881054
51794,1762935883879.0,0adab909-eb8f-4baf-9eed-7a4cc889cb7c,63:B4:AE:E7:ED:6E,,-87,1762935881054
51795,1762935884163.0,0adab909-eb8f-4baf-9eed-7a4cc889cb7c,45:71:90:FC:FE:7B,,-76,1762935881054
51796,1762935885104.0,0adab909-eb8f-4baf-9eed-7a4cc889cb7c,06:19:A7:94:41:2A,,-82,1762935881054
51797,1762935885137.0,0adab909-eb8f-4baf-9eed-7a4cc889cb7c,54:70:28:73:D9:03,,-90,1762935881054
51798,1762935886720.0,0adab909-eb8f-4baf-9eed-7a4cc889cb7c,78:F3:F2:F8:71:FC,Jabra Evolve2 65,-82,1762935881054
51799,1762935889611.0,0adab909-eb8f-4baf-9eed-7a4cc889cb7c,72:25:2A:4F:F1:7C,,-91,1762935881054
51800,1762935891538.0,0adab909-eb8f-4baf-9eed-7a4cc889cb7c,7B:88:7A:BE:57:42,,-93,1762935881054
51801,1762935892828.0,0adab909-eb8f-4baf-9eed-7a4cc889cb7c,6A:73:60:3E:27:8B,Jabra Evolve2 65,-84,1762935881054
51802,1762936670417.0,0adab909-eb8f-4baf-9eed-7a4cc889cb7c,C0:3C:59:48:48:D7,ODIONS-SR,-97,1762936670330
51803,1762936670467.0,0adab909-eb8f-4baf-9eed-7a4cc889cb7c,51:47:B5:6C:6A:04,,-89,1762936670330
51804,1762936670500.0,0adab909-eb8f-4baf-9eed-7a4cc889cb7c,66:F6:1E:7B:E3:B8,,-94,1762936670330
51805,1762936670514.0,0adab909-eb8f-4baf-9eed-7a4cc889cb7c,78:EB:E9:56:D3:01,,-94,1762936670330
51806,1762936670527.0,0adab909-eb8f-4baf-9eed-7a4cc889cb7c,7F:30:0A:42:1D:A1,,-74,1762936670330
51807,1762936670537.0,0adab909-eb8f-4baf-9eed-7a4cc889cb7c,70:EB:3E:8A:77:5C,,-92,1762936670330
51808,1762936670867.0,0adab909-eb8f-4baf-9eed-7a4cc889cb7c,55:F9:A3:D6:37:B4,,-79,1762936670330
51809,1762936670930.0,0adab909-eb8f-4baf-9eed-7a4cc889cb7c,68:CA:C4:8A:40:9C,mbasg,-100,1762936670330
51810,1762936671842.0,0adab909-eb8f-4baf-9eed-7a4cc889cb7c,1E:B0:E2:C8:D8:29,,-79,1762936670330
51811,1762936672084.0,0adab909-eb8f-4baf-9eed-7a4cc889cb7c,98:04:ED:A2:3E:1C,S295b50867b2bc14bC,-84,1762936670330
51812,1762936672102.0,0adab909-eb8f-4baf-9eed-7a4cc889cb7c,41:2F:6B:92:11:8E,,-96,1762936670330
51813,1762936672115.0,0adab909-eb8f-4baf-9eed-7a4cc889cb7c,84:25:3F:A3:1F:C2,mitte-home MH22340108,-90,1762936670330
51814,1762936672128.0,0adab909-eb8f-4baf-9eed-7a4cc889cb7c,17:38:FE:89:F9:4D,,-79,1762936670330
51815,1762936672473.0,0adab909-eb8f-4baf-9eed-7a4cc889cb7c,4C:2B:AF:A2:01:F6,,-90,1762936670330
51816,1762936672743.0,0adab909-eb8f-4baf-9eed-7a4cc889cb7c,7E:9E:84:8F:D9:BC,,-90,1762936670330
51817,1762936672760.0,0adab909-eb8f-4baf-9eed-7a4cc889cb7c,4B:8B:3E:75:5F:4D,,-81,1762936670330
51818,1762936673073.0,0adab909-eb8f-4baf-9eed-7a4cc889cb7c,56:79:F0:74:B4:A6,Jabra Evolve2 65,-88,1762936670330
51819,1762936674048.0,0adab909-eb8f-4baf-9eed-7a4cc889cb7c,7E:8B:D1:35:DD:DA,,-76,1762936670330
51820,1762936674090.0,0adab909-eb8f-4baf-9eed-7a4cc889cb7c,D8:CF:BF:51:E4:4D,,-89,1762936670330
51821,1762936674340.0,0adab909-eb8f-4baf-9eed-7a4cc889cb7c,52:01:D4:1A:DC:DE,,-94,1762936670330
51822,1762936674583.0,0adab909-eb8f-4baf-9eed-7a4cc889cb7c,68:CA:C4:8A:40:9C,mbasg,-100,1762936670330
51823,1762936675302.0,0adab909-eb8f-4baf-9eed-7a4cc889cb7c,45:71:90:FC:FE:7B,,-75,1762936670330
51824,1762936675690.0,0adab909-eb8f-4baf-9eed-7a4cc889cb7c,5F:B8:C7:D4:64:AF,Jabra Evolve2 65,-76,1762936670330
51825,1762936679044.0,0adab909-eb8f-4baf-9eed-7a4cc889cb7c,28:95:29:FA:4A:91,LAPTOP-5U0I60IN,-100,1762936670330
51826,1762936682073.0,0adab909-eb8f-4baf-9eed-7a4cc889cb7c,57:EC:2A:84:01:AA,,-84,1762936670330
51827,1762937269313.0,0adab909-eb8f-4baf-9eed-7a4cc889cb7c,98:04:ED:A2:3E:1C,S295b50867b2bc14bC,-85,1762937269309
51828,1762937269328.0,0adab909-eb8f-4baf-9eed-7a4cc889cb7c,84:25:3F:A3:1F:C2,mitte-home MH22340108,-85,1762937269309
51829,1762937269337.0,0adab909-eb8f-4baf-9eed-7a4cc889cb7c,0C:1D:6B:26:0C:79,,-76,1762937269309
51830,1762937269347.0,0adab909-eb8f-4baf-9eed-7a4cc889cb7c,41:31:A1:C5:FE:A6,,-89,1762937269309
51831,1762937269357.0,0adab909-eb8f-4baf-9eed-7a4cc889cb7c,49:C8:EB:64:33:61,,-87,1762937269309
51832,1762937269393.0,0adab909-eb8f-4baf-9eed-7a4cc889cb7c,68:CA:C4:8A:40:9C,mbasg,-97,1762937269309
51833,1762937269463.0,0adab909-eb8f-4baf-9eed-7a4cc889cb7c,C0:3C:59:48:48:D7,ODIONS-SR,-85,1762937269309
51834,1762937269822.0,0adab909-eb8f-4baf-9eed-7a4cc889cb7c,55:F9:A3:D6:37:B4,,-76,1762937269309
51835,1762937269847.0,0adab909-eb8f-4baf-9eed-7a4cc889cb7c,58:BF:9C:A1:34:B9,,-82,1762937269309
51836,1762937270156.0,0adab909-eb8f-4baf-9eed-7a4cc889cb7c,7F:AE:73:89:EF:B3,,-87,1762937269309
51837,1762937270454.0,0adab909-eb8f-4baf-9eed-7a4cc889cb7c,04:82:14:BE:4B:AA,,-88,1762937269309
51838,1762937270797.0,0adab909-eb8f-4baf-9eed-7a4cc889cb7c,5B:ED:2F:C3:77:57,,-85,1762937269309
51839,1762937271139.0,0adab909-eb8f-4baf-9eed-7a4cc889cb7c,61:21:5D:05:64:4E,,-92,1762937269309
51840,1762937271156.0,0adab909-eb8f-4baf-9eed-7a4cc889cb7c,24:1A:E1:98:1A:EF,,-76,1762937269309
51841,1762937272034.0,0adab909-eb8f-4baf-9eed-7a4cc889cb7c,7E:9E:84:8F:D9:BC,,-87,1762937269309
51842,1762937272051.0,0adab909-eb8f-4baf-9eed-7a4cc889cb7c,44:D5:F6:EE:F4:B3,,-80,1762937269309
51843,1762937272380.0,0adab909-eb8f-4baf-9eed-7a4cc889cb7c,5F:B8:C7:D4:64:AF,Jabra Evolve2 65,-75,1762937269309
51844,1762937272699.0,0adab909-eb8f-4baf-9eed-7a4cc889cb7c,55:F1:54:15:79:3E,,-81,1762937269309
51845,1762937273355.0,0adab909-eb8f-4baf-9eed-7a4cc889cb7c,6B:F0:95:9D:F9:55,,-92,1762937269309
51846,1762937273453.0,0adab909-eb8f-4baf-9eed-7a4cc889cb7c,68:CA:C4:8A:40:9C,mbasg,-100,1762937269309
51847,1762937276227.0,0adab909-eb8f-4baf-9eed-7a4cc889cb7c,44:E6:8E:5F:2B:32,,-70,1762937269309
51848,1762937277854.0,0adab909-eb8f-4baf-9eed-7a4cc889cb7c,4B:8B:3E:75:5F:4D,,-92,1762937269309
51849,1762937279135.0,0adab909-eb8f-4baf-9eed-7a4cc889cb7c,7F:E6:CD:E5:F8:BE,Jabra Evolve2 65,-90,1762937269309
51850,1762937280388.0,0adab909-eb8f-4baf-9eed-7a4cc889cb7c,54:EF:81:EF:EC:C6,,-65,1762937269309
51851,1762937281329.0,0adab909-eb8f-4baf-9eed-7a4cc889cb7c,43:4D:30:6A:BB:2F,,-91,1762937269309
51852,1762937570123.0,0adab909-eb8f-4baf-9eed-7a4cc889cb7c,7E:9E:84:8F:D9:BC,,-86,1762937570080
51853,1762937570257.0,0adab909-eb8f-4baf-9eed-7a4cc889cb7c,C0:3C:59:48:48:D7,ODIONS-SR,-78,1762937570080
51854,1762937570476.0,0adab909-eb8f-4baf-9eed-7a4cc889cb7c,4B:21:9C:50:99:B8,Jabra Evolve2 65,-74,1762937570080
51855,1762937570492.0,0adab909-eb8f-4baf-9eed-7a4cc889cb7c,98:04:ED:A2:3E:1C,S295b50867b2bc14bC,-77,1762937570080
51856,1762937570510.0,0adab909-eb8f-4baf-9eed-7a4cc889cb7c,55:F1:54:15:79:3E,,-82,1762937570080
51857,1762937570774.0,0adab909-eb8f-4baf-9eed-7a4cc889cb7c,24:1A:E1:98:1A:EF,,-80,1762937570080
51858,1762937570803.0,0adab909-eb8f-4baf-9eed-7a4cc889cb7c,55:F9:A3:D6:37:B4,,-87,1762937570080
51859,1762937571120.0,0adab909-eb8f-4baf-9eed-7a4cc889cb7c,3F:E5:0F:4E:6A:CD,,-82,1762937570080
51860,1762937571143.0,0adab909-eb8f-4baf-9eed-7a4cc889cb7c,29:58:E1:8E:D9:84,,-94,1762937570080
51861,1762937571154.0,0adab909-eb8f-4baf-9eed-7a4cc889cb7c,D8:CF:BF:51:E4:4D,,-87,1762937570080
51862,1762937571163.0,0adab909-eb8f-4baf-9eed-7a4cc889cb7c,84:25:3F:A3:1F:C2,mitte-home MH22340108,-83,1762937570080
51863,1762937571172.0,0adab909-eb8f-4baf-9eed-7a4cc889cb7c,44:D5:F6:EE:F4:B3,,-71,1762937570080
51864,1762937571429.0,0adab909-eb8f-4baf-9eed-7a4cc889cb7c,43:4D:30:6A:BB:2F,,-91,1762937570080
51865,1762937571467.0,0adab909-eb8f-4baf-9eed-7a4cc889cb7c,5B:ED:2F:C3:77:57,,-83,1762937570080
51866,1762937572129.0,0adab909-eb8f-4baf-9eed-7a4cc889cb7c,41:31:A1:C5:FE:A6,,-93,1762937570080
51867,1762937572733.0,0adab909-eb8f-4baf-9eed-7a4cc889cb7c,54:EF:81:EF:EC:C6,,-68,1762937570080
51868,1762937573076.0,0adab909-eb8f-4baf-9eed-7a4cc889cb7c,44:E6:8E:5F:2B:32,,-73,1762937570080
51869,1762937573102.0,0adab909-eb8f-4baf-9eed-7a4cc889cb7c,68:CA:C4:8A:40:9C,mbasg,-100,1762937570080
51870,1762937573366.0,0adab909-eb8f-4baf-9eed-7a4cc889cb7c,58:BF:9C:A1:34:B9,,-83,1762937570080
51871,1762937574019.0,0adab909-eb8f-4baf-9eed-7a4cc889cb7c,71:AA:80:0C:97:24,Jabra Evolve2 65,-85,1762937570080
51872,1762937574041.0,0adab909-eb8f-4baf-9eed-7a4cc889cb7c,78:EE:D5:42:A2:5A,,-86,1762937570080
51873,1762937574387.0,0adab909-eb8f-4baf-9eed-7a4cc889cb7c,59:8C:12:58:F8:B7,,-89,1762937570080
51874,1762937575980.0,0adab909-eb8f-4baf-9eed-7a4cc889cb7c,7F:AE:73:89:EF:B3,,-91,1762937570080
51875,1762937577650.0,0adab909-eb8f-4baf-9eed-7a4cc889cb7c,68:CA:C4:8A:40:9C,mbasg,-100,1762937570080
51876,1762937578204.0,0adab909-eb8f-4baf-9eed-7a4cc889cb7c,49:C8:EB:64:33:61,,-92,1762937570080
51877,1762938114103.0,0adab909-eb8f-4baf-9eed-7a4cc889cb7c,14:19:15:B9:64:54,,-78,1762938114086
51878,1762938114143.0,0adab909-eb8f-4baf-9eed-7a4cc889cb7c,7A:C7:08:08:9E:7E,,-72,1762938114086
51879,1762938114409.0,0adab909-eb8f-4baf-9eed-7a4cc889cb7c,C0:3C:59:48:48:D7,ODIONS-SR,-94,1762938114086
51880,1762938114460.0,0adab909-eb8f-4baf-9eed-7a4cc889cb7c,65:98:9B:65:C6:C5,,-76,1762938114086
51881,1762938114483.0,0adab909-eb8f-4baf-9eed-7a4cc889cb7c,43:4D:30:6A:BB:2F,,-83,1762938114086
51882,1762938114535.0,0adab909-eb8f-4baf-9eed-7a4cc889cb7c,59:8C:12:58:F8:B7,,-92,1762938114086
51883,1762938114793.0,0adab909-eb8f-4baf-9eed-7a4cc889cb7c,84:25:3F:A3:1F:C2,mitte-home MH22340108,-88,1762938114086
51884,1762938114815.0,0adab909-eb8f-4baf-9eed-7a4cc889cb7c,98:04:ED:A2:3E:1C,S295b50867b2bc14bC,-86,1762938114086
51885,1762938114833.0,0adab909-eb8f-4baf-9eed-7a4cc889cb7c,5B:ED:2F:C3:77:57,,-93,1762938114086
51886,1762938115111.0,0adab909-eb8f-4baf-9eed-7a4cc889cb7c,4B:0A:EB:99:5D:A0,,-66,1762938114086
51887,1762938115445.0,0adab909-eb8f-4baf-9eed-7a4cc889cb7c,53:B2:D7:44:A1:A1,,-87,1762938114086
51888,1762938115460.0,0adab909-eb8f-4baf-9eed-7a4cc889cb7c,03:1E:54:11:61:49,,-75,1762938114086
51889,1762938115637.0,0adab909-eb8f-4baf-9eed-7a4cc889cb7c,68:CA:C4:8A:40:9C,mbasg,-99,1762938114086
51890,1762938116486.0,0adab909-eb8f-4baf-9eed-7a4cc889cb7c,68:CA:C4:8A:40:9C,mbasg,-98,1762938114086
51891,1762938116695.0,0adab909-eb8f-4baf-9eed-7a4cc889cb7c,4B:21:9C:50:99:B8,Jabra Evolve2 65,-79,1762938114086
51892,1762938120695.0,0adab909-eb8f-4baf-9eed-7a4cc889cb7c,20:27:1B:F1:10:A6,,-87,1762938114086
51893,1762938120710.0,0adab909-eb8f-4baf-9eed-7a4cc889cb7c,55:F1:54:15:79:3E,,-85,1762938114086
51894,1762938123711.0,0adab909-eb8f-4baf-9eed-7a4cc889cb7c,58:BF:9C:A1:34:B9,,-91,1762938114086
51895,1762938827089.0,0adab909-eb8f-4baf-9eed-7a4cc889cb7c,98:04:ED:A2:3E:1C,S295b50867b2bc14bC,-83,1762938827058
51896,1762938827504.0,0adab909-eb8f-4baf-9eed-7a4cc889cb7c,4B:0A:EB:99:5D:A0,,-69,1762938827058
51897,1762938827577.0,0adab909-eb8f-4baf-9eed-7a4cc889cb7c,68:CA:C4:8A:40:9C,mbasg,-100,1762938827058
51898,1762938827662.0,0adab909-eb8f-4baf-9eed-7a4cc889cb7c,C0:3C:59:48:48:D7,ODIONS-SR,-85,1762938827058
51899,1762938827802.0,0adab909-eb8f-4baf-9eed-7a4cc889cb7c,75:06:ED:0C:78:46,,-87,1762938827058
51900,1762938827817.0,0adab909-eb8f-4baf-9eed-7a4cc889cb7c,74:97:06:ED:83:7F,,-87,1762938827058
51901,1762938827838.0,0adab909-eb8f-4baf-9eed-7a4cc889cb7c,84:25:3F:A3:1F:C2,mitte-home MH22340108,-82,1762938827058
51902,1762938828092.0,0adab909-eb8f-4baf-9eed-7a4cc889cb7c,65:C4:9F:B6:63:17,,-89,1762938827058
51903,1762938828456.0,0adab909-eb8f-4baf-9eed-7a4cc889cb7c,17:EA:D0:C6:4C:7D,,-73,1762938827058
51904,1762938828748.0,0adab909-eb8f-4baf-9eed-7a4cc889cb7c,52:FD:58:45:0A:D6,,-80,1762938827058
51905,1762938829285.0,0adab909-eb8f-4baf-9eed-7a4cc889cb7c,68:CA:C4:8A:40:9C,mbasg,-100,1762938827058
51906,1762938829373.0,0adab909-eb8f-4baf-9eed-7a4cc889cb7c,73:D3:E1:55:73:CF,,-92,1762938827058
51907,1762938829438.0,0adab909-eb8f-4baf-9eed-7a4cc889cb7c,75:C5:99:39:58:A0,,-75,1762938827058
51908,1762938829736.0,0adab909-eb8f-4baf-9eed-7a4cc889cb7c,65:98:9B:65:C6:C5,,-75,1762938827058
51909,1762938830062.0,0adab909-eb8f-4baf-9eed-7a4cc889cb7c,72:80:EC:29:01:0D,,-87,1762938827058
51910,1762938830395.0,0adab909-eb8f-4baf-9eed-7a4cc889cb7c,05:99:29:33:F4:D3,,-72,1762938827058
51911,1762938831003.0,0adab909-eb8f-4baf-9eed-7a4cc889cb7c,69:38:F5:0C:92:C1,,-89,1762938827058
51912,1762938831020.0,0adab909-eb8f-4baf-9eed-7a4cc889cb7c,5C:E6:1F:20:0F:9E,,-90,1762938827058
51913,1762938831323.0,0adab909-eb8f-4baf-9eed-7a4cc889cb7c,70:52:D9:72:34:BC,Jabra Evolve2 65,-93,1762938827058
51914,1762938831928.0,0adab909-eb8f-4baf-9eed-7a4cc889cb7c,77:52:78:2B:07:E8,,-82,1762938827058
51915,1762938831944.0,0adab909-eb8f-4baf-9eed-7a4cc889cb7c,57:2E:2B:EE:A2:E6,Jabra Evolve2 65,-84,1762938827058
51916,1762938832576.0,0adab909-eb8f-4baf-9eed-7a4cc889cb7c,44:FE:85:81:A1:66,,-87,1762938827058
51917,1762938835140.0,0adab909-eb8f-4baf-9eed-7a4cc889cb7c,52:00:82:DF:29:06,,-90,1762938827058
51918,1762938835527.0,0adab909-eb8f-4baf-9eed-7a4cc889cb7c,5C:A3:71:08:C2:72,,-90,1762938827058
51919,1762938835784.0,0adab909-eb8f-4baf-9eed-7a4cc889cb7c,2F:90:96:5F:E9:C3,,-86,1762938827058
51920,1762939427116.0,0adab909-eb8f-4baf-9eed-7a4cc889cb7c,98:04:ED:A2:3E:1C,S295b50867b2bc14bC,-77,1762939427071
51921,1762939427134.0,0adab909-eb8f-4baf-9eed-7a4cc889cb7c,05:99:29:33:F4:D3,,-79,1762939427071
51922,1762939427478.0,0adab909-eb8f-4baf-9eed-7a4cc889cb7c,77:01:AE:21:04:68,,-82,1762939427071
51923,1762939427504.0,0adab909-eb8f-4baf-9eed-7a4cc889cb7c,84:25:3F:A3:1F:C2,mitte-home MH22340108,-85,1762939427071
51924,1762939427608.0,0adab909-eb8f-4baf-9eed-7a4cc889cb7c,C0:3C:59:48:48:D7,ODIONS-SR,-80,1762939427071
51925,1762939428108.0,0adab909-eb8f-4baf-9eed-7a4cc889cb7c,7F:11:74:D5:56:E7,Jabra Evolve2 65,-74,1762939427071
51926,1762939428131.0,0adab909-eb8f-4baf-9eed-7a4cc889cb7c,38:4E:C3:A8:34:31,,-73,1762939427071
51927,1762939428410.0,0adab909-eb8f-4baf-9eed-7a4cc889cb7c,52:FD:58:45:0A:D6,,-81,1762939427071
51928,1762939429092.0,0adab909-eb8f-4baf-9eed-7a4cc889cb7c,58:AE:B1:9D:F8:E0,,-71,1762939427071
51929,1762939429108.0,0adab909-eb8f-4baf-9eed-7a4cc889cb7c,5A:92:08:35:F6:3C,,-68,1762939427071
51930,1762939429418.0,0adab909-eb8f-4baf-9eed-7a4cc889cb7c,65:98:9B:65:C6:C5,,-75,1762939427071
51931,1762939430363.0,0adab909-eb8f-4baf-9eed-7a4cc889cb7c,38:F9:F5:8D:88:59,,-96,1762939427071
51932,1762939431019.0,0adab909-eb8f-4baf-9eed-7a4cc889cb7c,55:C4:B6:8F:3A:D8,,-90,1762939427071
51933,1762939433556.0,0adab909-eb8f-4baf-9eed-7a4cc889cb7c,73:D3:E1:55:73:CF,,-91,1762939427071
51934,1762939434866.0,0adab909-eb8f-4baf-9eed-7a4cc889cb7c,6E:B6:76:8F:ED:A7,,-71,1762939427071
51935,1762939994520.0,0adab909-eb8f-4baf-9eed-7a4cc889cb7c,5A:92:08:35:F6:3C,,-77,1762939994074
51936,1762939995473.0,0adab909-eb8f-4baf-9eed-7a4cc889cb7c,32:C9:1A:1E:79:EC,,-81,1762939994074
51937,1762939995940.0,0adab909-eb8f-4baf-9eed-7a4cc889cb7c,C0:3C:59:48:48:D7,ODIONS-SR,-86,1762939994074
51938,1762939996075.0,0adab909-eb8f-4baf-9eed-7a4cc889cb7c,74:DF:E0:72:4B:37,,-78,1762939994074
51939,1762939996731.0,0adab909-eb8f-4baf-9eed-7a4cc889cb7c,78:0F:3D:DB:FE:FD,,-96,1762939994074
51940,1762939997967.0,0adab909-eb8f-4baf-9eed-7a4cc889cb7c,1E:9C:B2:69:11:0C,,-87,1762939994074
51941,1762939997988.0,0adab909-eb8f-4baf-9eed-7a4cc889cb7c,98:04:ED:A2:3E:1C,S295b50867b2bc14bC,-86,1762939994074
51942,1762939998357.0,0adab909-eb8f-4baf-9eed-7a4cc889cb7c,D8:CF:BF:51:E4:4D,,-96,1762939994074
51943,1762939999021.0,0adab909-eb8f-4baf-9eed-7a4cc889cb7c,84:25:3F:A3:1F:C2,mitte-home MH22340108,-90,1762939994074
51944,1762940001214.0,0adab909-eb8f-4baf-9eed-7a4cc889cb7c,7F:11:74:D5:56:E7,Jabra Evolve2 65,-85,1762939994074
51945,1762940002838.0,0adab909-eb8f-4baf-9eed-7a4cc889cb7c,71:90:01:69:63:3B,,-88,1762939994074
51946,1762940003765.0,0adab909-eb8f-4baf-9eed-7a4cc889cb7c,56:92:FB:06:BF:B3,,-71,1762939994074
51947,1762940006035.0,0adab909-eb8f-4baf-9eed-7a4cc889cb7c,77:01:AE:21:04:68,,-88,1762939994074
51948,1762940006648.0,0adab909-eb8f-4baf-9eed-7a4cc889cb7c,6E:B6:76:8F:ED:A7,,-80,1762939994074
51949,1762940534093.0,0adab909-eb8f-4baf-9eed-7a4cc889cb7c,6E:06:BB:35:A1:21,,-89,1762940534054
51950,1762940534135.0,0adab909-eb8f-4baf-9eed-7a4cc889cb7c,32:C9:1A:1E:79:EC,,-76,1762940534054
51951,1762940534450.0,0adab909-eb8f-4baf-9eed-7a4cc889cb7c,65:22:50:79:E0:88,Jabra Evolve2 65,-91,1762940534054
51952,1762940534504.0,0adab909-eb8f-4baf-9eed-7a4cc889cb7c,98:04:ED:A2:3E:1C,S295b50867b2bc14bC,-88,1762940534054
51953,1762940535106.0,0adab909-eb8f-4baf-9eed-7a4cc889cb7c,36:B1:19:58:A4:63,,-86,1762940534054
51954,1762940535180.0,0adab909-eb8f-4baf-9eed-7a4cc889cb7c,5D:C0:E9:BE:66:D0,,-72,1762940534054
51955,1762940535424.0,0adab909-eb8f-4baf-9eed-7a4cc889cb7c,84:25:3F:A3:1F:C2,mitte-home MH22340108,-93,1762940534054
51956,1762940536091.0,0adab909-eb8f-4baf-9eed-7a4cc889cb7c,C0:3C:59:48:48:D7,ODIONS-SR,-78,1762940534054
51957,1762940536382.0,0adab909-eb8f-4baf-9eed-7a4cc889cb7c,43:9F:4B:35:46:C9,,-71,1762940534054
51958,1762940536995.0,0adab909-eb8f-4baf-9eed-7a4cc889cb7c,74:DF:E0:72:4B:37,,-76,1762940534054
51959,1762940537014.0,0adab909-eb8f-4baf-9eed-7a4cc889cb7c,56:92:FB:06:BF:B3,,-66,1762940534054
51960,1762940543088.0,0adab909-eb8f-4baf-9eed-7a4cc889cb7c,5B:66:3B:2E:26:5B,,-87,1762940534054
51961,1762941187144.0,0adab909-eb8f-4baf-9eed-7a4cc889cb7c,07:AC:F0:69:55:22,,-76,1762941187104
51962,1762941187165.0,0adab909-eb8f-4baf-9eed-7a4cc889cb7c,71:B2:E1:4A:E0:C9,,-74,1762941187104
51963,1762941187195.0,0adab909-eb8f-4baf-9eed-7a4cc889cb7c,98:04:ED:A2:3E:1C,S295b50867b2bc14bC,-79,1762941187104
51964,1762941187675.0,0adab909-eb8f-4baf-9eed-7a4cc889cb7c,C0:3C:59:48:48:D7,ODIONS-SR,-73,1762941187104
51965,1762941187883.0,0adab909-eb8f-4baf-9eed-7a4cc889cb7c,68:E8:F7:B8:8A:9E,,-72,1762941187104
51966,1762941188506.0,0adab909-eb8f-4baf-9eed-7a4cc889cb7c,5D:C0:E9:BE:66:D0,,-67,1762941187104
51967,1762941188525.0,0adab909-eb8f-4baf-9eed-7a4cc889cb7c,84:25:3F:A3:1F:C2,mitte-home MH22340108,-87,1762941187104
51968,1762941188812.0,0adab909-eb8f-4baf-9eed-7a4cc889cb7c,60:79:82:F1:39:07,,-85,1762941187104
51969,1762941189440.0,0adab909-eb8f-4baf-9eed-7a4cc889cb7c,D8:CF:BF:51:E4:4D,,-88,1762941187104
51970,1762941191036.0,0adab909-eb8f-4baf-9eed-7a4cc889cb7c,75:5E:12:C1:F3:97,,-66,1762941187104
51971,1762941191057.0,0adab909-eb8f-4baf-9eed-7a4cc889cb7c,62:24:5E:9F:AB:C7,,-84,1762941187104
51972,1762941191374.0,0adab909-eb8f-4baf-9eed-7a4cc889cb7c,6E:06:BB:35:A1:21,,-92,1762941187104
51973,1762941192002.0,0adab909-eb8f-4baf-9eed-7a4cc889cb7c,0D:F8:B8:64:70:D9,,-80,1762941187104
51974,1762941192016.0,0adab909-eb8f-4baf-9eed-7a4cc889cb7c,67:F3:F0:CF:18:92,,-88,1762941187104
51975,1762941192330.0,0adab909-eb8f-4baf-9eed-7a4cc889cb7c,76:89:35:1A:FA:3D,,-88,1762941187104
51976,1762941192350.0,0adab909-eb8f-4baf-9eed-7a4cc889cb7c,48:1D:F4:1A:9C:D9,Jabra Evolve2 5,-90,1762941187104
51977,1762941193915.0,0adab909-eb8f-4baf-9eed-7a4cc889cb7c,6A:B7:B6:7B:53:47,,-91,1762941187104
51978,1762941195215.0,0adab909-eb8f-4baf-9eed-7a4cc889cb7c,45:D8:DF:EA:1A:BB,Jabra Evolve2 65,-74,1762941187104
51979,1762941197775.0,0adab909-eb8f-4baf-9eed-7a4cc889cb7c,66:9E:4E:53:D5:EB,Jabra Evolve2 65,-82,1762941187104
51980,1762941199095.0,0adab909-eb8f-4baf-9eed-7a4cc889cb7c,43:9F:4B:35:46:C9,,-67,1762941187104
51981,1762941717763.0,0adab909-eb8f-4baf-9eed-7a4cc889cb7c,6C:EE:4C:C2:6C:58,,-61,1762941717709
51982,1762941717779.0,0adab909-eb8f-4baf-9eed-7a4cc889cb7c,06:A8:8B:ED:48:57,,-85,1762941717709
51983,1762941717788.0,0adab909-eb8f-4baf-9eed-7a4cc889cb7c,98:04:ED:A2:3E:1C,S295b50867b2bc14bC,-85,1762941717709
51984,1762941718759.0,0adab909-eb8f-4baf-9eed-7a4cc889cb7c,6E:06:BB:35:A1:21,,-86,1762941717709
51985,1762941719062.0,0adab909-eb8f-4baf-9eed-7a4cc889cb7c,59:0B:81:84:0C:54,,-70,1762941717709
51986,1762941719076.0,0adab909-eb8f-4baf-9eed-7a4cc889cb7c,76:89:35:1A:FA:3D,,-86,1762941717709
51987,1762941719402.0,0adab909-eb8f-4baf-9eed-7a4cc889cb7c,60:79:82:F1:39:07,,-84,1762941717709
51988,1762941720027.0,0adab909-eb8f-4baf-9eed-7a4cc889cb7c,34:DC:36:0A:21:E0,,-70,1762941717709
51989,1762941720372.0,0adab909-eb8f-4baf-9eed-7a4cc889cb7c,84:25:3F:A3:1F:C2,mitte-home MH22340108,-85,1762941717709
51990,1762941721013.0,0adab909-eb8f-4baf-9eed-7a4cc889cb7c,45:D8:DF:EA:1A:BB,Jabra Evolve2 65,-80,1762941717709
51991,1762941721612.0,0adab909-eb8f-4baf-9eed-7a4cc889cb7c,68:E8:F7:B8:8A:9E,,-72,1762941717709
51992,1762941722587.0,0adab909-eb8f-4baf-9eed-7a4cc889cb7c,43:35:62:CB:34:50,,-91,1762941717709
51993,1762941726894.0,0adab909-eb8f-4baf-9eed-7a4cc889cb7c,C0:3C:59:48:48:D7,ODIONS-SR,-79,1762941717709
51994,1762942277110.0,0adab909-eb8f-4baf-9eed-7a4cc889cb7c,68:E8:F7:B8:8A:9E,,-76,1762942277042
51995,1762942277129.0,0adab909-eb8f-4baf-9eed-7a4cc889cb7c,34:DC:36:0A:21:E0,,-72,1762942277042
51996,1762942277479.0,0adab909-eb8f-4baf-9eed-7a4cc889cb7c,4E:23:35:01:F7:AE,,-86,1762942277042
51997,1762942277783.0,0adab909-eb8f-4baf-9eed-7a4cc889cb7c,98:04:ED:A2:3E:1C,S295b50867b2bc14bC,-86,1762942277042
51998,1762942277811.0,0adab909-eb8f-4baf-9eed-7a4cc889cb7c,6C:EE:4C:C2:6C:58,,-61,1762942277042
51999,1762942278108.0,0adab909-eb8f-4baf-9eed-7a4cc889cb7c,84:25:3F:A3:1F:C2,mitte-home MH22340108,-91,1762942277042
52000,1762942278408.0,0adab909-eb8f-4baf-9eed-7a4cc889cb7c,2C:2B:4E:11:2C:7D,,-79,1762942277042
52001,1762942278871.0,0adab909-eb8f-4baf-9eed-7a4cc889cb7c,C0:3C:59:48:48:D7,ODIONS-SR,-79,1762942277042
52002,1762942279042.0,0adab909-eb8f-4baf-9eed-7a4cc889cb7c,4B:55:5F:A0:DA:90,Jabra Evolve2 65,-77,1762942277042
52003,1762942279692.0,0adab909-eb8f-4baf-9eed-7a4cc889cb7c,59:0B:81:84:0C:54,,-71,1762942277042
52004,1762942280361.0,0adab909-eb8f-4baf-9eed-7a4cc889cb7c,67:6B:4B:E8:5D:2C,,-77,1762942277042
52005,1762942280703.0,0adab909-eb8f-4baf-9eed-7a4cc889cb7c,6A:F4:D2:2C:1A:F0,,-86,1762942277042
52006,1762942282582.0,0adab909-eb8f-4baf-9eed-7a4cc889cb7c,49:5C:B5:74:F2:57,,-90,1762942277042
52007,1762942289279.0,0adab909-eb8f-4baf-9eed-7a4cc889cb7c,7A:D4:D1:45:64:52,,-88,1762942277042
52008,1762942904091.0,0adab909-eb8f-4baf-9eed-7a4cc889cb7c,98:04:ED:A2:3E:1C,S295b50867b2bc14bC,-82,1762942904004
52009,1762942904106.0,0adab909-eb8f-4baf-9eed-7a4cc889cb7c,36:3B:72:F1:33:35,,-78,1762942904004
52010,1762942904785.0,0adab909-eb8f-4baf-9eed-7a4cc889cb7c,32:CA:66:6D:CB:BE,,-82,1762942904004
52011,1762942905073.0,0adab909-eb8f-4baf-9eed-7a4cc889cb7c,4E:23:35:01:F7:AE,,-85,1762942904004
52012,1762942905628.0,0adab909-eb8f-4baf-9eed-7a4cc889cb7c,C0:3C:59:48:48:D7,ODIONS-SR,-75,1762942904004
52013,1762942905728.0,0adab909-eb8f-4baf-9eed-7a4cc889cb7c,45:FC:D1:C6:87:17,,-75,1762942904004
52014,1762942905994.0,0adab909-eb8f-4baf-9eed-7a4cc889cb7c,41:67:61:B3:58:B1,,-78,1762942904004
52015,1762942906027.0,0adab909-eb8f-4baf-9eed-7a4cc889cb7c,6A:F4:D2:2C:1A:F0,,-86,1762942904004
52016,1762942907014.0,0adab909-eb8f-4baf-9eed-7a4cc889cb7c,69:B3:76:40:97:56,Jabra Evolve2 65,-79,1762942904004
52017,1762942908289.0,0adab909-eb8f-4baf-9eed-7a4cc889cb7c,57:AC:EB:02:C5:BD,Jabra Evolve2 65,-88,1762942904004
52018,1762942908588.0,0adab909-eb8f-4baf-9eed-7a4cc889cb7c,78:B2:FB:18:CF:F1,,-79,1762942904004
52019,1762942909265.0,0adab909-eb8f-4baf-9eed-7a4cc889cb7c,78:66:AC:EE:5D:B4,,-64,1762942904004
52020,1762942910201.0,0adab909-eb8f-4baf-9eed-7a4cc889cb7c,84:25:3F:A3:1F:C2,mitte-home MH22340108,-88,1762942904004
52021,1762942913399.0,0adab909-eb8f-4baf-9eed-7a4cc889cb7c,7A:D4:D1:45:64:52,,-86,1762942904004
52022,1762942914982.0,0adab909-eb8f-4baf-9eed-7a4cc889cb7c,58:B1:2C:50:C1:73,,-76,1762942904004
52023,1762942915270.0,0adab909-eb8f-4baf-9eed-7a4cc889cb7c,5B:F5:A3:C6:8A:96,,-87,1762942904004
52024,1762943474041.0,0adab909-eb8f-4baf-9eed-7a4cc889cb7c,98:04:ED:A2:3E:1C,S295b50867b2bc14bC,-88,1762943474014
52025,1762943474086.0,0adab909-eb8f-4baf-9eed-7a4cc889cb7c,45:9D:A5:4D:DB:CA,,-74,1762943474014
52026,1762943474419.0,0adab909-eb8f-4baf-9eed-7a4cc889cb7c,17:30:3E:41:26:6A,,-75,1762943474014
52027,1762943474455.0,0adab909-eb8f-4baf-9eed-7a4cc889cb7c,7F:DA:DC:BF:4D:39,,-90,1762943474014
52028,1762943474487.0,0adab909-eb8f-4baf-9eed-7a4cc889cb7c,84:25:3F:A3:1F:C2,mitte-home MH22340108,-90,1762943474014
52029,1762943474753.0,0adab909-eb8f-4baf-9eed-7a4cc889cb7c,45:FC:D1:C6:87:17,,-73,1762943474014
52030,1762943475095.0,0adab909-eb8f-4baf-9eed-7a4cc889cb7c,3B:93:2A:F6:8E:2F,,-75,1762943474014
52031,1762943475279.0,0adab909-eb8f-4baf-9eed-7a4cc889cb7c,C0:3C:59:48:48:D7,ODIONS-SR,-79,1762943474014
52032,1762943475384.0,0adab909-eb8f-4baf-9eed-7a4cc889cb7c,5B:63:F2:BF:F9:E8,,-84,1762943474014
52033,1762943475730.0,0adab909-eb8f-4baf-9eed-7a4cc889cb7c,46:49:FB:E7:C8:64,,-73,1762943474014
52034,1762943476371.0,0adab909-eb8f-4baf-9eed-7a4cc889cb7c,51:51:17:BE:DF:A2,,-86,1762943474014
52035,1762943478908.0,0adab909-eb8f-4baf-9eed-7a4cc889cb7c,53:F7:FE:1E:3A:4A,,-66,1762943474014
52036,1762943478946.0,0adab909-eb8f-4baf-9eed-7a4cc889cb7c,69:B3:76:40:97:56,Jabra Evolve2 65,-73,1762943474014
52037,1762943479888.0,0adab909-eb8f-4baf-9eed-7a4cc889cb7c,D8:CF:BF:51:E4:4D,,-92,1762943474014
52038,1762943480800.0,0adab909-eb8f-4baf-9eed-7a4cc889cb7c,75:BE:FB:A9:33:FB,,-84,1762943474014
52039,1762944106013.0,0adab909-eb8f-4baf-9eed-7a4cc889cb7c,71:B4:60:B5:68:4A,,-89,1762944105992
52040,1762944106402.0,0adab909-eb8f-4baf-9eed-7a4cc889cb7c,98:04:ED:A2:3E:1C,S295b50867b2bc14bC,-77,1762944105992
52041,1762944106431.0,0adab909-eb8f-4baf-9eed-7a4cc889cb7c,40:53:38:21:47:4E,,-81,1762944105992
52042,1762944106453.0,0adab909-eb8f-4baf-9eed-7a4cc889cb7c,7F:DA:DC:BF:4D:39,,-84,1762944105992
52043,1762944106474.0,0adab909-eb8f-4baf-9eed-7a4cc889cb7c,45:9D:A5:4D:DB:CA,,-70,1762944105992
52044,1762944106498.0,0adab909-eb8f-4baf-9eed-7a4cc889cb7c,C0:3C:59:48:48:D7,ODIONS-SR,-76,1762944105992
52045,1762944106751.0,0adab909-eb8f-4baf-9eed-7a4cc889cb7c,22:F2:3A:63:42:56,,-81,1762944105992
52046,1762944107009.0,0adab909-eb8f-4baf-9eed-7a4cc889cb7c,72:F2:56:03:B9:81,Jabra Evolve2 65,-88,1762944105992
52047,1762944107360.0,0adab909-eb8f-4baf-9eed-7a4cc889cb7c,45:FC:D1:C6:87:17,,-65,1762944105992
52048,1762944107404.0,0adab909-eb8f-4baf-9eed-7a4cc889cb7c,5B:63:F2:BF:F9:E8,,-88,1762944105992
52049,1762944107963.0,0adab909-eb8f-4baf-9eed-7a4cc889cb7c,10:3C:EE:0E:06:BF,,-82,1762944105992
52050,1762944108317.0,0adab909-eb8f-4baf-9eed-7a4cc889cb7c,75:BE:FB:A9:33:FB,,-81,1762944105992
52051,1762944108336.0,0adab909-eb8f-4baf-9eed-7a4cc889cb7c,84:25:3F:A3:1F:C2,mitte-home MH22340108,-89,1762944105992
52052,1762944108632.0,0adab909-eb8f-4baf-9eed-7a4cc889cb7c,58:B1:2C:50:C1:73,,-82,1762944105992
52053,1762944114058.0,0adab909-eb8f-4baf-9eed-7a4cc889cb7c,51:51:17:BE:DF:A2,,-85,1762944105992
52054,1762944115067.0,0adab909-eb8f-4baf-9eed-7a4cc889cb7c,62:14:D8:45:17:7F,,-91,1762944105992
52055,1762944115402.0,0adab909-eb8f-4baf-9eed-7a4cc889cb7c,78:09:37:45:9C:EF,,-71,1762944105992
52056,1762944117592.0,0adab909-eb8f-4baf-9eed-7a4cc889cb7c,5B:BD:6B:44:C1:9B,Jabra Evolve2 65,-88,1762944105992
52057,1762944713022.0,0adab909-eb8f-4baf-9eed-7a4cc889cb7c,3A:A4:32:E8:FE:D4,,-75,1762944713003
52058,1762944713036.0,0adab909-eb8f-4baf-9eed-7a4cc889cb7c,84:25:3F:A3:1F:C2,mitte-home MH22340108,-85,1762944713003
52059,1762944713047.0,0adab909-eb8f-4baf-9eed-7a4cc889cb7c,68:65:6B:69:C9:60,,-74,1762944713003
52060,1762944713078.0,0adab909-eb8f-4baf-9eed-7a4cc889cb7c,51:51:17:BE:DF:A2,,-90,1762944713003
52061,1762944713148.0,0adab909-eb8f-4baf-9eed-7a4cc889cb7c,C0:3C:59:48:48:D7,ODIONS-SR,-74,1762944713003
52062,1762944713399.0,0adab909-eb8f-4baf-9eed-7a4cc889cb7c,98:04:ED:A2:3E:1C,S295b50867b2bc14bC,-85,1762944713003
52063,1762944713431.0,0adab909-eb8f-4baf-9eed-7a4cc889cb7c,65:C2:06:B0:0F:B1,,-85,1762944713003
52064,1762944713450.0,0adab909-eb8f-4baf-9eed-7a4cc889cb7c,3F:8C:F5:E0:69:9C,,-86,1762944713003
52065,1762944713756.0,0adab909-eb8f-4baf-9eed-7a4cc889cb7c,5D:DC:54:69:84:86,,-66,1762944713003
52066,1762944714046.0,0adab909-eb8f-4baf-9eed-7a4cc889cb7c,75:BE:FB:A9:33:FB,,-90,1762944713003
52067,1762944714394.0,0adab909-eb8f-4baf-9eed-7a4cc889cb7c,5F:19:F3:F6:0D:8C,,-63,1762944713003
52068,1762944714447.0,0adab909-eb8f-4baf-9eed-7a4cc889cb7c,56:02:A4:58:FD:E5,,-88,1762944713003
52069,1762944715992.0,0adab909-eb8f-4baf-9eed-7a4cc889cb7c,68:B1:92:44:97:48,,-65,1762944713003
52070,1762944716316.0,0adab909-eb8f-4baf-9eed-7a4cc889cb7c,D8:CF:BF:51:E4:4D,,-88,1762944713003
52071,1762944718259.0,0adab909-eb8f-4baf-9eed-7a4cc889cb7c,71:B1:9A:47:26:47,,-90,1762944713003
52072,1762944720767.0,0adab909-eb8f-4baf-9eed-7a4cc889cb7c,58:A0:CB:3B:7C:CE,Jabra Evolve2 65,-87,1762944713003
52073,1762944721442.0,0adab909-eb8f-4baf-9eed-7a4cc889cb7c,4B:7F:F3:F1:F7:9B,Jabra Evolve2 65,-76,1762944713003
52074,1762944721477.0,0adab909-eb8f-4baf-9eed-7a4cc889cb7c,73:93:4D:CC:60:07,,-59,1762944713003
52075,1762944725570.0,0adab909-eb8f-4baf-9eed-7a4cc889cb7c,42:01:AC:2D:DF:95,,-71,1762944713003
52076,1762945425431.0,0adab909-eb8f-4baf-9eed-7a4cc889cb7c,98:04:ED:A2:3E:1C,S295b50867b2bc14bC,-83,1762945425426
52077,1762945425458.0,0adab909-eb8f-4baf-9eed-7a4cc889cb7c,84:25:3F:A3:1F:C2,mitte-home MH22340108,-86,1762945425426
52078,1762945425484.0,0adab909-eb8f-4baf-9eed-7a4cc889cb7c,7E:9D:DF:29:8D:27,,-84,1762945425426
52079,1762945425540.0,0adab909-eb8f-4baf-9eed-7a4cc889cb7c,29:99:18:B4:52:03,,-82,1762945425426
52080,1762945425577.0,0adab909-eb8f-4baf-9eed-7a4cc889cb7c,5F:19:F3:F6:0D:8C,,-79,1762945425426
52081,1762945426851.0,0adab909-eb8f-4baf-9eed-7a4cc889cb7c,4D:CF:B2:F3:29:BA,,-88,1762945425426
52082,1762945426891.0,0adab909-eb8f-4baf-9eed-7a4cc889cb7c,63:4B:05:64:95:3C,,-87,1762945425426
52083,1762945426926.0,0adab909-eb8f-4baf-9eed-7a4cc889cb7c,61:DD:3C:54:0C:39,,-73,1762945425426
52084,1762945427824.0,0adab909-eb8f-4baf-9eed-7a4cc889cb7c,5D:DC:54:69:84:86,,-72,1762945425426
52085,1762945428703.0,0adab909-eb8f-4baf-9eed-7a4cc889cb7c,C0:3C:59:48:48:D7,ODIONS-SR,-68,1762945425426
52086,1762945430003.0,0adab909-eb8f-4baf-9eed-7a4cc889cb7c,56:02:A4:58:FD:E5,,-86,1762945425426
52087,1762945430041.0,0adab909-eb8f-4baf-9eed-7a4cc889cb7c,4B:7F:F3:F1:F7:9B,Jabra Evolve2 65,-84,1762945425426
52088,1762945430067.0,0adab909-eb8f-4baf-9eed-7a4cc889cb7c,71:B1:9A:47:26:47,,-84,1762945425426
52089,1762945432578.0,0adab909-eb8f-4baf-9eed-7a4cc889cb7c,D8:CF:BF:51:E4:4D,,-85,1762945425426
52090,1762945432619.0,0adab909-eb8f-4baf-9eed-7a4cc889cb7c,42:01:AC:2D:DF:95,,-69,1762945425426
52091,1762945433241.0,0adab909-eb8f-4baf-9eed-7a4cc889cb7c,71:41:8B:05:5E:0B,,-79,1762945425426
52092,1762945916097.0,0adab909-eb8f-4baf-9eed-7a4cc889cb7c,84:25:3F:A3:1F:C2,mitte-home MH22340108,-73,1762945916022
52093,1762945916456.0,0adab909-eb8f-4baf-9eed-7a4cc889cb7c,74:7B:98:24:23:B8,Jabra Evolve2 5,-70,1762945916022
52094,1762945916757.0,0adab909-eb8f-4baf-9eed-7a4cc889cb7c,12:92:F5:E2:58:4E,,-93,1762945916022
52095,1762945917397.0,0adab909-eb8f-4baf-9eed-7a4cc889cb7c,6D:9D:9C:13:79:A9,,-91,1762945916022
52096,1762945919650.0,0adab909-eb8f-4baf-9eed-7a4cc889cb7c,CA:43:3B:D4:A2:CC,,-77,1762945916022
52097,1762945921220.0,0adab909-eb8f-4baf-9eed-7a4cc889cb7c,4F:B4:65:99:AC:1E,,-90,1762945916022
52098,1762945922788.0,0adab909-eb8f-4baf-9eed-7a4cc889cb7c,C0:3C:59:48:48:D7,ODIONS-SR,-100,1762945916022
52099,1762945923138.0,0adab909-eb8f-4baf-9eed-7a4cc889cb7c,98:04:ED:A2:3E:1C,S295b50867b2bc14bC,-90,1762945916022
52100,1762945924080.0,0adab909-eb8f-4baf-9eed-7a4cc889cb7c,5D:64:DD:0C:3F:8C,,-90,1762945916022
52101,1762945928304.0,0adab909-eb8f-4baf-9eed-7a4cc889cb7c,7E:9D:DF:29:8D:27,,-93,1762945916022
52102,1762946526012.0,0adab909-eb8f-4baf-9eed-7a4cc889cb7c,06:02:9F:CD:18:E8,,-95,1762946525990
52103,1762946526396.0,0adab909-eb8f-4baf-9eed-7a4cc889cb7c,7E:AB:DE:90:72:4A,,-77,1762946525990
52104,1762946526426.0,0adab909-eb8f-4baf-9eed-7a4cc889cb7c,7C:92:0A:DE:B6:7C,,-55,1762946525990
52105,1762946527044.0,0adab909-eb8f-4baf-9eed-7a4cc889cb7c,3F:F0:E6:2C:38:77,,-83,1762946525990
52106,1762946528953.0,0adab909-eb8f-4baf-9eed-7a4cc889cb7c,6F:E8:3E:07:E6:63,,-74,1762946525990
52107,1762946530353.0,0adab909-eb8f-4baf-9eed-7a4cc889cb7c,C0:3C:59:48:48:D7,ODIONS-SR,-85,1762946525990
52108,1762946530566.0,0adab909-eb8f-4baf-9eed-7a4cc889cb7c,45:7E:9C:DF:25:8C,,-63,1762946525990
52109,1762946531205.0,0adab909-eb8f-4baf-9eed-7a4cc889cb7c,52:B8:C7:22:A6:58,,-86,1762946525990
52110,1762946533137.0,0adab909-eb8f-4baf-9eed-7a4cc889cb7c,6F:86:DF:A9:05:09,Jabra Evolve2 65,-90,1762946525990
52111,1762946533458.0,0adab909-eb8f-4baf-9eed-7a4cc889cb7c,79:9E:1E:F8:75:50,,-91,1762946525990
52112,1762946533792.0,0adab909-eb8f-4baf-9eed-7a4cc889cb7c,63:62:6F:11:F2:6E,Jabra Evolve2 65,-73,1762946525990
52113,1762946534087.0,0adab909-eb8f-4baf-9eed-7a4cc889cb7c,98:04:ED:A2:3E:1C,S295b50867b2bc14bC,-90,1762946525990
52114,1762946536002.0,0adab909-eb8f-4baf-9eed-7a4cc889cb7c,5B:A4:16:93:D4:76,,-87,1762946525990
52115,1762946536043.0,0adab909-eb8f-4baf-9eed-7a4cc889cb7c,84:25:3F:A3:1F:C2,mitte-home MH22340108,-95,1762946525990
52116,1762947200079.0,0adab909-eb8f-4baf-9eed-7a4cc889cb7c,50:E1:BC:BE:67:F2,,-82,1762947199994
52117,1762947200381.0,0adab909-eb8f-4baf-9eed-7a4cc889cb7c,84:25:3F:A3:1F:C2,mitte-home MH22340108,-61,1762947199994
52118,1762947200424.0,0adab909-eb8f-4baf-9eed-7a4cc889cb7c,6B:8E:76:EC:13:52,,-79,1762947199994
52119,1762947200438.0,0adab909-eb8f-4baf-9eed-7a4cc889cb7c,46:20:E5:D6:71:FA,,-86,1762947199994
52120,1762947201679.0,0adab909-eb8f-4baf-9eed-7a4cc889cb7c,00:B0:A2:68:9A:59,,-91,1762947199994
52121,1762947202064.0,0adab909-eb8f-4baf-9eed-7a4cc889cb7c,98:04:ED:A2:3E:1C,S295b50867b2bc14bC,-91,1762947199994
52122,1762947202686.0,0adab909-eb8f-4baf-9eed-7a4cc889cb7c,50:A9:4C:79:CA:2E,Jabra Evolve2 5,-82,1762947199994
52123,1762947205897.0,0adab909-eb8f-4baf-9eed-7a4cc889cb7c,C0:3C:59:48:48:D7,ODIONS-SR,-72,1762947199994
52124,1762947209725.0,0adab909-eb8f-4baf-9eed-7a4cc889cb7c,6E:79:50:7E:FC:8B,,-95,1762947199994
52125,1762947675613.0,0adab909-eb8f-4baf-9eed-7a4cc889cb7c,84:25:3F:A3:1F:C2,mitte-home MH22340108,-89,1762947675578
52126,1762947675636.0,0adab909-eb8f-4baf-9eed-7a4cc889cb7c,98:04:ED:A2:3E:1C,S295b50867b2bc14bC,-84,1762947675578
52127,1762947675974.0,0adab909-eb8f-4baf-9eed-7a4cc889cb7c,6B:8E:76:EC:13:52,,-82,1762947675578
52128,1762947675992.0,0adab909-eb8f-4baf-9eed-7a4cc889cb7c,6E:6A:66:09:84:37,,-83,1762947675578
52129,1762947676323.0,0adab909-eb8f-4baf-9eed-7a4cc889cb7c,4D:AF:FE:56:BC:00,,-91,1762947675578
52130,1762947676654.0,0adab909-eb8f-4baf-9eed-7a4cc889cb7c,46:20:E5:D6:71:FA,,-76,1762947675578
52131,1762947676682.0,0adab909-eb8f-4baf-9eed-7a4cc889cb7c,C0:3C:59:48:48:D7,ODIONS-SR,-86,1762947675578
52132,1762947676963.0,0adab909-eb8f-4baf-9eed-7a4cc889cb7c,4C:07:CC:CB:66:92,,-90,1762947675578
52133,1762947676983.0,0adab909-eb8f-4baf-9eed-7a4cc889cb7c,50:E1:BC:BE:67:F2,,-68,1762947675578
52134,1762947676998.0,0adab909-eb8f-4baf-9eed-7a4cc889cb7c,02:91:A7:B6:66:6E,,-77,1762947675578
52135,1762947677270.0,0adab909-eb8f-4baf-9eed-7a4cc889cb7c,43:43:EA:E3:2A:4C,,-91,1762947675578
52136,1762947677306.0,0adab909-eb8f-4baf-9eed-7a4cc889cb7c,1A:29:97:C5:20:FE,,-82,1762947675578
52137,1762947677968.0,0adab909-eb8f-4baf-9eed-7a4cc889cb7c,69:8F:07:83:51:BC,,-83,1762947675578
52138,1762947678283.0,0adab909-eb8f-4baf-9eed-7a4cc889cb7c,57:64:ED:D3:43:69,Jabra Evolve2 65,-94,1762947675578
52139,1762947678542.0,0adab909-eb8f-4baf-9eed-7a4cc889cb7c,79:E6:79:AF:28:D3,Jabra Evolve2 65,-88,1762947675578
52140,1762947684345.0,0adab909-eb8f-4baf-9eed-7a4cc889cb7c,57:FB:31:5C:BF:0E,,-76,1762947675578
52141,1762947687234.0,0adab909-eb8f-4baf-9eed-7a4cc889cb7c,45:2B:6F:75:B1:24,,-88,1762947675578
52142,1762947687489.0,0adab909-eb8f-4baf-9eed-7a4cc889cb7c,4D:D7:DD:B0:F4:1C,,-86,1762947675578
52143,1762948524065.0,0adab909-eb8f-4baf-9eed-7a4cc889cb7c,C0:3C:59:48:48:D7,ODIONS-SR,-86,1762948523978
52144,1762948524341.0,0adab909-eb8f-4baf-9eed-7a4cc889cb7c,6B:B9:61:00:FC:D8,,-75,1762948523978
52145,1762948524365.0,0adab909-eb8f-4baf-9eed-7a4cc889cb7c,98:04:ED:A2:3E:1C,S295b50867b2bc14bC,-86,1762948523978
52146,1762948524390.0,0adab909-eb8f-4baf-9eed-7a4cc889cb7c,84:25:3F:A3:1F:C2,mitte-home MH22340108,-84,1762948523978
52147,1762948524715.0,0adab909-eb8f-4baf-9eed-7a4cc889cb7c,0E:C6:75:CD:92:8D,,-84,1762948523978
52148,1762948525065.0,0adab909-eb8f-4baf-9eed-7a4cc889cb7c,48:51:98:78:75:36,,-76,1762948523978
52149,1762948527277.0,0adab909-eb8f-4baf-9eed-7a4cc889cb7c,48:DD:E8:FF:FC:91,,-83,1762948523978
52150,1762948527884.0,0adab909-eb8f-4baf-9eed-7a4cc889cb7c,6E:6A:66:09:84:37,,-92,1762948523978
52151,1762948528182.0,0adab909-eb8f-4baf-9eed-7a4cc889cb7c,62:29:2A:8C:0A:03,,-85,1762948523978
52152,1762948531119.0,0adab909-eb8f-4baf-9eed-7a4cc889cb7c,4D:6C:B3:0E:8E:CC,,-88,1762948523978
52153,1762948532714.0,0adab909-eb8f-4baf-9eed-7a4cc889cb7c,33:EF:C6:7C:DD:36,,-82,1762948523978
52154,1762948533027.0,0adab909-eb8f-4baf-9eed-7a4cc889cb7c,1E:52:38:96:4C:EE,,-76,1762948523978
52155,1762948534629.0,0adab909-eb8f-4baf-9eed-7a4cc889cb7c,6D:E1:66:07:4E:3D,,-82,1762948523978
52156,1762949143045.0,0adab909-eb8f-4baf-9eed-7a4cc889cb7c,7E:16:CC:1C:14:4B,,-91,1762949143011
52157,1762949143070.0,0adab909-eb8f-4baf-9eed-7a4cc889cb7c,71:40:4D:70:E4:56,,-93,1762949143011
52158,1762949143086.0,0adab909-eb8f-4baf-9eed-7a4cc889cb7c,7C:58:70:24:3A:95,,-92,1762949143011
52159,1762949143101.0,0adab909-eb8f-4baf-9eed-7a4cc889cb7c,62:29:2A:8C:0A:03,,-78,1762949143011
52160,1762949143446.0,0adab909-eb8f-4baf-9eed-7a4cc889cb7c,84:25:3F:A3:1F:C2,mitte-home MH22340108,-72,1762949143011
52161,1762949143475.0,0adab909-eb8f-4baf-9eed-7a4cc889cb7c,D8:CF:BF:51:E4:4D,,-65,1762949143011
52162,1762949143496.0,0adab909-eb8f-4baf-9eed-7a4cc889cb7c,72:60:A6:72:D4:E2,,127,1762949143011
52163,1762949143724.0,0adab909-eb8f-4baf-9eed-7a4cc889cb7c,6D:CB:A4:CF:74:29,Jabra Evolve2 5,-93,1762949143011
52164,1762949144052.0,0adab909-eb8f-4baf-9eed-7a4cc889cb7c,4A:8F:4E:19:06:98,,-86,1762949143011
52165,1762949144386.0,0adab909-eb8f-4baf-9eed-7a4cc889cb7c,6A:08:B2:5A:1F:65,,-92,1762949143011
52166,1762949144406.0,0adab909-eb8f-4baf-9eed-7a4cc889cb7c,58:CC:1C:AE:62:F8,,-94,1762949143011
52167,1762949144419.0,0adab909-eb8f-4baf-9eed-7a4cc889cb7c,48:51:98:78:75:36,,-80,1762949143011
52168,1762949144432.0,0adab909-eb8f-4baf-9eed-7a4cc889cb7c,6D:E1:66:07:4E:3D,,-80,1762949143011
52169,1762949145050.0,0adab909-eb8f-4baf-9eed-7a4cc889cb7c,68:8E:D7:E9:A7:DE,,-90,1762949143011
52170,1762949145068.0,0adab909-eb8f-4baf-9eed-7a4cc889cb7c,49:A8:98:74:65:89,,-89,1762949143011
52171,1762949145206.0,0adab909-eb8f-4baf-9eed-7a4cc889cb7c,C0:3C:59:48:48:D7,ODIONS-SR,-100,1762949143011
52172,1762949145379.0,0adab909-eb8f-4baf-9eed-7a4cc889cb7c,08:65:F0:BD:47:00,IOTBT700,-86,1762949143011
52173,1762949145600.0,0adab909-eb8f-4baf-9eed-7a4cc889cb7c,68:CA:C4:8A:40:9C,mbasg,-100,1762949143011
52174,1762949145692.0,0adab909-eb8f-4baf-9eed-7a4cc889cb7c,55:0F:2A:85:6F:1C,,-88,1762949143011
52175,1762949146023.0,0adab909-eb8f-4baf-9eed-7a4cc889cb7c,71:F7:9A:7D:90:FD,,-87,1762949143011
52176,1762949147281.0,0adab909-eb8f-4baf-9eed-7a4cc889cb7c,54:BC:B4:77:09:C2,,-80,1762949143011
52177,1762949148944.0,0adab909-eb8f-4baf-9eed-7a4cc889cb7c,75:97:60:5E:4F:3D,,-93,1762949143011
52178,1762949148964.0,0adab909-eb8f-4baf-9eed-7a4cc889cb7c,63:01:4A:F4:96:B0,,-91,1762949143011
52179,1762949149231.0,0adab909-eb8f-4baf-9eed-7a4cc889cb7c,CA:43:3B:D4:A2:CC,,-85,1762949143011
52180,1762949149811.0,0adab909-eb8f-4baf-9eed-7a4cc889cb7c,57:27:D2:F1:B6:31,,-90,1762949143011
52181,1762949151120.0,0adab909-eb8f-4baf-9eed-7a4cc889cb7c,59:42:24:64:5C:1B,,-88,1762949143011
52182,1762949152399.0,0adab909-eb8f-4baf-9eed-7a4cc889cb7c,48:70:AA:6F:C4:82,,-82,1762949143011
52183,1762949152720.0,0adab909-eb8f-4baf-9eed-7a4cc889cb7c,AC:B2:FD:4A:08:B3,S0dfc04d10348bcc6C,-85,1762949143011
52184,1762949153065.0,0adab909-eb8f-4baf-9eed-7a4cc889cb7c,28:3C:90:11:68:FF,,-93,1762949143011
52185,1762949154991.0,0adab909-eb8f-4baf-9eed-7a4cc889cb7c,2B:4D:94:33:48:CE,,-94,1762949143011
52186,1762949156246.0,0adab909-eb8f-4baf-9eed-7a4cc889cb7c,C0:3C:59:48:48:D7,ODIONS-SR,-100,1762949143011
52187,1762949517109.0,0adab909-eb8f-4baf-9eed-7a4cc889cb7c,72:B1:0F:10:A8:EB,,-46,1762949517002
52188,1762949517937.0,0adab909-eb8f-4baf-9eed-7a4cc889cb7c,34:90:EA:4B:87:3B,My CUPRA 0365,-81,1762949517002
52189,1762950132997.0,0adab909-eb8f-4baf-9eed-7a4cc889cb7c,72:B1:0F:10:A8:EB,,-53,1762950132975
52190,1762950133077.0,0adab909-eb8f-4baf-9eed-7a4cc889cb7c,34:90:EA:4B:87:3B,My CUPRA 0365,-67,1762950132975
52191,1762950133325.0,0adab909-eb8f-4baf-9eed-7a4cc889cb7c,6E:C3:F1:38:84:1C,b;SAR;535;102;1;739;Johannesk,-91,1762950132975
52192,1762950134009.0,0adab909-eb8f-4baf-9eed-7a4cc889cb7c,7E:57:58:B9:6A:8F,,-83,1762950132975
52193,1762950134335.0,0adab909-eb8f-4baf-9eed-7a4cc889cb7c,56:D8:EF:23:A9:24,,-92,1762950132975
52194,1762950134355.0,0adab909-eb8f-4baf-9eed-7a4cc889cb7c,40:95:FB:89:E6:CF,,-87,1762950132975
52195,1762950134612.0,0adab909-eb8f-4baf-9eed-7a4cc889cb7c,4F:15:1F:A7:A7:35,,-86,1762950132975
52196,1762950145500.0,0adab909-eb8f-4baf-9eed-7a4cc889cb7c,75:18:C6:E8:27:B5,,-84,1762950132975
52197,1762950698956.0,0adab909-eb8f-4baf-9eed-7a4cc889cb7c,46:04:71:7F:F2:53,,-55,1762950698930
52198,1762950698981.0,0adab909-eb8f-4baf-9eed-7a4cc889cb7c,30:F9:4B:CC:17:63,Arzt 1,-87,1762950698930
52199,1762950698996.0,0adab909-eb8f-4baf-9eed-7a4cc889cb7c,30:F9:4B:CC:2E:85,Wartezimmer,-69,1762950698930
52200,1762950699334.0,0adab909-eb8f-4baf-9eed-7a4cc889cb7c,75:C4:FA:C7:45:B0,,-71,1762950698930
52201,1762950699353.0,0adab909-eb8f-4baf-9eed-7a4cc889cb7c,30:F9:4B:CB:47:2C,Arzt 2,-83,1762950698930
52202,1762950699696.0,0adab909-eb8f-4baf-9eed-7a4cc889cb7c,67:A4:67:BB:14:B1,,-78,1762950698930
52203,1762950699992.0,0adab909-eb8f-4baf-9eed-7a4cc889cb7c,77:5E:0C:20:7F:ED,,-88,1762950698930
52204,1762950700291.0,0adab909-eb8f-4baf-9eed-7a4cc889cb7c,70:8A:54:81:26:57,,-81,1762950698930
52205,1762950701240.0,0adab909-eb8f-4baf-9eed-7a4cc889cb7c,30:F9:4B:CB:47:FB,Anmeldung,-89,1762950698930
52206,1762950704150.0,0adab909-eb8f-4baf-9eed-7a4cc889cb7c,54:D2:72:EE:5E:84,Nuki_1EEE5E84,-73,1762950698930
52207,1762950704819.0,0adab909-eb8f-4baf-9eed-7a4cc889cb7c,00:1A:22:12:2E:C1,CC-RT-BLE,-84,1762950698930
52208,1762950704837.0,0adab909-eb8f-4baf-9eed-7a4cc889cb7c,00:A8:59:EA:A6:4A,,-100,1762950698930
52209,1762950704940.0,0adab909-eb8f-4baf-9eed-7a4cc889cb7c,58:9E:C6:05:81:A4,elmeg D131,-96,1762950698930
52210,1762950706692.0,0adab909-eb8f-4baf-9eed-7a4cc889cb7c,30:F9:4B:CB:48:1A,Zimmer 3,-88,1762950698930
52211,1762950712702.0,0adab909-eb8f-4baf-9eed-7a4cc889cb7c,00:A8:59:EA:A6:4A,GEQUDIO GX5+,-100,1762950698930
52212,1762951302112.0,0adab909-eb8f-4baf-9eed-7a4cc889cb7c,57:14:66:BA:97:05,,-54,1762951302096
52213,1762951302132.0,0adab909-eb8f-4baf-9eed-7a4cc889cb7c,46:04:71:7F:F2:53,,-63,1762951302096
52214,1762951302167.0,0adab909-eb8f-4baf-9eed-7a4cc889cb7c,6F:BA:3D:05:74:2C,,-54,1762951302096
52215,1762951302475.0,0adab909-eb8f-4baf-9eed-7a4cc889cb7c,30:F9:4B:CC:2E:85,Wartezimmer,-88,1762951302096
52216,1762951303091.0,0adab909-eb8f-4baf-9eed-7a4cc889cb7c,54:D2:72:EE:5E:84,Nuki_1EEE5E84,-82,1762951302096
52217,1762951303127.0,0adab909-eb8f-4baf-9eed-7a4cc889cb7c,30:F9:4B:CB:47:FB,Anmeldung,-89,1762951302096
52218,1762951304419.0,0adab909-eb8f-4baf-9eed-7a4cc889cb7c,4C:3C:10:E1:BB:36,,-55,1762951302096
52219,1762951305402.0,0adab909-eb8f-4baf-9eed-7a4cc889cb7c,30:F9:4B:CB:47:2C,Arzt 2,-88,1762951302096
52220,1762951305721.0,0adab909-eb8f-4baf-9eed-7a4cc889cb7c,6F:5E:4E:9E:15:C8,,-82,1762951302096
52221,1762951305986.0,0adab909-eb8f-4baf-9eed-7a4cc889cb7c,75:C4:FA:C7:45:B0,,-75,1762951302096
52222,1762951307950.0,0adab909-eb8f-4baf-9eed-7a4cc889cb7c,00:1A:22:12:2E:C1,CC-RT-BLE,-87,1762951302096
52223,1762951309229.0,0adab909-eb8f-4baf-9eed-7a4cc889cb7c,00:A8:59:EA:A6:4A,GEQUDIO GX5+,-100,1762951302096
52224,1762951309825.0,0adab909-eb8f-4baf-9eed-7a4cc889cb7c,70:8A:54:81:26:57,,-89,1762951302096
52225,1762951877707.0,0adab909-eb8f-4baf-9eed-7a4cc889cb7c,30:F9:4B:CC:2E:85,Wartezimmer,-78,1762951877704
52226,1762951877724.0,0adab909-eb8f-4baf-9eed-7a4cc889cb7c,46:04:71:7F:F2:53,,-58,1762951877704
52227,1762951877736.0,0adab909-eb8f-4baf-9eed-7a4cc889cb7c,55:04:C7:8F:F2:DF,,-56,1762951877704
52228,1762951878086.0,0adab909-eb8f-4baf-9eed-7a4cc889cb7c,6E:FA:5C:06:D9:CA,,-68,1762951877704
52229,1762951878692.0,0adab909-eb8f-4baf-9eed-7a4cc889cb7c,59:26:4E:1C:CC:80,,-54,1762951877704
52230,1762951878713.0,0adab909-eb8f-4baf-9eed-7a4cc889cb7c,6D:28:7D:48:8F:05,,-92,1762951877704
52231,1762951878726.0,0adab909-eb8f-4baf-9eed-7a4cc889cb7c,30:F9:4B:CB:47:FB,Anmeldung,-88,1762951877704
52232,1762951879065.0,0adab909-eb8f-4baf-9eed-7a4cc889cb7c,4F:51:7A:DB:A2:3D,,-75,1762951877704
52233,1762951881929.0,0adab909-eb8f-4baf-9eed-7a4cc889cb7c,6F:5E:4E:9E:15:C8,,-83,1762951877704
52234,1762951888024.0,0adab909-eb8f-4baf-9eed-7a4cc889cb7c,54:D2:72:EE:5E:84,Nuki_1EEE5E84,-79,1762951877704
52235,1762952478070.0,0adab909-eb8f-4baf-9eed-7a4cc889cb7c,6E:FA:5C:06:D9:CA,,-57,1762952478066
52236,1762952478093.0,0adab909-eb8f-4baf-9eed-7a4cc889cb7c,55:04:C7:8F:F2:DF,,-61,1762952478066
52237,1762952478112.0,0adab909-eb8f-4baf-9eed-7a4cc889cb7c,4F:51:7A:DB:A2:3D,,-71,1762952478066
52238,1762952478145.0,0adab909-eb8f-4baf-9eed-7a4cc889cb7c,59:26:4E:1C:CC:80,,-57,1762952478066
52239,1762952478170.0,0adab909-eb8f-4baf-9eed-7a4cc889cb7c,30:F9:4B:CC:2E:85,Wartezimmer,-73,1762952478066
52240,1762952478214.0,0adab909-eb8f-4baf-9eed-7a4cc889cb7c,71:19:D1:ED:F0:66,,-61,1762952478066
52241,1762952480312.0,0adab909-eb8f-4baf-9eed-7a4cc889cb7c,6F:5E:4E:9E:15:C8,,-82,1762952478066
52242,1762952480646.0,0adab909-eb8f-4baf-9eed-7a4cc889cb7c,30:F9:4B:CB:47:FB,Anmeldung,-90,1762952478066
52243,1762952487980.0,0adab909-eb8f-4baf-9eed-7a4cc889cb7c,54:D2:72:EE:5E:84,Nuki_1EEE5E84,-73,1762952478066
52244,1762953201171.0,0adab909-eb8f-4baf-9eed-7a4cc889cb7c,4F:51:7A:DB:A2:3D,,-85,1762953201132
52245,1762953201187.0,0adab909-eb8f-4baf-9eed-7a4cc889cb7c,30:F9:4B:CC:2E:85,Wartezimmer,-80,1762953201132
52246,1762953201530.0,0adab909-eb8f-4baf-9eed-7a4cc889cb7c,79:FA:9E:E4:F7:A8,,-60,1762953201132
52247,1762953201591.0,0adab909-eb8f-4baf-9eed-7a4cc889cb7c,7D:0A:76:29:CB:D6,,-83,1762953201132
52248,1762953201873.0,0adab909-eb8f-4baf-9eed-7a4cc889cb7c,71:19:D1:ED:F0:66,,-61,1762953201132
52249,1762953201898.0,0adab909-eb8f-4baf-9eed-7a4cc889cb7c,7F:9D:DD:E9:50:AD,,-58,1762953201132
52250,1762953202152.0,0adab909-eb8f-4baf-9eed-7a4cc889cb7c,6F:74:ED:E5:AC:D9,,-93,1762953201132
52251,1762953202169.0,0adab909-eb8f-4baf-9eed-7a4cc889cb7c,30:F9:4B:CB:47:2C,Arzt 2,-90,1762953201132
52252,1762953202478.0,0adab909-eb8f-4baf-9eed-7a4cc889cb7c,63:B6:59:E8:AB:3C,,-55,1762953201132
52253,1762953203130.0,0adab909-eb8f-4baf-9eed-7a4cc889cb7c,54:D2:72:EE:5E:84,Nuki_1EEE5E84,-79,1762953201132
52254,1762953203539.0,0adab909-eb8f-4baf-9eed-7a4cc889cb7c,00:A8:59:EA:A6:4A,GEQUDIO GX5+,-100,1762953201132
52255,1762953203776.0,0adab909-eb8f-4baf-9eed-7a4cc889cb7c,30:F9:4B:CB:47:FB,Anmeldung,-88,1762953201132
52256,1762953212083.0,0adab909-eb8f-4baf-9eed-7a4cc889cb7c,30:F9:4B:CC:17:63,Arzt 1,-95,1762953201132
52257,1762953802417.0,0adab909-eb8f-4baf-9eed-7a4cc889cb7c,30:F9:4B:CC:2E:85,Wartezimmer,-81,1762953802403
52258,1762953802605.0,0adab909-eb8f-4baf-9eed-7a4cc889cb7c,68:92:12:2B:E3:6B,,-56,1762953802403
52259,1762953802650.0,0adab909-eb8f-4baf-9eed-7a4cc889cb7c,64:2E:CD:36:77:4C,,-79,1762953802403
52260,1762953802708.0,0adab909-eb8f-4baf-9eed-7a4cc889cb7c,69:67:0F:3D:AE:24,,-70,1762953802403
52261,1762953802740.0,0adab909-eb8f-4baf-9eed-7a4cc889cb7c,30:F9:4B:CB:47:FB,Anmeldung,-94,1762953802403
52262,1762953802772.0,0adab909-eb8f-4baf-9eed-7a4cc889cb7c,30:F9:4B:CB:47:2C,Arzt 2,-88,1762953802403
52263,1762953802909.0,0adab909-eb8f-4baf-9eed-7a4cc889cb7c,57:1A:6C:ED:69:16,,-54,1762953802403
52264,1762953803539.0,0adab909-eb8f-4baf-9eed-7a4cc889cb7c,57:FE:FE:EE:54:4C,,-55,1762953802403
52265,1762953804791.0,0adab909-eb8f-4baf-9eed-7a4cc889cb7c,55:C6:84:DB:42:7A,,-91,1762953802403
52266,1762953805153.0,0adab909-eb8f-4baf-9eed-7a4cc889cb7c,54:D2:72:EE:5E:84,Nuki_1EEE5E84,-73,1762953802403
52267,1762953805457.0,0adab909-eb8f-4baf-9eed-7a4cc889cb7c,30:F9:4B:CC:17:63,Arzt 1,-93,1762953802403
52268,1762953809057.0,0adab909-eb8f-4baf-9eed-7a4cc889cb7c,7D:0A:76:29:CB:D6,,-80,1762953802403
52269,1762954401392.0,0adab909-eb8f-4baf-9eed-7a4cc889cb7c,6A:A6:6F:A1:30:8E,,-77,1762954401388
52270,1762954401406.0,0adab909-eb8f-4baf-9eed-7a4cc889cb7c,69:67:0F:3D:AE:24,,-59,1762954401388
52271,1762954401417.0,0adab909-eb8f-4baf-9eed-7a4cc889cb7c,30:F9:4B:CC:2E:85,Wartezimmer,-79,1762954401388
52272,1762954401428.0,0adab909-eb8f-4baf-9eed-7a4cc889cb7c,68:92:12:2B:E3:6B,,-58,1762954401388
52273,1762954401532.0,0adab909-eb8f-4baf-9eed-7a4cc889cb7c,57:FE:FE:EE:54:4C,,-59,1762954401388
52274,1762954401900.0,0adab909-eb8f-4baf-9eed-7a4cc889cb7c,64:2E:CD:36:77:4C,,-81,1762954401388
52275,1762954402224.0,0adab909-eb8f-4baf-9eed-7a4cc889cb7c,57:1A:6C:ED:69:16,,-63,1762954401388
52276,1762954403254.0,0adab909-eb8f-4baf-9eed-7a4cc889cb7c,30:F9:4B:CB:47:FB,Anmeldung,-90,1762954401388
52277,1762954407371.0,0adab909-eb8f-4baf-9eed-7a4cc889cb7c,30:F9:4B:CB:47:2C,Arzt 2,-91,1762954401388
52278,1762954410208.0,0adab909-eb8f-4baf-9eed-7a4cc889cb7c,54:D2:72:EE:5E:84,Nuki_1EEE5E84,-82,1762954401388
52279,1762954410239.0,0adab909-eb8f-4baf-9eed-7a4cc889cb7c,30:F9:4B:CC:17:63,Arzt 1,-95,1762954401388
52280,1762954412224.0,0adab909-eb8f-4baf-9eed-7a4cc889cb7c,00:A8:59:EA:A6:4A,GEQUDIO GX5+,-100,1762954401388
52281,1762955071304.0,0adab909-eb8f-4baf-9eed-7a4cc889cb7c,59:ED:40:14:F5:16,,-58,1762955071301
52282,1762955071319.0,0adab909-eb8f-4baf-9eed-7a4cc889cb7c,30:F9:4B:CB:47:2C,Arzt 2,-88,1762955071301
52283,1762955071335.0,0adab909-eb8f-4baf-9eed-7a4cc889cb7c,6F:D5:D8:24:A0:5E,,-58,1762955071301
52284,1762955071348.0,0adab909-eb8f-4baf-9eed-7a4cc889cb7c,4A:D2:BA:40:E8:68,,-61,1762955071301
52285,1762955071360.0,0adab909-eb8f-4baf-9eed-7a4cc889cb7c,30:F9:4B:CC:2E:85,Wartezimmer,-76,1762955071301
52286,1762955071493.0,0adab909-eb8f-4baf-9eed-7a4cc889cb7c,6A:A6:6F:A1:30:8E,,-87,1762955071301
52287,1762955072011.0,0adab909-eb8f-4baf-9eed-7a4cc889cb7c,00:A8:59:EA:A6:4A,GEQUDIO GX5+,-100,1762955071301
52288,1762955072470.0,0adab909-eb8f-4baf-9eed-7a4cc889cb7c,63:7E:DC:B2:3F:74,,-73,1762955071301
52289,1762955072490.0,0adab909-eb8f-4baf-9eed-7a4cc889cb7c,30:F9:4B:CB:47:FB,Anmeldung,-90,1762955071301
52290,1762955072504.0,0adab909-eb8f-4baf-9eed-7a4cc889cb7c,46:B5:82:68:BA:7C,,-60,1762955071301
52291,1762955671356.0,0adab909-eb8f-4baf-9eed-7a4cc889cb7c,4A:D2:BA:40:E8:68,,-62,1762955671352
52292,1762955671370.0,0adab909-eb8f-4baf-9eed-7a4cc889cb7c,30:F9:4B:CC:2E:85,Wartezimmer,-82,1762955671352
52293,1762955671443.0,0adab909-eb8f-4baf-9eed-7a4cc889cb7c,59:ED:40:14:F5:16,,-63,1762955671352
52294,1762955671466.0,0adab909-eb8f-4baf-9eed-7a4cc889cb7c,46:B5:82:68:BA:7C,,-76,1762955671352
52295,1762955671504.0,0adab909-eb8f-4baf-9eed-7a4cc889cb7c,6F:D5:D8:24:A0:5E,,-63,1762955671352
52296,1762955671864.0,0adab909-eb8f-4baf-9eed-7a4cc889cb7c,78:F9:A5:48:6A:96,,-87,1762955671352
52297,1762955672439.0,0adab909-eb8f-4baf-9eed-7a4cc889cb7c,30:F9:4B:CB:47:2C,Arzt 2,-86,1762955671352
52298,1762955673138.0,0adab909-eb8f-4baf-9eed-7a4cc889cb7c,63:7E:DC:B2:3F:74,,-79,1762955671352
52299,1762955673418.0,0adab909-eb8f-4baf-9eed-7a4cc889cb7c,30:F9:4B:CB:47:FB,Anmeldung,-88,1762955671352
52300,1762955674389.0,0adab909-eb8f-4baf-9eed-7a4cc889cb7c,30:F9:4B:CC:17:63,Arzt 1,-89,1762955671352
52301,1762955676374.0,0adab909-eb8f-4baf-9eed-7a4cc889cb7c,00:A8:59:EA:A6:4A,GEQUDIO GX5+,-100,1762955671352
52302,1762955676937.0,0adab909-eb8f-4baf-9eed-7a4cc889cb7c,54:D2:72:EE:5E:84,Nuki_1EEE5E84,-82,1762955671352
52303,1762956271297.0,0adab909-eb8f-4baf-9eed-7a4cc889cb7c,4A:06:AB:D0:B4:2D,,-60,1762956271293
52304,1762956271470.0,0adab909-eb8f-4baf-9eed-7a4cc889cb7c,62:08:1A:4F:4A:06,,-60,1762956271293
52305,1762956271486.0,0adab909-eb8f-4baf-9eed-7a4cc889cb7c,45:D3:19:FD:DF:F4,,-83,1762956271293
52306,1762956271812.0,0adab909-eb8f-4baf-9eed-7a4cc889cb7c,78:F9:A5:48:6A:96,,-81,1762956271293
52307,1762956271828.0,0adab909-eb8f-4baf-9eed-7a4cc889cb7c,53:9E:3B:21:AE:FC,,-66,1762956271293
52308,1762956272142.0,0adab909-eb8f-4baf-9eed-7a4cc889cb7c,30:F9:4B:CC:2E:85,Wartezimmer,-82,1762956271293
52309,1762956272763.0,0adab909-eb8f-4baf-9eed-7a4cc889cb7c,67:51:B4:B3:FE:0F,,-60,1762956271293
52310,1762956273022.0,0adab909-eb8f-4baf-9eed-7a4cc889cb7c,00:A8:59:EA:A6:4A,GEQUDIO GX5+,-100,1762956271293
52311,1762956276993.0,0adab909-eb8f-4baf-9eed-7a4cc889cb7c,30:F9:4B:CC:17:63,Arzt 1,-94,1762956271293
52312,1762956279213.0,0adab909-eb8f-4baf-9eed-7a4cc889cb7c,30:F9:4B:CB:47:2C,Arzt 2,-94,1762956271293
52313,1762956283010.0,0adab909-eb8f-4baf-9eed-7a4cc889cb7c,54:D2:72:EE:5E:84,Nuki_1EEE5E84,-82,1762956271293
52314,1762956700635.0,0adab909-eb8f-4baf-9eed-7a4cc889cb7c,62:08:1A:4F:4A:06,,-71,1762956700207
52315,1762956700649.0,0adab909-eb8f-4baf-9eed-7a4cc889cb7c,53:9E:3B:21:AE:FC,,-76,1762956700207
52316,1762956700910.0,0adab909-eb8f-4baf-9eed-7a4cc889cb7c,45:D3:19:FD:DF:F4,,-76,1762956700207
52317,1762956700944.0,0adab909-eb8f-4baf-9eed-7a4cc889cb7c,30:F9:4B:CC:2E:85,Wartezimmer,-84,1762956700207
52318,1762956700959.0,0adab909-eb8f-4baf-9eed-7a4cc889cb7c,30:F9:4B:CB:47:2C,Arzt 2,-90,1762956700207
52319,1762956700997.0,0adab909-eb8f-4baf-9eed-7a4cc889cb7c,4A:06:AB:D0:B4:2D,,-64,1762956700207
52320,1762956702220.0,0adab909-eb8f-4baf-9eed-7a4cc889cb7c,61:A8:FE:68:E9:B3,,-85,1762956700207
52321,1762956702510.0,0adab909-eb8f-4baf-9eed-7a4cc889cb7c,67:51:B4:B3:FE:0F,,-58,1762956700207
52322,1762956705421.0,0adab909-eb8f-4baf-9eed-7a4cc889cb7c,30:F9:4B:CB:47:FB,Anmeldung,-90,1762956700207
52323,1762957531052.0,0adab909-eb8f-4baf-9eed-7a4cc889cb7c,30:F9:4B:CB:47:2C,Arzt 2,-92,1762957531041
52324,1762957531346.0,0adab909-eb8f-4baf-9eed-7a4cc889cb7c,7F:30:A8:43:A0:91,,-78,1762957531041
52325,1762957531363.0,0adab909-eb8f-4baf-9eed-7a4cc889cb7c,30:F9:4B:CC:2E:85,Wartezimmer,-76,1762957531041
52326,1762957531374.0,0adab909-eb8f-4baf-9eed-7a4cc889cb7c,41:96:F1:C8:47:F2,,-66,1762957531041
52327,1762957531437.0,0adab909-eb8f-4baf-9eed-7a4cc889cb7c,6A:CB:11:B8:21:CA,,-62,1762957531041
52328,1762957531671.0,0adab909-eb8f-4baf-9eed-7a4cc889cb7c,5E:77:88:E2:28:03,,127,1762957531041
52329,1762957532363.0,0adab909-eb8f-4baf-9eed-7a4cc889cb7c,30:F9:4B:CB:47:FB,Anmeldung,-86,1762957531041
52330,1762957532664.0,0adab909-eb8f-4baf-9eed-7a4cc889cb7c,66:DB:05:88:88:75,,-71,1762957531041
52331,1762957533113.0,0adab909-eb8f-4baf-9eed-7a4cc889cb7c,58:9E:C6:05:81:A4,elmeg D131,-100,1762957531041
52332,1762957533949.0,0adab909-eb8f-4baf-9eed-7a4cc889cb7c,54:89:BE:69:3A:F1,,-93,1762957531041
52333,1762957534628.0,0adab909-eb8f-4baf-9eed-7a4cc889cb7c,61:A8:FE:68:E9:B3,,-76,1762957531041
52334,1762957537199.0,0adab909-eb8f-4baf-9eed-7a4cc889cb7c,00:A8:59:EA:A6:4A,GEQUDIO GX5+,-100,1762957531041
52335,1762957537508.0,0adab909-eb8f-4baf-9eed-7a4cc889cb7c,54:D2:72:EE:5E:84,Nuki_1EEE5E84,-81,1762957531041
52336,1762958133703.0,0adab909-eb8f-4baf-9eed-7a4cc889cb7c,65:AF:89:DE:52:A5,,-69,1762958133680
52337,1762958133777.0,0adab909-eb8f-4baf-9eed-7a4cc889cb7c,65:5A:C4:72:F6:AD,,-69,1762958133680
52338,1762958133869.0,0adab909-eb8f-4baf-9eed-7a4cc889cb7c,42:7A:35:2A:71:41,,-84,1762958133680
52339,1762958133945.0,0adab909-eb8f-4baf-9eed-7a4cc889cb7c,30:F9:4B:CC:2E:85,Wartezimmer,-81,1762958133680
52340,1762958134056.0,0adab909-eb8f-4baf-9eed-7a4cc889cb7c,46:02:D6:5E:10:F5,,-72,1762958133680
52341,1762958134439.0,0adab909-eb8f-4baf-9eed-7a4cc889cb7c,66:DB:05:88:88:75,,-66,1762958133680
52342,1762958135280.0,0adab909-eb8f-4baf-9eed-7a4cc889cb7c,30:F9:4B:CB:47:2C,Arzt 2,-89,1762958133680
52343,1762958136912.0,0adab909-eb8f-4baf-9eed-7a4cc889cb7c,7F:30:A8:43:A0:91,,-83,1762958133680
52344,1762958137670.0,0adab909-eb8f-4baf-9eed-7a4cc889cb7c,00:A8:59:EA:A6:4A,GEQUDIO GX5+,-100,1762958133680
52345,1762958142957.0,0adab909-eb8f-4baf-9eed-7a4cc889cb7c,30:F9:4B:CB:47:FB,Anmeldung,-92,1762958133680
52346,1762958571520.0,0adab909-eb8f-4baf-9eed-7a4cc889cb7c,30:F9:4B:CC:2E:85,Wartezimmer,-76,1762958571514
52347,1762958571552.0,0adab909-eb8f-4baf-9eed-7a4cc889cb7c,44:5B:1A:C4:DF:36,,-78,1762958571514
52348,1762958571760.0,0adab909-eb8f-4baf-9eed-7a4cc889cb7c,66:DB:05:88:88:75,,-60,1762958571514
52349,1762958571832.0,0adab909-eb8f-4baf-9eed-7a4cc889cb7c,6A:64:3E:DD:A7:5B,,-56,1762958571514
52350,1762958572044.0,0adab909-eb8f-4baf-9eed-7a4cc889cb7c,30:F9:4B:CB:47:FB,Anmeldung,-86,1762958571514
52351,1762958572500.0,0adab909-eb8f-4baf-9eed-7a4cc889cb7c,75:76:85:E9:E5:D1,,-57,1762958571514
52352,1762958572520.0,0adab909-eb8f-4baf-9eed-7a4cc889cb7c,4B:6C:E4:2A:2C:F5,,-56,1762958571514
52353,1762958572538.0,0adab909-eb8f-4baf-9eed-7a4cc889cb7c,30:F9:4B:CB:47:2C,Arzt 2,-87,1762958571514
52354,1762958572554.0,0adab909-eb8f-4baf-9eed-7a4cc889cb7c,42:7A:35:2A:71:41,,-84,1762958571514
52355,1762958572575.0,0adab909-eb8f-4baf-9eed-7a4cc889cb7c,00:1A:22:12:2E:C1,CC-RT-BLE,-87,1762958571514
52356,1762958572914.0,0adab909-eb8f-4baf-9eed-7a4cc889cb7c,54:D2:72:EE:5E:84,Nuki_1EEE5E84,-77,1762958571514
52357,1762958574537.0,0adab909-eb8f-4baf-9eed-7a4cc889cb7c,73:0A:A1:14:70:99,,-86,1762958571514
52358,1762958577776.0,0adab909-eb8f-4baf-9eed-7a4cc889cb7c,30:F9:4B:CC:17:63,Arzt 1,-93,1762958571514
52359,1762958582283.0,0adab909-eb8f-4baf-9eed-7a4cc889cb7c,00:A8:59:EA:A6:4A,GEQUDIO GX5+,-100,1762958571514
52360,1762959102568.0,0adab909-eb8f-4baf-9eed-7a4cc889cb7c,30:F9:4B:CC:2E:85,Wartezimmer,-90,1762959102539
52361,1762959102606.0,0adab909-eb8f-4baf-9eed-7a4cc889cb7c,47:FA:39:6E:E7:A9,,-61,1762959102539
52362,1762959103252.0,0adab909-eb8f-4baf-9eed-7a4cc889cb7c,4B:6C:E4:2A:2C:F5,,-54,1762959102539
52363,1762959103619.0,0adab909-eb8f-4baf-9eed-7a4cc889cb7c,6A:64:3E:DD:A7:5B,,-71,1762959102539
52364,1762959103700.0,0adab909-eb8f-4baf-9eed-7a4cc889cb7c,75:76:85:E9:E5:D1,,-67,1762959102539
52365,1762959104267.0,0adab909-eb8f-4baf-9eed-7a4cc889cb7c,42:7A:35:2A:71:41,,-79,1762959102539
52366,1762959104324.0,0adab909-eb8f-4baf-9eed-7a4cc889cb7c,54:D2:72:EE:5E:84,Nuki_1EEE5E84,-84,1762959102539
52367,1762959105544.0,0adab909-eb8f-4baf-9eed-7a4cc889cb7c,44:5B:1A:C4:DF:36,,-79,1762959102539
52368,1762959109720.0,0adab909-eb8f-4baf-9eed-7a4cc889cb7c,64:56:55:5B:8F:81,,-96,1762959102539
52369,1762959112875.0,0adab909-eb8f-4baf-9eed-7a4cc889cb7c,30:F9:4B:CB:47:2C,Arzt 2,-90,1762959102539
52370,1762959702583.0,0adab909-eb8f-4baf-9eed-7a4cc889cb7c,30:F9:4B:CC:2E:85,Wartezimmer,-84,1762959702552
52371,1762959702598.0,0adab909-eb8f-4baf-9eed-7a4cc889cb7c,6A:C7:1B:BB:7A:BF,,-61,1762959702552
52372,1762959702616.0,0adab909-eb8f-4baf-9eed-7a4cc889cb7c,47:FA:39:6E:E7:A9,,-63,1762959702552
52373,1762959702953.0,0adab909-eb8f-4baf-9eed-7a4cc889cb7c,7D:66:FF:77:45:E3,,-56,1762959702552
52374,1762959703298.0,0adab909-eb8f-4baf-9eed-7a4cc889cb7c,7A:E1:43:45:83:62,,-55,1762959702552
52375,1762959703612.0,0adab909-eb8f-4baf-9eed-7a4cc889cb7c,4F:BB:14:E9:41:BD,,-85,1762959702552
52376,1762959706237.0,0adab909-eb8f-4baf-9eed-7a4cc889cb7c,44:5B:1A:C4:DF:36,,-82,1762959702552
52377,1762959710331.0,0adab909-eb8f-4baf-9eed-7a4cc889cb7c,54:D2:72:EE:5E:84,Nuki_1EEE5E84,-79,1762959702552
52378,1762960289953.0,0adab909-eb8f-4baf-9eed-7a4cc889cb7c,65:C2:1C:18:92:21,,-73,1762960289912
52379,1762960290001.0,0adab909-eb8f-4baf-9eed-7a4cc889cb7c,63:D6:45:59:45:96,,-86,1762960289912
52380,1762960290123.0,0adab909-eb8f-4baf-9eed-7a4cc889cb7c,5D:CB:99:74:9D:18,,-91,1762960289912
52381,1762960290140.0,0adab909-eb8f-4baf-9eed-7a4cc889cb7c,73:0F:03:A3:1B:0A,,-89,1762960289912
52382,1762960290194.0,0adab909-eb8f-4baf-9eed-7a4cc889cb7c,A0:D7:F3:1E:47:CB,[TV] Samsung AU7199 65 TV,-94,1762960289912
52383,1762960290330.0,0adab909-eb8f-4baf-9eed-7a4cc889cb7c,61:EF:20:B9:B7:50,,-80,1762960289912
52384,1762960290352.0,0adab909-eb8f-4baf-9eed-7a4cc889cb7c,E4:65:B8:C8:A0:1E,IPSTube_C8A01E,-90,1762960289912
52385,1762960290370.0,0adab909-eb8f-4baf-9eed-7a4cc889cb7c,60:C0:5E:C8:8E:B3,,-88,1762960289912
52386,1762960290381.0,0adab909-eb8f-4baf-9eed-7a4cc889cb7c,76:C1:B2:D8:95:32,,-93,1762960289912
52387,1762960290394.0,0adab909-eb8f-4baf-9eed-7a4cc889cb7c,B0:10:A0:32:04:7A,Safc0a927908b8219C,-69,1762960289912
52388,1762960290408.0,0adab909-eb8f-4baf-9eed-7a4cc889cb7c,51:30:FB:67:40:69,,-87,1762960289912
52389,1762960290602.0,0adab909-eb8f-4baf-9eed-7a4cc889cb7c,6D:67:FA:0F:58:00,,-84,1762960289912
52390,1762960290634.0,0adab909-eb8f-4baf-9eed-7a4cc889cb7c,30:B0:44:B2:31:F2,,-78,1762960289912
52391,1762960290657.0,0adab909-eb8f-4baf-9eed-7a4cc889cb7c,64:78:AE:C1:D5:C3,,-85,1762960289912
52392,1762960290678.0,0adab909-eb8f-4baf-9eed-7a4cc889cb7c,F0:A8:82:3B:1B:B4,smartBox-88D2,-100,1762960289912
52393,1762960291006.0,0adab909-eb8f-4baf-9eed-7a4cc889cb7c,50:05:B2:EE:72:DB,,-79,1762960289912
52394,1762960291030.0,0adab909-eb8f-4baf-9eed-7a4cc889cb7c,16:24:B3:66:07:D8,,-76,1762960289912
52395,1762960291273.0,0adab909-eb8f-4baf-9eed-7a4cc889cb7c,4C:78:E0:13:84:D8,,-90,1762960289912
52396,1762960291296.0,0adab909-eb8f-4baf-9eed-7a4cc889cb7c,59:4D:69:DC:CB:4C,,-90,1762960289912
52397,1762960291328.0,0adab909-eb8f-4baf-9eed-7a4cc889cb7c,0D:28:89:CE:09:1A,,-90,1762960289912
52398,1762960291359.0,0adab909-eb8f-4baf-9eed-7a4cc889cb7c,74:F8:15:0E:D2:42,,-82,1762960289912
52399,1762960291376.0,0adab909-eb8f-4baf-9eed-7a4cc889cb7c,6D:DB:99:B3:55:2A,,-81,1762960289912
52400,1762960291564.0,0adab909-eb8f-4baf-9eed-7a4cc889cb7c,49:B6:DD:A1:53:70,,-88,1762960289912
52401,1762960291610.0,0adab909-eb8f-4baf-9eed-7a4cc889cb7c,3B:8F:8C:DE:EC:6B,,-89,1762960289912
52402,1762960292236.0,0adab909-eb8f-4baf-9eed-7a4cc889cb7c,68:2C:51:7E:D7:F9,,-85,1762960289912
52403,1762960292545.0,0adab909-eb8f-4baf-9eed-7a4cc889cb7c,65:52:50:11:D3:0E,,-79,1762960289912
52404,1762960292566.0,0adab909-eb8f-4baf-9eed-7a4cc889cb7c,7B:99:66:6C:58:3C,,-83,1762960289912
52405,1762960292582.0,0adab909-eb8f-4baf-9eed-7a4cc889cb7c,44:E7:60:A7:E4:3A,,-84,1762960289912
52406,1762960292603.0,0adab909-eb8f-4baf-9eed-7a4cc889cb7c,65:56:EF:1F:20:32,,-82,1762960289912
52407,1762960292622.0,0adab909-eb8f-4baf-9eed-7a4cc889cb7c,34:DF:FA:83:CE:E8,,-83,1762960289912
52408,1762960292640.0,0adab909-eb8f-4baf-9eed-7a4cc889cb7c,64:8C:14:8B:46:4B,,-85,1762960289912
52409,1762960292831.0,0adab909-eb8f-4baf-9eed-7a4cc889cb7c,51:6A:A7:08:D0:A2,,-86,1762960289912
52410,1762960292865.0,0adab909-eb8f-4baf-9eed-7a4cc889cb7c,68:DF:8E:1E:4B:B3,,-80,1762960289912
52411,1762960292894.0,0adab909-eb8f-4baf-9eed-7a4cc889cb7c,4C:04:0C:E6:F1:F5,,-86,1762960289912
52412,1762960292919.0,0adab909-eb8f-4baf-9eed-7a4cc889cb7c,41:1A:21:E1:70:86,,-88,1762960289912
52413,1762960292960.0,0adab909-eb8f-4baf-9eed-7a4cc889cb7c,4F:43:F9:94:3C:9E,,-82,1762960289912
52414,1762960293002.0,0adab909-eb8f-4baf-9eed-7a4cc889cb7c,46:66:1C:91:02:CE,,-82,1762960289912
52415,1762960293201.0,0adab909-eb8f-4baf-9eed-7a4cc889cb7c,41:35:59:12:4A:3A,,-70,1762960289912
52416,1762960293285.0,0adab909-eb8f-4baf-9eed-7a4cc889cb7c,00:87:23:99:8D:23,BT-8D23,-90,1762960289912
52417,1762960293836.0,0adab909-eb8f-4baf-9eed-7a4cc889cb7c,67:67:30:49:59:C0,,-88,1762960289912
52418,1762960294112.0,0adab909-eb8f-4baf-9eed-7a4cc889cb7c,2C:DC:AD:54:66:15,,-97,1762960289912
52419,1762960294456.0,0adab909-eb8f-4baf-9eed-7a4cc889cb7c,60:80:27:01:85:18,,-85,1762960289912
52420,1762960294487.0,0adab909-eb8f-4baf-9eed-7a4cc889cb7c,B4:C2:6A:03:3E:1C,,-90,1762960289912
52421,1762960294804.0,0adab909-eb8f-4baf-9eed-7a4cc889cb7c,42:F4:CC:F2:81:07,,-88,1762960289912
52422,1762960294920.0,0adab909-eb8f-4baf-9eed-7a4cc889cb7c,65:D2:CA:10:59:5E,,-91,1762960289912
52423,1762960295445.0,0adab909-eb8f-4baf-9eed-7a4cc889cb7c,46:38:96:39:AC:5A,,-83,1762960289912
52424,1762960295931.0,0adab909-eb8f-4baf-9eed-7a4cc889cb7c,AC:C3:58:82:B3:0A,BT_PEUGEOT,-92,1762960289912
52425,1762960296099.0,0adab909-eb8f-4baf-9eed-7a4cc889cb7c,52:D2:AE:44:AD:94,,-89,1762960289912
52426,1762960296388.0,0adab909-eb8f-4baf-9eed-7a4cc889cb7c,40:5D:65:AE:6F:AB,,-77,1762960289912
52427,1762960296425.0,0adab909-eb8f-4baf-9eed-7a4cc889cb7c,6C:DB:45:47:94:7A,,-86,1762960289912
52428,1762960297117.0,0adab909-eb8f-4baf-9eed-7a4cc889cb7c,90:3A:E6:48:01:B3,,-100,1762960289912
52429,1762960297760.0,0adab909-eb8f-4baf-9eed-7a4cc889cb7c,7C:55:63:CF:8A:4C,,-91,1762960289912
52430,1762960298464.0,0adab909-eb8f-4baf-9eed-7a4cc889cb7c,3F:BE:13:13:F6:BE,,-86,1762960289912
52431,1762960299317.0,0adab909-eb8f-4baf-9eed-7a4cc889cb7c,8C:59:DC:F2:87:F4,DOTTS,-91,1762960289912
52432,1762960299339.0,0adab909-eb8f-4baf-9eed-7a4cc889cb7c,48:18:F2:E7:8B:A5,,-91,1762960289912
52433,1762960300004.0,0adab909-eb8f-4baf-9eed-7a4cc889cb7c,7E:CB:75:AB:69:19,,-81,1762960289912
52434,1762960300398.0,0adab909-eb8f-4baf-9eed-7a4cc889cb7c,54:43:CD:9A:D5:42,,-89,1762960289912
52435,1762960300759.0,0adab909-eb8f-4baf-9eed-7a4cc889cb7c,1B:40:E6:22:8B:9F,,-90,1762960289912
52436,1762960300839.0,0adab909-eb8f-4baf-9eed-7a4cc889cb7c,54:CE:C8:60:10:FC,,-91,1762960289912
52437,1762960301438.0,0adab909-eb8f-4baf-9eed-7a4cc889cb7c,5C:4D:22:D3:1A:63,,-80,1762960289912
52438,1762960301801.0,0adab909-eb8f-4baf-9eed-7a4cc889cb7c,58:C6:85:63:87:3C,,-82,1762960289912
52439,1762960302306.0,0adab909-eb8f-4baf-9eed-7a4cc889cb7c,25:F2:ED:09:4F:09,,127,1762960289912
52440,1762960302836.0,0adab909-eb8f-4baf-9eed-7a4cc889cb7c,76:29:67:82:69:0C,,-85,1762960289912
52441,1762960302888.0,0adab909-eb8f-4baf-9eed-7a4cc889cb7c,65:2C:FF:30:5D:BD,,-92,1762960289912
52442,1762960302906.0,0adab909-eb8f-4baf-9eed-7a4cc889cb7c,4D:11:FB:93:60:69,,-80,1762960289912
52443,1762960302979.0,0adab909-eb8f-4baf-9eed-7a4cc889cb7c,32:13:8B:3C:97:1C,,-93,1762960289912
52444,1762960304499.0,0adab909-eb8f-4baf-9eed-7a4cc889cb7c,2C:DC:AD:54:66:15,Audi MMI 0298,-97,1762960289912
52445,1762960304990.0,0adab909-eb8f-4baf-9eed-7a4cc889cb7c,90:3A:E6:48:01:B3,AUDI MMI 126,-100,1762960289912
52446,1762960305093.0,0adab909-eb8f-4baf-9eed-7a4cc889cb7c,E0:6B:FE:5A:DB:A9,Ultra 5CDD,-76,1762960289912
52447,1762960305114.0,0adab909-eb8f-4baf-9eed-7a4cc889cb7c,67:67:30:49:59:C0,,-85,1762960289912
52448,1762960305167.0,0adab909-eb8f-4baf-9eed-7a4cc889cb7c,41:35:59:12:4A:3A,,-72,1762960289912
52449,1762960305187.0,0adab909-eb8f-4baf-9eed-7a4cc889cb7c,05:29:D7:BB:D9:31,,-84,1762960289912
52450,1762960305243.0,0adab909-eb8f-4baf-9eed-7a4cc889cb7c,77:A5:00:54:21:67,,-63,1762960289912
52451,1762960305261.0,0adab909-eb8f-4baf-9eed-7a4cc889cb7c,2E:94:77:D7:BC:C4,,-88,1762960289912
52452,1762960305296.0,0adab909-eb8f-4baf-9eed-7a4cc889cb7c,2B:05:F6:E1:7B:9C,,-81,1762960289912
52453,1762960305327.0,0adab909-eb8f-4baf-9eed-7a4cc889cb7c,14:06:E3:D9:B5:B8,,-91,1762960289912
52454,1762960305364.0,0adab909-eb8f-4baf-9eed-7a4cc889cb7c,41:1B:EE:90:06:91,,-89,1762960289912
52455,1762960305397.0,0adab909-eb8f-4baf-9eed-7a4cc889cb7c,DD:62:1F:E7:56:30,,-89,1762960289912
52456,1762960305416.0,0adab909-eb8f-4baf-9eed-7a4cc889cb7c,76:C1:B2:D8:95:32,,-80,1762960289912
52457,1762960305438.0,0adab909-eb8f-4baf-9eed-7a4cc889cb7c,6B:13:03:B4:58:B0,,-83,1762960289912
52458,1762960305455.0,0adab909-eb8f-4baf-9eed-7a4cc889cb7c,64:78:AE:C1:D5:C3,,-88,1762960289912
52459,1762960305498.0,0adab909-eb8f-4baf-9eed-7a4cc889cb7c,16:24:B3:66:07:D8,,-83,1762960289912
52460,1762960305529.0,0adab909-eb8f-4baf-9eed-7a4cc889cb7c,46:4F:84:6C:D9:8D,,-80,1762960289912
52461,1762960305561.0,0adab909-eb8f-4baf-9eed-7a4cc889cb7c,40:5D:65:AE:6F:AB,,-74,1762960289912
52462,1762960305584.0,0adab909-eb8f-4baf-9eed-7a4cc889cb7c,51:6A:A7:08:D0:A2,,-76,1762960289912
52463,1762960305603.0,0adab909-eb8f-4baf-9eed-7a4cc889cb7c,30:B0:44:B2:31:F2,,-82,1762960289912
52464,1762960305645.0,0adab909-eb8f-4baf-9eed-7a4cc889cb7c,65:52:50:11:D3:0E,,-79,1762960289912
52465,1762960305665.0,0adab909-eb8f-4baf-9eed-7a4cc889cb7c,F4:4E:FD:9A:40:5A,CH09,-71,1762960289912
52466,1762960305693.0,0adab909-eb8f-4baf-9eed-7a4cc889cb7c,7B:82:CA:DC:DC:9E,,-81,1762960289912
52467,1762960305779.0,0adab909-eb8f-4baf-9eed-7a4cc889cb7c,42:F4:CC:F2:81:07,,-89,1762960289912
52468,1762960305808.0,0adab909-eb8f-4baf-9eed-7a4cc889cb7c,49:CA:51:0B:3D:AD,,-82,1762960289912
52469,1762960306426.0,0adab909-eb8f-4baf-9eed-7a4cc889cb7c,65:56:EF:1F:20:32,,-87,1762960289912
52470,1762960306447.0,0adab909-eb8f-4baf-9eed-7a4cc889cb7c,2B:2D:4E:FC:D3:6B,,-89,1762960289912
52471,1762960306465.0,0adab909-eb8f-4baf-9eed-7a4cc889cb7c,4C:AE:8A:AB:F5:09,,-79,1762960289912
52472,1762960306482.0,0adab909-eb8f-4baf-9eed-7a4cc889cb7c,34:DF:FA:83:CE:E8,,-75,1762960289912
52473,1762960306494.0,0adab909-eb8f-4baf-9eed-7a4cc889cb7c,C8:A4:7D:81:26:5A,JBL Tune 770NC-LE,-81,1762960289912
52474,1762960306511.0,0adab909-eb8f-4baf-9eed-7a4cc889cb7c,DE:BD:0B:46:89:FC,,-77,1762960289912
52475,1762960306527.0,0adab909-eb8f-4baf-9eed-7a4cc889cb7c,4E:64:45:BD:AA:C6,,-73,1762960289912
52476,1762960306544.0,0adab909-eb8f-4baf-9eed-7a4cc889cb7c,B0:10:A0:32:04:7A,Safc0a927908b8219C,-79,1762960289912
52477,1762960306558.0,0adab909-eb8f-4baf-9eed-7a4cc889cb7c,56:07:8F:AC:0D:95,,-72,1762960289912
52478,1762960306574.0,0adab909-eb8f-4baf-9eed-7a4cc889cb7c,44:16:40:58:D1:D6,LE_WH-XB910N,-83,1762960289912
52479,1762960306597.0,0adab909-eb8f-4baf-9eed-7a4cc889cb7c,DC:71:DD:2F:11:32,,-86,1762960289912
52480,1762960306634.0,0adab909-eb8f-4baf-9eed-7a4cc889cb7c,1B:40:E6:22:8B:9F,,-87,1762960289912
52481,1762960306660.0,0adab909-eb8f-4baf-9eed-7a4cc889cb7c,25:2A:17:09:4B:BE,,-91,1762960289912
52482,1762960306679.0,0adab909-eb8f-4baf-9eed-7a4cc889cb7c,D4:C4:91:7B:FD:A5,,-78,1762960289912
52483,1762960306697.0,0adab909-eb8f-4baf-9eed-7a4cc889cb7c,37:AE:09:02:02:A0,,-91,1762960289912
52484,1762960306718.0,0adab909-eb8f-4baf-9eed-7a4cc889cb7c,8C:59:DC:FF:A5:7B,DOTTS,-87,1762960289912
52485,1762960306748.0,0adab909-eb8f-4baf-9eed-7a4cc889cb7c,65:C2:1C:18:92:21,,-90,1762960289912
52486,1762960306769.0,0adab909-eb8f-4baf-9eed-7a4cc889cb7c,DC:D3:40:50:14:AA,,-86,1762960289912
52487,1762960306785.0,0adab909-eb8f-4baf-9eed-7a4cc889cb7c,80:47:86:CE:4C:C9,,-92,1762960289912
52488,1762960306802.0,0adab909-eb8f-4baf-9eed-7a4cc889cb7c,41:42:52:E8:AA:F7,,-90,1762960289912
52489,1762960306833.0,0adab909-eb8f-4baf-9eed-7a4cc889cb7c,FE:91:DE:10:FB:EE,� ,-85,1762960289912
52490,1762960307178.0,0adab909-eb8f-4baf-9eed-7a4cc889cb7c,3F:BE:13:13:F6:BE,,-86,1762960289912
52491,1762960307261.0,0adab909-eb8f-4baf-9eed-7a4cc889cb7c,49:B6:DD:A1:53:70,,-91,1762960289912
52492,1762960307300.0,0adab909-eb8f-4baf-9eed-7a4cc889cb7c,CC:78:5A:78:79:B2,,-67,1762960289912
52493,1762960307325.0,0adab909-eb8f-4baf-9eed-7a4cc889cb7c,31:EF:5E:4A:3E:F5,,-85,1762960289912
52494,1762960969035.0,0adab909-eb8f-4baf-9eed-7a4cc889cb7c,7E:AA:1E:49:B4:B0,,-55,1762960969004
52495,1762960969070.0,0adab909-eb8f-4baf-9eed-7a4cc889cb7c,21:E2:EB:8D:EC:D4,,-77,1762960969004
52496,1762960969087.0,0adab909-eb8f-4baf-9eed-7a4cc889cb7c,43:8F:53:AC:67:33,,-50,1762960969004
52497,1762960969105.0,0adab909-eb8f-4baf-9eed-7a4cc889cb7c,68:23:FE:FB:56:1E,,-55,1762960969004
52498,1762960969442.0,0adab909-eb8f-4baf-9eed-7a4cc889cb7c,CC:D3:1E:76:70:21,WPC323211032054,-78,1762960969004
52499,1762960969711.0,0adab909-eb8f-4baf-9eed-7a4cc889cb7c,42:AB:C3:A9:FE:1E,,-81,1762960969004
52500,1762960970364.0,0adab909-eb8f-4baf-9eed-7a4cc889cb7c,18:9C:2C:E9:3E:2E,,-73,1762960969004
52501,1762960970738.0,0adab909-eb8f-4baf-9eed-7a4cc889cb7c,9F:DA:07:2B:7F:3A,JLab GO Pop+-BLE,-82,1762960969004
52502,1762960971016.0,0adab909-eb8f-4baf-9eed-7a4cc889cb7c,77:AC:2D:41:CF:9D,,-87,1762960969004
52503,1762960971326.0,0adab909-eb8f-4baf-9eed-7a4cc889cb7c,79:B9:59:73:70:F1,,-73,1762960969004
52504,1762960971357.0,0adab909-eb8f-4baf-9eed-7a4cc889cb7c,7D:A4:F9:A5:95:29,,-87,1762960969004
52505,1762960972262.0,0adab909-eb8f-4baf-9eed-7a4cc889cb7c,77:8D:AE:80:1E:A1,,-83,1762960969004
52506,1762960972315.0,0adab909-eb8f-4baf-9eed-7a4cc889cb7c,54:77:08:96:6F:22,,-93,1762960969004
52507,1762960972966.0,0adab909-eb8f-4baf-9eed-7a4cc889cb7c,46:0D:CB:40:5F:E0,,-87,1762960969004
52508,1762960973584.0,0adab909-eb8f-4baf-9eed-7a4cc889cb7c,54:A8:52:65:6E:AB,,-58,1762960969004
52509,1762960974184.0,0adab909-eb8f-4baf-9eed-7a4cc889cb7c,76:6C:C1:2C:02:A1,,-69,1762960969004
52510,1762960974206.0,0adab909-eb8f-4baf-9eed-7a4cc889cb7c,71:32:8B:3B:3D:5F,,-82,1762960969004
52511,1762960974515.0,0adab909-eb8f-4baf-9eed-7a4cc889cb7c,BC:25:F0:15:47:61,LF0BC25F0154761070,-89,1762960969004
52512,1762960974536.0,0adab909-eb8f-4baf-9eed-7a4cc889cb7c,72:83:F2:C9:EF:37,,-75,1762960969004
52513,1762960974554.0,0adab909-eb8f-4baf-9eed-7a4cc889cb7c,76:B7:BB:A7:96:70,,-43,1762960969004
52514,1762960975134.0,0adab909-eb8f-4baf-9eed-7a4cc889cb7c,51:9F:94:63:2B:FF,,-81,1762960969004
52515,1762960975159.0,0adab909-eb8f-4baf-9eed-7a4cc889cb7c,BC:25:F0:15:3F:C9,LF1BC25F0153FC9071,-85,1762960969004
52516,1762960975189.0,0adab909-eb8f-4baf-9eed-7a4cc889cb7c,5A:56:61:63:E6:08,,-85,1762960969004
52517,1762960975822.0,0adab909-eb8f-4baf-9eed-7a4cc889cb7c,7A:B9:24:1F:B5:5A,,-80,1762960969004
52518,1762960976110.0,0adab909-eb8f-4baf-9eed-7a4cc889cb7c,65:C2:BB:B0:FF:7E,,-82,1762960969004
52519,1762960976478.0,0adab909-eb8f-4baf-9eed-7a4cc889cb7c,55:BB:1A:1A:6A:79,,-68,1762960969004
52520,1762960979666.0,0adab909-eb8f-4baf-9eed-7a4cc889cb7c,79:7A:AD:43:3B:65,,-86,1762960969004
52521,1762960979706.0,0adab909-eb8f-4baf-9eed-7a4cc889cb7c,7C:98:46:DD:7A:F7,,-89,1762960969004
52522,1762960979994.0,0adab909-eb8f-4baf-9eed-7a4cc889cb7c,44:B0:F0:5A:CB:CE,,-83,1762960969004
52523,1762960981257.0,0adab909-eb8f-4baf-9eed-7a4cc889cb7c,50:E1:49:F8:95:56,,-88,1762960969004
52524,1762960981876.0,0adab909-eb8f-4baf-9eed-7a4cc889cb7c,3E:4B:05:BE:62:7A,,-61,1762960969004
52525,1762960981905.0,0adab909-eb8f-4baf-9eed-7a4cc889cb7c,77:8D:AE:80:1E:A1,,-88,1762960969004
52526,1762960981932.0,0adab909-eb8f-4baf-9eed-7a4cc889cb7c,D9:F2:9D:C2:64:1F,b;SAR;153;112;2;741;Betriebsh,-83,1762960969004
52527,1762960981951.0,0adab909-eb8f-4baf-9eed-7a4cc889cb7c,DA:34:4A:54:51:17,,-84,1762960969004
52528,1762960981970.0,0adab909-eb8f-4baf-9eed-7a4cc889cb7c,78:A1:40:8B:73:80,LE_WH-1000XM5,-52,1762960969004
52529,1762960981989.0,0adab909-eb8f-4baf-9eed-7a4cc889cb7c,72:83:F2:C9:EF:37,,-86,1762960969004
52530,1762960982010.0,0adab909-eb8f-4baf-9eed-7a4cc889cb7c,FD:D5:B3:F8:CE:E6,b;SAR;600;108;2;741;Matzenber,-72,1762960969004
52531,1762960982032.0,0adab909-eb8f-4baf-9eed-7a4cc889cb7c,7E:AA:1E:49:B4:B0,,-59,1762960969004
52532,1762960982050.0,0adab909-eb8f-4baf-9eed-7a4cc889cb7c,76:B7:BB:A7:96:70,,-53,1762960969004
52533,1762960982069.0,0adab909-eb8f-4baf-9eed-7a4cc889cb7c,76:6C:C1:2C:02:A1,,-63,1762960969004
52534,1762960982089.0,0adab909-eb8f-4baf-9eed-7a4cc889cb7c,58:F6:1B:E6:9A:0F,,-84,1762960969004
52535,1762960982110.0,0adab909-eb8f-4baf-9eed-7a4cc889cb7c,61:DF:B7:F8:40:85,JBL TUNE BEAM-LE,-60,1762960969004
52536,1762960982130.0,0adab909-eb8f-4baf-9eed-7a4cc889cb7c,51:9F:94:63:2B:FF,,-84,1762960969004
52537,1762960982907.0,0adab909-eb8f-4baf-9eed-7a4cc889cb7c,68:23:FE:FB:56:1E,,-62,1762960969004
52538,1762960982945.0,0adab909-eb8f-4baf-9eed-7a4cc889cb7c,21:E2:EB:8D:EC:D4,,-69,1762960969004
52539,1762960982977.0,0adab909-eb8f-4baf-9eed-7a4cc889cb7c,54:A8:52:65:6E:AB,,-65,1762960969004
52540,1762960983008.0,0adab909-eb8f-4baf-9eed-7a4cc889cb7c,3B:8A:71:21:74:06,,-72,1762960969004
52541,1762960983033.0,0adab909-eb8f-4baf-9eed-7a4cc889cb7c,6D:44:D7:99:86:A0,,-61,1762960969004
52542,1762960983057.0,0adab909-eb8f-4baf-9eed-7a4cc889cb7c,12:C8:C2:C4:08:43,,-52,1762960969004
52543,1762960983077.0,0adab909-eb8f-4baf-9eed-7a4cc889cb7c,F4:D4:39:FD:2B:19,,-78,1762960969004
52544,1762960983097.0,0adab909-eb8f-4baf-9eed-7a4cc889cb7c,0B:52:01:31:8B:75,,-88,1762960969004
52545,1762960983121.0,0adab909-eb8f-4baf-9eed-7a4cc889cb7c,6F:80:CB:7F:D1:68,,-81,1762960969004
52546,1762960983150.0,0adab909-eb8f-4baf-9eed-7a4cc889cb7c,55:BB:1A:1A:6A:79,,-76,1762960969004
52547,1762960983817.0,0adab909-eb8f-4baf-9eed-7a4cc889cb7c,4B:87:2D:5B:F4:92,,-85,1762960969004
52548,1762960983842.0,0adab909-eb8f-4baf-9eed-7a4cc889cb7c,64:08:70:9E:86:1F,,-82,1762960969004
52549,1762960983876.0,0adab909-eb8f-4baf-9eed-7a4cc889cb7c,55:D6:3E:CB:19:9D,,-91,1762960969004
52550,1762960983931.0,0adab909-eb8f-4baf-9eed-7a4cc889cb7c,BC:25:F0:15:55:99,LF1BC25F0155599072,-93,1762960969004
52551,1762960983950.0,0adab909-eb8f-4baf-9eed-7a4cc889cb7c,0E:FA:3B:F1:56:C6,,-78,1762960969004
52552,1762960983964.0,0adab909-eb8f-4baf-9eed-7a4cc889cb7c,46:0D:CB:40:5F:E0,,-81,1762960969004
52553,1762960983981.0,0adab909-eb8f-4baf-9eed-7a4cc889cb7c,5C:CE:EB:15:31:30,,-87,1762960969004
52554,1762960983998.0,0adab909-eb8f-4baf-9eed-7a4cc889cb7c,C6:9F:68:20:4E:94,,-86,1762960969004
52555,1762960984014.0,0adab909-eb8f-4baf-9eed-7a4cc889cb7c,77:AC:2D:41:CF:9D,,-87,1762960969004
52556,1762960984047.0,0adab909-eb8f-4baf-9eed-7a4cc889cb7c,ED:C3:70:57:5C:6A,,-64,1762960969004
52557,1762960984865.0,0adab909-eb8f-4baf-9eed-7a4cc889cb7c,69:90:9E:34:06:B7,,-66,1762960969004
52558,1762960984887.0,0adab909-eb8f-4baf-9eed-7a4cc889cb7c,EE:53:C4:4D:69:C6,,-86,1762960969004
52559,1762960984916.0,0adab909-eb8f-4baf-9eed-7a4cc889cb7c,02:80:C9:91:06:8A,,-63,1762960969004
52560,1762960984940.0,0adab909-eb8f-4baf-9eed-7a4cc889cb7c,12:C8:C2:C4:08:43,,-58,1762960969004
52561,1762960984959.0,0adab909-eb8f-4baf-9eed-7a4cc889cb7c,FD:D5:B3:F8:CE:E6,b;SAR;600;108;2;741;Matzenber,-74,1762960969004
52562,1762960984982.0,0adab909-eb8f-4baf-9eed-7a4cc889cb7c,7A:B9:24:1F:B5:5A,,-82,1762960969004
52563,1762960985000.0,0adab909-eb8f-4baf-9eed-7a4cc889cb7c,7E:70:0C:93:34:DB,,-94,1762960969004
52564,1762961548925.0,0adab909-eb8f-4baf-9eed-7a4cc889cb7c,35:7E:A8:33:DF:0E,,-72,1762961548911
52565,1762961548994.0,0adab909-eb8f-4baf-9eed-7a4cc889cb7c,56:D2:8E:0F:9B:D5,,-48,1762961548911
52566,1762961549013.0,0adab909-eb8f-4baf-9eed-7a4cc889cb7c,7C:D0:F5:78:0B:28,,-61,1762961548911
52567,1762961549034.0,0adab909-eb8f-4baf-9eed-7a4cc889cb7c,4E:F7:99:21:65:B6,,-68,1762961548911
52568,1762961549296.0,0adab909-eb8f-4baf-9eed-7a4cc889cb7c,7B:3D:F7:AB:4F:BD,,-64,1762961548911
52569,1762961549329.0,0adab909-eb8f-4baf-9eed-7a4cc889cb7c,26:D7:86:8A:90:BD,,-56,1762961548911
52570,1762961549617.0,0adab909-eb8f-4baf-9eed-7a4cc889cb7c,75:82:02:4B:5F:45,,-79,1762961548911
52571,1762961549663.0,0adab909-eb8f-4baf-9eed-7a4cc889cb7c,7F:C6:64:72:F8:6C,,-87,1762961548911
52572,1762961549692.0,0adab909-eb8f-4baf-9eed-7a4cc889cb7c,7F:9D:6D:79:F3:46,,-58,1762961548911
52573,1762961549715.0,0adab909-eb8f-4baf-9eed-7a4cc889cb7c,5B:4C:D6:1A:58:BF,,-71,1762961548911
52574,1762961549988.0,0adab909-eb8f-4baf-9eed-7a4cc889cb7c,4A:02:CC:36:78:7B,,-54,1762961548911
52575,1762961550535.0,0adab909-eb8f-4baf-9eed-7a4cc889cb7c,A0:78:17:AD:73:B8,Mohasin’s MacBook Pro,-100,1762961548911
52576,1762961550677.0,0adab909-eb8f-4baf-9eed-7a4cc889cb7c,54:A8:52:65:6E:AB,,-68,1762961548911
52577,1762961551883.0,0adab909-eb8f-4baf-9eed-7a4cc889cb7c,68:23:FE:FB:56:1E,,-61,1762961548911
52578,1762961552884.0,0adab909-eb8f-4baf-9eed-7a4cc889cb7c,68:E0:85:0A:D3:D2,,-75,1762961548911
52579,1762961555451.0,0adab909-eb8f-4baf-9eed-7a4cc889cb7c,57:C2:6B:B8:4B:01,,-90,1762961548911
52580,1762961555988.0,0adab909-eb8f-4baf-9eed-7a4cc889cb7c,0C:4F:8D:C3:E3:66,,-62,1762961548911
52581,1762961558064.0,0adab909-eb8f-4baf-9eed-7a4cc889cb7c,53:5E:7A:D6:55:F5,,-77,1762961548911
52582,1762961558585.0,0adab909-eb8f-4baf-9eed-7a4cc889cb7c,6F:3C:05:61:17:19,,-54,1762961548911
52583,1762961558977.0,0adab909-eb8f-4baf-9eed-7a4cc889cb7c,62:DA:A8:62:D8:3D,,-77,1762961548911
52584,1762961560896.0,0adab909-eb8f-4baf-9eed-7a4cc889cb7c,5F:2F:81:DD:13:0D,,-87,1762961548911
52585,1762961561753.0,0adab909-eb8f-4baf-9eed-7a4cc889cb7c,4A:7F:70:DA:AE:A3,,-94,1762961548911
52586,1762961561779.0,0adab909-eb8f-4baf-9eed-7a4cc889cb7c,78:A1:40:8B:73:80,LE_WH-1000XM5,-48,1762961548911
52587,1762961561799.0,0adab909-eb8f-4baf-9eed-7a4cc889cb7c,7F:9D:6D:79:F3:46,,-71,1762961548911
52588,1762961561828.0,0adab909-eb8f-4baf-9eed-7a4cc889cb7c,5B:4C:D6:1A:58:BF,,-63,1762961548911
52589,1762961561867.0,0adab909-eb8f-4baf-9eed-7a4cc889cb7c,0C:4F:8D:C3:E3:66,,-56,1762961548911
52590,1762961561887.0,0adab909-eb8f-4baf-9eed-7a4cc889cb7c,1A:E6:FD:AF:31:FF,,-49,1762961548911
52591,1762961561905.0,0adab909-eb8f-4baf-9eed-7a4cc889cb7c,FA:77:68:83:93:82,b;SAR;555;129;1;344;Rathaus,-71,1762961548911
52592,1762961561923.0,0adab909-eb8f-4baf-9eed-7a4cc889cb7c,56:D2:8E:0F:9B:D5,,-51,1762961548911
52593,1762961561947.0,0adab909-eb8f-4baf-9eed-7a4cc889cb7c,7C:D0:F5:78:0B:28,,-58,1762961548911
52594,1762961561982.0,0adab909-eb8f-4baf-9eed-7a4cc889cb7c,62:DA:A8:62:D8:3D,,-77,1762961548911
52595,1762961562010.0,0adab909-eb8f-4baf-9eed-7a4cc889cb7c,12:37:A3:9D:C9:8D,,-54,1762961548911
52596,1762961562872.0,0adab909-eb8f-4baf-9eed-7a4cc889cb7c,68:23:FE:FB:56:1E,,-47,1762961548911
52597,1762961562913.0,0adab909-eb8f-4baf-9eed-7a4cc889cb7c,27:EA:1D:A0:A7:00,,-85,1762961548911
52598,1762961562941.0,0adab909-eb8f-4baf-9eed-7a4cc889cb7c,35:7E:A8:33:DF:0E,,-81,1762961548911
52599,1762961562961.0,0adab909-eb8f-4baf-9eed-7a4cc889cb7c,7D:9E:9E:68:23:32,,-91,1762961548911
52600,1762961562981.0,0adab909-eb8f-4baf-9eed-7a4cc889cb7c,6F:EA:3B:0A:3B:39,,-71,1762961548911
52601,1762961563020.0,0adab909-eb8f-4baf-9eed-7a4cc889cb7c,4E:F7:99:21:65:B6,,-58,1762961548911
52602,1762961563044.0,0adab909-eb8f-4baf-9eed-7a4cc889cb7c,68:E0:85:0A:D3:D2,,-80,1762961548911
52603,1762961563065.0,0adab909-eb8f-4baf-9eed-7a4cc889cb7c,28:D9:60:E0:15:0B,,-90,1762961548911
52604,1762961563090.0,0adab909-eb8f-4baf-9eed-7a4cc889cb7c,0B:DC:24:15:F4:C4,,-59,1762961548911
52605,1762961563740.0,0adab909-eb8f-4baf-9eed-7a4cc889cb7c,F2:AD:04:29:0A:49,,-68,1762961548911
52606,1762961563770.0,0adab909-eb8f-4baf-9eed-7a4cc889cb7c,2F:15:1F:F5:BF:0B,,-83,1762961548911
52607,1762961563893.0,0adab909-eb8f-4baf-9eed-7a4cc889cb7c,52:46:87:85:25:A2,,-68,1762961548911
52608,1762961563930.0,0adab909-eb8f-4baf-9eed-7a4cc889cb7c,6F:3C:05:61:17:19,,-69,1762961548911
52609,1762961563950.0,0adab909-eb8f-4baf-9eed-7a4cc889cb7c,75:82:02:4B:5F:45,,-78,1762961548911
52610,1762961564664.0,0adab909-eb8f-4baf-9eed-7a4cc889cb7c,CB:2D:3A:6A:D4:A7,,-60,1762961548911
52611,1762961564769.0,0adab909-eb8f-4baf-9eed-7a4cc889cb7c,6F:3C:05:61:17:19,,-59,1762961548911
52612,1762961564797.0,0adab909-eb8f-4baf-9eed-7a4cc889cb7c,FD:D5:B3:F8:CE:E6,b;SAR;600;108;2;709;Matzenber,-66,1762961548911
52613,1762961564816.0,0adab909-eb8f-4baf-9eed-7a4cc889cb7c,75:82:02:4B:5F:45,,-83,1762961548911
52614,1762961564843.0,0adab909-eb8f-4baf-9eed-7a4cc889cb7c,6F:EA:3B:0A:3B:39,,-71,1762961548911
52615,1762962148421.0,0adab909-eb8f-4baf-9eed-7a4cc889cb7c,40:58:99:A6:72:5A,,-80,1762962148392
52616,1762962148468.0,0adab909-eb8f-4baf-9eed-7a4cc889cb7c,4E:83:18:F8:51:6C,,-89,1762962148392
52617,1762962149099.0,0adab909-eb8f-4baf-9eed-7a4cc889cb7c,C0:B5:D7:2D:AC:24,,-100,1762962148392
52618,1762962149162.0,0adab909-eb8f-4baf-9eed-7a4cc889cb7c,6E:A9:B9:78:B8:77,,-85,1762962148392
52619,1762962149184.0,0adab909-eb8f-4baf-9eed-7a4cc889cb7c,3D:EC:DF:06:F9:23,,-83,1762962148392
52620,1762962149707.0,0adab909-eb8f-4baf-9eed-7a4cc889cb7c,F0:45:DA:CB:43:05,R-Link,-100,1762962148392
52621,1762962149744.0,0adab909-eb8f-4baf-9eed-7a4cc889cb7c,7C:D0:F5:78:0B:28,,-77,1762962148392
52622,1762962150060.0,0adab909-eb8f-4baf-9eed-7a4cc889cb7c,59:6C:D7:C0:2F:6F,,-91,1762962148392
52623,1762962150711.0,0adab909-eb8f-4baf-9eed-7a4cc889cb7c,16:77:DB:45:2F:0D,,-85,1762962148392
52624,1762962152480.0,0adab909-eb8f-4baf-9eed-7a4cc889cb7c,18:4F:32:2B:87:5E,KDL-43W809,-100,1762962148392
52625,1762962152677.0,0adab909-eb8f-4baf-9eed-7a4cc889cb7c,17:2D:A5:4E:7E:44,,-77,1762962148392
52626,1762962152693.0,0adab909-eb8f-4baf-9eed-7a4cc889cb7c,4B:8B:5D:9E:E5:09,,-85,1762962148392
52627,1762962152789.0,0adab909-eb8f-4baf-9eed-7a4cc889cb7c,BC:75:36:06:FB:BE,Skoda BT 3619,-100,1762962148392
52628,1762962152952.0,0adab909-eb8f-4baf-9eed-7a4cc889cb7c,7F:1C:F2:94:A1:6C,,-92,1762962148392
52629,1762962152969.0,0adab909-eb8f-4baf-9eed-7a4cc889cb7c,58:E0:50:B4:99:17,,-94,1762962148392
52630,1762962152980.0,0adab909-eb8f-4baf-9eed-7a4cc889cb7c,7B:15:FA:82:14:37,,-91,1762962148392
52631,1762962153333.0,0adab909-eb8f-4baf-9eed-7a4cc889cb7c,61:71:FA:9F:7C:0B,,-82,1762962148392
52632,1762962153588.0,0adab909-eb8f-4baf-9eed-7a4cc889cb7c,54:1C:98:26:44:D0,S41 2274 LE,-91,1762962148392
52633,1762962153632.0,0adab909-eb8f-4baf-9eed-7a4cc889cb7c,3A:BA:97:DC:4F:0D,,-82,1762962148392
52634,1762962155497.0,0adab909-eb8f-4baf-9eed-7a4cc889cb7c,C0:B5:D7:2D:AC:24,KD-43XG8399,-96,1762962148392
52635,1762962155925.0,0adab909-eb8f-4baf-9eed-7a4cc889cb7c,60:88:C5:C5:43:0C,,-90,1762962148392
52636,1762962156240.0,0adab909-eb8f-4baf-9eed-7a4cc889cb7c,13:56:75:52:D5:2C,,-88,1762962148392
52637,1762962157464.0,0adab909-eb8f-4baf-9eed-7a4cc889cb7c,49:82:D4:A1:EC:F4,,-86,1762962148392
52638,1762962160334.0,0adab909-eb8f-4baf-9eed-7a4cc889cb7c,05:EC:4F:98:93:56,,-87,1762962148392
52639,1762962677920.0,0adab909-eb8f-4baf-9eed-7a4cc889cb7c,57:06:82:D2:18:33,,-69,1762962677834
52640,1762963649382.0,0adab909-eb8f-4baf-9eed-7a4cc889cb7c,4F:76:C3:BE:31:26,,-85,1762963647309
52641,1762963660326.0,0adab909-eb8f-4baf-9eed-7a4cc889cb7c,3B:A0:3D:34:80:7A,,-85,1762963647309
52642,1762963660376.0,0adab909-eb8f-4baf-9eed-7a4cc889cb7c,4F:76:C3:BE:31:26,,-83,1762963647309
52643,1762963950077.0,0adab909-eb8f-4baf-9eed-7a4cc889cb7c,4F:76:C3:BE:31:26,,-84,1762963947366
52644,1762963960253.0,0adab909-eb8f-4baf-9eed-7a4cc889cb7c,84:C8:A0:8B:BD:3D,JBL BAR 800,-78,1762963947366
52645,1762963962391.0,0adab909-eb8f-4baf-9eed-7a4cc889cb7c,4F:76:C3:BE:31:26,,-81,1762963947366
52646,1762964778221.0,0adab909-eb8f-4baf-9eed-7a4cc889cb7c,6A:AD:55:66:64:7D,,-71,1762964776835
52647,1762964787443.0,0adab909-eb8f-4baf-9eed-7a4cc889cb7c,5B:42:99:90:25:2A,,-83,1762964776835
52648,1762965171320.0,0adab909-eb8f-4baf-9eed-7a4cc889cb7c,5B:42:99:90:25:2A,,-86,1762965171273
52649,1762965172075.0,0adab909-eb8f-4baf-9eed-7a4cc889cb7c,6A:AD:55:66:64:7D,,-69,1762965171273
52650,1762965173675.0,0adab909-eb8f-4baf-9eed-7a4cc889cb7c,74:13:A3:CE:0F:FC,,-69,1762965171273
52651,1762965772148.0,0adab909-eb8f-4baf-9eed-7a4cc889cb7c,64:CF:02:F2:7E:69,,-78,1762965771355
52652,1762965776897.0,0adab909-eb8f-4baf-9eed-7a4cc889cb7c,74:13:A3:CE:0F:FC,,-81,1762965771355
52653,1762966491983.0,0adab909-eb8f-4baf-9eed-7a4cc889cb7c,64:CF:02:F2:7E:69,,-62,1762966490885
52654,1762966492305.0,0adab909-eb8f-4baf-9eed-7a4cc889cb7c,6D:C1:7E:85:93:C0,,-75,1762966490885
52655,1762966498372.0,0adab909-eb8f-4baf-9eed-7a4cc889cb7c,54:67:42:49:DF:4D,,-69,1762966490885
52656,1762966503831.0,0adab909-eb8f-4baf-9eed-7a4cc889cb7c,FD:5D:C5:45:01:64,,-79,1762966490885
52657,1762966503882.0,0adab909-eb8f-4baf-9eed-7a4cc889cb7c,6D:C1:7E:85:93:C0,,-74,1762966490885
52658,1762966504886.0,0adab909-eb8f-4baf-9eed-7a4cc889cb7c,64:CF:02:F2:7E:69,,-75,1762966490885
52659,1762966902570.0,0adab909-eb8f-4baf-9eed-7a4cc889cb7c,6D:C1:7E:85:93:C0,,-81,1762966901782
52660,1762966903143.0,0adab909-eb8f-4baf-9eed-7a4cc889cb7c,7A:FD:D0:08:3D:14,,-84,1762966901782
52661,1762966905054.0,0adab909-eb8f-4baf-9eed-7a4cc889cb7c,64:CF:02:F2:7E:69,,-73,1762966901782
52662,1762967691898.0,0adab909-eb8f-4baf-9eed-7a4cc889cb7c,7F:F0:C3:CB:E8:08,,-69,1762967691802
52663,1762967692835.0,0adab909-eb8f-4baf-9eed-7a4cc889cb7c,68:7C:A3:40:20:DB,,-81,1762967691802
52664,1762967723720.0,0adab909-eb8f-4baf-9eed-7a4cc889cb7c,84:C8:A0:8B:BD:3D,JBL BAR 800,-78,1762967691802
52665,1762967723751.0,0adab909-eb8f-4baf-9eed-7a4cc889cb7c,68:7C:A3:40:20:DB,,-78,1762967691802
52666,1762967724613.0,0adab909-eb8f-4baf-9eed-7a4cc889cb7c,7F:F0:C3:CB:E8:08,,-69,1762967691802
52667,1762968088550.0,0adab909-eb8f-4baf-9eed-7a4cc889cb7c,68:7C:A3:40:20:DB,,-79,1762968087774
52668,1762968092022.0,0adab909-eb8f-4baf-9eed-7a4cc889cb7c,62:12:83:B8:25:CF,,-86,1762968087774
52669,1762968095832.0,0adab909-eb8f-4baf-9eed-7a4cc889cb7c,7F:F0:C3:CB:E8:08,,-64,1762968087774
52670,1762968100636.0,0adab909-eb8f-4baf-9eed-7a4cc889cb7c,68:7C:A3:40:20:DB,,-70,1762968087774
52671,1762968100721.0,0adab909-eb8f-4baf-9eed-7a4cc889cb7c,84:C8:A0:8B:BD:3D,JBL BAR 800,-72,1762968087774
52672,1762968100779.0,0adab909-eb8f-4baf-9eed-7a4cc889cb7c,7F:F0:C3:CB:E8:08,,-60,1762968087774
52673,1762968545523.0,0adab909-eb8f-4baf-9eed-7a4cc889cb7c,84:C8:A0:8B:BD:3D,JBL BAR 800,-78,1762968541467
52674,1762968545563.0,0adab909-eb8f-4baf-9eed-7a4cc889cb7c,24:54:E8:D2:61:7D,,-70,1762968541467
52675,1762968545615.0,0adab909-eb8f-4baf-9eed-7a4cc889cb7c,68:7C:A3:40:20:DB,,-73,1762968541467
52676,1762968545676.0,0adab909-eb8f-4baf-9eed-7a4cc889cb7c,7B:D1:A5:E7:33:E4,,-63,1762968541467
52677,1762968760807.0,0adab909-eb8f-4baf-9eed-7a4cc889cb7c,68:7C:A3:40:20:DB,,-81,1762968760744
52678,1762968761499.0,0adab909-eb8f-4baf-9eed-7a4cc889cb7c,7B:D1:A5:E7:33:E4,,-71,1762968760744
52679,1762968773660.0,0adab909-eb8f-4baf-9eed-7a4cc889cb7c,24:54:E8:D2:61:7D,,-74,1762968760744
52680,1762968773712.0,0adab909-eb8f-4baf-9eed-7a4cc889cb7c,84:C8:A0:8B:BD:3D,JBL BAR 800,-72,1762968760744
52681,1762968773749.0,0adab909-eb8f-4baf-9eed-7a4cc889cb7c,68:7C:A3:40:20:DB,,-76,1762968760744
52682,1762968774694.0,0adab909-eb8f-4baf-9eed-7a4cc889cb7c,7B:D1:A5:E7:33:E4,,-53,1762968760744
52683,1762969360651.0,0adab909-eb8f-4baf-9eed-7a4cc889cb7c,7B:D1:A5:E7:33:E4,,-71,1762969360647
52684,1762969363166.0,0adab909-eb8f-4baf-9eed-7a4cc889cb7c,58:E3:8E:54:63:88,,-80,1762969360647
52685,1762969365083.0,0adab909-eb8f-4baf-9eed-7a4cc889cb7c,5E:21:86:0D:5B:8B,,-88,1762969360647
52686,1762969373534.0,0adab909-eb8f-4baf-9eed-7a4cc889cb7c,7B:D1:A5:E7:33:E4,,-71,1762969360647
52687,1762969374426.0,0adab909-eb8f-4baf-9eed-7a4cc889cb7c,5E:21:86:0D:5B:8B,,-81,1762969360647
52688,1762969375532.0,0adab909-eb8f-4baf-9eed-7a4cc889cb7c,84:C8:A0:8B:BD:3D,JBL BAR 800,-79,1762969360647
52689,1762970097164.0,0adab909-eb8f-4baf-9eed-7a4cc889cb7c,5E:21:86:0D:5B:8B,,-77,1762970096723
52690,1762970097223.0,0adab909-eb8f-4baf-9eed-7a4cc889cb7c,6C:1E:FF:E9:ED:DA,,-72,1762970096723
52691,1762970097526.0,0adab909-eb8f-4baf-9eed-7a4cc889cb7c,58:E3:8E:54:63:88,,127,1762970096723
52692,1762970481724.0,0adab909-eb8f-4baf-9eed-7a4cc889cb7c,6C:1E:FF:E9:ED:DA,,-74,1762970479136
52693,1762970483633.0,0adab909-eb8f-4baf-9eed-7a4cc889cb7c,7E:89:01:13:48:31,,-83,1762970479136
52694,1762970486253.0,0adab909-eb8f-4baf-9eed-7a4cc889cb7c,5F:37:7B:26:9C:2C,,-74,1762970479136
52695,1762970491721.0,0adab909-eb8f-4baf-9eed-7a4cc889cb7c,7B:C0:7C:01:B0:3E,,-84,1762970479136
52696,1762971303530.0,0adab909-eb8f-4baf-9eed-7a4cc889cb7c,5F:37:7B:26:9C:2C,,-73,1762971301778
52697,1762971306096.0,0adab909-eb8f-4baf-9eed-7a4cc889cb7c,49:D5:09:A2:2A:99,,-71,1762971301778
52698,1762971309572.0,0adab909-eb8f-4baf-9eed-7a4cc889cb7c,7E:89:01:13:48:31,,-79,1762971301778
52699,1762971769925.0,0adab909-eb8f-4baf-9eed-7a4cc889cb7c,72:8E:43:16:36:2C,,-75,1762971768822
52700,1762971770827.0,0adab909-eb8f-4baf-9eed-7a4cc889cb7c,53:FC:D6:29:BC:A1,,-89,1762971768822
52701,1762971773420.0,0adab909-eb8f-4baf-9eed-7a4cc889cb7c,49:D5:09:A2:2A:99,,-70,1762971768822
52702,1762972368442.0,0adab909-eb8f-4baf-9eed-7a4cc889cb7c,CC:D3:C1:22:45:3E,,-100,1762972367579
52703,1762972368700.0,0adab909-eb8f-4baf-9eed-7a4cc889cb7c,63:08:DD:C0:AB:96,,-80,1762972367579
52704,1762972375296.0,0adab909-eb8f-4baf-9eed-7a4cc889cb7c,57:26:65:F0:0C:AE,Fernseher im Schlafzimmer,-90,1762972367579
52705,1762972376450.0,0adab909-eb8f-4baf-9eed-7a4cc889cb7c,CC:D3:C1:22:45:3E,TOSHIBA TV,-100,1762972367579
52706,1762972380485.0,0adab909-eb8f-4baf-9eed-7a4cc889cb7c,63:08:DD:C0:AB:96,,-76,1762972367579
52707,1762972380542.0,0adab909-eb8f-4baf-9eed-7a4cc889cb7c,35:B6:F2:B9:14:33,,-84,1762972367579
52708,1762972900808.0,0adab909-eb8f-4baf-9eed-7a4cc889cb7c,46:DA:47:A7:49:53,,-92,1762972898758
52709,1762972903091.0,0adab909-eb8f-4baf-9eed-7a4cc889cb7c,63:08:DD:C0:AB:96,,-83,1762972898758
52710,1762973478247.0,0adab909-eb8f-4baf-9eed-7a4cc889cb7c,46:DA:47:A7:49:53,,-90,1762973476798
52711,1762973478266.0,0adab909-eb8f-4baf-9eed-7a4cc889cb7c,63:08:DD:C0:AB:96,,-80,1762973476798
52712,1762973479826.0,0adab909-eb8f-4baf-9eed-7a4cc889cb7c,64:CF:FA:3C:12:1D,,-85,1762973476798
52713,1762974129721.0,0adab909-eb8f-4baf-9eed-7a4cc889cb7c,46:B9:98:AA:9C:A5,,-85,1762974127729
52714,1762974139639.0,0adab909-eb8f-4baf-9eed-7a4cc889cb7c,7B:E8:D8:E7:6C:BE,,-87,1762974127729
52715,1762974956858.0,0adab909-eb8f-4baf-9eed-7a4cc889cb7c,46:B9:98:AA:9C:A5,,-73,1762974955759
52716,1762974956882.0,0adab909-eb8f-4baf-9eed-7a4cc889cb7c,73:AD:05:DF:7E:9A,,-84,1762974955759
52717,1762974961573.0,0adab909-eb8f-4baf-9eed-7a4cc889cb7c,7B:E8:D8:E7:6C:BE,,-82,1762974955759
52718,1762975314758.0,0adab909-eb8f-4baf-9eed-7a4cc889cb7c,4C:1E:65:18:34:5C,,-69,1762975314723
52719,1762975316140.0,0adab909-eb8f-4baf-9eed-7a4cc889cb7c,73:AD:05:DF:7E:9A,,-86,1762975314723
52720,1762975321947.0,0adab909-eb8f-4baf-9eed-7a4cc889cb7c,52:C3:07:EE:D6:91,,-72,1762975314723
52721,1762975889114.0,0adab909-eb8f-4baf-9eed-7a4cc889cb7c,4C:1E:65:18:34:5C,,-88,1762975888006
52722,1762975891342.0,0adab909-eb8f-4baf-9eed-7a4cc889cb7c,52:C3:07:EE:D6:91,,-88,1762975888006
52723,1762975901022.0,0adab909-eb8f-4baf-9eed-7a4cc889cb7c,35:17:E3:77:A2:C9,,-81,1762975888006
52724,1762976532693.0,0adab909-eb8f-4baf-9eed-7a4cc889cb7c,4C:1E:65:18:34:5C,,-69,1762976530275
52725,1762977412623.0,0adab909-eb8f-4baf-9eed-7a4cc889cb7c,74:D3:5C:C3:3C:B4,,-65,1762977411261
52726,1762977413627.0,0adab909-eb8f-4baf-9eed-7a4cc889cb7c,50:7C:6A:BD:8C:0E,,-84,1762977411261
52727,1762977711674.0,0adab909-eb8f-4baf-9eed-7a4cc889cb7c,78:BB:0D:AD:15:E7,,-91,1762977711259
52728,1762977712648.0,0adab909-eb8f-4baf-9eed-7a4cc889cb7c,74:D3:5C:C3:3C:B4,,-66,1762977711259
52729,1762977713242.0,0adab909-eb8f-4baf-9eed-7a4cc889cb7c,7C:31:46:8F:EB:AC,,-68,1762977711259
52730,1762978288639.0,0adab909-eb8f-4baf-9eed-7a4cc889cb7c,7C:31:46:8F:EB:AC,,-81,1762978288239
52731,1762978288665.0,0adab909-eb8f-4baf-9eed-7a4cc889cb7c,66:C5:EF:D8:8E:0E,,-65,1762978288239
52732,1762978292494.0,0adab909-eb8f-4baf-9eed-7a4cc889cb7c,78:BB:0D:AD:15:E7,,-91,1762978288239
52733,1762979189778.0,0adab909-eb8f-4baf-9eed-7a4cc889cb7c,4B:70:48:3D:0B:EC,,-94,1762979189719
52734,1762979191055.0,0adab909-eb8f-4baf-9eed-7a4cc889cb7c,66:C5:EF:D8:8E:0E,,-70,1762979189719
52735,1762979200653.0,0adab909-eb8f-4baf-9eed-7a4cc889cb7c,69:6F:05:F7:CE:E4,,-76,1762979189719
52736,1762979490642.0,0adab909-eb8f-4baf-9eed-7a4cc889cb7c,66:C5:EF:D8:8E:0E,,-68,1762979488592
52737,1762979490954.0,0adab909-eb8f-4baf-9eed-7a4cc889cb7c,4B:70:48:3D:0B:EC,,-84,1762979488592
52738,1762979495410.0,0adab909-eb8f-4baf-9eed-7a4cc889cb7c,69:6F:05:F7:CE:E4,,-78,1762979488592
52739,1762979502504.0,0adab909-eb8f-4baf-9eed-7a4cc889cb7c,0B:62:33:05:FB:3E,,-74,1762979488592
52740,1762979502684.0,0adab909-eb8f-4baf-9eed-7a4cc889cb7c,84:C8:A0:8B:BD:3D,JBL BAR 800,-78,1762979488592
52741,1762979503524.0,0adab909-eb8f-4baf-9eed-7a4cc889cb7c,66:C5:EF:D8:8E:0E,,-71,1762979488592
52742,1762979504479.0,0adab909-eb8f-4baf-9eed-7a4cc889cb7c,84:C8:A0:8B:BD:3D,JBL BAR 800,-73,1762979488592
52743,1762980248352.0,0adab909-eb8f-4baf-9eed-7a4cc889cb7c,4D:A3:66:41:58:45,,-70,1762980248198
52744,1762980249547.0,0adab909-eb8f-4baf-9eed-7a4cc889cb7c,74:B2:FD:DC:C2:E8,,-72,1762980248198
52745,1762980250291.0,0adab909-eb8f-4baf-9eed-7a4cc889cb7c,5B:24:DF:04:8E:4C,,-82,1762980248198
52746,1762980261204.0,0adab909-eb8f-4baf-9eed-7a4cc889cb7c,5B:24:DF:04:8E:4C,,-82,1762980248198
52747,1762980261243.0,0adab909-eb8f-4baf-9eed-7a4cc889cb7c,4D:A3:66:41:58:45,,-64,1762980248198
52748,1762980262228.0,0adab909-eb8f-4baf-9eed-7a4cc889cb7c,35:98:F9:A3:BD:AF,,-79,1762980248198
52749,1762980712346.0,0adab909-eb8f-4baf-9eed-7a4cc889cb7c,4D:A3:66:41:58:45,,-68,1762980711285
52750,1762980716823.0,0adab909-eb8f-4baf-9eed-7a4cc889cb7c,74:B2:FD:DC:C2:E8,,-83,1762980711285
52751,1762980722950.0,0adab909-eb8f-4baf-9eed-7a4cc889cb7c,5B:24:DF:04:8E:4C,,-87,1762980711285
52752,1762980724300.0,0adab909-eb8f-4baf-9eed-7a4cc889cb7c,11:8A:F8:60:3B:55,,-58,1762980711285
52753,1762980725323.0,0adab909-eb8f-4baf-9eed-7a4cc889cb7c,84:C8:A0:8B:BD:3D,JBL BAR 800,-82,1762980711285
52754,1762980726339.0,0adab909-eb8f-4baf-9eed-7a4cc889cb7c,4D:A3:66:41:58:45,,-65,1762980711285
52755,1762981312012.0,0adab909-eb8f-4baf-9eed-7a4cc889cb7c,7D:1A:B4:48:AF:37,,-70,1762981311307
52756,1762981312727.0,0adab909-eb8f-4baf-9eed-7a4cc889cb7c,5A:39:06:DF:4B:19,,-67,1762981311307
52757,1762981312953.0,0adab909-eb8f-4baf-9eed-7a4cc889cb7c,71:B6:2D:A4:40:92,,-83,1762981311307
52758,1762981317548.0,0adab909-eb8f-4baf-9eed-7a4cc889cb7c,E6:68:C6:AB:E4:2D,SumUp 418,-91,1762981311307
52759,1762981324215.0,0adab909-eb8f-4baf-9eed-7a4cc889cb7c,5A:39:06:DF:4B:19,,-59,1762981311307
52760,1762981324280.0,0adab909-eb8f-4baf-9eed-7a4cc889cb7c,84:C8:A0:8B:BD:3D,JBL BAR 800,-70,1762981311307
52761,1762981324316.0,0adab909-eb8f-4baf-9eed-7a4cc889cb7c,C8:8F:47:B5:88:49,,-82,1762981311307
52762,1762981911738.0,0adab909-eb8f-4baf-9eed-7a4cc889cb7c,5A:39:06:DF:4B:19,,-74,1762981911294
52763,1762981912405.0,0adab909-eb8f-4baf-9eed-7a4cc889cb7c,71:B6:2D:A4:40:92,,-87,1762981911294
52764,1762981917503.0,0adab909-eb8f-4baf-9eed-7a4cc889cb7c,7D:1A:B4:48:AF:37,,-75,1762981911294
52765,1762981924298.0,0adab909-eb8f-4baf-9eed-7a4cc889cb7c,22:38:CD:CA:EB:83,,-92,1762981911294
52766,1762981925219.0,0adab909-eb8f-4baf-9eed-7a4cc889cb7c,5A:39:06:DF:4B:19,,-70,1762981911294
52767,1762981926336.0,0adab909-eb8f-4baf-9eed-7a4cc889cb7c,84:C8:A0:8B:BD:3D,JBL BAR 800,-78,1762981911294
52768,1762982511850.0,0adab909-eb8f-4baf-9eed-7a4cc889cb7c,73:54:0B:99:14:ED,,-91,1762982511091
52769,1762982514110.0,0adab909-eb8f-4baf-9eed-7a4cc889cb7c,43:BA:4C:A4:4C:6B,,-70,1762982511091
52770,1762982514143.0,0adab909-eb8f-4baf-9eed-7a4cc889cb7c,68:10:67:F2:E2:04,,-73,1762982511091
52771,1762982524003.0,0adab909-eb8f-4baf-9eed-7a4cc889cb7c,68:10:67:F2:E2:04,,-74,1762982511091
52772,1762982524025.0,0adab909-eb8f-4baf-9eed-7a4cc889cb7c,1D:12:C1:4A:26:7E,,-67,1762982511091
52773,1762982524043.0,0adab909-eb8f-4baf-9eed-7a4cc889cb7c,84:C8:A0:8B:BD:3D,JBL BAR 800,-78,1762982511091
52774,1762982526044.0,0adab909-eb8f-4baf-9eed-7a4cc889cb7c,07:09:90:6B:8B:C4,,-89,1762982511091
52775,1762982526087.0,0adab909-eb8f-4baf-9eed-7a4cc889cb7c,73:54:0B:99:14:ED,,-86,1762982511091
52776,1762982526135.0,0adab909-eb8f-4baf-9eed-7a4cc889cb7c,43:BA:4C:A4:4C:6B,,-79,1762982511091
52777,1762983112792.0,0adab909-eb8f-4baf-9eed-7a4cc889cb7c,68:10:67:F2:E2:04,,-69,1762983111059
52778,1762983115331.0,0adab909-eb8f-4baf-9eed-7a4cc889cb7c,61:95:68:6E:F6:4C,,-91,1762983111059
52779,1762983117571.0,0adab909-eb8f-4baf-9eed-7a4cc889cb7c,43:BA:4C:A4:4C:6B,,-79,1762983111059
52780,1762983123949.0,0adab909-eb8f-4baf-9eed-7a4cc889cb7c,84:C8:A0:8B:BD:3D,JBL BAR 800,-78,1762983111059
52781,1762983123982.0,0adab909-eb8f-4baf-9eed-7a4cc889cb7c,0A:D3:98:33:34:9B,,-65,1762983111059
52782,1762983124044.0,0adab909-eb8f-4baf-9eed-7a4cc889cb7c,68:10:67:F2:E2:04,,-71,1762983111059
52783,1762983125119.0,0adab909-eb8f-4baf-9eed-7a4cc889cb7c,33:16:02:F7:EE:8A,,-85,1762983111059
52784,1762983711158.0,0adab909-eb8f-4baf-9eed-7a4cc889cb7c,61:95:68:6E:F6:4C,,-88,1762983711086
52785,1762983713110.0,0adab909-eb8f-4baf-9eed-7a4cc889cb7c,68:10:67:F2:E2:04,,-73,1762983711086
52786,1762983724092.0,0adab909-eb8f-4baf-9eed-7a4cc889cb7c,68:10:67:F2:E2:04,,-67,1762983711086
52787,1762983724127.0,0adab909-eb8f-4baf-9eed-7a4cc889cb7c,10:5C:2F:43:C5:B7,,-67,1762983711086
52788,1762983724211.0,0adab909-eb8f-4baf-9eed-7a4cc889cb7c,84:C8:A0:8B:BD:3D,JBL BAR 800,-79,1762983711086
52789,1762984289887.0,0adab909-eb8f-4baf-9eed-7a4cc889cb7c,72:DC:E0:E0:EF:A5,,-85,1762984289134
52790,1762984292066.0,0adab909-eb8f-4baf-9eed-7a4cc889cb7c,6B:F7:5F:2E:33:B6,,-63,1762984289134
52791,1762984294700.0,0adab909-eb8f-4baf-9eed-7a4cc889cb7c,5C:AB:0B:F5:44:77,,-81,1762984289134
52792,1762984302121.0,0adab909-eb8f-4baf-9eed-7a4cc889cb7c,84:C8:A0:8B:BD:3D,JBL BAR 800,-81,1762984289134
52793,1762984303051.0,0adab909-eb8f-4baf-9eed-7a4cc889cb7c,6B:F7:5F:2E:33:B6,,-68,1762984289134
52794,1762984911448.0,0adab909-eb8f-4baf-9eed-7a4cc889cb7c,66:59:2F:56:37:36,,-78,1762984911064
52795,1762984913784.0,0adab909-eb8f-4baf-9eed-7a4cc889cb7c,6B:F7:5F:2E:33:B6,,-69,1762984911064
52796,1762984916352.0,0adab909-eb8f-4baf-9eed-7a4cc889cb7c,5C:AB:0B:F5:44:77,,-68,1762984911064
52797,1762984924093.0,0adab909-eb8f-4baf-9eed-7a4cc889cb7c,84:C8:A0:8B:BD:3D,JBL BAR 800,-81,1762984911064
52798,1762984925022.0,0adab909-eb8f-4baf-9eed-7a4cc889cb7c,6B:F7:5F:2E:33:B6,,-72,1762984911064
52799,1762985511321.0,0adab909-eb8f-4baf-9eed-7a4cc889cb7c,57:28:D4:26:EC:BF,,-67,1762985511194
52800,1762985511993.0,0adab909-eb8f-4baf-9eed-7a4cc889cb7c,66:59:2F:56:37:36,,-93,1762985511194
52801,1762985524265.0,0adab909-eb8f-4baf-9eed-7a4cc889cb7c,57:28:D4:26:EC:BF,,-64,1762985511194
52802,1762985526113.0,0adab909-eb8f-4baf-9eed-7a4cc889cb7c,66:9B:D8:CA:D5:18,,-77,1762985511194
52803,1762985526258.0,0adab909-eb8f-4baf-9eed-7a4cc889cb7c,66:59:2F:56:37:36,,-88,1762985511194
52804,1762985526285.0,0adab909-eb8f-4baf-9eed-7a4cc889cb7c,E7:2F:2C:AF:84:19,,-88,1762985511194
52805,1762986175620.0,0adab909-eb8f-4baf-9eed-7a4cc889cb7c,6F:B8:74:A7:E3:97,,-82,1762986172615
52806,1762986772629.0,0adab909-eb8f-4baf-9eed-7a4cc889cb7c,5B:9E:71:F8:D6:EF,,-72,1762986772613
52807,1762986774625.0,0adab909-eb8f-4baf-9eed-7a4cc889cb7c,62:71:93:DD:E2:DC,,-87,1762986772613
52808,1762986777793.0,0adab909-eb8f-4baf-9eed-7a4cc889cb7c,4F:25:89:A0:72:D4,,-85,1762986772613
52809,1762987367885.0,0adab909-eb8f-4baf-9eed-7a4cc889cb7c,5B:9E:71:F8:D6:EF,,-67,1762987367850
52810,1762987373390.0,0adab909-eb8f-4baf-9eed-7a4cc889cb7c,4F:25:89:A0:72:D4,,-78,1762987367850
52811,1762987973516.0,0adab909-eb8f-4baf-9eed-7a4cc889cb7c,42:C6:38:84:7A:39,,-58,1762987973213
52812,1762987978225.0,0adab909-eb8f-4baf-9eed-7a4cc889cb7c,73:F7:4D:E1:F0:48,,-79,1762987973213
52813,1762988504729.0,0adab909-eb8f-4baf-9eed-7a4cc889cb7c,42:C6:38:84:7A:39,,-70,1762988504635
52814,1762989104677.0,0adab909-eb8f-4baf-9eed-7a4cc889cb7c,5A:47:A5:09:02:84,,-66,1762989104586
52815,1762989104698.0,0adab909-eb8f-4baf-9eed-7a4cc889cb7c,41:48:D6:BB:12:10,,-80,1762989104586
52816,1762989108589.0,0adab909-eb8f-4baf-9eed-7a4cc889cb7c,6D:90:41:41:9B:A3,,-89,1762989104586
52817,1762989705024.0,0adab909-eb8f-4baf-9eed-7a4cc889cb7c,5A:47:A5:09:02:84,,-73,1762989704845
52818,1762989714660.0,0adab909-eb8f-4baf-9eed-7a4cc889cb7c,6D:90:41:41:9B:A3,,-84,1762989704845
52819,1762990537001.0,0adab909-eb8f-4baf-9eed-7a4cc889cb7c,68:74:EF:02:18:24,,-71,1762990536589
52820,1762990537672.0,0adab909-eb8f-4baf-9eed-7a4cc889cb7c,48:A1:4E:DC:D4:54,,-85,1762990536589
52821,1762990538655.0,0adab909-eb8f-4baf-9eed-7a4cc889cb7c,76:42:A4:9D:0D:89,,-84,1762990536589
52822,1762991137283.0,0adab909-eb8f-4baf-9eed-7a4cc889cb7c,68:74:EF:02:18:24,,-60,1762991136597
52823,1762991138297.0,0adab909-eb8f-4baf-9eed-7a4cc889cb7c,5D:84:BB:31:E4:BA,,-86,1762991136597
52824,1762991736837.0,0adab909-eb8f-4baf-9eed-7a4cc889cb7c,5B:6B:A7:20:48:4B,,-64,1762991736823
52825,1762991736955.0,0adab909-eb8f-4baf-9eed-7a4cc889cb7c,5D:84:BB:31:E4:BA,,-78,1762991736823
52826,1762991744370.0,0adab909-eb8f-4baf-9eed-7a4cc889cb7c,50:F3:5B:9E:41:25,,-78,1762991736823
52827,1762992292650.0,0adab909-eb8f-4baf-9eed-7a4cc889cb7c,44:03:B6:94:55:7E,,-79,1762992292555
52828,1762992293361.0,0adab909-eb8f-4baf-9eed-7a4cc889cb7c,5B:6B:A7:20:48:4B,,-63,1762992292555
52829,1762992297803.0,0adab909-eb8f-4baf-9eed-7a4cc889cb7c,50:F3:5B:9E:41:25,,-82,1762992292555
52830,1762992892609.0,0adab909-eb8f-4baf-9eed-7a4cc889cb7c,5B:6B:A7:20:48:4B,,-65,1762992892545
52831,1762992892942.0,0adab909-eb8f-4baf-9eed-7a4cc889cb7c,44:03:B6:94:55:7E,,-79,1762992892545
52832,1762992901357.0,0adab909-eb8f-4baf-9eed-7a4cc889cb7c,50:F3:5B:9E:41:25,,-78,1762992892545
52833,1762993494945.0,0adab909-eb8f-4baf-9eed-7a4cc889cb7c,50:30:A5:33:F3:C0,,-71,1762993493543
52834,1762993497821.0,0adab909-eb8f-4baf-9eed-7a4cc889cb7c,44:03:B6:94:55:7E,,-79,1762993493543
52835,1762993498471.0,0adab909-eb8f-4baf-9eed-7a4cc889cb7c,61:20:45:A2:8F:ED,,-77,1762993493543
52836,1762994093307.0,0adab909-eb8f-4baf-9eed-7a4cc889cb7c,7E:BE:E4:69:F3:EF,,-87,1762994092891
52837,1762994093325.0,0adab909-eb8f-4baf-9eed-7a4cc889cb7c,50:30:A5:33:F3:C0,,-67,1762994092891
52838,1762994097837.0,0adab909-eb8f-4baf-9eed-7a4cc889cb7c,61:20:45:A2:8F:ED,,-82,1762994092891
52839,1762994624972.0,0adab909-eb8f-4baf-9eed-7a4cc889cb7c,7E:BE:E4:69:F3:EF,,-83,1762994624774
52840,1762994626294.0,0adab909-eb8f-4baf-9eed-7a4cc889cb7c,50:30:A5:33:F3:C0,,-68,1762994624774
52841,1762995224759.0,0adab909-eb8f-4baf-9eed-7a4cc889cb7c,7F:EB:D5:63:C7:32,,-66,1762995224755
52842,1762995226629.0,0adab909-eb8f-4baf-9eed-7a4cc889cb7c,68:89:3C:06:EF:14,,-77,1762995224755
52843,1762995231393.0,0adab909-eb8f-4baf-9eed-7a4cc889cb7c,6F:09:41:E0:2E:55,,-80,1762995224755
52844,1762995823766.0,0adab909-eb8f-4baf-9eed-7a4cc889cb7c,6F:09:41:E0:2E:55,,-82,1762995823762
52845,1762995824296.0,0adab909-eb8f-4baf-9eed-7a4cc889cb7c,7F:EB:D5:63:C7:32,,-58,1762995823762
52846,1762995828119.0,0adab909-eb8f-4baf-9eed-7a4cc889cb7c,68:89:3C:06:EF:14,,-85,1762995823762
52847,1762996354577.0,0adab909-eb8f-4baf-9eed-7a4cc889cb7c,6A:D6:3F:7F:7F:A6,,-60,1762996354525
52848,1762996354901.0,0adab909-eb8f-4baf-9eed-7a4cc889cb7c,74:69:89:A2:B2:FA,,-80,1762996354525
52849,1762996366470.0,0adab909-eb8f-4baf-9eed-7a4cc889cb7c,42:66:5E:EF:2F:89,,-81,1762996354525
52850,1762996954575.0,0adab909-eb8f-4baf-9eed-7a4cc889cb7c,6A:D6:3F:7F:7F:A6,,-64,1762996954513
52851,1762996954975.0,0adab909-eb8f-4baf-9eed-7a4cc889cb7c,74:69:89:A2:B2:FA,,-83,1762996954513
52852,1762996955987.0,0adab909-eb8f-4baf-9eed-7a4cc889cb7c,42:66:5E:EF:2F:89,,-78,1762996954513
52853,1762997555551.0,0adab909-eb8f-4baf-9eed-7a4cc889cb7c,6E:B5:3D:61:2D:90,,-65,1762997555540
52854,1762997558630.0,0adab909-eb8f-4baf-9eed-7a4cc889cb7c,5D:3F:F8:A4:B6:E6,,-85,1762997555540
52855,1762998154836.0,0adab909-eb8f-4baf-9eed-7a4cc889cb7c,5D:3F:F8:A4:B6:E6,,-80,1762998154833
52856,1762998155249.0,0adab909-eb8f-4baf-9eed-7a4cc889cb7c,6E:B5:3D:61:2D:90,,-62,1762998154833
52857,1762998686850.0,0adab909-eb8f-4baf-9eed-7a4cc889cb7c,6E:B5:3D:61:2D:90,,-67,1762998686846
52858,1762998687303.0,0adab909-eb8f-4baf-9eed-7a4cc889cb7c,5D:3F:F8:A4:B6:E6,,-88,1762998686846
52859,1762998690144.0,0adab909-eb8f-4baf-9eed-7a4cc889cb7c,70:41:98:E8:42:C4,,-80,1762998686846
52860,1762999286957.0,0adab909-eb8f-4baf-9eed-7a4cc889cb7c,47:2D:96:B1:5D:CA,,-59,1762999286781
52861,1762999287551.0,0adab909-eb8f-4baf-9eed-7a4cc889cb7c,40:08:86:FF:AE:8C,,-82,1762999286781
52862,1762999293732.0,0adab909-eb8f-4baf-9eed-7a4cc889cb7c,70:41:98:E8:42:C4,,-86,1762999286781
52863,1762999887350.0,0adab909-eb8f-4baf-9eed-7a4cc889cb7c,47:2D:96:B1:5D:CA,,-60,1762999886607
52864,1762999888704.0,0adab909-eb8f-4baf-9eed-7a4cc889cb7c,40:08:86:FF:AE:8C,,-82,1762999886607
52865,1762999897878.0,0adab909-eb8f-4baf-9eed-7a4cc889cb7c,58:1C:17:A9:2D:44,,-81,1762999886607
52866,1763000510920.0,0adab909-eb8f-4baf-9eed-7a4cc889cb7c,79:AE:64:7B:75:AC,,-61,1763000510732
52867,1763000513476.0,0adab909-eb8f-4baf-9eed-7a4cc889cb7c,58:1C:17:A9:2D:44,,-82,1763000510732
52868,1763000514823.0,0adab909-eb8f-4baf-9eed-7a4cc889cb7c,64:6D:9E:E2:B4:47,,-89,1763000510732
52869,1763001110940.0,0adab909-eb8f-4baf-9eed-7a4cc889cb7c,79:AE:64:7B:75:AC,,-79,1763001110725
52870,1763001110959.0,0adab909-eb8f-4baf-9eed-7a4cc889cb7c,64:6D:9E:E2:B4:47,,-81,1763001110725
52871,1763001117064.0,0adab909-eb8f-4baf-9eed-7a4cc889cb7c,58:1C:17:A9:2D:44,,-86,1763001110725
52872,1763001711048.0,0adab909-eb8f-4baf-9eed-7a4cc889cb7c,79:AE:64:7B:75:AC,,-64,1763001711046
52873,1763001711333.0,0adab909-eb8f-4baf-9eed-7a4cc889cb7c,64:6D:9E:E2:B4:47,,-80,1763001711046
52874,1763001721235.0,0adab909-eb8f-4baf-9eed-7a4cc889cb7c,5F:31:02:31:AA:AD,,-64,1763001711046
52875,1763001722468.0,0adab909-eb8f-4baf-9eed-7a4cc889cb7c,51:45:6B:DC:EE:49,,-88,1763001711046
52876,1763002542480.0,0adab909-eb8f-4baf-9eed-7a4cc889cb7c,7F:14:01:2C:59:44,,-74,1763002542446
52877,1763002542516.0,0adab909-eb8f-4baf-9eed-7a4cc889cb7c,5F:31:02:31:AA:AD,,-64,1763002542446
52878,1763002543869.0,0adab909-eb8f-4baf-9eed-7a4cc889cb7c,4B:1A:DE:55:00:83,,-79,1763002542446
52879,1763003142709.0,0adab909-eb8f-4baf-9eed-7a4cc889cb7c,4B:1A:DE:55:00:83,,-82,1763003142707
52880,1763003143873.0,0adab909-eb8f-4baf-9eed-7a4cc889cb7c,6E:F9:11:DF:F7:45,,-65,1763003142707
52881,1763003148024.0,0adab909-eb8f-4baf-9eed-7a4cc889cb7c,7F:14:01:2C:59:44,,-88,1763003142707
52882,1763003743331.0,0adab909-eb8f-4baf-9eed-7a4cc889cb7c,52:DB:C6:AD:DD:03,,-80,1763003742493
52883,1763003745454.0,0adab909-eb8f-4baf-9eed-7a4cc889cb7c,6E:F9:11:DF:F7:45,,-66,1763003742493
52884,1763003749273.0,0adab909-eb8f-4baf-9eed-7a4cc889cb7c,7D:A0:5B:F6:C2:32,,-77,1763003742493
52885,1763004275506.0,0adab909-eb8f-4baf-9eed-7a4cc889cb7c,5C:79:D2:C1:02:D7,,-68,1763004274431
52886,1763004276464.0,0adab909-eb8f-4baf-9eed-7a4cc889cb7c,52:DB:C6:AD:DD:03,,-81,1763004274431
52887,1763004874867.0,0adab909-eb8f-4baf-9eed-7a4cc889cb7c,5C:79:D2:C1:02:D7,,-59,1763004874441
52888,1763004876832.0,0adab909-eb8f-4baf-9eed-7a4cc889cb7c,66:E8:5F:6A:AE:59,,-84,1763004874441
52889,1763005474472.0,0adab909-eb8f-4baf-9eed-7a4cc889cb7c,5C:79:D2:C1:02:D7,,-69,1763005474429
52890,1763005479049.0,0adab909-eb8f-4baf-9eed-7a4cc889cb7c,61:31:CA:98:50:BE,,-81,1763005474429
52891,1763005480281.0,0adab909-eb8f-4baf-9eed-7a4cc889cb7c,66:E8:5F:6A:AE:59,,-83,1763005474429
52892,1763005994508.0,0adab909-eb8f-4baf-9eed-7a4cc889cb7c,49:FD:34:7B:F2:7B,,-60,1763005993440
52893,1763005999359.0,0adab909-eb8f-4baf-9eed-7a4cc889cb7c,58:8A:44:53:B5:F5,,-86,1763005993440
52894,1763006004405.0,0adab909-eb8f-4baf-9eed-7a4cc889cb7c,61:31:CA:98:50:BE,,-83,1763005993440
52895,1763006593865.0,0adab909-eb8f-4baf-9eed-7a4cc889cb7c,58:8A:44:53:B5:F5,,-79,1763006593643
52896,1763006594489.0,0adab909-eb8f-4baf-9eed-7a4cc889cb7c,49:FD:34:7B:F2:7B,,-60,1763006593643
52897,1763006594778.0,0adab909-eb8f-4baf-9eed-7a4cc889cb7c,70:73:DF:D6:B6:B2,,-88,1763006593643
52898,1763007194227.0,0adab909-eb8f-4baf-9eed-7a4cc889cb7c,49:FD:34:7B:F2:7B,,-57,1763007193665
52899,1763007196734.0,0adab909-eb8f-4baf-9eed-7a4cc889cb7c,58:8A:44:53:B5:F5,,-82,1763007193665
52900,1763007198411.0,0adab909-eb8f-4baf-9eed-7a4cc889cb7c,70:73:DF:D6:B6:B2,,-85,1763007193665
52901,1763007793939.0,0adab909-eb8f-4baf-9eed-7a4cc889cb7c,5F:C0:E5:90:1D:6A,,-60,1763007793934
52902,1763007802931.0,0adab909-eb8f-4baf-9eed-7a4cc889cb7c,63:F0:31:08:70:87,,-87,1763007793934
52903,1763008325430.0,0adab909-eb8f-4baf-9eed-7a4cc889cb7c,5F:C0:E5:90:1D:6A,,-70,1763008325398
52904,1763008325441.0,0adab909-eb8f-4baf-9eed-7a4cc889cb7c,5F:B9:EA:1A:5B:E8,,-81,1763008325398
52905,1763008332236.0,0adab909-eb8f-4baf-9eed-7a4cc889cb7c,63:F0:31:08:70:87,,-82,1763008325398
52906,1763008926433.0,0adab909-eb8f-4baf-9eed-7a4cc889cb7c,4C:8A:61:B7:05:FB,,-80,1763008925387
52907,1763008926813.0,0adab909-eb8f-4baf-9eed-7a4cc889cb7c,41:C0:DC:B0:D7:61,,-65,1763008925387
52908,1763008930932.0,0adab909-eb8f-4baf-9eed-7a4cc889cb7c,4C:7F:6B:BE:BD:A5,,-80,1763008925387
52909,1763009525376.0,0adab909-eb8f-4baf-9eed-7a4cc889cb7c,41:C0:DC:B0:D7:61,,-68,1763009524273
52910,1763009526635.0,0adab909-eb8f-4baf-9eed-7a4cc889cb7c,4C:8A:61:B7:05:FB,,-81,1763009524273
52911,1763009528526.0,0adab909-eb8f-4baf-9eed-7a4cc889cb7c,4C:7F:6B:BE:BD:A5,,-86,1763009524273
52912,1763010357605.0,0adab909-eb8f-4baf-9eed-7a4cc889cb7c,44:F0:D9:DA:FD:55,,-79,1763010357602
52913,1763010359757.0,0adab909-eb8f-4baf-9eed-7a4cc889cb7c,4F:4E:DD:9B:1C:8C,,-65,1763010357602
52914,1763010364231.0,0adab909-eb8f-4baf-9eed-7a4cc889cb7c,5D:E3:C7:4C:2D:ED,,-80,1763010357602
52915,1763010957740.0,0adab909-eb8f-4baf-9eed-7a4cc889cb7c,44:F0:D9:DA:FD:55,,-75,1763010957595
52916,1763010957758.0,0adab909-eb8f-4baf-9eed-7a4cc889cb7c,5D:E3:C7:4C:2D:ED,,-81,1763010957595
52917,1763010958832.0,0adab909-eb8f-4baf-9eed-7a4cc889cb7c,4F:4E:DD:9B:1C:8C,,-64,1763010957595
52918,1763011557423.0,0adab909-eb8f-4baf-9eed-7a4cc889cb7c,7F:4F:45:7C:5C:D6,,-61,1763011557419
52919,1763011561682.0,0adab909-eb8f-4baf-9eed-7a4cc889cb7c,5C:5F:BC:4B:CB:8D,,-76,1763011557419
52920,1763012090428.0,0adab909-eb8f-4baf-9eed-7a4cc889cb7c,7F:4F:45:7C:5C:D6,,-61,1763012089365
52921,1763012090791.0,0adab909-eb8f-4baf-9eed-7a4cc889cb7c,6F:60:13:EA:1E:EF,,-78,1763012089365
52922,1763012097203.0,0adab909-eb8f-4baf-9eed-7a4cc889cb7c,56:AA:6E:A0:21:A6,,-88,1763012089365
52923,1763012689425.0,0adab909-eb8f-4baf-9eed-7a4cc889cb7c,7F:4F:45:7C:5C:D6,,-65,1763012689411
52924,1763012691151.0,0adab909-eb8f-4baf-9eed-7a4cc889cb7c,7E:86:01:74:15:44,,-83,1763012689411
52925,1763012694688.0,0adab909-eb8f-4baf-9eed-7a4cc889cb7c,76:41:11:23:83:7F,,-81,1763012689411
52926,1763013091542.0,0adab909-eb8f-4baf-9eed-7a4cc889cb7c,4C:96:8A:ED:6A:01,SPEN NA,-58,1763013091509
52927,1763013091579.0,0adab909-eb8f-4baf-9eed-7a4cc889cb7c,5A:51:1D:C4:5D:00,,-59,1763013091509
52928,1763013092281.0,0adab909-eb8f-4baf-9eed-7a4cc889cb7c,4C:96:8A:ED:6A:01,SPEN NA,-61,1763013091509
52929,1763013092592.0,0adab909-eb8f-4baf-9eed-7a4cc889cb7c,4C:96:8A:ED:6A:01,SPEN NA,-61,1763013091509
52930,1763013092918.0,0adab909-eb8f-4baf-9eed-7a4cc889cb7c,4C:96:8A:ED:6A:01,SPEN NA,-62,1763013091509
52931,1763013093226.0,0adab909-eb8f-4baf-9eed-7a4cc889cb7c,4C:96:8A:ED:6A:01,SPEN NA,-65,1763013091509
52932,1763013093527.0,0adab909-eb8f-4baf-9eed-7a4cc889cb7c,4C:96:8A:ED:6A:01,SPEN NA,-61,1763013091509
52933,1763013093855.0,0adab909-eb8f-4baf-9eed-7a4cc889cb7c,4C:96:8A:ED:6A:01,SPEN NA,-62,1763013091509
52934,1763013093873.0,0adab909-eb8f-4baf-9eed-7a4cc889cb7c,7E:86:01:74:15:44,,-82,1763013091509
52935,1763013094162.0,0adab909-eb8f-4baf-9eed-7a4cc889cb7c,4C:96:8A:ED:6A:01,SPEN NA,-65,1763013091509
52936,1763013094493.0,0adab909-eb8f-4baf-9eed-7a4cc889cb7c,4C:96:8A:ED:6A:01,SPEN NA,-57,1763013091509
52937,1763013094815.0,0adab909-eb8f-4baf-9eed-7a4cc889cb7c,4C:96:8A:ED:6A:01,SPEN NA,-58,1763013091509
52938,1763013095127.0,0adab909-eb8f-4baf-9eed-7a4cc889cb7c,4C:96:8A:ED:6A:01,SPEN NA,-65,1763013091509
52939,1763013095429.0,0adab909-eb8f-4baf-9eed-7a4cc889cb7c,4C:96:8A:ED:6A:01,SPEN NA,-62,1763013091509
52940,1763013096080.0,0adab909-eb8f-4baf-9eed-7a4cc889cb7c,4C:96:8A:ED:6A:01,SPEN NA,-66,1763013091509
52941,1763013096379.0,0adab909-eb8f-4baf-9eed-7a4cc889cb7c,4C:96:8A:ED:6A:01,SPEN NA,-64,1763013091509
52942,1763013097653.0,0adab909-eb8f-4baf-9eed-7a4cc889cb7c,4C:96:8A:ED:6A:01,SPEN NA,-65,1763013091509
52943,1763013097676.0,0adab909-eb8f-4baf-9eed-7a4cc889cb7c,76:41:11:23:83:7F,,-76,1763013091509
52944,1763013100251.0,0adab909-eb8f-4baf-9eed-7a4cc889cb7c,4C:96:8A:ED:6A:01,SPEN NA,-62,1763013091509
52945,1763013100574.0,0adab909-eb8f-4baf-9eed-7a4cc889cb7c,4C:96:8A:ED:6A:01,SPEN NA,-61,1763013091509
52946,1763013101220.0,0adab909-eb8f-4baf-9eed-7a4cc889cb7c,4C:96:8A:ED:6A:01,SPEN NA,-61,1763013091509
52947,1763013101517.0,0adab909-eb8f-4baf-9eed-7a4cc889cb7c,4C:96:8A:ED:6A:01,SPEN NA,-58,1763013091509
52948,1763013101850.0,0adab909-eb8f-4baf-9eed-7a4cc889cb7c,4C:96:8A:ED:6A:01,SPEN NA,-65,1763013091509
52949,1763013102473.0,0adab909-eb8f-4baf-9eed-7a4cc889cb7c,4C:96:8A:ED:6A:01,SPEN NA,-59,1763013091509
52950,1763013102792.0,0adab909-eb8f-4baf-9eed-7a4cc889cb7c,4C:96:8A:ED:6A:01,SPEN NA,-65,1763013091509
52951,1763013103723.0,0adab909-eb8f-4baf-9eed-7a4cc889cb7c,4C:96:8A:ED:6A:01,SPEN NA,-66,1763013091509
52952,1763013891344.0,0adab909-eb8f-4baf-9eed-7a4cc889cb7c,7E:86:01:74:15:44,,-81,1763013890952
52953,1763013892012.0,0adab909-eb8f-4baf-9eed-7a4cc889cb7c,5A:51:1D:C4:5D:00,,-55,1763013890952
52954,1763013894235.0,0adab909-eb8f-4baf-9eed-7a4cc889cb7c,55:6B:F6:3F:EE:DD,,-68,1763013890952
52955,1763014491677.0,0adab909-eb8f-4baf-9eed-7a4cc889cb7c,6C:F1:4C:BF:D8:26,,-60,1763014490946
52956,1763014493604.0,0adab909-eb8f-4baf-9eed-7a4cc889cb7c,55:6B:F6:3F:EE:DD,,-77,1763014490946
52957,1763014497118.0,0adab909-eb8f-4baf-9eed-7a4cc889cb7c,66:84:86:46:6B:AA,,-80,1763014490946
52958,1763015092765.0,0adab909-eb8f-4baf-9eed-7a4cc889cb7c,66:84:86:46:6B:AA,,-86,1763015092329
52959,1763015093739.0,0adab909-eb8f-4baf-9eed-7a4cc889cb7c,6C:F1:4C:BF:D8:26,,-55,1763015092329
52960,1763015104264.0,0adab909-eb8f-4baf-9eed-7a4cc889cb7c,4A:7F:DD:97:E4:AE,,-70,1763015092329
52961,1763015504889.0,0adab909-eb8f-4baf-9eed-7a4cc889cb7c,6C:F1:4C:BF:D8:26,,-67,1763015504799
52962,1763015505241.0,0adab909-eb8f-4baf-9eed-7a4cc889cb7c,4A:7F:DD:97:E4:AE,,-88,1763015504799
52963,1763015517054.0,0adab909-eb8f-4baf-9eed-7a4cc889cb7c,66:84:86:46:6B:AA,,-88,1763015504799
52964,1763015517735.0,0adab909-eb8f-4baf-9eed-7a4cc889cb7c,84:C8:A0:8B:BD:3D,JBL BAR 800,-85,1763015504799
52965,1763015517795.0,0adab909-eb8f-4baf-9eed-7a4cc889cb7c,6C:F1:4C:BF:D8:26,,-61,1763015504799
52966,1763015518868.0,0adab909-eb8f-4baf-9eed-7a4cc889cb7c,CC:DE:F0:DC:23:23,,-90,1763015504799
52967,1763016184076.0,0adab909-eb8f-4baf-9eed-7a4cc889cb7c,78:8D:94:4B:70:65,,-83,1763016177260
52968,1763016185024.0,0adab909-eb8f-4baf-9eed-7a4cc889cb7c,1E:CC:94:DA:CF:84,,-93,1763016177260
52969,1763016185061.0,0adab909-eb8f-4baf-9eed-7a4cc889cb7c,3D:D4:F8:C2:76:96,,-88,1763016177260
52970,1763016185372.0,0adab909-eb8f-4baf-9eed-7a4cc889cb7c,5A:ED:FE:16:90:E8,,-82,1763016177260
52971,1763016185394.0,0adab909-eb8f-4baf-9eed-7a4cc889cb7c,78:D7:A5:06:78:34,,-84,1763016177260
52972,1763016185675.0,0adab909-eb8f-4baf-9eed-7a4cc889cb7c,2A:52:FC:09:87:F7,,-91,1763016177260
52973,1763016186056.0,0adab909-eb8f-4baf-9eed-7a4cc889cb7c,40:58:99:A6:72:5A,,-84,1763016177260
52974,1763016186955.0,0adab909-eb8f-4baf-9eed-7a4cc889cb7c,43:11:26:33:B2:A9,,-93,1763016177260
52975,1763016186986.0,0adab909-eb8f-4baf-9eed-7a4cc889cb7c,5E:52:FE:8C:BE:D2,,-79,1763016177260
52976,1763016188900.0,0adab909-eb8f-4baf-9eed-7a4cc889cb7c,2E:E7:C4:D0:94:74,,-86,1763016177260
52977,1763016189217.0,0adab909-eb8f-4baf-9eed-7a4cc889cb7c,31:EC:C3:07:FA:99,,-94,1763016177260
52978,1763016189551.0,0adab909-eb8f-4baf-9eed-7a4cc889cb7c,6F:93:F0:98:85:D9,,-86,1763016177260
52979,1763016189838.0,0adab909-eb8f-4baf-9eed-7a4cc889cb7c,72:CF:D3:F3:1F:E1,,-78,1763016177260
52980,1763016190148.0,0adab909-eb8f-4baf-9eed-7a4cc889cb7c,57:55:0A:28:5B:E8,,-73,1763016177260
52981,1763016190175.0,0adab909-eb8f-4baf-9eed-7a4cc889cb7c,54:2E:B3:AD:43:46,,-83,1763016177260
52982,1763016190192.0,0adab909-eb8f-4baf-9eed-7a4cc889cb7c,F1:29:5C:7E:95:53,,-73,1763016177260
52983,1763016190228.0,0adab909-eb8f-4baf-9eed-7a4cc889cb7c,40:58:99:A6:72:5A,,-92,1763016177260
52984,1763016190249.0,0adab909-eb8f-4baf-9eed-7a4cc889cb7c,2E:E7:C4:D0:94:74,,-87,1763016177260
52985,1763016190267.0,0adab909-eb8f-4baf-9eed-7a4cc889cb7c,0D:5D:4E:6C:A4:F5,,-92,1763016177260
52986,1763016190290.0,0adab909-eb8f-4baf-9eed-7a4cc889cb7c,5E:52:FE:8C:BE:D2,,-90,1763016177260
52987,1763016190313.0,0adab909-eb8f-4baf-9eed-7a4cc889cb7c,78:8D:94:4B:70:65,,-81,1763016177260
52988,1763016190327.0,0adab909-eb8f-4baf-9eed-7a4cc889cb7c,5A:ED:FE:16:90:E8,,-83,1763016177260
52989,1763016190384.0,0adab909-eb8f-4baf-9eed-7a4cc889cb7c,22:F6:2C:CA:F3:9F,,-93,1763016177260
52990,1763016190412.0,0adab909-eb8f-4baf-9eed-7a4cc889cb7c,09:5C:0B:71:9F:35,,-81,1763016177260
52991,1763016190427.0,0adab909-eb8f-4baf-9eed-7a4cc889cb7c,13:05:E6:5E:A7:27,,-85,1763016177260
52992,1763016191223.0,0adab909-eb8f-4baf-9eed-7a4cc889cb7c,4A:AB:0A:50:2B:EE,,-87,1763016177260
52993,1763016191253.0,0adab909-eb8f-4baf-9eed-7a4cc889cb7c,6F:93:F0:98:85:D9,,-78,1763016177260
52994,1763016191273.0,0adab909-eb8f-4baf-9eed-7a4cc889cb7c,1C:E8:9E:B6:D4:AE,Refrigerato,-85,1763016177260
52995,1763016191293.0,0adab909-eb8f-4baf-9eed-7a4cc889cb7c,79:90:8C:45:B1:4B,,-91,1763016177260
52996,1763016191309.0,0adab909-eb8f-4baf-9eed-7a4cc889cb7c,10:01:7E:5B:7D:36,,-94,1763016177260
52997,1763016191334.0,0adab909-eb8f-4baf-9eed-7a4cc889cb7c,35:08:F3:D1:5C:65,,-81,1763016177260
52998,1763016191351.0,0adab909-eb8f-4baf-9eed-7a4cc889cb7c,F8:77:B8:26:C5:85,,-87,1763016177260
52999,1763016191366.0,0adab909-eb8f-4baf-9eed-7a4cc889cb7c,3D:D4:F8:C2:76:96,,-82,1763016177260
53000,1763016191408.0,0adab909-eb8f-4baf-9eed-7a4cc889cb7c,03:99:C8:A8:F2:8C,,-90,1763016177260
53001,1763016192236.0,0adab909-eb8f-4baf-9eed-7a4cc889cb7c,44:5C:E9:77:C5:09,,-88,1763016177260
53002,1763016192349.0,0adab909-eb8f-4baf-9eed-7a4cc889cb7c,2A:52:FC:09:87:F7,,-85,1763016177260
53003,1763016192390.0,0adab909-eb8f-4baf-9eed-7a4cc889cb7c,FD:54:C1:9E:4C:05,,-87,1763016177260
53004,1763016708647.0,0adab909-eb8f-4baf-9eed-7a4cc889cb7c,F8:FB:90:F1:83:9D,,-83,1763016707182
53005,1763016708670.0,0adab909-eb8f-4baf-9eed-7a4cc889cb7c,6C:0B:5E:31:4B:87,,-79,1763016707182
53006,1763016708690.0,0adab909-eb8f-4baf-9eed-7a4cc889cb7c,01:65:15:CB:AB:6A,,-81,1763016707182
53007,1763016710506.0,0adab909-eb8f-4baf-9eed-7a4cc889cb7c,1A:7A:FB:01:23:77,,-79,1763016707182
53008,1763016712321.0,0adab909-eb8f-4baf-9eed-7a4cc889cb7c,EC:C5:7F:64:EE:C4,DP C221.CAN,-91,1763016707182
53009,1763016714127.0,0adab909-eb8f-4baf-9eed-7a4cc889cb7c,7F:FF:6E:9B:3A:3D,,-67,1763016707182
53010,1763016714311.0,0adab909-eb8f-4baf-9eed-7a4cc889cb7c,27:DE:19:04:2C:EC,,-73,1763016707182
53011,1763016715911.0,0adab909-eb8f-4baf-9eed-7a4cc889cb7c,6A:A2:CD:4F:94:81,,-68,1763016707182
53012,1763016719170.0,0adab909-eb8f-4baf-9eed-7a4cc889cb7c,2C:D1:C6:E4:10:78,My Skoda 5166,-100,1763016707182
53013,1763016720124.0,0adab909-eb8f-4baf-9eed-7a4cc889cb7c,EC:C5:7F:64:EE:C4,DP C221.CAN,-82,1763016707182
53014,1763016720158.0,0adab909-eb8f-4baf-9eed-7a4cc889cb7c,7F:FF:6E:9B:3A:3D,,-76,1763016707182
53015,1763016720174.0,0adab909-eb8f-4baf-9eed-7a4cc889cb7c,1A:31:2A:A4:91:C3,,-81,1763016707182
53016,1763016720217.0,0adab909-eb8f-4baf-9eed-7a4cc889cb7c,68:FC:CA:BC:75:ED,,-86,1763016707182
53017,1763016722196.0,0adab909-eb8f-4baf-9eed-7a4cc889cb7c,63:6F:2E:5C:38:03,,-79,1763016707182
53018,1763016722228.0,0adab909-eb8f-4baf-9eed-7a4cc889cb7c,3D:D2:7C:9F:12:E3,,-85,1763016707182
53019,1763017409064.0,0adab909-eb8f-4baf-9eed-7a4cc889cb7c,75:62:A4:0C:29:4B,,-90,1763017408355
53020,1763017409417.0,0adab909-eb8f-4baf-9eed-7a4cc889cb7c,68:CA:C4:8A:40:9C,mbasg,-100,1763017408355
53021,1763017412626.0,0adab909-eb8f-4baf-9eed-7a4cc889cb7c,44:CB:B6:BF:99:83,,-74,1763017408355
53022,1763017415136.0,0adab909-eb8f-4baf-9eed-7a4cc889cb7c,84:25:3F:A3:1F:C2,mitte-home MH22340108,-94,1763017408355
53023,1763017415149.0,0adab909-eb8f-4baf-9eed-7a4cc889cb7c,4A:DC:BF:EF:BD:E6,,-94,1763017408355
53024,1763017419632.0,0adab909-eb8f-4baf-9eed-7a4cc889cb7c,5C:69:BC:63:D2:0E,,-89,1763017408355
53025,1763017908149.0,0adab909-eb8f-4baf-9eed-7a4cc889cb7c,68:CA:C4:8A:40:9C,mbasg,-100,1763017908026
53026,1763017908451.0,0adab909-eb8f-4baf-9eed-7a4cc889cb7c,84:25:3F:A3:1F:C2,mitte-home MH22340108,-91,1763017908026
53027,1763017910380.0,0adab909-eb8f-4baf-9eed-7a4cc889cb7c,41:B8:0B:F5:7C:32,,-84,1763017908026
53028,1763017912043.0,0adab909-eb8f-4baf-9eed-7a4cc889cb7c,7F:F2:6E:23:61:0B,,-93,1763017908026
53029,1763017913902.0,0adab909-eb8f-4baf-9eed-7a4cc889cb7c,44:CB:B6:BF:99:83,,-81,1763017908026
53030,1763018475733.0,0adab909-eb8f-4baf-9eed-7a4cc889cb7c,6A:DF:09:D8:51:F7,,-92,1763018475333
53031,1763018476676.0,0adab909-eb8f-4baf-9eed-7a4cc889cb7c,74:82:E7:C1:DF:F3,,-79,1763018475333
53032,1763018476702.0,0adab909-eb8f-4baf-9eed-7a4cc889cb7c,5A:92:98:75:58:58,,-94,1763018475333
53033,1763018477676.0,0adab909-eb8f-4baf-9eed-7a4cc889cb7c,7D:93:CF:40:0F:2E,,-88,1763018475333
53034,1763018478234.0,0adab909-eb8f-4baf-9eed-7a4cc889cb7c,7A:1B:9A:AF:C5:E0,,-91,1763018475333
53035,1763018482746.0,0adab909-eb8f-4baf-9eed-7a4cc889cb7c,68:CA:C4:8A:40:9C,mbasg,-100,1763018475333
53036,1763018482761.0,0adab909-eb8f-4baf-9eed-7a4cc889cb7c,7A:62:05:CB:C8:CA,,-78,1763018475333
53037,1763019083697.0,0adab909-eb8f-4baf-9eed-7a4cc889cb7c,7A:62:05:CB:C8:CA,,-76,1763019083343
53038,1763019084036.0,0adab909-eb8f-4baf-9eed-7a4cc889cb7c,7D:93:CF:40:0F:2E,,-91,1763019083343
53039,1763019084064.0,0adab909-eb8f-4baf-9eed-7a4cc889cb7c,40:FC:1D:FF:B5:1F,,-91,1763019083343
53040,1763019084981.0,0adab909-eb8f-4baf-9eed-7a4cc889cb7c,5A:92:98:75:58:58,,-89,1763019083343
53041,1763019085354.0,0adab909-eb8f-4baf-9eed-7a4cc889cb7c,74:82:E7:C1:DF:F3,,-86,1763019083343
53042,1763019086000.0,0adab909-eb8f-4baf-9eed-7a4cc889cb7c,68:CA:C4:8A:40:9C,mbasg,-100,1763019083343
53043,1763019089346.0,0adab909-eb8f-4baf-9eed-7a4cc889cb7c,5D:9E:9B:F6:04:99,Jabra Evolve2 65,-81,1763019083343
53044,1763019092618.0,0adab909-eb8f-4baf-9eed-7a4cc889cb7c,63:A9:AC:76:1F:70,,-85,1763019083343
53045,1763019695958.0,0adab909-eb8f-4baf-9eed-7a4cc889cb7c,7C:0A:83:6B:1E:1B,,-84,1763019695917
53046,1763019695998.0,0adab909-eb8f-4baf-9eed-7a4cc889cb7c,7D:93:CF:40:0F:2E,,-88,1763019695917
53047,1763019696723.0,0adab909-eb8f-4baf-9eed-7a4cc889cb7c,40:FC:1D:FF:B5:1F,,-91,1763019695917
53048,1763019697077.0,0adab909-eb8f-4baf-9eed-7a4cc889cb7c,66:65:11:39:89:14,,127,1763019695917
53049,1763019698224.0,0adab909-eb8f-4baf-9eed-7a4cc889cb7c,63:A9:AC:76:1F:70,,-79,1763019695917
53050,1763019698280.0,0adab909-eb8f-4baf-9eed-7a4cc889cb7c,68:CA:C4:8A:40:9C,mbasg,-100,1763019695917
53051,1763019698587.0,0adab909-eb8f-4baf-9eed-7a4cc889cb7c,84:25:3F:A3:1F:C2,mitte-home MH22340108,-92,1763019695917
53052,1763019699264.0,0adab909-eb8f-4baf-9eed-7a4cc889cb7c,48:C7:5C:9D:B1:FC,,-90,1763019695917
53053,1763019700212.0,0adab909-eb8f-4baf-9eed-7a4cc889cb7c,73:D0:5E:BA:A6:B2,Jabra Evolve2 65,-93,1763019695917
53054,1763019706304.0,0adab909-eb8f-4baf-9eed-7a4cc889cb7c,5D:9E:9B:F6:04:99,Jabra Evolve2 65,-82,1763019695917
53055,1763020548347.0,0adab909-eb8f-4baf-9eed-7a4cc889cb7c,79:57:27:CC:C5:1E,,-85,1763020548343
53056,1763020548369.0,0adab909-eb8f-4baf-9eed-7a4cc889cb7c,64:20:47:FC:73:1E,,-90,1763020548343
53057,1763020548399.0,0adab909-eb8f-4baf-9eed-7a4cc889cb7c,5B:5E:FB:0F:01:11,,-89,1763020548343
53058,1763020549217.0,0adab909-eb8f-4baf-9eed-7a4cc889cb7c,68:CA:C4:8A:40:9C,mbasg,-100,1763020548343
53059,1763020549662.0,0adab909-eb8f-4baf-9eed-7a4cc889cb7c,84:25:3F:A3:1F:C2,mitte-home MH22340108,-87,1763020548343
53060,1763020549681.0,0adab909-eb8f-4baf-9eed-7a4cc889cb7c,56:11:C9:C1:8C:4C,,-89,1763020548343
53061,1763020549943.0,0adab909-eb8f-4baf-9eed-7a4cc889cb7c,61:CA:5C:7E:B3:EA,,-84,1763020548343
53062,1763020549962.0,0adab909-eb8f-4baf-9eed-7a4cc889cb7c,4D:CF:53:ED:8E:95,Jabra Evolve2 65,-80,1763020548343
53063,1763020549980.0,0adab909-eb8f-4baf-9eed-7a4cc889cb7c,50:47:FE:F3:F3:B5,,-79,1763020548343
53064,1763020550651.0,0adab909-eb8f-4baf-9eed-7a4cc889cb7c,98:04:ED:A2:3E:1C,S295b50867b2bc14bC,-91,1763020548343
53065,1763020552249.0,0adab909-eb8f-4baf-9eed-7a4cc889cb7c,41:B3:5B:3C:1F:7B,,-91,1763020548343
53066,1763020552537.0,0adab909-eb8f-4baf-9eed-7a4cc889cb7c,68:CA:C4:8A:40:9C,mbasg,-96,1763020548343
53067,1763020552551.0,0adab909-eb8f-4baf-9eed-7a4cc889cb7c,58:2F:C1:E4:3F:74,,-94,1763020548343
53068,1763020553516.0,0adab909-eb8f-4baf-9eed-7a4cc889cb7c,7F:90:0C:D7:DA:F9,,-80,1763020548343
53069,1763020553533.0,0adab909-eb8f-4baf-9eed-7a4cc889cb7c,68:C4:38:A1:26:4A,,-76,1763020548343
53070,1763020554801.0,0adab909-eb8f-4baf-9eed-7a4cc889cb7c,5E:3C:EF:EF:D3:7E,Jabra Evolve2 65,-92,1763020548343
53071,1763020555130.0,0adab909-eb8f-4baf-9eed-7a4cc889cb7c,62:C8:26:DC:9A:01,,-94,1763020548343
53072,1763020555153.0,0adab909-eb8f-4baf-9eed-7a4cc889cb7c,7C:95:2C:6E:A0:FA,,-93,1763020548343
53073,1763020556418.0,0adab909-eb8f-4baf-9eed-7a4cc889cb7c,6C:79:EE:B6:D7:D3,,-94,1763020548343
53074,1763020559639.0,0adab909-eb8f-4baf-9eed-7a4cc889cb7c,59:07:C4:92:22:FB,,-87,1763020548343
53075,1763021020537.0,0adab909-eb8f-4baf-9eed-7a4cc889cb7c,62:F7:49:7E:4C:99,,-86,1763021020442
53076,1763021021529.0,0adab909-eb8f-4baf-9eed-7a4cc889cb7c,68:CA:C4:8A:40:9C,mbasg,-100,1763021020442
53077,1763021022066.0,0adab909-eb8f-4baf-9eed-7a4cc889cb7c,50:47:FE:F3:F3:B5,,-80,1763021020442
53078,1763021022079.0,0adab909-eb8f-4baf-9eed-7a4cc889cb7c,72:93:AB:83:9F:0C,,-90,1763021020442
53079,1763021022415.0,0adab909-eb8f-4baf-9eed-7a4cc889cb7c,7E:C9:DF:83:88:E8,,-70,1763021020442
53080,1763021022723.0,0adab909-eb8f-4baf-9eed-7a4cc889cb7c,65:CD:96:95:75:80,,-70,1763021020442
53081,1763021022747.0,0adab909-eb8f-4baf-9eed-7a4cc889cb7c,5D:23:45:E6:A8:41,Jabra Evolve2 65,-86,1763021020442
53082,1763021023001.0,0adab909-eb8f-4baf-9eed-7a4cc889cb7c,68:CA:C4:8A:40:9C,mbasg,-99,1763021020442
53083,1763021024014.0,0adab909-eb8f-4baf-9eed-7a4cc889cb7c,75:56:48:98:6E:91,,-88,1763021020442
53084,1763021024029.0,0adab909-eb8f-4baf-9eed-7a4cc889cb7c,6C:D3:47:E1:F2:6C,,-88,1763021020442
53085,1763021028205.0,0adab909-eb8f-4baf-9eed-7a4cc889cb7c,46:4D:68:EC:9D:97,,-81,1763021020442
53086,1763021620347.0,0adab909-eb8f-4baf-9eed-7a4cc889cb7c,5D:23:45:E6:A8:41,Jabra Evolve2 65,-81,1763021620261
53087,1763021620365.0,0adab909-eb8f-4baf-9eed-7a4cc889cb7c,50:47:FE:F3:F3:B5,,-78,1763021620261
53088,1763021620698.0,0adab909-eb8f-4baf-9eed-7a4cc889cb7c,7E:C9:DF:83:88:E8,,-65,1763021620261
53089,1763021621071.0,0adab909-eb8f-4baf-9eed-7a4cc889cb7c,6F:89:B9:10:8A:74,,-85,1763021620261
53090,1763021621091.0,0adab909-eb8f-4baf-9eed-7a4cc889cb7c,68:CA:C4:8A:40:9C,mbasg,-100,1763021620261
53091,1763021621351.0,0adab909-eb8f-4baf-9eed-7a4cc889cb7c,84:25:3F:A3:1F:C2,mitte-home MH22340108,-85,1763021620261
53092,1763021621366.0,0adab909-eb8f-4baf-9eed-7a4cc889cb7c,65:CD:96:95:75:80,,-66,1763021620261
53093,1763021621709.0,0adab909-eb8f-4baf-9eed-7a4cc889cb7c,6C:D3:47:E1:F2:6C,,-86,1763021620261
53094,1763021621987.0,0adab909-eb8f-4baf-9eed-7a4cc889cb7c,46:4D:68:EC:9D:97,,-81,1763021620261
53095,1763021622000.0,0adab909-eb8f-4baf-9eed-7a4cc889cb7c,76:6B:DC:3F:8C:49,,-91,1763021620261
53096,1763021623259.0,0adab909-eb8f-4baf-9eed-7a4cc889cb7c,65:9A:BC:4B:7C:44,,-87,1763021620261
53097,1763021623885.0,0adab909-eb8f-4baf-9eed-7a4cc889cb7c,72:93:AB:83:9F:0C,,-88,1763021620261
53098,1763021623901.0,0adab909-eb8f-4baf-9eed-7a4cc889cb7c,75:56:48:98:6E:91,,-89,1763021620261
53099,1763021625572.0,0adab909-eb8f-4baf-9eed-7a4cc889cb7c,64:38:B7:DF:9C:08,Jabra Evolve2 65,-91,1763021620261
53100,1763021629004.0,0adab909-eb8f-4baf-9eed-7a4cc889cb7c,4D:24:F0:7B:CF:3D,,-85,1763021620261
53101,1763021630294.0,0adab909-eb8f-4baf-9eed-7a4cc889cb7c,7F:90:0C:D7:DA:F9,,-84,1763021620261
53102,1763022221393.0,0adab909-eb8f-4baf-9eed-7a4cc889cb7c,84:25:3F:A3:1F:C2,mitte-home MH22340108,-86,1763022221320
53103,1763022221412.0,0adab909-eb8f-4baf-9eed-7a4cc889cb7c,7D:C1:1A:84:44:4F,,-87,1763022221320
53104,1763022222003.0,0adab909-eb8f-4baf-9eed-7a4cc889cb7c,4F:78:C7:B2:8A:F7,,-78,1763022221320
53105,1763022222063.0,0adab909-eb8f-4baf-9eed-7a4cc889cb7c,73:89:D4:C7:10:BA,,-90,1763022221320
53106,1763022222666.0,0adab909-eb8f-4baf-9eed-7a4cc889cb7c,48:AF:C6:11:B7:07,,-94,1763022221320
53107,1763022223338.0,0adab909-eb8f-4baf-9eed-7a4cc889cb7c,5E:13:6D:EE:16:67,,-88,1763022221320
53108,1763022223634.0,0adab909-eb8f-4baf-9eed-7a4cc889cb7c,77:B4:79:5E:3E:61,,-83,1763022221320
53109,1763022223653.0,0adab909-eb8f-4baf-9eed-7a4cc889cb7c,68:CA:C4:8A:40:9C,mbasg,-100,1763022221320
53110,1763022224553.0,0adab909-eb8f-4baf-9eed-7a4cc889cb7c,49:C0:F7:C1:88:B1,,-93,1763022221320
53111,1763022224597.0,0adab909-eb8f-4baf-9eed-7a4cc889cb7c,68:CA:C4:8A:40:9C,mbasg,-100,1763022221320
53112,1763022225532.0,0adab909-eb8f-4baf-9eed-7a4cc889cb7c,44:AF:F4:5C:13:95,,-82,1763022221320
53113,1763022225548.0,0adab909-eb8f-4baf-9eed-7a4cc889cb7c,79:6A:02:D4:0A:6C,,-67,1763022221320
53114,1763022225559.0,0adab909-eb8f-4baf-9eed-7a4cc889cb7c,61:F8:B1:AE:C9:9D,,-83,1763022221320
53115,1763022226815.0,0adab909-eb8f-4baf-9eed-7a4cc889cb7c,65:9A:BC:4B:7C:44,,-87,1763022221320
53116,1763022227466.0,0adab909-eb8f-4baf-9eed-7a4cc889cb7c,6F:89:B9:10:8A:74,,-86,1763022221320
53117,1763022230666.0,0adab909-eb8f-4baf-9eed-7a4cc889cb7c,98:04:ED:A2:3E:1C,S295b50867b2bc14bC,-92,1763022221320
53118,1763022231320.0,0adab909-eb8f-4baf-9eed-7a4cc889cb7c,46:CE:35:8D:88:92,,-92,1763022221320
53119,1763022233224.0,0adab909-eb8f-4baf-9eed-7a4cc889cb7c,65:77:04:6D:63:D1,,-93,1763022221320
53120,1763022823636.0,0adab909-eb8f-4baf-9eed-7a4cc889cb7c,73:89:D4:C7:10:BA,,-90,1763022822289
53121,1763022823656.0,0adab909-eb8f-4baf-9eed-7a4cc889cb7c,7D:C1:1A:84:44:4F,,-85,1763022822289
53122,1763022823666.0,0adab909-eb8f-4baf-9eed-7a4cc889cb7c,7C:79:2A:E1:37:D0,,-89,1763022822289
53123,1763022823959.0,0adab909-eb8f-4baf-9eed-7a4cc889cb7c,79:6A:02:D4:0A:6C,,-72,1763022822289
53124,1763022824154.0,0adab909-eb8f-4baf-9eed-7a4cc889cb7c,68:CA:C4:8A:40:9C,mbasg,-100,1763022822289
53125,1763022824311.0,0adab909-eb8f-4baf-9eed-7a4cc889cb7c,84:25:3F:A3:1F:C2,mitte-home MH22340108,-88,1763022822289
53126,1763022824331.0,0adab909-eb8f-4baf-9eed-7a4cc889cb7c,61:F5:4D:23:15:36,,-84,1763022822289
53127,1763022824409.0,0adab909-eb8f-4baf-9eed-7a4cc889cb7c,68:CA:C4:8A:40:9C,mbasg,-92,1763022822289
53128,1763022824651.0,0adab909-eb8f-4baf-9eed-7a4cc889cb7c,6D:2B:61:F6:FC:C6,,-87,1763022822289
53129,1763022824669.0,0adab909-eb8f-4baf-9eed-7a4cc889cb7c,4F:78:C7:B2:8A:F7,,-76,1763022822289
53130,1763022824946.0,0adab909-eb8f-4baf-9eed-7a4cc889cb7c,4E:B1:20:20:0E:3D,,-89,1763022822289
53131,1763022825886.0,0adab909-eb8f-4baf-9eed-7a4cc889cb7c,46:CE:35:8D:88:92,,-87,1763022822289
53132,1763022828154.0,0adab909-eb8f-4baf-9eed-7a4cc889cb7c,64:35:10:7B:9B:60,,-80,1763022822289
53133,1763022831313.0,0adab909-eb8f-4baf-9eed-7a4cc889cb7c,62:66:48:C7:D4:CC,,-84,1763022822289
53134,1763022833901.0,0adab909-eb8f-4baf-9eed-7a4cc889cb7c,4F:50:AF:5E:E6:19,,-93,1763022822289
53135,1763022834890.0,0adab909-eb8f-4baf-9eed-7a4cc889cb7c,41:FB:7B:C4:61:2E,,-86,1763022822289
53136,1763023423799.0,0adab909-eb8f-4baf-9eed-7a4cc889cb7c,60:BA:5B:9B:42:22,,-88,1763023423262
53137,1763023424615.0,0adab909-eb8f-4baf-9eed-7a4cc889cb7c,64:35:10:7B:9B:60,,-88,1763023423262
53138,1763023424640.0,0adab909-eb8f-4baf-9eed-7a4cc889cb7c,56:5D:91:21:8D:26,,-92,1763023423262
53139,1763023424845.0,0adab909-eb8f-4baf-9eed-7a4cc889cb7c,68:CA:C4:8A:40:9C,mbasg,-99,1763023423262
53140,1763023425003.0,0adab909-eb8f-4baf-9eed-7a4cc889cb7c,49:54:80:45:3D:A7,,-71,1763023423262
53141,1763023425025.0,0adab909-eb8f-4baf-9eed-7a4cc889cb7c,84:25:3F:A3:1F:C2,mitte-home MH22340108,-91,1763023423262
53142,1763023425667.0,0adab909-eb8f-4baf-9eed-7a4cc889cb7c,61:80:57:40:EE:60,,-84,1763023423262
53143,1763023425956.0,0adab909-eb8f-4baf-9eed-7a4cc889cb7c,7A:61:D7:3F:EF:71,,-85,1763023423262
53144,1763023425977.0,0adab909-eb8f-4baf-9eed-7a4cc889cb7c,61:F5:4D:23:15:36,,-80,1763023423262
53145,1763023426556.0,0adab909-eb8f-4baf-9eed-7a4cc889cb7c,49:7A:F8:24:C5:40,,-84,1763023423262
53146,1763023426923.0,0adab909-eb8f-4baf-9eed-7a4cc889cb7c,70:3F:CB:9D:D4:64,,-93,1763023423262
53147,1763023427211.0,0adab909-eb8f-4baf-9eed-7a4cc889cb7c,42:DB:AE:2B:6E:9C,,-85,1763023423262
53148,1763023427544.0,0adab909-eb8f-4baf-9eed-7a4cc889cb7c,6C:68:A3:B4:05:8B,,-88,1763023423262
53149,1763023429695.0,0adab909-eb8f-4baf-9eed-7a4cc889cb7c,68:CA:C4:8A:40:9C,mbasg,-100,1763023423262
53150,1763023430750.0,0adab909-eb8f-4baf-9eed-7a4cc889cb7c,62:66:48:C7:D4:CC,,-89,1763023423262
53151,1763023431713.0,0adab909-eb8f-4baf-9eed-7a4cc889cb7c,6D:9A:03:F7:8E:47,,-68,1763023423262
53152,1763023435598.0,0adab909-eb8f-4baf-9eed-7a4cc889cb7c,7E:EA:97:A9:D1:B6,,-92,1763023423262
53153,1763024022510.0,0adab909-eb8f-4baf-9eed-7a4cc889cb7c,84:25:3F:A3:1F:C2,mitte-home MH22340108,-89,1763024022295
53154,1763024022678.0,0adab909-eb8f-4baf-9eed-7a4cc889cb7c,49:54:80:45:3D:A7,,-74,1763024022295
53155,1763024022971.0,0adab909-eb8f-4baf-9eed-7a4cc889cb7c,7A:61:D7:3F:EF:71,,-85,1763024022295
53156,1763024022986.0,0adab909-eb8f-4baf-9eed-7a4cc889cb7c,4A:82:E1:CD:3A:D0,,-91,1763024022295
53157,1763024023151.0,0adab909-eb8f-4baf-9eed-7a4cc889cb7c,68:CA:C4:8A:40:9C,mbasg,-100,1763024022295
53158,1763024023660.0,0adab909-eb8f-4baf-9eed-7a4cc889cb7c,6D:9A:03:F7:8E:47,,-75,1763024022295
53159,1763024024249.0,0adab909-eb8f-4baf-9eed-7a4cc889cb7c,62:97:E3:D7:9F:9A,,-94,1763024022295
53160,1763024024656.0,0adab909-eb8f-4baf-9eed-7a4cc889cb7c,76:88:4C:DE:3C:5E,Jabra Evolve2 65,-91,1763024022295
53161,1763024025580.0,0adab909-eb8f-4baf-9eed-7a4cc889cb7c,71:F8:D2:D5:70:96,,-90,1763024022295
53162,1763024025600.0,0adab909-eb8f-4baf-9eed-7a4cc889cb7c,44:03:0B:75:4E:DA,,-90,1763024022295
53163,1763024027765.0,0adab909-eb8f-4baf-9eed-7a4cc889cb7c,66:92:4E:07:80:32,,-94,1763024022295
53164,1763024029385.0,0adab909-eb8f-4baf-9eed-7a4cc889cb7c,43:C6:8D:4B:66:59,,-79,1763024022295
53165,1763024030145.0,0adab909-eb8f-4baf-9eed-7a4cc889cb7c,68:CA:C4:8A:40:9C,mbasg,-100,1763024022295
53166,1763024030339.0,0adab909-eb8f-4baf-9eed-7a4cc889cb7c,42:DB:AE:2B:6E:9C,,-85,1763024022295
53167,1763024646334.0,0adab909-eb8f-4baf-9eed-7a4cc889cb7c,68:CA:C4:8A:40:9C,mbasg,-100,1763024646219
53168,1763024646725.0,0adab909-eb8f-4baf-9eed-7a4cc889cb7c,62:97:E3:D7:9F:9A,,-91,1763024646219
53169,1763024646747.0,0adab909-eb8f-4baf-9eed-7a4cc889cb7c,44:03:0B:75:4E:DA,,-92,1763024646219
53170,1763024646761.0,0adab909-eb8f-4baf-9eed-7a4cc889cb7c,7C:D6:83:86:B8:7A,,-88,1763024646219
53171,1763024647380.0,0adab909-eb8f-4baf-9eed-7a4cc889cb7c,72:CE:0C:68:C9:4A,,-90,1763024646219
53172,1763024647397.0,0adab909-eb8f-4baf-9eed-7a4cc889cb7c,47:E4:A3:7A:FC:84,,-87,1763024646219
53173,1763024647413.0,0adab909-eb8f-4baf-9eed-7a4cc889cb7c,43:C6:8D:4B:66:59,,-75,1763024646219
53174,1763024647675.0,0adab909-eb8f-4baf-9eed-7a4cc889cb7c,49:54:80:45:3D:A7,,-63,1763024646219
53175,1763024647691.0,0adab909-eb8f-4baf-9eed-7a4cc889cb7c,71:F8:D2:D5:70:96,,-89,1763024646219
53176,1763024648063.0,0adab909-eb8f-4baf-9eed-7a4cc889cb7c,42:36:A0:CA:DD:3B,,-90,1763024646219
53177,1763024648356.0,0adab909-eb8f-4baf-9eed-7a4cc889cb7c,77:D0:2F:00:15:96,,-92,1763024646219
53178,1763024648999.0,0adab909-eb8f-4baf-9eed-7a4cc889cb7c,76:15:04:BC:C0:E3,,-88,1763024646219
53179,1763024649337.0,0adab909-eb8f-4baf-9eed-7a4cc889cb7c,65:38:D4:73:AB:6F,,-84,1763024646219
53180,1763024649634.0,0adab909-eb8f-4baf-9eed-7a4cc889cb7c,84:25:3F:A3:1F:C2,mitte-home MH22340108,-89,1763024646219
53181,1763024649939.0,0adab909-eb8f-4baf-9eed-7a4cc889cb7c,47:08:13:69:17:27,,-88,1763024646219
53182,1763024650299.0,0adab909-eb8f-4baf-9eed-7a4cc889cb7c,6D:9A:03:F7:8E:47,,-75,1763024646219
53183,1763024652204.0,0adab909-eb8f-4baf-9eed-7a4cc889cb7c,98:04:ED:A2:3E:1C,S295b50867b2bc14bC,-89,1763024646219
53184,1763024652235.0,0adab909-eb8f-4baf-9eed-7a4cc889cb7c,71:19:47:B0:67:23,Jabra Evolve2 65,-85,1763024646219
53185,1763024653450.0,0adab909-eb8f-4baf-9eed-7a4cc889cb7c,7B:27:16:2E:66:E8,,-89,1763024646219
53186,1763024657336.0,0adab909-eb8f-4baf-9eed-7a4cc889cb7c,65:FB:AF:DE:F4:2D,,-82,1763024646219
53187,1763025071933.0,0adab909-eb8f-4baf-9eed-7a4cc889cb7c,5B:B4:16:5E:B3:6A,,-71,1763025071511
53188,1763025072519.0,0adab909-eb8f-4baf-9eed-7a4cc889cb7c,6B:09:AF:4F:A2:39,,-89,1763025071511
53189,1763025072534.0,0adab909-eb8f-4baf-9eed-7a4cc889cb7c,74:2F:4D:28:A6:ED,,-88,1763025071511
53190,1763025072545.0,0adab909-eb8f-4baf-9eed-7a4cc889cb7c,7B:27:16:2E:66:E8,,-85,1763025071511
53191,1763025072709.0,0adab909-eb8f-4baf-9eed-7a4cc889cb7c,68:CA:C4:8A:40:9C,mbasg,-100,1763025071511
53192,1763025072816.0,0adab909-eb8f-4baf-9eed-7a4cc889cb7c,78:4A:26:13:07:13,,-74,1763025071511
53193,1763025073838.0,0adab909-eb8f-4baf-9eed-7a4cc889cb7c,43:C6:8D:4B:66:59,,-83,1763025071511
53194,1763025074168.0,0adab909-eb8f-4baf-9eed-7a4cc889cb7c,65:38:D4:73:AB:6F,,-87,1763025071511
53195,1763025074188.0,0adab909-eb8f-4baf-9eed-7a4cc889cb7c,42:36:A0:CA:DD:3B,,-89,1763025071511
53196,1763025074461.0,0adab909-eb8f-4baf-9eed-7a4cc889cb7c,84:25:3F:A3:1F:C2,mitte-home MH22340108,-93,1763025071511
53197,1763025074769.0,0adab909-eb8f-4baf-9eed-7a4cc889cb7c,4C:69:08:07:BF:B9,Jabra Evolve2 65,-79,1763025071511
53198,1763025075313.0,0adab909-eb8f-4baf-9eed-7a4cc889cb7c,68:CA:C4:8A:40:9C,mbasg,-99,1763025071511
53199,1763025075472.0,0adab909-eb8f-4baf-9eed-7a4cc889cb7c,4C:32:D5:06:74:97,,-88,1763025071511
53200,1763025076105.0,0adab909-eb8f-4baf-9eed-7a4cc889cb7c,5C:88:6D:B3:71:2B,,-85,1763025071511
53201,1763025083784.0,0adab909-eb8f-4baf-9eed-7a4cc889cb7c,7A:C8:F9:23:07:7E,,-94,1763025071511
53202,1763025713259.0,0adab909-eb8f-4baf-9eed-7a4cc889cb7c,65:38:D4:73:AB:6F,,-83,1763025713256
53203,1763025713274.0,0adab909-eb8f-4baf-9eed-7a4cc889cb7c,72:F9:6C:6E:91:3A,,-79,1763025713256
53204,1763025713683.0,0adab909-eb8f-4baf-9eed-7a4cc889cb7c,53:51:AC:7E:7C:DA,,-81,1763025713256
53205,1763025713702.0,0adab909-eb8f-4baf-9eed-7a4cc889cb7c,84:25:3F:A3:1F:C2,mitte-home MH22340108,-81,1763025713256
53206,1763025713933.0,0adab909-eb8f-4baf-9eed-7a4cc889cb7c,44:1F:A9:5F:45:8D,Jabra Evolve2 65,-83,1763025713256
53207,1763025713948.0,0adab909-eb8f-4baf-9eed-7a4cc889cb7c,6A:07:CF:13:5B:58,,-88,1763025713256
53208,1763025714276.0,0adab909-eb8f-4baf-9eed-7a4cc889cb7c,4F:47:FC:39:85:68,,-88,1763025713256
53209,1763025714551.0,0adab909-eb8f-4baf-9eed-7a4cc889cb7c,68:CA:C4:8A:40:9C,mbasg,-100,1763025713256
53210,1763025714920.0,0adab909-eb8f-4baf-9eed-7a4cc889cb7c,5B:B4:16:5E:B3:6A,,-62,1763025713256
53211,1763025715527.0,0adab909-eb8f-4baf-9eed-7a4cc889cb7c,7E:07:B5:4A:31:2B,,-84,1763025713256
53212,1763025715542.0,0adab909-eb8f-4baf-9eed-7a4cc889cb7c,73:F1:00:DE:00:AF,,-82,1763025713256
53213,1763025718148.0,0adab909-eb8f-4baf-9eed-7a4cc889cb7c,64:DE:C6:03:8B:14,,-86,1763025713256
53214,1763025719402.0,0adab909-eb8f-4baf-9eed-7a4cc889cb7c,6A:94:92:BF:BB:5B,,-83,1763025713256
53215,1763025719419.0,0adab909-eb8f-4baf-9eed-7a4cc889cb7c,CF:3A:37:12:AD:DE,H613_46046,-89,1763025713256
53216,1763025720342.0,0adab909-eb8f-4baf-9eed-7a4cc889cb7c,78:6F:BE:56:11:B3,,-91,1763025713256
53217,1763025721022.0,0adab909-eb8f-4baf-9eed-7a4cc889cb7c,41:0C:01:15:30:21,,-89,1763025713256
53218,1763025722885.0,0adab909-eb8f-4baf-9eed-7a4cc889cb7c,55:F3:47:19:F3:A0,,-85,1763025713256
53219,1763025722904.0,0adab909-eb8f-4baf-9eed-7a4cc889cb7c,78:4A:26:13:07:13,,-69,1763025713256
53220,1763025724880.0,0adab909-eb8f-4baf-9eed-7a4cc889cb7c,41:E0:4B:F4:29:19,Jabra Evolve2 65,-90,1763025713256
53221,1763026448174.0,0adab909-eb8f-4baf-9eed-7a4cc889cb7c,41:0C:01:15:30:21,,-91,1763026448149
53222,1763026448202.0,0adab909-eb8f-4baf-9eed-7a4cc889cb7c,4D:B8:05:17:CF:A3,,-89,1763026448149
53223,1763026448229.0,0adab909-eb8f-4baf-9eed-7a4cc889cb7c,6A:07:CF:13:5B:58,,-90,1763026448149
53224,1763026448622.0,0adab909-eb8f-4baf-9eed-7a4cc889cb7c,5E:5B:E1:E5:F9:66,,-82,1763026448149
53225,1763026448647.0,0adab909-eb8f-4baf-9eed-7a4cc889cb7c,6A:94:92:BF:BB:5B,,-89,1763026448149
53226,1763026448968.0,0adab909-eb8f-4baf-9eed-7a4cc889cb7c,68:CA:C4:8A:40:9C,mbasg,-95,1763026448149
53227,1763026448986.0,0adab909-eb8f-4baf-9eed-7a4cc889cb7c,78:6F:BE:56:11:B3,,-91,1763026448149
53228,1763026449004.0,0adab909-eb8f-4baf-9eed-7a4cc889cb7c,84:25:3F:A3:1F:C2,mitte-home MH22340108,-88,1763026448149
53229,1763026449629.0,0adab909-eb8f-4baf-9eed-7a4cc889cb7c,7E:07:B5:4A:31:2B,,-89,1763026448149
53230,1763026449646.0,0adab909-eb8f-4baf-9eed-7a4cc889cb7c,98:04:ED:A2:3E:1C,S295b50867b2bc14bC,-91,1763026448149
53231,1763026449806.0,0adab909-eb8f-4baf-9eed-7a4cc889cb7c,68:CA:C4:8A:40:9C,mbasg,-98,1763026448149
53232,1763026449940.0,0adab909-eb8f-4baf-9eed-7a4cc889cb7c,4E:7A:33:58:D0:E5,,-82,1763026448149
53233,1763026450281.0,0adab909-eb8f-4baf-9eed-7a4cc889cb7c,45:5B:52:88:0A:18,,-70,1763026448149
53234,1763026451238.0,0adab909-eb8f-4baf-9eed-7a4cc889cb7c,4D:4E:4D:65:77:F4,,-92,1763026448149
53235,1763026454144.0,0adab909-eb8f-4baf-9eed-7a4cc889cb7c,6E:B3:53:18:A3:8D,,-89,1763026448149
53236,1763026455350.0,0adab909-eb8f-4baf-9eed-7a4cc889cb7c,4D:42:3F:A6:9E:90,,-86,1763026448149
53237,1763026455407.0,0adab909-eb8f-4baf-9eed-7a4cc889cb7c,4C:4A:51:EF:52:BB,,-85,1763026448149
53238,1763026455446.0,0adab909-eb8f-4baf-9eed-7a4cc889cb7c,7D:BF:17:F9:E1:51,Jabra Evolve2 65,-91,1763026448149
53239,1763026455473.0,0adab909-eb8f-4baf-9eed-7a4cc889cb7c,56:85:79:3A:84:01,Jabra Evolve2 65,-76,1763026448149
53240,1763026456031.0,0adab909-eb8f-4baf-9eed-7a4cc889cb7c,70:CC:1D:30:09:71,,-85,1763026448149
53241,1763026978669.0,0adab909-eb8f-4baf-9eed-7a4cc889cb7c,7E:07:B5:4A:31:2B,,-86,1763026978647
53242,1763026978725.0,0adab909-eb8f-4baf-9eed-7a4cc889cb7c,4C:4A:51:EF:52:BB,,-90,1763026978647
53243,1763026978748.0,0adab909-eb8f-4baf-9eed-7a4cc889cb7c,84:25:3F:A3:1F:C2,mitte-home MH22340108,-88,1763026978647
53244,1763026978760.0,0adab909-eb8f-4baf-9eed-7a4cc889cb7c,6E:B3:53:18:A3:8D,,-88,1763026978647
53245,1763026978924.0,0adab909-eb8f-4baf-9eed-7a4cc889cb7c,68:CA:C4:8A:40:9C,mbasg,-99,1763026978647
53246,1763026979044.0,0adab909-eb8f-4baf-9eed-7a4cc889cb7c,4D:4E:4D:65:77:F4,,-85,1763026978647
53247,1763026979709.0,0adab909-eb8f-4baf-9eed-7a4cc889cb7c,6B:3D:DC:16:13:84,,-85,1763026978647
53248,1763026979748.0,0adab909-eb8f-4baf-9eed-7a4cc889cb7c,41:99:80:D5:66:F7,,-89,1763026978647
53249,1763026980312.0,0adab909-eb8f-4baf-9eed-7a4cc889cb7c,58:B3:18:19:51:E7,,-84,1763026978647
53250,1763026980966.0,0adab909-eb8f-4baf-9eed-7a4cc889cb7c,4D:B8:05:17:CF:A3,,-90,1763026978647
53251,1763026981008.0,0adab909-eb8f-4baf-9eed-7a4cc889cb7c,5E:5B:E1:E5:F9:66,,-81,1763026978647
53252,1763026981606.0,0adab909-eb8f-4baf-9eed-7a4cc889cb7c,45:5B:52:88:0A:18,,-72,1763026978647
53253,1763026981884.0,0adab909-eb8f-4baf-9eed-7a4cc889cb7c,43:5B:DC:B4:26:5C,,-86,1763026978647
53254,1763026982895.0,0adab909-eb8f-4baf-9eed-7a4cc889cb7c,4F:3F:CA:0B:28:FC,,-94,1763026978647
53255,1763026983197.0,0adab909-eb8f-4baf-9eed-7a4cc889cb7c,56:85:79:3A:84:01,Jabra Evolve2 65,-82,1763026978647
53256,1763026983835.0,0adab909-eb8f-4baf-9eed-7a4cc889cb7c,5B:20:DE:F4:DB:C1,,-94,1763026978647
53257,1763026986369.0,0adab909-eb8f-4baf-9eed-7a4cc889cb7c,98:04:ED:A2:3E:1C,S295b50867b2bc14bC,-95,1763026978647
53258,1763026986696.0,0adab909-eb8f-4baf-9eed-7a4cc889cb7c,43:AD:D8:0A:0A:FB,,-88,1763026978647
53259,1763026987656.0,0adab909-eb8f-4baf-9eed-7a4cc889cb7c,70:CC:1D:30:09:71,,-87,1763026978647
53260,1763026987983.0,0adab909-eb8f-4baf-9eed-7a4cc889cb7c,4D:42:3F:A6:9E:90,,-87,1763026978647
53261,1763026990534.0,0adab909-eb8f-4baf-9eed-7a4cc889cb7c,75:0B:A2:0B:69:A5,,-91,1763026978647
53262,1763027774599.0,0adab909-eb8f-4baf-9eed-7a4cc889cb7c,63:22:5E:20:FC:44,,-91,1763027774180
53263,1763027774618.0,0adab909-eb8f-4baf-9eed-7a4cc889cb7c,6E:96:D3:05:9B:BF,,-92,1763027774180
53264,1763027774633.0,0adab909-eb8f-4baf-9eed-7a4cc889cb7c,43:5B:DC:B4:26:5C,,-90,1763027774180
53265,1763027774910.0,0adab909-eb8f-4baf-9eed-7a4cc889cb7c,5D:95:05:19:2E:6F,,-75,1763027774180
53266,1763027774960.0,0adab909-eb8f-4baf-9eed-7a4cc889cb7c,48:02:8F:BC:01:E0,,-83,1763027774180
53267,1763027775198.0,0adab909-eb8f-4baf-9eed-7a4cc889cb7c,70:72:18:83:79:5C,,-74,1763027774180
53268,1763027775261.0,0adab909-eb8f-4baf-9eed-7a4cc889cb7c,84:25:3F:A3:1F:C2,mitte-home MH22340108,-92,1763027774180
53269,1763027775561.0,0adab909-eb8f-4baf-9eed-7a4cc889cb7c,4A:1E:9F:BD:5E:F8,,-91,1763027774180
53270,1763027775903.0,0adab909-eb8f-4baf-9eed-7a4cc889cb7c,41:69:64:03:7D:B8,,-89,1763027774180
53271,1763027776699.0,0adab909-eb8f-4baf-9eed-7a4cc889cb7c,68:CA:C4:8A:40:9C,mbasg,-100,1763027774180
53272,1763027777389.0,0adab909-eb8f-4baf-9eed-7a4cc889cb7c,68:CA:C4:8A:40:9C,mbasg,-100,1763027774180
53273,1763027777488.0,0adab909-eb8f-4baf-9eed-7a4cc889cb7c,43:AD:D8:0A:0A:FB,,-96,1763027774180
53274,1763027778130.0,0adab909-eb8f-4baf-9eed-7a4cc889cb7c,7D:6E:9A:ED:EE:FD,,-93,1763027774180
53275,1763027778145.0,0adab909-eb8f-4baf-9eed-7a4cc889cb7c,5B:2D:0C:43:BA:B5,,-92,1763027774180
53276,1763027778772.0,0adab909-eb8f-4baf-9eed-7a4cc889cb7c,73:9B:82:38:40:AF,,-92,1763027774180
53277,1763027779742.0,0adab909-eb8f-4baf-9eed-7a4cc889cb7c,47:2A:D4:99:FA:82,Jabra Evolve2 65,-89,1763027774180
53278,1763027780376.0,0adab909-eb8f-4baf-9eed-7a4cc889cb7c,4C:29:42:02:E8:B9,,-84,1763027774180
53279,1763027785789.0,0adab909-eb8f-4baf-9eed-7a4cc889cb7c,59:3B:F1:93:56:15,,-90,1763027774180
53280,1763028094739.0,0adab909-eb8f-4baf-9eed-7a4cc889cb7c,4A:1E:9F:BD:5E:F8,,-84,1763028094722
53281,1763028094753.0,0adab909-eb8f-4baf-9eed-7a4cc889cb7c,78:6D:E8:EA:51:FB,,-90,1763028094722
53282,1763028095071.0,0adab909-eb8f-4baf-9eed-7a4cc889cb7c,63:22:5E:20:FC:44,,-79,1763028094722
53283,1763028095739.0,0adab909-eb8f-4baf-9eed-7a4cc889cb7c,73:9B:82:38:40:AF,,-84,1763028094722
53284,1763028095758.0,0adab909-eb8f-4baf-9eed-7a4cc889cb7c,5D:95:05:19:2E:6F,,-73,1763028094722
53285,1763028096056.0,0adab909-eb8f-4baf-9eed-7a4cc889cb7c,68:CA:C4:8A:40:9C,mbasg,-100,1763028094722
53286,1763028096379.0,0adab909-eb8f-4baf-9eed-7a4cc889cb7c,70:91:A6:A7:DD:0F,,-91,1763028094722
53287,1763028096970.0,0adab909-eb8f-4baf-9eed-7a4cc889cb7c,41:69:64:03:7D:B8,,-89,1763028094722
53288,1763028098932.0,0adab909-eb8f-4baf-9eed-7a4cc889cb7c,5B:2D:0C:43:BA:B5,,-92,1763028094722
53289,1763028098952.0,0adab909-eb8f-4baf-9eed-7a4cc889cb7c,48:02:8F:BC:01:E0,,-78,1763028094722
53290,1763028098965.0,0adab909-eb8f-4baf-9eed-7a4cc889cb7c,68:CA:C4:8A:40:9C,mbasg,-97,1763028094722
53291,1763028099862.0,0adab909-eb8f-4baf-9eed-7a4cc889cb7c,43:AD:D8:0A:0A:FB,,-88,1763028094722
53292,1763028101776.0,0adab909-eb8f-4baf-9eed-7a4cc889cb7c,59:3B:F1:93:56:15,,-93,1763028094722
53293,1763028101794.0,0adab909-eb8f-4baf-9eed-7a4cc889cb7c,7D:6E:9A:ED:EE:FD,,-91,1763028094722
53294,1763028102402.0,0adab909-eb8f-4baf-9eed-7a4cc889cb7c,68:EF:63:E2:F8:10,,-88,1763028094722
53295,1763028102461.0,0adab909-eb8f-4baf-9eed-7a4cc889cb7c,45:94:56:FC:EA:B8,Jabra Evolve2 65,-94,1763028094722
53296,1763028102725.0,0adab909-eb8f-4baf-9eed-7a4cc889cb7c,84:25:3F:A3:1F:C2,mitte-home MH22340108,-94,1763028094722
53297,1763028841462.0,0adab909-eb8f-4baf-9eed-7a4cc889cb7c,6E:96:D3:05:9B:BF,,-88,1763028841448
53298,1763028841481.0,0adab909-eb8f-4baf-9eed-7a4cc889cb7c,71:C6:2D:C4:7A:5C,,-84,1763028841448
53299,1763028841620.0,0adab909-eb8f-4baf-9eed-7a4cc889cb7c,5D:48:19:47:0D:CD,,-79,1763028841448
53300,1763028841934.0,0adab909-eb8f-4baf-9eed-7a4cc889cb7c,84:25:3F:A3:1F:C2,mitte-home MH22340108,-88,1763028841448
53301,1763028841959.0,0adab909-eb8f-4baf-9eed-7a4cc889cb7c,6D:7C:D6:07:12:CC,,-68,1763028841448
53302,1763028842268.0,0adab909-eb8f-4baf-9eed-7a4cc889cb7c,68:CA:C4:8A:40:9C,mbasg,-100,1763028841448
53303,1763028842597.0,0adab909-eb8f-4baf-9eed-7a4cc889cb7c,5C:3D:0F:92:BF:EF,,-69,1763028841448
53304,1763028842886.0,0adab909-eb8f-4baf-9eed-7a4cc889cb7c,7D:E8:4C:90:C0:9C,,-89,1763028841448
53305,1763028844180.0,0adab909-eb8f-4baf-9eed-7a4cc889cb7c,68:CA:C4:8A:40:9C,mbasg,-100,1763028841448
53306,1763028844850.0,0adab909-eb8f-4baf-9eed-7a4cc889cb7c,5A:11:39:A1:E4:E1,,-92,1763028841448
53307,1763028846471.0,0adab909-eb8f-4baf-9eed-7a4cc889cb7c,70:9B:46:D0:EF:5A,,-91,1763028841448
53308,1763029441606.0,0adab909-eb8f-4baf-9eed-7a4cc889cb7c,46:73:F3:F3:6B:86,,-82,1763029441603
53309,1763029441620.0,0adab909-eb8f-4baf-9eed-7a4cc889cb7c,5C:3D:0F:92:BF:EF,,-70,1763029441603
53310,1763029441642.0,0adab909-eb8f-4baf-9eed-7a4cc889cb7c,68:CA:C4:8A:40:9C,mbasg,-100,1763029441603
53311,1763029441656.0,0adab909-eb8f-4baf-9eed-7a4cc889cb7c,70:9B:46:D0:EF:5A,,-95,1763029441603
53312,1763029441668.0,0adab909-eb8f-4baf-9eed-7a4cc889cb7c,71:C6:2D:C4:7A:5C,,-82,1763029441603
53313,1763029441971.0,0adab909-eb8f-4baf-9eed-7a4cc889cb7c,7D:E8:4C:90:C0:9C,,-90,1763029441603
53314,1763029442572.0,0adab909-eb8f-4baf-9eed-7a4cc889cb7c,48:4F:E5:2B:F9:49,,-93,1763029441603
53315,1763029443224.0,0adab909-eb8f-4baf-9eed-7a4cc889cb7c,84:25:3F:A3:1F:C2,mitte-home MH22340108,-92,1763029441603
53316,1763029443581.0,0adab909-eb8f-4baf-9eed-7a4cc889cb7c,4E:37:CA:40:9D:A5,,-86,1763029441603
53317,1763029443875.0,0adab909-eb8f-4baf-9eed-7a4cc889cb7c,5A:11:39:A1:E4:E1,,-85,1763029441603
53318,1763029444823.0,0adab909-eb8f-4baf-9eed-7a4cc889cb7c,4B:DF:FB:FD:A7:E9,,-86,1763029441603
53319,1763029445480.0,0adab909-eb8f-4baf-9eed-7a4cc889cb7c,47:D4:95:FF:18:6A,,-86,1763029441603
53320,1763029446274.0,0adab909-eb8f-4baf-9eed-7a4cc889cb7c,68:CA:C4:8A:40:9C,mbasg,-99,1763029441603
53321,1763029447119.0,0adab909-eb8f-4baf-9eed-7a4cc889cb7c,6D:7C:D6:07:12:CC,,-71,1763029441603
53322,1763029448371.0,0adab909-eb8f-4baf-9eed-7a4cc889cb7c,5D:19:80:7A:93:FE,,-94,1763029441603
53323,1763029450623.0,0adab909-eb8f-4baf-9eed-7a4cc889cb7c,58:85:BD:C0:1E:45,,-92,1763029441603
53324,1763029453183.0,0adab909-eb8f-4baf-9eed-7a4cc889cb7c,70:1F:C0:69:82:16,,-93,1763029441603
53325,1763030042291.0,0adab909-eb8f-4baf-9eed-7a4cc889cb7c,6D:7C:D6:07:12:CC,,-79,1763030041503
53326,1763030042660.0,0adab909-eb8f-4baf-9eed-7a4cc889cb7c,6A:BA:81:90:A9:D7,,-93,1763030041503
53327,1763030043613.0,0adab909-eb8f-4baf-9eed-7a4cc889cb7c,5C:3D:0F:92:BF:EF,,-78,1763030041503
53328,1763030050047.0,0adab909-eb8f-4baf-9eed-7a4cc889cb7c,68:CA:C4:8A:40:9C,mbasg,-100,1763030041503
53329,1763030051311.0,0adab909-eb8f-4baf-9eed-7a4cc889cb7c,77:DC:1D:11:58:AA,,-88,1763030041503
53330,1763030051950.0,0adab909-eb8f-4baf-9eed-7a4cc889cb7c,5C:01:05:CE:1A:CD,,-92,1763030041503
53331,1763030586563.0,0adab909-eb8f-4baf-9eed-7a4cc889cb7c,5B:70:01:A8:0C:C7,,-91,1763030586532
53332,1763030586993.0,0adab909-eb8f-4baf-9eed-7a4cc889cb7c,84:25:3F:A3:1F:C2,mitte-home MH22340108,-91,1763030586532
53333,1763030587286.0,0adab909-eb8f-4baf-9eed-7a4cc889cb7c,6A:39:36:78:A3:28,,-77,1763030586532
53334,1763030589895.0,0adab909-eb8f-4baf-9eed-7a4cc889cb7c,68:CA:C4:8A:40:9C,mbasg,-100,1763030586532
53335,1763030590474.0,0adab909-eb8f-4baf-9eed-7a4cc889cb7c,5C:01:05:CE:1A:CD,,-86,1763030586532
53336,1763030594633.0,0adab909-eb8f-4baf-9eed-7a4cc889cb7c,42:63:DF:E3:E3:EA,,-90,1763030586532
53337,1763030597229.0,0adab909-eb8f-4baf-9eed-7a4cc889cb7c,7A:55:A7:07:D1:BA,,-86,1763030586532
53338,1763031186957.0,0adab909-eb8f-4baf-9eed-7a4cc889cb7c,6A:39:36:78:A3:28,,-75,1763031186570
53339,1763031187003.0,0adab909-eb8f-4baf-9eed-7a4cc889cb7c,7A:55:A7:07:D1:BA,,-77,1763031186570
53340,1763031187285.0,0adab909-eb8f-4baf-9eed-7a4cc889cb7c,4D:60:26:0B:EF:89,,-84,1763031186570
53341,1763031190392.0,0adab909-eb8f-4baf-9eed-7a4cc889cb7c,68:CA:C4:8A:40:9C,mbasg,-100,1763031186570
53342,1763031190829.0,0adab909-eb8f-4baf-9eed-7a4cc889cb7c,68:CA:C4:8A:40:9C,mbasg,-100,1763031186570
53343,1763031194008.0,0adab909-eb8f-4baf-9eed-7a4cc889cb7c,61:E9:92:B6:36:E2,,-95,1763031186570
53344,1763031194037.0,0adab909-eb8f-4baf-9eed-7a4cc889cb7c,84:25:3F:A3:1F:C2,mitte-home MH22340108,-92,1763031186570
53345,1763031787218.0,0adab909-eb8f-4baf-9eed-7a4cc889cb7c,49:2A:6C:33:61:0C,,-92,1763031787197
53346,1763031787637.0,0adab909-eb8f-4baf-9eed-7a4cc889cb7c,42:F9:94:6E:9B:D9,,-85,1763031787197
53347,1763031787653.0,0adab909-eb8f-4baf-9eed-7a4cc889cb7c,57:FA:A8:1C:ED:A1,,-85,1763031787197
53348,1763031788291.0,0adab909-eb8f-4baf-9eed-7a4cc889cb7c,6C:4E:49:65:BB:0A,,-70,1763031787197
53349,1763031788588.0,0adab909-eb8f-4baf-9eed-7a4cc889cb7c,7E:7C:C1:9F:B1:6B,,-91,1763031787197
53350,1763031788671.0,0adab909-eb8f-4baf-9eed-7a4cc889cb7c,68:CA:C4:8A:40:9C,mbasg,-100,1763031787197
53351,1763031788838.0,0adab909-eb8f-4baf-9eed-7a4cc889cb7c,77:E5:34:66:A6:1A,,-90,1763031787197
53352,1763031788854.0,0adab909-eb8f-4baf-9eed-7a4cc889cb7c,84:25:3F:A3:1F:C2,mitte-home MH22340108,-90,1763031787197
53353,1763031788866.0,0adab909-eb8f-4baf-9eed-7a4cc889cb7c,58:02:D7:4C:CD:41,,-84,1763031787197
53354,1763031788937.0,0adab909-eb8f-4baf-9eed-7a4cc889cb7c,68:CA:C4:8A:40:9C,mbasg,-99,1763031787197
53355,1763031789525.0,0adab909-eb8f-4baf-9eed-7a4cc889cb7c,36:B8:0A:40:B3:46,,-85,1763031787197
53356,1763031789542.0,0adab909-eb8f-4baf-9eed-7a4cc889cb7c,42:78:B5:E8:C5:50,,-89,1763031787197
53357,1763031790469.0,0adab909-eb8f-4baf-9eed-7a4cc889cb7c,98:04:ED:A2:3E:1C,S295b50867b2bc14bC,-90,1763031787197
53358,1763031792118.0,0adab909-eb8f-4baf-9eed-7a4cc889cb7c,7B:63:48:5F:EB:82,,-89,1763031787197
53359,1763031792444.0,0adab909-eb8f-4baf-9eed-7a4cc889cb7c,5F:67:C5:44:BB:1D,,-79,1763031787197
53360,1763031793348.0,0adab909-eb8f-4baf-9eed-7a4cc889cb7c,70:89:EB:0A:A0:89,,-90,1763031787197
53361,1763031794347.0,0adab909-eb8f-4baf-9eed-7a4cc889cb7c,5F:7B:33:12:19:8C,,-89,1763031787197
53362,1763031796579.0,0adab909-eb8f-4baf-9eed-7a4cc889cb7c,6F:D4:1F:15:2D:8B,,-87,1763031787197
53363,1763031797810.0,0adab909-eb8f-4baf-9eed-7a4cc889cb7c,64:4D:25:A5:B6:5E,,-91,1763031787197
53364,1763031797835.0,0adab909-eb8f-4baf-9eed-7a4cc889cb7c,7F:01:A4:91:1A:AE,,-92,1763031787197
53365,1763031798169.0,0adab909-eb8f-4baf-9eed-7a4cc889cb7c,78:EC:4E:72:16:D9,,-92,1763031787197
53366,1763031798190.0,0adab909-eb8f-4baf-9eed-7a4cc889cb7c,79:CC:A3:4C:20:0A,,-91,1763031787197
53367,1763032387655.0,0adab909-eb8f-4baf-9eed-7a4cc889cb7c,6C:4E:49:65:BB:0A,,-77,1763032387653
53368,1763032387971.0,0adab909-eb8f-4baf-9eed-7a4cc889cb7c,56:E8:82:3A:57:2B,,-91,1763032387653
53369,1763032387986.0,0adab909-eb8f-4baf-9eed-7a4cc889cb7c,77:E5:34:66:A6:1A,,-82,1763032387653
53370,1763032388555.0,0adab909-eb8f-4baf-9eed-7a4cc889cb7c,52:FF:C6:DB:25:CA,,-90,1763032387653
53371,1763032388572.0,0adab909-eb8f-4baf-9eed-7a4cc889cb7c,72:10:F3:A2:A1:C2,,-90,1763032387653
53372,1763032388946.0,0adab909-eb8f-4baf-9eed-7a4cc889cb7c,4D:99:14:B3:62:07,,-85,1763032387653
53373,1763032388964.0,0adab909-eb8f-4baf-9eed-7a4cc889cb7c,84:25:3F:A3:1F:C2,mitte-home MH22340108,-93,1763032387653
53374,1763032390214.0,0adab909-eb8f-4baf-9eed-7a4cc889cb7c,68:CA:C4:8A:40:9C,mbasg,-100,1763032387653
53375,1763032392708.0,0adab909-eb8f-4baf-9eed-7a4cc889cb7c,7E:7C:C1:9F:B1:6B,,-90,1763032387653
53376,1763032393986.0,0adab909-eb8f-4baf-9eed-7a4cc889cb7c,7C:D0:81:3F:C1:F4,,-94,1763032387653
53377,1763032394008.0,0adab909-eb8f-4baf-9eed-7a4cc889cb7c,78:EC:4E:72:16:D9,,-91,1763032387653
53378,1763032394959.0,0adab909-eb8f-4baf-9eed-7a4cc889cb7c,15:FA:71:6A:FF:EE,,-89,1763032387653
53379,1763032395959.0,0adab909-eb8f-4baf-9eed-7a4cc889cb7c,7B:9F:7A:56:24:04,,-94,1763032387653
53380,1763032397021.0,0adab909-eb8f-4baf-9eed-7a4cc889cb7c,68:CA:C4:8A:40:9C,mbasg,-100,1763032387653
53381,1763032397920.0,0adab909-eb8f-4baf-9eed-7a4cc889cb7c,63:45:44:6C:3A:E1,,-91,1763032387653
53382,1763032398852.0,0adab909-eb8f-4baf-9eed-7a4cc889cb7c,71:C5:5F:8F:86:40,,-87,1763032387653
53383,1763032919230.0,0adab909-eb8f-4baf-9eed-7a4cc889cb7c,47:E8:C5:A6:AE:49,,-81,1763032919175
53384,1763032919873.0,0adab909-eb8f-4baf-9eed-7a4cc889cb7c,56:E8:82:3A:57:2B,,-88,1763032919175
53385,1763032920226.0,0adab909-eb8f-4baf-9eed-7a4cc889cb7c,78:EB:F1:0E:4D:66,,-94,1763032919175
53386,1763032920578.0,0adab909-eb8f-4baf-9eed-7a4cc889cb7c,78:EC:4E:72:16:D9,,-91,1763032919175
53387,1763032920592.0,0adab909-eb8f-4baf-9eed-7a4cc889cb7c,84:25:3F:A3:1F:C2,mitte-home MH22340108,-88,1763032919175
53388,1763032920605.0,0adab909-eb8f-4baf-9eed-7a4cc889cb7c,75:76:17:A5:31:AB,,-73,1763032919175
53389,1763032921524.0,0adab909-eb8f-4baf-9eed-7a4cc889cb7c,40:0D:45:23:EA:A8,,-87,1763032919175
53390,1763032922458.0,0adab909-eb8f-4baf-9eed-7a4cc889cb7c,4D:99:14:B3:62:07,,-86,1763032919175
53391,1763032922475.0,0adab909-eb8f-4baf-9eed-7a4cc889cb7c,72:10:F3:A2:A1:C2,,-92,1763032919175
53392,1763032924041.0,0adab909-eb8f-4baf-9eed-7a4cc889cb7c,7B:9F:7A:56:24:04,,-93,1763032919175
53393,1763032928199.0,0adab909-eb8f-4baf-9eed-7a4cc889cb7c,52:FF:C6:DB:25:CA,,-92,1763032919175
53394,1763032928219.0,0adab909-eb8f-4baf-9eed-7a4cc889cb7c,2D:B3:58:5D:FA:1D,,-85,1763032919175
53395,1763032928265.0,0adab909-eb8f-4baf-9eed-7a4cc889cb7c,68:CA:C4:8A:40:9C,mbasg,-100,1763032919175
53396,1763032929812.0,0adab909-eb8f-4baf-9eed-7a4cc889cb7c,63:45:44:6C:3A:E1,,-86,1763032919175
53397,1763033518655.0,0adab909-eb8f-4baf-9eed-7a4cc889cb7c,68:CA:C4:8A:40:9C,mbasg,-100,1763033518237
53398,1763033518797.0,0adab909-eb8f-4baf-9eed-7a4cc889cb7c,40:0D:45:23:EA:A8,,-82,1763033518237
53399,1763033519718.0,0adab909-eb8f-4baf-9eed-7a4cc889cb7c,30:43:47:52:38:58,,-92,1763033518237
53400,1763033520691.0,0adab909-eb8f-4baf-9eed-7a4cc889cb7c,84:25:3F:A3:1F:C2,mitte-home MH22340108,-93,1763033518237
53401,1763033521036.0,0adab909-eb8f-4baf-9eed-7a4cc889cb7c,47:E8:C5:A6:AE:49,,-83,1763033518237
53402,1763033521051.0,0adab909-eb8f-4baf-9eed-7a4cc889cb7c,47:B4:B4:5E:B7:A4,,-92,1763033518237
53403,1763033524874.0,0adab909-eb8f-4baf-9eed-7a4cc889cb7c,49:CD:D8:00:67:D1,,-89,1763033518237
53404,1763033524898.0,0adab909-eb8f-4baf-9eed-7a4cc889cb7c,98:04:ED:A2:3E:1C,S295b50867b2bc14bC,-92,1763033518237
53405,1763033526101.0,0adab909-eb8f-4baf-9eed-7a4cc889cb7c,6E:5D:36:13:50:15,,-86,1763033518237
53406,1763033528019.0,0adab909-eb8f-4baf-9eed-7a4cc889cb7c,78:EB:F1:0E:4D:66,,-85,1763033518237
53407,1763033529344.0,0adab909-eb8f-4baf-9eed-7a4cc889cb7c,7D:23:76:D2:9D:92,,-87,1763033518237
53408,1763034119194.0,0adab909-eb8f-4baf-9eed-7a4cc889cb7c,5D:CA:9E:CC:1E:9B,,-81,1763034119178
53409,1763034119243.0,0adab909-eb8f-4baf-9eed-7a4cc889cb7c,55:EE:18:70:A8:ED,,-76,1763034119178
53410,1763034119277.0,0adab909-eb8f-4baf-9eed-7a4cc889cb7c,48:BB:BC:D8:9F:50,,-76,1763034119178
53411,1763034119301.0,0adab909-eb8f-4baf-9eed-7a4cc889cb7c,3A:98:98:03:DB:63,,-79,1763034119178
53412,1763034119540.0,0adab909-eb8f-4baf-9eed-7a4cc889cb7c,98:04:ED:A2:3E:1C,S295b50867b2bc14bC,-84,1763034119178
53413,1763034119580.0,0adab909-eb8f-4baf-9eed-7a4cc889cb7c,62:16:61:32:6C:F6,,-72,1763034119178
53414,1763034119867.0,0adab909-eb8f-4baf-9eed-7a4cc889cb7c,7B:4B:5A:F9:CE:23,,-74,1763034119178
53415,1763034120521.0,0adab909-eb8f-4baf-9eed-7a4cc889cb7c,84:25:3F:A3:1F:C2,mitte-home MH22340108,-91,1763034119178
53416,1763034120863.0,0adab909-eb8f-4baf-9eed-7a4cc889cb7c,5A:1D:16:B6:1A:7E,,-88,1763034119178
53417,1763034120898.0,0adab909-eb8f-4baf-9eed-7a4cc889cb7c,49:0D:25:A9:03:FF,,-85,1763034119178
53418,1763034121203.0,0adab909-eb8f-4baf-9eed-7a4cc889cb7c,42:98:B9:03:CB:2F,,-73,1763034119178
53419,1763034121826.0,0adab909-eb8f-4baf-9eed-7a4cc889cb7c,4C:17:C4:73:F0:C9,,-70,1763034119178
53420,1763034121920.0,0adab909-eb8f-4baf-9eed-7a4cc889cb7c,68:CA:C4:8A:40:9C,mbasg,-98,1763034119178
53421,1763034122123.0,0adab909-eb8f-4baf-9eed-7a4cc889cb7c,78:42:29:06:FB:14,,-79,1763034119178
53422,1763034122151.0,0adab909-eb8f-4baf-9eed-7a4cc889cb7c,4A:DE:BC:55:90:EC,,-79,1763034119178
53423,1763034122366.0,0adab909-eb8f-4baf-9eed-7a4cc889cb7c,68:CA:C4:8A:40:9C,mbasg,-94,1763034119178
53424,1763034122442.0,0adab909-eb8f-4baf-9eed-7a4cc889cb7c,52:AE:3D:BC:01:3E,,-94,1763034119178
53425,1763034122904.0,0adab909-eb8f-4baf-9eed-7a4cc889cb7c,6C:60:C9:FF:9B:63,,-79,1763034119178
53426,1763034123845.0,0adab909-eb8f-4baf-9eed-7a4cc889cb7c,6F:82:3F:51:BD:A1,,-84,1763034119178
53427,1763034124348.0,0adab909-eb8f-4baf-9eed-7a4cc889cb7c,68:40:4B:75:C4:E4,,-92,1763034119178
53428,1763034124382.0,0adab909-eb8f-4baf-9eed-7a4cc889cb7c,7C:9C:1B:AD:4B:2A,,-92,1763034119178
53429,1763034125991.0,0adab909-eb8f-4baf-9eed-7a4cc889cb7c,58:84:25:FC:DE:8C,,-77,1763034119178
53430,1763034126030.0,0adab909-eb8f-4baf-9eed-7a4cc889cb7c,40:BE:E1:78:15:15,,-83,1763034119178
53431,1763034128892.0,0adab909-eb8f-4baf-9eed-7a4cc889cb7c,7B:23:D9:93:A1:50,,-87,1763034119178
53432,1763034132059.0,0adab909-eb8f-4baf-9eed-7a4cc889cb7c,78:42:29:06:FB:14,,-78,1763034119178
53433,1763034132101.0,0adab909-eb8f-4baf-9eed-7a4cc889cb7c,98:04:ED:A2:3E:1C,S295b50867b2bc14bC,-83,1763034119178
53434,1763034132129.0,0adab909-eb8f-4baf-9eed-7a4cc889cb7c,84:25:3F:A3:1F:C2,mitte-home MH22340108,-83,1763034119178
53435,1763034132168.0,0adab909-eb8f-4baf-9eed-7a4cc889cb7c,40:BE:E1:78:15:15,,-78,1763034119178
53436,1763034132190.0,0adab909-eb8f-4baf-9eed-7a4cc889cb7c,5B:B5:A3:2D:C8:46,Jabra Evolve2 65,-84,1763034119178
53437,1763034132213.0,0adab909-eb8f-4baf-9eed-7a4cc889cb7c,48:BB:BC:D8:9F:50,,-74,1763034119178
53438,1763034132240.0,0adab909-eb8f-4baf-9eed-7a4cc889cb7c,5A:1D:16:B6:1A:7E,,-78,1763034119178
53439,1763034132263.0,0adab909-eb8f-4baf-9eed-7a4cc889cb7c,35:31:90:6E:11:09,,-62,1763034119178
53440,1763034132286.0,0adab909-eb8f-4baf-9eed-7a4cc889cb7c,25:B1:70:4F:DA:B9,,-72,1763034119178
53441,1763034132314.0,0adab909-eb8f-4baf-9eed-7a4cc889cb7c,30:B6:66:3D:E6:44,,-72,1763034119178
53442,1763034132337.0,0adab909-eb8f-4baf-9eed-7a4cc889cb7c,18:F5:D8:31:6E:AB,,-84,1763034119178
53443,1763034132375.0,0adab909-eb8f-4baf-9eed-7a4cc889cb7c,49:0D:25:A9:03:FF,,-85,1763034119178
53444,1763034132396.0,0adab909-eb8f-4baf-9eed-7a4cc889cb7c,DA:92:41:7C:D8:D6,,-89,1763034119178
53445,1763034132414.0,0adab909-eb8f-4baf-9eed-7a4cc889cb7c,42:98:B9:03:CB:2F,,-72,1763034119178
53446,1763034133147.0,0adab909-eb8f-4baf-9eed-7a4cc889cb7c,4A:DE:BC:55:90:EC,,-76,1763034119178
53447,1763034133170.0,0adab909-eb8f-4baf-9eed-7a4cc889cb7c,68:40:4B:75:C4:E4,,-88,1763034119178
53448,1763034133251.0,0adab909-eb8f-4baf-9eed-7a4cc889cb7c,4C:17:C4:73:F0:C9,,-67,1763034119178
53449,1763034133277.0,0adab909-eb8f-4baf-9eed-7a4cc889cb7c,7B:4B:5A:F9:CE:23,,-70,1763034119178
53450,1763034133301.0,0adab909-eb8f-4baf-9eed-7a4cc889cb7c,32:CC:89:2F:98:22,,-89,1763034119178
53451,1763034134123.0,0adab909-eb8f-4baf-9eed-7a4cc889cb7c,03:6E:47:E4:7D:46,,-77,1763034119178
53452,1763034134173.0,0adab909-eb8f-4baf-9eed-7a4cc889cb7c,1E:A0:A6:28:36:3B,,-95,1763034119178
53453,1763034134191.0,0adab909-eb8f-4baf-9eed-7a4cc889cb7c,2D:F1:49:4D:36:19,,-78,1763034119178
53454,1763034134211.0,0adab909-eb8f-4baf-9eed-7a4cc889cb7c,EB:69:F9:C2:AD:63,,-84,1763034119178
53455,1763034134228.0,0adab909-eb8f-4baf-9eed-7a4cc889cb7c,3A:98:98:03:DB:63,,-73,1763034119178
53456,1763034134250.0,0adab909-eb8f-4baf-9eed-7a4cc889cb7c,6C:60:C9:FF:9B:63,,-78,1763034119178
53457,1763034877373.0,0adab909-eb8f-4baf-9eed-7a4cc889cb7c,72:DF:D3:F0:F9:9D,,-86,1763034877360
53458,1763034877447.0,0adab909-eb8f-4baf-9eed-7a4cc889cb7c,6C:60:C9:FF:9B:63,,-86,1763034877360
53459,1763034877470.0,0adab909-eb8f-4baf-9eed-7a4cc889cb7c,45:4B:08:3C:2F:C9,,-87,1763034877360
53460,1763034877494.0,0adab909-eb8f-4baf-9eed-7a4cc889cb7c,15:91:0B:02:BF:D0,,-76,1763034877360
53461,1763034877518.0,0adab909-eb8f-4baf-9eed-7a4cc889cb7c,98:04:ED:A2:3E:1C,S295b50867b2bc14bC,-78,1763034877360
53462,1763034877538.0,0adab909-eb8f-4baf-9eed-7a4cc889cb7c,5E:FD:C1:00:52:73,,-92,1763034877360
53463,1763034877639.0,0adab909-eb8f-4baf-9eed-7a4cc889cb7c,69:A5:F9:A9:D6:2A,,-86,1763034877360
53464,1763034877658.0,0adab909-eb8f-4baf-9eed-7a4cc889cb7c,42:98:B9:03:CB:2F,,-80,1763034877360
53465,1763034878314.0,0adab909-eb8f-4baf-9eed-7a4cc889cb7c,4F:29:7D:22:C8:5F,,-93,1763034877360
53466,1763034878334.0,0adab909-eb8f-4baf-9eed-7a4cc889cb7c,73:8B:01:30:11:F6,,-87,1763034877360
53467,1763034878909.0,0adab909-eb8f-4baf-9eed-7a4cc889cb7c,7B:4B:5A:F9:CE:23,,-74,1763034877360
53468,1763034879020.0,0adab909-eb8f-4baf-9eed-7a4cc889cb7c,68:CA:C4:8A:40:9C,mbasg,-100,1763034877360
53469,1763034879290.0,0adab909-eb8f-4baf-9eed-7a4cc889cb7c,71:DF:01:1F:D1:53,,-85,1763034877360
53470,1763034879906.0,0adab909-eb8f-4baf-9eed-7a4cc889cb7c,84:25:3F:A3:1F:C2,mitte-home MH22340108,-89,1763034877360
53471,1763034880232.0,0adab909-eb8f-4baf-9eed-7a4cc889cb7c,46:F8:AF:80:FE:55,,-71,1763034877360
53472,1763034880252.0,0adab909-eb8f-4baf-9eed-7a4cc889cb7c,6F:82:3F:51:BD:A1,,-82,1763034877360
53473,1763034881864.0,0adab909-eb8f-4baf-9eed-7a4cc889cb7c,60:61:FE:34:03:E9,,-87,1763034877360
53474,1763034882460.0,0adab909-eb8f-4baf-9eed-7a4cc889cb7c,4C:D1:C4:4B:A0:E9,,-87,1763034877360
53475,1763034884725.0,0adab909-eb8f-4baf-9eed-7a4cc889cb7c,65:14:86:DD:F5:23,,-85,1763034877360
53476,1763034885335.0,0adab909-eb8f-4baf-9eed-7a4cc889cb7c,50:DA:01:C3:9F:56,,-81,1763034877360
53477,1763034885672.0,0adab909-eb8f-4baf-9eed-7a4cc889cb7c,6D:6F:5B:D3:2A:B9,,-93,1763034877360
53478,1763034886338.0,0adab909-eb8f-4baf-9eed-7a4cc889cb7c,54:10:B5:FC:9B:4C,Jabra Evolve2 65,-85,1763034877360
53479,1763035325083.0,0adab909-eb8f-4baf-9eed-7a4cc889cb7c,5C:7A:FE:09:9B:5E,,-76,1763035325080
53480,1763035325103.0,0adab909-eb8f-4baf-9eed-7a4cc889cb7c,84:25:3F:A3:1F:C2,mitte-home MH22340108,-82,1763035325080
53481,1763035325123.0,0adab909-eb8f-4baf-9eed-7a4cc889cb7c,69:A5:F9:A9:D6:2A,,-82,1763035325080
53482,1763035325139.0,0adab909-eb8f-4baf-9eed-7a4cc889cb7c,98:04:ED:A2:3E:1C,S295b50867b2bc14bC,-76,1763035325080
53483,1763035325173.0,0adab909-eb8f-4baf-9eed-7a4cc889cb7c,60:61:FE:34:03:E9,,-87,1763035325080
53484,1763035325189.0,0adab909-eb8f-4baf-9eed-7a4cc889cb7c,5E:FD:C1:00:52:73,,-89,1763035325080
53485,1763035325204.0,0adab909-eb8f-4baf-9eed-7a4cc889cb7c,42:30:4E:8C:1A:0D,,-86,1763035325080
53486,1763035325222.0,0adab909-eb8f-4baf-9eed-7a4cc889cb7c,68:CA:C4:8A:40:9C,mbasg,-99,1763035325080
53487,1763035325237.0,0adab909-eb8f-4baf-9eed-7a4cc889cb7c,6E:FB:56:01:D2:E8,,-49,1763035325080
53488,1763035325261.0,0adab909-eb8f-4baf-9eed-7a4cc889cb7c,67:36:9C:EA:DF:67,,-77,1763035325080
53489,1763035325282.0,0adab909-eb8f-4baf-9eed-7a4cc889cb7c,71:DF:01:1F:D1:53,,-88,1763035325080
53490,1763035325300.0,0adab909-eb8f-4baf-9eed-7a4cc889cb7c,50:DA:01:C3:9F:56,,-80,1763035325080
53491,1763035326208.0,0adab909-eb8f-4baf-9eed-7a4cc889cb7c,72:DF:D3:F0:F9:9D,,-77,1763035325080
53492,1763035326232.0,0adab909-eb8f-4baf-9eed-7a4cc889cb7c,0A:9C:6F:96:4B:BC,,-71,1763035325080
53493,1763035326538.0,0adab909-eb8f-4baf-9eed-7a4cc889cb7c,6C:60:C9:FF:9B:63,,-78,1763035325080
53494,1763035326578.0,0adab909-eb8f-4baf-9eed-7a4cc889cb7c,45:4B:08:3C:2F:C9,,-81,1763035325080
53495,1763035326847.0,0adab909-eb8f-4baf-9eed-7a4cc889cb7c,73:8B:01:30:11:F6,,-85,1763035325080
53496,1763035327193.0,0adab909-eb8f-4baf-9eed-7a4cc889cb7c,42:98:B9:03:CB:2F,,-76,1763035325080
53497,1763035328781.0,0adab909-eb8f-4baf-9eed-7a4cc889cb7c,4F:29:7D:22:C8:5F,,-81,1763035325080
53498,1763035329468.0,0adab909-eb8f-4baf-9eed-7a4cc889cb7c,7B:F1:DA:0D:2B:FC,,-80,1763035325080
53499,1763035331350.0,0adab909-eb8f-4baf-9eed-7a4cc889cb7c,1C:54:9E:89:0C:67,Frau schmitt 1,-93,1763035325080
53500,1763035332910.0,0adab909-eb8f-4baf-9eed-7a4cc889cb7c,42:6F:C3:AC:63:31,,-75,1763035325080
53501,1763035333295.0,0adab909-eb8f-4baf-9eed-7a4cc889cb7c,65:C3:27:DF:9E:59,Jabra Evolve2 65,-53,1763035325080
53502,1763036279560.0,0adab909-eb8f-4baf-9eed-7a4cc889cb7c,63:AD:CF:12:A5:8F,,-81,1763036279174
53503,1763036279578.0,0adab909-eb8f-4baf-9eed-7a4cc889cb7c,98:04:ED:A2:3E:1C,S295b50867b2bc14bC,-88,1763036279174
53504,1763036279591.0,0adab909-eb8f-4baf-9eed-7a4cc889cb7c,6A:F0:FE:C2:F8:E7,,-89,1763036279174
53505,1763036279627.0,0adab909-eb8f-4baf-9eed-7a4cc889cb7c,5A:80:FB:0F:60:5F,,-94,1763036279174
53506,1763036280272.0,0adab909-eb8f-4baf-9eed-7a4cc889cb7c,6A:D6:11:F7:39:54,,-63,1763036279174
53507,1763036280290.0,0adab909-eb8f-4baf-9eed-7a4cc889cb7c,67:36:9C:EA:DF:67,,-80,1763036279174
53508,1763036280504.0,0adab909-eb8f-4baf-9eed-7a4cc889cb7c,49:26:92:08:EB:B8,,-83,1763036279174
53509,1763036280523.0,0adab909-eb8f-4baf-9eed-7a4cc889cb7c,42:6F:C3:AC:63:31,,-90,1763036279174
53510,1763036280536.0,0adab909-eb8f-4baf-9eed-7a4cc889cb7c,3A:FB:5A:96:D1:7A,,-82,1763036279174
53511,1763036280965.0,0adab909-eb8f-4baf-9eed-7a4cc889cb7c,68:CA:C4:8A:40:9C,mbasg,-97,1763036279174
53512,1763036281150.0,0adab909-eb8f-4baf-9eed-7a4cc889cb7c,84:25:3F:A3:1F:C2,mitte-home MH22340108,-88,1763036279174
53513,1763036281470.0,0adab909-eb8f-4baf-9eed-7a4cc889cb7c,70:16:5F:C8:F9:7A,,-88,1763036279174
53514,1763036282425.0,0adab909-eb8f-4baf-9eed-7a4cc889cb7c,6F:66:EF:A3:90:54,,-89,1763036279174
53515,1763036283408.0,0adab909-eb8f-4baf-9eed-7a4cc889cb7c,5F:45:87:C6:4B:AB,Jabra Evolve2 65,-91,1763036279174
53516,1763036284101.0,0adab909-eb8f-4baf-9eed-7a4cc889cb7c,7F:60:D4:2C:2C:DD,,-81,1763036279174
53517,1763036284370.0,0adab909-eb8f-4baf-9eed-7a4cc889cb7c,55:AE:36:A0:C5:D1,,-84,1763036279174
53518,1763036284667.0,0adab909-eb8f-4baf-9eed-7a4cc889cb7c,52:97:A4:69:E9:51,Jabra Evolve2 65,-81,1763036279174
53519,1763036285350.0,0adab909-eb8f-4baf-9eed-7a4cc889cb7c,56:5F:67:D2:D6:D7,,-79,1763036279174
53520,1763036287236.0,0adab909-eb8f-4baf-9eed-7a4cc889cb7c,69:A1:65:AF:9C:ED,,-88,1763036279174
53521,1763036290791.0,0adab909-eb8f-4baf-9eed-7a4cc889cb7c,44:FB:B6:FA:D9:77,,-54,1763036279174
53522,1763036578421.0,0adab909-eb8f-4baf-9eed-7a4cc889cb7c,6A:F0:FE:C2:F8:E7,,-81,1763036578418
53523,1763036578437.0,0adab909-eb8f-4baf-9eed-7a4cc889cb7c,42:6F:C3:AC:63:31,,-85,1763036578418
53524,1763036578447.0,0adab909-eb8f-4baf-9eed-7a4cc889cb7c,84:25:3F:A3:1F:C2,mitte-home MH22340108,-84,1763036578418
53525,1763036578459.0,0adab909-eb8f-4baf-9eed-7a4cc889cb7c,68:CA:C4:8A:40:9C,mbasg,-96,1763036578418
53526,1763036578530.0,0adab909-eb8f-4baf-9eed-7a4cc889cb7c,98:04:ED:A2:3E:1C,S295b50867b2bc14bC,-86,1763036578418
53527,1763036578547.0,0adab909-eb8f-4baf-9eed-7a4cc889cb7c,7F:60:D4:2C:2C:DD,,-84,1763036578418
53528,1763036578576.0,0adab909-eb8f-4baf-9eed-7a4cc889cb7c,09:BB:34:72:2E:05,,-83,1763036578418
53529,1763036578861.0,0adab909-eb8f-4baf-9eed-7a4cc889cb7c,70:16:5F:C8:F9:7A,,-86,1763036578418
53530,1763036578909.0,0adab909-eb8f-4baf-9eed-7a4cc889cb7c,63:AD:CF:12:A5:8F,,-59,1763036578418
53531,1763036579548.0,0adab909-eb8f-4baf-9eed-7a4cc889cb7c,6A:D6:11:F7:39:54,,-82,1763036578418
53532,1763036579652.0,0adab909-eb8f-4baf-9eed-7a4cc889cb7c,68:CA:C4:8A:40:9C,mbasg,-99,1763036578418
53533,1763036579871.0,0adab909-eb8f-4baf-9eed-7a4cc889cb7c,44:FB:B6:FA:D9:77,,-88,1763036578418
53534,1763036579888.0,0adab909-eb8f-4baf-9eed-7a4cc889cb7c,69:A1:65:AF:9C:ED,,-84,1763036578418
53535,1763036580484.0,0adab909-eb8f-4baf-9eed-7a4cc889cb7c,56:5F:67:D2:D6:D7,,-82,1763036578418
53536,1763036580503.0,0adab909-eb8f-4baf-9eed-7a4cc889cb7c,49:26:92:08:EB:B8,,-86,1763036578418
53537,1763036581442.0,0adab909-eb8f-4baf-9eed-7a4cc889cb7c,5A:80:FB:0F:60:5F,,-86,1763036578418
53538,1763036581807.0,0adab909-eb8f-4baf-9eed-7a4cc889cb7c,6F:66:EF:A3:90:54,,-85,1763036578418
53539,1763036582394.0,0adab909-eb8f-4baf-9eed-7a4cc889cb7c,52:97:A4:69:E9:51,Jabra Evolve2 65,-72,1763036578418
53540,1763036583738.0,0adab909-eb8f-4baf-9eed-7a4cc889cb7c,44:CB:EF:8B:F4:5B,,-75,1763036578418
53541,1763036588834.0,0adab909-eb8f-4baf-9eed-7a4cc889cb7c,78:89:4C:28:05:0D,Jabra Evolve2 65,-90,1763036578418
53542,1763037174208.0,0adab909-eb8f-4baf-9eed-7a4cc889cb7c,49:5E:83:C6:9B:40,,-79,1763037174199
53543,1763037174247.0,0adab909-eb8f-4baf-9eed-7a4cc889cb7c,58:17:3A:82:3B:77,,-80,1763037174199
53544,1763037174269.0,0adab909-eb8f-4baf-9eed-7a4cc889cb7c,62:54:05:96:D6:D5,,-91,1763037174199
53545,1763037174293.0,0adab909-eb8f-4baf-9eed-7a4cc889cb7c,4F:6B:87:5A:04:F1,,-91,1763037174199
53546,1763037174356.0,0adab909-eb8f-4baf-9eed-7a4cc889cb7c,55:AE:36:A0:C5:D1,,-92,1763037174199
53547,1763037174379.0,0adab909-eb8f-4baf-9eed-7a4cc889cb7c,84:25:3F:A3:1F:C2,mitte-home MH22340108,-86,1763037174199
53548,1763037174396.0,0adab909-eb8f-4baf-9eed-7a4cc889cb7c,98:04:ED:A2:3E:1C,S295b50867b2bc14bC,-93,1763037174199
53549,1763037174417.0,0adab909-eb8f-4baf-9eed-7a4cc889cb7c,44:CB:EF:8B:F4:5B,,-85,1763037174199
53550,1763037174515.0,0adab909-eb8f-4baf-9eed-7a4cc889cb7c,46:1C:B0:15:3C:FF,,-86,1763037174199
53551,1763037174781.0,0adab909-eb8f-4baf-9eed-7a4cc889cb7c,5C:CE:32:0D:13:AD,,-91,1763037174199
53552,1763037174818.0,0adab909-eb8f-4baf-9eed-7a4cc889cb7c,28:E8:63:1C:08:48,,-85,1763037174199
53553,1763037175095.0,0adab909-eb8f-4baf-9eed-7a4cc889cb7c,47:C1:4D:71:AA:3C,,-72,1763037174199
53554,1763037175113.0,0adab909-eb8f-4baf-9eed-7a4cc889cb7c,58:60:95:BF:BF:FE,,-91,1763037174199
53555,1763037176393.0,0adab909-eb8f-4baf-9eed-7a4cc889cb7c,76:32:CA:9E:94:65,,-87,1763037174199
53556,1763037176764.0,0adab909-eb8f-4baf-9eed-7a4cc889cb7c,4C:DE:92:16:11:A2,,-90,1763037174199
53557,1763037177900.0,0adab909-eb8f-4baf-9eed-7a4cc889cb7c,68:CA:C4:8A:40:9C,mbasg,-100,1763037174199
53558,1763037178074.0,0adab909-eb8f-4baf-9eed-7a4cc889cb7c,68:CA:C4:8A:40:9C,mbasg,-100,1763037174199
53559,1763037180618.0,0adab909-eb8f-4baf-9eed-7a4cc889cb7c,51:94:28:2A:94:7E,Jabra Evolve2 65,-78,1763037174199
53560,1763037834096.0,0adab909-eb8f-4baf-9eed-7a4cc889cb7c,76:32:CA:9E:94:65,,-86,1763037833131
53561,1763037834145.0,0adab909-eb8f-4baf-9eed-7a4cc889cb7c,49:5E:83:C6:9B:40,,-71,1763037833131
53562,1763037834163.0,0adab909-eb8f-4baf-9eed-7a4cc889cb7c,46:1C:B0:15:3C:FF,,-91,1763037833131
53563,1763037834175.0,0adab909-eb8f-4baf-9eed-7a4cc889cb7c,7B:35:A4:6C:47:77,,-86,1763037833131
53564,1763037834187.0,0adab909-eb8f-4baf-9eed-7a4cc889cb7c,44:CB:EF:8B:F4:5B,,-81,1763037833131
53565,1763037834474.0,0adab909-eb8f-4baf-9eed-7a4cc889cb7c,84:25:3F:A3:1F:C2,mitte-home MH22340108,-87,1763037833131
53566,1763037834493.0,0adab909-eb8f-4baf-9eed-7a4cc889cb7c,5C:CE:32:0D:13:AD,,-92,1763037833131
53567,1763037835099.0,0adab909-eb8f-4baf-9eed-7a4cc889cb7c,47:C1:4D:71:AA:3C,,-74,1763037833131
53568,1763037836061.0,0adab909-eb8f-4baf-9eed-7a4cc889cb7c,62:FC:08:7E:E4:0A,,-86,1763037833131
53569,1763037837049.0,0adab909-eb8f-4baf-9eed-7a4cc889cb7c,47:84:44:CE:83:7F,,-82,1763037833131
53570,1763037838242.0,0adab909-eb8f-4baf-9eed-7a4cc889cb7c,68:CA:C4:8A:40:9C,mbasg,-100,1763037833131
53571,1763037838924.0,0adab909-eb8f-4baf-9eed-7a4cc889cb7c,4C:DE:92:16:11:A2,,-88,1763037833131
53572,1763037839053.0,0adab909-eb8f-4baf-9eed-7a4cc889cb7c,68:CA:C4:8A:40:9C,mbasg,-97,1763037833131
53573,1763037839326.0,0adab909-eb8f-4baf-9eed-7a4cc889cb7c,6B:A0:8E:B1:7D:6F,,-90,1763037833131
53574,1763037842821.0,0adab909-eb8f-4baf-9eed-7a4cc889cb7c,51:94:28:2A:94:7E,Jabra Evolve2 65,-80,1763037833131
53575,1763038322749.0,0adab909-eb8f-4baf-9eed-7a4cc889cb7c,98:04:ED:A2:3E:1C,S295b50867b2bc14bC,-82,1763038322732
53576,1763038322784.0,0adab909-eb8f-4baf-9eed-7a4cc889cb7c,84:25:3F:A3:1F:C2,mitte-home MH22340108,-78,1763038322732
53577,1763038323104.0,0adab909-eb8f-4baf-9eed-7a4cc889cb7c,4F:A9:DF:D4:E7:68,,-81,1763038322732
53578,1763038323494.0,0adab909-eb8f-4baf-9eed-7a4cc889cb7c,60:5D:3F:5C:7F:B4,Jabra Evolve2 5,-81,1763038322732
53579,1763038323522.0,0adab909-eb8f-4baf-9eed-7a4cc889cb7c,4C:CE:32:64:4B:F0,,-85,1763038322732
53580,1763038324083.0,0adab909-eb8f-4baf-9eed-7a4cc889cb7c,41:63:F1:88:FC:5E,,-72,1763038322732
53581,1763038325706.0,0adab909-eb8f-4baf-9eed-7a4cc889cb7c,48:B3:FA:32:13:42,,-76,1763038322732
53582,1763038329256.0,0adab909-eb8f-4baf-9eed-7a4cc889cb7c,62:FC:08:7E:E4:0A,,-86,1763038322732
53583,1763038335630.0,0adab909-eb8f-4baf-9eed-7a4cc889cb7c,98:04:ED:A2:3E:1C,S295b50867b2bc14bC,-80,1763038322732
53584,1763038335683.0,0adab909-eb8f-4baf-9eed-7a4cc889cb7c,84:25:3F:A3:1F:C2,mitte-home MH22340108,-75,1763038322732
53585,1763038335703.0,0adab909-eb8f-4baf-9eed-7a4cc889cb7c,07:26:85:53:44:41,,-86,1763038322732
53586,1763038335722.0,0adab909-eb8f-4baf-9eed-7a4cc889cb7c,41:63:F1:88:FC:5E,,-69,1763038322732
53587,1763038335782.0,0adab909-eb8f-4baf-9eed-7a4cc889cb7c,0E:AF:F2:0A:2C:5C,,-81,1763038322732
53588,1763038335797.0,0adab909-eb8f-4baf-9eed-7a4cc889cb7c,60:5D:3F:5C:7F:B4,Jabra Evolve2 5,-80,1763038322732
53589,1763038335828.0,0adab909-eb8f-4baf-9eed-7a4cc889cb7c,48:B3:FA:32:13:42,,-76,1763038322732
53590,1763038335847.0,0adab909-eb8f-4baf-9eed-7a4cc889cb7c,D0:C1:77:9F:77:70,,-80,1763038322732
53591,1763038335888.0,0adab909-eb8f-4baf-9eed-7a4cc889cb7c,11:49:77:EF:00:6F,,-88,1763038322732
53592,1763038335911.0,0adab909-eb8f-4baf-9eed-7a4cc889cb7c,0E:D3:64:10:84:50,,-92,1763038322732
53593,1763038336756.0,0adab909-eb8f-4baf-9eed-7a4cc889cb7c,4C:CE:32:64:4B:F0,,-90,1763038322732
53594,1763038336780.0,0adab909-eb8f-4baf-9eed-7a4cc889cb7c,62:FC:08:7E:E4:0A,,-87,1763038322732
53595,1763038336797.0,0adab909-eb8f-4baf-9eed-7a4cc889cb7c,1C:11:80:E3:6D:58,,-88,1763038322732
53596,1763038337776.0,0adab909-eb8f-4baf-9eed-7a4cc889cb7c,4F:A9:DF:D4:E7:68,,-82,1763038322732
53597,1763038338615.0,0adab909-eb8f-4baf-9eed-7a4cc889cb7c,60:5D:3F:5C:7F:B4,Jabra Evolve2 5,-79,1763038322732
53598,1763038338642.0,0adab909-eb8f-4baf-9eed-7a4cc889cb7c,0E:D3:64:10:84:50,,-90,1763038322732
53599,1763038919623.0,0adab909-eb8f-4baf-9eed-7a4cc889cb7c,6E:C9:B1:52:4F:53,,-80,1763038919590
53600,1763038919642.0,0adab909-eb8f-4baf-9eed-7a4cc889cb7c,46:EF:11:9F:23:8C,,-80,1763038919590
53601,1763038919666.0,0adab909-eb8f-4baf-9eed-7a4cc889cb7c,54:93:95:34:DD:57,,-79,1763038919590
53602,1763038919687.0,0adab909-eb8f-4baf-9eed-7a4cc889cb7c,48:FE:5E:C0:E7:8A,,-80,1763038919590
53603,1763038919700.0,0adab909-eb8f-4baf-9eed-7a4cc889cb7c,68:AE:5A:D9:EC:DC,,-83,1763038919590
53604,1763038920007.0,0adab909-eb8f-4baf-9eed-7a4cc889cb7c,4C:CE:32:64:4B:F0,,-86,1763038919590
53605,1763038920027.0,0adab909-eb8f-4baf-9eed-7a4cc889cb7c,4F:A9:DF:D4:E7:68,,-68,1763038919590
53606,1763038920044.0,0adab909-eb8f-4baf-9eed-7a4cc889cb7c,49:C2:95:37:3D:BC,,-81,1763038919590
53607,1763038920320.0,0adab909-eb8f-4baf-9eed-7a4cc889cb7c,47:84:44:CE:83:7F,,-81,1763038919590
53608,1763038921536.0,0adab909-eb8f-4baf-9eed-7a4cc889cb7c,68:CA:C4:8A:40:9C,mbasg,-98,1763038919590
53609,1763038921556.0,0adab909-eb8f-4baf-9eed-7a4cc889cb7c,4D:4C:7A:28:C7:B8,,-84,1763038919590
53610,1763038921928.0,0adab909-eb8f-4baf-9eed-7a4cc889cb7c,84:25:3F:A3:1F:C2,mitte-home MH22340108,-91,1763038919590
53611,1763038922250.0,0adab909-eb8f-4baf-9eed-7a4cc889cb7c,71:77:1A:8B:93:A9,,-88,1763038919590
53612,1763038922700.0,0adab909-eb8f-4baf-9eed-7a4cc889cb7c,68:CA:C4:8A:40:9C,mbasg,-100,1763038919590
53613,1763038923181.0,0adab909-eb8f-4baf-9eed-7a4cc889cb7c,6B:3A:86:70:68:06,,-89,1763038919590
53614,1763038924176.0,0adab909-eb8f-4baf-9eed-7a4cc889cb7c,55:66:23:0E:B1:E6,,-88,1763038919590
53615,1763038924198.0,0adab909-eb8f-4baf-9eed-7a4cc889cb7c,58:32:FE:41:05:E8,Jabra Evolve2 65,-83,1763038919590
53616,1763038925119.0,0adab909-eb8f-4baf-9eed-7a4cc889cb7c,79:34:E3:3A:B4:4C,,-89,1763038919590
53617,1763038927059.0,0adab909-eb8f-4baf-9eed-7a4cc889cb7c,48:B3:FA:32:13:42,,-61,1763038919590
53618,1763038927704.0,0adab909-eb8f-4baf-9eed-7a4cc889cb7c,7F:72:B9:EC:60:D1,,-91,1763038919590
53619,1763039498073.0,0adab909-eb8f-4baf-9eed-7a4cc889cb7c,7C:F5:6B:31:83:88,,-83,1763039498035
53620,1763039498153.0,0adab909-eb8f-4baf-9eed-7a4cc889cb7c,59:E9:3A:F8:82:23,,-88,1763039498035
53621,1763039498422.0,0adab909-eb8f-4baf-9eed-7a4cc889cb7c,84:25:3F:A3:1F:C2,mitte-home MH22340108,-87,1763039498035
53622,1763039498442.0,0adab909-eb8f-4baf-9eed-7a4cc889cb7c,48:FE:5E:C0:E7:8A,,-83,1763039498035
53623,1763039498460.0,0adab909-eb8f-4baf-9eed-7a4cc889cb7c,4A:CA:5A:30:C7:8F,,-77,1763039498035
53624,1763039498481.0,0adab909-eb8f-4baf-9eed-7a4cc889cb7c,4F:A9:DF:D4:E7:68,,-83,1763039498035
53625,1763039499090.0,0adab909-eb8f-4baf-9eed-7a4cc889cb7c,63:7F:EB:65:DA:4F,,-84,1763039498035
53626,1763039499110.0,0adab909-eb8f-4baf-9eed-7a4cc889cb7c,46:EF:11:9F:23:8C,,-82,1763039498035
53627,1763039499421.0,0adab909-eb8f-4baf-9eed-7a4cc889cb7c,98:04:ED:A2:3E:1C,S295b50867b2bc14bC,-88,1763039498035
53628,1763039499703.0,0adab909-eb8f-4baf-9eed-7a4cc889cb7c,54:93:95:34:DD:57,,-86,1763039498035
53629,1763039499721.0,0adab909-eb8f-4baf-9eed-7a4cc889cb7c,30:70:54:E0:6C:7B,,-91,1763039498035
53630,1763039500026.0,0adab909-eb8f-4baf-9eed-7a4cc889cb7c,69:B9:49:31:64:7C,,-91,1763039498035
53631,1763039500087.0,0adab909-eb8f-4baf-9eed-7a4cc889cb7c,68:CA:C4:8A:40:9C,mbasg,-100,1763039498035
53632,1763039500652.0,0adab909-eb8f-4baf-9eed-7a4cc889cb7c,7F:72:B9:EC:60:D1,,-84,1763039498035
53633,1763039501047.0,0adab909-eb8f-4baf-9eed-7a4cc889cb7c,44:6C:94:6B:FE:65,,-81,1763039498035
53634,1763039501630.0,0adab909-eb8f-4baf-9eed-7a4cc889cb7c,57:B4:0E:7F:FC:49,,-79,1763039498035
53635,1763039505819.0,0adab909-eb8f-4baf-9eed-7a4cc889cb7c,48:B3:FA:32:13:42,,-88,1763039498035
53636,1763040112203.0,0adab909-eb8f-4baf-9eed-7a4cc889cb7c,48:5C:BE:BE:03:2B,,-81,1763040112176
53637,1763040112226.0,0adab909-eb8f-4baf-9eed-7a4cc889cb7c,69:2E:EC:3B:BC:45,,-85,1763040112176
53638,1763040112254.0,0adab909-eb8f-4baf-9eed-7a4cc889cb7c,7C:76:5B:3B:15:01,,-81,1763040112176
53639,1763040112306.0,0adab909-eb8f-4baf-9eed-7a4cc889cb7c,68:CA:C4:8A:40:9C,mbasg,-99,1763040112176
53640,1763040112555.0,0adab909-eb8f-4baf-9eed-7a4cc889cb7c,7C:F5:6B:31:83:88,,-81,1763040112176
53641,1763040112609.0,0adab909-eb8f-4baf-9eed-7a4cc889cb7c,4A:CA:5A:30:C7:8F,,-80,1763040112176
53642,1763040112927.0,0adab909-eb8f-4baf-9eed-7a4cc889cb7c,63:F3:50:C4:C5:5E,,-82,1763040112176
53643,1763040112944.0,0adab909-eb8f-4baf-9eed-7a4cc889cb7c,57:B4:0E:7F:FC:49,,-81,1763040112176
53644,1763040113198.0,0adab909-eb8f-4baf-9eed-7a4cc889cb7c,44:6C:94:6B:FE:65,,-86,1763040112176
53645,1763040113216.0,0adab909-eb8f-4baf-9eed-7a4cc889cb7c,7C:E5:DF:A4:F9:88,,-82,1763040112176
53646,1763040113578.0,0adab909-eb8f-4baf-9eed-7a4cc889cb7c,61:AE:8A:22:B8:61,,-89,1763040112176
53647,1763040113595.0,0adab909-eb8f-4baf-9eed-7a4cc889cb7c,63:92:B2:56:14:EC,,-90,1763040112176
53648,1763040114199.0,0adab909-eb8f-4baf-9eed-7a4cc889cb7c,5F:D6:E2:FE:2D:FC,,-89,1763040112176
53649,1763040114214.0,0adab909-eb8f-4baf-9eed-7a4cc889cb7c,98:04:ED:A2:3E:1C,S295b50867b2bc14bC,-89,1763040112176
53650,1763040114304.0,0adab909-eb8f-4baf-9eed-7a4cc889cb7c,68:CA:C4:8A:40:9C,mbasg,-98,1763040112176
53651,1763040114530.0,0adab909-eb8f-4baf-9eed-7a4cc889cb7c,77:B6:09:8F:5D:BC,,-91,1763040112176
53652,1763040114547.0,0adab909-eb8f-4baf-9eed-7a4cc889cb7c,69:B9:49:31:64:7C,,-83,1763040112176
53653,1763040114836.0,0adab909-eb8f-4baf-9eed-7a4cc889cb7c,84:25:3F:A3:1F:C2,mitte-home MH22340108,-89,1763040112176
53654,1763040115159.0,0adab909-eb8f-4baf-9eed-7a4cc889cb7c,40:0B:5C:39:F0:4A,,-86,1763040112176
53655,1763040115175.0,0adab909-eb8f-4baf-9eed-7a4cc889cb7c,09:0B:DD:2A:10:3E,,-91,1763040112176
53656,1763040116418.0,0adab909-eb8f-4baf-9eed-7a4cc889cb7c,59:E9:3A:F8:82:23,,-86,1763040112176
53657,1763040116751.0,0adab909-eb8f-4baf-9eed-7a4cc889cb7c,4B:41:03:27:2C:D6,Jabra Evolve2 65,-83,1763040112176
53658,1763040118674.0,0adab909-eb8f-4baf-9eed-7a4cc889cb7c,71:31:91:D4:6E:FE,,-90,1763040112176
53659,1763040122175.0,0adab909-eb8f-4baf-9eed-7a4cc889cb7c,63:7F:EB:65:DA:4F,,-91,1763040112176
53660,1763040122880.0,0adab909-eb8f-4baf-9eed-7a4cc889cb7c,71:FB:08:71:2F:9F,Jabra Evolve2 65,-89,1763040112176
53661,1763040721048.0,0adab909-eb8f-4baf-9eed-7a4cc889cb7c,6B:08:23:32:DD:33,,-90,1763040721045
53662,1763040721090.0,0adab909-eb8f-4baf-9eed-7a4cc889cb7c,67:4C:01:BE:FE:73,,-78,1763040721045
53663,1763040721109.0,0adab909-eb8f-4baf-9eed-7a4cc889cb7c,6C:FF:BC:66:8E:F4,,-89,1763040721045
53664,1763040721444.0,0adab909-eb8f-4baf-9eed-7a4cc889cb7c,58:E7:D4:CB:49:A8,,-75,1763040721045
53665,1763040721471.0,0adab909-eb8f-4baf-9eed-7a4cc889cb7c,76:A5:B3:D5:8A:39,,-77,1763040721045
53666,1763040722076.0,0adab909-eb8f-4baf-9eed-7a4cc889cb7c,5F:18:2B:78:77:25,,-82,1763040721045
53667,1763040722410.0,0adab909-eb8f-4baf-9eed-7a4cc889cb7c,84:25:3F:A3:1F:C2,mitte-home MH22340108,-83,1763040721045
53668,1763040722762.0,0adab909-eb8f-4baf-9eed-7a4cc889cb7c,67:F1:5E:EE:EB:FF,,-90,1763040721045
53669,1763040724003.0,0adab909-eb8f-4baf-9eed-7a4cc889cb7c,40:00:91:42:3B:18,,-89,1763040721045
53670,1763040724103.0,0adab909-eb8f-4baf-9eed-7a4cc889cb7c,68:CA:C4:8A:40:9C,mbasg,-97,1763040721045
53671,1763040724279.0,0adab909-eb8f-4baf-9eed-7a4cc889cb7c,5D:EC:F3:AD:F9:7C,,-91,1763040721045
53672,1763040724300.0,0adab909-eb8f-4baf-9eed-7a4cc889cb7c,40:0B:5C:39:F0:4A,,-85,1763040721045
53673,1763040724672.0,0adab909-eb8f-4baf-9eed-7a4cc889cb7c,40:93:4E:C2:90:70,,-89,1763040721045
53674,1763040724928.0,0adab909-eb8f-4baf-9eed-7a4cc889cb7c,61:C3:A8:91:FD:56,Jabra Evolve2 65,-88,1763040721045
53675,1763040724943.0,0adab909-eb8f-4baf-9eed-7a4cc889cb7c,98:04:ED:A2:3E:1C,S295b50867b2bc14bC,-89,1763040721045
53676,1763040725886.0,0adab909-eb8f-4baf-9eed-7a4cc889cb7c,6F:C6:F7:5B:8B:A8,,-91,1763040721045
53677,1763040726231.0,0adab909-eb8f-4baf-9eed-7a4cc889cb7c,68:02:41:22:87:1A,Jabra Evolve2 65,-89,1763040721045
53678,1763040726245.0,0adab909-eb8f-4baf-9eed-7a4cc889cb7c,7E:89:CD:F1:5B:CF,,-77,1763040721045
53679,1763040728473.0,0adab909-eb8f-4baf-9eed-7a4cc889cb7c,5B:F2:5B:1B:FB:9D,,-90,1763040721045
53680,1763041293663.0,0adab909-eb8f-4baf-9eed-7a4cc889cb7c,6A:36:F7:9F:94:D8,,-90,1763041293651
53681,1763041293970.0,0adab909-eb8f-4baf-9eed-7a4cc889cb7c,68:CA:C4:8A:40:9C,mbasg,-100,1763041293651
53682,1763041294705.0,0adab909-eb8f-4baf-9eed-7a4cc889cb7c,67:4C:01:BE:FE:73,,-88,1763041293651
53683,1763041294717.0,0adab909-eb8f-4baf-9eed-7a4cc889cb7c,76:A5:B3:D5:8A:39,,-76,1763041293651
53684,1763041294993.0,0adab909-eb8f-4baf-9eed-7a4cc889cb7c,84:25:3F:A3:1F:C2,mitte-home MH22340108,-94,1763041293651
53685,1763041295610.0,0adab909-eb8f-4baf-9eed-7a4cc889cb7c,77:75:DC:F0:C3:A9,,-87,1763041293651
53686,1763041295624.0,0adab909-eb8f-4baf-9eed-7a4cc889cb7c,7E:26:13:46:B3:39,,-87,1763041293651
53687,1763041299163.0,0adab909-eb8f-4baf-9eed-7a4cc889cb7c,6C:01:0A:1A:98:55,,-88,1763041293651
53688,1763041301442.0,0adab909-eb8f-4baf-9eed-7a4cc889cb7c,48:33:3C:22:52:BD,,-88,1763041293651
53689,1763041954382.0,0adab909-eb8f-4baf-9eed-7a4cc889cb7c,5F:34:2F:02:E2:E5,,-91,1763041953677
53690,1763041955040.0,0adab909-eb8f-4baf-9eed-7a4cc889cb7c,66:79:3C:B0:35:D3,,-89,1763041953677
53691,1763041955365.0,0adab909-eb8f-4baf-9eed-7a4cc889cb7c,6C:01:0A:1A:98:55,,-85,1763041953677
53692,1763041955382.0,0adab909-eb8f-4baf-9eed-7a4cc889cb7c,67:4C:01:BE:FE:73,,-88,1763041953677
53693,1763041955394.0,0adab909-eb8f-4baf-9eed-7a4cc889cb7c,84:25:3F:A3:1F:C2,mitte-home MH22340108,-92,1763041953677
53694,1763041955670.0,0adab909-eb8f-4baf-9eed-7a4cc889cb7c,77:75:DC:F0:C3:A9,,-88,1763041953677
53695,1763041955685.0,0adab909-eb8f-4baf-9eed-7a4cc889cb7c,7E:26:13:46:B3:39,,-89,1763041953677
53696,1763041957095.0,0adab909-eb8f-4baf-9eed-7a4cc889cb7c,68:CA:C4:8A:40:9C,mbasg,-100,1763041953677
53697,1763041957616.0,0adab909-eb8f-4baf-9eed-7a4cc889cb7c,7F:15:57:66:AB:92,,-70,1763041953677
53698,1763041957888.0,0adab909-eb8f-4baf-9eed-7a4cc889cb7c,48:33:3C:22:52:BD,,-86,1763041953677
53699,1763041959458.0,0adab909-eb8f-4baf-9eed-7a4cc889cb7c,68:CA:C4:8A:40:9C,mbasg,-100,1763041953677
53700,1763041963991.0,0adab909-eb8f-4baf-9eed-7a4cc889cb7c,7D:7F:B8:30:77:5B,,-91,1763041953677
53701,1763041964607.0,0adab909-eb8f-4baf-9eed-7a4cc889cb7c,6A:36:F7:9F:94:D8,,-84,1763041953677
53702,1763041965589.0,0adab909-eb8f-4baf-9eed-7a4cc889cb7c,33:BA:34:9D:3A:B9,,-88,1763041953677
53703,1763042518744.0,0adab909-eb8f-4baf-9eed-7a4cc889cb7c,7C:5F:92:4B:52:D4,,-78,1763042518698
53704,1763042519081.0,0adab909-eb8f-4baf-9eed-7a4cc889cb7c,4E:DE:4D:B0:C1:AA,Jabra Evolve2 5,-58,1763042518698
53705,1763042519110.0,0adab909-eb8f-4baf-9eed-7a4cc889cb7c,7D:CB:BF:69:8F:31,,-83,1763042518698
53706,1763042520057.0,0adab909-eb8f-4baf-9eed-7a4cc889cb7c,43:70:5B:AE:87:2B,,-86,1763042518698
53707,1763042522639.0,0adab909-eb8f-4baf-9eed-7a4cc889cb7c,2A:BC:25:0C:28:80,,-90,1763042518698
53708,1763043098026.0,0adab909-eb8f-4baf-9eed-7a4cc889cb7c,7F:D2:59:E6:7D:50,,-71,1763043097987
53709,1763043098081.0,0adab909-eb8f-4baf-9eed-7a4cc889cb7c,02:84:90:36:20:AF,,-88,1763043097987
53710,1763043099072.0,0adab909-eb8f-4baf-9eed-7a4cc889cb7c,41:35:70:9C:A1:DD,Jabra Evolve2 5,-63,1763043097987
53711,1763043101010.0,0adab909-eb8f-4baf-9eed-7a4cc889cb7c,84:25:3F:A3:1F:C2,mitte-home MH22340108,-93,1763043097987
53712,1763043101263.0,0adab909-eb8f-4baf-9eed-7a4cc889cb7c,6F:4F:0C:2F:17:35,,-87,1763043097987
53713,1763043102586.0,0adab909-eb8f-4baf-9eed-7a4cc889cb7c,7D:CB:BF:69:8F:31,,-83,1763043097987
53714,1763043107739.0,0adab909-eb8f-4baf-9eed-7a4cc889cb7c,1A:72:14:AE:39:13,,-95,1763043097987
53715,1763043960430.0,0adab909-eb8f-4baf-9eed-7a4cc889cb7c,7F:D2:59:E6:7D:50,,-77,1763043960011
53716,1763043960452.0,0adab909-eb8f-4baf-9eed-7a4cc889cb7c,50:06:91:4E:D1:9F,Jabra Evolve2 5,-66,1763043960011
53717,1763043962020.0,0adab909-eb8f-4baf-9eed-7a4cc889cb7c,7B:75:F5:24:3D:8F,,-90,1763043960011
53718,1763043969374.0,0adab909-eb8f-4baf-9eed-7a4cc889cb7c,45:85:55:6A:2E:29,,-79,1763043960011
53719,1763044560700.0,0adab909-eb8f-4baf-9eed-7a4cc889cb7c,79:40:9F:2E:9B:22,Jabra Evolve2 5,-71,1763044559987
53720,1763044560715.0,0adab909-eb8f-4baf-9eed-7a4cc889cb7c,45:85:55:6A:2E:29,,-87,1763044559987
53721,1763044561675.0,0adab909-eb8f-4baf-9eed-7a4cc889cb7c,7B:75:F5:24:3D:8F,,-86,1763044559987
53722,1763044567739.0,0adab909-eb8f-4baf-9eed-7a4cc889cb7c,90:F1:57:BC:5F:79,,-93,1763044559987
53723,1763045160060.0,0adab909-eb8f-4baf-9eed-7a4cc889cb7c,79:40:9F:2E:9B:22,Jabra Evolve2 5,-66,1763045160003
53724,1763045160075.0,0adab909-eb8f-4baf-9eed-7a4cc889cb7c,0F:8D:A1:2B:E1:83,,-86,1763045160003
53725,1763045160721.0,0adab909-eb8f-4baf-9eed-7a4cc889cb7c,45:85:55:6A:2E:29,,-76,1763045160003
53726,1763045164946.0,0adab909-eb8f-4baf-9eed-7a4cc889cb7c,16:17:3C:78:FD:13,,-85,1763045160003
53727,1763045661522.0,0adab909-eb8f-4baf-9eed-7a4cc889cb7c,5A:C0:9D:5A:A6:E9,,-73,1763045661459
53728,1763045661896.0,0adab909-eb8f-4baf-9eed-7a4cc889cb7c,60:3F:95:05:ED:C3,Jabra Evolve2 5,-59,1763045661459
53729,1763045666020.0,0adab909-eb8f-4baf-9eed-7a4cc889cb7c,19:45:B9:45:9A:72,,-88,1763045661459
53730,1763045667654.0,0adab909-eb8f-4baf-9eed-7a4cc889cb7c,54:80:92:C1:CD:E1,,-87,1763045661459
53731,1763046261882.0,0adab909-eb8f-4baf-9eed-7a4cc889cb7c,60:3F:95:05:ED:C3,Jabra Evolve2 5,-67,1763046261679
53732,1763046262530.0,0adab909-eb8f-4baf-9eed-7a4cc889cb7c,5A:C0:9D:5A:A6:E9,,-79,1763046261679
53733,1763046263459.0,0adab909-eb8f-4baf-9eed-7a4cc889cb7c,27:C7:1E:F7:5E:C1,,-82,1763046261679
53734,1763046264126.0,0adab909-eb8f-4baf-9eed-7a4cc889cb7c,54:80:92:C1:CD:E1,,-85,1763046261679
53735,1763046266656.0,0adab909-eb8f-4baf-9eed-7a4cc889cb7c,84:25:3F:A3:1F:C2,mitte-home MH22340108,-92,1763046261679
53736,1763046269578.0,0adab909-eb8f-4baf-9eed-7a4cc889cb7c,90:F1:57:BC:5F:79,,-91,1763046261679
53737,1763046672807.0,0adab909-eb8f-4baf-9eed-7a4cc889cb7c,4D:D3:01:C8:10:63,,-78,1763046672763
53738,1763046673208.0,0adab909-eb8f-4baf-9eed-7a4cc889cb7c,6B:83:26:E7:8E:D3,,-80,1763046672763
53739,1763046673532.0,0adab909-eb8f-4baf-9eed-7a4cc889cb7c,6A:77:8A:5D:33:06,,-91,1763046672763
53740,1763046674190.0,0adab909-eb8f-4baf-9eed-7a4cc889cb7c,70:85:99:60:22:DA,,-88,1763046672763
53741,1763046674211.0,0adab909-eb8f-4baf-9eed-7a4cc889cb7c,42:78:E7:71:42:44,,-88,1763046672763
53742,1763046674226.0,0adab909-eb8f-4baf-9eed-7a4cc889cb7c,16:65:9B:8E:D0:E6,,-88,1763046672763
53743,1763046674239.0,0adab909-eb8f-4baf-9eed-7a4cc889cb7c,46:43:AB:0B:55:83,,-93,1763046672763
53744,1763046674420.0,0adab909-eb8f-4baf-9eed-7a4cc889cb7c,6F:A7:9C:4F:22:46,,-81,1763046672763
53745,1763046675134.0,0adab909-eb8f-4baf-9eed-7a4cc889cb7c,46:32:5B:AF:0E:63,,-93,1763046672763
53746,1763046675148.0,0adab909-eb8f-4baf-9eed-7a4cc889cb7c,7A:56:31:B6:0A:AC,,-94,1763046672763
53747,1763046675435.0,0adab909-eb8f-4baf-9eed-7a4cc889cb7c,84:25:3F:A3:1F:C2,mitte-home MH22340108,-92,1763046672763
53748,1763046677053.0,0adab909-eb8f-4baf-9eed-7a4cc889cb7c,7C:BA:7D:AE:D0:F8,,-91,1763046672763
53749,1763046677075.0,0adab909-eb8f-4baf-9eed-7a4cc889cb7c,54:4C:91:8A:42:98,,-90,1763046672763
53750,1763046678013.0,0adab909-eb8f-4baf-9eed-7a4cc889cb7c,47:BE:A4:C7:4E:2A,,-88,1763046672763
53751,1763046679939.0,0adab909-eb8f-4baf-9eed-7a4cc889cb7c,7D:10:CB:F1:A0:97,,-94,1763046672763
53752,1763046680220.0,0adab909-eb8f-4baf-9eed-7a4cc889cb7c,75:7C:67:C5:45:4A,,-88,1763046672763
53753,1763046680302.0,0adab909-eb8f-4baf-9eed-7a4cc889cb7c,68:CA:C4:8A:40:9C,mbasg,-100,1763046672763
53754,1763047357527.0,0adab909-eb8f-4baf-9eed-7a4cc889cb7c,6A:77:8A:5D:33:06,,-88,1763047357519
53755,1763047357682.0,0adab909-eb8f-4baf-9eed-7a4cc889cb7c,68:CA:C4:8A:40:9C,mbasg,-100,1763047357519
53756,1763047357872.0,0adab909-eb8f-4baf-9eed-7a4cc889cb7c,6B:CE:8E:BB:65:90,,-86,1763047357519
53757,1763047357888.0,0adab909-eb8f-4baf-9eed-7a4cc889cb7c,46:27:17:20:25:3C,,-87,1763047357519
53758,1763047357903.0,0adab909-eb8f-4baf-9eed-7a4cc889cb7c,28:3C:90:11:68:FF,,-93,1763047357519
53759,1763047357921.0,0adab909-eb8f-4baf-9eed-7a4cc889cb7c,66:2A:76:E1:51:D7,,-87,1763047357519
53760,1763047357945.0,0adab909-eb8f-4baf-9eed-7a4cc889cb7c,4E:6A:10:CB:9E:46,,-88,1763047357519
53761,1763047357966.0,0adab909-eb8f-4baf-9eed-7a4cc889cb7c,53:BA:EB:37:7C:00,,-89,1763047357519
53762,1763047357988.0,0adab909-eb8f-4baf-9eed-7a4cc889cb7c,5C:60:BA:9B:0A:FC,,-89,1763047357519
53763,1763047358808.0,0adab909-eb8f-4baf-9eed-7a4cc889cb7c,60:4B:0C:5A:52:C4,,-91,1763047357519
53764,1763047358848.0,0adab909-eb8f-4baf-9eed-7a4cc889cb7c,54:4C:91:8A:42:98,,-88,1763047357519
53765,1763047358867.0,0adab909-eb8f-4baf-9eed-7a4cc889cb7c,6B:C0:F6:E0:25:5A,,-85,1763047357519
53766,1763047358884.0,0adab909-eb8f-4baf-9eed-7a4cc889cb7c,49:82:2B:C5:C8:9D,,-89,1763047357519
53767,1763047358898.0,0adab909-eb8f-4baf-9eed-7a4cc889cb7c,64:92:37:79:4A:79,,-84,1763047357519
53768,1763047359105.0,0adab909-eb8f-4baf-9eed-7a4cc889cb7c,10:82:B2:CA:CD:3B,,-88,1763047357519
53769,1763047359511.0,0adab909-eb8f-4baf-9eed-7a4cc889cb7c,5C:77:69:CA:18:C1,,-90,1763047357519
53770,1763047359829.0,0adab909-eb8f-4baf-9eed-7a4cc889cb7c,46:BB:3C:60:D1:EB,,-87,1763047357519
53771,1763047359852.0,0adab909-eb8f-4baf-9eed-7a4cc889cb7c,66:F1:47:BA:36:E9,,-88,1763047357519
53772,1763047360704.0,0adab909-eb8f-4baf-9eed-7a4cc889cb7c,69:EF:F9:A5:71:38,,-86,1763047357519
53773,1763047360740.0,0adab909-eb8f-4baf-9eed-7a4cc889cb7c,6E:A9:BC:B0:EC:A1,,-76,1763047357519
53774,1763047361088.0,0adab909-eb8f-4baf-9eed-7a4cc889cb7c,6F:2E:96:7E:3A:7B,,-89,1763047357519
53775,1763047361110.0,0adab909-eb8f-4baf-9eed-7a4cc889cb7c,75:7C:67:C5:45:4A,,-82,1763047357519
53776,1763047361686.0,0adab909-eb8f-4baf-9eed-7a4cc889cb7c,FC:BF:CE:D4:56:6A,I 70,-82,1763047357519
53777,1763047361704.0,0adab909-eb8f-4baf-9eed-7a4cc889cb7c,6D:FA:79:2E:EF:6A,,-91,1763047357519
53778,1763047362946.0,0adab909-eb8f-4baf-9eed-7a4cc889cb7c,00:15:42:08:9A:3C,Eingang B6,-90,1763047357519
53779,1763047364236.0,0adab909-eb8f-4baf-9eed-7a4cc889cb7c,63:AE:F6:85:19:95,,-91,1763047357519
53780,1763047364984.0,0adab909-eb8f-4baf-9eed-7a4cc889cb7c,5C:C6:11:AC:82:83,,-89,1763047357519
53781,1763047365060.0,0adab909-eb8f-4baf-9eed-7a4cc889cb7c,23:A7:8C:1C:80:9D,,-91,1763047357519
53782,1763047365367.0,0adab909-eb8f-4baf-9eed-7a4cc889cb7c,73:C6:AC:85:E4:E9,Jabra Evolve2 65,-78,1763047357519
53783,1763047367111.0,0adab909-eb8f-4baf-9eed-7a4cc889cb7c,5C:01:3B:3B:D4:B2,,-95,1763047357519
53784,1763047368355.0,0adab909-eb8f-4baf-9eed-7a4cc889cb7c,BC:14:85:E4:B5:54,,-100,1763047357519
53785,1763047368479.0,0adab909-eb8f-4baf-9eed-7a4cc889cb7c,6B:97:9E:CC:2B:B8,,-92,1763047357519
53786,1763047377239.0,0adab909-eb8f-4baf-9eed-7a4cc889cb7c,4F:CC:AA:0A:B5:EF,,-90,1763047357519
53787,1763047377282.0,0adab909-eb8f-4baf-9eed-7a4cc889cb7c,60:F7:AB:44:3C:D2,,-88,1763047357519
53788,1763047377311.0,0adab909-eb8f-4baf-9eed-7a4cc889cb7c,D8:AD:22:80:C5:7A,,-79,1763047357519
53789,1763047377382.0,0adab909-eb8f-4baf-9eed-7a4cc889cb7c,2D:50:AB:A3:E8:95,,-89,1763047357519
53790,1763047377416.0,0adab909-eb8f-4baf-9eed-7a4cc889cb7c,5C:01:3B:3B:D4:B2,,-90,1763047357519
53791,1763047377451.0,0adab909-eb8f-4baf-9eed-7a4cc889cb7c,0D:0B:DA:F1:DF:D9,,-81,1763047357519
53792,1763047377486.0,0adab909-eb8f-4baf-9eed-7a4cc889cb7c,10:82:B2:CA:CD:3B,,-84,1763047357519
53793,1763047377516.0,0adab909-eb8f-4baf-9eed-7a4cc889cb7c,D0:D0:03:6C:42:0F,,-87,1763047357519
53794,1763047377544.0,0adab909-eb8f-4baf-9eed-7a4cc889cb7c,00:51:B2:AB:4D:45,,-90,1763047357519
53795,1763047377570.0,0adab909-eb8f-4baf-9eed-7a4cc889cb7c,6D:FA:79:2E:EF:6A,,-92,1763047357519
53796,1763047378214.0,0adab909-eb8f-4baf-9eed-7a4cc889cb7c,C6:CD:80:67:E1:30,,-83,1763047357519
53797,1763047378257.0,0adab909-eb8f-4baf-9eed-7a4cc889cb7c,40:EB:36:E4:E6:66,,-93,1763047357519
53798,1763047378288.0,0adab909-eb8f-4baf-9eed-7a4cc889cb7c,6E:A9:BC:B0:EC:A1,,-77,1763047357519
53799,1763047378332.0,0adab909-eb8f-4baf-9eed-7a4cc889cb7c,60:4B:0C:5A:52:C4,,-89,1763047357519
53800,1763047378434.0,0adab909-eb8f-4baf-9eed-7a4cc889cb7c,1A:CA:73:47:18:0B,,-90,1763047357519
53801,1763047378475.0,0adab909-eb8f-4baf-9eed-7a4cc889cb7c,46:BB:3C:60:D1:EB,,-91,1763047357519
53802,1763047378546.0,0adab909-eb8f-4baf-9eed-7a4cc889cb7c,28:0A:F2:B0:EE:86,,-93,1763047357519
53803,1763047379302.0,0adab909-eb8f-4baf-9eed-7a4cc889cb7c,6B:CE:8E:BB:65:90,,-89,1763047357519
53804,1763047379338.0,0adab909-eb8f-4baf-9eed-7a4cc889cb7c,19:6F:2E:2D:13:0E,,-82,1763047357519
53805,1763047379373.0,0adab909-eb8f-4baf-9eed-7a4cc889cb7c,5C:C6:11:AC:82:83,,-93,1763047357519
53806,1763047379411.0,0adab909-eb8f-4baf-9eed-7a4cc889cb7c,DA:1F:D7:CA:B3:7F,,-85,1763047357519
53807,1763047379446.0,0adab909-eb8f-4baf-9eed-7a4cc889cb7c,63:AE:F6:85:19:95,,-88,1763047357519
53808,1763047379483.0,0adab909-eb8f-4baf-9eed-7a4cc889cb7c,63:66:08:00:C0:C5,,-88,1763047357519
53809,1763047919187.0,0adab909-eb8f-4baf-9eed-7a4cc889cb7c,53:D2:F2:10:15:ED,,-71,1763047919167
53810,1763047919261.0,0adab909-eb8f-4baf-9eed-7a4cc889cb7c,6D:21:C7:CC:57:1A,,-91,1763047919167
53811,1763047919956.0,0adab909-eb8f-4baf-9eed-7a4cc889cb7c,EB:B9:7C:09:F9:AC,,-91,1763047919167
53812,1763047921338.0,0adab909-eb8f-4baf-9eed-7a4cc889cb7c,6E:E5:32:68:96:BE,,-81,1763047919167
53813,1763047921608.0,0adab909-eb8f-4baf-9eed-7a4cc889cb7c,4C:1D:57:8C:B7:8F,,-85,1763047919167
53814,1763047921774.0,0adab909-eb8f-4baf-9eed-7a4cc889cb7c,52:4E:47:3B:F1:45,,-77,1763047919167
53815,1763047921968.0,0adab909-eb8f-4baf-9eed-7a4cc889cb7c,04:07:67:70:12:49,,-83,1763047919167
53816,1763047922113.0,0adab909-eb8f-4baf-9eed-7a4cc889cb7c,5C:9B:08:84:F2:15,,-86,1763047919167
53817,1763047922554.0,0adab909-eb8f-4baf-9eed-7a4cc889cb7c,68:AE:41:5B:0A:78,,-100,1763047919167
53818,1763047923921.0,0adab909-eb8f-4baf-9eed-7a4cc889cb7c,51:A3:21:C2:C0:DD,,-68,1763047919167
53819,1763047923966.0,0adab909-eb8f-4baf-9eed-7a4cc889cb7c,46:9C:C8:7D:85:E2,,-89,1763047919167
53820,1763047924067.0,0adab909-eb8f-4baf-9eed-7a4cc889cb7c,8C:59:DC:F5:70:CC,631619,-87,1763047919167
53821,1763047924098.0,0adab909-eb8f-4baf-9eed-7a4cc889cb7c,4F:79:B6:3A:DD:4A,,-69,1763047919167
53822,1763047925912.0,0adab909-eb8f-4baf-9eed-7a4cc889cb7c,6C:C2:44:30:BC:46,,-85,1763047919167
53823,1763047925984.0,0adab909-eb8f-4baf-9eed-7a4cc889cb7c,40:47:86:E9:5E:5E,,-56,1763047919167
53824,1763047926148.0,0adab909-eb8f-4baf-9eed-7a4cc889cb7c,41:21:FE:E1:A1:A8,,-88,1763047919167
53825,1763047927451.0,0adab909-eb8f-4baf-9eed-7a4cc889cb7c,48:5C:2C:72:F2:AD,,-99,1763047919167
53826,1763047927560.0,0adab909-eb8f-4baf-9eed-7a4cc889cb7c,50:48:41:E7:0B:AE,,-90,1763047919167
53827,1763047927729.0,0adab909-eb8f-4baf-9eed-7a4cc889cb7c,72:6C:A7:33:51:69,,-86,1763047919167
53828,1763047929492.0,0adab909-eb8f-4baf-9eed-7a4cc889cb7c,7D:68:2A:DB:4A:3B,,-83,1763047919167
53829,1763047931520.0,0adab909-eb8f-4baf-9eed-7a4cc889cb7c,4F:04:55:68:A9:D0,,-88,1763047919167
53830,1763047931967.0,0adab909-eb8f-4baf-9eed-7a4cc889cb7c,EB:B9:7C:09:F9:AC,SW-XC725,-99,1763047919167
53831,1763047945776.0,0adab909-eb8f-4baf-9eed-7a4cc889cb7c,55:C1:F6:5C:D0:70,JBL Damian Pr,-70,1763047919167
53832,1763047945819.0,0adab909-eb8f-4baf-9eed-7a4cc889cb7c,A5:AA:9D:8E:D6:E8,b;SAR;582;165;2;342;Rastpfuhl,-72,1763047919167
53833,1763047945889.0,0adab909-eb8f-4baf-9eed-7a4cc889cb7c,F8:4E:58:E3:E4:7F,,-87,1763047919167
53834,1763047945921.0,0adab909-eb8f-4baf-9eed-7a4cc889cb7c,7C:CB:AC:19:64:A3,,-78,1763047919167
53835,1763047945996.0,0adab909-eb8f-4baf-9eed-7a4cc889cb7c,8C:59:DC:F2:07:72,DOTTS,-88,1763047919167
53836,1763047946024.0,0adab909-eb8f-4baf-9eed-7a4cc889cb7c,19:87:9A:62:C2:29,,-88,1763047919167
53837,1763047946050.0,0adab909-eb8f-4baf-9eed-7a4cc889cb7c,00:7D:3B:6E:61:72,,-71,1763047919167
53838,1763047946901.0,0adab909-eb8f-4baf-9eed-7a4cc889cb7c,2A:6B:46:1B:5B:13,,-73,1763047919167
53839,1763047946931.0,0adab909-eb8f-4baf-9eed-7a4cc889cb7c,53:D2:F2:10:15:ED,,-87,1763047919167
53840,1763047946978.0,0adab909-eb8f-4baf-9eed-7a4cc889cb7c,12:8A:83:9A:06:0E,,-88,1763047919167
53841,1763047947004.0,0adab909-eb8f-4baf-9eed-7a4cc889cb7c,23:B3:CC:B5:C7:AB,,-87,1763047919167
53842,1763047947030.0,0adab909-eb8f-4baf-9eed-7a4cc889cb7c,EF:38:38:6A:1A:CA,,-85,1763047919167
53843,1763047947051.0,0adab909-eb8f-4baf-9eed-7a4cc889cb7c,51:A3:21:C2:C0:DD,,-85,1763047919167
53844,1763047947073.0,0adab909-eb8f-4baf-9eed-7a4cc889cb7c,E2:70:EA:6F:A4:26,,-87,1763047919167
53845,1763047947145.0,0adab909-eb8f-4baf-9eed-7a4cc889cb7c,E0:9D:13:78:CC:11,[TV] Samsung AU6979 55 TV,-87,1763047919167
53846,1763047947175.0,0adab909-eb8f-4baf-9eed-7a4cc889cb7c,3F:CF:93:A7:A0:E4,b;SAR;126;102;1;346;Dudweiler,-87,1763047919167
53847,1763047947197.0,0adab909-eb8f-4baf-9eed-7a4cc889cb7c,12:24:9E:CA:42:2E,,-90,1763047919167
53848,1763047947227.0,0adab909-eb8f-4baf-9eed-7a4cc889cb7c,15:07:F1:A2:ED:C4,,-74,1763047919167
53849,1763047947256.0,0adab909-eb8f-4baf-9eed-7a4cc889cb7c,62:50:B4:1F:DC:63,,-77,1763047919167
53850,1763047947772.0,0adab909-eb8f-4baf-9eed-7a4cc889cb7c,B0:E4:5C:85:2F:13,,-87,1763047919167
53851,1763047947811.0,0adab909-eb8f-4baf-9eed-7a4cc889cb7c,8C:59:DC:F5:70:CC,631619,-71,1763047919167
53852,1763047947832.0,0adab909-eb8f-4baf-9eed-7a4cc889cb7c,FC:67:1F:EC:A7:A4,TY,-88,1763047919167
53853,1763047947854.0,0adab909-eb8f-4baf-9eed-7a4cc889cb7c,6C:31:4D:16:DC:E1,,-91,1763047919167
53854,1763047947909.0,0adab909-eb8f-4baf-9eed-7a4cc889cb7c,67:CD:AB:58:D2:A5,,-86,1763047919167
53855,1763047948126.0,0adab909-eb8f-4baf-9eed-7a4cc889cb7c,C8:A6:EF:9D:5E:0D,,-93,1763047919167
53856,1763048521661.0,0adab909-eb8f-4baf-9eed-7a4cc889cb7c,6F:84:9D:70:A2:99,,-69,1763048520612
53857,1763048533470.0,0adab909-eb8f-4baf-9eed-7a4cc889cb7c,6F:84:9D:70:A2:99,,-69,1763048520612
53858,1763048533756.0,0adab909-eb8f-4baf-9eed-7a4cc889cb7c,84:C8:A0:8B:BD:3D,JBL BAR 800,-80,1763048520612
53859,1763048533777.0,0adab909-eb8f-4baf-9eed-7a4cc889cb7c,0E:50:5E:52:C7:8B,,-94,1763048520612
53860,1763049074369.0,0adab909-eb8f-4baf-9eed-7a4cc889cb7c,6F:84:9D:70:A2:99,,-75,1763049074258
53861,1763049088715.0,0adab909-eb8f-4baf-9eed-7a4cc889cb7c,6F:84:9D:70:A2:99,,-66,1763049074258
53862,1763049683003.0,0adab909-eb8f-4baf-9eed-7a4cc889cb7c,78:F1:AC:B6:8B:10,,-74,1763049682827
53863,1763050492131.0,0adab909-eb8f-4baf-9eed-7a4cc889cb7c,6F:E9:0D:9C:8B:06,,-77,1763050491540
53864,1763051092239.0,0adab909-eb8f-4baf-9eed-7a4cc889cb7c,6F:E9:0D:9C:8B:06,,-75,1763051092106
53865,1763051605062.0,0adab909-eb8f-4baf-9eed-7a4cc889cb7c,6F:E9:0D:9C:8B:06,,-77,1763051603649
53866,1763051616616.0,0adab909-eb8f-4baf-9eed-7a4cc889cb7c,6F:E9:0D:9C:8B:06,,-68,1763051603649
53867,1763051617521.0,0adab909-eb8f-4baf-9eed-7a4cc889cb7c,84:C8:A0:8B:BD:3D,JBL BAR 800,-83,1763051603649
53868,1763052072353.0,0adab909-eb8f-4baf-9eed-7a4cc889cb7c,75:FE:28:A7:19:4D,,-60,1763052072336
53869,1763052086390.0,0adab909-eb8f-4baf-9eed-7a4cc889cb7c,75:FE:28:A7:19:4D,,-67,1763052072336
53870,1763052087126.0,0adab909-eb8f-4baf-9eed-7a4cc889cb7c,84:C8:A0:8B:BD:3D,JBL BAR 800,-84,1763052072336
53871,1763052822609.0,0adab909-eb8f-4baf-9eed-7a4cc889cb7c,75:FE:28:A7:19:4D,,-74,1763052822487
53872,1763053479067.0,0adab909-eb8f-4baf-9eed-7a4cc889cb7c,57:74:25:2F:E6:0B,,-75,1763053478944
53873,1763054079280.0,0adab909-eb8f-4baf-9eed-7a4cc889cb7c,57:74:25:2F:E6:0B,,-78,1763054078855
53874,1763054679344.0,0adab909-eb8f-4baf-9eed-7a4cc889cb7c,46:5A:FF:48:3F:B5,,-79,1763054678891
53875,1763054682489.0,0adab909-eb8f-4baf-9eed-7a4cc889cb7c,5E:5F:39:F6:04:18,,-93,1763054678891
53876,1763055304951.0,0adab909-eb8f-4baf-9eed-7a4cc889cb7c,46:5A:FF:48:3F:B5,,-77,1763055302272
53877,1763055902762.0,0adab909-eb8f-4baf-9eed-7a4cc889cb7c,5F:7D:E8:51:7E:49,,-77,1763055902294
53878,1763055904317.0,0adab909-eb8f-4baf-9eed-7a4cc889cb7c,6E:DD:4E:CE:56:3D,,-70,1763055902294
53879,1763055915259.0,0adab909-eb8f-4baf-9eed-7a4cc889cb7c,6E:DD:4E:CE:56:3D,,-72,1763055902294
53880,1763055915335.0,0adab909-eb8f-4baf-9eed-7a4cc889cb7c,84:C8:A0:8B:BD:3D,JBL BAR 800,-82,1763055902294
53881,1763055916175.0,0adab909-eb8f-4baf-9eed-7a4cc889cb7c,DE:1C:8D:71:5B:36,,-73,1763055902294
53882,1763055916217.0,0adab909-eb8f-4baf-9eed-7a4cc889cb7c,5F:7D:E8:51:7E:49,,-69,1763055902294
53883,1763056289424.0,0adab909-eb8f-4baf-9eed-7a4cc889cb7c,54:B7:33:EE:73:30,,-59,1763056289316
53884,1763056290659.0,0adab909-eb8f-4baf-9eed-7a4cc889cb7c,A8:00:E3:1F:19:9A,,-91,1763056289316
53885,1763056290687.0,0adab909-eb8f-4baf-9eed-7a4cc889cb7c,A8:00:E3:1F:19:6A,,-85,1763056289316
53886,1763056290998.0,0adab909-eb8f-4baf-9eed-7a4cc889cb7c,6E:DD:4E:CE:56:3D,,-65,1763056289316
53887,1763056302310.0,0adab909-eb8f-4baf-9eed-7a4cc889cb7c,54:B7:33:EE:73:30,,-58,1763056289316
53888,1763056302356.0,0adab909-eb8f-4baf-9eed-7a4cc889cb7c,6E:DD:4E:CE:56:3D,,-70,1763056289316
53889,1763056303362.0,0adab909-eb8f-4baf-9eed-7a4cc889cb7c,A8:00:E3:1F:19:9A,,-82,1763056289316
53890,1763056303433.0,0adab909-eb8f-4baf-9eed-7a4cc889cb7c,A8:00:E3:1F:19:6A,,-89,1763056289316
53891,1763056303465.0,0adab909-eb8f-4baf-9eed-7a4cc889cb7c,84:C8:A0:8B:BD:3D,JBL BAR 800,-73,1763056289316
53892,1763056920019.0,0adab909-eb8f-4baf-9eed-7a4cc889cb7c,70:6D:21:93:0D:27,,-68,1763056919508
53893,1763056921263.0,0adab909-eb8f-4baf-9eed-7a4cc889cb7c,54:B7:33:EE:73:30,,-70,1763056919508
53894,1763056922494.0,0adab909-eb8f-4baf-9eed-7a4cc889cb7c,7E:C5:BD:93:8C:CE,,-94,1763056919508
53895,1763056927504.0,0adab909-eb8f-4baf-9eed-7a4cc889cb7c,A8:00:E3:1F:19:9A,,-95,1763056919508
53896,1763056929483.0,0adab909-eb8f-4baf-9eed-7a4cc889cb7c,A8:00:E3:1F:19:6A,,-91,1763056919508
53897,1763056932371.0,0adab909-eb8f-4baf-9eed-7a4cc889cb7c,C6:1D:C2:79:8C:3A,,-69,1763056919508
53898,1763056932401.0,0adab909-eb8f-4baf-9eed-7a4cc889cb7c,70:6D:21:93:0D:27,,-68,1763056919508
53899,1763056932528.0,0adab909-eb8f-4baf-9eed-7a4cc889cb7c,54:B7:33:EE:73:30,,-70,1763056919508
53900,1763056933455.0,0adab909-eb8f-4baf-9eed-7a4cc889cb7c,84:C8:A0:8B:BD:3D,JBL BAR 800,-77,1763056919508
53901,1763056933578.0,0adab909-eb8f-4baf-9eed-7a4cc889cb7c,A8:00:E3:1F:19:6A,,-87,1763056919508
53902,1763057692316.0,0adab909-eb8f-4baf-9eed-7a4cc889cb7c,46:9C:C3:7C:0A:FE,,-69,1763057691249
53903,1763057692626.0,0adab909-eb8f-4baf-9eed-7a4cc889cb7c,A8:00:E3:1F:19:6A,,-90,1763057691249
53904,1763057693943.0,0adab909-eb8f-4baf-9eed-7a4cc889cb7c,70:6D:21:93:0D:27,,-62,1763057691249
53905,1763057698407.0,0adab909-eb8f-4baf-9eed-7a4cc889cb7c,7E:C5:BD:93:8C:CE,,-90,1763057691249
53906,1763057704224.0,0adab909-eb8f-4baf-9eed-7a4cc889cb7c,84:C8:A0:8B:BD:3D,JBL BAR 800,-75,1763057691249
53907,1763057704270.0,0adab909-eb8f-4baf-9eed-7a4cc889cb7c,E5:BE:B5:FE:26:D7,,-58,1763057691249
53908,1763057705201.0,0adab909-eb8f-4baf-9eed-7a4cc889cb7c,46:9C:C3:7C:0A:FE,,-61,1763057691249
53909,1763057705236.0,0adab909-eb8f-4baf-9eed-7a4cc889cb7c,70:6D:21:93:0D:27,,-65,1763057691249
53910,1763057705264.0,0adab909-eb8f-4baf-9eed-7a4cc889cb7c,36:3D:8C:4A:75:45,,-80,1763057691249
53911,1763058107067.0,0adab909-eb8f-4baf-9eed-7a4cc889cb7c,70:6D:21:93:0D:27,,-90,1763058107012
53912,1763058109973.0,0adab909-eb8f-4baf-9eed-7a4cc889cb7c,50:15:3B:53:54:68,,-84,1763058107012
53913,1763058732996.0,0adab909-eb8f-4baf-9eed-7a4cc889cb7c,A8:00:E3:1F:19:9A,,-95,1763058731986
53914,1763058733016.0,0adab909-eb8f-4baf-9eed-7a4cc889cb7c,41:D1:8E:58:32:FC,,-80,1763058731986
53915,1763059340064.0,0adab909-eb8f-4baf-9eed-7a4cc889cb7c,41:D1:8E:58:32:FC,,-84,1763059339965
53916,1763059971817.0,0adab909-eb8f-4baf-9eed-7a4cc889cb7c,44:8F:94:65:18:2C,,-90,1763059967260
53917,1763060474294.0,0adab909-eb8f-4baf-9eed-7a4cc889cb7c,44:8F:94:65:18:2C,,-82,1763060472896
53918,1763060485854.0,0adab909-eb8f-4baf-9eed-7a4cc889cb7c,44:8F:94:65:18:2C,,-83,1763060472896
53919,1763061082970.0,0adab909-eb8f-4baf-9eed-7a4cc889cb7c,44:8F:94:65:18:2C,,-71,1763061082939
53920,1763061083626.0,0adab909-eb8f-4baf-9eed-7a4cc889cb7c,72:23:F3:20:21:E0,,-75,1763061082939
53921,1763061933103.0,0adab909-eb8f-4baf-9eed-7a4cc889cb7c,A8:00:E3:1F:19:9A,,-93,1763061932957
53922,1763061934302.0,0adab909-eb8f-4baf-9eed-7a4cc889cb7c,74:5E:84:23:60:CA,,-64,1763061932957
53923,1763061934372.0,0adab909-eb8f-4baf-9eed-7a4cc889cb7c,7C:C4:78:09:C6:B5,,-67,1763061932957
53924,1763061934629.0,0adab909-eb8f-4baf-9eed-7a4cc889cb7c,A8:00:E3:1F:19:6A,,-92,1763061932957
53925,1763062552623.0,0adab909-eb8f-4baf-9eed-7a4cc889cb7c,14:67:91:0B:4F:5D,,-88,1763062551540
53926,1763062552917.0,0adab909-eb8f-4baf-9eed-7a4cc889cb7c,74:5E:84:23:60:CA,,-66,1763062551540
53927,1763062553863.0,0adab909-eb8f-4baf-9eed-7a4cc889cb7c,61:40:BA:2C:26:3C,,-76,1763062551540
53928,1763062553880.0,0adab909-eb8f-4baf-9eed-7a4cc889cb7c,A8:00:E3:1F:19:6A,,-95,1763062551540
53929,1763062554226.0,0adab909-eb8f-4baf-9eed-7a4cc889cb7c,59:F6:B7:DB:A1:79,,-92,1763062551540
53930,1763062554478.0,0adab909-eb8f-4baf-9eed-7a4cc889cb7c,A8:00:E3:1F:19:9A,,-95,1763062551540
53931,1763063152331.0,0adab909-eb8f-4baf-9eed-7a4cc889cb7c,77:F6:E7:C8:FA:22,,-85,1763063151568
53932,1763063152639.0,0adab909-eb8f-4baf-9eed-7a4cc889cb7c,A8:00:E3:1F:19:9A,,-90,1763063151568
53933,1763063156191.0,0adab909-eb8f-4baf-9eed-7a4cc889cb7c,6C:85:C3:1C:5B:51,,-86,1763063151568
53934,1763063164482.0,0adab909-eb8f-4baf-9eed-7a4cc889cb7c,15:E2:06:B9:4F:BA,,-88,1763063151568
53935,1763063164509.0,0adab909-eb8f-4baf-9eed-7a4cc889cb7c,84:C8:A0:8B:BD:3D,JBL BAR 800,-76,1763063151568
53936,1763063751986.0,0adab909-eb8f-4baf-9eed-7a4cc889cb7c,6C:85:C3:1C:5B:51,,-74,1763063751531
53937,1763063753865.0,0adab909-eb8f-4baf-9eed-7a4cc889cb7c,51:AA:2F:4F:64:DF,,-69,1763063751531
53938,1763063754485.0,0adab909-eb8f-4baf-9eed-7a4cc889cb7c,6D:82:42:95:56:54,,-78,1763063751531
53939,1763064230637.0,0adab909-eb8f-4baf-9eed-7a4cc889cb7c,64:B5:D4:31:56:62,,-72,1763064230180
53940,1763064231563.0,0adab909-eb8f-4baf-9eed-7a4cc889cb7c,6D:82:42:95:56:54,,-84,1763064230180
53941,1763064237000.0,0adab909-eb8f-4baf-9eed-7a4cc889cb7c,40:45:EA:B2:A0:EA,,-76,1763064230180
53942,1763064244226.0,0adab909-eb8f-4baf-9eed-7a4cc889cb7c,84:C8:A0:8B:BD:3D,JBL BAR 800,-80,1763064230180
53943,1763064245224.0,0adab909-eb8f-4baf-9eed-7a4cc889cb7c,64:B5:D4:31:56:62,,-74,1763064230180
53944,1763064833219.0,0adab909-eb8f-4baf-9eed-7a4cc889cb7c,64:B5:D4:31:56:62,,-70,1763064831870
53945,1763064834526.0,0adab909-eb8f-4baf-9eed-7a4cc889cb7c,5C:95:11:6F:94:67,,-84,1763064831870
53946,1763064835510.0,0adab909-eb8f-4baf-9eed-7a4cc889cb7c,40:45:EA:B2:A0:EA,,-73,1763064831870
53947,1763065430695.0,0adab909-eb8f-4baf-9eed-7a4cc889cb7c,64:B5:D4:31:56:62,,-72,1763065430214
53948,1763065432237.0,0adab909-eb8f-4baf-9eed-7a4cc889cb7c,6B:3F:1C:7C:A0:FB,,-78,1763065430214
53949,1763065432574.0,0adab909-eb8f-4baf-9eed-7a4cc889cb7c,A8:00:E3:1F:19:9A,,-94,1763065430214
53950,1763065443091.0,0adab909-eb8f-4baf-9eed-7a4cc889cb7c,64:B5:D4:31:56:62,,-73,1763065430214
53951,1763065443198.0,0adab909-eb8f-4baf-9eed-7a4cc889cb7c,84:C8:A0:8B:BD:3D,JBL BAR 800,-75,1763065430214
53952,1763065444268.0,0adab909-eb8f-4baf-9eed-7a4cc889cb7c,6B:3F:1C:7C:A0:FB,,-80,1763065430214
53953,1763065444340.0,0adab909-eb8f-4baf-9eed-7a4cc889cb7c,6D:DC:CB:2E:AD:1D,,-70,1763065430214
53954,1763066031220.0,0adab909-eb8f-4baf-9eed-7a4cc889cb7c,A8:00:E3:1F:19:9A,,-90,1763066031205
53955,1763066031642.0,0adab909-eb8f-4baf-9eed-7a4cc889cb7c,6D:DC:CB:2E:AD:1D,,-69,1763066031205
53956,1763066033802.0,0adab909-eb8f-4baf-9eed-7a4cc889cb7c,56:08:EF:49:61:09,,-82,1763066031205
53957,1763066034155.0,0adab909-eb8f-4baf-9eed-7a4cc889cb7c,46:9F:5D:04:4E:4F,,-63,1763066031205
53958,1763066045066.0,0adab909-eb8f-4baf-9eed-7a4cc889cb7c,84:C8:A0:8B:BD:3D,JBL BAR 800,-91,1763066031205
53959,1763066045161.0,0adab909-eb8f-4baf-9eed-7a4cc889cb7c,6D:DC:CB:2E:AD:1D,,-75,1763066031205
53960,1763066047038.0,0adab909-eb8f-4baf-9eed-7a4cc889cb7c,56:08:EF:49:61:09,,-82,1763066031205
53961,1763066632287.0,0adab909-eb8f-4baf-9eed-7a4cc889cb7c,56:08:EF:49:61:09,,-79,1763066631188
53962,1763066632314.0,0adab909-eb8f-4baf-9eed-7a4cc889cb7c,6D:DC:CB:2E:AD:1D,,-66,1763066631188
53963,1763066638314.0,0adab909-eb8f-4baf-9eed-7a4cc889cb7c,65:22:D8:B7:E0:27,,-77,1763066631188
53964,1763066644058.0,0adab909-eb8f-4baf-9eed-7a4cc889cb7c,56:08:EF:49:61:09,,-79,1763066631188
53965,1763066644087.0,0adab909-eb8f-4baf-9eed-7a4cc889cb7c,84:C8:A0:8B:BD:3D,JBL BAR 800,-80,1763066631188
53966,1763066644103.0,0adab909-eb8f-4baf-9eed-7a4cc889cb7c,6D:DC:CB:2E:AD:1D,,-65,1763066631188
53967,1763067231269.0,0adab909-eb8f-4baf-9eed-7a4cc889cb7c,45:8C:4C:19:DA:AD,,-92,1763067231183
53968,1763067231919.0,0adab909-eb8f-4baf-9eed-7a4cc889cb7c,65:22:D8:B7:E0:27,,-70,1763067231183
53969,1763067232870.0,0adab909-eb8f-4baf-9eed-7a4cc889cb7c,58:96:31:D0:85:7E,,-70,1763067231183
53970,1763067244102.0,0adab909-eb8f-4baf-9eed-7a4cc889cb7c,58:96:31:D0:85:7E,,-73,1763067231183
53971,1763067244131.0,0adab909-eb8f-4baf-9eed-7a4cc889cb7c,84:C8:A0:8B:BD:3D,JBL BAR 800,-88,1763067231183
53972,1763067244196.0,0adab909-eb8f-4baf-9eed-7a4cc889cb7c,04:82:8C:7B:D2:01,,-76,1763067231183
53973,1763067246147.0,0adab909-eb8f-4baf-9eed-7a4cc889cb7c,45:8C:4C:19:DA:AD,,-81,1763067231183
53974,1763067706634.0,0adab909-eb8f-4baf-9eed-7a4cc889cb7c,58:96:31:D0:85:7E,,-69,1763067706613
53975,1763067707010.0,0adab909-eb8f-4baf-9eed-7a4cc889cb7c,65:22:D8:B7:E0:27,,-76,1763067706613
53976,1763067707334.0,0adab909-eb8f-4baf-9eed-7a4cc889cb7c,69:A5:C7:6E:00:3E,,-82,1763067706613
53977,1763067715963.0,0adab909-eb8f-4baf-9eed-7a4cc889cb7c,45:9D:3A:B7:5E:76,,-77,1763067706613
53978,1763067719548.0,0adab909-eb8f-4baf-9eed-7a4cc889cb7c,58:96:31:D0:85:7E,,-65,1763067706613
53979,1763067719595.0,0adab909-eb8f-4baf-9eed-7a4cc889cb7c,84:C8:A0:8B:BD:3D,JBL BAR 800,-78,1763067706613
53980,1763067720536.0,0adab909-eb8f-4baf-9eed-7a4cc889cb7c,69:A5:C7:6E:00:3E,,-78,1763067706613
53981,1763067720593.0,0adab909-eb8f-4baf-9eed-7a4cc889cb7c,3A:06:17:0F:91:86,,-68,1763067706613
53982,1763068431524.0,0adab909-eb8f-4baf-9eed-7a4cc889cb7c,6D:B3:2B:78:ED:5D,,-88,1763068431428
53983,1763068431894.0,0adab909-eb8f-4baf-9eed-7a4cc889cb7c,45:9D:3A:B7:5E:76,,-76,1763068431428
53984,1763068444343.0,0adab909-eb8f-4baf-9eed-7a4cc889cb7c,84:C8:A0:8B:BD:3D,JBL BAR 800,-84,1763068431428
53985,1763068444470.0,0adab909-eb8f-4baf-9eed-7a4cc889cb7c,6D:B3:2B:78:ED:5D,,-84,1763068431428
53986,1763069031473.0,0adab909-eb8f-4baf-9eed-7a4cc889cb7c,45:9D:3A:B7:5E:76,,-77,1763069031388
53987,1763069032112.0,0adab909-eb8f-4baf-9eed-7a4cc889cb7c,6D:B3:2B:78:ED:5D,,-80,1763069031388
53988,1763069033774.0,0adab909-eb8f-4baf-9eed-7a4cc889cb7c,61:07:5D:B7:D7:DF,,-79,1763069031388
53989,1763069045325.0,0adab909-eb8f-4baf-9eed-7a4cc889cb7c,6D:B3:2B:78:ED:5D,,-72,1763069031388
53990,1763069633215.0,0adab909-eb8f-4baf-9eed-7a4cc889cb7c,7E:5D:93:75:53:D2,,-85,1763069631165
53991,1763069636378.0,0adab909-eb8f-4baf-9eed-7a4cc889cb7c,78:0C:8F:FA:4F:83,,-73,1763069631165
53992,1763069644145.0,0adab909-eb8f-4baf-9eed-7a4cc889cb7c,84:C8:A0:8B:BD:3D,JBL BAR 800,-80,1763069631165
53993,1763069645246.0,0adab909-eb8f-4baf-9eed-7a4cc889cb7c,1A:E5:98:72:38:62,,-84,1763069631165
53994,1763069645351.0,0adab909-eb8f-4baf-9eed-7a4cc889cb7c,7E:5D:93:75:53:D2,,-65,1763069631165
53995,1763070232591.0,0adab909-eb8f-4baf-9eed-7a4cc889cb7c,7E:5D:93:75:53:D2,,-70,1763070231842
53996,1763070233917.0,0adab909-eb8f-4baf-9eed-7a4cc889cb7c,78:0C:8F:FA:4F:83,,-69,1763070231842
53997,1763070241878.0,0adab909-eb8f-4baf-9eed-7a4cc889cb7c,4D:FF:DB:7C:54:A4,,-92,1763070231842
53998,1763070833883.0,0adab909-eb8f-4baf-9eed-7a4cc889cb7c,7E:5D:93:75:53:D2,,-72,1763070832833
53999,1763070835489.0,0adab909-eb8f-4baf-9eed-7a4cc889cb7c,5E:67:A4:D0:15:49,,-84,1763070832833
54000,1763070837745.0,0adab909-eb8f-4baf-9eed-7a4cc889cb7c,4C:A7:3A:C2:BC:8E,,-91,1763070832833
54001,1763071433202.0,0adab909-eb8f-4baf-9eed-7a4cc889cb7c,5E:67:A4:D0:15:49,,-65,1763071433199
54002,1763071433574.0,0adab909-eb8f-4baf-9eed-7a4cc889cb7c,75:04:17:77:53:3E,,-81,1763071433199
54003,1763071435201.0,0adab909-eb8f-4baf-9eed-7a4cc889cb7c,4C:A7:3A:C2:BC:8E,,-87,1763071433199
54004,1763071444494.0,0adab909-eb8f-4baf-9eed-7a4cc889cb7c,4E:21:89:9E:A0:0C,,-81,1763071433199
54005,1763071966205.0,0adab909-eb8f-4baf-9eed-7a4cc889cb7c,75:04:17:77:53:3E,,-61,1763071964816
54006,1763071969146.0,0adab909-eb8f-4baf-9eed-7a4cc889cb7c,50:9C:84:A8:A6:B9,,-87,1763071964816
54007,1763071971060.0,0adab909-eb8f-4baf-9eed-7a4cc889cb7c,7A:D3:B6:10:BF:A6,,-72,1763071964816
54008,1763072565211.0,0adab909-eb8f-4baf-9eed-7a4cc889cb7c,64:6D:21:92:C0:5F,,-61,1763072564797
54009,1763073165214.0,0adab909-eb8f-4baf-9eed-7a4cc889cb7c,64:6D:21:92:C0:5F,,-62,1763073164800
54010,1763073177354.0,0adab909-eb8f-4baf-9eed-7a4cc889cb7c,43:8C:A9:C4:0F:B8,,-60,1763073164800
54011,1763073975831.0,0adab909-eb8f-4baf-9eed-7a4cc889cb7c,7D:D8:16:68:23:2C,,-70,1763073975825
54012,1763074276224.0,0adab909-eb8f-4baf-9eed-7a4cc889cb7c,7D:D8:16:68:23:2C,,-65,1763074275771
54013,1763074278708.0,0adab909-eb8f-4baf-9eed-7a4cc889cb7c,62:2C:EE:D8:3B:00,,-65,1763074275771
54014,1763074876210.0,0adab909-eb8f-4baf-9eed-7a4cc889cb7c,6F:4D:1C:B0:AD:33,,-86,1763074875815
54015,1763074876908.0,0adab909-eb8f-4baf-9eed-7a4cc889cb7c,4F:E0:F7:DC:A3:8D,,-70,1763074875815
54016,1763074878166.0,0adab909-eb8f-4baf-9eed-7a4cc889cb7c,62:2C:EE:D8:3B:00,,-71,1763074875815
54017,1763075708198.0,0adab909-eb8f-4baf-9eed-7a4cc889cb7c,4F:E0:F7:DC:A3:8D,,-65,1763075707777
54018,1763075711029.0,0adab909-eb8f-4baf-9eed-7a4cc889cb7c,41:77:26:E4:26:49,,-85,1763075707777
54019,1763076308180.0,0adab909-eb8f-4baf-9eed-7a4cc889cb7c,4B:C9:6A:2E:86:5F,,-65,1763076307765
54020,1763076314603.0,0adab909-eb8f-4baf-9eed-7a4cc889cb7c,65:13:3F:C9:B9:E5,,-89,1763076307765
54021,1763076907807.0,0adab909-eb8f-4baf-9eed-7a4cc889cb7c,4B:C9:6A:2E:86:5F,,-68,1763076907774
54022,1763076908528.0,0adab909-eb8f-4baf-9eed-7a4cc889cb7c,42:36:79:BD:8B:06,,-73,1763076907774
54023,1763076909104.0,0adab909-eb8f-4baf-9eed-7a4cc889cb7c,65:13:3F:C9:B9:E5,,-85,1763076907774
54024,1763077349162.0,0adab909-eb8f-4baf-9eed-7a4cc889cb7c,5D:A7:E9:91:62:54,,-60,1763077347785
54025,1763077351024.0,0adab909-eb8f-4baf-9eed-7a4cc889cb7c,5D:F5:5D:69:52:FB,,-85,1763077347785
54026,1763077353598.0,0adab909-eb8f-4baf-9eed-7a4cc889cb7c,42:36:79:BD:8B:06,,-65,1763077347785
54027,1763077948894.0,0adab909-eb8f-4baf-9eed-7a4cc889cb7c,5D:A7:E9:91:62:54,,-69,1763077948026
54028,1763077960356.0,0adab909-eb8f-4baf-9eed-7a4cc889cb7c,6C:EF:04:E6:EB:5F,,-66,1763077948026
54029,1763078548827.0,0adab909-eb8f-4baf-9eed-7a4cc889cb7c,5C:4A:11:19:9C:DE,,-66,1763078547768
54030,1763078549502.0,0adab909-eb8f-4baf-9eed-7a4cc889cb7c,45:17:C1:11:99:0D,,-84,1763078547768
54031,1763079352169.0,0adab909-eb8f-4baf-9eed-7a4cc889cb7c,70:7F:1B:1A:95:E7,,-69,1763079351764
54032,1763079352495.0,0adab909-eb8f-4baf-9eed-7a4cc889cb7c,5C:4A:11:19:9C:DE,,-64,1763079351764
54033,1763079952786.0,0adab909-eb8f-4baf-9eed-7a4cc889cb7c,5C:4A:11:19:9C:DE,,-68,1763079952766
54034,1763079957721.0,0adab909-eb8f-4baf-9eed-7a4cc889cb7c,70:7F:1B:1A:95:E7,,-66,1763079952766
54035,1763080553465.0,0adab909-eb8f-4baf-9eed-7a4cc889cb7c,62:C2:52:BA:EE:C3,,-63,1763080552779
54036,1763080553740.0,0adab909-eb8f-4baf-9eed-7a4cc889cb7c,4E:2A:C5:FF:50:9F,,-65,1763080552779
54037,1763080556074.0,0adab909-eb8f-4baf-9eed-7a4cc889cb7c,59:B3:9D:BF:7D:91,,-90,1763080552779
54038,1763081085461.0,0adab909-eb8f-4baf-9eed-7a4cc889cb7c,62:C2:52:BA:EE:C3,,-64,1763081084731
54039,1763081095148.0,0adab909-eb8f-4baf-9eed-7a4cc889cb7c,4E:2A:C5:FF:50:9F,,-84,1763081084731
54040,1763081685192.0,0adab909-eb8f-4baf-9eed-7a4cc889cb7c,47:1F:A9:07:DC:F9,,-60,1763081684716
54041,1763082285139.0,0adab909-eb8f-4baf-9eed-7a4cc889cb7c,47:1F:A9:07:DC:F9,,-61,1763082284714
54042,1763082286550.0,0adab909-eb8f-4baf-9eed-7a4cc889cb7c,77:5E:7B:8B:31:2C,,-74,1763082284714
54043,1763082287145.0,0adab909-eb8f-4baf-9eed-7a4cc889cb7c,66:4A:00:BE:CA:44,,-86,1763082284714
54044,1763083023135.0,0adab909-eb8f-4baf-9eed-7a4cc889cb7c,55:59:C7:94:5A:0E,,-66,1763083022724
54045,1763083028940.0,0adab909-eb8f-4baf-9eed-7a4cc889cb7c,74:71:E7:16:BF:7B,,-89,1763083022724
54046,1763083323795.0,0adab909-eb8f-4baf-9eed-7a4cc889cb7c,55:59:C7:94:5A:0E,,-74,1763083322951
54047,1763083327645.0,0adab909-eb8f-4baf-9eed-7a4cc889cb7c,74:71:E7:16:BF:7B,,-68,1763083322951
54048,1763083922943.0,0adab909-eb8f-4baf-9eed-7a4cc889cb7c,67:51:C6:1C:12:E4,,-71,1763083922940
54049,1763083927936.0,0adab909-eb8f-4baf-9eed-7a4cc889cb7c,78:9E:C6:F3:45:A7,,-71,1763083922940
54050,1763084823179.0,0adab909-eb8f-4baf-9eed-7a4cc889cb7c,67:51:C6:1C:12:E4,,-71,1763084823176
54051,1763084827302.0,0adab909-eb8f-4baf-9eed-7a4cc889cb7c,48:5A:38:C1:2A:0E,,-89,1763084823176
54052,1763084832178.0,0adab909-eb8f-4baf-9eed-7a4cc889cb7c,78:9E:C6:F3:45:A7,,-77,1763084823176
54053,1763085354955.0,0adab909-eb8f-4baf-9eed-7a4cc889cb7c,62:B5:72:8C:FC:8F,,-81,1763085354709
54054,1763085355752.0,0adab909-eb8f-4baf-9eed-7a4cc889cb7c,5D:9C:31:87:2F:1D,,-73,1763085354709
54055,1763085360888.0,0adab909-eb8f-4baf-9eed-7a4cc889cb7c,64:F3:18:D6:D5:A6,,-77,1763085354709
54056,1763085954689.0,0adab909-eb8f-4baf-9eed-7a4cc889cb7c,61:AB:72:89:E5:EA,,-88,1763085954686
54057,1763085955372.0,0adab909-eb8f-4baf-9eed-7a4cc889cb7c,5D:9C:31:87:2F:1D,,-68,1763085954686
54058,1763085956377.0,0adab909-eb8f-4baf-9eed-7a4cc889cb7c,64:F3:18:D6:D5:A6,,-76,1763085954686
54059,1763086554938.0,0adab909-eb8f-4baf-9eed-7a4cc889cb7c,7D:DE:17:B7:56:E8,,-73,1763086554933
54060,1763086555456.0,0adab909-eb8f-4baf-9eed-7a4cc889cb7c,59:57:D3:3A:3C:F7,,-79,1763086554933
54061,1763086556082.0,0adab909-eb8f-4baf-9eed-7a4cc889cb7c,61:AB:72:89:E5:EA,,-90,1763086554933
54062,1763087088714.0,0adab909-eb8f-4baf-9eed-7a4cc889cb7c,7D:DE:17:B7:56:E8,,-72,1763087086676
54063,1763087092888.0,0adab909-eb8f-4baf-9eed-7a4cc889cb7c,59:57:D3:3A:3C:F7,,-79,1763087086676
54064,1763087093829.0,0adab909-eb8f-4baf-9eed-7a4cc889cb7c,63:AA:D5:DE:F7:A6,,-86,1763087086676
54065,1763087687401.0,0adab909-eb8f-4baf-9eed-7a4cc889cb7c,7D:DE:17:B7:56:E8,,-66,1763087686660
54066,1763087691581.0,0adab909-eb8f-4baf-9eed-7a4cc889cb7c,75:63:F4:63:94:9B,,-70,1763087686660
54067,1763087693841.0,0adab909-eb8f-4baf-9eed-7a4cc889cb7c,44:DD:2C:C7:64:D0,,-77,1763087686660
54068,1763088288037.0,0adab909-eb8f-4baf-9eed-7a4cc889cb7c,75:63:F4:63:94:9B,,-65,1763088286657
54069,1763088289947.0,0adab909-eb8f-4baf-9eed-7a4cc889cb7c,61:E7:93:B5:97:1E,,-91,1763088286657
54070,1763088295423.0,0adab909-eb8f-4baf-9eed-7a4cc889cb7c,44:DD:2C:C7:64:D0,,-67,1763088286657
54071,1763089025435.0,0adab909-eb8f-4baf-9eed-7a4cc889cb7c,75:63:F4:63:94:9B,,-63,1763089024654
54072,1763089026686.0,0adab909-eb8f-4baf-9eed-7a4cc889cb7c,47:2B:6C:93:3F:98,,-68,1763089024654
54073,1763089325747.0,0adab909-eb8f-4baf-9eed-7a4cc889cb7c,7D:37:37:D4:C7:C1,,-65,1763089324525
54074,1763089331503.0,0adab909-eb8f-4baf-9eed-7a4cc889cb7c,47:2B:6C:93:3F:98,,-72,1763089324525
54075,1763089926084.0,0adab909-eb8f-4baf-9eed-7a4cc889cb7c,4D:60:1D:E8:40:AA,,-78,1763089925863
54076,1763089926712.0,0adab909-eb8f-4baf-9eed-7a4cc889cb7c,7D:37:37:D4:C7:C1,,-69,1763089925863
54077,1763090526700.0,0adab909-eb8f-4baf-9eed-7a4cc889cb7c,7D:37:37:D4:C7:C1,,-71,1763090525858
54078,1763090527105.0,0adab909-eb8f-4baf-9eed-7a4cc889cb7c,4D:60:1D:E8:40:AA,,-85,1763090525858
54079,1763090531613.0,0adab909-eb8f-4baf-9eed-7a4cc889cb7c,63:E3:FB:0A:97:F0,,-66,1763090525858
54080,1763091084706.0,0adab909-eb8f-4baf-9eed-7a4cc889cb7c,62:14:4A:DD:6D:AB,,-69,1763091084627
54081,1763091085678.0,0adab909-eb8f-4baf-9eed-7a4cc889cb7c,45:86:96:E2:9A:04,,-84,1763091084627
54082,1763091086986.0,0adab909-eb8f-4baf-9eed-7a4cc889cb7c,63:E3:FB:0A:97:F0,,-72,1763091084627
54083,1763091685022.0,0adab909-eb8f-4baf-9eed-7a4cc889cb7c,77:F6:E8:7E:85:4B,,-77,1763091684605
54084,1763091686003.0,0adab909-eb8f-4baf-9eed-7a4cc889cb7c,5C:21:EC:13:F9:1F,,-82,1763091684605
54085,1763091686305.0,0adab909-eb8f-4baf-9eed-7a4cc889cb7c,62:14:4A:DD:6D:AB,,-67,1763091684605
54086,1763092285034.0,0adab909-eb8f-4baf-9eed-7a4cc889cb7c,4F:3C:5C:86:01:94,,-81,1763092284624
54087,1763092285689.0,0adab909-eb8f-4baf-9eed-7a4cc889cb7c,62:14:4A:DD:6D:AB,,-77,1763092284624
54088,1763092286598.0,0adab909-eb8f-4baf-9eed-7a4cc889cb7c,77:F6:E8:7E:85:4B,,-67,1763092284624
54089,1763092884967.0,0adab909-eb8f-4baf-9eed-7a4cc889cb7c,7C:BB:6C:44:45:7D,,-73,1763092884964
54090,1763092894997.0,0adab909-eb8f-4baf-9eed-7a4cc889cb7c,6F:32:77:56:FD:E0,,-79,1763092884964
54091,1763093715983.0,0adab909-eb8f-4baf-9eed-7a4cc889cb7c,68:41:AB:1D:26:93,,-64,1763093715576
54092,1763093719849.0,0adab909-eb8f-4baf-9eed-7a4cc889cb7c,49:A3:88:3B:9A:20,,-72,1763093715576
54093,1763094317338.0,0adab909-eb8f-4baf-9eed-7a4cc889cb7c,68:41:AB:1D:26:93,,-66,1763094316573
54094,1763094325279.0,0adab909-eb8f-4baf-9eed-7a4cc889cb7c,49:A3:88:3B:9A:20,,-66,1763094316573
54095,1763095028623.0,0adab909-eb8f-4baf-9eed-7a4cc889cb7c,70:C6:3F:CE:0B:30,,-66,1763095028582
54096,1763095030302.0,0adab909-eb8f-4baf-9eed-7a4cc889cb7c,4B:D7:1B:B4:5F:59,,-62,1763095028582
54097,1763095328816.0,0adab909-eb8f-4baf-9eed-7a4cc889cb7c,4B:D7:1B:B4:5F:59,,-67,1763095328812
54098,1763095335430.0,0adab909-eb8f-4baf-9eed-7a4cc889cb7c,70:C6:3F:CE:0B:30,,-61,1763095328812
54099,1763095930393.0,0adab909-eb8f-4baf-9eed-7a4cc889cb7c,4B:D7:1B:B4:5F:59,,-62,1763095928899
54100,1763095931025.0,0adab909-eb8f-4baf-9eed-7a4cc889cb7c,70:C6:3F:CE:0B:30,,-72,1763095928899
54101,1763096529016.0,0adab909-eb8f-4baf-9eed-7a4cc889cb7c,44:A7:10:3D:10:22,,-66,1763096528807
54102,1763096538709.0,0adab909-eb8f-4baf-9eed-7a4cc889cb7c,6D:DD:F6:A9:13:FC,,-92,1763096528807
54103,1763096540531.0,0adab909-eb8f-4baf-9eed-7a4cc889cb7c,5D:39:BC:34:F1:72,,-71,1763096528807
54104,1763097360650.0,0adab909-eb8f-4baf-9eed-7a4cc889cb7c,41:3D:CA:1D:38:02,,-71,1763097359790
54105,1763097363251.0,0adab909-eb8f-4baf-9eed-7a4cc889cb7c,5D:80:2D:31:33:1E,,-75,1763097359790
54106,1763097959803.0,0adab909-eb8f-4baf-9eed-7a4cc889cb7c,41:3D:CA:1D:38:02,,-68,1763097959800
54107,1763097964755.0,0adab909-eb8f-4baf-9eed-7a4cc889cb7c,5D:80:2D:31:33:1E,,-75,1763097959800
54108,1763098561290.0,0adab909-eb8f-4baf-9eed-7a4cc889cb7c,41:3D:CA:1D:38:02,,-62,1763098560780
54109,1763098562985.0,0adab909-eb8f-4baf-9eed-7a4cc889cb7c,6A:F6:F3:CA:81:59,,-86,1763098560780
54110,1763098564791.0,0adab909-eb8f-4baf-9eed-7a4cc889cb7c,5D:15:83:20:7A:B6,,-74,1763098560780
54111,1763098957672.0,0adab909-eb8f-4baf-9eed-7a4cc889cb7c,41:3D:CA:1D:38:02,,-65,1763098957566
54112,1763098961847.0,0adab909-eb8f-4baf-9eed-7a4cc889cb7c,5A:86:DA:0D:1B:02,,-81,1763098957566
54113,1763098967874.0,0adab909-eb8f-4baf-9eed-7a4cc889cb7c,5D:15:83:20:7A:B6,,-81,1763098957566
54114,1763099558007.0,0adab909-eb8f-4baf-9eed-7a4cc889cb7c,70:B8:E8:C2:2D:00,,-74,1763099557596
54115,1763099558653.0,0adab909-eb8f-4baf-9eed-7a4cc889cb7c,6E:AE:49:26:A5:11,,-77,1763099557596
54116,1763099569539.0,0adab909-eb8f-4baf-9eed-7a4cc889cb7c,5D:15:83:20:7A:B6,,-65,1763099557596
54117,1763100157488.0,0adab909-eb8f-4baf-9eed-7a4cc889cb7c,4C:96:8A:ED:6A:01,SPEN NA,-62,1763100156390
54118,1763100158126.0,0adab909-eb8f-4baf-9eed-7a4cc889cb7c,70:B8:E8:C2:2D:00,,-76,1763100156390
54119,1763100158443.0,0adab909-eb8f-4baf-9eed-7a4cc889cb7c,4C:96:8A:ED:6A:01,SPEN NA,-61,1763100156390
54120,1763100158746.0,0adab909-eb8f-4baf-9eed-7a4cc889cb7c,4C:96:8A:ED:6A:01,SPEN NA,-57,1763100156390
54121,1763100159377.0,0adab909-eb8f-4baf-9eed-7a4cc889cb7c,4C:96:8A:ED:6A:01,SPEN NA,-60,1763100156390
54122,1763100159691.0,0adab909-eb8f-4baf-9eed-7a4cc889cb7c,6B:52:F9:08:7F:F3,,-88,1763100156390
54123,1763100159710.0,0adab909-eb8f-4baf-9eed-7a4cc889cb7c,4C:96:8A:ED:6A:01,SPEN NA,-57,1763100156390
54124,1763100160013.0,0adab909-eb8f-4baf-9eed-7a4cc889cb7c,4C:96:8A:ED:6A:01,SPEN NA,-60,1763100156390
54125,1763100160969.0,0adab909-eb8f-4baf-9eed-7a4cc889cb7c,4C:96:8A:ED:6A:01,SPEN NA,-65,1763100156390
54126,1763100161272.0,0adab909-eb8f-4baf-9eed-7a4cc889cb7c,4C:96:8A:ED:6A:01,SPEN NA,-60,1763100156390
54127,1763100161586.0,0adab909-eb8f-4baf-9eed-7a4cc889cb7c,4C:96:8A:ED:6A:01,SPEN NA,-61,1763100156390
54128,1763100161901.0,0adab909-eb8f-4baf-9eed-7a4cc889cb7c,4C:96:8A:ED:6A:01,SPEN NA,-65,1763100156390
54129,1763100162568.0,0adab909-eb8f-4baf-9eed-7a4cc889cb7c,6E:AE:49:26:A5:11,,-80,1763100156390
54130,1763100162952.0,0adab909-eb8f-4baf-9eed-7a4cc889cb7c,4C:96:8A:ED:6A:01,SPEN NA,-64,1763100156390
54131,1763100163258.0,0adab909-eb8f-4baf-9eed-7a4cc889cb7c,4C:96:8A:ED:6A:01,SPEN NA,-60,1763100156390
54132,1763100164517.0,0adab909-eb8f-4baf-9eed-7a4cc889cb7c,4C:96:8A:ED:6A:01,SPEN NA,-61,1763100156390
54133,1763100165479.0,0adab909-eb8f-4baf-9eed-7a4cc889cb7c,4C:96:8A:ED:6A:01,SPEN NA,-61,1763100156390
54134,1763100165775.0,0adab909-eb8f-4baf-9eed-7a4cc889cb7c,4C:96:8A:ED:6A:01,SPEN NA,-64,1763100156390
54135,1763100166409.0,0adab909-eb8f-4baf-9eed-7a4cc889cb7c,4C:96:8A:ED:6A:01,SPEN NA,-61,1763100156390
54136,1763100167050.0,0adab909-eb8f-4baf-9eed-7a4cc889cb7c,4C:96:8A:ED:6A:01,SPEN NA,-60,1763100156390
54137,1763100167374.0,0adab909-eb8f-4baf-9eed-7a4cc889cb7c,4C:96:8A:ED:6A:01,SPEN NA,-61,1763100156390
54138,1763100167689.0,0adab909-eb8f-4baf-9eed-7a4cc889cb7c,4C:96:8A:ED:6A:01,SPEN NA,-65,1763100156390
54139,1763100168001.0,0adab909-eb8f-4baf-9eed-7a4cc889cb7c,4C:96:8A:ED:6A:01,SPEN NA,-60,1763100156390
54140,1763100771862.0,0adab909-eb8f-4baf-9eed-7a4cc889cb7c,46:EA:8C:99:A0:58,,-82,1763100771146
54141,1763100773460.0,0adab909-eb8f-4baf-9eed-7a4cc889cb7c,41:6B:95:C5:F9:39,,-79,1763100771146
54142,1763100779303.0,0adab909-eb8f-4baf-9eed-7a4cc889cb7c,6B:52:F9:08:7F:F3,,-88,1763100771146
54143,1763101371897.0,0adab909-eb8f-4baf-9eed-7a4cc889cb7c,46:EA:8C:99:A0:58,,-74,1763101371151
54144,1763101373496.0,0adab909-eb8f-4baf-9eed-7a4cc889cb7c,70:E1:16:C6:F6:F5,,-92,1763101371151
54145,1763101375433.0,0adab909-eb8f-4baf-9eed-7a4cc889cb7c,71:40:24:6C:51:CB,,-76,1763101371151
54146,1763102061088.0,0adab909-eb8f-4baf-9eed-7a4cc889cb7c,6A:41:54:63:50:BD,,-78,1763102061076
54147,1763102074003.0,0adab909-eb8f-4baf-9eed-7a4cc889cb7c,6A:41:54:63:50:BD,,-69,1763102061076
54148,1763102075128.0,0adab909-eb8f-4baf-9eed-7a4cc889cb7c,84:C8:A0:8B:BD:3D,JBL BAR 800,-79,1763102061076
54149,1763102571395.0,0adab909-eb8f-4baf-9eed-7a4cc889cb7c,6A:41:54:63:50:BD,,-77,1763102571209
54150,1763103132444.0,0adab909-eb8f-4baf-9eed-7a4cc889cb7c,94:AC:3B:E8:9F:44,GL-F2,-100,1763103131518
54151,1763103134487.0,0adab909-eb8f-4baf-9eed-7a4cc889cb7c,00:73:42:0C:25:3A,FM38,-100,1763103131518
54152,1763103143507.0,0adab909-eb8f-4baf-9eed-7a4cc889cb7c,E1:12:5F:7E:45:2C,SmartSolar HQ22233C6AR,-93,1763103131518
54153,1763103733960.0,0adab909-eb8f-4baf-9eed-7a4cc889cb7c,4F:BA:6A:49:59:10,Jabra Evolve2 65,-73,1763103733517
54154,1763103734265.0,0adab909-eb8f-4baf-9eed-7a4cc889cb7c,71:37:FF:0F:28:53,,-79,1763103733517
54155,1763103734577.0,0adab909-eb8f-4baf-9eed-7a4cc889cb7c,84:25:3F:A3:1F:C2,mitte-home MH22340108,-83,1763103733517
54156,1763104447710.0,0adab909-eb8f-4baf-9eed-7a4cc889cb7c,84:25:3F:A3:1F:C2,mitte-home MH22340108,-80,1763104446831
54157,1763104447746.0,0adab909-eb8f-4baf-9eed-7a4cc889cb7c,57:B2:1E:EF:A6:0C,,-81,1763104446831
54158,1763104449452.0,0adab909-eb8f-4baf-9eed-7a4cc889cb7c,5E:32:D9:66:69:FB,Jabra Evolve2 65,-91,1763104446831
54159,1763104452679.0,0adab909-eb8f-4baf-9eed-7a4cc889cb7c,5A:31:56:DD:24:AB,Jabra Evolve2 65,-70,1763104446831
54160,1763104457832.0,0adab909-eb8f-4baf-9eed-7a4cc889cb7c,84:25:3F:A3:1F:C2,mitte-home MH22340108,-74,1763104446831
54161,1763104457847.0,0adab909-eb8f-4baf-9eed-7a4cc889cb7c,57:B2:1E:EF:A6:0C,,-80,1763104446831
54162,1763104457865.0,0adab909-eb8f-4baf-9eed-7a4cc889cb7c,25:AC:C9:78:A6:35,,-84,1763104446831
54163,1763104457960.0,0adab909-eb8f-4baf-9eed-7a4cc889cb7c,E8:B6:36:15:2B:5F,,-80,1763104446831
54164,1763104458038.0,0adab909-eb8f-4baf-9eed-7a4cc889cb7c,26:95:99:60:2C:F2,,-50,1763104446831
54165,1763104459949.0,0adab909-eb8f-4baf-9eed-7a4cc889cb7c,43:B8:D9:49:BB:63,,-85,1763104446831
54166,1763104972091.0,0adab909-eb8f-4baf-9eed-7a4cc889cb7c,41:0A:09:5A:CC:30,,-69,1763104971642
54167,1763104972342.0,0adab909-eb8f-4baf-9eed-7a4cc889cb7c,84:25:3F:A3:1F:C2,mitte-home MH22340108,-81,1763104971642
54168,1763104974278.0,0adab909-eb8f-4baf-9eed-7a4cc889cb7c,7A:09:C2:B6:FA:FC,Jabra Evolve2 65,-79,1763104971642
54169,1763104978771.0,0adab909-eb8f-4baf-9eed-7a4cc889cb7c,78:24:99:5C:F5:7E,,-73,1763104971642
54170,1763105503986.0,0adab909-eb8f-4baf-9eed-7a4cc889cb7c,6D:F2:64:6D:80:AB,,-81,1763105503536
54171,1763105504630.0,0adab909-eb8f-4baf-9eed-7a4cc889cb7c,41:0A:09:5A:CC:30,,-70,1763105503536
54172,1763105505243.0,0adab909-eb8f-4baf-9eed-7a4cc889cb7c,84:25:3F:A3:1F:C2,mitte-home MH22340108,-91,1763105503536
54173,1763105507139.0,0adab909-eb8f-4baf-9eed-7a4cc889cb7c,7A:09:C2:B6:FA:FC,Jabra Evolve2 65,-75,1763105503536
54174,1763105508137.0,0adab909-eb8f-4baf-9eed-7a4cc889cb7c,78:24:99:5C:F5:7E,,-77,1763105503536
54175,1763106248054.0,0adab909-eb8f-4baf-9eed-7a4cc889cb7c,6D:40:FD:A8:3A:79,Jabra Evolve2 65,-87,1763106248036
54176,1763106248405.0,0adab909-eb8f-4baf-9eed-7a4cc889cb7c,69:EC:0A:F3:14:EF,,-64,1763106248036
54177,1763106248781.0,0adab909-eb8f-4baf-9eed-7a4cc889cb7c,84:25:3F:A3:1F:C2,mitte-home MH22340108,-89,1763106248036
54178,1763106250003.0,0adab909-eb8f-4baf-9eed-7a4cc889cb7c,64:E8:15:0D:A9:A9,,-60,1763106248036
54179,1763106258991.0,0adab909-eb8f-4baf-9eed-7a4cc889cb7c,56:D9:44:36:FF:B8,,-89,1763106248036
54180,1763106850826.0,0adab909-eb8f-4baf-9eed-7a4cc889cb7c,4C:D8:0A:69:03:D7,,-75,1763106849075
54181,1763106850877.0,0adab909-eb8f-4baf-9eed-7a4cc889cb7c,55:99:86:24:AA:40,,-73,1763106849075
54182,1763106852054.0,0adab909-eb8f-4baf-9eed-7a4cc889cb7c,84:25:3F:A3:1F:C2,mitte-home MH22340108,-91,1763106849075
54183,1763106853351.0,0adab909-eb8f-4baf-9eed-7a4cc889cb7c,5E:41:AF:1D:1C:AA,Jabra Evolve2 65,-82,1763106849075
54184,1763106859742.0,0adab909-eb8f-4baf-9eed-7a4cc889cb7c,77:09:AE:BE:BF:C0,,-87,1763106849075
54185,1763107450041.0,0adab909-eb8f-4baf-9eed-7a4cc889cb7c,72:88:17:58:30:FC,,-88,1763107450038
54186,1763107450066.0,0adab909-eb8f-4baf-9eed-7a4cc889cb7c,4C:D8:0A:69:03:D7,,-57,1763107450038
54187,1763107450077.0,0adab909-eb8f-4baf-9eed-7a4cc889cb7c,84:25:3F:A3:1F:C2,mitte-home MH22340108,-79,1763107450038
54188,1763107450856.0,0adab909-eb8f-4baf-9eed-7a4cc889cb7c,56:D9:44:36:FF:B8,,-81,1763107450038
54189,1763107451914.0,0adab909-eb8f-4baf-9eed-7a4cc889cb7c,7F:A0:1F:78:99:D1,,-93,1763107450038
54190,1763107452803.0,0adab909-eb8f-4baf-9eed-7a4cc889cb7c,55:99:86:24:AA:40,,-60,1763107450038
54191,1763107452828.0,0adab909-eb8f-4baf-9eed-7a4cc889cb7c,5A:64:F7:3D:19:F6,Jabra Evolve2 5,-85,1763107450038
54192,1763107453100.0,0adab909-eb8f-4baf-9eed-7a4cc889cb7c,5E:41:AF:1D:1C:AA,Jabra Evolve2 65,-79,1763107450038
54193,1763108156864.0,0adab909-eb8f-4baf-9eed-7a4cc889cb7c,84:25:3F:A3:1F:C2,mitte-home MH22340108,-83,1763108156467
54194,1763108158165.0,0adab909-eb8f-4baf-9eed-7a4cc889cb7c,49:B2:29:DC:C7:A2,,-87,1763108156467
54195,1763108158190.0,0adab909-eb8f-4baf-9eed-7a4cc889cb7c,77:3A:27:6F:EB:3D,,-58,1763108156467
54196,1763108160043.0,0adab909-eb8f-4baf-9eed-7a4cc889cb7c,6A:EA:B6:1A:1F:E2,,-85,1763108156467
54197,1763108160060.0,0adab909-eb8f-4baf-9eed-7a4cc889cb7c,69:11:55:9E:49:EB,Jabra Evolve2 65,-79,1763108156467
54198,1763108161692.0,0adab909-eb8f-4baf-9eed-7a4cc889cb7c,7C:B0:26:B7:52:FB,,-54,1763108156467
54199,1763108168670.0,0adab909-eb8f-4baf-9eed-7a4cc889cb7c,7F:A0:1F:78:99:D1,,-90,1763108156467
54200,1763108515583.0,0adab909-eb8f-4baf-9eed-7a4cc889cb7c,84:25:3F:A3:1F:C2,mitte-home MH22340108,-76,1763108515479
54201,1763108517790.0,0adab909-eb8f-4baf-9eed-7a4cc889cb7c,6C:D2:6A:B4:F2:42,,-91,1763108515479
54202,1763108517808.0,0adab909-eb8f-4baf-9eed-7a4cc889cb7c,51:6F:F0:07:F1:B5,,-85,1763108515479
54203,1763108518464.0,0adab909-eb8f-4baf-9eed-7a4cc889cb7c,69:CF:36:5E:D7:10,,-89,1763108515479
54204,1763108518481.0,0adab909-eb8f-4baf-9eed-7a4cc889cb7c,44:11:34:15:89:B6,Jabra Evolve2 65,-88,1763108515479
54205,1763108519748.0,0adab909-eb8f-4baf-9eed-7a4cc889cb7c,7A:2B:E1:50:ED:1B,Jabra Evolve2 5,-90,1763108515479
54206,1763108519764.0,0adab909-eb8f-4baf-9eed-7a4cc889cb7c,77:3A:27:6F:EB:3D,,-52,1763108515479
54207,1763108519774.0,0adab909-eb8f-4baf-9eed-7a4cc889cb7c,4A:9B:37:17:CB:D1,,-91,1763108515479
54208,1763108521985.0,0adab909-eb8f-4baf-9eed-7a4cc889cb7c,62:76:D7:E4:D8:BD,Jabra Evolve2 65,-70,1763108515479
54209,1763108521999.0,0adab909-eb8f-4baf-9eed-7a4cc889cb7c,7C:B0:26:B7:52:FB,,-60,1763108515479
54210,1763108526201.0,0adab909-eb8f-4baf-9eed-7a4cc889cb7c,58:70:7F:16:56:3E,,-91,1763108515479
54211,1763109114303.0,0adab909-eb8f-4baf-9eed-7a4cc889cb7c,57:10:24:DC:C7:E0,,-78,1763109114279
54212,1763109114331.0,0adab909-eb8f-4baf-9eed-7a4cc889cb7c,84:25:3F:A3:1F:C2,mitte-home MH22340108,-62,1763109114279
54213,1763109114718.0,0adab909-eb8f-4baf-9eed-7a4cc889cb7c,76:FC:D7:87:07:2F,Jabra Evolve2 5,-82,1763109114279
54214,1763109115661.0,0adab909-eb8f-4baf-9eed-7a4cc889cb7c,2B:B6:2B:0F:9F:63,,-86,1763109114279
54215,1763109115939.0,0adab909-eb8f-4baf-9eed-7a4cc889cb7c,CA:43:3B:D4:A2:CC,,-87,1763109114279
54216,1763109117247.0,0adab909-eb8f-4baf-9eed-7a4cc889cb7c,07:2B:21:19:A0:09,,-95,1763109114279
54217,1763109117580.0,0adab909-eb8f-4baf-9eed-7a4cc889cb7c,61:16:48:7D:D8:FC,,-85,1763109114279
54218,1763109117875.0,0adab909-eb8f-4baf-9eed-7a4cc889cb7c,7B:6A:43:D1:12:4A,,-92,1763109114279
54219,1763109118855.0,0adab909-eb8f-4baf-9eed-7a4cc889cb7c,64:79:4A:CE:2E:88,,-95,1763109114279
54220,1763109127156.0,0adab909-eb8f-4baf-9eed-7a4cc889cb7c,35:4A:AB:AE:37:44,,-81,1763109114279
54221,1763109127183.0,0adab909-eb8f-4baf-9eed-7a4cc889cb7c,84:25:3F:A3:1F:C2,mitte-home MH22340108,-67,1763109114279
54222,1763109127205.0,0adab909-eb8f-4baf-9eed-7a4cc889cb7c,3B:A5:6E:98:53:2B,,-89,1763109114279
54223,1763109127245.0,0adab909-eb8f-4baf-9eed-7a4cc889cb7c,3F:57:F8:83:B1:05,,-85,1763109114279
54224,1763109127270.0,0adab909-eb8f-4baf-9eed-7a4cc889cb7c,25:72:A7:8E:DA:AA,,-86,1763109114279
54225,1763109127294.0,0adab909-eb8f-4baf-9eed-7a4cc889cb7c,3A:F5:44:02:FA:76,,-87,1763109114279
54226,1763109128146.0,0adab909-eb8f-4baf-9eed-7a4cc889cb7c,CA:43:3B:D4:A2:CC,,-87,1763109114279
54227,1763109128171.0,0adab909-eb8f-4baf-9eed-7a4cc889cb7c,3D:E3:8C:E2:56:78,,-91,1763109114279
54228,1763109128194.0,0adab909-eb8f-4baf-9eed-7a4cc889cb7c,5B:C4:3E:21:41:00,,-87,1763109114279
54229,1763109128216.0,0adab909-eb8f-4baf-9eed-7a4cc889cb7c,1C:D5:53:B4:A3:63,,-73,1763109114279
54230,1763109128258.0,0adab909-eb8f-4baf-9eed-7a4cc889cb7c,66:15:98:46:6F:51,,-82,1763109114279
54231,1763109128283.0,0adab909-eb8f-4baf-9eed-7a4cc889cb7c,E1:88:A4:FA:75:C3,,-86,1763109114279
54232,1763109128299.0,0adab909-eb8f-4baf-9eed-7a4cc889cb7c,01:88:0F:E2:EA:58,,-90,1763109114279
54233,1763109128321.0,0adab909-eb8f-4baf-9eed-7a4cc889cb7c,76:FC:D7:87:07:2F,Jabra Evolve2 5,-82,1763109114279
54234,1763109128341.0,0adab909-eb8f-4baf-9eed-7a4cc889cb7c,7B:6A:43:D1:12:4A,,-90,1763109114279
54235,1763109129141.0,0adab909-eb8f-4baf-9eed-7a4cc889cb7c,33:82:6F:32:BB:D7,,-86,1763109114279
54236,1763109129184.0,0adab909-eb8f-4baf-9eed-7a4cc889cb7c,0B:E1:BB:8D:0E:81,,-78,1763109114279
54237,1763109129326.0,0adab909-eb8f-4baf-9eed-7a4cc889cb7c,57:10:24:DC:C7:E0,,-85,1763109114279
54238,1763109129348.0,0adab909-eb8f-4baf-9eed-7a4cc889cb7c,CC:A2:E7:35:92:72,LE_WH-1000XM4,-91,1763109114279
54239,1763109782182.0,0adab909-eb8f-4baf-9eed-7a4cc889cb7c,57:10:24:DC:C7:E0,,-70,1763109781866
54240,1763109783715.0,0adab909-eb8f-4baf-9eed-7a4cc889cb7c,84:25:3F:A3:1F:C2,mitte-home MH22340108,-88,1763109781866
54241,1763109792686.0,0adab909-eb8f-4baf-9eed-7a4cc889cb7c,7A:CB:06:AC:28:E8,Jabra Evolve2 65,-92,1763109781866
54242,1763110293497.0,0adab909-eb8f-4baf-9eed-7a4cc889cb7c,76:C4:81:1A:CC:CB,,-69,1763110293481
54243,1763110293854.0,0adab909-eb8f-4baf-9eed-7a4cc889cb7c,84:25:3F:A3:1F:C2,mitte-home MH22340108,-82,1763110293481
54244,1763110293875.0,0adab909-eb8f-4baf-9eed-7a4cc889cb7c,69:CD:D6:75:C3:8D,,-79,1763110293481
54245,1763110298040.0,0adab909-eb8f-4baf-9eed-7a4cc889cb7c,6F:98:76:A4:9E:58,,-70,1763110293481
54246,1763110305423.0,0adab909-eb8f-4baf-9eed-7a4cc889cb7c,7C:B7:35:70:77:6C,,-88,1763110293481
54247,1763110912619.0,0adab909-eb8f-4baf-9eed-7a4cc889cb7c,6F:98:76:A4:9E:58,,127,1763110912242
54248,1763110912636.0,0adab909-eb8f-4baf-9eed-7a4cc889cb7c,84:25:3F:A3:1F:C2,mitte-home MH22340108,-87,1763110912242
54249,1763110912996.0,0adab909-eb8f-4baf-9eed-7a4cc889cb7c,76:C4:81:1A:CC:CB,,-75,1763110912242
54250,1763110913938.0,0adab909-eb8f-4baf-9eed-7a4cc889cb7c,66:69:40:A8:7A:4F,,-91,1763110912242
54251,1763110913955.0,0adab909-eb8f-4baf-9eed-7a4cc889cb7c,65:F4:45:8C:C4:0F,,-89,1763110912242
54252,1763110914267.0,0adab909-eb8f-4baf-9eed-7a4cc889cb7c,66:89:04:75:9E:51,,-86,1763110912242
54253,1763110918711.0,0adab909-eb8f-4baf-9eed-7a4cc889cb7c,68:02:1E:30:CF:81,Jabra Evolve2 65,-89,1763110912242
54254,1763111512657.0,0adab909-eb8f-4baf-9eed-7a4cc889cb7c,76:C4:81:1A:CC:CB,,-72,1763111512247
54255,1763111513611.0,0adab909-eb8f-4baf-9eed-7a4cc889cb7c,66:89:04:75:9E:51,,-80,1763111512247
54256,1763111514244.0,0adab909-eb8f-4baf-9eed-7a4cc889cb7c,84:25:3F:A3:1F:C2,mitte-home MH22340108,-85,1763111512247
54257,1763111516497.0,0adab909-eb8f-4baf-9eed-7a4cc889cb7c,49:11:70:83:C0:45,,-94,1763111512247
54258,1763111519758.0,0adab909-eb8f-4baf-9eed-7a4cc889cb7c,4F:BF:90:01:D6:4E,,-76,1763111512247
54259,1763111520359.0,0adab909-eb8f-4baf-9eed-7a4cc889cb7c,78:2D:F9:6B:DC:9A,,-71,1763111512247
54260,1763111523814.0,0adab909-eb8f-4baf-9eed-7a4cc889cb7c,5A:50:8E:6F:5E:CC,,-86,1763111512247
54261,1763112299920.0,0adab909-eb8f-4baf-9eed-7a4cc889cb7c,84:25:3F:A3:1F:C2,mitte-home MH22340108,-84,1763112299917
54262,1763112300952.0,0adab909-eb8f-4baf-9eed-7a4cc889cb7c,78:2D:F9:6B:DC:9A,,-76,1763112299917
54263,1763112301600.0,0adab909-eb8f-4baf-9eed-7a4cc889cb7c,4F:BF:90:01:D6:4E,,-76,1763112299917
54264,1763112304204.0,0adab909-eb8f-4baf-9eed-7a4cc889cb7c,7F:0D:7E:65:C6:6A,,-83,1763112299917
54265,1763112306078.0,0adab909-eb8f-4baf-9eed-7a4cc889cb7c,6D:92:95:20:47:BA,,-93,1763112299917
54266,1763112308918.0,0adab909-eb8f-4baf-9eed-7a4cc889cb7c,4E:48:CF:34:D4:F3,,-88,1763112299917
54267,1763112309892.0,0adab909-eb8f-4baf-9eed-7a4cc889cb7c,7A:55:F6:30:BA:D2,Jabra Evolve2 65,-78,1763112299917
54268,1763112900646.0,0adab909-eb8f-4baf-9eed-7a4cc889cb7c,7C:CC:A5:9A:5C:7D,,-90,1763112899929
54269,1763112901267.0,0adab909-eb8f-4baf-9eed-7a4cc889cb7c,4E:9E:D6:64:A3:49,,-71,1763112899929
54270,1763112901285.0,0adab909-eb8f-4baf-9eed-7a4cc889cb7c,84:25:3F:A3:1F:C2,mitte-home MH22340108,-82,1763112899929
54271,1763112901618.0,0adab909-eb8f-4baf-9eed-7a4cc889cb7c,68:40:AF:DC:3B:06,,-69,1763112899929
54272,1763112902898.0,0adab909-eb8f-4baf-9eed-7a4cc889cb7c,51:83:28:93:A2:58,Jabra Evolve2 65,-80,1763112899929
54273,1763112903217.0,0adab909-eb8f-4baf-9eed-7a4cc889cb7c,49:2A:1A:51:ED:BA,,-85,1763112899929
54274,1763112905126.0,0adab909-eb8f-4baf-9eed-7a4cc889cb7c,4E:48:CF:34:D4:F3,,-88,1763112899929
54275,1763112909590.0,0adab909-eb8f-4baf-9eed-7a4cc889cb7c,57:4F:92:21:BC:8B,,-90,1763112899929
54276,1763112910919.0,0adab909-eb8f-4baf-9eed-7a4cc889cb7c,6D:92:95:20:47:BA,,-89,1763112899929
54277,1763113500384.0,0adab909-eb8f-4baf-9eed-7a4cc889cb7c,4D:F1:74:78:6F:8C,,-78,1763113499938
54278,1763113501643.0,0adab909-eb8f-4baf-9eed-7a4cc889cb7c,84:25:3F:A3:1F:C2,mitte-home MH22340108,-91,1763113499938
54279,1763113501666.0,0adab909-eb8f-4baf-9eed-7a4cc889cb7c,68:40:AF:DC:3B:06,,-78,1763113499938
54280,1763113501680.0,0adab909-eb8f-4baf-9eed-7a4cc889cb7c,51:83:28:93:A2:58,Jabra Evolve2 65,-86,1763113499938
54281,1763113501693.0,0adab909-eb8f-4baf-9eed-7a4cc889cb7c,56:33:6A:0A:D8:13,Jabra Evolve2 65,-92,1763113499938
54282,1763113501707.0,0adab909-eb8f-4baf-9eed-7a4cc889cb7c,7C:22:FA:22:07:F8,,-88,1763113499938
54283,1763113503853.0,0adab909-eb8f-4baf-9eed-7a4cc889cb7c,4E:9E:D6:64:A3:49,,-87,1763113499938
54284,1763113504185.0,0adab909-eb8f-4baf-9eed-7a4cc889cb7c,52:6A:BC:16:3B:79,Jabra Evolve2 65,-88,1763113499938
54285,1763113505127.0,0adab909-eb8f-4baf-9eed-7a4cc889cb7c,61:A8:14:FF:7F:74,,-92,1763113499938
54286,1763113505812.0,0adab909-eb8f-4baf-9eed-7a4cc889cb7c,52:E0:41:3C:60:4D,Jabra Evolve2 5,-91,1763113499938
54287,1763113506148.0,0adab909-eb8f-4baf-9eed-7a4cc889cb7c,45:FB:B7:80:3E:08,,-83,1763113499938
54288,1763113509636.0,0adab909-eb8f-4baf-9eed-7a4cc889cb7c,73:F9:B2:B0:78:5B,,-90,1763113499938
54289,1763113510898.0,0adab909-eb8f-4baf-9eed-7a4cc889cb7c,6C:D3:D2:E4:BB:7A,,-92,1763113499938
54290,1763113925186.0,0adab909-eb8f-4baf-9eed-7a4cc889cb7c,84:25:3F:A3:1F:C2,mitte-home MH22340108,-76,1763113925055
54291,1763113925203.0,0adab909-eb8f-4baf-9eed-7a4cc889cb7c,7C:22:FA:22:07:F8,,-87,1763113925055
54292,1763113925217.0,0adab909-eb8f-4baf-9eed-7a4cc889cb7c,4C:9B:CC:2F:35:59,,-92,1763113925055
54293,1763113925229.0,0adab909-eb8f-4baf-9eed-7a4cc889cb7c,77:C4:0C:11:B8:A4,,-90,1763113925055
54294,1763113925580.0,0adab909-eb8f-4baf-9eed-7a4cc889cb7c,4B:7F:64:59:7C:2E,,-85,1763113925055
54295,1763113926536.0,0adab909-eb8f-4baf-9eed-7a4cc889cb7c,4E:9E:D6:64:A3:49,,-82,1763113925055
54296,1763113927130.0,0adab909-eb8f-4baf-9eed-7a4cc889cb7c,41:1C:BF:D5:6A:78,Jabra Evolve2 65,-83,1763113925055
54297,1763113927794.0,0adab909-eb8f-4baf-9eed-7a4cc889cb7c,4D:F1:74:78:6F:8C,,-85,1763113925055
54298,1763113928120.0,0adab909-eb8f-4baf-9eed-7a4cc889cb7c,7B:83:2F:25:10:64,,-91,1763113925055
54299,1763113929085.0,0adab909-eb8f-4baf-9eed-7a4cc889cb7c,7F:73:A8:C0:27:AF,Jabra Evolve2 65,-90,1763113925055
54300,1763113929721.0,0adab909-eb8f-4baf-9eed-7a4cc889cb7c,73:F9:B2:B0:78:5B,,-88,1763113925055
54301,1763113931670.0,0adab909-eb8f-4baf-9eed-7a4cc889cb7c,68:40:AF:DC:3B:06,,-69,1763113925055
54302,1763113931947.0,0adab909-eb8f-4baf-9eed-7a4cc889cb7c,51:31:D1:C3:EF:CC,,-90,1763113925055
54303,1763113931962.0,0adab909-eb8f-4baf-9eed-7a4cc889cb7c,45:FB:B7:80:3E:08,,-87,1763113925055
54304,1763113931976.0,0adab909-eb8f-4baf-9eed-7a4cc889cb7c,52:E0:41:3C:60:4D,Jabra Evolve2 5,-91,1763113925055
54305,1763113933287.0,0adab909-eb8f-4baf-9eed-7a4cc889cb7c,41:8E:17:D4:CB:FA,,-71,1763113925055
54306,1763113935192.0,0adab909-eb8f-4baf-9eed-7a4cc889cb7c,72:E8:5A:7F:6F:6C,,-75,1763113925055
54307,1763114525542.0,0adab909-eb8f-4baf-9eed-7a4cc889cb7c,55:A7:FB:36:59:48,,-80,1763114525023
54308,1763114526190.0,0adab909-eb8f-4baf-9eed-7a4cc889cb7c,84:25:3F:A3:1F:C2,mitte-home MH22340108,-84,1763114525023
54309,1763114526818.0,0adab909-eb8f-4baf-9eed-7a4cc889cb7c,4A:7A:17:13:35:02,,-81,1763114525023
54310,1763114527169.0,0adab909-eb8f-4baf-9eed-7a4cc889cb7c,55:21:88:C5:DD:CE,,-88,1763114525023
54311,1763114528767.0,0adab909-eb8f-4baf-9eed-7a4cc889cb7c,41:1C:BF:D5:6A:78,Jabra Evolve2 65,-81,1763114525023
54312,1763114529382.0,0adab909-eb8f-4baf-9eed-7a4cc889cb7c,68:AD:1E:C7:C5:C5,,-88,1763114525023
54313,1763114529399.0,0adab909-eb8f-4baf-9eed-7a4cc889cb7c,73:5D:EA:3C:44:9E,,-88,1763114525023
54314,1763114531658.0,0adab909-eb8f-4baf-9eed-7a4cc889cb7c,60:68:B6:5B:5F:88,,-84,1763114525023
54315,1763114532240.0,0adab909-eb8f-4baf-9eed-7a4cc889cb7c,47:C7:C7:63:CD:96,Jabra Evolve2 65,-92,1763114525023
54316,1763114532262.0,0adab909-eb8f-4baf-9eed-7a4cc889cb7c,5C:D8:D9:28:45:76,Jabra Evolve2 65,-91,1763114525023
54317,1763114533250.0,0adab909-eb8f-4baf-9eed-7a4cc889cb7c,70:EC:4D:ED:9C:F1,,-87,1763114525023
54318,1763115093508.0,0adab909-eb8f-4baf-9eed-7a4cc889cb7c,84:25:3F:A3:1F:C2,mitte-home MH22340108,-76,1763115093151
54319,1763115093856.0,0adab909-eb8f-4baf-9eed-7a4cc889cb7c,7F:49:B6:F5:F9:4D,,-83,1763115093151
54320,1763115093881.0,0adab909-eb8f-4baf-9eed-7a4cc889cb7c,4A:7A:17:13:35:02,,-77,1763115093151
54321,1763115095806.0,0adab909-eb8f-4baf-9eed-7a4cc889cb7c,60:68:B6:5B:5F:88,,-88,1763115093151
54322,1763115095823.0,0adab909-eb8f-4baf-9eed-7a4cc889cb7c,55:A7:FB:36:59:48,,-83,1763115093151
54323,1763115096084.0,0adab909-eb8f-4baf-9eed-7a4cc889cb7c,68:AD:1E:C7:C5:C5,,-92,1763115093151
54324,1763115096098.0,0adab909-eb8f-4baf-9eed-7a4cc889cb7c,65:7A:57:12:D1:28,,-91,1763115093151
54325,1763115096111.0,0adab909-eb8f-4baf-9eed-7a4cc889cb7c,73:5D:EA:3C:44:9E,,-92,1763115093151
54326,1763115099298.0,0adab909-eb8f-4baf-9eed-7a4cc889cb7c,50:BA:33:BF:97:E6,Jabra Evolve2 65,-80,1763115093151
54327,1763115101527.0,0adab909-eb8f-4baf-9eed-7a4cc889cb7c,70:EC:4D:ED:9C:F1,,-76,1763115093151
54328,1763115102856.0,0adab909-eb8f-4baf-9eed-7a4cc889cb7c,55:21:88:C5:DD:CE,,-90,1763115093151
54329,1763115696786.0,0adab909-eb8f-4baf-9eed-7a4cc889cb7c,84:25:3F:A3:1F:C2,mitte-home MH22340108,-81,1763115696414
54330,1763115697133.0,0adab909-eb8f-4baf-9eed-7a4cc889cb7c,5A:D9:DB:87:46:84,,-79,1763115696414
54331,1763115697774.0,0adab909-eb8f-4baf-9eed-7a4cc889cb7c,4C:D3:37:00:EC:EA,,-91,1763115696414
54332,1763115698100.0,0adab909-eb8f-4baf-9eed-7a4cc889cb7c,6A:99:60:54:3A:FC,,-94,1763115696414
54333,1763115698434.0,0adab909-eb8f-4baf-9eed-7a4cc889cb7c,5B:10:BA:49:F7:99,Jabra Evolve2 65,-85,1763115696414
54334,1763115698732.0,0adab909-eb8f-4baf-9eed-7a4cc889cb7c,58:07:0B:DA:AF:27,,-85,1763115696414
54335,1763115700656.0,0adab909-eb8f-4baf-9eed-7a4cc889cb7c,4B:B3:1C:7B:13:7A,,-94,1763115696414
54336,1763115700963.0,0adab909-eb8f-4baf-9eed-7a4cc889cb7c,7F:49:B6:F5:F9:4D,,-90,1763115696414
54337,1763115701582.0,0adab909-eb8f-4baf-9eed-7a4cc889cb7c,5D:17:2A:AC:DD:DE,,-82,1763115696414
54338,1763115703510.0,0adab909-eb8f-4baf-9eed-7a4cc889cb7c,52:D4:29:08:02:15,,-83,1763115696414
54339,1763116325016.0,0adab909-eb8f-4baf-9eed-7a4cc889cb7c,7E:C7:83:2A:36:2E,,-95,1763116324606
54340,1763116325036.0,0adab909-eb8f-4baf-9eed-7a4cc889cb7c,84:25:3F:A3:1F:C2,mitte-home MH22340108,-82,1763116324606
54341,1763116325317.0,0adab909-eb8f-4baf-9eed-7a4cc889cb7c,48:FE:3A:27:17:FD,,-87,1763116324606
54342,1763116325370.0,0adab909-eb8f-4baf-9eed-7a4cc889cb7c,54:74:D1:5A:CA:80,,-77,1763116324606
54343,1763116326295.0,0adab909-eb8f-4baf-9eed-7a4cc889cb7c,7C:8E:E1:BD:C2:43,Jabra Evolve2 5,-90,1763116324606
54344,1763116327228.0,0adab909-eb8f-4baf-9eed-7a4cc889cb7c,5D:17:2A:AC:DD:DE,,-86,1763116324606
54345,1763116327881.0,0adab909-eb8f-4baf-9eed-7a4cc889cb7c,5B:10:BA:49:F7:99,Jabra Evolve2 65,-82,1763116324606
54346,1763116328520.0,0adab909-eb8f-4baf-9eed-7a4cc889cb7c,4C:D3:37:00:EC:EA,,-91,1763116324606
54347,1763116330472.0,0adab909-eb8f-4baf-9eed-7a4cc889cb7c,58:07:0B:DA:AF:27,,-85,1763116324606
54348,1763116330788.0,0adab909-eb8f-4baf-9eed-7a4cc889cb7c,76:5C:EC:1A:FE:AB,Jabra Evolve2 65,-90,1763116324606
54349,1763116331470.0,0adab909-eb8f-4baf-9eed-7a4cc889cb7c,7D:A6:E6:6E:3F:C1,,-89,1763116324606
54350,1763116924629.0,0adab909-eb8f-4baf-9eed-7a4cc889cb7c,54:74:D1:5A:CA:80,,-67,1763116924601
54351,1763116924689.0,0adab909-eb8f-4baf-9eed-7a4cc889cb7c,7C:8E:E1:BD:C2:43,Jabra Evolve2 5,-90,1763116924601
54352,1763116924704.0,0adab909-eb8f-4baf-9eed-7a4cc889cb7c,7D:A6:E6:6E:3F:C1,,-83,1763116924601
54353,1763116924756.0,0adab909-eb8f-4baf-9eed-7a4cc889cb7c,84:25:3F:A3:1F:C2,mitte-home MH22340108,-81,1763116924601
54354,1763116925028.0,0adab909-eb8f-4baf-9eed-7a4cc889cb7c,66:8E:7C:A3:95:3D,,-78,1763116924601
54355,1763116925613.0,0adab909-eb8f-4baf-9eed-7a4cc889cb7c,4C:D9:1B:93:00:04,,-90,1763116924601
54356,1763116925985.0,0adab909-eb8f-4baf-9eed-7a4cc889cb7c,48:FE:3A:27:17:FD,,-85,1763116924601
54357,1763116926956.0,0adab909-eb8f-4baf-9eed-7a4cc889cb7c,65:F7:4B:B0:EF:9D,,-70,1763116924601
54358,1763116927897.0,0adab909-eb8f-4baf-9eed-7a4cc889cb7c,52:2C:E4:6C:48:B9,,-94,1763116924601
54359,1763116929815.0,0adab909-eb8f-4baf-9eed-7a4cc889cb7c,57:FA:E9:56:84:AE,,-94,1763116924601
54360,1763116930461.0,0adab909-eb8f-4baf-9eed-7a4cc889cb7c,76:5C:EC:1A:FE:AB,Jabra Evolve2 65,-88,1763116924601
54361,1763116932050.0,0adab909-eb8f-4baf-9eed-7a4cc889cb7c,56:E9:44:DC:5D:3C,Jabra Evolve2 65,-73,1763116924601
54362,1763116932673.0,0adab909-eb8f-4baf-9eed-7a4cc889cb7c,4F:21:B6:99:95:03,,-93,1763116924601
54363,1763116935937.0,0adab909-eb8f-4baf-9eed-7a4cc889cb7c,69:0F:75:74:38:DC,,-90,1763116924601
54364,1763117642851.0,0adab909-eb8f-4baf-9eed-7a4cc889cb7c,84:25:3F:A3:1F:C2,mitte-home MH22340108,-92,1763117642412
54365,1763117643778.0,0adab909-eb8f-4baf-9eed-7a4cc889cb7c,4C:D4:73:AF:94:F2,,-87,1763117642412
54366,1763117644133.0,0adab909-eb8f-4baf-9eed-7a4cc889cb7c,76:77:8F:E8:88:16,,-72,1763117642412
54367,1763117645351.0,0adab909-eb8f-4baf-9eed-7a4cc889cb7c,48:0A:DC:E9:EE:B9,,-92,1763117642412
54368,1763117645711.0,0adab909-eb8f-4baf-9eed-7a4cc889cb7c,42:63:AC:54:61:06,,-89,1763117642412
54369,1763117646343.0,0adab909-eb8f-4baf-9eed-7a4cc889cb7c,44:FE:3B:11:5C:F4,,-85,1763117642412
54370,1763117647308.0,0adab909-eb8f-4baf-9eed-7a4cc889cb7c,63:43:52:C0:E5:3C,Jabra Evolve2 65,-78,1763117642412
54371,1763117647608.0,0adab909-eb8f-4baf-9eed-7a4cc889cb7c,54:61:F9:DB:29:1A,,-91,1763117642412
54372,1763117648909.0,0adab909-eb8f-4baf-9eed-7a4cc889cb7c,49:FE:0C:88:A3:48,,-91,1763117642412
54373,1763117649549.0,0adab909-eb8f-4baf-9eed-7a4cc889cb7c,46:75:D6:7D:AB:46,,-90,1763117642412
54374,1763117651111.0,0adab909-eb8f-4baf-9eed-7a4cc889cb7c,4E:58:E2:B3:94:C5,,-66,1763117642412
54375,1763117654949.0,0adab909-eb8f-4baf-9eed-7a4cc889cb7c,6E:A1:1F:30:6F:35,,-90,1763117642412
54376,1763118256121.0,0adab909-eb8f-4baf-9eed-7a4cc889cb7c,63:43:52:C0:E5:3C,Jabra Evolve2 65,-79,1763118254399
54377,1763118256426.0,0adab909-eb8f-4baf-9eed-7a4cc889cb7c,6A:25:EC:62:DC:B6,,-81,1763118254399
54378,1763118256446.0,0adab909-eb8f-4baf-9eed-7a4cc889cb7c,48:0A:DC:E9:EE:B9,,-81,1763118254399
54379,1763118257076.0,0adab909-eb8f-4baf-9eed-7a4cc889cb7c,84:25:3F:A3:1F:C2,mitte-home MH22340108,-91,1763118254399
54380,1763118258953.0,0adab909-eb8f-4baf-9eed-7a4cc889cb7c,44:FE:3B:11:5C:F4,,-92,1763118254399
54381,1763118260849.0,0adab909-eb8f-4baf-9eed-7a4cc889cb7c,7C:8E:7C:E1:66:8C,,-90,1763118254399
54382,1763118260865.0,0adab909-eb8f-4baf-9eed-7a4cc889cb7c,57:F4:47:C0:EA:59,,-89,1763118254399
54383,1763118261509.0,0adab909-eb8f-4baf-9eed-7a4cc889cb7c,41:B1:35:41:43:94,,-84,1763118254399
54384,1763118262180.0,0adab909-eb8f-4baf-9eed-7a4cc889cb7c,43:41:41:7F:95:2D,Jabra Evolve2 65,-88,1763118254399
54385,1763118262201.0,0adab909-eb8f-4baf-9eed-7a4cc889cb7c,46:75:D6:7D:AB:46,,-85,1763118254399
54386,1763118262483.0,0adab909-eb8f-4baf-9eed-7a4cc889cb7c,73:AD:6E:F2:3C:ED,Jabra Evolve2 5,-91,1763118254399
54387,1763118262499.0,0adab909-eb8f-4baf-9eed-7a4cc889cb7c,71:C9:F8:40:23:78,,-92,1763118254399
54388,1763118263181.0,0adab909-eb8f-4baf-9eed-7a4cc889cb7c,4C:D4:73:AF:94:F2,,-88,1763118254399
54389,1763118263769.0,0adab909-eb8f-4baf-9eed-7a4cc889cb7c,5A:C5:64:AE:8B:0B,,-86,1763118254399
54390,1763118264403.0,0adab909-eb8f-4baf-9eed-7a4cc889cb7c,7D:A4:E4:8B:6B:5E,,-81,1763118254399
54391,1763118264426.0,0adab909-eb8f-4baf-9eed-7a4cc889cb7c,46:E3:BE:98:C4:9B,,-84,1763118254399
54392,1763118265031.0,0adab909-eb8f-4baf-9eed-7a4cc889cb7c,CA:43:3B:D4:A2:CC,,-91,1763118254399
54393,1763118265409.0,0adab909-eb8f-4baf-9eed-7a4cc889cb7c,54:51:EE:3E:3B:B2,,-90,1763118254399
54394,1763118266032.0,0adab909-eb8f-4baf-9eed-7a4cc889cb7c,4A:8C:2A:4B:2D:EE,,-81,1763118254399
54395,1763118266933.0,0adab909-eb8f-4baf-9eed-7a4cc889cb7c,44:4E:A2:43:13:5F,,-84,1763118254399
54396,1763118683270.0,0adab909-eb8f-4baf-9eed-7a4cc889cb7c,55:55:48:D7:02:D7,,-79,1763118683248
54397,1763118685614.0,0adab909-eb8f-4baf-9eed-7a4cc889cb7c,1C:54:9E:89:7F:7F,Herr schonscheck,-93,1763118683248
54398,1763118685852.0,0adab909-eb8f-4baf-9eed-7a4cc889cb7c,4A:41:80:07:60:9F,Jabra Evolve2 65,-66,1763118683248
54399,1763118686915.0,0adab909-eb8f-4baf-9eed-7a4cc889cb7c,56:71:94:35:EA:59,,-94,1763118683248
54400,1763118691960.0,0adab909-eb8f-4baf-9eed-7a4cc889cb7c,41:C4:47:4A:7A:70,,-84,1763118683248
54401,1763119335098.0,0adab909-eb8f-4baf-9eed-7a4cc889cb7c,6B:67:EB:F0:6D:BD,,-88,1763119335028
54402,1763119336131.0,0adab909-eb8f-4baf-9eed-7a4cc889cb7c,49:45:C6:4B:A5:1A,,-92,1763119335028
54403,1763119336410.0,0adab909-eb8f-4baf-9eed-7a4cc889cb7c,57:49:24:D0:AE:BB,,-59,1763119335028
54404,1763119336444.0,0adab909-eb8f-4baf-9eed-7a4cc889cb7c,84:25:3F:A3:1F:C2,mitte-home MH22340108,-88,1763119335028
54405,1763119336472.0,0adab909-eb8f-4baf-9eed-7a4cc889cb7c,5A:A1:86:D4:25:1B,,-58,1763119335028
54406,1763119336764.0,0adab909-eb8f-4baf-9eed-7a4cc889cb7c,43:22:69:FC:AB:3C,,-75,1763119335028
54407,1763119341531.0,0adab909-eb8f-4baf-9eed-7a4cc889cb7c,79:61:D1:00:DC:B9,Jabra Evolve2 65,-74,1763119335028
54408,1763119876273.0,0adab909-eb8f-4baf-9eed-7a4cc889cb7c,5A:A1:86:D4:25:1B,,-55,1763119875807
54409,1763119876841.0,0adab909-eb8f-4baf-9eed-7a4cc889cb7c,57:49:24:D0:AE:BB,,-59,1763119875807
54410,1763119877181.0,0adab909-eb8f-4baf-9eed-7a4cc889cb7c,45:19:D1:89:BA:CA,,-70,1763119875807
54411,1763119878100.0,0adab909-eb8f-4baf-9eed-7a4cc889cb7c,84:25:3F:A3:1F:C2,mitte-home MH22340108,-90,1763119875807
54412,1763119880656.0,0adab909-eb8f-4baf-9eed-7a4cc889cb7c,43:22:69:FC:AB:3C,,-77,1763119875807
54413,1763119881337.0,0adab909-eb8f-4baf-9eed-7a4cc889cb7c,7A:2B:5B:00:E0:4B,,-90,1763119875807
54414,1763119882606.0,0adab909-eb8f-4baf-9eed-7a4cc889cb7c,49:45:C6:4B:A5:1A,,-88,1763119875807
54415,1763119882643.0,0adab909-eb8f-4baf-9eed-7a4cc889cb7c,5B:6A:16:EA:DF:37,Jabra Evolve2 65,-91,1763119875807
54416,1763119886799.0,0adab909-eb8f-4baf-9eed-7a4cc889cb7c,1C:54:9E:89:7F:7F,Herr schonscheck,-93,1763119875807
54417,1763119887933.0,0adab909-eb8f-4baf-9eed-7a4cc889cb7c,6C:31:43:30:D5:0F,,-87,1763119875807
54418,1763119888897.0,0adab909-eb8f-4baf-9eed-7a4cc889cb7c,2B:21:5C:8A:79:05,,-65,1763119875807
54419,1763119888937.0,0adab909-eb8f-4baf-9eed-7a4cc889cb7c,79:61:D1:00:DC:B9,Jabra Evolve2 65,-66,1763119875807
54420,1763119888959.0,0adab909-eb8f-4baf-9eed-7a4cc889cb7c,1E:6E:6C:1A:3B:C8,,-82,1763119875807
54421,1763119888977.0,0adab909-eb8f-4baf-9eed-7a4cc889cb7c,03:7C:94:7B:FC:54,,-88,1763119875807
54422,1763119888995.0,0adab909-eb8f-4baf-9eed-7a4cc889cb7c,84:25:3F:A3:1F:C2,mitte-home MH22340108,-77,1763119875807
54423,1763119889018.0,0adab909-eb8f-4baf-9eed-7a4cc889cb7c,1E:82:B8:9C:03:70,,-54,1763119875807
54424,1763119889042.0,0adab909-eb8f-4baf-9eed-7a4cc889cb7c,16:5B:27:04:60:D8,,-76,1763119875807
54425,1763119889064.0,0adab909-eb8f-4baf-9eed-7a4cc889cb7c,45:19:D1:89:BA:CA,,-71,1763119875807
54426,1763119889081.0,0adab909-eb8f-4baf-9eed-7a4cc889cb7c,57:49:24:D0:AE:BB,,-47,1763119875807
54427,1763120629445.0,0adab909-eb8f-4baf-9eed-7a4cc889cb7c,64:31:D4:8A:3C:CF,,-54,1763120629434
54428,1763120629487.0,0adab909-eb8f-4baf-9eed-7a4cc889cb7c,49:45:C6:4B:A5:1A,,-90,1763120629434
54429,1763120629530.0,0adab909-eb8f-4baf-9eed-7a4cc889cb7c,84:25:3F:A3:1F:C2,mitte-home MH22340108,-93,1763120629434
54430,1763120629847.0,0adab909-eb8f-4baf-9eed-7a4cc889cb7c,4C:80:23:45:D1:DD,,127,1763120629434
54431,1763120630524.0,0adab909-eb8f-4baf-9eed-7a4cc889cb7c,7C:62:32:CA:6F:8E,,-81,1763120629434
54432,1763120631755.0,0adab909-eb8f-4baf-9eed-7a4cc889cb7c,7D:8F:C2:D3:C9:E3,,-91,1763120629434
54433,1763120631774.0,0adab909-eb8f-4baf-9eed-7a4cc889cb7c,68:F0:36:1B:68:42,,-76,1763120629434
54434,1763120632721.0,0adab909-eb8f-4baf-9eed-7a4cc889cb7c,42:B6:2C:14:46:1C,Jabra Evolve2 65,-62,1763120629434
54435,1763120633312.0,0adab909-eb8f-4baf-9eed-7a4cc889cb7c,57:C2:3F:FF:05:84,,-89,1763120629434
54436,1763120635617.0,0adab909-eb8f-4baf-9eed-7a4cc889cb7c,6A:8D:C3:7C:FB:C0,,-92,1763120629434
54437,1763120636213.0,0adab909-eb8f-4baf-9eed-7a4cc889cb7c,D9:29:B5:2D:B1:AD,FMT100_6123085_LE,-93,1763120629434
54438,1763120636905.0,0adab909-eb8f-4baf-9eed-7a4cc889cb7c,62:94:21:8A:C0:40,,-53,1763120629434
54439,1763120697854.0,0adab909-eb8f-4baf-9eed-7a4cc889cb7c,2B:5D:A8:8B:B6:BD,,-68,1763120629434
54440,1763120697884.0,0adab909-eb8f-4baf-9eed-7a4cc889cb7c,7C:62:32:CA:6F:8E,,-74,1763120629434
54441,1763120697916.0,0adab909-eb8f-4baf-9eed-7a4cc889cb7c,64:31:D4:8A:3C:CF,,-51,1763120629434
54442,1763120697963.0,0adab909-eb8f-4baf-9eed-7a4cc889cb7c,18:69:E9:7F:1A:5F,,-77,1763120629434
54443,1763120698003.0,0adab909-eb8f-4baf-9eed-7a4cc889cb7c,07:B5:08:FC:6E:3E,,-75,1763120629434
54444,1763120698149.0,0adab909-eb8f-4baf-9eed-7a4cc889cb7c,0D:D8:C7:22:52:1F,,-82,1763120629434
54445,1763120698178.0,0adab909-eb8f-4baf-9eed-7a4cc889cb7c,4C:80:23:45:D1:DD,,127,1763120629434
54446,1763120698233.0,0adab909-eb8f-4baf-9eed-7a4cc889cb7c,03:7C:94:7B:FC:54,,-87,1763120629434
54447,1763120698891.0,0adab909-eb8f-4baf-9eed-7a4cc889cb7c,84:25:3F:A3:1F:C2,mitte-home MH22340108,-86,1763120629434
54448,1763120698986.0,0adab909-eb8f-4baf-9eed-7a4cc889cb7c,71:FC:60:DF:79:EA,,-95,1763120629434
54449,1763120699009.0,0adab909-eb8f-4baf-9eed-7a4cc889cb7c,74:09:2E:33:CD:A2,Jabra Evolve2 5,-92,1763120629434
54450,1763120699025.0,0adab909-eb8f-4baf-9eed-7a4cc889cb7c,5C:E2:F7:69:76:64,,-88,1763120629434
54451,1763120699053.0,0adab909-eb8f-4baf-9eed-7a4cc889cb7c,4A:30:7A:A3:35:9E,,-95,1763120629434
54452,1763120699071.0,0adab909-eb8f-4baf-9eed-7a4cc889cb7c,7F:6D:D0:83:F1:14,,-95,1763120629434
54453,1763120699093.0,0adab909-eb8f-4baf-9eed-7a4cc889cb7c,62:94:21:8A:C0:40,,-59,1763120629434
54454,1763120699114.0,0adab909-eb8f-4baf-9eed-7a4cc889cb7c,FA:DA:F0:9F:43:47,,-58,1763120629434
54455,1763120699130.0,0adab909-eb8f-4baf-9eed-7a4cc889cb7c,38:49:A0:AB:27:79,,-89,1763120629434
54456,1763120699142.0,0adab909-eb8f-4baf-9eed-7a4cc889cb7c,6A:8D:C3:7C:FB:C0,,-87,1763120629434
54457,1763121205059.0,0adab909-eb8f-4baf-9eed-7a4cc889cb7c,84:25:3F:A3:1F:C2,mitte-home MH22340108,-85,1763121204636
54458,1763121205078.0,0adab909-eb8f-4baf-9eed-7a4cc889cb7c,7A:15:9A:F0:B0:11,,-92,1763121204636
54459,1763121205089.0,0adab909-eb8f-4baf-9eed-7a4cc889cb7c,47:E7:70:A2:AF:E4,,-89,1763121204636
54460,1763121205366.0,0adab909-eb8f-4baf-9eed-7a4cc889cb7c,64:31:D4:8A:3C:CF,,-80,1763121204636
54461,1763121206015.0,0adab909-eb8f-4baf-9eed-7a4cc889cb7c,7C:62:32:CA:6F:8E,,-79,1763121204636
54462,1763121206311.0,0adab909-eb8f-4baf-9eed-7a4cc889cb7c,53:96:9C:5F:20:A3,,-94,1763121204636
54463,1763121206991.0,0adab909-eb8f-4baf-9eed-7a4cc889cb7c,5F:46:8F:9E:F4:87,,-89,1763121204636
54464,1763121207662.0,0adab909-eb8f-4baf-9eed-7a4cc889cb7c,6E:D8:B0:98:10:5D,,-91,1763121204636
54465,1763121207905.0,0adab909-eb8f-4baf-9eed-7a4cc889cb7c,73:88:7E:8E:10:4B,,-92,1763121204636
54466,1763121208567.0,0adab909-eb8f-4baf-9eed-7a4cc889cb7c,67:AC:4D:5F:51:C3,,-91,1763121204636
54467,1763121212739.0,0adab909-eb8f-4baf-9eed-7a4cc889cb7c,57:A0:FE:8D:1D:F5,Jabra Evolve2 65,-91,1763121204636
54468,1763121213373.0,0adab909-eb8f-4baf-9eed-7a4cc889cb7c,6C:07:21:F7:8A:70,Jabra Evolve2 65,-71,1763121204636
54469,1763121213728.0,0adab909-eb8f-4baf-9eed-7a4cc889cb7c,62:94:21:8A:C0:40,,-84,1763121204636
54470,1763121214295.0,0adab909-eb8f-4baf-9eed-7a4cc889cb7c,4C:79:7F:7A:F9:CD,,-92,1763121204636
54471,1763121687405.0,0adab909-eb8f-4baf-9eed-7a4cc889cb7c,50:C4:A7:2F:B1:16,,-86,1763121687390
54472,1763121687430.0,0adab909-eb8f-4baf-9eed-7a4cc889cb7c,84:25:3F:A3:1F:C2,mitte-home MH22340108,-84,1763121687390
54473,1763121687799.0,0adab909-eb8f-4baf-9eed-7a4cc889cb7c,67:AC:4D:5F:51:C3,,-92,1763121687390
54474,1763121688410.0,0adab909-eb8f-4baf-9eed-7a4cc889cb7c,64:31:D4:8A:3C:CF,,-71,1763121687390
54475,1763121688729.0,0adab909-eb8f-4baf-9eed-7a4cc889cb7c,43:6C:02:BC:4B:4C,,-77,1763121687390
54476,1763121689369.0,0adab909-eb8f-4baf-9eed-7a4cc889cb7c,7D:8F:C2:D3:C9:E3,,-89,1763121687390
54477,1763121689998.0,0adab909-eb8f-4baf-9eed-7a4cc889cb7c,4C:79:7F:7A:F9:CD,,-93,1763121687390
54478,1763121690361.0,0adab909-eb8f-4baf-9eed-7a4cc889cb7c,6E:D8:B0:98:10:5D,,-94,1763121687390
54479,1763121690664.0,0adab909-eb8f-4baf-9eed-7a4cc889cb7c,47:E7:70:A2:AF:E4,,-88,1763121687390
54480,1763121691006.0,0adab909-eb8f-4baf-9eed-7a4cc889cb7c,6C:07:21:F7:8A:70,Jabra Evolve2 65,-80,1763121687390
54481,1763121691610.0,0adab909-eb8f-4baf-9eed-7a4cc889cb7c,5F:FF:89:D5:8A:5A,,-89,1763121687390
54482,1763121693586.0,0adab909-eb8f-4baf-9eed-7a4cc889cb7c,62:94:21:8A:C0:40,,-72,1763121687390
54483,1763121693817.0,0adab909-eb8f-4baf-9eed-7a4cc889cb7c,67:8E:B4:D6:AA:78,Jabra Evolve2 65,-88,1763121687390
54484,1763122568523.0,0adab909-eb8f-4baf-9eed-7a4cc889cb7c,74:D4:59:09:6C:A7,,-80,1763122568373
54485,1763122569708.0,0adab909-eb8f-4baf-9eed-7a4cc889cb7c,5F:FF:89:D5:8A:5A,,-95,1763122568373
54486,1763122570391.0,0adab909-eb8f-4baf-9eed-7a4cc889cb7c,73:F1:89:31:1B:D1,,-84,1763122568373
54487,1763122570674.0,0adab909-eb8f-4baf-9eed-7a4cc889cb7c,84:25:3F:A3:1F:C2,mitte-home MH22340108,-93,1763122568373
54488,1763122571646.0,0adab909-eb8f-4baf-9eed-7a4cc889cb7c,41:6C:68:86:76:DB,,-84,1763122568373
54489,1763122572604.0,0adab909-eb8f-4baf-9eed-7a4cc889cb7c,70:B7:F0:EC:8A:B7,Jabra Evolve2 65,-81,1763122568373
54490,1763122572933.0,0adab909-eb8f-4baf-9eed-7a4cc889cb7c,72:13:FC:7F:D5:7D,,-70,1763122568373
54491,1763122573587.0,0adab909-eb8f-4baf-9eed-7a4cc889cb7c,2D:72:29:90:A5:BB,,-89,1763122568373
54492,1763122576208.0,0adab909-eb8f-4baf-9eed-7a4cc889cb7c,58:9B:D1:8C:9B:BB,,-95,1763122568373
54493,1763122577438.0,0adab909-eb8f-4baf-9eed-7a4cc889cb7c,53:96:9C:5F:20:A3,,-91,1763122568373
54494,1763123102422.0,0adab909-eb8f-4baf-9eed-7a4cc889cb7c,73:F1:89:31:1B:D1,,-82,1763123102403
54495,1763123102462.0,0adab909-eb8f-4baf-9eed-7a4cc889cb7c,74:D4:59:09:6C:A7,,-70,1763123102403
54496,1763123102797.0,0adab909-eb8f-4baf-9eed-7a4cc889cb7c,4E:17:E1:5E:DA:37,,-88,1763123102403
54497,1763123102816.0,0adab909-eb8f-4baf-9eed-7a4cc889cb7c,7D:71:F2:BA:EE:B8,,-83,1763123102403
54498,1763123102838.0,0adab909-eb8f-4baf-9eed-7a4cc889cb7c,73:25:21:B0:06:67,Jabra Evolve2 65,-76,1763123102403
54499,1763123102861.0,0adab909-eb8f-4baf-9eed-7a4cc889cb7c,6C:D5:C1:42:1D:1D,,-81,1763123102403
54500,1763123103108.0,0adab909-eb8f-4baf-9eed-7a4cc889cb7c,84:25:3F:A3:1F:C2,mitte-home MH22340108,-79,1763123102403
54501,1763123103750.0,0adab909-eb8f-4baf-9eed-7a4cc889cb7c,2C:5F:B7:5F:87:75,,-88,1763123102403
54502,1763123103764.0,0adab909-eb8f-4baf-9eed-7a4cc889cb7c,04:30:15:40:F2:E4,,-84,1763123102403
54503,1763123103786.0,0adab909-eb8f-4baf-9eed-7a4cc889cb7c,1C:54:9E:89:7F:7F,Herr schonscheck,-91,1763123102403
54504,1763123104131.0,0adab909-eb8f-4baf-9eed-7a4cc889cb7c,6C:A0:D7:5F:2B:B0,,-84,1763123102403
54505,1763123104392.0,0adab909-eb8f-4baf-9eed-7a4cc889cb7c,37:94:D0:FC:BB:DB,,-92,1763123102403
54506,1763123104408.0,0adab909-eb8f-4baf-9eed-7a4cc889cb7c,68:2B:09:77:3F:8E,,-92,1763123102403
54507,1763123108598.0,0adab909-eb8f-4baf-9eed-7a4cc889cb7c,6B:C1:5B:24:B1:8E,,-94,1763123102403
54508,1763123110175.0,0adab909-eb8f-4baf-9eed-7a4cc889cb7c,72:13:FC:7F:D5:7D,,-74,1763123102403
54509,1763123111467.0,0adab909-eb8f-4baf-9eed-7a4cc889cb7c,55:23:98:A4:EE:7B,Jabra Evolve2 65,-88,1763123102403
54510,1763123113041.0,0adab909-eb8f-4baf-9eed-7a4cc889cb7c,41:6C:68:86:76:DB,,-80,1763123102403
54511,1763123702727.0,0adab909-eb8f-4baf-9eed-7a4cc889cb7c,84:25:3F:A3:1F:C2,mitte-home MH22340108,-80,1763123702724
54512,1763123702810.0,0adab909-eb8f-4baf-9eed-7a4cc889cb7c,54:B0:39:4B:56:D4,,-72,1763123702724
54513,1763123703392.0,0adab909-eb8f-4baf-9eed-7a4cc889cb7c,73:F1:89:31:1B:D1,,-86,1763123702724
54514,1763123705080.0,0adab909-eb8f-4baf-9eed-7a4cc889cb7c,60:68:AF:39:4E:D5,,-67,1763123702724
54515,1763123705096.0,0adab909-eb8f-4baf-9eed-7a4cc889cb7c,41:6C:68:86:76:DB,,-91,1763123702724
54516,1763123705706.0,0adab909-eb8f-4baf-9eed-7a4cc889cb7c,7D:71:F2:BA:EE:B8,,-83,1763123702724
54517,1763123705972.0,0adab909-eb8f-4baf-9eed-7a4cc889cb7c,5E:D6:2B:B2:71:23,,-88,1763123702724
54518,1763123706010.0,0adab909-eb8f-4baf-9eed-7a4cc889cb7c,4A:D0:CC:F0:C0:7F,Jabra Evolve2 65,-76,1763123702724
54519,1763123706648.0,0adab909-eb8f-4baf-9eed-7a4cc889cb7c,4E:17:E1:5E:DA:37,,-87,1763123702724
54520,1763123710505.0,0adab909-eb8f-4baf-9eed-7a4cc889cb7c,79:BF:90:B9:EA:6D,Jabra Evolve2 65,-91,1763123702724
54521,1763124302636.0,0adab909-eb8f-4baf-9eed-7a4cc889cb7c,4B:20:93:A2:FE:E4,,-86,1763124302633
54522,1763124302695.0,0adab909-eb8f-4baf-9eed-7a4cc889cb7c,84:25:3F:A3:1F:C2,mitte-home MH22340108,-85,1763124302633
54523,1763124304373.0,0adab909-eb8f-4baf-9eed-7a4cc889cb7c,54:B0:39:4B:56:D4,,-84,1763124302633
54524,1763124304395.0,0adab909-eb8f-4baf-9eed-7a4cc889cb7c,70:36:38:DF:59:BF,,-90,1763124302633
54525,1763124307566.0,0adab909-eb8f-4baf-9eed-7a4cc889cb7c,5E:D6:2B:B2:71:23,,-92,1763124302633
54526,1763124307583.0,0adab909-eb8f-4baf-9eed-7a4cc889cb7c,60:68:AF:39:4E:D5,,-81,1763124302633
54527,1763124309817.0,0adab909-eb8f-4baf-9eed-7a4cc889cb7c,4A:D0:CC:F0:C0:7F,Jabra Evolve2 65,-79,1763124302633
54528,1763124313662.0,0adab909-eb8f-4baf-9eed-7a4cc889cb7c,4B:55:F9:52:18:6E,,-91,1763124302633
54529,1763124902149.0,0adab909-eb8f-4baf-9eed-7a4cc889cb7c,84:25:3F:A3:1F:C2,mitte-home MH22340108,-81,1763124902145
54530,1763124902165.0,0adab909-eb8f-4baf-9eed-7a4cc889cb7c,4B:55:F9:52:18:6E,,-85,1763124902145
54531,1763124902508.0,0adab909-eb8f-4baf-9eed-7a4cc889cb7c,42:7F:11:9B:D5:2F,,-66,1763124902145
54532,1763124904831.0,0adab909-eb8f-4baf-9eed-7a4cc889cb7c,77:41:AB:81:E5:39,Jabra Evolve2 65,-79,1763124902145
54533,1763124909909.0,0adab909-eb8f-4baf-9eed-7a4cc889cb7c,7C:20:29:CE:2C:8B,,-74,1763124902145
54534,1763125434752.0,0adab909-eb8f-4baf-9eed-7a4cc889cb7c,84:25:3F:A3:1F:C2,mitte-home MH22340108,-82,1763125434327
54535,1763125435400.0,0adab909-eb8f-4baf-9eed-7a4cc889cb7c,42:7F:11:9B:D5:2F,,-77,1763125434327
54536,1763125436343.0,0adab909-eb8f-4baf-9eed-7a4cc889cb7c,4D:27:DF:50:76:CF,,-89,1763125434327
54537,1763125436687.0,0adab909-eb8f-4baf-9eed-7a4cc889cb7c,77:41:AB:81:E5:39,Jabra Evolve2 65,-83,1763125434327
54538,1763125437595.0,0adab909-eb8f-4baf-9eed-7a4cc889cb7c,7F:83:7E:1E:E1:AE,,-88,1763125434327
54539,1763125440167.0,0adab909-eb8f-4baf-9eed-7a4cc889cb7c,5B:18:41:81:72:7C,,-93,1763125434327
54540,1763125440184.0,0adab909-eb8f-4baf-9eed-7a4cc889cb7c,4B:20:93:A2:FE:E4,,-90,1763125434327
54541,1763125445988.0,0adab909-eb8f-4baf-9eed-7a4cc889cb7c,7C:20:29:CE:2C:8B,,-77,1763125434327
54542,1763125446913.0,0adab909-eb8f-4baf-9eed-7a4cc889cb7c,51:A2:4B:A5:C1:6B,,-91,1763125434327
54543,1763126032952.0,0adab909-eb8f-4baf-9eed-7a4cc889cb7c,67:E2:0A:6F:42:70,,-76,1763126032534
54544,1763126033620.0,0adab909-eb8f-4baf-9eed-7a4cc889cb7c,84:25:3F:A3:1F:C2,mitte-home MH22340108,-81,1763126032534
54545,1763126037776.0,0adab909-eb8f-4baf-9eed-7a4cc889cb7c,68:B1:48:75:41:0A,Jabra Evolve2 65,-93,1763126032534
54546,1763126038060.0,0adab909-eb8f-4baf-9eed-7a4cc889cb7c,68:25:D5:EA:C7:58,,-69,1763126032534
54547,1763126038679.0,0adab909-eb8f-4baf-9eed-7a4cc889cb7c,52:80:5C:60:D9:EB,,-94,1763126032534
54548,1763126633348.0,0adab909-eb8f-4baf-9eed-7a4cc889cb7c,68:B1:48:75:41:0A,Jabra Evolve2 65,-89,1763126633318
54549,1763126633729.0,0adab909-eb8f-4baf-9eed-7a4cc889cb7c,84:25:3F:A3:1F:C2,mitte-home MH22340108,-80,1763126633318
54550,1763126634054.0,0adab909-eb8f-4baf-9eed-7a4cc889cb7c,67:E2:0A:6F:42:70,,-71,1763126633318
54551,1763126634964.0,0adab909-eb8f-4baf-9eed-7a4cc889cb7c,68:25:D5:EA:C7:58,,-69,1763126633318
54552,1763126639181.0,0adab909-eb8f-4baf-9eed-7a4cc889cb7c,44:72:18:A9:D2:89,,-91,1763126633318
54553,1763126639196.0,0adab909-eb8f-4baf-9eed-7a4cc889cb7c,51:6B:FD:BC:08:37,,-91,1763126633318
54554,1763126640436.0,0adab909-eb8f-4baf-9eed-7a4cc889cb7c,6F:72:8F:19:69:9C,,-87,1763126633318
54555,1763127305975.0,0adab909-eb8f-4baf-9eed-7a4cc889cb7c,84:25:3F:A3:1F:C2,mitte-home MH22340108,-79,1763127305741
54556,1763127306149.0,0adab909-eb8f-4baf-9eed-7a4cc889cb7c,6D:4F:0D:B9:35:86,,-73,1763127305741
54557,1763127308704.0,0adab909-eb8f-4baf-9eed-7a4cc889cb7c,7F:12:7A:DF:C6:AE,,-75,1763127305741
54558,1763127309941.0,0adab909-eb8f-4baf-9eed-7a4cc889cb7c,5B:8D:70:6A:78:3A,,-90,1763127305741
54559,1763127311857.0,0adab909-eb8f-4baf-9eed-7a4cc889cb7c,4A:C8:33:B5:38:FA,,-88,1763127305741
54560,1763127314427.0,0adab909-eb8f-4baf-9eed-7a4cc889cb7c,6B:7B:23:97:5A:7C,,-91,1763127305741
54561,1763127905986.0,0adab909-eb8f-4baf-9eed-7a4cc889cb7c,6D:4F:0D:B9:35:86,,-83,1763127905983
54562,1763127906189.0,0adab909-eb8f-4baf-9eed-7a4cc889cb7c,84:25:3F:A3:1F:C2,mitte-home MH22340108,-79,1763127905983
54563,1763127906500.0,0adab909-eb8f-4baf-9eed-7a4cc889cb7c,58:72:77:11:3E:F8,,-85,1763127905983
54564,1763127911611.0,0adab909-eb8f-4baf-9eed-7a4cc889cb7c,7A:56:93:A3:AA:91,,-88,1763127905983
54565,1763127912608.0,0adab909-eb8f-4baf-9eed-7a4cc889cb7c,6B:7B:23:97:5A:7C,,-94,1763127905983
54566,1763128506968.0,0adab909-eb8f-4baf-9eed-7a4cc889cb7c,84:25:3F:A3:1F:C2,mitte-home MH22340108,-81,1763128506293
54567,1763128508652.0,0adab909-eb8f-4baf-9eed-7a4cc889cb7c,50:AC:53:32:76:9D,,-88,1763128506293
54568,1763128508927.0,0adab909-eb8f-4baf-9eed-7a4cc889cb7c,7A:76:25:06:9C:8A,,-79,1763128506293
54569,1763128510153.0,0adab909-eb8f-4baf-9eed-7a4cc889cb7c,49:72:D4:3D:9A:4B,,-89,1763128506293
54570,1763128510545.0,0adab909-eb8f-4baf-9eed-7a4cc889cb7c,55:BA:E3:85:EC:04,,-72,1763128506293
54571,1763128511480.0,0adab909-eb8f-4baf-9eed-7a4cc889cb7c,69:B4:6D:86:5B:C0,,-91,1763128506293
54572,1763128511758.0,0adab909-eb8f-4baf-9eed-7a4cc889cb7c,6C:BE:0A:D9:02:2B,,-86,1763128506293
54573,1763129202620.0,0adab909-eb8f-4baf-9eed-7a4cc889cb7c,7A:76:25:06:9C:8A,,-82,1763129202609
54574,1763129203036.0,0adab909-eb8f-4baf-9eed-7a4cc889cb7c,84:25:3F:A3:1F:C2,mitte-home MH22340108,-84,1763129202609
54575,1763129205656.0,0adab909-eb8f-4baf-9eed-7a4cc889cb7c,51:B7:16:8B:A3:95,,-89,1763129202609
54576,1763129205724.0,0adab909-eb8f-4baf-9eed-7a4cc889cb7c,47:D2:A0:91:3D:7E,,-89,1763129202609
54577,1763129205747.0,0adab909-eb8f-4baf-9eed-7a4cc889cb7c,4B:72:26:68:AB:69,,-89,1763129202609
54578,1763129207432.0,0adab909-eb8f-4baf-9eed-7a4cc889cb7c,64:96:FE:5E:18:C2,,-91,1763129202609
54579,1763129207548.0,0adab909-eb8f-4baf-9eed-7a4cc889cb7c,42:94:D6:34:F6:17,,-87,1763129202609
54580,1763129209220.0,0adab909-eb8f-4baf-9eed-7a4cc889cb7c,4B:FC:BE:E4:37:5C,,-80,1763129202609
54581,1763129209256.0,0adab909-eb8f-4baf-9eed-7a4cc889cb7c,64:21:23:C3:36:58,,-83,1763129202609
54582,1763129213361.0,0adab909-eb8f-4baf-9eed-7a4cc889cb7c,5C:60:5A:B5:22:FB,Jabra Evolve2 65,-92,1763129202609
54583,1763129213406.0,0adab909-eb8f-4baf-9eed-7a4cc889cb7c,50:AC:53:32:76:9D,,-82,1763129202609
54584,1763129215192.0,0adab909-eb8f-4baf-9eed-7a4cc889cb7c,7A:76:25:06:9C:8A,,-76,1763129202609
54585,1763129215268.0,0adab909-eb8f-4baf-9eed-7a4cc889cb7c,0B:29:F9:CB:F9:7F,,-87,1763129202609
54586,1763129215294.0,0adab909-eb8f-4baf-9eed-7a4cc889cb7c,84:25:3F:A3:1F:C2,mitte-home MH22340108,-80,1763129202609
54587,1763129215335.0,0adab909-eb8f-4baf-9eed-7a4cc889cb7c,26:9E:93:C3:61:5B,,-70,1763129202609
54588,1763129215367.0,0adab909-eb8f-4baf-9eed-7a4cc889cb7c,4B:FC:BE:E4:37:5C,,-87,1763129202609
54589,1763129215396.0,0adab909-eb8f-4baf-9eed-7a4cc889cb7c,0B:A8:18:71:3D:C0,,-82,1763129202609
54590,1763129215408.0,0adab909-eb8f-4baf-9eed-7a4cc889cb7c,26:CF:8F:DA:2C:DC,,-69,1763129202609
54591,1763129215427.0,0adab909-eb8f-4baf-9eed-7a4cc889cb7c,07:13:F6:FA:31:2A,,-63,1763129202609
54592,1763129215481.0,0adab909-eb8f-4baf-9eed-7a4cc889cb7c,47:D2:A0:91:3D:7E,,-94,1763129202609
54593,1763129217256.0,0adab909-eb8f-4baf-9eed-7a4cc889cb7c,50:AC:53:32:76:9D,,-90,1763129202609
54594,1763129803949.0,0adab909-eb8f-4baf-9eed-7a4cc889cb7c,5C:38:16:DC:3F:01,,-88,1763129803273
54595,1763129804305.0,0adab909-eb8f-4baf-9eed-7a4cc889cb7c,58:80:96:26:3B:7F,,-62,1763129803273
54596,1763129805230.0,0adab909-eb8f-4baf-9eed-7a4cc889cb7c,84:25:3F:A3:1F:C2,mitte-home MH22340108,-82,1763129803273
54597,1763129805595.0,0adab909-eb8f-4baf-9eed-7a4cc889cb7c,42:94:D6:34:F6:17,,-85,1763129803273
54598,1763129807209.0,0adab909-eb8f-4baf-9eed-7a4cc889cb7c,6B:8B:C5:C8:48:6B,,-66,1763129803273
54599,1763129815217.0,0adab909-eb8f-4baf-9eed-7a4cc889cb7c,47:D2:A0:91:3D:7E,,-94,1763129803273
54600,1763129815523.0,0adab909-eb8f-4baf-9eed-7a4cc889cb7c,4B:FC:BE:E4:37:5C,,-88,1763129803273
54601,1763130103432.0,0adab909-eb8f-4baf-9eed-7a4cc889cb7c,58:80:96:26:3B:7F,,-67,1763130103328
54602,1763130104378.0,0adab909-eb8f-4baf-9eed-7a4cc889cb7c,6B:91:C6:B0:F4:57,,-93,1763130103328
54603,1763130105365.0,0adab909-eb8f-4baf-9eed-7a4cc889cb7c,42:C8:40:56:E4:69,,-89,1763130103328
54604,1763130107561.0,0adab909-eb8f-4baf-9eed-7a4cc889cb7c,84:25:3F:A3:1F:C2,mitte-home MH22340108,-83,1763130103328
54605,1763130111357.0,0adab909-eb8f-4baf-9eed-7a4cc889cb7c,6B:8B:C5:C8:48:6B,,-65,1763130103328
54606,1763130112980.0,0adab909-eb8f-4baf-9eed-7a4cc889cb7c,59:BF:36:68:5F:2D,,-84,1763130103328
54607,1763130702517.0,0adab909-eb8f-4baf-9eed-7a4cc889cb7c,84:25:3F:A3:1F:C2,mitte-home MH22340108,-85,1763130702515
54608,1763130702841.0,0adab909-eb8f-4baf-9eed-7a4cc889cb7c,6B:DE:05:8C:62:B0,,-92,1763130702515
54609,1763130702856.0,0adab909-eb8f-4baf-9eed-7a4cc889cb7c,59:BF:36:68:5F:2D,,-84,1763130702515
54610,1763130702881.0,0adab909-eb8f-4baf-9eed-7a4cc889cb7c,66:DE:67:22:7B:09,,-92,1763130702515
54611,1763130702898.0,0adab909-eb8f-4baf-9eed-7a4cc889cb7c,42:C8:40:56:E4:69,,-88,1763130702515
54612,1763130703281.0,0adab909-eb8f-4baf-9eed-7a4cc889cb7c,58:80:96:26:3B:7F,,-73,1763130702515
54613,1763130704869.0,0adab909-eb8f-4baf-9eed-7a4cc889cb7c,5C:38:16:DC:3F:01,,-87,1763130702515
54614,1763130705796.0,0adab909-eb8f-4baf-9eed-7a4cc889cb7c,2D:4C:A8:F1:F3:EE,,-92,1763130702515
54615,1763130709666.0,0adab909-eb8f-4baf-9eed-7a4cc889cb7c,77:7B:3F:DD:2C:F8,,-90,1763130702515
54616,1763131270557.0,0adab909-eb8f-4baf-9eed-7a4cc889cb7c,5C:4C:20:BC:53:A7,Jabra Evolve2 5,-60,1763131270523
54617,1763131271286.0,0adab909-eb8f-4baf-9eed-7a4cc889cb7c,38:5F:B7:F9:49:03,,-90,1763131270523
54618,1763131271870.0,0adab909-eb8f-4baf-9eed-7a4cc889cb7c,54:C1:0A:90:D9:2A,,-81,1763131270523
54619,1763131272531.0,0adab909-eb8f-4baf-9eed-7a4cc889cb7c,3F:05:43:BD:70:C5,,-87,1763131270523
54620,1763131273763.0,0adab909-eb8f-4baf-9eed-7a4cc889cb7c,84:25:3F:A3:1F:C2,mitte-home MH22340108,-91,1763131270523
54621,1763131275753.0,0adab909-eb8f-4baf-9eed-7a4cc889cb7c,56:EA:B1:E4:9D:36,,-89,1763131270523
54622,1763131281496.0,0adab909-eb8f-4baf-9eed-7a4cc889cb7c,41:C9:4B:B7:F1:98,,-88,1763131270523
54623,1763131282449.0,0adab909-eb8f-4baf-9eed-7a4cc889cb7c,CA:43:3B:D4:A2:CC,,-81,1763131270523
54624,1763131282805.0,0adab909-eb8f-4baf-9eed-7a4cc889cb7c,1A:96:10:BE:98:7A,,-94,1763131270523
54625,1763131934420.0,0adab909-eb8f-4baf-9eed-7a4cc889cb7c,4D:74:97:59:E5:45,Jabra Evolve2 5,-56,1763131934202
54626,1763131936479.0,0adab909-eb8f-4baf-9eed-7a4cc889cb7c,3E:D7:C6:2F:7A:FE,,-82,1763131934202
54627,1763132511271.0,0adab909-eb8f-4baf-9eed-7a4cc889cb7c,AC:B2:FD:4A:08:B3,S0dfc04d10348bcc6C,-86,1763132511242
54628,1763132511300.0,0adab909-eb8f-4baf-9eed-7a4cc889cb7c,4C:08:99:DF:79:6C,,-71,1763132511242
54629,1763132511328.0,0adab909-eb8f-4baf-9eed-7a4cc889cb7c,4B:22:AA:3A:F2:E4,Jabra Evolve2 5,-55,1763132511242
54630,1763132511703.0,0adab909-eb8f-4baf-9eed-7a4cc889cb7c,28:9D:89:D9:C3:1F,,-81,1763132511242
54631,1763132511973.0,0adab909-eb8f-4baf-9eed-7a4cc889cb7c,CA:43:3B:D4:A2:CC,,-52,1763132511242
54632,1763132516809.0,0adab909-eb8f-4baf-9eed-7a4cc889cb7c,57:37:98:81:F6:09,,-90,1763132511242
54633,1763132521249.0,0adab909-eb8f-4baf-9eed-7a4cc889cb7c,6A:73:30:49:CE:21,,-91,1763132511242
54634,1763132521549.0,0adab909-eb8f-4baf-9eed-7a4cc889cb7c,6C:29:3B:27:50:A6,,-93,1763132511242
54635,1763133146666.0,0adab909-eb8f-4baf-9eed-7a4cc889cb7c,46:B1:31:30:ED:CF,,-75,1763133144374
54636,1763133146701.0,0adab909-eb8f-4baf-9eed-7a4cc889cb7c,5B:AF:26:DA:A7:9C,,-79,1763133144374
54637,1763133148626.0,0adab909-eb8f-4baf-9eed-7a4cc889cb7c,84:25:3F:A3:1F:C2,mitte-home MH22340108,-90,1763133144374
54638,1763133825642.0,0adab909-eb8f-4baf-9eed-7a4cc889cb7c,6D:14:36:94:D1:6D,Jabra Evolve2 5,-81,1763133825634
54639,1763133825663.0,0adab909-eb8f-4baf-9eed-7a4cc889cb7c,84:25:3F:A3:1F:C2,mitte-home MH22340108,-61,1763133825634
54640,1763133825679.0,0adab909-eb8f-4baf-9eed-7a4cc889cb7c,5C:B7:65:F4:AC:DD,,-85,1763133825634
54641,1763133826658.0,0adab909-eb8f-4baf-9eed-7a4cc889cb7c,46:B1:31:30:ED:CF,,-88,1763133825634
54642,1763133831127.0,0adab909-eb8f-4baf-9eed-7a4cc889cb7c,5B:AF:26:DA:A7:9C,,-91,1763133825634
54643,1763133832097.0,0adab909-eb8f-4baf-9eed-7a4cc889cb7c,4D:8D:21:89:6A:47,,-90,1763133825634
54644,1763133834342.0,0adab909-eb8f-4baf-9eed-7a4cc889cb7c,70:28:3B:85:62:D0,,-92,1763133825634
54645,1763133835611.0,0adab909-eb8f-4baf-9eed-7a4cc889cb7c,75:1C:24:DB:76:5C,,-81,1763133825634
54646,1763133835634.0,0adab909-eb8f-4baf-9eed-7a4cc889cb7c,1C:35:52:E7:EF:1E,,-88,1763133825634
54647,1763133836590.0,0adab909-eb8f-4baf-9eed-7a4cc889cb7c,AC:B2:FD:4A:08:B3,S0dfc04d10348bcc6C,-91,1763133825634
54648,1763133836852.0,0adab909-eb8f-4baf-9eed-7a4cc889cb7c,53:E6:55:0F:3A:11,,-91,1763133825634
54649,1763133837501.0,0adab909-eb8f-4baf-9eed-7a4cc889cb7c,63:34:18:64:07:B4,,-78,1763133825634
54650,1763134335526.0,0adab909-eb8f-4baf-9eed-7a4cc889cb7c,7E:7A:A7:CC:E7:12,,-79,1763134335432
54651,1763134337942.0,0adab909-eb8f-4baf-9eed-7a4cc889cb7c,15:2A:51:65:EA:F2,,-74,1763134335432
54652,1763134344602.0,0adab909-eb8f-4baf-9eed-7a4cc889cb7c,75:64:CB:C1:FD:BF,,-82,1763134335432
54653,1763134344630.0,0adab909-eb8f-4baf-9eed-7a4cc889cb7c,4C:14:38:BF:67:9C,,-78,1763134335432
54654,1763134882346.0,0adab909-eb8f-4baf-9eed-7a4cc889cb7c,64:05:9E:86:4E:4B,,-82,1763134882316
54655,1763134882376.0,0adab909-eb8f-4baf-9eed-7a4cc889cb7c,37:07:A2:50:91:90,,-88,1763134882316
54656,1763134882717.0,0adab909-eb8f-4baf-9eed-7a4cc889cb7c,24:B8:B0:23:46:4C,,-83,1763134882316
54657,1763134882764.0,0adab909-eb8f-4baf-9eed-7a4cc889cb7c,50:26:CA:F0:C6:4E,,-89,1763134882316
54658,1763134883053.0,0adab909-eb8f-4baf-9eed-7a4cc889cb7c,52:A8:E8:D6:5F:D5,,-91,1763134882316
54659,1763134883073.0,0adab909-eb8f-4baf-9eed-7a4cc889cb7c,7B:53:AB:81:08:60,,-79,1763134882316
54660,1763134883093.0,0adab909-eb8f-4baf-9eed-7a4cc889cb7c,56:72:82:18:C2:D8,,-88,1763134882316
54661,1763134883664.0,0adab909-eb8f-4baf-9eed-7a4cc889cb7c,58:17:57:F7:4C:D4,,-85,1763134882316
54662,1763134883945.0,0adab909-eb8f-4baf-9eed-7a4cc889cb7c,49:F6:8B:BA:FE:6B,,-84,1763134882316
54663,1763134884032.0,0adab909-eb8f-4baf-9eed-7a4cc889cb7c,45:DD:6F:61:5D:BE,,-91,1763134882316
54664,1763134884342.0,0adab909-eb8f-4baf-9eed-7a4cc889cb7c,3B:81:D2:C1:81:9E,,-87,1763134882316
54665,1763134884568.0,0adab909-eb8f-4baf-9eed-7a4cc889cb7c,4B:8F:AD:CE:36:11,,-89,1763134882316
54666,1763134884600.0,0adab909-eb8f-4baf-9eed-7a4cc889cb7c,5A:F6:BA:17:FC:B2,,-89,1763134882316
54667,1763134884689.0,0adab909-eb8f-4baf-9eed-7a4cc889cb7c,20:BA:36:05:82:5B,DHL LPS,-91,1763134882316
54668,1763134885604.0,0adab909-eb8f-4baf-9eed-7a4cc889cb7c,8C:59:DC:F2:81:F5,DOTTS,-74,1763134882316
54669,1763134885664.0,0adab909-eb8f-4baf-9eed-7a4cc889cb7c,30:AF:7E:D8:AB:BC,Grundfos,-91,1763134882316
54670,1763134886286.0,0adab909-eb8f-4baf-9eed-7a4cc889cb7c,41:F2:4C:1B:8D:97,,-87,1763134882316
54671,1763134887270.0,0adab909-eb8f-4baf-9eed-7a4cc889cb7c,29:A9:96:24:3A:2E,,-83,1763134882316
54672,1763134887804.0,0adab909-eb8f-4baf-9eed-7a4cc889cb7c,8C:26:AA:EE:DD:4B,,-87,1763134882316
54673,1763134888408.0,0adab909-eb8f-4baf-9eed-7a4cc889cb7c,6C:45:95:22:6D:42,,-91,1763134882316
54674,1763134888449.0,0adab909-eb8f-4baf-9eed-7a4cc889cb7c,4B:6A:BF:35:64:93,,-82,1763134882316
54675,1763134889111.0,0adab909-eb8f-4baf-9eed-7a4cc889cb7c,6A:FA:A8:84:31:B6,,-83,1763134882316
54676,1763134889139.0,0adab909-eb8f-4baf-9eed-7a4cc889cb7c,8C:59:DC:F2:0A:5C,DOTTS,-90,1763134882316
54677,1763134889701.0,0adab909-eb8f-4baf-9eed-7a4cc889cb7c,49:CA:C6:11:FD:21,,-82,1763134882316
54678,1763134889734.0,0adab909-eb8f-4baf-9eed-7a4cc889cb7c,73:12:02:3A:6A:4C,,-83,1763134882316
54679,1763134890405.0,0adab909-eb8f-4baf-9eed-7a4cc889cb7c,7C:DD:ED:79:C9:EF,,-92,1763134882316
54680,1763134890477.0,0adab909-eb8f-4baf-9eed-7a4cc889cb7c,63:AE:BC:3F:EC:7E,,-88,1763134882316
54681,1763134890689.0,0adab909-eb8f-4baf-9eed-7a4cc889cb7c,6D:4F:6F:7D:09:48,,-89,1763134882316
54682,1763134890829.0,0adab909-eb8f-4baf-9eed-7a4cc889cb7c,00:87:23:99:8D:23,BT-8D23,-100,1763134882316
54683,1763134891401.0,0adab909-eb8f-4baf-9eed-7a4cc889cb7c,65:F9:87:7E:6E:51,,-86,1763134882316
54684,1763134891660.0,0adab909-eb8f-4baf-9eed-7a4cc889cb7c,4A:08:17:4B:09:82,,-90,1763134882316
54685,1763134891702.0,0adab909-eb8f-4baf-9eed-7a4cc889cb7c,62:E6:6A:6B:AA:D0,Echo Plus-6RC,-90,1763134882316
54686,1763134892188.0,0adab909-eb8f-4baf-9eed-7a4cc889cb7c,55:B2:D0:29:BF:74,,-81,1763134882316
54687,1763134892469.0,0adab909-eb8f-4baf-9eed-7a4cc889cb7c,7C:E5:33:CE:71:D3,,-85,1763134882316
54688,1763134892708.0,0adab909-eb8f-4baf-9eed-7a4cc889cb7c,71:EB:E9:52:74:9B,,-88,1763134882316
54689,1763134892985.0,0adab909-eb8f-4baf-9eed-7a4cc889cb7c,16:2C:08:C8:C3:2C,,-89,1763134882316
54690,1763134894418.0,0adab909-eb8f-4baf-9eed-7a4cc889cb7c,52:7E:E5:D8:25:67,,-82,1763134882316
54691,1763134895162.0,0adab909-eb8f-4baf-9eed-7a4cc889cb7c,1B:52:C1:41:A8:36,,-90,1763134882316
54692,1763134895192.0,0adab909-eb8f-4baf-9eed-7a4cc889cb7c,73:12:02:3A:6A:4C,,-78,1763134882316
54693,1763134895212.0,0adab909-eb8f-4baf-9eed-7a4cc889cb7c,8C:59:DC:FD:E9:1F,DOTTS,-90,1763134882316
54694,1763134895237.0,0adab909-eb8f-4baf-9eed-7a4cc889cb7c,45:DD:6F:61:5D:BE,,-88,1763134882316
54695,1763134895264.0,0adab909-eb8f-4baf-9eed-7a4cc889cb7c,07:38:55:72:9C:F6,,-91,1763134882316
54696,1763134895285.0,0adab909-eb8f-4baf-9eed-7a4cc889cb7c,FB:9D:A0:A2:D3:B0,,-86,1763134882316
54697,1763134895302.0,0adab909-eb8f-4baf-9eed-7a4cc889cb7c,C6:45:1F:CF:E0:B9,,-84,1763134882316
54698,1763134895318.0,0adab909-eb8f-4baf-9eed-7a4cc889cb7c,E8:AA:CB:E4:06:27,,-88,1763134882316
54699,1763134895334.0,0adab909-eb8f-4baf-9eed-7a4cc889cb7c,E6:46:E9:86:B9:F9,,-89,1763134882316
54700,1763134895353.0,0adab909-eb8f-4baf-9eed-7a4cc889cb7c,7C:DD:ED:79:C9:EF,,-89,1763134882316
54701,1763134895372.0,0adab909-eb8f-4baf-9eed-7a4cc889cb7c,41:F2:4C:1B:8D:97,,-86,1763134882316
54702,1763134895391.0,0adab909-eb8f-4baf-9eed-7a4cc889cb7c,52:A8:E8:D6:5F:D5,,-87,1763134882316
54703,1763134895408.0,0adab909-eb8f-4baf-9eed-7a4cc889cb7c,52:7E:E5:D8:25:67,,-85,1763134882316
54704,1763134896152.0,0adab909-eb8f-4baf-9eed-7a4cc889cb7c,7C:E5:33:CE:71:D3,,-83,1763134882316
54705,1763134896244.0,0adab909-eb8f-4baf-9eed-7a4cc889cb7c,58:17:57:F7:4C:D4,,-82,1763134882316
54706,1763134896316.0,0adab909-eb8f-4baf-9eed-7a4cc889cb7c,49:F6:8B:BA:FE:6B,,-87,1763134882316
54707,1763134896343.0,0adab909-eb8f-4baf-9eed-7a4cc889cb7c,50:26:CA:F0:C6:4E,,-80,1763134882316
54708,1763134896362.0,0adab909-eb8f-4baf-9eed-7a4cc889cb7c,4D:EB:C7:1C:B9:B8,,-79,1763134882316
54709,1763134896384.0,0adab909-eb8f-4baf-9eed-7a4cc889cb7c,CA:F4:51:6D:92:3E,,-85,1763134882316
54710,1763134897314.0,0adab909-eb8f-4baf-9eed-7a4cc889cb7c,16:2C:08:C8:C3:2C,,-83,1763134882316
54711,1763134897344.0,0adab909-eb8f-4baf-9eed-7a4cc889cb7c,04:34:E0:26:89:6F,,-93,1763134882316
54712,1763134897378.0,0adab909-eb8f-4baf-9eed-7a4cc889cb7c,63:AE:BC:3F:EC:7E,,-74,1763134882316
54713,1763134897396.0,0adab909-eb8f-4baf-9eed-7a4cc889cb7c,D8:A3:5C:B4:36:57,,-90,1763134882316
54714,1763134898103.0,0adab909-eb8f-4baf-9eed-7a4cc889cb7c,E8:AA:CB:EB:54:F1,,-81,1763134882316
54715,1763135510796.0,0adab909-eb8f-4baf-9eed-7a4cc889cb7c,6D:4B:FF:33:74:3D,,-89,1763135510787
54716,1763135512719.0,0adab909-eb8f-4baf-9eed-7a4cc889cb7c,00:08:E0:14:64:D6,,-100,1763135510787
54717,1763135512825.0,0adab909-eb8f-4baf-9eed-7a4cc889cb7c,04:5B:22:FC:E1:3F,,-87,1763135510787
54718,1763135515180.0,0adab909-eb8f-4baf-9eed-7a4cc889cb7c,43:CF:A0:9E:84:7B,,-92,1763135510787
54719,1763135515211.0,0adab909-eb8f-4baf-9eed-7a4cc889cb7c,02:0D:C4:0D:5B:AF,,-100,1763135510787
54720,1763135518130.0,0adab909-eb8f-4baf-9eed-7a4cc889cb7c,02:0D:C4:0D:5B:AF,BT-5BAF,-96,1763135510787
54721,1763135523118.0,0adab909-eb8f-4baf-9eed-7a4cc889cb7c,3E:E0:90:AC:5E:BB,,-92,1763135510787
54722,1763135523493.0,0adab909-eb8f-4baf-9eed-7a4cc889cb7c,63:74:43:1B:8C:12,,-90,1763135510787
54723,1763135530510.0,0adab909-eb8f-4baf-9eed-7a4cc889cb7c,26:31:7C:FB:EE:AF,,-76,1763135510787
54724,1763135531759.0,0adab909-eb8f-4baf-9eed-7a4cc889cb7c,61:BD:32:A2:5D:FD,,-81,1763135510787
54725,1763136109570.0,0adab909-eb8f-4baf-9eed-7a4cc889cb7c,6D:32:8D:4A:78:47,,-85,1763136107579
54726,1763136122732.0,0adab909-eb8f-4baf-9eed-7a4cc889cb7c,6D:32:8D:4A:78:47,,-86,1763136107579
54727,1763136722050.0,0adab909-eb8f-4baf-9eed-7a4cc889cb7c,5B:C3:AA:CF:C5:DE,,-83,1763136715916
54728,1763136728883.0,0adab909-eb8f-4baf-9eed-7a4cc889cb7c,5B:C3:AA:CF:C5:DE,,-87,1763136715916
54729,1763136729930.0,0adab909-eb8f-4baf-9eed-7a4cc889cb7c,84:C8:A0:8B:BD:3D,JBL BAR 800,-90,1763136715916
54730,1763137327200.0,0adab909-eb8f-4baf-9eed-7a4cc889cb7c,5B:C3:AA:CF:C5:DE,,-62,1763137325152
54731,1763137338014.0,0adab909-eb8f-4baf-9eed-7a4cc889cb7c,E6:68:C6:AB:E4:2D,SumUp 418,-91,1763137325152
54732,1763137339314.0,0adab909-eb8f-4baf-9eed-7a4cc889cb7c,5B:C3:AA:CF:C5:DE,,-64,1763137325152
54733,1763137339339.0,0adab909-eb8f-4baf-9eed-7a4cc889cb7c,84:C8:A0:8B:BD:3D,JBL BAR 800,-70,1763137325152
54734,1763137339365.0,0adab909-eb8f-4baf-9eed-7a4cc889cb7c,E6:68:C6:AB:E4:2D,SumUp 418,-93,1763137325152
54735,1763138112676.0,0adab909-eb8f-4baf-9eed-7a4cc889cb7c,58:F3:13:F5:73:30,,-85,1763138111963
54736,1763138122289.0,0adab909-eb8f-4baf-9eed-7a4cc889cb7c,4E:AA:0C:B4:1D:EC,,-91,1763138111963
54737,1763138125036.0,0adab909-eb8f-4baf-9eed-7a4cc889cb7c,58:F3:13:F5:73:30,,-67,1763138111963
54738,1763138126109.0,0adab909-eb8f-4baf-9eed-7a4cc889cb7c,84:C8:A0:8B:BD:3D,JBL BAR 800,-81,1763138111963
54739,1763138475734.0,0adab909-eb8f-4baf-9eed-7a4cc889cb7c,58:F3:13:F5:73:30,,-75,1763138473289
54740,1763139173238.0,0adab909-eb8f-4baf-9eed-7a4cc889cb7c,58:F3:13:F5:73:30,,-75,1763139173232
54741,1763139712041.0,0adab909-eb8f-4baf-9eed-7a4cc889cb7c,58:F3:13:F5:73:30,,-76,1763139710993
54742,1763140543953.0,0adab909-eb8f-4baf-9eed-7a4cc889cb7c,61:5E:A9:02:94:15,,-71,1763140543200
54743,1763140914693.0,0adab909-eb8f-4baf-9eed-7a4cc889cb7c,61:5E:A9:02:94:15,,-76,1763140914224
54744,1763140921004.0,0adab909-eb8f-4baf-9eed-7a4cc889cb7c,64:62:28:F4:AA:A8,,-94,1763140914224
54745,1763141606265.0,0adab909-eb8f-4baf-9eed-7a4cc889cb7c,64:EB:89:FE:EA:77,,-75,1763141606193
54746,1763141608815.0,0adab909-eb8f-4baf-9eed-7a4cc889cb7c,64:62:28:F4:AA:A8,,-93,1763141606193
54747,1763141608835.0,0adab909-eb8f-4baf-9eed-7a4cc889cb7c,75:72:C3:03:76:C9,,-72,1763141606193
54748,1763142315294.0,0adab909-eb8f-4baf-9eed-7a4cc889cb7c,64:EB:89:FE:EA:77,,-84,1763142315206
54749,1763142315989.0,0adab909-eb8f-4baf-9eed-7a4cc889cb7c,75:72:C3:03:76:C9,,-78,1763142315206
54750,1763142940257.0,0adab909-eb8f-4baf-9eed-7a4cc889cb7c,7A:11:07:19:55:64,,-76,1763142940184
54751,1763142941891.0,0adab909-eb8f-4baf-9eed-7a4cc889cb7c,74:E0:F6:28:77:08,,-79,1763142940184
54752,1763143527297.0,0adab909-eb8f-4baf-9eed-7a4cc889cb7c,4E:62:48:4C:7D:1C,,-77,1763143525658
54753,1763143528307.0,0adab909-eb8f-4baf-9eed-7a4cc889cb7c,7A:11:07:19:55:64,,-76,1763143525658
54754,1763143894872.0,0adab909-eb8f-4baf-9eed-7a4cc889cb7c,5F:0F:11:DE:64:E2,,-76,1763143894428
54755,1763143907288.0,0adab909-eb8f-4baf-9eed-7a4cc889cb7c,84:C8:A0:8B:BD:3D,JBL BAR 800,-87,1763143894428
54756,1763143908448.0,0adab909-eb8f-4baf-9eed-7a4cc889cb7c,F5:D6:79:F8:82:47,,-82,1763143894428
54757,1763144499215.0,0adab909-eb8f-4baf-9eed-7a4cc889cb7c,5F:0F:11:DE:64:E2,,-75,1763144499188
54758,1763145073603.0,0adab909-eb8f-4baf-9eed-7a4cc889cb7c,5F:0F:11:DE:64:E2,,-89,1763145072142
54759,1763145079341.0,0adab909-eb8f-4baf-9eed-7a4cc889cb7c,62:A7:9B:31:19:5A,,-84,1763145072142
54760,1763145674761.0,0adab909-eb8f-4baf-9eed-7a4cc889cb7c,62:A7:9B:31:19:5A,,-86,1763145671194
54761,1763146345480.0,0adab909-eb8f-4baf-9eed-7a4cc889cb7c,7E:9D:9C:35:31:21,,-85,1763146343745
54762,1763146346390.0,0adab909-eb8f-4baf-9eed-7a4cc889cb7c,53:2A:68:9E:95:22,,-62,1763146343745
54763,1763146910807.0,0adab909-eb8f-4baf-9eed-7a4cc889cb7c,53:2A:68:9E:95:22,,-76,1763146908167
54764,1763147535508.0,0adab909-eb8f-4baf-9eed-7a4cc889cb7c,53:2A:68:9E:95:22,,-82,1763147534439
54765,1763147536480.0,0adab909-eb8f-4baf-9eed-7a4cc889cb7c,42:35:52:7A:30:6D,,-88,1763147534439
54766,1763148096221.0,0adab909-eb8f-4baf-9eed-7a4cc889cb7c,72:89:4E:27:0F:F8,,-94,1763148096122
54767,1763148096616.0,0adab909-eb8f-4baf-9eed-7a4cc889cb7c,67:2D:FE:09:89:BF,,-73,1763148096122
54768,1763148101358.0,0adab909-eb8f-4baf-9eed-7a4cc889cb7c,74:66:96:E1:5A:1C,,-92,1763148096122
54769,1763148674809.0,0adab909-eb8f-4baf-9eed-7a4cc889cb7c,72:89:4E:27:0F:F8,,-74,1763148672773
54770,1763148674830.0,0adab909-eb8f-4baf-9eed-7a4cc889cb7c,67:2D:FE:09:89:BF,,-77,1763148672773
54771,1763148676736.0,0adab909-eb8f-4baf-9eed-7a4cc889cb7c,74:66:96:E1:5A:1C,,-94,1763148672773
54772,1763149274440.0,0adab909-eb8f-4baf-9eed-7a4cc889cb7c,7C:D8:EE:B5:C9:6C,,-80,1763149274416
54773,1763149274462.0,0adab909-eb8f-4baf-9eed-7a4cc889cb7c,45:BF:5D:EF:CC:2F,,-73,1763149274416
54774,1763149274830.0,0adab909-eb8f-4baf-9eed-7a4cc889cb7c,73:88:EE:C4:1C:9A,,-94,1763149274416
54775,1763150106453.0,0adab909-eb8f-4baf-9eed-7a4cc889cb7c,45:BF:5D:EF:CC:2F,,-71,1763150105110
54776,1763150107091.0,0adab909-eb8f-4baf-9eed-7a4cc889cb7c,40:DC:50:24:44:38,,-72,1763150105110
54777,1763150705943.0,0adab909-eb8f-4baf-9eed-7a4cc889cb7c,72:D9:25:91:E1:74,,-74,1763150704839
54778,1763150715211.0,0adab909-eb8f-4baf-9eed-7a4cc889cb7c,40:DC:50:24:44:38,,-84,1763150704839
54779,1763150717745.0,0adab909-eb8f-4baf-9eed-7a4cc889cb7c,84:C8:A0:8B:BD:3D,JBL BAR 800,-79,1763150704839
54780,1763150717770.0,0adab909-eb8f-4baf-9eed-7a4cc889cb7c,72:D9:25:91:E1:74,,-73,1763150704839
54781,1763150719842.0,0adab909-eb8f-4baf-9eed-7a4cc889cb7c,3F:D2:A3:DE:53:09,,-85,1763150704839
54782,1763151371126.0,0adab909-eb8f-4baf-9eed-7a4cc889cb7c,48:AB:96:CC:79:E8,,-84,1763151370051
54783,1763151372102.0,0adab909-eb8f-4baf-9eed-7a4cc889cb7c,72:D9:25:91:E1:74,,-72,1763151370051
54784,1763151670873.0,0adab909-eb8f-4baf-9eed-7a4cc889cb7c,5E:A6:2A:C2:F6:51,,-80,1763151670113
54785,1763151673426.0,0adab909-eb8f-4baf-9eed-7a4cc889cb7c,48:AB:96:CC:79:E8,,-90,1763151670113
54786,1763152270108.0,0adab909-eb8f-4baf-9eed-7a4cc889cb7c,42:71:A0:67:66:A7,,-92,1763152270098
54787,1763152270153.0,0adab909-eb8f-4baf-9eed-7a4cc889cb7c,5E:A6:2A:C2:F6:51,,-65,1763152270098
54788,1763152271586.0,0adab909-eb8f-4baf-9eed-7a4cc889cb7c,C4:3D:1A:EA:E1:91,,-100,1763152270098
54789,1763152276119.0,0adab909-eb8f-4baf-9eed-7a4cc889cb7c,C4:3D:1A:EA:E1:91,ARGININE,-92,1763152270098
54790,1763152277211.0,0adab909-eb8f-4baf-9eed-7a4cc889cb7c,42:C6:EF:22:7E:14,,-89,1763152270098
54791,1763152872177.0,0adab909-eb8f-4baf-9eed-7a4cc889cb7c,5E:A6:2A:C2:F6:51,,-60,1763152871075
54792,1763152879201.0,0adab909-eb8f-4baf-9eed-7a4cc889cb7c,78:C8:6A:A8:F2:A0,,-90,1763152871075
54793,1763153703164.0,0adab909-eb8f-4baf-9eed-7a4cc889cb7c,4C:96:8A:ED:6A:01,SPEN NA,127,1763153703063
54794,1763153703466.0,0adab909-eb8f-4baf-9eed-7a4cc889cb7c,73:66:56:85:AE:07,,-93,1763153703063
54795,1763153703486.0,0adab909-eb8f-4baf-9eed-7a4cc889cb7c,4F:06:4D:E0:EB:CF,,-63,1763153703063
54796,1763153703500.0,0adab909-eb8f-4baf-9eed-7a4cc889cb7c,4C:96:8A:ED:6A:01,SPEN NA,-44,1763153703063
54797,1763153703791.0,0adab909-eb8f-4baf-9eed-7a4cc889cb7c,4C:96:8A:ED:6A:01,SPEN NA,-55,1763153703063
54798,1763153704119.0,0adab909-eb8f-4baf-9eed-7a4cc889cb7c,4C:96:8A:ED:6A:01,SPEN NA,-44,1763153703063
54799,1763153704432.0,0adab909-eb8f-4baf-9eed-7a4cc889cb7c,4C:96:8A:ED:6A:01,SPEN NA,-44,1763153703063
54800,1763153704734.0,0adab909-eb8f-4baf-9eed-7a4cc889cb7c,4C:96:8A:ED:6A:01,SPEN NA,-48,1763153703063
54801,1763153705699.0,0adab909-eb8f-4baf-9eed-7a4cc889cb7c,4C:96:8A:ED:6A:01,SPEN NA,-48,1763153703063
54802,1763153706645.0,0adab909-eb8f-4baf-9eed-7a4cc889cb7c,4C:96:8A:ED:6A:01,SPEN NA,-48,1763153703063
54803,1763153707990.0,0adab909-eb8f-4baf-9eed-7a4cc889cb7c,4C:96:8A:ED:6A:01,SPEN NA,-44,1763153703063
54804,1763153708312.0,0adab909-eb8f-4baf-9eed-7a4cc889cb7c,4C:96:8A:ED:6A:01,SPEN NA,127,1763153703063
54805,1763153708640.0,0adab909-eb8f-4baf-9eed-7a4cc889cb7c,4C:96:8A:ED:6A:01,SPEN NA,-55,1763153703063
54806,1763153708953.0,0adab909-eb8f-4baf-9eed-7a4cc889cb7c,4C:96:8A:ED:6A:01,SPEN NA,-50,1763153703063
54807,1763153709903.0,0adab909-eb8f-4baf-9eed-7a4cc889cb7c,4C:96:8A:ED:6A:01,SPEN NA,-44,1763153703063
54808,1763153710533.0,0adab909-eb8f-4baf-9eed-7a4cc889cb7c,4C:96:8A:ED:6A:01,SPEN NA,-48,1763153703063
54809,1763153710839.0,0adab909-eb8f-4baf-9eed-7a4cc889cb7c,4C:96:8A:ED:6A:01,SPEN NA,-44,1763153703063
54810,1763153711137.0,0adab909-eb8f-4baf-9eed-7a4cc889cb7c,4C:96:8A:ED:6A:01,SPEN NA,-44,1763153703063
54811,1763153711458.0,0adab909-eb8f-4baf-9eed-7a4cc889cb7c,4C:96:8A:ED:6A:01,SPEN NA,-48,1763153703063
54812,1763153711776.0,0adab909-eb8f-4baf-9eed-7a4cc889cb7c,4C:96:8A:ED:6A:01,SPEN NA,-43,1763153703063
54813,1763153712102.0,0adab909-eb8f-4baf-9eed-7a4cc889cb7c,4C:96:8A:ED:6A:01,SPEN NA,-43,1763153703063
54814,1763153712740.0,0adab909-eb8f-4baf-9eed-7a4cc889cb7c,4C:96:8A:ED:6A:01,SPEN NA,-44,1763153703063
54815,1763153713035.0,0adab909-eb8f-4baf-9eed-7a4cc889cb7c,4C:96:8A:ED:6A:01,SPEN NA,-44,1763153703063
54816,1763153713458.0,0adab909-eb8f-4baf-9eed-7a4cc889cb7c,4C:96:8A:ED:6A:01,SPEN NA,-48,1763153703063
54817,1763153714726.0,0adab909-eb8f-4baf-9eed-7a4cc889cb7c,4C:96:8A:ED:6A:01,SPEN NA,-46,1763153703063
54818,1763153715031.0,0adab909-eb8f-4baf-9eed-7a4cc889cb7c,4C:96:8A:ED:6A:01,SPEN NA,-44,1763153703063
54819,1763153715969.0,0adab909-eb8f-4baf-9eed-7a4cc889cb7c,4C:96:8A:ED:6A:01,SPEN NA,-44,1763153703063
54820,1763153716060.0,0adab909-eb8f-4baf-9eed-7a4cc889cb7c,84:C8:A0:8B:BD:3D,JBL BAR 800,-79,1763153703063
54821,1763153716102.0,0adab909-eb8f-4baf-9eed-7a4cc889cb7c,4F:06:4D:E0:EB:CF,,-64,1763153703063
54822,1763154303106.0,0adab909-eb8f-4baf-9eed-7a4cc889cb7c,4F:06:4D:E0:EB:CF,,-67,1763154303065
54823,1763154306710.0,0adab909-eb8f-4baf-9eed-7a4cc889cb7c,55:14:68:BF:75:2E,,-94,1763154303065
54824,1763154905076.0,0adab909-eb8f-4baf-9eed-7a4cc889cb7c,70:55:94:89:D7:30,,-73,1763154903038
54825,1763154906054.0,0adab909-eb8f-4baf-9eed-7a4cc889cb7c,63:6D:BB:87:77:EC,,-79,1763154903038
54826,1763154916094.0,0adab909-eb8f-4baf-9eed-7a4cc889cb7c,22:FD:B3:B7:EC:B6,,-81,1763154903038
54827,1763154916187.0,0adab909-eb8f-4baf-9eed-7a4cc889cb7c,63:6D:BB:87:77:EC,,-81,1763154903038
54828,1763154916228.0,0adab909-eb8f-4baf-9eed-7a4cc889cb7c,55:14:68:BF:75:2E,,-93,1763154903038
54829,1763154917209.0,0adab909-eb8f-4baf-9eed-7a4cc889cb7c,84:C8:A0:8B:BD:3D,JBL BAR 800,-81,1763154903038
54830,1763154918292.0,0adab909-eb8f-4baf-9eed-7a4cc889cb7c,70:55:94:89:D7:30,,-61,1763154903038
54831,1763155491990.0,0adab909-eb8f-4baf-9eed-7a4cc889cb7c,63:6D:BB:87:77:EC,,-82,1763155491933
54832,1763155492685.0,0adab909-eb8f-4baf-9eed-7a4cc889cb7c,70:55:94:89:D7:30,,-82,1763155491933
54833,1763155963321.0,0adab909-eb8f-4baf-9eed-7a4cc889cb7c,51:25:E4:98:0B:59,,-75,1763155963287
54834,1763155966294.0,0adab909-eb8f-4baf-9eed-7a4cc889cb7c,54:08:F6:F7:91:A4,,-88,1763155963287
54835,1763155968261.0,0adab909-eb8f-4baf-9eed-7a4cc889cb7c,66:38:14:6A:1E:B4,,-88,1763155963287
54836,1763156692328.0,0adab909-eb8f-4baf-9eed-7a4cc889cb7c,61:DE:16:D5:A1:DE,,-83,1763156691922
54837,1763156692954.0,0adab909-eb8f-4baf-9eed-7a4cc889cb7c,51:25:E4:98:0B:59,,-73,1763156691922
54838,1763157519751.0,0adab909-eb8f-4baf-9eed-7a4cc889cb7c,64:B3:F1:5E:96:2B,,-84,1763157519662
54839,1763157520761.0,0adab909-eb8f-4baf-9eed-7a4cc889cb7c,66:42:A9:38:65:A7,,-67,1763157519662
54840,1763157521053.0,0adab909-eb8f-4baf-9eed-7a4cc889cb7c,78:50:42:85:BB:45,,-89,1763157519662
54841,1763157532557.0,0adab909-eb8f-4baf-9eed-7a4cc889cb7c,66:42:A9:38:65:A7,,-69,1763157519662
54842,1763157532693.0,0adab909-eb8f-4baf-9eed-7a4cc889cb7c,84:C8:A0:8B:BD:3D,JBL BAR 800,-84,1763157519662
54843,1763157533664.0,0adab909-eb8f-4baf-9eed-7a4cc889cb7c,F8:D9:D8:94:CB:9A,,-79,1763157519662
54844,1763157534614.0,0adab909-eb8f-4baf-9eed-7a4cc889cb7c,D5:4B:12:65:BB:49,,-87,1763157519662
54845,1763157681151.0,0adab909-eb8f-4baf-9eed-7a4cc889cb7c,66:42:A9:38:65:A7,,-67,1763157680082
54846,1763157682426.0,0adab909-eb8f-4baf-9eed-7a4cc889cb7c,64:B3:F1:5E:96:2B,,-88,1763157680082
54847,1763158472531.0,0adab909-eb8f-4baf-9eed-7a4cc889cb7c,66:42:A9:38:65:A7,,-71,1763158472323
54848,1763158474982.0,0adab909-eb8f-4baf-9eed-7a4cc889cb7c,46:E8:DF:6E:8B:8E,,-89,1763158472323
54849,1763158483638.0,0adab909-eb8f-4baf-9eed-7a4cc889cb7c,E1:F6:CA:F9:BC:75,,-91,1763158472323
54850,1763158483767.0,0adab909-eb8f-4baf-9eed-7a4cc889cb7c,66:42:A9:38:65:A7,,-71,1763158472323
54851,1763158483793.0,0adab909-eb8f-4baf-9eed-7a4cc889cb7c,46:E8:DF:6E:8B:8E,,-91,1763158472323
54852,1763158871748.0,0adab909-eb8f-4baf-9eed-7a4cc889cb7c,65:BF:96:AA:D3:54,,-83,1763158870049
54853,1763158883026.0,0adab909-eb8f-4baf-9eed-7a4cc889cb7c,65:BF:96:AA:D3:54,,-82,1763158870049
54854,1763159538222.0,0adab909-eb8f-4baf-9eed-7a4cc889cb7c,65:BF:96:AA:D3:54,,-73,1763159538028
54855,1763159538261.0,0adab909-eb8f-4baf-9eed-7a4cc889cb7c,4C:96:8A:ED:6A:01,SPEN NA,-65,1763159538028
54856,1763159538428.0,0adab909-eb8f-4baf-9eed-7a4cc889cb7c,4C:96:8A:ED:6A:01,SPEN NA,-66,1763159538028
54857,1763159538747.0,0adab909-eb8f-4baf-9eed-7a4cc889cb7c,4C:96:8A:ED:6A:01,SPEN NA,-60,1763159538028
54858,1763159539490.0,0adab909-eb8f-4baf-9eed-7a4cc889cb7c,4C:96:8A:ED:6A:01,SPEN NA,-60,1763159538028
54859,1763159540110.0,0adab909-eb8f-4baf-9eed-7a4cc889cb7c,4C:96:8A:ED:6A:01,SPEN NA,-60,1763159538028
54860,1763159540387.0,0adab909-eb8f-4baf-9eed-7a4cc889cb7c,64:8A:FF:E6:1D:23,,-87,1763159538028
54861,1763159541685.0,0adab909-eb8f-4baf-9eed-7a4cc889cb7c,4C:96:8A:ED:6A:01,SPEN NA,-61,1763159538028
54862,1763159542319.0,0adab909-eb8f-4baf-9eed-7a4cc889cb7c,4C:96:8A:ED:6A:01,SPEN NA,-65,1763159538028
54863,1763159543256.0,0adab909-eb8f-4baf-9eed-7a4cc889cb7c,4C:96:8A:ED:6A:01,SPEN NA,-61,1763159538028
54864,1763159543590.0,0adab909-eb8f-4baf-9eed-7a4cc889cb7c,4C:96:8A:ED:6A:01,SPEN NA,-66,1763159538028
54865,1763159543897.0,0adab909-eb8f-4baf-9eed-7a4cc889cb7c,4C:96:8A:ED:6A:01,SPEN NA,-63,1763159538028
54866,1763159544215.0,0adab909-eb8f-4baf-9eed-7a4cc889cb7c,4C:96:8A:ED:6A:01,SPEN NA,-60,1763159538028
54867,1763159544552.0,0adab909-eb8f-4baf-9eed-7a4cc889cb7c,4C:96:8A:ED:6A:01,SPEN NA,-61,1763159538028
54868,1763159544839.0,0adab909-eb8f-4baf-9eed-7a4cc889cb7c,4C:96:8A:ED:6A:01,SPEN NA,-59,1763159538028
54869,1763159545162.0,0adab909-eb8f-4baf-9eed-7a4cc889cb7c,4C:96:8A:ED:6A:01,SPEN NA,-60,1763159538028
54870,1763159545478.0,0adab909-eb8f-4baf-9eed-7a4cc889cb7c,4C:96:8A:ED:6A:01,SPEN NA,-66,1763159538028
54871,1763159545892.0,0adab909-eb8f-4baf-9eed-7a4cc889cb7c,4C:96:8A:ED:6A:01,SPEN NA,-65,1763159538028
54872,1763159546523.0,0adab909-eb8f-4baf-9eed-7a4cc889cb7c,4C:96:8A:ED:6A:01,SPEN NA,-61,1763159538028
54873,1763159547054.0,0adab909-eb8f-4baf-9eed-7a4cc889cb7c,4C:96:8A:ED:6A:01,SPEN NA,-66,1763159538028
54874,1763159547374.0,0adab909-eb8f-4baf-9eed-7a4cc889cb7c,4C:96:8A:ED:6A:01,SPEN NA,-65,1763159538028
54875,1763159548410.0,0adab909-eb8f-4baf-9eed-7a4cc889cb7c,4C:96:8A:ED:6A:01,SPEN NA,-62,1763159538028
54876,1763159548735.0,0adab909-eb8f-4baf-9eed-7a4cc889cb7c,4C:96:8A:ED:6A:01,SPEN NA,-63,1763159538028
54877,1763159549993.0,0adab909-eb8f-4baf-9eed-7a4cc889cb7c,4C:96:8A:ED:6A:01,SPEN NA,-63,1763159538028
54878,1763159550294.0,0adab909-eb8f-4baf-9eed-7a4cc889cb7c,4C:96:8A:ED:6A:01,SPEN NA,-66,1763159538028
54879,1763159550624.0,0adab909-eb8f-4baf-9eed-7a4cc889cb7c,4C:96:8A:ED:6A:01,SPEN NA,-63,1763159538028
54880,1763159551015.0,0adab909-eb8f-4baf-9eed-7a4cc889cb7c,4C:96:8A:ED:6A:01,SPEN NA,-63,1763159538028
54881,1763159551959.0,0adab909-eb8f-4baf-9eed-7a4cc889cb7c,64:8A:FF:E6:1D:23,,-86,1763159538028
54882,1763159552047.0,0adab909-eb8f-4baf-9eed-7a4cc889cb7c,84:C8:A0:8B:BD:3D,JBL BAR 800,-82,1763159538028
54883,1763159553016.0,0adab909-eb8f-4baf-9eed-7a4cc889cb7c,65:BF:96:AA:D3:54,,-70,1763159538028
54884,1763160078673.0,0adab909-eb8f-4baf-9eed-7a4cc889cb7c,69:66:0B:A1:A2:85,,-77,1763160078643
54885,1763160078794.0,0adab909-eb8f-4baf-9eed-7a4cc889cb7c,4C:96:8A:ED:6A:01,SPEN NA,-69,1763160078643
54886,1763160079420.0,0adab909-eb8f-4baf-9eed-7a4cc889cb7c,4C:96:8A:ED:6A:01,SPEN NA,-71,1763160078643
54887,1763160079735.0,0adab909-eb8f-4baf-9eed-7a4cc889cb7c,4C:96:8A:ED:6A:01,SPEN NA,-62,1763160078643
54888,1763160080350.0,0adab909-eb8f-4baf-9eed-7a4cc889cb7c,4C:96:8A:ED:6A:01,SPEN NA,-65,1763160078643
54889,1763160080994.0,0adab909-eb8f-4baf-9eed-7a4cc889cb7c,4C:96:8A:ED:6A:01,SPEN NA,-65,1763160078643
54890,1763160081315.0,0adab909-eb8f-4baf-9eed-7a4cc889cb7c,4C:96:8A:ED:6A:01,SPEN NA,-65,1763160078643
54891,1763160081629.0,0adab909-eb8f-4baf-9eed-7a4cc889cb7c,4C:96:8A:ED:6A:01,SPEN NA,-62,1763160078643
54892,1763160081960.0,0adab909-eb8f-4baf-9eed-7a4cc889cb7c,4C:96:8A:ED:6A:01,SPEN NA,-63,1763160078643
54893,1763160082272.0,0adab909-eb8f-4baf-9eed-7a4cc889cb7c,4C:96:8A:ED:6A:01,SPEN NA,-67,1763160078643
54894,1763160082555.0,0adab909-eb8f-4baf-9eed-7a4cc889cb7c,4C:96:8A:ED:6A:01,SPEN NA,-63,1763160078643
54895,1763160082904.0,0adab909-eb8f-4baf-9eed-7a4cc889cb7c,4C:96:8A:ED:6A:01,SPEN NA,-65,1763160078643
54896,1763160082924.0,0adab909-eb8f-4baf-9eed-7a4cc889cb7c,5B:43:07:F8:85:79,,-90,1763160078643
54897,1763160083222.0,0adab909-eb8f-4baf-9eed-7a4cc889cb7c,4C:96:8A:ED:6A:01,SPEN NA,-66,1763160078643
54898,1763160083511.0,0adab909-eb8f-4baf-9eed-7a4cc889cb7c,4C:96:8A:ED:6A:01,SPEN NA,-63,1763160078643
54899,1763160083862.0,0adab909-eb8f-4baf-9eed-7a4cc889cb7c,4C:96:8A:ED:6A:01,SPEN NA,-69,1763160078643
54900,1763160084148.0,0adab909-eb8f-4baf-9eed-7a4cc889cb7c,4C:96:8A:ED:6A:01,SPEN NA,-66,1763160078643
54901,1763160085519.0,0adab909-eb8f-4baf-9eed-7a4cc889cb7c,4C:96:8A:ED:6A:01,SPEN NA,-67,1763160078643
54902,1763160087701.0,0adab909-eb8f-4baf-9eed-7a4cc889cb7c,4C:96:8A:ED:6A:01,SPEN NA,-68,1763160078643
54903,1763160088354.0,0adab909-eb8f-4baf-9eed-7a4cc889cb7c,4C:96:8A:ED:6A:01,SPEN NA,-61,1763160078643
54904,1763160088974.0,0adab909-eb8f-4baf-9eed-7a4cc889cb7c,4C:96:8A:ED:6A:01,SPEN NA,-65,1763160078643
54905,1763160089306.0,0adab909-eb8f-4baf-9eed-7a4cc889cb7c,4C:96:8A:ED:6A:01,SPEN NA,-67,1763160078643
54906,1763160089622.0,0adab909-eb8f-4baf-9eed-7a4cc889cb7c,4C:96:8A:ED:6A:01,SPEN NA,-68,1763160078643
54907,1763160089950.0,0adab909-eb8f-4baf-9eed-7a4cc889cb7c,4C:96:8A:ED:6A:01,SPEN NA,-68,1763160078643
54908,1763160090231.0,0adab909-eb8f-4baf-9eed-7a4cc889cb7c,4C:96:8A:ED:6A:01,SPEN NA,-61,1763160078643
54909,1763160090551.0,0adab909-eb8f-4baf-9eed-7a4cc889cb7c,4C:96:8A:ED:6A:01,SPEN NA,-67,1763160078643
54910,1763160091585.0,0adab909-eb8f-4baf-9eed-7a4cc889cb7c,4C:96:8A:ED:6A:01,SPEN NA,-67,1763160078643
54911,1763160091609.0,0adab909-eb8f-4baf-9eed-7a4cc889cb7c,69:66:0B:A1:A2:85,,-71,1763160078643
54912,1763160093814.0,0adab909-eb8f-4baf-9eed-7a4cc889cb7c,84:C8:A0:8B:BD:3D,JBL BAR 800,-85,1763160078643
54913,1763160831537.0,0adab909-eb8f-4baf-9eed-7a4cc889cb7c,69:66:0B:A1:A2:85,,-70,1763160831163
54914,1763160833168.0,0adab909-eb8f-4baf-9eed-7a4cc889cb7c,5B:43:07:F8:85:79,,-85,1763160831163
54915,1763160836727.0,0adab909-eb8f-4baf-9eed-7a4cc889cb7c,4E:78:D8:95:29:2C,,-93,1763160831163
54916,1763160844116.0,0adab909-eb8f-4baf-9eed-7a4cc889cb7c,C1:56:92:17:F0:B9,,-84,1763160831163
54917,1763160844229.0,0adab909-eb8f-4baf-9eed-7a4cc889cb7c,69:66:0B:A1:A2:85,,-73,1763160831163
54918,1763160845267.0,0adab909-eb8f-4baf-9eed-7a4cc889cb7c,5B:43:07:F8:85:79,,-88,1763160831163
54919,1763160846077.0,0adab909-eb8f-4baf-9eed-7a4cc889cb7c,84:C8:A0:8B:BD:3D,JBL BAR 800,-87,1763160831163
54920,1763161431898.0,0adab909-eb8f-4baf-9eed-7a4cc889cb7c,69:66:0B:A1:A2:85,,-69,1763161431186
54921,1763161431939.0,0adab909-eb8f-4baf-9eed-7a4cc889cb7c,6B:EB:CA:0E:8A:D5,,-77,1763161431186
54922,1763161444275.0,0adab909-eb8f-4baf-9eed-7a4cc889cb7c,69:66:0B:A1:A2:85,,-61,1763161431186
54923,1763161444307.0,0adab909-eb8f-4baf-9eed-7a4cc889cb7c,6B:EB:CA:0E:8A:D5,,-78,1763161431186
54924,1763161444333.0,0adab909-eb8f-4baf-9eed-7a4cc889cb7c,1A:80:51:E4:5C:60,,-80,1763161431186
54925,1763161444379.0,0adab909-eb8f-4baf-9eed-7a4cc889cb7c,84:C8:A0:8B:BD:3D,JBL BAR 800,-85,1763161431186
54926,1763161447112.0,0adab909-eb8f-4baf-9eed-7a4cc889cb7c,FA:FA:5A:18:57:53,,-75,1763161431186
54927,1763162031901.0,0adab909-eb8f-4baf-9eed-7a4cc889cb7c,5A:0A:F4:43:7F:BE,,-79,1763162031136
54928,1763162033151.0,0adab909-eb8f-4baf-9eed-7a4cc889cb7c,7C:21:8D:48:C7:B7,,-94,1763162031136
54929,1763162044233.0,0adab909-eb8f-4baf-9eed-7a4cc889cb7c,5A:0A:F4:43:7F:BE,,-76,1763162031136
54930,1763162045099.0,0adab909-eb8f-4baf-9eed-7a4cc889cb7c,84:C8:A0:8B:BD:3D,JBL BAR 800,-81,1763162031136
54931,1763162563959.0,0adab909-eb8f-4baf-9eed-7a4cc889cb7c,5A:0A:F4:43:7F:BE,,-61,1763162563219
54932,1763163233433.0,0adab909-eb8f-4baf-9eed-7a4cc889cb7c,66:5A:C3:7A:5B:79,,-79,1763163232977
54933,1763163233753.0,0adab909-eb8f-4baf-9eed-7a4cc889cb7c,42:BB:AA:54:88:28,,-63,1763163232977
54934,1763163831537.0,0adab909-eb8f-4baf-9eed-7a4cc889cb7c,42:BB:AA:54:88:28,,-62,1763163831412
54935,1763163831837.0,0adab909-eb8f-4baf-9eed-7a4cc889cb7c,59:06:71:82:D3:0E,,-94,1763163831412
54936,1763163832819.0,0adab909-eb8f-4baf-9eed-7a4cc889cb7c,4C:62:00:EC:04:7E,,-82,1763163831412
54937,1763164364712.0,0adab909-eb8f-4baf-9eed-7a4cc889cb7c,42:BB:AA:54:88:28,,-57,1763164364656
54938,1763164366957.0,0adab909-eb8f-4baf-9eed-7a4cc889cb7c,4C:62:00:EC:04:7E,,-86,1763164364656
54939,1763164966372.0,0adab909-eb8f-4baf-9eed-7a4cc889cb7c,6D:B7:73:7F:09:3C,,-66,1763164964980
54940,1763165565212.0,0adab909-eb8f-4baf-9eed-7a4cc889cb7c,76:49:E7:6F:65:FA,,-82,1763165565209
54941,1763165565240.0,0adab909-eb8f-4baf-9eed-7a4cc889cb7c,6D:B7:73:7F:09:3C,,-64,1763165565209
54942,1763165570543.0,0adab909-eb8f-4baf-9eed-7a4cc889cb7c,67:E5:B2:AC:50:80,,-89,1763165565209
54943,1763166228606.0,0adab909-eb8f-4baf-9eed-7a4cc889cb7c,7F:69:96:5D:D7:BB,,-68,1763166225957
54944,1763166229884.0,0adab909-eb8f-4baf-9eed-7a4cc889cb7c,76:49:E7:6F:65:FA,,-81,1763166225957
54945,1763166682672.0,0adab909-eb8f-4baf-9eed-7a4cc889cb7c,53:8E:41:5E:97:A5,,-78,1763166681926
54946,1763166684362.0,0adab909-eb8f-4baf-9eed-7a4cc889cb7c,7F:69:96:5D:D7:BB,,-71,1763166681926
54947,1763167283952.0,0adab909-eb8f-4baf-9eed-7a4cc889cb7c,7C:47:9F:CC:A8:7B,,-56,1763167281914
54948,1763167287827.0,0adab909-eb8f-4baf-9eed-7a4cc889cb7c,7D:26:E8:C9:4A:11,,-88,1763167281914
54949,1763167882696.0,0adab909-eb8f-4baf-9eed-7a4cc889cb7c,7C:47:9F:CC:A8:7B,,-62,1763167881932
54950,1763168557017.0,0adab909-eb8f-4baf-9eed-7a4cc889cb7c,4C:7E:B0:33:E0:6F,,-57,1763168556914
54951,1763169157372.0,0adab909-eb8f-4baf-9eed-7a4cc889cb7c,4C:7E:B0:33:E0:6F,,-66,1763169156926
54952,1763169158342.0,0adab909-eb8f-4baf-9eed-7a4cc889cb7c,5B:82:5F:37:08:83,,-93,1763169156926
54953,1763169161936.0,0adab909-eb8f-4baf-9eed-7a4cc889cb7c,5B:8E:98:37:E2:FA,,-86,1763169156926
54954,1763169756938.0,0adab909-eb8f-4baf-9eed-7a4cc889cb7c,7D:D1:09:B3:EC:26,,-57,1763169756926
54955,1763169757977.0,0adab909-eb8f-4baf-9eed-7a4cc889cb7c,4A:14:12:C2:AF:28,,-90,1763169756926
54956,1763169765617.0,0adab909-eb8f-4baf-9eed-7a4cc889cb7c,60:86:B8:78:66:A8,,-86,1763169756926
54957,1763170430353.0,0adab909-eb8f-4baf-9eed-7a4cc889cb7c,7D:D1:09:B3:EC:26,,-61,1763170429913
54958,1763170431296.0,0adab909-eb8f-4baf-9eed-7a4cc889cb7c,60:86:B8:78:66:A8,,-86,1763170429913
54959,1763171031697.0,0adab909-eb8f-4baf-9eed-7a4cc889cb7c,7D:D1:09:B3:EC:26,,-60,1763171028419
54960,1763171034591.0,0adab909-eb8f-4baf-9eed-7a4cc889cb7c,75:ED:33:9E:60:C8,,-91,1763171028419
54961,1763171040995.0,0adab909-eb8f-4baf-9eed-7a4cc889cb7c,79:AF:38:39:9A:AD,,-89,1763171028419
54962,1763171629961.0,0adab909-eb8f-4baf-9eed-7a4cc889cb7c,71:88:E6:1F:A7:DC,,-56,1763171629877
54963,1763172263961.0,0adab909-eb8f-4baf-9eed-7a4cc889cb7c,71:88:E6:1F:A7:DC,,-56,1763172263858
54964,1763172273846.0,0adab909-eb8f-4baf-9eed-7a4cc889cb7c,4B:33:49:67:B0:F7,,-85,1763172263858
54965,1763172866250.0,0adab909-eb8f-4baf-9eed-7a4cc889cb7c,7C:DE:9E:38:35:C5,,-66,1763172864866
54966,1763173997615.0,0adab909-eb8f-4baf-9eed-7a4cc889cb7c,61:3F:F3:26:2D:6B,,-63,1763173996850
54967,1763173997944.0,0adab909-eb8f-4baf-9eed-7a4cc889cb7c,64:E9:DD:69:CB:A7,,-81,1763173996850
54968,1763174597316.0,0adab909-eb8f-4baf-9eed-7a4cc889cb7c,61:3F:F3:26:2D:6B,,-69,1763174597170
54969,1763174601229.0,0adab909-eb8f-4baf-9eed-7a4cc889cb7c,64:E9:DD:69:CB:A7,,-84,1763174597170
54970,1763174602132.0,0adab909-eb8f-4baf-9eed-7a4cc889cb7c,67:FC:AE:43:21:92,,-92,1763174597170
54971,1763175198898.0,0adab909-eb8f-4baf-9eed-7a4cc889cb7c,44:64:A3:1B:A3:BA,,-58,1763175197114
54972,1763175198920.0,0adab909-eb8f-4baf-9eed-7a4cc889cb7c,76:71:B7:2D:52:33,,-89,1763175197114
54973,1763175797892.0,0adab909-eb8f-4baf-9eed-7a4cc889cb7c,44:64:A3:1B:A3:BA,,-58,1763175796879
54974,1763175798589.0,0adab909-eb8f-4baf-9eed-7a4cc889cb7c,76:71:B7:2D:52:33,,-84,1763175796879
54975,1763176328840.0,0adab909-eb8f-4baf-9eed-7a4cc889cb7c,43:9F:55:BB:2F:B5,,-87,1763176328828
54976,1763176329879.0,0adab909-eb8f-4baf-9eed-7a4cc889cb7c,44:64:A3:1B:A3:BA,,-58,1763176328828
54977,1763176929247.0,0adab909-eb8f-4baf-9eed-7a4cc889cb7c,4A:E5:22:F4:FE:17,,-68,1763176928829
54978,1763176932152.0,0adab909-eb8f-4baf-9eed-7a4cc889cb7c,43:9F:55:BB:2F:B5,,-85,1763176928829
54979,1763177529110.0,0adab909-eb8f-4baf-9eed-7a4cc889cb7c,4A:E5:22:F4:FE:17,,-62,1763177528871
54980,1763177530259.0,0adab909-eb8f-4baf-9eed-7a4cc889cb7c,7B:19:88:59:41:CA,,-82,1763177528871
54981,1763178360844.0,0adab909-eb8f-4baf-9eed-7a4cc889cb7c,7B:19:88:59:41:CA,,-84,1763178360833
54982,1763178361579.0,0adab909-eb8f-4baf-9eed-7a4cc889cb7c,70:F3:B6:79:14:31,,-67,1763178360833
54983,1763178961033.0,0adab909-eb8f-4baf-9eed-7a4cc889cb7c,69:C7:BF:9B:DC:41,,-84,1763178961031
54984,1763178962243.0,0adab909-eb8f-4baf-9eed-7a4cc889cb7c,5E:57:C5:18:C6:E0,,-66,1763178961031
54985,1763179562292.0,0adab909-eb8f-4baf-9eed-7a4cc889cb7c,5E:57:C5:18:C6:E0,,-70,1763179561073
54986,1763179564181.0,0adab909-eb8f-4baf-9eed-7a4cc889cb7c,69:C7:BF:9B:DC:41,,-86,1763179561073
54987,1763179571251.0,0adab909-eb8f-4baf-9eed-7a4cc889cb7c,76:40:03:D3:AE:E6,,-90,1763179561073
54988,1763180192314.0,0adab909-eb8f-4baf-9eed-7a4cc889cb7c,7F:0F:E0:E1:43:B4,,-70,1763180192066
54989,1763180195199.0,0adab909-eb8f-4baf-9eed-7a4cc889cb7c,54:42:9F:C3:42:4E,,-83,1763180192066
54990,1763180494917.0,0adab909-eb8f-4baf-9eed-7a4cc889cb7c,54:42:9F:C3:42:4E,,-82,1763180492805
54991,1763180494933.0,0adab909-eb8f-4baf-9eed-7a4cc889cb7c,7F:0F:E0:E1:43:B4,,-59,1763180492805
54992,1763181092198.0,0adab909-eb8f-4baf-9eed-7a4cc889cb7c,7F:0F:E0:E1:43:B4,,-68,1763181091791
54993,1763181098008.0,0adab909-eb8f-4baf-9eed-7a4cc889cb7c,54:42:9F:C3:42:4E,,-89,1763181091791
54994,1763181104099.0,0adab909-eb8f-4baf-9eed-7a4cc889cb7c,78:9B:0D:5E:81:55,,-93,1763181091791
54995,1763181693270.0,0adab909-eb8f-4baf-9eed-7a4cc889cb7c,6B:13:0C:B0:AE:1F,,-60,1763181693266
54996,1763181693849.0,0adab909-eb8f-4baf-9eed-7a4cc889cb7c,71:C7:6F:12:0F:05,,-78,1763181693266
54997,1763181697785.0,0adab909-eb8f-4baf-9eed-7a4cc889cb7c,78:9B:0D:5E:81:55,,-86,1763181693266
54998,1763182527080.0,0adab909-eb8f-4baf-9eed-7a4cc889cb7c,6E:73:1D:D7:D8:55,,-68,1763182523816
54999,1763182528351.0,0adab909-eb8f-4baf-9eed-7a4cc889cb7c,71:C7:6F:12:0F:05,,-90,1763182523816
55000,1763183128067.0,0adab909-eb8f-4baf-9eed-7a4cc889cb7c,48:48:1C:A3:86:33,,-85,1763183124761
55001,1763183129078.0,0adab909-eb8f-4baf-9eed-7a4cc889cb7c,6E:73:1D:D7:D8:55,,-67,1763183124761
55002,1763183725547.0,0adab909-eb8f-4baf-9eed-7a4cc889cb7c,44:16:D1:02:75:28,,-62,1763183725108
55003,1763183731320.0,0adab909-eb8f-4baf-9eed-7a4cc889cb7c,48:48:1C:A3:86:33,,-86,1763183725108
55004,1763184257251.0,0adab909-eb8f-4baf-9eed-7a4cc889cb7c,44:16:D1:02:75:28,,-70,1763184257012
55005,1763184691625.0,0adab909-eb8f-4baf-9eed-7a4cc889cb7c,44:16:D1:02:75:28,,-66,1763184690191
55006,1763184693803.0,0adab909-eb8f-4baf-9eed-7a4cc889cb7c,62:BE:15:00:C4:9D,,-83,1763184690191
55007,1763184697329.0,0adab909-eb8f-4baf-9eed-7a4cc889cb7c,5E:AC:37:EB:CF:7C,,-90,1763184690191
55008,1763185457950.0,0adab909-eb8f-4baf-9eed-7a4cc889cb7c,62:BE:15:00:C4:9D,,-86,1763185456821
55009,1763185457969.0,0adab909-eb8f-4baf-9eed-7a4cc889cb7c,58:03:A7:B0:26:F0,,-70,1763185456821
55010,1763185502385.0,0adab909-eb8f-4baf-9eed-7a4cc889cb7c,58:03:A7:B0:26:F0,,-67,1763185456821
55011,1763186320831.0,0adab909-eb8f-4baf-9eed-7a4cc889cb7c,68:2D:F3:B2:51:D0,,-80,1763186320793
55012,1763186321602.0,0adab909-eb8f-4baf-9eed-7a4cc889cb7c,51:77:F2:E0:EE:27,,-73,1763186320793
55013,1763186402339.0,0adab909-eb8f-4baf-9eed-7a4cc889cb7c,51:77:F2:E0:EE:27,,-72,1763186320793
55014,1763186402397.0,0adab909-eb8f-4baf-9eed-7a4cc889cb7c,84:C8:A0:8B:BD:3D,JBL BAR 800,-79,1763186320793
55015,1763186403124.0,0adab909-eb8f-4baf-9eed-7a4cc889cb7c,68:2D:F3:B2:51:D0,,-65,1763186320793
55016,1763186634173.0,0adab909-eb8f-4baf-9eed-7a4cc889cb7c,51:77:F2:E0:EE:27,,-61,1763186633783
55017,1763186634204.0,0adab909-eb8f-4baf-9eed-7a4cc889cb7c,68:2D:F3:B2:51:D0,,-72,1763186633783
55018,1763187521116.0,0adab909-eb8f-4baf-9eed-7a4cc889cb7c,76:96:CA:9E:A5:C9,,-76,1763187520769
55019,1763187522111.0,0adab909-eb8f-4baf-9eed-7a4cc889cb7c,71:3E:95:40:43:15,,-58,1763187520769
55020,1763188053871.0,0adab909-eb8f-4baf-9eed-7a4cc889cb7c,71:3E:95:40:43:15,,-62,1763188052780
55021,1763188058020.0,0adab909-eb8f-4baf-9eed-7a4cc889cb7c,74:7E:87:5E:A5:3B,,-87,1763188052780
55022,1763188059885.0,0adab909-eb8f-4baf-9eed-7a4cc889cb7c,76:96:CA:9E:A5:C9,,-85,1763188052780
55023,1763188352976.0,0adab909-eb8f-4baf-9eed-7a4cc889cb7c,44:BF:8E:9D:DD:CB,,-69,1763188352973
55024,1763188353871.0,0adab909-eb8f-4baf-9eed-7a4cc889cb7c,71:3E:95:40:43:15,,-68,1763188352973
55025,1763188924796.0,0adab909-eb8f-4baf-9eed-7a4cc889cb7c,61:AD:7A:AE:E0:3E,,-64,1763188923045
55026,1763188931852.0,0adab909-eb8f-4baf-9eed-7a4cc889cb7c,75:21:A6:B9:23:D6,,-91,1763188923045
55027,1763189553823.0,0adab909-eb8f-4baf-9eed-7a4cc889cb7c,61:AD:7A:AE:E0:3E,,-62,1763189553324
55028,1763190085103.0,0adab909-eb8f-4baf-9eed-7a4cc889cb7c,65:17:34:B2:4E:33,,-67,1763190084702
55029,1763190087116.0,0adab909-eb8f-4baf-9eed-7a4cc889cb7c,5B:2F:60:C9:4D:9B,,-92,1763190084702
55030,1763190687035.0,0adab909-eb8f-4baf-9eed-7a4cc889cb7c,65:17:34:B2:4E:33,,-66,1763190684707
55031,1763191286108.0,0adab909-eb8f-4baf-9eed-7a4cc889cb7c,65:17:34:B2:4E:33,,-66,1763191284705
55032,1763191922465.0,0adab909-eb8f-4baf-9eed-7a4cc889cb7c,61:06:3A:D2:30:A1,,-70,1763191921703
55033,1763192521746.0,0adab909-eb8f-4baf-9eed-7a4cc889cb7c,6A:7D:24:0E:4A:2B,,-87,1763192521687
55034,1763192522108.0,0adab909-eb8f-4baf-9eed-7a4cc889cb7c,61:06:3A:D2:30:A1,,-65,1763192521687
55035,1763193122784.0,0adab909-eb8f-4baf-9eed-7a4cc889cb7c,54:34:9C:C8:A0:25,,-62,1763193121705
55036,1763193953053.0,0adab909-eb8f-4baf-9eed-7a4cc889cb7c,54:34:9C:C8:A0:25,,-60,1763193952601
55037,1763194555035.0,0adab909-eb8f-4baf-9eed-7a4cc889cb7c,43:64:18:5B:28:02,,-59,1763194553672
55038,1763195154037.0,0adab909-eb8f-4baf-9eed-7a4cc889cb7c,43:64:18:5B:28:02,,-65,1763195153670
55039,1763195686713.0,0adab909-eb8f-4baf-9eed-7a4cc889cb7c,43:64:18:5B:28:02,,-66,1763195685638
55040,1763196286262.0,0adab909-eb8f-4baf-9eed-7a4cc889cb7c,57:59:A8:41:99:89,,-61,1763196285797
55041,1763196885929.0,0adab909-eb8f-4baf-9eed-7a4cc889cb7c,57:59:A8:41:99:89,,-63,1763196885925
55042,1763197408862.0,0adab909-eb8f-4baf-9eed-7a4cc889cb7c,77:F4:F1:74:EB:4C,,-65,1763197407516
55043,1763197413062.0,0adab909-eb8f-4baf-9eed-7a4cc889cb7c,74:E7:36:23:C5:58,,-91,1763197407516
55044,1763197420414.0,0adab909-eb8f-4baf-9eed-7a4cc889cb7c,77:F4:F1:74:EB:4C,,-78,1763197407516
55045,1763197420453.0,0adab909-eb8f-4baf-9eed-7a4cc889cb7c,84:C8:A0:8B:BD:3D,JBL BAR 800,-75,1763197407516
55046,1763197882269.0,0adab909-eb8f-4baf-9eed-7a4cc889cb7c,74:E7:36:23:C5:58,,-91,1763197879349
55047,1763197882549.0,0adab909-eb8f-4baf-9eed-7a4cc889cb7c,77:F4:F1:74:EB:4C,,-64,1763197879349
55048,1763197893212.0,0adab909-eb8f-4baf-9eed-7a4cc889cb7c,77:F4:F1:74:EB:4C,,-64,1763197879349
55049,1763197893397.0,0adab909-eb8f-4baf-9eed-7a4cc889cb7c,84:C8:A0:8B:BD:3D,JBL BAR 800,-82,1763197879349
55050,1763198500979.0,0adab909-eb8f-4baf-9eed-7a4cc889cb7c,77:F4:F1:74:EB:4C,,-77,1763198500517
55051,1763198506425.0,0adab909-eb8f-4baf-9eed-7a4cc889cb7c,50:76:53:88:0E:A3,,-87,1763198500517
55052,1763198513527.0,0adab909-eb8f-4baf-9eed-7a4cc889cb7c,84:C8:A0:8B:BD:3D,JBL BAR 800,-79,1763198500517
55053,1763198514706.0,0adab909-eb8f-4baf-9eed-7a4cc889cb7c,77:F4:F1:74:EB:4C,,-73,1763198500517
55054,1763199101897.0,0adab909-eb8f-4baf-9eed-7a4cc889cb7c,50:76:53:88:0E:A3,,-84,1763199100498
55055,1763199102168.0,0adab909-eb8f-4baf-9eed-7a4cc889cb7c,7F:E6:E0:97:A1:DB,,-61,1763199100498
55056,1763199114517.0,0adab909-eb8f-4baf-9eed-7a4cc889cb7c,7F:E6:E0:97:A1:DB,,-66,1763199100498
55057,1763199115401.0,0adab909-eb8f-4baf-9eed-7a4cc889cb7c,84:C8:A0:8B:BD:3D,JBL BAR 800,-86,1763199100498
55058,1763199711517.0,0adab909-eb8f-4baf-9eed-7a4cc889cb7c,7F:E6:E0:97:A1:DB,,-72,1763199711093
55059,1763199724160.0,0adab909-eb8f-4baf-9eed-7a4cc889cb7c,84:C8:A0:8B:BD:3D,JBL BAR 800,-75,1763199711093
55060,1763199724206.0,0adab909-eb8f-4baf-9eed-7a4cc889cb7c,7F:E6:E0:97:A1:DB,,-64,1763199711093
55061,1763200311198.0,0adab909-eb8f-4baf-9eed-7a4cc889cb7c,7F:E6:E0:97:A1:DB,,-63,1763200311113
55062,1763200311224.0,0adab909-eb8f-4baf-9eed-7a4cc889cb7c,47:C9:41:02:69:5A,,-88,1763200311113
55063,1763200318230.0,0adab909-eb8f-4baf-9eed-7a4cc889cb7c,72:F5:98:62:49:56,,-69,1763200311113
55064,1763200324212.0,0adab909-eb8f-4baf-9eed-7a4cc889cb7c,84:C8:A0:8B:BD:3D,JBL BAR 800,-87,1763200311113
55065,1763200325100.0,0adab909-eb8f-4baf-9eed-7a4cc889cb7c,72:F5:98:62:49:56,,-69,1763200311113
55066,1763200325207.0,0adab909-eb8f-4baf-9eed-7a4cc889cb7c,47:C9:41:02:69:5A,,-90,1763200311113
55067,1763200915443.0,0adab909-eb8f-4baf-9eed-7a4cc889cb7c,72:F5:98:62:49:56,,-76,1763200912228
55068,1763200916719.0,0adab909-eb8f-4baf-9eed-7a4cc889cb7c,42:3F:52:07:39:19,,-92,1763200912228
55069,1763201521635.0,0adab909-eb8f-4baf-9eed-7a4cc889cb7c,72:F5:98:62:49:56,,-80,1763201521139
55070,1763201522135.0,0adab909-eb8f-4baf-9eed-7a4cc889cb7c,42:3F:52:07:39:19,,-92,1763201521139
55071,1763201524795.0,0adab909-eb8f-4baf-9eed-7a4cc889cb7c,6B:D7:38:E6:28:7C,,-74,1763201521139
55072,1763202121068.0,0adab909-eb8f-4baf-9eed-7a4cc889cb7c,6B:D7:38:E6:28:7C,,-69,1763202120141
55073,1763202127454.0,0adab909-eb8f-4baf-9eed-7a4cc889cb7c,7D:AE:1F:4A:E3:F4,,-89,1763202120141
55074,1763202132904.0,0adab909-eb8f-4baf-9eed-7a4cc889cb7c,6B:D7:38:E6:28:7C,,-70,1763202120141
55075,1763202134954.0,0adab909-eb8f-4baf-9eed-7a4cc889cb7c,84:C8:A0:8B:BD:3D,JBL BAR 800,-80,1763202120141
55076,1763202719839.0,0adab909-eb8f-4baf-9eed-7a4cc889cb7c,6B:D7:38:E6:28:7C,,-64,1763202719705
55077,1763202732746.0,0adab909-eb8f-4baf-9eed-7a4cc889cb7c,6B:D7:38:E6:28:7C,,-62,1763202719705
55078,1763202733803.0,0adab909-eb8f-4baf-9eed-7a4cc889cb7c,84:C8:A0:8B:BD:3D,JBL BAR 800,-82,1763202719705
55079,1763203312653.0,0adab909-eb8f-4baf-9eed-7a4cc889cb7c,71:91:B8:A7:71:21,,-79,1763203312532
55080,1763203325567.0,0adab909-eb8f-4baf-9eed-7a4cc889cb7c,71:91:B8:A7:71:21,,-80,1763203312532
55081,1763203931731.0,0adab909-eb8f-4baf-9eed-7a4cc889cb7c,71:91:B8:A7:71:21,,-70,1763203930002
55082,1763203942980.0,0adab909-eb8f-4baf-9eed-7a4cc889cb7c,71:91:B8:A7:71:21,,-71,1763203930002
55083,1763203944920.0,0adab909-eb8f-4baf-9eed-7a4cc889cb7c,84:C8:A0:8B:BD:3D,JBL BAR 800,-79,1763203930002
55084,1763204570751.0,0adab909-eb8f-4baf-9eed-7a4cc889cb7c,5D:4C:2C:A5:42:9A,,-83,1763204570641
55085,1763204583591.0,0adab909-eb8f-4baf-9eed-7a4cc889cb7c,84:C8:A0:8B:BD:3D,JBL BAR 800,-80,1763204570641
55086,1763204583633.0,0adab909-eb8f-4baf-9eed-7a4cc889cb7c,5D:4C:2C:A5:42:9A,,-84,1763204570641
55087,1763205090859.0,0adab909-eb8f-4baf-9eed-7a4cc889cb7c,5D:4C:2C:A5:42:9A,,-73,1763205089107
55088,1763205093457.0,0adab909-eb8f-4baf-9eed-7a4cc889cb7c,35:61:42:46:DF:B0,,-95,1763205089107
55089,1763205682105.0,0adab909-eb8f-4baf-9eed-7a4cc889cb7c,5D:4C:2C:A5:42:9A,,-75,1763205680727
55090,1763205693704.0,0adab909-eb8f-4baf-9eed-7a4cc889cb7c,5D:4C:2C:A5:42:9A,,-76,1763205680727
55091,1763206371045.0,0adab909-eb8f-4baf-9eed-7a4cc889cb7c,4B:72:FF:54:C9:1D,,-87,1763206370984
55092,1763206963762.0,0adab909-eb8f-4baf-9eed-7a4cc889cb7c,4B:72:FF:54:C9:1D,,-87,1763206960107
55093,1763206969368.0,0adab909-eb8f-4baf-9eed-7a4cc889cb7c,7C:82:B3:84:A0:93,,-84,1763206960107
55094,1763207650991.0,0adab909-eb8f-4baf-9eed-7a4cc889cb7c,55:FD:0E:27:5E:A3,,-85,1763207646091
55095,1763208092087.0,0adab909-eb8f-4baf-9eed-7a4cc889cb7c,67:EA:6B:11:ED:FD,,-75,1763208092035
55096,1763208092488.0,0adab909-eb8f-4baf-9eed-7a4cc889cb7c,64:A4:FE:41:93:13,,-93,1763208092035
55097,1763208093114.0,0adab909-eb8f-4baf-9eed-7a4cc889cb7c,1D:D5:A3:3B:C2:95,,-92,1763208092035
55098,1763208093396.0,0adab909-eb8f-4baf-9eed-7a4cc889cb7c,4F:1D:BE:A8:6F:51,,-89,1763208092035
55099,1763208095411.0,0adab909-eb8f-4baf-9eed-7a4cc889cb7c,60:64:2B:A6:47:DA,,-84,1763208092035
55100,1763208095428.0,0adab909-eb8f-4baf-9eed-7a4cc889cb7c,67:34:D0:31:7F:1E,,-84,1763208092035
55101,1763208097554.0,0adab909-eb8f-4baf-9eed-7a4cc889cb7c,00:60:37:47:A1:05,EOX_R500,-91,1763208092035
55102,1763208101144.0,0adab909-eb8f-4baf-9eed-7a4cc889cb7c,7D:53:71:70:C8:CA,,-87,1763208092035
55103,1763208101169.0,0adab909-eb8f-4baf-9eed-7a4cc889cb7c,5D:B2:C4:C6:7C:3D,,-89,1763208092035
55104,1763208102094.0,0adab909-eb8f-4baf-9eed-7a4cc889cb7c,52:56:C8:35:58:2D,,-90,1763208092035
55105,1763208104028.0,0adab909-eb8f-4baf-9eed-7a4cc889cb7c,76:60:53:6E:D9:1E,,-83,1763208092035
55106,1763208707790.0,0adab909-eb8f-4baf-9eed-7a4cc889cb7c,02:47:08:10:06:F4,S 53,-63,1763208707582
55107,1763208707983.0,0adab909-eb8f-4baf-9eed-7a4cc889cb7c,4F:5A:36:3D:4F:47,,-62,1763208707582
55108,1763208708359.0,0adab909-eb8f-4baf-9eed-7a4cc889cb7c,4E:63:18:1D:19:CF,,-91,1763208707582
55109,1763208709226.0,0adab909-eb8f-4baf-9eed-7a4cc889cb7c,47:43:3B:59:F6:31,,-56,1763208707582
55110,1763208710562.0,0adab909-eb8f-4baf-9eed-7a4cc889cb7c,E4:98:BB:65:B6:9D,LEDnetWF02000865B69D,-81,1763208707582
55111,1763208715558.0,0adab909-eb8f-4baf-9eed-7a4cc889cb7c,CC:B1:1A:36:74:29,[TV] Samsung 5 Series (32),-90,1763208707582
55112,1763208717005.0,0adab909-eb8f-4baf-9eed-7a4cc889cb7c,2B:90:E9:C7:EC:A1,,-82,1763208707582
55113,1763208717950.0,0adab909-eb8f-4baf-9eed-7a4cc889cb7c,CC:B1:1A:36:74:29,[TV] Samsung 5 Series (32),-74,1763208707582
55114,1763208718585.0,0adab909-eb8f-4baf-9eed-7a4cc889cb7c,40:79:12:57:36:D5,,-96,1763208707582
55115,1763208720248.0,0adab909-eb8f-4baf-9eed-7a4cc889cb7c,D0:03:DF:8C:CA:57,,-100,1763208707582
55116,1763208727178.0,0adab909-eb8f-4baf-9eed-7a4cc889cb7c,24:08:C2:6C:33:D0,b;SAR;597;108;2;345;Luisentha,-79,1763208707582
55117,1763208727211.0,0adab909-eb8f-4baf-9eed-7a4cc889cb7c,1C:72:60:B8:D2:26,,-77,1763208707582
55118,1763208727258.0,0adab909-eb8f-4baf-9eed-7a4cc889cb7c,92:A6:73:DB:10:B9,b;SAR;541;122;1;341;Schafbrü,-56,1763208707582
55119,1763208727284.0,0adab909-eb8f-4baf-9eed-7a4cc889cb7c,4F:5A:36:3D:4F:47,,-71,1763208707582
55120,1763208727340.0,0adab909-eb8f-4baf-9eed-7a4cc889cb7c,47:43:3B:59:F6:31,,-65,1763208707582
55121,1763208728308.0,0adab909-eb8f-4baf-9eed-7a4cc889cb7c,ED:AE:FC:20:84:50,,-92,1763208707582
55122,1763208728338.0,0adab909-eb8f-4baf-9eed-7a4cc889cb7c,71:48:C2:6A:C0:5B,,-91,1763208707582
55123,1763208728369.0,0adab909-eb8f-4baf-9eed-7a4cc889cb7c,28:63:A5:C0:4B:9B,,-94,1763208707582
55124,1763208728426.0,0adab909-eb8f-4baf-9eed-7a4cc889cb7c,2B:90:E9:C7:EC:A1,,-81,1763208707582
55125,1763208729229.0,0adab909-eb8f-4baf-9eed-7a4cc889cb7c,21:78:25:BB:7B:7E,,-76,1763208707582
55126,1763208729256.0,0adab909-eb8f-4baf-9eed-7a4cc889cb7c,07:F2:11:88:EF:32,,-91,1763208707582
55127,1763208729368.0,0adab909-eb8f-4baf-9eed-7a4cc889cb7c,80:C3:BA:32:1A:5A,MOMENTUM 4,-86,1763208707582
55128,1763209279923.0,0adab909-eb8f-4baf-9eed-7a4cc889cb7c,47:D7:35:54:AD:00,[LG] webOS TV UJ651V,-85,1763209279890
55129,1763209280223.0,0adab909-eb8f-4baf-9eed-7a4cc889cb7c,4C:A6:D2:D4:2E:8A,,-88,1763209279890
55130,1763209280573.0,0adab909-eb8f-4baf-9eed-7a4cc889cb7c,7C:A6:B0:63:FD:07,GBK_H7090_FD07,-81,1763209279890
55131,1763209280770.0,0adab909-eb8f-4baf-9eed-7a4cc889cb7c,1C:86:9A:17:EE:CB,,-94,1763209279890
55132,1763209280950.0,0adab909-eb8f-4baf-9eed-7a4cc889cb7c,2C:C3:E3:5E:F2:A3,,-91,1763209279890
55133,1763209281280.0,0adab909-eb8f-4baf-9eed-7a4cc889cb7c,79:A6:46:11:D0:2C,,-80,1763209279890
55134,1763209282337.0,0adab909-eb8f-4baf-9eed-7a4cc889cb7c,1C:86:9A:17:EE:CB,[TV] Samsung AU7199 55 TV,-90,1763209279890
55135,1763209283106.0,0adab909-eb8f-4baf-9eed-7a4cc889cb7c,66:88:5E:9A:44:0B,MYRRDIN-2025-R,-84,1763209279890
55136,1763209283790.0,0adab909-eb8f-4baf-9eed-7a4cc889cb7c,C0:E7:BF:7F:34:4B,,-88,1763209279890
55137,1763209284108.0,0adab909-eb8f-4baf-9eed-7a4cc889cb7c,9C:8C:6E:DF:C1:A9,[TV] Samsung 6 Series (50),-85,1763209279890
55138,1763209284163.0,0adab909-eb8f-4baf-9eed-7a4cc889cb7c,02:EC:95:DF:28:AA,,-87,1763209279890
55139,1763209284733.0,0adab909-eb8f-4baf-9eed-7a4cc889cb7c,5B:59:4F:B1:6D:DF,,-88,1763209279890
55140,1763209284840.0,0adab909-eb8f-4baf-9eed-7a4cc889cb7c,00:30:03:56:79:A6,DMRRBA-007,-91,1763209279890
55141,1763209286695.0,0adab909-eb8f-4baf-9eed-7a4cc889cb7c,5D:30:7E:54:B4:4E,,-82,1763209279890
55142,1763209287030.0,0adab909-eb8f-4baf-9eed-7a4cc889cb7c,BE:27:ED:00:1C:E2,ELK-BLEDOM       ,-85,1763209279890
55143,1763209288324.0,0adab909-eb8f-4baf-9eed-7a4cc889cb7c,78:93:C3:C9:3E:BD,,-94,1763209279890
55144,1763209288492.0,0adab909-eb8f-4baf-9eed-7a4cc889cb7c,78:93:C3:C9:23:0F,Smart TV,-100,1763209279890
55145,1763209288858.0,0adab909-eb8f-4baf-9eed-7a4cc889cb7c,24:E6:68:6E:2C:0D,,-88,1763209279890
55146,1763209289949.0,0adab909-eb8f-4baf-9eed-7a4cc889cb7c,26:FB:E3:08:9D:FB,,-89,1763209279890
55147,1763209290847.0,0adab909-eb8f-4baf-9eed-7a4cc889cb7c,3A:7F:DB:DA:CE:24,,-87,1763209279890
55148,1763209291417.0,0adab909-eb8f-4baf-9eed-7a4cc889cb7c,F8:4E:58:EA:08:37,Samsung Q60CA 43,-100,1763209279890
55149,1763209292417.0,0adab909-eb8f-4baf-9eed-7a4cc889cb7c,46:08:6A:55:40:BC,JBL LIVE660NC-LE,-90,1763209279890
55150,1763209297967.0,0adab909-eb8f-4baf-9eed-7a4cc889cb7c,78:93:C3:C9:3E:BD,Smart TV,-94,1763209279890
55151,1763209298476.0,0adab909-eb8f-4baf-9eed-7a4cc889cb7c,F8:4E:58:EA:08:37,Samsung Q60CA 43,-100,1763209279890
55152,1763209914785.0,0adab909-eb8f-4baf-9eed-7a4cc889cb7c,FC:E8:06:2D:D8:C2,EDIFIER R1280DB,-100,1763209914483
55153,1763209915747.0,0adab909-eb8f-4baf-9eed-7a4cc889cb7c,56:84:6C:32:66:1A,,-97,1763209914483
55154,1763209916384.0,0adab909-eb8f-4baf-9eed-7a4cc889cb7c,16:06:0D:A5:E5:E8,,-87,1763209914483
55155,1763209917028.0,0adab909-eb8f-4baf-9eed-7a4cc889cb7c,6A:21:C3:41:A3:C3,,-94,1763209914483
55156,1763209917202.0,0adab909-eb8f-4baf-9eed-7a4cc889cb7c,B2:FA:52:B9:D3:E8,,-100,1763209914483
55157,1763209919231.0,0adab909-eb8f-4baf-9eed-7a4cc889cb7c,00:1E:42:57:C2:94,FMC130_0776862,-97,1763209914483
55158,1763209919410.0,0adab909-eb8f-4baf-9eed-7a4cc889cb7c,B2:FA:52:B9:D3:E8,BT SPEAKER,-100,1763209914483
55159,1763209919933.0,0adab909-eb8f-4baf-9eed-7a4cc889cb7c,7F:FA:86:64:BB:A2,,-65,1763209914483
55160,1763209922078.0,0adab909-eb8f-4baf-9eed-7a4cc889cb7c,41:A1:D0:F5:CE:E6,,-86,1763209914483
55161,1763209922112.0,0adab909-eb8f-4baf-9eed-7a4cc889cb7c,40:CB:C0:F0:AB:F6,,-93,1763209914483
55162,1763209922163.0,0adab909-eb8f-4baf-9eed-7a4cc889cb7c,69:A4:42:BB:79:A5,,-90,1763209914483
55163,1763209924141.0,0adab909-eb8f-4baf-9eed-7a4cc889cb7c,F4:4E:FD:1C:EE:2C,Carkit,-100,1763209914483
55164,1763209925511.0,0adab909-eb8f-4baf-9eed-7a4cc889cb7c,6F:DF:D8:2A:FF:C7,,-84,1763209914483
55165,1763209925575.0,0adab909-eb8f-4baf-9eed-7a4cc889cb7c,C2:18:03:FD:24:4C,,-93,1763209914483
55166,1763209925700.0,0adab909-eb8f-4baf-9eed-7a4cc889cb7c,00:23:3D:0E:69:DB,,-100,1763209914483
55167,1763209926477.0,0adab909-eb8f-4baf-9eed-7a4cc889cb7c,08:FB:EA:6D:31:0D,,-100,1763209914483
55168,1763209928666.0,0adab909-eb8f-4baf-9eed-7a4cc889cb7c,00:23:3D:0E:69:DB,Ford Audio,-100,1763209914483
55169,1763209935222.0,0adab909-eb8f-4baf-9eed-7a4cc889cb7c,31:DB:48:8B:13:DC,,-88,1763209914483
55170,1763209935357.0,0adab909-eb8f-4baf-9eed-7a4cc889cb7c,64:E7:D8:59:5A:83,,-93,1763209914483
55171,1763209935390.0,0adab909-eb8f-4baf-9eed-7a4cc889cb7c,42:5C:30:B4:38:5A,,-87,1763209914483
55172,1763209935428.0,0adab909-eb8f-4baf-9eed-7a4cc889cb7c,08:47:81:4F:FD:75,,-94,1763209914483
55173,1763209935453.0,0adab909-eb8f-4baf-9eed-7a4cc889cb7c,D8:C8:0C:89:AC:92,TY,-89,1763209914483
55174,1763209935476.0,0adab909-eb8f-4baf-9eed-7a4cc889cb7c,1E:9E:DC:40:25:52,,-93,1763209914483
55175,1763209936291.0,0adab909-eb8f-4baf-9eed-7a4cc889cb7c,64:15:D2:BF:0F:D4,,-89,1763209914483
55176,1763209936331.0,0adab909-eb8f-4baf-9eed-7a4cc889cb7c,E3:42:9C:62:E8:8D,,-92,1763209914483
55177,1763209936404.0,0adab909-eb8f-4baf-9eed-7a4cc889cb7c,90:F6:44:8C:15:BB,HUAWEI WATCH FIT 3-5BB,-85,1763209914483
55178,1763209936432.0,0adab909-eb8f-4baf-9eed-7a4cc889cb7c,F8:F6:C6:4E:CB:0C,,-84,1763209914483
55179,1763209936489.0,0adab909-eb8f-4baf-9eed-7a4cc889cb7c,E0:9D:13:7D:2C:2D,,-94,1763209914483
55180,1763209937219.0,0adab909-eb8f-4baf-9eed-7a4cc889cb7c,59:3F:CB:F6:C2:1F,,-82,1763209914483
55181,1763209937282.0,0adab909-eb8f-4baf-9eed-7a4cc889cb7c,59:DF:F2:55:8F:63,,-87,1763209914483
55182,1763209938133.0,0adab909-eb8f-4baf-9eed-7a4cc889cb7c,56:84:6C:32:66:1A,,-88,1763209914483
55183,1763209938166.0,0adab909-eb8f-4baf-9eed-7a4cc889cb7c,D6:92:5F:A2:A7:79,,-91,1763209914483
55184,1763209938205.0,0adab909-eb8f-4baf-9eed-7a4cc889cb7c,6A:21:C3:41:A3:C3,,-94,1763209914483
55185,1763210522991.0,0adab909-eb8f-4baf-9eed-7a4cc889cb7c,75:34:8B:6F:E8:18,,-63,1763210522854
55186,1763210523042.0,0adab909-eb8f-4baf-9eed-7a4cc889cb7c,4A:F0:28:13:3D:B9,,-91,1763210522854
55187,1763210523269.0,0adab909-eb8f-4baf-9eed-7a4cc889cb7c,67:4C:38:FD:DC:56,,-75,1763210522854
55188,1763210523621.0,0adab909-eb8f-4baf-9eed-7a4cc889cb7c,CB:61:14:EB:FD:03,LE-돌멩 Beats Studio Pro,-59,1763210522854
55189,1763210523669.0,0adab909-eb8f-4baf-9eed-7a4cc889cb7c,B0:38:E2:5F:23:3C,,-74,1763210522854
55190,1763210523894.0,0adab909-eb8f-4baf-9eed-7a4cc889cb7c,BE:27:B6:00:0E:A0,ELK-BLEDDM    ,-84,1763210522854
55191,1763210523921.0,0adab909-eb8f-4baf-9eed-7a4cc889cb7c,36:46:3E:B5:91:3F,QHM-T913,-87,1763210522854
55192,1763210523982.0,0adab909-eb8f-4baf-9eed-7a4cc889cb7c,41:42:90:58:60:74,BLE_892XA2,-56,1763210522854
55193,1763210524004.0,0adab909-eb8f-4baf-9eed-7a4cc889cb7c,4B:EB:27:24:8F:D9,,-70,1763210522854
55194,1763210524203.0,0adab909-eb8f-4baf-9eed-7a4cc889cb7c,42:AC:18:A9:A0:00,,-62,1763210522854
55195,1763210524227.0,0adab909-eb8f-4baf-9eed-7a4cc889cb7c,54:F8:AE:FF:82:CE,,-65,1763210522854
55196,1763210524248.0,0adab909-eb8f-4baf-9eed-7a4cc889cb7c,56:DE:18:A5:AB:7E,,-73,1763210522854
55197,1763210524531.0,0adab909-eb8f-4baf-9eed-7a4cc889cb7c,41:50:1E:80:C9:A9,,-81,1763210522854
55198,1763210524840.0,0adab909-eb8f-4baf-9eed-7a4cc889cb7c,0B:E6:2C:0B:38:42,,-71,1763210522854
55199,1763210524866.0,0adab909-eb8f-4baf-9eed-7a4cc889cb7c,36:46:3E:C0:6A:92,QHM-T6A9,-89,1763210522854
55200,1763210524892.0,0adab909-eb8f-4baf-9eed-7a4cc889cb7c,63:F4:36:DC:3D:AE,,-79,1763210522854
55201,1763210525539.0,0adab909-eb8f-4baf-9eed-7a4cc889cb7c,CC:B1:1A:89:06:F3,[TV] mika ^~^,-86,1763210522854
55202,1763210525736.0,0adab909-eb8f-4baf-9eed-7a4cc889cb7c,44:27:45:FD:BE:4D,,-98,1763210522854
55203,1763210525777.0,0adab909-eb8f-4baf-9eed-7a4cc889cb7c,F4:C5:26:AB:87:C9,IDW13,-57,1763210522854
55204,1763210525831.0,0adab909-eb8f-4baf-9eed-7a4cc889cb7c,78:91:9B:29:45:07,,-85,1763210522854
55205,1763210525854.0,0adab909-eb8f-4baf-9eed-7a4cc889cb7c,5A:7D:42:76:2B:12,,-81,1763210522854
55206,1763210526174.0,0adab909-eb8f-4baf-9eed-7a4cc889cb7c,D0:D0:03:75:05:E2,[TV] Samsung 7 Series (65),-78,1763210522854
55207,1763210526245.0,0adab909-eb8f-4baf-9eed-7a4cc889cb7c,9E:2D:DF:38:EE:3C,Ruich app,-81,1763210522854
55208,1763210526285.0,0adab909-eb8f-4baf-9eed-7a4cc889cb7c,28:E6:A9:CE:ED:26,"75"" Crystal UHD",-92,1763210522854
55209,1763210526476.0,0adab909-eb8f-4baf-9eed-7a4cc889cb7c,7E:08:80:54:49:3B,Youngdo_Ble,-76,1763210522854
55210,1763210526506.0,0adab909-eb8f-4baf-9eed-7a4cc889cb7c,0E:AC:80:53:0E:DF,,-75,1763210522854
55211,1763210526561.0,0adab909-eb8f-4baf-9eed-7a4cc889cb7c,5C:AD:4F:BD:05:33,,-79,1763210522854
55212,1763210526586.0,0adab909-eb8f-4baf-9eed-7a4cc889cb7c,78:02:B7:16:B0:03,QX11(ID-B003),-77,1763210522854
55213,1763210526705.0,0adab909-eb8f-4baf-9eed-7a4cc889cb7c,9E:2D:DF:38:EE:3D,Ruich,-95,1763210522854
55214,1763210527177.0,0adab909-eb8f-4baf-9eed-7a4cc889cb7c,6B:08:68:86:BF:7D,,-73,1763210522854
55215,1763210527456.0,0adab909-eb8f-4baf-9eed-7a4cc889cb7c,0E:FE:C3:64:E7:CA,,-89,1763210522854
55216,1763210527835.0,0adab909-eb8f-4baf-9eed-7a4cc889cb7c,10:01:00:00:07:32,QHM-0732,-88,1763210522854
55217,1763210528194.0,0adab909-eb8f-4baf-9eed-7a4cc889cb7c,3B:49:54:80:08:7E,Youngdo_Music,-86,1763210522854
55218,1763210528478.0,0adab909-eb8f-4baf-9eed-7a4cc889cb7c,C8:12:0B:55:38:09,,-99,1763210522854
55219,1763210528582.0,0adab909-eb8f-4baf-9eed-7a4cc889cb7c,D0:D0:03:75:05:E2,[TV] Samsung 7 Series (65),-100,1763210522854
55220,1763210528702.0,0adab909-eb8f-4baf-9eed-7a4cc889cb7c,78:02:B7:4B:0C:2E,Y6,-73,1763210522854
55221,1763210529049.0,0adab909-eb8f-4baf-9eed-7a4cc889cb7c,42:35:41:67:42:7A,,-88,1763210522854
55222,1763210529644.0,0adab909-eb8f-4baf-9eed-7a4cc889cb7c,60:EE:75:5C:5E:E1,,-87,1763210522854
55223,1763210529683.0,0adab909-eb8f-4baf-9eed-7a4cc889cb7c,4D:CA:B2:94:83:83,,-67,1763210522854
55224,1763210529978.0,0adab909-eb8f-4baf-9eed-7a4cc889cb7c,7E:30:27:49:CE:21,,-85,1763210522854
55225,1763210530241.0,0adab909-eb8f-4baf-9eed-7a4cc889cb7c,40:A0:08:63:3F:BE,,-92,1763210522854
55226,1763210530276.0,0adab909-eb8f-4baf-9eed-7a4cc889cb7c,20:B6:D4:5B:79:18,,-65,1763210522854
55227,1763210531348.0,0adab909-eb8f-4baf-9eed-7a4cc889cb7c,79:3D:D4:2F:79:7D,,-88,1763210522854
55228,1763210531540.0,0adab909-eb8f-4baf-9eed-7a4cc889cb7c,64:07:F6:B6:BF:D3,[TV] Samsung 8 Series (65),-93,1763210522854
55229,1763210531607.0,0adab909-eb8f-4baf-9eed-7a4cc889cb7c,6C:31:91:A0:3C:33,,-80,1763210522854
55230,1763210531955.0,0adab909-eb8f-4baf-9eed-7a4cc889cb7c,70:01:78:5B:36:3F,,-78,1763210522854
55231,1763210533537.0,0adab909-eb8f-4baf-9eed-7a4cc889cb7c,6A:33:BE:11:FD:F2,,-63,1763210522854
55232,1763210533872.0,0adab909-eb8f-4baf-9eed-7a4cc889cb7c,50:F8:40:AF:F8:2B,,-88,1763210522854
55233,1763210535051.0,0adab909-eb8f-4baf-9eed-7a4cc889cb7c,41:42:0E:73:E1:D9,,-95,1763210522854
55234,1763210536286.0,0adab909-eb8f-4baf-9eed-7a4cc889cb7c,C8:12:0B:55:38:09,[TV] Samsung AU6979 65 TV,-99,1763210522854
55235,1763210536585.0,0adab909-eb8f-4baf-9eed-7a4cc889cb7c,41:42:0E:73:E1:D9,HCS418,-95,1763210522854
55236,1763210543013.0,0adab909-eb8f-4baf-9eed-7a4cc889cb7c,BD:03:D7:7B:AE:A4,b;SAR;808;108;2;154;Matzenber,-69,1763210522854
55237,1763210543037.0,0adab909-eb8f-4baf-9eed-7a4cc889cb7c,80:C3:BA:32:25:AB,MOMENTUM 4,-54,1763210522854
55238,1763210543057.0,0adab909-eb8f-4baf-9eed-7a4cc889cb7c,75:34:8B:6F:E8:18,,-70,1763210522854
55239,1763210543101.0,0adab909-eb8f-4baf-9eed-7a4cc889cb7c,41:FB:FC:F9:41:79,,-78,1763210522854
55240,1763210543124.0,0adab909-eb8f-4baf-9eed-7a4cc889cb7c,10:12:0D:D3:38:3F,,-76,1763210522854
55241,1763210543140.0,0adab909-eb8f-4baf-9eed-7a4cc889cb7c,98:71:4D:7D:73:5C,Sf808e5b35000b6d7C,-85,1763210522854
55242,1763210543169.0,0adab909-eb8f-4baf-9eed-7a4cc889cb7c,54:F8:AE:FF:82:CE,,-61,1763210522854
55243,1763210543202.0,0adab909-eb8f-4baf-9eed-7a4cc889cb7c,6A:33:BE:11:FD:F2,,-71,1763210522854
55244,1763210543224.0,0adab909-eb8f-4baf-9eed-7a4cc889cb7c,20:B6:D4:5B:79:18,,-77,1763210522854
55245,1763210543262.0,0adab909-eb8f-4baf-9eed-7a4cc889cb7c,00:C3:F4:F5:0B:97,,-81,1763210522854
55246,1763210543281.0,0adab909-eb8f-4baf-9eed-7a4cc889cb7c,42:AC:18:A9:A0:00,,-66,1763210522854
55247,1763210544149.0,0adab909-eb8f-4baf-9eed-7a4cc889cb7c,56:DE:18:A5:AB:7E,,-82,1763210522854
55248,1763210544173.0,0adab909-eb8f-4baf-9eed-7a4cc889cb7c,4B:EB:27:24:8F:D9,,-56,1763210522854
55249,1763210544238.0,0adab909-eb8f-4baf-9eed-7a4cc889cb7c,41:42:90:58:60:74,BLE_892XA2,-59,1763210522854
55250,1763210544261.0,0adab909-eb8f-4baf-9eed-7a4cc889cb7c,B0:38:E2:5F:23:3C,,-82,1763210522854
55251,1763210544305.0,0adab909-eb8f-4baf-9eed-7a4cc889cb7c,F4:C5:26:AB:87:C9,IDW13,-59,1763210522854
55252,1763210545146.0,0adab909-eb8f-4baf-9eed-7a4cc889cb7c,6C:31:91:A0:3C:33,,-85,1763210522854
55253,1763210545220.0,0adab909-eb8f-4baf-9eed-7a4cc889cb7c,41:FB:FC:6E:7A:5E,,-63,1763210522854
55254,1763210545246.0,0adab909-eb8f-4baf-9eed-7a4cc889cb7c,67:4C:38:FD:DC:56,,-79,1763210522854
55255,1763210545267.0,0adab909-eb8f-4baf-9eed-7a4cc889cb7c,C1:11:33:C9:3F:F1,,-64,1763210522854
55256,1763210545288.0,0adab909-eb8f-4baf-9eed-7a4cc889cb7c,26:F4:74:07:A2:56,,-92,1763210522854
55257,1763211074036.0,0adab909-eb8f-4baf-9eed-7a4cc889cb7c,CB:61:14:EB:FD:03,LE-돌멩 Beats Studio Pro,-60,1763211073996
55258,1763211074707.0,0adab909-eb8f-4baf-9eed-7a4cc889cb7c,21:95:D7:46:D2:14,,-72,1763211073996
55259,1763211074742.0,0adab909-eb8f-4baf-9eed-7a4cc889cb7c,42:AC:18:A9:A0:00,,-71,1763211073996
55260,1763211074760.0,0adab909-eb8f-4baf-9eed-7a4cc889cb7c,7D:85:C7:00:97:62,,-72,1763211073996
55261,1763211075619.0,0adab909-eb8f-4baf-9eed-7a4cc889cb7c,44:2F:DA:F5:3F:2E,,-76,1763211073996
55262,1763211078267.0,0adab909-eb8f-4baf-9eed-7a4cc889cb7c,FC:3C:D7:4C:35:4F,TY,-95,1763211073996
55263,1763211080445.0,0adab909-eb8f-4baf-9eed-7a4cc889cb7c,3E:EA:0E:96:7F:D0,,-94,1763211073996
55264,1763211080463.0,0adab909-eb8f-4baf-9eed-7a4cc889cb7c,49:9E:DD:C5:AF:0D,,-89,1763211073996
55265,1763211083148.0,0adab909-eb8f-4baf-9eed-7a4cc889cb7c,FB:41:75:55:5B:1A,GBT-CARKIT,-99,1763211073996
55266,1763211084319.0,0adab909-eb8f-4baf-9eed-7a4cc889cb7c,65:40:73:CF:8B:97,,-76,1763211073996
55267,1763211085852.0,0adab909-eb8f-4baf-9eed-7a4cc889cb7c,7F:FA:86:64:BB:A2,,-68,1763211073996
55268,1763211085872.0,0adab909-eb8f-4baf-9eed-7a4cc889cb7c,3D:07:87:37:4B:A1,,-77,1763211073996
55269,1763211707186.0,0adab909-eb8f-4baf-9eed-7a4cc889cb7c,71:8C:7F:ED:FD:3E,,-76,1763211707107
55270,1763211707482.0,0adab909-eb8f-4baf-9eed-7a4cc889cb7c,30:0E:EC:7F:AE:BE,,-74,1763211707107
55271,1763211709400.0,0adab909-eb8f-4baf-9eed-7a4cc889cb7c,22:94:2F:DE:24:78,,-86,1763211707107
55272,1763211711636.0,0adab909-eb8f-4baf-9eed-7a4cc889cb7c,6C:CF:5F:47:1F:5A,,-84,1763211707107
55273,1763211712641.0,0adab909-eb8f-4baf-9eed-7a4cc889cb7c,58:9A:9C:50:E4:65,,-91,1763211707107
55274,1763211712983.0,0adab909-eb8f-4baf-9eed-7a4cc889cb7c,7B:6B:27:D3:5D:8E,,-69,1763211707107
55275,1763211713900.0,0adab909-eb8f-4baf-9eed-7a4cc889cb7c,73:F2:A2:F4:85:10,,-81,1763211707107
55276,1763211714827.0,0adab909-eb8f-4baf-9eed-7a4cc889cb7c,76:C0:67:8A:32:B9,,-85,1763211707107
55277,1763211717163.0,0adab909-eb8f-4baf-9eed-7a4cc889cb7c,B8:F2:55:01:42:44,Convence,-92,1763211707107
55278,1763212274073.0,0adab909-eb8f-4baf-9eed-7a4cc889cb7c,3D:B6:08:F9:E6:93,,-87,1763212272704
55279,1763212274354.0,0adab909-eb8f-4baf-9eed-7a4cc889cb7c,26:CC:BC:CD:A6:E0,,-94,1763212272704
55280,1763212275691.0,0adab909-eb8f-4baf-9eed-7a4cc889cb7c,6B:73:72:EA:6D:1F,,-79,1763212272704
55281,1763212276027.0,0adab909-eb8f-4baf-9eed-7a4cc889cb7c,4F:00:83:56:B3:19,,-75,1763212272704
55282,1763212276653.0,0adab909-eb8f-4baf-9eed-7a4cc889cb7c,64:D8:1B:44:26:6C,,-99,1763212272704
55283,1763212277246.0,0adab909-eb8f-4baf-9eed-7a4cc889cb7c,A8:00:E3:96:CC:24,,-89,1763212272704
55284,1763212280633.0,0adab909-eb8f-4baf-9eed-7a4cc889cb7c,72:FD:BA:3F:96:C4,,-97,1763212272704
55285,1763212280660.0,0adab909-eb8f-4baf-9eed-7a4cc889cb7c,5E:8A:88:43:F2:19,,-91,1763212272704
55286,1763212281693.0,0adab909-eb8f-4baf-9eed-7a4cc889cb7c,64:D8:1B:44:26:6C,Android TV,-99,1763212272704
55287,1763212903436.0,0adab909-eb8f-4baf-9eed-7a4cc889cb7c,47:D2:59:75:8E:A0,,-69,1763212903096
55288,1763213496521.0,0adab909-eb8f-4baf-9eed-7a4cc889cb7c,47:D2:59:75:8E:A0,,-68,1763213496068
55289,1763213502313.0,0adab909-eb8f-4baf-9eed-7a4cc889cb7c,61:C6:3D:C6:66:FD,,-86,1763213496068
55290,1763214198689.0,0adab909-eb8f-4baf-9eed-7a4cc889cb7c,65:F2:A9:A6:58:0A,,-70,1763214195044
55291,1763214205690.0,0adab909-eb8f-4baf-9eed-7a4cc889cb7c,56:F3:B3:DA:34:C2,,-87,1763214195044
55292,1763214907567.0,0adab909-eb8f-4baf-9eed-7a4cc889cb7c,65:F2:A9:A6:58:0A,,-66,1763214906212
55293,1763214913969.0,0adab909-eb8f-4baf-9eed-7a4cc889cb7c,41:55:36:03:DE:68,,-86,1763214906212
55294,1763214919414.0,0adab909-eb8f-4baf-9eed-7a4cc889cb7c,65:F2:A9:A6:58:0A,,-73,1763214906212
55295,1763214921835.0,0adab909-eb8f-4baf-9eed-7a4cc889cb7c,84:C8:A0:8B:BD:3D,JBL BAR 800,-73,1763214906212
55296,1763215466092.0,0adab909-eb8f-4baf-9eed-7a4cc889cb7c,57:3B:C4:15:F7:9C,,-68,1763215466034
55297,1763215469362.0,0adab909-eb8f-4baf-9eed-7a4cc889cb7c,41:55:36:03:DE:68,,-94,1763215466034
55298,1763216041827.0,0adab909-eb8f-4baf-9eed-7a4cc889cb7c,57:3B:C4:15:F7:9C,,-76,1763216039149
55299,1763216045384.0,0adab909-eb8f-4baf-9eed-7a4cc889cb7c,7F:7A:4A:73:E6:AF,,-88,1763216039149
55300,1763216640219.0,0adab909-eb8f-4baf-9eed-7a4cc889cb7c,57:3B:C4:15:F7:9C,,-75,1763216639227
55301,1763216648906.0,0adab909-eb8f-4baf-9eed-7a4cc889cb7c,7F:7A:4A:73:E6:AF,,-91,1763216639227
55302,1763217206411.0,0adab909-eb8f-4baf-9eed-7a4cc889cb7c,43:CD:A3:24:39:AA,,-79,1763217205983
55303,1763217215749.0,0adab909-eb8f-4baf-9eed-7a4cc889cb7c,7F:E2:10:5C:E8:C4,,-86,1763217205983
55304,1763217841092.0,0adab909-eb8f-4baf-9eed-7a4cc889cb7c,43:CD:A3:24:39:AA,,-68,1763217841070
55305,1763217872161.0,0adab909-eb8f-4baf-9eed-7a4cc889cb7c,84:C8:A0:8B:BD:3D,JBL BAR 800,-79,1763217841070
55306,1763217872199.0,0adab909-eb8f-4baf-9eed-7a4cc889cb7c,43:CD:A3:24:39:AA,,-71,1763217841070
55307,1763218373053.0,0adab909-eb8f-4baf-9eed-7a4cc889cb7c,7F:25:CB:22:CB:1F,,-72,1763218371658
55308,1763218971779.0,0adab909-eb8f-4baf-9eed-7a4cc889cb7c,7F:25:CB:22:CB:1F,,-79,1763218971634
55309,1763218984598.0,0adab909-eb8f-4baf-9eed-7a4cc889cb7c,84:C8:A0:8B:BD:3D,JBL BAR 800,-77,1763218971634
55310,1763218985858.0,0adab909-eb8f-4baf-9eed-7a4cc889cb7c,7F:25:CB:22:CB:1F,,-76,1763218971634
55311,1763219573420.0,0adab909-eb8f-4baf-9eed-7a4cc889cb7c,7F:25:CB:22:CB:1F,,-74,1763219572988
55312,1763220107124.0,0adab909-eb8f-4baf-9eed-7a4cc889cb7c,69:7A:2E:D2:F2:E8,,-85,1763220104795
55313,1763220110052.0,0adab909-eb8f-4baf-9eed-7a4cc889cb7c,65:B3:AF:9A:38:F5,,-67,1763220104795
55314,1763220762671.0,0adab909-eb8f-4baf-9eed-7a4cc889cb7c,65:B3:AF:9A:38:F5,,-64,1763220761299
55315,1763220764992.0,0adab909-eb8f-4baf-9eed-7a4cc889cb7c,7E:6A:72:03:E6:CA,,-86,1763220761299
55316,1763221361774.0,0adab909-eb8f-4baf-9eed-7a4cc889cb7c,65:B3:AF:9A:38:F5,,-73,1763221361262
55317,1763221374182.0,0adab909-eb8f-4baf-9eed-7a4cc889cb7c,65:B3:AF:9A:38:F5,,-65,1763221361262
55318,1763221374310.0,0adab909-eb8f-4baf-9eed-7a4cc889cb7c,84:C8:A0:8B:BD:3D,JBL BAR 800,-73,1763221361262
55319,1763222015734.0,0adab909-eb8f-4baf-9eed-7a4cc889cb7c,5B:C2:BB:23:14:34,,-82,1763222014972
55320,1763222615243.0,0adab909-eb8f-4baf-9eed-7a4cc889cb7c,5B:C2:BB:23:14:34,,-72,1763222613894
55321,1763223214704.0,0adab909-eb8f-4baf-9eed-7a4cc889cb7c,5B:C2:BB:23:14:34,,-72,1763223213959
55322,1763223226813.0,0adab909-eb8f-4baf-9eed-7a4cc889cb7c,5B:C2:BB:23:14:34,,-69,1763223213959
55323,1763223710161.0,0adab909-eb8f-4baf-9eed-7a4cc889cb7c,64:A4:D1:5B:D9:C3,,-68,1763223710159
55324,1763224301150.0,0adab909-eb8f-4baf-9eed-7a4cc889cb7c,64:A4:D1:5B:D9:C3,,-70,1763224301148
55325,1763225094419.0,0adab909-eb8f-4baf-9eed-7a4cc889cb7c,64:A4:D1:5B:D9:C3,,-67,1763225094307
55326,1763225627392.0,0adab909-eb8f-4baf-9eed-7a4cc889cb7c,48:77:2C:FD:E8:14,,-83,1763225627309
55327,1763225627415.0,0adab909-eb8f-4baf-9eed-7a4cc889cb7c,4C:96:8A:ED:6A:01,SPEN NA,127,1763225627309
55328,1763225627621.0,0adab909-eb8f-4baf-9eed-7a4cc889cb7c,4C:96:8A:ED:6A:01,SPEN NA,-56,1763225627309
55329,1763225627732.0,0adab909-eb8f-4baf-9eed-7a4cc889cb7c,4C:96:8A:ED:6A:01,SPEN NA,-57,1763225627309
55330,1763225628673.0,0adab909-eb8f-4baf-9eed-7a4cc889cb7c,4C:96:8A:ED:6A:01,SPEN NA,-50,1763225627309
55331,1763225629600.0,0adab909-eb8f-4baf-9eed-7a4cc889cb7c,4C:96:8A:ED:6A:01,SPEN NA,-50,1763225627309
55332,1763225629950.0,0adab909-eb8f-4baf-9eed-7a4cc889cb7c,4C:96:8A:ED:6A:01,SPEN NA,-52,1763225627309
55333,1763225630260.0,0adab909-eb8f-4baf-9eed-7a4cc889cb7c,4C:96:8A:ED:6A:01,SPEN NA,-51,1763225627309
55334,1763225630905.0,0adab909-eb8f-4baf-9eed-7a4cc889cb7c,4D:42:BC:48:E9:3A,,-85,1763225627309
55335,1763225630946.0,0adab909-eb8f-4baf-9eed-7a4cc889cb7c,4C:96:8A:ED:6A:01,SPEN NA,-54,1763225627309
55336,1763225631207.0,0adab909-eb8f-4baf-9eed-7a4cc889cb7c,4C:96:8A:ED:6A:01,SPEN NA,-52,1763225627309
55337,1763225631506.0,0adab909-eb8f-4baf-9eed-7a4cc889cb7c,4C:96:8A:ED:6A:01,SPEN NA,-50,1763225627309
55338,1763225631815.0,0adab909-eb8f-4baf-9eed-7a4cc889cb7c,4C:96:8A:ED:6A:01,SPEN NA,-53,1763225627309
55339,1763225632771.0,0adab909-eb8f-4baf-9eed-7a4cc889cb7c,4C:96:8A:ED:6A:01,SPEN NA,-54,1763225627309
55340,1763225633077.0,0adab909-eb8f-4baf-9eed-7a4cc889cb7c,4C:96:8A:ED:6A:01,SPEN NA,-52,1763225627309
55341,1763225633443.0,0adab909-eb8f-4baf-9eed-7a4cc889cb7c,4C:96:8A:ED:6A:01,SPEN NA,-51,1763225627309
55342,1763225633863.0,0adab909-eb8f-4baf-9eed-7a4cc889cb7c,4C:96:8A:ED:6A:01,SPEN NA,-54,1763225627309
55343,1763225634165.0,0adab909-eb8f-4baf-9eed-7a4cc889cb7c,4C:96:8A:ED:6A:01,SPEN NA,-51,1763225627309
55344,1763225634815.0,0adab909-eb8f-4baf-9eed-7a4cc889cb7c,4C:96:8A:ED:6A:01,SPEN NA,-52,1763225627309
55345,1763225635113.0,0adab909-eb8f-4baf-9eed-7a4cc889cb7c,4C:96:8A:ED:6A:01,SPEN NA,-51,1763225627309
55346,1763225635429.0,0adab909-eb8f-4baf-9eed-7a4cc889cb7c,4C:96:8A:ED:6A:01,SPEN NA,-50,1763225627309
55347,1763225635753.0,0adab909-eb8f-4baf-9eed-7a4cc889cb7c,4C:96:8A:ED:6A:01,SPEN NA,-52,1763225627309
55348,1763225636054.0,0adab909-eb8f-4baf-9eed-7a4cc889cb7c,4C:96:8A:ED:6A:01,SPEN NA,-51,1763225627309
55349,1763225636373.0,0adab909-eb8f-4baf-9eed-7a4cc889cb7c,4C:96:8A:ED:6A:01,SPEN NA,-50,1763225627309
55350,1763225637002.0,0adab909-eb8f-4baf-9eed-7a4cc889cb7c,4C:96:8A:ED:6A:01,SPEN NA,-52,1763225627309
55351,1763225637313.0,0adab909-eb8f-4baf-9eed-7a4cc889cb7c,4C:96:8A:ED:6A:01,SPEN NA,-50,1763225627309
55352,1763225637637.0,0adab909-eb8f-4baf-9eed-7a4cc889cb7c,4C:96:8A:ED:6A:01,SPEN NA,-52,1763225627309
55353,1763225638262.0,0adab909-eb8f-4baf-9eed-7a4cc889cb7c,4C:96:8A:ED:6A:01,SPEN NA,-50,1763225627309
55354,1763225638570.0,0adab909-eb8f-4baf-9eed-7a4cc889cb7c,4C:96:8A:ED:6A:01,SPEN NA,-51,1763225627309
55355,1763225638883.0,0adab909-eb8f-4baf-9eed-7a4cc889cb7c,4C:96:8A:ED:6A:01,SPEN NA,-49,1763225627309
55356,1763225639229.0,0adab909-eb8f-4baf-9eed-7a4cc889cb7c,4C:96:8A:ED:6A:01,SPEN NA,-50,1763225627309
55357,1763225640233.0,0adab909-eb8f-4baf-9eed-7a4cc889cb7c,84:C8:A0:8B:BD:3D,JBL BAR 800,-75,1763225627309
55358,1763225640255.0,0adab909-eb8f-4baf-9eed-7a4cc889cb7c,4C:96:8A:ED:6A:01,SPEN NA,-50,1763225627309
55359,1763225640384.0,0adab909-eb8f-4baf-9eed-7a4cc889cb7c,48:77:2C:FD:E8:14,,-72,1763225627309
55360,1763226129026.0,0adab909-eb8f-4baf-9eed-7a4cc889cb7c,4C:96:8A:ED:6A:01,SPEN NA,-50,1763226128922
55361,1763226129132.0,0adab909-eb8f-4baf-9eed-7a4cc889cb7c,4C:96:8A:ED:6A:01,SPEN NA,-50,1763226128922
55362,1763226129186.0,0adab909-eb8f-4baf-9eed-7a4cc889cb7c,48:77:2C:FD:E8:14,,-76,1763226128922
55363,1763226129226.0,0adab909-eb8f-4baf-9eed-7a4cc889cb7c,4C:96:8A:ED:6A:01,SPEN NA,-51,1763226128922
55364,1763226131355.0,0adab909-eb8f-4baf-9eed-7a4cc889cb7c,4C:96:8A:ED:6A:01,SPEN NA,-49,1763226128922
55365,1763226131446.0,0adab909-eb8f-4baf-9eed-7a4cc889cb7c,4C:96:8A:ED:6A:01,SPEN NA,-51,1763226128922
55366,1763226133029.0,0adab909-eb8f-4baf-9eed-7a4cc889cb7c,4C:96:8A:ED:6A:01,SPEN NA,-56,1763226128922
55367,1763226133116.0,0adab909-eb8f-4baf-9eed-7a4cc889cb7c,4C:96:8A:ED:6A:01,SPEN NA,-58,1763226128922
55368,1763226134820.0,0adab909-eb8f-4baf-9eed-7a4cc889cb7c,4C:96:8A:ED:6A:01,SPEN NA,-63,1763226128922
55369,1763226134914.0,0adab909-eb8f-4baf-9eed-7a4cc889cb7c,4C:96:8A:ED:6A:01,SPEN NA,-58,1763226128922
55370,1763226136903.0,0adab909-eb8f-4baf-9eed-7a4cc889cb7c,4C:96:8A:ED:6A:01,SPEN NA,-61,1763226128922
55371,1763226136994.0,0adab909-eb8f-4baf-9eed-7a4cc889cb7c,4C:96:8A:ED:6A:01,SPEN NA,-57,1763226128922
55372,1763226138686.0,0adab909-eb8f-4baf-9eed-7a4cc889cb7c,4C:96:8A:ED:6A:01,SPEN NA,-58,1763226128922
55373,1763226138790.0,0adab909-eb8f-4baf-9eed-7a4cc889cb7c,4C:96:8A:ED:6A:01,SPEN NA,-58,1763226128922
55374,1763226140370.0,0adab909-eb8f-4baf-9eed-7a4cc889cb7c,4C:96:8A:ED:6A:01,SPEN NA,-52,1763226128922
55375,1763226140489.0,0adab909-eb8f-4baf-9eed-7a4cc889cb7c,4C:96:8A:ED:6A:01,SPEN NA,-53,1763226128922
55376,1763226141870.0,0adab909-eb8f-4baf-9eed-7a4cc889cb7c,48:77:2C:FD:E8:14,,-73,1763226128922
55377,1763226141956.0,0adab909-eb8f-4baf-9eed-7a4cc889cb7c,84:C8:A0:8B:BD:3D,JBL BAR 800,-76,1763226128922
55378,1763226143013.0,0adab909-eb8f-4baf-9eed-7a4cc889cb7c,4C:96:8A:ED:6A:01,SPEN NA,-53,1763226128922
55379,1763226948675.0,0adab909-eb8f-4baf-9eed-7a4cc889cb7c,77:44:74:78:6C:AA,,-73,1763226948530
55380,1763227552072.0,0adab909-eb8f-4baf-9eed-7a4cc889cb7c,77:44:74:78:6C:AA,,-73,1763227551884
55381,1763227561693.0,0adab909-eb8f-4baf-9eed-7a4cc889cb7c,50:CC:7F:CC:9A:D5,,-88,1763227551884
55382,1763228155621.0,0adab909-eb8f-4baf-9eed-7a4cc889cb7c,70:84:BB:52:87:F3,,-67,1763228150988
55383,1763228752400.0,0adab909-eb8f-4baf-9eed-7a4cc889cb7c,63:A0:5C:4F:C2:5B,,-87,1763228751002
55384,1763228754309.0,0adab909-eb8f-4baf-9eed-7a4cc889cb7c,70:84:BB:52:87:F3,,-71,1763228751002
55385,1763228764361.0,0adab909-eb8f-4baf-9eed-7a4cc889cb7c,84:C8:A0:8B:BD:3D,JBL BAR 800,-82,1763228751002
55386,1763228764397.0,0adab909-eb8f-4baf-9eed-7a4cc889cb7c,63:A0:5C:4F:C2:5B,,-93,1763228751002
55387,1763228766419.0,0adab909-eb8f-4baf-9eed-7a4cc889cb7c,70:84:BB:52:87:F3,,-67,1763228751002
55388,1763229361605.0,0adab909-eb8f-4baf-9eed-7a4cc889cb7c,46:B3:0C:FE:96:F7,,-86,1763229351887
55389,1763229713951.0,0adab909-eb8f-4baf-9eed-7a4cc889cb7c,46:B3:0C:FE:96:F7,,-82,1763229712894
55390,1763230275303.0,0adab909-eb8f-4baf-9eed-7a4cc889cb7c,46:B3:0C:FE:96:F7,,-84,1763230273579
55391,1763230928296.0,0adab909-eb8f-4baf-9eed-7a4cc889cb7c,77:E9:23:23:E6:74,,-80,1763230926901
55392,1763231515371.0,0adab909-eb8f-4baf-9eed-7a4cc889cb7c,77:E9:23:23:E6:74,,-89,1763231512995
55393,1763232076636.0,0adab909-eb8f-4baf-9eed-7a4cc889cb7c,62:CF:FD:4E:AD:91,,-85,1763232075894
55394,1763232737635.0,0adab909-eb8f-4baf-9eed-7a4cc889cb7c,62:CF:FD:4E:AD:91,,-90,1763232734895
55395,1763233312616.0,0adab909-eb8f-4baf-9eed-7a4cc889cb7c,6F:3B:56:05:FB:F9,,-79,1763233309261
55396,1763233313573.0,0adab909-eb8f-4baf-9eed-7a4cc889cb7c,70:58:B1:42:0F:71,,-93,1763233309261
55397,1763233952589.0,0adab909-eb8f-4baf-9eed-7a4cc889cb7c,70:A2:19:C1:C5:5C,,-88,1763233951871
55398,1763233953221.0,0adab909-eb8f-4baf-9eed-7a4cc889cb7c,6F:3B:56:05:FB:F9,,-59,1763233951871
55399,1763234484270.0,0adab909-eb8f-4baf-9eed-7a4cc889cb7c,70:A2:19:C1:C5:5C,,-88,1763234484266
55400,1763234484317.0,0adab909-eb8f-4baf-9eed-7a4cc889cb7c,45:22:25:F6:7C:15,,-66,1763234484266
55401,1763235076504.0,0adab909-eb8f-4baf-9eed-7a4cc889cb7c,59:96:78:0E:75:04,,-82,1763235076470
55402,1763235079697.0,0adab909-eb8f-4baf-9eed-7a4cc889cb7c,45:22:25:F6:7C:15,,-53,1763235076470
55403,1763235082555.0,0adab909-eb8f-4baf-9eed-7a4cc889cb7c,6B:95:E5:B7:3B:44,,-91,1763235076470
55404,1763235088647.0,0adab909-eb8f-4baf-9eed-7a4cc889cb7c,84:C8:A0:8B:BD:3D,JBL BAR 800,-89,1763235076470
55405,1763235088822.0,0adab909-eb8f-4baf-9eed-7a4cc889cb7c,59:96:78:0E:75:04,,-81,1763235076470
55406,1763235089837.0,0adab909-eb8f-4baf-9eed-7a4cc889cb7c,F2:5A:C7:BB:46:49,,-79,1763235076470
55407,1763235089867.0,0adab909-eb8f-4baf-9eed-7a4cc889cb7c,45:22:25:F6:7C:15,,-50,1763235076470
55408,1763235684446.0,0adab909-eb8f-4baf-9eed-7a4cc889cb7c,45:FB:5A:65:15:C4,,-62,1763235683334
55409,1763235686372.0,0adab909-eb8f-4baf-9eed-7a4cc889cb7c,59:96:78:0E:75:04,,-66,1763235683334
55410,1763235696238.0,0adab909-eb8f-4baf-9eed-7a4cc889cb7c,59:96:78:0E:75:04,,-69,1763235683334
55411,1763235696265.0,0adab909-eb8f-4baf-9eed-7a4cc889cb7c,45:FB:5A:65:15:C4,,-60,1763235683334
55412,1763235696387.0,0adab909-eb8f-4baf-9eed-7a4cc889cb7c,84:C8:A0:8B:BD:3D,JBL BAR 800,-93,1763235683334
55413,1763235696540.0,0adab909-eb8f-4baf-9eed-7a4cc889cb7c,53:1E:35:C6:C3:88,,-87,1763235683334
55414,1763235697001.0,0adab909-eb8f-4baf-9eed-7a4cc889cb7c,F2:5A:C7:BB:46:49,,-78,1763235683334
55415,1763235697570.0,0adab909-eb8f-4baf-9eed-7a4cc889cb7c,F3:11:61:C7:CD:DD,,-66,1763235683334
55416,1763236285947.0,0adab909-eb8f-4baf-9eed-7a4cc889cb7c,45:FB:5A:65:15:C4,,-61,1763236285564
55417,1763236286283.0,0adab909-eb8f-4baf-9eed-7a4cc889cb7c,55:44:39:28:AB:92,,-84,1763236285564
55418,1763236298082.0,0adab909-eb8f-4baf-9eed-7a4cc889cb7c,53:1E:35:C6:C3:88,,-93,1763236285564
55419,1763236298555.0,0adab909-eb8f-4baf-9eed-7a4cc889cb7c,45:FB:5A:65:15:C4,,-55,1763236285564
55420,1763236299523.0,0adab909-eb8f-4baf-9eed-7a4cc889cb7c,84:C8:A0:8B:BD:3D,JBL BAR 800,-77,1763236285564
55421,1763236300530.0,0adab909-eb8f-4baf-9eed-7a4cc889cb7c,3C:37:E5:8D:79:69,,-92,1763236285564
55422,1763236880884.0,0adab909-eb8f-4baf-9eed-7a4cc889cb7c,7B:FD:CA:79:14:A5,,-70,1763236880814
55423,1763236881862.0,0adab909-eb8f-4baf-9eed-7a4cc889cb7c,55:44:39:28:AB:92,,-73,1763236880814
55424,1763236891527.0,0adab909-eb8f-4baf-9eed-7a4cc889cb7c,5A:89:2F:03:EF:4A,,-91,1763236880814
55425,1763237533211.0,0adab909-eb8f-4baf-9eed-7a4cc889cb7c,5A:89:2F:03:EF:4A,,-89,1763237529932
55426,1763238116755.0,0adab909-eb8f-4baf-9eed-7a4cc889cb7c,5C:B4:3C:C5:3D:7D,,-94,1763238116343
55427,1763239029601.0,0adab909-eb8f-4baf-9eed-7a4cc889cb7c,3A:89:F2:89:A3:D4,,-88,1763239016251
55428,1763239029899.0,0adab909-eb8f-4baf-9eed-7a4cc889cb7c,84:C8:A0:8B:BD:3D,JBL BAR 800,-85,1763239016251
55429,1763239030380.0,0adab909-eb8f-4baf-9eed-7a4cc889cb7c,FD:C6:EF:0E:47:8C,,-82,1763239016251
55430,1763240090117.0,0adab909-eb8f-4baf-9eed-7a4cc889cb7c,5D:BD:DC:74:12:83,,-88,1763240078201
55431,1763240680165.0,0adab909-eb8f-4baf-9eed-7a4cc889cb7c,5D:CB:51:0A:E0:0C,,-87,1763240678810
55432,1763241286311.0,0adab909-eb8f-4baf-9eed-7a4cc889cb7c,5D:CB:51:0A:E0:0C,,-91,1763241278178
55433,1763241706148.0,0adab909-eb8f-4baf-9eed-7a4cc889cb7c,71:0F:06:8B:70:0F,,-85,1763241703848
55434,1763242937032.0,0adab909-eb8f-4baf-9eed-7a4cc889cb7c,48:6E:1C:A0:62:7B,,-89,1763242933786
55435,1763242938369.0,0adab909-eb8f-4baf-9eed-7a4cc889cb7c,6C:74:A7:B0:98:8C,,-91,1763242933786
55436,1763242946696.0,0adab909-eb8f-4baf-9eed-7a4cc889cb7c,C3:13:4A:9C:8E:13,,-75,1763242933786
55437,1763242946767.0,0adab909-eb8f-4baf-9eed-7a4cc889cb7c,84:C8:A0:8B:BD:3D,JBL BAR 800,-86,1763242933786
55438,1763242946832.0,0adab909-eb8f-4baf-9eed-7a4cc889cb7c,08:BF:31:64:39:27,,-85,1763242933786
55439,1763243927943.0,0adab909-eb8f-4baf-9eed-7a4cc889cb7c,45:42:29:9F:A3:B9,,-80,1763243920194
55440,1763243928648.0,0adab909-eb8f-4baf-9eed-7a4cc889cb7c,7A:11:A1:FD:BE:CF,,-85,1763243920194
55441,1763243933066.0,0adab909-eb8f-4baf-9eed-7a4cc889cb7c,24:7C:FB:21:44:62,,-78,1763243920194
55442,1763243934161.0,0adab909-eb8f-4baf-9eed-7a4cc889cb7c,7A:11:A1:FD:BE:CF,,-82,1763243920194
55443,1763243935068.0,0adab909-eb8f-4baf-9eed-7a4cc889cb7c,84:C8:A0:8B:BD:3D,JBL BAR 800,-77,1763243920194
55444,1763244231877.0,0adab909-eb8f-4baf-9eed-7a4cc889cb7c,55:0B:EB:E1:E4:9A,,-88,1763244231770
55445,1763244244719.0,0adab909-eb8f-4baf-9eed-7a4cc889cb7c,84:C8:A0:8B:BD:3D,JBL BAR 800,-75,1763244231770
55446,1763244244776.0,0adab909-eb8f-4baf-9eed-7a4cc889cb7c,07:F3:A9:61:96:55,,-73,1763244231770
55447,1763244245622.0,0adab909-eb8f-4baf-9eed-7a4cc889cb7c,FA:BE:02:5B:DA:18,,-77,1763244231770
55448,1763244247643.0,0adab909-eb8f-4baf-9eed-7a4cc889cb7c,07:F3:A9:61:96:55,,-91,1763244231770
55449,1763244833147.0,0adab909-eb8f-4baf-9eed-7a4cc889cb7c,55:0B:EB:E1:E4:9A,,-80,1763244831731
55450,1763244834372.0,0adab909-eb8f-4baf-9eed-7a4cc889cb7c,7B:3D:A2:4F:0D:CF,,-90,1763244831731
55451,1763244845696.0,0adab909-eb8f-4baf-9eed-7a4cc889cb7c,84:C8:A0:8B:BD:3D,JBL BAR 800,-82,1763244831731
55452,1763245432899.0,0adab909-eb8f-4baf-9eed-7a4cc889cb7c,55:0B:EB:E1:E4:9A,,-81,1763245431799
55453,1763245433876.0,0adab909-eb8f-4baf-9eed-7a4cc889cb7c,7B:3D:A2:4F:0D:CF,,-91,1763245431799
55454,1763245444717.0,0adab909-eb8f-4baf-9eed-7a4cc889cb7c,55:0B:EB:E1:E4:9A,,-80,1763245431799
55455,1763245445839.0,0adab909-eb8f-4baf-9eed-7a4cc889cb7c,84:C8:A0:8B:BD:3D,JBL BAR 800,-84,1763245431799
55456,1763246032850.0,0adab909-eb8f-4baf-9eed-7a4cc889cb7c,67:3E:3E:E3:E7:34,,-82,1763246031769
55457,1763246033128.0,0adab909-eb8f-4baf-9eed-7a4cc889cb7c,5C:F8:A7:EE:CB:FE,,-90,1763246031769
55458,1763246042095.0,0adab909-eb8f-4baf-9eed-7a4cc889cb7c,47:9A:6D:C1:2A:5A,,-90,1763246031769
55459,1763246044754.0,0adab909-eb8f-4baf-9eed-7a4cc889cb7c,84:C8:A0:8B:BD:3D,JBL BAR 800,-85,1763246031769
55460,1763246633190.0,0adab909-eb8f-4baf-9eed-7a4cc889cb7c,5A:88:BF:95:AF:83,,-85,1763246631830
55461,1763246633261.0,0adab909-eb8f-4baf-9eed-7a4cc889cb7c,5C:F8:A7:EE:CB:FE,,-86,1763246631830
55462,1763246644835.0,0adab909-eb8f-4baf-9eed-7a4cc889cb7c,84:C8:A0:8B:BD:3D,JBL BAR 800,-80,1763246631830
55463,1763246646949.0,0adab909-eb8f-4baf-9eed-7a4cc889cb7c,5A:88:BF:95:AF:83,,-90,1763246631830
55464,1763247232468.0,0adab909-eb8f-4baf-9eed-7a4cc889cb7c,56:42:52:81:87:BA,,-89,1763247231703
55465,1763247232494.0,0adab909-eb8f-4baf-9eed-7a4cc889cb7c,6F:5C:C4:4C:33:B3,,-78,1763247231703
55466,1763247237217.0,0adab909-eb8f-4baf-9eed-7a4cc889cb7c,57:F6:FB:7F:1F:A2,,-85,1763247231703
55467,1763247244773.0,0adab909-eb8f-4baf-9eed-7a4cc889cb7c,56:42:52:81:87:BA,,-87,1763247231703
55468,1763247245714.0,0adab909-eb8f-4baf-9eed-7a4cc889cb7c,84:C8:A0:8B:BD:3D,JBL BAR 800,-75,1763247231703
55469,1763247679360.0,0adab909-eb8f-4baf-9eed-7a4cc889cb7c,4C:96:8A:ED:6A:01,SPEN NA,-47,1763247679296
55470,1763247679671.0,0adab909-eb8f-4baf-9eed-7a4cc889cb7c,4C:96:8A:ED:6A:01,SPEN NA,-47,1763247679296
55471,1763247680326.0,0adab909-eb8f-4baf-9eed-7a4cc889cb7c,4C:96:8A:ED:6A:01,SPEN NA,-48,1763247679296
55472,1763247680639.0,0adab909-eb8f-4baf-9eed-7a4cc889cb7c,4C:96:8A:ED:6A:01,SPEN NA,-47,1763247679296
55473,1763247680964.0,0adab909-eb8f-4baf-9eed-7a4cc889cb7c,4C:96:8A:ED:6A:01,SPEN NA,-51,1763247679296
55474,1763247681289.0,0adab909-eb8f-4baf-9eed-7a4cc889cb7c,4C:96:8A:ED:6A:01,SPEN NA,-47,1763247679296
55475,1763247681599.0,0adab909-eb8f-4baf-9eed-7a4cc889cb7c,4C:96:8A:ED:6A:01,SPEN NA,-47,1763247679296
55476,1763247681620.0,0adab909-eb8f-4baf-9eed-7a4cc889cb7c,5C:E2:21:9B:81:44,,-80,1763247679296
55477,1763247682541.0,0adab909-eb8f-4baf-9eed-7a4cc889cb7c,4C:96:8A:ED:6A:01,SPEN NA,-48,1763247679296
55478,1763247683274.0,0adab909-eb8f-4baf-9eed-7a4cc889cb7c,4C:96:8A:ED:6A:01,SPEN NA,-47,1763247679296
55479,1763247683910.0,0adab909-eb8f-4baf-9eed-7a4cc889cb7c,4C:96:8A:ED:6A:01,SPEN NA,-50,1763247679296
55480,1763247684206.0,0adab909-eb8f-4baf-9eed-7a4cc889cb7c,4C:96:8A:ED:6A:01,SPEN NA,-48,1763247679296
55481,1763247685170.0,0adab909-eb8f-4baf-9eed-7a4cc889cb7c,4C:96:8A:ED:6A:01,SPEN NA,-47,1763247679296
55482,1763247685471.0,0adab909-eb8f-4baf-9eed-7a4cc889cb7c,4C:96:8A:ED:6A:01,SPEN NA,-47,1763247679296
55483,1763247685794.0,0adab909-eb8f-4baf-9eed-7a4cc889cb7c,4C:96:8A:ED:6A:01,SPEN NA,-49,1763247679296
55484,1763247686110.0,0adab909-eb8f-4baf-9eed-7a4cc889cb7c,4C:96:8A:ED:6A:01,SPEN NA,-46,1763247679296
55485,1763247686422.0,0adab909-eb8f-4baf-9eed-7a4cc889cb7c,4C:96:8A:ED:6A:01,SPEN NA,-48,1763247679296
55486,1763247686736.0,0adab909-eb8f-4baf-9eed-7a4cc889cb7c,4C:96:8A:ED:6A:01,SPEN NA,-51,1763247679296
55487,1763247687046.0,0adab909-eb8f-4baf-9eed-7a4cc889cb7c,4C:96:8A:ED:6A:01,SPEN NA,-46,1763247679296
55488,1763247687696.0,0adab909-eb8f-4baf-9eed-7a4cc889cb7c,4C:96:8A:ED:6A:01,SPEN NA,-51,1763247679296
55489,1763247688005.0,0adab909-eb8f-4baf-9eed-7a4cc889cb7c,4C:96:8A:ED:6A:01,SPEN NA,-47,1763247679296
55490,1763247688318.0,0adab909-eb8f-4baf-9eed-7a4cc889cb7c,4C:96:8A:ED:6A:01,SPEN NA,-47,1763247679296
55491,1763247689264.0,0adab909-eb8f-4baf-9eed-7a4cc889cb7c,4C:96:8A:ED:6A:01,SPEN NA,-48,1763247679296
55492,1763247689679.0,0adab909-eb8f-4baf-9eed-7a4cc889cb7c,4C:96:8A:ED:6A:01,SPEN NA,-51,1763247679296
55493,1763247690949.0,0adab909-eb8f-4baf-9eed-7a4cc889cb7c,4C:96:8A:ED:6A:01,SPEN NA,-47,1763247679296
55494,1763247691264.0,0adab909-eb8f-4baf-9eed-7a4cc889cb7c,4C:96:8A:ED:6A:01,SPEN NA,-48,1763247679296
55495,1763247691582.0,0adab909-eb8f-4baf-9eed-7a4cc889cb7c,4C:96:8A:ED:6A:01,SPEN NA,-51,1763247679296
55496,1763247691879.0,0adab909-eb8f-4baf-9eed-7a4cc889cb7c,4C:96:8A:ED:6A:01,SPEN NA,-47,1763247679296
55497,1763248435992.0,0adab909-eb8f-4baf-9eed-7a4cc889cb7c,56:08:49:28:F5:09,,-80,1763248431698
55498,1763249033572.0,0adab909-eb8f-4baf-9eed-7a4cc889cb7c,72:2D:56:C3:B5:CA,,-80,1763249031267
55499,1763249636481.0,0adab909-eb8f-4baf-9eed-7a4cc889cb7c,60:08:5A:51:39:AE,,-81,1763249631266
55500,1763250089719.0,0adab909-eb8f-4baf-9eed-7a4cc889cb7c,6D:0A:DF:F5:CF:E0,,-83,1763250087096
55501,1763250827643.0,0adab909-eb8f-4baf-9eed-7a4cc889cb7c,79:1A:AF:04:A9:FE,,-78,1763250826210
55502,1763250829454.0,0adab909-eb8f-4baf-9eed-7a4cc889cb7c,7E:57:E9:54:D2:D6,,-86,1763250826210
55503,1763251317443.0,0adab909-eb8f-4baf-9eed-7a4cc889cb7c,44:54:77:90:76:08,,-85,1763251317422
55504,1763251318498.0,0adab909-eb8f-4baf-9eed-7a4cc889cb7c,65:A3:CE:A5:D4:71,,-82,1763251317422
55505,1763251328769.0,0adab909-eb8f-4baf-9eed-7a4cc889cb7c,6D:47:31:25:3F:09,,-88,1763251317422
55506,1763252028489.0,0adab909-eb8f-4baf-9eed-7a4cc889cb7c,5E:4A:26:51:31:F9,,-78,1763252028017
55507,1763252029060.0,0adab909-eb8f-4baf-9eed-7a4cc889cb7c,44:54:77:90:76:08,,-89,1763252028017
55508,1763252828455.0,0adab909-eb8f-4baf-9eed-7a4cc889cb7c,56:F5:4F:35:C2:D4,,-80,1763252827081
55509,1763252832648.0,0adab909-eb8f-4baf-9eed-7a4cc889cb7c,7A:E0:40:BC:84:21,,-87,1763252827081
55510,1763252839350.0,0adab909-eb8f-4baf-9eed-7a4cc889cb7c,62:34:4F:90:C2:82,,-85,1763252827081
55511,1763253128680.0,0adab909-eb8f-4baf-9eed-7a4cc889cb7c,65:E7:8E:1E:D4:9C,,-85,1763253126687
55512,1763253132532.0,0adab909-eb8f-4baf-9eed-7a4cc889cb7c,62:34:4F:90:C2:82,,-84,1763253126687
55513,1763253135417.0,0adab909-eb8f-4baf-9eed-7a4cc889cb7c,7A:E0:40:BC:84:21,,-88,1763253126687
55514,1763253727414.0,0adab909-eb8f-4baf-9eed-7a4cc889cb7c,67:28:F1:E7:E3:BC,,-81,1763253726694
55515,1763254327423.0,0adab909-eb8f-4baf-9eed-7a4cc889cb7c,7C:86:75:96:2E:A6,,-90,1763254326675
55516,1763254328431.0,0adab909-eb8f-4baf-9eed-7a4cc889cb7c,5F:41:AE:3B:27:49,,-84,1763254326675
55517,1763255024823.0,0adab909-eb8f-4baf-9eed-7a4cc889cb7c,7C:86:75:96:2E:A6,,-88,1763255024749
55518,1763255025814.0,0adab909-eb8f-4baf-9eed-7a4cc889cb7c,7A:88:22:D5:E5:11,,-89,1763255024749
55519,1763255625409.0,0adab909-eb8f-4baf-9eed-7a4cc889cb7c,4D:A7:1C:BB:A1:CF,,-83,1763255624611
55520,1763255634592.0,0adab909-eb8f-4baf-9eed-7a4cc889cb7c,6F:A4:86:52:F4:BE,,-84,1763255624611
55521,1763256125358.0,0adab909-eb8f-4baf-9eed-7a4cc889cb7c,54:B9:CA:30:37:5A,,-91,1763256122671
55522,1763256125381.0,0adab909-eb8f-4baf-9eed-7a4cc889cb7c,61:13:52:08:7D:4B,,-84,1763256122671
55523,1763256906920.0,0adab909-eb8f-4baf-9eed-7a4cc889cb7c,45:D7:7E:7F:38:B2,,-84,1763256905581
55524,1763257507686.0,0adab909-eb8f-4baf-9eed-7a4cc889cb7c,66:FB:B1:1B:32:47,,-88,1763257505636
55525,1763258107331.0,0adab909-eb8f-4baf-9eed-7a4cc889cb7c,77:71:D2:F4:9A:E3,,-84,1763258105571
55526,1763258107349.0,0adab909-eb8f-4baf-9eed-7a4cc889cb7c,41:AC:D6:3F:5D:55,,-87,1763258105571
55527,1763258521712.0,0adab909-eb8f-4baf-9eed-7a4cc889cb7c,4B:A9:CF:51:ED:A1,,-84,1763258521092
55528,1763258522692.0,0adab909-eb8f-4baf-9eed-7a4cc889cb7c,5B:3E:CC:2E:CB:B3,,-86,1763258521092
55529,1763258524949.0,0adab909-eb8f-4baf-9eed-7a4cc889cb7c,45:7E:41:21:BB:18,,-90,1763258521092
55530,1763259311163.0,0adab909-eb8f-4baf-9eed-7a4cc889cb7c,7B:42:58:1F:EB:22,,-88,1763259309464
55531,1763259313142.0,0adab909-eb8f-4baf-9eed-7a4cc889cb7c,59:40:E6:53:FC:13,,-84,1763259309464
55532,1763259911627.0,0adab909-eb8f-4baf-9eed-7a4cc889cb7c,7B:42:58:1F:EB:22,,-88,1763259910618
55533,1763259912312.0,0adab909-eb8f-4baf-9eed-7a4cc889cb7c,52:43:75:86:01:31,,-88,1763259910618
55534,1763259916419.0,0adab909-eb8f-4baf-9eed-7a4cc889cb7c,74:97:33:57:FB:09,,-88,1763259910618
55535,1763260445641.0,0adab909-eb8f-4baf-9eed-7a4cc889cb7c,4E:0E:8B:19:7D:B7,,-84,1763260442578
55536,1763260446943.0,0adab909-eb8f-4baf-9eed-7a4cc889cb7c,5F:5B:C9:17:B2:AC,,-86,1763260442578
55537,1763261043312.0,0adab909-eb8f-4baf-9eed-7a4cc889cb7c,6F:07:34:F1:83:31,,-85,1763261042617
55538,1763261043609.0,0adab909-eb8f-4baf-9eed-7a4cc889cb7c,42:0D:78:AB:94:5B,,-83,1763261042617
55539,1763261517611.0,0adab909-eb8f-4baf-9eed-7a4cc889cb7c,51:28:DE:80:61:2C,,-86,1763261515567
55540,1763261520526.0,0adab909-eb8f-4baf-9eed-7a4cc889cb7c,42:0D:78:AB:94:5B,,-89,1763261515567
55541,1763262344461.0,0adab909-eb8f-4baf-9eed-7a4cc889cb7c,51:ED:31:A6:ED:68,,-87,1763262340643
55542,1763262943548.0,0adab909-eb8f-4baf-9eed-7a4cc889cb7c,76:DC:AA:34:E6:22,,-86,1763262941517
55543,1763262953269.0,0adab909-eb8f-4baf-9eed-7a4cc889cb7c,79:1D:27:9B:26:25,,-88,1763262941517
55544,1763263540612.0,0adab909-eb8f-4baf-9eed-7a4cc889cb7c,79:1D:27:9B:26:25,,-88,1763263540567
55545,1763263540996.0,0adab909-eb8f-4baf-9eed-7a4cc889cb7c,56:7B:C3:61:E0:14,,-85,1763263540567
55546,1763264323567.0,0adab909-eb8f-4baf-9eed-7a4cc889cb7c,70:68:C3:CB:20:EF,,-87,1763264320570
55547,1763265234678.0,0adab909-eb8f-4baf-9eed-7a4cc889cb7c,67:10:41:FF:8B:A1,,-91,1763265233848
55548,1763265834626.0,0adab909-eb8f-4baf-9eed-7a4cc889cb7c,67:10:41:FF:8B:A1,,-88,1763265833908
55549,1763265844939.0,0adab909-eb8f-4baf-9eed-7a4cc889cb7c,5D:F2:B6:59:C6:ED,,-89,1763265833908
55550,1763266365519.0,0adab909-eb8f-4baf-9eed-7a4cc889cb7c,54:F3:D2:3F:88:2D,,-85,1763266364517
55551,1763267015529.0,0adab909-eb8f-4baf-9eed-7a4cc889cb7c,4D:37:0D:AC:E9:17,,-84,1763267012504
55552,1763267566867.0,0adab909-eb8f-4baf-9eed-7a4cc889cb7c,4D:37:0D:AC:E9:17,,-91,1763267564505
55553,1763268168543.0,0adab909-eb8f-4baf-9eed-7a4cc889cb7c,62:2F:B3:3D:6B:26,,-82,1763268164568
55554,1763268701549.0,0adab909-eb8f-4baf-9eed-7a4cc889cb7c,62:2F:B3:3D:6B:26,,-82,1763268696778
55555,1763269301881.0,0adab909-eb8f-4baf-9eed-7a4cc889cb7c,5B:3F:60:F4:5C:28,,-88,1763269296979
55556,1763270322620.0,0adab909-eb8f-4baf-9eed-7a4cc889cb7c,7B:F1:34:9B:C0:87,,-87,1763270321515
55557,1763270641863.0,0adab909-eb8f-4baf-9eed-7a4cc889cb7c,53:44:EB:57:89:B8,,-83,1763270641508
55558,1763271252146.0,0adab909-eb8f-4baf-9eed-7a4cc889cb7c,53:44:EB:57:89:B8,,-82,1763271241476
55559,1763271739734.0,0adab909-eb8f-4baf-9eed-7a4cc889cb7c,5F:C7:C4:2D:DB:C0,,-81,1763271733475
55560,1763272287552.0,0adab909-eb8f-4baf-9eed-7a4cc889cb7c,75:6F:A6:AE:71:6D,,-91,1763272286879
55561,1763272289154.0,0adab909-eb8f-4baf-9eed-7a4cc889cb7c,5F:C7:C4:2D:DB:C0,,-79,1763272286879
55562,1763272890139.0,0adab909-eb8f-4baf-9eed-7a4cc889cb7c,76:37:11:CE:00:2E,,-89,1763272887506
55563,1763272891111.0,0adab909-eb8f-4baf-9eed-7a4cc889cb7c,75:6F:A6:AE:71:6D,,-87,1763272887506
55564,1763273487234.0,0adab909-eb8f-4baf-9eed-7a4cc889cb7c,7C:AD:6F:7F:81:AD,,-86,1763273486712
55565,1763274089234.0,0adab909-eb8f-4baf-9eed-7a4cc889cb7c,7C:AD:6F:7F:81:AD,,-88,1763274088086
55566,1763274089249.0,0adab909-eb8f-4baf-9eed-7a4cc889cb7c,50:F1:D6:BC:4F:C3,,-90,1763274088086
55567,1763275521569.0,0adab909-eb8f-4baf-9eed-7a4cc889cb7c,42:33:6E:12:EB:95,,-84,1763275519754
55568,1763275942161.0,0adab909-eb8f-4baf-9eed-7a4cc889cb7c,02:9A:D5:D9:2D:FA,,-92,1763275941772
55569,1763275942183.0,0adab909-eb8f-4baf-9eed-7a4cc889cb7c,77:A8:70:27:7B:3F,,-86,1763275941772
55570,1763276474169.0,0adab909-eb8f-4baf-9eed-7a4cc889cb7c,77:A8:70:27:7B:3F,,-89,1763276473451
55571,1763277072862.0,0adab909-eb8f-4baf-9eed-7a4cc889cb7c,54:0C:C9:7B:0D:31,,-84,1763277072432
55572,1763277673852.0,0adab909-eb8f-4baf-9eed-7a4cc889cb7c,65:A6:33:93:AE:D6,,-77,1763277673662
55573,1763277728146.0,0adab909-eb8f-4baf-9eed-7a4cc889cb7c,65:A6:33:93:AE:D6,,-74,1763277673662
55574,1763277728182.0,0adab909-eb8f-4baf-9eed-7a4cc889cb7c,84:C8:A0:8B:BD:3D,JBL BAR 800,-80,1763277673662
55575,1763278559499.0,0adab909-eb8f-4baf-9eed-7a4cc889cb7c,65:A6:33:93:AE:D6,,-78,1763278559411
55576,1763279003663.0,0adab909-eb8f-4baf-9eed-7a4cc889cb7c,64:D1:9B:59:ED:59,,-89,1763279002285
55577,1763279015354.0,0adab909-eb8f-4baf-9eed-7a4cc889cb7c,84:C8:A0:8B:BD:3D,JBL BAR 800,-82,1763279002285
55578,1763279015490.0,0adab909-eb8f-4baf-9eed-7a4cc889cb7c,C0:8B:54:8D:92:95,,-85,1763279002285
55579,1763279015641.0,0adab909-eb8f-4baf-9eed-7a4cc889cb7c,20:4D:22:CA:B5:C4,,-88,1763279002285
55580,1763279015813.0,0adab909-eb8f-4baf-9eed-7a4cc889cb7c,6D:B4:20:E6:2E:BE,,-93,1763279002285
55581,1763279015947.0,0adab909-eb8f-4baf-9eed-7a4cc889cb7c,64:D1:9B:59:ED:59,,-89,1763279002285
55582,1763279579688.0,0adab909-eb8f-4baf-9eed-7a4cc889cb7c,E6:68:C6:AB:E4:2D,SumUp 418,-91,1763279575767
55583,1763279580676.0,0adab909-eb8f-4baf-9eed-7a4cc889cb7c,64:D1:9B:59:ED:59,,-81,1763279575767
55584,1763279581569.0,0adab909-eb8f-4baf-9eed-7a4cc889cb7c,4A:56:9B:2B:2F:8F,,-93,1763279575767
55585,1763279589818.0,0adab909-eb8f-4baf-9eed-7a4cc889cb7c,64:D1:9B:59:ED:59,,-86,1763279575767
55586,1763279589885.0,0adab909-eb8f-4baf-9eed-7a4cc889cb7c,32:3F:E6:18:B6:91,,-83,1763279575767
55587,1763280353776.0,0adab909-eb8f-4baf-9eed-7a4cc889cb7c,73:91:B9:BD:B2:3A,,-84,1763280351448
55588,1763280364335.0,0adab909-eb8f-4baf-9eed-7a4cc889cb7c,1C:07:22:D1:09:9B,,-84,1763280351448
55589,1763280364396.0,0adab909-eb8f-4baf-9eed-7a4cc889cb7c,84:C8:A0:8B:BD:3D,JBL BAR 800,-74,1763280351448
55590,1763280364643.0,0adab909-eb8f-4baf-9eed-7a4cc889cb7c,EE:4F:25:B7:57:CA,,-72,1763280351448
55591,1763280953767.0,0adab909-eb8f-4baf-9eed-7a4cc889cb7c,67:9B:A9:09:4A:80,,-93,1763280951345
55592,1763280954677.0,0adab909-eb8f-4baf-9eed-7a4cc889cb7c,73:91:B9:BD:B2:3A,,-86,1763280951345
55593,1763280964324.0,0adab909-eb8f-4baf-9eed-7a4cc889cb7c,84:C8:A0:8B:BD:3D,JBL BAR 800,-78,1763280951345
55594,1763280964366.0,0adab909-eb8f-4baf-9eed-7a4cc889cb7c,73:91:B9:BD:B2:3A,,-85,1763280951345
55595,1763281552551.0,0adab909-eb8f-4baf-9eed-7a4cc889cb7c,5F:3D:2A:9E:2F:BE,,-85,1763281551150
55596,1763281566009.0,0adab909-eb8f-4baf-9eed-7a4cc889cb7c,5F:3D:2A:9E:2F:BE,,-84,1763281551150
55597,1763281566057.0,0adab909-eb8f-4baf-9eed-7a4cc889cb7c,84:C8:A0:8B:BD:3D,JBL BAR 800,-75,1763281551150
55598,1763282151216.0,0adab909-eb8f-4baf-9eed-7a4cc889cb7c,79:49:D4:5F:D7:1E,,-83,1763282151169
55599,1763282163126.0,0adab909-eb8f-4baf-9eed-7a4cc889cb7c,40:3A:F0:89:AA:5E,,-79,1763282151169
55600,1763282164229.0,0adab909-eb8f-4baf-9eed-7a4cc889cb7c,84:C8:A0:8B:BD:3D,JBL BAR 800,-73,1763282151169
55601,1763282165101.0,0adab909-eb8f-4baf-9eed-7a4cc889cb7c,40:3A:F0:89:AA:5E,,-76,1763282151169
55602,1763282165227.0,0adab909-eb8f-4baf-9eed-7a4cc889cb7c,79:49:D4:5F:D7:1E,,-86,1763282151169
55603,1763282167052.0,0adab909-eb8f-4baf-9eed-7a4cc889cb7c,84:C8:A0:8B:BD:3D,JBL BAR 800,-73,1763282151169
55604,1763282752246.0,0adab909-eb8f-4baf-9eed-7a4cc889cb7c,79:49:D4:5F:D7:1E,,-91,1763282751174
55605,1763283351420.0,0adab909-eb8f-4baf-9eed-7a4cc889cb7c,67:53:22:F8:AC:90,,-94,1763283351332
55606,1763283351472.0,0adab909-eb8f-4baf-9eed-7a4cc889cb7c,53:E6:8E:27:7E:96,,127,1763283351332
55607,1763283364267.0,0adab909-eb8f-4baf-9eed-7a4cc889cb7c,84:C8:A0:8B:BD:3D,JBL BAR 800,-82,1763283351332
55608,1763283365405.0,0adab909-eb8f-4baf-9eed-7a4cc889cb7c,67:53:22:F8:AC:90,,-83,1763283351332
55609,1763283952364.0,0adab909-eb8f-4baf-9eed-7a4cc889cb7c,52:5F:74:D1:FE:D7,,-88,1763283951313
55610,1763283966207.0,0adab909-eb8f-4baf-9eed-7a4cc889cb7c,15:1A:35:12:6A:B1,,-88,1763283951313
55611,1763283966250.0,0adab909-eb8f-4baf-9eed-7a4cc889cb7c,84:C8:A0:8B:BD:3D,JBL BAR 800,-75,1763283951313
55612,1763283966298.0,0adab909-eb8f-4baf-9eed-7a4cc889cb7c,52:5F:74:D1:FE:D7,,-85,1763283951313
55613,1763284553029.0,0adab909-eb8f-4baf-9eed-7a4cc889cb7c,5C:ED:48:D3:71:38,,-83,1763284551302
55614,1763284557140.0,0adab909-eb8f-4baf-9eed-7a4cc889cb7c,7D:C0:08:F0:B6:4E,,-84,1763284551302
55615,1763284565341.0,0adab909-eb8f-4baf-9eed-7a4cc889cb7c,5C:ED:48:D3:71:38,,-81,1763284551302
55616,1763284567170.0,0adab909-eb8f-4baf-9eed-7a4cc889cb7c,7D:C0:08:F0:B6:4E,,-84,1763284551302
55617,1763284567191.0,0adab909-eb8f-4baf-9eed-7a4cc889cb7c,84:C8:A0:8B:BD:3D,JBL BAR 800,-85,1763284551302
55618,1763285133387.0,0adab909-eb8f-4baf-9eed-7a4cc889cb7c,55:2D:F1:4F:01:2B,,-86,1763285126251
55619,1763285137721.0,0adab909-eb8f-4baf-9eed-7a4cc889cb7c,53:57:F1:38:82:35,,-77,1763285126251
55620,1763285140176.0,0adab909-eb8f-4baf-9eed-7a4cc889cb7c,07:AB:03:48:11:93,,-87,1763285126251
55621,1763285140230.0,0adab909-eb8f-4baf-9eed-7a4cc889cb7c,D6:8A:DC:1E:D7:67,,-85,1763285126251
55622,1763285764233.0,0adab909-eb8f-4baf-9eed-7a4cc889cb7c,31:59:FD:7D:48:6B,,-86,1763285751249
55623,1763285765291.0,0adab909-eb8f-4baf-9eed-7a4cc889cb7c,84:C8:A0:8B:BD:3D,JBL BAR 800,-84,1763285751249
55624,1763285765342.0,0adab909-eb8f-4baf-9eed-7a4cc889cb7c,53:57:F1:38:82:35,,-82,1763285751249
55625,1763286354086.0,0adab909-eb8f-4baf-9eed-7a4cc889cb7c,61:3B:BA:4F:C0:C2,,-86,1763286352367
55626,1763286356905.0,0adab909-eb8f-4baf-9eed-7a4cc889cb7c,6E:9E:B7:AA:A6:39,,-91,1763286352367
55627,1763287031754.0,0adab909-eb8f-4baf-9eed-7a4cc889cb7c,61:3B:BA:4F:C0:C2,,-85,1763287029113
55628,1763287332139.0,0adab909-eb8f-4baf-9eed-7a4cc889cb7c,4F:90:87:3D:F8:64,,-85,1763287331345
55629,1763288234659.0,0adab909-eb8f-4baf-9eed-7a4cc889cb7c,79:22:8E:01:C2:C4,,-80,1763288230809
55630,1763288532060.0,0adab909-eb8f-4baf-9eed-7a4cc889cb7c,52:25:92:E9:DA:3C,,-92,1763288530398
55631,1763288533719.0,0adab909-eb8f-4baf-9eed-7a4cc889cb7c,79:22:8E:01:C2:C4,,-81,1763288530398
55632,1763289120261.0,0adab909-eb8f-4baf-9eed-7a4cc889cb7c,62:94:A0:DE:B1:8A,,-90,1763289120068
55633,1763289124934.0,0adab909-eb8f-4baf-9eed-7a4cc889cb7c,7E:FF:01:D3:6D:57,,-91,1763289120068
55634,1763289132621.0,0adab909-eb8f-4baf-9eed-7a4cc889cb7c,84:C8:A0:8B:BD:3D,JBL BAR 800,-80,1763289120068
55635,1763289133574.0,0adab909-eb8f-4baf-9eed-7a4cc889cb7c,E8:3F:70:4D:D5:A3,,-77,1763289120068
55636,1763289719351.0,0adab909-eb8f-4baf-9eed-7a4cc889cb7c,62:94:A0:DE:B1:8A,,-89,1763289719033
55637,1763289724506.0,0adab909-eb8f-4baf-9eed-7a4cc889cb7c,7E:FF:01:D3:6D:57,,-83,1763289719033
55638,1763290478371.0,0adab909-eb8f-4baf-9eed-7a4cc889cb7c,CE:F6:92:C3:52:69,,-93,1763290462244
55639,1763291105713.0,0adab909-eb8f-4baf-9eed-7a4cc889cb7c,5E:3D:F5:AD:8C:E2,,-89,1763291104669
55640,1763291107609.0,0adab909-eb8f-4baf-9eed-7a4cc889cb7c,56:D6:66:0D:06:ED,,-90,1763291104669
55641,1763291889718.0,0adab909-eb8f-4baf-9eed-7a4cc889cb7c,5E:3D:F5:AD:8C:E2,,-81,1763291887725
55642,1763291895567.0,0adab909-eb8f-4baf-9eed-7a4cc889cb7c,6B:B5:6C:34:F7:5A,,-84,1763291887725
55643,1763292189103.0,0adab909-eb8f-4baf-9eed-7a4cc889cb7c,5A:73:50:F1:17:DE,,-88,1763292187999
55644,1763292194286.0,0adab909-eb8f-4baf-9eed-7a4cc889cb7c,75:86:3B:9D:18:FB,,-85,1763292187999
55645,1763292836522.0,0adab909-eb8f-4baf-9eed-7a4cc889cb7c,84:C8:A0:8B:BD:3D,JBL BAR 800,-83,1763292823609
55646,1763293320344.0,0adab909-eb8f-4baf-9eed-7a4cc889cb7c,46:7D:C3:37:04:31,,-88,1763293319298
55647,1763293325159.0,0adab909-eb8f-4baf-9eed-7a4cc889cb7c,75:86:3B:9D:18:FB,,-85,1763293319298
55648,1763293903507.0,0adab909-eb8f-4baf-9eed-7a4cc889cb7c,69:BB:36:04:B0:52,,-86,1763293898949
55649,1763293903791.0,0adab909-eb8f-4baf-9eed-7a4cc889cb7c,76:08:DA:F0:EA:44,,-84,1763293898949
55650,1763294698530.0,0adab909-eb8f-4baf-9eed-7a4cc889cb7c,69:BB:36:04:B0:52,,-78,1763294696479
55651,1763294709512.0,0adab909-eb8f-4baf-9eed-7a4cc889cb7c,69:BB:36:04:B0:52,,-83,1763294696479
55652,1763294711400.0,0adab909-eb8f-4baf-9eed-7a4cc889cb7c,84:C8:A0:8B:BD:3D,JBL BAR 800,-74,1763294696479
55653,1763295298739.0,0adab909-eb8f-4baf-9eed-7a4cc889cb7c,73:3B:84:3C:C1:D4,,-93,1763295298274
55654,1763295308305.0,0adab909-eb8f-4baf-9eed-7a4cc889cb7c,43:F2:B5:B0:BF:D4,,-86,1763295298274
55655,1763295325441.0,0adab909-eb8f-4baf-9eed-7a4cc889cb7c,84:C8:A0:8B:BD:3D,JBL BAR 800,-77,1763295298274
